"HH_ID","JTRIP_ID","uid","NUMBER_HH","PERSON_1","PERSON_2","PERSON_3","PERSON_4","PERSON_5","PERSON_6","PERSON_7","PERSON_8","PERSON_9","COMPOSITION","TOUR_ID","JTOUR_ID","finalweight","stops","TOURPURP","DEST_PURP","TRIPMODE","TOURMODE","ORIG_TAZ","DEST_TAZ","TOUROTAZ","TOURDTAZ","DEST_DEP_BIN_RECODE","ORIG_DEP_BIN_RECODE","IS_INBOUND","ANCHOR_DEPART_HOUR","ANCHOR_DEPART_MIN","PERTYPE_1","PERTYPE_2","PERTYPE_3","PERTYPE_4","PERTYPE_5","PERTYPE_6","PERTYPE_7","PERTYPE_8","PERTYPE_9","AGE_1","AGE_2","AGE_3","AGE_4","AGE_5","AGE_6","AGE_7","AGE_8","AGE_9","MAX_AGE"
12,3,"12-3",3,1,2,3,NA,NA,NA,NA,NA,NA,3,3,1,148.7449387,0,9,9,3,3,990,1209,990,1209,32,30,0,17,30,4,1,7,0,0,0,0,0,0,22,29,6,0,0,0,0,0,0,29
12,4,"12-4",3,1,2,3,NA,NA,NA,NA,NA,NA,3,3,1,148.7449387,0,9,0,3,3,1209,990,990,1209,48,32,1,17,30,4,1,7,0,0,0,0,0,0,22,29,6,0,0,0,0,0,0,29
19,1,"19-1",2,1,2,NA,NA,NA,NA,NA,NA,NA,1,2,1,146.79485856,1,1,5,2,2,2765,2699,2765,2743,30,28,0,16,47,1,1,0,0,0,0,0,0,0,60,56,0,0,0,0,0,0,0,60
19,2,"19-2",2,1,2,NA,NA,NA,NA,NA,NA,NA,1,2,1,146.79485856,0,1,1,2,2,2699,2743,2765,2743,35,30,0,16,47,1,1,0,0,0,0,0,0,0,60,56,0,0,0,0,0,0,0,60
19,3,"19-3",2,1,2,NA,NA,NA,NA,NA,NA,NA,1,2,1,146.79485856,1,1,6,2,2,2743,2789,2765,2743,36,35,1,16,47,1,1,0,0,0,0,0,0,0,60,56,0,0,0,0,0,0,0,60
19,4,"19-4",2,1,2,NA,NA,NA,NA,NA,NA,NA,1,2,1,146.79485856,0,1,0,2,2,2789,2765,2765,2743,48,36,1,16,47,1,1,0,0,0,0,0,0,0,60,56,0,0,0,0,0,0,0,60
30,1,"30-1",2,1,2,NA,NA,NA,NA,NA,NA,NA,1,1,1,48.188402524,1,5,5,2,2,2282,2263,2282,2259,16,16,0,10,30,5,5,0,0,0,0,0,0,0,70,70,0,0,0,0,0,0,0,70
30,2,"30-2",2,1,2,NA,NA,NA,NA,NA,NA,NA,1,1,1,48.188402524,1,5,7,2,2,2263,2305,2282,2259,20,16,0,10,30,5,5,0,0,0,0,0,0,0,70,70,0,0,0,0,0,0,0,70
30,3,"30-3",2,1,2,NA,NA,NA,NA,NA,NA,NA,1,1,1,48.188402524,1,5,5,2,2,2305,2307,2282,2259,22,20,0,10,30,5,5,0,0,0,0,0,0,0,70,70,0,0,0,0,0,0,0,70
30,4,"30-4",2,1,2,NA,NA,NA,NA,NA,NA,NA,1,1,1,48.188402524,1,5,5,2,2,2307,2200,2282,2259,24,22,0,10,30,5,5,0,0,0,0,0,0,0,70,70,0,0,0,0,0,0,0,70
30,5,"30-5",2,1,2,NA,NA,NA,NA,NA,NA,NA,1,1,1,48.188402524,0,5,5,2,2,2200,2259,2282,2259,26,24,0,10,30,5,5,0,0,0,0,0,0,0,70,70,0,0,0,0,0,0,0,70
30,6,"30-6",2,1,2,NA,NA,NA,NA,NA,NA,NA,1,1,1,48.188402524,0,5,0,2,2,2259,2282,2282,2259,48,26,1,10,30,5,5,0,0,0,0,0,0,0,70,70,0,0,0,0,0,0,0,70
32,1,"32-1",2,1,2,NA,NA,NA,NA,NA,NA,NA,1,2,1,191.68482354,0,7,7,2,2,2765,2766,2765,2766,37,35,0,20,0,1,1,0,0,0,0,0,0,0,31,44,0,0,0,0,0,0,0,44
32,2,"32-2",2,1,2,NA,NA,NA,NA,NA,NA,NA,1,2,1,191.68482354,0,7,0,2,2,2766,2765,2765,2766,48,37,1,20,0,1,1,0,0,0,0,0,0,0,31,44,0,0,0,0,0,0,0,44
36,1,"36-1",2,1,2,NA,NA,NA,NA,NA,NA,NA,1,2,1,539.0288032,0,6,6,2,2,36,23,36,23,21,15,0,10,15,4,4,0,0,0,0,0,0,0,62,47,0,0,0,0,0,0,0,62
36,2,"36-2",2,1,2,NA,NA,NA,NA,NA,NA,NA,1,2,1,539.0288032,1,6,6,2,2,23,264,36,23,24,21,1,10,15,4,4,0,0,0,0,0,0,0,62,47,0,0,0,0,0,0,0,62
36,3,"36-3",2,1,2,NA,NA,NA,NA,NA,NA,NA,1,2,1,539.0288032,0,6,0,2,2,264,36,36,23,48,24,1,10,15,4,4,0,0,0,0,0,0,0,62,47,0,0,0,0,0,0,0,62
39,1,"39-1",2,1,2,NA,NA,NA,NA,NA,NA,NA,1,1,1,366.195851076,0,9,9,2,2,2222,2336,2222,2336,9,8,0,6,30,5,2,0,0,0,0,0,0,0,75,69,0,0,0,0,0,0,0,75
39,2,"39-2",2,1,2,NA,NA,NA,NA,NA,NA,NA,1,1,1,366.195851076,1,9,7,2,2,2336,2236,2222,2336,9,9,1,6,30,5,2,0,0,0,0,0,0,0,75,69,0,0,0,0,0,0,0,75
39,3,"39-3",2,1,2,NA,NA,NA,NA,NA,NA,NA,1,1,1,366.195851076,0,9,0,2,2,2236,2222,2222,2336,11,9,1,6,30,5,2,0,0,0,0,0,0,0,75,69,0,0,0,0,0,0,0,75
39,4,"39-4",2,2,3,NA,NA,NA,NA,NA,NA,NA,1,3,2,210.269030265,0,5,5,2,2,2222,2214,2222,2214,20,17,0,11,15,2,5,0,0,0,0,0,0,0,69,97,0,0,0,0,0,0,0,97
39,5,"39-5",2,2,3,NA,NA,NA,NA,NA,NA,NA,1,3,2,210.269030265,0,5,0,2,2,2214,2222,2222,2214,48,20,1,11,15,2,5,0,0,0,0,0,0,0,69,97,0,0,0,0,0,0,0,97
43,1,"43-1",2,1,3,NA,NA,NA,NA,NA,NA,NA,3,1,1,45.4232338,1,5,7,2,2,2543,1981,2543,2009,21,20,0,12,30,4,8,0,0,0,0,0,0,0,26,2,0,0,0,0,0,0,0,26
43,2,"43-2",2,1,3,NA,NA,NA,NA,NA,NA,NA,3,1,1,45.4232338,0,5,5,2,2,1981,2009,2543,2009,24,21,0,12,30,4,8,0,0,0,0,0,0,0,26,2,0,0,0,0,0,0,0,26
43,3,"43-3",2,1,3,NA,NA,NA,NA,NA,NA,NA,3,1,1,45.4232338,0,5,0,2,2,2009,2543,2543,2009,48,24,1,12,30,4,8,0,0,0,0,0,0,0,26,2,0,0,0,0,0,0,0,26
44,1,"44-1",2,1,2,NA,NA,NA,NA,NA,NA,NA,1,2,1,29.6033115,0,7,7,2,2,2691,2722,2691,2722,32,29,0,17,0,2,2,0,0,0,0,0,0,0,63,63,0,0,0,0,0,0,0,63
44,2,"44-2",2,1,2,NA,NA,NA,NA,NA,NA,NA,1,2,1,29.6033115,0,7,0,2,2,2722,2691,2691,2722,48,32,1,17,0,2,2,0,0,0,0,0,0,0,63,63,0,0,0,0,0,0,0,63
47,1,"47-1",2,1,2,NA,NA,NA,NA,NA,NA,NA,1,1,1,66.099148781,1,5,5,2,2,2771,2792,2771,2735,16,14,0,9,45,5,5,0,0,0,0,0,0,0,80,80,0,0,0,0,0,0,0,80
47,2,"47-2",2,1,2,NA,NA,NA,NA,NA,NA,NA,1,1,1,66.099148781,0,5,5,2,2,2792,2735,2771,2735,18,16,0,9,45,5,5,0,0,0,0,0,0,0,80,80,0,0,0,0,0,0,0,80
47,3,"47-3",2,1,2,NA,NA,NA,NA,NA,NA,NA,1,1,1,66.099148781,0,5,0,2,2,2735,2771,2771,2735,48,18,1,9,45,5,5,0,0,0,0,0,0,0,80,80,0,0,0,0,0,0,0,80
52,1,"52-1",2,1,2,NA,NA,NA,NA,NA,NA,NA,1,3,1,69.830219871,1,5,7,2,2,925,740,925,886,34,32,0,18,30,5,1,0,0,0,0,0,0,0,66,69,0,0,0,0,0,0,0,69
52,2,"52-2",2,1,2,NA,NA,NA,NA,NA,NA,NA,1,3,1,69.830219871,0,5,5,2,2,740,886,925,886,35,34,0,18,30,5,1,0,0,0,0,0,0,0,66,69,0,0,0,0,0,0,0,69
52,3,"52-3",2,1,2,NA,NA,NA,NA,NA,NA,NA,1,3,1,69.830219871,0,5,0,2,2,886,925,925,886,48,35,1,18,30,5,1,0,0,0,0,0,0,0,66,69,0,0,0,0,0,0,0,69
64,4,"64-4",4,1,3,4,5,NA,NA,NA,NA,NA,3,2,1,28.347860412,0,9,9,3,3,2513,2476,2513,2476,34,31,0,18,15,1,7,8,8,0,0,0,0,0,29,8,4,0,0,0,0,0,0,29
64,5,"64-5",4,1,3,4,5,NA,NA,NA,NA,NA,3,2,1,28.347860412,0,9,0,3,3,2476,2513,2513,2476,48,34,1,18,15,1,7,8,8,0,0,0,0,0,29,8,4,0,0,0,0,0,0,29
73,1,"73-1",2,1,2,NA,NA,NA,NA,NA,NA,NA,1,1,1,30.332203682,0,9,9,2,2,2712,2712,2712,2712,15,12,0,8,45,4,4,0,0,0,0,0,0,0,61,61,0,0,0,0,0,0,0,61
73,2,"73-2",2,1,2,NA,NA,NA,NA,NA,NA,NA,1,1,1,30.332203682,0,9,0,2,2,2712,2712,2712,2712,19,15,1,8,45,4,4,0,0,0,0,0,0,0,61,61,0,0,0,0,0,0,0,61
73,3,"73-3",2,1,2,NA,NA,NA,NA,NA,NA,NA,1,2,2,30.332203682,0,5,5,2,2,2712,2738,2712,2738,21,19,0,12,5,4,4,0,0,0,0,0,0,0,61,61,0,0,0,0,0,0,0,61
73,4,"73-4",2,1,2,NA,NA,NA,NA,NA,NA,NA,1,2,2,30.332203682,0,5,0,2,2,2738,2712,2712,2738,48,21,1,12,5,4,4,0,0,0,0,0,0,0,61,61,0,0,0,0,0,0,0,61
74,1,"74-1",2,1,2,NA,NA,NA,NA,NA,NA,NA,1,1,0,30.190961745,0,NA,6,2,NA,2543,2029,NA,NA,18,16,0,NA,NA,2,1,0,0,0,0,0,0,0,40,40,0,0,0,0,0,0,0,40
74,2,"74-2",2,1,2,NA,NA,NA,NA,NA,NA,NA,1,1,0,30.190961745,1,NA,6,2,NA,2029,1006,NA,NA,21,18,1,NA,NA,2,1,0,0,0,0,0,0,0,40,40,0,0,0,0,0,0,0,40
74,3,"74-3",2,1,2,NA,NA,NA,NA,NA,NA,NA,1,1,0,30.190961745,1,NA,5,2,NA,1006,995,NA,NA,22,21,1,NA,NA,2,1,0,0,0,0,0,0,0,40,40,0,0,0,0,0,0,0,40
74,4,"74-4",2,1,2,NA,NA,NA,NA,NA,NA,NA,1,1,0,30.190961745,1,NA,7,2,NA,995,998,NA,NA,24,22,1,NA,NA,2,1,0,0,0,0,0,0,0,40,40,0,0,0,0,0,0,0,40
74,5,"74-5",2,1,2,NA,NA,NA,NA,NA,NA,NA,1,1,0,30.190961745,1,NA,5,2,NA,998,1981,NA,NA,26,24,1,NA,NA,2,1,0,0,0,0,0,0,0,40,40,0,0,0,0,0,0,0,40
74,6,"74-6",2,1,2,NA,NA,NA,NA,NA,NA,NA,1,1,0,30.190961745,0,NA,0,2,NA,1981,2543,NA,NA,48,26,1,NA,NA,2,1,0,0,0,0,0,0,0,40,40,0,0,0,0,0,0,0,40
86,1,"86-1",2,1,2,NA,NA,NA,NA,NA,NA,NA,1,1,1,127.948923297,0,6,6,2,2,509,538,509,538,24,22,0,13,45,5,5,0,0,0,0,0,0,0,70,70,0,0,0,0,0,0,0,70
86,2,"86-2",2,1,2,NA,NA,NA,NA,NA,NA,NA,1,1,1,127.948923297,0,6,0,2,2,538,509,509,538,48,24,1,13,45,5,5,0,0,0,0,0,0,0,70,70,0,0,0,0,0,0,0,70
98,1,"98-1",2,3,4,NA,NA,NA,NA,NA,NA,NA,2,1,1,142.0041532,0,3,3,4,4,973,972,973,972,25,10,0,7,55,7,7,0,0,0,0,0,0,0,9,8,0,0,0,0,0,0,0,9
98,2,"98-2",2,3,4,NA,NA,NA,NA,NA,NA,NA,2,1,1,142.0041532,0,3,0,4,4,972,973,973,972,48,25,1,7,55,7,7,0,0,0,0,0,0,0,9,8,0,0,0,0,0,0,0,9
110,1,"110-1",2,1,2,NA,NA,NA,NA,NA,NA,NA,1,1,1,860.560221465,0,7,7,2,2,1213,1002,1213,1002,35,32,0,18,45,1,2,0,0,0,0,0,0,0,62,62,0,0,0,0,0,0,0,62
110,2,"110-2",2,1,2,NA,NA,NA,NA,NA,NA,NA,1,1,1,860.560221465,0,7,0,2,2,1002,1213,1213,1002,48,35,1,18,45,1,2,0,0,0,0,0,0,0,62,62,0,0,0,0,0,0,0,62
115,1,"115-1",2,1,3,NA,NA,NA,NA,NA,NA,NA,3,1,1,45.4232338,0,5,5,2,2,2672,2654,2672,2654,24,23,0,14,0,4,8,0,0,0,0,0,0,0,25,0,0,0,0,0,0,0,0,25
115,2,"115-2",2,1,3,NA,NA,NA,NA,NA,NA,NA,3,1,1,45.4232338,0,5,0,2,2,2654,2672,2672,2654,48,24,1,14,0,4,8,0,0,0,0,0,0,0,25,0,0,0,0,0,0,0,0,25
117,1,"117-1",2,3,4,NA,NA,NA,NA,NA,NA,NA,2,1,0,211.4651264,0,NA,3,4,NA,134,134,NA,NA,26,10,0,NA,NA,7,7,0,0,0,0,0,0,0,9,8,0,0,0,0,0,0,0,9
117,2,"117-2",2,3,4,NA,NA,NA,NA,NA,NA,NA,2,1,0,211.4651264,0,NA,0,4,NA,134,134,NA,NA,48,26,1,NA,NA,7,7,0,0,0,0,0,0,0,9,8,0,0,0,0,0,0,0,9
119,1,"119-1",2,1,2,NA,NA,NA,NA,NA,NA,NA,1,1,1,19.414602585,1,9,4,2,3,2745,2745,2745,160,27,27,0,16,10,1,5,0,0,0,0,0,0,0,64,66,0,0,0,0,0,0,0,66
119,2,"119-2",2,1,2,NA,NA,NA,NA,NA,NA,NA,1,1,1,19.414602585,0,9,9,3,3,2745,160,2745,160,37,27,0,16,10,1,5,0,0,0,0,0,0,0,64,66,0,0,0,0,0,0,0,66
119,3,"119-3",2,1,2,NA,NA,NA,NA,NA,NA,NA,1,1,1,19.414602585,1,9,4,3,3,160,2745,2745,160,40,37,1,16,10,1,5,0,0,0,0,0,0,0,64,66,0,0,0,0,0,0,0,66
119,4,"119-4",2,1,2,NA,NA,NA,NA,NA,NA,NA,1,1,1,19.414602585,0,9,0,2,3,2745,2745,2745,160,48,40,1,16,10,1,5,0,0,0,0,0,0,0,64,66,0,0,0,0,0,0,0,66
128,1,"128-1",2,1,3,NA,NA,NA,NA,NA,NA,NA,3,1,1,199.9767128,0,9,9,2,2,2742,2742,2742,2742,18,14,0,9,55,4,8,0,0,0,0,0,0,0,35,3,0,0,0,0,0,0,0,35
128,2,"128-2",2,1,3,NA,NA,NA,NA,NA,NA,NA,3,1,1,199.9767128,0,9,0,2,2,2742,2742,2742,2742,48,18,1,9,55,4,8,0,0,0,0,0,0,0,35,3,0,0,0,0,0,0,0,35
131,1,"131-1",2,2,3,NA,NA,NA,NA,NA,NA,NA,3,1,1,74.788334784,1,5,6,2,2,1557,9999,1557,9999,22,21,0,13,23,1,8,0,0,0,0,0,0,0,30,3,0,0,0,0,0,0,0,30
131,2,"131-2",2,2,3,NA,NA,NA,NA,NA,NA,NA,3,1,1,74.788334784,0,5,5,2,2,9999,9999,1557,9999,24,22,0,13,23,1,8,0,0,0,0,0,0,0,30,3,0,0,0,0,0,0,0,30
131,3,"131-3",2,2,3,NA,NA,NA,NA,NA,NA,NA,3,1,1,74.788334784,0,5,0,2,2,9999,1557,1557,9999,48,24,1,13,23,1,8,0,0,0,0,0,0,0,30,3,0,0,0,0,0,0,0,30
137,1,"137-1",2,1,2,NA,NA,NA,NA,NA,NA,NA,1,2,1,630.6973138,0,6,6,2,2,431,422,431,422,26,25,0,15,21,3,4,0,0,0,0,0,0,0,19,56,0,0,0,0,0,0,0,56
137,2,"137-2",2,1,2,NA,NA,NA,NA,NA,NA,NA,1,2,1,630.6973138,0,6,0,2,2,422,431,431,422,27,26,1,15,21,3,4,0,0,0,0,0,0,0,19,56,0,0,0,0,0,0,0,56
137,3,"137-3",2,1,2,NA,NA,NA,NA,NA,NA,NA,1,3,2,630.6973138,0,6,6,2,2,431,439,431,439,27,27,0,16,1,3,4,0,0,0,0,0,0,0,19,56,0,0,0,0,0,0,0,56
137,4,"137-4",2,1,2,NA,NA,NA,NA,NA,NA,NA,1,3,2,630.6973138,0,6,0,2,2,439,431,431,439,34,27,1,16,1,3,4,0,0,0,0,0,0,0,19,56,0,0,0,0,0,0,0,56
139,1,"139-1",2,1,2,NA,NA,NA,NA,NA,NA,NA,1,1,1,87.686622135,0,9,9,2,2,1007,1879,1007,1879,19,15,0,10,5,1,4,0,0,0,0,0,0,0,62,62,0,0,0,0,0,0,0,62
139,2,"139-2",2,1,2,NA,NA,NA,NA,NA,NA,NA,1,1,1,87.686622135,1,9,5,2,2,1879,1009,1007,1879,20,19,1,10,5,1,4,0,0,0,0,0,0,0,62,62,0,0,0,0,0,0,0,62
139,3,"139-3",2,1,2,NA,NA,NA,NA,NA,NA,NA,1,1,1,87.686622135,1,9,7,2,2,1009,1010,1007,1879,20,20,1,10,5,1,4,0,0,0,0,0,0,0,62,62,0,0,0,0,0,0,0,62
139,4,"139-4",2,1,2,NA,NA,NA,NA,NA,NA,NA,1,1,1,87.686622135,0,9,0,2,2,1010,1007,1007,1879,39,20,1,10,5,1,4,0,0,0,0,0,0,0,62,62,0,0,0,0,0,0,0,62
139,5,"139-5",2,1,2,NA,NA,NA,NA,NA,NA,NA,1,2,2,87.686622135,0,5,5,2,2,1007,1021,1007,1021,39,39,0,22,3,1,4,0,0,0,0,0,0,0,62,62,0,0,0,0,0,0,0,62
139,6,"139-6",2,1,2,NA,NA,NA,NA,NA,NA,NA,1,2,2,87.686622135,0,5,0,2,2,1021,1007,1007,1021,48,39,1,22,3,1,4,0,0,0,0,0,0,0,62,62,0,0,0,0,0,0,0,62
141,5,"141-5",4,1,2,3,4,NA,NA,NA,NA,NA,3,2,1,192.644836832,1,9,5,5,5,795,795,795,850,34,33,0,19,15,1,2,8,7,0,0,0,0,0,40,39,4,7,0,0,0,0,0,40
141,6,"141-6",4,1,2,3,4,NA,NA,NA,NA,NA,3,2,1,192.644836832,0,9,9,5,5,795,850,795,850,35,34,0,19,15,1,2,8,7,0,0,0,0,0,40,39,4,7,0,0,0,0,0,40
141,7,"141-7",4,1,2,3,4,NA,NA,NA,NA,NA,3,2,1,192.644836832,0,9,0,5,5,850,795,795,850,48,35,1,19,15,1,2,8,7,0,0,0,0,0,40,39,4,7,0,0,0,0,0,40
145,1,"145-1",2,1,2,NA,NA,NA,NA,NA,NA,NA,1,2,1,65.95365,0,7,7,3,3,1442,1436,1442,1436,20,19,0,12,0,1,1,0,0,0,0,0,0,0,31,36,0,0,0,0,0,0,0,36
145,2,"145-2",2,1,2,NA,NA,NA,NA,NA,NA,NA,1,2,1,65.95365,1,7,7,4,3,1436,1436,1442,1436,20,20,1,12,0,1,1,0,0,0,0,0,0,0,31,36,0,0,0,0,0,0,0,36
145,3,"145-3",2,1,2,NA,NA,NA,NA,NA,NA,NA,1,2,1,65.95365,0,7,1,3,3,1436,1442,1442,1436,30,20,1,12,0,1,1,0,0,0,0,0,0,0,31,36,0,0,0,0,0,0,0,36
150,1,"150-1",2,1,2,NA,NA,NA,NA,NA,NA,NA,1,1,1,32.6883375,1,6,6,2,2,1187,1162,1187,1187,12,11,0,8,10,5,5,0,0,0,0,0,0,0,72,75,0,0,0,0,0,0,0,75
150,2,"150-2",2,1,2,NA,NA,NA,NA,NA,NA,NA,1,1,1,32.6883375,1,6,7,2,2,1162,1162,1187,1187,14,12,0,8,10,5,5,0,0,0,0,0,0,0,72,75,0,0,0,0,0,0,0,75
150,3,"150-3",2,1,2,NA,NA,NA,NA,NA,NA,NA,1,1,1,32.6883375,1,6,6,2,2,1162,1158,1187,1187,14,14,0,8,10,5,5,0,0,0,0,0,0,0,72,75,0,0,0,0,0,0,0,75
150,4,"150-4",2,1,2,NA,NA,NA,NA,NA,NA,NA,1,1,1,32.6883375,0,6,6,2,2,1158,1187,1187,1187,16,14,0,8,10,5,5,0,0,0,0,0,0,0,72,75,0,0,0,0,0,0,0,75
150,5,"150-5",2,1,2,NA,NA,NA,NA,NA,NA,NA,1,1,1,32.6883375,0,6,0,2,2,1187,1187,1187,1187,21,16,1,8,10,5,5,0,0,0,0,0,0,0,72,75,0,0,0,0,0,0,0,75
163,5,"163-5",3,1,3,4,NA,NA,NA,NA,NA,NA,3,3,1,40.4657865,0,4,4,3,3,2467,2281,2467,2281,31,28,0,16,42,4,8,8,0,0,0,0,0,0,34,5,3,0,0,0,0,0,0,34
163,6,"163-6",3,1,3,4,NA,NA,NA,NA,NA,NA,3,3,1,40.4657865,0,4,0,3,3,2281,2467,2467,2281,48,31,1,16,42,4,8,8,0,0,0,0,0,0,34,5,3,0,0,0,0,0,0,34
165,5,"165-5",2,1,3,NA,NA,NA,NA,NA,NA,NA,3,3,1,109.704584764,0,6,6,2,2,2692,1590,2692,1590,27,23,0,14,10,2,7,0,0,0,0,0,0,0,34,12,0,0,0,0,0,0,0,34
165,6,"165-6",2,1,3,NA,NA,NA,NA,NA,NA,NA,3,3,1,109.704584764,1,6,7,2,2,1590,1659,2692,1590,29,27,1,14,10,2,7,0,0,0,0,0,0,0,34,12,0,0,0,0,0,0,0,34
165,7,"165-7",2,1,3,NA,NA,NA,NA,NA,NA,NA,3,3,1,109.704584764,0,6,0,2,2,1659,2692,2692,1590,48,29,1,14,10,2,7,0,0,0,0,0,0,0,34,12,0,0,0,0,0,0,0,34
170,1,"170-1",2,4,5,NA,NA,NA,NA,NA,NA,NA,1,1,1,73.71675381,1,8,7,2,2,2790,2737,2790,454,13,12,0,8,45,1,3,0,0,0,0,0,0,0,22,23,0,0,0,0,0,0,0,23
170,2,"170-2",2,4,5,NA,NA,NA,NA,NA,NA,NA,1,1,1,73.71675381,0,8,8,2,2,2737,454,2790,454,29,13,0,8,45,1,3,0,0,0,0,0,0,0,22,23,0,0,0,0,0,0,0,23
170,3,"170-3",2,4,5,NA,NA,NA,NA,NA,NA,NA,1,1,1,73.71675381,0,8,0,2,2,454,2790,2790,454,48,29,1,8,45,1,3,0,0,0,0,0,0,0,22,23,0,0,0,0,0,0,0,23
177,1,"177-1",2,1,2,NA,NA,NA,NA,NA,NA,NA,1,2,1,145.98308739,0,7,7,2,2,2221,2135,2221,2135,39,37,0,21,5,1,1,0,0,0,0,0,0,0,50,55,0,0,0,0,0,0,0,55
177,2,"177-2",2,1,2,NA,NA,NA,NA,NA,NA,NA,1,2,1,145.98308739,0,7,0,2,2,2135,2221,2221,2135,48,39,1,21,5,1,1,0,0,0,0,0,0,0,50,55,0,0,0,0,0,0,0,55
180,1,"180-1",2,3,4,NA,NA,NA,NA,NA,NA,NA,2,1,1,165.6090012,0,3,3,9,9,244,242,244,242,25,9,0,7,15,7,7,0,0,0,0,0,0,0,13,11,0,0,0,0,0,0,0,13
180,2,"180-2",2,3,4,NA,NA,NA,NA,NA,NA,NA,2,1,1,165.6090012,0,3,0,9,9,242,244,244,242,48,25,1,7,15,7,7,0,0,0,0,0,0,0,13,11,0,0,0,0,0,0,0,13
185,1,"185-1",2,1,2,NA,NA,NA,NA,NA,NA,NA,1,3,1,91.6209565,0,5,5,2,2,373,370,373,370,31,31,0,18,10,4,4,0,0,0,0,0,0,0,55,57,0,0,0,0,0,0,0,57
185,2,"185-2",2,1,2,NA,NA,NA,NA,NA,NA,NA,1,3,1,91.6209565,0,5,0,2,2,370,373,373,370,48,31,1,18,10,4,4,0,0,0,0,0,0,0,55,57,0,0,0,0,0,0,0,57
187,1,"187-1",2,1,2,NA,NA,NA,NA,NA,NA,NA,1,2,1,146.134647225,0,9,9,4,4,2223,2223,2223,2223,17,15,0,10,0,1,3,0,0,0,0,0,0,0,39,36,0,0,0,0,0,0,0,39
187,2,"187-2",2,1,2,NA,NA,NA,NA,NA,NA,NA,1,2,1,146.134647225,0,9,0,4,4,2223,2223,2223,2223,21,17,1,10,0,1,3,0,0,0,0,0,0,0,39,36,0,0,0,0,0,0,0,39
187,3,"187-3",2,1,2,NA,NA,NA,NA,NA,NA,NA,1,3,2,146.134647225,0,2,2,5,5,2223,2153,2223,2153,35,21,0,13,0,1,3,0,0,0,0,0,0,0,39,36,0,0,0,0,0,0,0,39
187,4,"187-4",2,1,2,NA,NA,NA,NA,NA,NA,NA,1,3,2,146.134647225,0,2,0,5,5,2153,2223,2223,2153,48,35,1,13,0,1,3,0,0,0,0,0,0,0,39,36,0,0,0,0,0,0,0,39
198,1,"198-1",2,1,2,NA,NA,NA,NA,NA,NA,NA,1,3,1,73.87144527,1,4,9,2,2,2085,2249,2085,2085,32,30,0,17,59,1,2,0,0,0,0,0,0,0,60,58,0,0,0,0,0,0,0,60
198,2,"198-2",2,1,2,NA,NA,NA,NA,NA,NA,NA,1,3,1,73.87144527,1,4,9,2,2,2249,2249,2085,2085,36,32,0,17,59,1,2,0,0,0,0,0,0,0,60,58,0,0,0,0,0,0,0,60
198,3,"198-3",2,1,2,NA,NA,NA,NA,NA,NA,NA,1,3,1,73.87144527,0,4,4,2,2,2249,2085,2085,2085,48,36,0,17,59,1,2,0,0,0,0,0,0,0,60,58,0,0,0,0,0,0,0,60
205,3,"205-3",2,1,4,NA,NA,NA,NA,NA,NA,NA,3,2,1,52.336405444,0,9,9,2,2,2755,2702,2755,2702,35,30,0,17,45,2,7,0,0,0,0,0,0,0,38,15,0,0,0,0,0,0,0,38
205,4,"205-4",2,1,4,NA,NA,NA,NA,NA,NA,NA,3,2,1,52.336405444,0,9,0,2,2,2702,2755,2755,2702,48,35,1,17,45,2,7,0,0,0,0,0,0,0,38,15,0,0,0,0,0,0,0,38
211,3,"211-3",2,1,2,NA,NA,NA,NA,NA,NA,NA,1,2,1,333.4311165,0,5,5,4,4,39,39,39,39,17,17,0,11,0,4,4,0,0,0,0,0,0,0,42,22,0,0,0,0,0,0,0,42
211,4,"211-4",2,1,2,NA,NA,NA,NA,NA,NA,NA,1,2,1,333.4311165,0,5,0,4,4,39,39,39,39,24,17,1,11,0,4,4,0,0,0,0,0,0,0,42,22,0,0,0,0,0,0,0,42
213,1,"213-1",2,2,3,NA,NA,NA,NA,NA,NA,NA,1,1,1,214.360916953,0,7,7,2,2,1735,1030,1735,1030,27,24,0,14,30,5,5,0,0,0,0,0,0,0,80,80,0,0,0,0,0,0,0,80
213,2,"213-2",2,2,3,NA,NA,NA,NA,NA,NA,NA,1,1,1,214.360916953,0,7,0,2,2,1030,1735,1735,1030,48,27,1,14,30,5,5,0,0,0,0,0,0,0,80,80,0,0,0,0,0,0,0,80
217,1,"217-1",2,1,2,NA,NA,NA,NA,NA,NA,NA,1,1,1,90.333740408,0,5,5,2,2,1735,9999,1735,9999,25,24,0,14,30,5,5,0,0,0,0,0,0,0,67,67,0,0,0,0,0,0,0,67
217,2,"217-2",2,1,2,NA,NA,NA,NA,NA,NA,NA,1,1,1,90.333740408,1,5,6,2,2,9999,9999,1735,9999,26,25,1,14,30,5,5,0,0,0,0,0,0,0,67,67,0,0,0,0,0,0,0,67
217,3,"217-3",2,1,2,NA,NA,NA,NA,NA,NA,NA,1,1,1,90.333740408,1,5,7,2,2,9999,9999,1735,9999,28,26,1,14,30,5,5,0,0,0,0,0,0,0,67,67,0,0,0,0,0,0,0,67
217,4,"217-4",2,1,2,NA,NA,NA,NA,NA,NA,NA,1,1,1,90.333740408,0,5,0,2,2,9999,9999,1735,9999,48,28,1,14,30,5,5,0,0,0,0,0,0,0,67,67,0,0,0,0,0,0,0,67
220,1,"220-1",2,1,2,NA,NA,NA,NA,NA,NA,NA,1,1,1,655.67373207,0,9,9,2,2,1881,1882,1881,1882,8,5,0,5,15,1,1,0,0,0,0,0,0,0,29,32,0,0,0,0,0,0,0,32
220,2,"220-2",2,1,2,NA,NA,NA,NA,NA,NA,NA,1,1,1,655.67373207,0,9,0,2,2,1882,1881,1881,1882,11,8,1,5,15,1,1,0,0,0,0,0,0,0,29,32,0,0,0,0,0,0,0,32
238,1,"238-1",2,1,6,NA,NA,NA,NA,NA,NA,NA,3,1,1,632.206391484,0,5,5,2,2,2742,2741,2742,2741,15,13,0,9,10,1,8,0,0,0,0,0,0,0,46,5,0,0,0,0,0,0,0,46
238,2,"238-2",2,1,6,NA,NA,NA,NA,NA,NA,NA,3,1,1,632.206391484,0,5,0,2,2,2741,2742,2742,2741,28,15,1,9,10,1,8,0,0,0,0,0,0,0,46,5,0,0,0,0,0,0,0,46
239,1,"239-1",2,1,2,NA,NA,NA,NA,NA,NA,NA,1,2,1,173.511644,0,5,5,2,2,2690,2738,2690,2738,32,31,0,18,0,5,5,0,0,0,0,0,0,0,74,73,0,0,0,0,0,0,0,74
239,2,"239-2",2,1,2,NA,NA,NA,NA,NA,NA,NA,1,2,1,173.511644,1,5,5,2,2,2738,2738,2690,2738,33,32,1,18,0,5,5,0,0,0,0,0,0,0,74,73,0,0,0,0,0,0,0,74
239,3,"239-3",2,1,2,NA,NA,NA,NA,NA,NA,NA,1,2,1,173.511644,0,5,0,2,2,2738,2690,2690,2738,48,33,1,18,0,5,5,0,0,0,0,0,0,0,74,73,0,0,0,0,0,0,0,74
240,1,"240-1",2,1,2,NA,NA,NA,NA,NA,NA,NA,1,1,1,389.481690462,0,7,7,2,2,1711,1723,1711,1723,31,28,0,16,40,5,5,0,0,0,0,0,0,0,65,65,0,0,0,0,0,0,0,65
240,2,"240-2",2,1,2,NA,NA,NA,NA,NA,NA,NA,1,1,1,389.481690462,0,7,0,2,2,1723,1711,1711,1723,48,31,1,16,40,5,5,0,0,0,0,0,0,0,65,65,0,0,0,0,0,0,0,65
247,3,"247-3",2,1,4,NA,NA,NA,NA,NA,NA,NA,3,2,1,26.0998347,0,9,9,2,2,2572,2569,2572,2569,34,30,0,17,45,1,7,0,0,0,0,0,0,0,46,13,0,0,0,0,0,0,0,46
247,4,"247-4",2,1,4,NA,NA,NA,NA,NA,NA,NA,3,2,1,26.0998347,0,9,0,2,2,2569,2572,2572,2569,48,34,1,17,45,1,7,0,0,0,0,0,0,0,46,13,0,0,0,0,0,0,0,46
256,5,"256-5",2,1,2,NA,NA,NA,NA,NA,NA,NA,1,3,1,69.819050456,0,9,9,4,4,1239,1239,1239,1239,36,35,0,20,0,1,1,0,0,0,0,0,0,0,40,40,0,0,0,0,0,0,0,40
256,6,"256-6",2,1,2,NA,NA,NA,NA,NA,NA,NA,1,3,1,69.819050456,0,9,0,4,4,1239,1239,1239,1239,48,36,1,20,0,1,1,0,0,0,0,0,0,0,40,40,0,0,0,0,0,0,0,40
257,1,"257-1",2,1,2,NA,NA,NA,NA,NA,NA,NA,1,2,1,66.1173515,1,8,7,3,3,2521,9999,2521,9999,26,20,0,12,45,2,1,0,0,0,0,0,0,0,26,29,0,0,0,0,0,0,0,29
257,2,"257-2",2,1,2,NA,NA,NA,NA,NA,NA,NA,1,2,1,66.1173515,1,8,8,3,3,9999,9999,2521,9999,30,26,0,12,45,2,1,0,0,0,0,0,0,0,26,29,0,0,0,0,0,0,0,29
257,3,"257-3",2,1,2,NA,NA,NA,NA,NA,NA,NA,1,2,1,66.1173515,1,8,5,3,3,9999,9999,2521,9999,31,30,0,12,45,2,1,0,0,0,0,0,0,0,26,29,0,0,0,0,0,0,0,29
257,4,"257-4",2,1,2,NA,NA,NA,NA,NA,NA,NA,1,2,1,66.1173515,0,8,8,3,3,9999,9999,2521,9999,48,31,0,12,45,2,1,0,0,0,0,0,0,0,26,29,0,0,0,0,0,0,0,29
261,1,"261-1",2,2,3,NA,NA,NA,NA,NA,NA,NA,3,1,1,158.704179912,0,1,1,4,4,391,391,391,391,25,11,0,8,0,1,8,0,0,0,0,0,0,0,39,5,0,0,0,0,0,0,0,39
261,2,"261-2",2,2,3,NA,NA,NA,NA,NA,NA,NA,3,1,1,158.704179912,1,1,5,4,4,391,391,391,391,25,25,1,8,0,1,8,0,0,0,0,0,0,0,39,5,0,0,0,0,0,0,0,39
261,3,"261-3",2,2,3,NA,NA,NA,NA,NA,NA,NA,3,1,1,158.704179912,0,1,0,4,4,391,391,391,391,48,25,1,8,0,1,8,0,0,0,0,0,0,0,39,5,0,0,0,0,0,0,0,39
272,1,"272-1",2,1,2,NA,NA,NA,NA,NA,NA,NA,1,2,1,431.813048625,0,5,5,2,2,413,1739,413,1739,33,31,0,18,0,1,5,0,0,0,0,0,0,0,62,65,0,0,0,0,0,0,0,65
272,2,"272-2",2,1,2,NA,NA,NA,NA,NA,NA,NA,1,2,1,431.813048625,0,5,0,2,2,1739,413,413,1739,48,33,1,18,0,1,5,0,0,0,0,0,0,0,62,65,0,0,0,0,0,0,0,65
275,1,"275-1",2,1,3,NA,NA,NA,NA,NA,NA,NA,3,1,1,448.2390366,0,5,5,2,2,2763,2764,2763,2764,22,20,0,12,37,2,8,0,0,0,0,0,0,0,40,2,0,0,0,0,0,0,0,40
275,2,"275-2",2,1,3,NA,NA,NA,NA,NA,NA,NA,3,1,1,448.2390366,1,5,6,2,2,2764,2763,2763,2764,22,22,1,12,37,2,8,0,0,0,0,0,0,0,40,2,0,0,0,0,0,0,0,40
275,3,"275-3",2,1,3,NA,NA,NA,NA,NA,NA,NA,3,1,1,448.2390366,0,5,0,2,2,2763,2763,2763,2764,48,22,1,12,37,2,8,0,0,0,0,0,0,0,40,2,0,0,0,0,0,0,0,40
276,1,"276-1",2,1,2,NA,NA,NA,NA,NA,NA,NA,1,1,1,65.233337692,1,5,6,2,2,2488,9999,2488,9999,23,21,0,13,25,4,5,0,0,0,0,0,0,0,60,70,0,0,0,0,0,0,0,70
276,2,"276-2",2,1,2,NA,NA,NA,NA,NA,NA,NA,1,1,1,65.233337692,1,5,5,2,2,9999,9999,2488,9999,26,23,0,13,25,4,5,0,0,0,0,0,0,0,60,70,0,0,0,0,0,0,0,70
276,3,"276-3",2,1,2,NA,NA,NA,NA,NA,NA,NA,1,1,1,65.233337692,1,5,5,2,2,9999,9999,2488,9999,27,26,0,13,25,4,5,0,0,0,0,0,0,0,60,70,0,0,0,0,0,0,0,70
276,4,"276-4",2,1,2,NA,NA,NA,NA,NA,NA,NA,1,1,1,65.233337692,1,5,5,2,2,9999,9999,2488,9999,28,27,0,13,25,4,5,0,0,0,0,0,0,0,60,70,0,0,0,0,0,0,0,70
276,5,"276-5",2,1,2,NA,NA,NA,NA,NA,NA,NA,1,1,1,65.233337692,0,5,5,2,2,9999,9999,2488,9999,31,28,0,13,25,4,5,0,0,0,0,0,0,0,60,70,0,0,0,0,0,0,0,70
276,6,"276-6",2,1,2,NA,NA,NA,NA,NA,NA,NA,1,1,1,65.233337692,1,5,5,2,2,9999,9999,2488,9999,32,31,1,13,25,4,5,0,0,0,0,0,0,0,60,70,0,0,0,0,0,0,0,70
276,7,"276-7",2,1,2,NA,NA,NA,NA,NA,NA,NA,1,1,1,65.233337692,1,5,5,2,2,9999,2482,2488,9999,34,32,1,13,25,4,5,0,0,0,0,0,0,0,60,70,0,0,0,0,0,0,0,70
276,8,"276-8",2,1,2,NA,NA,NA,NA,NA,NA,NA,1,1,1,65.233337692,1,5,5,2,2,2482,2482,2488,9999,34,34,1,13,25,4,5,0,0,0,0,0,0,0,60,70,0,0,0,0,0,0,0,70
276,9,"276-9",2,1,2,NA,NA,NA,NA,NA,NA,NA,1,1,1,65.233337692,0,5,0,2,2,2482,2488,2488,9999,48,34,1,13,25,4,5,0,0,0,0,0,0,0,60,70,0,0,0,0,0,0,0,70
280,1,"280-1",2,1,2,NA,NA,NA,NA,NA,NA,NA,1,2,1,287.1250522,0,8,8,2,2,799,790,799,790,29,23,0,14,0,4,5,0,0,0,0,0,0,0,40,70,0,0,0,0,0,0,0,70
280,2,"280-2",2,1,2,NA,NA,NA,NA,NA,NA,NA,1,2,1,287.1250522,0,8,0,2,2,790,799,799,790,48,29,1,14,0,4,5,0,0,0,0,0,0,0,40,70,0,0,0,0,0,0,0,70
290,1,"290-1",2,1,2,NA,NA,NA,NA,NA,NA,NA,1,1,1,26.848895369,0,9,9,2,2,2649,2610,2649,2610,18,14,0,9,50,5,5,0,0,0,0,0,0,0,66,66,0,0,0,0,0,0,0,66
290,2,"290-2",2,1,2,NA,NA,NA,NA,NA,NA,NA,1,1,1,26.848895369,1,9,5,2,2,2610,2687,2649,2610,20,18,1,9,50,5,5,0,0,0,0,0,0,0,66,66,0,0,0,0,0,0,0,66
290,3,"290-3",2,1,2,NA,NA,NA,NA,NA,NA,NA,1,1,1,26.848895369,0,9,0,2,2,2687,2649,2649,2610,48,20,1,9,50,5,5,0,0,0,0,0,0,0,66,66,0,0,0,0,0,0,0,66
302,3,"302-3",3,1,2,3,NA,NA,NA,NA,NA,NA,3,3,1,73.9702551,0,8,8,3,3,2423,2472,2423,2472,41,31,0,18,5,4,1,8,0,0,0,0,0,0,33,34,4,0,0,0,0,0,0,34
302,4,"302-4",3,1,2,3,NA,NA,NA,NA,NA,NA,3,3,1,73.9702551,0,8,0,3,3,2472,2423,2423,2472,48,41,1,18,5,4,1,8,0,0,0,0,0,0,33,34,4,0,0,0,0,0,0,34
303,1,"303-1",2,1,2,NA,NA,NA,NA,NA,NA,NA,1,2,1,163.42420576,0,7,7,3,3,868,897,868,897,32,30,0,17,30,5,5,0,0,0,0,0,0,0,80,72,0,0,0,0,0,0,0,80
303,2,"303-2",2,1,2,NA,NA,NA,NA,NA,NA,NA,1,2,1,163.42420576,0,7,0,3,3,897,868,868,897,48,32,1,17,30,5,5,0,0,0,0,0,0,0,80,72,0,0,0,0,0,0,0,80
305,3,"305-3",2,1,2,NA,NA,NA,NA,NA,NA,NA,1,2,1,138.0871386,1,5,6,2,2,2209,2048,2209,2232,28,27,0,16,16,1,1,0,0,0,0,0,0,0,25,26,0,0,0,0,0,0,0,26
305,4,"305-4",2,1,2,NA,NA,NA,NA,NA,NA,NA,1,2,1,138.0871386,0,5,5,2,2,2048,2232,2209,2232,30,28,0,16,16,1,1,0,0,0,0,0,0,0,25,26,0,0,0,0,0,0,0,26
305,5,"305-5",2,1,2,NA,NA,NA,NA,NA,NA,NA,1,2,1,138.0871386,1,5,7,2,2,2232,2232,2209,2232,30,30,1,16,16,1,1,0,0,0,0,0,0,0,25,26,0,0,0,0,0,0,0,26
305,6,"305-6",2,1,2,NA,NA,NA,NA,NA,NA,NA,1,2,1,138.0871386,0,5,0,2,2,2232,2209,2209,2232,48,30,1,16,16,1,1,0,0,0,0,0,0,0,25,26,0,0,0,0,0,0,0,26
310,3,"310-3",2,1,2,NA,NA,NA,NA,NA,NA,NA,1,2,1,37.971081,0,5,5,3,3,2633,2669,2633,2669,30,28,0,16,35,4,2,0,0,0,0,0,0,0,57,52,0,0,0,0,0,0,0,57
310,4,"310-4",2,1,2,NA,NA,NA,NA,NA,NA,NA,1,2,1,37.971081,0,5,0,3,3,2669,2633,2633,2669,48,30,1,16,35,4,2,0,0,0,0,0,0,0,57,52,0,0,0,0,0,0,0,57
315,1,"315-1",2,1,2,NA,NA,NA,NA,NA,NA,NA,1,1,1,97.399241289,0,6,6,2,2,2394,9999,2394,9999,12,10,0,7,52,5,5,0,0,0,0,0,0,0,72,70,0,0,0,0,0,0,0,72
315,2,"315-2",2,1,2,NA,NA,NA,NA,NA,NA,NA,1,1,1,97.399241289,1,6,5,2,2,9999,2389,2394,9999,13,12,1,7,52,5,5,0,0,0,0,0,0,0,72,70,0,0,0,0,0,0,0,72
315,3,"315-3",2,1,2,NA,NA,NA,NA,NA,NA,NA,1,1,1,97.399241289,1,6,6,2,2,2389,2393,2394,9999,13,13,1,7,52,5,5,0,0,0,0,0,0,0,72,70,0,0,0,0,0,0,0,72
315,4,"315-4",2,1,2,NA,NA,NA,NA,NA,NA,NA,1,1,1,97.399241289,1,6,6,2,2,2393,2394,2394,9999,14,13,1,7,52,5,5,0,0,0,0,0,0,0,72,70,0,0,0,0,0,0,0,72
315,5,"315-5",2,1,2,NA,NA,NA,NA,NA,NA,NA,1,1,1,97.399241289,0,6,0,2,2,2394,2394,2394,9999,15,14,1,7,52,5,5,0,0,0,0,0,0,0,72,70,0,0,0,0,0,0,0,72
322,3,"322-3",2,1,2,NA,NA,NA,NA,NA,NA,NA,1,2,1,78.4184748,1,5,5,2,2,2676,2646,2676,2686,13,13,0,9,0,4,1,0,0,0,0,0,0,0,40,42,0,0,0,0,0,0,0,42
322,4,"322-4",2,1,2,NA,NA,NA,NA,NA,NA,NA,1,2,1,78.4184748,1,5,5,4,2,2646,2646,2676,2686,14,13,0,9,0,4,1,0,0,0,0,0,0,0,40,42,0,0,0,0,0,0,0,42
322,5,"322-5",2,1,2,NA,NA,NA,NA,NA,NA,NA,1,2,1,78.4184748,0,5,5,2,2,2646,2686,2676,2686,15,14,0,9,0,4,1,0,0,0,0,0,0,0,40,42,0,0,0,0,0,0,0,42
322,6,"322-6",2,1,2,NA,NA,NA,NA,NA,NA,NA,1,2,1,78.4184748,1,5,6,2,2,2686,2674,2676,2686,16,15,1,9,0,4,1,0,0,0,0,0,0,0,40,42,0,0,0,0,0,0,0,42
322,7,"322-7",2,1,2,NA,NA,NA,NA,NA,NA,NA,1,2,1,78.4184748,1,5,5,2,2,2674,2675,2676,2686,16,16,1,9,0,4,1,0,0,0,0,0,0,0,40,42,0,0,0,0,0,0,0,42
322,8,"322-8",2,1,2,NA,NA,NA,NA,NA,NA,NA,1,2,1,78.4184748,1,5,6,2,2,2675,2642,2676,2686,17,16,1,9,0,4,1,0,0,0,0,0,0,0,40,42,0,0,0,0,0,0,0,42
322,9,"322-9",2,1,2,NA,NA,NA,NA,NA,NA,NA,1,2,1,78.4184748,0,5,0,2,2,2642,2676,2676,2686,22,17,1,9,0,4,1,0,0,0,0,0,0,0,40,42,0,0,0,0,0,0,0,42
323,1,"323-1",2,1,3,NA,NA,NA,NA,NA,NA,NA,3,1,1,307.1394405,0,5,5,2,2,540,529,540,529,14,13,0,9,17,3,8,0,0,0,0,0,0,0,26,1,0,0,0,0,0,0,0,26
323,2,"323-2",2,1,3,NA,NA,NA,NA,NA,NA,NA,3,1,1,307.1394405,0,5,0,2,2,529,540,540,529,28,14,1,9,17,3,8,0,0,0,0,0,0,0,26,1,0,0,0,0,0,0,0,26
342,1,"342-1",2,1,2,NA,NA,NA,NA,NA,NA,NA,1,1,1,153.6302396,0,7,7,2,2,2261,2234,2261,2234,22,20,0,12,35,4,4,0,0,0,0,0,0,0,56,61,0,0,0,0,0,0,0,61
342,2,"342-2",2,1,2,NA,NA,NA,NA,NA,NA,NA,1,1,1,153.6302396,1,7,6,2,2,2234,2243,2261,2234,23,22,1,12,35,4,4,0,0,0,0,0,0,0,56,61,0,0,0,0,0,0,0,61
342,3,"342-3",2,1,2,NA,NA,NA,NA,NA,NA,NA,1,1,1,153.6302396,0,7,0,2,2,2243,2261,2261,2234,48,23,1,12,35,4,4,0,0,0,0,0,0,0,56,61,0,0,0,0,0,0,0,61
350,1,"350-1",2,1,2,NA,NA,NA,NA,NA,NA,NA,1,1,1,106.8560425,1,6,6,2,2,2396,2336,2396,2159,16,13,0,9,5,4,4,0,0,0,0,0,0,0,53,62,0,0,0,0,0,0,0,62
350,2,"350-2",2,1,2,NA,NA,NA,NA,NA,NA,NA,1,1,1,106.8560425,0,6,6,2,2,2336,2159,2396,2159,25,16,0,9,5,4,4,0,0,0,0,0,0,0,53,62,0,0,0,0,0,0,0,62
350,3,"350-3",2,1,2,NA,NA,NA,NA,NA,NA,NA,1,1,1,106.8560425,0,6,0,2,2,2159,2396,2396,2159,48,25,1,9,5,4,4,0,0,0,0,0,0,0,53,62,0,0,0,0,0,0,0,62
360,2,"360-2",2,2,4,NA,NA,NA,NA,NA,NA,NA,3,1,1,162.633533984,0,7,7,2,2,500,505,500,505,21,19,0,12,0,2,8,0,0,0,0,0,0,0,33,4,0,0,0,0,0,0,0,33
360,3,"360-3",2,2,4,NA,NA,NA,NA,NA,NA,NA,3,1,1,162.633533984,0,7,0,2,2,505,500,500,505,25,21,1,12,0,2,8,0,0,0,0,0,0,0,33,4,0,0,0,0,0,0,0,33
369,1,"369-1",2,3,4,NA,NA,NA,NA,NA,NA,NA,3,2,1,374.1140371,0,7,7,2,2,1721,1704,1721,1704,39,36,0,20,42,2,6,0,0,0,0,0,0,0,21,18,0,0,0,0,0,0,0,21
369,2,"369-2",2,3,4,NA,NA,NA,NA,NA,NA,NA,3,2,1,374.1140371,0,7,0,2,2,1704,1721,1721,1704,48,39,1,20,42,2,6,0,0,0,0,0,0,0,21,18,0,0,0,0,0,0,0,21
373,1,"373-1",2,1,2,NA,NA,NA,NA,NA,NA,NA,1,1,1,174.964791,0,1,1,2,2,361,1305,361,1305,24,15,0,10,0,3,3,0,0,0,0,0,0,0,61,58,0,0,0,0,0,0,0,61
373,2,"373-2",2,1,2,NA,NA,NA,NA,NA,NA,NA,1,1,1,174.964791,0,1,0,2,2,1305,361,361,1305,25,24,1,10,0,3,3,0,0,0,0,0,0,0,61,58,0,0,0,0,0,0,0,61
373,3,"373-3",2,1,2,NA,NA,NA,NA,NA,NA,NA,1,2,2,174.964791,0,6,6,2,2,361,433,361,433,28,25,0,15,16,3,3,0,0,0,0,0,0,0,61,58,0,0,0,0,0,0,0,61
373,4,"373-4",2,1,2,NA,NA,NA,NA,NA,NA,NA,1,2,2,174.964791,1,6,5,2,2,433,449,361,433,30,28,1,15,16,3,3,0,0,0,0,0,0,0,61,58,0,0,0,0,0,0,0,61
373,5,"373-5",2,1,2,NA,NA,NA,NA,NA,NA,NA,1,2,2,174.964791,0,6,0,2,2,449,361,361,433,48,30,1,15,16,3,3,0,0,0,0,0,0,0,61,58,0,0,0,0,0,0,0,61
380,1,"380-1",3,1,2,3,NA,NA,NA,NA,NA,NA,3,2,1,251.6315906,0,9,9,5,5,1710,1710,1710,1710,33,31,0,18,0,1,1,8,0,0,0,0,0,0,42,48,1,0,0,0,0,0,0,48
380,2,"380-2",3,1,2,3,NA,NA,NA,NA,NA,NA,3,2,1,251.6315906,0,9,0,5,5,1710,1710,1710,1710,48,33,1,18,0,1,1,8,0,0,0,0,0,0,42,48,1,0,0,0,0,0,0,48
389,3,"389-3",3,2,3,4,NA,NA,NA,NA,NA,NA,3,1,2,884.8054547,0,9,9,4,4,1007,1007,1007,1007,31,29,0,17,15,4,8,8,0,0,0,0,0,0,33,1,1,0,0,0,0,0,0,33
389,4,"389-4",3,2,3,4,NA,NA,NA,NA,NA,NA,3,1,2,884.8054547,0,9,0,4,4,1007,1007,1007,1007,48,31,1,17,15,4,8,8,0,0,0,0,0,0,33,1,1,0,0,0,0,0,0,33
389,1,"389-1",2,3,4,NA,NA,NA,NA,NA,NA,NA,2,1,1,810.7483064,0,9,9,4,4,1007,1007,1007,1007,21,20,0,12,30,8,8,0,0,0,0,0,0,0,1,1,0,0,0,0,0,0,0,1
389,2,"389-2",2,3,4,NA,NA,NA,NA,NA,NA,NA,2,1,1,810.7483064,0,9,0,4,4,1007,1007,1007,1007,29,21,1,12,30,8,8,0,0,0,0,0,0,0,1,1,0,0,0,0,0,0,0,1
392,1,"392-1",2,1,2,NA,NA,NA,NA,NA,NA,NA,1,1,1,264.512133925,1,5,6,2,2,788,792,788,792,29,28,0,16,45,5,5,0,0,0,0,0,0,0,70,75,0,0,0,0,0,0,0,75
392,2,"392-2",2,1,2,NA,NA,NA,NA,NA,NA,NA,1,1,1,264.512133925,1,5,5,2,2,792,825,788,792,30,29,0,16,45,5,5,0,0,0,0,0,0,0,70,75,0,0,0,0,0,0,0,75
392,3,"392-3",2,1,2,NA,NA,NA,NA,NA,NA,NA,1,1,1,264.512133925,1,5,5,2,2,825,830,788,792,31,30,0,16,45,5,5,0,0,0,0,0,0,0,70,75,0,0,0,0,0,0,0,75
392,4,"392-4",2,1,2,NA,NA,NA,NA,NA,NA,NA,1,1,1,264.512133925,1,5,7,2,2,830,854,788,792,32,31,0,16,45,5,5,0,0,0,0,0,0,0,70,75,0,0,0,0,0,0,0,75
392,5,"392-5",2,1,2,NA,NA,NA,NA,NA,NA,NA,1,1,1,264.512133925,0,5,5,2,2,854,792,788,792,34,32,0,16,45,5,5,0,0,0,0,0,0,0,70,75,0,0,0,0,0,0,0,75
392,6,"392-6",2,1,2,NA,NA,NA,NA,NA,NA,NA,1,1,1,264.512133925,0,5,0,2,2,792,788,788,792,48,34,1,16,45,5,5,0,0,0,0,0,0,0,70,75,0,0,0,0,0,0,0,75
399,1,"399-1",2,1,2,NA,NA,NA,NA,NA,NA,NA,1,2,1,108.67163096,0,7,7,2,2,1495,1500,1495,1500,31,29,0,17,0,4,5,0,0,0,0,0,0,0,63,69,0,0,0,0,0,0,0,69
399,2,"399-2",2,1,2,NA,NA,NA,NA,NA,NA,NA,1,2,1,108.67163096,0,7,0,2,2,1500,1495,1495,1500,48,31,1,17,0,4,5,0,0,0,0,0,0,0,63,69,0,0,0,0,0,0,0,69
403,1,"403-1",2,1,2,NA,NA,NA,NA,NA,NA,NA,1,2,1,179.117008245,0,5,5,2,2,2451,2446,2451,2446,22,20,0,12,30,2,5,0,0,0,0,0,0,0,65,68,0,0,0,0,0,0,0,68
403,2,"403-2",2,1,2,NA,NA,NA,NA,NA,NA,NA,1,2,1,179.117008245,0,5,0,2,2,2446,2451,2451,2446,48,22,1,12,30,2,5,0,0,0,0,0,0,0,65,68,0,0,0,0,0,0,0,68
432,1,"432-1",2,1,4,NA,NA,NA,NA,NA,NA,NA,3,2,1,652.7247268,0,9,9,2,2,1206,1200,1206,1200,32,28,0,16,45,1,7,0,0,0,0,0,0,0,43,8,0,0,0,0,0,0,0,43
432,2,"432-2",2,1,4,NA,NA,NA,NA,NA,NA,NA,3,2,1,652.7247268,0,9,0,2,2,1200,1206,1206,1200,48,32,1,16,45,1,7,0,0,0,0,0,0,0,43,8,0,0,0,0,0,0,0,43
433,1,"433-1",2,1,2,NA,NA,NA,NA,NA,NA,NA,1,2,1,48.615726285,1,5,6,3,3,2790,2789,2790,2738,22,21,0,13,15,1,5,0,0,0,0,0,0,0,55,67,0,0,0,0,0,0,0,67
433,2,"433-2",2,1,2,NA,NA,NA,NA,NA,NA,NA,1,2,1,48.615726285,1,5,6,3,3,2789,2789,2790,2738,23,22,0,13,15,1,5,0,0,0,0,0,0,0,55,67,0,0,0,0,0,0,0,67
433,3,"433-3",2,1,2,NA,NA,NA,NA,NA,NA,NA,1,2,1,48.615726285,0,5,5,3,3,2789,2738,2790,2738,24,23,0,13,15,1,5,0,0,0,0,0,0,0,55,67,0,0,0,0,0,0,0,67
433,4,"433-4",2,1,2,NA,NA,NA,NA,NA,NA,NA,1,2,1,48.615726285,1,5,5,3,3,2738,2737,2790,2738,25,24,1,13,15,1,5,0,0,0,0,0,0,0,55,67,0,0,0,0,0,0,0,67
433,5,"433-5",2,1,2,NA,NA,NA,NA,NA,NA,NA,1,2,1,48.615726285,1,5,7,3,3,2737,2790,2790,2738,25,25,1,13,15,1,5,0,0,0,0,0,0,0,55,67,0,0,0,0,0,0,0,67
433,6,"433-6",2,1,2,NA,NA,NA,NA,NA,NA,NA,1,2,1,48.615726285,0,5,0,3,3,2790,2790,2790,2738,48,25,1,13,15,1,5,0,0,0,0,0,0,0,55,67,0,0,0,0,0,0,0,67
437,1,"437-1",2,1,2,NA,NA,NA,NA,NA,NA,NA,1,1,1,352.884688999,0,6,6,2,2,927,470,927,470,18,16,0,10,30,4,2,0,0,0,0,0,0,0,64,66,0,0,0,0,0,0,0,66
437,2,"437-2",2,1,2,NA,NA,NA,NA,NA,NA,NA,1,1,1,352.884688999,0,6,0,2,2,470,927,927,470,21,18,1,10,30,4,2,0,0,0,0,0,0,0,64,66,0,0,0,0,0,0,0,66
443,7,"443-7",2,1,2,NA,NA,NA,NA,NA,NA,NA,1,2,1,36.577324238,1,7,8,2,2,2781,1319,2781,1436,29,25,0,15,15,5,4,0,0,0,0,0,0,0,66,64,0,0,0,0,0,0,0,66
443,8,"443-8",2,1,2,NA,NA,NA,NA,NA,NA,NA,1,2,1,36.577324238,0,7,7,2,2,1319,1436,2781,1436,31,29,0,15,15,5,4,0,0,0,0,0,0,0,66,64,0,0,0,0,0,0,0,66
443,9,"443-9",2,1,2,NA,NA,NA,NA,NA,NA,NA,1,2,1,36.577324238,0,7,0,2,2,1436,2781,2781,1436,48,31,1,15,15,5,4,0,0,0,0,0,0,0,66,64,0,0,0,0,0,0,0,66
444,1,"444-1",2,1,2,NA,NA,NA,NA,NA,NA,NA,1,1,1,135.955631766,0,6,6,2,2,2761,2173,2761,2173,23,15,0,10,0,5,1,0,0,0,0,0,0,0,69,57,0,0,0,0,0,0,0,69
444,2,"444-2",2,1,2,NA,NA,NA,NA,NA,NA,NA,1,1,1,135.955631766,0,6,0,2,2,2173,2761,2761,2173,48,23,1,10,0,5,1,0,0,0,0,0,0,0,69,57,0,0,0,0,0,0,0,69
448,1,"448-1",2,1,2,NA,NA,NA,NA,NA,NA,NA,1,1,1,59.8470988,0,5,5,2,2,2488,9999,2488,9999,18,17,0,11,0,4,4,0,0,0,0,0,0,0,57,22,0,0,0,0,0,0,0,57
448,2,"448-2",2,1,2,NA,NA,NA,NA,NA,NA,NA,1,1,1,59.8470988,1,5,7,2,2,9999,9999,2488,9999,20,18,1,11,0,4,4,0,0,0,0,0,0,0,57,22,0,0,0,0,0,0,0,57
448,3,"448-3",2,1,2,NA,NA,NA,NA,NA,NA,NA,1,1,1,59.8470988,1,5,6,2,2,9999,9999,2488,9999,21,20,1,11,0,4,4,0,0,0,0,0,0,0,57,22,0,0,0,0,0,0,0,57
448,4,"448-4",2,1,2,NA,NA,NA,NA,NA,NA,NA,1,1,1,59.8470988,1,5,5,2,2,9999,9999,2488,9999,23,21,1,11,0,4,4,0,0,0,0,0,0,0,57,22,0,0,0,0,0,0,0,57
448,5,"448-5",2,1,2,NA,NA,NA,NA,NA,NA,NA,1,1,1,59.8470988,0,5,0,2,2,9999,2488,2488,9999,28,23,1,11,0,4,4,0,0,0,0,0,0,0,57,22,0,0,0,0,0,0,0,57
454,1,"454-1",2,3,4,NA,NA,NA,NA,NA,NA,NA,2,1,1,47.7430149,0,3,3,9,9,2761,2786,2761,2786,23,9,0,7,3,7,7,0,0,0,0,0,0,0,15,15,0,0,0,0,0,0,0,15
454,2,"454-2",2,3,4,NA,NA,NA,NA,NA,NA,NA,2,1,1,47.7430149,0,3,0,9,9,2786,2761,2761,2786,48,23,1,7,3,7,7,0,0,0,0,0,0,0,15,15,0,0,0,0,0,0,0,15
462,1,"462-1",2,4,5,NA,NA,NA,NA,NA,NA,NA,2,1,1,78.0310394,0,3,3,9,9,1601,1604,1601,1604,27,12,0,8,40,7,7,0,0,0,0,0,0,0,10,10,0,0,0,0,0,0,0,10
462,2,"462-2",2,4,5,NA,NA,NA,NA,NA,NA,NA,2,1,1,78.0310394,0,3,0,9,9,1604,1601,1601,1604,48,27,1,8,40,7,7,0,0,0,0,0,0,0,10,10,0,0,0,0,0,0,0,10
464,2,"464-2",2,2,3,NA,NA,NA,NA,NA,NA,NA,1,2,1,93.0171665,0,8,8,2,2,2269,2217,2269,2217,26,22,0,13,45,4,3,0,0,0,0,0,0,0,40,40,0,0,0,0,0,0,0,40
464,3,"464-3",2,2,3,NA,NA,NA,NA,NA,NA,NA,1,2,1,93.0171665,0,8,0,2,2,2217,2269,2269,2217,26,26,1,13,45,4,3,0,0,0,0,0,0,0,40,40,0,0,0,0,0,0,0,40
466,1,"466-1",2,1,2,NA,NA,NA,NA,NA,NA,NA,1,1,1,39.515548621,0,7,7,2,2,2584,2668,2584,2668,31,24,0,14,45,5,5,0,0,0,0,0,0,0,68,67,0,0,0,0,0,0,0,68
466,2,"466-2",2,1,2,NA,NA,NA,NA,NA,NA,NA,1,1,1,39.515548621,0,7,0,2,2,2668,2584,2584,2668,48,31,1,14,45,5,5,0,0,0,0,0,0,0,68,67,0,0,0,0,0,0,0,68
471,4,"471-4",2,3,4,NA,NA,NA,NA,NA,NA,NA,1,2,1,275.5570948,0,7,7,2,2,1429,1427,1429,1427,33,33,0,19,0,4,1,0,0,0,0,0,0,0,19,16,0,0,0,0,0,0,0,19
471,5,"471-5",2,3,4,NA,NA,NA,NA,NA,NA,NA,1,2,1,275.5570948,0,7,0,2,2,1427,1429,1429,1427,48,33,1,19,0,4,1,0,0,0,0,0,0,0,19,16,0,0,0,0,0,0,0,19
488,1,"488-1",2,1,2,NA,NA,NA,NA,NA,NA,NA,1,1,1,108.67163096,0,5,5,2,2,1161,1389,1161,1389,19,17,0,11,15,4,5,0,0,0,0,0,0,0,61,75,0,0,0,0,0,0,0,75
488,2,"488-2",2,1,2,NA,NA,NA,NA,NA,NA,NA,1,1,1,108.67163096,1,5,5,4,2,1389,1389,1161,1389,20,19,1,11,15,4,5,0,0,0,0,0,0,0,61,75,0,0,0,0,0,0,0,75
488,3,"488-3",2,1,2,NA,NA,NA,NA,NA,NA,NA,1,1,1,108.67163096,1,5,5,2,2,1389,1411,1161,1389,21,20,1,11,15,4,5,0,0,0,0,0,0,0,61,75,0,0,0,0,0,0,0,75
488,4,"488-4",2,1,2,NA,NA,NA,NA,NA,NA,NA,1,1,1,108.67163096,1,5,5,4,2,1411,1411,1161,1389,21,21,1,11,15,4,5,0,0,0,0,0,0,0,61,75,0,0,0,0,0,0,0,75
488,5,"488-5",2,1,2,NA,NA,NA,NA,NA,NA,NA,1,1,1,108.67163096,1,5,5,2,2,1411,1391,1161,1389,22,21,1,11,15,4,5,0,0,0,0,0,0,0,61,75,0,0,0,0,0,0,0,75
488,6,"488-6",2,1,2,NA,NA,NA,NA,NA,NA,NA,1,1,1,108.67163096,1,5,8,2,2,1391,1189,1161,1389,24,22,1,11,15,4,5,0,0,0,0,0,0,0,61,75,0,0,0,0,0,0,0,75
488,7,"488-7",2,1,2,NA,NA,NA,NA,NA,NA,NA,1,1,1,108.67163096,0,5,0,2,2,1189,1161,1161,1389,48,24,1,11,15,4,5,0,0,0,0,0,0,0,61,75,0,0,0,0,0,0,0,75
523,1,"523-1",3,1,2,3,NA,NA,NA,NA,NA,NA,1,2,1,487.9809511,0,8,8,3,3,284,292,284,292,37,30,0,17,45,4,4,4,0,0,0,0,0,0,50,51,41,0,0,0,0,0,0,51
523,2,"523-2",3,1,2,3,NA,NA,NA,NA,NA,NA,1,2,1,487.9809511,0,8,0,3,3,292,284,284,292,48,37,1,17,45,4,4,4,0,0,0,0,0,0,50,51,41,0,0,0,0,0,0,51
545,3,"545-3",2,1,2,NA,NA,NA,NA,NA,NA,NA,3,3,1,112.7022192,0,9,9,2,2,354,350,354,350,33,31,0,18,15,4,8,0,0,0,0,0,0,0,28,4,0,0,0,0,0,0,0,28
545,4,"545-4",2,1,2,NA,NA,NA,NA,NA,NA,NA,3,3,1,112.7022192,0,9,0,2,2,350,354,354,350,33,33,1,18,15,4,8,0,0,0,0,0,0,0,28,4,0,0,0,0,0,0,0,28
547,1,"547-1",2,1,2,NA,NA,NA,NA,NA,NA,NA,1,5,1,64.841489886,1,7,5,3,3,1619,1621,1619,1621,27,27,0,16,0,5,5,0,0,0,0,0,0,0,68,70,0,0,0,0,0,0,0,70
547,2,"547-2",2,1,2,NA,NA,NA,NA,NA,NA,NA,1,5,1,64.841489886,0,7,7,3,3,1621,1621,1619,1621,32,27,0,16,0,5,5,0,0,0,0,0,0,0,68,70,0,0,0,0,0,0,0,70
547,3,"547-3",2,1,2,NA,NA,NA,NA,NA,NA,NA,1,5,1,64.841489886,0,7,0,2,3,1621,1619,1619,1621,33,32,1,16,0,5,5,0,0,0,0,0,0,0,68,70,0,0,0,0,0,0,0,70
553,1,"553-1",2,1,3,NA,NA,NA,NA,NA,NA,NA,3,1,1,171.3178023,0,5,5,2,2,2077,2307,2077,2307,14,12,0,8,54,1,8,0,0,0,0,0,0,0,37,4,0,0,0,0,0,0,0,37
553,2,"553-2",2,1,3,NA,NA,NA,NA,NA,NA,NA,3,1,1,171.3178023,1,5,6,2,2,2307,2081,2077,2307,15,14,1,8,54,1,8,0,0,0,0,0,0,0,37,4,0,0,0,0,0,0,0,37
553,3,"553-3",2,1,3,NA,NA,NA,NA,NA,NA,NA,3,1,1,171.3178023,1,5,5,2,2,2081,2115,2077,2307,16,15,1,8,54,1,8,0,0,0,0,0,0,0,37,4,0,0,0,0,0,0,0,37
553,4,"553-4",2,1,3,NA,NA,NA,NA,NA,NA,NA,3,1,1,171.3178023,0,5,0,2,2,2115,2077,2077,2307,22,16,1,8,54,1,8,0,0,0,0,0,0,0,37,4,0,0,0,0,0,0,0,37
553,5,"553-5",2,1,3,NA,NA,NA,NA,NA,NA,NA,3,2,2,171.3178023,0,5,5,2,2,2077,2166,2077,2166,23,22,0,13,35,1,8,0,0,0,0,0,0,0,37,4,0,0,0,0,0,0,0,37
553,6,"553-6",2,1,3,NA,NA,NA,NA,NA,NA,NA,3,2,2,171.3178023,1,5,6,2,2,2166,2178,2077,2166,24,23,1,13,35,1,8,0,0,0,0,0,0,0,37,4,0,0,0,0,0,0,0,37
553,7,"553-7",2,1,3,NA,NA,NA,NA,NA,NA,NA,3,2,2,171.3178023,0,5,0,2,2,2178,2077,2077,2166,48,24,1,13,35,1,8,0,0,0,0,0,0,0,37,4,0,0,0,0,0,0,0,37
555,1,"555-1",2,1,2,NA,NA,NA,NA,NA,NA,NA,1,1,1,153.94588146,0,9,9,2,2,2392,9999,2392,9999,18,14,0,9,54,2,4,0,0,0,0,0,0,0,63,63,0,0,0,0,0,0,0,63
555,2,"555-2",2,1,2,NA,NA,NA,NA,NA,NA,NA,1,1,1,153.94588146,0,9,0,2,2,9999,2392,2392,9999,22,18,1,9,54,2,4,0,0,0,0,0,0,0,63,63,0,0,0,0,0,0,0,63
555,3,"555-3",2,1,2,NA,NA,NA,NA,NA,NA,NA,1,2,2,157.0247990892,1,6,6,2,2,2392,9999,2392,9999,23,22,0,13,48,2,4,0,0,0,0,0,0,0,63,63,0,0,0,0,0,0,0,63
555,4,"555-4",2,1,2,NA,NA,NA,NA,NA,NA,NA,1,2,2,157.0247990892,1,6,6,2,2,9999,9999,2392,9999,23,23,0,13,48,2,4,0,0,0,0,0,0,0,63,63,0,0,0,0,0,0,0,63
555,5,"555-5",2,1,2,NA,NA,NA,NA,NA,NA,NA,1,2,2,157.0247990892,1,6,5,2,2,9999,9999,2392,9999,24,23,0,13,48,2,4,0,0,0,0,0,0,0,63,63,0,0,0,0,0,0,0,63
555,6,"555-6",2,1,2,NA,NA,NA,NA,NA,NA,NA,1,2,2,157.0247990892,1,6,5,2,2,9999,9999,2392,9999,25,24,0,13,48,2,4,0,0,0,0,0,0,0,63,63,0,0,0,0,0,0,0,63
555,7,"555-7",2,1,2,NA,NA,NA,NA,NA,NA,NA,1,2,2,157.0247990892,0,6,6,2,2,9999,9999,2392,9999,26,25,0,13,48,2,4,0,0,0,0,0,0,0,63,63,0,0,0,0,0,0,0,63
555,8,"555-8",2,1,2,NA,NA,NA,NA,NA,NA,NA,1,2,2,157.0247990892,0,6,0,2,2,9999,2392,2392,9999,48,26,1,13,48,2,4,0,0,0,0,0,0,0,63,63,0,0,0,0,0,0,0,63
557,1,"557-1",2,1,4,NA,NA,NA,NA,NA,NA,NA,3,1,1,94.68202576,0,9,9,2,2,2358,2358,2358,2358,18,13,0,9,0,2,8,0,0,0,0,0,0,0,45,2,0,0,0,0,0,0,0,45
557,2,"557-2",2,1,4,NA,NA,NA,NA,NA,NA,NA,3,1,1,94.68202576,1,9,5,2,2,2358,2272,2358,2358,20,18,1,9,0,2,8,0,0,0,0,0,0,0,45,2,0,0,0,0,0,0,0,45
557,3,"557-3",2,1,4,NA,NA,NA,NA,NA,NA,NA,3,1,1,94.68202576,0,9,0,2,2,2272,2358,2358,2358,48,20,1,9,0,2,8,0,0,0,0,0,0,0,45,2,0,0,0,0,0,0,0,45
563,1,"563-1",2,1,2,NA,NA,NA,NA,NA,NA,NA,1,1,1,355.3938848,0,6,6,2,2,318,356,318,356,16,12,0,8,30,4,2,0,0,0,0,0,0,0,53,69,0,0,0,0,0,0,0,69
563,2,"563-2",2,1,2,NA,NA,NA,NA,NA,NA,NA,1,1,1,355.3938848,1,6,6,2,2,356,317,318,356,18,16,1,8,30,4,2,0,0,0,0,0,0,0,53,69,0,0,0,0,0,0,0,69
563,3,"563-3",2,1,2,NA,NA,NA,NA,NA,NA,NA,1,1,1,355.3938848,1,6,6,2,2,317,434,318,356,19,18,1,8,30,4,2,0,0,0,0,0,0,0,53,69,0,0,0,0,0,0,0,69
563,4,"563-4",2,1,2,NA,NA,NA,NA,NA,NA,NA,1,1,1,355.3938848,1,6,5,2,2,434,329,318,356,21,19,1,8,30,4,2,0,0,0,0,0,0,0,53,69,0,0,0,0,0,0,0,69
563,5,"563-5",2,1,2,NA,NA,NA,NA,NA,NA,NA,1,1,1,355.3938848,1,6,6,2,2,329,317,318,356,22,21,1,8,30,4,2,0,0,0,0,0,0,0,53,69,0,0,0,0,0,0,0,69
563,6,"563-6",2,1,2,NA,NA,NA,NA,NA,NA,NA,1,1,1,355.3938848,0,6,0,2,2,317,318,318,356,48,22,1,8,30,4,2,0,0,0,0,0,0,0,53,69,0,0,0,0,0,0,0,69
570,1,"570-1",2,1,3,NA,NA,NA,NA,NA,NA,NA,1,1,1,122.9197738,1,6,6,2,2,329,298,329,328,18,17,0,11,0,4,4,0,0,0,0,0,0,0,57,29,0,0,0,0,0,0,0,57
570,2,"570-2",2,1,3,NA,NA,NA,NA,NA,NA,NA,1,1,1,122.9197738,0,6,6,2,2,298,328,329,328,19,18,0,11,0,4,4,0,0,0,0,0,0,0,57,29,0,0,0,0,0,0,0,57
570,3,"570-3",2,1,3,NA,NA,NA,NA,NA,NA,NA,1,1,1,122.9197738,0,6,0,2,2,328,329,329,328,25,19,1,11,0,4,4,0,0,0,0,0,0,0,57,29,0,0,0,0,0,0,0,57
570,4,"570-4",2,1,3,NA,NA,NA,NA,NA,NA,NA,1,2,2,122.9197738,0,6,6,2,2,329,318,329,318,26,25,0,15,0,4,4,0,0,0,0,0,0,0,57,29,0,0,0,0,0,0,0,57
570,5,"570-5",2,1,3,NA,NA,NA,NA,NA,NA,NA,1,2,2,122.9197738,0,6,0,2,2,318,329,329,318,48,26,1,15,0,4,4,0,0,0,0,0,0,0,57,29,0,0,0,0,0,0,0,57
586,1,"586-1",2,2,3,NA,NA,NA,NA,NA,NA,NA,1,1,1,95.768006912,1,6,6,2,2,2428,2428,2428,2429,20,20,0,12,35,5,5,0,0,0,0,0,0,0,85,89,0,0,0,0,0,0,0,89
586,2,"586-2",2,2,3,NA,NA,NA,NA,NA,NA,NA,1,1,1,95.768006912,1,6,9,2,2,2428,2427,2428,2429,22,20,0,12,35,5,5,0,0,0,0,0,0,0,85,89,0,0,0,0,0,0,0,89
586,3,"586-3",2,2,3,NA,NA,NA,NA,NA,NA,NA,1,1,1,95.768006912,1,6,6,2,2,2427,2447,2428,2429,22,22,0,12,35,5,5,0,0,0,0,0,0,0,85,89,0,0,0,0,0,0,0,89
586,4,"586-4",2,2,3,NA,NA,NA,NA,NA,NA,NA,1,1,1,95.768006912,1,6,9,2,2,2447,2452,2428,2429,23,22,0,12,35,5,5,0,0,0,0,0,0,0,85,89,0,0,0,0,0,0,0,89
586,5,"586-5",2,2,3,NA,NA,NA,NA,NA,NA,NA,1,1,1,95.768006912,1,6,7,2,2,2452,2493,2428,2429,25,23,0,12,35,5,5,0,0,0,0,0,0,0,85,89,0,0,0,0,0,0,0,89
586,6,"586-6",2,2,3,NA,NA,NA,NA,NA,NA,NA,1,1,1,95.768006912,1,6,8,2,2,2493,2429,2428,2429,26,25,0,12,35,5,5,0,0,0,0,0,0,0,85,89,0,0,0,0,0,0,0,89
586,7,"586-7",2,2,3,NA,NA,NA,NA,NA,NA,NA,1,1,1,95.768006912,0,6,6,2,2,2429,2429,2428,2429,28,26,0,12,35,5,5,0,0,0,0,0,0,0,85,89,0,0,0,0,0,0,0,89
586,8,"586-8",2,2,3,NA,NA,NA,NA,NA,NA,NA,1,1,1,95.768006912,0,6,0,2,2,2429,2428,2428,2429,33,28,1,12,35,5,5,0,0,0,0,0,0,0,85,89,0,0,0,0,0,0,0,89
586,9,"586-9",2,2,3,NA,NA,NA,NA,NA,NA,NA,1,2,2,95.768006912,1,8,7,2,2,2428,2429,2428,2429,33,33,0,19,10,5,5,0,0,0,0,0,0,0,85,89,0,0,0,0,0,0,0,89
586,10,"586-10",2,2,3,NA,NA,NA,NA,NA,NA,NA,1,2,2,95.768006912,0,8,8,2,2,2429,2429,2428,2429,35,33,0,19,10,5,5,0,0,0,0,0,0,0,85,89,0,0,0,0,0,0,0,89
586,11,"586-11",2,2,3,NA,NA,NA,NA,NA,NA,NA,1,2,2,95.768006912,0,8,0,2,2,2429,2428,2428,2429,48,35,1,19,10,5,5,0,0,0,0,0,0,0,85,89,0,0,0,0,0,0,0,89
587,3,"587-3",2,2,3,NA,NA,NA,NA,NA,NA,NA,3,2,2,301.407366456,0,9,9,2,2,1422,1458,1422,1458,36,33,0,19,0,1,7,0,0,0,0,0,0,0,41,11,0,0,0,0,0,0,0,41
587,4,"587-4",2,2,3,NA,NA,NA,NA,NA,NA,NA,3,2,2,301.407366456,0,9,0,2,2,1458,1422,1422,1458,48,36,1,19,0,1,7,0,0,0,0,0,0,0,41,11,0,0,0,0,0,0,0,41
587,1,"587-1",2,3,4,NA,NA,NA,NA,NA,NA,NA,2,1,1,287.6056657,0,3,3,9,9,1422,1459,1422,1459,25,10,0,7,40,7,7,0,0,0,0,0,0,0,11,7,0,0,0,0,0,0,0,11
587,2,"587-2",2,3,4,NA,NA,NA,NA,NA,NA,NA,2,1,1,287.6056657,0,3,0,9,9,1459,1422,1422,1459,33,25,1,7,40,7,7,0,0,0,0,0,0,0,11,7,0,0,0,0,0,0,0,11
611,7,"611-7",3,1,2,3,NA,NA,NA,NA,NA,NA,3,3,1,126.95741336,0,9,9,4,4,1464,1450,1464,1450,36,36,0,20,30,1,7,7,0,0,0,0,0,0,43,13,11,0,0,0,0,0,0,43
611,8,"611-8",3,1,2,3,NA,NA,NA,NA,NA,NA,3,3,1,126.95741336,0,9,0,4,4,1450,1464,1464,1450,48,36,1,20,30,1,7,7,0,0,0,0,0,0,43,13,11,0,0,0,0,0,0,43
617,3,"617-3",2,1,3,NA,NA,NA,NA,NA,NA,NA,3,2,1,309.0243652,0,5,5,2,2,550,551,550,551,22,20,0,12,34,2,8,0,0,0,0,0,0,0,38,2,0,0,0,0,0,0,0,38
617,4,"617-4",2,1,3,NA,NA,NA,NA,NA,NA,NA,3,2,1,309.0243652,0,5,0,2,2,551,550,550,551,29,22,1,12,34,2,8,0,0,0,0,0,0,0,38,2,0,0,0,0,0,0,0,38
617,5,"617-5",3,1,2,3,NA,NA,NA,NA,NA,NA,3,3,2,309.0243652,0,9,9,3,3,550,828,550,828,33,29,0,17,21,2,1,8,0,0,0,0,0,0,38,31,2,0,0,0,0,0,0,38
617,6,"617-6",3,1,2,3,NA,NA,NA,NA,NA,NA,3,3,2,309.0243652,1,9,7,3,3,828,479,550,828,36,33,1,17,21,2,1,8,0,0,0,0,0,0,38,31,2,0,0,0,0,0,0,38
617,7,"617-7",3,1,2,3,NA,NA,NA,NA,NA,NA,3,3,2,309.0243652,0,9,0,3,3,479,550,550,828,48,36,1,17,21,2,1,8,0,0,0,0,0,0,38,31,2,0,0,0,0,0,0,38
624,1,"624-1",2,1,3,NA,NA,NA,NA,NA,NA,NA,3,1,1,181.2363127,1,9,7,2,2,649,1088,649,649,15,7,0,6,0,4,8,0,0,0,0,0,0,0,24,3,0,0,0,0,0,0,0,24
624,2,"624-2",2,1,3,NA,NA,NA,NA,NA,NA,NA,3,1,1,181.2363127,1,9,7,2,2,1088,290,649,649,17,15,0,6,0,4,8,0,0,0,0,0,0,0,24,3,0,0,0,0,0,0,0,24
624,3,"624-3",2,1,3,NA,NA,NA,NA,NA,NA,NA,3,1,1,181.2363127,0,9,9,2,2,290,649,649,649,48,17,0,6,0,4,8,0,0,0,0,0,0,0,24,3,0,0,0,0,0,0,0,24
632,1,"632-1",2,1,2,NA,NA,NA,NA,NA,NA,NA,1,1,1,101.271230958,1,7,5,2,2,2429,2436,2429,2424,32,31,0,18,15,5,2,0,0,0,0,0,0,0,72,70,0,0,0,0,0,0,0,72
632,2,"632-2",2,1,2,NA,NA,NA,NA,NA,NA,NA,1,1,1,101.271230958,0,7,7,2,2,2436,2424,2429,2424,36,32,0,18,15,5,2,0,0,0,0,0,0,0,72,70,0,0,0,0,0,0,0,72
632,3,"632-3",2,1,2,NA,NA,NA,NA,NA,NA,NA,1,1,1,101.271230958,0,7,0,2,2,2424,2429,2429,2424,48,36,1,18,15,5,2,0,0,0,0,0,0,0,72,70,0,0,0,0,0,0,0,72
635,3,"635-3",2,1,2,NA,NA,NA,NA,NA,NA,NA,1,1,1,118.425403528,0,5,5,3,3,1078,1170,464,1170,21,16,0,8,0,4,4,0,0,0,0,0,0,0,64,59,0,0,0,0,0,0,0,64
635,4,"635-4",2,1,2,NA,NA,NA,NA,NA,NA,NA,1,1,1,118.425403528,1,5,4,3,3,1170,1078,464,1170,22,21,1,8,0,4,4,0,0,0,0,0,0,0,64,59,0,0,0,0,0,0,0,64
635,5,"635-5",2,1,2,NA,NA,NA,NA,NA,NA,NA,1,1,1,118.425403528,0,5,0,2,3,1078,464,464,1170,24,22,1,8,0,4,4,0,0,0,0,0,0,0,64,59,0,0,0,0,0,0,0,64
635,6,"635-6",2,1,2,NA,NA,NA,NA,NA,NA,NA,1,2,2,118.425403528,0,9,9,2,2,464,477,464,477,33,24,0,14,30,4,4,0,0,0,0,0,0,0,64,59,0,0,0,0,0,0,0,64
635,7,"635-7",2,1,2,NA,NA,NA,NA,NA,NA,NA,1,2,2,118.425403528,0,9,0,2,2,477,464,464,477,48,33,1,14,30,4,4,0,0,0,0,0,0,0,64,59,0,0,0,0,0,0,0,64
635,2,"635-2",2,1,2,NA,NA,NA,NA,NA,NA,NA,1,2,1,110.703148217,1,5,8,2,3,464,1078,464,1170,16,13,0,9,0,4,4,0,0,0,0,0,0,0,64,59,0,0,0,0,0,0,0,64
637,1,"637-1",2,1,2,NA,NA,NA,NA,NA,NA,NA,1,1,1,161.2291443,0,5,5,2,2,1382,1000,1382,1000,38,37,0,21,0,2,1,0,0,0,0,0,0,0,25,26,0,0,0,0,0,0,0,26
637,2,"637-2",2,1,2,NA,NA,NA,NA,NA,NA,NA,1,1,1,161.2291443,0,5,0,2,2,1000,1382,1382,1000,48,38,1,21,0,2,1,0,0,0,0,0,0,0,25,26,0,0,0,0,0,0,0,26
650,1,"650-1",2,1,2,NA,NA,NA,NA,NA,NA,NA,1,2,1,29.909431755,0,7,7,2,2,2766,2735,2766,2735,34,31,0,18,0,1,3,0,0,0,0,0,0,0,52,48,0,0,0,0,0,0,0,52
650,2,"650-2",2,1,2,NA,NA,NA,NA,NA,NA,NA,1,2,1,29.909431755,0,7,0,2,2,2735,2766,2766,2735,48,34,1,18,0,1,3,0,0,0,0,0,0,0,52,48,0,0,0,0,0,0,0,52
652,1,"652-1",2,2,3,NA,NA,NA,NA,NA,NA,NA,2,1,1,63.0569278,0,3,3,2,2,1187,1190,1187,1190,23,9,0,7,0,6,7,0,0,0,0,0,0,0,18,15,0,0,0,0,0,0,0,18
652,2,"652-2",2,2,3,NA,NA,NA,NA,NA,NA,NA,2,1,1,63.0569278,0,3,0,2,2,1190,1187,1187,1190,34,23,1,7,0,6,7,0,0,0,0,0,0,0,18,15,0,0,0,0,0,0,0,18
656,1,"656-1",2,1,2,NA,NA,NA,NA,NA,NA,NA,1,1,1,452.246732092,0,7,7,2,2,1562,1411,1562,1411,13,11,0,8,20,5,2,0,0,0,0,0,0,0,68,72,0,0,0,0,0,0,0,72
656,2,"656-2",2,1,2,NA,NA,NA,NA,NA,NA,NA,1,1,1,452.246732092,1,7,5,2,2,1411,1411,1562,1411,14,13,1,8,20,5,2,0,0,0,0,0,0,0,68,72,0,0,0,0,0,0,0,72
656,3,"656-3",2,1,2,NA,NA,NA,NA,NA,NA,NA,1,1,1,452.246732092,0,7,0,2,2,1411,1562,1562,1411,23,14,1,8,20,5,2,0,0,0,0,0,0,0,68,72,0,0,0,0,0,0,0,72
656,4,"656-4",2,1,2,NA,NA,NA,NA,NA,NA,NA,1,2,2,452.246732092,0,5,5,2,2,1562,1496,1562,1496,25,23,0,14,20,5,2,0,0,0,0,0,0,0,68,72,0,0,0,0,0,0,0,72
656,5,"656-5",2,1,2,NA,NA,NA,NA,NA,NA,NA,1,2,2,452.246732092,0,5,0,2,2,1496,1562,1562,1496,48,25,1,14,20,5,2,0,0,0,0,0,0,0,68,72,0,0,0,0,0,0,0,72
658,1,"658-1",2,2,3,NA,NA,NA,NA,NA,NA,NA,3,1,1,483.0486801,0,5,5,2,2,456,425,456,425,18,17,0,11,15,4,8,0,0,0,0,0,0,0,37,2,0,0,0,0,0,0,0,37
658,2,"658-2",2,2,3,NA,NA,NA,NA,NA,NA,NA,3,1,1,483.0486801,0,5,0,2,2,425,456,456,425,48,18,1,11,15,4,8,0,0,0,0,0,0,0,37,2,0,0,0,0,0,0,0,37
662,1,"662-1",2,1,3,NA,NA,NA,NA,NA,NA,NA,1,1,1,33.57530526,0,1,1,2,2,2631,2579,2631,2579,19,14,0,9,30,1,4,0,0,0,0,0,0,0,51,26,0,0,0,0,0,0,0,51
662,2,"662-2",2,1,3,NA,NA,NA,NA,NA,NA,NA,1,1,1,33.57530526,1,1,4,2,2,2579,2637,2631,2579,20,19,1,9,30,1,4,0,0,0,0,0,0,0,51,26,0,0,0,0,0,0,0,51
662,3,"662-3",2,1,3,NA,NA,NA,NA,NA,NA,NA,1,1,1,33.57530526,1,1,9,2,2,2637,2579,2631,2579,26,20,1,9,30,1,4,0,0,0,0,0,0,0,51,26,0,0,0,0,0,0,0,51
662,4,"662-4",2,1,3,NA,NA,NA,NA,NA,NA,NA,1,1,1,33.57530526,1,1,7,2,2,2579,2669,2631,2579,29,26,1,9,30,1,4,0,0,0,0,0,0,0,51,26,0,0,0,0,0,0,0,51
662,5,"662-5",2,1,3,NA,NA,NA,NA,NA,NA,NA,1,1,1,33.57530526,1,1,4,2,2,2669,2637,2631,2579,30,29,1,9,30,1,4,0,0,0,0,0,0,0,51,26,0,0,0,0,0,0,0,51
662,6,"662-6",2,1,3,NA,NA,NA,NA,NA,NA,NA,1,1,1,33.57530526,0,1,0,2,2,2637,2631,2631,2579,31,30,1,9,30,1,4,0,0,0,0,0,0,0,51,26,0,0,0,0,0,0,0,51
663,4,"663-4",2,1,4,NA,NA,NA,NA,NA,NA,NA,3,3,1,103.5815947,0,9,9,2,2,1016,1022,1016,1022,36,31,0,18,0,4,7,0,0,0,0,0,0,0,55,9,0,0,0,0,0,0,0,55
663,5,"663-5",2,1,4,NA,NA,NA,NA,NA,NA,NA,3,3,1,103.5815947,0,9,0,2,2,1022,1016,1016,1022,48,36,1,18,0,4,7,0,0,0,0,0,0,0,55,9,0,0,0,0,0,0,0,55
665,1,"665-1",2,1,2,NA,NA,NA,NA,NA,NA,NA,1,1,1,389.481690462,1,7,8,2,3,1773,1773,1773,187,13,13,0,9,20,5,5,0,0,0,0,0,0,0,70,73,0,0,0,0,0,0,0,73
665,2,"665-2",2,1,2,NA,NA,NA,NA,NA,NA,NA,1,1,1,389.481690462,0,7,7,3,3,1773,187,1773,187,24,13,0,9,20,5,5,0,0,0,0,0,0,0,70,73,0,0,0,0,0,0,0,73
665,3,"665-3",2,1,2,NA,NA,NA,NA,NA,NA,NA,1,1,1,389.481690462,1,7,4,3,3,187,1773,1773,187,25,24,1,9,20,5,5,0,0,0,0,0,0,0,70,73,0,0,0,0,0,0,0,73
665,4,"665-4",2,1,2,NA,NA,NA,NA,NA,NA,NA,1,1,1,389.481690462,0,7,0,2,3,1773,1773,1773,187,48,25,1,9,20,5,5,0,0,0,0,0,0,0,70,73,0,0,0,0,0,0,0,73
681,2,"681-2",2,1,2,NA,NA,NA,NA,NA,NA,NA,3,3,1,40.347393975,0,5,5,2,2,1187,1205,1187,1205,38,36,0,20,50,1,6,0,0,0,0,0,0,0,57,18,0,0,0,0,0,0,0,57
681,3,"681-3",2,1,2,NA,NA,NA,NA,NA,NA,NA,3,3,1,40.347393975,0,5,0,2,2,1205,1187,1187,1205,48,38,1,20,50,1,6,0,0,0,0,0,0,0,57,18,0,0,0,0,0,0,0,57
682,1,"682-1",2,1,3,NA,NA,NA,NA,NA,NA,NA,3,1,1,351.537517,0,1,1,2,2,690,703,690,703,22,10,0,7,45,1,8,0,0,0,0,0,0,0,33,2,0,0,0,0,0,0,0,33
682,2,"682-2",2,1,3,NA,NA,NA,NA,NA,NA,NA,3,1,1,351.537517,1,1,5,2,2,703,702,690,703,32,31,1,7,45,1,8,0,0,0,0,0,0,0,33,2,0,0,0,0,0,0,0,33
682,3,"682-3",2,1,3,NA,NA,NA,NA,NA,NA,NA,3,1,1,351.537517,0,1,0,2,2,702,690,690,703,48,32,1,7,45,1,8,0,0,0,0,0,0,0,33,2,0,0,0,0,0,0,0,33
683,2,"683-2",2,1,2,NA,NA,NA,NA,NA,NA,NA,1,2,1,68.857439234,0,7,7,2,2,545,551,545,551,34,29,0,17,15,5,5,0,0,0,0,0,0,0,71,67,0,0,0,0,0,0,0,71
683,3,"683-3",2,1,2,NA,NA,NA,NA,NA,NA,NA,1,2,1,68.857439234,0,7,0,2,2,551,545,545,551,48,34,1,17,15,5,5,0,0,0,0,0,0,0,71,67,0,0,0,0,0,0,0,71
686,1,"686-1",2,1,2,NA,NA,NA,NA,NA,NA,NA,1,1,1,20.030478825,0,6,6,2,2,2570,2617,2570,2617,16,7,0,6,0,2,5,0,0,0,0,0,0,0,58,65,0,0,0,0,0,0,0,65
686,2,"686-2",2,1,2,NA,NA,NA,NA,NA,NA,NA,1,1,1,20.030478825,0,6,0,2,2,2617,2570,2570,2617,48,16,1,6,0,2,5,0,0,0,0,0,0,0,58,65,0,0,0,0,0,0,0,65
692,3,"692-3",2,1,2,NA,NA,NA,NA,NA,NA,NA,1,3,1,351.4714671,1,6,6,2,2,1196,1203,1196,1188,32,32,0,18,40,1,4,0,0,0,0,0,0,0,50,40,0,0,0,0,0,0,0,50
692,4,"692-4",2,1,2,NA,NA,NA,NA,NA,NA,NA,1,3,1,351.4714671,0,6,6,2,2,1203,1188,1196,1188,34,32,0,18,40,1,4,0,0,0,0,0,0,0,50,40,0,0,0,0,0,0,0,50
692,5,"692-5",2,1,2,NA,NA,NA,NA,NA,NA,NA,1,3,1,351.4714671,0,6,0,2,2,1188,1196,1196,1188,35,34,1,18,40,1,4,0,0,0,0,0,0,0,50,40,0,0,0,0,0,0,0,50
692,6,"692-6",2,1,2,NA,NA,NA,NA,NA,NA,NA,1,4,2,351.4714671,0,9,9,2,2,1196,1191,1196,1191,38,35,0,20,5,1,4,0,0,0,0,0,0,0,50,40,0,0,0,0,0,0,0,50
692,7,"692-7",2,1,2,NA,NA,NA,NA,NA,NA,NA,1,4,2,351.4714671,0,9,0,2,2,1191,1196,1196,1191,48,38,1,20,5,1,4,0,0,0,0,0,0,0,50,40,0,0,0,0,0,0,0,50
693,1,"693-1",2,1,2,NA,NA,NA,NA,NA,NA,NA,1,1,1,59.64017157,1,9,4,2,3,540,528,540,176,12,11,0,8,10,1,4,0,0,0,0,0,0,0,53,61,0,0,0,0,0,0,0,61
693,2,"693-2",2,1,2,NA,NA,NA,NA,NA,NA,NA,1,1,1,59.64017157,1,9,9,3,3,528,182,540,176,20,12,0,8,10,1,4,0,0,0,0,0,0,0,53,61,0,0,0,0,0,0,0,61
693,3,"693-3",2,1,2,NA,NA,NA,NA,NA,NA,NA,1,1,1,59.64017157,0,9,9,3,3,182,176,540,176,27,20,0,8,10,1,4,0,0,0,0,0,0,0,53,61,0,0,0,0,0,0,0,61
693,4,"693-4",2,1,2,NA,NA,NA,NA,NA,NA,NA,1,1,1,59.64017157,1,9,7,3,3,176,136,540,176,32,27,1,8,10,1,4,0,0,0,0,0,0,0,53,61,0,0,0,0,0,0,0,61
693,5,"693-5",2,1,2,NA,NA,NA,NA,NA,NA,NA,1,1,1,59.64017157,0,9,0,3,3,136,540,540,176,48,32,1,8,10,1,4,0,0,0,0,0,0,0,53,61,0,0,0,0,0,0,0,61
694,1,"694-1",2,1,2,NA,NA,NA,NA,NA,NA,NA,1,1,1,207.7731817,1,6,6,2,2,244,244,244,778,6,5,0,5,0,4,1,0,0,0,0,0,0,0,22,58,0,0,0,0,0,0,0,58
694,2,"694-2",2,1,2,NA,NA,NA,NA,NA,NA,NA,1,1,1,207.7731817,0,6,6,2,2,244,778,244,778,13,6,0,5,0,4,1,0,0,0,0,0,0,0,22,58,0,0,0,0,0,0,0,58
694,3,"694-3",2,1,2,NA,NA,NA,NA,NA,NA,NA,1,1,1,207.7731817,1,6,5,2,2,778,244,244,778,18,13,1,5,0,4,1,0,0,0,0,0,0,0,22,58,0,0,0,0,0,0,0,58
694,4,"694-4",2,1,2,NA,NA,NA,NA,NA,NA,NA,1,1,1,207.7731817,1,6,7,2,2,244,244,244,778,19,18,1,5,0,4,1,0,0,0,0,0,0,0,22,58,0,0,0,0,0,0,0,58
694,5,"694-5",2,1,2,NA,NA,NA,NA,NA,NA,NA,1,1,1,207.7731817,0,6,0,2,2,244,244,244,778,48,19,1,5,0,4,1,0,0,0,0,0,0,0,22,58,0,0,0,0,0,0,0,58
702,1,"702-1",2,1,2,NA,NA,NA,NA,NA,NA,NA,1,1,1,305.391975525,1,6,7,2,2,816,823,816,816,22,22,0,13,40,2,1,0,0,0,0,0,0,0,57,55,0,0,0,0,0,0,0,57
702,2,"702-2",2,1,2,NA,NA,NA,NA,NA,NA,NA,1,1,1,305.391975525,0,6,6,2,2,823,816,816,816,23,22,0,13,40,2,1,0,0,0,0,0,0,0,57,55,0,0,0,0,0,0,0,57
702,3,"702-3",2,1,2,NA,NA,NA,NA,NA,NA,NA,1,1,1,305.391975525,0,6,0,2,2,816,816,816,816,48,23,1,13,40,2,1,0,0,0,0,0,0,0,57,55,0,0,0,0,0,0,0,57
709,1,"709-1",2,1,2,NA,NA,NA,NA,NA,NA,NA,1,2,1,97.68153192,0,5,5,2,2,806,943,806,943,39,36,0,20,50,1,1,0,0,0,0,0,0,0,41,40,0,0,0,0,0,0,0,41
709,2,"709-2",2,1,2,NA,NA,NA,NA,NA,NA,NA,1,2,1,97.68153192,1,5,7,2,2,943,805,806,943,40,39,1,20,50,1,1,0,0,0,0,0,0,0,41,40,0,0,0,0,0,0,0,41
709,3,"709-3",2,1,2,NA,NA,NA,NA,NA,NA,NA,1,2,1,97.68153192,0,5,0,2,2,805,806,806,943,48,40,1,20,50,1,1,0,0,0,0,0,0,0,41,40,0,0,0,0,0,0,0,41
713,1,"713-1",2,4,5,NA,NA,NA,NA,NA,NA,NA,2,1,1,92.2138799,0,3,3,9,9,1235,1233,1235,1233,25,10,0,7,51,7,7,0,0,0,0,0,0,0,12,10,0,0,0,0,0,0,0,12
713,2,"713-2",2,4,5,NA,NA,NA,NA,NA,NA,NA,2,1,1,92.2138799,0,3,0,9,9,1233,1235,1235,1233,31,25,1,7,51,7,7,0,0,0,0,0,0,0,12,10,0,0,0,0,0,0,0,12
726,12,"726-12",3,2,3,4,NA,NA,NA,NA,NA,NA,3,2,1,383.570353332,0,9,9,3,3,2780,2742,2780,2742,31,29,0,17,20,1,7,7,0,0,0,0,0,0,42,9,7,0,0,0,0,0,0,42
726,13,"726-13",3,2,3,4,NA,NA,NA,NA,NA,NA,3,2,1,383.570353332,0,9,0,3,3,2742,2780,2780,2742,48,31,1,17,20,1,7,7,0,0,0,0,0,0,42,9,7,0,0,0,0,0,0,42
736,3,"736-3",3,2,3,4,NA,NA,NA,NA,NA,NA,3,3,1,872.1616495,0,9,9,3,3,1954,1995,1954,1995,35,28,0,16,30,3,7,7,0,0,0,0,0,0,41,11,8,0,0,0,0,0,0,41
736,4,"736-4",3,2,3,4,NA,NA,NA,NA,NA,NA,3,3,1,872.1616495,0,9,0,3,3,1995,1954,1954,1995,48,35,1,16,30,3,7,7,0,0,0,0,0,0,41,11,8,0,0,0,0,0,0,41
741,1,"741-1",2,1,2,NA,NA,NA,NA,NA,NA,NA,1,3,1,56.8001634,0,7,7,2,2,818,832,818,832,35,35,0,20,0,1,4,0,0,0,0,0,0,0,54,57,0,0,0,0,0,0,0,57
741,2,"741-2",2,1,2,NA,NA,NA,NA,NA,NA,NA,1,3,1,56.8001634,0,7,0,2,2,832,818,818,832,48,35,1,20,0,1,4,0,0,0,0,0,0,0,54,57,0,0,0,0,0,0,0,57
742,7,"742-7",4,1,3,4,5,NA,NA,NA,NA,NA,3,4,1,199.4590083,0,9,9,3,3,1178,1178,1178,1178,33,31,0,18,0,4,7,8,8,0,0,0,0,0,38,6,4,2,0,0,0,0,0,38
742,8,"742-8",4,1,3,4,5,NA,NA,NA,NA,NA,3,4,1,199.4590083,0,9,0,3,3,1178,1178,1178,1178,48,33,1,18,0,4,7,8,8,0,0,0,0,0,38,6,4,2,0,0,0,0,0,38
744,2,"744-2",2,1,2,NA,NA,NA,NA,NA,NA,NA,1,3,1,454.56813222,0,7,7,2,2,1773,1804,1773,1804,31,28,0,16,33,2,1,0,0,0,0,0,0,0,40,45,0,0,0,0,0,0,0,45
744,3,"744-3",2,1,2,NA,NA,NA,NA,NA,NA,NA,1,3,1,454.56813222,0,7,0,2,2,1804,1773,1773,1804,48,31,1,16,33,2,1,0,0,0,0,0,0,0,40,45,0,0,0,0,0,0,0,45
761,1,"761-1",2,1,3,NA,NA,NA,NA,NA,NA,NA,3,2,1,99.5055872,0,6,6,2,2,2766,2733,2766,2733,30,26,0,15,55,3,6,0,0,0,0,0,0,0,42,18,0,0,0,0,0,0,0,42
761,2,"761-2",2,1,3,NA,NA,NA,NA,NA,NA,NA,3,2,1,99.5055872,0,6,0,2,2,2733,2766,2766,2733,30,30,1,15,55,3,6,0,0,0,0,0,0,0,42,18,0,0,0,0,0,0,0,42
762,1,"762-1",2,1,2,NA,NA,NA,NA,NA,NA,NA,1,2,1,445.62131733,0,5,5,2,2,806,823,806,823,29,26,0,15,50,1,3,0,0,0,0,0,0,0,35,35,0,0,0,0,0,0,0,35
762,2,"762-2",2,1,2,NA,NA,NA,NA,NA,NA,NA,1,2,1,445.62131733,0,5,0,2,2,823,806,806,823,35,29,1,15,50,1,3,0,0,0,0,0,0,0,35,35,0,0,0,0,0,0,0,35
764,3,"764-3",3,1,2,3,NA,NA,NA,NA,NA,NA,3,2,1,288.965770216,0,5,5,4,4,2175,2193,2175,2193,31,30,0,17,31,1,1,7,0,0,0,0,0,0,40,39,9,0,0,0,0,0,0,40
764,4,"764-4",3,1,2,3,NA,NA,NA,NA,NA,NA,3,2,1,288.965770216,0,5,0,4,4,2193,2175,2175,2193,48,31,1,17,31,1,1,7,0,0,0,0,0,0,40,39,9,0,0,0,0,0,0,40
766,1,"766-1",2,1,2,NA,NA,NA,NA,NA,NA,NA,1,2,1,71.447954445,1,5,5,2,2,882,897,882,899,34,33,0,19,10,1,1,0,0,0,0,0,0,0,57,52,0,0,0,0,0,0,0,57
766,2,"766-2",2,1,2,NA,NA,NA,NA,NA,NA,NA,1,2,1,71.447954445,0,5,5,2,2,897,899,882,899,35,34,0,19,10,1,1,0,0,0,0,0,0,0,57,52,0,0,0,0,0,0,0,57
766,3,"766-3",2,1,2,NA,NA,NA,NA,NA,NA,NA,1,2,1,71.447954445,0,5,0,2,2,899,882,882,899,48,35,1,19,10,1,1,0,0,0,0,0,0,0,57,52,0,0,0,0,0,0,0,57
791,1,"791-1",2,3,4,NA,NA,NA,NA,NA,NA,NA,2,1,1,153.92456,0,3,3,9,9,937,937,937,937,26,11,0,8,25,7,7,0,0,0,0,0,0,0,8,6,0,0,0,0,0,0,0,8
791,2,"791-2",2,3,4,NA,NA,NA,NA,NA,NA,NA,2,1,1,153.92456,0,3,0,9,9,937,937,937,937,30,26,1,8,25,7,7,0,0,0,0,0,0,0,8,6,0,0,0,0,0,0,0,8
794,6,"794-6",2,2,3,NA,NA,NA,NA,NA,NA,NA,1,2,1,51.8097369,1,4,9,3,3,1196,1285,1196,1196,37,30,0,17,41,1,3,0,0,0,0,0,0,0,56,20,0,0,0,0,0,0,0,56
794,7,"794-7",2,2,3,NA,NA,NA,NA,NA,NA,NA,1,2,1,51.8097369,0,4,4,3,3,1285,1196,1196,1196,48,37,0,17,41,1,3,0,0,0,0,0,0,0,56,20,0,0,0,0,0,0,0,56
828,1,"828-1",2,1,2,NA,NA,NA,NA,NA,NA,NA,1,1,0,176.665963286,0,NA,6,2,NA,327,907,NA,NA,12,10,0,NA,NA,3,5,0,0,0,0,0,0,0,66,67,0,0,0,0,0,0,0,67
828,2,"828-2",2,1,2,NA,NA,NA,NA,NA,NA,NA,1,1,0,176.665963286,1,NA,6,2,NA,907,327,NA,NA,18,12,1,NA,NA,3,5,0,0,0,0,0,0,0,66,67,0,0,0,0,0,0,0,67
828,3,"828-3",2,1,2,NA,NA,NA,NA,NA,NA,NA,1,1,0,176.665963286,1,NA,9,2,NA,327,306,NA,NA,25,18,1,NA,NA,3,5,0,0,0,0,0,0,0,66,67,0,0,0,0,0,0,0,67
828,4,"828-4",2,1,2,NA,NA,NA,NA,NA,NA,NA,1,1,0,176.665963286,0,NA,0,2,NA,306,327,NA,NA,48,25,1,NA,NA,3,5,0,0,0,0,0,0,0,66,67,0,0,0,0,0,0,0,67
829,1,"829-1",2,1,2,NA,NA,NA,NA,NA,NA,NA,1,2,1,112.9588824,1,5,5,2,2,2261,2304,2261,2263,32,31,0,18,17,1,1,0,0,0,0,0,0,0,55,59,0,0,0,0,0,0,0,59
829,2,"829-2",2,1,2,NA,NA,NA,NA,NA,NA,NA,1,2,1,112.9588824,0,5,5,2,2,2304,2263,2261,2263,33,32,0,18,17,1,1,0,0,0,0,0,0,0,55,59,0,0,0,0,0,0,0,59
829,3,"829-3",2,1,2,NA,NA,NA,NA,NA,NA,NA,1,2,1,112.9588824,0,5,0,2,2,2263,2261,2261,2263,48,33,1,18,17,1,1,0,0,0,0,0,0,0,55,59,0,0,0,0,0,0,0,59
830,1,"830-1",2,1,2,NA,NA,NA,NA,NA,NA,NA,1,1,1,154.499836319,1,9,9,2,2,9999,9999,9999,9999,17,11,0,8,0,4,4,0,0,0,0,0,0,0,63,64,0,0,0,0,0,0,0,64
830,2,"830-2",2,1,2,NA,NA,NA,NA,NA,NA,NA,1,1,1,154.499836319,1,9,8,2,2,9999,9999,9999,9999,20,17,0,8,0,4,4,0,0,0,0,0,0,0,63,64,0,0,0,0,0,0,0,64
830,3,"830-3",2,1,2,NA,NA,NA,NA,NA,NA,NA,1,1,1,154.499836319,0,9,9,2,2,9999,9999,9999,9999,27,20,0,8,0,4,4,0,0,0,0,0,0,0,63,64,0,0,0,0,0,0,0,64
830,4,"830-4",2,1,2,NA,NA,NA,NA,NA,NA,NA,1,1,1,154.499836319,1,9,5,2,2,9999,9999,9999,9999,28,27,1,8,0,4,4,0,0,0,0,0,0,0,63,64,0,0,0,0,0,0,0,64
830,5,"830-5",2,1,2,NA,NA,NA,NA,NA,NA,NA,1,1,1,154.499836319,0,9,0,2,2,9999,9999,9999,9999,48,28,1,8,0,4,4,0,0,0,0,0,0,0,63,64,0,0,0,0,0,0,0,64
835,1,"835-1",2,1,2,NA,NA,NA,NA,NA,NA,NA,1,2,1,582.797790225,0,7,7,2,2,1956,1921,1956,1921,35,33,0,19,10,1,1,0,0,0,0,0,0,0,58,58,0,0,0,0,0,0,0,58
835,2,"835-2",2,1,2,NA,NA,NA,NA,NA,NA,NA,1,2,1,582.797790225,0,7,0,2,2,1921,1956,1956,1921,48,35,1,19,10,1,1,0,0,0,0,0,0,0,58,58,0,0,0,0,0,0,0,58
839,12,"839-12",3,1,2,3,NA,NA,NA,NA,NA,NA,3,2,1,758.189903064,0,8,8,4,4,607,607,607,607,32,29,0,17,4,1,1,8,0,0,0,0,0,0,29,28,1,0,0,0,0,0,0,29
839,13,"839-13",3,1,2,3,NA,NA,NA,NA,NA,NA,3,2,1,758.189903064,0,8,0,4,4,607,607,607,607,48,32,1,17,4,1,1,8,0,0,0,0,0,0,29,28,1,0,0,0,0,0,0,29
847,1,"847-1",2,1,3,NA,NA,NA,NA,NA,NA,NA,3,1,1,326.0598859,0,9,9,2,2,2210,2344,2210,2344,17,15,0,10,5,4,8,0,0,0,0,0,0,0,31,1,0,0,0,0,0,0,0,31
847,2,"847-2",2,1,3,NA,NA,NA,NA,NA,NA,NA,3,1,1,326.0598859,1,9,8,4,2,2344,2345,2210,2344,18,17,1,10,5,4,8,0,0,0,0,0,0,0,31,1,0,0,0,0,0,0,0,31
847,3,"847-3",2,1,3,NA,NA,NA,NA,NA,NA,NA,3,1,1,326.0598859,1,9,6,4,2,2345,2344,2210,2344,20,18,1,10,5,4,8,0,0,0,0,0,0,0,31,1,0,0,0,0,0,0,0,31
847,4,"847-4",2,1,3,NA,NA,NA,NA,NA,NA,NA,3,1,1,326.0598859,0,9,0,2,2,2344,2210,2210,2344,32,20,1,10,5,4,8,0,0,0,0,0,0,0,31,1,0,0,0,0,0,0,0,31
847,5,"847-5",2,1,3,NA,NA,NA,NA,NA,NA,NA,3,2,2,326.0598859,0,7,7,2,2,2210,2200,2210,2200,33,32,0,18,35,4,8,0,0,0,0,0,0,0,31,1,0,0,0,0,0,0,0,31
847,6,"847-6",2,1,3,NA,NA,NA,NA,NA,NA,NA,3,2,2,326.0598859,0,7,0,2,2,2200,2210,2210,2200,48,33,1,18,35,4,8,0,0,0,0,0,0,0,31,1,0,0,0,0,0,0,0,31
849,5,"849-5",2,2,4,NA,NA,NA,NA,NA,NA,NA,3,2,1,155.689241196,0,5,5,2,2,2393,2389,2393,2389,30,29,0,17,10,1,8,0,0,0,0,0,0,0,34,2,0,0,0,0,0,0,0,34
849,6,"849-6",2,2,4,NA,NA,NA,NA,NA,NA,NA,3,2,1,155.689241196,0,5,0,2,2,2389,2393,2393,2389,48,30,1,17,10,1,8,0,0,0,0,0,0,0,34,2,0,0,0,0,0,0,0,34
853,1,"853-1",2,1,2,NA,NA,NA,NA,NA,NA,NA,1,1,1,82.605385457,0,8,8,3,3,939,184,939,184,21,17,0,11,0,4,1,0,0,0,0,0,0,0,63,61,0,0,0,0,0,0,0,63
853,2,"853-2",2,1,2,NA,NA,NA,NA,NA,NA,NA,1,1,1,82.605385457,1,8,7,3,3,184,215,939,184,23,21,1,11,0,4,1,0,0,0,0,0,0,0,63,61,0,0,0,0,0,0,0,63
853,3,"853-3",2,1,2,NA,NA,NA,NA,NA,NA,NA,1,1,1,82.605385457,0,8,0,3,3,215,939,939,184,48,23,1,11,0,4,1,0,0,0,0,0,0,0,63,61,0,0,0,0,0,0,0,63
855,1,"855-1",2,1,2,NA,NA,NA,NA,NA,NA,NA,1,2,1,99.426848825,0,8,8,2,2,2555,1722,2555,1722,27,23,0,14,3,5,5,0,0,0,0,0,0,0,72,69,0,0,0,0,0,0,0,72
855,2,"855-2",2,1,2,NA,NA,NA,NA,NA,NA,NA,1,2,1,99.426848825,0,8,0,2,2,1722,2555,2555,1722,48,27,1,14,3,5,5,0,0,0,0,0,0,0,72,69,0,0,0,0,0,0,0,72
862,2,"862-2",2,1,2,NA,NA,NA,NA,NA,NA,NA,1,2,1,106.1690189,1,6,6,2,2,941,932,941,859,14,14,0,9,35,5,2,0,0,0,0,0,0,0,68,66,0,0,0,0,0,0,0,68
862,3,"862-3",2,1,2,NA,NA,NA,NA,NA,NA,NA,1,2,1,106.1690189,0,6,6,2,2,932,859,941,859,18,14,0,9,35,5,2,0,0,0,0,0,0,0,68,66,0,0,0,0,0,0,0,68
862,4,"862-4",2,1,2,NA,NA,NA,NA,NA,NA,NA,1,2,1,106.1690189,1,6,6,2,2,859,843,941,859,19,18,1,9,35,5,2,0,0,0,0,0,0,0,68,66,0,0,0,0,0,0,0,68
862,5,"862-5",2,1,2,NA,NA,NA,NA,NA,NA,NA,1,2,1,106.1690189,1,6,7,2,2,843,842,941,859,22,19,1,9,35,5,2,0,0,0,0,0,0,0,68,66,0,0,0,0,0,0,0,68
862,6,"862-6",2,1,2,NA,NA,NA,NA,NA,NA,NA,1,2,1,106.1690189,0,6,0,2,2,842,941,941,859,48,22,1,9,35,5,2,0,0,0,0,0,0,0,68,66,0,0,0,0,0,0,0,68
870,1,"870-1",2,1,2,NA,NA,NA,NA,NA,NA,NA,1,2,1,314.673538037,0,7,7,2,2,941,921,941,921,20,17,0,11,20,5,4,0,0,0,0,0,0,0,65,64,0,0,0,0,0,0,0,65
870,2,"870-2",2,1,2,NA,NA,NA,NA,NA,NA,NA,1,2,1,314.673538037,0,7,0,2,2,921,941,941,921,22,20,1,11,20,5,4,0,0,0,0,0,0,0,65,64,0,0,0,0,0,0,0,65
872,1,"872-1",2,1,2,NA,NA,NA,NA,NA,NA,NA,1,2,1,94.4798244,0,9,9,2,2,244,183,244,183,28,24,0,14,45,4,5,0,0,0,0,0,0,0,60,80,0,0,0,0,0,0,0,80
872,2,"872-2",2,1,2,NA,NA,NA,NA,NA,NA,NA,1,2,1,94.4798244,0,9,0,2,2,183,244,244,183,48,28,1,14,45,4,5,0,0,0,0,0,0,0,60,80,0,0,0,0,0,0,0,80
875,1,"875-1",2,3,4,NA,NA,NA,NA,NA,NA,NA,2,1,1,550.3149915,0,3,3,9,9,823,817,823,817,26,11,0,8,0,7,7,0,0,0,0,0,0,0,11,10,0,0,0,0,0,0,0,11
875,2,"875-2",2,3,4,NA,NA,NA,NA,NA,NA,NA,2,1,1,550.3149915,0,3,0,9,9,817,823,823,817,32,26,1,8,0,7,7,0,0,0,0,0,0,0,11,10,0,0,0,0,0,0,0,11
876,1,"876-1",2,1,3,NA,NA,NA,NA,NA,NA,NA,3,1,1,162.633533984,0,1,1,2,2,940,193,940,193,29,10,0,7,30,1,8,0,0,0,0,0,0,0,42,3,0,0,0,0,0,0,0,42
876,2,"876-2",2,1,3,NA,NA,NA,NA,NA,NA,NA,3,1,1,162.633533984,0,1,0,2,2,193,940,940,193,48,29,1,7,30,1,8,0,0,0,0,0,0,0,42,3,0,0,0,0,0,0,0,42
886,1,"886-1",2,1,2,NA,NA,NA,NA,NA,NA,NA,1,2,1,473.131069417,0,7,7,2,2,515,692,515,692,24,19,0,12,5,5,4,0,0,0,0,0,0,0,67,63,0,0,0,0,0,0,0,67
886,2,"886-2",2,1,2,NA,NA,NA,NA,NA,NA,NA,1,2,1,473.131069417,1,7,6,2,2,692,694,515,692,26,24,1,12,5,5,4,0,0,0,0,0,0,0,67,63,0,0,0,0,0,0,0,67
886,3,"886-3",2,1,2,NA,NA,NA,NA,NA,NA,NA,1,2,1,473.131069417,0,7,0,2,2,694,515,515,692,29,26,1,12,5,5,4,0,0,0,0,0,0,0,67,63,0,0,0,0,0,0,0,67
893,1,"893-1",2,1,2,NA,NA,NA,NA,NA,NA,NA,1,1,1,413.805691846,0,6,6,2,2,294,165,294,165,18,16,0,10,38,4,4,0,0,0,0,0,0,0,55,60,0,0,0,0,0,0,0,60
893,2,"893-2",2,1,2,NA,NA,NA,NA,NA,NA,NA,1,1,1,413.805691846,1,6,4,2,2,165,292,294,165,19,18,1,10,38,4,4,0,0,0,0,0,0,0,55,60,0,0,0,0,0,0,0,60
893,3,"893-3",2,1,2,NA,NA,NA,NA,NA,NA,NA,1,1,1,413.805691846,0,6,0,2,2,292,294,294,165,21,19,1,10,38,4,4,0,0,0,0,0,0,0,55,60,0,0,0,0,0,0,0,60
901,1,"901-1",2,1,2,NA,NA,NA,NA,NA,NA,NA,1,2,1,111.307033832,0,7,7,2,2,940,930,940,930,32,30,0,17,35,5,5,0,0,0,0,0,0,0,68,68,0,0,0,0,0,0,0,68
901,2,"901-2",2,1,2,NA,NA,NA,NA,NA,NA,NA,1,2,1,111.307033832,0,7,0,2,2,930,940,940,930,48,32,1,17,35,5,5,0,0,0,0,0,0,0,68,68,0,0,0,0,0,0,0,68
913,4,"913-4",2,1,3,NA,NA,NA,NA,NA,NA,NA,3,3,1,255.6212265,1,6,7,2,2,65,949,65,81,28,27,0,16,15,3,7,0,0,0,0,0,0,0,48,11,0,0,0,0,0,0,0,48
913,5,"913-5",2,1,3,NA,NA,NA,NA,NA,NA,NA,3,3,1,255.6212265,0,6,6,2,2,949,81,65,81,29,28,0,16,15,3,7,0,0,0,0,0,0,0,48,11,0,0,0,0,0,0,0,48
913,6,"913-6",2,1,3,NA,NA,NA,NA,NA,NA,NA,3,3,1,255.6212265,0,6,0,2,2,81,65,65,81,48,29,1,16,15,3,7,0,0,0,0,0,0,0,48,11,0,0,0,0,0,0,0,48
916,1,"916-1",2,1,2,NA,NA,NA,NA,NA,NA,NA,1,1,1,30.332203682,0,5,5,2,2,2754,2738,2754,2738,18,17,0,11,0,4,4,0,0,0,0,0,0,0,61,58,0,0,0,0,0,0,0,61
916,2,"916-2",2,1,2,NA,NA,NA,NA,NA,NA,NA,1,1,1,30.332203682,0,5,0,2,2,2738,2754,2754,2738,27,18,1,11,0,4,4,0,0,0,0,0,0,0,61,58,0,0,0,0,0,0,0,61
916,3,"916-3",2,1,2,NA,NA,NA,NA,NA,NA,NA,1,2,2,30.332203682,0,7,7,2,2,2754,2787,2754,2787,28,27,0,16,0,4,4,0,0,0,0,0,0,0,61,58,0,0,0,0,0,0,0,61
916,4,"916-4",2,1,2,NA,NA,NA,NA,NA,NA,NA,1,2,2,30.332203682,0,7,0,2,2,2787,2754,2754,2787,48,28,1,16,0,4,4,0,0,0,0,0,0,0,61,58,0,0,0,0,0,0,0,61
919,1,"919-1",2,1,2,NA,NA,NA,NA,NA,NA,NA,1,2,1,365.742182505,0,7,7,2,2,840,835,840,835,33,31,0,18,0,1,2,0,0,0,0,0,0,0,59,66,0,0,0,0,0,0,0,66
919,2,"919-2",2,1,2,NA,NA,NA,NA,NA,NA,NA,1,2,1,365.742182505,0,7,0,2,2,835,840,840,835,48,33,1,18,0,1,2,0,0,0,0,0,0,0,59,66,0,0,0,0,0,0,0,66
922,1,"922-1",5,1,2,3,4,5,NA,NA,NA,NA,3,1,1,2597.9859588,0,5,5,3,3,1830,1854,1830,1854,30,29,0,17,0,4,1,7,8,8,0,0,0,0,26,28,9,1,0,0,0,0,0,28
922,2,"922-2",5,1,2,3,4,5,NA,NA,NA,NA,3,1,1,2597.9859588,0,5,0,3,3,1854,1830,1830,1854,48,30,1,17,0,4,1,7,8,8,0,0,0,0,26,28,9,1,0,0,0,0,0,28
934,1,"934-1",2,1,2,NA,NA,NA,NA,NA,NA,NA,1,1,1,82.668542019,0,5,5,2,2,1997,1917,1997,1917,19,18,0,11,30,4,5,0,0,0,0,0,0,0,63,67,0,0,0,0,0,0,0,67
934,2,"934-2",2,1,2,NA,NA,NA,NA,NA,NA,NA,1,1,1,82.668542019,1,5,5,2,2,1917,1901,1997,1917,20,19,1,11,30,4,5,0,0,0,0,0,0,0,63,67,0,0,0,0,0,0,0,67
934,3,"934-3",2,1,2,NA,NA,NA,NA,NA,NA,NA,1,1,1,82.668542019,1,5,5,2,2,1901,1858,1997,1917,21,20,1,11,30,4,5,0,0,0,0,0,0,0,63,67,0,0,0,0,0,0,0,67
934,4,"934-4",2,1,2,NA,NA,NA,NA,NA,NA,NA,1,1,1,82.668542019,1,5,7,2,2,1858,1837,1997,1917,23,21,1,11,30,4,5,0,0,0,0,0,0,0,63,67,0,0,0,0,0,0,0,67
934,5,"934-5",2,1,2,NA,NA,NA,NA,NA,NA,NA,1,1,1,82.668542019,1,5,5,2,2,1837,1837,1997,1917,25,23,1,11,30,4,5,0,0,0,0,0,0,0,63,67,0,0,0,0,0,0,0,67
934,6,"934-6",2,1,2,NA,NA,NA,NA,NA,NA,NA,1,1,1,82.668542019,0,5,0,2,2,1837,1997,1997,1917,48,25,1,11,30,4,5,0,0,0,0,0,0,0,63,67,0,0,0,0,0,0,0,67
968,6,"968-6",2,1,3,NA,NA,NA,NA,NA,NA,NA,3,4,1,755.9685897,0,8,8,2,2,337,327,337,327,37,36,0,20,48,3,8,0,0,0,0,0,0,0,24,2,0,0,0,0,0,0,0,24
968,7,"968-7",2,1,3,NA,NA,NA,NA,NA,NA,NA,3,4,1,755.9685897,0,8,0,2,2,327,337,337,327,48,37,1,20,48,3,8,0,0,0,0,0,0,0,24,2,0,0,0,0,0,0,0,24
974,1,"974-1",2,1,2,NA,NA,NA,NA,NA,NA,NA,1,2,1,95.1233426,0,5,5,2,2,1994,1388,1994,1388,28,26,0,15,40,3,1,0,0,0,0,0,0,0,55,49,0,0,0,0,0,0,0,55
974,2,"974-2",2,1,2,NA,NA,NA,NA,NA,NA,NA,1,2,1,95.1233426,0,5,0,2,2,1388,1994,1994,1388,48,28,1,15,40,3,1,0,0,0,0,0,0,0,55,49,0,0,0,0,0,0,0,55
976,1,"976-1",2,1,2,NA,NA,NA,NA,NA,NA,NA,1,1,1,68.857439234,0,7,7,2,2,809,825,809,825,19,18,0,11,40,5,5,0,0,0,0,0,0,0,73,72,0,0,0,0,0,0,0,73
976,2,"976-2",2,1,2,NA,NA,NA,NA,NA,NA,NA,1,1,1,68.857439234,0,7,0,2,2,825,809,809,825,25,19,1,11,40,5,5,0,0,0,0,0,0,0,73,72,0,0,0,0,0,0,0,73
993,3,"993-3",2,1,5,NA,NA,NA,NA,NA,NA,NA,3,2,1,35.1363946,0,5,5,3,3,2752,2734,2752,2734,16,12,0,8,45,4,8,0,0,0,0,0,0,0,46,2,0,0,0,0,0,0,0,46
993,4,"993-4",2,1,5,NA,NA,NA,NA,NA,NA,NA,3,2,1,35.1363946,0,5,0,3,3,2734,2752,2752,2734,27,16,1,8,45,4,8,0,0,0,0,0,0,0,46,2,0,0,0,0,0,0,0,46
997,1,"997-1",2,1,4,NA,NA,NA,NA,NA,NA,NA,2,1,1,167.2530283,0,3,3,2,2,349,311,349,311,26,11,0,8,0,6,7,0,0,0,0,0,0,0,18,15,0,0,0,0,0,0,0,18
997,2,"997-2",2,1,4,NA,NA,NA,NA,NA,NA,NA,2,1,1,167.2530283,0,3,0,2,2,311,349,349,311,48,26,1,8,0,6,7,0,0,0,0,0,0,0,18,15,0,0,0,0,0,0,0,18
997,3,"997-3",2,2,6,NA,NA,NA,NA,NA,NA,NA,3,2,2,158.704179912,1,5,5,2,2,349,349,349,445,30,29,0,17,15,1,8,0,0,0,0,0,0,0,34,4,0,0,0,0,0,0,0,34
997,4,"997-4",2,2,6,NA,NA,NA,NA,NA,NA,NA,3,2,2,158.704179912,0,5,5,2,2,349,445,349,445,33,30,0,17,15,1,8,0,0,0,0,0,0,0,34,4,0,0,0,0,0,0,0,34
997,5,"997-5",2,2,6,NA,NA,NA,NA,NA,NA,NA,3,2,2,158.704179912,0,5,0,2,2,445,349,349,445,48,33,1,17,15,1,8,0,0,0,0,0,0,0,34,4,0,0,0,0,0,0,0,34
999,1,"999-1",3,1,3,4,NA,NA,NA,NA,NA,NA,3,1,1,187.86206728,1,6,6,3,3,2433,2434,2433,2447,14,13,0,9,20,2,8,8,0,0,0,0,0,0,33,3,1,0,0,0,0,0,0,33
999,2,"999-2",3,1,3,4,NA,NA,NA,NA,NA,NA,3,1,1,187.86206728,0,6,6,3,3,2434,2447,2433,2447,15,14,0,9,20,2,8,8,0,0,0,0,0,0,33,3,1,0,0,0,0,0,0,33
999,3,"999-3",3,1,3,4,NA,NA,NA,NA,NA,NA,3,1,1,187.86206728,0,6,0,3,3,2447,2433,2433,2447,48,15,1,9,20,2,8,8,0,0,0,0,0,0,33,3,1,0,0,0,0,0,0,33
1005,1,"1005-1",2,1,3,NA,NA,NA,NA,NA,NA,NA,1,1,1,239.5023881,1,5,6,2,2,17,22,17,15,15,14,0,9,30,4,4,0,0,0,0,0,0,0,54,53,0,0,0,0,0,0,0,54
1005,2,"1005-2",2,1,3,NA,NA,NA,NA,NA,NA,NA,1,1,1,239.5023881,0,5,5,2,2,22,15,17,15,20,15,0,9,30,4,4,0,0,0,0,0,0,0,54,53,0,0,0,0,0,0,0,54
1005,3,"1005-3",2,1,3,NA,NA,NA,NA,NA,NA,NA,1,1,1,239.5023881,1,5,8,2,2,15,321,17,15,34,20,1,9,30,4,4,0,0,0,0,0,0,0,54,53,0,0,0,0,0,0,0,54
1005,4,"1005-4",2,1,3,NA,NA,NA,NA,NA,NA,NA,1,1,1,239.5023881,0,5,0,2,2,321,17,17,15,48,34,1,9,30,4,4,0,0,0,0,0,0,0,54,53,0,0,0,0,0,0,0,54
1040,1,"1040-1",2,2,3,NA,NA,NA,NA,NA,NA,NA,3,2,1,52.0920968,0,9,9,2,2,2490,2297,2490,2297,31,28,0,16,30,1,7,0,0,0,0,0,0,0,40,13,0,0,0,0,0,0,0,40
1040,2,"1040-2",2,2,3,NA,NA,NA,NA,NA,NA,NA,3,2,1,52.0920968,1,9,8,2,2,2297,2277,2490,2297,34,31,1,16,30,1,7,0,0,0,0,0,0,0,40,13,0,0,0,0,0,0,0,40
1040,3,"1040-3",2,2,3,NA,NA,NA,NA,NA,NA,NA,3,2,1,52.0920968,1,9,6,2,2,2277,2281,2490,2297,35,34,1,16,30,1,7,0,0,0,0,0,0,0,40,13,0,0,0,0,0,0,0,40
1040,4,"1040-4",2,2,3,NA,NA,NA,NA,NA,NA,NA,3,2,1,52.0920968,0,9,0,2,2,2281,2490,2490,2297,48,35,1,16,30,1,7,0,0,0,0,0,0,0,40,13,0,0,0,0,0,0,0,40
1043,1,"1043-1",2,1,2,NA,NA,NA,NA,NA,NA,NA,1,1,1,584.717363756,1,9,7,2,2,472,545,472,502,15,15,0,10,0,5,5,0,0,0,0,0,0,0,72,72,0,0,0,0,0,0,0,72
1043,2,"1043-2",2,1,2,NA,NA,NA,NA,NA,NA,NA,1,1,1,584.717363756,1,9,7,2,2,545,545,472,502,15,15,0,10,0,5,5,0,0,0,0,0,0,0,72,72,0,0,0,0,0,0,0,72
1043,3,"1043-3",2,1,2,NA,NA,NA,NA,NA,NA,NA,1,1,1,584.717363756,0,9,9,2,2,545,502,472,502,21,15,0,10,0,5,5,0,0,0,0,0,0,0,72,72,0,0,0,0,0,0,0,72
1043,4,"1043-4",2,1,2,NA,NA,NA,NA,NA,NA,NA,1,1,1,584.717363756,1,9,5,2,2,502,512,472,502,24,21,1,10,0,5,5,0,0,0,0,0,0,0,72,72,0,0,0,0,0,0,0,72
1043,5,"1043-5",2,1,2,NA,NA,NA,NA,NA,NA,NA,1,1,1,584.717363756,0,9,0,2,2,512,472,472,502,48,24,1,10,0,5,5,0,0,0,0,0,0,0,72,72,0,0,0,0,0,0,0,72
1053,1,"1053-1",2,1,2,NA,NA,NA,NA,NA,NA,NA,1,1,1,175.923701517,1,5,8,2,2,609,1256,609,476,27,22,0,13,53,5,4,0,0,0,0,0,0,0,72,64,0,0,0,0,0,0,0,72
1053,2,"1053-2",2,1,2,NA,NA,NA,NA,NA,NA,NA,1,1,1,175.923701517,0,5,5,2,2,1256,476,609,476,30,27,0,13,53,5,4,0,0,0,0,0,0,0,72,64,0,0,0,0,0,0,0,72
1053,3,"1053-3",2,1,2,NA,NA,NA,NA,NA,NA,NA,1,1,1,175.923701517,0,5,0,2,2,476,609,609,476,48,30,1,13,53,5,4,0,0,0,0,0,0,0,72,64,0,0,0,0,0,0,0,72
1060,5,"1060-5",2,1,2,NA,NA,NA,NA,NA,NA,NA,1,1,1,135.585047026,0,8,0,3,6,24,297,297,24,48,27,1,10,0,4,4,0,0,0,0,0,0,0,62,50,0,0,0,0,0,0,0,62
1065,1,"1065-1",3,1,3,4,NA,NA,NA,NA,NA,NA,3,2,1,570.534624576,0,9,9,3,3,830,815,830,815,32,28,0,16,45,1,8,8,0,0,0,0,0,0,32,4,3,0,0,0,0,0,0,32
1065,2,"1065-2",3,1,3,4,NA,NA,NA,NA,NA,NA,3,2,1,570.534624576,0,9,0,3,3,815,830,830,815,48,32,1,16,45,1,8,8,0,0,0,0,0,0,32,4,3,0,0,0,0,0,0,32
1081,1,"1081-1",2,1,2,NA,NA,NA,NA,NA,NA,NA,1,2,1,171.7196995,0,6,6,2,2,607,264,607,264,31,22,0,13,45,4,4,0,0,0,0,0,0,0,63,63,0,0,0,0,0,0,0,63
1081,2,"1081-2",2,1,2,NA,NA,NA,NA,NA,NA,NA,1,2,1,171.7196995,0,6,0,2,2,264,607,607,264,48,31,1,13,45,4,4,0,0,0,0,0,0,0,63,63,0,0,0,0,0,0,0,63
1085,4,"1085-4",2,1,2,NA,NA,NA,NA,NA,NA,NA,1,2,1,1269.4140902,0,5,5,2,2,942,835,942,835,35,33,0,19,0,1,3,0,0,0,0,0,0,0,49,45,0,0,0,0,0,0,0,49
1085,5,"1085-5",2,1,2,NA,NA,NA,NA,NA,NA,NA,1,2,1,1269.4140902,0,5,0,2,2,835,942,942,835,48,35,1,19,0,1,3,0,0,0,0,0,0,0,49,45,0,0,0,0,0,0,0,49
1088,1,"1088-1",2,1,2,NA,NA,NA,NA,NA,NA,NA,1,2,1,26.67868014,0,7,7,2,2,2472,2432,2472,2432,34,32,0,18,30,1,1,0,0,0,0,0,0,0,60,58,0,0,0,0,0,0,0,60
1088,2,"1088-2",2,1,2,NA,NA,NA,NA,NA,NA,NA,1,2,1,26.67868014,0,7,0,2,2,2432,2472,2472,2432,48,34,1,18,30,1,1,0,0,0,0,0,0,0,60,58,0,0,0,0,0,0,0,60
1091,1,"1091-1",2,1,2,NA,NA,NA,NA,NA,NA,NA,1,1,1,73.374205485,1,5,8,2,2,1744,413,1744,1739,30,28,0,16,37,2,1,0,0,0,0,0,0,0,61,62,0,0,0,0,0,0,0,62
1091,2,"1091-2",2,1,2,NA,NA,NA,NA,NA,NA,NA,1,1,1,73.374205485,0,5,5,2,2,413,1739,1744,1739,32,30,0,16,37,2,1,0,0,0,0,0,0,0,61,62,0,0,0,0,0,0,0,62
1091,3,"1091-3",2,1,2,NA,NA,NA,NA,NA,NA,NA,1,1,1,73.374205485,0,5,0,2,2,1739,1744,1744,1739,48,32,1,16,37,2,1,0,0,0,0,0,0,0,61,62,0,0,0,0,0,0,0,62
1093,1,"1093-1",2,2,3,NA,NA,NA,NA,NA,NA,NA,1,1,1,725.1564703,1,6,6,2,2,830,814,830,830,17,13,0,9,15,4,1,0,0,0,0,0,0,0,47,19,0,0,0,0,0,0,0,47
1093,2,"1093-2",2,2,3,NA,NA,NA,NA,NA,NA,NA,1,1,1,725.1564703,0,6,6,2,2,814,830,830,830,48,17,0,9,15,4,1,0,0,0,0,0,0,0,47,19,0,0,0,0,0,0,0,47
1102,1,"1102-1",3,1,2,3,NA,NA,NA,NA,NA,NA,3,1,1,181.362000784,0,9,9,4,4,2167,2177,2167,2177,15,13,0,9,0,2,1,8,0,0,0,0,0,0,30,31,0,0,0,0,0,0,0,31
1102,2,"1102-2",3,1,2,3,NA,NA,NA,NA,NA,NA,3,1,1,181.362000784,0,9,0,4,4,2177,2167,2167,2177,27,15,1,9,0,2,1,8,0,0,0,0,0,0,30,31,0,0,0,0,0,0,0,31
1105,1,"1105-1",2,2,5,NA,NA,NA,NA,NA,NA,NA,3,1,1,199.90724338,1,8,9,2,2,1461,9999,1461,9999,37,5,0,5,0,1,8,0,0,0,0,0,0,0,41,4,0,0,0,0,0,0,0,41
1105,2,"1105-2",2,2,5,NA,NA,NA,NA,NA,NA,NA,3,1,1,199.90724338,0,8,8,2,2,9999,9999,1461,9999,48,37,0,5,0,1,8,0,0,0,0,0,0,0,41,4,0,0,0,0,0,0,0,41
1107,1,"1107-1",2,1,2,NA,NA,NA,NA,NA,NA,NA,1,1,1,152.753318964,0,6,6,3,3,769,475,769,475,29,24,0,14,45,4,4,0,0,0,0,0,0,0,60,60,0,0,0,0,0,0,0,60
1107,2,"1107-2",2,1,2,NA,NA,NA,NA,NA,NA,NA,1,1,1,152.753318964,1,6,5,3,3,475,762,769,475,30,29,1,14,45,4,4,0,0,0,0,0,0,0,60,60,0,0,0,0,0,0,0,60
1107,3,"1107-3",2,1,2,NA,NA,NA,NA,NA,NA,NA,1,1,1,152.753318964,1,6,6,3,3,762,762,769,475,31,30,1,14,45,4,4,0,0,0,0,0,0,0,60,60,0,0,0,0,0,0,0,60
1107,4,"1107-4",2,1,2,NA,NA,NA,NA,NA,NA,NA,1,1,1,152.753318964,0,6,0,3,3,762,769,769,475,48,31,1,14,45,4,4,0,0,0,0,0,0,0,60,60,0,0,0,0,0,0,0,60
1120,3,"1120-3",3,1,3,4,NA,NA,NA,NA,NA,NA,3,1,2,137.937718,0,9,9,3,3,1743,1744,1743,1744,34,31,0,18,29,1,7,7,0,0,0,0,0,0,60,10,6,0,0,0,0,0,0,60
1120,4,"1120-4",3,1,3,4,NA,NA,NA,NA,NA,NA,3,1,2,137.937718,0,9,0,3,3,1744,1743,1743,1744,48,34,1,18,29,1,7,7,0,0,0,0,0,0,60,10,6,0,0,0,0,0,0,60
1120,1,"1120-1",2,3,4,NA,NA,NA,NA,NA,NA,NA,2,1,1,183.7727728,0,3,3,9,9,1743,1741,1743,1741,25,10,0,7,40,7,7,0,0,0,0,0,0,0,10,6,0,0,0,0,0,0,0,10
1120,2,"1120-2",2,3,4,NA,NA,NA,NA,NA,NA,NA,2,1,1,183.7727728,0,3,0,9,9,1741,1743,1743,1741,31,25,1,7,40,7,7,0,0,0,0,0,0,0,10,6,0,0,0,0,0,0,0,10
1124,1,"1124-1",2,1,2,NA,NA,NA,NA,NA,NA,NA,1,3,1,666.0183537,1,6,7,2,2,2178,582,2178,583,31,29,0,17,0,3,1,0,0,0,0,0,0,0,23,26,0,0,0,0,0,0,0,26
1124,2,"1124-2",2,1,2,NA,NA,NA,NA,NA,NA,NA,1,3,1,666.0183537,0,6,6,2,2,582,583,2178,583,38,31,0,17,0,3,1,0,0,0,0,0,0,0,23,26,0,0,0,0,0,0,0,26
1124,3,"1124-3",2,1,2,NA,NA,NA,NA,NA,NA,NA,1,3,1,666.0183537,1,6,5,2,2,583,2170,2178,583,40,38,1,17,0,3,1,0,0,0,0,0,0,0,23,26,0,0,0,0,0,0,0,26
1124,4,"1124-4",2,1,2,NA,NA,NA,NA,NA,NA,NA,1,3,1,666.0183537,0,6,0,2,2,2170,2178,2178,583,48,40,1,17,0,3,1,0,0,0,0,0,0,0,23,26,0,0,0,0,0,0,0,26
1126,1,"1126-1",2,1,2,NA,NA,NA,NA,NA,NA,NA,1,1,1,99.866842585,0,5,5,2,2,295,294,295,294,17,15,0,10,15,4,4,0,0,0,0,0,0,0,63,63,0,0,0,0,0,0,0,63
1126,2,"1126-2",2,1,2,NA,NA,NA,NA,NA,NA,NA,1,1,1,99.866842585,1,5,6,2,2,294,295,295,294,18,17,1,10,15,4,4,0,0,0,0,0,0,0,63,63,0,0,0,0,0,0,0,63
1126,3,"1126-3",2,1,2,NA,NA,NA,NA,NA,NA,NA,1,1,1,99.866842585,1,5,6,2,2,295,292,295,294,20,18,1,10,15,4,4,0,0,0,0,0,0,0,63,63,0,0,0,0,0,0,0,63
1126,4,"1126-4",2,1,2,NA,NA,NA,NA,NA,NA,NA,1,1,1,99.866842585,0,5,0,2,2,292,295,295,294,25,20,1,10,15,4,4,0,0,0,0,0,0,0,63,63,0,0,0,0,0,0,0,63
1126,5,"1126-5",2,1,2,NA,NA,NA,NA,NA,NA,NA,1,2,2,99.866842585,1,6,4,2,2,295,36,295,295,26,25,0,15,0,4,4,0,0,0,0,0,0,0,63,63,0,0,0,0,0,0,0,63
1126,6,"1126-6",2,1,2,NA,NA,NA,NA,NA,NA,NA,1,2,2,99.866842585,0,6,6,2,2,36,295,295,295,48,26,0,15,0,4,4,0,0,0,0,0,0,0,63,63,0,0,0,0,0,0,0,63
1128,7,"1128-7",3,2,3,4,NA,NA,NA,NA,NA,NA,3,2,1,292.8927372,0,5,5,4,4,298,964,298,964,28,27,0,16,0,4,7,8,0,0,0,0,0,0,20,7,3,0,0,0,0,0,0,20
1128,8,"1128-8",3,2,3,4,NA,NA,NA,NA,NA,NA,3,2,1,292.8927372,0,5,0,4,4,964,298,298,964,48,28,1,16,0,4,7,8,0,0,0,0,0,0,20,7,3,0,0,0,0,0,0,20
1138,1,"1138-1",2,1,2,NA,NA,NA,NA,NA,NA,NA,1,1,1,175.923701517,1,9,7,3,3,595,597,595,9999,7,7,0,6,0,5,5,0,0,0,0,0,0,0,67,65,0,0,0,0,0,0,0,67
1138,2,"1138-2",2,1,2,NA,NA,NA,NA,NA,NA,NA,1,1,1,175.923701517,0,9,9,3,3,597,9999,595,9999,48,7,0,6,0,5,5,0,0,0,0,0,0,0,67,65,0,0,0,0,0,0,0,67
1139,3,"1139-3",2,2,5,NA,NA,NA,NA,NA,NA,NA,3,2,1,690.1745231,0,7,7,2,2,1405,1431,1405,1431,33,33,0,19,4,4,0,0,0,0,0,0,0,0,40,-7,0,0,0,0,0,0,0,40
1139,4,"1139-4",2,2,5,NA,NA,NA,NA,NA,NA,NA,3,2,1,690.1745231,0,7,0,2,2,1431,1405,1405,1431,48,33,1,19,4,4,0,0,0,0,0,0,0,0,40,-7,0,0,0,0,0,0,0,40
1143,1,"1143-1",2,1,2,NA,NA,NA,NA,NA,NA,NA,1,1,1,24.376459065,1,6,4,2,2,2458,606,2458,517,24,23,0,14,0,2,2,0,0,0,0,0,0,0,49,58,0,0,0,0,0,0,0,58
1143,2,"1143-2",2,1,2,NA,NA,NA,NA,NA,NA,NA,1,1,1,24.376459065,0,6,6,2,2,606,517,2458,517,29,24,0,14,0,2,2,0,0,0,0,0,0,0,49,58,0,0,0,0,0,0,0,58
1143,3,"1143-3",2,1,2,NA,NA,NA,NA,NA,NA,NA,1,1,1,24.376459065,1,6,7,2,2,517,521,2458,517,32,29,1,14,0,2,2,0,0,0,0,0,0,0,49,58,0,0,0,0,0,0,0,58
1143,4,"1143-4",2,1,2,NA,NA,NA,NA,NA,NA,NA,1,1,1,24.376459065,1,6,4,2,2,521,605,2458,517,35,32,1,14,0,2,2,0,0,0,0,0,0,0,49,58,0,0,0,0,0,0,0,58
1143,5,"1143-5",2,1,2,NA,NA,NA,NA,NA,NA,NA,1,1,1,24.376459065,0,6,0,2,2,605,2458,2458,517,48,35,1,14,0,2,2,0,0,0,0,0,0,0,49,58,0,0,0,0,0,0,0,58
1153,1,"1153-1",2,1,2,NA,NA,NA,NA,NA,NA,NA,1,2,1,430.108037918,0,9,9,2,2,1622,1106,1622,1106,26,18,0,11,30,5,5,0,0,0,0,0,0,0,83,80,0,0,0,0,0,0,0,83
1153,2,"1153-2",2,1,2,NA,NA,NA,NA,NA,NA,NA,1,2,1,430.108037918,0,9,0,2,2,1106,1622,1622,1106,48,26,1,11,30,5,5,0,0,0,0,0,0,0,83,80,0,0,0,0,0,0,0,83
1175,1,"1175-1",2,1,2,NA,NA,NA,NA,NA,NA,NA,1,2,1,318.136630338,0,2,2,2,2,402,178,402,178,30,28,0,16,30,3,3,0,0,0,0,0,0,0,59,22,0,0,0,0,0,0,0,59
1175,2,"1175-2",2,1,2,NA,NA,NA,NA,NA,NA,NA,1,2,1,318.136630338,0,2,0,2,2,178,402,402,178,48,30,1,16,30,3,3,0,0,0,0,0,0,0,59,22,0,0,0,0,0,0,0,59
1202,1,"1202-1",2,1,2,NA,NA,NA,NA,NA,NA,NA,1,2,1,133.5360043,0,7,7,2,2,1568,941,1568,941,33,30,0,17,43,3,1,0,0,0,0,0,0,0,23,24,0,0,0,0,0,0,0,24
1202,2,"1202-2",2,1,2,NA,NA,NA,NA,NA,NA,NA,1,2,1,133.5360043,0,7,0,2,2,941,1568,1568,941,48,33,1,17,43,3,1,0,0,0,0,0,0,0,23,24,0,0,0,0,0,0,0,24
1209,1,"1209-1",2,2,4,NA,NA,NA,NA,NA,NA,NA,3,1,1,198.5147541,0,2,2,2,3,2244,2206,2244,2206,18,16,0,10,38,3,8,0,0,0,0,0,0,0,38,5,0,0,0,0,0,0,0,38
1209,2,"1209-2",2,2,4,NA,NA,NA,NA,NA,NA,NA,3,1,1,198.5147541,0,2,0,3,3,2206,2244,2244,2206,23,18,1,10,38,3,8,0,0,0,0,0,0,0,38,5,0,0,0,0,0,0,0,38
1210,1,"1210-1",2,1,2,NA,NA,NA,NA,NA,NA,NA,1,1,1,115.389383473,1,6,8,2,2,2712,9999,2712,2722,24,11,0,8,0,5,5,0,0,0,0,0,0,0,78,77,0,0,0,0,0,0,0,78
1210,2,"1210-2",2,1,2,NA,NA,NA,NA,NA,NA,NA,1,1,1,115.389383473,1,6,8,2,2,9999,9999,2712,2722,28,24,0,8,0,5,5,0,0,0,0,0,0,0,78,77,0,0,0,0,0,0,0,78
1210,3,"1210-3",2,1,2,NA,NA,NA,NA,NA,NA,NA,1,1,1,115.389383473,1,6,8,2,2,9999,9999,2712,2722,34,28,0,8,0,5,5,0,0,0,0,0,0,0,78,77,0,0,0,0,0,0,0,78
1210,4,"1210-4",2,1,2,NA,NA,NA,NA,NA,NA,NA,1,1,1,115.389383473,0,6,6,2,2,9999,2722,2712,2722,39,34,0,8,0,5,5,0,0,0,0,0,0,0,78,77,0,0,0,0,0,0,0,78
1210,5,"1210-5",2,1,2,NA,NA,NA,NA,NA,NA,NA,1,1,1,115.389383473,0,6,0,2,2,2722,2712,2712,2722,48,39,1,8,0,5,5,0,0,0,0,0,0,0,78,77,0,0,0,0,0,0,0,78
1213,1,"1213-1",2,1,2,NA,NA,NA,NA,NA,NA,NA,1,1,1,108.13467298,0,9,9,2,2,1507,1505,1507,1505,12,11,0,8,13,5,5,0,0,0,0,0,0,0,73,71,0,0,0,0,0,0,0,73
1213,2,"1213-2",2,1,2,NA,NA,NA,NA,NA,NA,NA,1,1,1,108.13467298,0,9,0,2,2,1505,1507,1507,1505,14,12,1,8,13,5,5,0,0,0,0,0,0,0,73,71,0,0,0,0,0,0,0,73
1224,3,"1224-3",2,1,5,NA,NA,NA,NA,NA,NA,NA,1,1,2,237.9659447,0,9,9,3,3,338,354,338,354,35,32,0,18,30,4,4,0,0,0,0,0,0,0,31,46,0,0,0,0,0,0,0,46
1224,4,"1224-4",2,1,5,NA,NA,NA,NA,NA,NA,NA,1,1,2,237.9659447,0,9,0,3,3,354,338,338,354,48,35,1,18,30,4,4,0,0,0,0,0,0,0,31,46,0,0,0,0,0,0,0,46
1224,1,"1224-1",2,3,4,NA,NA,NA,NA,NA,NA,NA,2,1,1,228.595203,0,3,3,9,9,338,354,338,354,24,8,0,6,45,7,7,0,0,0,0,0,0,0,12,7,0,0,0,0,0,0,0,12
1224,2,"1224-2",2,3,4,NA,NA,NA,NA,NA,NA,NA,2,1,1,228.595203,0,3,0,9,9,354,338,338,354,48,24,1,6,45,7,7,0,0,0,0,0,0,0,12,7,0,0,0,0,0,0,0,12
1226,1,"1226-1",2,1,2,NA,NA,NA,NA,NA,NA,NA,1,2,1,63.095368855,0,7,7,2,2,1290,1317,1290,1317,31,27,0,16,10,5,5,0,0,0,0,0,0,0,70,70,0,0,0,0,0,0,0,70
1226,2,"1226-2",2,1,2,NA,NA,NA,NA,NA,NA,NA,1,2,1,63.095368855,0,7,0,2,2,1317,1290,1290,1317,48,31,1,16,10,5,5,0,0,0,0,0,0,0,70,70,0,0,0,0,0,0,0,70
1227,1,"1227-1",2,1,2,NA,NA,NA,NA,NA,NA,NA,1,2,1,59.4607411,1,5,6,3,3,1743,1747,1743,1813,27,26,0,15,30,2,4,0,0,0,0,0,0,0,65,40,0,0,0,0,0,0,0,65
1227,2,"1227-2",2,1,2,NA,NA,NA,NA,NA,NA,NA,1,2,1,59.4607411,1,5,6,3,3,1747,1747,1743,1813,27,27,0,15,30,2,4,0,0,0,0,0,0,0,65,40,0,0,0,0,0,0,0,65
1227,3,"1227-3",2,1,2,NA,NA,NA,NA,NA,NA,NA,1,2,1,59.4607411,1,5,5,3,3,1747,1759,1743,1813,29,27,0,15,30,2,4,0,0,0,0,0,0,0,65,40,0,0,0,0,0,0,0,65
1227,4,"1227-4",2,1,2,NA,NA,NA,NA,NA,NA,NA,1,2,1,59.4607411,1,5,7,3,3,1759,1767,1743,1813,31,29,0,15,30,2,4,0,0,0,0,0,0,0,65,40,0,0,0,0,0,0,0,65
1227,5,"1227-5",2,1,2,NA,NA,NA,NA,NA,NA,NA,1,2,1,59.4607411,0,5,5,2,3,1767,1813,1743,1813,34,31,0,15,30,2,4,0,0,0,0,0,0,0,65,40,0,0,0,0,0,0,0,65
1227,6,"1227-6",2,1,2,NA,NA,NA,NA,NA,NA,NA,1,2,1,59.4607411,0,5,0,2,3,1813,1743,1743,1813,48,34,1,15,30,2,4,0,0,0,0,0,0,0,65,40,0,0,0,0,0,0,0,65
1229,1,"1229-1",3,2,3,4,NA,NA,NA,NA,NA,NA,3,1,1,192.5791767,0,6,6,3,3,1960,1837,1960,1837,14,14,0,9,39,2,8,8,0,0,0,0,0,0,32,3,0,0,0,0,0,0,0,32
1229,2,"1229-2",3,2,3,4,NA,NA,NA,NA,NA,NA,3,1,1,192.5791767,1,6,6,3,3,1837,1837,1960,1837,15,14,1,9,39,2,8,8,0,0,0,0,0,0,32,3,0,0,0,0,0,0,0,32
1229,3,"1229-3",3,2,3,4,NA,NA,NA,NA,NA,NA,3,1,1,192.5791767,0,6,0,3,3,1837,1960,1960,1837,29,15,1,9,39,2,8,8,0,0,0,0,0,0,32,3,0,0,0,0,0,0,0,32
1230,3,"1230-3",2,1,2,NA,NA,NA,NA,NA,NA,NA,3,2,1,221.05078552,0,5,5,2,2,2481,2483,2481,2483,35,34,0,19,30,1,7,0,0,0,0,0,0,0,51,13,0,0,0,0,0,0,0,51
1230,4,"1230-4",2,1,2,NA,NA,NA,NA,NA,NA,NA,3,2,1,221.05078552,0,5,0,2,2,2483,2481,2481,2483,48,35,1,19,30,1,7,0,0,0,0,0,0,0,51,13,0,0,0,0,0,0,0,51
1246,1,"1246-1",2,1,3,NA,NA,NA,NA,NA,NA,NA,3,1,1,181.896541196,1,4,4,2,3,2233,2246,2233,2246,19,18,0,11,45,2,8,0,0,0,0,0,0,0,35,1,0,0,0,0,0,0,0,35
1246,2,"1246-2",2,1,3,NA,NA,NA,NA,NA,NA,NA,3,1,1,181.896541196,1,4,8,3,3,2246,9999,2233,2246,26,19,0,11,45,2,8,0,0,0,0,0,0,0,35,1,0,0,0,0,0,0,0,35
1246,3,"1246-3",2,1,3,NA,NA,NA,NA,NA,NA,NA,3,1,1,181.896541196,0,4,4,3,3,9999,2246,2233,2246,28,26,0,11,45,2,8,0,0,0,0,0,0,0,35,1,0,0,0,0,0,0,0,35
1246,4,"1246-4",2,1,3,NA,NA,NA,NA,NA,NA,NA,3,1,1,181.896541196,0,4,0,2,3,2246,2233,2233,2246,34,28,1,11,45,2,8,0,0,0,0,0,0,0,35,1,0,0,0,0,0,0,0,35
1246,5,"1246-5",3,1,2,3,NA,NA,NA,NA,NA,NA,3,2,2,181.896541196,0,8,8,4,4,2233,2232,2233,2232,36,34,0,19,30,2,1,8,0,0,0,0,0,0,35,39,1,0,0,0,0,0,0,39
1246,6,"1246-6",3,1,2,3,NA,NA,NA,NA,NA,NA,3,2,2,181.896541196,0,8,0,4,4,2232,2233,2233,2232,48,36,1,19,30,2,1,8,0,0,0,0,0,0,35,39,1,0,0,0,0,0,0,39
1249,1,"1249-1",2,1,2,NA,NA,NA,NA,NA,NA,NA,1,1,1,278.264368971,0,7,7,2,2,1288,1304,1288,1304,25,21,0,13,15,5,5,0,0,0,0,0,0,0,67,69,0,0,0,0,0,0,0,69
1249,2,"1249-2",2,1,2,NA,NA,NA,NA,NA,NA,NA,1,1,1,278.264368971,0,7,0,2,2,1304,1288,1288,1304,26,25,1,13,15,5,5,0,0,0,0,0,0,0,67,69,0,0,0,0,0,0,0,69
1252,1,"1252-1",2,1,2,NA,NA,NA,NA,NA,NA,NA,1,1,1,112.014381885,1,5,5,2,2,2043,2198,2043,2307,30,29,0,17,5,1,3,0,0,0,0,0,0,0,26,26,0,0,0,0,0,0,0,26
1252,2,"1252-2",2,1,2,NA,NA,NA,NA,NA,NA,NA,1,1,1,112.014381885,0,5,5,2,2,2198,2307,2043,2307,32,30,0,17,5,1,3,0,0,0,0,0,0,0,26,26,0,0,0,0,0,0,0,26
1252,3,"1252-3",2,1,2,NA,NA,NA,NA,NA,NA,NA,1,1,1,112.014381885,0,5,0,2,2,2307,2043,2043,2307,36,32,1,17,5,1,3,0,0,0,0,0,0,0,26,26,0,0,0,0,0,0,0,26
1260,1,"1260-1",2,1,2,NA,NA,NA,NA,NA,NA,NA,1,2,1,56.43198162,0,5,5,2,2,1103,1611,1103,1611,19,17,0,11,0,2,4,0,0,0,0,0,0,0,62,63,0,0,0,0,0,0,0,63
1260,2,"1260-2",2,1,2,NA,NA,NA,NA,NA,NA,NA,1,2,1,56.43198162,1,5,7,2,2,1611,1590,1103,1611,21,19,1,11,0,2,4,0,0,0,0,0,0,0,62,63,0,0,0,0,0,0,0,63
1260,3,"1260-3",2,1,2,NA,NA,NA,NA,NA,NA,NA,1,2,1,56.43198162,1,5,6,2,2,1590,1096,1103,1611,22,21,1,11,0,2,4,0,0,0,0,0,0,0,62,63,0,0,0,0,0,0,0,63
1260,4,"1260-4",2,1,2,NA,NA,NA,NA,NA,NA,NA,1,2,1,56.43198162,0,5,0,2,2,1096,1103,1103,1611,48,22,1,11,0,2,4,0,0,0,0,0,0,0,62,63,0,0,0,0,0,0,0,63
1271,1,"1271-1",2,1,2,NA,NA,NA,NA,NA,NA,NA,1,1,1,73.374205485,0,6,6,2,2,1750,1811,1750,1811,27,27,0,16,0,2,1,0,0,0,0,0,0,0,52,26,0,0,0,0,0,0,0,52
1271,2,"1271-2",2,1,2,NA,NA,NA,NA,NA,NA,NA,1,1,1,73.374205485,0,6,0,2,2,1811,1750,1750,1811,48,27,1,16,0,2,1,0,0,0,0,0,0,0,52,26,0,0,0,0,0,0,0,52
1274,1,"1274-1",2,1,2,NA,NA,NA,NA,NA,NA,NA,1,1,1,289.697688945,0,1,1,2,2,1965,451,1965,451,24,5,0,5,0,1,1,0,0,0,0,0,0,0,54,50,0,0,0,0,0,0,0,54
1274,2,"1274-2",2,1,2,NA,NA,NA,NA,NA,NA,NA,1,1,1,289.697688945,1,1,7,2,2,451,1983,1965,451,27,24,1,5,0,1,1,0,0,0,0,0,0,0,54,50,0,0,0,0,0,0,0,54
1274,3,"1274-3",2,1,2,NA,NA,NA,NA,NA,NA,NA,1,1,1,289.697688945,1,1,6,2,2,1983,1995,1965,451,28,27,1,5,0,1,1,0,0,0,0,0,0,0,54,50,0,0,0,0,0,0,0,54
1274,4,"1274-4",2,1,2,NA,NA,NA,NA,NA,NA,NA,1,1,1,289.697688945,0,1,0,2,2,1995,1965,1965,451,48,28,1,5,0,1,1,0,0,0,0,0,0,0,54,50,0,0,0,0,0,0,0,54
1276,2,"1276-2",2,1,2,NA,NA,NA,NA,NA,NA,NA,1,2,1,68.70423525,0,5,5,2,2,1950,1422,1950,1422,18,15,0,10,20,2,2,0,0,0,0,0,0,0,71,54,0,0,0,0,0,0,0,71
1276,3,"1276-3",2,1,2,NA,NA,NA,NA,NA,NA,NA,1,2,1,68.70423525,0,5,0,2,2,1422,1950,1950,1422,48,18,1,10,20,2,2,0,0,0,0,0,0,0,71,54,0,0,0,0,0,0,0,71
1287,1,"1287-1",4,1,2,3,4,NA,NA,NA,NA,NA,3,1,1,980.8326495,0,8,8,3,3,668,518,668,518,18,17,0,11,10,3,1,4,8,0,0,0,0,0,58,28,22,2,0,0,0,0,0,58
1287,2,"1287-2",4,1,2,3,4,NA,NA,NA,NA,NA,3,1,1,980.8326495,0,8,0,3,3,518,668,668,518,20,18,1,11,10,3,1,4,8,0,0,0,0,0,58,28,22,2,0,0,0,0,0,58
1287,3,"1287-3",2,1,2,NA,NA,NA,NA,NA,NA,NA,1,3,2,980.8326495,0,6,6,3,3,668,502,668,502,32,27,0,16,15,3,1,0,0,0,0,0,0,0,58,28,0,0,0,0,0,0,0,58
1287,4,"1287-4",2,1,2,NA,NA,NA,NA,NA,NA,NA,1,3,2,980.8326495,0,6,0,3,3,502,668,668,502,48,32,1,16,15,3,1,0,0,0,0,0,0,0,58,28,0,0,0,0,0,0,0,58
1302,1,"1302-1",2,1,2,NA,NA,NA,NA,NA,NA,NA,1,5,1,106.872887205,0,8,8,2,2,2337,2351,2337,2351,35,30,0,17,30,2,5,0,0,0,0,0,0,0,81,82,0,0,0,0,0,0,0,82
1302,2,"1302-2",2,1,2,NA,NA,NA,NA,NA,NA,NA,1,5,1,106.872887205,0,8,0,2,2,2351,2337,2337,2351,48,35,1,17,30,2,5,0,0,0,0,0,0,0,81,82,0,0,0,0,0,0,0,82
1305,6,"1305-6",2,2,4,NA,NA,NA,NA,NA,NA,NA,3,2,1,672.413014836,0,9,9,2,2,470,463,470,463,36,34,0,19,30,1,7,0,0,0,0,0,0,0,40,8,0,0,0,0,0,0,0,40
1305,7,"1305-7",2,2,4,NA,NA,NA,NA,NA,NA,NA,3,2,1,672.413014836,0,9,0,2,2,463,470,470,463,48,36,1,19,30,1,7,0,0,0,0,0,0,0,40,8,0,0,0,0,0,0,0,40
1309,1,"1309-1",3,1,2,3,NA,NA,NA,NA,NA,NA,1,1,0,228.0032723,0,NA,2,3,NA,2489,2163,NA,NA,25,11,0,NA,NA,3,2,1,0,0,0,0,0,0,40,40,40,0,0,0,0,0,0,40
1309,2,"1309-2",3,1,2,3,NA,NA,NA,NA,NA,NA,1,1,0,228.0032723,0,NA,0,3,NA,2163,2489,NA,NA,48,25,1,NA,NA,3,2,1,0,0,0,0,0,0,40,40,40,0,0,0,0,0,0,40
1327,1,"1327-1",2,1,2,NA,NA,NA,NA,NA,NA,NA,1,2,1,833.207604467,0,5,5,3,3,1741,1790,1741,1790,22,21,0,13,10,4,1,0,0,0,0,0,0,0,54,51,0,0,0,0,0,0,0,54
1327,2,"1327-2",2,1,2,NA,NA,NA,NA,NA,NA,NA,1,2,1,833.207604467,1,5,5,4,3,1790,1790,1741,1790,23,22,1,13,10,4,1,0,0,0,0,0,0,0,54,51,0,0,0,0,0,0,0,54
1327,3,"1327-3",2,1,2,NA,NA,NA,NA,NA,NA,NA,1,2,1,833.207604467,1,5,6,3,3,1790,1742,1741,1790,24,23,1,13,10,4,1,0,0,0,0,0,0,0,54,51,0,0,0,0,0,0,0,54
1327,4,"1327-4",2,1,2,NA,NA,NA,NA,NA,NA,NA,1,2,1,833.207604467,0,5,0,3,3,1742,1741,1741,1790,32,24,1,13,10,4,1,0,0,0,0,0,0,0,54,51,0,0,0,0,0,0,0,54
1327,5,"1327-5",2,1,2,NA,NA,NA,NA,NA,NA,NA,1,3,2,833.207604467,0,9,9,3,3,1741,1813,1741,1813,39,32,0,18,45,4,1,0,0,0,0,0,0,0,54,51,0,0,0,0,0,0,0,54
1327,6,"1327-6",2,1,2,NA,NA,NA,NA,NA,NA,NA,1,3,2,833.207604467,0,9,0,3,3,1813,1741,1741,1813,48,39,1,18,45,4,1,0,0,0,0,0,0,0,54,51,0,0,0,0,0,0,0,54
1332,2,"1332-2",2,1,4,NA,NA,NA,NA,NA,NA,NA,3,1,1,70.7210651,1,5,6,2,2,1512,1513,1512,1464,16,16,0,10,45,4,7,0,0,0,0,0,0,0,43,12,0,0,0,0,0,0,0,43
1332,3,"1332-3",2,1,4,NA,NA,NA,NA,NA,NA,NA,3,1,1,70.7210651,0,5,5,2,2,1513,1464,1512,1464,18,16,0,10,45,4,7,0,0,0,0,0,0,0,43,12,0,0,0,0,0,0,0,43
1332,4,"1332-4",2,1,4,NA,NA,NA,NA,NA,NA,NA,3,1,1,70.7210651,1,5,7,2,2,1464,1467,1512,1464,18,18,1,10,45,4,7,0,0,0,0,0,0,0,43,12,0,0,0,0,0,0,0,43
1332,5,"1332-5",2,1,4,NA,NA,NA,NA,NA,NA,NA,3,1,1,70.7210651,0,5,0,2,2,1467,1512,1512,1464,48,18,1,10,45,4,7,0,0,0,0,0,0,0,43,12,0,0,0,0,0,0,0,43
1344,3,"1344-3",3,1,3,4,NA,NA,NA,NA,NA,NA,3,2,2,755.460936596,0,9,9,3,3,1564,320,1564,320,36,32,0,18,30,1,7,7,0,0,0,0,0,0,40,13,12,0,0,0,0,0,0,40
1344,4,"1344-4",3,1,3,4,NA,NA,NA,NA,NA,NA,3,2,2,755.460936596,0,9,0,3,3,320,1564,1564,320,48,36,1,18,30,1,7,7,0,0,0,0,0,0,40,13,12,0,0,0,0,0,0,40
1344,1,"1344-1",2,3,4,NA,NA,NA,NA,NA,NA,NA,2,1,1,705.3222891,0,3,3,9,9,1564,1590,1564,1590,24,9,0,7,8,7,7,0,0,0,0,0,0,0,13,12,0,0,0,0,0,0,0,13
1344,2,"1344-2",2,3,4,NA,NA,NA,NA,NA,NA,NA,2,1,1,705.3222891,0,3,0,9,9,1590,1564,1564,1590,32,24,1,7,8,7,7,0,0,0,0,0,0,0,13,12,0,0,0,0,0,0,0,13
1347,3,"1347-3",2,1,3,NA,NA,NA,NA,NA,NA,NA,3,2,2,297.0383792,0,4,4,2,2,1098,1092,1098,1092,26,26,0,15,30,3,8,0,0,0,0,0,0,0,37,1,0,0,0,0,0,0,0,37
1347,4,"1347-4",2,1,3,NA,NA,NA,NA,NA,NA,NA,3,2,2,297.0383792,0,4,0,2,2,1092,1098,1098,1092,48,26,1,15,30,3,8,0,0,0,0,0,0,0,37,1,0,0,0,0,0,0,0,37
1347,1,"1347-1",2,1,3,NA,NA,NA,NA,NA,NA,NA,3,1,0,297.0383792,0,NA,2,2,NA,1098,1092,NA,NA,12,12,0,NA,NA,3,8,0,0,0,0,0,0,0,37,1,0,0,0,0,0,0,0,37
1347,2,"1347-2",2,1,3,NA,NA,NA,NA,NA,NA,NA,3,1,0,297.0383792,0,NA,0,2,NA,1092,1098,NA,NA,26,12,1,NA,NA,3,8,0,0,0,0,0,0,0,37,1,0,0,0,0,0,0,0,37
1348,4,"1348-4",2,2,3,NA,NA,NA,NA,NA,NA,NA,3,2,1,1433.731902248,0,7,7,4,4,1098,1098,1098,1098,37,36,0,20,55,1,6,0,0,0,0,0,0,0,57,17,0,0,0,0,0,0,0,57
1348,5,"1348-5",2,2,3,NA,NA,NA,NA,NA,NA,NA,3,2,1,1433.731902248,0,7,0,4,4,1098,1098,1098,1098,48,37,1,20,55,1,6,0,0,0,0,0,0,0,57,17,0,0,0,0,0,0,0,57
1360,1,"1360-1",2,1,2,NA,NA,NA,NA,NA,NA,NA,1,1,1,233.5980443,1,9,9,2,2,635,577,635,669,17,14,0,9,55,5,5,0,0,0,0,0,0,0,66,67,0,0,0,0,0,0,0,67
1360,2,"1360-2",2,1,2,NA,NA,NA,NA,NA,NA,NA,1,1,1,233.5980443,0,9,9,2,2,577,669,635,669,20,17,0,9,55,5,5,0,0,0,0,0,0,0,66,67,0,0,0,0,0,0,0,67
1360,3,"1360-3",2,1,2,NA,NA,NA,NA,NA,NA,NA,1,1,1,233.5980443,1,9,7,2,2,669,637,635,669,23,20,1,9,55,5,5,0,0,0,0,0,0,0,66,67,0,0,0,0,0,0,0,67
1360,4,"1360-4",2,1,2,NA,NA,NA,NA,NA,NA,NA,1,1,1,233.5980443,0,9,0,2,2,637,635,635,669,48,23,1,9,55,5,5,0,0,0,0,0,0,0,66,67,0,0,0,0,0,0,0,67
1366,8,"1366-8",4,1,2,3,4,NA,NA,NA,NA,NA,3,3,1,108.5318889,0,9,9,3,3,1731,1742,1731,1742,34,31,0,18,18,4,1,7,8,0,0,0,0,0,38,36,7,5,0,0,0,0,0,38
1366,9,"1366-9",4,1,2,3,4,NA,NA,NA,NA,NA,3,3,1,108.5318889,0,9,0,3,3,1742,1731,1731,1742,48,34,1,18,18,4,1,7,8,0,0,0,0,0,38,36,7,5,0,0,0,0,0,38
1369,1,"1369-1",2,1,2,NA,NA,NA,NA,NA,NA,NA,1,1,1,489.1995647,0,5,5,2,2,1287,1134,1287,1134,20,18,0,11,38,4,2,0,0,0,0,0,0,0,40,66,0,0,0,0,0,0,0,66
1369,2,"1369-2",2,1,2,NA,NA,NA,NA,NA,NA,NA,1,1,1,489.1995647,1,5,6,2,2,1134,1270,1287,1134,22,20,1,11,38,4,2,0,0,0,0,0,0,0,40,66,0,0,0,0,0,0,0,66
1369,3,"1369-3",2,1,2,NA,NA,NA,NA,NA,NA,NA,1,1,1,489.1995647,0,5,0,2,2,1270,1287,1287,1134,26,22,1,11,38,4,2,0,0,0,0,0,0,0,40,66,0,0,0,0,0,0,0,66
1372,6,"1372-6",3,1,3,4,NA,NA,NA,NA,NA,NA,3,2,1,152.09868206,0,9,9,3,3,1091,1113,1091,1113,36,32,0,18,48,1,7,7,0,0,0,0,0,0,40,8,6,0,0,0,0,0,0,40
1372,7,"1372-7",3,1,3,4,NA,NA,NA,NA,NA,NA,3,2,1,152.09868206,0,9,0,3,3,1113,1091,1091,1113,48,36,1,18,48,1,7,7,0,0,0,0,0,0,40,8,6,0,0,0,0,0,0,40
1373,1,"1373-1",2,1,2,NA,NA,NA,NA,NA,NA,NA,1,1,1,906.6655068,0,7,7,2,3,697,709,697,709,13,12,0,8,40,4,1,0,0,0,0,0,0,0,36,36,0,0,0,0,0,0,0,36
1373,2,"1373-2",2,1,2,NA,NA,NA,NA,NA,NA,NA,1,1,1,906.6655068,0,7,0,3,3,709,697,697,709,22,13,1,8,40,4,1,0,0,0,0,0,0,0,36,36,0,0,0,0,0,0,0,36
1373,3,"1373-3",2,1,2,NA,NA,NA,NA,NA,NA,NA,1,2,2,906.6655068,1,5,5,2,2,697,695,697,709,23,22,0,13,57,4,1,0,0,0,0,0,0,0,36,36,0,0,0,0,0,0,0,36
1373,4,"1373-4",2,1,2,NA,NA,NA,NA,NA,NA,NA,1,2,2,906.6655068,1,5,7,2,2,695,709,697,709,24,23,0,13,57,4,1,0,0,0,0,0,0,0,36,36,0,0,0,0,0,0,0,36
1373,5,"1373-5",2,1,2,NA,NA,NA,NA,NA,NA,NA,1,2,2,906.6655068,0,5,5,2,2,709,709,697,709,24,24,0,13,57,4,1,0,0,0,0,0,0,0,36,36,0,0,0,0,0,0,0,36
1373,6,"1373-6",2,1,2,NA,NA,NA,NA,NA,NA,NA,1,2,2,906.6655068,0,5,0,2,2,709,697,697,709,48,24,1,13,57,4,1,0,0,0,0,0,0,0,36,36,0,0,0,0,0,0,0,36
1386,1,"1386-1",2,1,2,NA,NA,NA,NA,NA,NA,NA,1,1,0,472.506433581,0,NA,6,2,NA,1792,1798,NA,NA,18,18,0,NA,NA,4,4,0,0,0,0,0,0,0,64,62,0,0,0,0,0,0,0,64
1386,2,"1386-2",2,1,2,NA,NA,NA,NA,NA,NA,NA,1,1,0,472.506433581,1,NA,5,2,NA,1798,1788,NA,NA,21,18,1,NA,NA,4,4,0,0,0,0,0,0,0,64,62,0,0,0,0,0,0,0,64
1386,3,"1386-3",2,1,2,NA,NA,NA,NA,NA,NA,NA,1,1,0,472.506433581,0,NA,0,2,NA,1788,1792,NA,NA,48,21,1,NA,NA,4,4,0,0,0,0,0,0,0,64,62,0,0,0,0,0,0,0,64
1394,1,"1394-1",2,1,2,NA,NA,NA,NA,NA,NA,NA,1,3,1,314.673538037,0,7,7,2,2,462,728,462,728,31,28,0,16,50,5,4,0,0,0,0,0,0,0,66,40,0,0,0,0,0,0,0,66
1394,2,"1394-2",2,1,2,NA,NA,NA,NA,NA,NA,NA,1,3,1,314.673538037,0,7,0,2,2,728,462,462,728,48,31,1,16,50,5,4,0,0,0,0,0,0,0,66,40,0,0,0,0,0,0,0,66
1396,1,"1396-1",4,1,2,3,4,NA,NA,NA,NA,NA,3,1,1,99.119434776,0,5,5,3,3,1180,1182,1180,1182,29,27,0,16,7,2,1,8,8,0,0,0,0,0,33,32,2,0,0,0,0,0,0,33
1396,2,"1396-2",4,1,2,3,4,NA,NA,NA,NA,NA,3,1,1,99.119434776,0,5,0,3,3,1182,1180,1180,1182,48,29,1,16,7,2,1,8,8,0,0,0,0,0,33,32,2,0,0,0,0,0,0,33
1407,1,"1407-1",2,1,2,NA,NA,NA,NA,NA,NA,NA,1,1,1,57.907813714,0,9,9,4,4,1573,1573,1573,1573,17,15,0,10,0,5,1,0,0,0,0,0,0,0,68,68,0,0,0,0,0,0,0,68
1407,2,"1407-2",2,1,2,NA,NA,NA,NA,NA,NA,NA,1,1,1,57.907813714,0,9,0,4,4,1573,1573,1573,1573,32,17,1,10,0,5,1,0,0,0,0,0,0,0,68,68,0,0,0,0,0,0,0,68
1409,3,"1409-3",2,1,3,NA,NA,NA,NA,NA,NA,NA,3,4,1,83.326121428,0,5,5,2,2,1471,1467,1471,1467,31,29,0,17,20,1,7,0,0,0,0,0,0,0,41,11,0,0,0,0,0,0,0,41
1409,4,"1409-4",2,1,3,NA,NA,NA,NA,NA,NA,NA,3,4,1,83.326121428,1,5,7,2,2,1467,1461,1471,1467,31,31,1,17,20,1,7,0,0,0,0,0,0,0,41,11,0,0,0,0,0,0,0,41
1409,5,"1409-5",2,1,3,NA,NA,NA,NA,NA,NA,NA,3,4,1,83.326121428,0,5,0,2,2,1461,1471,1471,1467,48,31,1,17,20,1,7,0,0,0,0,0,0,0,41,11,0,0,0,0,0,0,0,41
1415,3,"1415-3",2,1,3,NA,NA,NA,NA,NA,NA,NA,3,2,1,100.998789288,0,9,9,2,2,1565,219,1565,219,36,32,0,18,52,1,7,0,0,0,0,0,0,0,38,8,0,0,0,0,0,0,0,38
1415,4,"1415-4",2,1,3,NA,NA,NA,NA,NA,NA,NA,3,2,1,100.998789288,0,9,0,2,2,219,1565,1565,219,48,36,1,18,52,1,7,0,0,0,0,0,0,0,38,8,0,0,0,0,0,0,0,38
1424,2,"1424-2",2,1,4,NA,NA,NA,NA,NA,NA,NA,3,4,1,375.924163452,0,4,4,2,2,462,458,462,458,31,28,0,16,50,1,7,0,0,0,0,0,0,0,50,12,0,0,0,0,0,0,0,50
1424,3,"1424-3",2,1,4,NA,NA,NA,NA,NA,NA,NA,3,4,1,375.924163452,0,4,0,2,2,458,462,462,458,32,31,1,16,50,1,7,0,0,0,0,0,0,0,50,12,0,0,0,0,0,0,0,50
1430,4,"1430-4",2,1,3,NA,NA,NA,NA,NA,NA,NA,3,3,1,698.573481924,0,9,9,2,2,1817,1896,1817,1896,34,31,0,18,0,1,7,0,0,0,0,0,0,0,48,7,0,0,0,0,0,0,0,48
1430,5,"1430-5",2,1,3,NA,NA,NA,NA,NA,NA,NA,3,3,1,698.573481924,0,9,0,2,2,1896,1817,1817,1896,48,34,1,18,0,1,7,0,0,0,0,0,0,0,48,7,0,0,0,0,0,0,0,48
1440,2,"1440-2",2,1,5,NA,NA,NA,NA,NA,NA,NA,3,1,1,620.3328923,0,5,5,2,2,1967,1837,1967,1837,20,14,0,9,52,3,8,0,0,0,0,0,0,0,35,5,0,0,0,0,0,0,0,35
1440,3,"1440-3",2,1,5,NA,NA,NA,NA,NA,NA,NA,3,1,1,620.3328923,1,5,2,2,2,1837,1967,1967,1837,21,20,1,9,52,3,8,0,0,0,0,0,0,0,35,5,0,0,0,0,0,0,0,35
1440,4,"1440-4",2,1,5,NA,NA,NA,NA,NA,NA,NA,3,1,1,620.3328923,0,5,0,2,2,1967,1967,1967,1837,48,21,1,9,52,3,8,0,0,0,0,0,0,0,35,5,0,0,0,0,0,0,0,35
1441,1,"1441-1",2,1,2,NA,NA,NA,NA,NA,NA,NA,1,2,1,520.43591544,0,7,7,2,2,2033,2551,2033,2551,37,31,0,18,20,1,2,0,0,0,0,0,0,0,57,58,0,0,0,0,0,0,0,58
1441,2,"1441-2",2,1,2,NA,NA,NA,NA,NA,NA,NA,1,2,1,520.43591544,0,7,0,2,2,2551,2033,2033,2551,48,37,1,18,20,1,2,0,0,0,0,0,0,0,57,58,0,0,0,0,0,0,0,58
1461,1,"1461-1",2,1,2,NA,NA,NA,NA,NA,NA,NA,1,1,1,64.813185885,0,9,9,2,2,631,627,631,627,16,9,0,7,0,1,5,0,0,0,0,0,0,0,65,66,0,0,0,0,0,0,0,66
1461,2,"1461-2",2,1,2,NA,NA,NA,NA,NA,NA,NA,1,1,1,64.813185885,0,9,0,2,2,627,631,631,627,18,16,1,7,0,1,5,0,0,0,0,0,0,0,65,66,0,0,0,0,0,0,0,66
1465,2,"1465-2",2,3,4,NA,NA,NA,NA,NA,NA,NA,2,2,1,246.5474618,0,3,3,4,4,2643,2643,2643,2643,29,11,0,8,0,7,7,0,0,0,0,0,0,0,11,9,0,0,0,0,0,0,0,11
1465,3,"1465-3",2,3,4,NA,NA,NA,NA,NA,NA,NA,2,2,1,246.5474618,0,3,0,4,4,2643,2643,2643,2643,30,29,1,8,0,7,7,0,0,0,0,0,0,0,11,9,0,0,0,0,0,0,0,11
1472,1,"1472-1",2,2,3,NA,NA,NA,NA,NA,NA,NA,1,2,1,111.57949824,0,9,9,3,3,1587,1605,1587,1605,31,28,0,16,30,2,1,0,0,0,0,0,0,0,52,23,0,0,0,0,0,0,0,52
1472,2,"1472-2",2,2,3,NA,NA,NA,NA,NA,NA,NA,1,2,1,111.57949824,0,9,0,3,3,1605,1587,1587,1605,35,31,1,16,30,2,1,0,0,0,0,0,0,0,52,23,0,0,0,0,0,0,0,52
1472,3,"1472-3",2,2,3,NA,NA,NA,NA,NA,NA,NA,1,3,2,111.57949824,0,5,5,3,3,1587,1593,1587,1593,37,35,0,20,0,2,1,0,0,0,0,0,0,0,52,23,0,0,0,0,0,0,0,52
1472,4,"1472-4",2,2,3,NA,NA,NA,NA,NA,NA,NA,1,3,2,111.57949824,0,5,0,3,3,1593,1587,1587,1593,48,37,1,20,0,2,1,0,0,0,0,0,0,0,52,23,0,0,0,0,0,0,0,52
1478,1,"1478-1",2,2,4,NA,NA,NA,NA,NA,NA,NA,3,1,1,1416.851326932,1,1,7,2,2,1288,1240,1288,1060,10,9,0,7,20,1,8,0,0,0,0,0,0,0,49,5,0,0,0,0,0,0,0,49
1478,2,"1478-2",2,2,4,NA,NA,NA,NA,NA,NA,NA,3,1,1,1416.851326932,0,1,1,2,2,1240,1060,1288,1060,18,10,0,7,20,1,8,0,0,0,0,0,0,0,49,5,0,0,0,0,0,0,0,49
1478,3,"1478-3",2,2,4,NA,NA,NA,NA,NA,NA,NA,3,1,1,1416.851326932,0,1,0,2,2,1060,1293,1288,1060,37,28,1,7,20,1,8,0,0,0,0,0,0,0,49,5,0,0,0,0,0,0,0,49
1485,3,"1485-3",2,1,2,NA,NA,NA,NA,NA,NA,NA,1,2,1,334.79771612,1,5,8,2,2,582,2452,582,2419,20,17,0,11,0,4,5,0,0,0,0,0,0,0,64,65,0,0,0,0,0,0,0,65
1485,4,"1485-4",2,1,2,NA,NA,NA,NA,NA,NA,NA,1,2,1,334.79771612,0,5,5,2,2,2452,2419,582,2419,22,20,0,11,0,4,5,0,0,0,0,0,0,0,64,65,0,0,0,0,0,0,0,65
1485,5,"1485-5",2,1,2,NA,NA,NA,NA,NA,NA,NA,1,2,1,334.79771612,0,5,0,2,2,2419,582,582,2419,48,22,1,11,0,4,5,0,0,0,0,0,0,0,64,65,0,0,0,0,0,0,0,65
1488,1,"1488-1",2,2,3,NA,NA,NA,NA,NA,NA,NA,1,1,1,462.46439232,0,1,1,2,2,2787,2329,2787,2329,27,7,0,6,15,1,1,0,0,0,0,0,0,0,30,29,0,0,0,0,0,0,0,30
1488,2,"1488-2",2,2,3,NA,NA,NA,NA,NA,NA,NA,1,1,1,462.46439232,0,1,0,2,2,2329,2787,2787,2329,48,27,1,6,15,1,1,0,0,0,0,0,0,0,30,29,0,0,0,0,0,0,0,30
1491,1,"1491-1",2,1,3,NA,NA,NA,NA,NA,NA,NA,3,1,1,346.2670261,0,7,7,2,2,467,462,467,462,16,16,0,10,30,4,8,0,0,0,0,0,0,0,34,4,0,0,0,0,0,0,0,34
1491,2,"1491-2",2,1,3,NA,NA,NA,NA,NA,NA,NA,3,1,1,346.2670261,0,7,0,2,2,462,467,467,462,20,16,1,10,30,4,8,0,0,0,0,0,0,0,34,4,0,0,0,0,0,0,0,34
1491,3,"1491-3",2,2,3,NA,NA,NA,NA,NA,NA,NA,3,1,2,335.640928248,0,8,8,2,2,467,730,467,730,30,25,0,15,25,1,8,0,0,0,0,0,0,0,36,4,0,0,0,0,0,0,0,36
1491,4,"1491-4",2,2,3,NA,NA,NA,NA,NA,NA,NA,3,1,2,335.640928248,0,8,0,2,2,730,467,467,730,35,30,1,15,25,1,8,0,0,0,0,0,0,0,36,4,0,0,0,0,0,0,0,36
1495,3,"1495-3",3,1,3,4,NA,NA,NA,NA,NA,NA,3,2,2,277.52196352,1,7,6,3,3,466,467,466,467,32,32,0,18,35,1,7,7,0,0,0,0,0,0,43,12,10,0,0,0,0,0,0,43
1495,4,"1495-4",3,1,3,4,NA,NA,NA,NA,NA,NA,3,2,2,277.52196352,0,7,7,4,3,467,467,466,467,34,32,0,18,35,1,7,7,0,0,0,0,0,0,43,12,10,0,0,0,0,0,0,43
1495,1,"1495-1",3,2,3,4,NA,NA,NA,NA,NA,NA,3,1,1,262.894706416,0,1,1,3,3,466,463,466,463,27,10,0,7,35,1,7,7,0,0,0,0,0,0,44,12,10,0,0,0,0,0,0,44
1495,2,"1495-2",3,2,3,4,NA,NA,NA,NA,NA,NA,3,1,1,262.894706416,0,1,0,3,3,463,466,466,463,30,27,1,7,35,1,7,7,0,0,0,0,0,0,44,12,10,0,0,0,0,0,0,44
1496,1,"1496-1",2,1,3,NA,NA,NA,NA,NA,NA,NA,3,1,1,326.0598859,0,5,5,2,2,2181,2215,2181,2215,18,16,0,10,40,4,8,0,0,0,0,0,0,0,33,3,0,0,0,0,0,0,0,33
1496,2,"1496-2",2,1,3,NA,NA,NA,NA,NA,NA,NA,3,1,1,326.0598859,1,5,5,2,2,2215,2215,2181,2215,18,18,1,10,40,4,8,0,0,0,0,0,0,0,33,3,0,0,0,0,0,0,0,33
1496,3,"1496-3",2,1,3,NA,NA,NA,NA,NA,NA,NA,3,1,1,326.0598859,0,5,0,2,2,2215,2181,2181,2215,20,18,1,10,40,4,8,0,0,0,0,0,0,0,33,3,0,0,0,0,0,0,0,33
1496,4,"1496-4",2,1,3,NA,NA,NA,NA,NA,NA,NA,3,2,2,326.0598859,0,7,7,2,2,2181,2307,2181,2307,20,20,0,12,30,4,8,0,0,0,0,0,0,0,33,3,0,0,0,0,0,0,0,33
1496,5,"1496-5",2,1,3,NA,NA,NA,NA,NA,NA,NA,3,2,2,326.0598859,0,7,0,2,2,2307,2181,2181,2307,23,20,1,12,30,4,8,0,0,0,0,0,0,0,33,3,0,0,0,0,0,0,0,33
1496,6,"1496-6",2,1,3,NA,NA,NA,NA,NA,NA,NA,3,3,3,326.0598859,0,9,9,2,2,2181,2181,2181,2181,25,23,0,14,27,4,8,0,0,0,0,0,0,0,33,3,0,0,0,0,0,0,0,33
1496,7,"1496-7",2,1,3,NA,NA,NA,NA,NA,NA,NA,3,3,3,326.0598859,0,9,0,2,2,2181,2181,2181,2181,48,25,1,14,27,4,8,0,0,0,0,0,0,0,33,3,0,0,0,0,0,0,0,33
1503,12,"1503-12",3,1,5,6,NA,NA,NA,NA,NA,NA,3,6,1,37.060059,0,9,9,3,3,2720,2714,2720,2714,34,31,0,18,20,4,7,8,0,0,0,0,0,0,43,8,3,0,0,0,0,0,0,43
1503,13,"1503-13",3,1,5,6,NA,NA,NA,NA,NA,NA,3,6,1,37.060059,0,9,0,3,3,2714,2720,2720,2714,48,34,1,18,20,4,7,8,0,0,0,0,0,0,43,8,3,0,0,0,0,0,0,43
1505,3,"1505-3",4,1,3,4,5,NA,NA,NA,NA,NA,3,2,2,755.460936596,0,9,9,3,3,1535,1638,1535,1638,33,31,0,18,10,1,7,7,8,0,0,0,0,0,34,6,6,4,0,0,0,0,0,34
1505,4,"1505-4",4,1,3,4,5,NA,NA,NA,NA,NA,3,2,2,755.460936596,1,9,6,3,3,1638,1638,1535,1638,33,33,1,18,10,1,7,7,8,0,0,0,0,0,34,6,6,4,0,0,0,0,0,34
1505,5,"1505-5",4,1,3,4,5,NA,NA,NA,NA,NA,3,2,2,755.460936596,1,9,5,3,3,1638,1638,1535,1638,34,33,1,18,10,1,7,7,8,0,0,0,0,0,34,6,6,4,0,0,0,0,0,34
1505,6,"1505-6",4,1,3,4,5,NA,NA,NA,NA,NA,3,2,2,755.460936596,0,9,0,3,3,1638,1535,1535,1638,48,34,1,18,10,1,7,7,8,0,0,0,0,0,34,6,6,4,0,0,0,0,0,34
1505,1,"1505-1",2,3,4,NA,NA,NA,NA,NA,NA,NA,2,1,1,705.3222891,0,3,3,9,9,1535,1535,1535,1535,27,12,0,8,50,7,7,0,0,0,0,0,0,0,6,6,0,0,0,0,0,0,0,6
1505,2,"1505-2",2,3,4,NA,NA,NA,NA,NA,NA,NA,2,1,1,705.3222891,0,3,0,9,9,1535,1535,1535,1535,31,27,1,8,50,7,7,0,0,0,0,0,0,0,6,6,0,0,0,0,0,0,0,6
1508,1,"1508-1",2,1,2,NA,NA,NA,NA,NA,NA,NA,1,2,1,169.369109805,0,5,5,2,2,464,842,464,842,31,27,0,16,22,1,1,0,0,0,0,0,0,0,48,50,0,0,0,0,0,0,0,50
1508,2,"1508-2",2,1,2,NA,NA,NA,NA,NA,NA,NA,1,2,1,169.369109805,0,5,0,2,2,842,464,464,842,48,31,1,16,22,1,1,0,0,0,0,0,0,0,48,50,0,0,0,0,0,0,0,50
1517,1,"1517-1",2,1,2,NA,NA,NA,NA,NA,NA,NA,1,1,1,626.0398882,0,6,6,2,2,1480,1293,1480,1293,18,15,0,10,0,4,1,0,0,0,0,0,0,0,50,52,0,0,0,0,0,0,0,52
1517,2,"1517-2",2,1,2,NA,NA,NA,NA,NA,NA,NA,1,1,1,626.0398882,1,6,7,2,2,1293,1348,1480,1293,19,18,1,10,0,4,1,0,0,0,0,0,0,0,50,52,0,0,0,0,0,0,0,52
1517,3,"1517-3",2,1,2,NA,NA,NA,NA,NA,NA,NA,1,1,1,626.0398882,1,6,6,2,2,1348,1352,1480,1293,21,19,1,10,0,4,1,0,0,0,0,0,0,0,50,52,0,0,0,0,0,0,0,52
1517,4,"1517-4",2,1,2,NA,NA,NA,NA,NA,NA,NA,1,1,1,626.0398882,0,6,0,2,2,1352,1480,1480,1293,48,21,1,10,0,4,1,0,0,0,0,0,0,0,50,52,0,0,0,0,0,0,0,52
1524,1,"1524-1",2,1,2,NA,NA,NA,NA,NA,NA,NA,1,1,1,21.7260838,0,6,6,2,2,2626,2624,2626,2624,24,24,0,14,30,4,5,0,0,0,0,0,0,0,52,70,0,0,0,0,0,0,0,70
1524,2,"1524-2",2,1,2,NA,NA,NA,NA,NA,NA,NA,1,1,1,21.7260838,0,6,0,2,2,2624,2626,2626,2624,48,24,1,14,30,4,5,0,0,0,0,0,0,0,52,70,0,0,0,0,0,0,0,70
1533,1,"1533-1",2,1,2,NA,NA,NA,NA,NA,NA,NA,1,1,1,1008.001340745,0,4,4,2,2,1789,1764,1789,1764,10,9,0,7,5,2,5,0,0,0,0,0,0,0,50,74,0,0,0,0,0,0,0,74
1533,2,"1533-2",2,1,2,NA,NA,NA,NA,NA,NA,NA,1,1,1,1008.001340745,0,4,0,2,2,1764,1789,1789,1764,11,10,1,7,5,2,5,0,0,0,0,0,0,0,50,74,0,0,0,0,0,0,0,74
1533,3,"1533-3",2,1,2,NA,NA,NA,NA,NA,NA,NA,1,4,2,1008.001340745,0,6,6,2,2,1789,1796,1789,1796,16,16,0,10,30,2,5,0,0,0,0,0,0,0,50,74,0,0,0,0,0,0,0,74
1533,4,"1533-4",2,1,2,NA,NA,NA,NA,NA,NA,NA,1,4,2,1008.001340745,0,6,0,2,2,1796,1789,1789,1796,48,16,1,10,30,2,5,0,0,0,0,0,0,0,50,74,0,0,0,0,0,0,0,74
1542,3,"1542-3",2,1,2,NA,NA,NA,NA,NA,NA,NA,3,4,1,182.776452004,0,9,9,3,3,621,623,621,623,35,33,0,19,0,1,6,0,0,0,0,0,0,0,39,17,0,0,0,0,0,0,0,39
1542,4,"1542-4",2,1,2,NA,NA,NA,NA,NA,NA,NA,3,4,1,182.776452004,0,9,0,3,3,623,621,621,623,48,35,1,19,0,1,6,0,0,0,0,0,0,0,39,17,0,0,0,0,0,0,0,39
1554,1,"1554-1",2,2,4,NA,NA,NA,NA,NA,NA,NA,3,2,1,549.709522388,0,9,9,2,2,1295,1238,1295,1238,32,28,0,16,45,1,7,0,0,0,0,0,0,0,45,11,0,0,0,0,0,0,0,45
1554,2,"1554-2",2,2,4,NA,NA,NA,NA,NA,NA,NA,3,2,1,549.709522388,1,9,7,2,2,1238,1241,1295,1238,32,32,1,16,45,1,7,0,0,0,0,0,0,0,45,11,0,0,0,0,0,0,0,45
1554,3,"1554-3",2,2,4,NA,NA,NA,NA,NA,NA,NA,3,2,1,549.709522388,0,9,0,2,2,1241,1295,1295,1238,48,32,1,16,45,1,7,0,0,0,0,0,0,0,45,11,0,0,0,0,0,0,0,45
1557,1,"1557-1",2,1,2,NA,NA,NA,NA,NA,NA,NA,1,2,1,167.965440405,0,9,9,2,2,488,488,488,488,37,33,0,19,5,1,5,0,0,0,0,0,0,0,57,86,0,0,0,0,0,0,0,86
1557,2,"1557-2",2,1,2,NA,NA,NA,NA,NA,NA,NA,1,2,1,167.965440405,1,9,7,2,2,488,488,488,488,39,37,1,19,5,1,5,0,0,0,0,0,0,0,57,86,0,0,0,0,0,0,0,86
1557,3,"1557-3",2,1,2,NA,NA,NA,NA,NA,NA,NA,1,2,1,167.965440405,0,9,0,2,2,488,488,488,488,48,39,1,19,5,1,5,0,0,0,0,0,0,0,57,86,0,0,0,0,0,0,0,86
1570,7,"1570-7",3,1,2,3,NA,NA,NA,NA,NA,NA,1,2,1,507.044625675,0,9,9,3,3,1641,1277,1641,1277,38,32,0,18,30,2,4,1,0,0,0,0,0,0,40,40,40,0,0,0,0,0,0,40
1570,8,"1570-8",3,1,2,3,NA,NA,NA,NA,NA,NA,1,2,1,507.044625675,0,9,0,3,3,1277,1641,1641,1277,48,38,1,18,30,2,4,1,0,0,0,0,0,0,40,40,40,0,0,0,0,0,0,40
1571,1,"1571-1",2,3,4,NA,NA,NA,NA,NA,NA,NA,2,1,1,190.75332,0,3,3,9,9,1340,1338,1340,1338,26,11,0,8,0,7,7,0,0,0,0,0,0,0,9,6,0,0,0,0,0,0,0,9
1571,2,"1571-2",2,3,4,NA,NA,NA,NA,NA,NA,NA,2,1,1,190.75332,0,3,0,9,9,1338,1340,1340,1338,48,26,1,8,0,7,7,0,0,0,0,0,0,0,9,6,0,0,0,0,0,0,0,9
1573,1,"1573-1",2,2,3,NA,NA,NA,NA,NA,NA,NA,3,1,1,106.8080174,0,9,9,2,2,1113,855,1113,855,25,20,0,12,56,4,7,0,0,0,0,0,0,0,40,8,0,0,0,0,0,0,0,40
1573,2,"1573-2",2,2,3,NA,NA,NA,NA,NA,NA,NA,3,1,1,106.8080174,0,9,0,2,2,855,1113,1113,855,48,25,1,12,56,4,7,0,0,0,0,0,0,0,40,8,0,0,0,0,0,0,0,40
1584,1,"1584-1",2,1,4,NA,NA,NA,NA,NA,NA,NA,3,1,1,182.491169956,0,6,6,2,2,583,609,583,609,21,17,0,11,0,2,8,0,0,0,0,0,0,0,43,4,0,0,0,0,0,0,0,43
1584,2,"1584-2",2,1,4,NA,NA,NA,NA,NA,NA,NA,3,1,1,182.491169956,1,6,5,2,2,609,617,583,609,23,21,1,11,0,2,8,0,0,0,0,0,0,0,43,4,0,0,0,0,0,0,0,43
1584,3,"1584-3",2,1,4,NA,NA,NA,NA,NA,NA,NA,3,1,1,182.491169956,1,6,5,2,2,617,582,583,609,24,23,1,11,0,2,8,0,0,0,0,0,0,0,43,4,0,0,0,0,0,0,0,43
1584,4,"1584-4",2,1,4,NA,NA,NA,NA,NA,NA,NA,3,1,1,182.491169956,0,6,0,2,2,582,583,583,609,25,24,1,11,0,2,8,0,0,0,0,0,0,0,43,4,0,0,0,0,0,0,0,43
1590,2,"1590-2",2,1,6,NA,NA,NA,NA,NA,NA,NA,3,1,1,89.920688,0,6,6,2,2,2624,2675,2624,2675,12,11,0,8,0,4,7,0,0,0,0,0,0,0,35,9,0,0,0,0,0,0,0,35
1590,3,"1590-3",2,1,6,NA,NA,NA,NA,NA,NA,NA,3,1,1,89.920688,0,6,0,2,2,2675,2624,2624,2675,15,12,1,8,0,4,7,0,0,0,0,0,0,0,35,9,0,0,0,0,0,0,0,35
1590,4,"1590-4",2,1,6,NA,NA,NA,NA,NA,NA,NA,3,2,2,89.920688,0,6,6,2,2,2624,1838,2624,1838,20,15,0,10,0,4,7,0,0,0,0,0,0,0,35,9,0,0,0,0,0,0,0,35
1590,5,"1590-5",2,1,6,NA,NA,NA,NA,NA,NA,NA,3,2,2,89.920688,0,6,0,2,2,1838,2624,2624,1838,24,20,1,10,0,4,7,0,0,0,0,0,0,0,35,9,0,0,0,0,0,0,0,35
1591,1,"1591-1",2,1,2,NA,NA,NA,NA,NA,NA,NA,1,3,1,1131.7938158,0,7,7,2,2,1748,1766,1748,1766,38,35,0,20,20,4,1,0,0,0,0,0,0,0,38,48,0,0,0,0,0,0,0,48
1591,2,"1591-2",2,1,2,NA,NA,NA,NA,NA,NA,NA,1,3,1,1131.7938158,0,7,0,2,2,1766,1748,1748,1766,48,38,1,20,20,4,1,0,0,0,0,0,0,0,38,48,0,0,0,0,0,0,0,48
1594,1,"1594-1",2,2,3,NA,NA,NA,NA,NA,NA,NA,1,1,1,46.386585981,0,9,9,4,4,2643,2643,2643,2643,17,15,0,10,15,4,4,0,0,0,0,0,0,0,60,55,0,0,0,0,0,0,0,60
1594,2,"1594-2",2,2,3,NA,NA,NA,NA,NA,NA,NA,1,1,1,46.386585981,0,9,0,4,4,2643,2643,2643,2643,48,17,1,10,15,4,4,0,0,0,0,0,0,0,60,55,0,0,0,0,0,0,0,60
1603,1,"1603-1",4,1,2,3,4,NA,NA,NA,NA,NA,3,2,1,86.445139288,0,9,9,3,3,2488,2474,2488,2474,31,29,0,17,15,1,1,8,8,0,0,0,0,0,32,32,5,3,0,0,0,0,0,32
1603,2,"1603-2",4,1,2,3,4,NA,NA,NA,NA,NA,3,2,1,86.445139288,1,9,7,3,3,2474,2474,2488,2474,31,31,1,17,15,1,1,8,8,0,0,0,0,0,32,32,5,3,0,0,0,0,0,32
1603,3,"1603-3",4,1,2,3,4,NA,NA,NA,NA,NA,3,2,1,86.445139288,1,9,5,3,3,2474,2482,2488,2474,32,31,1,17,15,1,1,8,8,0,0,0,0,0,32,32,5,3,0,0,0,0,0,32
1603,4,"1603-4",4,1,2,3,4,NA,NA,NA,NA,NA,3,2,1,86.445139288,0,9,0,3,3,2482,2488,2488,2474,48,32,1,17,15,1,1,8,8,0,0,0,0,0,32,32,5,3,0,0,0,0,0,32
1608,7,"1608-7",4,1,3,4,5,NA,NA,NA,NA,NA,3,3,1,755.460936596,0,7,7,3,3,1294,1292,1294,1292,30,30,0,17,45,2,7,8,8,0,0,0,0,0,39,7,4,0,0,0,0,0,0,39
1608,8,"1608-8",4,1,3,4,5,NA,NA,NA,NA,NA,3,3,1,755.460936596,0,7,0,3,3,1292,1294,1294,1292,48,30,1,17,45,2,7,8,8,0,0,0,0,0,39,7,4,0,0,0,0,0,0,39
1625,1,"1625-1",2,2,3,NA,NA,NA,NA,NA,NA,NA,3,1,1,226.503725352,1,5,5,2,2,1750,412,1750,1756,22,21,0,13,3,2,8,0,0,0,0,0,0,0,27,0,0,0,0,0,0,0,0,27
1625,2,"1625-2",2,2,3,NA,NA,NA,NA,NA,NA,NA,3,1,1,226.503725352,1,5,8,2,2,412,1797,1750,1756,25,22,0,13,3,2,8,0,0,0,0,0,0,0,27,0,0,0,0,0,0,0,0,27
1625,3,"1625-3",2,2,3,NA,NA,NA,NA,NA,NA,NA,3,1,1,226.503725352,0,5,5,2,2,1797,1756,1750,1756,26,25,0,13,3,2,8,0,0,0,0,0,0,0,27,0,0,0,0,0,0,0,0,27
1625,4,"1625-4",2,2,3,NA,NA,NA,NA,NA,NA,NA,3,1,1,226.503725352,0,5,0,2,2,1756,1750,1750,1756,48,26,1,13,3,2,8,0,0,0,0,0,0,0,27,0,0,0,0,0,0,0,0,27
1627,3,"1627-3",3,1,2,3,NA,NA,NA,NA,NA,NA,3,2,1,400.435067852,0,7,7,3,3,1734,1883,1734,1883,32,30,0,17,30,1,7,7,0,0,0,0,0,0,43,9,6,0,0,0,0,0,0,43
1627,4,"1627-4",3,1,2,3,NA,NA,NA,NA,NA,NA,3,2,1,400.435067852,0,7,0,3,3,1883,1734,1734,1883,48,32,1,17,30,1,7,7,0,0,0,0,0,0,43,9,6,0,0,0,0,0,0,43
1642,1,"1642-1",2,1,2,NA,NA,NA,NA,NA,NA,NA,1,2,1,61.79546499,1,9,8,2,2,1246,1271,1246,971,31,29,0,17,15,2,2,0,0,0,0,0,0,0,68,69,0,0,0,0,0,0,0,69
1642,2,"1642-2",2,1,2,NA,NA,NA,NA,NA,NA,NA,1,2,1,61.79546499,0,9,9,2,2,1271,971,1246,971,35,31,0,17,15,2,2,0,0,0,0,0,0,0,68,69,0,0,0,0,0,0,0,69
1642,3,"1642-3",2,1,2,NA,NA,NA,NA,NA,NA,NA,1,2,1,61.79546499,0,9,0,2,2,971,1246,1246,971,48,35,1,17,15,2,2,0,0,0,0,0,0,0,68,69,0,0,0,0,0,0,0,69
1653,3,"1653-3",2,2,4,NA,NA,NA,NA,NA,NA,NA,3,2,1,116.0899424,0,4,4,2,2,1388,1212,1388,1212,25,22,0,13,40,4,8,0,0,0,0,0,0,0,32,3,0,0,0,0,0,0,0,32
1653,4,"1653-4",2,2,4,NA,NA,NA,NA,NA,NA,NA,3,2,1,116.0899424,0,4,0,2,2,1212,1388,1388,1212,48,25,1,13,40,4,8,0,0,0,0,0,0,0,32,3,0,0,0,0,0,0,0,32
1661,6,"1661-6",2,1,4,NA,NA,NA,NA,NA,NA,NA,3,2,1,130.4967479,0,9,9,2,2,631,628,631,628,35,30,0,17,55,4,7,0,0,0,0,0,0,0,48,9,0,0,0,0,0,0,0,48
1661,7,"1661-7",2,1,4,NA,NA,NA,NA,NA,NA,NA,3,2,1,130.4967479,0,9,0,2,2,628,631,631,628,48,35,1,17,55,4,7,0,0,0,0,0,0,0,48,9,0,0,0,0,0,0,0,48
1671,1,"1671-1",2,1,2,NA,NA,NA,NA,NA,NA,NA,1,2,1,30.227585809,1,5,8,2,2,2757,2726,2757,2735,30,29,0,17,19,5,4,0,0,0,0,0,0,0,65,64,0,0,0,0,0,0,0,65
1671,2,"1671-2",2,1,2,NA,NA,NA,NA,NA,NA,NA,1,2,1,30.227585809,1,5,6,2,2,2726,2734,2757,2735,31,30,0,17,19,5,4,0,0,0,0,0,0,0,65,64,0,0,0,0,0,0,0,65
1671,3,"1671-3",2,1,2,NA,NA,NA,NA,NA,NA,NA,1,2,1,30.227585809,0,5,5,2,2,2734,2735,2757,2735,32,31,0,17,19,5,4,0,0,0,0,0,0,0,65,64,0,0,0,0,0,0,0,65
1671,4,"1671-4",2,1,2,NA,NA,NA,NA,NA,NA,NA,1,2,1,30.227585809,0,5,0,2,2,2735,2757,2757,2735,48,32,1,17,19,5,4,0,0,0,0,0,0,0,65,64,0,0,0,0,0,0,0,65
1698,2,"1698-2",2,1,2,NA,NA,NA,NA,NA,NA,NA,1,1,1,88.0866257,0,6,6,2,2,468,1302,468,1302,17,11,0,8,15,4,5,0,0,0,0,0,0,0,58,65,0,0,0,0,0,0,0,65
1698,3,"1698-3",2,1,2,NA,NA,NA,NA,NA,NA,NA,1,1,1,88.0866257,0,6,0,2,2,1302,468,468,1302,27,17,1,8,15,4,5,0,0,0,0,0,0,0,58,65,0,0,0,0,0,0,0,65
1698,4,"1698-4",2,1,2,NA,NA,NA,NA,NA,NA,NA,1,2,2,88.0866257,0,6,6,2,2,468,560,468,560,31,27,0,16,0,4,5,0,0,0,0,0,0,0,58,65,0,0,0,0,0,0,0,65
1698,5,"1698-5",2,1,2,NA,NA,NA,NA,NA,NA,NA,1,2,2,88.0866257,0,6,0,2,2,560,468,468,560,33,31,1,16,0,4,5,0,0,0,0,0,0,0,58,65,0,0,0,0,0,0,0,65
1698,6,"1698-6",2,1,2,NA,NA,NA,NA,NA,NA,NA,1,3,3,88.0866257,0,9,9,4,4,468,468,468,468,35,33,0,19,0,4,5,0,0,0,0,0,0,0,58,65,0,0,0,0,0,0,0,65
1698,7,"1698-7",2,1,2,NA,NA,NA,NA,NA,NA,NA,1,3,3,88.0866257,0,9,0,4,4,468,468,468,468,37,35,1,19,0,4,5,0,0,0,0,0,0,0,58,65,0,0,0,0,0,0,0,65
1698,8,"1698-8",2,1,2,NA,NA,NA,NA,NA,NA,NA,1,4,4,88.0866257,0,5,5,2,2,468,459,468,459,38,37,0,21,0,4,5,0,0,0,0,0,0,0,58,65,0,0,0,0,0,0,0,65
1698,9,"1698-9",2,1,2,NA,NA,NA,NA,NA,NA,NA,1,4,4,88.0866257,0,5,0,2,2,459,468,468,459,48,38,1,21,0,4,5,0,0,0,0,0,0,0,58,65,0,0,0,0,0,0,0,65
1700,1,"1700-1",2,3,4,NA,NA,NA,NA,NA,NA,NA,2,1,1,265.9595767,0,3,3,9,9,1711,1710,1711,1710,26,12,0,8,30,7,7,0,0,0,0,0,0,0,9,8,0,0,0,0,0,0,0,9
1700,2,"1700-2",2,3,4,NA,NA,NA,NA,NA,NA,NA,2,1,1,265.9595767,0,3,0,9,9,1710,1711,1711,1710,48,26,1,8,30,7,7,0,0,0,0,0,0,0,9,8,0,0,0,0,0,0,0,9
1702,1,"1702-1",2,2,4,NA,NA,NA,NA,NA,NA,NA,1,2,1,553.070164652,0,8,8,2,2,2736,2786,2736,2786,37,30,0,17,30,1,3,0,0,0,0,0,0,0,50,18,0,0,0,0,0,0,0,50
1702,2,"1702-2",2,2,4,NA,NA,NA,NA,NA,NA,NA,1,2,1,553.070164652,0,8,0,2,2,2786,2736,2736,2786,48,37,1,17,30,1,3,0,0,0,0,0,0,0,50,18,0,0,0,0,0,0,0,50
1705,1,"1705-1",2,1,2,NA,NA,NA,NA,NA,NA,NA,1,1,1,55.716823026,0,6,6,2,2,595,726,595,726,14,11,0,8,15,5,5,0,0,0,0,0,0,0,73,76,0,0,0,0,0,0,0,76
1705,2,"1705-2",2,1,2,NA,NA,NA,NA,NA,NA,NA,1,1,1,55.716823026,0,6,0,2,2,726,595,595,726,20,14,1,8,15,5,5,0,0,0,0,0,0,0,73,76,0,0,0,0,0,0,0,76
1723,2,"1723-2",2,1,2,NA,NA,NA,NA,NA,NA,NA,3,2,1,220.331778892,0,6,6,2,2,2310,2189,2310,2189,32,28,0,16,49,1,7,0,0,0,0,0,0,0,47,11,0,0,0,0,0,0,0,47
1723,3,"1723-3",2,1,2,NA,NA,NA,NA,NA,NA,NA,3,2,1,220.331778892,1,6,7,2,2,2189,2272,2310,2189,32,32,1,16,49,1,7,0,0,0,0,0,0,0,47,11,0,0,0,0,0,0,0,47
1723,4,"1723-4",2,1,2,NA,NA,NA,NA,NA,NA,NA,3,2,1,220.331778892,0,6,0,2,2,2272,2310,2310,2189,48,32,1,16,49,1,7,0,0,0,0,0,0,0,47,11,0,0,0,0,0,0,0,47
1732,1,"1732-1",2,1,2,NA,NA,NA,NA,NA,NA,NA,1,1,1,156.8073631,0,6,6,2,2,2375,2719,2375,2719,25,21,0,13,1,3,1,0,0,0,0,0,0,0,32,34,0,0,0,0,0,0,0,34
1732,2,"1732-2",2,1,2,NA,NA,NA,NA,NA,NA,NA,1,1,1,156.8073631,0,6,0,2,2,2719,2375,2375,2719,48,25,1,13,1,3,1,0,0,0,0,0,0,0,32,34,0,0,0,0,0,0,0,34
1738,1,"1738-1",2,1,2,NA,NA,NA,NA,NA,NA,NA,1,2,1,326.512005855,0,5,5,2,2,727,726,727,726,30,28,0,16,55,1,1,0,0,0,0,0,0,0,55,52,0,0,0,0,0,0,0,55
1738,2,"1738-2",2,1,2,NA,NA,NA,NA,NA,NA,NA,1,2,1,326.512005855,0,5,0,2,2,726,727,727,726,48,30,1,16,55,1,1,0,0,0,0,0,0,0,55,52,0,0,0,0,0,0,0,55
1743,2,"1743-2",2,1,2,NA,NA,NA,NA,NA,NA,NA,1,2,1,128.49212355,0,7,7,2,2,583,520,583,520,34,31,0,18,0,2,5,0,0,0,0,0,0,0,71,71,0,0,0,0,0,0,0,71
1743,3,"1743-3",2,1,2,NA,NA,NA,NA,NA,NA,NA,1,2,1,128.49212355,0,7,0,2,2,520,583,583,520,48,34,1,18,0,2,5,0,0,0,0,0,0,0,71,71,0,0,0,0,0,0,0,71
1752,1,"1752-1",2,1,2,NA,NA,NA,NA,NA,NA,NA,1,1,1,107.47188396,1,6,6,2,2,1125,1123,1125,1081,31,30,0,17,35,2,1,0,0,0,0,0,0,0,55,57,0,0,0,0,0,0,0,57
1752,2,"1752-2",2,1,2,NA,NA,NA,NA,NA,NA,NA,1,1,1,107.47188396,0,6,6,2,2,1123,1081,1125,1081,32,31,0,17,35,2,1,0,0,0,0,0,0,0,55,57,0,0,0,0,0,0,0,57
1752,3,"1752-3",2,1,2,NA,NA,NA,NA,NA,NA,NA,1,1,1,107.47188396,1,6,7,2,2,1081,1083,1125,1081,33,32,1,17,35,2,1,0,0,0,0,0,0,0,55,57,0,0,0,0,0,0,0,57
1752,4,"1752-4",2,1,2,NA,NA,NA,NA,NA,NA,NA,1,1,1,107.47188396,0,6,0,2,2,1083,1125,1125,1081,48,33,1,17,35,2,1,0,0,0,0,0,0,0,55,57,0,0,0,0,0,0,0,57
1759,1,"1759-1",2,1,2,NA,NA,NA,NA,NA,NA,NA,1,1,1,858.498941829,0,7,7,2,2,725,830,725,830,15,13,0,9,0,5,5,0,0,0,0,0,0,0,80,78,0,0,0,0,0,0,0,80
1759,2,"1759-2",2,1,2,NA,NA,NA,NA,NA,NA,NA,1,1,1,858.498941829,1,7,8,2,2,830,726,725,830,19,15,1,9,0,5,5,0,0,0,0,0,0,0,80,78,0,0,0,0,0,0,0,80
1759,3,"1759-3",2,1,2,NA,NA,NA,NA,NA,NA,NA,1,1,1,858.498941829,0,7,0,2,2,726,725,725,830,21,19,1,9,0,5,5,0,0,0,0,0,0,0,80,78,0,0,0,0,0,0,0,80
1759,4,"1759-4",2,1,2,NA,NA,NA,NA,NA,NA,NA,1,2,2,858.498941829,1,5,6,2,2,725,730,725,800,23,21,0,13,15,5,5,0,0,0,0,0,0,0,80,78,0,0,0,0,0,0,0,80
1759,5,"1759-5",2,1,2,NA,NA,NA,NA,NA,NA,NA,1,2,2,858.498941829,0,5,5,2,2,730,800,725,800,26,23,0,13,15,5,5,0,0,0,0,0,0,0,80,78,0,0,0,0,0,0,0,80
1759,6,"1759-6",2,1,2,NA,NA,NA,NA,NA,NA,NA,1,2,2,858.498941829,0,5,0,2,2,800,725,725,800,48,26,1,13,15,5,5,0,0,0,0,0,0,0,80,78,0,0,0,0,0,0,0,80
1761,1,"1761-1",2,1,2,NA,NA,NA,NA,NA,NA,NA,1,2,1,32.6883375,0,4,4,2,3,1184,682,1184,682,28,25,0,15,29,5,5,0,0,0,0,0,0,0,71,75,0,0,0,0,0,0,0,75
1761,2,"1761-2",2,1,2,NA,NA,NA,NA,NA,NA,NA,1,2,1,32.6883375,1,4,7,3,3,682,957,1184,682,32,28,1,15,29,5,5,0,0,0,0,0,0,0,71,75,0,0,0,0,0,0,0,75
1761,3,"1761-3",2,1,2,NA,NA,NA,NA,NA,NA,NA,1,2,1,32.6883375,1,4,4,2,3,957,1172,1184,682,33,32,1,15,29,5,5,0,0,0,0,0,0,0,71,75,0,0,0,0,0,0,0,75
1761,4,"1761-4",2,1,2,NA,NA,NA,NA,NA,NA,NA,1,2,1,32.6883375,1,4,7,2,3,1172,1185,1184,682,34,33,1,15,29,5,5,0,0,0,0,0,0,0,71,75,0,0,0,0,0,0,0,75
1761,5,"1761-5",2,1,2,NA,NA,NA,NA,NA,NA,NA,1,2,1,32.6883375,0,4,0,2,3,1185,1184,1184,682,48,34,1,15,29,5,5,0,0,0,0,0,0,0,71,75,0,0,0,0,0,0,0,75
1765,1,"1765-1",3,1,4,5,NA,NA,NA,NA,NA,NA,3,2,1,655.5169434,0,7,7,3,3,697,709,697,709,21,18,0,11,52,4,8,8,0,0,0,0,0,0,32,4,2,0,0,0,0,0,0,32
1765,2,"1765-2",3,1,4,5,NA,NA,NA,NA,NA,NA,3,2,1,655.5169434,0,7,0,3,3,709,697,697,709,23,21,1,11,52,4,8,8,0,0,0,0,0,0,32,4,2,0,0,0,0,0,0,32
1774,2,"1774-2",2,2,3,NA,NA,NA,NA,NA,NA,NA,3,1,1,116.0899424,0,8,8,2,2,1128,905,1128,905,20,13,0,9,0,4,8,0,0,0,0,0,0,0,38,2,0,0,0,0,0,0,0,38
1774,3,"1774-3",2,2,3,NA,NA,NA,NA,NA,NA,NA,3,1,1,116.0899424,0,8,0,2,2,905,1128,1128,905,25,20,1,9,0,4,8,0,0,0,0,0,0,0,38,2,0,0,0,0,0,0,0,38
1789,1,"1789-1",2,1,2,NA,NA,NA,NA,NA,NA,NA,1,1,1,34.670797281,0,9,9,2,2,1128,1610,1128,1610,22,17,0,11,15,5,5,0,0,0,0,0,0,0,72,68,0,0,0,0,0,0,0,72
1789,2,"1789-2",2,1,2,NA,NA,NA,NA,NA,NA,NA,1,1,1,34.670797281,1,9,7,2,2,1610,1584,1128,1610,26,22,1,11,15,5,5,0,0,0,0,0,0,0,72,68,0,0,0,0,0,0,0,72
1789,3,"1789-3",2,1,2,NA,NA,NA,NA,NA,NA,NA,1,1,1,34.670797281,0,9,0,2,2,1584,1128,1128,1610,48,26,1,11,15,5,5,0,0,0,0,0,0,0,72,68,0,0,0,0,0,0,0,72
1793,1,"1793-1",2,1,2,NA,NA,NA,NA,NA,NA,NA,1,1,1,66.616817031,0,5,5,2,2,1754,1761,1754,1761,14,12,0,8,52,4,4,0,0,0,0,0,0,0,61,62,0,0,0,0,0,0,0,62
1793,2,"1793-2",2,1,2,NA,NA,NA,NA,NA,NA,NA,1,1,1,66.616817031,1,5,5,2,2,1761,1766,1754,1761,15,14,1,8,52,4,4,0,0,0,0,0,0,0,61,62,0,0,0,0,0,0,0,62
1793,3,"1793-3",2,1,2,NA,NA,NA,NA,NA,NA,NA,1,1,1,66.616817031,0,5,0,2,2,1766,1754,1754,1761,19,15,1,8,52,4,4,0,0,0,0,0,0,0,61,62,0,0,0,0,0,0,0,62
1793,4,"1793-4",2,1,2,NA,NA,NA,NA,NA,NA,NA,1,2,2,66.616817031,0,9,9,2,2,1754,1745,1754,1745,26,19,0,12,3,4,4,0,0,0,0,0,0,0,61,62,0,0,0,0,0,0,0,62
1793,5,"1793-5",2,1,2,NA,NA,NA,NA,NA,NA,NA,1,2,2,66.616817031,0,9,0,2,2,1745,1754,1754,1745,34,26,1,12,3,4,4,0,0,0,0,0,0,0,61,62,0,0,0,0,0,0,0,62
1793,6,"1793-6",2,1,2,NA,NA,NA,NA,NA,NA,NA,1,3,3,66.616817031,0,6,6,2,2,1754,1816,1754,1816,35,34,0,19,42,4,4,0,0,0,0,0,0,0,61,62,0,0,0,0,0,0,0,62
1793,7,"1793-7",2,1,2,NA,NA,NA,NA,NA,NA,NA,1,3,3,66.616817031,0,6,0,2,2,1816,1754,1754,1816,48,35,1,19,42,4,4,0,0,0,0,0,0,0,61,62,0,0,0,0,0,0,0,62
1798,4,"1798-4",2,1,4,NA,NA,NA,NA,NA,NA,NA,3,2,2,97.2684746,1,6,6,2,2,1989,1844,1989,1838,23,21,0,13,0,3,7,0,0,0,0,0,0,0,41,6,0,0,0,0,0,0,0,41
1798,5,"1798-5",2,1,4,NA,NA,NA,NA,NA,NA,NA,3,2,2,97.2684746,0,6,6,2,2,1844,1838,1989,1838,25,23,0,13,0,3,7,0,0,0,0,0,0,0,41,6,0,0,0,0,0,0,0,41
1798,6,"1798-6",2,1,4,NA,NA,NA,NA,NA,NA,NA,3,2,2,97.2684746,0,6,0,2,2,1838,1989,1989,1838,28,25,1,13,0,3,7,0,0,0,0,0,0,0,41,6,0,0,0,0,0,0,0,41
1798,2,"1798-2",2,2,3,NA,NA,NA,NA,NA,NA,NA,3,1,1,105.36675618,0,6,6,2,2,1989,1965,1989,1965,20,20,0,12,30,1,7,0,0,0,0,0,0,0,43,9,0,0,0,0,0,0,0,43
1798,3,"1798-3",2,2,3,NA,NA,NA,NA,NA,NA,NA,3,1,1,105.36675618,0,6,0,2,2,1965,1989,1989,1965,30,20,1,12,30,1,7,0,0,0,0,0,0,0,43,9,0,0,0,0,0,0,0,43
1801,1,"1801-1",2,3,4,NA,NA,NA,NA,NA,NA,NA,2,1,1,609.4045054,0,3,3,9,9,1500,1501,1500,1501,26,11,0,8,5,7,7,0,0,0,0,0,0,0,11,9,0,0,0,0,0,0,0,11
1801,2,"1801-2",2,3,4,NA,NA,NA,NA,NA,NA,NA,2,1,1,609.4045054,0,3,0,9,9,1501,1500,1500,1501,48,26,1,8,5,7,7,0,0,0,0,0,0,0,11,9,0,0,0,0,0,0,0,11
1804,1,"1804-1",2,1,2,NA,NA,NA,NA,NA,NA,NA,1,2,1,50.292476325,0,7,7,2,2,715,490,715,490,33,33,0,19,0,1,4,0,0,0,0,0,0,0,66,59,0,0,0,0,0,0,0,66
1804,2,"1804-2",2,1,2,NA,NA,NA,NA,NA,NA,NA,1,2,1,50.292476325,0,7,0,2,2,490,715,715,490,48,33,1,19,0,1,4,0,0,0,0,0,0,0,66,59,0,0,0,0,0,0,0,66
1805,1,"1805-1",2,1,2,NA,NA,NA,NA,NA,NA,NA,1,1,1,535.00878423,0,5,5,6,6,2200,2107,2200,2107,19,13,0,9,0,5,5,0,0,0,0,0,0,0,82,78,0,0,0,0,0,0,0,82
1805,2,"1805-2",2,1,2,NA,NA,NA,NA,NA,NA,NA,1,1,1,535.00878423,0,5,0,6,6,2107,2200,2200,2107,25,19,1,9,0,5,5,0,0,0,0,0,0,0,82,78,0,0,0,0,0,0,0,82
1805,3,"1805-3",2,1,2,NA,NA,NA,NA,NA,NA,NA,1,2,2,535.00878423,0,8,8,4,4,2200,2200,2200,2200,29,25,0,15,0,5,5,0,0,0,0,0,0,0,82,78,0,0,0,0,0,0,0,82
1805,4,"1805-4",2,1,2,NA,NA,NA,NA,NA,NA,NA,1,2,2,535.00878423,0,8,0,4,4,2200,2200,2200,2200,48,29,1,15,0,5,5,0,0,0,0,0,0,0,82,78,0,0,0,0,0,0,0,82
1811,1,"1811-1",2,1,3,NA,NA,NA,NA,NA,NA,NA,3,1,1,741.5429504,1,8,5,2,2,728,792,728,1056,16,15,0,10,20,4,8,0,0,0,0,0,0,0,35,4,0,0,0,0,0,0,0,35
1811,2,"1811-2",2,1,3,NA,NA,NA,NA,NA,NA,NA,3,1,1,741.5429504,1,8,5,2,2,792,800,728,1056,17,16,0,10,20,4,8,0,0,0,0,0,0,0,35,4,0,0,0,0,0,0,0,35
1811,3,"1811-3",2,1,3,NA,NA,NA,NA,NA,NA,NA,3,1,1,741.5429504,1,8,7,2,2,800,817,728,1056,18,17,0,10,20,4,8,0,0,0,0,0,0,0,35,4,0,0,0,0,0,0,0,35
1811,4,"1811-4",2,1,3,NA,NA,NA,NA,NA,NA,NA,3,1,1,741.5429504,0,8,8,2,2,817,1056,728,1056,25,18,0,10,20,4,8,0,0,0,0,0,0,0,35,4,0,0,0,0,0,0,0,35
1811,5,"1811-5",2,1,3,NA,NA,NA,NA,NA,NA,NA,3,1,1,741.5429504,1,8,6,2,2,1056,976,728,1056,26,25,1,10,20,4,8,0,0,0,0,0,0,0,35,4,0,0,0,0,0,0,0,35
1811,6,"1811-6",2,1,3,NA,NA,NA,NA,NA,NA,NA,3,1,1,741.5429504,1,8,5,2,2,976,718,728,1056,27,26,1,10,20,4,8,0,0,0,0,0,0,0,35,4,0,0,0,0,0,0,0,35
1811,7,"1811-7",2,1,3,NA,NA,NA,NA,NA,NA,NA,3,1,1,741.5429504,1,8,5,2,2,718,726,728,1056,28,27,1,10,20,4,8,0,0,0,0,0,0,0,35,4,0,0,0,0,0,0,0,35
1811,8,"1811-8",2,1,3,NA,NA,NA,NA,NA,NA,NA,3,1,1,741.5429504,0,8,0,2,2,726,728,728,1056,34,28,1,10,20,4,8,0,0,0,0,0,0,0,35,4,0,0,0,0,0,0,0,35
1818,5,"1818-5",2,1,4,NA,NA,NA,NA,NA,NA,NA,3,2,1,97.42575346,0,9,9,2,2,1125,1592,1125,1592,35,32,0,18,30,1,7,0,0,0,0,0,0,0,46,9,0,0,0,0,0,0,0,46
1818,6,"1818-6",2,1,4,NA,NA,NA,NA,NA,NA,NA,3,2,1,97.42575346,0,9,0,2,2,1592,1125,1125,1592,48,35,1,18,30,1,7,0,0,0,0,0,0,0,46,9,0,0,0,0,0,0,0,46
1855,3,"1855-3",4,1,2,3,5,NA,NA,NA,NA,NA,3,3,1,165.104348368,0,7,7,3,3,828,817,828,817,31,31,0,18,0,1,2,6,7,0,0,0,0,0,45,43,16,8,0,0,0,0,0,45
1855,4,"1855-4",4,1,2,3,5,NA,NA,NA,NA,NA,3,3,1,165.104348368,0,7,0,3,3,817,828,828,817,32,31,1,18,0,1,2,6,7,0,0,0,0,0,45,43,16,8,0,0,0,0,0,45
1868,2,"1868-2",2,1,3,NA,NA,NA,NA,NA,NA,NA,1,2,1,150.3456472,0,5,5,2,2,1701,1027,1701,1027,35,33,0,19,0,3,4,0,0,0,0,0,0,0,21,48,0,0,0,0,0,0,0,48
1868,3,"1868-3",2,1,3,NA,NA,NA,NA,NA,NA,NA,1,2,1,150.3456472,0,5,0,2,2,1027,1701,1701,1027,48,35,1,19,0,3,4,0,0,0,0,0,0,0,21,48,0,0,0,0,0,0,0,48
1873,1,"1873-1",2,1,2,NA,NA,NA,NA,NA,NA,NA,3,1,1,150.013152164,0,1,1,2,2,667,667,667,667,29,9,0,7,20,1,7,0,0,0,0,0,0,0,61,15,0,0,0,0,0,0,0,61
1873,2,"1873-2",2,1,2,NA,NA,NA,NA,NA,NA,NA,3,1,1,150.013152164,0,1,0,2,2,667,667,667,667,30,29,1,7,20,1,7,0,0,0,0,0,0,0,61,15,0,0,0,0,0,0,0,61
1873,3,"1873-3",2,1,2,NA,NA,NA,NA,NA,NA,NA,3,3,2,150.013152164,0,7,7,2,2,667,619,667,619,36,35,0,20,15,1,7,0,0,0,0,0,0,0,61,15,0,0,0,0,0,0,0,61
1873,4,"1873-4",2,1,2,NA,NA,NA,NA,NA,NA,NA,3,3,2,150.013152164,0,7,0,2,2,619,667,667,619,48,36,1,20,15,1,7,0,0,0,0,0,0,0,61,15,0,0,0,0,0,0,0,61
1883,1,"1883-1",2,1,2,NA,NA,NA,NA,NA,NA,NA,1,1,1,136.131584362,0,5,5,2,2,895,886,895,886,21,17,0,11,15,4,5,0,0,0,0,0,0,0,64,66,0,0,0,0,0,0,0,66
1883,2,"1883-2",2,1,2,NA,NA,NA,NA,NA,NA,NA,1,1,1,136.131584362,0,5,0,2,2,886,895,895,886,25,21,1,11,15,4,5,0,0,0,0,0,0,0,64,66,0,0,0,0,0,0,0,66
1883,3,"1883-3",2,1,2,NA,NA,NA,NA,NA,NA,NA,1,2,2,136.131584362,0,6,6,2,2,895,1103,895,1103,28,25,0,15,15,4,5,0,0,0,0,0,0,0,64,66,0,0,0,0,0,0,0,66
1883,4,"1883-4",2,1,2,NA,NA,NA,NA,NA,NA,NA,1,2,2,136.131584362,0,6,0,2,2,1103,895,895,1103,48,28,1,15,15,4,5,0,0,0,0,0,0,0,64,66,0,0,0,0,0,0,0,66
1888,1,"1888-1",2,1,2,NA,NA,NA,NA,NA,NA,NA,1,2,1,144.99149553,0,5,5,2,2,2235,2234,2235,2234,32,31,0,18,0,1,1,0,0,0,0,0,0,0,28,27,0,0,0,0,0,0,0,28
1888,2,"1888-2",2,1,2,NA,NA,NA,NA,NA,NA,NA,1,2,1,144.99149553,0,5,0,2,2,2234,2235,2235,2234,48,32,1,18,0,1,1,0,0,0,0,0,0,0,28,27,0,0,0,0,0,0,0,28
1890,3,"1890-3",2,1,3,NA,NA,NA,NA,NA,NA,NA,3,2,2,377.81108302,0,9,9,2,2,671,668,671,668,34,31,0,18,5,1,7,0,0,0,0,0,0,0,40,9,0,0,0,0,0,0,0,40
1890,4,"1890-4",2,1,3,NA,NA,NA,NA,NA,NA,NA,3,2,2,377.81108302,0,9,0,2,2,668,671,671,668,48,34,1,18,5,1,7,0,0,0,0,0,0,0,40,9,0,0,0,0,0,0,0,40
1890,1,"1890-1",2,3,4,NA,NA,NA,NA,NA,NA,NA,2,1,1,357.5794197,0,3,3,9,9,671,668,671,668,26,10,0,7,55,7,7,0,0,0,0,0,0,0,9,7,0,0,0,0,0,0,0,9
1890,2,"1890-2",2,3,4,NA,NA,NA,NA,NA,NA,NA,2,1,1,357.5794197,0,3,0,9,9,668,671,671,668,31,26,1,7,55,7,7,0,0,0,0,0,0,0,9,7,0,0,0,0,0,0,0,9
1891,2,"1891-2",2,3,5,NA,NA,NA,NA,NA,NA,NA,3,1,1,191.796396476,1,5,7,2,2,2682,2675,2682,2686,22,22,0,13,30,2,8,0,0,0,0,0,0,0,28,4,0,0,0,0,0,0,0,28
1891,3,"1891-3",2,3,5,NA,NA,NA,NA,NA,NA,NA,3,1,1,191.796396476,0,5,5,2,2,2675,2686,2682,2686,23,22,0,13,30,2,8,0,0,0,0,0,0,0,28,4,0,0,0,0,0,0,0,28
1891,4,"1891-4",2,3,5,NA,NA,NA,NA,NA,NA,NA,3,1,1,191.796396476,0,5,0,2,2,2686,2682,2682,2686,26,23,1,13,30,2,8,0,0,0,0,0,0,0,28,4,0,0,0,0,0,0,0,28
1895,1,"1895-1",2,1,2,NA,NA,NA,NA,NA,NA,NA,1,2,1,151.594149945,0,5,5,2,2,2197,2274,2197,2274,39,38,0,21,43,1,2,0,0,0,0,0,0,0,29,33,0,0,0,0,0,0,0,33
1895,2,"1895-2",2,1,2,NA,NA,NA,NA,NA,NA,NA,1,2,1,151.594149945,0,5,0,2,2,2274,2197,2197,2274,48,39,1,21,43,1,2,0,0,0,0,0,0,0,29,33,0,0,0,0,0,0,0,33
1901,1,"1901-1",2,1,2,NA,NA,NA,NA,NA,NA,NA,1,3,1,147.2544961,0,6,6,2,2,599,575,599,575,33,32,0,18,45,5,2,0,0,0,0,0,0,0,65,64,0,0,0,0,0,0,0,65
1901,2,"1901-2",2,1,2,NA,NA,NA,NA,NA,NA,NA,1,3,1,147.2544961,1,6,5,2,2,575,540,599,575,34,33,1,18,45,5,2,0,0,0,0,0,0,0,65,64,0,0,0,0,0,0,0,65
1901,3,"1901-3",2,1,2,NA,NA,NA,NA,NA,NA,NA,1,3,1,147.2544961,1,6,7,2,2,540,619,599,575,35,34,1,18,45,5,2,0,0,0,0,0,0,0,65,64,0,0,0,0,0,0,0,65
1901,4,"1901-4",2,1,2,NA,NA,NA,NA,NA,NA,NA,1,3,1,147.2544961,0,6,0,2,2,619,599,599,575,48,35,1,18,45,5,2,0,0,0,0,0,0,0,65,64,0,0,0,0,0,0,0,65
1906,1,"1906-1",2,1,2,NA,NA,NA,NA,NA,NA,NA,1,1,1,49.5765166,0,6,6,3,3,2480,2426,2480,2426,27,20,0,12,30,4,4,0,0,0,0,0,0,0,28,61,0,0,0,0,0,0,0,61
1906,2,"1906-2",2,1,2,NA,NA,NA,NA,NA,NA,NA,1,1,1,49.5765166,0,6,0,3,3,2426,2480,2480,2426,48,27,1,12,30,4,4,0,0,0,0,0,0,0,28,61,0,0,0,0,0,0,0,61
1920,1,"1920-1",2,2,3,NA,NA,NA,NA,NA,NA,NA,3,1,1,189.620903128,0,9,9,4,4,2187,2268,2187,2268,22,21,0,13,10,1,8,0,0,0,0,0,0,0,33,0,0,0,0,0,0,0,0,33
1920,2,"1920-2",2,2,3,NA,NA,NA,NA,NA,NA,NA,3,1,1,189.620903128,0,9,0,4,4,2268,2187,2187,2268,48,22,1,13,10,1,8,0,0,0,0,0,0,0,33,0,0,0,0,0,0,0,0,33
1921,2,"1921-2",3,1,2,5,NA,NA,NA,NA,NA,NA,3,1,1,47.0202501,0,5,5,3,3,2744,2722,2744,2722,17,14,0,9,38,4,1,8,0,0,0,0,0,0,37,38,4,0,0,0,0,0,0,38
1921,3,"1921-3",3,1,2,5,NA,NA,NA,NA,NA,NA,3,1,1,47.0202501,0,5,0,3,3,2722,2744,2744,2722,28,17,1,9,38,4,1,8,0,0,0,0,0,0,37,38,4,0,0,0,0,0,0,38
1921,5,"1921-5",2,1,5,NA,NA,NA,NA,NA,NA,NA,3,2,2,47.0202501,0,4,4,4,4,2744,2744,2744,2744,29,28,0,16,45,4,8,0,0,0,0,0,0,0,37,4,0,0,0,0,0,0,0,37
1921,6,"1921-6",2,1,5,NA,NA,NA,NA,NA,NA,NA,3,2,2,47.0202501,0,4,0,4,4,2744,2744,2744,2744,48,29,1,16,45,4,8,0,0,0,0,0,0,0,37,4,0,0,0,0,0,0,0,37
1925,1,"1925-1",2,1,2,NA,NA,NA,NA,NA,NA,NA,1,1,1,270.770968316,1,5,5,2,2,1340,1478,1340,1445,16,14,0,9,50,5,5,0,0,0,0,0,0,0,68,68,0,0,0,0,0,0,0,68
1925,2,"1925-2",2,1,2,NA,NA,NA,NA,NA,NA,NA,1,1,1,270.770968316,1,5,5,2,2,1478,1445,1340,1445,18,16,0,9,50,5,5,0,0,0,0,0,0,0,68,68,0,0,0,0,0,0,0,68
1925,3,"1925-3",2,1,2,NA,NA,NA,NA,NA,NA,NA,1,1,1,270.770968316,0,5,5,2,2,1445,1445,1340,1445,21,18,0,9,50,5,5,0,0,0,0,0,0,0,68,68,0,0,0,0,0,0,0,68
1925,4,"1925-4",2,1,2,NA,NA,NA,NA,NA,NA,NA,1,1,1,270.770968316,0,5,0,2,2,1445,1340,1340,1445,27,21,1,9,50,5,5,0,0,0,0,0,0,0,68,68,0,0,0,0,0,0,0,68
1932,7,"1932-7",2,1,2,NA,NA,NA,NA,NA,NA,NA,1,2,1,72.732502815,0,9,9,2,2,2230,2372,2230,2372,36,35,0,20,0,1,4,0,0,0,0,0,0,0,54,40,0,0,0,0,0,0,0,54
1932,8,"1932-8",2,1,2,NA,NA,NA,NA,NA,NA,NA,1,2,1,72.732502815,0,9,0,2,2,2372,2230,2230,2372,48,36,1,20,0,1,4,0,0,0,0,0,0,0,54,40,0,0,0,0,0,0,0,54
1938,2,"1938-2",2,2,4,NA,NA,NA,NA,NA,NA,NA,3,1,1,70.7210651,0,9,9,2,2,1466,1483,1466,1483,28,27,0,16,13,4,8,0,0,0,0,0,0,0,36,2,0,0,0,0,0,0,0,36
1938,3,"1938-3",2,2,4,NA,NA,NA,NA,NA,NA,NA,3,1,1,70.7210651,1,9,7,2,2,1483,1483,1466,1483,28,28,1,16,13,4,8,0,0,0,0,0,0,0,36,2,0,0,0,0,0,0,0,36
1938,4,"1938-4",2,2,4,NA,NA,NA,NA,NA,NA,NA,3,1,1,70.7210651,0,9,0,2,2,1483,1466,1466,1483,48,28,1,16,13,4,8,0,0,0,0,0,0,0,36,2,0,0,0,0,0,0,0,36
1961,1,"1961-1",2,1,2,NA,NA,NA,NA,NA,NA,NA,1,2,1,433.81499784,0,6,6,2,2,1130,1612,1130,1612,35,33,0,19,15,2,1,0,0,0,0,0,0,0,62,66,0,0,0,0,0,0,0,66
1961,2,"1961-2",2,1,2,NA,NA,NA,NA,NA,NA,NA,1,2,1,433.81499784,1,6,7,4,2,1612,1612,1130,1612,37,35,1,19,15,2,1,0,0,0,0,0,0,0,62,66,0,0,0,0,0,0,0,66
1961,3,"1961-3",2,1,2,NA,NA,NA,NA,NA,NA,NA,1,2,1,433.81499784,0,6,0,2,2,1612,1130,1130,1612,48,37,1,19,15,2,1,0,0,0,0,0,0,0,62,66,0,0,0,0,0,0,0,66
1965,2,"1965-2",2,1,5,NA,NA,NA,NA,NA,NA,NA,3,3,1,156.565658084,0,9,9,2,2,1988,1834,1988,1834,34,32,0,18,40,2,6,0,0,0,0,0,0,0,53,16,0,0,0,0,0,0,0,53
1965,3,"1965-3",2,1,5,NA,NA,NA,NA,NA,NA,NA,3,3,1,156.565658084,1,9,7,2,2,1834,1981,1988,1834,34,34,1,18,40,2,6,0,0,0,0,0,0,0,53,16,0,0,0,0,0,0,0,53
1965,4,"1965-4",2,1,5,NA,NA,NA,NA,NA,NA,NA,3,3,1,156.565658084,0,9,0,2,2,1981,1988,1988,1834,48,34,1,18,40,2,6,0,0,0,0,0,0,0,53,16,0,0,0,0,0,0,0,53
1969,1,"1969-1",4,1,2,3,4,NA,NA,NA,NA,NA,3,1,1,181.7586925,0,8,8,3,3,2443,2443,2443,2443,22,19,0,12,0,4,1,8,8,0,0,0,0,0,35,37,3,0,0,0,0,0,0,37
1969,2,"1969-2",4,1,2,3,4,NA,NA,NA,NA,NA,3,1,1,181.7586925,0,8,0,3,3,2443,2443,2443,2443,48,22,1,12,0,4,1,8,8,0,0,0,0,0,35,37,3,0,0,0,0,0,0,37
1970,1,"1970-1",2,3,4,NA,NA,NA,NA,NA,NA,NA,2,1,1,100.6015776,0,3,3,9,9,2039,2568,2039,2568,24,9,0,7,10,7,7,0,0,0,0,0,0,0,9,6,0,0,0,0,0,0,0,9
1970,2,"1970-2",2,3,4,NA,NA,NA,NA,NA,NA,NA,2,1,1,100.6015776,0,3,0,9,9,2568,2039,2039,2568,29,24,1,7,10,7,7,0,0,0,0,0,0,0,9,6,0,0,0,0,0,0,0,9
1972,1,"1972-1",2,1,2,NA,NA,NA,NA,NA,NA,NA,1,2,1,107.135616735,0,8,8,4,4,2066,2064,2066,2064,39,35,0,20,25,1,1,0,0,0,0,0,0,0,32,34,0,0,0,0,0,0,0,34
1972,2,"1972-2",2,1,2,NA,NA,NA,NA,NA,NA,NA,1,2,1,107.135616735,0,8,0,4,4,2064,2066,2066,2064,48,39,1,20,25,1,1,0,0,0,0,0,0,0,32,34,0,0,0,0,0,0,0,34
1975,6,"1975-6",4,1,2,3,4,NA,NA,NA,NA,NA,3,4,1,361.3253935,0,7,7,3,3,759,735,759,735,38,36,0,20,30,4,4,4,7,0,0,0,0,0,40,63,37,9,0,0,0,0,0,63
1975,7,"1975-7",4,1,2,3,4,NA,NA,NA,NA,NA,3,4,1,361.3253935,0,7,0,3,3,735,759,759,735,48,38,1,20,30,4,4,4,7,0,0,0,0,0,40,63,37,9,0,0,0,0,0,63
1999,4,"1999-4",2,1,5,NA,NA,NA,NA,NA,NA,NA,3,3,2,186.112955712,1,5,5,2,2,1422,1389,1422,1897,24,22,0,13,50,2,7,0,0,0,0,0,0,0,44,12,0,0,0,0,0,0,0,44
1999,5,"1999-5",2,1,5,NA,NA,NA,NA,NA,NA,NA,3,3,2,186.112955712,0,5,5,2,2,1389,1897,1422,1897,27,24,0,13,50,2,7,0,0,0,0,0,0,0,44,12,0,0,0,0,0,0,0,44
1999,6,"1999-6",2,1,5,NA,NA,NA,NA,NA,NA,NA,3,3,2,186.112955712,1,5,6,2,2,1897,2002,1422,1897,28,27,1,13,50,2,7,0,0,0,0,0,0,0,44,12,0,0,0,0,0,0,0,44
1999,7,"1999-7",2,1,5,NA,NA,NA,NA,NA,NA,NA,3,3,2,186.112955712,0,5,0,2,2,2002,1422,1422,1897,30,28,1,13,50,2,7,0,0,0,0,0,0,0,44,12,0,0,0,0,0,0,0,44
1999,1,"1999-1",2,3,5,NA,NA,NA,NA,NA,NA,NA,2,1,1,154.33992672,0,4,4,2,2,1422,1421,1422,1421,19,19,0,12,8,6,7,0,0,0,0,0,0,0,17,12,0,0,0,0,0,0,0,17
1999,2,"1999-2",2,3,5,NA,NA,NA,NA,NA,NA,NA,2,1,1,154.33992672,1,4,4,2,2,1421,1421,1422,1421,19,19,1,12,8,6,7,0,0,0,0,0,0,0,17,12,0,0,0,0,0,0,0,17
1999,3,"1999-3",2,3,5,NA,NA,NA,NA,NA,NA,NA,2,1,1,154.33992672,0,4,0,2,2,1421,1422,1422,1421,20,19,1,12,8,6,7,0,0,0,0,0,0,0,17,12,0,0,0,0,0,0,0,17
2000,1,"2000-1",2,4,5,NA,NA,NA,NA,NA,NA,NA,2,1,1,138.314600928,0,3,3,2,2,1428,1425,1428,1425,24,9,0,7,0,6,7,0,0,0,0,0,0,0,16,8,0,0,0,0,0,0,0,16
2000,2,"2000-2",2,4,5,NA,NA,NA,NA,NA,NA,NA,2,1,1,138.314600928,0,3,0,2,2,1425,1428,1428,1425,48,24,1,7,0,6,7,0,0,0,0,0,0,0,16,8,0,0,0,0,0,0,0,16
2022,1,"2022-1",2,1,2,NA,NA,NA,NA,NA,NA,NA,1,1,1,55.297498827,1,5,6,2,2,2433,2435,2433,2436,17,17,0,11,7,5,5,0,0,0,0,0,0,0,67,67,0,0,0,0,0,0,0,67
2022,2,"2022-2",2,1,2,NA,NA,NA,NA,NA,NA,NA,1,1,1,55.297498827,1,5,5,2,2,2435,2432,2433,2436,18,17,0,11,7,5,5,0,0,0,0,0,0,0,67,67,0,0,0,0,0,0,0,67
2022,3,"2022-3",2,1,2,NA,NA,NA,NA,NA,NA,NA,1,1,1,55.297498827,1,5,5,2,2,2432,2436,2433,2436,18,18,0,11,7,5,5,0,0,0,0,0,0,0,67,67,0,0,0,0,0,0,0,67
2022,4,"2022-4",2,1,2,NA,NA,NA,NA,NA,NA,NA,1,1,1,55.297498827,0,5,5,2,2,2436,2436,2433,2436,19,18,0,11,7,5,5,0,0,0,0,0,0,0,67,67,0,0,0,0,0,0,0,67
2022,5,"2022-5",2,1,2,NA,NA,NA,NA,NA,NA,NA,1,1,1,55.297498827,0,5,0,2,2,2436,2433,2433,2436,48,19,1,11,7,5,5,0,0,0,0,0,0,0,67,67,0,0,0,0,0,0,0,67
2025,3,"2025-3",2,3,4,NA,NA,NA,NA,NA,NA,NA,1,1,1,215.4118252,1,6,6,2,2,761,679,761,386,19,19,0,12,0,4,4,0,0,0,0,0,0,0,19,32,0,0,0,0,0,0,0,32
2025,4,"2025-4",2,3,4,NA,NA,NA,NA,NA,NA,NA,1,1,1,215.4118252,0,6,6,2,2,679,386,761,386,23,19,0,12,0,4,4,0,0,0,0,0,0,0,19,32,0,0,0,0,0,0,0,32
2025,5,"2025-5",2,3,4,NA,NA,NA,NA,NA,NA,NA,1,1,1,215.4118252,0,6,0,2,2,386,761,761,386,48,23,1,12,0,4,4,0,0,0,0,0,0,0,19,32,0,0,0,0,0,0,0,32
2034,3,"2034-3",2,1,3,NA,NA,NA,NA,NA,NA,NA,3,1,0,393.745017252,0,NA,7,2,NA,2211,2146,NA,NA,37,36,0,NA,NA,2,6,0,0,0,0,0,0,0,53,17,0,0,0,0,0,0,0,53
2034,4,"2034-4",2,1,3,NA,NA,NA,NA,NA,NA,NA,3,1,0,393.745017252,0,NA,0,2,NA,2146,2211,NA,NA,48,37,1,NA,NA,2,6,0,0,0,0,0,0,0,53,17,0,0,0,0,0,0,0,53
2040,1,"2040-1",2,1,2,NA,NA,NA,NA,NA,NA,NA,1,1,1,70.032252243,0,8,8,4,4,1644,1644,1644,1644,16,15,0,10,25,5,1,0,0,0,0,0,0,0,67,67,0,0,0,0,0,0,0,67
2040,2,"2040-2",2,1,2,NA,NA,NA,NA,NA,NA,NA,1,1,1,70.032252243,0,8,0,4,4,1644,1644,1644,1644,48,16,1,10,25,5,1,0,0,0,0,0,0,0,67,67,0,0,0,0,0,0,0,67
2043,1,"2043-1",3,1,2,3,NA,NA,NA,NA,NA,NA,3,1,1,468.068007828,0,6,6,3,3,1089,1134,1089,1134,25,22,0,13,40,1,4,8,0,0,0,0,0,0,30,33,0,0,0,0,0,0,0,33
2043,2,"2043-2",3,1,2,3,NA,NA,NA,NA,NA,NA,3,1,1,468.068007828,1,6,9,3,3,1134,1111,1089,1134,27,25,1,13,40,1,4,8,0,0,0,0,0,0,30,33,0,0,0,0,0,0,0,33
2043,3,"2043-3",3,1,2,3,NA,NA,NA,NA,NA,NA,3,1,1,468.068007828,0,6,0,3,3,1111,1089,1089,1134,31,27,1,13,40,1,4,8,0,0,0,0,0,0,30,33,0,0,0,0,0,0,0,33
2043,4,"2043-4",3,1,2,3,NA,NA,NA,NA,NA,NA,3,2,2,468.068007828,1,7,4,3,3,1089,830,1089,1003,32,31,0,18,15,1,4,8,0,0,0,0,0,0,30,33,0,0,0,0,0,0,0,33
2043,5,"2043-5",3,1,2,3,NA,NA,NA,NA,NA,NA,3,2,2,468.068007828,0,7,7,3,3,830,1003,1089,1003,34,32,0,18,15,1,4,8,0,0,0,0,0,0,30,33,0,0,0,0,0,0,0,33
2043,6,"2043-6",3,1,2,3,NA,NA,NA,NA,NA,NA,3,2,2,468.068007828,1,7,8,3,3,1003,830,1089,1003,37,34,1,18,15,1,4,8,0,0,0,0,0,0,30,33,0,0,0,0,0,0,0,33
2043,7,"2043-7",3,1,2,3,NA,NA,NA,NA,NA,NA,3,2,2,468.068007828,0,7,0,3,3,830,1089,1089,1003,48,37,1,18,15,1,4,8,0,0,0,0,0,0,30,33,0,0,0,0,0,0,0,33
2044,1,"2044-1",2,1,2,NA,NA,NA,NA,NA,NA,NA,1,1,1,138.060831976,0,9,9,4,4,957,957,957,957,31,31,0,18,0,2,1,0,0,0,0,0,0,0,43,42,0,0,0,0,0,0,0,43
2044,2,"2044-2",2,1,2,NA,NA,NA,NA,NA,NA,NA,1,1,1,138.060831976,0,9,0,4,4,957,957,957,957,48,31,1,18,0,2,1,0,0,0,0,0,0,0,43,42,0,0,0,0,0,0,0,43
2047,3,"2047-3",4,1,3,4,5,NA,NA,NA,NA,NA,3,1,2,192.477507876,1,9,7,3,3,2005,2005,2005,2005,30,30,0,17,30,1,7,7,7,0,0,0,0,0,37,12,9,6,0,0,0,0,0,37
2047,4,"2047-4",4,1,3,4,5,NA,NA,NA,NA,NA,3,1,2,192.477507876,0,9,9,3,3,2005,2005,2005,2005,32,30,0,17,30,1,7,7,7,0,0,0,0,0,37,12,9,6,0,0,0,0,0,37
2047,5,"2047-5",4,1,3,4,5,NA,NA,NA,NA,NA,3,1,2,192.477507876,0,9,0,3,3,2005,2005,2005,2005,48,32,1,17,30,1,7,7,7,0,0,0,0,0,37,12,9,6,0,0,0,0,0,37
2047,1,"2047-1",2,4,5,NA,NA,NA,NA,NA,NA,NA,2,1,1,164.3127738,0,3,3,9,9,2005,2005,2005,2005,26,12,0,8,40,7,7,0,0,0,0,0,0,0,9,6,0,0,0,0,0,0,0,9
2047,2,"2047-2",2,4,5,NA,NA,NA,NA,NA,NA,NA,2,1,1,164.3127738,0,3,0,9,9,2005,2005,2005,2005,30,26,1,8,40,7,7,0,0,0,0,0,0,0,9,6,0,0,0,0,0,0,0,9
2053,1,"2053-1",2,1,2,NA,NA,NA,NA,NA,NA,NA,1,1,1,828.795835244,1,5,6,2,2,1721,1879,1721,9999,11,11,0,8,1,5,5,0,0,0,0,0,0,0,77,78,0,0,0,0,0,0,0,78
2053,2,"2053-2",2,1,2,NA,NA,NA,NA,NA,NA,NA,1,1,1,828.795835244,0,5,5,2,2,1879,9999,1721,9999,19,11,0,8,1,5,5,0,0,0,0,0,0,0,77,78,0,0,0,0,0,0,0,78
2053,3,"2053-3",2,1,2,NA,NA,NA,NA,NA,NA,NA,1,1,1,828.795835244,0,5,0,2,2,9999,9999,1721,9999,48,19,1,8,1,5,5,0,0,0,0,0,0,0,77,78,0,0,0,0,0,0,0,78
2055,1,"2055-1",3,1,2,3,NA,NA,NA,NA,NA,NA,1,2,1,256.354052535,0,8,8,3,3,815,364,815,364,36,34,0,19,30,1,2,3,0,0,0,0,0,0,61,53,20,0,0,0,0,0,0,61
2055,2,"2055-2",3,1,2,3,NA,NA,NA,NA,NA,NA,1,2,1,256.354052535,0,8,0,3,3,364,815,815,364,48,36,1,19,30,1,2,3,0,0,0,0,0,0,61,53,20,0,0,0,0,0,0,61
2056,1,"2056-1",2,2,3,NA,NA,NA,NA,NA,NA,NA,3,1,1,127.6834929,0,9,9,2,2,518,537,518,537,29,27,0,16,25,1,8,0,0,0,0,0,0,0,33,2,0,0,0,0,0,0,0,33
2056,2,"2056-2",2,2,3,NA,NA,NA,NA,NA,NA,NA,3,1,1,127.6834929,0,9,0,2,2,537,518,518,537,48,29,1,16,25,1,8,0,0,0,0,0,0,0,33,2,0,0,0,0,0,0,0,33
2061,1,"2061-1",2,1,2,NA,NA,NA,NA,NA,NA,NA,1,1,1,167.1716007,0,5,5,2,2,2293,2482,2293,2482,21,19,0,12,23,4,5,0,0,0,0,0,0,0,56,65,0,0,0,0,0,0,0,65
2061,2,"2061-2",2,1,2,NA,NA,NA,NA,NA,NA,NA,1,1,1,167.1716007,1,5,7,2,2,2482,2482,2293,2482,23,21,1,12,23,4,5,0,0,0,0,0,0,0,56,65,0,0,0,0,0,0,0,65
2061,3,"2061-3",2,1,2,NA,NA,NA,NA,NA,NA,NA,1,1,1,167.1716007,1,5,7,2,2,2482,2297,2293,2482,23,23,1,12,23,4,5,0,0,0,0,0,0,0,56,65,0,0,0,0,0,0,0,65
2061,4,"2061-4",2,1,2,NA,NA,NA,NA,NA,NA,NA,1,1,1,167.1716007,0,5,0,2,2,2297,2293,2293,2482,28,23,1,12,23,4,5,0,0,0,0,0,0,0,56,65,0,0,0,0,0,0,0,65
2077,2,"2077-2",2,1,3,NA,NA,NA,NA,NA,NA,NA,3,2,1,44.57426382,0,7,7,2,2,1421,1389,1421,1389,35,34,0,19,30,1,7,0,0,0,0,0,0,0,50,13,0,0,0,0,0,0,0,50
2077,3,"2077-3",2,1,3,NA,NA,NA,NA,NA,NA,NA,3,2,1,44.57426382,0,7,0,2,2,1389,1421,1421,1389,48,35,1,19,30,1,7,0,0,0,0,0,0,0,50,13,0,0,0,0,0,0,0,50
2109,1,"2109-1",2,1,2,NA,NA,NA,NA,NA,NA,NA,1,1,1,111.589476049,0,9,9,2,2,2789,2793,2789,2793,19,14,0,9,39,5,5,0,0,0,0,0,0,0,80,80,0,0,0,0,0,0,0,80
2109,2,"2109-2",2,1,2,NA,NA,NA,NA,NA,NA,NA,1,1,1,111.589476049,1,9,5,2,2,2793,2789,2789,2793,20,19,1,9,39,5,5,0,0,0,0,0,0,0,80,80,0,0,0,0,0,0,0,80
2109,3,"2109-3",2,1,2,NA,NA,NA,NA,NA,NA,NA,1,1,1,111.589476049,0,9,0,2,2,2789,2789,2789,2793,31,20,1,9,39,5,5,0,0,0,0,0,0,0,80,80,0,0,0,0,0,0,0,80
2109,4,"2109-4",2,1,2,NA,NA,NA,NA,NA,NA,NA,1,2,2,111.589476049,0,7,7,2,2,2789,2789,2789,2789,34,31,0,18,0,5,5,0,0,0,0,0,0,0,80,80,0,0,0,0,0,0,0,80
2109,5,"2109-5",2,1,2,NA,NA,NA,NA,NA,NA,NA,1,2,2,111.589476049,0,7,0,2,2,2789,2789,2789,2789,48,34,1,18,0,5,5,0,0,0,0,0,0,0,80,80,0,0,0,0,0,0,0,80
2117,1,"2117-1",2,1,2,NA,NA,NA,NA,NA,NA,NA,1,1,1,18.89401313,1,9,7,2,2,2505,2505,2505,2507,13,12,0,8,55,5,5,0,0,0,0,0,0,0,72,74,0,0,0,0,0,0,0,74
2117,2,"2117-2",2,1,2,NA,NA,NA,NA,NA,NA,NA,1,1,1,18.89401313,0,9,9,2,2,2505,2507,2505,2507,18,13,0,8,55,5,5,0,0,0,0,0,0,0,72,74,0,0,0,0,0,0,0,74
2117,3,"2117-3",2,1,2,NA,NA,NA,NA,NA,NA,NA,1,1,1,18.89401313,0,9,0,2,2,2507,2505,2505,2507,20,18,1,8,55,5,5,0,0,0,0,0,0,0,72,74,0,0,0,0,0,0,0,74
2117,4,"2117-4",2,1,2,NA,NA,NA,NA,NA,NA,NA,1,2,2,18.89401313,0,5,5,2,2,2505,2504,2505,2504,23,20,0,12,55,5,5,0,0,0,0,0,0,0,72,74,0,0,0,0,0,0,0,74
2117,5,"2117-5",2,1,2,NA,NA,NA,NA,NA,NA,NA,1,2,2,18.89401313,0,5,0,2,2,2504,2505,2505,2504,32,23,1,12,55,5,5,0,0,0,0,0,0,0,72,74,0,0,0,0,0,0,0,74
2117,6,"2117-6",2,1,2,NA,NA,NA,NA,NA,NA,NA,1,3,3,18.89401313,0,9,9,2,2,2505,2504,2505,2504,34,32,0,18,45,5,5,0,0,0,0,0,0,0,72,74,0,0,0,0,0,0,0,74
2117,7,"2117-7",2,1,2,NA,NA,NA,NA,NA,NA,NA,1,3,3,18.89401313,0,9,0,2,2,2504,2505,2505,2504,48,34,1,18,45,5,5,0,0,0,0,0,0,0,72,74,0,0,0,0,0,0,0,74
2133,4,"2133-4",2,1,3,NA,NA,NA,NA,NA,NA,NA,3,1,1,131.1195535,0,5,5,2,2,1130,1134,1130,1134,33,32,0,18,30,3,7,0,0,0,0,0,0,0,35,9,0,0,0,0,0,0,0,35
2133,5,"2133-5",2,1,3,NA,NA,NA,NA,NA,NA,NA,3,1,1,131.1195535,1,5,5,4,2,1134,1134,1130,1134,34,33,1,18,30,3,7,0,0,0,0,0,0,0,35,9,0,0,0,0,0,0,0,35
2133,6,"2133-6",2,1,3,NA,NA,NA,NA,NA,NA,NA,3,1,1,131.1195535,0,5,0,2,2,1134,1130,1130,1134,48,34,1,18,30,3,7,0,0,0,0,0,0,0,35,9,0,0,0,0,0,0,0,35
2138,6,"2138-6",3,1,2,3,NA,NA,NA,NA,NA,NA,3,2,2,82.668048324,0,9,9,3,3,2786,2789,2786,2789,36,32,0,18,45,1,7,8,0,0,0,0,0,0,42,8,5,0,0,0,0,0,0,42
2138,7,"2138-7",3,1,2,3,NA,NA,NA,NA,NA,NA,3,2,2,82.668048324,0,9,0,3,3,2789,2786,2786,2789,48,36,1,18,45,1,7,8,0,0,0,0,0,0,42,8,5,0,0,0,0,0,0,42
2138,2,"2138-2",2,2,3,NA,NA,NA,NA,NA,NA,NA,2,2,1,70.8194452,0,3,3,3,3,2790,2786,2790,2786,26,12,0,8,35,7,8,0,0,0,0,0,0,0,8,5,0,0,0,0,0,0,0,8
2138,3,"2138-3",2,2,3,NA,NA,NA,NA,NA,NA,NA,2,2,1,70.8194452,0,3,0,3,3,2786,2790,2790,2786,29,26,1,8,35,7,8,0,0,0,0,0,0,0,8,5,0,0,0,0,0,0,0,8
2139,1,"2139-1",2,1,2,NA,NA,NA,NA,NA,NA,NA,1,1,1,94.084348785,1,5,6,2,2,1383,1384,1383,1411,31,31,0,18,3,2,1,0,0,0,0,0,0,0,56,56,0,0,0,0,0,0,0,56
2139,2,"2139-2",2,1,2,NA,NA,NA,NA,NA,NA,NA,1,1,1,94.084348785,0,5,5,2,2,1384,1411,1383,1411,32,31,0,18,3,2,1,0,0,0,0,0,0,0,56,56,0,0,0,0,0,0,0,56
2139,3,"2139-3",2,1,2,NA,NA,NA,NA,NA,NA,NA,1,1,1,94.084348785,1,5,7,2,2,1411,1423,1383,1411,34,32,1,18,3,2,1,0,0,0,0,0,0,0,56,56,0,0,0,0,0,0,0,56
2139,4,"2139-4",2,1,2,NA,NA,NA,NA,NA,NA,NA,1,1,1,94.084348785,1,5,6,2,2,1423,1389,1383,1411,34,34,1,18,3,2,1,0,0,0,0,0,0,0,56,56,0,0,0,0,0,0,0,56
2139,5,"2139-5",2,1,2,NA,NA,NA,NA,NA,NA,NA,1,1,1,94.084348785,1,5,5,2,2,1389,1204,1383,1411,35,34,1,18,3,2,1,0,0,0,0,0,0,0,56,56,0,0,0,0,0,0,0,56
2139,6,"2139-6",2,1,2,NA,NA,NA,NA,NA,NA,NA,1,1,1,94.084348785,1,5,5,2,2,1204,1200,1383,1411,36,35,1,18,3,2,1,0,0,0,0,0,0,0,56,56,0,0,0,0,0,0,0,56
2139,7,"2139-7",2,1,2,NA,NA,NA,NA,NA,NA,NA,1,1,1,94.084348785,0,5,0,2,2,1200,1383,1383,1411,48,36,1,18,3,2,1,0,0,0,0,0,0,0,56,56,0,0,0,0,0,0,0,56
2144,2,"2144-2",2,1,2,NA,NA,NA,NA,NA,NA,NA,1,3,1,153.1309758,0,9,9,4,4,1769,1768,1769,1768,36,35,0,20,0,1,1,0,0,0,0,0,0,0,55,54,0,0,0,0,0,0,0,55
2144,3,"2144-3",2,1,2,NA,NA,NA,NA,NA,NA,NA,1,3,1,153.1309758,0,9,0,4,4,1768,1769,1769,1768,48,36,1,20,0,1,1,0,0,0,0,0,0,0,55,54,0,0,0,0,0,0,0,55
2145,1,"2145-1",2,1,2,NA,NA,NA,NA,NA,NA,NA,1,1,1,77.981862806,0,6,6,2,2,2315,2322,2315,2322,15,13,0,9,15,5,5,0,0,0,0,0,0,0,78,78,0,0,0,0,0,0,0,78
2145,2,"2145-2",2,1,2,NA,NA,NA,NA,NA,NA,NA,1,1,1,77.981862806,0,6,0,2,2,2322,2315,2315,2322,48,15,1,9,15,5,5,0,0,0,0,0,0,0,78,78,0,0,0,0,0,0,0,78
2146,1,"2146-1",2,1,2,NA,NA,NA,NA,NA,NA,NA,1,1,1,501.44377113,0,5,5,2,2,1976,1897,1976,1897,16,15,0,10,0,5,4,0,0,0,0,0,0,0,66,62,0,0,0,0,0,0,0,66
2146,2,"2146-2",2,1,2,NA,NA,NA,NA,NA,NA,NA,1,1,1,501.44377113,0,5,0,2,2,1897,1976,1976,1897,17,16,1,10,0,5,4,0,0,0,0,0,0,0,66,62,0,0,0,0,0,0,0,66
2162,3,"2162-3",2,1,2,NA,NA,NA,NA,NA,NA,NA,1,2,1,103.73151056,0,9,9,2,2,2504,9999,2504,9999,33,30,0,17,50,1,1,0,0,0,0,0,0,0,46,50,0,0,0,0,0,0,0,50
2162,4,"2162-4",2,1,2,NA,NA,NA,NA,NA,NA,NA,1,2,1,103.73151056,1,9,7,2,2,9999,9999,2504,9999,34,33,1,17,50,1,1,0,0,0,0,0,0,0,46,50,0,0,0,0,0,0,0,50
2162,5,"2162-5",2,1,2,NA,NA,NA,NA,NA,NA,NA,1,2,1,103.73151056,0,9,0,2,2,9999,2504,2504,9999,48,34,1,17,50,1,1,0,0,0,0,0,0,0,46,50,0,0,0,0,0,0,0,50
2179,3,"2179-3",2,3,4,NA,NA,NA,NA,NA,NA,NA,2,2,1,1211.089587456,0,9,9,3,3,832,841,832,841,35,30,0,17,30,6,7,0,0,0,0,0,0,0,17,15,0,0,0,0,0,0,0,17
2179,4,"2179-4",2,3,4,NA,NA,NA,NA,NA,NA,NA,2,2,1,1211.089587456,0,9,0,2,3,841,832,832,841,48,35,1,17,30,6,7,0,0,0,0,0,0,0,17,15,0,0,0,0,0,0,0,17
2183,1,"2183-1",2,1,2,NA,NA,NA,NA,NA,NA,NA,1,2,1,54.400223745,0,9,9,2,2,1178,292,1178,292,36,33,0,19,0,1,1,0,0,0,0,0,0,0,53,52,0,0,0,0,0,0,0,53
2183,2,"2183-2",2,1,2,NA,NA,NA,NA,NA,NA,NA,1,2,1,54.400223745,0,9,0,2,2,292,1178,1178,292,48,36,1,19,0,1,1,0,0,0,0,0,0,0,53,52,0,0,0,0,0,0,0,53
2185,1,"2185-1",2,1,2,NA,NA,NA,NA,NA,NA,NA,1,1,1,152.872385295,0,5,5,2,2,2181,2307,2181,2307,22,18,0,11,30,2,1,0,0,0,0,0,0,0,55,54,0,0,0,0,0,0,0,55
2185,2,"2185-2",2,1,2,NA,NA,NA,NA,NA,NA,NA,1,1,1,152.872385295,1,5,5,2,2,2307,2272,2181,2307,24,22,1,11,30,2,1,0,0,0,0,0,0,0,55,54,0,0,0,0,0,0,0,55
2185,3,"2185-3",2,1,2,NA,NA,NA,NA,NA,NA,NA,1,1,1,152.872385295,0,5,0,2,2,2272,2181,2181,2307,48,24,1,11,30,2,1,0,0,0,0,0,0,0,55,54,0,0,0,0,0,0,0,55
2197,1,"2197-1",2,2,3,NA,NA,NA,NA,NA,NA,NA,3,1,1,474.1151278,0,2,2,2,2,1420,1423,1420,1423,18,15,0,10,13,3,8,0,0,0,0,0,0,0,32,1,0,0,0,0,0,0,0,32
2197,2,"2197-2",2,2,3,NA,NA,NA,NA,NA,NA,NA,3,1,1,474.1151278,0,2,0,2,2,1423,1420,1420,1423,48,18,1,10,13,3,8,0,0,0,0,0,0,0,32,1,0,0,0,0,0,0,0,32
2198,1,"2198-1",2,1,2,NA,NA,NA,NA,NA,NA,NA,1,2,1,346.4226096,0,9,9,2,2,751,187,751,187,39,31,0,18,0,1,4,0,0,0,0,0,0,0,44,42,0,0,0,0,0,0,0,44
2198,2,"2198-2",2,1,2,NA,NA,NA,NA,NA,NA,NA,1,2,1,346.4226096,0,9,0,2,2,187,751,751,187,48,39,1,18,0,1,4,0,0,0,0,0,0,0,44,42,0,0,0,0,0,0,0,44
2208,1,"2208-1",2,1,2,NA,NA,NA,NA,NA,NA,NA,1,1,1,877.187797815,1,5,5,2,2,1103,830,1103,943,19,18,0,11,30,1,4,0,0,0,0,0,0,0,59,64,0,0,0,0,0,0,0,64
2208,2,"2208-2",2,1,2,NA,NA,NA,NA,NA,NA,NA,1,1,1,877.187797815,1,5,5,2,2,830,832,1103,943,20,19,0,11,30,1,4,0,0,0,0,0,0,0,59,64,0,0,0,0,0,0,0,64
2208,3,"2208-3",2,1,2,NA,NA,NA,NA,NA,NA,NA,1,1,1,877.187797815,0,5,5,2,2,832,943,1103,943,25,20,0,11,30,1,4,0,0,0,0,0,0,0,59,64,0,0,0,0,0,0,0,64
2208,4,"2208-4",2,1,2,NA,NA,NA,NA,NA,NA,NA,1,1,1,877.187797815,0,5,0,2,2,943,1103,1103,943,26,25,1,11,30,1,4,0,0,0,0,0,0,0,59,64,0,0,0,0,0,0,0,64
2209,6,"2209-6",3,1,3,4,NA,NA,NA,NA,NA,NA,3,3,1,824.4004148,0,5,5,3,3,750,740,750,740,29,28,0,16,30,4,8,8,0,0,0,0,0,0,33,5,2,0,0,0,0,0,0,33
2209,7,"2209-7",3,1,3,4,NA,NA,NA,NA,NA,NA,3,3,1,824.4004148,0,5,0,3,3,740,750,750,740,48,29,1,16,30,4,8,8,0,0,0,0,0,0,33,5,2,0,0,0,0,0,0,33
2211,1,"2211-1",2,1,2,NA,NA,NA,NA,NA,NA,NA,1,2,1,234.2006883,1,5,8,2,2,1877,1884,1877,1883,24,23,0,14,10,4,1,0,0,0,0,0,0,0,58,56,0,0,0,0,0,0,0,58
2211,2,"2211-2",2,1,2,NA,NA,NA,NA,NA,NA,NA,1,2,1,234.2006883,0,5,5,2,2,1884,1883,1877,1883,24,24,0,14,10,4,1,0,0,0,0,0,0,0,58,56,0,0,0,0,0,0,0,58
2211,3,"2211-3",2,1,2,NA,NA,NA,NA,NA,NA,NA,1,2,1,234.2006883,0,5,0,2,2,1883,1877,1877,1883,25,24,1,14,10,4,1,0,0,0,0,0,0,0,58,56,0,0,0,0,0,0,0,58
2211,4,"2211-4",2,1,2,NA,NA,NA,NA,NA,NA,NA,1,3,2,234.2006883,0,8,8,2,2,1877,1884,1877,1884,30,25,0,15,25,4,1,0,0,0,0,0,0,0,58,56,0,0,0,0,0,0,0,58
2211,5,"2211-5",2,1,2,NA,NA,NA,NA,NA,NA,NA,1,3,2,234.2006883,0,8,0,2,2,1884,1877,1877,1884,48,30,1,15,25,4,1,0,0,0,0,0,0,0,58,56,0,0,0,0,0,0,0,58
2212,1,"2212-1",2,1,2,NA,NA,NA,NA,NA,NA,NA,1,2,1,296.191591185,1,4,4,2,2,820,215,820,985,29,28,0,16,30,1,4,0,0,0,0,0,0,0,65,64,0,0,0,0,0,0,0,65
2212,2,"2212-2",2,1,2,NA,NA,NA,NA,NA,NA,NA,1,2,1,296.191591185,0,4,4,2,2,215,985,820,985,32,29,0,16,30,1,4,0,0,0,0,0,0,0,65,64,0,0,0,0,0,0,0,65
2212,3,"2212-3",2,1,2,NA,NA,NA,NA,NA,NA,NA,1,2,1,296.191591185,1,4,7,2,2,985,844,820,985,34,32,1,16,30,1,4,0,0,0,0,0,0,0,65,64,0,0,0,0,0,0,0,65
2212,4,"2212-4",2,1,2,NA,NA,NA,NA,NA,NA,NA,1,2,1,296.191591185,0,4,0,2,2,844,820,820,985,48,34,1,16,30,1,4,0,0,0,0,0,0,0,65,64,0,0,0,0,0,0,0,65
2225,1,"2225-1",3,1,3,4,NA,NA,NA,NA,NA,NA,3,1,1,83.871771,1,5,6,3,3,1516,1463,1516,1000,15,14,0,9,42,4,8,8,0,0,0,0,0,0,27,2,1,0,0,0,0,0,0,27
2225,2,"2225-2",3,1,3,4,NA,NA,NA,NA,NA,NA,3,1,1,83.871771,1,5,8,3,3,1463,1612,1516,1000,20,15,0,9,42,4,8,8,0,0,0,0,0,0,27,2,1,0,0,0,0,0,0,27
2225,3,"2225-3",3,1,3,4,NA,NA,NA,NA,NA,NA,3,1,1,83.871771,0,5,5,3,3,1612,1000,1516,1000,21,20,0,9,42,4,8,8,0,0,0,0,0,0,27,2,1,0,0,0,0,0,0,27
2225,4,"2225-4",3,1,3,4,NA,NA,NA,NA,NA,NA,3,1,1,83.871771,1,5,4,3,3,1000,1000,1516,1000,22,21,1,9,42,4,8,8,0,0,0,0,0,0,27,2,1,0,0,0,0,0,0,27
2225,5,"2225-5",3,1,3,4,NA,NA,NA,NA,NA,NA,3,1,1,83.871771,1,5,7,3,3,1000,1001,1516,1000,22,22,1,9,42,4,8,8,0,0,0,0,0,0,27,2,1,0,0,0,0,0,0,27
2225,6,"2225-6",3,1,3,4,NA,NA,NA,NA,NA,NA,3,1,1,83.871771,0,5,0,3,3,1001,1516,1516,1000,48,22,1,9,42,4,8,8,0,0,0,0,0,0,27,2,1,0,0,0,0,0,0,27
2231,1,"2231-1",2,1,2,NA,NA,NA,NA,NA,NA,NA,1,1,1,336.076719722,0,9,9,2,2,2375,2137,2375,2137,19,15,0,10,0,5,5,0,0,0,0,0,0,0,76,76,0,0,0,0,0,0,0,76
2231,2,"2231-2",2,1,2,NA,NA,NA,NA,NA,NA,NA,1,1,1,336.076719722,1,9,5,2,2,2137,2206,2375,2137,19,19,1,10,0,5,5,0,0,0,0,0,0,0,76,76,0,0,0,0,0,0,0,76
2231,3,"2231-3",2,1,2,NA,NA,NA,NA,NA,NA,NA,1,1,1,336.076719722,1,9,5,2,2,2206,2198,2375,2137,20,19,1,10,0,5,5,0,0,0,0,0,0,0,76,76,0,0,0,0,0,0,0,76
2231,4,"2231-4",2,1,2,NA,NA,NA,NA,NA,NA,NA,1,1,1,336.076719722,1,9,6,2,2,2198,2272,2375,2137,22,20,1,10,0,5,5,0,0,0,0,0,0,0,76,76,0,0,0,0,0,0,0,76
2231,5,"2231-5",2,1,2,NA,NA,NA,NA,NA,NA,NA,1,1,1,336.076719722,1,9,5,2,2,2272,2229,2375,2137,23,22,1,10,0,5,5,0,0,0,0,0,0,0,76,76,0,0,0,0,0,0,0,76
2231,6,"2231-6",2,1,2,NA,NA,NA,NA,NA,NA,NA,1,1,1,336.076719722,1,9,5,2,2,2229,2223,2375,2137,23,23,1,10,0,5,5,0,0,0,0,0,0,0,76,76,0,0,0,0,0,0,0,76
2231,7,"2231-7",2,1,2,NA,NA,NA,NA,NA,NA,NA,1,1,1,336.076719722,0,9,0,2,2,2223,2375,2375,2137,48,23,1,10,0,5,5,0,0,0,0,0,0,0,76,76,0,0,0,0,0,0,0,76
2234,4,"2234-4",2,1,2,NA,NA,NA,NA,NA,NA,NA,1,2,1,73.87144527,0,7,7,2,2,2273,2132,2273,2132,36,33,0,19,0,1,1,0,0,0,0,0,0,0,61,57,0,0,0,0,0,0,0,61
2234,5,"2234-5",2,1,2,NA,NA,NA,NA,NA,NA,NA,1,2,1,73.87144527,0,7,0,2,2,2132,2273,2273,2132,48,36,1,19,0,1,1,0,0,0,0,0,0,0,61,57,0,0,0,0,0,0,0,61
2239,1,"2239-1",2,1,2,NA,NA,NA,NA,NA,NA,NA,1,1,1,200.326092867,1,6,7,2,2,2289,2296,2289,2109,14,13,0,9,0,5,5,0,0,0,0,0,0,0,65,68,0,0,0,0,0,0,0,68
2239,2,"2239-2",2,1,2,NA,NA,NA,NA,NA,NA,NA,1,1,1,200.326092867,0,6,6,2,2,2296,2109,2289,2109,23,14,0,9,0,5,5,0,0,0,0,0,0,0,65,68,0,0,0,0,0,0,0,68
2239,3,"2239-3",2,1,2,NA,NA,NA,NA,NA,NA,NA,1,1,1,200.326092867,1,6,7,2,2,2109,2298,2289,2109,24,23,1,9,0,5,5,0,0,0,0,0,0,0,65,68,0,0,0,0,0,0,0,68
2239,4,"2239-4",2,1,2,NA,NA,NA,NA,NA,NA,NA,1,1,1,200.326092867,0,6,0,2,2,2298,2289,2289,2109,32,24,1,9,0,5,5,0,0,0,0,0,0,0,65,68,0,0,0,0,0,0,0,68
2240,3,"2240-3",2,1,2,NA,NA,NA,NA,NA,NA,NA,3,2,1,392.4335082,0,8,8,2,2,1335,1336,1335,1336,33,29,0,17,15,3,7,0,0,0,0,0,0,0,43,8,0,0,0,0,0,0,0,43
2240,4,"2240-4",2,1,2,NA,NA,NA,NA,NA,NA,NA,3,2,1,392.4335082,0,8,0,2,2,1336,1335,1335,1336,48,33,1,17,15,3,7,0,0,0,0,0,0,0,43,8,0,0,0,0,0,0,0,43
2252,1,"2252-1",2,1,3,NA,NA,NA,NA,NA,NA,NA,1,4,1,302.40895293,0,1,1,2,2,1456,1715,1456,1715,35,28,0,16,50,1,3,0,0,0,0,0,0,0,62,23,0,0,0,0,0,0,0,62
2252,2,"2252-2",2,1,3,NA,NA,NA,NA,NA,NA,NA,1,4,1,302.40895293,0,1,0,2,2,1715,1456,1456,1715,48,35,1,16,50,1,3,0,0,0,0,0,0,0,62,23,0,0,0,0,0,0,0,62
2253,1,"2253-1",2,1,3,NA,NA,NA,NA,NA,NA,NA,3,2,1,955.1865572,0,5,5,2,2,1849,1882,1849,1882,25,21,0,13,15,4,8,0,0,0,0,0,0,0,30,2,0,0,0,0,0,0,0,30
2253,2,"2253-2",2,1,3,NA,NA,NA,NA,NA,NA,NA,3,2,1,955.1865572,1,5,5,2,2,1882,1774,1849,1882,26,25,1,13,15,4,8,0,0,0,0,0,0,0,30,2,0,0,0,0,0,0,0,30
2253,3,"2253-3",2,1,3,NA,NA,NA,NA,NA,NA,NA,3,2,1,955.1865572,0,5,0,2,2,1774,1849,1849,1882,48,26,1,13,15,4,8,0,0,0,0,0,0,0,30,2,0,0,0,0,0,0,0,30
2269,3,"2269-3",3,1,3,4,NA,NA,NA,NA,NA,NA,3,2,1,93.890346408,0,9,9,3,3,2273,2178,2273,2178,34,31,0,18,8,1,7,7,0,0,0,0,0,0,41,8,6,0,0,0,0,0,0,41
2269,4,"2269-4",3,1,3,4,NA,NA,NA,NA,NA,NA,3,2,1,93.890346408,0,9,0,3,3,2178,2273,2273,2178,48,34,1,18,8,1,7,7,0,0,0,0,0,0,41,8,6,0,0,0,0,0,0,41
2270,2,"2270-2",2,1,5,NA,NA,NA,NA,NA,NA,NA,1,3,1,1919.446498352,0,6,6,2,2,1884,1155,1884,1155,24,22,0,13,50,1,4,0,0,0,0,0,0,0,31,59,0,0,0,0,0,0,0,59
2270,3,"2270-3",2,1,5,NA,NA,NA,NA,NA,NA,NA,1,3,1,1919.446498352,1,6,5,2,2,1155,1180,1884,1155,24,24,1,13,50,1,4,0,0,0,0,0,0,0,31,59,0,0,0,0,0,0,0,59
2270,4,"2270-4",2,1,5,NA,NA,NA,NA,NA,NA,NA,1,3,1,1919.446498352,0,6,0,2,2,1180,1884,1884,1155,38,24,1,13,50,1,4,0,0,0,0,0,0,0,31,59,0,0,0,0,0,0,0,59
2270,5,"2270-5",4,2,3,4,6,NA,NA,NA,NA,NA,3,1,2,1771.9216162,0,5,5,3,3,1884,1884,1884,1884,35,34,0,19,30,4,8,8,4,0,0,0,0,0,26,3,0,52,0,0,0,0,0,52
2270,6,"2270-6",4,2,3,4,6,NA,NA,NA,NA,NA,3,1,2,1771.9216162,0,5,0,3,3,1884,1884,1884,1884,36,35,1,19,30,4,8,8,4,0,0,0,0,0,26,3,0,52,0,0,0,0,0,52
2270,7,"2270-7",4,2,3,4,6,NA,NA,NA,NA,NA,3,2,3,1771.9216162,0,8,8,3,3,1884,1670,1884,1670,38,36,0,20,30,4,8,8,4,0,0,0,0,0,26,3,0,52,0,0,0,0,0,52
2270,8,"2270-8",4,2,3,4,6,NA,NA,NA,NA,NA,3,2,3,1771.9216162,0,8,0,3,3,1670,1884,1884,1670,48,38,1,20,30,4,8,8,4,0,0,0,0,0,26,3,0,52,0,0,0,0,0,52
2273,1,"2273-1",2,1,2,NA,NA,NA,NA,NA,NA,NA,1,1,1,196.138762785,1,1,4,2,2,1355,1366,1355,1769,7,7,0,6,0,1,1,0,0,0,0,0,0,0,52,55,0,0,0,0,0,0,0,55
2273,2,"2273-2",2,1,2,NA,NA,NA,NA,NA,NA,NA,1,1,1,196.138762785,0,1,1,2,2,1366,1769,1355,1769,27,7,0,6,0,1,1,0,0,0,0,0,0,0,52,55,0,0,0,0,0,0,0,55
2273,3,"2273-3",2,1,2,NA,NA,NA,NA,NA,NA,NA,1,1,1,196.138762785,0,1,0,2,2,1769,1355,1355,1769,48,27,1,6,0,1,1,0,0,0,0,0,0,0,52,55,0,0,0,0,0,0,0,55
2279,1,"2279-1",2,1,2,NA,NA,NA,NA,NA,NA,NA,1,1,1,92.539205535,1,5,6,2,2,1457,1412,1457,1384,18,17,0,11,25,2,2,0,0,0,0,0,0,0,69,68,0,0,0,0,0,0,0,69
2279,2,"2279-2",2,1,2,NA,NA,NA,NA,NA,NA,NA,1,1,1,92.539205535,1,5,7,2,2,1412,1384,1457,1384,19,18,0,11,25,2,2,0,0,0,0,0,0,0,69,68,0,0,0,0,0,0,0,69
2279,3,"2279-3",2,1,2,NA,NA,NA,NA,NA,NA,NA,1,1,1,92.539205535,0,5,5,2,2,1384,1384,1457,1384,21,19,0,11,25,2,2,0,0,0,0,0,0,0,69,68,0,0,0,0,0,0,0,69
2279,4,"2279-4",2,1,2,NA,NA,NA,NA,NA,NA,NA,1,1,1,92.539205535,0,5,0,2,2,1384,1457,1457,1384,48,21,1,11,25,2,2,0,0,0,0,0,0,0,69,68,0,0,0,0,0,0,0,69
2282,1,"2282-1",2,1,2,NA,NA,NA,NA,NA,NA,NA,1,1,1,512.6697895,1,6,6,2,2,686,778,686,2792,14,13,0,9,25,5,4,0,0,0,0,0,0,0,68,62,0,0,0,0,0,0,0,68
2282,2,"2282-2",2,1,2,NA,NA,NA,NA,NA,NA,NA,1,1,1,512.6697895,1,6,6,2,2,778,779,686,2792,14,14,0,9,25,5,4,0,0,0,0,0,0,0,68,62,0,0,0,0,0,0,0,68
2282,3,"2282-3",2,1,2,NA,NA,NA,NA,NA,NA,NA,1,1,1,512.6697895,0,6,6,2,2,779,2792,686,2792,19,14,0,9,25,5,4,0,0,0,0,0,0,0,68,62,0,0,0,0,0,0,0,68
2282,4,"2282-4",2,1,2,NA,NA,NA,NA,NA,NA,NA,1,1,1,512.6697895,1,6,5,2,2,2792,2793,686,2792,20,19,1,9,25,5,4,0,0,0,0,0,0,0,68,62,0,0,0,0,0,0,0,68
2282,5,"2282-5",2,1,2,NA,NA,NA,NA,NA,NA,NA,1,1,1,512.6697895,1,6,7,2,2,2793,2792,686,2792,22,20,1,9,25,5,4,0,0,0,0,0,0,0,68,62,0,0,0,0,0,0,0,68
2282,6,"2282-6",2,1,2,NA,NA,NA,NA,NA,NA,NA,1,1,1,512.6697895,1,6,5,2,2,2792,679,686,2792,24,22,1,9,25,5,4,0,0,0,0,0,0,0,68,62,0,0,0,0,0,0,0,68
2282,7,"2282-7",2,1,2,NA,NA,NA,NA,NA,NA,NA,1,1,1,512.6697895,0,6,0,2,2,679,686,686,2792,48,24,1,9,25,5,4,0,0,0,0,0,0,0,68,62,0,0,0,0,0,0,0,68
2285,1,"2285-1",2,1,2,NA,NA,NA,NA,NA,NA,NA,1,1,1,97.399241289,0,7,7,2,2,2344,2344,2344,2344,11,8,0,6,50,5,4,0,0,0,0,0,0,0,66,64,0,0,0,0,0,0,0,66
2285,2,"2285-2",2,1,2,NA,NA,NA,NA,NA,NA,NA,1,1,1,97.399241289,0,7,0,2,2,2344,2344,2344,2344,20,11,1,6,50,5,4,0,0,0,0,0,0,0,66,64,0,0,0,0,0,0,0,66
2285,3,"2285-3",2,1,2,NA,NA,NA,NA,NA,NA,NA,1,2,2,97.399241289,0,9,9,2,2,2344,2345,2344,2345,22,20,0,12,40,5,4,0,0,0,0,0,0,0,66,64,0,0,0,0,0,0,0,66
2285,4,"2285-4",2,1,2,NA,NA,NA,NA,NA,NA,NA,1,2,2,97.399241289,0,9,0,2,2,2345,2344,2344,2345,48,22,1,12,40,5,4,0,0,0,0,0,0,0,66,64,0,0,0,0,0,0,0,66
2288,1,"2288-1",2,1,2,NA,NA,NA,NA,NA,NA,NA,1,1,1,113.41760601168,0,6,6,2,2,2273,2344,2273,2344,16,12,0,8,33,4,4,0,0,0,0,0,0,0,62,62,0,0,0,0,0,0,0,62
2288,2,"2288-2",2,1,2,NA,NA,NA,NA,NA,NA,NA,1,1,1,113.41760601168,1,6,5,2,2,2344,2363,2273,2344,17,16,1,8,33,4,4,0,0,0,0,0,0,0,62,62,0,0,0,0,0,0,0,62
2288,3,"2288-3",2,1,2,NA,NA,NA,NA,NA,NA,NA,1,1,1,113.41760601168,1,6,5,2,2,2363,2200,2273,2344,18,17,1,8,33,4,4,0,0,0,0,0,0,0,62,62,0,0,0,0,0,0,0,62
2288,4,"2288-4",2,1,2,NA,NA,NA,NA,NA,NA,NA,1,1,1,113.41760601168,1,6,5,2,2,2200,2200,2273,2344,18,18,1,8,33,4,4,0,0,0,0,0,0,0,62,62,0,0,0,0,0,0,0,62
2288,5,"2288-5",2,1,2,NA,NA,NA,NA,NA,NA,NA,1,1,1,113.41760601168,1,6,5,2,2,2200,2200,2273,2344,19,18,1,8,33,4,4,0,0,0,0,0,0,0,62,62,0,0,0,0,0,0,0,62
2288,6,"2288-6",2,1,2,NA,NA,NA,NA,NA,NA,NA,1,1,1,113.41760601168,0,6,0,2,2,2200,2273,2273,2344,22,19,1,8,33,4,4,0,0,0,0,0,0,0,62,62,0,0,0,0,0,0,0,62
2289,10,"2289-10",4,1,2,3,4,NA,NA,NA,NA,NA,3,4,1,141.806864636,0,8,8,3,3,2704,2704,2704,2704,42,35,0,20,10,2,1,8,8,0,0,0,0,0,29,30,5,1,0,0,0,0,0,30
2289,11,"2289-11",4,1,2,3,4,NA,NA,NA,NA,NA,3,4,1,141.806864636,0,8,0,3,3,2704,2704,2704,2704,48,42,1,20,10,2,1,8,8,0,0,0,0,0,29,30,5,1,0,0,0,0,0,30
2294,1,"2294-1",2,1,3,NA,NA,NA,NA,NA,NA,NA,1,1,1,47.18429496,0,9,9,2,2,1498,1469,1498,1469,35,33,0,19,10,5,1,0,0,0,0,0,0,0,72,35,0,0,0,0,0,0,0,72
2294,2,"2294-2",2,1,3,NA,NA,NA,NA,NA,NA,NA,1,1,1,47.18429496,0,9,0,2,2,1469,1498,1498,1469,48,35,1,19,10,5,1,0,0,0,0,0,0,0,72,35,0,0,0,0,0,0,0,72
2320,1,"2320-1",2,3,4,NA,NA,NA,NA,NA,NA,NA,2,1,1,76.8518051,0,3,3,9,9,1181,1181,1181,1181,27,12,0,8,40,7,7,0,0,0,0,0,0,0,11,9,0,0,0,0,0,0,0,11
2320,2,"2320-2",2,3,4,NA,NA,NA,NA,NA,NA,NA,2,1,1,76.8518051,0,3,0,9,9,1181,1181,1181,1181,28,27,1,8,40,7,7,0,0,0,0,0,0,0,11,9,0,0,0,0,0,0,0,11
2321,1,"2321-1",2,1,2,NA,NA,NA,NA,NA,NA,NA,1,2,1,182.03125017,0,5,5,2,2,1103,943,1103,943,33,32,0,18,35,1,1,0,0,0,0,0,0,0,60,58,0,0,0,0,0,0,0,60
2321,2,"2321-2",2,1,2,NA,NA,NA,NA,NA,NA,NA,1,2,1,182.03125017,1,5,5,2,2,943,835,1103,943,35,33,1,18,35,1,1,0,0,0,0,0,0,0,60,58,0,0,0,0,0,0,0,60
2321,3,"2321-3",2,1,2,NA,NA,NA,NA,NA,NA,NA,1,2,1,182.03125017,0,5,0,2,2,835,1103,1103,943,48,35,1,18,35,1,1,0,0,0,0,0,0,0,60,58,0,0,0,0,0,0,0,60
2322,1,"2322-1",2,1,2,NA,NA,NA,NA,NA,NA,NA,1,3,1,98.1029301,0,5,5,2,2,711,875,711,875,30,29,0,17,15,4,1,0,0,0,0,0,0,0,40,46,0,0,0,0,0,0,0,46
2322,2,"2322-2",2,1,2,NA,NA,NA,NA,NA,NA,NA,1,3,1,98.1029301,1,5,7,2,2,875,875,711,875,32,30,1,17,15,4,1,0,0,0,0,0,0,0,40,46,0,0,0,0,0,0,0,46
2322,3,"2322-3",2,1,2,NA,NA,NA,NA,NA,NA,NA,1,3,1,98.1029301,0,5,0,2,2,875,711,711,875,48,32,1,17,15,4,1,0,0,0,0,0,0,0,40,46,0,0,0,0,0,0,0,46
2336,1,"2336-1",2,1,2,NA,NA,NA,NA,NA,NA,NA,1,2,1,182.54220243,1,9,9,4,4,779,779,779,779,32,32,0,18,34,1,1,0,0,0,0,0,0,0,51,52,0,0,0,0,0,0,0,52
2336,2,"2336-2",2,1,2,NA,NA,NA,NA,NA,NA,NA,1,2,1,182.54220243,0,9,9,4,4,779,779,779,779,48,32,0,18,34,1,1,0,0,0,0,0,0,0,51,52,0,0,0,0,0,0,0,52
2340,1,"2340-1",2,1,2,NA,NA,NA,NA,NA,NA,NA,1,2,1,583.298785965,1,7,5,2,2,1476,1469,1476,1463,32,32,0,18,30,1,1,0,0,0,0,0,0,0,40,40,0,0,0,0,0,0,0,40
2340,2,"2340-2",2,1,2,NA,NA,NA,NA,NA,NA,NA,1,2,1,583.298785965,0,7,7,2,2,1469,1463,1476,1463,34,32,0,18,30,1,1,0,0,0,0,0,0,0,40,40,0,0,0,0,0,0,0,40
2340,3,"2340-3",2,1,2,NA,NA,NA,NA,NA,NA,NA,1,2,1,583.298785965,0,7,0,2,2,1463,1476,1476,1463,48,34,1,18,30,1,1,0,0,0,0,0,0,0,40,40,0,0,0,0,0,0,0,40
2347,1,"2347-1",2,1,2,NA,NA,NA,NA,NA,NA,NA,1,1,1,350.553787815,0,4,4,2,2,780,443,780,443,24,21,0,13,0,1,5,0,0,0,0,0,0,0,33,68,0,0,0,0,0,0,0,68
2347,2,"2347-2",2,1,2,NA,NA,NA,NA,NA,NA,NA,1,1,1,350.553787815,1,4,5,2,2,443,875,780,443,27,24,1,13,0,1,5,0,0,0,0,0,0,0,33,68,0,0,0,0,0,0,0,68
2347,3,"2347-3",2,1,2,NA,NA,NA,NA,NA,NA,NA,1,1,1,350.553787815,0,4,0,2,2,875,780,780,443,48,27,1,13,0,1,5,0,0,0,0,0,0,0,33,68,0,0,0,0,0,0,0,68
2348,5,"2348-5",4,1,2,3,4,NA,NA,NA,NA,NA,3,2,1,415.512014384,0,9,9,3,3,734,732,734,732,34,31,0,18,20,1,1,7,8,0,0,0,0,0,43,44,8,3,0,0,0,0,0,44
2348,6,"2348-6",4,1,2,3,4,NA,NA,NA,NA,NA,3,2,1,415.512014384,0,9,0,3,3,732,734,734,732,48,34,1,18,20,1,1,7,8,0,0,0,0,0,43,44,8,3,0,0,0,0,0,44
2350,3,"2350-3",2,3,4,NA,NA,NA,NA,NA,NA,NA,2,2,1,478.7479197,0,6,6,3,3,1969,1971,1969,1971,28,27,0,16,5,7,7,0,0,0,0,0,0,0,13,7,0,0,0,0,0,0,0,13
2350,4,"2350-4",2,3,4,NA,NA,NA,NA,NA,NA,NA,2,2,1,478.7479197,0,6,0,3,3,1971,1969,1969,1971,30,28,1,16,5,7,7,0,0,0,0,0,0,0,13,7,0,0,0,0,0,0,0,13
2360,1,"2360-1",2,1,3,NA,NA,NA,NA,NA,NA,NA,3,1,1,40.3282035,0,8,8,2,2,2804,9999,2804,9999,20,13,0,9,0,4,8,0,0,0,0,0,0,0,34,2,0,0,0,0,0,0,0,34
2360,2,"2360-2",2,1,3,NA,NA,NA,NA,NA,NA,NA,3,1,1,40.3282035,0,8,0,2,2,9999,2804,2804,9999,27,20,1,9,0,4,8,0,0,0,0,0,0,0,34,2,0,0,0,0,0,0,0,34
2360,3,"2360-3",2,1,3,NA,NA,NA,NA,NA,NA,NA,3,2,2,40.3282035,0,5,5,2,2,2804,2789,2804,2789,28,27,0,16,0,4,8,0,0,0,0,0,0,0,34,2,0,0,0,0,0,0,0,34
2360,4,"2360-4",2,1,3,NA,NA,NA,NA,NA,NA,NA,3,2,2,40.3282035,0,5,0,2,2,2789,2804,2804,2789,48,28,1,16,0,4,8,0,0,0,0,0,0,0,34,2,0,0,0,0,0,0,0,34
2365,1,"2365-1",3,2,3,5,NA,NA,NA,NA,NA,NA,3,2,1,477.403393,1,5,5,3,3,843,941,843,943,26,25,0,15,5,4,7,7,0,0,0,0,0,0,38,8,8,0,0,0,0,0,0,38
2365,2,"2365-2",3,2,3,5,NA,NA,NA,NA,NA,NA,3,2,1,477.403393,0,5,5,3,3,941,943,843,943,27,26,0,15,5,4,7,7,0,0,0,0,0,0,38,8,8,0,0,0,0,0,0,38
2365,3,"2365-3",3,2,3,5,NA,NA,NA,NA,NA,NA,3,2,1,477.403393,0,5,0,3,3,943,843,843,943,48,27,1,15,5,4,7,7,0,0,0,0,0,0,38,8,8,0,0,0,0,0,0,38
2370,1,"2370-1",2,1,3,NA,NA,NA,NA,NA,NA,NA,3,2,1,255.049783248,0,4,4,2,2,1456,1425,1456,1425,34,31,0,18,25,1,7,0,0,0,0,0,0,0,37,7,0,0,0,0,0,0,0,37
2370,2,"2370-2",2,1,3,NA,NA,NA,NA,NA,NA,NA,3,2,1,255.049783248,0,4,0,2,2,1425,1456,1456,1425,48,34,1,18,25,1,7,0,0,0,0,0,0,0,37,7,0,0,0,0,0,0,0,37
2371,8,"2371-8",3,1,3,4,NA,NA,NA,NA,NA,NA,3,3,1,116.0899424,0,9,9,4,4,1181,1181,1181,1181,28,26,0,15,47,4,8,8,0,0,0,0,0,0,33,3,1,0,0,0,0,0,0,33
2371,9,"2371-9",3,1,3,4,NA,NA,NA,NA,NA,NA,3,3,1,116.0899424,0,9,0,4,4,1181,1181,1181,1181,48,28,1,15,47,4,8,8,0,0,0,0,0,0,33,3,1,0,0,0,0,0,0,33
2373,1,"2373-1",2,1,2,NA,NA,NA,NA,NA,NA,NA,1,2,1,47.2458234,0,6,6,3,3,1887,9999,1887,9999,20,16,0,10,34,4,5,0,0,0,0,0,0,0,61,65,0,0,0,0,0,0,0,65
2373,2,"2373-2",2,1,2,NA,NA,NA,NA,NA,NA,NA,1,2,1,47.2458234,1,6,8,2,3,9999,9999,1887,9999,24,20,1,10,34,4,5,0,0,0,0,0,0,0,61,65,0,0,0,0,0,0,0,65
2373,3,"2373-3",2,1,2,NA,NA,NA,NA,NA,NA,NA,1,2,1,47.2458234,1,6,9,4,3,9999,9999,1887,9999,28,24,1,10,34,4,5,0,0,0,0,0,0,0,61,65,0,0,0,0,0,0,0,65
2373,4,"2373-4",2,1,2,NA,NA,NA,NA,NA,NA,NA,1,2,1,47.2458234,1,6,7,3,3,9999,9999,1887,9999,34,28,1,10,34,4,5,0,0,0,0,0,0,0,61,65,0,0,0,0,0,0,0,65
2373,5,"2373-5",2,1,2,NA,NA,NA,NA,NA,NA,NA,1,2,1,47.2458234,0,6,0,3,3,9999,1887,1887,9999,48,34,1,10,34,4,5,0,0,0,0,0,0,0,61,65,0,0,0,0,0,0,0,65
2374,1,"2374-1",2,2,3,NA,NA,NA,NA,NA,NA,NA,1,2,1,632.930568903,0,9,9,2,2,1890,1870,1890,1870,34,31,0,18,0,5,4,0,0,0,0,0,0,0,76,30,0,0,0,0,0,0,0,76
2374,2,"2374-2",2,2,3,NA,NA,NA,NA,NA,NA,NA,1,2,1,632.930568903,0,9,0,2,2,1870,1890,1890,1870,48,34,1,18,0,5,4,0,0,0,0,0,0,0,76,30,0,0,0,0,0,0,0,76
2384,1,"2384-1",2,1,2,NA,NA,NA,NA,NA,NA,NA,1,1,1,259.5726559,1,5,7,2,2,857,856,857,746,26,24,0,14,39,1,5,0,0,0,0,0,0,0,59,68,0,0,0,0,0,0,0,68
2384,2,"2384-2",2,1,2,NA,NA,NA,NA,NA,NA,NA,1,1,1,259.5726559,1,5,5,2,2,856,857,857,746,26,26,0,14,39,1,5,0,0,0,0,0,0,0,59,68,0,0,0,0,0,0,0,68
2384,3,"2384-3",2,1,2,NA,NA,NA,NA,NA,NA,NA,1,1,1,259.5726559,0,5,5,2,2,857,746,857,746,27,26,0,14,39,1,5,0,0,0,0,0,0,0,59,68,0,0,0,0,0,0,0,68
2384,4,"2384-4",2,1,2,NA,NA,NA,NA,NA,NA,NA,1,1,1,259.5726559,0,5,0,2,2,746,857,857,746,48,27,1,14,39,1,5,0,0,0,0,0,0,0,59,68,0,0,0,0,0,0,0,68
2398,1,"2398-1",2,1,2,NA,NA,NA,NA,NA,NA,NA,1,1,1,55.297498827,0,6,6,2,2,2504,9999,2504,9999,23,22,0,13,30,5,4,0,0,0,0,0,0,0,71,61,0,0,0,0,0,0,0,71
2398,2,"2398-2",2,1,2,NA,NA,NA,NA,NA,NA,NA,1,1,1,55.297498827,0,6,0,2,2,9999,2504,2504,9999,24,23,1,13,30,5,4,0,0,0,0,0,0,0,71,61,0,0,0,0,0,0,0,71
2398,4,"2398-4",2,1,2,NA,NA,NA,NA,NA,NA,NA,1,3,2,55.297498827,0,7,7,2,2,2504,9999,2504,9999,30,28,0,16,30,5,4,0,0,0,0,0,0,0,71,61,0,0,0,0,0,0,0,71
2398,5,"2398-5",2,1,2,NA,NA,NA,NA,NA,NA,NA,1,3,2,55.297498827,1,7,9,2,2,9999,9999,2504,9999,31,30,1,16,30,5,4,0,0,0,0,0,0,0,71,61,0,0,0,0,0,0,0,71
2398,6,"2398-6",2,1,2,NA,NA,NA,NA,NA,NA,NA,1,3,2,55.297498827,0,7,0,2,2,9999,2504,2504,9999,48,31,1,16,30,5,4,0,0,0,0,0,0,0,71,61,0,0,0,0,0,0,0,71
2403,1,"2403-1",2,1,2,NA,NA,NA,NA,NA,NA,NA,1,2,1,76.70882121,1,5,7,2,2,471,786,471,1251,33,32,0,18,54,1,4,0,0,0,0,0,0,0,25,25,0,0,0,0,0,0,0,25
2403,2,"2403-2",2,1,2,NA,NA,NA,NA,NA,NA,NA,1,2,1,76.70882121,0,5,5,2,2,786,1251,471,1251,35,33,0,18,54,1,4,0,0,0,0,0,0,0,25,25,0,0,0,0,0,0,0,25
2403,3,"2403-3",2,1,2,NA,NA,NA,NA,NA,NA,NA,1,2,1,76.70882121,0,5,0,2,2,1251,471,471,1251,48,35,1,18,54,1,4,0,0,0,0,0,0,0,25,25,0,0,0,0,0,0,0,25
2404,1,"2404-1",2,1,2,NA,NA,NA,NA,NA,NA,NA,1,2,1,50.283583084,0,9,9,4,2,1888,1888,1888,1888,31,20,0,12,45,5,5,0,0,0,0,0,0,0,74,74,0,0,0,0,0,0,0,74
2404,2,"2404-2",2,1,2,NA,NA,NA,NA,NA,NA,NA,1,2,1,50.283583084,1,9,9,2,2,1888,1889,1888,1888,33,31,1,12,45,5,5,0,0,0,0,0,0,0,74,74,0,0,0,0,0,0,0,74
2404,3,"2404-3",2,1,2,NA,NA,NA,NA,NA,NA,NA,1,2,1,50.283583084,0,9,0,2,2,1889,1888,1888,1888,48,33,1,12,45,5,5,0,0,0,0,0,0,0,74,74,0,0,0,0,0,0,0,74
2405,1,"2405-1",2,1,2,NA,NA,NA,NA,NA,NA,NA,1,1,1,148.9110204,0,9,9,2,2,2349,2344,2349,2344,8,4,0,4,45,1,3,0,0,0,0,0,0,0,48,42,0,0,0,0,0,0,0,48
2405,2,"2405-2",2,1,2,NA,NA,NA,NA,NA,NA,NA,1,1,1,148.9110204,0,9,0,2,2,2344,2349,2349,2344,8,8,1,4,45,1,3,0,0,0,0,0,0,0,48,42,0,0,0,0,0,0,0,48
2405,3,"2405-3",2,1,2,NA,NA,NA,NA,NA,NA,NA,1,3,2,148.9110204,0,9,9,2,2,2349,2411,2349,2411,32,30,0,17,30,1,3,0,0,0,0,0,0,0,48,42,0,0,0,0,0,0,0,48
2405,4,"2405-4",2,1,2,NA,NA,NA,NA,NA,NA,NA,1,3,2,148.9110204,0,9,0,2,2,2411,2349,2349,2411,48,32,1,17,30,1,3,0,0,0,0,0,0,0,48,42,0,0,0,0,0,0,0,48
2408,1,"2408-1",2,1,2,NA,NA,NA,NA,NA,NA,NA,1,4,1,19.90754199,0,5,5,2,2,2626,2658,2626,2658,34,32,0,18,45,2,5,0,0,0,0,0,0,0,72,72,0,0,0,0,0,0,0,72
2408,2,"2408-2",2,1,2,NA,NA,NA,NA,NA,NA,NA,1,4,1,19.90754199,0,5,0,2,2,2658,2626,2626,2658,48,34,1,18,45,2,5,0,0,0,0,0,0,0,72,72,0,0,0,0,0,0,0,72
2409,1,"2409-1",2,1,2,NA,NA,NA,NA,NA,NA,NA,1,1,1,899.089484685,1,4,5,2,2,1806,10,1806,845,23,19,0,12,0,1,1,0,0,0,0,0,0,0,24,32,0,0,0,0,0,0,0,32
2409,2,"2409-2",2,1,2,NA,NA,NA,NA,NA,NA,NA,1,1,1,899.089484685,0,4,4,2,2,10,845,1806,845,26,23,0,12,0,1,1,0,0,0,0,0,0,0,24,32,0,0,0,0,0,0,0,32
2409,3,"2409-3",2,1,2,NA,NA,NA,NA,NA,NA,NA,1,1,1,899.089484685,0,4,0,2,2,845,1806,1806,845,32,26,1,12,0,1,1,0,0,0,0,0,0,0,24,32,0,0,0,0,0,0,0,32
2410,1,"2410-1",2,1,2,NA,NA,NA,NA,NA,NA,NA,1,1,1,76.123020297,1,5,7,2,2,2469,2464,2469,2436,16,14,0,9,50,4,4,0,0,0,0,0,0,0,63,63,0,0,0,0,0,0,0,63
2410,2,"2410-2",2,1,2,NA,NA,NA,NA,NA,NA,NA,1,1,1,76.123020297,0,5,5,2,2,2464,2436,2469,2436,20,16,0,9,50,4,4,0,0,0,0,0,0,0,63,63,0,0,0,0,0,0,0,63
2410,3,"2410-3",2,1,2,NA,NA,NA,NA,NA,NA,NA,1,1,1,76.123020297,0,5,0,2,2,2436,2469,2469,2436,30,20,1,9,50,4,4,0,0,0,0,0,0,0,63,63,0,0,0,0,0,0,0,63
2410,4,"2410-4",2,1,2,NA,NA,NA,NA,NA,NA,NA,1,2,2,76.123020297,0,9,9,2,2,2469,2463,2469,2463,33,30,0,17,30,4,4,0,0,0,0,0,0,0,63,63,0,0,0,0,0,0,0,63
2410,5,"2410-5",2,1,2,NA,NA,NA,NA,NA,NA,NA,1,2,2,76.123020297,0,9,0,2,2,2463,2469,2469,2463,48,33,1,17,30,4,4,0,0,0,0,0,0,0,63,63,0,0,0,0,0,0,0,63
2429,9,"2429-9",4,1,3,4,6,NA,NA,NA,NA,NA,3,3,1,116.0899424,0,9,9,3,3,1181,1912,1181,1912,35,32,0,18,50,4,7,8,8,0,0,0,0,0,31,10,5,0,0,0,0,0,0,31
2429,10,"2429-10",4,1,3,4,6,NA,NA,NA,NA,NA,3,3,1,116.0899424,0,9,0,3,3,1912,1181,1181,1912,48,35,1,18,50,4,7,8,8,0,0,0,0,0,31,10,5,0,0,0,0,0,0,31
2444,1,"2444-1",4,1,3,4,5,NA,NA,NA,NA,NA,3,1,1,141.5615364,0,8,8,3,3,1807,1822,1807,1822,17,12,0,8,45,4,8,8,8,0,0,0,0,0,31,2,2,2,0,0,0,0,0,31
2444,2,"2444-2",4,1,3,4,5,NA,NA,NA,NA,NA,3,1,1,141.5615364,1,8,8,3,3,1822,1824,1807,1822,20,17,1,8,45,4,8,8,8,0,0,0,0,0,31,2,2,2,0,0,0,0,0,31
2444,3,"2444-3",4,1,3,4,5,NA,NA,NA,NA,NA,3,1,1,141.5615364,0,8,0,3,3,1824,1807,1807,1822,48,20,1,8,45,4,8,8,8,0,0,0,0,0,31,2,2,2,0,0,0,0,0,31
2446,3,"2446-3",2,1,3,NA,NA,NA,NA,NA,NA,NA,3,2,1,731.399865,0,4,4,2,2,48,1725,48,1725,34,32,0,18,35,1,7,0,0,0,0,0,0,0,45,9,0,0,0,0,0,0,0,45
2446,4,"2446-4",2,1,3,NA,NA,NA,NA,NA,NA,NA,3,2,1,731.399865,0,4,0,2,2,1725,48,48,1725,48,34,1,18,35,1,7,0,0,0,0,0,0,0,45,9,0,0,0,0,0,0,0,45
2448,1,"2448-1",2,1,2,NA,NA,NA,NA,NA,NA,NA,1,1,1,208.332725145,0,4,4,2,3,2596,2644,2596,2644,20,19,0,12,27,5,5,0,0,0,0,0,0,0,67,69,0,0,0,0,0,0,0,69
2448,2,"2448-2",2,1,2,NA,NA,NA,NA,NA,NA,NA,1,1,1,208.332725145,1,4,4,3,3,2644,2634,2596,2644,21,20,1,12,27,5,5,0,0,0,0,0,0,0,67,69,0,0,0,0,0,0,0,69
2448,3,"2448-3",2,1,2,NA,NA,NA,NA,NA,NA,NA,1,1,1,208.332725145,1,4,5,2,3,2634,2658,2596,2644,21,21,1,12,27,5,5,0,0,0,0,0,0,0,67,69,0,0,0,0,0,0,0,69
2448,4,"2448-4",2,1,2,NA,NA,NA,NA,NA,NA,NA,1,1,1,208.332725145,1,4,6,2,3,2658,2576,2596,2644,22,21,1,12,27,5,5,0,0,0,0,0,0,0,67,69,0,0,0,0,0,0,0,69
2448,5,"2448-5",2,1,2,NA,NA,NA,NA,NA,NA,NA,1,1,1,208.332725145,1,4,6,2,3,2576,2663,2596,2644,22,22,1,12,27,5,5,0,0,0,0,0,0,0,67,69,0,0,0,0,0,0,0,69
2448,6,"2448-6",2,1,2,NA,NA,NA,NA,NA,NA,NA,1,1,1,208.332725145,1,4,7,2,3,2663,2687,2596,2644,23,22,1,12,27,5,5,0,0,0,0,0,0,0,67,69,0,0,0,0,0,0,0,69
2448,7,"2448-7",2,1,2,NA,NA,NA,NA,NA,NA,NA,1,1,1,208.332725145,1,4,6,2,3,2687,2596,2596,2644,23,23,1,12,27,5,5,0,0,0,0,0,0,0,67,69,0,0,0,0,0,0,0,69
2448,8,"2448-8",2,1,2,NA,NA,NA,NA,NA,NA,NA,1,1,1,208.332725145,0,4,0,2,3,2596,2596,2596,2644,33,23,1,12,27,5,5,0,0,0,0,0,0,0,67,69,0,0,0,0,0,0,0,69
2457,1,"2457-1",2,1,2,NA,NA,NA,NA,NA,NA,NA,1,2,1,96.960907155,0,7,7,2,2,2475,2446,2475,2446,37,32,0,18,30,2,2,0,0,0,0,0,0,0,56,69,0,0,0,0,0,0,0,69
2457,2,"2457-2",2,1,2,NA,NA,NA,NA,NA,NA,NA,1,2,1,96.960907155,0,7,0,2,2,2446,2475,2475,2446,48,37,1,18,30,2,2,0,0,0,0,0,0,0,56,69,0,0,0,0,0,0,0,69
2459,1,"2459-1",2,1,2,NA,NA,NA,NA,NA,NA,NA,1,1,1,336.0280764,1,5,7,2,2,686,709,686,875,17,16,0,10,30,5,5,0,0,0,0,0,0,0,80,73,0,0,0,0,0,0,0,80
2459,2,"2459-2",2,1,2,NA,NA,NA,NA,NA,NA,NA,1,1,1,336.0280764,0,5,5,2,2,709,875,686,875,19,17,0,10,30,5,5,0,0,0,0,0,0,0,80,73,0,0,0,0,0,0,0,80
2459,3,"2459-3",2,1,2,NA,NA,NA,NA,NA,NA,NA,1,1,1,336.0280764,1,5,6,2,2,875,699,686,875,20,19,1,10,30,5,5,0,0,0,0,0,0,0,80,73,0,0,0,0,0,0,0,80
2459,4,"2459-4",2,1,2,NA,NA,NA,NA,NA,NA,NA,1,1,1,336.0280764,0,5,0,2,2,699,686,686,875,48,20,1,10,30,5,5,0,0,0,0,0,0,0,80,73,0,0,0,0,0,0,0,80
2471,7,"2471-7",2,2,3,NA,NA,NA,NA,NA,NA,NA,3,2,1,68.81621816,0,9,9,3,3,2703,2763,2703,2763,34,30,0,17,45,1,8,0,0,0,0,0,0,0,31,5,0,0,0,0,0,0,0,31
2471,8,"2471-8",2,2,3,NA,NA,NA,NA,NA,NA,NA,3,2,1,68.81621816,0,9,0,3,3,2763,2703,2703,2763,48,34,1,17,45,1,8,0,0,0,0,0,0,0,31,5,0,0,0,0,0,0,0,31
2474,1,"2474-1",2,1,2,NA,NA,NA,NA,NA,NA,NA,1,1,1,486.701093523,0,6,6,2,2,498,620,498,620,25,23,0,14,15,4,4,0,0,0,0,0,0,0,62,48,0,0,0,0,0,0,0,62
2474,2,"2474-2",2,1,2,NA,NA,NA,NA,NA,NA,NA,1,1,1,486.701093523,0,6,0,2,2,620,498,498,620,48,25,1,14,15,4,4,0,0,0,0,0,0,0,62,48,0,0,0,0,0,0,0,62
2484,1,"2484-1",2,1,2,NA,NA,NA,NA,NA,NA,NA,1,1,1,55.0208738,1,5,5,2,2,2673,2668,2673,2669,15,14,0,9,30,4,4,0,0,0,0,0,0,0,59,57,0,0,0,0,0,0,0,59
2484,2,"2484-2",2,1,2,NA,NA,NA,NA,NA,NA,NA,1,1,1,55.0208738,0,5,5,2,2,2668,2669,2673,2669,16,15,0,9,30,4,4,0,0,0,0,0,0,0,59,57,0,0,0,0,0,0,0,59
2484,3,"2484-3",2,1,2,NA,NA,NA,NA,NA,NA,NA,1,1,1,55.0208738,1,5,5,2,2,2669,2669,2673,2669,18,16,1,9,30,4,4,0,0,0,0,0,0,0,59,57,0,0,0,0,0,0,0,59
2484,4,"2484-4",2,1,2,NA,NA,NA,NA,NA,NA,NA,1,1,1,55.0208738,0,5,0,2,2,2669,2673,2673,2669,48,18,1,9,30,4,4,0,0,0,0,0,0,0,59,57,0,0,0,0,0,0,0,59
2492,1,"2492-1",2,1,2,NA,NA,NA,NA,NA,NA,NA,1,1,1,562.02743037,0,1,1,2,2,170,192,170,192,9,9,0,7,21,1,4,0,0,0,0,0,0,0,41,40,0,0,0,0,0,0,0,41
2492,2,"2492-2",2,1,2,NA,NA,NA,NA,NA,NA,NA,1,1,1,562.02743037,0,1,0,2,2,192,170,170,192,48,9,1,7,21,1,4,0,0,0,0,0,0,0,41,40,0,0,0,0,0,0,0,41
2493,1,"2493-1",2,1,2,NA,NA,NA,NA,NA,NA,NA,1,2,1,56.43198162,0,6,6,2,2,1204,1391,1204,1391,21,18,0,11,45,1,4,0,0,0,0,0,0,0,64,60,0,0,0,0,0,0,0,64
2493,2,"2493-2",2,1,2,NA,NA,NA,NA,NA,NA,NA,1,2,1,56.43198162,0,6,0,2,2,1391,1204,1204,1391,23,21,1,11,45,1,4,0,0,0,0,0,0,0,64,60,0,0,0,0,0,0,0,64
2496,1,"2496-1",2,1,2,NA,NA,NA,NA,NA,NA,NA,1,2,1,66.92226639,0,5,5,2,2,653,619,653,619,28,25,0,15,0,1,4,0,0,0,0,0,0,0,52,53,0,0,0,0,0,0,0,53
2496,2,"2496-2",2,1,2,NA,NA,NA,NA,NA,NA,NA,1,2,1,66.92226639,0,5,0,2,2,619,653,653,619,48,28,1,15,0,1,4,0,0,0,0,0,0,0,52,53,0,0,0,0,0,0,0,53
2510,1,"2510-1",2,1,2,NA,NA,NA,NA,NA,NA,NA,1,1,1,21.28268646,1,5,6,2,2,9999,9999,9999,9999,13,12,0,8,30,2,4,0,0,0,0,0,0,0,63,63,0,0,0,0,0,0,0,63
2510,2,"2510-2",2,1,2,NA,NA,NA,NA,NA,NA,NA,1,1,1,21.28268646,0,5,5,2,2,9999,9999,9999,9999,14,13,0,8,30,2,4,0,0,0,0,0,0,0,63,63,0,0,0,0,0,0,0,63
2510,3,"2510-3",2,1,2,NA,NA,NA,NA,NA,NA,NA,1,1,1,21.28268646,1,5,5,2,2,9999,9999,9999,9999,16,14,1,8,30,2,4,0,0,0,0,0,0,0,63,63,0,0,0,0,0,0,0,63
2510,4,"2510-4",2,1,2,NA,NA,NA,NA,NA,NA,NA,1,1,1,21.28268646,0,5,0,2,2,9999,9999,9999,9999,21,16,1,8,30,2,4,0,0,0,0,0,0,0,63,63,0,0,0,0,0,0,0,63
2517,3,"2517-3",3,1,3,4,NA,NA,NA,NA,NA,NA,3,2,2,51.8158451,0,9,9,3,3,2536,2554,2536,2554,32,27,0,16,15,4,7,7,0,0,0,0,0,0,28,10,8,0,0,0,0,0,0,28
2517,4,"2517-4",3,1,3,4,NA,NA,NA,NA,NA,NA,3,2,2,51.8158451,1,9,7,3,3,2554,2521,2536,2554,34,32,1,16,15,4,7,7,0,0,0,0,0,0,28,10,8,0,0,0,0,0,0,28
2517,5,"2517-5",3,1,3,4,NA,NA,NA,NA,NA,NA,3,2,2,51.8158451,1,9,9,3,3,2521,2527,2536,2554,39,34,1,16,15,4,7,7,0,0,0,0,0,0,28,10,8,0,0,0,0,0,0,28
2517,6,"2517-6",3,1,3,4,NA,NA,NA,NA,NA,NA,3,2,2,51.8158451,0,9,0,3,3,2527,2536,2536,2554,48,39,1,16,15,4,7,7,0,0,0,0,0,0,28,10,8,0,0,0,0,0,0,28
2517,1,"2517-1",2,3,4,NA,NA,NA,NA,NA,NA,NA,2,1,1,46.1266705,0,3,3,9,9,2536,2535,2536,2535,26,11,0,8,4,7,7,0,0,0,0,0,0,0,10,8,0,0,0,0,0,0,0,10
2517,2,"2517-2",2,3,4,NA,NA,NA,NA,NA,NA,NA,2,1,1,46.1266705,0,3,0,9,9,2535,2536,2536,2535,27,26,1,8,4,7,7,0,0,0,0,0,0,0,10,8,0,0,0,0,0,0,0,10
2519,1,"2519-1",2,1,2,NA,NA,NA,NA,NA,NA,NA,1,1,1,31.72323672,0,7,7,2,2,2675,2687,2675,2687,30,28,0,16,30,1,1,0,0,0,0,0,0,0,44,51,0,0,0,0,0,0,0,51
2519,2,"2519-2",2,1,2,NA,NA,NA,NA,NA,NA,NA,1,1,1,31.72323672,1,7,7,2,2,2687,2675,2675,2687,31,30,1,16,30,1,1,0,0,0,0,0,0,0,44,51,0,0,0,0,0,0,0,51
2519,3,"2519-3",2,1,2,NA,NA,NA,NA,NA,NA,NA,1,1,1,31.72323672,0,7,0,2,2,2675,2675,2675,2687,48,31,1,16,30,1,1,0,0,0,0,0,0,0,44,51,0,0,0,0,0,0,0,51
2527,1,"2527-1",2,3,4,NA,NA,NA,NA,NA,NA,NA,3,1,1,680.09349968,1,2,2,9,9,2459,2466,2459,2459,23,8,0,6,40,1,7,0,0,0,0,0,0,0,16,13,0,0,0,0,0,0,0,16
2527,2,"2527-2",2,3,4,NA,NA,NA,NA,NA,NA,NA,3,1,1,680.09349968,0,2,2,9,9,2466,2459,2459,2459,48,23,0,6,40,1,7,0,0,0,0,0,0,0,16,13,0,0,0,0,0,0,0,16
2528,1,"2528-1",2,1,3,NA,NA,NA,NA,NA,NA,NA,1,1,1,110.190206805,0,4,4,2,2,1625,1683,1625,1683,28,8,0,6,30,1,1,0,0,0,0,0,0,0,64,23,0,0,0,0,0,0,0,64
2528,2,"2528-2",2,1,3,NA,NA,NA,NA,NA,NA,NA,1,1,1,110.190206805,0,4,0,2,2,1683,1625,1625,1683,33,28,1,6,30,1,1,0,0,0,0,0,0,0,64,23,0,0,0,0,0,0,0,64
2542,1,"2542-1",2,1,2,NA,NA,NA,NA,NA,NA,NA,1,1,1,116.848653455,0,8,8,2,2,1872,1747,1872,1747,22,15,0,10,0,5,5,0,0,0,0,0,0,0,85,82,0,0,0,0,0,0,0,85
2542,2,"2542-2",2,1,2,NA,NA,NA,NA,NA,NA,NA,1,1,1,116.848653455,1,8,6,2,2,1747,1719,1872,1747,22,22,1,10,0,5,5,0,0,0,0,0,0,0,85,82,0,0,0,0,0,0,0,85
2542,3,"2542-3",2,1,2,NA,NA,NA,NA,NA,NA,NA,1,1,1,116.848653455,0,8,0,2,2,1719,1872,1872,1747,32,22,1,10,0,5,5,0,0,0,0,0,0,0,85,82,0,0,0,0,0,0,0,85
2542,4,"2542-4",2,1,2,NA,NA,NA,NA,NA,NA,NA,1,2,2,116.848653455,0,9,9,2,2,1872,1878,1872,1878,41,32,0,18,30,5,5,0,0,0,0,0,0,0,85,82,0,0,0,0,0,0,0,85
2542,5,"2542-5",2,1,2,NA,NA,NA,NA,NA,NA,NA,1,2,2,116.848653455,0,9,0,2,2,1878,1872,1872,1878,48,41,1,18,30,5,5,0,0,0,0,0,0,0,85,82,0,0,0,0,0,0,0,85
2565,1,"2565-1",2,1,2,NA,NA,NA,NA,NA,NA,NA,1,1,1,314.673538037,0,9,9,2,2,690,690,690,690,14,12,0,8,45,5,5,0,0,0,0,0,0,0,71,68,0,0,0,0,0,0,0,71
2565,2,"2565-2",2,1,2,NA,NA,NA,NA,NA,NA,NA,1,1,1,314.673538037,0,9,0,2,2,690,690,690,690,24,14,1,8,45,5,5,0,0,0,0,0,0,0,71,68,0,0,0,0,0,0,0,71
2565,3,"2565-3",2,1,2,NA,NA,NA,NA,NA,NA,NA,1,2,2,314.673538037,1,5,8,2,2,690,695,690,2115,26,24,0,14,45,5,5,0,0,0,0,0,0,0,71,68,0,0,0,0,0,0,0,71
2565,4,"2565-4",2,1,2,NA,NA,NA,NA,NA,NA,NA,1,2,2,314.673538037,0,5,5,2,2,695,2115,690,2115,28,26,0,14,45,5,5,0,0,0,0,0,0,0,71,68,0,0,0,0,0,0,0,71
2565,5,"2565-5",2,1,2,NA,NA,NA,NA,NA,NA,NA,1,2,2,314.673538037,0,5,0,2,2,2115,690,690,2115,31,28,1,14,45,5,5,0,0,0,0,0,0,0,71,68,0,0,0,0,0,0,0,71
2569,1,"2569-1",2,1,3,NA,NA,NA,NA,NA,NA,NA,3,1,1,703.8189,0,5,5,4,4,958,957,958,957,15,14,0,9,42,4,8,0,0,0,0,0,0,0,39,0,0,0,0,0,0,0,0,39
2569,2,"2569-2",2,1,3,NA,NA,NA,NA,NA,NA,NA,3,1,1,703.8189,0,5,0,4,4,957,958,958,957,48,15,1,9,42,4,8,0,0,0,0,0,0,0,39,0,0,0,0,0,0,0,0,39
2571,1,"2571-1",2,1,2,NA,NA,NA,NA,NA,NA,NA,1,1,1,97.13191278,0,1,1,2,2,120,302,120,302,19,9,0,7,0,2,5,0,0,0,0,0,0,0,68,65,0,0,0,0,0,0,0,68
2571,2,"2571-2",2,1,2,NA,NA,NA,NA,NA,NA,NA,1,1,1,97.13191278,1,1,5,2,2,302,55,120,302,25,19,1,7,0,2,5,0,0,0,0,0,0,0,68,65,0,0,0,0,0,0,0,68
2571,3,"2571-3",2,1,2,NA,NA,NA,NA,NA,NA,NA,1,1,1,97.13191278,0,1,0,2,2,55,120,120,302,48,25,1,7,0,2,5,0,0,0,0,0,0,0,68,65,0,0,0,0,0,0,0,68
2572,1,"2572-1",3,1,3,4,NA,NA,NA,NA,NA,NA,3,1,1,187.86206728,1,9,6,3,3,2422,2428,2422,2422,16,16,0,10,30,2,8,8,0,0,0,0,0,0,32,5,3,0,0,0,0,0,0,32
2572,2,"2572-2",3,1,3,4,NA,NA,NA,NA,NA,NA,3,1,1,187.86206728,1,9,9,3,3,2428,2429,2422,2422,16,16,0,10,30,2,8,8,0,0,0,0,0,0,32,5,3,0,0,0,0,0,0,32
2572,3,"2572-3",3,1,3,4,NA,NA,NA,NA,NA,NA,3,1,1,187.86206728,1,9,9,3,3,2429,2417,2422,2422,17,16,0,10,30,2,8,8,0,0,0,0,0,0,32,5,3,0,0,0,0,0,0,32
2572,4,"2572-4",3,1,3,4,NA,NA,NA,NA,NA,NA,3,1,1,187.86206728,0,9,9,3,3,2417,2422,2422,2422,18,17,0,10,30,2,8,8,0,0,0,0,0,0,32,5,3,0,0,0,0,0,0,32
2572,5,"2572-5",3,1,3,4,NA,NA,NA,NA,NA,NA,3,1,1,187.86206728,0,9,0,3,3,2422,2422,2422,2422,48,18,1,10,30,2,8,8,0,0,0,0,0,0,32,5,3,0,0,0,0,0,0,32
2573,1,"2573-1",2,1,2,NA,NA,NA,NA,NA,NA,NA,1,1,1,734.777166795,0,1,1,3,3,993,992,993,992,20,12,0,8,30,1,1,0,0,0,0,0,0,0,61,56,0,0,0,0,0,0,0,61
2573,2,"2573-2",2,1,2,NA,NA,NA,NA,NA,NA,NA,1,1,1,734.777166795,1,1,7,3,3,992,992,993,992,20,20,1,8,30,1,1,0,0,0,0,0,0,0,61,56,0,0,0,0,0,0,0,61
2573,3,"2573-3",2,1,2,NA,NA,NA,NA,NA,NA,NA,1,1,1,734.777166795,1,1,5,3,3,992,1022,993,992,21,20,1,8,30,1,1,0,0,0,0,0,0,0,61,56,0,0,0,0,0,0,0,61
2573,4,"2573-4",2,1,2,NA,NA,NA,NA,NA,NA,NA,1,1,1,734.777166795,1,1,5,3,3,1022,1022,993,992,21,21,1,8,30,1,1,0,0,0,0,0,0,0,61,56,0,0,0,0,0,0,0,61
2573,5,"2573-5",2,1,2,NA,NA,NA,NA,NA,NA,NA,1,1,1,734.777166795,0,1,0,3,3,1022,993,993,992,22,21,1,8,30,1,1,0,0,0,0,0,0,0,61,56,0,0,0,0,0,0,0,61
2590,1,"2590-1",2,1,2,NA,NA,NA,NA,NA,NA,NA,1,2,1,314.673538037,0,5,5,2,2,652,702,652,702,31,28,0,16,30,5,4,0,0,0,0,0,0,0,69,61,0,0,0,0,0,0,0,69
2590,2,"2590-2",2,1,2,NA,NA,NA,NA,NA,NA,NA,1,2,1,314.673538037,0,5,0,2,2,702,652,652,702,48,31,1,16,30,5,4,0,0,0,0,0,0,0,69,61,0,0,0,0,0,0,0,69
2598,7,"2598-7",3,2,3,4,NA,NA,NA,NA,NA,NA,3,2,1,54.539316552,0,8,8,5,5,2771,2771,2771,2771,34,32,0,18,30,1,8,8,0,0,0,0,0,0,34,5,2,0,0,0,0,0,0,34
2598,8,"2598-8",3,2,3,4,NA,NA,NA,NA,NA,NA,3,2,1,54.539316552,0,8,0,5,5,2771,2771,2771,2771,48,34,1,18,30,1,8,8,0,0,0,0,0,0,34,5,2,0,0,0,0,0,0,34
2599,2,"2599-2",2,1,3,NA,NA,NA,NA,NA,NA,NA,3,2,1,167.744421832,0,5,5,2,2,941,840,941,840,37,34,0,19,45,1,7,0,0,0,0,0,0,0,56,13,0,0,0,0,0,0,0,56
2599,3,"2599-3",2,1,3,NA,NA,NA,NA,NA,NA,NA,3,2,1,167.744421832,0,5,0,2,2,840,941,941,840,38,37,1,19,45,1,7,0,0,0,0,0,0,0,56,13,0,0,0,0,0,0,0,56
2609,1,"2609-1",2,2,3,NA,NA,NA,NA,NA,NA,NA,3,1,1,769.784856832,0,5,5,2,2,1294,1242,1294,1242,19,15,0,10,0,2,8,0,0,0,0,0,0,0,42,2,0,0,0,0,0,0,0,42
2609,2,"2609-2",2,2,3,NA,NA,NA,NA,NA,NA,NA,3,1,1,769.784856832,0,5,0,2,2,1242,1294,1294,1242,48,19,1,10,0,2,8,0,0,0,0,0,0,0,42,2,0,0,0,0,0,0,0,42
2613,1,"2613-1",2,1,2,NA,NA,NA,NA,NA,NA,NA,1,1,1,183.7039977,0,6,6,2,2,174,392,174,392,26,23,0,14,0,4,4,0,0,0,0,0,0,0,42,55,0,0,0,0,0,0,0,55
2613,2,"2613-2",2,1,2,NA,NA,NA,NA,NA,NA,NA,1,1,1,183.7039977,1,6,8,2,2,392,380,174,392,26,26,1,14,0,4,4,0,0,0,0,0,0,0,42,55,0,0,0,0,0,0,0,55
2613,3,"2613-3",2,1,2,NA,NA,NA,NA,NA,NA,NA,1,1,1,183.7039977,0,6,0,2,2,380,174,174,392,27,26,1,14,0,4,4,0,0,0,0,0,0,0,42,55,0,0,0,0,0,0,0,55
2616,1,"2616-1",2,1,2,NA,NA,NA,NA,NA,NA,NA,1,2,1,25.767693525,0,7,7,2,2,2645,2687,2645,2687,20,19,0,12,15,2,2,0,0,0,0,0,0,0,66,67,0,0,0,0,0,0,0,67
2616,2,"2616-2",2,1,2,NA,NA,NA,NA,NA,NA,NA,1,2,1,25.767693525,0,7,0,2,2,2687,2645,2645,2687,21,20,1,12,15,2,2,0,0,0,0,0,0,0,66,67,0,0,0,0,0,0,0,67
2633,1,"2633-1",2,1,3,NA,NA,NA,NA,NA,NA,NA,1,1,1,98.6907037,1,5,6,2,2,1342,1341,1342,2764,14,13,0,9,15,5,4,0,0,0,0,0,0,0,71,40,0,0,0,0,0,0,0,71
2633,2,"2633-2",2,1,3,NA,NA,NA,NA,NA,NA,NA,1,1,1,98.6907037,0,5,5,2,2,1341,2764,1342,2764,15,14,0,9,15,5,4,0,0,0,0,0,0,0,71,40,0,0,0,0,0,0,0,71
2633,3,"2633-3",2,1,3,NA,NA,NA,NA,NA,NA,NA,1,1,1,98.6907037,0,5,0,2,2,2764,1342,1342,2764,23,15,1,9,15,5,4,0,0,0,0,0,0,0,71,40,0,0,0,0,0,0,0,71
2634,1,"2634-1",2,1,2,NA,NA,NA,NA,NA,NA,NA,1,1,1,39.60833226,0,5,5,2,2,2719,2699,2719,2699,34,33,0,19,0,1,2,0,0,0,0,0,0,0,45,34,0,0,0,0,0,0,0,45
2634,2,"2634-2",2,1,2,NA,NA,NA,NA,NA,NA,NA,1,1,1,39.60833226,0,5,0,2,2,2699,2719,2719,2699,48,34,1,19,0,1,2,0,0,0,0,0,0,0,45,34,0,0,0,0,0,0,0,45
2643,6,"2643-6",2,1,2,NA,NA,NA,NA,NA,NA,NA,3,2,1,217.9759904,0,5,5,2,2,1858,1858,1858,1858,31,30,0,17,30,4,8,0,0,0,0,0,0,0,26,5,0,0,0,0,0,0,0,26
2643,7,"2643-7",2,1,2,NA,NA,NA,NA,NA,NA,NA,3,2,1,217.9759904,0,5,0,2,2,1858,1858,1858,1858,48,31,1,17,30,4,8,0,0,0,0,0,0,0,26,5,0,0,0,0,0,0,0,26
2647,1,"2647-1",2,1,2,NA,NA,NA,NA,NA,NA,NA,1,1,1,233.5980443,1,8,8,2,2,462,2466,462,462,31,18,0,11,30,5,5,0,0,0,0,0,0,0,72,77,0,0,0,0,0,0,0,77
2647,2,"2647-2",2,1,2,NA,NA,NA,NA,NA,NA,NA,1,1,1,233.5980443,0,8,8,2,2,2466,462,462,462,48,31,0,11,30,5,5,0,0,0,0,0,0,0,72,77,0,0,0,0,0,0,0,77
2648,1,"2648-1",2,1,2,NA,NA,NA,NA,NA,NA,NA,1,2,1,71.447954445,0,8,8,2,2,907,9999,907,9999,34,27,0,16,15,1,1,0,0,0,0,0,0,0,54,53,0,0,0,0,0,0,0,54
2648,2,"2648-2",2,1,2,NA,NA,NA,NA,NA,NA,NA,1,2,1,71.447954445,1,8,8,2,2,9999,9999,907,9999,40,34,1,16,15,1,1,0,0,0,0,0,0,0,54,53,0,0,0,0,0,0,0,54
2648,3,"2648-3",2,1,2,NA,NA,NA,NA,NA,NA,NA,1,2,1,71.447954445,0,8,0,2,2,9999,907,907,9999,48,40,1,16,15,1,1,0,0,0,0,0,0,0,54,53,0,0,0,0,0,0,0,54
2649,1,"2649-1",2,1,2,NA,NA,NA,NA,NA,NA,NA,1,2,1,256.44410169,0,5,5,2,2,1262,1611,1262,1611,26,24,0,14,33,2,5,0,0,0,0,0,0,0,73,69,0,0,0,0,0,0,0,73
2649,2,"2649-2",2,1,2,NA,NA,NA,NA,NA,NA,NA,1,2,1,256.44410169,1,5,5,2,2,1611,1623,1262,1611,27,26,1,14,33,2,5,0,0,0,0,0,0,0,73,69,0,0,0,0,0,0,0,73
2649,3,"2649-3",2,1,2,NA,NA,NA,NA,NA,NA,NA,1,2,1,256.44410169,0,5,0,2,2,1623,1262,1262,1611,32,27,1,14,33,2,5,0,0,0,0,0,0,0,73,69,0,0,0,0,0,0,0,73
2654,1,"2654-1",4,1,3,4,5,NA,NA,NA,NA,NA,3,1,1,83.871771,0,5,5,3,3,1536,2764,1536,2764,23,19,0,12,17,4,1,8,8,0,0,0,0,0,28,26,3,0,0,0,0,0,0,28
2654,2,"2654-2",4,1,3,4,5,NA,NA,NA,NA,NA,3,1,1,83.871771,0,5,0,3,3,2764,1536,1536,2764,35,23,1,12,17,4,1,8,8,0,0,0,0,0,28,26,3,0,0,0,0,0,0,28
2655,1,"2655-1",2,1,2,NA,NA,NA,NA,NA,NA,NA,1,1,1,38.140341183,0,7,7,2,2,2719,2715,2719,2715,12,11,0,8,15,5,5,0,0,0,0,0,0,0,70,70,0,0,0,0,0,0,0,70
2655,2,"2655-2",2,1,2,NA,NA,NA,NA,NA,NA,NA,1,1,1,38.140341183,0,7,0,2,2,2715,2688,2719,2715,19,12,1,8,15,5,5,0,0,0,0,0,0,0,70,70,0,0,0,0,0,0,0,70
2659,1,"2659-1",2,1,2,NA,NA,NA,NA,NA,NA,NA,1,1,1,26.492613936,1,6,5,2,2,2660,2659,2660,2617,7,7,0,6,5,4,4,0,0,0,0,0,0,0,63,62,0,0,0,0,0,0,0,63
2659,2,"2659-2",2,1,2,NA,NA,NA,NA,NA,NA,NA,1,1,1,26.492613936,0,6,6,2,2,2659,2617,2660,2617,17,7,0,6,5,4,4,0,0,0,0,0,0,0,63,62,0,0,0,0,0,0,0,63
2659,3,"2659-3",2,1,2,NA,NA,NA,NA,NA,NA,NA,1,1,1,26.492613936,0,6,0,2,2,2617,2660,2660,2617,48,17,1,6,5,4,4,0,0,0,0,0,0,0,63,62,0,0,0,0,0,0,0,63
2672,1,"2672-1",2,1,2,NA,NA,NA,NA,NA,NA,NA,1,1,1,175.923701517,0,5,5,2,2,698,2304,698,2304,29,27,0,16,15,5,5,0,0,0,0,0,0,0,66,66,0,0,0,0,0,0,0,66
2672,2,"2672-2",2,1,2,NA,NA,NA,NA,NA,NA,NA,1,1,1,175.923701517,1,5,5,2,2,2304,2304,698,2304,31,29,1,16,15,5,5,0,0,0,0,0,0,0,66,66,0,0,0,0,0,0,0,66
2672,3,"2672-3",2,1,2,NA,NA,NA,NA,NA,NA,NA,1,1,1,175.923701517,1,5,5,2,2,2304,2111,698,2304,31,31,1,16,15,5,5,0,0,0,0,0,0,0,66,66,0,0,0,0,0,0,0,66
2672,4,"2672-4",2,1,2,NA,NA,NA,NA,NA,NA,NA,1,1,1,175.923701517,0,5,0,2,2,2111,698,698,2304,48,31,1,16,15,5,5,0,0,0,0,0,0,0,66,66,0,0,0,0,0,0,0,66
2675,1,"2675-1",2,1,3,NA,NA,NA,NA,NA,NA,NA,3,1,1,409.6395356,0,5,5,2,2,1270,1621,1270,1621,16,12,0,8,30,4,8,0,0,0,0,0,0,0,35,3,0,0,0,0,0,0,0,35
2675,2,"2675-2",2,1,3,NA,NA,NA,NA,NA,NA,NA,3,1,1,409.6395356,1,5,6,2,2,1621,1621,1270,1621,16,16,1,8,30,4,8,0,0,0,0,0,0,0,35,3,0,0,0,0,0,0,0,35
2675,3,"2675-3",2,1,3,NA,NA,NA,NA,NA,NA,NA,3,1,1,409.6395356,0,5,0,2,2,1621,1270,1270,1621,27,16,1,8,30,4,8,0,0,0,0,0,0,0,35,3,0,0,0,0,0,0,0,35
2675,4,"2675-4",3,1,2,3,NA,NA,NA,NA,NA,NA,3,3,2,409.6395356,0,9,9,3,3,1270,1267,1270,1267,32,30,0,17,30,4,1,8,0,0,0,0,0,0,35,35,3,0,0,0,0,0,0,35
2675,5,"2675-5",3,1,2,3,NA,NA,NA,NA,NA,NA,3,3,2,409.6395356,0,9,0,3,3,1267,1270,1270,1267,48,32,1,17,30,4,1,8,0,0,0,0,0,0,35,35,3,0,0,0,0,0,0,35
2685,1,"2685-1",2,1,2,NA,NA,NA,NA,NA,NA,NA,1,1,1,65.3942125,1,6,2,2,2,52,99,52,167,16,14,0,9,45,3,3,0,0,0,0,0,0,0,52,49,0,0,0,0,0,0,0,52
2685,2,"2685-2",2,1,2,NA,NA,NA,NA,NA,NA,NA,1,1,1,65.3942125,0,6,6,2,2,99,167,52,167,19,16,0,9,45,3,3,0,0,0,0,0,0,0,52,49,0,0,0,0,0,0,0,52
2685,3,"2685-3",2,1,2,NA,NA,NA,NA,NA,NA,NA,1,1,1,65.3942125,1,6,7,2,2,167,100,52,167,21,19,1,9,45,3,3,0,0,0,0,0,0,0,52,49,0,0,0,0,0,0,0,52
2685,4,"2685-4",2,1,2,NA,NA,NA,NA,NA,NA,NA,1,1,1,65.3942125,0,6,0,2,2,100,52,52,167,24,21,1,9,45,3,3,0,0,0,0,0,0,0,52,49,0,0,0,0,0,0,0,52
2685,5,"2685-5",2,1,2,NA,NA,NA,NA,NA,NA,NA,1,2,2,65.3942125,0,2,2,2,2,52,99,52,99,28,24,0,14,45,3,3,0,0,0,0,0,0,0,52,49,0,0,0,0,0,0,0,52
2685,6,"2685-6",2,1,2,NA,NA,NA,NA,NA,NA,NA,1,2,2,65.3942125,0,2,0,2,2,99,52,52,99,48,28,1,14,45,3,3,0,0,0,0,0,0,0,52,49,0,0,0,0,0,0,0,52
2687,1,"2687-1",2,2,3,NA,NA,NA,NA,NA,NA,NA,1,2,1,46.7525969,0,9,9,2,2,2757,2740,2757,2740,33,30,0,17,30,4,1,0,0,0,0,0,0,0,54,25,0,0,0,0,0,0,0,54
2687,2,"2687-2",2,2,3,NA,NA,NA,NA,NA,NA,NA,1,2,1,46.7525969,0,9,0,2,2,2740,2757,2757,2740,48,33,1,17,30,4,1,0,0,0,0,0,0,0,54,25,0,0,0,0,0,0,0,54
2695,1,"2695-1",2,1,7,NA,NA,NA,NA,NA,NA,NA,3,1,0,137.958378688,0,NA,1,2,NA,704,695,NA,NA,29,8,0,NA,NA,1,6,0,0,0,0,0,0,0,55,16,0,0,0,0,0,0,0,55
2695,2,"2695-2",2,1,7,NA,NA,NA,NA,NA,NA,NA,3,1,0,137.958378688,0,NA,0,2,NA,695,704,NA,NA,48,29,1,NA,NA,1,6,0,0,0,0,0,0,0,55,16,0,0,0,0,0,0,0,55
2705,1,"2705-1",2,1,2,NA,NA,NA,NA,NA,NA,NA,1,1,1,68.857439234,0,6,6,2,2,899,2159,899,2159,17,6,0,5,45,5,5,0,0,0,0,0,0,0,72,68,0,0,0,0,0,0,0,72
2705,2,"2705-2",2,1,2,NA,NA,NA,NA,NA,NA,NA,1,1,1,68.857439234,1,6,7,2,2,2159,899,899,2159,20,17,1,5,45,5,5,0,0,0,0,0,0,0,72,68,0,0,0,0,0,0,0,72
2705,3,"2705-3",2,1,2,NA,NA,NA,NA,NA,NA,NA,1,1,1,68.857439234,0,6,0,2,2,899,899,899,2159,48,20,1,5,45,5,5,0,0,0,0,0,0,0,72,68,0,0,0,0,0,0,0,72
2708,1,"2708-1",2,1,2,NA,NA,NA,NA,NA,NA,NA,1,3,1,596.3607388,0,9,9,2,2,883,871,883,871,38,34,0,19,54,4,1,0,0,0,0,0,0,0,50,50,0,0,0,0,0,0,0,50
2708,2,"2708-2",2,1,2,NA,NA,NA,NA,NA,NA,NA,1,3,1,596.3607388,0,9,0,2,2,871,883,883,871,48,38,1,19,54,4,1,0,0,0,0,0,0,0,50,50,0,0,0,0,0,0,0,50
2712,1,"2712-1",2,1,2,NA,NA,NA,NA,NA,NA,NA,1,2,1,36.49159773,0,9,9,2,2,2736,2736,2736,2736,34,31,0,18,0,1,1,0,0,0,0,0,0,0,23,22,0,0,0,0,0,0,0,23
2712,2,"2712-2",2,1,2,NA,NA,NA,NA,NA,NA,NA,1,2,1,36.49159773,0,9,0,2,2,2736,2736,2736,2736,48,34,1,18,0,1,1,0,0,0,0,0,0,0,23,22,0,0,0,0,0,0,0,23
2713,1,"2713-1",2,1,2,NA,NA,NA,NA,NA,NA,NA,1,1,1,187.858309025,0,6,6,2,2,899,832,899,832,33,27,0,16,20,5,5,0,0,0,0,0,0,0,75,73,0,0,0,0,0,0,0,75
2713,2,"2713-2",2,1,2,NA,NA,NA,NA,NA,NA,NA,1,1,1,187.858309025,1,6,7,2,2,832,708,899,832,36,33,1,16,20,5,5,0,0,0,0,0,0,0,75,73,0,0,0,0,0,0,0,75
2713,3,"2713-3",2,1,2,NA,NA,NA,NA,NA,NA,NA,1,1,1,187.858309025,0,6,0,2,2,708,899,899,832,48,36,1,16,20,5,5,0,0,0,0,0,0,0,75,73,0,0,0,0,0,0,0,75
2718,5,"2718-5",2,1,2,NA,NA,NA,NA,NA,NA,NA,1,2,2,73.87144527,0,9,9,2,2,2369,2137,2369,2137,37,33,0,19,10,1,2,0,0,0,0,0,0,0,63,64,0,0,0,0,0,0,0,64
2718,6,"2718-6",2,1,2,NA,NA,NA,NA,NA,NA,NA,1,2,2,73.87144527,1,9,7,2,2,2137,2119,2369,2137,39,37,1,19,10,1,2,0,0,0,0,0,0,0,63,64,0,0,0,0,0,0,0,64
2718,7,"2718-7",2,1,2,NA,NA,NA,NA,NA,NA,NA,1,2,2,73.87144527,0,9,0,2,2,2119,2369,2369,2137,48,39,1,19,10,1,2,0,0,0,0,0,0,0,63,64,0,0,0,0,0,0,0,64
2718,1,"2718-1",2,1,2,NA,NA,NA,NA,NA,NA,NA,1,3,1,73.87144527,1,6,5,2,2,932,988,932,125,18,16,0,10,30,1,2,0,0,0,0,0,0,0,63,64,0,0,0,0,0,0,0,64
2718,2,"2718-2",2,1,2,NA,NA,NA,NA,NA,NA,NA,1,3,1,73.87144527,0,6,6,2,2,988,125,932,125,22,18,0,10,30,1,2,0,0,0,0,0,0,0,63,64,0,0,0,0,0,0,0,64
2718,3,"2718-3",2,1,2,NA,NA,NA,NA,NA,NA,NA,1,3,1,73.87144527,1,6,7,2,2,125,938,932,125,24,22,1,10,30,1,2,0,0,0,0,0,0,0,63,64,0,0,0,0,0,0,0,64
2718,4,"2718-4",2,1,2,NA,NA,NA,NA,NA,NA,NA,1,3,1,73.87144527,0,6,1,2,2,938,932,932,125,30,24,1,10,30,1,2,0,0,0,0,0,0,0,63,64,0,0,0,0,0,0,0,64
2739,1,"2739-1",2,1,2,NA,NA,NA,NA,NA,NA,NA,1,1,1,34.670797281,0,6,6,2,2,1573,1000,1573,1000,22,19,0,12,20,5,5,0,0,0,0,0,0,0,67,67,0,0,0,0,0,0,0,67
2739,2,"2739-2",2,1,2,NA,NA,NA,NA,NA,NA,NA,1,1,1,34.670797281,0,6,0,2,2,1000,1573,1573,1000,30,22,1,12,20,5,5,0,0,0,0,0,0,0,67,67,0,0,0,0,0,0,0,67
2743,1,"2743-1",2,4,6,NA,NA,NA,NA,NA,NA,NA,3,1,1,241.7893576,0,6,6,2,2,860,921,860,921,28,25,0,15,0,7,3,0,0,0,0,0,0,0,15,21,0,0,0,0,0,0,0,21
2743,2,"2743-2",2,4,6,NA,NA,NA,NA,NA,NA,NA,3,1,1,241.7893576,0,6,0,2,2,921,860,860,921,48,28,1,15,0,7,3,0,0,0,0,0,0,0,15,21,0,0,0,0,0,0,0,21
2767,1,"2767-1",3,1,3,4,NA,NA,NA,NA,NA,NA,3,1,1,181.50729032,0,9,9,3,3,2353,2402,2353,2402,30,24,0,14,30,2,8,8,0,0,0,0,0,0,37,1,4,0,0,0,0,0,0,37
2767,2,"2767-2",3,1,3,4,NA,NA,NA,NA,NA,NA,3,1,1,181.50729032,1,9,5,4,3,2402,2402,2353,2402,30,30,1,14,30,2,8,8,0,0,0,0,0,0,37,1,4,0,0,0,0,0,0,37
2767,3,"2767-3",3,1,3,4,NA,NA,NA,NA,NA,NA,3,1,1,181.50729032,0,9,0,3,3,2402,2353,2353,2402,48,30,1,14,30,2,8,8,0,0,0,0,0,0,37,1,4,0,0,0,0,0,0,37
2773,1,"2773-1",2,2,4,NA,NA,NA,NA,NA,NA,NA,3,2,1,147.877196024,0,9,9,2,2,882,863,882,863,30,28,0,16,30,2,7,0,0,0,0,0,0,0,44,13,0,0,0,0,0,0,0,44
2773,2,"2773-2",2,2,4,NA,NA,NA,NA,NA,NA,NA,3,2,1,147.877196024,0,9,0,2,2,863,882,882,863,48,30,1,16,30,2,7,0,0,0,0,0,0,0,44,13,0,0,0,0,0,0,0,44
2792,3,"2792-3",2,1,2,NA,NA,NA,NA,NA,NA,NA,3,2,1,182.776452004,0,5,5,2,2,868,901,868,901,34,33,0,19,0,1,7,0,0,0,0,0,0,0,38,7,0,0,0,0,0,0,0,38
2792,4,"2792-4",2,1,2,NA,NA,NA,NA,NA,NA,NA,3,2,1,182.776452004,0,5,0,2,2,901,868,868,901,48,34,1,19,0,1,7,0,0,0,0,0,0,0,38,7,0,0,0,0,0,0,0,38
2795,1,"2795-1",2,1,2,NA,NA,NA,NA,NA,NA,NA,1,2,1,73.261048717,1,5,5,2,2,872,899,872,894,27,25,0,15,10,4,4,0,0,0,0,0,0,0,63,63,0,0,0,0,0,0,0,63
2795,2,"2795-2",2,1,2,NA,NA,NA,NA,NA,NA,NA,1,2,1,73.261048717,0,5,5,2,2,899,894,872,894,29,27,0,15,10,4,4,0,0,0,0,0,0,0,63,63,0,0,0,0,0,0,0,63
2795,3,"2795-3",2,1,2,NA,NA,NA,NA,NA,NA,NA,1,2,1,73.261048717,0,5,0,2,2,894,872,872,894,48,29,1,15,10,4,4,0,0,0,0,0,0,0,63,63,0,0,0,0,0,0,0,63
2797,1,"2797-1",2,1,2,NA,NA,NA,NA,NA,NA,NA,1,1,0,28.516475033,0,NA,6,2,NA,2755,2757,NA,NA,23,22,0,NA,NA,5,5,0,0,0,0,0,0,0,78,79,0,0,0,0,0,0,0,79
2797,2,"2797-2",2,1,2,NA,NA,NA,NA,NA,NA,NA,1,1,0,28.516475033,1,NA,5,2,NA,2757,2715,NA,NA,25,23,1,NA,NA,5,5,0,0,0,0,0,0,0,78,79,0,0,0,0,0,0,0,79
2797,3,"2797-3",2,1,2,NA,NA,NA,NA,NA,NA,NA,1,1,0,28.516475033,1,NA,5,2,NA,2715,2718,NA,NA,25,25,1,NA,NA,5,5,0,0,0,0,0,0,0,78,79,0,0,0,0,0,0,0,79
2797,4,"2797-4",2,1,2,NA,NA,NA,NA,NA,NA,NA,1,1,0,28.516475033,1,NA,6,2,NA,2718,2721,NA,NA,26,25,1,NA,NA,5,5,0,0,0,0,0,0,0,78,79,0,0,0,0,0,0,0,79
2797,5,"2797-5",2,1,2,NA,NA,NA,NA,NA,NA,NA,1,1,0,28.516475033,1,NA,7,2,NA,2721,2736,NA,NA,29,26,1,NA,NA,5,5,0,0,0,0,0,0,0,78,79,0,0,0,0,0,0,0,79
2797,6,"2797-6",2,1,2,NA,NA,NA,NA,NA,NA,NA,1,1,0,28.516475033,0,NA,0,2,NA,2736,2755,NA,NA,48,29,1,NA,NA,5,5,0,0,0,0,0,0,0,78,79,0,0,0,0,0,0,0,79
2798,1,"2798-1",2,1,2,NA,NA,NA,NA,NA,NA,NA,1,1,1,107.135616735,0,6,6,2,2,2355,2298,2355,2298,25,22,0,13,35,2,1,0,0,0,0,0,0,0,27,32,0,0,0,0,0,0,0,32
2798,2,"2798-2",2,1,2,NA,NA,NA,NA,NA,NA,NA,1,1,1,107.135616735,1,6,7,2,2,2298,2197,2355,2298,27,25,1,13,35,2,1,0,0,0,0,0,0,0,27,32,0,0,0,0,0,0,0,32
2798,3,"2798-3",2,1,2,NA,NA,NA,NA,NA,NA,NA,1,1,1,107.135616735,1,6,7,4,2,2197,2200,2355,2298,27,27,1,13,35,2,1,0,0,0,0,0,0,0,27,32,0,0,0,0,0,0,0,32
2798,4,"2798-4",2,1,2,NA,NA,NA,NA,NA,NA,NA,1,1,1,107.135616735,0,6,0,2,2,2200,2355,2355,2298,48,27,1,13,35,2,1,0,0,0,0,0,0,0,27,32,0,0,0,0,0,0,0,32
2802,1,"2802-1",2,1,2,NA,NA,NA,NA,NA,NA,NA,1,1,1,90.152122101,0,9,9,2,2,2286,2210,2286,2210,19,16,0,10,30,4,4,0,0,0,0,0,0,0,64,56,0,0,0,0,0,0,0,64
2802,2,"2802-2",2,1,2,NA,NA,NA,NA,NA,NA,NA,1,1,1,90.152122101,1,9,7,2,2,2210,2359,2286,2210,22,19,1,10,30,4,4,0,0,0,0,0,0,0,64,56,0,0,0,0,0,0,0,64
2802,3,"2802-3",2,1,2,NA,NA,NA,NA,NA,NA,NA,1,1,1,90.152122101,0,9,0,2,2,2359,2286,2286,2210,48,22,1,10,30,4,4,0,0,0,0,0,0,0,64,56,0,0,0,0,0,0,0,64
2823,5,"2823-5",3,1,3,4,NA,NA,NA,NA,NA,NA,3,3,1,443.59509714,0,5,5,4,4,2489,2281,2489,2281,30,29,0,17,17,1,7,7,0,0,0,0,0,0,39,11,9,0,0,0,0,0,0,39
2823,6,"2823-6",3,1,3,4,NA,NA,NA,NA,NA,NA,3,3,1,443.59509714,0,5,0,4,4,2281,2489,2489,2281,48,30,1,17,17,1,7,7,0,0,0,0,0,0,39,11,9,0,0,0,0,0,0,39
2830,1,"2830-1",2,1,2,NA,NA,NA,NA,NA,NA,NA,1,2,1,655.67373207,0,5,5,2,2,1957,1917,1957,1917,34,32,0,18,45,1,1,0,0,0,0,0,0,0,44,45,0,0,0,0,0,0,0,45
2830,2,"2830-2",2,1,2,NA,NA,NA,NA,NA,NA,NA,1,2,1,655.67373207,1,5,7,2,2,1917,1840,1957,1917,35,34,1,18,45,1,1,0,0,0,0,0,0,0,44,45,0,0,0,0,0,0,0,45
2830,3,"2830-3",2,1,2,NA,NA,NA,NA,NA,NA,NA,1,2,1,655.67373207,0,5,0,2,2,1840,1957,1957,1917,48,35,1,18,45,1,1,0,0,0,0,0,0,0,44,45,0,0,0,0,0,0,0,45
2833,1,"2833-1",2,1,3,NA,NA,NA,NA,NA,NA,NA,3,1,1,136.2128167,1,9,8,2,2,1963,1181,1963,1854,24,19,0,12,5,4,7,0,0,0,0,0,0,0,50,13,0,0,0,0,0,0,0,50
2833,2,"2833-2",2,1,3,NA,NA,NA,NA,NA,NA,NA,3,1,1,136.2128167,0,9,9,2,2,1181,1854,1963,1854,27,24,0,12,5,4,7,0,0,0,0,0,0,0,50,13,0,0,0,0,0,0,0,50
2833,3,"2833-3",2,1,3,NA,NA,NA,NA,NA,NA,NA,3,1,1,136.2128167,0,9,0,2,2,1854,1963,1963,1854,48,27,1,12,5,4,7,0,0,0,0,0,0,0,50,13,0,0,0,0,0,0,0,50
2838,1,"2838-1",2,1,2,NA,NA,NA,NA,NA,NA,NA,3,1,1,157.5659069,0,1,1,2,2,867,859,867,859,27,10,0,7,35,1,8,0,0,0,0,0,0,0,38,5,0,0,0,0,0,0,0,38
2838,2,"2838-2",2,1,2,NA,NA,NA,NA,NA,NA,NA,3,1,1,157.5659069,0,1,0,2,2,859,867,867,859,48,27,1,7,35,1,8,0,0,0,0,0,0,0,38,5,0,0,0,0,0,0,0,38
2849,1,"2849-1",2,1,2,NA,NA,NA,NA,NA,NA,NA,1,2,1,102.788239875,1,9,7,2,2,1869,1252,1869,1277,31,28,0,16,35,5,5,0,0,0,0,0,0,0,71,71,0,0,0,0,0,0,0,71
2849,2,"2849-2",2,1,2,NA,NA,NA,NA,NA,NA,NA,1,2,1,102.788239875,0,9,9,2,2,1252,1277,1869,1277,38,31,0,16,35,5,5,0,0,0,0,0,0,0,71,71,0,0,0,0,0,0,0,71
2849,3,"2849-3",2,1,2,NA,NA,NA,NA,NA,NA,NA,1,2,1,102.788239875,0,9,0,2,2,1277,1869,1869,1277,48,38,1,16,35,5,5,0,0,0,0,0,0,0,71,71,0,0,0,0,0,0,0,71
2858,1,"2858-1",2,1,2,NA,NA,NA,NA,NA,NA,NA,1,1,1,34.670797281,0,9,9,4,4,1192,1192,1192,1192,14,12,0,8,45,5,5,0,0,0,0,0,0,0,68,68,0,0,0,0,0,0,0,68
2858,2,"2858-2",2,1,2,NA,NA,NA,NA,NA,NA,NA,1,1,1,34.670797281,0,9,0,4,4,1192,1192,1192,1192,20,14,1,8,45,5,5,0,0,0,0,0,0,0,68,68,0,0,0,0,0,0,0,68
2859,4,"2859-4",3,1,3,4,NA,NA,NA,NA,NA,NA,3,3,1,393.456930788,0,6,6,3,3,1965,1905,1965,1905,26,21,0,13,10,1,8,8,0,0,0,0,0,0,34,4,2,0,0,0,0,0,0,34
2859,5,"2859-5",3,1,3,4,NA,NA,NA,NA,NA,NA,3,3,1,393.456930788,0,6,0,3,3,1905,1965,1965,1905,48,26,1,13,10,1,8,8,0,0,0,0,0,0,34,4,2,0,0,0,0,0,0,34
2870,1,"2870-1",4,2,3,4,5,NA,NA,NA,NA,NA,3,1,1,85.4477886,0,1,1,3,3,1456,1471,1456,1471,27,12,0,8,30,1,8,8,8,0,0,0,0,0,29,4,3,1,0,0,0,0,0,29
2870,2,"2870-2",4,2,3,4,5,NA,NA,NA,NA,NA,3,1,1,85.4477886,0,1,0,3,3,1471,1456,1456,1471,48,27,1,8,30,1,8,8,8,0,0,0,0,0,29,4,3,1,0,0,0,0,0,29
2879,1,"2879-1",2,1,2,NA,NA,NA,NA,NA,NA,NA,1,1,1,90.065421757,0,9,9,2,2,939,1566,939,1566,18,13,0,9,15,5,5,0,0,0,0,0,0,0,74,74,0,0,0,0,0,0,0,74
2879,2,"2879-2",2,1,2,NA,NA,NA,NA,NA,NA,NA,1,1,1,90.065421757,1,9,5,2,2,1566,835,939,1566,21,18,1,9,15,5,5,0,0,0,0,0,0,0,74,74,0,0,0,0,0,0,0,74
2879,3,"2879-3",2,1,2,NA,NA,NA,NA,NA,NA,NA,1,1,1,90.065421757,0,9,0,2,2,835,939,939,1566,23,21,1,9,15,5,5,0,0,0,0,0,0,0,74,74,0,0,0,0,0,0,0,74
2879,6,"2879-6",2,1,2,NA,NA,NA,NA,NA,NA,NA,1,3,2,90.065421757,0,7,7,3,3,939,889,939,889,33,29,0,17,10,5,5,0,0,0,0,0,0,0,74,74,0,0,0,0,0,0,0,74
2879,7,"2879-7",2,1,2,NA,NA,NA,NA,NA,NA,NA,1,3,2,90.065421757,0,7,0,3,3,889,939,939,889,48,33,1,17,10,5,5,0,0,0,0,0,0,0,74,74,0,0,0,0,0,0,0,74
2889,1,"2889-1",2,1,2,NA,NA,NA,NA,NA,NA,NA,1,1,1,462.012787979,0,7,7,2,2,696,696,696,696,22,20,0,12,35,5,5,0,0,0,0,0,0,0,79,74,0,0,0,0,0,0,0,79
2889,2,"2889-2",2,1,2,NA,NA,NA,NA,NA,NA,NA,1,1,1,462.012787979,0,7,0,2,2,696,696,696,696,48,22,1,12,35,5,5,0,0,0,0,0,0,0,79,74,0,0,0,0,0,0,0,79
2903,1,"2903-1",2,1,2,NA,NA,NA,NA,NA,NA,NA,1,1,1,80.60845107,0,9,9,3,3,2515,9999,2515,9999,27,18,0,11,35,2,2,0,0,0,0,0,0,0,73,62,0,0,0,0,0,0,0,73
2903,2,"2903-2",2,1,2,NA,NA,NA,NA,NA,NA,NA,1,1,1,80.60845107,1,9,8,2,3,9999,9999,2515,9999,34,27,1,11,35,2,2,0,0,0,0,0,0,0,73,62,0,0,0,0,0,0,0,73
2903,3,"2903-3",2,1,2,NA,NA,NA,NA,NA,NA,NA,1,1,1,80.60845107,0,9,0,2,3,9999,2515,2515,9999,48,34,1,11,35,2,2,0,0,0,0,0,0,0,73,62,0,0,0,0,0,0,0,73
2905,3,"2905-3",2,1,2,NA,NA,NA,NA,NA,NA,NA,1,2,1,36.173971591,0,5,5,2,2,2540,2529,2540,2529,24,23,0,14,0,5,5,0,0,0,0,0,0,0,84,74,0,0,0,0,0,0,0,84
2905,4,"2905-4",2,1,2,NA,NA,NA,NA,NA,NA,NA,1,2,1,36.173971591,0,5,0,2,2,2529,2540,2540,2529,48,24,1,14,0,5,5,0,0,0,0,0,0,0,84,74,0,0,0,0,0,0,0,84
2913,2,"2913-2",2,1,2,NA,NA,NA,NA,NA,NA,NA,1,2,1,105.0355766,0,7,7,3,3,2310,2166,2310,2166,26,25,0,15,5,1,3,0,0,0,0,0,0,0,27,29,0,0,0,0,0,0,0,29
2913,3,"2913-3",2,1,2,NA,NA,NA,NA,NA,NA,NA,1,2,1,105.0355766,0,7,0,3,3,2166,2310,2310,2166,27,26,1,15,5,1,3,0,0,0,0,0,0,0,27,29,0,0,0,0,0,0,0,29
2916,1,"2916-1",2,1,2,NA,NA,NA,NA,NA,NA,NA,1,1,1,102.3541752,0,1,1,2,2,1492,1482,1492,1482,18,9,0,7,22,1,1,0,0,0,0,0,0,0,56,33,0,0,0,0,0,0,0,56
2916,2,"2916-2",2,1,2,NA,NA,NA,NA,NA,NA,NA,1,1,1,102.3541752,0,1,0,2,2,1482,1492,1492,1482,19,18,1,7,22,1,1,0,0,0,0,0,0,0,56,33,0,0,0,0,0,0,0,56
2916,3,"2916-3",2,1,2,NA,NA,NA,NA,NA,NA,NA,1,2,2,102.3541752,0,1,1,2,2,1492,1482,1492,1482,27,19,0,12,7,1,1,0,0,0,0,0,0,0,56,33,0,0,0,0,0,0,0,56
2916,4,"2916-4",2,1,2,NA,NA,NA,NA,NA,NA,NA,1,2,2,102.3541752,0,1,0,2,2,1482,1492,1492,1482,28,27,1,12,7,1,1,0,0,0,0,0,0,0,56,33,0,0,0,0,0,0,0,56
2916,5,"2916-5",2,1,2,NA,NA,NA,NA,NA,NA,NA,1,3,3,102.3541752,0,9,9,4,4,1492,1492,1492,1492,29,28,0,16,40,1,1,0,0,0,0,0,0,0,56,33,0,0,0,0,0,0,0,56
2916,6,"2916-6",2,1,2,NA,NA,NA,NA,NA,NA,NA,1,3,3,102.3541752,0,9,0,4,4,1492,1492,1492,1492,34,29,1,16,40,1,1,0,0,0,0,0,0,0,56,33,0,0,0,0,0,0,0,56
2921,2,"2921-2",2,5,6,NA,NA,NA,NA,NA,NA,NA,1,1,1,218.9746701,1,5,5,2,2,928,901,928,926,13,12,0,8,45,5,5,0,0,0,0,0,0,0,76,74,0,0,0,0,0,0,0,76
2921,3,"2921-3",2,5,6,NA,NA,NA,NA,NA,NA,NA,1,1,1,218.9746701,0,5,5,2,2,901,926,928,926,15,13,0,8,45,5,5,0,0,0,0,0,0,0,76,74,0,0,0,0,0,0,0,76
2921,4,"2921-4",2,5,6,NA,NA,NA,NA,NA,NA,NA,1,1,1,218.9746701,0,5,0,2,2,926,928,928,926,48,15,1,8,45,5,5,0,0,0,0,0,0,0,76,74,0,0,0,0,0,0,0,76
2924,1,"2924-1",2,1,2,NA,NA,NA,NA,NA,NA,NA,1,1,1,64.813185885,0,6,6,2,2,937,803,937,803,13,12,0,8,30,2,5,0,0,0,0,0,0,0,68,90,0,0,0,0,0,0,0,90
2924,2,"2924-2",2,1,2,NA,NA,NA,NA,NA,NA,NA,1,1,1,64.813185885,1,6,6,2,2,803,789,937,803,15,13,1,8,30,2,5,0,0,0,0,0,0,0,68,90,0,0,0,0,0,0,0,90
2924,3,"2924-3",2,1,2,NA,NA,NA,NA,NA,NA,NA,1,1,1,64.813185885,0,6,0,1,2,789,937,937,803,16,15,1,8,30,2,5,0,0,0,0,0,0,0,68,90,0,0,0,0,0,0,0,90
2924,4,"2924-4",2,1,2,NA,NA,NA,NA,NA,NA,NA,1,3,2,64.813185885,0,6,6,2,2,937,1040,937,1040,24,21,0,13,20,2,5,0,0,0,0,0,0,0,68,90,0,0,0,0,0,0,0,90
2924,5,"2924-5",2,1,2,NA,NA,NA,NA,NA,NA,NA,1,3,2,64.813185885,0,6,0,2,2,1040,937,937,1040,34,24,1,13,20,2,5,0,0,0,0,0,0,0,68,90,0,0,0,0,0,0,0,90
2924,6,"2924-6",2,1,2,NA,NA,NA,NA,NA,NA,NA,1,4,3,64.813185885,0,7,7,2,2,937,253,937,253,38,34,0,19,30,2,5,0,0,0,0,0,0,0,68,90,0,0,0,0,0,0,0,90
2924,7,"2924-7",2,1,2,NA,NA,NA,NA,NA,NA,NA,1,4,3,64.813185885,0,7,0,2,2,253,937,937,253,48,38,1,19,30,2,5,0,0,0,0,0,0,0,68,90,0,0,0,0,0,0,0,90
2927,1,"2927-1",3,1,3,4,NA,NA,NA,NA,NA,NA,3,1,0,35.1429872,0,NA,5,3,NA,2714,2722,NA,NA,15,13,0,NA,NA,4,8,8,0,0,0,0,0,0,34,4,2,0,0,0,0,0,0,34
2927,2,"2927-2",3,1,3,4,NA,NA,NA,NA,NA,NA,3,1,0,35.1429872,0,NA,0,3,NA,2722,2714,NA,NA,18,15,1,NA,NA,4,8,8,0,0,0,0,0,0,34,4,2,0,0,0,0,0,0,34
2930,1,"2930-1",2,1,2,NA,NA,NA,NA,NA,NA,NA,1,2,1,74.950223243,0,9,9,2,2,1192,1192,1192,1192,36,32,0,18,50,5,5,0,0,0,0,0,0,0,85,86,0,0,0,0,0,0,0,86
2930,2,"2930-2",2,1,2,NA,NA,NA,NA,NA,NA,NA,1,2,1,74.950223243,0,9,0,2,2,1192,1192,1192,1192,48,36,1,18,50,5,5,0,0,0,0,0,0,0,85,86,0,0,0,0,0,0,0,86
2935,1,"2935-1",2,4,5,NA,NA,NA,NA,NA,NA,NA,2,1,1,80.8767716,0,3,3,9,9,1960,1997,1960,1997,26,12,0,8,30,7,7,0,0,0,0,0,0,0,10,8,0,0,0,0,0,0,0,10
2935,2,"2935-2",2,4,5,NA,NA,NA,NA,NA,NA,NA,2,1,1,80.8767716,0,3,0,9,9,1997,1960,1960,1997,48,26,1,8,30,7,7,0,0,0,0,0,0,0,10,8,0,0,0,0,0,0,0,10
2937,1,"2937-1",2,1,2,NA,NA,NA,NA,NA,NA,NA,1,1,1,40.783545,1,5,6,2,2,1468,1507,1468,1432,19,19,0,12,9,4,5,0,0,0,0,0,0,0,63,77,0,0,0,0,0,0,0,77
2937,2,"2937-2",2,1,2,NA,NA,NA,NA,NA,NA,NA,1,1,1,40.783545,0,5,5,2,2,1507,1432,1468,1432,21,19,0,12,9,4,5,0,0,0,0,0,0,0,63,77,0,0,0,0,0,0,0,77
2937,3,"2937-3",2,1,2,NA,NA,NA,NA,NA,NA,NA,1,1,1,40.783545,1,5,5,2,2,1432,1464,1468,1432,22,21,1,12,9,4,5,0,0,0,0,0,0,0,63,77,0,0,0,0,0,0,0,77
2937,4,"2937-4",2,1,2,NA,NA,NA,NA,NA,NA,NA,1,1,1,40.783545,0,5,0,2,2,1464,1468,1468,1432,30,22,1,12,9,4,5,0,0,0,0,0,0,0,63,77,0,0,0,0,0,0,0,77
2937,5,"2937-5",2,1,2,NA,NA,NA,NA,NA,NA,NA,1,2,2,40.783545,0,6,6,2,2,1468,1478,1468,1478,32,30,0,17,58,4,5,0,0,0,0,0,0,0,63,77,0,0,0,0,0,0,0,77
2937,6,"2937-6",2,1,2,NA,NA,NA,NA,NA,NA,NA,1,2,2,40.783545,1,6,8,2,2,1478,1466,1468,1478,33,32,1,17,58,4,5,0,0,0,0,0,0,0,63,77,0,0,0,0,0,0,0,77
2937,7,"2937-7",2,1,2,NA,NA,NA,NA,NA,NA,NA,1,2,2,40.783545,0,6,0,2,2,1466,1468,1468,1478,48,33,1,17,58,4,5,0,0,0,0,0,0,0,63,77,0,0,0,0,0,0,0,77
2941,5,"2941-5",2,2,5,NA,NA,NA,NA,NA,NA,NA,3,4,1,97.2684746,0,9,9,2,2,1960,1995,1960,1995,38,33,0,19,22,4,7,0,0,0,0,0,0,0,40,10,0,0,0,0,0,0,0,40
2941,6,"2941-6",2,2,5,NA,NA,NA,NA,NA,NA,NA,3,4,1,97.2684746,0,9,0,2,2,1995,1960,1960,1995,48,38,1,19,22,4,7,0,0,0,0,0,0,0,40,10,0,0,0,0,0,0,0,40
2958,4,"2958-4",2,1,3,NA,NA,NA,NA,NA,NA,NA,3,1,1,416.837476436,0,5,5,2,2,1960,1918,1960,1918,34,33,0,19,0,1,7,0,0,0,0,0,0,0,45,7,0,0,0,0,0,0,0,45
2958,5,"2958-5",2,1,3,NA,NA,NA,NA,NA,NA,NA,3,1,1,416.837476436,0,5,0,2,2,1918,1960,1960,1918,48,34,1,19,0,1,7,0,0,0,0,0,0,0,45,7,0,0,0,0,0,0,0,45
2964,1,"2964-1",2,1,2,NA,NA,NA,NA,NA,NA,NA,1,1,1,41.117892766,0,5,5,2,2,1428,1427,1428,1427,20,19,0,12,15,5,4,0,0,0,0,0,0,0,66,63,0,0,0,0,0,0,0,66
2964,2,"2964-2",2,1,2,NA,NA,NA,NA,NA,NA,NA,1,1,1,41.117892766,0,5,0,2,2,1427,1428,1428,1427,22,20,1,12,15,5,4,0,0,0,0,0,0,0,66,63,0,0,0,0,0,0,0,66
2964,3,"2964-3",2,1,2,NA,NA,NA,NA,NA,NA,NA,1,2,2,41.117892766,0,6,6,2,2,1428,1389,1428,1389,23,22,0,13,40,5,4,0,0,0,0,0,0,0,66,63,0,0,0,0,0,0,0,66
2964,4,"2964-4",2,1,2,NA,NA,NA,NA,NA,NA,NA,1,2,2,41.117892766,1,6,5,2,2,1389,1386,1428,1389,23,23,1,13,40,5,4,0,0,0,0,0,0,0,66,63,0,0,0,0,0,0,0,66
2964,5,"2964-5",2,1,2,NA,NA,NA,NA,NA,NA,NA,1,2,2,41.117892766,0,6,0,2,2,1386,1428,1428,1389,48,23,1,13,40,5,4,0,0,0,0,0,0,0,66,63,0,0,0,0,0,0,0,66
2979,1,"2979-1",2,1,2,NA,NA,NA,NA,NA,NA,NA,1,1,1,106.553534022,0,5,5,2,2,1206,1027,1206,1027,26,21,0,13,0,5,5,0,0,0,0,0,0,0,77,70,0,0,0,0,0,0,0,77
2979,2,"2979-2",2,1,2,NA,NA,NA,NA,NA,NA,NA,1,1,1,106.553534022,0,5,0,2,2,1027,1206,1206,1027,48,26,1,13,0,5,5,0,0,0,0,0,0,0,77,70,0,0,0,0,0,0,0,77
2985,1,"2985-1",2,1,2,NA,NA,NA,NA,NA,NA,NA,1,1,1,157.9017633,0,5,5,2,2,1589,1584,1589,1584,15,14,0,9,45,3,4,0,0,0,0,0,0,0,48,25,0,0,0,0,0,0,0,48
2985,2,"2985-2",2,1,2,NA,NA,NA,NA,NA,NA,NA,1,1,1,157.9017633,1,5,5,2,2,1584,1584,1589,1584,16,15,1,9,45,3,4,0,0,0,0,0,0,0,48,25,0,0,0,0,0,0,0,48
2985,3,"2985-3",2,1,2,NA,NA,NA,NA,NA,NA,NA,1,1,1,157.9017633,1,5,5,2,2,1584,1611,1589,1584,17,16,1,9,45,3,4,0,0,0,0,0,0,0,48,25,0,0,0,0,0,0,0,48
2985,4,"2985-4",2,1,2,NA,NA,NA,NA,NA,NA,NA,1,1,1,157.9017633,1,5,6,2,2,1611,1573,1589,1584,17,17,1,9,45,3,4,0,0,0,0,0,0,0,48,25,0,0,0,0,0,0,0,48
2985,5,"2985-5",2,1,2,NA,NA,NA,NA,NA,NA,NA,1,1,1,157.9017633,0,5,0,2,2,1573,1589,1589,1584,35,17,1,9,45,3,4,0,0,0,0,0,0,0,48,25,0,0,0,0,0,0,0,48
2985,6,"2985-6",3,1,2,3,NA,NA,NA,NA,NA,NA,1,2,2,157.9017633,0,7,7,3,3,1589,1649,1589,1649,36,35,0,20,0,3,4,3,0,0,0,0,0,0,48,25,20,0,0,0,0,0,0,48
2985,7,"2985-7",3,1,2,3,NA,NA,NA,NA,NA,NA,1,2,2,157.9017633,0,7,0,3,3,1649,1589,1589,1649,48,36,1,20,0,3,4,3,0,0,0,0,0,0,48,25,20,0,0,0,0,0,0,48
3000,1,"3000-1",2,1,2,NA,NA,NA,NA,NA,NA,NA,1,2,1,32.6883375,0,5,5,2,2,1209,1870,1209,1870,21,21,0,13,2,5,5,0,0,0,0,0,0,0,67,67,0,0,0,0,0,0,0,67
3000,2,"3000-2",2,1,2,NA,NA,NA,NA,NA,NA,NA,1,2,1,32.6883375,1,5,5,2,2,1870,1188,1209,1870,22,21,1,13,2,5,5,0,0,0,0,0,0,0,67,67,0,0,0,0,0,0,0,67
3000,3,"3000-3",2,1,2,NA,NA,NA,NA,NA,NA,NA,1,2,1,32.6883375,0,5,0,2,2,1188,1209,1209,1870,23,22,1,13,2,5,5,0,0,0,0,0,0,0,67,67,0,0,0,0,0,0,0,67
3001,1,"3001-1",2,1,2,NA,NA,NA,NA,NA,NA,NA,1,1,1,188.3530042,1,5,6,2,2,2120,2133,2120,2178,33,32,0,18,39,4,1,0,0,0,0,0,0,0,40,40,0,0,0,0,0,0,0,40
3001,2,"3001-2",2,1,2,NA,NA,NA,NA,NA,NA,NA,1,1,1,188.3530042,0,5,5,2,2,2133,2178,2120,2178,34,33,0,18,39,4,1,0,0,0,0,0,0,0,40,40,0,0,0,0,0,0,0,40
3001,3,"3001-3",2,1,2,NA,NA,NA,NA,NA,NA,NA,1,1,1,188.3530042,1,5,5,2,2,2178,2170,2120,2178,35,34,1,18,39,4,1,0,0,0,0,0,0,0,40,40,0,0,0,0,0,0,0,40
3001,4,"3001-4",2,1,2,NA,NA,NA,NA,NA,NA,NA,1,1,1,188.3530042,0,5,0,2,2,2170,2120,2120,2178,48,35,1,18,39,4,1,0,0,0,0,0,0,0,40,40,0,0,0,0,0,0,0,40
3010,1,"3010-1",2,1,2,NA,NA,NA,NA,NA,NA,NA,1,2,1,359.1480852,0,5,5,4,4,2422,2421,2422,2421,33,33,0,19,0,4,1,0,0,0,0,0,0,0,26,25,0,0,0,0,0,0,0,26
3010,2,"3010-2",2,1,2,NA,NA,NA,NA,NA,NA,NA,1,2,1,359.1480852,0,5,0,4,4,2421,2422,2422,2421,48,33,1,19,0,4,1,0,0,0,0,0,0,0,26,25,0,0,0,0,0,0,0,26
3016,3,"3016-3",4,1,3,4,5,NA,NA,NA,NA,NA,3,2,1,255.019644128,1,2,4,3,3,2789,2771,2789,2711,28,27,0,16,25,3,7,7,8,0,0,0,0,0,46,11,9,4,0,0,0,0,0,46
3016,4,"3016-4",4,1,3,4,5,NA,NA,NA,NA,NA,3,2,1,255.019644128,0,2,2,3,3,2771,2711,2789,2711,31,28,0,16,25,3,7,7,8,0,0,0,0,0,46,11,9,4,0,0,0,0,0,46
3016,5,"3016-5",4,1,3,4,5,NA,NA,NA,NA,NA,3,2,1,255.019644128,1,2,4,3,3,2711,2771,2789,2711,31,31,1,16,25,3,7,7,8,0,0,0,0,0,46,11,9,4,0,0,0,0,0,46
3016,6,"3016-6",4,1,3,4,5,NA,NA,NA,NA,NA,3,2,1,255.019644128,0,2,0,3,3,2771,2789,2789,2711,48,31,1,16,25,3,7,7,8,0,0,0,0,0,46,11,9,4,0,0,0,0,0,46
3018,1,"3018-1",3,1,2,3,NA,NA,NA,NA,NA,NA,3,1,1,42.1842964,0,7,7,3,3,2547,2002,2547,2002,30,27,0,16,0,4,1,6,0,0,0,0,0,0,33,34,16,0,0,0,0,0,0,34
3018,2,"3018-2",3,1,2,3,NA,NA,NA,NA,NA,NA,3,1,1,42.1842964,1,7,6,3,3,2002,2009,2547,2002,32,30,1,16,0,4,1,6,0,0,0,0,0,0,33,34,16,0,0,0,0,0,0,34
3018,3,"3018-3",3,1,2,3,NA,NA,NA,NA,NA,NA,3,1,1,42.1842964,0,7,0,3,3,2009,2547,2547,2002,48,32,1,16,0,4,1,6,0,0,0,0,0,0,33,34,16,0,0,0,0,0,0,34
3022,4,"3022-4",3,2,4,5,NA,NA,NA,NA,NA,NA,3,2,1,56.105025392,0,4,4,3,3,2474,9999,2474,9999,35,30,0,17,30,2,7,7,0,0,0,0,0,0,42,13,10,0,0,0,0,0,0,42
3022,5,"3022-5",3,2,4,5,NA,NA,NA,NA,NA,NA,3,2,1,56.105025392,0,4,0,3,3,9999,2474,2474,9999,48,35,1,17,30,2,7,7,0,0,0,0,0,0,42,13,10,0,0,0,0,0,0,42
3040,1,"3040-1",2,1,2,NA,NA,NA,NA,NA,NA,NA,1,1,1,52.23138083526,1,5,8,3,3,2770,1622,2770,1238,19,18,0,11,32,4,4,0,0,0,0,0,0,0,62,60,0,0,0,0,0,0,0,62
3040,2,"3040-2",2,1,2,NA,NA,NA,NA,NA,NA,NA,1,1,1,52.23138083526,0,5,5,3,3,1622,1238,2770,1238,22,19,0,11,32,4,4,0,0,0,0,0,0,0,62,60,0,0,0,0,0,0,0,62
3040,3,"3040-3",2,1,2,NA,NA,NA,NA,NA,NA,NA,1,1,1,52.23138083526,0,5,0,3,3,1238,1622,2770,1238,24,22,1,11,32,4,4,0,0,0,0,0,0,0,62,60,0,0,0,0,0,0,0,62
3040,4,"3040-4",2,1,2,NA,NA,NA,NA,NA,NA,NA,1,2,2,52.23138083526,0,7,7,2,3,1622,1619,1622,1619,25,24,0,14,45,4,4,0,0,0,0,0,0,0,62,60,0,0,0,0,0,0,0,62
3040,5,"3040-5",2,1,2,NA,NA,NA,NA,NA,NA,NA,1,2,2,52.23138083526,0,7,0,3,3,1619,1622,1622,1619,25,25,1,14,45,4,4,0,0,0,0,0,0,0,62,60,0,0,0,0,0,0,0,62
3044,3,"3044-3",4,1,2,3,4,NA,NA,NA,NA,NA,3,2,2,96.839968192,0,9,9,3,3,2285,2345,2285,2345,32,28,0,16,55,1,2,7,7,0,0,0,0,0,45,40,10,10,0,0,0,0,0,45
3044,4,"3044-4",4,1,2,3,4,NA,NA,NA,NA,NA,3,2,2,96.839968192,0,9,0,3,3,2345,2285,2285,2345,48,32,1,16,55,1,2,7,7,0,0,0,0,0,45,40,10,10,0,0,0,0,0,45
3044,1,"3044-1",2,3,4,NA,NA,NA,NA,NA,NA,NA,2,1,1,107.4188653,0,3,3,9,9,2285,2345,2285,2345,25,9,0,7,15,7,7,0,0,0,0,0,0,0,10,10,0,0,0,0,0,0,0,10
3044,2,"3044-2",2,3,4,NA,NA,NA,NA,NA,NA,NA,2,1,1,107.4188653,0,3,0,9,9,2345,2285,2285,2345,28,25,1,7,15,7,7,0,0,0,0,0,0,0,10,10,0,0,0,0,0,0,0,10
3052,1,"3052-1",3,1,2,4,NA,NA,NA,NA,NA,NA,3,2,1,195.758629185,0,9,9,3,3,860,845,860,845,37,30,0,17,45,1,2,6,0,0,0,0,0,0,50,50,18,0,0,0,0,0,0,50
3052,2,"3052-2",3,1,2,4,NA,NA,NA,NA,NA,NA,3,2,1,195.758629185,0,9,0,3,3,845,860,860,845,48,37,1,17,45,1,2,6,0,0,0,0,0,0,50,50,18,0,0,0,0,0,0,50
3060,1,"3060-1",2,1,2,NA,NA,NA,NA,NA,NA,NA,1,2,1,75.5103808,0,7,7,3,3,1989,1923,1989,1923,33,30,0,17,30,1,2,0,0,0,0,0,0,0,50,49,0,0,0,0,0,0,0,50
3060,2,"3060-2",2,1,2,NA,NA,NA,NA,NA,NA,NA,1,2,1,75.5103808,0,7,0,3,3,1923,1989,1989,1923,48,33,1,17,30,1,2,0,0,0,0,0,0,0,50,49,0,0,0,0,0,0,0,50
3064,3,"3064-3",2,1,4,NA,NA,NA,NA,NA,NA,NA,3,2,1,64.982648188,0,9,9,2,2,2743,2743,2743,2743,36,32,0,18,52,2,7,0,0,0,0,0,0,0,42,10,0,0,0,0,0,0,0,42
3064,4,"3064-4",2,1,4,NA,NA,NA,NA,NA,NA,NA,3,2,1,64.982648188,0,9,0,2,2,2743,2743,2743,2743,48,36,1,18,52,2,7,0,0,0,0,0,0,0,42,10,0,0,0,0,0,0,0,42
3069,1,"3069-1",2,1,2,NA,NA,NA,NA,NA,NA,NA,1,2,1,57.2474463,0,9,9,2,2,1988,1956,1988,1956,36,31,0,18,23,5,5,0,0,0,0,0,0,0,72,69,0,0,0,0,0,0,0,72
3069,2,"3069-2",2,1,2,NA,NA,NA,NA,NA,NA,NA,1,2,1,57.2474463,0,9,0,2,2,1956,1988,1988,1956,48,36,1,18,23,5,5,0,0,0,0,0,0,0,72,69,0,0,0,0,0,0,0,72
3086,1,"3086-1",2,1,2,NA,NA,NA,NA,NA,NA,NA,1,3,1,62.433778155,0,9,9,2,2,1939,1995,1939,1995,34,31,0,18,10,2,5,0,0,0,0,0,0,0,66,66,0,0,0,0,0,0,0,66
3086,2,"3086-2",2,1,2,NA,NA,NA,NA,NA,NA,NA,1,3,1,62.433778155,0,9,0,2,2,1995,1939,1939,1995,48,34,1,18,10,2,5,0,0,0,0,0,0,0,66,66,0,0,0,0,0,0,0,66
3089,1,"3089-1",2,1,2,NA,NA,NA,NA,NA,NA,NA,1,1,1,115.665467066,0,7,7,2,2,2425,9999,2425,9999,19,16,0,10,30,5,5,0,0,0,0,0,0,0,77,78,0,0,0,0,0,0,0,78
3089,2,"3089-2",2,1,2,NA,NA,NA,NA,NA,NA,NA,1,1,1,115.665467066,0,7,0,2,2,9999,9999,2425,9999,27,19,1,10,30,5,5,0,0,0,0,0,0,0,77,78,0,0,0,0,0,0,0,78
3091,1,"3091-1",2,2,5,NA,NA,NA,NA,NA,NA,NA,3,2,1,70.387411016,0,9,9,2,2,1254,1233,1254,1233,33,29,0,17,1,1,7,0,0,0,0,0,0,0,46,12,0,0,0,0,0,0,0,46
3091,2,"3091-2",2,2,5,NA,NA,NA,NA,NA,NA,NA,3,2,1,70.387411016,0,9,0,2,2,1233,1254,1254,1233,48,33,1,17,1,1,7,0,0,0,0,0,0,0,46,12,0,0,0,0,0,0,0,46
3103,1,"3103-1",3,1,2,4,NA,NA,NA,NA,NA,NA,1,1,1,36.279251295,0,9,9,3,3,2715,9999,2715,9999,29,8,0,6,55,1,2,4,0,0,0,0,0,0,56,50,40,0,0,0,0,0,0,56
3103,2,"3103-2",3,1,2,4,NA,NA,NA,NA,NA,NA,1,1,1,36.279251295,1,9,7,3,3,9999,9999,2715,9999,30,29,1,6,55,1,2,4,0,0,0,0,0,0,56,50,40,0,0,0,0,0,0,56
3103,3,"3103-3",3,1,2,4,NA,NA,NA,NA,NA,NA,1,1,1,36.279251295,0,9,0,3,3,9999,2715,2715,9999,48,30,1,6,55,1,2,4,0,0,0,0,0,0,56,50,40,0,0,0,0,0,0,56
3108,2,"3108-2",2,1,2,NA,NA,NA,NA,NA,NA,NA,1,1,1,884.8054547,0,9,9,2,2,1390,1412,1390,1412,31,29,0,17,25,4,1,0,0,0,0,0,0,0,32,43,0,0,0,0,0,0,0,43
3108,3,"3108-3",2,1,2,NA,NA,NA,NA,NA,NA,NA,1,1,1,884.8054547,1,9,7,2,2,1412,1412,1390,1412,32,31,1,17,25,4,1,0,0,0,0,0,0,0,32,43,0,0,0,0,0,0,0,43
3108,4,"3108-4",2,1,2,NA,NA,NA,NA,NA,NA,NA,1,1,1,884.8054547,1,9,7,2,2,1412,1392,1390,1412,32,32,1,17,25,4,1,0,0,0,0,0,0,0,32,43,0,0,0,0,0,0,0,43
3108,5,"3108-5",2,1,2,NA,NA,NA,NA,NA,NA,NA,1,1,1,884.8054547,0,9,0,2,2,1392,1390,1390,1412,48,32,1,17,25,4,1,0,0,0,0,0,0,0,32,43,0,0,0,0,0,0,0,43
3111,1,"3111-1",2,1,2,NA,NA,NA,NA,NA,NA,NA,1,2,1,270.770968316,0,9,9,2,2,1233,1229,1233,1229,36,32,0,18,52,5,5,0,0,0,0,0,0,0,68,65,0,0,0,0,0,0,0,68
3111,2,"3111-2",2,1,2,NA,NA,NA,NA,NA,NA,NA,1,2,1,270.770968316,0,9,0,2,2,1229,1233,1233,1229,48,36,1,18,52,5,5,0,0,0,0,0,0,0,68,65,0,0,0,0,0,0,0,68
3116,1,"3116-1",2,2,3,NA,NA,NA,NA,NA,NA,NA,1,2,1,54.2815856,0,5,5,2,2,2473,2436,2473,2436,24,22,0,13,35,4,1,0,0,0,0,0,0,0,53,57,0,0,0,0,0,0,0,57
3116,2,"3116-2",2,2,3,NA,NA,NA,NA,NA,NA,NA,1,2,1,54.2815856,1,5,8,2,2,2436,2451,2473,2436,28,24,1,13,35,4,1,0,0,0,0,0,0,0,53,57,0,0,0,0,0,0,0,57
3116,3,"3116-3",2,2,3,NA,NA,NA,NA,NA,NA,NA,1,2,1,54.2815856,0,5,0,2,2,2451,2473,2473,2436,48,28,1,13,35,4,1,0,0,0,0,0,0,0,53,57,0,0,0,0,0,0,0,57
3125,1,"3125-1",2,1,2,NA,NA,NA,NA,NA,NA,NA,1,1,1,71.628629619,0,7,7,2,2,2496,2497,2496,2497,14,12,0,8,30,4,4,0,0,0,0,0,0,0,57,58,0,0,0,0,0,0,0,58
3125,2,"3125-2",2,1,2,NA,NA,NA,NA,NA,NA,NA,1,1,1,71.628629619,0,7,0,2,2,2497,2496,2496,2497,24,14,1,8,30,4,4,0,0,0,0,0,0,0,57,58,0,0,0,0,0,0,0,58
3127,3,"3127-3",4,1,2,3,4,NA,NA,NA,NA,NA,3,2,1,148.8186881,0,9,9,3,3,1460,1423,1460,1423,33,31,0,18,4,1,1,8,8,0,0,0,0,0,38,37,4,2,0,0,0,0,0,38
3127,4,"3127-4",4,1,2,3,4,NA,NA,NA,NA,NA,3,2,1,148.8186881,0,9,0,3,3,1423,1460,1460,1423,48,33,1,18,4,1,1,8,8,0,0,0,0,0,38,37,4,2,0,0,0,0,0,38
3128,1,"3128-1",3,1,3,4,NA,NA,NA,NA,NA,NA,3,1,1,259.8687711,0,5,5,3,3,226,248,226,248,19,17,0,11,7,4,4,8,0,0,0,0,0,0,47,27,2,0,0,0,0,0,0,47
3128,2,"3128-2",3,1,3,4,NA,NA,NA,NA,NA,NA,3,1,1,259.8687711,0,5,0,3,3,248,226,226,248,48,19,1,11,7,4,4,8,0,0,0,0,0,0,47,27,2,0,0,0,0,0,0,47
3132,1,"3132-1",2,1,2,NA,NA,NA,NA,NA,NA,NA,1,2,1,90.333740408,0,7,7,2,2,1952,2554,1952,2554,21,17,0,11,5,5,5,0,0,0,0,0,0,0,70,67,0,0,0,0,0,0,0,70
3132,2,"3132-2",2,1,2,NA,NA,NA,NA,NA,NA,NA,1,2,1,90.333740408,0,7,0,2,2,2554,1952,1952,2554,48,21,1,11,5,5,5,0,0,0,0,0,0,0,70,67,0,0,0,0,0,0,0,70
3139,1,"3139-1",2,1,2,NA,NA,NA,NA,NA,NA,NA,1,2,1,50.283583084,0,5,5,2,2,1995,1923,1995,1923,27,23,0,14,0,5,4,0,0,0,0,0,0,0,69,62,0,0,0,0,0,0,0,69
3139,2,"3139-2",2,1,2,NA,NA,NA,NA,NA,NA,NA,1,2,1,50.283583084,0,5,0,2,2,1923,1995,1995,1923,48,27,1,14,0,5,4,0,0,0,0,0,0,0,69,62,0,0,0,0,0,0,0,69
3164,1,"3164-1",2,1,2,NA,NA,NA,NA,NA,NA,NA,1,1,1,21.729290283,1,9,6,2,2,9999,9999,9999,9999,16,15,0,10,0,5,1,0,0,0,0,0,0,0,70,64,0,0,0,0,0,0,0,70
3164,2,"3164-2",2,1,2,NA,NA,NA,NA,NA,NA,NA,1,1,1,21.729290283,0,9,9,2,2,9999,9999,9999,9999,23,16,0,10,0,5,1,0,0,0,0,0,0,0,70,64,0,0,0,0,0,0,0,70
3164,3,"3164-3",2,1,2,NA,NA,NA,NA,NA,NA,NA,1,1,1,21.729290283,1,9,6,2,2,9999,9999,9999,9999,27,23,1,10,0,5,1,0,0,0,0,0,0,0,70,64,0,0,0,0,0,0,0,70
3164,4,"3164-4",2,1,2,NA,NA,NA,NA,NA,NA,NA,1,1,1,21.729290283,0,9,0,2,2,9999,2724,9999,9999,36,27,1,10,0,5,1,0,0,0,0,0,0,0,70,64,0,0,0,0,0,0,0,70
3171,1,"3171-1",2,1,2,NA,NA,NA,NA,NA,NA,NA,1,1,1,55.716823026,1,5,7,2,2,481,718,481,792,20,18,0,11,30,5,5,0,0,0,0,0,0,0,70,74,0,0,0,0,0,0,0,74
3171,2,"3171-2",2,1,2,NA,NA,NA,NA,NA,NA,NA,1,1,1,55.716823026,1,5,6,2,2,718,793,481,792,21,20,0,11,30,5,5,0,0,0,0,0,0,0,70,74,0,0,0,0,0,0,0,74
3171,3,"3171-3",2,1,2,NA,NA,NA,NA,NA,NA,NA,1,1,1,55.716823026,0,5,5,2,2,793,792,481,792,24,21,0,11,30,5,5,0,0,0,0,0,0,0,70,74,0,0,0,0,0,0,0,74
3171,4,"3171-4",2,1,2,NA,NA,NA,NA,NA,NA,NA,1,1,1,55.716823026,0,5,0,2,2,792,481,481,792,48,24,1,11,30,5,5,0,0,0,0,0,0,0,70,74,0,0,0,0,0,0,0,74
3185,6,"3185-6",3,1,3,4,NA,NA,NA,NA,NA,NA,3,3,1,126.9293052,0,9,9,3,3,2363,2176,2363,2176,33,29,0,17,15,4,7,8,0,0,0,0,0,0,42,9,4,0,0,0,0,0,0,42
3185,7,"3185-7",3,1,3,4,NA,NA,NA,NA,NA,NA,3,3,1,126.9293052,0,9,0,3,3,2176,2363,2363,2176,48,33,1,17,15,4,7,8,0,0,0,0,0,0,42,9,4,0,0,0,0,0,0,42
3186,1,"3186-1",2,1,2,NA,NA,NA,NA,NA,NA,NA,1,2,1,81.3876675,0,5,5,2,3,2750,2800,2750,2800,26,25,0,15,0,4,5,0,0,0,0,0,0,0,62,65,0,0,0,0,0,0,0,65
3186,2,"3186-2",2,1,2,NA,NA,NA,NA,NA,NA,NA,1,2,1,81.3876675,1,5,4,2,3,2800,2806,2750,2800,28,26,1,15,0,4,5,0,0,0,0,0,0,0,62,65,0,0,0,0,0,0,0,65
3186,3,"3186-3",2,1,2,NA,NA,NA,NA,NA,NA,NA,1,2,1,81.3876675,0,5,0,3,3,2806,2750,2750,2800,48,28,1,15,0,4,5,0,0,0,0,0,0,0,62,65,0,0,0,0,0,0,0,65
3188,1,"3188-1",2,2,3,NA,NA,NA,NA,NA,NA,NA,1,1,1,542.0856034,0,5,5,3,3,2732,2738,2732,2738,19,18,0,11,40,4,4,0,0,0,0,0,0,0,50,27,0,0,0,0,0,0,0,50
3188,2,"3188-2",2,2,3,NA,NA,NA,NA,NA,NA,NA,1,1,1,542.0856034,0,5,0,3,3,2738,2732,2732,2738,48,19,1,11,40,4,4,0,0,0,0,0,0,0,50,27,0,0,0,0,0,0,0,50
3195,1,"3195-1",2,1,2,NA,NA,NA,NA,NA,NA,NA,1,1,1,18.9469898,0,7,7,2,2,9999,9999,9999,9999,21,18,0,11,35,4,5,0,0,0,0,0,0,0,60,89,0,0,0,0,0,0,0,89
3195,2,"3195-2",2,1,2,NA,NA,NA,NA,NA,NA,NA,1,1,1,18.9469898,0,7,0,2,2,9999,9999,9999,9999,25,21,1,11,35,4,5,0,0,0,0,0,0,0,60,89,0,0,0,0,0,0,0,89
3201,2,"3201-2",2,1,2,NA,NA,NA,NA,NA,NA,NA,1,1,1,143.2952744,0,5,5,2,2,262,225,262,225,16,15,0,10,11,1,4,0,0,0,0,0,0,0,46,22,0,0,0,0,0,0,0,46
3201,3,"3201-3",2,1,2,NA,NA,NA,NA,NA,NA,NA,1,1,1,143.2952744,1,5,7,2,2,225,217,262,225,17,16,1,10,11,1,4,0,0,0,0,0,0,0,46,22,0,0,0,0,0,0,0,46
3201,4,"3201-4",2,1,2,NA,NA,NA,NA,NA,NA,NA,1,1,1,143.2952744,1,5,6,2,2,217,269,262,225,17,17,1,10,11,1,4,0,0,0,0,0,0,0,46,22,0,0,0,0,0,0,0,46
3201,5,"3201-5",2,1,2,NA,NA,NA,NA,NA,NA,NA,1,1,1,143.2952744,1,5,5,2,2,269,266,262,225,18,17,1,10,11,1,4,0,0,0,0,0,0,0,46,22,0,0,0,0,0,0,0,46
3201,6,"3201-6",2,1,2,NA,NA,NA,NA,NA,NA,NA,1,1,1,143.2952744,1,5,6,2,2,266,262,262,225,19,18,1,10,11,1,4,0,0,0,0,0,0,0,46,22,0,0,0,0,0,0,0,46
3201,7,"3201-7",2,1,2,NA,NA,NA,NA,NA,NA,NA,1,1,1,143.2952744,0,5,0,2,2,262,262,262,225,33,19,1,10,11,1,4,0,0,0,0,0,0,0,46,22,0,0,0,0,0,0,0,46
3201,10,"3201-10",2,1,4,NA,NA,NA,NA,NA,NA,NA,3,2,2,143.2952744,1,4,5,3,3,262,286,262,317,34,33,0,19,18,1,6,0,0,0,0,0,0,0,46,17,0,0,0,0,0,0,0,46
3201,11,"3201-11",2,1,4,NA,NA,NA,NA,NA,NA,NA,3,2,2,143.2952744,0,4,4,3,3,286,317,262,317,34,34,0,19,18,1,6,0,0,0,0,0,0,0,46,17,0,0,0,0,0,0,0,46
3201,12,"3201-12",2,1,4,NA,NA,NA,NA,NA,NA,NA,3,2,2,143.2952744,0,4,0,3,3,317,262,262,317,48,34,1,19,18,1,6,0,0,0,0,0,0,0,46,17,0,0,0,0,0,0,0,46
3205,3,"3205-3",2,1,2,NA,NA,NA,NA,NA,NA,NA,1,2,1,76.4389968,1,7,8,3,3,9999,9999,9999,9999,32,28,0,16,34,4,4,0,0,0,0,0,0,0,61,62,0,0,0,0,0,0,0,62
3205,4,"3205-4",2,1,2,NA,NA,NA,NA,NA,NA,NA,1,2,1,76.4389968,0,7,7,2,3,9999,9999,9999,9999,37,32,0,16,34,4,4,0,0,0,0,0,0,0,61,62,0,0,0,0,0,0,0,62
3205,5,"3205-5",2,1,2,NA,NA,NA,NA,NA,NA,NA,1,2,1,76.4389968,1,7,4,3,3,9999,9999,9999,9999,38,37,1,16,34,4,4,0,0,0,0,0,0,0,61,62,0,0,0,0,0,0,0,62
3205,6,"3205-6",2,1,2,NA,NA,NA,NA,NA,NA,NA,1,2,1,76.4389968,0,7,0,2,3,9999,9999,9999,9999,48,38,1,16,34,4,4,0,0,0,0,0,0,0,61,62,0,0,0,0,0,0,0,62
3209,1,"3209-1",2,1,2,NA,NA,NA,NA,NA,NA,NA,1,1,1,35.630287875,0,9,9,2,2,1485,1359,1485,1359,13,10,0,7,45,5,5,0,0,0,0,0,0,0,70,69,0,0,0,0,0,0,0,70
3209,2,"3209-2",2,1,2,NA,NA,NA,NA,NA,NA,NA,1,1,1,35.630287875,0,9,0,2,2,1359,1485,1485,1359,15,13,1,7,45,5,5,0,0,0,0,0,0,0,70,69,0,0,0,0,0,0,0,70
3217,1,"3217-1",2,2,3,NA,NA,NA,NA,NA,NA,NA,1,1,1,858.6255378,0,9,9,1,1,394,302,394,302,12,10,0,7,50,1,4,0,0,0,0,0,0,0,40,40,0,0,0,0,0,0,0,40
3217,2,"3217-2",2,2,3,NA,NA,NA,NA,NA,NA,NA,1,1,1,858.6255378,0,9,0,1,1,302,394,394,302,24,12,1,7,50,1,4,0,0,0,0,0,0,0,40,40,0,0,0,0,0,0,0,40
3217,3,"3217-3",2,2,3,NA,NA,NA,NA,NA,NA,NA,1,2,2,858.6255378,1,5,5,4,4,394,151,394,394,25,24,0,14,45,1,4,0,0,0,0,0,0,0,40,40,0,0,0,0,0,0,0,40
3217,4,"3217-4",2,2,3,NA,NA,NA,NA,NA,NA,NA,1,2,2,858.6255378,0,5,5,4,4,151,394,394,394,25,25,0,14,45,1,4,0,0,0,0,0,0,0,40,40,0,0,0,0,0,0,0,40
3217,5,"3217-5",2,2,3,NA,NA,NA,NA,NA,NA,NA,1,2,2,858.6255378,0,5,0,4,4,394,394,394,394,48,25,1,14,45,1,4,0,0,0,0,0,0,0,40,40,0,0,0,0,0,0,0,40
3224,1,"3224-1",2,1,2,NA,NA,NA,NA,NA,NA,NA,1,1,0,167.157240376,0,NA,5,2,NA,2373,2242,NA,NA,14,13,0,NA,NA,5,5,0,0,0,0,0,0,0,84,83,0,0,0,0,0,0,0,84
3224,2,"3224-2",2,1,2,NA,NA,NA,NA,NA,NA,NA,1,1,0,167.157240376,1,NA,8,2,NA,2242,9999,NA,NA,39,14,1,NA,NA,5,5,0,0,0,0,0,0,0,84,83,0,0,0,0,0,0,0,84
3224,3,"3224-3",2,1,2,NA,NA,NA,NA,NA,NA,NA,1,1,0,167.157240376,0,NA,0,2,NA,9999,2373,NA,NA,48,39,1,NA,NA,5,5,0,0,0,0,0,0,0,84,83,0,0,0,0,0,0,0,84
3234,1,"3234-1",2,1,2,NA,NA,NA,NA,NA,NA,NA,1,1,1,664.323938924,0,5,5,2,2,1947,2018,1947,2018,18,16,0,10,30,4,4,0,0,0,0,0,0,0,60,62,0,0,0,0,0,0,0,62
3234,2,"3234-2",2,1,2,NA,NA,NA,NA,NA,NA,NA,1,1,1,664.323938924,0,5,0,2,2,2018,1947,1947,2018,25,18,1,10,30,4,4,0,0,0,0,0,0,0,60,62,0,0,0,0,0,0,0,62
3242,1,"3242-1",2,1,2,NA,NA,NA,NA,NA,NA,NA,1,5,1,59.756905635,0,9,9,4,4,1390,1390,1390,1390,27,27,0,16,0,2,5,0,0,0,0,0,0,0,74,71,0,0,0,0,0,0,0,74
3242,2,"3242-2",2,1,2,NA,NA,NA,NA,NA,NA,NA,1,5,1,59.756905635,0,9,0,4,4,1390,1390,1390,1390,48,27,1,16,0,2,5,0,0,0,0,0,0,0,74,71,0,0,0,0,0,0,0,74
3244,3,"3244-3",2,1,4,NA,NA,NA,NA,NA,NA,NA,3,4,1,77.676948688,0,9,9,2,2,2339,2405,2339,2405,30,25,0,15,0,2,7,0,0,0,0,0,0,0,51,15,0,0,0,0,0,0,0,51
3244,4,"3244-4",2,1,4,NA,NA,NA,NA,NA,NA,NA,3,4,1,77.676948688,0,9,0,2,2,2405,2339,2339,2405,32,30,1,15,0,2,7,0,0,0,0,0,0,0,51,15,0,0,0,0,0,0,0,51
3249,1,"3249-1",2,1,2,NA,NA,NA,NA,NA,NA,NA,1,1,1,62.537353819,1,9,7,2,2,2453,2453,2453,592,31,29,0,17,15,5,5,0,0,0,0,0,0,0,72,72,0,0,0,0,0,0,0,72
3249,2,"3249-2",2,1,2,NA,NA,NA,NA,NA,NA,NA,1,1,1,62.537353819,0,9,9,2,2,2453,592,2453,592,32,31,0,17,15,5,5,0,0,0,0,0,0,0,72,72,0,0,0,0,0,0,0,72
3249,3,"3249-3",2,1,2,NA,NA,NA,NA,NA,NA,NA,1,1,1,62.537353819,0,9,0,2,2,592,2453,2453,592,48,32,1,17,15,5,5,0,0,0,0,0,0,0,72,72,0,0,0,0,0,0,0,72
3256,1,"3256-1",2,1,2,NA,NA,NA,NA,NA,NA,NA,1,1,1,243.088139344,0,7,7,2,2,2787,2719,2787,2719,15,14,0,9,30,5,5,0,0,0,0,0,0,0,74,76,0,0,0,0,0,0,0,76
3256,2,"3256-2",2,1,2,NA,NA,NA,NA,NA,NA,NA,1,1,1,243.088139344,0,7,0,2,2,2719,2787,2787,2719,48,15,1,9,30,5,5,0,0,0,0,0,0,0,74,76,0,0,0,0,0,0,0,76
3260,1,"3260-1",2,1,2,NA,NA,NA,NA,NA,NA,NA,1,2,1,51.497947506,0,7,7,2,2,2008,1973,2008,1973,25,25,0,15,0,4,4,0,0,0,0,0,0,0,40,40,0,0,0,0,0,0,0,40
3260,2,"3260-2",2,1,2,NA,NA,NA,NA,NA,NA,NA,1,2,1,51.497947506,0,7,0,2,2,1973,2008,2008,1973,48,25,1,15,0,4,4,0,0,0,0,0,0,0,40,40,0,0,0,0,0,0,0,40
3266,1,"3266-1",2,3,4,NA,NA,NA,NA,NA,NA,NA,1,1,1,478.82353134,0,6,6,6,6,2434,2430,2434,2430,22,14,0,9,30,2,4,0,0,0,0,0,0,0,24,22,0,0,0,0,0,0,0,24
3266,2,"3266-2",2,3,4,NA,NA,NA,NA,NA,NA,NA,1,1,1,478.82353134,1,6,5,6,6,2430,2436,2434,2430,26,22,1,9,30,2,4,0,0,0,0,0,0,0,24,22,0,0,0,0,0,0,0,24
3266,3,"3266-3",2,3,4,NA,NA,NA,NA,NA,NA,NA,1,1,1,478.82353134,0,6,0,6,6,2436,2434,2434,2430,48,26,1,9,30,2,4,0,0,0,0,0,0,0,24,22,0,0,0,0,0,0,0,24
3269,3,"3269-3",2,1,2,NA,NA,NA,NA,NA,NA,NA,1,2,1,82.2065416,0,2,2,2,2,2588,2589,2588,2589,31,28,0,16,46,1,3,0,0,0,0,0,0,0,40,35,0,0,0,0,0,0,0,40
3269,4,"3269-4",2,1,2,NA,NA,NA,NA,NA,NA,NA,1,2,1,82.2065416,0,2,0,2,2,2589,2588,2588,2589,48,31,1,16,46,1,3,0,0,0,0,0,0,0,40,35,0,0,0,0,0,0,0,40
3272,1,"3272-1",2,1,3,NA,NA,NA,NA,NA,NA,NA,3,1,1,62.2057624,0,7,7,2,2,1208,1870,1208,1870,25,24,0,14,47,4,8,0,0,0,0,0,0,0,30,2,0,0,0,0,0,0,0,30
3272,2,"3272-2",2,1,3,NA,NA,NA,NA,NA,NA,NA,3,1,1,62.2057624,1,7,7,2,2,1870,1872,1208,1870,25,25,1,14,47,4,8,0,0,0,0,0,0,0,30,2,0,0,0,0,0,0,0,30
3272,3,"3272-3",2,1,3,NA,NA,NA,NA,NA,NA,NA,3,1,1,62.2057624,0,7,0,2,2,1872,1208,1208,1870,29,25,1,14,47,4,8,0,0,0,0,0,0,0,30,2,0,0,0,0,0,0,0,30
3275,1,"3275-1",3,3,4,5,NA,NA,NA,NA,NA,NA,2,1,1,76.2366656,0,3,3,9,9,2535,2530,2535,2530,26,11,0,8,15,7,7,7,0,0,0,0,0,0,10,8,6,0,0,0,0,0,0,10
3275,2,"3275-2",3,3,4,5,NA,NA,NA,NA,NA,NA,2,1,1,76.2366656,0,3,0,9,9,2530,2535,2535,2530,48,26,1,8,15,7,7,7,0,0,0,0,0,0,10,8,6,0,0,0,0,0,0,10
3283,1,"3283-1",2,1,2,NA,NA,NA,NA,NA,NA,NA,1,1,1,189.9278209,1,6,5,3,3,2434,2444,2434,2430,19,18,0,11,45,4,4,0,0,0,0,0,0,0,43,33,0,0,0,0,0,0,0,43
3283,2,"3283-2",2,1,2,NA,NA,NA,NA,NA,NA,NA,1,1,1,189.9278209,1,6,7,3,3,2444,2444,2434,2430,20,19,0,11,45,4,4,0,0,0,0,0,0,0,43,33,0,0,0,0,0,0,0,43
3283,3,"3283-3",2,1,2,NA,NA,NA,NA,NA,NA,NA,1,1,1,189.9278209,0,6,6,3,3,2444,2430,2434,2430,22,20,0,11,45,4,4,0,0,0,0,0,0,0,43,33,0,0,0,0,0,0,0,43
3283,4,"3283-4",2,1,2,NA,NA,NA,NA,NA,NA,NA,1,1,1,189.9278209,0,6,0,3,3,2430,2434,2434,2430,26,22,1,11,45,4,4,0,0,0,0,0,0,0,43,33,0,0,0,0,0,0,0,43
3283,5,"3283-5",2,1,2,NA,NA,NA,NA,NA,NA,NA,1,3,2,189.9278209,0,9,9,3,3,2434,2432,2434,2432,38,31,0,18,26,4,4,0,0,0,0,0,0,0,43,33,0,0,0,0,0,0,0,43
3283,6,"3283-6",2,1,2,NA,NA,NA,NA,NA,NA,NA,1,3,2,189.9278209,0,9,0,2,3,2432,2434,2434,2432,48,38,1,18,26,4,4,0,0,0,0,0,0,0,43,33,0,0,0,0,0,0,0,43
3286,1,"3286-1",2,3,4,NA,NA,NA,NA,NA,NA,NA,2,1,1,108.878386624,0,3,3,2,2,2009,2005,2009,2005,25,10,0,7,30,6,7,0,0,0,0,0,0,0,17,14,0,0,0,0,0,0,0,17
3286,2,"3286-2",2,3,4,NA,NA,NA,NA,NA,NA,NA,2,1,1,108.878386624,0,3,0,2,2,2005,2009,2009,2005,26,25,1,7,30,6,7,0,0,0,0,0,0,0,17,14,0,0,0,0,0,0,0,17
3286,3,"3286-3",2,3,4,NA,NA,NA,NA,NA,NA,NA,2,2,2,108.878386624,0,9,9,2,2,2009,2003,2009,2003,31,26,0,15,40,6,7,0,0,0,0,0,0,0,17,14,0,0,0,0,0,0,0,17
3286,4,"3286-4",2,3,4,NA,NA,NA,NA,NA,NA,NA,2,2,2,108.878386624,1,9,9,2,2,2003,2009,2009,2003,36,31,1,15,40,6,7,0,0,0,0,0,0,0,17,14,0,0,0,0,0,0,0,17
3286,5,"3286-5",2,3,4,NA,NA,NA,NA,NA,NA,NA,2,2,2,108.878386624,0,9,0,2,2,2009,2009,2009,2003,48,36,1,15,40,6,7,0,0,0,0,0,0,0,17,14,0,0,0,0,0,0,0,17
3290,3,"3290-3",2,1,2,NA,NA,NA,NA,NA,NA,NA,1,2,1,407.936764189,0,7,7,2,2,410,1742,410,1742,35,32,0,18,50,5,2,0,0,0,0,0,0,0,68,68,0,0,0,0,0,0,0,68
3290,4,"3290-4",2,1,2,NA,NA,NA,NA,NA,NA,NA,1,2,1,407.936764189,0,7,0,2,2,1742,410,410,1742,48,35,1,18,50,5,2,0,0,0,0,0,0,0,68,68,0,0,0,0,0,0,0,68
3299,1,"3299-1",2,1,2,NA,NA,NA,NA,NA,NA,NA,1,1,1,115.389383473,0,9,9,2,2,2711,2765,2711,2765,22,14,0,9,30,5,5,0,0,0,0,0,0,0,76,79,0,0,0,0,0,0,0,79
3299,2,"3299-2",2,1,2,NA,NA,NA,NA,NA,NA,NA,1,1,1,115.389383473,1,9,6,2,2,2765,2765,2711,2765,23,22,1,9,30,5,5,0,0,0,0,0,0,0,76,79,0,0,0,0,0,0,0,79
3299,3,"3299-3",2,1,2,NA,NA,NA,NA,NA,NA,NA,1,1,1,115.389383473,0,9,0,2,2,2765,2711,2711,2765,23,23,1,9,30,5,5,0,0,0,0,0,0,0,76,79,0,0,0,0,0,0,0,79
3299,4,"3299-4",2,1,2,NA,NA,NA,NA,NA,NA,NA,1,2,2,115.389383473,0,4,4,2,2,2711,2733,2711,2733,24,23,0,14,15,5,5,0,0,0,0,0,0,0,76,79,0,0,0,0,0,0,0,79
3299,5,"3299-5",2,1,2,NA,NA,NA,NA,NA,NA,NA,1,2,2,115.389383473,0,4,0,2,2,2733,2711,2711,2733,48,24,1,14,15,5,5,0,0,0,0,0,0,0,76,79,0,0,0,0,0,0,0,79
3303,1,"3303-1",2,1,3,NA,NA,NA,NA,NA,NA,NA,3,1,1,1154.5624267,0,9,9,2,2,2011,1909,2011,1909,31,25,0,15,0,4,8,0,0,0,0,0,0,0,39,3,0,0,0,0,0,0,0,39
3303,2,"3303-2",2,1,3,NA,NA,NA,NA,NA,NA,NA,3,1,1,1154.5624267,1,9,8,2,2,1909,1924,2011,1909,33,31,1,15,0,4,8,0,0,0,0,0,0,0,39,3,0,0,0,0,0,0,0,39
3303,3,"3303-3",2,1,3,NA,NA,NA,NA,NA,NA,NA,3,1,1,1154.5624267,0,9,0,2,2,1924,2011,2011,1909,48,33,1,15,0,4,8,0,0,0,0,0,0,0,39,3,0,0,0,0,0,0,0,39
3309,3,"3309-3",4,1,2,3,4,NA,NA,NA,NA,NA,3,2,2,27.34787174,0,5,5,3,3,2497,2501,2497,2501,29,28,0,16,30,1,7,7,7,0,0,0,0,0,61,10,8,6,0,0,0,0,0,61
3309,4,"3309-4",4,1,2,3,4,NA,NA,NA,NA,NA,3,2,2,27.34787174,0,5,0,3,3,2501,2497,2497,2501,48,29,1,16,30,1,7,7,7,0,0,0,0,0,61,10,8,6,0,0,0,0,0,61
3309,1,"3309-1",3,2,3,4,NA,NA,NA,NA,NA,NA,2,1,1,28.8872095,0,3,3,9,9,2497,2501,2497,2501,25,10,0,7,45,7,7,7,0,0,0,0,0,0,10,8,6,0,0,0,0,0,0,10
3309,2,"3309-2",3,2,3,4,NA,NA,NA,NA,NA,NA,2,1,1,28.8872095,0,3,0,9,9,2501,2497,2497,2501,28,25,1,7,45,7,7,7,0,0,0,0,0,0,10,8,6,0,0,0,0,0,0,10
3310,1,"3310-1",2,1,2,NA,NA,NA,NA,NA,NA,NA,1,2,1,347.176036141,0,7,7,2,2,1203,1185,1203,1185,31,30,0,17,45,4,5,0,0,0,0,0,0,0,63,65,0,0,0,0,0,0,0,65
3310,2,"3310-2",2,1,2,NA,NA,NA,NA,NA,NA,NA,1,2,1,347.176036141,0,7,0,2,2,1185,1203,1203,1185,48,31,1,17,45,4,5,0,0,0,0,0,0,0,63,65,0,0,0,0,0,0,0,65
3318,1,"3318-1",2,1,5,NA,NA,NA,NA,NA,NA,NA,3,1,1,564.9693086,0,8,8,2,2,899,872,899,872,16,13,0,9,3,3,8,0,0,0,0,0,0,0,36,3,0,0,0,0,0,0,0,36
3318,2,"3318-2",2,1,5,NA,NA,NA,NA,NA,NA,NA,3,1,1,564.9693086,0,8,0,2,2,872,899,899,872,17,16,1,9,3,3,8,0,0,0,0,0,0,0,36,3,0,0,0,0,0,0,0,36
3321,1,"3321-1",2,1,2,NA,NA,NA,NA,NA,NA,NA,1,1,1,250.646535615,1,5,7,3,3,638,644,638,540,19,17,0,11,0,2,2,0,0,0,0,0,0,0,51,61,0,0,0,0,0,0,0,61
3321,2,"3321-2",2,1,2,NA,NA,NA,NA,NA,NA,NA,1,1,1,250.646535615,1,5,6,3,3,644,567,638,540,19,19,0,11,0,2,2,0,0,0,0,0,0,0,51,61,0,0,0,0,0,0,0,61
3321,3,"3321-3",2,1,2,NA,NA,NA,NA,NA,NA,NA,1,1,1,250.646535615,0,5,5,3,3,567,540,638,540,21,19,0,11,0,2,2,0,0,0,0,0,0,0,51,61,0,0,0,0,0,0,0,61
3321,4,"3321-4",2,1,2,NA,NA,NA,NA,NA,NA,NA,1,1,1,250.646535615,1,5,5,3,3,540,512,638,540,23,21,1,11,0,2,2,0,0,0,0,0,0,0,51,61,0,0,0,0,0,0,0,61
3321,5,"3321-5",2,1,2,NA,NA,NA,NA,NA,NA,NA,1,1,1,250.646535615,1,5,5,3,3,512,559,638,540,24,23,1,11,0,2,2,0,0,0,0,0,0,0,51,61,0,0,0,0,0,0,0,61
3321,6,"3321-6",2,1,2,NA,NA,NA,NA,NA,NA,NA,1,1,1,250.646535615,0,5,0,3,3,559,638,638,540,48,24,1,11,0,2,2,0,0,0,0,0,0,0,51,61,0,0,0,0,0,0,0,61
3324,1,"3324-1",2,1,2,NA,NA,NA,NA,NA,NA,NA,1,1,1,124.3645632,0,8,8,2,2,2505,2509,2505,2509,24,17,0,11,0,4,4,0,0,0,0,0,0,0,56,53,0,0,0,0,0,0,0,56
3324,2,"3324-2",2,1,2,NA,NA,NA,NA,NA,NA,NA,1,1,1,124.3645632,0,8,0,2,2,2509,2505,2505,2509,29,24,1,11,0,4,4,0,0,0,0,0,0,0,56,53,0,0,0,0,0,0,0,56
3324,3,"3324-3",2,1,2,NA,NA,NA,NA,NA,NA,NA,1,2,2,124.3645632,1,9,6,2,2,2505,2505,2505,2505,33,29,0,17,0,4,4,0,0,0,0,0,0,0,56,53,0,0,0,0,0,0,0,56
3324,4,"3324-4",2,1,2,NA,NA,NA,NA,NA,NA,NA,1,2,2,124.3645632,1,9,7,2,2,2505,2497,2505,2505,36,33,0,17,0,4,4,0,0,0,0,0,0,0,56,53,0,0,0,0,0,0,0,56
3324,5,"3324-5",2,1,2,NA,NA,NA,NA,NA,NA,NA,1,2,2,124.3645632,0,9,9,2,2,2497,2505,2505,2505,48,36,0,17,0,4,4,0,0,0,0,0,0,0,56,53,0,0,0,0,0,0,0,56
3325,1,"3325-1",2,1,2,NA,NA,NA,NA,NA,NA,NA,1,1,1,98.3650529,0,6,6,2,2,282,800,282,800,33,33,0,19,0,3,1,0,0,0,0,0,0,0,18,46,0,0,0,0,0,0,0,46
3325,2,"3325-2",2,1,2,NA,NA,NA,NA,NA,NA,NA,1,1,1,98.3650529,0,6,0,2,2,800,282,282,800,48,33,1,19,0,3,1,0,0,0,0,0,0,0,18,46,0,0,0,0,0,0,0,46
3333,1,"3333-1",2,3,4,NA,NA,NA,NA,NA,NA,NA,2,1,1,313.066566064,0,3,3,2,2,2411,2346,2411,2346,25,9,0,7,20,6,6,0,0,0,0,0,0,0,17,16,0,0,0,0,0,0,0,17
3333,2,"3333-2",2,3,4,NA,NA,NA,NA,NA,NA,NA,2,1,1,313.066566064,1,3,6,2,2,2346,2345,2411,2346,26,25,1,7,20,6,6,0,0,0,0,0,0,0,17,16,0,0,0,0,0,0,0,17
3333,3,"3333-3",2,3,4,NA,NA,NA,NA,NA,NA,NA,2,1,1,313.066566064,0,3,0,2,2,2345,2411,2411,2346,48,26,1,7,20,6,6,0,0,0,0,0,0,0,17,16,0,0,0,0,0,0,0,17
3336,1,"3336-1",2,1,2,NA,NA,NA,NA,NA,NA,NA,1,2,1,98.471969367,1,5,6,2,2,2434,2434,2434,2436,19,18,0,11,45,5,4,0,0,0,0,0,0,0,66,61,0,0,0,0,0,0,0,66
3336,2,"3336-2",2,1,2,NA,NA,NA,NA,NA,NA,NA,1,2,1,98.471969367,0,5,5,2,2,2434,2436,2434,2436,20,19,0,11,45,5,4,0,0,0,0,0,0,0,66,61,0,0,0,0,0,0,0,66
3336,3,"3336-3",2,1,2,NA,NA,NA,NA,NA,NA,NA,1,2,1,98.471969367,1,5,5,2,2,2436,2432,2434,2436,20,20,1,11,45,5,4,0,0,0,0,0,0,0,66,61,0,0,0,0,0,0,0,66
3336,4,"3336-4",2,1,2,NA,NA,NA,NA,NA,NA,NA,1,2,1,98.471969367,0,5,0,2,2,2432,2434,2434,2436,48,20,1,11,45,5,4,0,0,0,0,0,0,0,66,61,0,0,0,0,0,0,0,66
3339,1,"3339-1",2,1,2,NA,NA,NA,NA,NA,NA,NA,1,2,1,53.5248035,0,5,5,2,2,2021,2018,2021,2018,42,40,0,22,30,3,1,0,0,0,0,0,0,0,21,50,0,0,0,0,0,0,0,50
3339,2,"3339-2",2,1,2,NA,NA,NA,NA,NA,NA,NA,1,2,1,53.5248035,0,5,0,2,2,2018,2021,2021,2018,48,42,1,22,30,3,1,0,0,0,0,0,0,0,21,50,0,0,0,0,0,0,0,50
3357,1,"3357-1",2,1,3,NA,NA,NA,NA,NA,NA,NA,3,1,1,62.2057624,1,5,6,2,2,1483,1482,1483,1481,32,32,0,18,31,4,8,0,0,0,0,0,0,0,35,2,0,0,0,0,0,0,0,35
3357,2,"3357-2",2,1,3,NA,NA,NA,NA,NA,NA,NA,3,1,1,62.2057624,0,5,5,2,2,1482,1481,1483,1481,33,32,0,18,31,4,8,0,0,0,0,0,0,0,35,2,0,0,0,0,0,0,0,35
3357,3,"3357-3",2,1,3,NA,NA,NA,NA,NA,NA,NA,3,1,1,62.2057624,0,5,0,2,2,1481,1483,1483,1481,48,33,1,18,31,4,8,0,0,0,0,0,0,0,35,2,0,0,0,0,0,0,0,35
3369,1,"3369-1",2,1,2,NA,NA,NA,NA,NA,NA,NA,1,1,1,66.825820934,0,5,5,2,2,1490,1496,1490,1496,17,15,0,10,0,3,5,0,0,0,0,0,0,0,84,86,0,0,0,0,0,0,0,86
3369,2,"3369-2",2,1,2,NA,NA,NA,NA,NA,NA,NA,1,1,1,66.825820934,1,5,5,2,2,1496,1561,1490,1496,18,17,1,10,0,3,5,0,0,0,0,0,0,0,84,86,0,0,0,0,0,0,0,86
3369,3,"3369-3",2,1,2,NA,NA,NA,NA,NA,NA,NA,1,1,1,66.825820934,0,5,0,2,2,1561,1490,1490,1496,21,18,1,10,0,3,5,0,0,0,0,0,0,0,84,86,0,0,0,0,0,0,0,86
3372,1,"3372-1",2,2,3,NA,NA,NA,NA,NA,NA,NA,3,1,1,199.9767128,1,5,5,2,2,2769,2738,2769,2733,19,18,0,11,55,4,8,0,0,0,0,0,0,0,26,0,0,0,0,0,0,0,0,26
3372,2,"3372-2",2,2,3,NA,NA,NA,NA,NA,NA,NA,3,1,1,199.9767128,1,5,5,2,2,2738,2734,2769,2733,20,19,0,11,55,4,8,0,0,0,0,0,0,0,26,0,0,0,0,0,0,0,0,26
3372,3,"3372-3",2,2,3,NA,NA,NA,NA,NA,NA,NA,3,1,1,199.9767128,0,5,5,2,2,2734,2733,2769,2733,22,20,0,11,55,4,8,0,0,0,0,0,0,0,26,0,0,0,0,0,0,0,0,26
3372,4,"3372-4",2,2,3,NA,NA,NA,NA,NA,NA,NA,3,1,1,199.9767128,0,5,0,2,2,2733,2769,2769,2733,48,22,1,11,55,4,8,0,0,0,0,0,0,0,26,0,0,0,0,0,0,0,0,26
3373,1,"3373-1",2,1,2,NA,NA,NA,NA,NA,NA,NA,1,2,1,63.095368855,0,5,5,2,2,1277,1623,1277,1623,24,22,0,13,30,5,5,0,0,0,0,0,0,0,71,70,0,0,0,0,0,0,0,71
3373,2,"3373-2",2,1,2,NA,NA,NA,NA,NA,NA,NA,1,2,1,63.095368855,0,5,0,2,2,1623,1277,1277,1623,25,24,1,13,30,5,5,0,0,0,0,0,0,0,71,70,0,0,0,0,0,0,0,71
3374,1,"3374-1",2,1,2,NA,NA,NA,NA,NA,NA,NA,1,4,1,91.72014705,0,9,9,2,2,2261,2127,2261,2127,34,30,0,17,45,2,1,0,0,0,0,0,0,0,40,40,0,0,0,0,0,0,0,40
3374,2,"3374-2",2,1,2,NA,NA,NA,NA,NA,NA,NA,1,4,1,91.72014705,0,9,0,2,2,2127,2261,2261,2127,48,34,1,17,45,2,1,0,0,0,0,0,0,0,40,40,0,0,0,0,0,0,0,40
3375,1,"3375-1",2,1,2,NA,NA,NA,NA,NA,NA,NA,1,2,1,55.073070443,0,5,5,2,2,1277,1623,1277,1623,21,20,0,12,45,5,5,0,0,0,0,0,0,0,80,72,0,0,0,0,0,0,0,80
3375,2,"3375-2",2,1,2,NA,NA,NA,NA,NA,NA,NA,1,2,1,55.073070443,1,5,5,2,2,1623,1621,1277,1623,22,21,1,12,45,5,5,0,0,0,0,0,0,0,80,72,0,0,0,0,0,0,0,80
3375,3,"3375-3",2,1,2,NA,NA,NA,NA,NA,NA,NA,1,2,1,55.073070443,0,5,0,2,2,1621,1277,1277,1623,27,22,1,12,45,5,5,0,0,0,0,0,0,0,80,72,0,0,0,0,0,0,0,80
3375,4,"3375-4",2,1,2,NA,NA,NA,NA,NA,NA,NA,1,3,2,55.073070443,1,9,9,2,2,1277,1135,1277,982,31,27,0,16,15,5,5,0,0,0,0,0,0,0,80,72,0,0,0,0,0,0,0,80
3375,5,"3375-5",2,1,2,NA,NA,NA,NA,NA,NA,NA,1,3,2,55.073070443,0,9,9,2,2,1135,982,1277,982,36,31,0,16,15,5,5,0,0,0,0,0,0,0,80,72,0,0,0,0,0,0,0,80
3375,6,"3375-6",2,1,2,NA,NA,NA,NA,NA,NA,NA,1,3,2,55.073070443,0,9,0,2,2,982,1277,1277,982,48,36,1,16,15,5,5,0,0,0,0,0,0,0,80,72,0,0,0,0,0,0,0,80
3376,3,"3376-3",4,1,2,3,4,NA,NA,NA,NA,NA,3,4,1,99.119434776,0,7,7,3,3,1463,1446,1463,1446,33,28,0,16,45,2,1,7,7,0,0,0,0,0,35,47,12,6,0,0,0,0,0,47
3376,4,"3376-4",4,1,2,3,4,NA,NA,NA,NA,NA,3,4,1,99.119434776,0,7,0,3,3,1446,1463,1463,1446,48,33,1,16,45,2,1,7,7,0,0,0,0,0,35,47,12,6,0,0,0,0,0,47
3382,1,"3382-1",2,1,2,NA,NA,NA,NA,NA,NA,NA,1,1,1,115.665467066,0,6,6,2,2,2508,2446,2508,2446,22,21,0,13,10,5,5,0,0,0,0,0,0,0,85,85,0,0,0,0,0,0,0,85
3382,2,"3382-2",2,1,2,NA,NA,NA,NA,NA,NA,NA,1,1,1,115.665467066,0,6,0,2,2,2446,2508,2508,2446,24,22,1,13,10,5,5,0,0,0,0,0,0,0,85,85,0,0,0,0,0,0,0,85
3382,3,"3382-3",2,1,2,NA,NA,NA,NA,NA,NA,NA,1,2,2,115.665467066,0,5,5,2,2,2508,2505,2508,2505,25,24,0,14,53,5,5,0,0,0,0,0,0,0,85,85,0,0,0,0,0,0,0,85
3382,4,"3382-4",2,1,2,NA,NA,NA,NA,NA,NA,NA,1,2,2,115.665467066,0,5,0,2,2,2505,2508,2508,2505,48,25,1,14,53,5,5,0,0,0,0,0,0,0,85,85,0,0,0,0,0,0,0,85
3386,1,"3386-1",2,1,2,NA,NA,NA,NA,NA,NA,NA,1,1,1,191.92052271,0,9,9,2,2,423,448,423,448,8,6,0,5,30,2,1,0,0,0,0,0,0,0,80,41,0,0,0,0,0,0,0,80
3386,2,"3386-2",2,1,2,NA,NA,NA,NA,NA,NA,NA,1,1,1,191.92052271,0,9,0,2,2,448,423,423,448,13,8,1,5,30,2,1,0,0,0,0,0,0,0,80,41,0,0,0,0,0,0,0,80
3387,1,"3387-1",2,1,2,NA,NA,NA,NA,NA,NA,NA,1,1,1,102.316218754,0,9,9,2,2,1281,1284,1281,1284,12,12,0,8,30,4,4,0,0,0,0,0,0,0,62,63,0,0,0,0,0,0,0,63
3387,2,"3387-2",2,1,2,NA,NA,NA,NA,NA,NA,NA,1,1,1,102.316218754,0,9,0,2,2,1284,1281,1281,1284,48,12,1,8,30,4,4,0,0,0,0,0,0,0,62,63,0,0,0,0,0,0,0,63
3395,1,"3395-1",2,1,2,NA,NA,NA,NA,NA,NA,NA,1,2,1,146.773528606,0,6,6,2,2,2516,2516,2516,2516,23,22,0,13,45,5,5,0,0,0,0,0,0,0,78,81,0,0,0,0,0,0,0,81
3395,2,"3395-2",2,1,2,NA,NA,NA,NA,NA,NA,NA,1,2,1,146.773528606,0,6,0,2,2,2516,2516,2516,2516,48,23,1,13,45,5,5,0,0,0,0,0,0,0,78,81,0,0,0,0,0,0,0,81
3402,1,"3402-1",2,1,2,NA,NA,NA,NA,NA,NA,NA,1,3,1,356.656435292,0,6,6,2,2,2016,1848,2016,1848,25,21,0,13,10,5,4,0,0,0,0,0,0,0,65,63,0,0,0,0,0,0,0,65
3402,2,"3402-2",2,1,2,NA,NA,NA,NA,NA,NA,NA,1,3,1,356.656435292,1,6,7,2,2,1848,1837,2016,1848,29,25,1,13,10,5,4,0,0,0,0,0,0,0,65,63,0,0,0,0,0,0,0,65
3402,3,"3402-3",2,1,2,NA,NA,NA,NA,NA,NA,NA,1,3,1,356.656435292,0,6,0,2,2,1837,2016,2016,1848,48,29,1,13,10,5,4,0,0,0,0,0,0,0,65,63,0,0,0,0,0,0,0,65
3404,1,"3404-1",2,1,2,NA,NA,NA,NA,NA,NA,NA,1,1,1,659.0771814,1,6,6,2,2,1486,1485,1486,1349,15,14,0,9,30,5,5,0,0,0,0,0,0,0,73,73,0,0,0,0,0,0,0,73
3404,2,"3404-2",2,1,2,NA,NA,NA,NA,NA,NA,NA,1,1,1,659.0771814,1,6,7,2,2,1485,1354,1486,1349,18,15,0,9,30,5,5,0,0,0,0,0,0,0,73,73,0,0,0,0,0,0,0,73
3404,3,"3404-3",2,1,2,NA,NA,NA,NA,NA,NA,NA,1,1,1,659.0771814,0,6,6,2,2,1354,1349,1486,1349,20,18,0,9,30,5,5,0,0,0,0,0,0,0,73,73,0,0,0,0,0,0,0,73
3404,4,"3404-4",2,1,2,NA,NA,NA,NA,NA,NA,NA,1,1,1,659.0771814,0,6,0,2,2,1349,1486,1486,1349,32,20,1,9,30,5,5,0,0,0,0,0,0,0,73,73,0,0,0,0,0,0,0,73
3406,1,"3406-1",2,1,2,NA,NA,NA,NA,NA,NA,NA,1,1,1,122.282322421,1,5,5,2,2,2516,9999,2516,9999,15,14,0,9,50,5,5,0,0,0,0,0,0,0,70,74,0,0,0,0,0,0,0,74
3406,2,"3406-2",2,1,2,NA,NA,NA,NA,NA,NA,NA,1,1,1,122.282322421,1,5,5,2,2,9999,9999,2516,9999,17,15,0,9,50,5,5,0,0,0,0,0,0,0,70,74,0,0,0,0,0,0,0,74
3406,3,"3406-3",2,1,2,NA,NA,NA,NA,NA,NA,NA,1,1,1,122.282322421,1,5,6,2,2,9999,9999,2516,9999,18,17,0,9,50,5,5,0,0,0,0,0,0,0,70,74,0,0,0,0,0,0,0,74
3406,4,"3406-4",2,1,2,NA,NA,NA,NA,NA,NA,NA,1,1,1,122.282322421,1,5,7,2,2,9999,9999,2516,9999,19,18,0,9,50,5,5,0,0,0,0,0,0,0,70,74,0,0,0,0,0,0,0,74
3406,5,"3406-5",2,1,2,NA,NA,NA,NA,NA,NA,NA,1,1,1,122.282322421,0,5,5,2,2,9999,9999,2516,9999,21,19,0,9,50,5,5,0,0,0,0,0,0,0,70,74,0,0,0,0,0,0,0,74
3406,6,"3406-6",2,1,2,NA,NA,NA,NA,NA,NA,NA,1,1,1,122.282322421,0,5,0,2,2,9999,2516,2516,9999,48,21,1,9,50,5,5,0,0,0,0,0,0,0,70,74,0,0,0,0,0,0,0,74
3411,1,"3411-1",2,1,2,NA,NA,NA,NA,NA,NA,NA,1,1,1,95.1233426,0,6,6,2,2,2024,2025,2024,2025,15,15,0,10,15,4,2,0,0,0,0,0,0,0,62,61,0,0,0,0,0,0,0,62
3411,2,"3411-2",2,1,2,NA,NA,NA,NA,NA,NA,NA,1,1,1,95.1233426,0,6,0,2,2,2025,2024,2024,2025,17,15,1,10,15,4,2,0,0,0,0,0,0,0,62,61,0,0,0,0,0,0,0,62
3414,1,"3414-1",2,1,2,NA,NA,NA,NA,NA,NA,NA,1,2,1,368.6423195,1,5,7,2,2,1250,1291,1250,1291,21,19,0,12,5,4,4,0,0,0,0,0,0,0,59,64,0,0,0,0,0,0,0,64
3414,2,"3414-2",2,1,2,NA,NA,NA,NA,NA,NA,NA,1,2,1,368.6423195,0,5,5,2,2,1291,1291,1250,1291,25,21,0,12,5,4,4,0,0,0,0,0,0,0,59,64,0,0,0,0,0,0,0,64
3414,3,"3414-3",2,1,2,NA,NA,NA,NA,NA,NA,NA,1,2,1,368.6423195,0,5,0,2,2,1291,1250,1250,1291,29,25,1,12,5,4,4,0,0,0,0,0,0,0,59,64,0,0,0,0,0,0,0,64
3414,4,"3414-4",2,1,2,NA,NA,NA,NA,NA,NA,NA,1,3,2,368.6423195,0,5,5,2,2,1250,984,1250,984,33,29,0,17,20,4,4,0,0,0,0,0,0,0,59,64,0,0,0,0,0,0,0,64
3414,5,"3414-5",2,1,2,NA,NA,NA,NA,NA,NA,NA,1,3,2,368.6423195,1,5,8,2,2,984,1099,1250,984,36,33,1,17,20,4,4,0,0,0,0,0,0,0,59,64,0,0,0,0,0,0,0,64
3414,6,"3414-6",2,1,2,NA,NA,NA,NA,NA,NA,NA,1,3,2,368.6423195,0,5,0,2,2,1099,1250,1250,984,48,36,1,17,20,4,4,0,0,0,0,0,0,0,59,64,0,0,0,0,0,0,0,64
3419,3,"3419-3",3,1,2,3,NA,NA,NA,NA,NA,NA,1,3,1,63.0413196,0,7,7,3,3,2503,2451,2503,2451,37,32,0,18,35,4,1,3,0,0,0,0,0,0,48,51,23,0,0,0,0,0,0,51
3419,4,"3419-4",3,1,2,3,NA,NA,NA,NA,NA,NA,1,3,1,63.0413196,0,7,0,3,3,2451,2503,2503,2451,48,37,1,18,35,4,1,3,0,0,0,0,0,0,48,51,23,0,0,0,0,0,0,51
3419,5,"3419-5",2,2,4,NA,NA,NA,NA,NA,NA,NA,1,3,2,71.619050876,1,6,6,2,2,2503,2496,2503,2504,38,37,0,21,20,1,1,0,0,0,0,0,0,0,51,21,0,0,0,0,0,0,0,51
3419,6,"3419-6",2,2,4,NA,NA,NA,NA,NA,NA,NA,1,3,2,71.619050876,0,6,6,2,2,2496,2504,2503,2504,38,38,0,21,20,1,1,0,0,0,0,0,0,0,51,21,0,0,0,0,0,0,0,51
3419,7,"3419-7",2,2,4,NA,NA,NA,NA,NA,NA,NA,1,3,2,71.619050876,0,6,0,2,2,2504,2503,2503,2504,48,38,1,21,20,1,1,0,0,0,0,0,0,0,51,21,0,0,0,0,0,0,0,51
3420,1,"3420-1",2,1,2,NA,NA,NA,NA,NA,NA,NA,1,1,1,37.930050753,0,6,6,2,2,2516,2514,2516,2514,14,12,0,8,50,5,5,0,0,0,0,0,0,0,80,81,0,0,0,0,0,0,0,81
3420,2,"3420-2",2,1,2,NA,NA,NA,NA,NA,NA,NA,1,1,1,37.930050753,0,6,0,2,2,2514,2516,2516,2514,21,14,1,8,50,5,5,0,0,0,0,0,0,0,80,81,0,0,0,0,0,0,0,81
3420,3,"3420-3",2,1,2,NA,NA,NA,NA,NA,NA,NA,1,2,2,37.930050753,1,5,6,2,2,2516,9999,2516,9999,23,21,0,13,16,5,5,0,0,0,0,0,0,0,80,81,0,0,0,0,0,0,0,81
3420,4,"3420-4",2,1,2,NA,NA,NA,NA,NA,NA,NA,1,2,2,37.930050753,0,5,5,2,2,9999,9999,2516,9999,25,23,0,13,16,5,5,0,0,0,0,0,0,0,80,81,0,0,0,0,0,0,0,81
3420,5,"3420-5",2,1,2,NA,NA,NA,NA,NA,NA,NA,1,2,2,37.930050753,0,5,0,2,2,9999,2516,2516,9999,48,25,1,13,16,5,5,0,0,0,0,0,0,0,80,81,0,0,0,0,0,0,0,81
3426,1,"3426-1",2,1,2,NA,NA,NA,NA,NA,NA,NA,1,1,1,91.425990285,0,6,6,2,2,1273,1590,1273,1590,22,18,0,11,48,1,4,0,0,0,0,0,0,0,56,55,0,0,0,0,0,0,0,56
3426,2,"3426-2",2,1,2,NA,NA,NA,NA,NA,NA,NA,1,1,1,91.425990285,0,6,0,2,2,1590,1273,1273,1590,28,22,1,11,48,1,4,0,0,0,0,0,0,0,56,55,0,0,0,0,0,0,0,56
3426,3,"3426-3",2,2,3,NA,NA,NA,NA,NA,NA,NA,1,3,2,107.3858806,0,6,6,3,3,1273,1623,1273,1623,25,24,0,14,32,4,3,0,0,0,0,0,0,0,55,19,0,0,0,0,0,0,0,55
3426,4,"3426-4",2,2,3,NA,NA,NA,NA,NA,NA,NA,1,3,2,107.3858806,1,6,5,3,3,1623,1272,1273,1623,26,25,1,14,32,4,3,0,0,0,0,0,0,0,55,19,0,0,0,0,0,0,0,55
3426,5,"3426-5",2,2,3,NA,NA,NA,NA,NA,NA,NA,1,3,2,107.3858806,0,6,0,3,3,1272,1273,1273,1623,48,26,1,14,32,4,3,0,0,0,0,0,0,0,55,19,0,0,0,0,0,0,0,55
3430,4,"3430-4",2,2,5,NA,NA,NA,NA,NA,NA,NA,3,3,1,159.50468292,0,9,9,2,2,1652,1659,1652,1659,32,30,0,17,35,1,7,0,0,0,0,0,0,0,48,7,0,0,0,0,0,0,0,48
3430,5,"3430-5",2,2,5,NA,NA,NA,NA,NA,NA,NA,3,3,1,159.50468292,0,9,0,2,2,1659,1652,1652,1659,48,32,1,17,35,1,7,0,0,0,0,0,0,0,48,7,0,0,0,0,0,0,0,48
3434,1,"3434-1",2,3,4,NA,NA,NA,NA,NA,NA,NA,2,1,1,325.779016192,0,3,3,2,2,2516,9999,2516,9999,25,9,0,7,15,6,7,0,0,0,0,0,0,0,16,14,0,0,0,0,0,0,0,16
3434,2,"3434-2",2,3,4,NA,NA,NA,NA,NA,NA,NA,2,1,1,325.779016192,0,3,0,2,2,9999,2516,2516,9999,31,25,1,7,15,6,7,0,0,0,0,0,0,0,16,14,0,0,0,0,0,0,0,16
3436,1,"3436-1",2,1,2,NA,NA,NA,NA,NA,NA,NA,1,1,1,452.246732092,0,9,9,2,2,1219,1042,1219,1042,17,13,0,9,0,5,2,0,0,0,0,0,0,0,68,69,0,0,0,0,0,0,0,69
3436,2,"3436-2",2,1,2,NA,NA,NA,NA,NA,NA,NA,1,1,1,452.246732092,0,9,0,2,2,1042,1219,1219,1042,23,17,1,9,0,5,2,0,0,0,0,0,0,0,68,69,0,0,0,0,0,0,0,69
3437,1,"3437-1",2,1,2,NA,NA,NA,NA,NA,NA,NA,1,2,1,375.023414674,0,8,8,2,2,547,458,547,458,28,26,0,15,50,4,5,0,0,0,0,0,0,0,63,65,0,0,0,0,0,0,0,65
3437,2,"3437-2",2,1,2,NA,NA,NA,NA,NA,NA,NA,1,2,1,375.023414674,0,8,0,2,2,458,547,547,458,48,28,1,15,50,4,5,0,0,0,0,0,0,0,63,65,0,0,0,0,0,0,0,65
3446,1,"3446-1",2,1,2,NA,NA,NA,NA,NA,NA,NA,1,2,1,641.3288459,1,5,8,2,3,1207,2666,1207,1923,25,20,0,12,56,5,5,0,0,0,0,0,0,0,65,65,0,0,0,0,0,0,0,65
3446,2,"3446-2",2,1,2,NA,NA,NA,NA,NA,NA,NA,1,2,1,641.3288459,1,5,7,3,3,2666,2669,1207,1923,28,25,0,12,56,5,5,0,0,0,0,0,0,0,65,65,0,0,0,0,0,0,0,65
3446,3,"3446-3",2,1,2,NA,NA,NA,NA,NA,NA,NA,1,2,1,641.3288459,1,5,4,3,3,2669,2666,1207,1923,30,28,0,12,56,5,5,0,0,0,0,0,0,0,65,65,0,0,0,0,0,0,0,65
3446,4,"3446-4",2,1,2,NA,NA,NA,NA,NA,NA,NA,1,2,1,641.3288459,0,5,5,2,3,2666,1923,1207,1923,33,30,0,12,56,5,5,0,0,0,0,0,0,0,65,65,0,0,0,0,0,0,0,65
3446,5,"3446-5",2,1,2,NA,NA,NA,NA,NA,NA,NA,1,2,1,641.3288459,0,5,0,2,3,1923,1207,1207,1923,48,33,1,12,56,5,5,0,0,0,0,0,0,0,65,65,0,0,0,0,0,0,0,65
3452,1,"3452-1",2,1,3,NA,NA,NA,NA,NA,NA,NA,3,1,1,409.6395356,0,5,5,2,2,1528,2765,1528,2765,17,14,0,9,59,4,8,0,0,0,0,0,0,0,38,4,0,0,0,0,0,0,0,38
3452,2,"3452-2",2,1,3,NA,NA,NA,NA,NA,NA,NA,3,1,1,409.6395356,1,5,5,2,2,2765,2764,1528,2765,19,17,1,9,59,4,8,0,0,0,0,0,0,0,38,4,0,0,0,0,0,0,0,38
3452,3,"3452-3",2,1,3,NA,NA,NA,NA,NA,NA,NA,3,1,1,409.6395356,0,5,0,2,2,2764,1528,1528,2765,48,19,1,9,59,4,8,0,0,0,0,0,0,0,38,4,0,0,0,0,0,0,0,38
3457,1,"3457-1",2,1,2,NA,NA,NA,NA,NA,NA,NA,1,2,1,19.78408097,0,9,9,2,2,2541,2531,2541,2531,34,30,0,17,30,5,4,0,0,0,0,0,0,0,67,55,0,0,0,0,0,0,0,67
3457,2,"3457-2",2,1,2,NA,NA,NA,NA,NA,NA,NA,1,2,1,19.78408097,0,9,0,2,2,2531,2541,2541,2531,48,34,1,17,30,5,4,0,0,0,0,0,0,0,67,55,0,0,0,0,0,0,0,67
3459,1,"3459-1",2,1,2,NA,NA,NA,NA,NA,NA,NA,1,1,1,85.867955908,0,6,6,2,2,1258,1260,1258,1260,21,20,0,12,55,5,5,0,0,0,0,0,0,0,67,71,0,0,0,0,0,0,0,71
3459,2,"3459-2",2,1,2,NA,NA,NA,NA,NA,NA,NA,1,1,1,85.867955908,0,6,0,2,2,1260,1258,1258,1260,48,21,1,12,55,5,5,0,0,0,0,0,0,0,67,71,0,0,0,0,0,0,0,71
3460,2,"3460-2",2,1,2,NA,NA,NA,NA,NA,NA,NA,3,2,1,162.887773388,1,6,6,2,2,896,897,896,2159,30,30,0,17,40,1,7,0,0,0,0,0,0,0,30,7,0,0,0,0,0,0,0,30
3460,3,"3460-3",2,1,2,NA,NA,NA,NA,NA,NA,NA,3,2,1,162.887773388,0,6,6,2,2,897,2159,896,2159,34,30,0,17,40,1,7,0,0,0,0,0,0,0,30,7,0,0,0,0,0,0,0,30
3460,4,"3460-4",2,1,2,NA,NA,NA,NA,NA,NA,NA,3,2,1,162.887773388,0,6,0,2,2,2159,896,896,2159,48,34,1,17,40,1,7,0,0,0,0,0,0,0,30,7,0,0,0,0,0,0,0,30
3465,2,"3465-2",2,1,2,NA,NA,NA,NA,NA,NA,NA,1,2,1,174.184170764,0,6,6,2,2,896,644,896,644,20,16,0,10,35,1,4,0,0,0,0,0,0,0,45,40,0,0,0,0,0,0,0,45
3465,3,"3465-3",2,1,2,NA,NA,NA,NA,NA,NA,NA,1,2,1,174.184170764,1,6,7,2,2,644,467,896,644,21,20,1,10,35,1,4,0,0,0,0,0,0,0,45,40,0,0,0,0,0,0,0,45
3465,4,"3465-4",2,1,2,NA,NA,NA,NA,NA,NA,NA,1,2,1,174.184170764,0,6,0,2,2,467,896,896,644,29,21,1,10,35,1,4,0,0,0,0,0,0,0,45,40,0,0,0,0,0,0,0,45
3476,1,"3476-1",2,1,2,NA,NA,NA,NA,NA,NA,NA,1,2,1,63.998818843,0,6,6,2,2,110,401,110,401,29,28,0,16,35,5,5,0,0,0,0,0,0,0,69,69,0,0,0,0,0,0,0,69
3476,2,"3476-2",2,1,2,NA,NA,NA,NA,NA,NA,NA,1,2,1,63.998818843,0,6,0,2,2,401,110,110,401,31,29,1,16,35,5,5,0,0,0,0,0,0,0,69,69,0,0,0,0,0,0,0,69
3476,3,"3476-3",2,1,2,NA,NA,NA,NA,NA,NA,NA,1,3,2,63.998818843,0,7,7,2,2,110,1198,110,1198,36,31,0,18,10,5,5,0,0,0,0,0,0,0,69,69,0,0,0,0,0,0,0,69
3476,4,"3476-4",2,1,2,NA,NA,NA,NA,NA,NA,NA,1,3,2,63.998818843,0,7,0,2,2,1198,110,110,1198,48,36,1,18,10,5,5,0,0,0,0,0,0,0,69,69,0,0,0,0,0,0,0,69
3485,1,"3485-1",2,1,2,NA,NA,NA,NA,NA,NA,NA,1,1,1,146.79485856,0,6,6,2,2,2776,2263,2776,2263,12,10,0,7,45,1,2,0,0,0,0,0,0,0,63,52,0,0,0,0,0,0,0,63
3485,2,"3485-2",2,1,2,NA,NA,NA,NA,NA,NA,NA,1,1,1,146.79485856,1,6,8,2,2,2263,2257,2776,2263,30,12,1,7,45,1,2,0,0,0,0,0,0,0,63,52,0,0,0,0,0,0,0,63
3485,3,"3485-3",2,1,2,NA,NA,NA,NA,NA,NA,NA,1,1,1,146.79485856,1,6,7,2,2,2257,2720,2776,2263,35,30,1,7,45,1,2,0,0,0,0,0,0,0,63,52,0,0,0,0,0,0,0,63
3485,4,"3485-4",2,1,2,NA,NA,NA,NA,NA,NA,NA,1,1,1,146.79485856,0,6,0,2,2,2720,2776,2776,2263,48,35,1,7,45,1,2,0,0,0,0,0,0,0,63,52,0,0,0,0,0,0,0,63
3486,3,"3486-3",2,5,6,NA,NA,NA,NA,NA,NA,NA,2,1,1,172.7188259,0,6,6,3,3,898,756,898,756,23,20,0,12,45,8,8,0,0,0,0,0,0,0,3,1,0,0,0,0,0,0,0,3
3486,4,"3486-4",2,5,6,NA,NA,NA,NA,NA,NA,NA,2,1,1,172.7188259,0,6,0,3,3,756,898,898,756,31,23,1,12,45,8,8,0,0,0,0,0,0,0,3,1,0,0,0,0,0,0,0,3
3489,1,"3489-1",2,3,5,NA,NA,NA,NA,NA,NA,NA,3,1,1,552.3152844,0,2,2,2,2,1259,1270,1259,1270,15,13,0,9,19,3,7,0,0,0,0,0,0,0,34,11,0,0,0,0,0,0,0,34
3489,2,"3489-2",2,3,5,NA,NA,NA,NA,NA,NA,NA,3,1,1,552.3152844,0,2,0,2,2,1270,1259,1259,1270,20,15,1,9,19,3,7,0,0,0,0,0,0,0,34,11,0,0,0,0,0,0,0,34
3492,1,"3492-1",2,2,3,NA,NA,NA,NA,NA,NA,NA,3,1,1,161.3185566,0,5,5,2,2,2334,2115,2334,2115,21,20,0,12,30,4,8,0,0,0,0,0,0,0,40,2,0,0,0,0,0,0,0,40
3492,2,"3492-2",2,2,3,NA,NA,NA,NA,NA,NA,NA,3,1,1,161.3185566,0,5,0,2,2,2115,2334,2334,2115,48,21,1,12,30,4,8,0,0,0,0,0,0,0,40,2,0,0,0,0,0,0,0,40
3494,1,"3494-1",2,5,6,NA,NA,NA,NA,NA,NA,NA,2,1,1,85.118344304,0,3,3,9,9,2252,2275,2252,2275,24,9,0,7,0,6,7,0,0,0,0,0,0,0,16,12,0,0,0,0,0,0,0,16
3494,2,"3494-2",2,5,6,NA,NA,NA,NA,NA,NA,NA,2,1,1,85.118344304,0,3,0,9,9,2275,2252,2252,2275,48,24,1,7,0,6,7,0,0,0,0,0,0,0,16,12,0,0,0,0,0,0,0,16
3497,1,"3497-1",3,2,4,5,NA,NA,NA,NA,NA,NA,3,1,1,36.6495271,0,8,8,3,3,2600,2600,2600,2600,21,19,0,12,15,4,8,8,0,0,0,0,0,0,30,3,0,0,0,0,0,0,0,30
3497,2,"3497-2",3,2,4,5,NA,NA,NA,NA,NA,NA,3,1,1,36.6495271,0,8,0,3,3,2600,2600,2600,2600,48,21,1,12,15,4,8,8,0,0,0,0,0,0,30,3,0,0,0,0,0,0,0,30
3502,1,"3502-1",3,2,3,4,NA,NA,NA,NA,NA,NA,3,1,1,178.9226485,0,9,9,3,3,2334,2196,2334,2196,18,13,0,9,2,4,8,8,0,0,0,0,0,0,32,3,2,0,0,0,0,0,0,32
3502,2,"3502-2",3,2,3,4,NA,NA,NA,NA,NA,NA,3,1,1,178.9226485,0,9,0,3,3,2196,2334,2334,2196,48,18,1,9,2,4,8,8,0,0,0,0,0,0,32,3,2,0,0,0,0,0,0,32
3504,3,"3504-3",3,1,2,6,NA,NA,NA,NA,NA,NA,3,3,1,382.71006056,0,7,7,3,3,2555,2551,2555,2551,18,17,0,11,2,1,1,8,0,0,0,0,0,0,53,53,3,0,0,0,0,0,0,53
3504,4,"3504-4",3,1,2,6,NA,NA,NA,NA,NA,NA,3,3,1,382.71006056,0,7,1,3,3,2551,2555,2555,2551,24,18,1,11,2,1,1,8,0,0,0,0,0,0,53,53,3,0,0,0,0,0,0,53
3517,1,"3517-1",2,1,2,NA,NA,NA,NA,NA,NA,NA,3,1,1,41.7337388,1,5,8,2,3,2426,2430,2426,2436,36,33,0,19,11,4,8,0,0,0,0,0,0,0,29,0,0,0,0,0,0,0,0,29
3517,2,"3517-2",2,1,2,NA,NA,NA,NA,NA,NA,NA,3,1,1,41.7337388,1,5,4,2,3,2430,2422,2426,2436,36,36,0,19,11,4,8,0,0,0,0,0,0,0,29,0,0,0,0,0,0,0,0,29
3517,3,"3517-3",2,1,2,NA,NA,NA,NA,NA,NA,NA,3,1,1,41.7337388,1,5,5,3,3,2422,2428,2426,2436,37,36,0,19,11,4,8,0,0,0,0,0,0,0,29,0,0,0,0,0,0,0,0,29
3517,4,"3517-4",2,1,2,NA,NA,NA,NA,NA,NA,NA,3,1,1,41.7337388,0,5,5,3,3,2428,2436,2426,2436,39,37,0,19,11,4,8,0,0,0,0,0,0,0,29,0,0,0,0,0,0,0,0,29
3517,5,"3517-5",2,1,2,NA,NA,NA,NA,NA,NA,NA,3,1,1,41.7337388,1,5,4,3,3,2436,2422,2426,2436,39,39,1,19,11,4,8,0,0,0,0,0,0,0,29,0,0,0,0,0,0,0,0,29
3517,6,"3517-6",2,1,2,NA,NA,NA,NA,NA,NA,NA,3,1,1,41.7337388,0,5,0,2,3,2422,2426,2426,2436,48,39,1,19,11,4,8,0,0,0,0,0,0,0,29,0,0,0,0,0,0,0,0,29
3521,1,"3521-1",2,1,2,NA,NA,NA,NA,NA,NA,NA,1,3,1,82.206259503,1,5,6,2,2,896,870,896,868,25,24,0,14,47,4,5,0,0,0,0,0,0,0,64,67,0,0,0,0,0,0,0,67
3521,2,"3521-2",2,1,2,NA,NA,NA,NA,NA,NA,NA,1,3,1,82.206259503,0,5,5,2,2,870,868,896,868,26,25,0,14,47,4,5,0,0,0,0,0,0,0,64,67,0,0,0,0,0,0,0,67
3521,3,"3521-3",2,1,2,NA,NA,NA,NA,NA,NA,NA,1,3,1,82.206259503,0,5,0,2,2,868,896,896,868,29,26,1,14,47,4,5,0,0,0,0,0,0,0,64,67,0,0,0,0,0,0,0,67
3525,10,"3525-10",2,1,2,NA,NA,NA,NA,NA,NA,NA,1,2,1,149.2216925,0,5,5,2,2,1310,1309,1310,1309,32,31,0,18,0,3,1,0,0,0,0,0,0,0,39,65,0,0,0,0,0,0,0,65
3525,11,"3525-11",2,1,2,NA,NA,NA,NA,NA,NA,NA,1,2,1,149.2216925,0,5,0,2,2,1309,1310,1310,1309,48,32,1,18,0,3,1,0,0,0,0,0,0,0,39,65,0,0,0,0,0,0,0,65
3527,1,"3527-1",2,1,2,NA,NA,NA,NA,NA,NA,NA,1,2,1,433.81499784,0,8,8,2,2,1364,1430,1364,1430,36,30,0,17,30,1,1,0,0,0,0,0,0,0,61,62,0,0,0,0,0,0,0,62
3527,2,"3527-2",2,1,2,NA,NA,NA,NA,NA,NA,NA,1,2,1,433.81499784,0,8,0,2,2,1430,1364,1364,1430,48,36,1,17,30,1,1,0,0,0,0,0,0,0,61,62,0,0,0,0,0,0,0,62
3535,5,"3535-5",2,1,2,NA,NA,NA,NA,NA,NA,NA,1,2,1,76.123020297,1,6,5,2,2,2430,2436,2430,2429,21,21,0,13,5,4,4,0,0,0,0,0,0,0,63,62,0,0,0,0,0,0,0,63
3535,6,"3535-6",2,1,2,NA,NA,NA,NA,NA,NA,NA,1,2,1,76.123020297,0,6,6,2,2,2436,2429,2430,2429,22,21,0,13,5,4,4,0,0,0,0,0,0,0,63,62,0,0,0,0,0,0,0,63
3535,7,"3535-7",2,1,2,NA,NA,NA,NA,NA,NA,NA,1,2,1,76.123020297,0,6,0,2,2,2429,2430,2430,2429,23,22,1,13,5,4,4,0,0,0,0,0,0,0,63,62,0,0,0,0,0,0,0,63
3551,1,"3551-1",2,1,2,NA,NA,NA,NA,NA,NA,NA,3,2,1,63.129942936,1,7,6,2,2,1636,1636,1636,1637,34,33,0,19,28,1,7,0,0,0,0,0,0,0,40,8,0,0,0,0,0,0,0,40
3551,2,"3551-2",2,1,2,NA,NA,NA,NA,NA,NA,NA,3,2,1,63.129942936,0,7,7,2,2,1636,1637,1636,1637,34,34,0,19,28,1,7,0,0,0,0,0,0,0,40,8,0,0,0,0,0,0,0,40
3551,3,"3551-3",2,1,2,NA,NA,NA,NA,NA,NA,NA,3,2,1,63.129942936,0,7,0,2,2,1637,1636,1636,1637,48,34,1,19,28,1,7,0,0,0,0,0,0,0,40,8,0,0,0,0,0,0,0,40
3557,3,"3557-3",2,1,2,NA,NA,NA,NA,NA,NA,NA,1,2,2,150.6379253,0,5,5,3,3,249,422,249,422,27,25,0,15,2,4,4,0,0,0,0,0,0,0,18,29,0,0,0,0,0,0,0,29
3557,4,"3557-4",2,1,2,NA,NA,NA,NA,NA,NA,NA,1,2,2,150.6379253,1,5,6,3,3,422,422,249,422,27,27,1,15,2,4,4,0,0,0,0,0,0,0,18,29,0,0,0,0,0,0,0,29
3557,5,"3557-5",2,1,2,NA,NA,NA,NA,NA,NA,NA,1,2,2,150.6379253,1,5,5,3,3,422,246,249,422,29,27,1,15,2,4,4,0,0,0,0,0,0,0,18,29,0,0,0,0,0,0,0,29
3557,6,"3557-6",2,1,2,NA,NA,NA,NA,NA,NA,NA,1,2,2,150.6379253,0,5,0,4,3,246,249,249,422,48,29,1,15,2,4,4,0,0,0,0,0,0,0,18,29,0,0,0,0,0,0,0,29
3557,1,"3557-1",2,1,2,NA,NA,NA,NA,NA,NA,NA,1,1,0,150.6379253,0,NA,5,4,NA,249,248,NA,NA,22,21,0,NA,NA,4,4,0,0,0,0,0,0,0,18,29,0,0,0,0,0,0,0,29
3557,2,"3557-2",2,1,2,NA,NA,NA,NA,NA,NA,NA,1,1,0,150.6379253,0,NA,0,4,NA,248,249,NA,NA,25,22,1,NA,NA,4,4,0,0,0,0,0,0,0,18,29,0,0,0,0,0,0,0,29
3558,1,"3558-1",2,1,2,NA,NA,NA,NA,NA,NA,NA,1,2,1,180.9966133,1,5,5,2,2,477,716,477,744,31,30,0,17,50,4,1,0,0,0,0,0,0,0,52,52,0,0,0,0,0,0,0,52
3558,2,"3558-2",2,1,2,NA,NA,NA,NA,NA,NA,NA,1,2,1,180.9966133,0,5,5,2,2,716,744,477,744,32,31,0,17,50,4,1,0,0,0,0,0,0,0,52,52,0,0,0,0,0,0,0,52
3558,3,"3558-3",2,1,2,NA,NA,NA,NA,NA,NA,NA,1,2,1,180.9966133,1,5,7,2,2,744,741,477,744,34,32,1,17,50,4,1,0,0,0,0,0,0,0,52,52,0,0,0,0,0,0,0,52
3558,4,"3558-4",2,1,2,NA,NA,NA,NA,NA,NA,NA,1,2,1,180.9966133,0,5,0,2,2,741,477,477,744,48,34,1,17,50,4,1,0,0,0,0,0,0,0,52,52,0,0,0,0,0,0,0,52
3582,1,"3582-1",2,1,2,NA,NA,NA,NA,NA,NA,NA,1,1,1,115.389383473,1,5,7,2,2,2783,9999,2783,9999,26,23,0,14,10,5,4,0,0,0,0,0,0,0,75,60,0,0,0,0,0,0,0,75
3582,2,"3582-2",2,1,2,NA,NA,NA,NA,NA,NA,NA,1,1,1,115.389383473,0,5,5,2,2,9999,9999,2783,9999,27,26,0,14,10,5,4,0,0,0,0,0,0,0,75,60,0,0,0,0,0,0,0,75
3582,3,"3582-3",2,1,2,NA,NA,NA,NA,NA,NA,NA,1,1,1,115.389383473,0,5,0,2,2,9999,2783,2783,9999,29,27,1,14,10,5,4,0,0,0,0,0,0,0,75,60,0,0,0,0,0,0,0,75
3582,6,"3582-6",2,1,2,NA,NA,NA,NA,NA,NA,NA,1,3,2,115.389383473,0,8,8,2,2,2783,2763,2783,2763,39,33,0,19,25,5,4,0,0,0,0,0,0,0,75,60,0,0,0,0,0,0,0,75
3582,7,"3582-7",2,1,2,NA,NA,NA,NA,NA,NA,NA,1,3,2,115.389383473,0,8,0,2,2,2763,2783,2783,2763,48,39,1,19,25,5,4,0,0,0,0,0,0,0,75,60,0,0,0,0,0,0,0,75
3594,2,"3594-2",2,1,2,NA,NA,NA,NA,NA,NA,NA,1,2,1,65.7143391,0,6,6,2,2,2501,9999,2501,9999,22,21,0,13,5,5,5,0,0,0,0,0,0,0,70,70,0,0,0,0,0,0,0,70
3594,3,"3594-3",2,1,2,NA,NA,NA,NA,NA,NA,NA,1,2,1,65.7143391,1,6,5,2,2,9999,2497,2501,9999,22,22,1,13,5,5,5,0,0,0,0,0,0,0,70,70,0,0,0,0,0,0,0,70
3594,4,"3594-4",2,1,2,NA,NA,NA,NA,NA,NA,NA,1,2,1,65.7143391,0,6,0,2,2,2497,2501,2501,9999,48,22,1,13,5,5,5,0,0,0,0,0,0,0,70,70,0,0,0,0,0,0,0,70
3602,11,"3602-11",2,1,4,NA,NA,NA,NA,NA,NA,NA,3,3,1,89.800970104,0,7,7,2,2,2334,2081,2334,2081,31,31,0,18,5,1,8,0,0,0,0,0,0,0,38,4,0,0,0,0,0,0,0,38
3602,12,"3602-12",2,1,4,NA,NA,NA,NA,NA,NA,NA,3,3,1,89.800970104,0,7,0,2,2,2081,2334,2334,2081,48,31,1,18,5,1,8,0,0,0,0,0,0,0,38,4,0,0,0,0,0,0,0,38
3604,1,"3604-1",2,1,2,NA,NA,NA,NA,NA,NA,NA,1,1,1,41.29749162,0,9,9,2,2,2700,9999,2700,9999,30,18,0,11,50,1,2,0,0,0,0,0,0,0,65,65,0,0,0,0,0,0,0,65
3604,2,"3604-2",2,1,2,NA,NA,NA,NA,NA,NA,NA,1,1,1,41.29749162,0,9,0,2,2,9999,2700,2700,9999,48,30,1,11,50,1,2,0,0,0,0,0,0,0,65,65,0,0,0,0,0,0,0,65
3605,1,"3605-1",2,1,2,NA,NA,NA,NA,NA,NA,NA,1,1,1,430.108037918,0,7,7,3,3,1602,1134,1602,1134,24,22,0,13,53,5,5,0,0,0,0,0,0,0,80,78,0,0,0,0,0,0,0,80
3605,2,"3605-2",2,1,2,NA,NA,NA,NA,NA,NA,NA,1,1,1,430.108037918,1,7,6,3,3,1134,1605,1602,1134,25,24,1,13,53,5,5,0,0,0,0,0,0,0,80,78,0,0,0,0,0,0,0,80
3605,3,"3605-3",2,1,2,NA,NA,NA,NA,NA,NA,NA,1,1,1,430.108037918,0,7,0,3,3,1605,1602,1602,1134,32,25,1,13,53,5,5,0,0,0,0,0,0,0,80,78,0,0,0,0,0,0,0,80
3605,4,"3605-4",2,1,2,NA,NA,NA,NA,NA,NA,NA,1,2,2,430.108037918,0,9,9,3,3,1602,2136,1602,2136,39,32,0,18,34,5,5,0,0,0,0,0,0,0,80,78,0,0,0,0,0,0,0,80
3605,5,"3605-5",2,1,2,NA,NA,NA,NA,NA,NA,NA,1,2,2,430.108037918,1,9,6,3,3,2136,1659,1602,2136,41,39,1,18,34,5,5,0,0,0,0,0,0,0,80,78,0,0,0,0,0,0,0,80
3605,6,"3605-6",2,1,2,NA,NA,NA,NA,NA,NA,NA,1,2,2,430.108037918,0,9,0,3,3,1659,1602,1602,2136,48,41,1,18,34,5,5,0,0,0,0,0,0,0,80,78,0,0,0,0,0,0,0,80
3613,1,"3613-1",2,1,2,NA,NA,NA,NA,NA,NA,NA,1,2,1,106.553534022,0,7,7,2,2,1276,835,1276,835,40,34,0,19,30,5,5,0,0,0,0,0,0,0,79,84,0,0,0,0,0,0,0,84
3613,2,"3613-2",2,1,2,NA,NA,NA,NA,NA,NA,NA,1,2,1,106.553534022,0,7,0,2,2,835,1276,1276,835,48,40,1,19,30,5,5,0,0,0,0,0,0,0,79,84,0,0,0,0,0,0,0,84
3623,2,"3623-2",2,1,4,NA,NA,NA,NA,NA,NA,NA,3,2,1,126.9293052,0,6,6,2,2,2334,2329,2334,2329,21,16,0,10,45,3,7,0,0,0,0,0,0,0,39,8,0,0,0,0,0,0,0,39
3623,3,"3623-3",2,1,4,NA,NA,NA,NA,NA,NA,NA,3,2,1,126.9293052,0,6,0,2,2,2329,2334,2334,2329,22,21,1,10,45,3,7,0,0,0,0,0,0,0,39,8,0,0,0,0,0,0,0,39
3627,2,"3627-2",2,1,2,NA,NA,NA,NA,NA,NA,NA,1,1,0,143.4674657,0,NA,9,2,NA,2782,1637,NA,NA,25,18,0,NA,NA,5,5,0,0,0,0,0,0,0,72,70,0,0,0,0,0,0,0,72
3627,3,"3627-3",2,1,2,NA,NA,NA,NA,NA,NA,NA,1,1,0,143.4674657,1,NA,5,2,NA,1637,2765,NA,NA,26,25,1,NA,NA,5,5,0,0,0,0,0,0,0,72,70,0,0,0,0,0,0,0,72
3627,4,"3627-4",2,1,2,NA,NA,NA,NA,NA,NA,NA,1,1,0,143.4674657,0,NA,0,2,NA,2765,2782,NA,NA,48,26,1,NA,NA,5,5,0,0,0,0,0,0,0,72,70,0,0,0,0,0,0,0,72
3633,1,"3633-1",2,3,4,NA,NA,NA,NA,NA,NA,NA,2,1,1,279.7479905,0,3,3,9,9,1452,1521,1452,1521,25,10,0,7,30,7,8,0,0,0,0,0,0,0,7,5,0,0,0,0,0,0,0,7
3633,2,"3633-2",2,3,4,NA,NA,NA,NA,NA,NA,NA,2,1,1,279.7479905,0,3,0,9,9,1521,1452,1452,1521,48,25,1,7,30,7,8,0,0,0,0,0,0,0,7,5,0,0,0,0,0,0,0,7
3638,1,"3638-1",2,1,2,NA,NA,NA,NA,NA,NA,NA,1,1,1,19.90754199,1,5,7,2,2,2519,1981,2519,1783,16,14,0,9,30,2,5,0,0,0,0,0,0,0,65,65,0,0,0,0,0,0,0,65
3638,2,"3638-2",2,1,2,NA,NA,NA,NA,NA,NA,NA,1,1,1,19.90754199,0,5,5,2,2,1981,1783,2519,1783,20,16,0,9,30,2,5,0,0,0,0,0,0,0,65,65,0,0,0,0,0,0,0,65
3638,3,"3638-3",2,1,2,NA,NA,NA,NA,NA,NA,NA,1,1,1,19.90754199,1,5,5,2,2,1783,2009,2519,1783,24,20,1,9,30,2,5,0,0,0,0,0,0,0,65,65,0,0,0,0,0,0,0,65
3638,4,"3638-4",2,1,2,NA,NA,NA,NA,NA,NA,NA,1,1,1,19.90754199,0,5,0,2,2,2009,2519,2519,1783,48,24,1,9,30,2,5,0,0,0,0,0,0,0,65,65,0,0,0,0,0,0,0,65
3644,1,"3644-1",2,1,2,NA,NA,NA,NA,NA,NA,NA,1,1,1,18.312200342,1,9,9,2,2,2519,1971,2519,2519,15,15,0,10,0,5,5,0,0,0,0,0,0,0,66,72,0,0,0,0,0,0,0,72
3644,2,"3644-2",2,1,2,NA,NA,NA,NA,NA,NA,NA,1,1,1,18.312200342,0,9,9,2,2,1971,2519,2519,2519,19,15,0,10,0,5,5,0,0,0,0,0,0,0,66,72,0,0,0,0,0,0,0,72
3644,3,"3644-3",2,1,2,NA,NA,NA,NA,NA,NA,NA,1,1,1,18.312200342,1,9,9,2,2,2519,2517,2519,2519,20,19,1,10,0,5,5,0,0,0,0,0,0,0,66,72,0,0,0,0,0,0,0,72
3644,4,"3644-4",2,1,2,NA,NA,NA,NA,NA,NA,NA,1,1,1,18.312200342,1,9,9,2,2,2517,2519,2519,2519,23,20,1,10,0,5,5,0,0,0,0,0,0,0,66,72,0,0,0,0,0,0,0,72
3644,5,"3644-5",2,1,2,NA,NA,NA,NA,NA,NA,NA,1,1,1,18.312200342,0,9,0,2,2,2519,2519,2519,2519,48,23,1,10,0,5,5,0,0,0,0,0,0,0,66,72,0,0,0,0,0,0,0,72
3655,1,"3655-1",3,1,2,3,NA,NA,NA,NA,NA,NA,1,1,1,32.8930858,1,6,4,3,3,2771,2742,2771,907,16,15,0,10,1,4,5,4,0,0,0,0,0,0,51,65,22,0,0,0,0,0,0,65
3655,2,"3655-2",3,1,2,3,NA,NA,NA,NA,NA,NA,1,1,1,32.8930858,0,6,6,3,3,2742,907,2771,907,17,16,0,10,1,4,5,4,0,0,0,0,0,0,51,65,22,0,0,0,0,0,0,65
3655,3,"3655-3",3,1,2,3,NA,NA,NA,NA,NA,NA,1,1,1,32.8930858,1,6,5,3,3,907,907,2771,907,19,17,1,10,1,4,5,4,0,0,0,0,0,0,51,65,22,0,0,0,0,0,0,65
3655,4,"3655-4",3,1,2,3,NA,NA,NA,NA,NA,NA,1,1,1,32.8930858,1,6,7,3,3,907,897,2771,907,22,19,1,10,1,4,5,4,0,0,0,0,0,0,51,65,22,0,0,0,0,0,0,65
3655,5,"3655-5",3,1,2,3,NA,NA,NA,NA,NA,NA,1,1,1,32.8930858,0,6,0,3,3,897,2771,2771,907,48,22,1,10,1,4,5,4,0,0,0,0,0,0,51,65,22,0,0,0,0,0,0,65
3666,1,"3666-1",2,1,2,NA,NA,NA,NA,NA,NA,NA,1,1,0,322.03907936,0,NA,1,2,NA,251,226,NA,NA,29,12,0,NA,NA,2,5,0,0,0,0,0,0,0,85,87,0,0,0,0,0,0,0,87
3666,2,"3666-2",2,1,2,NA,NA,NA,NA,NA,NA,NA,1,1,0,322.03907936,0,NA,0,2,NA,226,251,NA,NA,48,29,1,NA,NA,2,5,0,0,0,0,0,0,0,85,87,0,0,0,0,0,0,0,87
3673,5,"3673-5",4,1,3,4,5,NA,NA,NA,NA,NA,3,3,1,89.800970104,0,9,9,3,3,2334,836,2334,836,34,30,0,17,44,2,7,7,7,0,0,0,0,0,43,10,8,7,0,0,0,0,0,43
3673,6,"3673-6",4,1,3,4,5,NA,NA,NA,NA,NA,3,3,1,89.800970104,1,9,7,3,3,836,1566,2334,836,37,34,1,17,44,2,7,7,7,0,0,0,0,0,43,10,8,7,0,0,0,0,0,43
3673,7,"3673-7",4,1,3,4,5,NA,NA,NA,NA,NA,3,3,1,89.800970104,0,9,0,3,3,1566,2334,2334,836,48,37,1,17,44,2,7,7,7,0,0,0,0,0,43,10,8,7,0,0,0,0,0,43
3676,5,"3676-5",2,2,4,NA,NA,NA,NA,NA,NA,NA,3,3,1,250.771781896,1,9,9,2,2,2789,2789,2789,2789,35,31,0,18,25,1,7,0,0,0,0,0,0,0,45,9,0,0,0,0,0,0,0,45
3676,6,"3676-6",2,2,4,NA,NA,NA,NA,NA,NA,NA,3,3,1,250.771781896,0,9,9,2,2,2789,2789,2789,2789,48,35,0,18,25,1,7,0,0,0,0,0,0,0,45,9,0,0,0,0,0,0,0,45
3677,1,"3677-1",2,1,2,NA,NA,NA,NA,NA,NA,NA,1,1,1,584.717363756,0,6,6,2,2,730,1608,730,1608,25,22,0,13,30,5,5,0,0,0,0,0,0,0,72,66,0,0,0,0,0,0,0,72
3677,2,"3677-2",2,1,2,NA,NA,NA,NA,NA,NA,NA,1,1,1,584.717363756,1,6,5,2,2,1608,941,730,1608,30,25,1,13,30,5,5,0,0,0,0,0,0,0,72,66,0,0,0,0,0,0,0,72
3677,3,"3677-3",2,1,2,NA,NA,NA,NA,NA,NA,NA,1,1,1,584.717363756,0,6,0,2,2,941,730,730,1608,48,30,1,13,30,5,5,0,0,0,0,0,0,0,72,66,0,0,0,0,0,0,0,72
3685,4,"3685-4",2,2,3,NA,NA,NA,NA,NA,NA,NA,3,2,1,38.5199112,0,9,9,2,2,2447,2430,2447,2430,37,33,0,19,18,1,7,0,0,0,0,0,0,0,40,8,0,0,0,0,0,0,0,40
3685,5,"3685-5",2,2,3,NA,NA,NA,NA,NA,NA,NA,3,2,1,38.5199112,0,9,0,2,2,2430,2447,2447,2430,48,37,1,19,18,1,7,0,0,0,0,0,0,0,40,8,0,0,0,0,0,0,0,40
3690,6,"3690-6",2,4,5,NA,NA,NA,NA,NA,NA,NA,2,4,1,906.7712205,0,9,9,2,2,905,917,905,917,35,29,0,17,22,6,7,0,0,0,0,0,0,0,17,13,0,0,0,0,0,0,0,17
3690,7,"3690-7",2,4,5,NA,NA,NA,NA,NA,NA,NA,2,4,1,906.7712205,0,9,0,2,2,917,905,905,917,48,35,1,17,22,6,7,0,0,0,0,0,0,0,17,13,0,0,0,0,0,0,0,17
3695,2,"3695-2",3,1,4,5,NA,NA,NA,NA,NA,NA,3,1,1,83.577965664,0,9,9,3,3,1491,1487,1491,1487,15,12,0,8,32,2,8,8,0,0,0,0,0,0,37,4,2,0,0,0,0,0,0,37
3695,3,"3695-3",3,1,4,5,NA,NA,NA,NA,NA,NA,3,1,1,83.577965664,1,9,6,3,3,1487,1483,1491,1487,17,15,1,8,32,2,8,8,0,0,0,0,0,0,37,4,2,0,0,0,0,0,0,37
3695,4,"3695-4",3,1,4,5,NA,NA,NA,NA,NA,NA,3,1,1,83.577965664,0,9,0,3,3,1483,1491,1491,1487,25,17,1,8,32,2,8,8,0,0,0,0,0,0,37,4,2,0,0,0,0,0,0,37
3704,1,"3704-1",2,1,2,NA,NA,NA,NA,NA,NA,NA,1,1,1,1559.443675608,0,5,5,2,2,1421,1433,1421,1433,17,15,0,10,0,5,4,0,0,0,0,0,0,0,75,54,0,0,0,0,0,0,0,75
3704,2,"3704-2",2,1,2,NA,NA,NA,NA,NA,NA,NA,1,1,1,1559.443675608,0,5,0,2,2,1433,1421,1421,1433,48,17,1,10,0,5,4,0,0,0,0,0,0,0,75,54,0,0,0,0,0,0,0,75
3707,9,"3707-9",3,1,3,4,NA,NA,NA,NA,NA,NA,3,3,1,152.757173,0,9,9,3,3,2092,2081,2092,2081,35,30,0,17,30,4,7,8,0,0,0,0,0,0,36,12,0,0,0,0,0,0,0,36
3707,10,"3707-10",3,1,3,4,NA,NA,NA,NA,NA,NA,3,3,1,152.757173,0,9,0,3,3,2081,2092,2092,2081,48,35,1,17,30,4,7,8,0,0,0,0,0,0,36,12,0,0,0,0,0,0,0,36
3715,3,"3715-3",2,1,6,NA,NA,NA,NA,NA,NA,NA,3,1,1,1276.834953268,0,5,5,2,2,1670,1670,1670,1670,30,29,0,17,0,2,8,0,0,0,0,0,0,0,31,3,0,0,0,0,0,0,0,31
3715,4,"3715-4",2,1,6,NA,NA,NA,NA,NA,NA,NA,3,1,1,1276.834953268,0,5,0,2,2,1670,1670,1670,1670,33,30,1,17,0,2,8,0,0,0,0,0,0,0,31,3,0,0,0,0,0,0,0,31
3719,1,"3719-1",2,1,2,NA,NA,NA,NA,NA,NA,NA,1,2,1,55.073070443,1,5,5,2,2,1490,1532,1490,1445,19,18,0,11,40,5,5,0,0,0,0,0,0,0,82,80,0,0,0,0,0,0,0,82
3719,2,"3719-2",2,1,2,NA,NA,NA,NA,NA,NA,NA,1,2,1,55.073070443,1,5,5,2,2,1532,1532,1490,1445,20,19,0,11,40,5,5,0,0,0,0,0,0,0,82,80,0,0,0,0,0,0,0,82
3719,3,"3719-3",2,1,2,NA,NA,NA,NA,NA,NA,NA,1,2,1,55.073070443,0,5,5,2,2,1532,1445,1490,1445,22,20,0,11,40,5,5,0,0,0,0,0,0,0,82,80,0,0,0,0,0,0,0,82
3719,4,"3719-4",2,1,2,NA,NA,NA,NA,NA,NA,NA,1,2,1,55.073070443,1,5,5,2,2,1445,1445,1490,1445,22,22,1,11,40,5,5,0,0,0,0,0,0,0,82,80,0,0,0,0,0,0,0,82
3719,5,"3719-5",2,1,2,NA,NA,NA,NA,NA,NA,NA,1,2,1,55.073070443,0,5,0,2,2,1445,1490,1490,1445,27,22,1,11,40,5,5,0,0,0,0,0,0,0,82,80,0,0,0,0,0,0,0,82
3725,1,"3725-1",2,3,4,NA,NA,NA,NA,NA,NA,NA,2,1,1,106.3733544,0,3,3,9,9,1652,1649,1652,1649,23,8,0,6,55,7,7,0,0,0,0,0,0,0,13,12,0,0,0,0,0,0,0,13
3725,2,"3725-2",2,3,4,NA,NA,NA,NA,NA,NA,NA,2,1,1,106.3733544,0,3,0,9,9,1649,1652,1652,1649,48,23,1,6,55,7,7,0,0,0,0,0,0,0,13,12,0,0,0,0,0,0,0,13
3726,1,"3726-1",2,3,4,NA,NA,NA,NA,NA,NA,NA,2,1,1,39.926335568,0,3,3,9,9,2483,2480,2483,2480,26,8,0,6,30,6,6,0,0,0,0,0,0,0,16,16,0,0,0,0,0,0,0,16
3726,2,"3726-2",2,3,4,NA,NA,NA,NA,NA,NA,NA,2,1,1,39.926335568,0,3,0,9,9,2480,2483,2483,2480,31,26,1,6,30,6,6,0,0,0,0,0,0,0,16,16,0,0,0,0,0,0,0,16
3726,3,"3726-3",2,3,4,NA,NA,NA,NA,NA,NA,NA,2,2,2,39.926335568,0,9,9,5,5,2483,2483,2483,2483,34,31,0,18,0,6,6,0,0,0,0,0,0,0,16,16,0,0,0,0,0,0,0,16
3726,4,"3726-4",2,3,4,NA,NA,NA,NA,NA,NA,NA,2,2,2,39.926335568,0,9,0,5,5,2483,2483,2483,2483,48,34,1,18,0,6,6,0,0,0,0,0,0,0,16,16,0,0,0,0,0,0,0,16
3731,1,"3731-1",2,1,2,NA,NA,NA,NA,NA,NA,NA,1,1,1,63.998818843,0,7,7,2,2,395,395,395,395,33,33,0,19,10,5,5,0,0,0,0,0,0,0,71,70,0,0,0,0,0,0,0,71
3731,2,"3731-2",2,1,2,NA,NA,NA,NA,NA,NA,NA,1,1,1,63.998818843,0,7,0,2,2,395,395,395,395,48,33,1,19,10,5,5,0,0,0,0,0,0,0,71,70,0,0,0,0,0,0,0,71
3749,1,"3749-1",2,3,4,NA,NA,NA,NA,NA,NA,NA,2,1,1,77.195534,0,3,3,9,9,2588,2589,2588,2589,26,11,0,8,5,7,7,0,0,0,0,0,0,0,9,7,0,0,0,0,0,0,0,9
3749,2,"3749-2",2,3,4,NA,NA,NA,NA,NA,NA,NA,2,1,1,77.195534,0,3,0,9,9,2589,2588,2588,2589,48,26,1,8,5,7,7,0,0,0,0,0,0,0,9,7,0,0,0,0,0,0,0,9
3756,1,"3756-1",2,1,2,NA,NA,NA,NA,NA,NA,NA,3,1,1,298.608029632,0,4,4,2,2,2765,2714,2765,2714,16,12,0,8,55,1,8,0,0,0,0,0,0,0,36,2,0,0,0,0,0,0,0,36
3756,2,"3756-2",2,1,2,NA,NA,NA,NA,NA,NA,NA,3,1,1,298.608029632,0,4,0,2,2,2714,2765,2765,2714,19,16,1,8,55,1,8,0,0,0,0,0,0,0,36,2,0,0,0,0,0,0,0,36
3765,3,"3765-3",2,1,4,NA,NA,NA,NA,NA,NA,NA,3,2,1,115.9471173,1,4,6,2,2,1378,1394,1378,1021,30,27,0,16,0,1,0,0,0,0,0,0,0,0,46,-7,0,0,0,0,0,0,0,46
3765,4,"3765-4",2,1,4,NA,NA,NA,NA,NA,NA,NA,3,2,1,115.9471173,0,4,4,2,2,1394,1021,1378,1021,34,30,0,16,0,1,0,0,0,0,0,0,0,0,46,-7,0,0,0,0,0,0,0,46
3765,5,"3765-5",2,1,4,NA,NA,NA,NA,NA,NA,NA,3,2,1,115.9471173,0,4,0,2,2,1021,1378,1378,1021,48,34,1,16,0,1,0,0,0,0,0,0,0,0,46,-7,0,0,0,0,0,0,0,46
3766,1,"3766-1",2,2,3,NA,NA,NA,NA,NA,NA,NA,3,2,1,235.9538234,1,9,7,2,2,1670,1679,1670,1707,32,31,0,18,15,3,7,0,0,0,0,0,0,0,45,11,0,0,0,0,0,0,0,45
3766,2,"3766-2",2,2,3,NA,NA,NA,NA,NA,NA,NA,3,2,1,235.9538234,0,9,9,2,2,1679,1707,1670,1707,35,32,0,18,15,3,7,0,0,0,0,0,0,0,45,11,0,0,0,0,0,0,0,45
3766,3,"3766-3",2,2,3,NA,NA,NA,NA,NA,NA,NA,3,2,1,235.9538234,0,9,0,2,2,1707,1670,1670,1707,37,35,1,18,15,3,7,0,0,0,0,0,0,0,45,11,0,0,0,0,0,0,0,45
3772,1,"3772-1",2,1,2,NA,NA,NA,NA,NA,NA,NA,1,2,1,104.294308688,1,7,4,2,3,2460,2436,2460,541,30,30,0,17,30,1,1,0,0,0,0,0,0,0,53,48,0,0,0,0,0,0,0,53
3772,2,"3772-2",2,1,2,NA,NA,NA,NA,NA,NA,NA,1,2,1,104.294308688,0,7,7,3,3,2436,541,2460,541,35,30,0,17,30,1,1,0,0,0,0,0,0,0,53,48,0,0,0,0,0,0,0,53
3772,3,"3772-3",2,1,2,NA,NA,NA,NA,NA,NA,NA,1,2,1,104.294308688,0,7,0,2,3,541,2460,2460,541,48,35,1,17,30,1,1,0,0,0,0,0,0,0,53,48,0,0,0,0,0,0,0,53
3777,1,"3777-1",2,1,2,NA,NA,NA,NA,NA,NA,NA,1,1,1,161.3978913,1,5,6,2,2,476,477,476,800,20,19,0,12,5,5,4,0,0,0,0,0,0,0,66,62,0,0,0,0,0,0,0,66
3777,2,"3777-2",2,1,2,NA,NA,NA,NA,NA,NA,NA,1,1,1,161.3978913,0,5,5,2,2,477,800,476,800,22,20,0,12,5,5,4,0,0,0,0,0,0,0,66,62,0,0,0,0,0,0,0,66
3777,3,"3777-3",2,1,2,NA,NA,NA,NA,NA,NA,NA,1,1,1,161.3978913,1,5,5,2,2,800,479,476,800,23,22,1,12,5,5,4,0,0,0,0,0,0,0,66,62,0,0,0,0,0,0,0,66
3777,4,"3777-4",2,1,2,NA,NA,NA,NA,NA,NA,NA,1,1,1,161.3978913,0,5,0,2,2,479,476,476,800,48,23,1,12,5,5,4,0,0,0,0,0,0,0,66,62,0,0,0,0,0,0,0,66
3779,3,"3779-3",4,1,2,3,4,NA,NA,NA,NA,NA,3,2,1,432.2626678,0,7,7,3,3,1943,1941,1943,1941,35,33,0,19,26,1,1,8,8,0,0,0,0,0,35,36,5,2,0,0,0,0,0,36
3779,4,"3779-4",4,1,2,3,4,NA,NA,NA,NA,NA,3,2,1,432.2626678,0,7,0,3,3,1941,1943,1943,1941,48,35,1,19,26,1,1,8,8,0,0,0,0,0,35,36,5,2,0,0,0,0,0,36
3788,1,"3788-1",3,1,2,3,NA,NA,NA,NA,NA,NA,1,1,1,215.64003555,1,9,6,3,3,287,284,287,449,20,20,0,12,30,4,4,3,0,0,0,0,0,0,63,21,20,0,0,0,0,0,0,63
3788,2,"3788-2",3,1,2,3,NA,NA,NA,NA,NA,NA,1,1,1,215.64003555,0,9,9,3,3,284,449,287,449,26,20,0,12,30,4,4,3,0,0,0,0,0,0,63,21,20,0,0,0,0,0,0,63
3788,3,"3788-3",3,1,2,3,NA,NA,NA,NA,NA,NA,1,1,1,215.64003555,0,9,0,3,3,449,287,287,449,32,26,1,12,30,4,4,3,0,0,0,0,0,0,63,21,20,0,0,0,0,0,0,63
3788,4,"3788-4",2,1,3,NA,NA,NA,NA,NA,NA,NA,1,2,2,215.64003555,0,9,9,2,2,287,226,287,226,36,32,0,18,55,4,3,0,0,0,0,0,0,0,63,20,0,0,0,0,0,0,0,63
3788,5,"3788-5",2,1,3,NA,NA,NA,NA,NA,NA,NA,1,2,2,215.64003555,0,9,0,2,2,226,287,287,226,48,36,1,18,55,4,3,0,0,0,0,0,0,0,63,20,0,0,0,0,0,0,0,63
3795,1,"3795-1",2,1,2,NA,NA,NA,NA,NA,NA,NA,3,1,1,335.2189726,1,6,9,6,6,2094,2057,2094,2057,13,13,0,9,0,4,7,0,0,0,0,0,0,0,52,12,0,0,0,0,0,0,0,52
3795,2,"3795-2",2,1,2,NA,NA,NA,NA,NA,NA,NA,3,1,1,335.2189726,0,6,6,4,6,2057,2057,2094,2057,16,13,0,9,0,4,7,0,0,0,0,0,0,0,52,12,0,0,0,0,0,0,0,52
3795,5,"3795-5",2,1,2,NA,NA,NA,NA,NA,NA,NA,3,2,2,335.2189726,0,9,9,6,6,2094,2065,2094,2065,32,24,0,14,30,4,7,0,0,0,0,0,0,0,52,12,0,0,0,0,0,0,0,52
3795,6,"3795-6",2,1,2,NA,NA,NA,NA,NA,NA,NA,3,2,2,335.2189726,0,9,0,6,6,2065,2094,2094,2065,48,32,1,14,30,4,7,0,0,0,0,0,0,0,52,12,0,0,0,0,0,0,0,52
3804,1,"3804-1",2,1,2,NA,NA,NA,NA,NA,NA,NA,1,1,1,49.29594978,0,6,6,3,3,2283,2182,2283,2182,16,14,0,9,35,5,5,0,0,0,0,0,0,0,70,80,0,0,0,0,0,0,0,80
3804,2,"3804-2",2,1,2,NA,NA,NA,NA,NA,NA,NA,1,1,1,49.29594978,1,6,9,3,3,2182,2122,2283,2182,17,16,1,9,35,5,5,0,0,0,0,0,0,0,70,80,0,0,0,0,0,0,0,80
3804,3,"3804-3",2,1,2,NA,NA,NA,NA,NA,NA,NA,1,1,1,49.29594978,1,6,6,3,3,2122,2140,2283,2182,19,17,1,9,35,5,5,0,0,0,0,0,0,0,70,80,0,0,0,0,0,0,0,80
3804,4,"3804-4",2,1,2,NA,NA,NA,NA,NA,NA,NA,1,1,1,49.29594978,0,6,0,3,3,2140,2283,2283,2182,48,19,1,9,35,5,5,0,0,0,0,0,0,0,70,80,0,0,0,0,0,0,0,80
3807,1,"3807-1",3,1,3,4,NA,NA,NA,NA,NA,NA,3,1,0,66.036645068,0,NA,5,3,NA,2739,2747,NA,NA,16,15,0,NA,NA,2,8,8,0,0,0,0,0,0,32,3,0,0,0,0,0,0,0,32
3807,2,"3807-2",3,1,3,4,NA,NA,NA,NA,NA,NA,3,1,0,66.036645068,1,NA,6,3,NA,2747,2743,NA,NA,16,16,1,NA,NA,2,8,8,0,0,0,0,0,0,32,3,0,0,0,0,0,0,0,32
3807,3,"3807-3",3,1,3,4,NA,NA,NA,NA,NA,NA,3,1,0,66.036645068,0,NA,0,3,NA,2743,2739,NA,NA,48,16,1,NA,NA,2,8,8,0,0,0,0,0,0,32,3,0,0,0,0,0,0,0,32
3812,1,"3812-1",2,1,2,NA,NA,NA,NA,NA,NA,NA,1,1,1,48.188402524,1,7,5,2,2,2367,2214,2367,2359,16,15,0,10,0,5,5,0,0,0,0,0,0,0,74,80,0,0,0,0,0,0,0,80
3812,2,"3812-2",2,1,2,NA,NA,NA,NA,NA,NA,NA,1,1,1,48.188402524,0,7,7,2,2,2214,2359,2367,2359,18,16,0,10,0,5,5,0,0,0,0,0,0,0,74,80,0,0,0,0,0,0,0,80
3812,3,"3812-3",2,1,2,NA,NA,NA,NA,NA,NA,NA,1,1,1,48.188402524,1,7,6,2,2,2359,2363,2367,2359,18,18,1,10,0,5,5,0,0,0,0,0,0,0,74,80,0,0,0,0,0,0,0,80
3812,4,"3812-4",2,1,2,NA,NA,NA,NA,NA,NA,NA,1,1,1,48.188402524,0,7,0,2,2,2363,2367,2367,2359,48,18,1,10,0,5,5,0,0,0,0,0,0,0,74,80,0,0,0,0,0,0,0,80
3816,8,"3816-8",2,1,3,NA,NA,NA,NA,NA,NA,NA,3,4,1,37.129045332,0,8,8,2,2,2546,2538,2546,2538,34,31,0,18,3,1,7,0,0,0,0,0,0,0,33,9,0,0,0,0,0,0,0,33
3816,9,"3816-9",2,1,3,NA,NA,NA,NA,NA,NA,NA,3,4,1,37.129045332,0,8,0,2,2,2538,2546,2546,2538,48,34,1,18,3,1,7,0,0,0,0,0,0,0,33,9,0,0,0,0,0,0,0,33
3825,1,"3825-1",2,1,2,NA,NA,NA,NA,NA,NA,NA,1,2,1,440.720822745,0,9,9,2,2,1430,1430,1430,1430,35,32,0,18,50,1,5,0,0,0,0,0,0,0,63,65,0,0,0,0,0,0,0,65
3825,2,"3825-2",2,1,2,NA,NA,NA,NA,NA,NA,NA,1,2,1,440.720822745,0,9,0,2,2,1430,1430,1430,1430,48,35,1,18,50,1,5,0,0,0,0,0,0,0,63,65,0,0,0,0,0,0,0,65
3840,1,"3840-1",2,1,3,NA,NA,NA,NA,NA,NA,NA,3,1,1,140.4504105,0,8,8,2,2,2275,2186,2275,2186,16,14,0,9,43,1,8,0,0,0,0,0,0,0,40,1,0,0,0,0,0,0,0,40
3840,2,"3840-2",2,1,3,NA,NA,NA,NA,NA,NA,NA,3,1,1,140.4504105,0,8,0,2,2,2186,2275,2275,2186,26,16,1,9,43,1,8,0,0,0,0,0,0,0,40,1,0,0,0,0,0,0,0,40
3840,3,"3840-3",2,1,3,NA,NA,NA,NA,NA,NA,NA,3,2,2,140.4504105,0,5,5,2,2,2275,2307,2275,2307,29,26,0,15,46,1,8,0,0,0,0,0,0,0,40,1,0,0,0,0,0,0,0,40
3840,4,"3840-4",2,1,3,NA,NA,NA,NA,NA,NA,NA,3,2,2,140.4504105,1,5,5,2,2,2307,2304,2275,2307,29,29,1,15,46,1,8,0,0,0,0,0,0,0,40,1,0,0,0,0,0,0,0,40
3840,5,"3840-5",2,1,3,NA,NA,NA,NA,NA,NA,NA,3,2,2,140.4504105,0,5,0,2,2,2304,2275,2275,2307,48,29,1,15,46,1,8,0,0,0,0,0,0,0,40,1,0,0,0,0,0,0,0,40
3850,1,"3850-1",2,1,2,NA,NA,NA,NA,NA,NA,NA,1,2,1,88.3589512,0,9,9,2,2,731,927,731,927,37,32,0,18,30,4,1,0,0,0,0,0,0,0,45,37,0,0,0,0,0,0,0,45
3850,2,"3850-2",2,1,2,NA,NA,NA,NA,NA,NA,NA,1,2,1,88.3589512,0,9,0,2,2,927,731,731,927,48,37,1,18,30,4,1,0,0,0,0,0,0,0,45,37,0,0,0,0,0,0,0,45
3861,1,"3861-1",2,1,2,NA,NA,NA,NA,NA,NA,NA,1,1,1,68.857439234,1,5,9,2,2,579,586,579,619,17,15,0,10,15,5,4,0,0,0,0,0,0,0,73,60,0,0,0,0,0,0,0,73
3861,2,"3861-2",2,1,2,NA,NA,NA,NA,NA,NA,NA,1,1,1,68.857439234,1,5,5,2,2,586,585,579,619,17,17,0,10,15,5,4,0,0,0,0,0,0,0,73,60,0,0,0,0,0,0,0,73
3861,3,"3861-3",2,1,2,NA,NA,NA,NA,NA,NA,NA,1,1,1,68.857439234,1,5,7,2,2,585,617,579,619,18,17,0,10,15,5,4,0,0,0,0,0,0,0,73,60,0,0,0,0,0,0,0,73
3861,4,"3861-4",2,1,2,NA,NA,NA,NA,NA,NA,NA,1,1,1,68.857439234,0,5,5,2,2,617,619,579,619,20,18,0,10,15,5,4,0,0,0,0,0,0,0,73,60,0,0,0,0,0,0,0,73
3861,5,"3861-5",2,1,2,NA,NA,NA,NA,NA,NA,NA,1,1,1,68.857439234,0,5,0,2,2,619,579,579,619,48,20,1,10,15,5,4,0,0,0,0,0,0,0,73,60,0,0,0,0,0,0,0,73
3864,4,"3864-4",3,1,2,3,NA,NA,NA,NA,NA,NA,3,4,1,106.926542408,0,9,9,3,3,1628,1624,1628,1624,33,31,0,18,20,1,7,8,0,0,0,0,0,0,46,7,4,0,0,0,0,0,0,46
3864,5,"3864-5",3,1,2,3,NA,NA,NA,NA,NA,NA,3,4,1,106.926542408,0,9,0,3,3,1624,1628,1628,1624,48,33,1,18,20,1,7,8,0,0,0,0,0,0,46,7,4,0,0,0,0,0,0,46
3865,1,"3865-1",2,1,2,NA,NA,NA,NA,NA,NA,NA,1,2,1,490.188149038,0,6,6,2,2,1214,1388,1214,1388,26,24,0,14,30,5,5,0,0,0,0,0,0,0,68,67,0,0,0,0,0,0,0,68
3865,2,"3865-2",2,1,2,NA,NA,NA,NA,NA,NA,NA,1,2,1,490.188149038,0,6,0,2,2,1388,1214,1214,1388,34,26,1,14,30,5,5,0,0,0,0,0,0,0,68,67,0,0,0,0,0,0,0,68
3875,1,"3875-1",2,1,2,NA,NA,NA,NA,NA,NA,NA,1,1,1,424.1433431,0,5,5,2,2,1669,1790,1669,1790,27,25,0,15,0,3,4,0,0,0,0,0,0,0,27,59,0,0,0,0,0,0,0,59
3875,2,"3875-2",2,1,2,NA,NA,NA,NA,NA,NA,NA,1,1,1,424.1433431,0,5,0,2,2,1790,1669,1669,1790,28,27,1,15,0,3,4,0,0,0,0,0,0,0,27,59,0,0,0,0,0,0,0,59
3875,3,"3875-3",2,1,2,NA,NA,NA,NA,NA,NA,NA,1,2,2,424.1433431,0,6,6,2,2,1669,1734,1669,1734,31,28,0,16,50,3,4,0,0,0,0,0,0,0,27,59,0,0,0,0,0,0,0,59
3875,4,"3875-4",2,1,2,NA,NA,NA,NA,NA,NA,NA,1,2,2,424.1433431,0,6,0,2,2,1734,1669,1669,1734,32,31,1,16,50,3,4,0,0,0,0,0,0,0,27,59,0,0,0,0,0,0,0,59
3875,5,"3875-5",2,1,2,NA,NA,NA,NA,NA,NA,NA,1,3,3,424.1433431,1,5,7,2,2,1669,1734,1669,1734,34,32,0,18,50,3,4,0,0,0,0,0,0,0,27,59,0,0,0,0,0,0,0,59
3875,6,"3875-6",2,1,2,NA,NA,NA,NA,NA,NA,NA,1,3,3,424.1433431,0,5,5,2,2,1734,1734,1669,1734,37,34,0,18,50,3,4,0,0,0,0,0,0,0,27,59,0,0,0,0,0,0,0,59
3875,7,"3875-7",2,1,2,NA,NA,NA,NA,NA,NA,NA,1,3,3,424.1433431,0,5,0,2,2,1734,1669,1669,1734,48,37,1,18,50,3,4,0,0,0,0,0,0,0,27,59,0,0,0,0,0,0,0,59
3893,2,"3893-2",2,1,5,NA,NA,NA,NA,NA,NA,NA,3,2,1,35.1429872,0,9,9,2,2,2739,2734,2739,2734,18,15,0,10,0,3,8,0,0,0,0,0,0,0,40,2,0,0,0,0,0,0,0,40
3893,3,"3893-3",2,1,5,NA,NA,NA,NA,NA,NA,NA,3,2,1,35.1429872,0,9,0,2,2,2734,2739,2739,2734,25,18,1,10,0,3,8,0,0,0,0,0,0,0,40,2,0,0,0,0,0,0,0,40
3893,4,"3893-4",2,1,5,NA,NA,NA,NA,NA,NA,NA,3,3,2,35.1429872,0,5,5,2,2,2739,2741,2739,2741,27,25,0,15,0,3,8,0,0,0,0,0,0,0,40,2,0,0,0,0,0,0,0,40
3893,5,"3893-5",2,1,5,NA,NA,NA,NA,NA,NA,NA,3,3,2,35.1429872,0,5,0,2,2,2741,2739,2739,2741,48,27,1,15,0,3,8,0,0,0,0,0,0,0,40,2,0,0,0,0,0,0,0,40
3898,1,"3898-1",3,1,3,4,NA,NA,NA,NA,NA,NA,1,1,1,175.9691828,0,5,5,3,3,2589,2686,2589,2686,22,17,0,11,0,4,4,4,0,0,0,0,0,0,54,21,25,0,0,0,0,0,0,54
3898,2,"3898-2",3,1,3,4,NA,NA,NA,NA,NA,NA,1,1,1,175.9691828,0,5,0,3,3,2686,2589,2589,2686,48,22,1,11,0,4,4,4,0,0,0,0,0,0,54,21,25,0,0,0,0,0,0,54
3914,5,"3914-5",2,1,3,NA,NA,NA,NA,NA,NA,NA,3,2,1,56.105025392,0,4,4,2,2,2471,2430,2471,2430,36,33,0,19,0,2,7,0,0,0,0,0,0,0,39,12,0,0,0,0,0,0,0,39
3914,6,"3914-6",2,1,3,NA,NA,NA,NA,NA,NA,NA,3,2,1,56.105025392,0,4,0,2,2,2430,2471,2471,2430,48,36,1,19,0,2,7,0,0,0,0,0,0,0,39,12,0,0,0,0,0,0,0,39
3916,1,"3916-1",2,1,2,NA,NA,NA,NA,NA,NA,NA,1,2,1,118.392874005,0,6,6,2,2,1625,1625,1625,1625,29,28,0,16,57,1,1,0,0,0,0,0,0,0,54,53,0,0,0,0,0,0,0,54
3916,2,"3916-2",2,1,2,NA,NA,NA,NA,NA,NA,NA,1,2,1,118.392874005,0,6,0,2,2,1625,1625,1625,1625,48,29,1,16,57,1,1,0,0,0,0,0,0,0,54,53,0,0,0,0,0,0,0,54
3929,1,"3929-1",3,1,3,4,NA,NA,NA,NA,NA,NA,3,1,1,34.8429738,0,2,2,3,3,2513,2503,2513,2503,16,12,0,8,47,3,8,8,0,0,0,0,0,0,26,2,0,0,0,0,0,0,0,26
3929,2,"3929-2",3,1,3,4,NA,NA,NA,NA,NA,NA,3,1,1,34.8429738,1,2,6,3,3,2503,2511,2513,2503,16,16,1,8,47,3,8,8,0,0,0,0,0,0,26,2,0,0,0,0,0,0,0,26
3929,3,"3929-3",3,1,3,4,NA,NA,NA,NA,NA,NA,3,1,1,34.8429738,0,2,0,3,3,2511,2513,2513,2503,26,16,1,8,47,3,8,8,0,0,0,0,0,0,26,2,0,0,0,0,0,0,0,26
3929,4,"3929-4",2,1,4,NA,NA,NA,NA,NA,NA,NA,3,3,2,34.8429738,1,8,4,2,3,2513,2502,2513,9999,32,32,0,18,35,3,8,0,0,0,0,0,0,0,26,0,0,0,0,0,0,0,0,26
3929,5,"3929-5",2,1,4,NA,NA,NA,NA,NA,NA,NA,3,3,2,34.8429738,0,8,8,3,3,2502,9999,2513,9999,38,32,0,18,35,3,8,0,0,0,0,0,0,0,26,0,0,0,0,0,0,0,0,26
3929,6,"3929-6",2,1,4,NA,NA,NA,NA,NA,NA,NA,3,3,2,34.8429738,1,8,4,3,3,9999,2502,2513,9999,39,38,1,18,35,3,8,0,0,0,0,0,0,0,26,0,0,0,0,0,0,0,0,26
3929,7,"3929-7",2,1,4,NA,NA,NA,NA,NA,NA,NA,3,3,2,34.8429738,0,8,0,2,3,2502,2513,2513,9999,48,39,1,18,35,3,8,0,0,0,0,0,0,0,26,0,0,0,0,0,0,0,0,26
3934,2,"3934-2",2,1,4,NA,NA,NA,NA,NA,NA,NA,3,2,1,136.18320772,0,9,9,3,3,1490,1481,1490,1481,35,32,0,18,50,1,7,0,0,0,0,0,0,0,45,9,0,0,0,0,0,0,0,45
3934,3,"3934-3",2,1,4,NA,NA,NA,NA,NA,NA,NA,3,2,1,136.18320772,0,9,0,3,3,1481,1490,1490,1481,48,35,1,18,50,1,7,0,0,0,0,0,0,0,45,9,0,0,0,0,0,0,0,45
3944,1,"3944-1",2,2,3,NA,NA,NA,NA,NA,NA,NA,3,1,1,474.1151278,0,5,5,2,2,993,411,993,411,15,13,0,9,15,4,8,0,0,0,0,0,0,0,39,2,0,0,0,0,0,0,0,39
3944,2,"3944-2",2,2,3,NA,NA,NA,NA,NA,NA,NA,3,1,1,474.1151278,0,5,0,2,2,411,993,993,411,48,15,1,9,15,4,8,0,0,0,0,0,0,0,39,2,0,0,0,0,0,0,0,39
3945,1,"3945-1",2,1,2,NA,NA,NA,NA,NA,NA,NA,1,2,1,72.732502815,0,6,6,2,2,2282,2385,2282,2385,33,32,0,18,45,1,4,0,0,0,0,0,0,0,59,59,0,0,0,0,0,0,0,59
3945,2,"3945-2",2,1,2,NA,NA,NA,NA,NA,NA,NA,1,2,1,72.732502815,0,6,0,2,2,2385,2282,2282,2385,48,33,1,18,45,1,4,0,0,0,0,0,0,0,59,59,0,0,0,0,0,0,0,59
3952,3,"3952-3",2,1,5,NA,NA,NA,NA,NA,NA,NA,3,2,1,226.5669682,1,5,6,2,2,2551,2554,2551,2654,22,21,0,13,28,4,8,0,0,0,0,0,0,0,30,0,0,0,0,0,0,0,0,30
3952,4,"3952-4",2,1,5,NA,NA,NA,NA,NA,NA,NA,3,2,1,226.5669682,1,5,5,2,2,2554,2669,2551,2654,23,22,0,13,28,4,8,0,0,0,0,0,0,0,30,0,0,0,0,0,0,0,0,30
3952,5,"3952-5",2,1,5,NA,NA,NA,NA,NA,NA,NA,3,2,1,226.5669682,0,5,5,2,2,2669,2654,2551,2654,25,23,0,13,28,4,8,0,0,0,0,0,0,0,30,0,0,0,0,0,0,0,0,30
3952,6,"3952-6",2,1,5,NA,NA,NA,NA,NA,NA,NA,3,2,1,226.5669682,0,5,0,2,2,2654,2551,2551,2654,32,25,1,13,28,4,8,0,0,0,0,0,0,0,30,0,0,0,0,0,0,0,0,30
3953,1,"3953-1",2,1,2,NA,NA,NA,NA,NA,NA,NA,1,3,1,24.404374365,0,7,7,2,2,2608,2675,2608,2675,34,29,0,17,0,1,4,0,0,0,0,0,0,0,63,63,0,0,0,0,0,0,0,63
3953,2,"3953-2",2,1,2,NA,NA,NA,NA,NA,NA,NA,1,3,1,24.404374365,0,7,0,2,2,2675,2608,2608,2675,48,34,1,17,0,1,4,0,0,0,0,0,0,0,63,63,0,0,0,0,0,0,0,63
3955,3,"3955-3",2,1,4,NA,NA,NA,NA,NA,NA,NA,3,2,1,604.707315136,0,9,9,2,2,2397,2299,2397,2299,35,29,0,17,0,1,7,0,0,0,0,0,0,0,49,10,0,0,0,0,0,0,0,49
3955,4,"3955-4",2,1,4,NA,NA,NA,NA,NA,NA,NA,3,2,1,604.707315136,0,9,0,2,2,2299,2397,2397,2299,48,35,1,17,0,1,7,0,0,0,0,0,0,0,49,10,0,0,0,0,0,0,0,49
3962,2,"3962-2",2,1,2,NA,NA,NA,NA,NA,NA,NA,1,2,1,196.89322674,0,7,7,3,3,711,711,711,711,19,18,0,11,57,1,1,0,0,0,0,0,0,0,56,55,0,0,0,0,0,0,0,56
3962,3,"3962-3",2,1,2,NA,NA,NA,NA,NA,NA,NA,1,2,1,196.89322674,0,7,1,3,3,711,711,711,711,24,19,1,11,57,1,1,0,0,0,0,0,0,0,56,55,0,0,0,0,0,0,0,56
3969,1,"3969-1",2,1,2,NA,NA,NA,NA,NA,NA,NA,1,2,1,18.312200342,0,4,4,2,2,2652,2539,2652,2539,20,19,0,12,0,5,5,0,0,0,0,0,0,0,68,69,0,0,0,0,0,0,0,69
3969,2,"3969-2",2,1,2,NA,NA,NA,NA,NA,NA,NA,1,2,1,18.312200342,0,4,0,2,2,2539,2652,2652,2539,23,20,1,12,0,5,5,0,0,0,0,0,0,0,68,69,0,0,0,0,0,0,0,69
3973,5,"3973-5",2,1,3,NA,NA,NA,NA,NA,NA,NA,3,3,1,680.901935436,0,9,9,2,2,783,848,783,848,32,28,0,16,40,1,7,0,0,0,0,0,0,0,37,9,0,0,0,0,0,0,0,37
3973,6,"3973-6",2,1,3,NA,NA,NA,NA,NA,NA,NA,3,3,1,680.901935436,1,9,7,2,2,848,792,783,848,33,32,1,16,40,1,7,0,0,0,0,0,0,0,37,9,0,0,0,0,0,0,0,37
3973,7,"3973-7",2,1,3,NA,NA,NA,NA,NA,NA,NA,3,3,1,680.901935436,0,9,0,2,2,792,783,783,848,48,33,1,16,40,1,7,0,0,0,0,0,0,0,37,9,0,0,0,0,0,0,0,37
3976,1,"3976-1",2,1,2,NA,NA,NA,NA,NA,NA,NA,3,2,1,96.872839692,0,7,7,2,2,1155,1024,1155,1024,34,33,0,19,23,1,6,0,0,0,0,0,0,0,47,17,0,0,0,0,0,0,0,47
3976,2,"3976-2",2,1,2,NA,NA,NA,NA,NA,NA,NA,3,2,1,96.872839692,0,7,0,2,2,1024,1155,1155,1024,48,34,1,19,23,1,6,0,0,0,0,0,0,0,47,17,0,0,0,0,0,0,0,47
3980,1,"3980-1",2,3,4,NA,NA,NA,NA,NA,NA,NA,1,1,1,1232.8446773,0,9,9,9,9,509,510,509,510,25,11,0,8,0,3,3,0,0,0,0,0,0,0,26,21,0,0,0,0,0,0,0,26
3980,2,"3980-2",2,3,4,NA,NA,NA,NA,NA,NA,NA,1,1,1,1232.8446773,0,9,0,9,9,510,509,509,510,48,25,1,8,0,3,3,0,0,0,0,0,0,0,26,21,0,0,0,0,0,0,0,26
3985,1,"3985-1",2,1,2,NA,NA,NA,NA,NA,NA,NA,1,1,1,35.630287875,0,6,6,2,2,1549,1294,1549,1294,14,11,0,8,0,5,5,0,0,0,0,0,0,0,69,69,0,0,0,0,0,0,0,69
3985,2,"3985-2",2,1,2,NA,NA,NA,NA,NA,NA,NA,1,1,1,35.630287875,1,6,5,2,2,1294,1351,1549,1294,16,14,1,8,0,5,5,0,0,0,0,0,0,0,69,69,0,0,0,0,0,0,0,69
3985,3,"3985-3",2,1,2,NA,NA,NA,NA,NA,NA,NA,1,1,1,35.630287875,0,6,0,2,2,1351,1549,1549,1294,18,16,1,8,0,5,5,0,0,0,0,0,0,0,69,69,0,0,0,0,0,0,0,69
3987,3,"3987-3",2,2,3,NA,NA,NA,NA,NA,NA,NA,3,2,1,105.698199384,0,9,9,2,2,796,814,796,814,33,30,0,17,40,1,7,0,0,0,0,0,0,0,38,7,0,0,0,0,0,0,0,38
3987,4,"3987-4",2,2,3,NA,NA,NA,NA,NA,NA,NA,3,2,1,105.698199384,0,9,0,2,2,814,796,796,814,48,33,1,17,40,1,7,0,0,0,0,0,0,0,38,7,0,0,0,0,0,0,0,38
3989,1,"3989-1",2,1,2,NA,NA,NA,NA,NA,NA,NA,1,4,1,64.70155188,0,7,7,2,2,2359,2207,2359,2207,36,33,0,19,0,2,1,0,0,0,0,0,0,0,67,55,0,0,0,0,0,0,0,67
3989,2,"3989-2",2,1,2,NA,NA,NA,NA,NA,NA,NA,1,4,1,64.70155188,1,7,5,2,2,2207,2363,2359,2207,37,36,1,19,0,2,1,0,0,0,0,0,0,0,67,55,0,0,0,0,0,0,0,67
3989,3,"3989-3",2,1,2,NA,NA,NA,NA,NA,NA,NA,1,4,1,64.70155188,0,7,0,2,2,2363,2359,2359,2207,48,37,1,19,0,2,1,0,0,0,0,0,0,0,67,55,0,0,0,0,0,0,0,67
3990,1,"3990-1",2,1,2,NA,NA,NA,NA,NA,NA,NA,1,1,1,147.773369365,0,6,6,2,2,288,1035,288,1035,20,16,0,10,30,5,5,0,0,0,0,0,0,0,76,75,0,0,0,0,0,0,0,76
3990,2,"3990-2",2,1,2,NA,NA,NA,NA,NA,NA,NA,1,1,1,147.773369365,1,6,5,2,2,1035,800,288,1035,25,20,1,10,30,5,5,0,0,0,0,0,0,0,76,75,0,0,0,0,0,0,0,76
3990,3,"3990-3",2,1,2,NA,NA,NA,NA,NA,NA,NA,1,1,1,147.773369365,1,6,5,2,2,800,438,288,1035,28,25,1,10,30,5,5,0,0,0,0,0,0,0,76,75,0,0,0,0,0,0,0,76
3990,4,"3990-4",2,1,2,NA,NA,NA,NA,NA,NA,NA,1,1,1,147.773369365,1,6,5,2,2,438,420,288,1035,31,28,1,10,30,5,5,0,0,0,0,0,0,0,76,75,0,0,0,0,0,0,0,76
3990,5,"3990-5",2,1,2,NA,NA,NA,NA,NA,NA,NA,1,1,1,147.773369365,0,6,0,2,2,420,288,288,1035,48,31,1,10,30,5,5,0,0,0,0,0,0,0,76,75,0,0,0,0,0,0,0,76
3995,1,"3995-1",2,1,2,NA,NA,NA,NA,NA,NA,NA,1,1,1,521.894321809,0,7,7,2,2,1523,1363,1523,1363,22,21,0,13,5,5,5,0,0,0,0,0,0,0,76,78,0,0,0,0,0,0,0,78
3995,2,"3995-2",2,1,2,NA,NA,NA,NA,NA,NA,NA,1,1,1,521.894321809,0,7,0,2,2,1363,1523,1523,1363,26,22,1,13,5,5,5,0,0,0,0,0,0,0,76,78,0,0,0,0,0,0,0,78
3996,1,"3996-1",2,1,2,NA,NA,NA,NA,NA,NA,NA,1,3,1,141.4214452,0,8,8,3,3,2546,2519,2546,2519,33,29,0,17,27,2,2,0,0,0,0,0,0,0,68,69,0,0,0,0,0,0,0,69
3996,2,"3996-2",2,1,2,NA,NA,NA,NA,NA,NA,NA,1,3,1,141.4214452,0,8,0,3,3,2519,2546,2546,2519,48,33,1,17,27,2,2,0,0,0,0,0,0,0,68,69,0,0,0,0,0,0,0,69
3998,1,"3998-1",2,1,3,NA,NA,NA,NA,NA,NA,NA,1,2,1,67.518313485,1,5,6,2,2,2696,2374,2696,1662,24,23,0,14,0,2,4,0,0,0,0,0,0,0,58,34,0,0,0,0,0,0,0,58
3998,2,"3998-2",2,1,3,NA,NA,NA,NA,NA,NA,NA,1,2,1,67.518313485,0,5,5,2,2,2374,1662,2696,1662,28,24,0,14,0,2,4,0,0,0,0,0,0,0,58,34,0,0,0,0,0,0,0,58
3998,3,"3998-3",2,1,3,NA,NA,NA,NA,NA,NA,NA,1,2,1,67.518313485,0,5,0,2,2,1662,2696,2696,1662,48,28,1,14,0,2,4,0,0,0,0,0,0,0,58,34,0,0,0,0,0,0,0,58
4010,1,"4010-1",2,3,4,NA,NA,NA,NA,NA,NA,NA,2,1,1,265.9169822,0,3,3,9,9,890,897,890,897,24,10,0,7,30,7,7,0,0,0,0,0,0,0,13,11,0,0,0,0,0,0,0,13
4010,2,"4010-2",2,3,4,NA,NA,NA,NA,NA,NA,NA,2,1,1,265.9169822,0,3,0,9,9,897,890,890,897,48,24,1,7,30,7,7,0,0,0,0,0,0,0,13,11,0,0,0,0,0,0,0,13
4029,1,"4029-1",2,1,2,NA,NA,NA,NA,NA,NA,NA,1,1,1,430.108037918,0,6,6,2,2,1431,1390,1431,1390,19,16,0,10,30,5,5,0,0,0,0,0,0,0,79,80,0,0,0,0,0,0,0,80
4029,2,"4029-2",2,1,2,NA,NA,NA,NA,NA,NA,NA,1,1,1,430.108037918,1,6,7,2,2,1390,1431,1431,1390,24,19,1,10,30,5,5,0,0,0,0,0,0,0,79,80,0,0,0,0,0,0,0,80
4029,3,"4029-3",2,1,2,NA,NA,NA,NA,NA,NA,NA,1,1,1,430.108037918,1,6,6,2,2,1431,1423,1431,1390,24,24,1,10,30,5,5,0,0,0,0,0,0,0,79,80,0,0,0,0,0,0,0,80
4029,4,"4029-4",2,1,2,NA,NA,NA,NA,NA,NA,NA,1,1,1,430.108037918,1,6,6,2,2,1423,1430,1431,1390,26,24,1,10,30,5,5,0,0,0,0,0,0,0,79,80,0,0,0,0,0,0,0,80
4029,5,"4029-5",2,1,2,NA,NA,NA,NA,NA,NA,NA,1,1,1,430.108037918,0,6,0,2,2,1430,1431,1431,1390,48,26,1,10,30,5,5,0,0,0,0,0,0,0,79,80,0,0,0,0,0,0,0,80
4034,1,"4034-1",2,1,2,NA,NA,NA,NA,NA,NA,NA,1,2,1,48.183648975,0,7,7,2,2,1507,1428,1507,1428,36,33,0,19,0,1,5,0,0,0,0,0,0,0,58,65,0,0,0,0,0,0,0,65
4034,2,"4034-2",2,1,2,NA,NA,NA,NA,NA,NA,NA,1,2,1,48.183648975,0,7,0,2,2,1428,1507,1507,1428,48,36,1,19,0,1,5,0,0,0,0,0,0,0,58,65,0,0,0,0,0,0,0,65
4036,1,"4036-1",2,2,3,NA,NA,NA,NA,NA,NA,NA,3,1,1,839.667633048,1,6,8,2,2,782,1365,782,902,23,14,0,9,50,2,8,0,0,0,0,0,0,0,24,0,0,0,0,0,0,0,0,24
4036,2,"4036-2",2,2,3,NA,NA,NA,NA,NA,NA,NA,3,1,1,839.667633048,1,6,8,2,2,1365,1355,782,902,24,23,0,9,50,2,8,0,0,0,0,0,0,0,24,0,0,0,0,0,0,0,0,24
4036,3,"4036-3",2,2,3,NA,NA,NA,NA,NA,NA,NA,3,1,1,839.667633048,0,6,6,2,2,1355,902,782,902,29,24,0,9,50,2,8,0,0,0,0,0,0,0,24,0,0,0,0,0,0,0,0,24
4036,4,"4036-4",2,2,3,NA,NA,NA,NA,NA,NA,NA,3,1,1,839.667633048,0,6,0,2,2,902,782,782,902,48,29,1,9,50,2,8,0,0,0,0,0,0,0,24,0,0,0,0,0,0,0,0,24
4042,1,"4042-1",2,2,3,NA,NA,NA,NA,NA,NA,NA,1,1,1,224.746713268,0,5,5,2,2,2378,1659,2378,1659,15,12,0,8,56,4,4,0,0,0,0,0,0,0,64,62,0,0,0,0,0,0,0,64
4042,2,"4042-2",2,2,3,NA,NA,NA,NA,NA,NA,NA,1,1,1,224.746713268,1,5,7,2,2,1659,1649,2378,1659,16,15,1,8,56,4,4,0,0,0,0,0,0,0,64,62,0,0,0,0,0,0,0,64
4042,3,"4042-3",2,2,3,NA,NA,NA,NA,NA,NA,NA,1,1,1,224.746713268,0,5,0,2,2,1649,2378,2378,1659,48,16,1,8,56,4,4,0,0,0,0,0,0,0,64,62,0,0,0,0,0,0,0,64
4043,1,"4043-1",2,3,4,NA,NA,NA,NA,NA,NA,NA,2,1,1,118.330018128,0,3,3,2,2,1549,1482,1549,1482,17,9,0,7,0,6,6,0,0,0,0,0,0,0,17,17,0,0,0,0,0,0,0,17
4043,2,"4043-2",2,3,4,NA,NA,NA,NA,NA,NA,NA,2,1,1,118.330018128,1,3,9,2,2,1482,1490,1549,1482,25,17,1,7,0,6,6,0,0,0,0,0,0,0,17,17,0,0,0,0,0,0,0,17
4043,3,"4043-3",2,3,4,NA,NA,NA,NA,NA,NA,NA,2,1,1,118.330018128,0,3,0,2,2,1490,1549,1549,1482,48,25,1,7,0,6,6,0,0,0,0,0,0,0,17,17,0,0,0,0,0,0,0,17
4047,8,"4047-8",2,1,5,NA,NA,NA,NA,NA,NA,NA,3,2,1,187.86206728,0,9,9,2,2,2509,2498,2509,2498,30,27,0,16,15,1,8,0,0,0,0,0,0,0,40,5,0,0,0,0,0,0,0,40
4047,9,"4047-9",2,1,5,NA,NA,NA,NA,NA,NA,NA,3,2,1,187.86206728,0,9,0,2,2,2498,2509,2509,2498,48,30,1,16,15,1,8,0,0,0,0,0,0,0,40,5,0,0,0,0,0,0,0,40
4054,1,"4054-1",3,1,2,3,NA,NA,NA,NA,NA,NA,3,1,1,31.9615451,0,7,7,3,3,2696,2734,2696,2734,35,32,0,18,43,4,1,8,0,0,0,0,0,0,33,42,2,0,0,0,0,0,0,42
4054,2,"4054-2",3,1,2,3,NA,NA,NA,NA,NA,NA,3,1,1,31.9615451,1,7,5,3,3,2734,2715,2696,2734,36,35,1,18,43,4,1,8,0,0,0,0,0,0,33,42,2,0,0,0,0,0,0,42
4054,3,"4054-3",3,1,2,3,NA,NA,NA,NA,NA,NA,3,1,1,31.9615451,0,7,0,3,3,2715,2696,2696,2734,48,36,1,18,43,4,1,8,0,0,0,0,0,0,33,42,2,0,0,0,0,0,0,42
4062,1,"4062-1",2,2,4,NA,NA,NA,NA,NA,NA,NA,1,3,1,141.065451345,0,7,7,2,2,1057,1025,1057,1025,21,19,0,12,10,1,3,0,0,0,0,0,0,0,50,19,0,0,0,0,0,0,0,50
4062,2,"4062-2",2,2,4,NA,NA,NA,NA,NA,NA,NA,1,3,1,141.065451345,0,7,1,2,2,1025,1057,1057,1025,28,21,1,12,10,1,3,0,0,0,0,0,0,0,50,19,0,0,0,0,0,0,0,50
4063,1,"4063-1",2,1,2,NA,NA,NA,NA,NA,NA,NA,1,2,1,116.31020541,0,5,5,2,2,2278,2198,2278,2198,34,31,0,18,0,1,1,0,0,0,0,0,0,0,52,54,0,0,0,0,0,0,0,54
4063,2,"4063-2",2,1,2,NA,NA,NA,NA,NA,NA,NA,1,2,1,116.31020541,0,5,0,2,2,2198,2278,2278,2198,48,34,1,18,0,1,1,0,0,0,0,0,0,0,52,54,0,0,0,0,0,0,0,54
4067,1,"4067-1",2,1,2,NA,NA,NA,NA,NA,NA,NA,1,1,1,29.500685192,0,6,6,2,2,1337,1416,1337,1416,24,19,0,12,0,5,5,0,0,0,0,0,0,0,71,65,0,0,0,0,0,0,0,71
4067,2,"4067-2",2,1,2,NA,NA,NA,NA,NA,NA,NA,1,1,1,29.500685192,0,6,0,2,2,1416,1337,1337,1416,27,24,1,12,0,5,5,0,0,0,0,0,0,0,71,65,0,0,0,0,0,0,0,71
4070,1,"4070-1",2,3,4,NA,NA,NA,NA,NA,NA,NA,2,1,1,543.3228591,0,3,3,9,9,1614,1601,1614,1601,27,12,0,8,30,7,7,0,0,0,0,0,0,0,10,8,0,0,0,0,0,0,0,10
4070,2,"4070-2",2,3,4,NA,NA,NA,NA,NA,NA,NA,2,1,1,543.3228591,0,3,0,9,9,1601,1614,1614,1601,48,27,1,8,30,7,7,0,0,0,0,0,0,0,10,8,0,0,0,0,0,0,0,10
4073,3,"4073-3",2,1,4,NA,NA,NA,NA,NA,NA,NA,3,2,1,581.945590512,0,9,9,2,2,1144,1147,1144,1147,30,29,0,17,20,2,7,0,0,0,0,0,0,0,42,8,0,0,0,0,0,0,0,42
4073,4,"4073-4",2,1,4,NA,NA,NA,NA,NA,NA,NA,3,2,1,581.945590512,0,9,0,2,2,1147,1144,1144,1147,48,30,1,17,20,2,7,0,0,0,0,0,0,0,42,8,0,0,0,0,0,0,0,42
4078,1,"4078-1",2,1,2,NA,NA,NA,NA,NA,NA,NA,1,2,1,85.0404594,1,8,7,2,2,1455,1402,1455,1249,32,29,0,17,15,2,1,0,0,0,0,0,0,0,57,59,0,0,0,0,0,0,0,59
4078,2,"4078-2",2,1,2,NA,NA,NA,NA,NA,NA,NA,1,2,1,85.0404594,0,8,8,2,2,1402,1249,1455,1249,37,32,0,17,15,2,1,0,0,0,0,0,0,0,57,59,0,0,0,0,0,0,0,59
4078,3,"4078-3",2,1,2,NA,NA,NA,NA,NA,NA,NA,1,2,1,85.0404594,0,8,0,2,2,1249,1455,1455,1249,48,37,1,17,15,2,1,0,0,0,0,0,0,0,57,59,0,0,0,0,0,0,0,59
4079,1,"4079-1",2,1,2,NA,NA,NA,NA,NA,NA,NA,1,2,1,66.9038494,0,7,7,2,2,2208,2134,2208,2134,37,34,0,19,30,1,1,0,0,0,0,0,0,0,27,28,0,0,0,0,0,0,0,28
4079,2,"4079-2",2,1,2,NA,NA,NA,NA,NA,NA,NA,1,2,1,66.9038494,0,7,0,2,2,2134,2208,2208,2134,48,37,1,19,30,1,1,0,0,0,0,0,0,0,27,28,0,0,0,0,0,0,0,28
4081,2,"4081-2",2,1,6,NA,NA,NA,NA,NA,NA,NA,3,1,1,191.4898344,1,5,6,2,2,543,543,543,449,17,17,0,11,5,4,8,0,0,0,0,0,0,0,38,4,0,0,0,0,0,0,0,38
4081,3,"4081-3",2,1,6,NA,NA,NA,NA,NA,NA,NA,3,1,1,191.4898344,1,5,6,2,2,543,512,543,449,17,17,0,11,5,4,8,0,0,0,0,0,0,0,38,4,0,0,0,0,0,0,0,38
4081,4,"4081-4",2,1,6,NA,NA,NA,NA,NA,NA,NA,3,1,1,191.4898344,0,5,5,2,2,512,449,543,449,20,17,0,11,5,4,8,0,0,0,0,0,0,0,38,4,0,0,0,0,0,0,0,38
4081,5,"4081-5",2,1,6,NA,NA,NA,NA,NA,NA,NA,3,1,1,191.4898344,1,5,6,2,2,449,512,543,449,22,20,1,11,5,4,8,0,0,0,0,0,0,0,38,4,0,0,0,0,0,0,0,38
4081,6,"4081-6",2,1,6,NA,NA,NA,NA,NA,NA,NA,3,1,1,191.4898344,0,5,0,2,2,512,543,543,449,24,22,1,11,5,4,8,0,0,0,0,0,0,0,38,4,0,0,0,0,0,0,0,38
4085,1,"4085-1",3,1,2,3,NA,NA,NA,NA,NA,NA,3,1,1,47.526793028,0,5,5,3,3,2712,2764,2712,2764,20,18,0,11,35,2,1,8,0,0,0,0,0,0,36,45,3,0,0,0,0,0,0,45
4085,2,"4085-2",3,1,2,3,NA,NA,NA,NA,NA,NA,3,1,1,47.526793028,0,5,0,3,3,2764,2712,2712,2764,25,20,1,11,35,2,1,8,0,0,0,0,0,0,36,45,3,0,0,0,0,0,0,45
4086,1,"4086-1",2,1,2,NA,NA,NA,NA,NA,NA,NA,3,1,0,105.4588099,0,NA,5,3,NA,2638,2686,NA,NA,22,17,0,NA,NA,4,8,0,0,0,0,0,0,0,29,0,0,0,0,0,0,0,0,29
4086,2,"4086-2",2,1,2,NA,NA,NA,NA,NA,NA,NA,3,1,0,105.4588099,1,NA,7,3,NA,2686,2687,NA,NA,25,22,1,NA,NA,4,8,0,0,0,0,0,0,0,29,0,0,0,0,0,0,0,0,29
4086,3,"4086-3",2,1,2,NA,NA,NA,NA,NA,NA,NA,3,1,0,105.4588099,0,NA,0,3,NA,2687,2638,NA,NA,48,25,1,NA,NA,4,8,0,0,0,0,0,0,0,29,0,0,0,0,0,0,0,0,29
4093,2,"4093-2",2,1,2,NA,NA,NA,NA,NA,NA,NA,1,2,1,51.539087985,0,5,5,2,2,856,830,856,830,18,15,0,10,15,2,4,0,0,0,0,0,0,0,67,58,0,0,0,0,0,0,0,67
4093,3,"4093-3",2,1,2,NA,NA,NA,NA,NA,NA,NA,1,2,1,51.539087985,1,5,5,2,2,830,944,856,830,19,18,1,10,15,2,4,0,0,0,0,0,0,0,67,58,0,0,0,0,0,0,0,67
4093,4,"4093-4",2,1,2,NA,NA,NA,NA,NA,NA,NA,1,2,1,51.539087985,0,5,0,2,2,944,925,856,830,22,19,1,10,15,2,4,0,0,0,0,0,0,0,67,58,0,0,0,0,0,0,0,67
4093,5,"4093-5",2,1,2,NA,NA,NA,NA,NA,NA,NA,1,3,2,51.539087985,0,5,5,2,2,925,740,925,740,23,22,0,13,30,2,4,0,0,0,0,0,0,0,67,58,0,0,0,0,0,0,0,67
4093,6,"4093-6",2,1,2,NA,NA,NA,NA,NA,NA,NA,1,3,2,51.539087985,0,5,0,2,2,740,856,925,740,23,23,1,13,30,2,4,0,0,0,0,0,0,0,67,58,0,0,0,0,0,0,0,67
4109,1,"4109-1",2,3,4,NA,NA,NA,NA,NA,NA,NA,2,1,1,62.8419572,0,3,3,9,9,1220,1057,1220,1057,25,10,0,7,45,7,7,0,0,0,0,0,0,0,10,10,0,0,0,0,0,0,0,10
4109,2,"4109-2",2,3,4,NA,NA,NA,NA,NA,NA,NA,2,1,1,62.8419572,0,3,0,9,9,1057,1220,1220,1057,48,25,1,7,45,7,7,0,0,0,0,0,0,0,10,10,0,0,0,0,0,0,0,10
4115,1,"4115-1",2,1,2,NA,NA,NA,NA,NA,NA,NA,1,2,1,167.083927924,0,9,9,2,2,1491,1482,1491,1482,37,32,0,18,35,1,1,0,0,0,0,0,0,0,50,51,0,0,0,0,0,0,0,51
4115,2,"4115-2",2,1,2,NA,NA,NA,NA,NA,NA,NA,1,2,1,167.083927924,1,9,7,2,2,1482,1483,1491,1482,41,37,1,18,35,1,1,0,0,0,0,0,0,0,50,51,0,0,0,0,0,0,0,51
4115,3,"4115-3",2,1,2,NA,NA,NA,NA,NA,NA,NA,1,2,1,167.083927924,0,9,0,2,2,1483,1491,1491,1482,48,41,1,18,35,1,1,0,0,0,0,0,0,0,50,51,0,0,0,0,0,0,0,51
4119,1,"4119-1",2,1,2,NA,NA,NA,NA,NA,NA,NA,1,1,1,145.761863418,1,5,6,2,2,399,397,399,46,16,15,0,10,20,5,5,0,0,0,0,0,0,0,79,74,0,0,0,0,0,0,0,79
4119,2,"4119-2",2,1,2,NA,NA,NA,NA,NA,NA,NA,1,1,1,145.761863418,1,5,6,2,2,397,401,399,46,17,16,0,10,20,5,5,0,0,0,0,0,0,0,79,74,0,0,0,0,0,0,0,79
4119,3,"4119-3",2,1,2,NA,NA,NA,NA,NA,NA,NA,1,1,1,145.761863418,1,5,6,2,2,401,401,399,46,18,17,0,10,20,5,5,0,0,0,0,0,0,0,79,74,0,0,0,0,0,0,0,79
4119,4,"4119-4",2,1,2,NA,NA,NA,NA,NA,NA,NA,1,1,1,145.761863418,0,5,5,2,2,401,46,399,46,22,18,0,10,20,5,5,0,0,0,0,0,0,0,79,74,0,0,0,0,0,0,0,79
4119,5,"4119-5",2,1,2,NA,NA,NA,NA,NA,NA,NA,1,1,1,145.761863418,0,5,0,2,2,46,399,399,46,48,22,1,10,20,5,5,0,0,0,0,0,0,0,79,74,0,0,0,0,0,0,0,79
4126,1,"4126-1",2,2,3,NA,NA,NA,NA,NA,NA,NA,1,2,1,32.149910463,0,5,5,2,2,2691,1611,2691,1611,18,16,0,10,30,5,5,0,0,0,0,0,0,0,65,95,0,0,0,0,0,0,0,95
4126,2,"4126-2",2,2,3,NA,NA,NA,NA,NA,NA,NA,1,2,1,32.149910463,1,5,5,2,2,1611,1611,2691,1611,18,18,1,10,30,5,5,0,0,0,0,0,0,0,65,95,0,0,0,0,0,0,0,95
4126,3,"4126-3",2,2,3,NA,NA,NA,NA,NA,NA,NA,1,2,1,32.149910463,1,5,7,2,2,1611,1590,2691,1611,20,18,1,10,30,5,5,0,0,0,0,0,0,0,65,95,0,0,0,0,0,0,0,95
4126,4,"4126-4",2,2,3,NA,NA,NA,NA,NA,NA,NA,1,2,1,32.149910463,1,5,5,2,2,1590,1590,2691,1611,22,20,1,10,30,5,5,0,0,0,0,0,0,0,65,95,0,0,0,0,0,0,0,95
4126,5,"4126-5",2,2,3,NA,NA,NA,NA,NA,NA,NA,1,2,1,32.149910463,0,5,0,2,2,1590,2691,2691,1611,48,22,1,10,30,5,5,0,0,0,0,0,0,0,65,95,0,0,0,0,0,0,0,95
4133,1,"4133-1",2,1,2,NA,NA,NA,NA,NA,NA,NA,3,1,1,105.39654382,0,1,1,2,2,1337,1160,1337,1160,27,13,0,9,0,2,8,0,0,0,0,0,0,0,43,2,0,0,0,0,0,0,0,43
4133,2,"4133-2",2,1,2,NA,NA,NA,NA,NA,NA,NA,3,1,1,105.39654382,0,1,0,2,2,1160,1337,1337,1160,31,27,1,9,0,2,8,0,0,0,0,0,0,0,43,2,0,0,0,0,0,0,0,43
4133,3,"4133-3",2,1,2,NA,NA,NA,NA,NA,NA,NA,3,2,2,105.39654382,0,5,5,2,2,1337,1337,1337,1337,32,31,0,18,0,2,8,0,0,0,0,0,0,0,43,2,0,0,0,0,0,0,0,43
4133,4,"4133-4",2,1,2,NA,NA,NA,NA,NA,NA,NA,3,2,2,105.39654382,0,5,0,2,2,1337,1337,1337,1337,48,32,1,18,0,2,8,0,0,0,0,0,0,0,43,2,0,0,0,0,0,0,0,43
4136,1,"4136-1",2,1,2,NA,NA,NA,NA,NA,NA,NA,1,2,1,25.73252136,0,7,7,2,2,1836,1835,1836,1835,19,18,0,11,30,1,1,0,0,0,0,0,0,0,58,61,0,0,0,0,0,0,0,61
4136,2,"4136-2",2,1,2,NA,NA,NA,NA,NA,NA,NA,1,2,1,25.73252136,0,7,1,2,2,1835,1836,1836,1835,27,19,1,11,30,1,1,0,0,0,0,0,0,0,58,61,0,0,0,0,0,0,0,61
4139,2,"4139-2",2,2,3,NA,NA,NA,NA,NA,NA,NA,3,4,1,99.128967888,0,7,7,2,2,2435,2432,2435,2432,35,34,0,19,50,1,7,0,0,0,0,0,0,0,49,13,0,0,0,0,0,0,0,49
4139,3,"4139-3",2,2,3,NA,NA,NA,NA,NA,NA,NA,3,4,1,99.128967888,0,7,0,2,2,2432,2435,2435,2432,48,35,1,19,50,1,7,0,0,0,0,0,0,0,49,13,0,0,0,0,0,0,0,49
4140,3,"4140-3",2,1,2,NA,NA,NA,NA,NA,NA,NA,1,2,1,70.6864402,0,9,9,2,2,1422,1201,1422,1201,36,32,0,18,50,4,4,0,0,0,0,0,0,0,62,40,0,0,0,0,0,0,0,62
4140,4,"4140-4",2,1,2,NA,NA,NA,NA,NA,NA,NA,1,2,1,70.6864402,0,9,0,2,2,1201,1422,1422,1201,48,36,1,18,50,4,4,0,0,0,0,0,0,0,62,40,0,0,0,0,0,0,0,62
4142,1,"4142-1",2,1,2,NA,NA,NA,NA,NA,NA,NA,1,1,1,356.891878665,1,9,7,2,2,583,619,583,454,15,15,0,10,0,2,1,0,0,0,0,0,0,0,27,33,0,0,0,0,0,0,0,33
4142,2,"4142-2",2,1,2,NA,NA,NA,NA,NA,NA,NA,1,1,1,356.891878665,0,9,9,2,2,619,454,583,454,29,15,0,10,0,2,1,0,0,0,0,0,0,0,27,33,0,0,0,0,0,0,0,33
4142,3,"4142-3",2,1,2,NA,NA,NA,NA,NA,NA,NA,1,1,1,356.891878665,1,9,5,2,2,454,572,583,454,31,29,1,10,0,2,1,0,0,0,0,0,0,0,27,33,0,0,0,0,0,0,0,33
4142,4,"4142-4",2,1,2,NA,NA,NA,NA,NA,NA,NA,1,1,1,356.891878665,1,9,7,2,2,572,620,583,454,33,31,1,10,0,2,1,0,0,0,0,0,0,0,27,33,0,0,0,0,0,0,0,33
4142,5,"4142-5",2,1,2,NA,NA,NA,NA,NA,NA,NA,1,1,1,356.891878665,0,9,0,2,2,620,583,583,454,48,33,1,10,0,2,1,0,0,0,0,0,0,0,27,33,0,0,0,0,0,0,0,33
4146,6,"4146-6",2,1,2,NA,NA,NA,NA,NA,NA,NA,1,2,1,11.373027518,0,9,9,2,2,2771,2788,2771,2788,35,31,0,18,0,5,5,0,0,0,0,0,0,0,68,68,0,0,0,0,0,0,0,68
4146,7,"4146-7",2,1,2,NA,NA,NA,NA,NA,NA,NA,1,2,1,11.373027518,0,9,0,2,2,2788,2771,2771,2788,48,35,1,18,0,5,5,0,0,0,0,0,0,0,68,68,0,0,0,0,0,0,0,68
4147,3,"4147-3",2,1,4,NA,NA,NA,NA,NA,NA,NA,3,2,1,21.6725175,0,9,9,2,2,2514,2479,2514,2479,17,14,0,9,45,4,8,0,0,0,0,0,0,0,37,3,0,0,0,0,0,0,0,37
4147,4,"4147-4",2,1,4,NA,NA,NA,NA,NA,NA,NA,3,2,1,21.6725175,0,9,0,2,2,2479,2514,2514,2479,24,17,1,9,45,4,8,0,0,0,0,0,0,0,37,3,0,0,0,0,0,0,0,37
4151,9,"4151-9",2,3,4,NA,NA,NA,NA,NA,NA,NA,3,3,1,18.021732,0,7,7,3,3,2722,2722,2722,2722,31,30,0,17,30,4,7,0,0,0,0,0,0,0,31,7,0,0,0,0,0,0,0,31
4151,10,"4151-10",2,3,4,NA,NA,NA,NA,NA,NA,NA,3,3,1,18.021732,0,7,0,3,3,2722,2722,2722,2722,48,31,1,17,30,4,7,0,0,0,0,0,0,0,31,7,0,0,0,0,0,0,0,31
4156,1,"4156-1",2,1,2,NA,NA,NA,NA,NA,NA,NA,1,2,1,19.4748103,1,5,6,2,2,2421,2441,2421,2431,29,28,0,16,49,4,4,0,0,0,0,0,0,0,47,16,0,0,0,0,0,0,0,47
4156,2,"4156-2",2,1,2,NA,NA,NA,NA,NA,NA,NA,1,2,1,19.4748103,1,5,5,2,2,2441,2441,2421,2431,30,29,0,16,49,4,4,0,0,0,0,0,0,0,47,16,0,0,0,0,0,0,0,47
4156,3,"4156-3",2,1,2,NA,NA,NA,NA,NA,NA,NA,1,2,1,19.4748103,0,5,5,2,2,2441,2431,2421,2431,32,30,0,16,49,4,4,0,0,0,0,0,0,0,47,16,0,0,0,0,0,0,0,47
4156,4,"4156-4",2,1,2,NA,NA,NA,NA,NA,NA,NA,1,2,1,19.4748103,0,5,0,2,2,2431,2421,2421,2431,48,32,1,16,49,4,4,0,0,0,0,0,0,0,47,16,0,0,0,0,0,0,0,47
4158,1,"4158-1",2,1,2,NA,NA,NA,NA,NA,NA,NA,1,1,1,74.974311262,1,9,7,2,2,2276,691,2276,692,20,19,0,12,26,4,5,0,0,0,0,0,0,0,60,73,0,0,0,0,0,0,0,73
4158,2,"4158-2",2,1,2,NA,NA,NA,NA,NA,NA,NA,1,1,1,74.974311262,0,9,9,2,2,691,692,2276,692,25,20,0,12,26,4,5,0,0,0,0,0,0,0,60,73,0,0,0,0,0,0,0,73
4158,3,"4158-3",2,1,2,NA,NA,NA,NA,NA,NA,NA,1,1,1,74.974311262,1,9,5,2,2,692,702,2276,692,27,25,1,12,26,4,5,0,0,0,0,0,0,0,60,73,0,0,0,0,0,0,0,73
4158,4,"4158-4",2,1,2,NA,NA,NA,NA,NA,NA,NA,1,1,1,74.974311262,0,9,0,2,2,702,2276,2276,692,48,27,1,12,26,4,5,0,0,0,0,0,0,0,60,73,0,0,0,0,0,0,0,73
4160,1,"4160-1",2,1,2,NA,NA,NA,NA,NA,NA,NA,1,1,1,33.958857765,0,7,7,2,2,2514,2505,2514,2505,21,19,0,12,0,2,5,0,0,0,0,0,0,0,76,77,0,0,0,0,0,0,0,77
4160,2,"4160-2",2,1,2,NA,NA,NA,NA,NA,NA,NA,1,1,1,33.958857765,1,7,5,2,2,2505,2504,2514,2505,22,21,1,12,0,2,5,0,0,0,0,0,0,0,76,77,0,0,0,0,0,0,0,77
4160,3,"4160-3",2,1,2,NA,NA,NA,NA,NA,NA,NA,1,1,1,33.958857765,0,7,0,2,2,2504,2514,2514,2505,48,22,1,12,0,2,5,0,0,0,0,0,0,0,76,77,0,0,0,0,0,0,0,77
4162,1,"4162-1",2,2,3,NA,NA,NA,NA,NA,NA,NA,3,1,1,32.571370416,0,1,1,2,2,2803,2799,2803,2799,23,8,0,6,45,1,6,0,0,0,0,0,0,0,48,17,0,0,0,0,0,0,0,48
4162,2,"4162-2",2,2,3,NA,NA,NA,NA,NA,NA,NA,3,1,1,32.571370416,1,1,5,2,2,2799,2735,2803,2799,26,23,1,6,45,1,6,0,0,0,0,0,0,0,48,17,0,0,0,0,0,0,0,48
4162,3,"4162-3",2,2,3,NA,NA,NA,NA,NA,NA,NA,3,1,1,32.571370416,0,1,0,2,2,2735,2803,2803,2799,27,26,1,6,45,1,6,0,0,0,0,0,0,0,48,17,0,0,0,0,0,0,0,48
4162,4,"4162-4",2,2,3,NA,NA,NA,NA,NA,NA,NA,3,2,2,32.571370416,0,6,6,2,2,2803,2274,2803,2274,32,27,0,16,25,1,6,0,0,0,0,0,0,0,48,17,0,0,0,0,0,0,0,48
4162,5,"4162-5",2,2,3,NA,NA,NA,NA,NA,NA,NA,3,2,2,32.571370416,0,6,0,2,2,2274,2803,2803,2274,35,32,1,16,25,1,6,0,0,0,0,0,0,0,48,17,0,0,0,0,0,0,0,48
4162,6,"4162-6",2,2,3,NA,NA,NA,NA,NA,NA,NA,3,3,3,32.571370416,0,8,8,2,2,2803,2800,2803,2800,38,35,0,20,10,1,6,0,0,0,0,0,0,0,48,17,0,0,0,0,0,0,0,48
4162,7,"4162-7",2,2,3,NA,NA,NA,NA,NA,NA,NA,3,3,3,32.571370416,0,8,0,2,2,2800,2803,2803,2800,48,38,1,20,10,1,6,0,0,0,0,0,0,0,48,17,0,0,0,0,0,0,0,48
4163,2,"4163-2",2,2,3,NA,NA,NA,NA,NA,NA,NA,1,3,1,52.75201743,0,5,5,2,2,962,1291,962,1291,32,28,0,16,30,1,2,0,0,0,0,0,0,0,57,52,0,0,0,0,0,0,0,57
4163,3,"4163-3",2,2,3,NA,NA,NA,NA,NA,NA,NA,1,3,1,52.75201743,0,5,0,2,2,1291,962,962,1291,34,32,1,16,30,1,2,0,0,0,0,0,0,0,57,52,0,0,0,0,0,0,0,57
4163,4,"4163-4",2,2,3,NA,NA,NA,NA,NA,NA,NA,1,4,2,52.75201743,0,7,7,3,3,962,1149,962,1149,37,34,0,19,30,1,2,0,0,0,0,0,0,0,57,52,0,0,0,0,0,0,0,57
4163,5,"4163-5",2,2,3,NA,NA,NA,NA,NA,NA,NA,1,4,2,52.75201743,0,7,0,3,3,1149,962,962,1149,48,37,1,19,30,1,2,0,0,0,0,0,0,0,57,52,0,0,0,0,0,0,0,57
4166,1,"4166-1",2,1,2,NA,NA,NA,NA,NA,NA,NA,1,1,1,58.179722716,0,7,7,2,2,2704,2699,2704,2699,21,18,0,11,50,4,4,0,0,0,0,0,0,0,62,60,0,0,0,0,0,0,0,62
4166,2,"4166-2",2,1,2,NA,NA,NA,NA,NA,NA,NA,1,1,1,58.179722716,0,7,0,2,2,2699,2704,2704,2699,27,21,1,11,50,4,4,0,0,0,0,0,0,0,62,60,0,0,0,0,0,0,0,62
4167,3,"4167-3",3,1,4,5,NA,NA,NA,NA,NA,NA,3,2,1,43.400344284,0,4,4,3,3,2778,9999,2778,9999,31,28,0,16,45,1,7,7,0,0,0,0,0,0,47,8,8,0,0,0,0,0,0,47
4167,4,"4167-4",3,1,4,5,NA,NA,NA,NA,NA,NA,3,2,1,43.400344284,0,4,0,3,3,9999,2778,2778,9999,34,31,1,16,45,1,7,7,0,0,0,0,0,0,47,8,8,0,0,0,0,0,0,47
4169,4,"4169-4",2,5,6,NA,NA,NA,NA,NA,NA,NA,2,2,1,40.7471445,0,8,8,3,3,2712,2734,2712,2734,20,15,0,10,0,8,8,0,0,0,0,0,0,0,4,1,0,0,0,0,0,0,0,4
4169,5,"4169-5",2,5,6,NA,NA,NA,NA,NA,NA,NA,2,2,1,40.7471445,0,8,0,3,3,2734,2712,2712,2734,48,20,1,10,0,8,8,0,0,0,0,0,0,0,4,1,0,0,0,0,0,0,0,4
4178,1,"4178-1",2,1,2,NA,NA,NA,NA,NA,NA,NA,1,1,1,33.7674096,0,4,4,2,2,1347,1351,1347,1351,19,18,0,11,54,4,4,0,0,0,0,0,0,0,57,64,0,0,0,0,0,0,0,64
4178,2,"4178-2",2,1,2,NA,NA,NA,NA,NA,NA,NA,1,1,1,33.7674096,0,4,0,2,2,1351,1347,1347,1351,21,19,1,11,54,4,4,0,0,0,0,0,0,0,57,64,0,0,0,0,0,0,0,64
4178,3,"4178-3",2,1,2,NA,NA,NA,NA,NA,NA,NA,1,2,2,33.7674096,0,5,5,2,2,1347,1345,1347,1345,23,21,0,13,0,4,4,0,0,0,0,0,0,0,57,64,0,0,0,0,0,0,0,64
4178,4,"4178-4",2,1,2,NA,NA,NA,NA,NA,NA,NA,1,2,2,33.7674096,0,5,0,2,2,1345,1347,1347,1345,30,23,1,13,0,4,4,0,0,0,0,0,0,0,57,64,0,0,0,0,0,0,0,64
4178,5,"4178-5",2,1,2,NA,NA,NA,NA,NA,NA,NA,1,3,3,33.7674096,0,4,4,2,2,1347,1351,1347,1351,30,30,0,17,40,4,4,0,0,0,0,0,0,0,57,64,0,0,0,0,0,0,0,64
4178,6,"4178-6",2,1,2,NA,NA,NA,NA,NA,NA,NA,1,3,3,33.7674096,0,4,0,2,2,1351,1347,1347,1351,48,30,1,17,40,4,4,0,0,0,0,0,0,0,57,64,0,0,0,0,0,0,0,64
4182,1,"4182-1",2,1,2,NA,NA,NA,NA,NA,NA,NA,1,1,1,17.667011985,1,9,9,2,2,2704,1643,2704,1643,13,12,0,8,45,2,5,0,0,0,0,0,0,0,70,68,0,0,0,0,0,0,0,70
4182,2,"4182-2",2,1,2,NA,NA,NA,NA,NA,NA,NA,1,1,1,17.667011985,0,9,9,4,2,1643,1643,2704,1643,14,13,0,8,45,2,5,0,0,0,0,0,0,0,70,68,0,0,0,0,0,0,0,70
4182,3,"4182-3",2,1,2,NA,NA,NA,NA,NA,NA,NA,1,1,1,17.667011985,1,9,7,2,2,1643,1662,2704,1643,14,14,1,8,45,2,5,0,0,0,0,0,0,0,70,68,0,0,0,0,0,0,0,70
4182,4,"4182-4",2,1,2,NA,NA,NA,NA,NA,NA,NA,1,1,1,17.667011985,0,9,0,2,2,1662,2704,2704,1643,23,14,1,8,45,2,5,0,0,0,0,0,0,0,70,68,0,0,0,0,0,0,0,70
4182,5,"4182-5",2,1,2,NA,NA,NA,NA,NA,NA,NA,1,4,2,17.667011985,0,7,7,2,2,2704,2720,2704,2720,31,29,0,17,20,2,5,0,0,0,0,0,0,0,70,68,0,0,0,0,0,0,0,70
4182,6,"4182-6",2,1,2,NA,NA,NA,NA,NA,NA,NA,1,4,2,17.667011985,0,7,0,2,2,2720,2704,2704,2720,48,31,1,17,20,2,5,0,0,0,0,0,0,0,70,68,0,0,0,0,0,0,0,70
4183,1,"4183-1",2,1,2,NA,NA,NA,NA,NA,NA,NA,1,3,1,104.103048124,0,6,6,2,2,2296,2192,2296,2192,33,29,0,17,20,5,1,0,0,0,0,0,0,0,65,64,0,0,0,0,0,0,0,65
4183,2,"4183-2",2,1,2,NA,NA,NA,NA,NA,NA,NA,1,3,1,104.103048124,1,6,7,2,2,2192,2295,2296,2192,36,33,1,17,20,5,1,0,0,0,0,0,0,0,65,64,0,0,0,0,0,0,0,65
4183,3,"4183-3",2,1,2,NA,NA,NA,NA,NA,NA,NA,1,3,1,104.103048124,0,6,0,2,2,2295,2296,2296,2192,48,36,1,17,20,5,1,0,0,0,0,0,0,0,65,64,0,0,0,0,0,0,0,65
4187,1,"4187-1",2,1,2,NA,NA,NA,NA,NA,NA,NA,1,2,1,83.1005259,0,7,7,2,2,973,995,973,995,31,30,0,17,30,5,2,0,0,0,0,0,0,0,67,70,0,0,0,0,0,0,0,70
4187,2,"4187-2",2,1,2,NA,NA,NA,NA,NA,NA,NA,1,2,1,83.1005259,0,7,0,2,2,995,973,973,995,48,31,1,17,30,5,2,0,0,0,0,0,0,0,67,70,0,0,0,0,0,0,0,70
4190,1,"4190-1",2,1,2,NA,NA,NA,NA,NA,NA,NA,1,2,1,32.95692288,0,9,9,4,4,2633,2610,2633,2610,32,30,0,17,30,1,2,0,0,0,0,0,0,0,22,24,0,0,0,0,0,0,0,24
4190,2,"4190-2",2,1,2,NA,NA,NA,NA,NA,NA,NA,1,2,1,32.95692288,0,9,0,4,4,2610,2633,2633,2610,48,32,1,17,30,1,2,0,0,0,0,0,0,0,22,24,0,0,0,0,0,0,0,24
4191,3,"4191-3",2,1,5,NA,NA,NA,NA,NA,NA,NA,3,2,2,34.4890255,0,7,7,2,2,2516,9999,2516,9999,31,30,0,17,30,2,7,0,0,0,0,0,0,0,59,12,0,0,0,0,0,0,0,59
4191,4,"4191-4",2,1,5,NA,NA,NA,NA,NA,NA,NA,3,2,2,34.4890255,1,7,7,2,2,9999,9999,2516,9999,31,31,1,17,30,2,7,0,0,0,0,0,0,0,59,12,0,0,0,0,0,0,0,59
4191,5,"4191-5",2,1,5,NA,NA,NA,NA,NA,NA,NA,3,2,2,34.4890255,1,7,7,2,2,9999,9999,2516,9999,31,31,1,17,30,2,7,0,0,0,0,0,0,0,59,12,0,0,0,0,0,0,0,59
4191,6,"4191-6",2,1,5,NA,NA,NA,NA,NA,NA,NA,3,2,2,34.4890255,0,7,0,2,2,9999,2516,2516,9999,48,31,1,17,30,2,7,0,0,0,0,0,0,0,59,12,0,0,0,0,0,0,0,59
4191,1,"4191-1",2,5,6,NA,NA,NA,NA,NA,NA,NA,2,1,1,42.2591706,0,3,3,9,9,2516,2516,2516,2516,25,9,0,7,25,7,7,0,0,0,0,0,0,0,12,9,0,0,0,0,0,0,0,12
4191,2,"4191-2",2,5,6,NA,NA,NA,NA,NA,NA,NA,2,1,1,42.2591706,0,3,0,9,9,2516,2516,2516,2516,30,25,1,7,25,7,7,0,0,0,0,0,0,0,12,9,0,0,0,0,0,0,0,12
4194,3,"4194-3",2,1,2,NA,NA,NA,NA,NA,NA,NA,1,2,1,17.427356654,0,7,7,2,2,2743,2743,2743,2743,22,21,0,13,20,4,5,0,0,0,0,0,0,0,63,70,0,0,0,0,0,0,0,70
4194,4,"4194-4",2,1,2,NA,NA,NA,NA,NA,NA,NA,1,2,1,17.427356654,0,7,0,2,2,2743,2743,2743,2743,24,22,1,13,20,4,5,0,0,0,0,0,0,0,63,70,0,0,0,0,0,0,0,70
4194,5,"4194-5",2,1,2,NA,NA,NA,NA,NA,NA,NA,1,4,2,17.427356654,0,8,8,2,2,2743,870,2743,870,36,28,0,16,40,4,5,0,0,0,0,0,0,0,63,70,0,0,0,0,0,0,0,70
4194,6,"4194-6",2,1,2,NA,NA,NA,NA,NA,NA,NA,1,4,2,17.427356654,0,8,0,2,2,870,2743,2743,870,48,36,1,16,40,4,5,0,0,0,0,0,0,0,63,70,0,0,0,0,0,0,0,70
4229,1,"4229-1",2,1,2,NA,NA,NA,NA,NA,NA,NA,1,1,1,14.617891573,1,5,5,2,2,2803,2738,2803,2735,13,13,0,9,0,5,5,0,0,0,0,0,0,0,70,80,0,0,0,0,0,0,0,80
4229,2,"4229-2",2,1,2,NA,NA,NA,NA,NA,NA,NA,1,1,1,14.617891573,1,5,5,2,2,2738,2712,2803,2735,14,13,0,9,0,5,5,0,0,0,0,0,0,0,70,80,0,0,0,0,0,0,0,80
4229,3,"4229-3",2,1,2,NA,NA,NA,NA,NA,NA,NA,1,1,1,14.617891573,1,5,5,2,2,2712,2736,2803,2735,15,14,0,9,0,5,5,0,0,0,0,0,0,0,70,80,0,0,0,0,0,0,0,80
4229,4,"4229-4",2,1,2,NA,NA,NA,NA,NA,NA,NA,1,1,1,14.617891573,0,5,5,2,2,2736,2735,2803,2735,17,15,0,9,0,5,5,0,0,0,0,0,0,0,70,80,0,0,0,0,0,0,0,80
4229,5,"4229-5",2,1,2,NA,NA,NA,NA,NA,NA,NA,1,1,1,14.617891573,0,5,0,2,2,2735,2803,2803,2735,48,17,1,9,0,5,5,0,0,0,0,0,0,0,70,80,0,0,0,0,0,0,0,80
4235,1,"4235-1",2,1,2,NA,NA,NA,NA,NA,NA,NA,1,1,0,153.180947546,0,NA,7,2,NA,2470,665,NA,NA,31,28,0,NA,NA,5,5,0,0,0,0,0,0,0,80,80,0,0,0,0,0,0,0,80
4235,2,"4235-2",2,1,2,NA,NA,NA,NA,NA,NA,NA,1,1,0,153.180947546,0,NA,0,2,NA,665,2470,NA,NA,48,31,1,NA,NA,5,5,0,0,0,0,0,0,0,80,80,0,0,0,0,0,0,0,80
4253,1,"4253-1",2,1,2,NA,NA,NA,NA,NA,NA,NA,1,1,1,119.6081601,1,6,6,2,2,1825,1893,1825,1940,18,14,0,9,45,4,2,0,0,0,0,0,0,0,56,64,0,0,0,0,0,0,0,64
4253,2,"4253-2",2,1,2,NA,NA,NA,NA,NA,NA,NA,1,1,1,119.6081601,0,6,6,2,2,1893,1940,1825,1940,27,18,0,9,45,4,2,0,0,0,0,0,0,0,56,64,0,0,0,0,0,0,0,64
4253,3,"4253-3",2,1,2,NA,NA,NA,NA,NA,NA,NA,1,1,1,119.6081601,0,6,0,2,2,1940,1825,1825,1940,48,27,1,9,45,4,2,0,0,0,0,0,0,0,56,64,0,0,0,0,0,0,0,64
4258,1,"4258-1",2,1,2,NA,NA,NA,NA,NA,NA,NA,1,1,1,67.6602489,0,6,6,2,2,40,1754,40,1754,17,14,0,9,31,5,5,0,0,0,0,0,0,0,66,65,0,0,0,0,0,0,0,66
4258,2,"4258-2",2,1,2,NA,NA,NA,NA,NA,NA,NA,1,1,1,67.6602489,1,6,5,2,2,1754,1761,40,1754,19,17,1,9,31,5,5,0,0,0,0,0,0,0,66,65,0,0,0,0,0,0,0,66
4258,3,"4258-3",2,1,2,NA,NA,NA,NA,NA,NA,NA,1,1,1,67.6602489,0,6,0,2,2,1761,40,40,1754,48,19,1,9,31,5,5,0,0,0,0,0,0,0,66,65,0,0,0,0,0,0,0,66
4268,1,"4268-1",2,1,2,NA,NA,NA,NA,NA,NA,NA,1,2,1,36.806476464,0,5,5,2,2,1422,1391,1422,1391,32,29,0,17,18,4,5,0,0,0,0,0,0,0,60,67,0,0,0,0,0,0,0,67
4268,2,"4268-2",2,1,2,NA,NA,NA,NA,NA,NA,NA,1,2,1,36.806476464,0,5,0,2,2,1391,1422,1422,1391,48,32,1,17,18,4,5,0,0,0,0,0,0,0,60,67,0,0,0,0,0,0,0,67
4271,4,"4271-4",2,2,4,NA,NA,NA,NA,NA,NA,NA,3,2,1,134.350844112,0,5,5,2,2,1651,1652,1651,1652,29,29,0,17,0,1,7,0,0,0,0,0,0,0,43,8,0,0,0,0,0,0,0,43
4271,5,"4271-5",2,2,4,NA,NA,NA,NA,NA,NA,NA,3,2,1,134.350844112,0,5,0,2,2,1652,1651,1651,1652,48,29,1,17,0,1,7,0,0,0,0,0,0,0,43,8,0,0,0,0,0,0,0,43
4276,3,"4276-3",2,1,2,NA,NA,NA,NA,NA,NA,NA,3,2,1,380.083691452,0,7,7,5,5,919,919,919,919,31,29,0,17,20,1,7,0,0,0,0,0,0,0,42,11,0,0,0,0,0,0,0,42
4276,4,"4276-4",2,1,2,NA,NA,NA,NA,NA,NA,NA,3,2,1,380.083691452,0,7,0,5,5,919,919,919,919,48,31,1,17,20,1,7,0,0,0,0,0,0,0,42,11,0,0,0,0,0,0,0,42
4277,1,"4277-1",2,1,2,NA,NA,NA,NA,NA,NA,NA,1,2,1,53.42980986,0,6,6,5,5,1601,1600,1601,1600,31,31,0,18,0,1,2,0,0,0,0,0,0,0,44,48,0,0,0,0,0,0,0,48
4277,2,"4277-2",2,1,2,NA,NA,NA,NA,NA,NA,NA,1,2,1,53.42980986,0,6,0,5,5,1600,1601,1601,1600,48,31,1,18,0,1,2,0,0,0,0,0,0,0,44,48,0,0,0,0,0,0,0,48
4283,1,"4283-1",2,1,3,NA,NA,NA,NA,NA,NA,NA,3,1,1,70.51181916,0,8,8,2,2,1429,823,1429,823,25,21,0,13,0,2,8,0,0,0,0,0,0,0,30,1,0,0,0,0,0,0,0,30
4283,2,"4283-2",2,1,3,NA,NA,NA,NA,NA,NA,NA,3,1,1,70.51181916,1,8,5,2,2,823,1078,1429,823,27,25,1,13,0,2,8,0,0,0,0,0,0,0,30,1,0,0,0,0,0,0,0,30
4283,3,"4283-3",2,1,3,NA,NA,NA,NA,NA,NA,NA,3,1,1,70.51181916,0,8,0,2,2,1078,1429,1429,823,48,27,1,13,0,2,8,0,0,0,0,0,0,0,30,1,0,0,0,0,0,0,0,30
4284,1,"4284-1",2,1,2,NA,NA,NA,NA,NA,NA,NA,1,1,1,10.9361913,0,8,8,2,2,2499,2506,2499,2506,35,31,0,18,0,4,4,0,0,0,0,0,0,0,57,58,0,0,0,0,0,0,0,58
4284,2,"4284-2",2,1,2,NA,NA,NA,NA,NA,NA,NA,1,1,1,10.9361913,0,8,0,2,2,2506,2499,2499,2506,48,35,1,18,0,4,4,0,0,0,0,0,0,0,57,58,0,0,0,0,0,0,0,58
4295,1,"4295-1",2,1,2,NA,NA,NA,NA,NA,NA,NA,1,1,1,55.689718665,0,6,6,2,2,2632,1900,2632,1900,21,14,0,9,30,2,3,0,0,0,0,0,0,0,57,57,0,0,0,0,0,0,0,57
4295,2,"4295-2",2,1,2,NA,NA,NA,NA,NA,NA,NA,1,1,1,55.689718665,0,6,0,2,2,1900,2632,2632,1900,26,21,1,9,30,2,3,0,0,0,0,0,0,0,57,57,0,0,0,0,0,0,0,57
4300,1,"4300-1",2,1,2,NA,NA,NA,NA,NA,NA,NA,1,1,1,47.761490181,0,9,9,2,2,2501,9999,2501,9999,18,14,0,9,30,5,5,0,0,0,0,0,0,0,77,81,0,0,0,0,0,0,0,81
4300,2,"4300-2",2,1,2,NA,NA,NA,NA,NA,NA,NA,1,1,1,47.761490181,0,9,0,2,2,9999,2501,2501,9999,27,18,1,9,30,5,5,0,0,0,0,0,0,0,77,81,0,0,0,0,0,0,0,81
4300,3,"4300-3",2,1,2,NA,NA,NA,NA,NA,NA,NA,1,2,2,47.761490181,1,9,6,2,2,2501,9999,2501,9999,28,27,0,16,15,5,5,0,0,0,0,0,0,0,77,81,0,0,0,0,0,0,0,81
4300,4,"4300-4",2,1,2,NA,NA,NA,NA,NA,NA,NA,1,2,2,47.761490181,0,9,9,2,2,9999,9999,2501,9999,32,28,0,16,15,5,5,0,0,0,0,0,0,0,77,81,0,0,0,0,0,0,0,81
4300,5,"4300-5",2,1,2,NA,NA,NA,NA,NA,NA,NA,1,2,2,47.761490181,0,9,0,2,2,9999,2501,2501,9999,48,32,1,16,15,5,5,0,0,0,0,0,0,0,77,81,0,0,0,0,0,0,0,81
4306,1,"4306-1",2,1,2,NA,NA,NA,NA,NA,NA,NA,1,1,1,17.427356654,0,5,5,2,2,2755,2735,2755,2735,16,14,0,9,36,4,5,0,0,0,0,0,0,0,64,67,0,0,0,0,0,0,0,67
4306,2,"4306-2",2,1,2,NA,NA,NA,NA,NA,NA,NA,1,1,1,17.427356654,1,5,5,2,2,2735,2736,2755,2735,16,16,1,9,36,4,5,0,0,0,0,0,0,0,64,67,0,0,0,0,0,0,0,67
4306,3,"4306-3",2,1,2,NA,NA,NA,NA,NA,NA,NA,1,1,1,17.427356654,1,5,5,2,2,2736,2789,2755,2735,17,16,1,9,36,4,5,0,0,0,0,0,0,0,64,67,0,0,0,0,0,0,0,67
4306,4,"4306-4",2,1,2,NA,NA,NA,NA,NA,NA,NA,1,1,1,17.427356654,1,5,7,2,2,2789,2787,2755,2735,17,17,1,9,36,4,5,0,0,0,0,0,0,0,64,67,0,0,0,0,0,0,0,67
4306,5,"4306-5",2,1,2,NA,NA,NA,NA,NA,NA,NA,1,1,1,17.427356654,0,5,0,2,2,2787,2755,2755,2735,24,17,1,9,36,4,5,0,0,0,0,0,0,0,64,67,0,0,0,0,0,0,0,67
4313,1,"4313-1",2,1,2,NA,NA,NA,NA,NA,NA,NA,1,1,1,52.3833846,1,7,6,3,3,511,538,511,619,18,18,0,11,50,5,5,0,0,0,0,0,0,0,68,72,0,0,0,0,0,0,0,72
4313,2,"4313-2",2,1,2,NA,NA,NA,NA,NA,NA,NA,1,1,1,52.3833846,1,7,6,3,3,538,615,511,619,19,18,0,11,50,5,5,0,0,0,0,0,0,0,68,72,0,0,0,0,0,0,0,72
4313,3,"4313-3",2,1,2,NA,NA,NA,NA,NA,NA,NA,1,1,1,52.3833846,0,7,7,3,3,615,619,511,619,23,19,0,11,50,5,5,0,0,0,0,0,0,0,68,72,0,0,0,0,0,0,0,72
4313,4,"4313-4",2,1,2,NA,NA,NA,NA,NA,NA,NA,1,1,1,52.3833846,1,7,6,3,3,619,605,511,619,24,23,1,11,50,5,5,0,0,0,0,0,0,0,68,72,0,0,0,0,0,0,0,72
4313,5,"4313-5",2,1,2,NA,NA,NA,NA,NA,NA,NA,1,1,1,52.3833846,0,7,0,3,3,605,511,511,619,48,24,1,11,50,5,5,0,0,0,0,0,0,0,68,72,0,0,0,0,0,0,0,72
4314,1,"4314-1",3,1,2,3,NA,NA,NA,NA,NA,NA,1,2,1,48.5017037,0,7,7,3,3,2704,2722,2704,2722,38,37,0,21,10,3,1,1,0,0,0,0,0,0,22,48,49,0,0,0,0,0,0,49
4314,2,"4314-2",3,1,2,3,NA,NA,NA,NA,NA,NA,1,2,1,48.5017037,0,7,0,3,3,2722,2704,2704,2722,48,38,1,21,10,3,1,1,0,0,0,0,0,0,22,48,49,0,0,0,0,0,0,49
4318,1,"4318-1",2,1,2,NA,NA,NA,NA,NA,NA,NA,1,2,1,96.443371675,0,9,9,2,2,2536,2536,2536,2536,28,25,0,15,0,5,5,0,0,0,0,0,0,0,69,70,0,0,0,0,0,0,0,70
4318,2,"4318-2",2,1,2,NA,NA,NA,NA,NA,NA,NA,1,2,1,96.443371675,0,9,0,2,2,2536,2536,2536,2536,30,28,1,15,0,5,5,0,0,0,0,0,0,0,69,70,0,0,0,0,0,0,0,70
4325,4,"4325-4",2,1,3,NA,NA,NA,NA,NA,NA,NA,3,2,1,80.01390986,0,9,9,2,2,1545,1482,1545,1482,37,33,0,19,15,1,7,0,0,0,0,0,0,0,40,8,0,0,0,0,0,0,0,40
4325,5,"4325-5",2,1,3,NA,NA,NA,NA,NA,NA,NA,3,2,1,80.01390986,0,9,0,2,2,1482,1545,1545,1482,48,37,1,19,15,1,7,0,0,0,0,0,0,0,40,8,0,0,0,0,0,0,0,40
4327,1,"4327-1",2,1,2,NA,NA,NA,NA,NA,NA,NA,1,1,1,43.785335861,1,6,7,2,2,1546,1357,1546,1490,17,16,0,10,30,4,5,0,0,0,0,0,0,0,64,66,0,0,0,0,0,0,0,66
4327,2,"4327-2",2,1,2,NA,NA,NA,NA,NA,NA,NA,1,1,1,43.785335861,1,6,5,2,2,1357,1485,1546,1490,18,17,0,10,30,4,5,0,0,0,0,0,0,0,64,66,0,0,0,0,0,0,0,66
4327,3,"4327-3",2,1,2,NA,NA,NA,NA,NA,NA,NA,1,1,1,43.785335861,1,6,5,2,2,1485,1446,1546,1490,19,18,0,10,30,4,5,0,0,0,0,0,0,0,64,66,0,0,0,0,0,0,0,66
4327,4,"4327-4",2,1,2,NA,NA,NA,NA,NA,NA,NA,1,1,1,43.785335861,0,6,6,2,2,1446,1490,1546,1490,23,19,0,10,30,4,5,0,0,0,0,0,0,0,64,66,0,0,0,0,0,0,0,66
4327,5,"4327-5",2,1,2,NA,NA,NA,NA,NA,NA,NA,1,1,1,43.785335861,0,6,0,2,2,1490,1546,1546,1490,48,23,1,10,30,4,5,0,0,0,0,0,0,0,64,66,0,0,0,0,0,0,0,66
4329,1,"4329-1",2,2,4,NA,NA,NA,NA,NA,NA,NA,3,1,1,299.174937872,0,9,9,2,2,1553,9999,1553,9999,32,27,0,16,20,2,6,0,0,0,0,0,0,0,44,16,0,0,0,0,0,0,0,44
4329,2,"4329-2",2,2,4,NA,NA,NA,NA,NA,NA,NA,3,1,1,299.174937872,0,9,0,2,2,9999,1553,1553,9999,48,32,1,16,20,2,6,0,0,0,0,0,0,0,44,16,0,0,0,0,0,0,0,44
4335,1,"4335-1",2,2,5,NA,NA,NA,NA,NA,NA,NA,3,2,1,86.382667488,0,9,9,4,4,2029,2029,2029,2029,32,31,0,18,15,1,8,0,0,0,0,0,0,0,34,2,0,0,0,0,0,0,0,34
4335,2,"4335-2",2,2,5,NA,NA,NA,NA,NA,NA,NA,3,2,1,86.382667488,0,9,0,4,4,2029,2029,2029,2029,48,32,1,18,15,1,8,0,0,0,0,0,0,0,34,2,0,0,0,0,0,0,0,34
4343,1,"4343-1",2,1,3,NA,NA,NA,NA,NA,NA,NA,3,1,1,193.110604092,0,1,1,2,2,1888,1683,1888,1683,29,8,0,6,45,1,8,0,0,0,0,0,0,0,30,2,0,0,0,0,0,0,0,30
4343,2,"4343-2",2,1,3,NA,NA,NA,NA,NA,NA,NA,3,1,1,193.110604092,1,1,6,2,2,1683,1790,1888,1683,30,29,1,6,45,1,8,0,0,0,0,0,0,0,30,2,0,0,0,0,0,0,0,30
4343,3,"4343-3",2,1,3,NA,NA,NA,NA,NA,NA,NA,3,1,1,193.110604092,0,1,0,2,2,1790,1888,1888,1683,32,30,1,6,45,1,8,0,0,0,0,0,0,0,30,2,0,0,0,0,0,0,0,30
4343,4,"4343-4",3,1,2,3,NA,NA,NA,NA,NA,NA,3,2,2,193.110604092,0,7,7,3,3,1888,1887,1888,1887,35,32,0,18,53,1,1,8,0,0,0,0,0,0,30,32,2,0,0,0,0,0,0,32
4343,5,"4343-5",3,1,2,3,NA,NA,NA,NA,NA,NA,3,2,2,193.110604092,0,7,0,3,3,1887,1888,1888,1887,48,35,1,18,53,1,1,8,0,0,0,0,0,0,30,32,2,0,0,0,0,0,0,32
4357,1,"4357-1",2,1,2,NA,NA,NA,NA,NA,NA,NA,1,1,1,29.038462953,0,8,8,2,2,2784,753,2784,753,33,17,0,11,0,4,1,0,0,0,0,0,0,0,55,55,0,0,0,0,0,0,0,55
4357,2,"4357-2",2,1,2,NA,NA,NA,NA,NA,NA,NA,1,1,1,29.038462953,1,8,6,2,2,753,753,2784,753,33,33,1,11,0,4,1,0,0,0,0,0,0,0,55,55,0,0,0,0,0,0,0,55
4357,3,"4357-3",2,1,2,NA,NA,NA,NA,NA,NA,NA,1,1,1,29.038462953,0,8,0,2,2,753,2784,2784,753,48,33,1,11,0,4,1,0,0,0,0,0,0,0,55,55,0,0,0,0,0,0,0,55
4360,1,"4360-1",2,1,2,NA,NA,NA,NA,NA,NA,NA,1,1,0,17.427356654,0,NA,6,2,NA,2806,1088,NA,NA,21,5,0,NA,NA,4,5,0,0,0,0,0,0,0,58,65,0,0,0,0,0,0,0,65
4360,2,"4360-2",2,1,2,NA,NA,NA,NA,NA,NA,NA,1,1,0,17.427356654,0,NA,0,2,NA,1088,2806,NA,NA,48,21,1,NA,NA,4,5,0,0,0,0,0,0,0,58,65,0,0,0,0,0,0,0,65
4379,1,"4379-1",2,1,2,NA,NA,NA,NA,NA,NA,NA,1,1,1,65.267430712,0,9,9,2,2,2430,2431,2430,2431,14,12,0,8,53,5,5,0,0,0,0,0,0,0,65,65,0,0,0,0,0,0,0,65
4379,2,"4379-2",2,1,2,NA,NA,NA,NA,NA,NA,NA,1,1,1,65.267430712,1,9,5,2,2,2431,2436,2430,2431,15,14,1,8,53,5,5,0,0,0,0,0,0,0,65,65,0,0,0,0,0,0,0,65
4379,3,"4379-3",2,1,2,NA,NA,NA,NA,NA,NA,NA,1,1,1,65.267430712,1,9,5,2,2,2436,2432,2430,2431,16,15,1,8,53,5,5,0,0,0,0,0,0,0,65,65,0,0,0,0,0,0,0,65
4379,4,"4379-4",2,1,2,NA,NA,NA,NA,NA,NA,NA,1,1,1,65.267430712,1,9,5,2,2,2432,2426,2430,2431,16,16,1,8,53,5,5,0,0,0,0,0,0,0,65,65,0,0,0,0,0,0,0,65
4379,5,"4379-5",2,1,2,NA,NA,NA,NA,NA,NA,NA,1,1,1,65.267430712,1,9,6,2,2,2426,2430,2430,2431,16,16,1,8,53,5,5,0,0,0,0,0,0,0,65,65,0,0,0,0,0,0,0,65
4379,6,"4379-6",2,1,2,NA,NA,NA,NA,NA,NA,NA,1,1,1,65.267430712,0,9,0,2,2,2430,2430,2430,2431,48,16,1,8,53,5,5,0,0,0,0,0,0,0,65,65,0,0,0,0,0,0,0,65
4387,1,"4387-1",2,1,2,NA,NA,NA,NA,NA,NA,NA,1,2,1,251.771044035,0,5,5,2,2,39,417,39,417,27,24,0,14,50,2,3,0,0,0,0,0,0,0,50,18,0,0,0,0,0,0,0,50
4387,2,"4387-2",2,1,2,NA,NA,NA,NA,NA,NA,NA,1,2,1,251.771044035,0,5,0,2,2,417,39,39,417,48,27,1,14,50,2,3,0,0,0,0,0,0,0,50,18,0,0,0,0,0,0,0,50
4389,1,"4389-1",2,1,2,NA,NA,NA,NA,NA,NA,NA,1,2,1,16.13625048,0,6,6,2,2,2514,2504,2514,2504,34,33,0,19,25,1,1,0,0,0,0,0,0,0,55,58,0,0,0,0,0,0,0,58
4389,2,"4389-2",2,1,2,NA,NA,NA,NA,NA,NA,NA,1,2,1,16.13625048,0,6,0,2,2,2504,2514,2514,2504,48,34,1,19,25,1,1,0,0,0,0,0,0,0,55,58,0,0,0,0,0,0,0,58
4394,1,"4394-1",2,1,2,NA,NA,NA,NA,NA,NA,NA,1,2,1,20.46123471,0,7,7,2,2,2766,858,2766,858,37,29,0,17,0,1,1,0,0,0,0,0,0,0,58,53,0,0,0,0,0,0,0,58
4394,2,"4394-2",2,1,2,NA,NA,NA,NA,NA,NA,NA,1,2,1,20.46123471,0,7,0,2,2,858,2766,2766,858,48,37,1,17,0,1,1,0,0,0,0,0,0,0,58,53,0,0,0,0,0,0,0,58
4400,1,"4400-1",2,4,5,NA,NA,NA,NA,NA,NA,NA,2,1,1,34.612774448,0,3,3,3,3,2693,1652,2693,1652,23,9,0,7,0,6,7,0,0,0,0,0,0,0,16,14,0,0,0,0,0,0,0,16
4400,2,"4400-2",2,4,5,NA,NA,NA,NA,NA,NA,NA,2,1,1,34.612774448,0,3,0,3,3,1652,2693,2693,1652,48,23,1,7,0,6,7,0,0,0,0,0,0,0,16,14,0,0,0,0,0,0,0,16
4406,1,"4406-1",2,1,2,NA,NA,NA,NA,NA,NA,NA,1,1,1,28.706259184,0,9,9,2,2,1429,1415,1429,1415,21,12,0,8,45,5,5,0,0,0,0,0,0,0,65,68,0,0,0,0,0,0,0,68
4406,2,"4406-2",2,1,2,NA,NA,NA,NA,NA,NA,NA,1,1,1,28.706259184,1,9,7,2,2,1415,1430,1429,1415,22,21,1,8,45,5,5,0,0,0,0,0,0,0,65,68,0,0,0,0,0,0,0,68
4406,3,"4406-3",2,1,2,NA,NA,NA,NA,NA,NA,NA,1,1,1,28.706259184,0,9,0,2,2,1430,1429,1429,1415,48,22,1,8,45,5,5,0,0,0,0,0,0,0,65,68,0,0,0,0,0,0,0,68
4408,2,"4408-2",2,1,2,NA,NA,NA,NA,NA,NA,NA,1,3,1,128.65160553,0,6,6,2,2,2567,2588,2567,2588,32,31,0,18,0,2,1,0,0,0,0,0,0,0,59,59,0,0,0,0,0,0,0,59
4408,3,"4408-3",2,1,2,NA,NA,NA,NA,NA,NA,NA,1,3,1,128.65160553,1,6,8,2,2,2588,2574,2567,2588,34,32,1,18,0,2,1,0,0,0,0,0,0,0,59,59,0,0,0,0,0,0,0,59
4408,4,"4408-4",2,1,2,NA,NA,NA,NA,NA,NA,NA,1,3,1,128.65160553,0,6,0,2,2,2574,2567,2567,2588,48,34,1,18,0,2,1,0,0,0,0,0,0,0,59,59,0,0,0,0,0,0,0,59
4409,1,"4409-1",2,1,3,NA,NA,NA,NA,NA,NA,NA,1,1,1,22.7350629,0,8,8,2,2,2781,1286,2781,1286,32,30,0,17,45,4,5,0,0,0,0,0,0,0,64,93,0,0,0,0,0,0,0,93
4409,2,"4409-2",2,1,3,NA,NA,NA,NA,NA,NA,NA,1,1,1,22.7350629,0,8,0,2,2,1286,2781,2781,1286,48,32,1,17,45,4,5,0,0,0,0,0,0,0,64,93,0,0,0,0,0,0,0,93
4410,1,"4410-1",2,1,2,NA,NA,NA,NA,NA,NA,NA,1,1,1,74.05817302,1,5,5,2,2,1936,1956,1936,1997,17,15,0,10,29,5,5,0,0,0,0,0,0,0,70,70,0,0,0,0,0,0,0,70
4410,2,"4410-2",2,1,2,NA,NA,NA,NA,NA,NA,NA,1,1,1,74.05817302,0,5,5,2,2,1956,1997,1936,1997,19,17,0,10,29,5,5,0,0,0,0,0,0,0,70,70,0,0,0,0,0,0,0,70
4410,3,"4410-3",2,1,2,NA,NA,NA,NA,NA,NA,NA,1,1,1,74.05817302,1,5,6,2,2,1997,1941,1936,1997,19,19,1,10,29,5,5,0,0,0,0,0,0,0,70,70,0,0,0,0,0,0,0,70
4410,4,"4410-4",2,1,2,NA,NA,NA,NA,NA,NA,NA,1,1,1,74.05817302,0,5,0,2,2,1941,1936,1936,1997,48,19,1,10,29,5,5,0,0,0,0,0,0,0,70,70,0,0,0,0,0,0,0,70
4422,4,"4422-4",3,1,2,3,NA,NA,NA,NA,NA,NA,3,5,1,296.199711176,0,7,7,3,3,784,936,784,936,38,35,0,20,5,1,1,7,0,0,0,0,0,0,52,46,9,0,0,0,0,0,0,52
4422,5,"4422-5",3,1,2,3,NA,NA,NA,NA,NA,NA,3,5,1,296.199711176,0,7,0,3,3,936,784,784,936,48,38,1,20,5,1,1,7,0,0,0,0,0,0,52,46,9,0,0,0,0,0,0,52
4437,1,"4437-1",2,1,2,NA,NA,NA,NA,NA,NA,NA,1,2,1,17.667011985,0,5,5,2,2,2704,2738,2704,2738,30,25,0,15,20,1,4,0,0,0,0,0,0,0,65,63,0,0,0,0,0,0,0,65
4437,2,"4437-2",2,1,2,NA,NA,NA,NA,NA,NA,NA,1,2,1,17.667011985,1,5,7,2,2,2738,2790,2704,2738,33,30,1,15,20,1,4,0,0,0,0,0,0,0,65,63,0,0,0,0,0,0,0,65
4437,3,"4437-3",2,1,2,NA,NA,NA,NA,NA,NA,NA,1,2,1,17.667011985,0,5,0,2,2,2790,2704,2704,2738,48,33,1,15,20,1,4,0,0,0,0,0,0,0,65,63,0,0,0,0,0,0,0,65
4442,1,"4442-1",2,1,2,NA,NA,NA,NA,NA,NA,NA,1,1,1,40.395365774,0,6,6,2,2,2781,9999,2781,9999,16,13,0,9,5,4,5,0,0,0,0,0,0,0,60,89,0,0,0,0,0,0,0,89
4442,2,"4442-2",2,1,2,NA,NA,NA,NA,NA,NA,NA,1,1,1,40.395365774,0,6,0,2,2,9999,2781,2781,9999,21,16,1,9,5,4,5,0,0,0,0,0,0,0,60,89,0,0,0,0,0,0,0,89
4444,3,"4444-3",2,1,5,NA,NA,NA,NA,NA,NA,NA,3,2,1,81.0476351,0,9,9,2,2,1634,1634,1634,1634,20,17,0,11,20,4,8,0,0,0,0,0,0,0,37,0,0,0,0,0,0,0,0,37
4444,4,"4444-4",2,1,5,NA,NA,NA,NA,NA,NA,NA,3,2,1,81.0476351,0,9,0,2,2,1634,1634,1634,1634,27,20,1,11,20,4,8,0,0,0,0,0,0,0,37,0,0,0,0,0,0,0,0,37
4448,4,"4448-4",2,1,3,NA,NA,NA,NA,NA,NA,NA,3,2,1,254.1908664,0,9,9,2,2,2741,2745,2741,2745,36,30,0,17,45,4,7,0,0,0,0,0,0,0,48,15,0,0,0,0,0,0,0,48
4448,5,"4448-5",2,1,3,NA,NA,NA,NA,NA,NA,NA,3,2,1,254.1908664,0,9,0,2,2,2745,2741,2741,2745,48,36,1,17,45,4,7,0,0,0,0,0,0,0,48,15,0,0,0,0,0,0,0,48
4451,1,"4451-1",2,1,2,NA,NA,NA,NA,NA,NA,NA,1,1,1,45.018000184,1,5,6,2,2,1825,1825,1825,1852,14,13,0,9,15,5,5,0,0,0,0,0,0,0,70,66,0,0,0,0,0,0,0,70
4451,2,"4451-2",2,1,2,NA,NA,NA,NA,NA,NA,NA,1,1,1,45.018000184,0,5,5,2,2,1825,1852,1825,1852,15,14,0,9,15,5,5,0,0,0,0,0,0,0,70,66,0,0,0,0,0,0,0,70
4451,3,"4451-3",2,1,2,NA,NA,NA,NA,NA,NA,NA,1,1,1,45.018000184,1,5,5,2,2,1852,1854,1825,1852,16,15,1,9,15,5,5,0,0,0,0,0,0,0,70,66,0,0,0,0,0,0,0,70
4451,4,"4451-4",2,1,2,NA,NA,NA,NA,NA,NA,NA,1,1,1,45.018000184,1,5,5,2,2,1854,1854,1825,1852,17,16,1,9,15,5,5,0,0,0,0,0,0,0,70,66,0,0,0,0,0,0,0,70
4451,5,"4451-5",2,1,2,NA,NA,NA,NA,NA,NA,NA,1,1,1,45.018000184,1,5,7,2,2,1854,1854,1825,1852,17,17,1,9,15,5,5,0,0,0,0,0,0,0,70,66,0,0,0,0,0,0,0,70
4451,6,"4451-6",2,1,2,NA,NA,NA,NA,NA,NA,NA,1,1,1,45.018000184,1,5,6,2,2,1854,1828,1825,1852,19,17,1,9,15,5,5,0,0,0,0,0,0,0,70,66,0,0,0,0,0,0,0,70
4451,7,"4451-7",2,1,2,NA,NA,NA,NA,NA,NA,NA,1,1,1,45.018000184,0,5,0,2,2,1828,1825,1825,1852,48,19,1,9,15,5,5,0,0,0,0,0,0,0,70,66,0,0,0,0,0,0,0,70
4454,1,"4454-1",2,1,3,NA,NA,NA,NA,NA,NA,NA,1,2,1,42.14372568,0,9,9,2,2,2778,9999,2778,9999,33,31,0,18,27,1,3,0,0,0,0,0,0,0,54,22,0,0,0,0,0,0,0,54
4454,2,"4454-2",2,1,3,NA,NA,NA,NA,NA,NA,NA,1,2,1,42.14372568,0,9,0,2,2,9999,2778,2778,9999,48,33,1,18,27,1,3,0,0,0,0,0,0,0,54,22,0,0,0,0,0,0,0,54
4455,1,"4455-1",2,1,2,NA,NA,NA,NA,NA,NA,NA,1,2,1,16.75842861,0,7,7,3,3,2778,2766,2778,2766,31,28,0,16,45,1,1,0,0,0,0,0,0,0,48,48,0,0,0,0,0,0,0,48
4455,2,"4455-2",2,1,2,NA,NA,NA,NA,NA,NA,NA,1,2,1,16.75842861,0,7,0,3,3,2766,2778,2778,2766,48,31,1,16,45,1,1,0,0,0,0,0,0,0,48,48,0,0,0,0,0,0,0,48
4460,1,"4460-1",2,1,2,NA,NA,NA,NA,NA,NA,NA,1,2,1,45.598658117,0,7,7,2,2,1414,1414,1414,1414,23,19,0,12,2,5,5,0,0,0,0,0,0,0,75,75,0,0,0,0,0,0,0,75
4460,2,"4460-2",2,1,2,NA,NA,NA,NA,NA,NA,NA,1,2,1,45.598658117,0,7,0,2,2,1414,1414,1414,1414,25,23,1,12,2,5,5,0,0,0,0,0,0,0,75,75,0,0,0,0,0,0,0,75
4460,3,"4460-3",2,1,2,NA,NA,NA,NA,NA,NA,NA,1,3,2,45.598658117,0,5,5,2,2,1414,1389,1414,1389,27,25,0,15,10,5,5,0,0,0,0,0,0,0,75,75,0,0,0,0,0,0,0,75
4460,4,"4460-4",2,1,2,NA,NA,NA,NA,NA,NA,NA,1,3,2,45.598658117,0,5,0,2,2,1389,1414,1414,1389,48,27,1,15,10,5,5,0,0,0,0,0,0,0,75,75,0,0,0,0,0,0,0,75
4467,1,"4467-1",2,1,3,NA,NA,NA,NA,NA,NA,NA,3,2,1,35.546318596,1,6,6,2,2,2693,1659,2693,2329,26,25,0,15,20,2,7,0,0,0,0,0,0,0,46,14,0,0,0,0,0,0,0,46
4467,2,"4467-2",2,1,3,NA,NA,NA,NA,NA,NA,NA,3,2,1,35.546318596,0,6,6,2,2,1659,2329,2693,2329,30,26,0,15,20,2,7,0,0,0,0,0,0,0,46,14,0,0,0,0,0,0,0,46
4467,3,"4467-3",2,1,3,NA,NA,NA,NA,NA,NA,NA,3,2,1,35.546318596,0,6,0,2,2,2329,2693,2693,2329,48,30,1,15,20,2,7,0,0,0,0,0,0,0,46,14,0,0,0,0,0,0,0,46
4476,1,"4476-1",2,1,4,NA,NA,NA,NA,NA,NA,NA,3,1,1,13.9671736,0,6,6,2,2,2483,2480,2483,2480,19,18,0,11,58,1,8,0,0,0,0,0,0,0,35,2,0,0,0,0,0,0,0,35
4476,2,"4476-2",2,1,4,NA,NA,NA,NA,NA,NA,NA,3,1,1,13.9671736,1,6,8,2,2,2480,2472,2483,2480,19,19,1,11,58,1,8,0,0,0,0,0,0,0,35,2,0,0,0,0,0,0,0,35
4476,3,"4476-3",2,1,4,NA,NA,NA,NA,NA,NA,NA,3,1,1,13.9671736,0,6,0,2,2,2472,2483,2483,2480,25,19,1,11,58,1,8,0,0,0,0,0,0,0,35,2,0,0,0,0,0,0,0,35
4485,3,"4485-3",3,1,2,3,NA,NA,NA,NA,NA,NA,3,2,1,39.224077136,0,5,5,3,3,2517,2009,2517,2009,33,31,0,18,7,2,1,8,0,0,0,0,0,0,25,32,0,0,0,0,0,0,0,32
4485,4,"4485-4",3,1,2,3,NA,NA,NA,NA,NA,NA,3,2,1,39.224077136,0,5,0,3,3,2009,2517,2517,2009,48,33,1,18,7,2,1,8,0,0,0,0,0,0,25,32,0,0,0,0,0,0,0,32
4487,1,"4487-1",2,1,2,NA,NA,NA,NA,NA,NA,NA,1,2,1,29.500685192,0,5,5,2,3,1207,1923,1207,1923,26,22,0,13,30,5,5,0,0,0,0,0,0,0,65,66,0,0,0,0,0,0,0,66
4487,2,"4487-2",2,1,2,NA,NA,NA,NA,NA,NA,NA,1,2,1,29.500685192,1,5,5,3,3,1923,1923,1207,1923,27,26,1,13,30,5,5,0,0,0,0,0,0,0,65,66,0,0,0,0,0,0,0,66
4487,3,"4487-3",2,1,2,NA,NA,NA,NA,NA,NA,NA,1,2,1,29.500685192,0,5,0,3,3,1923,1207,1207,1923,32,27,1,13,30,5,5,0,0,0,0,0,0,0,65,66,0,0,0,0,0,0,0,66
4487,4,"4487-4",2,1,2,NA,NA,NA,NA,NA,NA,NA,1,3,2,29.500685192,0,7,7,3,3,1207,1185,1207,1185,37,32,0,18,45,5,5,0,0,0,0,0,0,0,65,66,0,0,0,0,0,0,0,66
4487,5,"4487-5",2,1,2,NA,NA,NA,NA,NA,NA,NA,1,3,2,29.500685192,1,7,8,2,3,1185,1200,1207,1185,41,37,1,18,45,5,5,0,0,0,0,0,0,0,65,66,0,0,0,0,0,0,0,66
4487,6,"4487-6",2,1,2,NA,NA,NA,NA,NA,NA,NA,1,3,2,29.500685192,0,7,0,2,3,1200,1207,1207,1185,48,41,1,18,45,5,5,0,0,0,0,0,0,0,65,66,0,0,0,0,0,0,0,66
4492,3,"4492-3",2,1,3,NA,NA,NA,NA,NA,NA,NA,3,3,2,152.9868172,0,5,5,2,2,2475,2504,2475,2504,32,31,0,18,13,4,7,0,0,0,0,0,0,0,27,8,0,0,0,0,0,0,0,27
4492,4,"4492-4",2,1,3,NA,NA,NA,NA,NA,NA,NA,3,3,2,152.9868172,0,5,0,2,2,2504,2475,2475,2504,48,32,1,18,13,4,7,0,0,0,0,0,0,0,27,8,0,0,0,0,0,0,0,27
4492,1,"4492-1",2,3,4,NA,NA,NA,NA,NA,NA,NA,2,1,1,105.0827187,0,3,3,9,9,2475,2474,2475,2474,25,9,0,7,12,7,8,0,0,0,0,0,0,0,8,5,0,0,0,0,0,0,0,8
4492,2,"4492-2",2,3,4,NA,NA,NA,NA,NA,NA,NA,2,1,1,105.0827187,0,3,0,9,9,2474,2475,2475,2474,31,25,1,7,12,7,8,0,0,0,0,0,0,0,8,5,0,0,0,0,0,0,0,8
4501,1,"4501-1",2,1,2,NA,NA,NA,NA,NA,NA,NA,1,2,1,45.99165795,0,7,7,2,2,1557,1554,1557,1554,36,29,0,17,0,2,1,0,0,0,0,0,0,0,56,60,0,0,0,0,0,0,0,60
4501,2,"4501-2",2,1,2,NA,NA,NA,NA,NA,NA,NA,1,2,1,45.99165795,0,7,0,2,2,1554,1557,1557,1554,48,36,1,17,0,2,1,0,0,0,0,0,0,0,56,60,0,0,0,0,0,0,0,60
4509,1,"4509-1",2,1,2,NA,NA,NA,NA,NA,NA,NA,1,2,1,110.314172115,0,7,7,2,2,2241,2197,2241,2197,35,33,0,19,15,1,1,0,0,0,0,0,0,0,27,27,0,0,0,0,0,0,0,27
4509,2,"4509-2",2,1,2,NA,NA,NA,NA,NA,NA,NA,1,2,1,110.314172115,1,7,5,2,2,2197,2200,2241,2197,35,35,1,19,15,1,1,0,0,0,0,0,0,0,27,27,0,0,0,0,0,0,0,27
4509,3,"4509-3",2,1,2,NA,NA,NA,NA,NA,NA,NA,1,2,1,110.314172115,1,7,5,2,2,2200,2178,2241,2197,36,35,1,19,15,1,1,0,0,0,0,0,0,0,27,27,0,0,0,0,0,0,0,27
4509,4,"4509-4",2,1,2,NA,NA,NA,NA,NA,NA,NA,1,2,1,110.314172115,0,7,0,2,2,2178,2241,2241,2197,48,36,1,19,15,1,1,0,0,0,0,0,0,0,27,27,0,0,0,0,0,0,0,27
4510,1,"4510-1",5,1,2,3,4,5,NA,NA,NA,NA,3,1,1,229.435932056,1,5,7,4,6,370,370,370,449,22,19,0,12,0,1,4,8,8,8,0,0,0,0,20,24,3,0,1,0,0,0,0,24
4510,2,"4510-2",5,1,2,3,4,5,NA,NA,NA,NA,3,1,1,229.435932056,0,5,5,6,6,370,449,370,449,31,22,0,12,0,1,4,8,8,8,0,0,0,0,20,24,3,0,1,0,0,0,0,24
4510,3,"4510-3",5,1,2,3,4,5,NA,NA,NA,NA,3,1,1,229.435932056,0,5,0,6,6,449,370,370,449,48,31,1,12,0,1,4,8,8,8,0,0,0,0,20,24,3,0,1,0,0,0,0,24
4517,1,"4517-1",2,1,4,NA,NA,NA,NA,NA,NA,NA,3,1,1,24.8188868,0,6,6,2,2,2755,2764,2755,2764,16,14,0,9,53,4,8,0,0,0,0,0,0,0,37,4,0,0,0,0,0,0,0,37
4517,2,"4517-2",2,1,4,NA,NA,NA,NA,NA,NA,NA,3,1,1,24.8188868,1,6,7,2,2,2764,2786,2755,2764,18,16,1,9,53,4,8,0,0,0,0,0,0,0,37,4,0,0,0,0,0,0,0,37
4517,3,"4517-3",2,1,4,NA,NA,NA,NA,NA,NA,NA,3,1,1,24.8188868,0,6,0,2,2,2786,2755,2755,2764,48,18,1,9,53,4,8,0,0,0,0,0,0,0,37,4,0,0,0,0,0,0,0,37
4521,1,"4521-1",2,1,2,NA,NA,NA,NA,NA,NA,NA,1,1,1,64.2506008,0,6,6,2,2,382,1143,382,1143,23,20,0,12,30,4,5,0,0,0,0,0,0,0,59,87,0,0,0,0,0,0,0,87
4521,2,"4521-2",2,1,2,NA,NA,NA,NA,NA,NA,NA,1,1,1,64.2506008,1,6,7,2,2,1143,1132,382,1143,25,23,1,12,30,4,5,0,0,0,0,0,0,0,59,87,0,0,0,0,0,0,0,87
4521,3,"4521-3",2,1,2,NA,NA,NA,NA,NA,NA,NA,1,1,1,64.2506008,1,6,6,2,2,1132,379,382,1143,26,25,1,12,30,4,5,0,0,0,0,0,0,0,59,87,0,0,0,0,0,0,0,87
4521,4,"4521-4",2,1,2,NA,NA,NA,NA,NA,NA,NA,1,1,1,64.2506008,0,6,0,2,2,379,382,382,1143,48,26,1,12,30,4,5,0,0,0,0,0,0,0,59,87,0,0,0,0,0,0,0,87
4523,1,"4523-1",2,1,2,NA,NA,NA,NA,NA,NA,NA,1,1,1,28.706259184,0,6,6,2,2,1451,1392,1451,1392,28,26,0,15,30,5,5,0,0,0,0,0,0,0,74,73,0,0,0,0,0,0,0,74
4523,2,"4523-2",2,1,2,NA,NA,NA,NA,NA,NA,NA,1,1,1,28.706259184,1,6,5,2,2,1392,1897,1451,1392,29,28,1,15,30,5,5,0,0,0,0,0,0,0,74,73,0,0,0,0,0,0,0,74
4523,3,"4523-3",2,1,2,NA,NA,NA,NA,NA,NA,NA,1,1,1,28.706259184,1,6,5,2,2,1897,1923,1451,1392,32,29,1,15,30,5,5,0,0,0,0,0,0,0,74,73,0,0,0,0,0,0,0,74
4523,4,"4523-4",2,1,2,NA,NA,NA,NA,NA,NA,NA,1,1,1,28.706259184,1,6,5,2,2,1923,1918,1451,1392,32,32,1,15,30,5,5,0,0,0,0,0,0,0,74,73,0,0,0,0,0,0,0,74
4523,5,"4523-5",2,1,2,NA,NA,NA,NA,NA,NA,NA,1,1,1,28.706259184,1,6,5,2,2,1918,1917,1451,1392,33,32,1,15,30,5,5,0,0,0,0,0,0,0,74,73,0,0,0,0,0,0,0,74
4523,6,"4523-6",2,1,2,NA,NA,NA,NA,NA,NA,NA,1,1,1,28.706259184,1,6,8,2,2,1917,1919,1451,1392,35,33,1,15,30,5,5,0,0,0,0,0,0,0,74,73,0,0,0,0,0,0,0,74
4523,7,"4523-7",2,1,2,NA,NA,NA,NA,NA,NA,NA,1,1,1,28.706259184,1,6,5,2,2,1919,1952,1451,1392,36,35,1,15,30,5,5,0,0,0,0,0,0,0,74,73,0,0,0,0,0,0,0,74
4523,8,"4523-8",2,1,2,NA,NA,NA,NA,NA,NA,NA,1,1,1,28.706259184,0,6,0,2,2,1952,1451,1451,1392,48,36,1,15,30,5,5,0,0,0,0,0,0,0,74,73,0,0,0,0,0,0,0,74
4533,1,"4533-1",2,1,2,NA,NA,NA,NA,NA,NA,NA,1,1,1,70.901861764,1,5,5,2,2,2708,2722,2708,2762,23,23,0,14,5,5,4,0,0,0,0,0,0,0,72,62,0,0,0,0,0,0,0,72
4533,2,"4533-2",2,1,2,NA,NA,NA,NA,NA,NA,NA,1,1,1,70.901861764,1,5,7,2,2,2722,2699,2708,2762,25,23,0,14,5,5,4,0,0,0,0,0,0,0,72,62,0,0,0,0,0,0,0,72
4533,3,"4533-3",2,1,2,NA,NA,NA,NA,NA,NA,NA,1,1,1,70.901861764,0,5,5,2,2,2699,2762,2708,2762,27,25,0,14,5,5,4,0,0,0,0,0,0,0,72,62,0,0,0,0,0,0,0,72
4533,4,"4533-4",2,1,2,NA,NA,NA,NA,NA,NA,NA,1,1,1,70.901861764,1,5,5,2,2,2762,2735,2708,2762,27,27,1,14,5,5,4,0,0,0,0,0,0,0,72,62,0,0,0,0,0,0,0,72
4533,5,"4533-5",2,1,2,NA,NA,NA,NA,NA,NA,NA,1,1,1,70.901861764,1,5,5,2,2,2735,2738,2708,2762,28,27,1,14,5,5,4,0,0,0,0,0,0,0,72,62,0,0,0,0,0,0,0,72
4533,6,"4533-6",2,1,2,NA,NA,NA,NA,NA,NA,NA,1,1,1,70.901861764,0,5,0,2,2,2738,2708,2708,2762,48,28,1,14,5,5,4,0,0,0,0,0,0,0,72,62,0,0,0,0,0,0,0,72
4541,1,"4541-1",2,1,2,NA,NA,NA,NA,NA,NA,NA,1,3,1,35.5473625,0,7,7,2,2,2708,2688,2708,2688,31,30,0,17,30,5,4,0,0,0,0,0,0,0,81,41,0,0,0,0,0,0,0,81
4541,2,"4541-2",2,1,2,NA,NA,NA,NA,NA,NA,NA,1,3,1,35.5473625,0,7,0,2,2,2688,2708,2708,2688,48,31,1,17,30,5,4,0,0,0,0,0,0,0,81,41,0,0,0,0,0,0,0,81
4542,1,"4542-1",2,1,2,NA,NA,NA,NA,NA,NA,NA,1,1,1,77.62320657,0,9,9,2,2,2466,2433,2466,2433,20,18,0,11,30,1,2,0,0,0,0,0,0,0,34,32,0,0,0,0,0,0,0,34
4542,2,"4542-2",2,1,2,NA,NA,NA,NA,NA,NA,NA,1,1,1,77.62320657,0,9,0,2,2,2433,2466,2466,2433,48,20,1,11,30,1,2,0,0,0,0,0,0,0,34,32,0,0,0,0,0,0,0,34
4550,1,"4550-1",2,1,2,NA,NA,NA,NA,NA,NA,NA,1,1,1,100.269395281,0,6,6,2,2,2694,2159,2694,2159,24,20,0,12,45,5,5,0,0,0,0,0,0,0,83,75,0,0,0,0,0,0,0,83
4550,2,"4550-2",2,1,2,NA,NA,NA,NA,NA,NA,NA,1,1,1,100.269395281,0,6,0,2,2,2159,2694,2694,2159,48,24,1,12,45,5,5,0,0,0,0,0,0,0,83,75,0,0,0,0,0,0,0,83
4553,1,"4553-1",2,1,3,NA,NA,NA,NA,NA,NA,NA,3,1,1,29.1075738,1,5,5,2,2,2468,2434,2468,2432,20,19,0,12,0,4,8,0,0,0,0,0,0,0,28,1,0,0,0,0,0,0,0,28
4553,2,"4553-2",2,1,3,NA,NA,NA,NA,NA,NA,NA,3,1,1,29.1075738,1,5,5,2,2,2434,2436,2468,2432,22,20,0,12,0,4,8,0,0,0,0,0,0,0,28,1,0,0,0,0,0,0,0,28
4553,3,"4553-3",2,1,3,NA,NA,NA,NA,NA,NA,NA,3,1,1,29.1075738,0,5,5,2,2,2436,2432,2468,2432,26,22,0,12,0,4,8,0,0,0,0,0,0,0,28,1,0,0,0,0,0,0,0,28
4553,4,"4553-4",2,1,3,NA,NA,NA,NA,NA,NA,NA,3,1,1,29.1075738,0,5,0,2,2,2432,2468,2468,2432,48,26,1,12,0,4,8,0,0,0,0,0,0,0,28,1,0,0,0,0,0,0,0,28
4554,1,"4554-1",2,1,2,NA,NA,NA,NA,NA,NA,NA,1,2,1,45.598658117,0,9,9,2,2,1429,1424,1429,1424,23,15,0,10,0,5,5,0,0,0,0,0,0,0,79,76,0,0,0,0,0,0,0,79
4554,2,"4554-2",2,1,2,NA,NA,NA,NA,NA,NA,NA,1,2,1,45.598658117,1,9,5,2,2,1424,1390,1429,1424,24,23,1,10,0,5,5,0,0,0,0,0,0,0,79,76,0,0,0,0,0,0,0,79
4554,3,"4554-3",2,1,2,NA,NA,NA,NA,NA,NA,NA,1,2,1,45.598658117,0,9,0,2,2,1390,1429,1429,1424,48,24,1,10,0,5,5,0,0,0,0,0,0,0,79,76,0,0,0,0,0,0,0,79
4556,1,"4556-1",3,1,2,3,NA,NA,NA,NA,NA,NA,3,2,1,33.620247056,0,6,6,3,3,2467,2480,2467,2480,32,30,0,17,45,2,1,7,0,0,0,0,0,0,33,38,9,0,0,0,0,0,0,38
4556,2,"4556-2",3,1,2,3,NA,NA,NA,NA,NA,NA,3,2,1,33.620247056,1,6,7,3,3,2480,2480,2467,2480,33,32,1,17,45,2,1,7,0,0,0,0,0,0,33,38,9,0,0,0,0,0,0,38
4556,3,"4556-3",3,1,2,3,NA,NA,NA,NA,NA,NA,3,2,1,33.620247056,1,6,6,3,3,2480,2483,2467,2480,33,33,1,17,45,2,1,7,0,0,0,0,0,0,33,38,9,0,0,0,0,0,0,38
4556,4,"4556-4",3,1,2,3,NA,NA,NA,NA,NA,NA,3,2,1,33.620247056,0,6,0,3,3,2483,2467,2467,2480,48,33,1,17,45,2,1,7,0,0,0,0,0,0,33,38,9,0,0,0,0,0,0,38
4560,1,"4560-1",2,1,2,NA,NA,NA,NA,NA,NA,NA,1,1,1,24.869582463,0,5,5,2,2,2810,2738,2810,2738,24,21,0,13,7,5,5,0,0,0,0,0,0,0,75,81,0,0,0,0,0,0,0,81
4560,2,"4560-2",2,1,2,NA,NA,NA,NA,NA,NA,NA,1,1,1,24.869582463,1,5,5,2,2,2738,2787,2810,2738,25,24,1,13,7,5,5,0,0,0,0,0,0,0,75,81,0,0,0,0,0,0,0,81
4560,3,"4560-3",2,1,2,NA,NA,NA,NA,NA,NA,NA,1,1,1,24.869582463,0,5,0,2,2,2787,2810,2810,2738,48,25,1,13,7,5,5,0,0,0,0,0,0,0,75,81,0,0,0,0,0,0,0,81
4563,1,"4563-1",3,1,2,3,NA,NA,NA,NA,NA,NA,1,1,1,32.5162628,0,7,7,3,3,2501,9999,2501,9999,41,33,0,19,5,4,1,2,0,0,0,0,0,0,45,48,18,0,0,0,0,0,0,48
4563,2,"4563-2",3,1,2,3,NA,NA,NA,NA,NA,NA,1,1,1,32.5162628,0,7,0,3,3,9999,2501,2501,9999,48,41,1,19,5,4,1,2,0,0,0,0,0,0,45,48,18,0,0,0,0,0,0,48
4569,3,"4569-3",2,1,4,NA,NA,NA,NA,NA,NA,NA,3,3,1,26.7867479,0,7,7,3,3,2499,9999,2499,9999,18,16,0,10,30,4,8,0,0,0,0,0,0,0,35,1,0,0,0,0,0,0,0,35
4569,4,"4569-4",2,1,4,NA,NA,NA,NA,NA,NA,NA,3,3,1,26.7867479,0,7,0,2,3,9999,2499,2499,9999,48,18,1,10,30,4,8,0,0,0,0,0,0,0,35,1,0,0,0,0,0,0,0,35
4580,1,"4580-1",2,1,3,NA,NA,NA,NA,NA,NA,NA,1,2,1,75.145694715,0,5,5,2,2,2567,2687,2567,2687,34,32,0,18,40,2,2,0,0,0,0,0,0,0,62,20,0,0,0,0,0,0,0,62
4580,2,"4580-2",2,1,3,NA,NA,NA,NA,NA,NA,NA,1,2,1,75.145694715,1,5,5,2,2,2687,2687,2567,2687,34,34,1,18,40,2,2,0,0,0,0,0,0,0,62,20,0,0,0,0,0,0,0,62
4580,3,"4580-3",2,1,3,NA,NA,NA,NA,NA,NA,NA,1,2,1,75.145694715,1,5,7,2,2,2687,2687,2567,2687,34,34,1,18,40,2,2,0,0,0,0,0,0,0,62,20,0,0,0,0,0,0,0,62
4580,4,"4580-4",2,1,3,NA,NA,NA,NA,NA,NA,NA,1,2,1,75.145694715,1,5,5,2,2,2687,2658,2567,2687,36,34,1,18,40,2,2,0,0,0,0,0,0,0,62,20,0,0,0,0,0,0,0,62
4580,5,"4580-5",2,1,3,NA,NA,NA,NA,NA,NA,NA,1,2,1,75.145694715,0,5,0,2,2,2658,2567,2567,2687,48,36,1,18,40,2,2,0,0,0,0,0,0,0,62,20,0,0,0,0,0,0,0,62
4581,1,"4581-1",2,1,2,NA,NA,NA,NA,NA,NA,NA,1,2,1,77.89869024,0,9,9,2,2,1348,1289,1348,1289,35,32,0,18,30,1,1,0,0,0,0,0,0,0,55,55,0,0,0,0,0,0,0,55
4581,2,"4581-2",2,1,2,NA,NA,NA,NA,NA,NA,NA,1,2,1,77.89869024,0,9,0,2,2,1289,1348,1348,1289,48,35,1,18,30,1,1,0,0,0,0,0,0,0,55,55,0,0,0,0,0,0,0,55
4585,1,"4585-1",2,1,2,NA,NA,NA,NA,NA,NA,NA,1,2,1,161.55260793,1,5,7,2,2,2692,1649,2692,1612,18,17,0,11,0,2,5,0,0,0,0,0,0,0,56,68,0,0,0,0,0,0,0,68
4585,2,"4585-2",2,1,2,NA,NA,NA,NA,NA,NA,NA,1,2,1,161.55260793,0,5,5,2,2,1649,1612,2692,1612,23,18,0,11,0,2,5,0,0,0,0,0,0,0,56,68,0,0,0,0,0,0,0,68
4585,3,"4585-3",2,1,2,NA,NA,NA,NA,NA,NA,NA,1,2,1,161.55260793,1,5,5,2,2,1612,2178,2692,1612,25,23,1,11,0,2,5,0,0,0,0,0,0,0,56,68,0,0,0,0,0,0,0,68
4585,4,"4585-4",2,1,2,NA,NA,NA,NA,NA,NA,NA,1,2,1,161.55260793,0,5,0,2,2,2178,2692,2692,1612,28,25,1,11,0,2,5,0,0,0,0,0,0,0,56,68,0,0,0,0,0,0,0,68
4589,1,"4589-1",2,1,2,NA,NA,NA,NA,NA,NA,NA,1,1,1,45.99165795,0,7,7,2,2,1543,677,1543,677,15,10,0,7,55,2,2,0,0,0,0,0,0,0,61,70,0,0,0,0,0,0,0,70
4589,2,"4589-2",2,1,2,NA,NA,NA,NA,NA,NA,NA,1,1,1,45.99165795,1,7,9,2,2,677,682,1543,677,16,15,1,7,55,2,2,0,0,0,0,0,0,0,61,70,0,0,0,0,0,0,0,70
4589,3,"4589-3",2,1,2,NA,NA,NA,NA,NA,NA,NA,1,1,1,45.99165795,1,7,9,2,2,682,678,1543,677,18,16,1,7,55,2,2,0,0,0,0,0,0,0,61,70,0,0,0,0,0,0,0,70
4589,4,"4589-4",2,1,2,NA,NA,NA,NA,NA,NA,NA,1,1,1,45.99165795,1,7,7,2,2,678,677,1543,677,19,18,1,7,55,2,2,0,0,0,0,0,0,0,61,70,0,0,0,0,0,0,0,70
4589,5,"4589-5",2,1,2,NA,NA,NA,NA,NA,NA,NA,1,1,1,45.99165795,0,7,0,2,2,677,1543,1543,677,22,19,1,7,55,2,2,0,0,0,0,0,0,0,61,70,0,0,0,0,0,0,0,70
4589,6,"4589-6",2,1,2,NA,NA,NA,NA,NA,NA,NA,1,2,2,45.99165795,0,9,9,2,2,1543,1343,1543,1343,24,22,0,13,36,2,2,0,0,0,0,0,0,0,61,70,0,0,0,0,0,0,0,70
4589,7,"4589-7",2,1,2,NA,NA,NA,NA,NA,NA,NA,1,2,2,45.99165795,0,9,0,2,2,1343,1543,1543,1343,48,24,1,13,36,2,2,0,0,0,0,0,0,0,61,70,0,0,0,0,0,0,0,70
4597,1,"4597-1",2,3,4,NA,NA,NA,NA,NA,NA,NA,2,1,1,286.995857568,0,3,3,4,4,157,155,157,155,26,10,0,7,30,6,7,0,0,0,0,0,0,0,16,14,0,0,0,0,0,0,0,16
4597,2,"4597-2",2,3,4,NA,NA,NA,NA,NA,NA,NA,2,1,1,286.995857568,0,3,0,4,4,155,157,157,155,48,26,1,7,30,6,7,0,0,0,0,0,0,0,16,14,0,0,0,0,0,0,0,16
4598,1,"4598-1",2,1,2,NA,NA,NA,NA,NA,NA,NA,1,1,1,70.0630455,0,8,8,3,3,157,237,157,237,39,29,0,17,10,2,1,0,0,0,0,0,0,0,25,23,0,0,0,0,0,0,0,25
4598,2,"4598-2",2,1,2,NA,NA,NA,NA,NA,NA,NA,1,1,1,70.0630455,0,8,0,3,3,237,157,157,237,48,39,1,17,10,2,1,0,0,0,0,0,0,0,25,23,0,0,0,0,0,0,0,25
4599,1,"4599-1",2,1,3,NA,NA,NA,NA,NA,NA,NA,3,1,1,41.8229515,0,8,8,2,2,2521,2520,2521,2520,23,13,0,9,0,4,7,0,0,0,0,0,0,0,28,6,0,0,0,0,0,0,0,28
4599,2,"4599-2",2,1,3,NA,NA,NA,NA,NA,NA,NA,3,1,1,41.8229515,0,8,0,2,2,2520,2521,2521,2520,48,23,1,9,0,4,7,0,0,0,0,0,0,0,28,6,0,0,0,0,0,0,0,28
4606,1,"4606-1",2,1,2,NA,NA,NA,NA,NA,NA,NA,1,1,1,37.638633694,1,6,6,2,2,2428,2423,2428,9999,13,9,0,7,0,5,5,0,0,0,0,0,0,0,75,80,0,0,0,0,0,0,0,80
4606,2,"4606-2",2,1,2,NA,NA,NA,NA,NA,NA,NA,1,1,1,37.638633694,0,6,6,2,2,2423,9999,2428,9999,17,13,0,7,0,5,5,0,0,0,0,0,0,0,75,80,0,0,0,0,0,0,0,80
4606,3,"4606-3",2,1,2,NA,NA,NA,NA,NA,NA,NA,1,1,1,37.638633694,1,6,5,2,2,9999,2428,2428,9999,20,17,1,7,0,5,5,0,0,0,0,0,0,0,75,80,0,0,0,0,0,0,0,80
4606,4,"4606-4",2,1,2,NA,NA,NA,NA,NA,NA,NA,1,1,1,37.638633694,0,6,0,2,2,2428,2428,2428,9999,48,20,1,7,0,5,5,0,0,0,0,0,0,0,75,80,0,0,0,0,0,0,0,80
4607,1,"4607-1",2,1,2,NA,NA,NA,NA,NA,NA,NA,1,3,1,19.4748103,0,4,4,2,3,2428,2114,2428,2114,29,27,0,16,20,4,5,0,0,0,0,0,0,0,54,68,0,0,0,0,0,0,0,68
4607,2,"4607-2",2,1,2,NA,NA,NA,NA,NA,NA,NA,1,3,1,19.4748103,1,4,8,3,3,2114,695,2428,2114,41,29,1,16,20,4,5,0,0,0,0,0,0,0,54,68,0,0,0,0,0,0,0,68
4607,3,"4607-3",2,1,2,NA,NA,NA,NA,NA,NA,NA,1,3,1,19.4748103,0,4,0,2,3,695,2428,2428,2114,48,41,1,16,20,4,5,0,0,0,0,0,0,0,54,68,0,0,0,0,0,0,0,68
4619,1,"4619-1",4,1,2,3,4,NA,NA,NA,NA,NA,3,2,1,43.052564452,0,9,9,3,3,2766,2766,2766,2766,34,30,0,17,45,2,1,7,7,0,0,0,0,0,48,47,10,9,0,0,0,0,0,48
4619,2,"4619-2",4,1,2,3,4,NA,NA,NA,NA,NA,3,2,1,43.052564452,0,9,0,3,3,2766,2766,2766,2766,48,34,1,17,45,2,1,7,7,0,0,0,0,0,48,47,10,9,0,0,0,0,0,48
4620,4,"4620-4",2,1,4,NA,NA,NA,NA,NA,NA,NA,3,2,1,173.216556532,0,6,6,3,3,30,290,30,290,30,24,0,14,30,1,7,0,0,0,0,0,0,0,33,8,0,0,0,0,0,0,0,33
4620,5,"4620-5",2,1,4,NA,NA,NA,NA,NA,NA,NA,3,2,1,173.216556532,0,6,0,3,3,290,30,30,290,48,30,1,14,30,1,7,0,0,0,0,0,0,0,33,8,0,0,0,0,0,0,0,33
4622,1,"4622-1",2,1,2,NA,NA,NA,NA,NA,NA,NA,1,1,0,139.2264479,0,NA,8,2,NA,370,450,NA,NA,17,9,0,NA,NA,3,1,0,0,0,0,0,0,0,40,40,0,0,0,0,0,0,0,40
4622,2,"4622-2",2,1,2,NA,NA,NA,NA,NA,NA,NA,1,1,0,139.2264479,1,NA,6,2,NA,450,378,NA,NA,17,17,1,NA,NA,3,1,0,0,0,0,0,0,0,40,40,0,0,0,0,0,0,0,40
4622,3,"4622-3",2,1,2,NA,NA,NA,NA,NA,NA,NA,1,1,0,139.2264479,0,NA,0,2,NA,378,370,NA,NA,26,17,1,NA,NA,3,1,0,0,0,0,0,0,0,40,40,0,0,0,0,0,0,0,40
4639,1,"4639-1",2,1,2,NA,NA,NA,NA,NA,NA,NA,1,1,1,68.081108207,1,9,6,2,2,2452,2451,2452,2499,26,25,0,15,0,4,4,0,0,0,0,0,0,0,62,63,0,0,0,0,0,0,0,63
4639,2,"4639-2",2,1,2,NA,NA,NA,NA,NA,NA,NA,1,1,1,68.081108207,1,9,6,2,2,2451,2499,2452,2499,27,26,0,15,0,4,4,0,0,0,0,0,0,0,62,63,0,0,0,0,0,0,0,63
4639,3,"4639-3",2,1,2,NA,NA,NA,NA,NA,NA,NA,1,1,1,68.081108207,0,9,9,2,2,2499,2499,2452,2499,34,27,0,15,0,4,4,0,0,0,0,0,0,0,62,63,0,0,0,0,0,0,0,63
4639,4,"4639-4",2,1,2,NA,NA,NA,NA,NA,NA,NA,1,1,1,68.081108207,0,9,0,2,2,2499,2452,2452,2499,35,34,1,15,0,4,4,0,0,0,0,0,0,0,62,63,0,0,0,0,0,0,0,63
4647,2,"4647-2",2,3,5,NA,NA,NA,NA,NA,NA,NA,3,1,1,163.134633336,0,2,2,4,4,391,389,391,389,23,19,0,12,0,3,8,0,0,0,0,0,0,0,26,2,0,0,0,0,0,0,0,26
4647,3,"4647-3",2,3,5,NA,NA,NA,NA,NA,NA,NA,3,1,1,163.134633336,0,2,0,4,4,389,391,391,389,48,23,1,12,0,3,8,0,0,0,0,0,0,0,26,2,0,0,0,0,0,0,0,26
4656,1,"4656-1",2,3,4,NA,NA,NA,NA,NA,NA,NA,2,1,1,297.384115,0,9,9,4,4,398,400,398,400,18,14,0,9,50,8,8,0,0,0,0,0,0,0,2,1,0,0,0,0,0,0,0,2
4656,2,"4656-2",2,3,4,NA,NA,NA,NA,NA,NA,NA,2,1,1,297.384115,0,9,0,4,4,400,398,398,400,48,18,1,9,50,8,8,0,0,0,0,0,0,0,2,1,0,0,0,0,0,0,0,2
4662,1,"4662-1",2,1,2,NA,NA,NA,NA,NA,NA,NA,1,2,1,160.672524195,0,8,8,2,2,527,516,527,516,33,31,0,18,15,5,5,0,0,0,0,0,0,0,69,67,0,0,0,0,0,0,0,69
4662,2,"4662-2",2,1,2,NA,NA,NA,NA,NA,NA,NA,1,2,1,160.672524195,1,8,6,2,2,516,516,527,516,34,33,1,18,15,5,5,0,0,0,0,0,0,0,69,67,0,0,0,0,0,0,0,69
4662,3,"4662-3",2,1,2,NA,NA,NA,NA,NA,NA,NA,1,2,1,160.672524195,0,8,0,2,2,516,527,527,516,48,34,1,18,15,5,5,0,0,0,0,0,0,0,69,67,0,0,0,0,0,0,0,69
4680,5,"4680-5",2,1,2,NA,NA,NA,NA,NA,NA,NA,1,4,1,140.1833774,0,9,9,2,2,372,236,372,236,29,27,0,16,18,4,2,0,0,0,0,0,0,0,61,34,0,0,0,0,0,0,0,61
4680,6,"4680-6",2,1,2,NA,NA,NA,NA,NA,NA,NA,1,4,1,140.1833774,1,9,9,2,2,236,209,372,236,31,29,1,16,18,4,2,0,0,0,0,0,0,0,61,34,0,0,0,0,0,0,0,61
4680,7,"4680-7",2,1,2,NA,NA,NA,NA,NA,NA,NA,1,4,1,140.1833774,1,9,5,2,2,209,425,372,236,32,31,1,16,18,4,2,0,0,0,0,0,0,0,61,34,0,0,0,0,0,0,0,61
4680,8,"4680-8",2,1,2,NA,NA,NA,NA,NA,NA,NA,1,4,1,140.1833774,0,9,0,2,2,425,372,372,236,48,32,1,16,18,4,2,0,0,0,0,0,0,0,61,34,0,0,0,0,0,0,0,61
4685,1,"4685-1",2,1,2,NA,NA,NA,NA,NA,NA,NA,1,1,1,17.105608165,0,5,5,2,2,2636,2686,2636,2686,17,13,0,9,0,5,5,0,0,0,0,0,0,0,69,68,0,0,0,0,0,0,0,69
4685,2,"4685-2",2,1,2,NA,NA,NA,NA,NA,NA,NA,1,1,1,17.105608165,1,5,5,2,2,2686,2687,2636,2686,20,17,1,9,0,5,5,0,0,0,0,0,0,0,69,68,0,0,0,0,0,0,0,69
4685,3,"4685-3",2,1,2,NA,NA,NA,NA,NA,NA,NA,1,1,1,17.105608165,1,5,5,2,2,2687,2644,2636,2686,22,20,1,9,0,5,5,0,0,0,0,0,0,0,69,68,0,0,0,0,0,0,0,69
4685,4,"4685-4",2,1,2,NA,NA,NA,NA,NA,NA,NA,1,1,1,17.105608165,0,5,0,2,2,2644,2636,2636,2686,48,22,1,9,0,5,5,0,0,0,0,0,0,0,69,68,0,0,0,0,0,0,0,69
4688,1,"4688-1",2,1,2,NA,NA,NA,NA,NA,NA,NA,1,1,1,28.97653962,1,5,7,2,2,2631,2609,2631,2686,15,15,0,10,15,1,5,0,0,0,0,0,0,0,48,87,0,0,0,0,0,0,0,87
4688,2,"4688-2",2,1,2,NA,NA,NA,NA,NA,NA,NA,1,1,1,28.97653962,1,5,5,2,2,2609,2675,2631,2686,16,15,0,10,15,1,5,0,0,0,0,0,0,0,48,87,0,0,0,0,0,0,0,87
4688,3,"4688-3",2,1,2,NA,NA,NA,NA,NA,NA,NA,1,1,1,28.97653962,0,5,5,2,2,2675,2686,2631,2686,18,16,0,10,15,1,5,0,0,0,0,0,0,0,48,87,0,0,0,0,0,0,0,87
4688,4,"4688-4",2,1,2,NA,NA,NA,NA,NA,NA,NA,1,1,1,28.97653962,1,5,5,2,2,2686,2686,2631,2686,18,18,1,10,15,1,5,0,0,0,0,0,0,0,48,87,0,0,0,0,0,0,0,87
4688,5,"4688-5",2,1,2,NA,NA,NA,NA,NA,NA,NA,1,1,1,28.97653962,1,5,7,2,2,2686,2687,2631,2686,20,18,1,10,15,1,5,0,0,0,0,0,0,0,48,87,0,0,0,0,0,0,0,87
4688,6,"4688-6",2,1,2,NA,NA,NA,NA,NA,NA,NA,1,1,1,28.97653962,0,5,0,2,2,2687,2631,2631,2686,21,20,1,10,15,1,5,0,0,0,0,0,0,0,48,87,0,0,0,0,0,0,0,87
4689,1,"4689-1",4,3,4,5,6,NA,NA,NA,NA,NA,2,1,1,15.4713057,0,3,3,9,9,2467,2480,2467,2480,25,9,0,7,0,7,7,7,7,0,0,0,0,0,13,11,9,6,0,0,0,0,0,13
4689,2,"4689-2",4,3,4,5,6,NA,NA,NA,NA,NA,2,1,1,15.4713057,0,3,0,9,9,2480,2467,2467,2480,48,25,1,7,0,7,7,7,7,0,0,0,0,0,13,11,9,6,0,0,0,0,0,13
4691,5,"4691-5",2,1,2,NA,NA,NA,NA,NA,NA,NA,1,2,1,15.9884006,1,5,5,3,3,2704,2718,2704,2699,20,20,0,12,35,4,5,0,0,0,0,0,0,0,64,68,0,0,0,0,0,0,0,68
4691,6,"4691-6",2,1,2,NA,NA,NA,NA,NA,NA,NA,1,2,1,15.9884006,1,5,6,3,3,2718,2719,2704,2699,21,20,0,12,35,4,5,0,0,0,0,0,0,0,64,68,0,0,0,0,0,0,0,68
4691,7,"4691-7",2,1,2,NA,NA,NA,NA,NA,NA,NA,1,2,1,15.9884006,1,5,5,3,3,2719,2719,2704,2699,21,21,0,12,35,4,5,0,0,0,0,0,0,0,64,68,0,0,0,0,0,0,0,68
4691,8,"4691-8",2,1,2,NA,NA,NA,NA,NA,NA,NA,1,2,1,15.9884006,1,5,5,4,3,2719,2719,2704,2699,21,21,0,12,35,4,5,0,0,0,0,0,0,0,64,68,0,0,0,0,0,0,0,68
4691,9,"4691-9",2,1,2,NA,NA,NA,NA,NA,NA,NA,1,2,1,15.9884006,1,5,8,4,3,2719,2719,2704,2699,22,21,0,12,35,4,5,0,0,0,0,0,0,0,64,68,0,0,0,0,0,0,0,68
4691,10,"4691-10",2,1,2,NA,NA,NA,NA,NA,NA,NA,1,2,1,15.9884006,1,5,7,3,3,2719,2722,2704,2699,23,22,0,12,35,4,5,0,0,0,0,0,0,0,64,68,0,0,0,0,0,0,0,68
4691,11,"4691-11",2,1,2,NA,NA,NA,NA,NA,NA,NA,1,2,1,15.9884006,0,5,5,2,3,2722,2699,2704,2699,24,23,0,12,35,4,5,0,0,0,0,0,0,0,64,68,0,0,0,0,0,0,0,68
4691,12,"4691-12",2,1,2,NA,NA,NA,NA,NA,NA,NA,1,2,1,15.9884006,0,5,0,2,3,2699,2704,2704,2699,30,24,1,12,35,4,5,0,0,0,0,0,0,0,64,68,0,0,0,0,0,0,0,68
4692,5,"4692-5",2,1,2,NA,NA,NA,NA,NA,NA,NA,1,2,1,116.748180675,0,5,5,4,4,35,33,35,33,27,27,0,16,0,2,1,0,0,0,0,0,0,0,63,59,0,0,0,0,0,0,0,63
4692,6,"4692-6",2,1,2,NA,NA,NA,NA,NA,NA,NA,1,2,1,116.748180675,0,5,0,4,4,33,35,35,33,48,27,1,16,0,2,1,0,0,0,0,0,0,0,63,59,0,0,0,0,0,0,0,63
4694,1,"4694-1",4,1,2,3,4,NA,NA,NA,NA,NA,3,2,1,31.264036728,0,6,6,3,3,2470,2470,2470,2470,30,30,0,17,30,2,1,8,8,0,0,0,0,0,30,33,5,2,0,0,0,0,0,33
4694,2,"4694-2",4,1,2,3,4,NA,NA,NA,NA,NA,3,2,1,31.264036728,0,6,0,3,3,2470,2470,2470,2470,48,30,1,17,30,2,1,8,8,0,0,0,0,0,30,33,5,2,0,0,0,0,0,33
4695,1,"4695-1",3,1,2,3,NA,NA,NA,NA,NA,NA,3,2,1,33.620247056,0,9,9,3,3,2473,2436,2473,2436,31,28,0,16,30,1,1,8,0,0,0,0,0,0,40,43,3,0,0,0,0,0,0,43
4695,2,"4695-2",3,1,2,3,NA,NA,NA,NA,NA,NA,3,2,1,33.620247056,0,9,0,3,3,2436,2473,2473,2436,48,31,1,16,30,1,1,8,0,0,0,0,0,0,40,43,3,0,0,0,0,0,0,43
4697,1,"4697-1",2,1,2,NA,NA,NA,NA,NA,NA,NA,1,1,1,60.154263225,0,9,9,2,2,1825,1822,1825,1822,18,13,0,9,15,1,1,0,0,0,0,0,0,0,63,63,0,0,0,0,0,0,0,63
4697,2,"4697-2",2,1,2,NA,NA,NA,NA,NA,NA,NA,1,1,1,60.154263225,0,9,0,2,2,1822,1825,1825,1822,19,18,1,9,15,1,1,0,0,0,0,0,0,0,63,63,0,0,0,0,0,0,0,63
4704,3,"4704-3",3,1,2,3,NA,NA,NA,NA,NA,NA,3,2,1,39.888783932,0,2,2,3,3,2788,2788,2788,2788,33,31,0,18,0,1,1,7,0,0,0,0,0,0,44,37,8,0,0,0,0,0,0,44
4704,4,"4704-4",3,1,2,3,NA,NA,NA,NA,NA,NA,3,2,1,39.888783932,0,2,0,3,3,2788,2788,2788,2788,48,33,1,18,0,1,1,7,0,0,0,0,0,0,44,37,8,0,0,0,0,0,0,44
4716,1,"4716-1",2,1,2,NA,NA,NA,NA,NA,NA,NA,1,2,1,60.154263225,0,4,4,2,2,2029,1901,2029,1901,35,34,0,19,30,2,1,0,0,0,0,0,0,0,53,55,0,0,0,0,0,0,0,55
4716,2,"4716-2",2,1,2,NA,NA,NA,NA,NA,NA,NA,1,2,1,60.154263225,0,4,0,2,2,1901,2029,2029,1901,48,35,1,19,30,2,1,0,0,0,0,0,0,0,53,55,0,0,0,0,0,0,0,55
4728,1,"4728-1",2,1,2,NA,NA,NA,NA,NA,NA,NA,1,2,1,42.219483935,0,7,7,2,2,1901,1915,1901,1915,30,29,0,17,10,4,4,0,0,0,0,0,0,0,57,61,0,0,0,0,0,0,0,61
4728,2,"4728-2",2,1,2,NA,NA,NA,NA,NA,NA,NA,1,2,1,42.219483935,1,7,6,2,2,1915,1915,1901,1915,31,30,1,17,10,4,4,0,0,0,0,0,0,0,57,61,0,0,0,0,0,0,0,61
4728,3,"4728-3",2,1,2,NA,NA,NA,NA,NA,NA,NA,1,2,1,42.219483935,0,7,0,2,2,1915,1901,1901,1915,48,31,1,17,10,4,4,0,0,0,0,0,0,0,57,61,0,0,0,0,0,0,0,61
4736,1,"4736-1",2,1,2,NA,NA,NA,NA,NA,NA,NA,1,1,1,18.155340513,0,6,6,2,2,2543,2537,2543,2537,25,21,0,13,0,5,5,0,0,0,0,0,0,0,70,70,0,0,0,0,0,0,0,70
4736,2,"4736-2",2,1,2,NA,NA,NA,NA,NA,NA,NA,1,1,1,18.155340513,1,6,5,2,2,2537,1986,2543,2537,28,25,1,13,0,5,5,0,0,0,0,0,0,0,70,70,0,0,0,0,0,0,0,70
4736,3,"4736-3",2,1,2,NA,NA,NA,NA,NA,NA,NA,1,1,1,18.155340513,0,6,0,2,2,1986,2543,2543,2537,48,28,1,13,0,5,5,0,0,0,0,0,0,0,70,70,0,0,0,0,0,0,0,70
4737,1,"4737-1",2,1,2,NA,NA,NA,NA,NA,NA,NA,1,2,1,11.373027518,0,9,9,2,2,2755,2712,2755,2712,35,28,0,16,45,5,5,0,0,0,0,0,0,0,71,70,0,0,0,0,0,0,0,71
4737,2,"4737-2",2,1,2,NA,NA,NA,NA,NA,NA,NA,1,2,1,11.373027518,0,9,0,2,2,2712,2755,2755,2712,48,35,1,16,45,5,5,0,0,0,0,0,0,0,71,70,0,0,0,0,0,0,0,71
4739,1,"4739-1",2,1,2,NA,NA,NA,NA,NA,NA,NA,1,1,1,16.083732729,1,5,7,2,2,2704,2718,2704,2699,19,17,0,11,0,5,5,0,0,0,0,0,0,0,76,68,0,0,0,0,0,0,0,76
4739,2,"4739-2",2,1,2,NA,NA,NA,NA,NA,NA,NA,1,1,1,16.083732729,0,5,5,2,2,2718,2699,2704,2699,21,19,0,11,0,5,5,0,0,0,0,0,0,0,76,68,0,0,0,0,0,0,0,76
4739,3,"4739-3",2,1,2,NA,NA,NA,NA,NA,NA,NA,1,1,1,16.083732729,0,5,0,2,2,2699,2704,2704,2699,25,21,1,11,0,5,5,0,0,0,0,0,0,0,76,68,0,0,0,0,0,0,0,76
4742,1,"4742-1",2,1,2,NA,NA,NA,NA,NA,NA,NA,1,2,1,10.10481775,0,7,7,2,2,2475,9999,2475,9999,33,30,0,17,40,5,5,0,0,0,0,0,0,0,67,68,0,0,0,0,0,0,0,68
4742,2,"4742-2",2,1,2,NA,NA,NA,NA,NA,NA,NA,1,2,1,10.10481775,0,7,0,2,2,9999,2475,2475,9999,48,33,1,17,40,5,5,0,0,0,0,0,0,0,67,68,0,0,0,0,0,0,0,68
4744,1,"4744-1",2,2,4,NA,NA,NA,NA,NA,NA,NA,3,1,1,67.707470556,1,9,4,2,9,1178,1870,1178,2024,14,12,0,8,30,1,8,0,0,0,0,0,0,0,41,3,0,0,0,0,0,0,0,41
4744,2,"4744-2",2,2,4,NA,NA,NA,NA,NA,NA,NA,3,1,1,67.707470556,0,9,9,9,9,1870,2024,1178,2024,20,14,0,8,30,1,8,0,0,0,0,0,0,0,41,3,0,0,0,0,0,0,0,41
4744,3,"4744-3",2,2,4,NA,NA,NA,NA,NA,NA,NA,3,1,1,67.707470556,1,9,4,9,9,2024,1870,1178,2024,22,20,1,8,30,1,8,0,0,0,0,0,0,0,41,3,0,0,0,0,0,0,0,41
4744,4,"4744-4",2,2,4,NA,NA,NA,NA,NA,NA,NA,3,1,1,67.707470556,0,9,0,2,9,1870,1178,1178,2024,25,22,1,8,30,1,8,0,0,0,0,0,0,0,41,3,0,0,0,0,0,0,0,41
4744,5,"4744-5",2,2,4,NA,NA,NA,NA,NA,NA,NA,3,2,2,67.707470556,0,4,4,2,3,1178,1178,1178,1178,26,25,0,15,20,1,8,0,0,0,0,0,0,0,41,3,0,0,0,0,0,0,0,41
4744,6,"4744-6",2,2,4,NA,NA,NA,NA,NA,NA,NA,3,2,2,67.707470556,0,4,0,3,3,1178,1178,1178,1178,30,26,1,15,20,1,8,0,0,0,0,0,0,0,41,3,0,0,0,0,0,0,0,41
4744,7,"4744-7",2,2,3,NA,NA,NA,NA,NA,NA,NA,3,3,3,67.707470556,1,4,4,2,2,1178,1183,1178,1184,32,30,0,17,45,1,7,0,0,0,0,0,0,0,41,10,0,0,0,0,0,0,0,41
4744,8,"4744-8",2,2,3,NA,NA,NA,NA,NA,NA,NA,3,3,3,67.707470556,0,4,4,2,2,1183,1184,1178,1184,36,32,0,17,45,1,7,0,0,0,0,0,0,0,41,10,0,0,0,0,0,0,0,41
4744,9,"4744-9",2,2,3,NA,NA,NA,NA,NA,NA,NA,3,3,3,67.707470556,0,4,0,2,2,1184,1178,1178,1184,48,36,1,17,45,1,7,0,0,0,0,0,0,0,41,10,0,0,0,0,0,0,0,41
4750,1,"4750-1",3,1,3,4,NA,NA,NA,NA,NA,NA,3,1,1,413.0001838,0,2,2,3,3,2657,2652,2657,2652,13,11,0,8,20,3,8,8,0,0,0,0,0,0,34,4,0,0,0,0,0,0,0,34
4750,2,"4750-2",3,1,3,4,NA,NA,NA,NA,NA,NA,3,1,1,413.0001838,1,2,5,3,3,2652,2654,2657,2652,15,13,1,8,20,3,8,8,0,0,0,0,0,0,34,4,0,0,0,0,0,0,0,34
4750,3,"4750-3",3,1,3,4,NA,NA,NA,NA,NA,NA,3,1,1,413.0001838,0,2,0,3,3,2654,2657,2657,2652,48,15,1,8,20,3,8,8,0,0,0,0,0,0,34,4,0,0,0,0,0,0,0,34
4755,1,"4755-1",2,1,3,NA,NA,NA,NA,NA,NA,NA,3,1,1,141.1083462,1,5,8,2,2,884,770,884,883,17,13,0,9,21,4,8,0,0,0,0,0,0,0,30,2,0,0,0,0,0,0,0,30
4755,2,"4755-2",2,1,3,NA,NA,NA,NA,NA,NA,NA,3,1,1,141.1083462,1,5,7,2,2,770,449,884,883,18,17,0,9,21,4,8,0,0,0,0,0,0,0,30,2,0,0,0,0,0,0,0,30
4755,3,"4755-3",2,1,3,NA,NA,NA,NA,NA,NA,NA,3,1,1,141.1083462,0,5,5,2,2,449,883,884,883,20,18,0,9,21,4,8,0,0,0,0,0,0,0,30,2,0,0,0,0,0,0,0,30
4755,4,"4755-4",2,1,3,NA,NA,NA,NA,NA,NA,NA,3,1,1,141.1083462,0,5,0,2,2,883,884,884,883,48,20,1,9,21,4,8,0,0,0,0,0,0,0,30,2,0,0,0,0,0,0,0,30
4759,1,"4759-1",2,1,2,NA,NA,NA,NA,NA,NA,NA,1,1,1,45.99165795,1,8,9,2,2,1508,9999,1508,9999,18,12,0,8,45,2,1,0,0,0,0,0,0,0,60,62,0,0,0,0,0,0,0,62
4759,2,"4759-2",2,1,2,NA,NA,NA,NA,NA,NA,NA,1,1,1,45.99165795,1,8,9,4,2,9999,9999,1508,9999,19,18,0,8,45,2,1,0,0,0,0,0,0,0,60,62,0,0,0,0,0,0,0,62
4759,3,"4759-3",2,1,2,NA,NA,NA,NA,NA,NA,NA,1,1,1,45.99165795,1,8,9,4,2,9999,9999,1508,9999,21,19,0,8,45,2,1,0,0,0,0,0,0,0,60,62,0,0,0,0,0,0,0,62
4759,4,"4759-4",2,1,2,NA,NA,NA,NA,NA,NA,NA,1,1,1,45.99165795,1,8,5,4,2,9999,9999,1508,9999,23,21,0,8,45,2,1,0,0,0,0,0,0,0,60,62,0,0,0,0,0,0,0,62
4759,5,"4759-5",2,1,2,NA,NA,NA,NA,NA,NA,NA,1,1,1,45.99165795,1,8,7,4,2,9999,9999,1508,9999,23,23,0,8,45,2,1,0,0,0,0,0,0,0,60,62,0,0,0,0,0,0,0,62
4759,6,"4759-6",2,1,2,NA,NA,NA,NA,NA,NA,NA,1,1,1,45.99165795,1,8,9,4,2,9999,9999,1508,9999,26,23,0,8,45,2,1,0,0,0,0,0,0,0,60,62,0,0,0,0,0,0,0,62
4759,7,"4759-7",2,1,2,NA,NA,NA,NA,NA,NA,NA,1,1,1,45.99165795,1,8,7,4,2,9999,9999,1508,9999,31,26,0,8,45,2,1,0,0,0,0,0,0,0,60,62,0,0,0,0,0,0,0,62
4759,8,"4759-8",2,1,2,NA,NA,NA,NA,NA,NA,NA,1,1,1,45.99165795,1,8,9,4,2,9999,9999,1508,9999,32,31,0,8,45,2,1,0,0,0,0,0,0,0,60,62,0,0,0,0,0,0,0,62
4762,1,"4762-1",2,2,3,NA,NA,NA,NA,NA,NA,NA,1,1,1,25.3925033,0,8,8,2,2,2467,2483,2467,2483,27,13,0,9,0,4,4,0,0,0,0,0,0,0,54,49,0,0,0,0,0,0,0,54
4762,2,"4762-2",2,2,3,NA,NA,NA,NA,NA,NA,NA,1,1,1,25.3925033,0,8,0,2,2,2483,2467,2467,2483,48,27,1,9,0,4,4,0,0,0,0,0,0,0,54,49,0,0,0,0,0,0,0,54
4764,1,"4764-1",2,1,2,NA,NA,NA,NA,NA,NA,NA,1,1,1,17.427356654,1,5,5,2,2,9999,9999,9999,9999,14,13,0,9,25,4,5,0,0,0,0,0,0,0,64,65,0,0,0,0,0,0,0,65
4764,2,"4764-2",2,1,2,NA,NA,NA,NA,NA,NA,NA,1,1,1,17.427356654,1,5,7,2,2,9999,9999,9999,9999,17,14,0,9,25,4,5,0,0,0,0,0,0,0,64,65,0,0,0,0,0,0,0,65
4764,3,"4764-3",2,1,2,NA,NA,NA,NA,NA,NA,NA,1,1,1,17.427356654,1,5,5,4,2,9999,9999,9999,9999,17,17,0,9,25,4,5,0,0,0,0,0,0,0,64,65,0,0,0,0,0,0,0,65
4764,4,"4764-4",2,1,2,NA,NA,NA,NA,NA,NA,NA,1,1,1,17.427356654,1,5,5,4,2,9999,9999,9999,9999,18,17,0,9,25,4,5,0,0,0,0,0,0,0,64,65,0,0,0,0,0,0,0,65
4764,5,"4764-5",2,1,2,NA,NA,NA,NA,NA,NA,NA,1,1,1,17.427356654,1,5,5,4,2,9999,9999,9999,9999,18,18,0,9,25,4,5,0,0,0,0,0,0,0,64,65,0,0,0,0,0,0,0,65
4764,6,"4764-6",2,1,2,NA,NA,NA,NA,NA,NA,NA,1,1,1,17.427356654,1,5,5,4,2,9999,9999,9999,9999,19,18,0,9,25,4,5,0,0,0,0,0,0,0,64,65,0,0,0,0,0,0,0,65
4764,7,"4764-7",2,1,2,NA,NA,NA,NA,NA,NA,NA,1,1,1,17.427356654,1,5,5,4,2,9999,9999,9999,9999,20,19,0,9,25,4,5,0,0,0,0,0,0,0,64,65,0,0,0,0,0,0,0,65
4764,8,"4764-8",2,1,2,NA,NA,NA,NA,NA,NA,NA,1,1,1,17.427356654,1,5,7,4,2,9999,9999,9999,9999,22,20,0,9,25,4,5,0,0,0,0,0,0,0,64,65,0,0,0,0,0,0,0,65
4764,9,"4764-9",2,1,2,NA,NA,NA,NA,NA,NA,NA,1,1,1,17.427356654,0,5,5,2,2,9999,9999,9999,9999,25,22,0,9,25,4,5,0,0,0,0,0,0,0,64,65,0,0,0,0,0,0,0,65
4764,10,"4764-10",2,1,2,NA,NA,NA,NA,NA,NA,NA,1,1,1,17.427356654,0,5,0,2,2,9999,9999,9999,9999,32,25,1,9,25,4,5,0,0,0,0,0,0,0,64,65,0,0,0,0,0,0,0,65
4764,11,"4764-11",2,1,2,NA,NA,NA,NA,NA,NA,NA,1,2,2,17.427356654,0,7,7,2,2,9999,9999,9999,9999,34,32,0,18,32,4,5,0,0,0,0,0,0,0,64,65,0,0,0,0,0,0,0,65
4764,12,"4764-12",2,1,2,NA,NA,NA,NA,NA,NA,NA,1,2,2,17.427356654,0,7,0,2,2,9999,9999,9999,9999,48,34,1,18,32,4,5,0,0,0,0,0,0,0,64,65,0,0,0,0,0,0,0,65
4767,1,"4767-1",2,1,2,NA,NA,NA,NA,NA,NA,NA,1,3,1,389.75781684,0,7,7,2,2,1019,1408,1019,1408,38,31,0,18,12,1,4,0,0,0,0,0,0,0,35,31,0,0,0,0,0,0,0,35
4767,2,"4767-2",2,1,2,NA,NA,NA,NA,NA,NA,NA,1,3,1,389.75781684,0,7,0,2,2,1408,1019,1019,1408,48,38,1,18,12,1,4,0,0,0,0,0,0,0,35,31,0,0,0,0,0,0,0,35
4772,3,"4772-3",2,2,4,NA,NA,NA,NA,NA,NA,NA,3,4,1,81.0476351,0,4,4,2,2,1511,1510,1511,1510,28,27,0,16,15,3,7,0,0,0,0,0,0,0,41,12,0,0,0,0,0,0,0,41
4772,4,"4772-4",2,2,4,NA,NA,NA,NA,NA,NA,NA,3,4,1,81.0476351,0,4,0,2,2,1510,1511,1511,1510,29,28,1,16,15,3,7,0,0,0,0,0,0,0,41,12,0,0,0,0,0,0,0,41
4776,5,"4776-5",2,2,3,NA,NA,NA,NA,NA,NA,NA,3,2,1,156.5895141,0,9,9,2,2,541,535,541,535,34,31,0,18,15,1,8,0,0,0,0,0,0,0,34,3,0,0,0,0,0,0,0,34
4776,6,"4776-6",2,2,3,NA,NA,NA,NA,NA,NA,NA,3,2,1,156.5895141,0,9,0,2,2,535,541,541,535,48,34,1,18,15,1,8,0,0,0,0,0,0,0,34,3,0,0,0,0,0,0,0,34
4778,1,"4778-1",2,1,2,NA,NA,NA,NA,NA,NA,NA,1,1,1,190.443507369,0,6,6,2,2,2566,1392,2566,1392,17,10,0,7,45,4,4,0,0,0,0,0,0,0,61,62,0,0,0,0,0,0,0,62
4778,2,"4778-2",2,1,2,NA,NA,NA,NA,NA,NA,NA,1,1,1,190.443507369,0,6,0,2,2,1392,2566,2566,1392,48,17,1,7,45,4,4,0,0,0,0,0,0,0,61,62,0,0,0,0,0,0,0,62
4783,5,"4783-5",4,1,2,3,4,NA,NA,NA,NA,NA,3,3,1,157.798542508,0,5,5,3,3,1893,1917,1893,1917,33,33,0,19,10,1,1,7,8,0,0,0,0,0,41,37,7,4,0,0,0,0,0,41
4783,6,"4783-6",4,1,2,3,4,NA,NA,NA,NA,NA,3,3,1,157.798542508,1,5,7,3,3,1917,1917,1893,1917,34,33,1,19,10,1,1,7,8,0,0,0,0,0,41,37,7,4,0,0,0,0,0,41
4783,7,"4783-7",4,1,2,3,4,NA,NA,NA,NA,NA,3,3,1,157.798542508,0,5,0,3,3,1917,1893,1893,1917,48,34,1,19,10,1,1,7,8,0,0,0,0,0,41,37,7,4,0,0,0,0,0,41
4785,1,"4785-1",2,4,5,NA,NA,NA,NA,NA,NA,NA,2,1,1,40.7471445,0,3,3,9,9,2691,2696,2691,2696,27,12,0,8,37,7,7,0,0,0,0,0,0,0,8,8,0,0,0,0,0,0,0,8
4785,2,"4785-2",2,4,5,NA,NA,NA,NA,NA,NA,NA,2,1,1,40.7471445,0,3,0,9,9,2696,2691,2691,2696,48,27,1,8,37,7,7,0,0,0,0,0,0,0,8,8,0,0,0,0,0,0,0,8
4786,3,"4786-3",2,2,4,NA,NA,NA,NA,NA,NA,NA,3,2,1,703.852370136,0,9,9,4,4,928,928,928,928,33,33,0,19,0,1,7,0,0,0,0,0,0,0,43,10,0,0,0,0,0,0,0,43
4786,4,"4786-4",2,2,4,NA,NA,NA,NA,NA,NA,NA,3,2,1,703.852370136,0,9,0,4,4,928,928,928,928,34,33,1,19,0,1,7,0,0,0,0,0,0,0,43,10,0,0,0,0,0,0,0,43
4790,1,"4790-1",3,2,3,4,NA,NA,NA,NA,NA,NA,3,1,1,175.937868624,0,6,6,5,5,526,528,526,528,16,15,0,10,0,1,8,8,0,0,0,0,0,0,32,3,2,0,0,0,0,0,0,32
4790,2,"4790-2",3,2,3,4,NA,NA,NA,NA,NA,NA,3,1,1,175.937868624,0,6,0,5,5,528,526,526,528,24,16,1,10,0,1,8,8,0,0,0,0,0,0,32,3,2,0,0,0,0,0,0,32
4792,1,"4792-1",2,1,2,NA,NA,NA,NA,NA,NA,NA,1,1,1,57.711518884,1,6,6,2,2,2464,9999,2464,2480,16,13,0,9,24,5,5,0,0,0,0,0,0,0,65,68,0,0,0,0,0,0,0,68
4792,2,"4792-2",2,1,2,NA,NA,NA,NA,NA,NA,NA,1,1,1,57.711518884,1,6,6,2,2,9999,9999,2464,2480,17,16,0,9,24,5,5,0,0,0,0,0,0,0,65,68,0,0,0,0,0,0,0,68
4792,3,"4792-3",2,1,2,NA,NA,NA,NA,NA,NA,NA,1,1,1,57.711518884,1,6,6,2,2,9999,9999,2464,2480,18,17,0,9,24,5,5,0,0,0,0,0,0,0,65,68,0,0,0,0,0,0,0,68
4792,4,"4792-4",2,1,2,NA,NA,NA,NA,NA,NA,NA,1,1,1,57.711518884,1,6,5,2,2,9999,9999,2464,2480,19,18,0,9,24,5,5,0,0,0,0,0,0,0,65,68,0,0,0,0,0,0,0,68
4792,5,"4792-5",2,1,2,NA,NA,NA,NA,NA,NA,NA,1,1,1,57.711518884,1,6,6,2,2,9999,9999,2464,2480,22,19,0,9,24,5,5,0,0,0,0,0,0,0,65,68,0,0,0,0,0,0,0,68
4792,6,"4792-6",2,1,2,NA,NA,NA,NA,NA,NA,NA,1,1,1,57.711518884,1,6,6,2,2,9999,9999,2464,2480,24,22,0,9,24,5,5,0,0,0,0,0,0,0,65,68,0,0,0,0,0,0,0,68
4792,7,"4792-7",2,1,2,NA,NA,NA,NA,NA,NA,NA,1,1,1,57.711518884,1,6,6,2,2,9999,9999,2464,2480,25,24,0,9,24,5,5,0,0,0,0,0,0,0,65,68,0,0,0,0,0,0,0,68
4792,8,"4792-8",2,1,2,NA,NA,NA,NA,NA,NA,NA,1,1,1,57.711518884,0,6,6,2,2,9999,2480,2464,2480,28,25,0,9,24,5,5,0,0,0,0,0,0,0,65,68,0,0,0,0,0,0,0,68
4792,9,"4792-9",2,1,2,NA,NA,NA,NA,NA,NA,NA,1,1,1,57.711518884,0,6,0,2,2,2480,2464,2464,2480,48,28,1,9,24,5,5,0,0,0,0,0,0,0,65,68,0,0,0,0,0,0,0,68
4794,1,"4794-1",2,1,2,NA,NA,NA,NA,NA,NA,NA,1,1,1,133.0383825,0,7,7,2,2,157,174,157,174,14,12,0,8,56,4,1,0,0,0,0,0,0,0,30,27,0,0,0,0,0,0,0,30
4794,2,"4794-2",2,1,2,NA,NA,NA,NA,NA,NA,NA,1,1,1,133.0383825,0,7,0,2,2,174,157,157,174,18,14,1,8,56,4,1,0,0,0,0,0,0,0,30,27,0,0,0,0,0,0,0,30
4802,1,"4802-1",2,3,4,NA,NA,NA,NA,NA,NA,NA,2,1,1,39.284075712,0,3,3,9,9,2503,2498,2503,2498,23,8,0,6,45,6,7,0,0,0,0,0,0,0,16,14,0,0,0,0,0,0,0,16
4802,2,"4802-2",2,3,4,NA,NA,NA,NA,NA,NA,NA,2,1,1,39.284075712,0,3,0,9,9,2498,2503,2503,2498,48,23,1,6,45,6,7,0,0,0,0,0,0,0,16,14,0,0,0,0,0,0,0,16
4806,1,"4806-1",2,1,2,NA,NA,NA,NA,NA,NA,NA,1,2,1,41.22391336,0,6,6,2,2,1893,1902,1893,1902,23,23,0,14,0,5,5,0,0,0,0,0,0,0,66,66,0,0,0,0,0,0,0,66
4806,2,"4806-2",2,1,2,NA,NA,NA,NA,NA,NA,NA,1,2,1,41.22391336,0,6,0,2,2,1902,1893,1893,1902,48,23,1,14,0,5,5,0,0,0,0,0,0,0,66,66,0,0,0,0,0,0,0,66
4809,1,"4809-1",2,1,2,NA,NA,NA,NA,NA,NA,NA,1,1,1,91.233801435,0,5,5,2,2,1182,1391,1182,1391,24,21,0,13,15,1,2,0,0,0,0,0,0,0,64,60,0,0,0,0,0,0,0,64
4809,2,"4809-2",2,1,2,NA,NA,NA,NA,NA,NA,NA,1,1,1,91.233801435,1,5,5,2,2,1391,1204,1182,1391,25,24,1,13,15,1,2,0,0,0,0,0,0,0,64,60,0,0,0,0,0,0,0,64
4809,3,"4809-3",2,1,2,NA,NA,NA,NA,NA,NA,NA,1,1,1,91.233801435,0,5,0,2,2,1204,1182,1182,1391,30,25,1,13,15,1,2,0,0,0,0,0,0,0,64,60,0,0,0,0,0,0,0,64
4817,1,"4817-1",2,1,3,NA,NA,NA,NA,NA,NA,NA,1,1,1,15.2778872,0,5,5,2,2,2474,2482,2474,2482,18,17,0,11,15,4,3,0,0,0,0,0,0,0,47,18,0,0,0,0,0,0,0,47
4817,2,"4817-2",2,1,3,NA,NA,NA,NA,NA,NA,NA,1,1,1,15.2778872,1,5,7,2,2,2482,2480,2474,2482,19,18,1,11,15,4,3,0,0,0,0,0,0,0,47,18,0,0,0,0,0,0,0,47
4817,3,"4817-3",2,1,3,NA,NA,NA,NA,NA,NA,NA,1,1,1,15.2778872,0,5,0,2,2,2480,2474,2474,2482,48,19,1,11,15,4,3,0,0,0,0,0,0,0,47,18,0,0,0,0,0,0,0,47
4818,1,"4818-1",2,1,2,NA,NA,NA,NA,NA,NA,NA,1,1,1,21.227543227,0,8,8,2,2,2474,2474,2474,2474,22,13,0,9,18,4,5,0,0,0,0,0,0,0,63,68,0,0,0,0,0,0,0,68
4818,2,"4818-2",2,1,2,NA,NA,NA,NA,NA,NA,NA,1,1,1,21.227543227,0,8,0,2,2,2474,2474,2474,2474,22,22,1,9,18,4,5,0,0,0,0,0,0,0,63,68,0,0,0,0,0,0,0,68
4821,1,"4821-1",2,3,4,NA,NA,NA,NA,NA,NA,NA,1,1,1,19.0925003,0,2,2,2,2,2461,9999,2461,9999,34,9,0,7,4,3,3,0,0,0,0,0,0,0,18,18,0,0,0,0,0,0,0,18
4821,2,"4821-2",2,3,4,NA,NA,NA,NA,NA,NA,NA,1,1,1,19.0925003,0,2,0,2,2,9999,2461,2461,9999,48,34,1,7,4,3,3,0,0,0,0,0,0,0,18,18,0,0,0,0,0,0,0,18
4822,1,"4822-1",2,1,2,NA,NA,NA,NA,NA,NA,NA,1,2,1,20.672819055,0,7,7,2,2,2696,2716,2696,2716,35,32,0,18,30,1,4,0,0,0,0,0,0,0,53,56,0,0,0,0,0,0,0,56
4822,2,"4822-2",2,1,2,NA,NA,NA,NA,NA,NA,NA,1,2,1,20.672819055,0,7,0,2,2,2716,2696,2696,2716,48,35,1,18,30,1,4,0,0,0,0,0,0,0,53,56,0,0,0,0,0,0,0,56
4828,1,"4828-1",3,1,3,4,NA,NA,NA,NA,NA,NA,3,1,1,139.2513477,0,9,9,3,3,1511,1507,1511,1507,17,14,0,9,55,4,8,8,0,0,0,0,0,0,35,2,1,0,0,0,0,0,0,35
4828,2,"4828-2",3,1,3,4,NA,NA,NA,NA,NA,NA,3,1,1,139.2513477,1,9,7,3,3,1507,1479,1511,1507,18,17,1,9,55,4,8,8,0,0,0,0,0,0,35,2,1,0,0,0,0,0,0,35
4828,3,"4828-3",3,1,3,4,NA,NA,NA,NA,NA,NA,3,1,1,139.2513477,1,9,7,3,3,1479,1511,1511,1507,19,18,1,9,55,4,8,8,0,0,0,0,0,0,35,2,1,0,0,0,0,0,0,35
4828,4,"4828-4",3,1,3,4,NA,NA,NA,NA,NA,NA,3,1,1,139.2513477,0,9,0,3,3,1511,1511,1511,1507,48,19,1,9,55,4,8,8,0,0,0,0,0,0,35,2,1,0,0,0,0,0,0,35
4828,5,"4828-5",2,2,4,NA,NA,NA,NA,NA,NA,NA,3,2,2,81.777432688,0,5,5,2,2,1511,1513,1511,1513,36,35,0,20,10,1,8,0,0,0,0,0,0,0,32,1,0,0,0,0,0,0,0,32
4828,6,"4828-6",2,2,4,NA,NA,NA,NA,NA,NA,NA,3,2,2,81.777432688,0,5,0,2,2,1513,1511,1511,1513,48,36,1,20,10,1,8,0,0,0,0,0,0,0,32,1,0,0,0,0,0,0,0,32
4830,1,"4830-1",2,1,3,NA,NA,NA,NA,NA,NA,NA,1,1,1,160.60336803,0,5,5,2,2,1307,1349,1307,1349,15,12,0,8,45,1,5,0,0,0,0,0,0,0,50,81,0,0,0,0,0,0,0,81
4830,2,"4830-2",2,1,3,NA,NA,NA,NA,NA,NA,NA,1,1,1,160.60336803,0,5,0,2,2,1349,1307,1307,1349,20,15,1,8,45,1,5,0,0,0,0,0,0,0,50,81,0,0,0,0,0,0,0,81
4830,3,"4830-3",2,1,2,NA,NA,NA,NA,NA,NA,NA,1,2,2,160.60336803,0,9,9,2,2,1307,1290,1307,1290,23,20,0,12,45,1,2,0,0,0,0,0,0,0,50,51,0,0,0,0,0,0,0,51
4830,4,"4830-4",2,1,2,NA,NA,NA,NA,NA,NA,NA,1,2,2,160.60336803,1,9,7,2,2,1290,1347,1307,1290,25,23,1,12,45,1,2,0,0,0,0,0,0,0,50,51,0,0,0,0,0,0,0,51
4830,5,"4830-5",2,1,2,NA,NA,NA,NA,NA,NA,NA,1,2,2,160.60336803,1,9,6,2,2,1347,1351,1307,1290,26,25,1,12,45,1,2,0,0,0,0,0,0,0,50,51,0,0,0,0,0,0,0,51
4830,6,"4830-6",2,1,2,NA,NA,NA,NA,NA,NA,NA,1,2,2,160.60336803,1,9,5,2,2,1351,1291,1307,1290,29,26,1,12,45,1,2,0,0,0,0,0,0,0,50,51,0,0,0,0,0,0,0,51
4830,7,"4830-7",2,1,2,NA,NA,NA,NA,NA,NA,NA,1,2,2,160.60336803,0,9,0,2,2,1291,1307,1307,1290,48,29,1,12,45,1,2,0,0,0,0,0,0,0,50,51,0,0,0,0,0,0,0,51
4834,1,"4834-1",2,1,2,NA,NA,NA,NA,NA,NA,NA,1,2,1,66.8952041,0,6,6,2,2,79,388,79,388,16,14,0,9,58,2,4,0,0,0,0,0,0,0,43,47,0,0,0,0,0,0,0,47
4834,2,"4834-2",2,1,2,NA,NA,NA,NA,NA,NA,NA,1,2,1,66.8952041,1,6,6,2,2,388,390,79,388,17,16,1,9,58,2,4,0,0,0,0,0,0,0,43,47,0,0,0,0,0,0,0,47
4834,3,"4834-3",2,1,2,NA,NA,NA,NA,NA,NA,NA,1,2,1,66.8952041,0,6,0,2,2,390,79,79,388,18,17,1,9,58,2,4,0,0,0,0,0,0,0,43,47,0,0,0,0,0,0,0,47
4834,4,"4834-4",2,1,2,NA,NA,NA,NA,NA,NA,NA,1,4,2,66.8952041,1,5,6,2,2,79,390,79,1876,29,28,0,16,53,2,4,0,0,0,0,0,0,0,43,47,0,0,0,0,0,0,0,47
4834,5,"4834-5",2,1,2,NA,NA,NA,NA,NA,NA,NA,1,4,2,66.8952041,1,5,6,2,2,390,1015,79,1876,31,29,0,16,53,2,4,0,0,0,0,0,0,0,43,47,0,0,0,0,0,0,0,47
4834,6,"4834-6",2,1,2,NA,NA,NA,NA,NA,NA,NA,1,4,2,66.8952041,1,5,5,2,2,1015,1020,79,1876,31,31,0,16,53,2,4,0,0,0,0,0,0,0,43,47,0,0,0,0,0,0,0,47
4834,7,"4834-7",2,1,2,NA,NA,NA,NA,NA,NA,NA,1,4,2,66.8952041,1,5,5,2,2,1020,1024,79,1876,33,31,0,16,53,2,4,0,0,0,0,0,0,0,43,47,0,0,0,0,0,0,0,47
4834,8,"4834-8",2,1,2,NA,NA,NA,NA,NA,NA,NA,1,4,2,66.8952041,0,5,5,2,2,1024,1876,79,1876,36,33,0,16,53,2,4,0,0,0,0,0,0,0,43,47,0,0,0,0,0,0,0,47
4834,9,"4834-9",2,1,2,NA,NA,NA,NA,NA,NA,NA,1,4,2,66.8952041,1,5,7,2,2,1876,1709,79,1876,36,36,1,16,53,2,4,0,0,0,0,0,0,0,43,47,0,0,0,0,0,0,0,47
4834,10,"4834-10",2,1,2,NA,NA,NA,NA,NA,NA,NA,1,4,2,66.8952041,0,5,0,2,2,1709,79,79,1876,48,36,1,16,53,2,4,0,0,0,0,0,0,0,43,47,0,0,0,0,0,0,0,47
4837,1,"4837-1",2,1,2,NA,NA,NA,NA,NA,NA,NA,1,2,1,22.424409105,0,7,7,2,2,2691,1648,2691,1648,32,31,0,18,4,1,1,0,0,0,0,0,0,0,40,42,0,0,0,0,0,0,0,42
4837,2,"4837-2",2,1,2,NA,NA,NA,NA,NA,NA,NA,1,2,1,22.424409105,0,7,0,2,2,1648,2691,2691,1648,48,32,1,18,4,1,1,0,0,0,0,0,0,0,40,42,0,0,0,0,0,0,0,42
4840,1,"4840-1",2,1,2,NA,NA,NA,NA,NA,NA,NA,1,2,1,89.2101798,0,5,5,2,2,789,801,789,801,38,35,0,20,0,1,1,0,0,0,0,0,0,0,32,33,0,0,0,0,0,0,0,33
4840,2,"4840-2",2,1,2,NA,NA,NA,NA,NA,NA,NA,1,2,1,89.2101798,1,5,7,2,2,801,787,789,801,39,38,1,20,0,1,1,0,0,0,0,0,0,0,32,33,0,0,0,0,0,0,0,33
4840,3,"4840-3",2,1,2,NA,NA,NA,NA,NA,NA,NA,1,2,1,89.2101798,0,5,0,2,2,787,789,789,801,48,39,1,20,0,1,1,0,0,0,0,0,0,0,32,33,0,0,0,0,0,0,0,33
4846,3,"4846-3",2,2,3,NA,NA,NA,NA,NA,NA,NA,3,2,1,137.9089479,0,7,7,2,2,754,891,754,891,30,30,0,17,35,1,8,0,0,0,0,0,0,0,35,3,0,0,0,0,0,0,0,35
4846,4,"4846-4",2,2,3,NA,NA,NA,NA,NA,NA,NA,3,2,1,137.9089479,1,7,7,2,2,891,885,754,891,30,30,1,17,35,1,8,0,0,0,0,0,0,0,35,3,0,0,0,0,0,0,0,35
4846,5,"4846-5",2,2,3,NA,NA,NA,NA,NA,NA,NA,3,2,1,137.9089479,0,7,0,2,2,885,754,754,891,48,30,1,17,35,1,8,0,0,0,0,0,0,0,35,3,0,0,0,0,0,0,0,35
4849,1,"4849-1",2,1,2,NA,NA,NA,NA,NA,NA,NA,1,1,1,17.402886585,0,1,1,2,2,2467,937,2467,937,17,9,0,7,25,1,1,0,0,0,0,0,0,0,32,31,0,0,0,0,0,0,0,32
4849,2,"4849-2",2,1,2,NA,NA,NA,NA,NA,NA,NA,1,1,1,17.402886585,1,1,8,2,2,937,1610,2467,937,35,29,1,7,25,1,1,0,0,0,0,0,0,0,32,31,0,0,0,0,0,0,0,32
4849,3,"4849-3",2,1,2,NA,NA,NA,NA,NA,NA,NA,1,1,1,17.402886585,1,1,7,2,2,1610,2280,2467,937,37,35,1,7,25,1,1,0,0,0,0,0,0,0,32,31,0,0,0,0,0,0,0,32
4849,4,"4849-4",2,1,2,NA,NA,NA,NA,NA,NA,NA,1,1,1,17.402886585,0,1,0,2,2,2280,2467,2467,937,48,37,1,7,25,1,1,0,0,0,0,0,0,0,32,31,0,0,0,0,0,0,0,32
4850,6,"4850-6",4,1,2,3,4,NA,NA,NA,NA,NA,3,2,1,21.6725175,0,8,8,3,3,2464,520,2464,520,31,28,0,16,30,4,1,8,8,0,0,0,0,0,37,37,4,2,0,0,0,0,0,37
4850,7,"4850-7",4,1,2,3,4,NA,NA,NA,NA,NA,3,2,1,21.6725175,1,8,7,3,3,520,529,2464,520,34,31,1,16,30,4,1,8,8,0,0,0,0,0,37,37,4,2,0,0,0,0,0,37
4850,8,"4850-8",4,1,2,3,4,NA,NA,NA,NA,NA,3,2,1,21.6725175,1,8,5,3,3,529,533,2464,520,34,34,1,16,30,4,1,8,8,0,0,0,0,0,37,37,4,2,0,0,0,0,0,37
4850,9,"4850-9",4,1,2,3,4,NA,NA,NA,NA,NA,3,2,1,21.6725175,1,8,6,3,3,533,529,2464,520,35,34,1,16,30,4,1,8,8,0,0,0,0,0,37,37,4,2,0,0,0,0,0,37
4850,10,"4850-10",4,1,2,3,4,NA,NA,NA,NA,NA,3,2,1,21.6725175,1,8,7,3,3,529,531,2464,520,36,35,1,16,30,4,1,8,8,0,0,0,0,0,37,37,4,2,0,0,0,0,0,37
4850,11,"4850-11",4,1,2,3,4,NA,NA,NA,NA,NA,3,2,1,21.6725175,0,8,0,3,3,531,2464,2464,520,48,36,1,16,30,4,1,8,8,0,0,0,0,0,37,37,4,2,0,0,0,0,0,37
4866,1,"4866-1",2,1,2,NA,NA,NA,NA,NA,NA,NA,1,1,1,18.155340513,0,6,6,2,2,2567,2607,2567,2607,23,20,0,12,45,5,5,0,0,0,0,0,0,0,67,67,0,0,0,0,0,0,0,67
4866,2,"4866-2",2,1,2,NA,NA,NA,NA,NA,NA,NA,1,1,1,18.155340513,1,6,5,2,2,2607,2687,2567,2607,25,23,1,12,45,5,5,0,0,0,0,0,0,0,67,67,0,0,0,0,0,0,0,67
4866,3,"4866-3",2,1,2,NA,NA,NA,NA,NA,NA,NA,1,1,1,18.155340513,1,6,5,2,2,2687,2686,2567,2607,27,25,1,12,45,5,5,0,0,0,0,0,0,0,67,67,0,0,0,0,0,0,0,67
4866,4,"4866-4",2,1,2,NA,NA,NA,NA,NA,NA,NA,1,1,1,18.155340513,1,6,5,2,2,2686,2686,2567,2607,28,27,1,12,45,5,5,0,0,0,0,0,0,0,67,67,0,0,0,0,0,0,0,67
4866,5,"4866-5",2,1,2,NA,NA,NA,NA,NA,NA,NA,1,1,1,18.155340513,1,6,5,2,2,2686,2574,2567,2607,29,28,1,12,45,5,5,0,0,0,0,0,0,0,67,67,0,0,0,0,0,0,0,67
4866,6,"4866-6",2,1,2,NA,NA,NA,NA,NA,NA,NA,1,1,1,18.155340513,0,6,0,2,2,2574,2567,2567,2607,48,29,1,12,45,5,5,0,0,0,0,0,0,0,67,67,0,0,0,0,0,0,0,67
4872,1,"4872-1",2,2,3,NA,NA,NA,NA,NA,NA,NA,2,1,1,40.5956499,1,3,3,9,9,2467,2489,2467,2467,23,8,0,6,40,7,7,0,0,0,0,0,0,0,14,11,0,0,0,0,0,0,0,14
4872,2,"4872-2",2,2,3,NA,NA,NA,NA,NA,NA,NA,2,1,1,40.5956499,0,3,3,9,9,2489,2467,2467,2467,48,23,0,6,40,7,7,0,0,0,0,0,0,0,14,11,0,0,0,0,0,0,0,14
4878,1,"4878-1",2,1,3,NA,NA,NA,NA,NA,NA,NA,3,2,1,28.9829716,0,2,2,2,2,2467,2284,2467,2284,34,30,0,17,45,1,7,0,0,0,0,0,0,0,34,13,0,0,0,0,0,0,0,34
4878,2,"4878-2",2,1,3,NA,NA,NA,NA,NA,NA,NA,3,2,1,28.9829716,1,2,6,2,2,2284,2281,2467,2284,35,34,1,17,45,1,7,0,0,0,0,0,0,0,34,13,0,0,0,0,0,0,0,34
4878,3,"4878-3",2,1,3,NA,NA,NA,NA,NA,NA,NA,3,2,1,28.9829716,1,2,5,2,2,2281,2281,2467,2284,36,35,1,17,45,1,7,0,0,0,0,0,0,0,34,13,0,0,0,0,0,0,0,34
4878,4,"4878-4",2,1,3,NA,NA,NA,NA,NA,NA,NA,3,2,1,28.9829716,0,2,0,2,2,2281,2467,2467,2284,48,36,1,17,45,1,7,0,0,0,0,0,0,0,34,13,0,0,0,0,0,0,0,34
4880,1,"4880-1",2,2,3,NA,NA,NA,NA,NA,NA,NA,2,1,1,120.373182832,0,3,3,3,3,1728,418,1728,418,21,9,0,7,0,6,7,0,0,0,0,0,0,0,17,15,0,0,0,0,0,0,0,17
4880,2,"4880-2",2,2,3,NA,NA,NA,NA,NA,NA,NA,2,1,1,120.373182832,1,3,3,1,3,418,419,1728,418,22,21,1,7,0,6,7,0,0,0,0,0,0,0,17,15,0,0,0,0,0,0,0,17
4880,3,"4880-3",2,2,3,NA,NA,NA,NA,NA,NA,NA,2,1,1,120.373182832,1,3,3,1,3,419,418,1728,418,31,22,1,7,0,6,7,0,0,0,0,0,0,0,17,15,0,0,0,0,0,0,0,17
4880,4,"4880-4",2,2,3,NA,NA,NA,NA,NA,NA,NA,2,1,1,120.373182832,1,3,6,3,3,418,1798,1728,418,33,31,1,7,0,6,7,0,0,0,0,0,0,0,17,15,0,0,0,0,0,0,0,17
4880,5,"4880-5",2,2,3,NA,NA,NA,NA,NA,NA,NA,2,1,1,120.373182832,0,3,0,3,3,1798,1728,1728,418,48,33,1,7,0,6,7,0,0,0,0,0,0,0,17,15,0,0,0,0,0,0,0,17
4881,1,"4881-1",2,1,2,NA,NA,NA,NA,NA,NA,NA,1,2,1,70.84137879,0,9,9,2,2,2177,2343,2177,2343,33,31,0,18,5,1,1,0,0,0,0,0,0,0,50,60,0,0,0,0,0,0,0,60
4881,2,"4881-2",2,1,2,NA,NA,NA,NA,NA,NA,NA,1,2,1,70.84137879,0,9,0,2,2,2343,2177,2177,2343,48,33,1,18,5,1,1,0,0,0,0,0,0,0,50,60,0,0,0,0,0,0,0,60
4884,1,"4884-1",2,1,3,NA,NA,NA,NA,NA,NA,NA,3,1,1,29.1075738,0,7,7,2,2,2464,2470,2464,2470,24,21,0,13,0,4,8,0,0,0,0,0,0,0,29,1,0,0,0,0,0,0,0,29
4884,2,"4884-2",2,1,3,NA,NA,NA,NA,NA,NA,NA,3,1,1,29.1075738,0,7,0,2,2,2470,2464,2464,2470,32,24,1,13,0,4,8,0,0,0,0,0,0,0,29,1,0,0,0,0,0,0,0,29
4890,1,"4890-1",2,1,2,NA,NA,NA,NA,NA,NA,NA,1,2,1,54.614363781,0,6,6,2,2,1893,1722,1893,1722,20,19,0,12,10,4,4,0,0,0,0,0,0,0,63,64,0,0,0,0,0,0,0,64
4890,2,"4890-2",2,1,2,NA,NA,NA,NA,NA,NA,NA,1,2,1,54.614363781,0,6,0,2,2,1722,1893,1893,1722,24,20,1,12,10,4,4,0,0,0,0,0,0,0,63,64,0,0,0,0,0,0,0,64
4890,3,"4890-3",2,1,2,NA,NA,NA,NA,NA,NA,NA,1,3,2,54.614363781,0,7,7,2,2,1893,1942,1893,1942,26,24,0,14,40,4,4,0,0,0,0,0,0,0,63,64,0,0,0,0,0,0,0,64
4890,4,"4890-4",2,1,2,NA,NA,NA,NA,NA,NA,NA,1,3,2,54.614363781,0,7,0,2,2,1942,1893,1893,1942,48,26,1,14,40,4,4,0,0,0,0,0,0,0,63,64,0,0,0,0,0,0,0,64
4892,1,"4892-1",2,3,4,NA,NA,NA,NA,NA,NA,NA,1,2,1,57.115040745,0,5,5,2,2,2633,2669,2633,2669,25,23,0,14,0,2,5,0,0,0,0,0,0,0,67,65,0,0,0,0,0,0,0,67
4892,2,"4892-2",2,3,4,NA,NA,NA,NA,NA,NA,NA,1,2,1,57.115040745,1,5,5,2,2,2669,2633,2633,2669,25,25,1,14,0,2,5,0,0,0,0,0,0,0,67,65,0,0,0,0,0,0,0,67
4892,3,"4892-3",2,3,4,NA,NA,NA,NA,NA,NA,NA,1,2,1,57.115040745,0,5,0,2,2,2633,2633,2633,2669,48,25,1,14,0,2,5,0,0,0,0,0,0,0,67,65,0,0,0,0,0,0,0,67
4893,3,"4893-3",3,1,5,6,NA,NA,NA,NA,NA,NA,1,2,2,256.2463014,0,5,5,3,3,80,1020,80,1020,33,27,0,16,5,3,4,1,0,0,0,0,0,0,19,40,40,0,0,0,0,0,0,40
4893,4,"4893-4",3,1,5,6,NA,NA,NA,NA,NA,NA,1,2,2,256.2463014,0,5,0,3,3,1020,80,80,1020,48,33,1,16,5,3,4,1,0,0,0,0,0,0,19,40,40,0,0,0,0,0,0,40
4893,1,"4893-1",3,1,3,4,NA,NA,NA,NA,NA,NA,3,1,0,256.2463014,0,NA,2,3,NA,80,78,NA,NA,26,10,0,NA,NA,3,7,7,0,0,0,0,0,0,19,15,13,0,0,0,0,0,0,19
4893,2,"4893-2",3,1,3,4,NA,NA,NA,NA,NA,NA,3,1,0,256.2463014,0,NA,0,3,NA,78,80,NA,NA,27,26,1,NA,NA,3,7,7,0,0,0,0,0,0,19,15,13,0,0,0,0,0,0,19
4898,6,"4898-6",3,1,3,4,NA,NA,NA,NA,NA,NA,3,4,1,81.0476351,0,8,8,3,3,1473,1403,1473,1403,34,30,0,17,30,4,7,8,0,0,0,0,0,0,35,7,4,0,0,0,0,0,0,35
4898,7,"4898-7",3,1,3,4,NA,NA,NA,NA,NA,NA,3,4,1,81.0476351,0,8,0,3,3,1403,1473,1473,1403,48,34,1,17,30,4,7,8,0,0,0,0,0,0,35,7,4,0,0,0,0,0,0,35
4902,1,"4902-1",2,1,2,NA,NA,NA,NA,NA,NA,NA,1,2,1,79.06824849,0,9,9,4,4,398,395,398,395,33,31,0,18,20,1,1,0,0,0,0,0,0,0,40,40,0,0,0,0,0,0,0,40
4902,2,"4902-2",2,1,2,NA,NA,NA,NA,NA,NA,NA,1,2,1,79.06824849,0,9,0,4,4,395,398,398,395,48,33,1,18,20,1,1,0,0,0,0,0,0,0,40,40,0,0,0,0,0,0,0,40
4915,3,"4915-3",2,1,2,NA,NA,NA,NA,NA,NA,NA,1,1,1,90.3738028,1,6,6,4,6,379,381,276,379,20,20,1,12,0,4,5,0,0,0,0,0,0,0,49,68,0,0,0,0,0,0,0,68
4915,4,"4915-4",2,1,2,NA,NA,NA,NA,NA,NA,NA,1,1,1,90.3738028,1,6,5,4,6,381,379,276,379,21,20,1,12,0,4,5,0,0,0,0,0,0,0,49,68,0,0,0,0,0,0,0,68
4915,5,"4915-5",2,1,2,NA,NA,NA,NA,NA,NA,NA,1,1,1,90.3738028,1,6,5,4,6,379,384,276,379,22,21,1,12,0,4,5,0,0,0,0,0,0,0,49,68,0,0,0,0,0,0,0,68
4925,2,"4925-2",2,3,4,NA,NA,NA,NA,NA,NA,NA,1,1,1,79.7434656,0,5,5,2,2,1716,1156,1716,1156,22,21,0,13,0,4,4,0,0,0,0,0,0,0,36,30,0,0,0,0,0,0,0,36
4925,3,"4925-3",2,3,4,NA,NA,NA,NA,NA,NA,NA,1,1,1,79.7434656,0,5,0,2,2,1156,1716,1716,1156,48,22,1,13,0,4,4,0,0,0,0,0,0,0,36,30,0,0,0,0,0,0,0,36
4927,1,"4927-1",2,1,4,NA,NA,NA,NA,NA,NA,NA,1,1,1,57.15233643,0,6,6,2,2,2733,2722,2733,2722,15,14,0,9,33,2,1,0,0,0,0,0,0,0,57,25,0,0,0,0,0,0,0,57
4927,2,"4927-2",2,1,4,NA,NA,NA,NA,NA,NA,NA,1,1,1,57.15233643,1,6,7,2,2,2722,2722,2733,2722,16,15,1,9,33,2,1,0,0,0,0,0,0,0,57,25,0,0,0,0,0,0,0,57
4927,3,"4927-3",2,1,4,NA,NA,NA,NA,NA,NA,NA,1,1,1,57.15233643,1,6,7,2,2,2722,2712,2733,2722,16,16,1,9,33,2,1,0,0,0,0,0,0,0,57,25,0,0,0,0,0,0,0,57
4927,4,"4927-4",2,1,4,NA,NA,NA,NA,NA,NA,NA,1,1,1,57.15233643,1,6,5,2,2,2712,2722,2733,2722,16,16,1,9,33,2,1,0,0,0,0,0,0,0,57,25,0,0,0,0,0,0,0,57
4927,5,"4927-5",2,1,4,NA,NA,NA,NA,NA,NA,NA,1,1,1,57.15233643,0,6,0,2,2,2722,2733,2733,2722,18,16,1,9,33,2,1,0,0,0,0,0,0,0,57,25,0,0,0,0,0,0,0,57
4927,6,"4927-6",2,1,4,NA,NA,NA,NA,NA,NA,NA,1,2,2,57.15233643,0,5,5,2,2,2733,2721,2733,2721,19,18,0,11,59,2,1,0,0,0,0,0,0,0,57,25,0,0,0,0,0,0,0,57
4927,7,"4927-7",2,1,4,NA,NA,NA,NA,NA,NA,NA,1,2,2,57.15233643,1,5,5,2,2,2721,2721,2733,2721,20,19,1,11,59,2,1,0,0,0,0,0,0,0,57,25,0,0,0,0,0,0,0,57
4927,8,"4927-8",2,1,4,NA,NA,NA,NA,NA,NA,NA,1,2,2,57.15233643,0,5,0,2,2,2721,2733,2733,2721,48,20,1,11,59,2,1,0,0,0,0,0,0,0,57,25,0,0,0,0,0,0,0,57
4928,7,"4928-7",2,1,2,NA,NA,NA,NA,NA,NA,NA,1,3,1,87.0889634,1,6,6,2,2,2633,2607,2633,2607,26,26,0,15,36,2,1,0,0,0,0,0,0,0,38,43,0,0,0,0,0,0,0,43
4928,8,"4928-8",2,1,2,NA,NA,NA,NA,NA,NA,NA,1,3,1,87.0889634,0,6,6,2,2,2607,2607,2633,2607,27,26,0,15,36,2,1,0,0,0,0,0,0,0,38,43,0,0,0,0,0,0,0,43
4928,9,"4928-9",2,1,2,NA,NA,NA,NA,NA,NA,NA,1,3,1,87.0889634,1,6,5,2,2,2607,2669,2633,2607,28,27,1,15,36,2,1,0,0,0,0,0,0,0,38,43,0,0,0,0,0,0,0,43
4928,10,"4928-10",2,1,2,NA,NA,NA,NA,NA,NA,NA,1,3,1,87.0889634,1,6,6,2,2,2669,2607,2633,2607,28,28,1,15,36,2,1,0,0,0,0,0,0,0,38,43,0,0,0,0,0,0,0,43
4928,11,"4928-11",2,1,2,NA,NA,NA,NA,NA,NA,NA,1,3,1,87.0889634,0,6,0,2,2,2607,2633,2633,2607,48,28,1,15,36,2,1,0,0,0,0,0,0,0,38,43,0,0,0,0,0,0,0,43
4931,1,"4931-1",4,1,3,4,5,NA,NA,NA,NA,NA,3,1,1,124.4971498,1,5,6,3,3,2085,2057,2085,2111,26,25,0,15,20,4,7,7,8,0,0,0,0,0,36,9,6,3,0,0,0,0,0,36
4931,2,"4931-2",4,1,3,4,5,NA,NA,NA,NA,NA,3,1,1,124.4971498,1,5,8,3,3,2057,2060,2085,2111,26,26,0,15,20,4,7,7,8,0,0,0,0,0,36,9,6,3,0,0,0,0,0,36
4931,3,"4931-3",4,1,3,4,5,NA,NA,NA,NA,NA,3,1,1,124.4971498,0,5,5,3,3,2060,2111,2085,2111,28,26,0,15,20,4,7,7,8,0,0,0,0,0,36,9,6,3,0,0,0,0,0,36
4931,4,"4931-4",4,1,3,4,5,NA,NA,NA,NA,NA,3,1,1,124.4971498,0,5,0,3,3,2111,2085,2085,2111,33,28,1,15,20,4,7,7,8,0,0,0,0,0,36,9,6,3,0,0,0,0,0,36
4932,1,"4932-1",2,1,2,NA,NA,NA,NA,NA,NA,NA,1,4,1,72.45595791,0,9,9,2,2,2261,2296,2261,2296,34,30,0,17,30,1,1,0,0,0,0,0,0,0,59,59,0,0,0,0,0,0,0,59
4932,2,"4932-2",2,1,2,NA,NA,NA,NA,NA,NA,NA,1,4,1,72.45595791,0,9,0,2,2,2296,2261,2261,2296,48,34,1,17,30,1,1,0,0,0,0,0,0,0,59,59,0,0,0,0,0,0,0,59
4944,1,"4944-1",2,1,2,NA,NA,NA,NA,NA,NA,NA,1,1,1,18.155340513,0,6,6,2,2,2567,1388,2567,1388,15,9,0,7,11,5,5,0,0,0,0,0,0,0,70,68,0,0,0,0,0,0,0,70
4944,2,"4944-2",2,1,2,NA,NA,NA,NA,NA,NA,NA,1,1,1,18.155340513,1,6,6,2,2,1388,1420,2567,1388,18,15,1,7,11,5,5,0,0,0,0,0,0,0,70,68,0,0,0,0,0,0,0,70
4944,3,"4944-3",2,1,2,NA,NA,NA,NA,NA,NA,NA,1,1,1,18.155340513,1,6,7,2,2,1420,2020,2567,1388,20,18,1,7,11,5,5,0,0,0,0,0,0,0,70,68,0,0,0,0,0,0,0,70
4944,4,"4944-4",2,1,2,NA,NA,NA,NA,NA,NA,NA,1,1,1,18.155340513,0,6,0,2,2,2020,2567,2567,1388,48,20,1,7,11,5,5,0,0,0,0,0,0,0,70,68,0,0,0,0,0,0,0,70
4948,1,"4948-1",2,1,2,NA,NA,NA,NA,NA,NA,NA,1,1,1,11.42779653,0,6,6,2,2,2474,264,2474,264,24,13,0,9,0,5,4,0,0,0,0,0,0,0,65,61,0,0,0,0,0,0,0,65
4948,2,"4948-2",2,1,2,NA,NA,NA,NA,NA,NA,NA,1,1,1,11.42779653,1,6,8,2,2,264,1616,2474,264,27,24,1,9,0,5,4,0,0,0,0,0,0,0,65,61,0,0,0,0,0,0,0,65
4948,3,"4948-3",2,1,2,NA,NA,NA,NA,NA,NA,NA,1,1,1,11.42779653,0,6,0,2,2,1616,2474,2474,264,48,27,1,9,0,5,4,0,0,0,0,0,0,0,65,61,0,0,0,0,0,0,0,65
4950,1,"4950-1",2,1,2,NA,NA,NA,NA,NA,NA,NA,1,1,1,117.721892785,0,9,9,2,2,1207,1421,1207,1421,13,11,0,8,5,5,5,0,0,0,0,0,0,0,78,77,0,0,0,0,0,0,0,78
4950,2,"4950-2",2,1,2,NA,NA,NA,NA,NA,NA,NA,1,1,1,117.721892785,1,9,5,2,2,1421,1388,1207,1421,14,13,1,8,5,5,5,0,0,0,0,0,0,0,78,77,0,0,0,0,0,0,0,78
4950,3,"4950-3",2,1,2,NA,NA,NA,NA,NA,NA,NA,1,1,1,117.721892785,0,9,0,2,2,1388,1207,1207,1421,48,14,1,8,5,5,5,0,0,0,0,0,0,0,78,77,0,0,0,0,0,0,0,78
4951,1,"4951-1",2,1,2,NA,NA,NA,NA,NA,NA,NA,1,2,1,122.3887142,0,5,5,2,2,16,419,16,419,31,28,0,16,30,4,1,0,0,0,0,0,0,0,51,52,0,0,0,0,0,0,0,52
4951,2,"4951-2",2,1,2,NA,NA,NA,NA,NA,NA,NA,1,2,1,122.3887142,1,5,5,2,2,419,419,16,419,32,31,1,16,30,4,1,0,0,0,0,0,0,0,51,52,0,0,0,0,0,0,0,52
4951,3,"4951-3",2,1,2,NA,NA,NA,NA,NA,NA,NA,1,2,1,122.3887142,1,5,7,2,2,419,1810,16,419,35,32,1,16,30,4,1,0,0,0,0,0,0,0,51,52,0,0,0,0,0,0,0,52
4951,4,"4951-4",2,1,2,NA,NA,NA,NA,NA,NA,NA,1,2,1,122.3887142,0,5,0,2,2,1810,16,16,419,48,35,1,16,30,4,1,0,0,0,0,0,0,0,51,52,0,0,0,0,0,0,0,52
4954,1,"4954-1",2,1,2,NA,NA,NA,NA,NA,NA,NA,1,2,1,27.187371225,0,6,6,2,2,972,981,972,981,28,26,0,15,50,2,5,0,0,0,0,0,0,0,67,70,0,0,0,0,0,0,0,70
4954,2,"4954-2",2,1,2,NA,NA,NA,NA,NA,NA,NA,1,2,1,27.187371225,1,6,7,2,2,981,1057,972,981,29,28,1,15,50,2,5,0,0,0,0,0,0,0,67,70,0,0,0,0,0,0,0,70
4954,3,"4954-3",2,1,2,NA,NA,NA,NA,NA,NA,NA,1,2,1,27.187371225,0,6,0,2,2,1057,972,972,981,48,29,1,15,50,2,5,0,0,0,0,0,0,0,67,70,0,0,0,0,0,0,0,70
4967,1,"4967-1",2,1,2,NA,NA,NA,NA,NA,NA,NA,1,1,1,31.220128364,1,5,8,2,2,2784,1536,2784,9999,20,12,0,8,30,4,5,0,0,0,0,0,0,0,64,71,0,0,0,0,0,0,0,71
4967,2,"4967-2",2,1,2,NA,NA,NA,NA,NA,NA,NA,1,1,1,31.220128364,0,5,5,2,2,1536,9999,2784,9999,23,20,0,8,30,4,5,0,0,0,0,0,0,0,64,71,0,0,0,0,0,0,0,71
4967,3,"4967-3",2,1,2,NA,NA,NA,NA,NA,NA,NA,1,1,1,31.220128364,1,5,5,2,2,9999,9999,2784,9999,26,23,1,8,30,4,5,0,0,0,0,0,0,0,64,71,0,0,0,0,0,0,0,71
4967,4,"4967-4",2,1,2,NA,NA,NA,NA,NA,NA,NA,1,1,1,31.220128364,1,5,5,2,2,9999,9999,2784,9999,29,26,1,8,30,4,5,0,0,0,0,0,0,0,64,71,0,0,0,0,0,0,0,71
4967,5,"4967-5",2,1,2,NA,NA,NA,NA,NA,NA,NA,1,1,1,31.220128364,1,5,7,2,2,9999,9999,2784,9999,33,29,1,8,30,4,5,0,0,0,0,0,0,0,64,71,0,0,0,0,0,0,0,71
4967,6,"4967-6",2,1,2,NA,NA,NA,NA,NA,NA,NA,1,1,1,31.220128364,1,5,6,2,2,9999,9999,2784,9999,34,33,1,8,30,4,5,0,0,0,0,0,0,0,64,71,0,0,0,0,0,0,0,71
4967,7,"4967-7",2,1,2,NA,NA,NA,NA,NA,NA,NA,1,1,1,31.220128364,0,5,0,2,2,9999,2784,2784,9999,48,34,1,8,30,4,5,0,0,0,0,0,0,0,64,71,0,0,0,0,0,0,0,71
4970,1,"4970-1",2,1,2,NA,NA,NA,NA,NA,NA,NA,1,2,1,17.849425125,0,7,7,2,2,2467,2489,2467,2489,41,39,0,22,15,1,2,0,0,0,0,0,0,0,32,30,0,0,0,0,0,0,0,32
4970,2,"4970-2",2,1,2,NA,NA,NA,NA,NA,NA,NA,1,2,1,17.849425125,0,7,0,2,2,2489,2467,2467,2489,48,41,1,22,15,1,2,0,0,0,0,0,0,0,32,30,0,0,0,0,0,0,0,32
4976,1,"4976-1",2,1,3,NA,NA,NA,NA,NA,NA,NA,3,1,1,29.1075738,0,9,9,2,2,2475,2433,2475,2433,24,20,0,12,40,4,8,0,0,0,0,0,0,0,27,0,0,0,0,0,0,0,0,27
4976,2,"4976-2",2,1,3,NA,NA,NA,NA,NA,NA,NA,3,1,1,29.1075738,1,9,8,2,2,2433,2436,2475,2433,25,24,1,12,40,4,8,0,0,0,0,0,0,0,27,0,0,0,0,0,0,0,0,27
4976,3,"4976-3",2,1,3,NA,NA,NA,NA,NA,NA,NA,3,1,1,29.1075738,1,9,5,2,2,2436,2436,2475,2433,26,25,1,12,40,4,8,0,0,0,0,0,0,0,27,0,0,0,0,0,0,0,0,27
4976,4,"4976-4",2,1,3,NA,NA,NA,NA,NA,NA,NA,3,1,1,29.1075738,0,9,0,2,2,2436,2475,2475,2433,30,26,1,12,40,4,8,0,0,0,0,0,0,0,27,0,0,0,0,0,0,0,0,27
4982,1,"4982-1",2,1,2,NA,NA,NA,NA,NA,NA,NA,1,2,1,65.8723326,1,2,2,2,2,2046,2343,2046,2046,37,27,0,16,12,1,3,0,0,0,0,0,0,0,31,29,0,0,0,0,0,0,0,31
4982,2,"4982-2",2,1,2,NA,NA,NA,NA,NA,NA,NA,1,2,1,65.8723326,0,2,2,2,2,2343,2046,2046,2046,48,37,0,16,12,1,3,0,0,0,0,0,0,0,31,29,0,0,0,0,0,0,0,31
4983,1,"4983-1",2,1,2,NA,NA,NA,NA,NA,NA,NA,1,2,1,52.0070606,0,6,6,2,2,1641,1635,1641,1635,19,18,0,11,55,1,1,0,0,0,0,0,0,0,30,30,0,0,0,0,0,0,0,30
4983,2,"4983-2",2,1,2,NA,NA,NA,NA,NA,NA,NA,1,2,1,52.0070606,1,6,5,2,2,1635,1635,1641,1635,20,19,1,11,55,1,1,0,0,0,0,0,0,0,30,30,0,0,0,0,0,0,0,30
4983,3,"4983-3",2,1,2,NA,NA,NA,NA,NA,NA,NA,1,2,1,52.0070606,0,6,0,2,2,1635,1641,1641,1635,20,20,1,11,55,1,1,0,0,0,0,0,0,0,30,30,0,0,0,0,0,0,0,30
4986,1,"4986-1",2,1,2,NA,NA,NA,NA,NA,NA,NA,1,2,1,18.2402027,0,9,9,2,2,2513,2516,2513,2516,34,29,0,17,0,4,1,0,0,0,0,0,0,0,40,40,0,0,0,0,0,0,0,40
4986,2,"4986-2",2,1,2,NA,NA,NA,NA,NA,NA,NA,1,2,1,18.2402027,0,9,0,2,2,2516,2513,2513,2516,48,34,1,17,0,4,1,0,0,0,0,0,0,0,40,40,0,0,0,0,0,0,0,40
4987,1,"4987-1",2,1,2,NA,NA,NA,NA,NA,NA,NA,1,2,1,278.916934695,1,5,7,2,2,573,561,573,570,30,28,0,16,40,1,1,0,0,0,0,0,0,0,48,49,0,0,0,0,0,0,0,49
4987,2,"4987-2",2,1,2,NA,NA,NA,NA,NA,NA,NA,1,2,1,278.916934695,1,5,5,2,2,561,570,573,570,31,30,0,16,40,1,1,0,0,0,0,0,0,0,48,49,0,0,0,0,0,0,0,49
4987,3,"4987-3",2,1,2,NA,NA,NA,NA,NA,NA,NA,1,2,1,278.916934695,0,5,5,2,2,570,570,573,570,32,31,0,16,40,1,1,0,0,0,0,0,0,0,48,49,0,0,0,0,0,0,0,49
4987,4,"4987-4",2,1,2,NA,NA,NA,NA,NA,NA,NA,1,2,1,278.916934695,0,5,0,2,2,570,573,573,570,48,32,1,16,40,1,1,0,0,0,0,0,0,0,48,49,0,0,0,0,0,0,0,49
4990,3,"4990-3",2,1,2,NA,NA,NA,NA,NA,NA,NA,1,2,1,10.10481775,0,9,9,2,2,2474,2497,2474,2497,35,32,0,18,30,5,5,0,0,0,0,0,0,0,72,74,0,0,0,0,0,0,0,74
4990,4,"4990-4",2,1,2,NA,NA,NA,NA,NA,NA,NA,1,2,1,10.10481775,0,9,0,2,2,2497,2474,2474,2497,48,35,1,18,30,5,5,0,0,0,0,0,0,0,72,74,0,0,0,0,0,0,0,74
5000,1,"5000-1",2,1,3,NA,NA,NA,NA,NA,NA,NA,1,2,1,125.269265625,0,6,6,2,2,2406,2389,2406,2389,31,27,0,16,0,2,5,0,0,0,0,0,0,0,40,88,0,0,0,0,0,0,0,88
5000,2,"5000-2",2,1,3,NA,NA,NA,NA,NA,NA,NA,1,2,1,125.269265625,1,6,7,2,2,2389,2402,2406,2389,32,31,1,16,0,2,5,0,0,0,0,0,0,0,40,88,0,0,0,0,0,0,0,88
5000,3,"5000-3",2,1,3,NA,NA,NA,NA,NA,NA,NA,1,2,1,125.269265625,0,6,0,2,2,2402,2406,2406,2389,48,32,1,16,0,2,5,0,0,0,0,0,0,0,40,88,0,0,0,0,0,0,0,88
5004,1,"5004-1",2,1,3,NA,NA,NA,NA,NA,NA,NA,1,1,1,42.1919677,1,6,6,2,2,2565,1961,2565,1000,18,11,0,8,0,4,4,0,0,0,0,0,0,0,52,29,0,0,0,0,0,0,0,52
5004,2,"5004-2",2,1,3,NA,NA,NA,NA,NA,NA,NA,1,1,1,42.1919677,0,6,6,2,2,1961,1000,2565,1000,32,18,0,8,0,4,4,0,0,0,0,0,0,0,52,29,0,0,0,0,0,0,0,52
5004,3,"5004-3",2,1,3,NA,NA,NA,NA,NA,NA,NA,1,1,1,42.1919677,0,6,0,2,2,1000,2565,2565,1000,48,32,1,8,0,4,4,0,0,0,0,0,0,0,52,29,0,0,0,0,0,0,0,52
5019,1,"5019-1",2,1,2,NA,NA,NA,NA,NA,NA,NA,1,1,1,438.350148128,1,6,5,2,3,528,524,528,523,14,14,0,9,30,5,5,0,0,0,0,0,0,0,80,80,0,0,0,0,0,0,0,80
5019,2,"5019-2",2,1,2,NA,NA,NA,NA,NA,NA,NA,1,1,1,438.350148128,0,6,6,3,3,524,523,528,523,15,14,0,9,30,5,5,0,0,0,0,0,0,0,80,80,0,0,0,0,0,0,0,80
5019,3,"5019-3",2,1,2,NA,NA,NA,NA,NA,NA,NA,1,1,1,438.350148128,1,6,6,2,3,523,518,528,523,16,15,1,9,30,5,5,0,0,0,0,0,0,0,80,80,0,0,0,0,0,0,0,80
5019,4,"5019-4",2,1,2,NA,NA,NA,NA,NA,NA,NA,1,1,1,438.350148128,0,6,0,2,3,518,528,528,523,48,16,1,9,30,5,5,0,0,0,0,0,0,0,80,80,0,0,0,0,0,0,0,80
5021,1,"5021-1",2,1,2,NA,NA,NA,NA,NA,NA,NA,1,1,1,80.349862425,1,4,6,3,3,1543,9999,1543,1543,25,22,0,13,47,1,4,0,0,0,0,0,0,0,45,50,0,0,0,0,0,0,0,50
5021,2,"5021-2",2,1,2,NA,NA,NA,NA,NA,NA,NA,1,1,1,80.349862425,0,4,4,3,3,9999,1543,1543,1543,48,25,0,13,47,1,4,0,0,0,0,0,0,0,45,50,0,0,0,0,0,0,0,50
5022,4,"5022-4",2,1,2,NA,NA,NA,NA,NA,NA,NA,1,1,1,69.552860036,0,5,5,2,2,1422,1942,1422,1942,31,30,0,17,45,1,2,0,0,0,0,0,0,0,53,50,0,0,0,0,0,0,0,53
5022,5,"5022-5",2,1,2,NA,NA,NA,NA,NA,NA,NA,1,1,1,69.552860036,1,5,6,2,2,1942,2018,1422,1942,31,31,1,17,45,1,2,0,0,0,0,0,0,0,53,50,0,0,0,0,0,0,0,53
5022,6,"5022-6",2,1,2,NA,NA,NA,NA,NA,NA,NA,1,1,1,69.552860036,1,5,5,2,2,2018,1952,1422,1942,32,31,1,17,45,1,2,0,0,0,0,0,0,0,53,50,0,0,0,0,0,0,0,53
5022,7,"5022-7",2,1,2,NA,NA,NA,NA,NA,NA,NA,1,1,1,69.552860036,0,5,0,2,2,1952,1422,1422,1942,48,32,1,17,45,1,2,0,0,0,0,0,0,0,53,50,0,0,0,0,0,0,0,53
5023,2,"5023-2",2,2,3,NA,NA,NA,NA,NA,NA,NA,3,1,1,24.2901511,0,5,5,2,2,2691,1590,2691,1590,17,15,0,10,0,4,8,0,0,0,0,0,0,0,36,3,0,0,0,0,0,0,0,36
5023,3,"5023-3",2,2,3,NA,NA,NA,NA,NA,NA,NA,3,1,1,24.2901511,1,5,5,2,2,1590,1649,2691,1590,18,17,1,10,0,4,8,0,0,0,0,0,0,0,36,3,0,0,0,0,0,0,0,36
5023,4,"5023-4",2,2,3,NA,NA,NA,NA,NA,NA,NA,3,1,1,24.2901511,0,5,0,2,2,1649,2691,2691,1590,48,18,1,10,0,4,8,0,0,0,0,0,0,0,36,3,0,0,0,0,0,0,0,36
5032,2,"5032-2",3,1,2,5,NA,NA,NA,NA,NA,NA,3,2,1,134.350844112,0,6,6,3,3,982,1606,982,1606,19,16,0,10,50,2,1,8,0,0,0,0,0,0,31,29,3,0,0,0,0,0,0,31
5032,4,"5032-4",3,1,2,5,NA,NA,NA,NA,NA,NA,3,2,1,134.350844112,1,6,7,3,3,1580,1612,982,1606,21,20,1,10,50,2,1,8,0,0,0,0,0,0,31,29,3,0,0,0,0,0,0,31
5032,5,"5032-5",3,1,2,5,NA,NA,NA,NA,NA,NA,3,2,1,134.350844112,0,6,0,3,3,1612,982,982,1606,48,21,1,10,50,2,1,8,0,0,0,0,0,0,31,29,3,0,0,0,0,0,0,31
5032,3,"5032-3",3,1,2,5,NA,NA,NA,NA,NA,NA,3,1,1,122.0072204,1,6,6,3,3,1606,1580,982,1606,20,19,1,10,50,2,1,8,0,0,0,0,0,0,31,29,3,0,0,0,0,0,0,31
5038,1,"5038-1",2,1,2,NA,NA,NA,NA,NA,NA,NA,1,1,1,26.361864076,0,6,6,2,2,2691,825,2691,825,24,21,0,13,15,5,5,0,0,0,0,0,0,0,74,74,0,0,0,0,0,0,0,74
5038,2,"5038-2",2,1,2,NA,NA,NA,NA,NA,NA,NA,1,1,1,26.361864076,1,6,5,2,2,825,850,2691,825,25,24,1,13,15,5,5,0,0,0,0,0,0,0,74,74,0,0,0,0,0,0,0,74
5038,3,"5038-3",2,1,2,NA,NA,NA,NA,NA,NA,NA,1,1,1,26.361864076,1,6,5,2,2,850,1659,2691,825,26,25,1,13,15,5,5,0,0,0,0,0,0,0,74,74,0,0,0,0,0,0,0,74
5038,4,"5038-4",2,1,2,NA,NA,NA,NA,NA,NA,NA,1,1,1,26.361864076,0,6,0,2,2,1659,2691,2691,825,48,26,1,13,15,5,5,0,0,0,0,0,0,0,74,74,0,0,0,0,0,0,0,74
5040,1,"5040-1",4,1,3,4,5,NA,NA,NA,NA,NA,3,2,1,1375.385031276,0,9,9,3,3,1712,1790,1712,1790,38,32,0,18,59,2,7,8,8,0,0,0,0,0,30,7,2,0,0,0,0,0,0,30
5040,2,"5040-2",4,1,3,4,5,NA,NA,NA,NA,NA,3,2,1,1375.385031276,0,9,0,3,3,1790,1712,1712,1790,48,38,1,18,59,2,7,8,8,0,0,0,0,0,30,7,2,0,0,0,0,0,0,30
5057,1,"5057-1",2,1,2,NA,NA,NA,NA,NA,NA,NA,1,1,1,28.706259184,0,5,5,2,2,1186,1391,1186,1391,22,18,0,11,30,5,4,0,0,0,0,0,0,0,66,59,0,0,0,0,0,0,0,66
5057,2,"5057-2",2,1,2,NA,NA,NA,NA,NA,NA,NA,1,1,1,28.706259184,1,5,5,2,2,1391,1389,1186,1391,24,22,1,11,30,5,4,0,0,0,0,0,0,0,66,59,0,0,0,0,0,0,0,66
5057,3,"5057-3",2,1,2,NA,NA,NA,NA,NA,NA,NA,1,1,1,28.706259184,0,5,0,2,2,1389,1186,1186,1391,25,24,1,11,30,5,4,0,0,0,0,0,0,0,66,59,0,0,0,0,0,0,0,66
5060,2,"5060-2",3,2,5,6,NA,NA,NA,NA,NA,NA,3,2,1,155.843736724,0,8,8,3,3,754,751,754,751,36,34,0,19,55,1,1,6,0,0,0,0,0,0,45,20,16,0,0,0,0,0,0,45
5060,3,"5060-3",3,2,5,6,NA,NA,NA,NA,NA,NA,3,2,1,155.843736724,0,8,0,3,3,751,754,754,751,48,36,1,19,55,1,1,6,0,0,0,0,0,0,45,20,16,0,0,0,0,0,0,45
5063,11,"5063-11",3,1,3,8,NA,NA,NA,NA,NA,NA,3,3,1,149.3246177,1,5,5,3,3,20,416,20,15,27,27,0,16,1,1,7,8,0,0,0,0,0,0,36,15,0,0,0,0,0,0,0,36
5063,12,"5063-12",3,1,3,8,NA,NA,NA,NA,NA,NA,3,3,1,149.3246177,1,5,5,3,3,416,40,20,15,28,27,0,16,1,1,7,8,0,0,0,0,0,0,36,15,0,0,0,0,0,0,0,36
5063,13,"5063-13",3,1,3,8,NA,NA,NA,NA,NA,NA,3,3,1,149.3246177,0,5,5,3,3,40,15,20,15,29,28,0,16,1,1,7,8,0,0,0,0,0,0,36,15,0,0,0,0,0,0,0,36
5063,14,"5063-14",3,1,3,8,NA,NA,NA,NA,NA,NA,3,3,1,149.3246177,0,5,0,3,3,15,20,20,15,30,29,1,16,1,1,7,8,0,0,0,0,0,0,36,15,0,0,0,0,0,0,0,36
5063,15,"5063-15",3,1,3,8,NA,NA,NA,NA,NA,NA,3,4,2,149.3246177,0,4,4,3,3,20,40,20,40,37,30,0,17,34,1,7,8,0,0,0,0,0,0,36,15,0,0,0,0,0,0,0,36
5063,16,"5063-16",3,1,3,8,NA,NA,NA,NA,NA,NA,3,4,2,149.3246177,0,4,0,3,3,40,20,20,40,48,37,1,17,34,1,7,8,0,0,0,0,0,0,36,15,0,0,0,0,0,0,0,36
5066,1,"5066-1",4,1,3,4,5,NA,NA,NA,NA,NA,3,1,1,68.429793972,0,1,1,3,3,2565,2033,2565,2033,24,8,0,6,55,1,7,7,7,0,0,0,0,0,41,14,14,12,0,0,0,0,0,41
5066,2,"5066-2",4,1,3,4,5,NA,NA,NA,NA,NA,3,1,1,68.429793972,0,1,0,3,3,2033,2565,2565,2033,48,24,1,6,55,1,7,7,7,0,0,0,0,0,41,14,14,12,0,0,0,0,0,41
5067,1,"5067-1",2,1,2,NA,NA,NA,NA,NA,NA,NA,1,1,1,342.157767047,0,6,6,2,2,1898,1835,1898,1835,18,11,0,8,0,5,5,0,0,0,0,0,0,0,84,83,0,0,0,0,0,0,0,84
5067,2,"5067-2",2,1,2,NA,NA,NA,NA,NA,NA,NA,1,1,1,342.157767047,1,6,5,2,2,1835,1855,1898,1835,19,18,1,8,0,5,5,0,0,0,0,0,0,0,84,83,0,0,0,0,0,0,0,84
5067,3,"5067-3",2,1,2,NA,NA,NA,NA,NA,NA,NA,1,1,1,342.157767047,1,6,8,2,2,1855,1923,1898,1835,23,19,1,8,0,5,5,0,0,0,0,0,0,0,84,83,0,0,0,0,0,0,0,84
5067,4,"5067-4",2,1,2,NA,NA,NA,NA,NA,NA,NA,1,1,1,342.157767047,0,6,0,2,2,1923,1898,1898,1835,48,23,1,8,0,5,5,0,0,0,0,0,0,0,84,83,0,0,0,0,0,0,0,84
5072,1,"5072-1",2,1,2,NA,NA,NA,NA,NA,NA,NA,1,1,1,37.820104,1,9,8,2,2,1898,1773,1898,209,18,17,0,11,8,5,5,0,0,0,0,0,0,0,73,72,0,0,0,0,0,0,0,73
5072,2,"5072-2",2,1,2,NA,NA,NA,NA,NA,NA,NA,1,1,1,37.820104,1,9,6,2,2,1773,1710,1898,209,19,18,0,11,8,5,5,0,0,0,0,0,0,0,73,72,0,0,0,0,0,0,0,73
5072,3,"5072-3",2,1,2,NA,NA,NA,NA,NA,NA,NA,1,1,1,37.820104,1,9,6,2,2,1710,1773,1898,209,20,19,0,11,8,5,5,0,0,0,0,0,0,0,73,72,0,0,0,0,0,0,0,73
5072,4,"5072-4",2,1,2,NA,NA,NA,NA,NA,NA,NA,1,1,1,37.820104,0,9,9,2,2,1773,209,1898,209,37,20,0,11,8,5,5,0,0,0,0,0,0,0,73,72,0,0,0,0,0,0,0,73
5072,5,"5072-5",2,1,2,NA,NA,NA,NA,NA,NA,NA,1,1,1,37.820104,1,9,7,2,2,209,1898,1898,209,37,37,1,11,8,5,5,0,0,0,0,0,0,0,73,72,0,0,0,0,0,0,0,73
5072,6,"5072-6",2,1,2,NA,NA,NA,NA,NA,NA,NA,1,1,1,37.820104,0,9,0,2,2,1898,1898,1898,209,48,37,1,11,8,5,5,0,0,0,0,0,0,0,73,72,0,0,0,0,0,0,0,73
5090,1,"5090-1",2,1,3,NA,NA,NA,NA,NA,NA,NA,3,2,1,32.571370416,1,6,7,2,2,2695,1662,2695,1590,27,27,0,16,5,1,7,0,0,0,0,0,0,0,40,8,0,0,0,0,0,0,0,40
5090,2,"5090-2",2,1,3,NA,NA,NA,NA,NA,NA,NA,3,2,1,32.571370416,0,6,6,2,2,1662,1590,2695,1590,28,27,0,16,5,1,7,0,0,0,0,0,0,0,40,8,0,0,0,0,0,0,0,40
5090,3,"5090-3",2,1,3,NA,NA,NA,NA,NA,NA,NA,3,2,1,32.571370416,1,6,7,2,2,1590,1662,2695,1590,29,28,1,16,5,1,7,0,0,0,0,0,0,0,40,8,0,0,0,0,0,0,0,40
5090,4,"5090-4",2,1,3,NA,NA,NA,NA,NA,NA,NA,3,2,1,32.571370416,0,6,0,2,2,1662,2695,2695,1590,48,29,1,16,5,1,7,0,0,0,0,0,0,0,40,8,0,0,0,0,0,0,0,40
5093,1,"5093-1",2,1,2,NA,NA,NA,NA,NA,NA,NA,1,2,1,63.89482008,0,7,7,2,2,1896,1917,1896,1917,30,28,0,16,30,2,2,0,0,0,0,0,0,0,67,69,0,0,0,0,0,0,0,69
5093,2,"5093-2",2,1,2,NA,NA,NA,NA,NA,NA,NA,1,2,1,63.89482008,1,7,5,2,2,1917,1923,1896,1917,31,30,1,16,30,2,2,0,0,0,0,0,0,0,67,69,0,0,0,0,0,0,0,69
5093,3,"5093-3",2,1,2,NA,NA,NA,NA,NA,NA,NA,1,2,1,63.89482008,0,7,0,2,2,1923,1896,1896,1917,48,31,1,16,30,2,2,0,0,0,0,0,0,0,67,69,0,0,0,0,0,0,0,69
5095,1,"5095-1",2,1,2,NA,NA,NA,NA,NA,NA,NA,1,2,1,337.123917375,0,8,8,2,2,412,1744,412,1744,31,29,0,17,10,1,4,0,0,0,0,0,0,0,62,58,0,0,0,0,0,0,0,62
5095,2,"5095-2",2,1,2,NA,NA,NA,NA,NA,NA,NA,1,2,1,337.123917375,0,8,0,2,2,1744,412,412,1744,48,31,1,17,10,1,4,0,0,0,0,0,0,0,62,58,0,0,0,0,0,0,0,62
5096,3,"5096-3",2,1,3,NA,NA,NA,NA,NA,NA,NA,3,2,1,24.2901511,0,5,5,2,2,2691,2719,2691,2719,36,34,0,19,34,4,7,0,0,0,0,0,0,0,38,13,0,0,0,0,0,0,0,38
5096,4,"5096-4",2,1,3,NA,NA,NA,NA,NA,NA,NA,3,2,1,24.2901511,1,5,5,2,2,2719,1662,2691,2719,38,36,1,19,34,4,7,0,0,0,0,0,0,0,38,13,0,0,0,0,0,0,0,38
5096,5,"5096-5",2,1,3,NA,NA,NA,NA,NA,NA,NA,3,2,1,24.2901511,0,5,0,2,2,1662,2691,2691,2719,48,38,1,19,34,4,7,0,0,0,0,0,0,0,38,13,0,0,0,0,0,0,0,38
5097,1,"5097-1",2,1,2,NA,NA,NA,NA,NA,NA,NA,1,1,1,41.22391336,0,7,7,2,2,1939,1942,1939,1942,19,17,0,11,1,5,5,0,0,0,0,0,0,0,70,70,0,0,0,0,0,0,0,70
5097,2,"5097-2",2,1,2,NA,NA,NA,NA,NA,NA,NA,1,1,1,41.22391336,1,7,5,2,2,1942,1942,1939,1942,20,19,1,11,1,5,5,0,0,0,0,0,0,0,70,70,0,0,0,0,0,0,0,70
5097,3,"5097-3",2,1,2,NA,NA,NA,NA,NA,NA,NA,1,1,1,41.22391336,0,7,0,2,2,1942,1939,1939,1942,48,20,1,11,1,5,5,0,0,0,0,0,0,0,70,70,0,0,0,0,0,0,0,70
5100,1,"5100-1",2,1,4,NA,NA,NA,NA,NA,NA,NA,3,1,1,178.557900768,0,6,6,3,3,2438,2429,2438,2429,16,14,0,9,45,2,8,0,0,0,0,0,0,0,39,1,0,0,0,0,0,0,0,39
5100,2,"5100-2",2,1,4,NA,NA,NA,NA,NA,NA,NA,3,1,1,178.557900768,1,6,5,3,3,2429,2428,2438,2429,17,16,1,9,45,2,8,0,0,0,0,0,0,0,39,1,0,0,0,0,0,0,0,39
5100,3,"5100-3",2,1,4,NA,NA,NA,NA,NA,NA,NA,3,1,1,178.557900768,0,6,0,3,3,2428,2438,2438,2429,48,17,1,9,45,2,8,0,0,0,0,0,0,0,39,1,0,0,0,0,0,0,0,39
5101,5,"5101-5",2,1,2,NA,NA,NA,NA,NA,NA,NA,1,2,2,196.941781796,0,7,7,2,2,2433,2136,2433,2136,39,31,0,18,12,1,2,0,0,0,0,0,0,0,29,30,0,0,0,0,0,0,0,30
5101,6,"5101-6",2,1,2,NA,NA,NA,NA,NA,NA,NA,1,2,2,196.941781796,0,7,0,2,2,2136,2433,2433,2136,48,39,1,18,12,1,2,0,0,0,0,0,0,0,29,30,0,0,0,0,0,0,0,30
5101,1,"5101-1",2,2,3,NA,NA,NA,NA,NA,NA,NA,3,1,1,192.014895236,0,6,6,2,3,2433,2159,2433,2159,16,13,0,9,0,2,8,0,0,0,0,0,0,0,30,0,0,0,0,0,0,0,0,30
5101,2,"5101-2",2,2,3,NA,NA,NA,NA,NA,NA,NA,3,1,1,192.014895236,1,6,7,3,3,2159,2118,2433,2159,21,16,1,9,0,2,8,0,0,0,0,0,0,0,30,0,0,0,0,0,0,0,0,30
5101,3,"5101-3",2,2,3,NA,NA,NA,NA,NA,NA,NA,3,1,1,192.014895236,1,6,5,3,3,2118,2307,2433,2159,25,21,1,9,0,2,8,0,0,0,0,0,0,0,30,0,0,0,0,0,0,0,0,30
5101,4,"5101-4",2,2,3,NA,NA,NA,NA,NA,NA,NA,3,1,1,192.014895236,0,6,0,3,3,2307,2433,2433,2159,31,25,1,9,0,2,8,0,0,0,0,0,0,0,30,0,0,0,0,0,0,0,0,30
5103,3,"5103-3",4,1,4,5,6,NA,NA,NA,NA,NA,3,2,1,45.643248248,0,5,5,3,3,2772,2735,2772,2735,19,17,0,11,0,2,8,8,8,0,0,0,0,0,31,4,2,1,0,0,0,0,0,31
5103,4,"5103-4",4,1,4,5,6,NA,NA,NA,NA,NA,3,2,1,45.643248248,0,5,0,3,3,2735,2772,2772,2735,48,19,1,11,0,2,8,8,8,0,0,0,0,0,31,4,2,1,0,0,0,0,0,31
5106,1,"5106-1",2,2,3,NA,NA,NA,NA,NA,NA,NA,3,2,1,39.768075724,0,7,7,2,2,2754,2800,2754,2800,29,28,0,16,45,1,7,0,0,0,0,0,0,0,51,15,0,0,0,0,0,0,0,51
5106,2,"5106-2",2,2,3,NA,NA,NA,NA,NA,NA,NA,3,2,1,39.768075724,0,7,0,2,2,2800,2754,2754,2800,48,29,1,16,45,1,7,0,0,0,0,0,0,0,51,15,0,0,0,0,0,0,0,51
5110,1,"5110-1",2,1,3,NA,NA,NA,NA,NA,NA,NA,1,1,1,139.2903901,1,5,6,2,2,2086,2051,2086,2102,13,13,0,9,0,4,5,0,0,0,0,0,0,0,61,70,0,0,0,0,0,0,0,70
5110,2,"5110-2",2,1,3,NA,NA,NA,NA,NA,NA,NA,1,1,1,139.2903901,0,5,5,2,2,2051,2102,2086,2102,18,13,0,9,0,4,5,0,0,0,0,0,0,0,61,70,0,0,0,0,0,0,0,70
5110,3,"5110-3",2,1,3,NA,NA,NA,NA,NA,NA,NA,1,1,1,139.2903901,0,5,0,2,2,2102,2086,2086,2102,48,18,1,9,0,4,5,0,0,0,0,0,0,0,61,70,0,0,0,0,0,0,0,70
5118,1,"5118-1",2,1,2,NA,NA,NA,NA,NA,NA,NA,1,2,1,58.06330572,0,5,5,2,2,1939,1940,1939,1940,34,33,0,19,10,2,4,0,0,0,0,0,0,0,69,59,0,0,0,0,0,0,0,69
5118,2,"5118-2",2,1,2,NA,NA,NA,NA,NA,NA,NA,1,2,1,58.06330572,0,5,0,2,2,1940,1939,1939,1940,48,34,1,19,10,2,4,0,0,0,0,0,0,0,69,59,0,0,0,0,0,0,0,69
5123,1,"5123-1",2,1,2,NA,NA,NA,NA,NA,NA,NA,1,1,1,19.12160229,0,1,1,2,2,9999,9999,9999,9999,27,11,0,8,15,1,1,0,0,0,0,0,0,0,63,62,0,0,0,0,0,0,0,63
5123,2,"5123-2",2,1,2,NA,NA,NA,NA,NA,NA,NA,1,1,1,19.12160229,1,1,5,2,2,9999,9999,9999,9999,31,27,1,8,15,1,1,0,0,0,0,0,0,0,63,62,0,0,0,0,0,0,0,63
5123,3,"5123-3",2,1,2,NA,NA,NA,NA,NA,NA,NA,1,1,1,19.12160229,1,1,9,2,2,9999,9999,9999,9999,34,31,1,8,15,1,1,0,0,0,0,0,0,0,63,62,0,0,0,0,0,0,0,63
5123,4,"5123-4",2,1,2,NA,NA,NA,NA,NA,NA,NA,1,1,1,19.12160229,1,1,7,2,2,9999,9999,9999,9999,37,34,1,8,15,1,1,0,0,0,0,0,0,0,63,62,0,0,0,0,0,0,0,63
5123,5,"5123-5",2,1,2,NA,NA,NA,NA,NA,NA,NA,1,1,1,19.12160229,0,1,0,2,2,9999,9999,9999,9999,48,37,1,8,15,1,1,0,0,0,0,0,0,0,63,62,0,0,0,0,0,0,0,63
5136,1,"5136-1",2,1,2,NA,NA,NA,NA,NA,NA,NA,1,1,1,188.331279972,0,6,6,2,2,1712,1848,1712,1848,16,13,0,9,15,4,2,0,0,0,0,0,0,0,61,54,0,0,0,0,0,0,0,61
5136,2,"5136-2",2,1,2,NA,NA,NA,NA,NA,NA,NA,1,1,1,188.331279972,0,6,0,2,2,1848,1712,1712,1848,29,16,1,9,15,4,2,0,0,0,0,0,0,0,61,54,0,0,0,0,0,0,0,61
5151,1,"5151-1",2,2,3,NA,NA,NA,NA,NA,NA,NA,1,1,1,96.5669655,0,6,6,2,2,501,511,501,511,23,19,0,12,0,4,4,0,0,0,0,0,0,0,62,60,0,0,0,0,0,0,0,62
5151,2,"5151-2",2,2,3,NA,NA,NA,NA,NA,NA,NA,1,1,1,96.5669655,1,6,5,2,2,511,530,501,511,24,23,1,12,0,4,4,0,0,0,0,0,0,0,62,60,0,0,0,0,0,0,0,62
5151,3,"5151-3",2,2,3,NA,NA,NA,NA,NA,NA,NA,1,1,1,96.5669655,1,6,5,2,2,530,505,501,511,25,24,1,12,0,4,4,0,0,0,0,0,0,0,62,60,0,0,0,0,0,0,0,62
5151,4,"5151-4",2,2,3,NA,NA,NA,NA,NA,NA,NA,1,1,1,96.5669655,0,6,0,2,2,505,501,501,511,48,25,1,12,0,4,4,0,0,0,0,0,0,0,62,60,0,0,0,0,0,0,0,62
5152,1,"5152-1",2,1,2,NA,NA,NA,NA,NA,NA,NA,1,1,1,67.36232202,1,6,9,2,2,1898,1893,1898,1095,13,12,0,8,35,1,2,0,0,0,0,0,0,0,61,55,0,0,0,0,0,0,0,61
5152,2,"5152-2",2,1,2,NA,NA,NA,NA,NA,NA,NA,1,1,1,67.36232202,0,6,6,2,2,1893,1095,1898,1095,19,13,0,8,35,1,2,0,0,0,0,0,0,0,61,55,0,0,0,0,0,0,0,61
5152,3,"5152-3",2,1,2,NA,NA,NA,NA,NA,NA,NA,1,1,1,67.36232202,1,6,5,2,2,1095,239,1898,1095,21,19,1,8,35,1,2,0,0,0,0,0,0,0,61,55,0,0,0,0,0,0,0,61
5152,4,"5152-4",2,1,2,NA,NA,NA,NA,NA,NA,NA,1,1,1,67.36232202,1,6,7,2,2,239,203,1898,1095,23,21,1,8,35,1,2,0,0,0,0,0,0,0,61,55,0,0,0,0,0,0,0,61
5152,5,"5152-5",2,1,2,NA,NA,NA,NA,NA,NA,NA,1,1,1,67.36232202,1,6,5,4,2,203,203,1898,1095,23,23,1,8,35,1,2,0,0,0,0,0,0,0,61,55,0,0,0,0,0,0,0,61
5152,6,"5152-6",2,1,2,NA,NA,NA,NA,NA,NA,NA,1,1,1,67.36232202,1,6,7,2,2,203,174,1898,1095,24,23,1,8,35,1,2,0,0,0,0,0,0,0,61,55,0,0,0,0,0,0,0,61
5152,7,"5152-7",2,1,2,NA,NA,NA,NA,NA,NA,NA,1,1,1,67.36232202,1,6,5,2,2,174,135,1898,1095,25,24,1,8,35,1,2,0,0,0,0,0,0,0,61,55,0,0,0,0,0,0,0,61
5152,8,"5152-8",2,1,2,NA,NA,NA,NA,NA,NA,NA,1,1,1,67.36232202,1,6,8,2,2,135,391,1898,1095,27,25,1,8,35,1,2,0,0,0,0,0,0,0,61,55,0,0,0,0,0,0,0,61
5152,9,"5152-9",2,1,2,NA,NA,NA,NA,NA,NA,NA,1,1,1,67.36232202,1,6,5,2,2,391,1896,1898,1095,28,27,1,8,35,1,2,0,0,0,0,0,0,0,61,55,0,0,0,0,0,0,0,61
5152,10,"5152-10",2,1,2,NA,NA,NA,NA,NA,NA,NA,1,1,1,67.36232202,0,6,0,2,2,1896,1898,1898,1095,48,28,1,8,35,1,2,0,0,0,0,0,0,0,61,55,0,0,0,0,0,0,0,61
5158,1,"5158-1",2,1,3,NA,NA,NA,NA,NA,NA,NA,1,1,1,62.9945847,0,2,2,2,2,2766,2343,2766,2343,19,11,0,8,10,3,3,0,0,0,0,0,0,0,50,24,0,0,0,0,0,0,0,50
5158,2,"5158-2",2,1,3,NA,NA,NA,NA,NA,NA,NA,1,1,1,62.9945847,1,2,7,2,2,2343,2760,2766,2343,20,19,1,8,10,3,3,0,0,0,0,0,0,0,50,24,0,0,0,0,0,0,0,50
5158,3,"5158-3",2,1,3,NA,NA,NA,NA,NA,NA,NA,1,1,1,62.9945847,0,2,0,2,2,2760,2766,2766,2343,22,20,1,8,10,3,3,0,0,0,0,0,0,0,50,24,0,0,0,0,0,0,0,50
5167,1,"5167-1",2,1,2,NA,NA,NA,NA,NA,NA,NA,1,2,1,226.437233835,0,7,7,2,2,398,412,398,412,31,29,0,17,15,4,5,0,0,0,0,0,0,0,62,73,0,0,0,0,0,0,0,73
5167,2,"5167-2",2,1,2,NA,NA,NA,NA,NA,NA,NA,1,2,1,226.437233835,0,7,0,2,2,412,398,398,412,48,31,1,17,15,4,5,0,0,0,0,0,0,0,62,73,0,0,0,0,0,0,0,73
5169,1,"5169-1",2,1,2,NA,NA,NA,NA,NA,NA,NA,1,3,1,64.2506008,0,9,9,2,2,384,381,384,381,33,30,0,17,30,4,5,0,0,0,0,0,0,0,60,66,0,0,0,0,0,0,0,66
5169,2,"5169-2",2,1,2,NA,NA,NA,NA,NA,NA,NA,1,3,1,64.2506008,0,9,0,2,2,381,384,384,381,48,33,1,17,30,4,5,0,0,0,0,0,0,0,60,66,0,0,0,0,0,0,0,66
5176,2,"5176-2",3,1,2,4,NA,NA,NA,NA,NA,NA,3,1,1,30.8677638,1,6,7,3,3,2421,2483,2421,2159,12,11,0,8,0,4,4,7,0,0,0,0,0,0,36,37,8,0,0,0,0,0,0,37
5176,3,"5176-3",3,1,2,4,NA,NA,NA,NA,NA,NA,3,1,1,30.8677638,0,6,6,3,3,2483,2159,2421,2159,23,12,0,8,0,4,4,7,0,0,0,0,0,0,36,37,8,0,0,0,0,0,0,37
5176,4,"5176-4",3,1,2,4,NA,NA,NA,NA,NA,NA,3,1,1,30.8677638,0,6,0,3,3,2159,2421,2421,2159,33,23,1,8,0,4,4,7,0,0,0,0,0,0,36,37,8,0,0,0,0,0,0,37
5177,1,"5177-1",2,1,4,NA,NA,NA,NA,NA,NA,NA,3,1,1,13.6177572,0,8,8,2,2,2467,2472,2467,2472,22,14,0,9,50,3,8,0,0,0,0,0,0,0,28,3,0,0,0,0,0,0,0,28
5177,2,"5177-2",2,1,4,NA,NA,NA,NA,NA,NA,NA,3,1,1,13.6177572,0,8,0,2,2,2472,2467,2467,2472,27,22,1,9,50,3,8,0,0,0,0,0,0,0,28,3,0,0,0,0,0,0,0,28
5181,1,"5181-1",2,1,2,NA,NA,NA,NA,NA,NA,NA,1,1,1,96.443371675,0,9,9,2,2,2551,2551,2551,2551,18,15,0,10,10,5,5,0,0,0,0,0,0,0,71,71,0,0,0,0,0,0,0,71
5181,2,"5181-2",2,1,2,NA,NA,NA,NA,NA,NA,NA,1,1,1,96.443371675,0,9,0,2,2,2551,2551,2551,2551,18,18,1,10,10,5,5,0,0,0,0,0,0,0,71,71,0,0,0,0,0,0,0,71
5181,3,"5181-3",2,1,2,NA,NA,NA,NA,NA,NA,NA,1,2,2,96.443371675,1,8,7,2,2,2551,2551,2551,2554,20,18,0,11,55,5,5,0,0,0,0,0,0,0,71,71,0,0,0,0,0,0,0,71
5181,4,"5181-4",2,1,2,NA,NA,NA,NA,NA,NA,NA,1,2,2,96.443371675,0,8,8,2,2,2551,2554,2551,2554,27,20,0,11,55,5,5,0,0,0,0,0,0,0,71,71,0,0,0,0,0,0,0,71
5181,5,"5181-5",2,1,2,NA,NA,NA,NA,NA,NA,NA,1,2,2,96.443371675,0,8,0,2,2,2554,2551,2551,2554,34,27,1,11,55,5,5,0,0,0,0,0,0,0,71,71,0,0,0,0,0,0,0,71
5181,6,"5181-6",2,1,2,NA,NA,NA,NA,NA,NA,NA,1,3,3,96.443371675,1,7,8,2,2,2551,2539,2551,2554,35,34,0,19,30,5,5,0,0,0,0,0,0,0,71,71,0,0,0,0,0,0,0,71
5181,7,"5181-7",2,1,2,NA,NA,NA,NA,NA,NA,NA,1,3,3,96.443371675,0,7,7,2,2,2539,2554,2551,2554,35,35,0,19,30,5,5,0,0,0,0,0,0,0,71,71,0,0,0,0,0,0,0,71
5181,8,"5181-8",2,1,2,NA,NA,NA,NA,NA,NA,NA,1,3,3,96.443371675,0,7,0,2,2,2554,2551,2551,2554,48,35,1,19,30,5,5,0,0,0,0,0,0,0,71,71,0,0,0,0,0,0,0,71
5182,1,"5182-1",2,1,2,NA,NA,NA,NA,NA,NA,NA,1,2,1,133.608705405,0,9,9,2,2,396,108,396,108,35,28,0,16,45,1,2,0,0,0,0,0,0,0,47,18,0,0,0,0,0,0,0,47
5182,2,"5182-2",2,1,2,NA,NA,NA,NA,NA,NA,NA,1,2,1,133.608705405,0,9,0,2,2,108,396,396,108,48,35,1,16,45,1,2,0,0,0,0,0,0,0,47,18,0,0,0,0,0,0,0,47
5197,1,"5197-1",2,2,3,NA,NA,NA,NA,NA,NA,NA,3,1,1,29.1075738,0,8,8,2,2,2461,510,2461,510,18,14,0,9,30,4,8,0,0,0,0,0,0,0,28,2,0,0,0,0,0,0,0,28
5197,2,"5197-2",2,2,3,NA,NA,NA,NA,NA,NA,NA,3,1,1,29.1075738,0,8,0,2,2,510,2461,2461,510,31,18,1,9,30,4,8,0,0,0,0,0,0,0,28,2,0,0,0,0,0,0,0,28
5209,5,"5209-5",2,1,2,NA,NA,NA,NA,NA,NA,NA,1,2,1,73.678923761,0,9,9,2,2,1895,1848,1895,1848,37,29,0,17,15,5,5,0,0,0,0,0,0,0,75,77,0,0,0,0,0,0,0,77
5209,6,"5209-6",2,1,2,NA,NA,NA,NA,NA,NA,NA,1,2,1,73.678923761,0,9,0,2,2,1848,1895,1895,1848,48,37,1,17,15,5,5,0,0,0,0,0,0,0,75,77,0,0,0,0,0,0,0,77
5214,1,"5214-1",2,1,2,NA,NA,NA,NA,NA,NA,NA,3,2,1,91.8114451,0,7,7,2,2,27,400,27,400,31,28,0,16,35,4,7,0,0,0,0,0,0,0,45,13,0,0,0,0,0,0,0,45
5214,2,"5214-2",2,1,2,NA,NA,NA,NA,NA,NA,NA,3,2,1,91.8114451,1,7,5,2,2,400,44,27,400,32,31,1,16,35,4,7,0,0,0,0,0,0,0,45,13,0,0,0,0,0,0,0,45
5214,3,"5214-3",2,1,2,NA,NA,NA,NA,NA,NA,NA,3,2,1,91.8114451,0,7,0,2,2,44,27,27,400,48,32,1,16,35,4,7,0,0,0,0,0,0,0,45,13,0,0,0,0,0,0,0,45
5216,1,"5216-1",2,1,2,NA,NA,NA,NA,NA,NA,NA,1,1,1,127.818319,0,6,6,2,2,27,23,27,23,38,38,0,21,43,4,4,0,0,0,0,0,0,0,41,38,0,0,0,0,0,0,0,41
5216,2,"5216-2",2,1,2,NA,NA,NA,NA,NA,NA,NA,1,1,1,127.818319,1,6,8,2,2,23,37,27,23,39,38,1,21,43,4,4,0,0,0,0,0,0,0,41,38,0,0,0,0,0,0,0,41
5216,3,"5216-3",2,1,2,NA,NA,NA,NA,NA,NA,NA,1,1,1,127.818319,1,6,7,2,2,37,33,27,23,39,39,1,21,43,4,4,0,0,0,0,0,0,0,41,38,0,0,0,0,0,0,0,41
5216,4,"5216-4",2,1,2,NA,NA,NA,NA,NA,NA,NA,1,1,1,127.818319,1,6,6,2,2,33,32,27,23,40,39,1,21,43,4,4,0,0,0,0,0,0,0,41,38,0,0,0,0,0,0,0,41
5216,5,"5216-5",2,1,2,NA,NA,NA,NA,NA,NA,NA,1,1,1,127.818319,0,6,0,2,2,32,27,27,23,48,40,1,21,43,4,4,0,0,0,0,0,0,0,41,38,0,0,0,0,0,0,0,41
5217,3,"5217-3",2,1,3,NA,NA,NA,NA,NA,NA,NA,3,2,1,584.915063376,0,4,4,3,3,1527,1363,1527,1363,35,30,0,17,50,1,7,0,0,0,0,0,0,0,51,12,0,0,0,0,0,0,0,51
5217,4,"5217-4",2,1,3,NA,NA,NA,NA,NA,NA,NA,3,2,1,584.915063376,0,4,0,3,3,1363,1527,1527,1363,48,35,1,17,50,1,7,0,0,0,0,0,0,0,51,12,0,0,0,0,0,0,0,51
5221,1,"5221-1",2,1,2,NA,NA,NA,NA,NA,NA,NA,1,2,1,890.35726988,0,9,9,4,4,110,110,110,110,33,32,0,18,32,5,5,0,0,0,0,0,0,0,87,87,0,0,0,0,0,0,0,87
5221,2,"5221-2",2,1,2,NA,NA,NA,NA,NA,NA,NA,1,2,1,890.35726988,0,9,0,4,4,110,110,110,110,48,33,1,18,32,5,5,0,0,0,0,0,0,0,87,87,0,0,0,0,0,0,0,87
5234,1,"5234-1",2,4,5,NA,NA,NA,NA,NA,NA,NA,2,2,1,232.2280487,0,9,9,4,4,2433,2433,2433,2433,32,31,0,18,15,7,7,0,0,0,0,0,0,0,15,10,0,0,0,0,0,0,0,15
5234,2,"5234-2",2,4,5,NA,NA,NA,NA,NA,NA,NA,2,2,1,232.2280487,0,9,0,4,4,2433,2433,2433,2433,48,32,1,18,15,7,7,0,0,0,0,0,0,0,15,10,0,0,0,0,0,0,0,15
5240,1,"5240-1",2,1,2,NA,NA,NA,NA,NA,NA,NA,1,1,1,89.108601,0,9,9,2,2,970,984,970,984,24,17,0,11,0,4,1,0,0,0,0,0,0,0,42,37,0,0,0,0,0,0,0,42
5240,2,"5240-2",2,1,2,NA,NA,NA,NA,NA,NA,NA,1,1,1,89.108601,0,9,0,2,2,984,970,970,984,48,24,1,11,0,4,1,0,0,0,0,0,0,0,42,37,0,0,0,0,0,0,0,42
5243,1,"5243-1",2,1,2,NA,NA,NA,NA,NA,NA,NA,1,2,1,100.791628252,0,7,7,2,2,1616,1615,1616,1615,35,33,0,19,15,1,1,0,0,0,0,0,0,0,51,56,0,0,0,0,0,0,0,56
5243,2,"5243-2",2,1,2,NA,NA,NA,NA,NA,NA,NA,1,2,1,100.791628252,0,7,0,2,2,1615,1616,1616,1615,48,35,1,19,15,1,1,0,0,0,0,0,0,0,51,56,0,0,0,0,0,0,0,56
5246,1,"5246-1",2,1,2,NA,NA,NA,NA,NA,NA,NA,1,1,1,21.136190436,0,6,6,2,2,2501,9999,2501,9999,14,11,0,8,0,5,5,0,0,0,0,0,0,0,75,72,0,0,0,0,0,0,0,75
5246,2,"5246-2",2,1,2,NA,NA,NA,NA,NA,NA,NA,1,1,1,21.136190436,1,6,5,2,2,9999,9999,2501,9999,15,14,1,8,0,5,5,0,0,0,0,0,0,0,75,72,0,0,0,0,0,0,0,75
5246,3,"5246-3",2,1,2,NA,NA,NA,NA,NA,NA,NA,1,1,1,21.136190436,0,6,0,2,2,9999,2501,2501,9999,21,15,1,8,0,5,5,0,0,0,0,0,0,0,75,72,0,0,0,0,0,0,0,75
5280,4,"5280-4",3,2,3,4,NA,NA,NA,NA,NA,NA,3,3,1,28.628666136,0,6,6,3,3,2758,2760,2758,2760,27,25,0,15,10,2,7,7,0,0,0,0,0,0,48,12,11,0,0,0,0,0,0,48
5280,5,"5280-5",3,2,3,4,NA,NA,NA,NA,NA,NA,3,3,1,28.628666136,0,6,0,3,3,2760,2758,2758,2760,48,27,1,15,10,2,7,7,0,0,0,0,0,0,48,12,11,0,0,0,0,0,0,48
5285,3,"5285-3",2,1,4,NA,NA,NA,NA,NA,NA,NA,3,2,2,17.35667632,0,9,9,2,2,2433,2435,2433,2435,31,28,0,16,55,1,7,0,0,0,0,0,0,0,45,10,0,0,0,0,0,0,0,45
5285,4,"5285-4",2,1,4,NA,NA,NA,NA,NA,NA,NA,3,2,2,17.35667632,0,9,0,2,2,2435,2433,2433,2435,48,31,1,16,55,1,7,0,0,0,0,0,0,0,45,10,0,0,0,0,0,0,0,45
5285,1,"5285-1",2,3,4,NA,NA,NA,NA,NA,NA,NA,2,1,1,17.7221758,0,3,3,2,2,2433,2430,2433,2430,24,8,0,6,30,6,7,0,0,0,0,0,0,0,18,10,0,0,0,0,0,0,0,18
5285,2,"5285-2",2,3,4,NA,NA,NA,NA,NA,NA,NA,2,1,1,17.7221758,0,3,0,2,2,2430,2433,2433,2430,29,24,1,6,30,6,7,0,0,0,0,0,0,0,18,10,0,0,0,0,0,0,0,18
5288,4,"5288-4",2,1,2,NA,NA,NA,NA,NA,NA,NA,1,4,1,135.8185328,1,5,5,2,2,27,419,27,417,17,17,0,11,7,4,2,0,0,0,0,0,0,0,44,24,0,0,0,0,0,0,0,44
5288,5,"5288-5",2,1,2,NA,NA,NA,NA,NA,NA,NA,1,4,1,135.8185328,0,5,5,2,2,419,417,27,417,19,17,0,11,7,4,2,0,0,0,0,0,0,0,44,24,0,0,0,0,0,0,0,44
5288,6,"5288-6",2,1,2,NA,NA,NA,NA,NA,NA,NA,1,4,1,135.8185328,0,5,0,2,2,417,27,27,417,25,19,1,11,7,4,2,0,0,0,0,0,0,0,44,24,0,0,0,0,0,0,0,44
5291,1,"5291-1",2,1,2,NA,NA,NA,NA,NA,NA,NA,1,1,1,770.169593483,0,7,7,2,2,917,844,917,844,14,12,0,8,45,5,5,0,0,0,0,0,0,0,79,80,0,0,0,0,0,0,0,80
5291,2,"5291-2",2,1,2,NA,NA,NA,NA,NA,NA,NA,1,1,1,770.169593483,0,7,0,2,2,844,917,917,844,16,14,1,8,45,5,5,0,0,0,0,0,0,0,79,80,0,0,0,0,0,0,0,80
5291,3,"5291-3",2,1,2,NA,NA,NA,NA,NA,NA,NA,1,2,2,770.169593483,0,7,7,2,2,917,9999,917,9999,21,16,0,10,55,5,5,0,0,0,0,0,0,0,79,80,0,0,0,0,0,0,0,80
5291,4,"5291-4",2,1,2,NA,NA,NA,NA,NA,NA,NA,1,2,2,770.169593483,0,7,0,2,2,9999,917,917,9999,27,21,1,10,55,5,5,0,0,0,0,0,0,0,79,80,0,0,0,0,0,0,0,80
5291,5,"5291-5",2,1,2,NA,NA,NA,NA,NA,NA,NA,1,3,3,770.169593483,0,9,9,2,2,917,873,917,873,30,27,0,16,25,5,5,0,0,0,0,0,0,0,79,80,0,0,0,0,0,0,0,80
5291,6,"5291-6",2,1,2,NA,NA,NA,NA,NA,NA,NA,1,3,3,770.169593483,1,9,7,2,2,873,897,917,873,32,30,1,16,25,5,5,0,0,0,0,0,0,0,79,80,0,0,0,0,0,0,0,80
5291,7,"5291-7",2,1,2,NA,NA,NA,NA,NA,NA,NA,1,3,3,770.169593483,0,9,0,2,2,897,917,917,873,48,32,1,16,25,5,5,0,0,0,0,0,0,0,79,80,0,0,0,0,0,0,0,80
5300,1,"5300-1",2,1,2,NA,NA,NA,NA,NA,NA,NA,3,1,1,69.5841297,0,7,7,2,2,1899,1835,1899,1835,33,31,0,18,0,4,6,0,0,0,0,0,0,0,62,18,0,0,0,0,0,0,0,62
5300,2,"5300-2",2,1,2,NA,NA,NA,NA,NA,NA,NA,3,1,1,69.5841297,0,7,0,2,2,1835,1899,1899,1835,48,33,1,18,0,4,6,0,0,0,0,0,0,0,62,18,0,0,0,0,0,0,0,62
5307,6,"5307-6",2,1,5,NA,NA,NA,NA,NA,NA,NA,3,3,1,31.6877216,0,4,4,3,3,2565,9999,2565,9999,32,29,0,17,3,4,7,0,0,0,0,0,0,0,36,6,0,0,0,0,0,0,0,36
5307,7,"5307-7",2,1,5,NA,NA,NA,NA,NA,NA,NA,3,3,1,31.6877216,0,4,0,3,3,9999,2565,2565,9999,48,32,1,17,3,4,7,0,0,0,0,0,0,0,36,6,0,0,0,0,0,0,0,36
5310,1,"5310-1",2,3,4,NA,NA,NA,NA,NA,NA,NA,2,1,1,21.9042137,0,3,3,9,9,2503,2498,2503,2498,24,9,0,7,0,6,7,0,0,0,0,0,0,0,18,15,0,0,0,0,0,0,0,18
5310,2,"5310-2",2,3,4,NA,NA,NA,NA,NA,NA,NA,2,1,1,21.9042137,0,3,0,9,9,2498,2503,2503,2498,48,24,1,7,0,6,7,0,0,0,0,0,0,0,18,15,0,0,0,0,0,0,0,18
5311,2,"5311-2",2,1,2,NA,NA,NA,NA,NA,NA,NA,3,2,1,32.012177104,0,9,9,2,2,2565,9999,2565,9999,36,32,0,18,31,1,7,0,0,0,0,0,0,0,45,15,0,0,0,0,0,0,0,45
5311,3,"5311-3",2,1,2,NA,NA,NA,NA,NA,NA,NA,3,2,1,32.012177104,0,9,0,2,2,9999,2565,2565,9999,48,36,1,18,31,1,7,0,0,0,0,0,0,0,45,15,0,0,0,0,0,0,0,45
5312,1,"5312-1",3,2,3,4,NA,NA,NA,NA,NA,NA,3,1,1,26.9517558,0,1,1,3,3,2503,9999,2503,9999,30,9,0,7,0,1,7,7,0,0,0,0,0,0,37,8,8,0,0,0,0,0,0,37
5312,2,"5312-2",3,2,3,4,NA,NA,NA,NA,NA,NA,3,1,1,26.9517558,0,1,0,3,3,9999,2503,2503,9999,48,30,1,7,0,1,7,7,0,0,0,0,0,0,37,8,8,0,0,0,0,0,0,37
5314,1,"5314-1",2,1,2,NA,NA,NA,NA,NA,NA,NA,1,1,0,20.672819055,0,NA,6,2,NA,2755,2721,NA,NA,19,15,0,NA,NA,2,4,0,0,0,0,0,0,0,62,60,0,0,0,0,0,0,0,62
5314,2,"5314-2",2,1,2,NA,NA,NA,NA,NA,NA,NA,1,1,0,20.672819055,0,NA,0,2,NA,2721,2755,NA,NA,48,19,1,NA,NA,2,4,0,0,0,0,0,0,0,62,60,0,0,0,0,0,0,0,62
5319,1,"5319-1",2,1,2,NA,NA,NA,NA,NA,NA,NA,1,1,1,18.2402027,0,7,7,2,2,2448,2417,2448,2417,36,34,0,19,32,4,1,0,0,0,0,0,0,0,59,61,0,0,0,0,0,0,0,61
5319,2,"5319-2",2,1,2,NA,NA,NA,NA,NA,NA,NA,1,1,1,18.2402027,0,7,0,2,2,2417,2448,2448,2417,48,36,1,19,32,4,1,0,0,0,0,0,0,0,59,61,0,0,0,0,0,0,0,61
5336,1,"5336-1",2,1,2,NA,NA,NA,NA,NA,NA,NA,3,2,1,113.446135068,1,5,5,2,2,384,166,384,1744,35,33,0,19,0,1,7,0,0,0,0,0,0,0,37,7,0,0,0,0,0,0,0,37
5336,2,"5336-2",2,1,2,NA,NA,NA,NA,NA,NA,NA,3,2,1,113.446135068,0,5,5,2,2,166,1744,384,1744,38,35,0,19,0,1,7,0,0,0,0,0,0,0,37,7,0,0,0,0,0,0,0,37
5336,3,"5336-3",2,1,2,NA,NA,NA,NA,NA,NA,NA,3,2,1,113.446135068,0,5,0,2,2,1744,384,384,1744,48,38,1,19,0,1,7,0,0,0,0,0,0,0,37,7,0,0,0,0,0,0,0,37
5345,1,"5345-1",2,1,3,NA,NA,NA,NA,NA,NA,NA,1,1,1,1244.7793656,0,2,2,3,3,1895,1835,1895,1835,14,12,0,8,55,3,3,0,0,0,0,0,0,0,57,21,0,0,0,0,0,0,0,57
5345,2,"5345-2",2,1,3,NA,NA,NA,NA,NA,NA,NA,1,1,1,1244.7793656,0,2,0,3,3,1835,1895,1895,1835,48,14,1,8,55,3,3,0,0,0,0,0,0,0,57,21,0,0,0,0,0,0,0,57
5347,1,"5347-1",2,2,4,NA,NA,NA,NA,NA,NA,NA,3,1,1,26.7867479,0,9,9,2,2,2503,2498,2503,2498,14,12,0,8,30,4,8,0,0,0,0,0,0,0,34,2,0,0,0,0,0,0,0,34
5347,2,"5347-2",2,2,4,NA,NA,NA,NA,NA,NA,NA,3,1,1,26.7867479,1,9,6,2,2,2498,2499,2503,2498,14,14,1,8,30,4,8,0,0,0,0,0,0,0,34,2,0,0,0,0,0,0,0,34
5347,3,"5347-3",2,2,4,NA,NA,NA,NA,NA,NA,NA,3,1,1,26.7867479,0,9,0,2,2,2499,2503,2503,2498,17,14,1,8,30,4,8,0,0,0,0,0,0,0,34,2,0,0,0,0,0,0,0,34
5347,4,"5347-4",2,2,4,NA,NA,NA,NA,NA,NA,NA,3,2,2,26.7867479,0,8,8,2,2,2503,2508,2503,2508,19,17,0,11,0,4,8,0,0,0,0,0,0,0,34,2,0,0,0,0,0,0,0,34
5347,5,"5347-5",2,2,4,NA,NA,NA,NA,NA,NA,NA,3,2,2,26.7867479,0,8,0,2,2,2508,2503,2503,2508,48,19,1,11,0,4,8,0,0,0,0,0,0,0,34,2,0,0,0,0,0,0,0,34
5355,1,"5355-1",2,1,2,NA,NA,NA,NA,NA,NA,NA,1,1,1,70.564225108,0,5,5,3,3,501,527,501,527,17,15,0,10,15,5,4,0,0,0,0,0,0,0,67,62,0,0,0,0,0,0,0,67
5355,2,"5355-2",2,1,2,NA,NA,NA,NA,NA,NA,NA,1,1,1,70.564225108,0,5,0,3,3,527,501,501,527,27,17,1,10,15,5,4,0,0,0,0,0,0,0,67,62,0,0,0,0,0,0,0,67
5356,1,"5356-1",2,1,2,NA,NA,NA,NA,NA,NA,NA,1,2,1,27.493924904,0,9,9,2,2,2570,2569,2570,2569,35,30,0,17,50,1,4,0,0,0,0,0,0,0,57,51,0,0,0,0,0,0,0,57
5356,2,"5356-2",2,1,2,NA,NA,NA,NA,NA,NA,NA,1,2,1,27.493924904,0,9,0,2,2,2569,2570,2570,2569,37,35,1,17,50,1,4,0,0,0,0,0,0,0,57,51,0,0,0,0,0,0,0,57
5359,1,"5359-1",2,1,2,NA,NA,NA,NA,NA,NA,NA,1,1,1,106.097663867,1,9,4,4,4,814,814,814,806,13,12,0,8,30,5,5,0,0,0,0,0,0,0,69,71,0,0,0,0,0,0,0,71
5359,2,"5359-2",2,1,2,NA,NA,NA,NA,NA,NA,NA,1,1,1,106.097663867,0,9,9,4,4,814,806,814,806,15,13,0,8,30,5,5,0,0,0,0,0,0,0,69,71,0,0,0,0,0,0,0,71
5359,3,"5359-3",2,1,2,NA,NA,NA,NA,NA,NA,NA,1,1,1,106.097663867,0,9,0,4,4,806,814,814,806,21,15,1,8,30,5,5,0,0,0,0,0,0,0,69,71,0,0,0,0,0,0,0,71
5359,4,"5359-4",2,1,2,NA,NA,NA,NA,NA,NA,NA,1,2,2,106.097663867,1,5,5,2,2,814,801,814,801,21,21,0,13,0,5,5,0,0,0,0,0,0,0,69,71,0,0,0,0,0,0,0,71
5359,5,"5359-5",2,1,2,NA,NA,NA,NA,NA,NA,NA,1,2,2,106.097663867,0,5,5,4,2,801,801,814,801,23,21,0,13,0,5,5,0,0,0,0,0,0,0,69,71,0,0,0,0,0,0,0,71
5359,6,"5359-6",2,1,2,NA,NA,NA,NA,NA,NA,NA,1,2,2,106.097663867,0,5,0,2,2,801,814,814,801,48,23,1,13,0,5,5,0,0,0,0,0,0,0,69,71,0,0,0,0,0,0,0,71
5362,5,"5362-5",2,1,2,NA,NA,NA,NA,NA,NA,NA,3,2,1,118.01033104,0,6,6,3,3,715,527,715,527,34,32,0,18,37,1,6,0,0,0,0,0,0,0,50,17,0,0,0,0,0,0,0,50
5362,6,"5362-6",2,1,2,NA,NA,NA,NA,NA,NA,NA,3,2,1,118.01033104,1,6,5,3,3,527,538,715,527,35,34,1,18,37,1,6,0,0,0,0,0,0,0,50,17,0,0,0,0,0,0,0,50
5362,7,"5362-7",2,1,2,NA,NA,NA,NA,NA,NA,NA,3,2,1,118.01033104,1,6,5,3,3,538,535,715,527,36,35,1,18,37,1,6,0,0,0,0,0,0,0,50,17,0,0,0,0,0,0,0,50
5362,8,"5362-8",2,1,2,NA,NA,NA,NA,NA,NA,NA,3,2,1,118.01033104,1,6,7,3,3,535,647,715,527,37,36,1,18,37,1,6,0,0,0,0,0,0,0,50,17,0,0,0,0,0,0,0,50
5362,9,"5362-9",2,1,2,NA,NA,NA,NA,NA,NA,NA,3,2,1,118.01033104,0,6,0,3,3,647,715,715,527,48,37,1,18,37,1,6,0,0,0,0,0,0,0,50,17,0,0,0,0,0,0,0,50
5363,1,"5363-1",2,1,2,NA,NA,NA,NA,NA,NA,NA,1,2,1,18.2402027,0,7,7,2,2,2448,2494,2448,2494,30,28,0,16,30,4,2,0,0,0,0,0,0,0,61,63,0,0,0,0,0,0,0,63
5363,2,"5363-2",2,1,2,NA,NA,NA,NA,NA,NA,NA,1,2,1,18.2402027,0,7,0,2,2,2494,2448,2448,2494,48,30,1,16,30,4,2,0,0,0,0,0,0,0,61,63,0,0,0,0,0,0,0,63
5370,2,"5370-2",2,1,4,NA,NA,NA,NA,NA,NA,NA,3,2,1,363.50736778,0,5,5,2,2,2630,2669,2630,2669,17,15,0,10,15,1,8,0,0,0,0,0,0,0,37,2,0,0,0,0,0,0,0,37
5370,3,"5370-3",2,1,4,NA,NA,NA,NA,NA,NA,NA,3,2,1,363.50736778,0,5,0,2,2,2669,2630,2630,2669,20,17,1,10,15,1,8,0,0,0,0,0,0,0,37,2,0,0,0,0,0,0,0,37
5373,1,"5373-1",2,1,2,NA,NA,NA,NA,NA,NA,NA,1,1,1,47.3123263,1,6,5,2,2,2432,2436,2432,2426,24,24,0,14,30,2,1,0,0,0,0,0,0,0,31,32,0,0,0,0,0,0,0,32
5373,2,"5373-2",2,1,2,NA,NA,NA,NA,NA,NA,NA,1,1,1,47.3123263,1,6,5,2,2,2436,2436,2432,2426,24,24,0,14,30,2,1,0,0,0,0,0,0,0,31,32,0,0,0,0,0,0,0,32
5373,3,"5373-3",2,1,2,NA,NA,NA,NA,NA,NA,NA,1,1,1,47.3123263,0,6,6,2,2,2436,2426,2432,2426,25,24,0,14,30,2,1,0,0,0,0,0,0,0,31,32,0,0,0,0,0,0,0,32
5373,4,"5373-4",2,1,2,NA,NA,NA,NA,NA,NA,NA,1,1,1,47.3123263,1,6,6,2,2,2426,2429,2432,2426,26,25,1,14,30,2,1,0,0,0,0,0,0,0,31,32,0,0,0,0,0,0,0,32
5373,5,"5373-5",2,1,2,NA,NA,NA,NA,NA,NA,NA,1,1,1,47.3123263,0,6,0,2,2,2429,2432,2432,2426,48,26,1,14,30,2,1,0,0,0,0,0,0,0,31,32,0,0,0,0,0,0,0,32
5379,1,"5379-1",2,1,2,NA,NA,NA,NA,NA,NA,NA,1,1,1,37.741331145,0,1,1,2,2,2788,9999,2788,9999,30,8,0,6,59,1,1,0,0,0,0,0,0,0,24,25,0,0,0,0,0,0,0,25
5379,2,"5379-2",2,1,2,NA,NA,NA,NA,NA,NA,NA,1,1,1,37.741331145,0,1,0,2,2,9999,2788,2788,9999,48,30,1,6,59,1,1,0,0,0,0,0,0,0,24,25,0,0,0,0,0,0,0,25
5388,1,"5388-1",2,1,2,NA,NA,NA,NA,NA,NA,NA,1,1,1,103.604435799,0,9,9,2,2,437,439,437,439,18,14,0,9,30,5,5,0,0,0,0,0,0,0,77,75,0,0,0,0,0,0,0,77
5388,2,"5388-2",2,1,2,NA,NA,NA,NA,NA,NA,NA,1,1,1,103.604435799,1,9,6,2,2,439,459,437,439,19,18,1,9,30,5,5,0,0,0,0,0,0,0,77,75,0,0,0,0,0,0,0,77
5388,3,"5388-3",2,1,2,NA,NA,NA,NA,NA,NA,NA,1,1,1,103.604435799,0,9,0,2,2,459,437,437,439,48,19,1,9,30,5,5,0,0,0,0,0,0,0,77,75,0,0,0,0,0,0,0,77
5399,1,"5399-1",2,1,2,NA,NA,NA,NA,NA,NA,NA,1,4,1,17.105608165,0,7,7,2,2,2633,2605,2633,2605,23,22,0,13,32,5,5,0,0,0,0,0,0,0,72,67,0,0,0,0,0,0,0,72
5399,2,"5399-2",2,1,2,NA,NA,NA,NA,NA,NA,NA,1,4,1,17.105608165,1,7,9,2,2,2605,2664,2633,2605,24,23,1,13,32,5,5,0,0,0,0,0,0,0,72,67,0,0,0,0,0,0,0,72
5399,3,"5399-3",2,1,2,NA,NA,NA,NA,NA,NA,NA,1,4,1,17.105608165,0,7,0,2,2,2664,2633,2633,2605,32,24,1,13,32,5,5,0,0,0,0,0,0,0,72,67,0,0,0,0,0,0,0,72
5403,2,"5403-2",2,1,2,NA,NA,NA,NA,NA,NA,NA,1,3,1,17.105608165,0,7,7,3,3,2566,9999,2566,9999,34,32,0,18,41,5,5,0,0,0,0,0,0,0,71,67,0,0,0,0,0,0,0,71
5403,3,"5403-3",2,1,2,NA,NA,NA,NA,NA,NA,NA,1,3,1,17.105608165,1,7,5,3,3,9999,9999,2566,9999,35,34,1,18,41,5,5,0,0,0,0,0,0,0,71,67,0,0,0,0,0,0,0,71
5403,4,"5403-4",2,1,2,NA,NA,NA,NA,NA,NA,NA,1,3,1,17.105608165,0,7,0,3,3,9999,2566,2566,9999,48,35,1,18,41,5,5,0,0,0,0,0,0,0,71,67,0,0,0,0,0,0,0,71
5411,1,"5411-1",2,1,2,NA,NA,NA,NA,NA,NA,NA,1,1,1,24.4582489,1,5,6,3,3,2449,2434,2449,2432,15,14,0,9,30,4,5,0,0,0,0,0,0,0,40,70,0,0,0,0,0,0,0,70
5411,2,"5411-2",2,1,2,NA,NA,NA,NA,NA,NA,NA,1,1,1,24.4582489,0,5,5,3,3,2434,2432,2449,2432,17,15,0,9,30,4,5,0,0,0,0,0,0,0,40,70,0,0,0,0,0,0,0,70
5411,3,"5411-3",2,1,2,NA,NA,NA,NA,NA,NA,NA,1,1,1,24.4582489,1,5,6,3,3,2432,2432,2449,2432,17,17,1,9,30,4,5,0,0,0,0,0,0,0,40,70,0,0,0,0,0,0,0,70
5411,4,"5411-4",2,1,2,NA,NA,NA,NA,NA,NA,NA,1,1,1,24.4582489,1,5,5,3,3,2432,2434,2449,2432,18,17,1,9,30,4,5,0,0,0,0,0,0,0,40,70,0,0,0,0,0,0,0,70
5411,5,"5411-5",2,1,2,NA,NA,NA,NA,NA,NA,NA,1,1,1,24.4582489,0,5,0,3,3,2434,2449,2449,2432,48,18,1,9,30,4,5,0,0,0,0,0,0,0,40,70,0,0,0,0,0,0,0,70
5416,3,"5416-3",2,1,3,NA,NA,NA,NA,NA,NA,NA,3,2,1,113.147143444,0,4,4,2,2,1605,1573,1605,1573,35,30,0,17,45,1,7,0,0,0,0,0,0,0,46,10,0,0,0,0,0,0,0,46
5416,4,"5416-4",2,1,3,NA,NA,NA,NA,NA,NA,NA,3,2,1,113.147143444,0,4,0,2,2,1573,1605,1605,1573,48,35,1,17,45,1,7,0,0,0,0,0,0,0,46,10,0,0,0,0,0,0,0,46
5424,1,"5424-1",2,1,2,NA,NA,NA,NA,NA,NA,NA,1,2,1,29.500685192,0,5,5,2,2,1235,1308,1235,1308,27,25,0,15,18,5,5,0,0,0,0,0,0,0,69,77,0,0,0,0,0,0,0,77
5424,2,"5424-2",2,1,2,NA,NA,NA,NA,NA,NA,NA,1,2,1,29.500685192,0,5,0,2,2,1308,1235,1235,1308,48,27,1,15,18,5,5,0,0,0,0,0,0,0,69,77,0,0,0,0,0,0,0,77
5426,1,"5426-1",2,1,3,NA,NA,NA,NA,NA,NA,NA,3,3,1,28.9829716,1,7,5,3,3,2448,2444,2448,2432,30,29,0,17,16,1,7,0,0,0,0,0,0,0,37,12,0,0,0,0,0,0,0,37
5426,2,"5426-2",2,1,3,NA,NA,NA,NA,NA,NA,NA,3,3,1,28.9829716,0,7,7,3,3,2444,2432,2448,2432,34,30,0,17,16,1,7,0,0,0,0,0,0,0,37,12,0,0,0,0,0,0,0,37
5426,3,"5426-3",2,1,3,NA,NA,NA,NA,NA,NA,NA,3,3,1,28.9829716,1,7,5,3,3,2432,2424,2448,2432,35,34,1,17,16,1,7,0,0,0,0,0,0,0,37,12,0,0,0,0,0,0,0,37
5426,4,"5426-4",2,1,3,NA,NA,NA,NA,NA,NA,NA,3,3,1,28.9829716,0,7,0,3,3,2424,2448,2448,2432,48,35,1,17,16,1,7,0,0,0,0,0,0,0,37,12,0,0,0,0,0,0,0,37
5428,1,"5428-1",2,1,2,NA,NA,NA,NA,NA,NA,NA,1,1,0,42.219483935,0,NA,9,3,NA,1955,1951,NA,NA,21,15,0,NA,NA,4,4,0,0,0,0,0,0,0,61,62,0,0,0,0,0,0,0,62
5428,2,"5428-2",2,1,2,NA,NA,NA,NA,NA,NA,NA,1,1,0,42.219483935,0,NA,0,3,NA,1951,1955,NA,NA,25,21,1,NA,NA,4,4,0,0,0,0,0,0,0,61,62,0,0,0,0,0,0,0,62
5433,1,"5433-1",2,1,2,NA,NA,NA,NA,NA,NA,NA,1,1,1,229.88010232,0,8,8,3,3,333,1274,333,1274,27,22,0,13,30,2,4,0,0,0,0,0,0,0,51,47,0,0,0,0,0,0,0,51
5433,2,"5433-2",2,1,2,NA,NA,NA,NA,NA,NA,NA,1,1,1,229.88010232,0,8,0,3,3,1274,333,333,1274,48,27,1,13,30,2,4,0,0,0,0,0,0,0,51,47,0,0,0,0,0,0,0,51
5434,1,"5434-1",2,1,2,NA,NA,NA,NA,NA,NA,NA,1,1,1,34.706561,0,5,5,2,2,2448,2449,2448,2449,16,16,0,10,30,4,4,0,0,0,0,0,0,0,30,55,0,0,0,0,0,0,0,55
5434,2,"5434-2",2,1,2,NA,NA,NA,NA,NA,NA,NA,1,1,1,34.706561,0,5,0,2,2,2449,2448,2448,2449,22,16,1,10,30,4,4,0,0,0,0,0,0,0,30,55,0,0,0,0,0,0,0,55
5439,1,"5439-1",2,1,2,NA,NA,NA,NA,NA,NA,NA,1,2,1,753.703190748,0,5,5,2,2,1859,1774,1859,1774,25,22,0,13,30,5,5,0,0,0,0,0,0,0,67,93,0,0,0,0,0,0,0,93
5439,2,"5439-2",2,1,2,NA,NA,NA,NA,NA,NA,NA,1,2,1,753.703190748,0,5,0,2,2,1774,1859,1859,1774,48,25,1,13,30,5,5,0,0,0,0,0,0,0,67,93,0,0,0,0,0,0,0,93
5442,1,"5442-1",2,2,4,NA,NA,NA,NA,NA,NA,NA,1,1,1,25.91387883,1,5,5,2,2,2766,2765,2766,2721,25,23,0,14,5,1,3,0,0,0,0,0,0,0,48,19,0,0,0,0,0,0,0,48
5442,2,"5442-2",2,2,4,NA,NA,NA,NA,NA,NA,NA,1,1,1,25.91387883,0,5,5,2,2,2765,2721,2766,2721,27,25,0,14,5,1,3,0,0,0,0,0,0,0,48,19,0,0,0,0,0,0,0,48
5442,3,"5442-3",2,2,4,NA,NA,NA,NA,NA,NA,NA,1,1,1,25.91387883,0,5,0,2,2,2721,2766,2766,2721,48,27,1,14,5,1,3,0,0,0,0,0,0,0,48,19,0,0,0,0,0,0,0,48
5443,1,"5443-1",2,1,2,NA,NA,NA,NA,NA,NA,NA,1,1,1,10.9361913,0,8,8,2,2,2448,2494,2448,2494,21,17,0,11,0,4,5,0,0,0,0,0,0,0,59,65,0,0,0,0,0,0,0,65
5443,2,"5443-2",2,1,2,NA,NA,NA,NA,NA,NA,NA,1,1,1,10.9361913,0,8,0,2,2,2494,2448,2448,2494,48,21,1,11,0,4,5,0,0,0,0,0,0,0,59,65,0,0,0,0,0,0,0,65
5448,3,"5448-3",2,1,2,NA,NA,NA,NA,NA,NA,NA,1,2,1,137.104456752,0,5,5,2,2,806,804,806,804,29,29,0,17,0,1,4,0,0,0,0,0,0,0,48,44,0,0,0,0,0,0,0,48
5448,4,"5448-4",2,1,2,NA,NA,NA,NA,NA,NA,NA,1,2,1,137.104456752,0,5,0,2,2,804,806,806,804,48,29,1,17,0,1,4,0,0,0,0,0,0,0,48,44,0,0,0,0,0,0,0,48
5457,1,"5457-1",2,1,2,NA,NA,NA,NA,NA,NA,NA,1,2,1,21.7600108,0,5,5,2,2,2424,2427,2424,2427,23,23,0,14,0,4,4,0,0,0,0,0,0,0,50,33,0,0,0,0,0,0,0,50
5457,2,"5457-2",2,1,2,NA,NA,NA,NA,NA,NA,NA,1,2,1,21.7600108,0,5,0,2,2,2427,2424,2424,2427,27,23,1,14,0,4,4,0,0,0,0,0,0,0,50,33,0,0,0,0,0,0,0,50
5464,5,"5464-5",2,1,2,NA,NA,NA,NA,NA,NA,NA,1,4,1,128.0059531,1,6,6,2,2,2659,2639,2659,2682,34,33,0,19,21,4,4,0,0,0,0,0,0,0,52,56,0,0,0,0,0,0,0,56
5464,6,"5464-6",2,1,2,NA,NA,NA,NA,NA,NA,NA,1,4,1,128.0059531,0,6,6,2,2,2639,2682,2659,2682,35,34,0,19,21,4,4,0,0,0,0,0,0,0,52,56,0,0,0,0,0,0,0,56
5464,7,"5464-7",2,1,2,NA,NA,NA,NA,NA,NA,NA,1,4,1,128.0059531,1,6,5,2,2,2682,2686,2659,2682,35,35,1,19,21,4,4,0,0,0,0,0,0,0,52,56,0,0,0,0,0,0,0,56
5464,8,"5464-8",2,1,2,NA,NA,NA,NA,NA,NA,NA,1,4,1,128.0059531,1,6,7,2,2,2686,2639,2659,2682,36,35,1,19,21,4,4,0,0,0,0,0,0,0,52,56,0,0,0,0,0,0,0,56
5464,9,"5464-9",2,1,2,NA,NA,NA,NA,NA,NA,NA,1,4,1,128.0059531,0,6,0,2,2,2639,2659,2659,2682,48,36,1,19,21,4,4,0,0,0,0,0,0,0,52,56,0,0,0,0,0,0,0,56
5469,1,"5469-1",2,1,2,NA,NA,NA,NA,NA,NA,NA,1,1,1,38.7334715,0,6,6,2,2,1836,1921,1836,1921,27,24,0,14,39,4,5,0,0,0,0,0,0,0,64,88,0,0,0,0,0,0,0,88
5469,2,"5469-2",2,1,2,NA,NA,NA,NA,NA,NA,NA,1,1,1,38.7334715,1,6,6,2,2,1921,1836,1836,1921,27,27,1,14,39,4,5,0,0,0,0,0,0,0,64,88,0,0,0,0,0,0,0,88
5469,3,"5469-3",2,1,2,NA,NA,NA,NA,NA,NA,NA,1,1,1,38.7334715,1,6,6,2,2,1836,1836,1836,1921,28,27,1,14,39,4,5,0,0,0,0,0,0,0,64,88,0,0,0,0,0,0,0,88
5469,4,"5469-4",2,1,2,NA,NA,NA,NA,NA,NA,NA,1,1,1,38.7334715,0,6,0,2,2,1836,1836,1836,1921,48,28,1,14,39,4,5,0,0,0,0,0,0,0,64,88,0,0,0,0,0,0,0,88
5474,1,"5474-1",2,3,4,NA,NA,NA,NA,NA,NA,NA,1,1,1,67.9259079,1,5,8,2,2,1182,2152,1182,1182,34,9,0,7,3,3,3,0,0,0,0,0,0,0,23,21,0,0,0,0,0,0,0,23
5474,2,"5474-2",2,3,4,NA,NA,NA,NA,NA,NA,NA,1,1,1,67.9259079,0,5,5,2,2,2152,1182,1182,1182,39,34,0,7,3,3,3,0,0,0,0,0,0,0,23,21,0,0,0,0,0,0,0,23
5474,3,"5474-3",2,3,4,NA,NA,NA,NA,NA,NA,NA,1,1,1,67.9259079,0,5,0,2,2,1182,1182,1182,1182,48,39,1,7,3,3,3,0,0,0,0,0,0,0,23,21,0,0,0,0,0,0,0,23
5476,1,"5476-1",2,1,2,NA,NA,NA,NA,NA,NA,NA,1,1,1,113.040445245,1,5,6,2,2,1016,1023,1016,1154,16,16,0,10,35,4,5,0,0,0,0,0,0,0,64,91,0,0,0,0,0,0,0,91
5476,2,"5476-2",2,1,2,NA,NA,NA,NA,NA,NA,NA,1,1,1,113.040445245,0,5,5,2,2,1023,1154,1016,1154,19,16,0,10,35,4,5,0,0,0,0,0,0,0,64,91,0,0,0,0,0,0,0,91
5476,3,"5476-3",2,1,2,NA,NA,NA,NA,NA,NA,NA,1,1,1,113.040445245,1,5,5,2,2,1154,1698,1016,1154,20,19,1,10,35,4,5,0,0,0,0,0,0,0,64,91,0,0,0,0,0,0,0,91
5476,4,"5476-4",2,1,2,NA,NA,NA,NA,NA,NA,NA,1,1,1,113.040445245,0,5,0,2,2,1698,1016,1016,1154,48,20,1,10,35,4,5,0,0,0,0,0,0,0,64,91,0,0,0,0,0,0,0,91
5478,1,"5478-1",2,1,2,NA,NA,NA,NA,NA,NA,NA,1,1,1,37.084466,0,6,6,2,2,2570,9999,2570,9999,15,13,0,9,15,4,4,0,0,0,0,0,0,0,57,55,0,0,0,0,0,0,0,57
5478,2,"5478-2",2,1,2,NA,NA,NA,NA,NA,NA,NA,1,1,1,37.084466,1,6,6,2,2,9999,9999,2570,9999,16,15,1,9,15,4,4,0,0,0,0,0,0,0,57,55,0,0,0,0,0,0,0,57
5478,3,"5478-3",2,1,2,NA,NA,NA,NA,NA,NA,NA,1,1,1,37.084466,0,6,0,2,2,9999,2570,2570,9999,48,16,1,9,15,4,4,0,0,0,0,0,0,0,57,55,0,0,0,0,0,0,0,57
5483,4,"5483-4",2,1,2,NA,NA,NA,NA,NA,NA,NA,1,4,2,61.785839535,0,6,6,2,2,1034,1033,1034,1033,36,32,0,18,55,1,1,0,0,0,0,0,0,0,60,55,0,0,0,0,0,0,0,60
5483,5,"5483-5",2,1,2,NA,NA,NA,NA,NA,NA,NA,1,4,2,61.785839535,0,6,0,2,2,1033,1034,1034,1033,48,36,1,18,55,1,1,0,0,0,0,0,0,0,60,55,0,0,0,0,0,0,0,60
5483,1,"5483-1",2,3,4,NA,NA,NA,NA,NA,NA,NA,1,1,1,121.9451004,0,9,9,2,2,1034,970,1034,970,15,13,0,9,0,3,3,0,0,0,0,0,0,0,21,18,0,0,0,0,0,0,0,21
5483,2,"5483-2",2,3,4,NA,NA,NA,NA,NA,NA,NA,1,1,1,121.9451004,1,9,6,2,2,970,970,1034,970,15,15,1,9,0,3,3,0,0,0,0,0,0,0,21,18,0,0,0,0,0,0,0,21
5483,3,"5483-3",2,3,4,NA,NA,NA,NA,NA,NA,NA,1,1,1,121.9451004,0,9,0,2,2,970,1034,1034,970,21,15,1,9,0,3,3,0,0,0,0,0,0,0,21,18,0,0,0,0,0,0,0,21
5497,1,"5497-1",2,1,2,NA,NA,NA,NA,NA,NA,NA,1,1,1,213.1238636,0,4,4,3,3,412,416,412,416,11,11,0,8,0,4,4,0,0,0,0,0,0,0,50,51,0,0,0,0,0,0,0,51
5497,2,"5497-2",2,1,2,NA,NA,NA,NA,NA,NA,NA,1,1,1,213.1238636,0,4,0,3,3,416,412,412,416,15,11,1,8,0,4,4,0,0,0,0,0,0,0,50,51,0,0,0,0,0,0,0,51
5502,3,"5502-3",2,2,3,NA,NA,NA,NA,NA,NA,NA,2,1,1,179.3794173,0,3,0,9,9,306,328,328,306,48,25,1,6,5,7,7,0,0,0,0,0,0,0,15,14,0,0,0,0,0,0,0,15
5504,1,"5504-1",2,1,3,NA,NA,NA,NA,NA,NA,NA,1,2,1,276.1857478,0,9,9,2,2,1848,1772,1848,1772,37,34,0,19,34,5,2,0,0,0,0,0,0,0,88,65,0,0,0,0,0,0,0,88
5504,2,"5504-2",2,1,3,NA,NA,NA,NA,NA,NA,NA,1,2,1,276.1857478,0,9,0,2,2,1772,1848,1848,1772,48,37,1,19,34,5,2,0,0,0,0,0,0,0,88,65,0,0,0,0,0,0,0,88
5507,1,"5507-1",3,2,3,4,NA,NA,NA,NA,NA,NA,3,1,1,124.149764092,0,5,5,3,3,1433,1432,1433,1432,16,15,0,10,0,1,8,8,0,0,0,0,0,0,30,1,0,0,0,0,0,0,0,30
5507,2,"5507-2",3,2,3,4,NA,NA,NA,NA,NA,NA,3,1,1,124.149764092,1,5,7,3,3,1432,1432,1433,1432,16,16,1,10,0,1,8,8,0,0,0,0,0,0,30,1,0,0,0,0,0,0,0,30
5507,3,"5507-3",3,2,3,4,NA,NA,NA,NA,NA,NA,3,1,1,124.149764092,0,5,0,3,3,1432,1433,1433,1432,48,16,1,10,0,1,8,8,0,0,0,0,0,0,30,1,0,0,0,0,0,0,0,30
5508,1,"5508-1",2,1,2,NA,NA,NA,NA,NA,NA,NA,1,2,1,70.795275024,0,9,9,3,3,328,209,328,209,37,29,0,17,15,5,5,0,0,0,0,0,0,0,67,69,0,0,0,0,0,0,0,69
5508,2,"5508-2",2,1,2,NA,NA,NA,NA,NA,NA,NA,1,2,1,70.795275024,0,9,0,3,3,209,328,328,209,48,37,1,17,15,5,5,0,0,0,0,0,0,0,67,69,0,0,0,0,0,0,0,69
5510,1,"5510-1",3,1,2,3,NA,NA,NA,NA,NA,NA,3,1,1,20.0957963,0,5,5,3,3,2501,2482,2501,2482,15,11,0,8,0,4,1,7,0,0,0,0,0,0,40,40,8,0,0,0,0,0,0,40
5510,2,"5510-2",3,1,2,3,NA,NA,NA,NA,NA,NA,3,1,1,20.0957963,0,5,0,3,3,2482,2501,2501,2482,48,15,1,8,0,4,1,7,0,0,0,0,0,0,40,40,8,0,0,0,0,0,0,40
5520,2,"5520-2",2,1,2,NA,NA,NA,NA,NA,NA,NA,1,2,1,87.704686132,0,6,6,2,2,246,642,246,642,17,12,0,8,50,5,5,0,0,0,0,0,0,0,72,71,0,0,0,0,0,0,0,72
5520,3,"5520-3",2,1,2,NA,NA,NA,NA,NA,NA,NA,1,2,1,87.704686132,1,6,7,2,2,642,560,246,642,18,17,1,8,50,5,5,0,0,0,0,0,0,0,72,71,0,0,0,0,0,0,0,72
5520,4,"5520-4",2,1,2,NA,NA,NA,NA,NA,NA,NA,1,2,1,87.704686132,1,6,6,2,2,560,555,246,642,20,18,1,8,50,5,5,0,0,0,0,0,0,0,72,71,0,0,0,0,0,0,0,72
5520,5,"5520-5",2,1,2,NA,NA,NA,NA,NA,NA,NA,1,2,1,87.704686132,1,6,6,2,2,555,455,246,642,25,20,1,8,50,5,5,0,0,0,0,0,0,0,72,71,0,0,0,0,0,0,0,72
5520,6,"5520-6",2,1,2,NA,NA,NA,NA,NA,NA,NA,1,2,1,87.704686132,0,6,0,2,2,455,246,246,642,31,25,1,8,50,5,5,0,0,0,0,0,0,0,72,71,0,0,0,0,0,0,0,72
5523,1,"5523-1",2,1,2,NA,NA,NA,NA,NA,NA,NA,1,1,1,21.136190436,0,8,8,2,2,2501,9999,2501,9999,27,18,0,11,30,5,5,0,0,0,0,0,0,0,84,82,0,0,0,0,0,0,0,84
5523,2,"5523-2",2,1,2,NA,NA,NA,NA,NA,NA,NA,1,1,1,21.136190436,1,8,6,2,2,9999,9999,2501,9999,28,27,1,11,30,5,5,0,0,0,0,0,0,0,84,82,0,0,0,0,0,0,0,84
5523,3,"5523-3",2,1,2,NA,NA,NA,NA,NA,NA,NA,1,1,1,21.136190436,0,8,0,2,2,9999,2501,2501,9999,48,28,1,11,30,5,5,0,0,0,0,0,0,0,84,82,0,0,0,0,0,0,0,84
5524,1,"5524-1",2,1,2,NA,NA,NA,NA,NA,NA,NA,1,1,1,97.6815977,1,6,6,2,2,374,443,374,392,14,13,0,9,15,4,4,0,0,0,0,0,0,0,52,52,0,0,0,0,0,0,0,52
5524,2,"5524-2",2,1,2,NA,NA,NA,NA,NA,NA,NA,1,1,1,97.6815977,1,6,6,2,2,443,374,374,392,15,14,0,9,15,4,4,0,0,0,0,0,0,0,52,52,0,0,0,0,0,0,0,52
5524,3,"5524-3",2,1,2,NA,NA,NA,NA,NA,NA,NA,1,1,1,97.6815977,0,6,6,2,2,374,392,374,392,17,15,0,9,15,4,4,0,0,0,0,0,0,0,52,52,0,0,0,0,0,0,0,52
5524,4,"5524-4",2,1,2,NA,NA,NA,NA,NA,NA,NA,1,1,1,97.6815977,0,6,0,2,2,392,374,374,392,48,17,1,9,15,4,4,0,0,0,0,0,0,0,52,52,0,0,0,0,0,0,0,52
5526,1,"5526-1",2,1,2,NA,NA,NA,NA,NA,NA,NA,1,2,1,61.118486835,1,5,6,2,2,806,803,806,792,25,25,0,15,5,1,4,0,0,0,0,0,0,0,58,62,0,0,0,0,0,0,0,62
5526,2,"5526-2",2,1,2,NA,NA,NA,NA,NA,NA,NA,1,2,1,61.118486835,1,5,5,2,2,803,814,806,792,26,25,0,15,5,1,4,0,0,0,0,0,0,0,58,62,0,0,0,0,0,0,0,62
5526,3,"5526-3",2,1,2,NA,NA,NA,NA,NA,NA,NA,1,2,1,61.118486835,1,5,7,4,2,814,814,806,792,28,26,0,15,5,1,4,0,0,0,0,0,0,0,58,62,0,0,0,0,0,0,0,62
5526,4,"5526-4",2,1,2,NA,NA,NA,NA,NA,NA,NA,1,2,1,61.118486835,0,5,5,2,2,814,792,806,792,29,28,0,15,5,1,4,0,0,0,0,0,0,0,58,62,0,0,0,0,0,0,0,62
5526,5,"5526-5",2,1,2,NA,NA,NA,NA,NA,NA,NA,1,2,1,61.118486835,0,5,0,2,2,792,806,806,792,48,29,1,15,5,1,4,0,0,0,0,0,0,0,58,62,0,0,0,0,0,0,0,62
5527,1,"5527-1",2,1,2,NA,NA,NA,NA,NA,NA,NA,1,1,1,17.4863658,0,6,6,2,2,2478,2476,2478,2476,15,15,0,10,18,2,5,0,0,0,0,0,0,0,68,69,0,0,0,0,0,0,0,69
5527,2,"5527-2",2,1,2,NA,NA,NA,NA,NA,NA,NA,1,1,1,17.4863658,0,6,0,2,2,2476,2478,2478,2476,16,15,1,10,18,2,5,0,0,0,0,0,0,0,68,69,0,0,0,0,0,0,0,69
5527,3,"5527-3",2,1,2,NA,NA,NA,NA,NA,NA,NA,1,2,2,17.4863658,0,5,5,2,2,2478,9999,2478,9999,18,16,0,10,35,2,5,0,0,0,0,0,0,0,68,69,0,0,0,0,0,0,0,69
5527,4,"5527-4",2,1,2,NA,NA,NA,NA,NA,NA,NA,1,2,2,17.4863658,1,5,6,2,2,9999,9999,2478,9999,19,18,1,10,35,2,5,0,0,0,0,0,0,0,68,69,0,0,0,0,0,0,0,69
5527,5,"5527-5",2,1,2,NA,NA,NA,NA,NA,NA,NA,1,2,2,17.4863658,1,5,5,2,2,9999,9999,2478,9999,22,19,1,10,35,2,5,0,0,0,0,0,0,0,68,69,0,0,0,0,0,0,0,69
5527,6,"5527-6",2,1,2,NA,NA,NA,NA,NA,NA,NA,1,2,2,17.4863658,0,5,0,2,2,9999,2478,2478,9999,48,22,1,10,35,2,5,0,0,0,0,0,0,0,68,69,0,0,0,0,0,0,0,69
5532,1,"5532-1",2,1,2,NA,NA,NA,NA,NA,NA,NA,1,3,1,93.086300731,0,7,7,2,2,1326,1430,1326,1430,36,33,0,19,0,5,2,0,0,0,0,0,0,0,72,76,0,0,0,0,0,0,0,76
5532,2,"5532-2",2,1,2,NA,NA,NA,NA,NA,NA,NA,1,3,1,93.086300731,0,7,0,2,2,1430,1326,1326,1430,48,36,1,19,0,5,2,0,0,0,0,0,0,0,72,76,0,0,0,0,0,0,0,76
5538,1,"5538-1",2,1,2,NA,NA,NA,NA,NA,NA,NA,1,1,1,56.2535772,0,6,6,2,2,2752,2743,2752,2743,27,27,0,16,6,4,5,0,0,0,0,0,0,0,63,68,0,0,0,0,0,0,0,68
5538,2,"5538-2",2,1,2,NA,NA,NA,NA,NA,NA,NA,1,1,1,56.2535772,1,6,5,2,2,2743,2743,2752,2743,28,27,1,16,6,4,5,0,0,0,0,0,0,0,63,68,0,0,0,0,0,0,0,68
5538,3,"5538-3",2,1,2,NA,NA,NA,NA,NA,NA,NA,1,1,1,56.2535772,0,6,0,2,2,2743,2752,2752,2743,48,28,1,16,6,4,5,0,0,0,0,0,0,0,63,68,0,0,0,0,0,0,0,68
5541,1,"5541-1",2,1,2,NA,NA,NA,NA,NA,NA,NA,1,1,1,159.800810756,0,7,7,2,2,806,806,806,806,17,15,0,10,15,4,4,0,0,0,0,0,0,0,62,63,0,0,0,0,0,0,0,63
5541,2,"5541-2",2,1,2,NA,NA,NA,NA,NA,NA,NA,1,1,1,159.800810756,0,7,0,2,2,806,806,806,806,18,17,1,10,15,4,4,0,0,0,0,0,0,0,62,63,0,0,0,0,0,0,0,63
5541,3,"5541-3",2,1,2,NA,NA,NA,NA,NA,NA,NA,1,2,2,159.800810756,0,6,6,2,2,806,825,806,825,21,18,0,11,50,4,4,0,0,0,0,0,0,0,62,63,0,0,0,0,0,0,0,63
5541,4,"5541-4",2,1,2,NA,NA,NA,NA,NA,NA,NA,1,2,2,159.800810756,0,6,0,2,2,825,806,806,825,48,21,1,11,50,4,4,0,0,0,0,0,0,0,62,63,0,0,0,0,0,0,0,63
5542,1,"5542-1",2,1,2,NA,NA,NA,NA,NA,NA,NA,1,1,1,97.6815977,1,5,7,2,2,331,325,331,296,16,13,0,9,0,4,5,0,0,0,0,0,0,0,49,80,0,0,0,0,0,0,0,80
5542,2,"5542-2",2,1,2,NA,NA,NA,NA,NA,NA,NA,1,1,1,97.6815977,0,5,5,2,2,325,296,331,296,20,16,0,9,0,4,5,0,0,0,0,0,0,0,49,80,0,0,0,0,0,0,0,80
5542,3,"5542-3",2,1,2,NA,NA,NA,NA,NA,NA,NA,1,1,1,97.6815977,0,5,0,2,2,296,331,331,296,24,20,1,9,0,4,5,0,0,0,0,0,0,0,49,80,0,0,0,0,0,0,0,80
5542,4,"5542-4",2,1,2,NA,NA,NA,NA,NA,NA,NA,1,2,2,97.6815977,1,7,8,2,2,331,302,331,1675,26,24,0,14,50,4,5,0,0,0,0,0,0,0,49,80,0,0,0,0,0,0,0,80
5542,5,"5542-5",2,1,2,NA,NA,NA,NA,NA,NA,NA,1,2,2,97.6815977,1,7,8,2,2,302,313,331,1675,29,26,0,14,50,4,5,0,0,0,0,0,0,0,49,80,0,0,0,0,0,0,0,80
5542,6,"5542-6",2,1,2,NA,NA,NA,NA,NA,NA,NA,1,2,2,97.6815977,0,7,7,2,2,313,1675,331,1675,32,29,0,14,50,4,5,0,0,0,0,0,0,0,49,80,0,0,0,0,0,0,0,80
5542,7,"5542-7",2,1,2,NA,NA,NA,NA,NA,NA,NA,1,2,2,97.6815977,1,7,6,2,2,1675,67,331,1675,33,32,1,14,50,4,5,0,0,0,0,0,0,0,49,80,0,0,0,0,0,0,0,80
5542,8,"5542-8",2,1,2,NA,NA,NA,NA,NA,NA,NA,1,2,2,97.6815977,0,7,0,2,2,67,331,331,1675,37,33,1,14,50,4,5,0,0,0,0,0,0,0,49,80,0,0,0,0,0,0,0,80
5547,1,"5547-1",2,2,3,NA,NA,NA,NA,NA,NA,NA,1,2,1,93.0245455,0,7,7,2,2,816,872,816,872,34,29,0,17,20,5,5,0,0,0,0,0,0,0,69,69,0,0,0,0,0,0,0,69
5547,2,"5547-2",2,2,3,NA,NA,NA,NA,NA,NA,NA,1,2,1,93.0245455,0,7,0,2,2,872,816,816,872,48,34,1,17,20,5,5,0,0,0,0,0,0,0,69,69,0,0,0,0,0,0,0,69
5550,1,"5550-1",2,3,4,NA,NA,NA,NA,NA,NA,NA,2,1,1,166.4147448,0,3,3,9,9,591,590,591,590,26,11,0,8,20,7,7,0,0,0,0,0,0,0,8,6,0,0,0,0,0,0,0,8
5550,2,"5550-2",2,3,4,NA,NA,NA,NA,NA,NA,NA,2,1,1,166.4147448,0,3,0,9,9,590,591,591,590,48,26,1,8,20,7,7,0,0,0,0,0,0,0,8,6,0,0,0,0,0,0,0,8
5555,1,"5555-1",2,1,2,NA,NA,NA,NA,NA,NA,NA,3,2,1,23.647010872,0,9,9,3,3,2672,2632,2672,2632,31,28,0,16,45,1,7,0,0,0,0,0,0,0,27,7,0,0,0,0,0,0,0,27
5555,2,"5555-2",2,1,2,NA,NA,NA,NA,NA,NA,NA,3,2,1,23.647010872,0,9,0,3,3,2632,2672,2672,2632,48,31,1,16,45,1,7,0,0,0,0,0,0,0,27,7,0,0,0,0,0,0,0,27
5557,1,"5557-1",2,1,2,NA,NA,NA,NA,NA,NA,NA,1,1,1,57.711518884,0,9,9,2,2,2493,9999,2493,9999,18,12,0,8,40,5,5,0,0,0,0,0,0,0,72,70,0,0,0,0,0,0,0,72
5557,2,"5557-2",2,1,2,NA,NA,NA,NA,NA,NA,NA,1,1,1,57.711518884,1,9,7,2,2,9999,9999,2493,9999,18,18,1,8,40,5,5,0,0,0,0,0,0,0,72,70,0,0,0,0,0,0,0,72
5557,3,"5557-3",2,1,2,NA,NA,NA,NA,NA,NA,NA,1,1,1,57.711518884,0,9,0,2,2,9999,2493,2493,9999,48,18,1,8,40,5,5,0,0,0,0,0,0,0,72,70,0,0,0,0,0,0,0,72
5562,1,"5562-1",2,1,2,NA,NA,NA,NA,NA,NA,NA,1,2,1,138.665228625,0,5,5,2,2,2628,2654,2628,2654,35,32,0,18,30,1,1,0,0,0,0,0,0,0,25,23,0,0,0,0,0,0,0,25
5562,2,"5562-2",2,1,2,NA,NA,NA,NA,NA,NA,NA,1,2,1,138.665228625,0,5,0,2,2,2654,2628,2628,2654,48,35,1,18,30,1,1,0,0,0,0,0,0,0,25,23,0,0,0,0,0,0,0,25
5564,1,"5564-1",2,1,3,NA,NA,NA,NA,NA,NA,NA,1,1,1,30.044363676,1,5,5,2,2,2478,9999,2478,9999,22,21,0,13,0,5,1,0,0,0,0,0,0,0,66,32,0,0,0,0,0,0,0,66
5564,2,"5564-2",2,1,3,NA,NA,NA,NA,NA,NA,NA,1,1,1,30.044363676,1,5,5,2,2,9999,9999,2478,9999,23,22,0,13,0,5,1,0,0,0,0,0,0,0,66,32,0,0,0,0,0,0,0,66
5564,3,"5564-3",2,1,3,NA,NA,NA,NA,NA,NA,NA,1,1,1,30.044363676,0,5,5,2,2,9999,9999,2478,9999,27,23,0,13,0,5,1,0,0,0,0,0,0,0,66,32,0,0,0,0,0,0,0,66
5564,4,"5564-4",2,1,3,NA,NA,NA,NA,NA,NA,NA,1,1,1,30.044363676,0,5,0,2,2,9999,2478,2478,9999,48,27,1,13,0,5,1,0,0,0,0,0,0,0,66,32,0,0,0,0,0,0,0,66
5566,1,"5566-1",2,2,5,NA,NA,NA,NA,NA,NA,NA,3,2,1,259.4570854,0,5,5,2,2,25,1784,25,1784,33,29,0,17,0,3,8,0,0,0,0,0,0,0,34,3,0,0,0,0,0,0,0,34
5566,2,"5566-2",2,2,5,NA,NA,NA,NA,NA,NA,NA,3,2,1,259.4570854,0,5,0,2,2,1784,25,25,1784,48,33,1,17,0,3,8,0,0,0,0,0,0,0,34,3,0,0,0,0,0,0,0,34
5568,4,"5568-4",3,1,3,4,NA,NA,NA,NA,NA,NA,3,3,1,81.0476351,0,9,9,3,3,1335,1434,1335,1434,29,27,0,16,4,4,7,8,0,0,0,0,0,0,34,8,3,0,0,0,0,0,0,34
5568,5,"5568-5",3,1,3,4,NA,NA,NA,NA,NA,NA,3,3,1,81.0476351,1,9,7,3,3,1434,1446,1335,1434,30,29,1,16,4,4,7,8,0,0,0,0,0,0,34,8,3,0,0,0,0,0,0,34
5568,6,"5568-6",3,1,3,4,NA,NA,NA,NA,NA,NA,3,3,1,81.0476351,0,9,0,3,3,1446,1335,1335,1434,48,30,1,16,4,4,7,8,0,0,0,0,0,0,34,8,3,0,0,0,0,0,0,34
5572,1,"5572-1",2,1,2,NA,NA,NA,NA,NA,NA,NA,1,1,0,67.9916026,0,NA,9,2,NA,1422,1411,NA,NA,16,13,0,NA,NA,5,4,0,0,0,0,0,0,0,65,58,0,0,0,0,0,0,0,65
5572,2,"5572-2",2,1,2,NA,NA,NA,NA,NA,NA,NA,1,1,0,67.9916026,0,NA,0,2,NA,1411,1422,NA,NA,48,16,1,NA,NA,5,4,0,0,0,0,0,0,0,65,58,0,0,0,0,0,0,0,65
5574,1,"5574-1",3,3,4,5,NA,NA,NA,NA,NA,NA,2,1,1,64.6070876,0,3,3,3,3,1179,1178,1179,1178,26,11,0,8,25,7,7,8,0,0,0,0,0,0,11,8,5,0,0,0,0,0,0,11
5574,2,"5574-2",3,3,4,5,NA,NA,NA,NA,NA,NA,2,1,1,64.6070876,0,3,0,3,3,1178,1179,1179,1178,48,26,1,8,25,7,7,8,0,0,0,0,0,0,11,8,5,0,0,0,0,0,0,11
5579,1,"5579-1",2,1,2,NA,NA,NA,NA,NA,NA,NA,1,1,1,116.31020541,0,1,1,2,2,2219,2232,2219,2232,20,9,0,7,10,1,1,0,0,0,0,0,0,0,58,66,0,0,0,0,0,0,0,66
5579,2,"5579-2",2,1,2,NA,NA,NA,NA,NA,NA,NA,1,1,1,116.31020541,1,1,9,2,2,2232,2174,2219,2232,34,30,1,7,10,1,1,0,0,0,0,0,0,0,58,66,0,0,0,0,0,0,0,66
5579,3,"5579-3",2,1,2,NA,NA,NA,NA,NA,NA,NA,1,1,1,116.31020541,0,1,0,2,2,2174,2219,2219,2232,48,34,1,7,10,1,1,0,0,0,0,0,0,0,58,66,0,0,0,0,0,0,0,66
5580,1,"5580-1",2,1,3,NA,NA,NA,NA,NA,NA,NA,1,2,1,223.76332923,0,8,8,2,2,1862,1862,1862,1862,34,32,0,18,35,1,1,0,0,0,0,0,0,0,53,24,0,0,0,0,0,0,0,53
5580,2,"5580-2",2,1,3,NA,NA,NA,NA,NA,NA,NA,1,2,1,223.76332923,0,8,0,2,2,1862,1862,1862,1862,48,34,1,18,35,1,1,0,0,0,0,0,0,0,53,24,0,0,0,0,0,0,0,53
5582,1,"5582-1",2,1,2,NA,NA,NA,NA,NA,NA,NA,1,1,1,159.98116286232,0,6,6,2,2,410,1783,410,1783,23,22,0,13,40,5,5,0,0,0,0,0,0,0,69,66,0,0,0,0,0,0,0,69
5582,2,"5582-2",2,1,2,NA,NA,NA,NA,NA,NA,NA,1,1,1,159.98116286232,1,6,5,2,2,1783,1795,410,1783,23,23,1,13,40,5,5,0,0,0,0,0,0,0,69,66,0,0,0,0,0,0,0,69
5582,3,"5582-3",2,1,2,NA,NA,NA,NA,NA,NA,NA,1,1,1,159.98116286232,1,6,8,2,2,1795,1747,410,1783,24,23,1,13,40,5,5,0,0,0,0,0,0,0,69,66,0,0,0,0,0,0,0,69
5582,4,"5582-4",2,1,2,NA,NA,NA,NA,NA,NA,NA,1,1,1,159.98116286232,1,6,5,2,2,1747,1790,410,1783,25,24,1,13,40,5,5,0,0,0,0,0,0,0,69,66,0,0,0,0,0,0,0,69
5582,5,"5582-5",2,1,2,NA,NA,NA,NA,NA,NA,NA,1,1,1,159.98116286232,0,6,0,2,2,1790,410,410,1783,48,25,1,13,40,5,5,0,0,0,0,0,0,0,69,66,0,0,0,0,0,0,0,69
5585,1,"5585-1",2,1,2,NA,NA,NA,NA,NA,NA,NA,1,2,1,334.517872572,1,5,8,2,2,534,583,534,521,22,20,0,12,50,5,5,0,0,0,0,0,0,0,76,79,0,0,0,0,0,0,0,79
5585,2,"5585-2",2,1,2,NA,NA,NA,NA,NA,NA,NA,1,2,1,334.517872572,0,5,5,2,2,583,521,534,521,23,22,0,12,50,5,5,0,0,0,0,0,0,0,76,79,0,0,0,0,0,0,0,79
5585,3,"5585-3",2,1,2,NA,NA,NA,NA,NA,NA,NA,1,2,1,334.517872572,0,5,0,2,2,521,534,534,521,48,23,1,12,50,5,5,0,0,0,0,0,0,0,76,79,0,0,0,0,0,0,0,79
5588,3,"5588-3",3,2,3,4,NA,NA,NA,NA,NA,NA,3,2,1,136.789544128,0,9,9,3,3,895,889,895,889,35,31,0,18,0,2,7,8,0,0,0,0,0,0,40,8,3,0,0,0,0,0,0,40
5588,4,"5588-4",3,2,3,4,NA,NA,NA,NA,NA,NA,3,2,1,136.789544128,0,9,0,3,3,889,895,895,889,48,35,1,18,0,2,7,8,0,0,0,0,0,0,40,8,3,0,0,0,0,0,0,40
5596,1,"5596-1",2,1,2,NA,NA,NA,NA,NA,NA,NA,1,1,1,113.4296793,1,8,5,2,2,313,327,313,314,14,13,0,9,26,4,5,0,0,0,0,0,0,0,44,78,0,0,0,0,0,0,0,78
5596,2,"5596-2",2,1,2,NA,NA,NA,NA,NA,NA,NA,1,1,1,113.4296793,1,8,6,2,2,327,313,313,314,14,14,0,9,26,4,5,0,0,0,0,0,0,0,44,78,0,0,0,0,0,0,0,78
5596,3,"5596-3",2,1,2,NA,NA,NA,NA,NA,NA,NA,1,1,1,113.4296793,1,8,6,2,2,313,313,313,314,15,14,0,9,26,4,5,0,0,0,0,0,0,0,44,78,0,0,0,0,0,0,0,78
5596,4,"5596-4",2,1,2,NA,NA,NA,NA,NA,NA,NA,1,1,1,113.4296793,1,8,6,2,2,313,311,313,314,15,15,0,9,26,4,5,0,0,0,0,0,0,0,44,78,0,0,0,0,0,0,0,78
5596,5,"5596-5",2,1,2,NA,NA,NA,NA,NA,NA,NA,1,1,1,113.4296793,1,8,6,2,2,311,313,313,314,16,15,0,9,26,4,5,0,0,0,0,0,0,0,44,78,0,0,0,0,0,0,0,78
5596,6,"5596-6",2,1,2,NA,NA,NA,NA,NA,NA,NA,1,1,1,113.4296793,1,8,7,2,2,313,320,313,314,17,16,0,9,26,4,5,0,0,0,0,0,0,0,44,78,0,0,0,0,0,0,0,78
5596,7,"5596-7",2,1,2,NA,NA,NA,NA,NA,NA,NA,1,1,1,113.4296793,0,8,8,2,2,320,314,313,314,21,17,0,9,26,4,5,0,0,0,0,0,0,0,44,78,0,0,0,0,0,0,0,78
5596,8,"5596-8",2,1,2,NA,NA,NA,NA,NA,NA,NA,1,1,1,113.4296793,1,8,5,2,2,314,313,313,314,21,21,1,9,26,4,5,0,0,0,0,0,0,0,44,78,0,0,0,0,0,0,0,78
5596,9,"5596-9",2,1,2,NA,NA,NA,NA,NA,NA,NA,1,1,1,113.4296793,1,8,5,2,2,313,313,313,314,22,21,1,9,26,4,5,0,0,0,0,0,0,0,44,78,0,0,0,0,0,0,0,78
5596,10,"5596-10",2,1,2,NA,NA,NA,NA,NA,NA,NA,1,1,1,113.4296793,1,8,8,2,2,313,314,313,314,22,22,1,9,26,4,5,0,0,0,0,0,0,0,44,78,0,0,0,0,0,0,0,78
5596,11,"5596-11",2,1,2,NA,NA,NA,NA,NA,NA,NA,1,1,1,113.4296793,0,8,0,2,2,314,313,313,314,48,22,1,9,26,4,5,0,0,0,0,0,0,0,44,78,0,0,0,0,0,0,0,78
5598,1,"5598-1",2,1,2,NA,NA,NA,NA,NA,NA,NA,1,1,1,155.421673575,1,5,6,2,2,315,311,315,1035,14,10,0,7,55,1,5,0,0,0,0,0,0,0,54,74,0,0,0,0,0,0,0,74
5598,2,"5598-2",2,1,2,NA,NA,NA,NA,NA,NA,NA,1,1,1,155.421673575,0,5,5,2,2,311,1035,315,1035,18,14,0,7,55,1,5,0,0,0,0,0,0,0,54,74,0,0,0,0,0,0,0,74
5598,3,"5598-3",2,1,2,NA,NA,NA,NA,NA,NA,NA,1,1,1,155.421673575,0,5,0,2,2,1035,315,315,1035,25,18,1,7,55,1,5,0,0,0,0,0,0,0,54,74,0,0,0,0,0,0,0,74
5598,4,"5598-4",2,1,2,NA,NA,NA,NA,NA,NA,NA,1,2,2,155.421673575,0,6,6,2,2,315,229,315,229,28,25,0,15,5,1,5,0,0,0,0,0,0,0,54,74,0,0,0,0,0,0,0,74
5598,5,"5598-5",2,1,2,NA,NA,NA,NA,NA,NA,NA,1,2,2,155.421673575,1,6,8,2,2,229,236,315,229,37,28,1,15,5,1,5,0,0,0,0,0,0,0,54,74,0,0,0,0,0,0,0,74
5598,6,"5598-6",2,1,2,NA,NA,NA,NA,NA,NA,NA,1,2,2,155.421673575,0,6,0,2,2,236,315,315,229,48,37,1,15,5,1,5,0,0,0,0,0,0,0,54,74,0,0,0,0,0,0,0,74
5615,1,"5615-1",3,2,3,4,NA,NA,NA,NA,NA,NA,3,1,1,174.893882,0,5,5,3,3,2392,2304,2392,2304,19,15,0,10,0,4,8,8,0,0,0,0,0,0,24,1,0,0,0,0,0,0,0,24
5615,2,"5615-2",3,2,3,4,NA,NA,NA,NA,NA,NA,3,1,1,174.893882,1,5,5,3,3,2304,2272,2392,2304,21,19,1,10,0,4,8,8,0,0,0,0,0,0,24,1,0,0,0,0,0,0,0,24
5615,3,"5615-3",3,2,3,4,NA,NA,NA,NA,NA,NA,3,1,1,174.893882,1,5,6,3,3,2272,2274,2392,2304,24,21,1,10,0,4,8,8,0,0,0,0,0,0,24,1,0,0,0,0,0,0,0,24
5615,4,"5615-4",3,2,3,4,NA,NA,NA,NA,NA,NA,3,1,1,174.893882,1,5,4,3,3,2274,2387,2392,2304,25,24,1,10,0,4,8,8,0,0,0,0,0,0,24,1,0,0,0,0,0,0,0,24
5615,5,"5615-5",3,2,3,4,NA,NA,NA,NA,NA,NA,3,1,1,174.893882,1,5,8,3,3,2387,2387,2392,2304,31,25,1,10,0,4,8,8,0,0,0,0,0,0,24,1,0,0,0,0,0,0,0,24
5615,6,"5615-6",3,2,3,4,NA,NA,NA,NA,NA,NA,3,1,1,174.893882,0,5,0,3,3,2387,2392,2392,2304,48,31,1,10,0,4,8,8,0,0,0,0,0,0,24,1,0,0,0,0,0,0,0,24
5621,3,"5621-3",2,1,2,NA,NA,NA,NA,NA,NA,NA,3,3,1,86.148977948,0,9,9,3,3,376,372,376,372,36,31,0,18,10,1,8,0,0,0,0,0,0,0,26,4,0,0,0,0,0,0,0,26
5621,4,"5621-4",2,1,2,NA,NA,NA,NA,NA,NA,NA,3,3,1,86.148977948,0,9,0,3,3,372,376,376,372,48,36,1,18,10,1,8,0,0,0,0,0,0,0,26,4,0,0,0,0,0,0,0,26
5627,1,"5627-1",2,1,2,NA,NA,NA,NA,NA,NA,NA,1,1,0,36.806476464,0,NA,7,2,NA,1512,1555,NA,NA,15,13,0,NA,NA,4,5,0,0,0,0,0,0,0,59,67,0,0,0,0,0,0,0,67
5627,2,"5627-2",2,1,2,NA,NA,NA,NA,NA,NA,NA,1,1,0,36.806476464,1,NA,7,2,NA,1555,1562,NA,NA,16,15,1,NA,NA,4,5,0,0,0,0,0,0,0,59,67,0,0,0,0,0,0,0,67
5627,3,"5627-3",2,1,2,NA,NA,NA,NA,NA,NA,NA,1,1,0,36.806476464,1,NA,6,2,NA,1562,9999,NA,NA,16,16,1,NA,NA,4,5,0,0,0,0,0,0,0,59,67,0,0,0,0,0,0,0,67
5627,4,"5627-4",2,1,2,NA,NA,NA,NA,NA,NA,NA,1,1,0,36.806476464,1,NA,6,2,NA,9999,9999,NA,NA,18,16,1,NA,NA,4,5,0,0,0,0,0,0,0,59,67,0,0,0,0,0,0,0,67
5627,5,"5627-5",2,1,2,NA,NA,NA,NA,NA,NA,NA,1,1,0,36.806476464,1,NA,6,2,NA,9999,9999,NA,NA,19,18,1,NA,NA,4,5,0,0,0,0,0,0,0,59,67,0,0,0,0,0,0,0,67
5627,6,"5627-6",2,1,2,NA,NA,NA,NA,NA,NA,NA,1,1,0,36.806476464,1,NA,5,2,NA,9999,9999,NA,NA,19,19,1,NA,NA,4,5,0,0,0,0,0,0,0,59,67,0,0,0,0,0,0,0,67
5627,7,"5627-7",2,1,2,NA,NA,NA,NA,NA,NA,NA,1,1,0,36.806476464,1,NA,7,2,NA,9999,9999,NA,NA,21,19,1,NA,NA,4,5,0,0,0,0,0,0,0,59,67,0,0,0,0,0,0,0,67
5627,8,"5627-8",2,1,2,NA,NA,NA,NA,NA,NA,NA,1,1,0,36.806476464,1,NA,5,2,NA,9999,9999,NA,NA,22,21,1,NA,NA,4,5,0,0,0,0,0,0,0,59,67,0,0,0,0,0,0,0,67
5627,9,"5627-9",2,1,2,NA,NA,NA,NA,NA,NA,NA,1,1,0,36.806476464,1,NA,5,2,NA,9999,9999,NA,NA,25,22,1,NA,NA,4,5,0,0,0,0,0,0,0,59,67,0,0,0,0,0,0,0,67
5627,10,"5627-10",2,1,2,NA,NA,NA,NA,NA,NA,NA,1,1,0,36.806476464,0,NA,0,2,NA,9999,1512,NA,NA,27,25,1,NA,NA,4,5,0,0,0,0,0,0,0,59,67,0,0,0,0,0,0,0,67
5632,1,"5632-1",2,1,2,NA,NA,NA,NA,NA,NA,NA,1,2,1,282.297367009,0,9,9,2,2,513,929,513,929,37,25,0,15,0,5,5,0,0,0,0,0,0,0,72,76,0,0,0,0,0,0,0,76
5632,2,"5632-2",2,1,2,NA,NA,NA,NA,NA,NA,NA,1,2,1,282.297367009,0,9,0,2,2,929,513,513,929,48,37,1,15,0,5,5,0,0,0,0,0,0,0,72,76,0,0,0,0,0,0,0,76
5635,1,"5635-1",2,1,2,NA,NA,NA,NA,NA,NA,NA,1,2,1,45.018000184,0,9,9,2,2,2000,1995,2000,1995,27,16,0,10,45,5,5,0,0,0,0,0,0,0,70,70,0,0,0,0,0,0,0,70
5635,2,"5635-2",2,1,2,NA,NA,NA,NA,NA,NA,NA,1,2,1,45.018000184,0,9,0,2,2,1995,2000,2000,1995,29,27,1,10,45,5,5,0,0,0,0,0,0,0,70,70,0,0,0,0,0,0,0,70
5635,3,"5635-3",2,1,2,NA,NA,NA,NA,NA,NA,NA,1,3,2,45.018000184,0,7,7,2,2,2000,1919,2000,1919,33,29,0,17,25,5,5,0,0,0,0,0,0,0,70,70,0,0,0,0,0,0,0,70
5635,4,"5635-4",2,1,2,NA,NA,NA,NA,NA,NA,NA,1,3,2,45.018000184,0,7,0,2,2,1919,2000,2000,1919,34,33,1,17,25,5,5,0,0,0,0,0,0,0,70,70,0,0,0,0,0,0,0,70
5638,1,"5638-1",3,1,2,3,NA,NA,NA,NA,NA,NA,3,1,1,282.7559459,0,5,5,3,3,1825,1854,1825,1854,15,14,0,9,49,2,1,8,0,0,0,0,0,0,29,30,0,0,0,0,0,0,0,30
5638,2,"5638-2",3,1,2,3,NA,NA,NA,NA,NA,NA,3,1,1,282.7559459,0,5,0,3,3,1854,1825,1825,1854,16,15,1,9,49,2,1,8,0,0,0,0,0,0,29,30,0,0,0,0,0,0,0,30
5638,3,"5638-3",3,1,2,3,NA,NA,NA,NA,NA,NA,3,2,2,282.7559459,0,5,5,3,3,1825,1854,1825,1854,18,16,0,10,46,2,1,8,0,0,0,0,0,0,29,30,0,0,0,0,0,0,0,30
5638,4,"5638-4",3,1,2,3,NA,NA,NA,NA,NA,NA,3,2,2,282.7559459,0,5,0,3,3,1854,1825,1825,1854,19,18,1,10,46,2,1,8,0,0,0,0,0,0,29,30,0,0,0,0,0,0,0,30
5644,1,"5644-1",2,1,2,NA,NA,NA,NA,NA,NA,NA,1,3,1,77.89869024,0,9,9,2,2,1178,1213,1178,1213,34,31,0,18,20,2,1,0,0,0,0,0,0,0,61,62,0,0,0,0,0,0,0,62
5644,2,"5644-2",2,1,2,NA,NA,NA,NA,NA,NA,NA,1,3,1,77.89869024,0,9,0,2,2,1213,1178,1178,1213,48,34,1,18,20,2,1,0,0,0,0,0,0,0,61,62,0,0,0,0,0,0,0,62
5659,1,"5659-1",2,1,2,NA,NA,NA,NA,NA,NA,NA,1,2,1,113.186828055,0,7,7,2,2,1429,1428,1429,1428,33,31,0,18,15,1,1,0,0,0,0,0,0,0,50,51,0,0,0,0,0,0,0,51
5659,2,"5659-2",2,1,2,NA,NA,NA,NA,NA,NA,NA,1,2,1,113.186828055,0,7,0,2,2,1428,1429,1429,1428,48,33,1,18,15,1,1,0,0,0,0,0,0,0,50,51,0,0,0,0,0,0,0,51
5662,1,"5662-1",2,1,2,NA,NA,NA,NA,NA,NA,NA,1,1,1,29.500685192,1,5,6,2,2,1280,1345,1280,1345,18,17,0,11,23,5,5,0,0,0,0,0,0,0,68,68,0,0,0,0,0,0,0,68
5662,2,"5662-2",2,1,2,NA,NA,NA,NA,NA,NA,NA,1,1,1,29.500685192,0,5,5,2,2,1345,1345,1280,1345,20,18,0,11,23,5,5,0,0,0,0,0,0,0,68,68,0,0,0,0,0,0,0,68
5662,3,"5662-3",2,1,2,NA,NA,NA,NA,NA,NA,NA,1,1,1,29.500685192,0,5,0,2,2,1345,1280,1280,1345,48,20,1,11,23,5,5,0,0,0,0,0,0,0,68,68,0,0,0,0,0,0,0,68
5664,1,"5664-1",2,1,2,NA,NA,NA,NA,NA,NA,NA,3,3,1,89.4485843,1,6,4,2,2,376,749,376,761,23,21,0,13,16,4,7,0,0,0,0,0,0,0,40,14,0,0,0,0,0,0,0,40
5664,2,"5664-2",2,1,2,NA,NA,NA,NA,NA,NA,NA,3,3,1,89.4485843,1,6,7,2,2,749,752,376,761,23,23,0,13,16,4,7,0,0,0,0,0,0,0,40,14,0,0,0,0,0,0,0,40
5664,3,"5664-3",2,1,2,NA,NA,NA,NA,NA,NA,NA,3,3,1,89.4485843,0,6,6,2,2,752,761,376,761,27,23,0,13,16,4,7,0,0,0,0,0,0,0,40,14,0,0,0,0,0,0,0,40
5664,4,"5664-4",2,1,2,NA,NA,NA,NA,NA,NA,NA,3,3,1,89.4485843,1,6,7,2,2,761,718,376,761,28,27,1,13,16,4,7,0,0,0,0,0,0,0,40,14,0,0,0,0,0,0,0,40
5664,5,"5664-5",2,1,2,NA,NA,NA,NA,NA,NA,NA,3,3,1,89.4485843,0,6,0,2,2,718,376,376,761,48,28,1,13,16,4,7,0,0,0,0,0,0,0,40,14,0,0,0,0,0,0,0,40
5670,1,"5670-1",3,1,3,4,NA,NA,NA,NA,NA,NA,3,2,1,157.3534168,0,5,5,3,3,1640,1638,1640,1638,19,18,0,11,55,4,8,8,0,0,0,0,0,0,28,2,1,0,0,0,0,0,0,28
5670,2,"5670-2",3,1,3,4,NA,NA,NA,NA,NA,NA,3,2,1,157.3534168,0,5,0,3,3,1638,1640,1640,1638,48,19,1,11,55,4,8,8,0,0,0,0,0,0,28,2,1,0,0,0,0,0,0,28
5673,1,"5673-1",2,1,2,NA,NA,NA,NA,NA,NA,NA,1,1,1,77.979678315,0,6,6,3,3,327,1154,327,1154,19,12,0,8,30,1,4,0,0,0,0,0,0,0,37,47,0,0,0,0,0,0,0,47
5673,2,"5673-2",2,1,2,NA,NA,NA,NA,NA,NA,NA,1,1,1,77.979678315,1,6,7,3,3,1154,1023,327,1154,20,19,1,8,30,1,4,0,0,0,0,0,0,0,37,47,0,0,0,0,0,0,0,47
5673,3,"5673-3",2,1,2,NA,NA,NA,NA,NA,NA,NA,1,1,1,77.979678315,1,6,6,3,3,1023,1154,327,1154,28,20,1,8,30,1,4,0,0,0,0,0,0,0,37,47,0,0,0,0,0,0,0,47
5673,4,"5673-4",2,1,2,NA,NA,NA,NA,NA,NA,NA,1,1,1,77.979678315,1,6,6,3,3,1154,967,327,1154,29,28,1,8,30,1,4,0,0,0,0,0,0,0,37,47,0,0,0,0,0,0,0,47
5673,5,"5673-5",2,1,2,NA,NA,NA,NA,NA,NA,NA,1,1,1,77.979678315,1,6,4,3,3,967,329,327,1154,30,29,1,8,30,1,4,0,0,0,0,0,0,0,37,47,0,0,0,0,0,0,0,47
5673,6,"5673-6",2,1,2,NA,NA,NA,NA,NA,NA,NA,1,1,1,77.979678315,0,6,0,2,3,329,327,327,1154,48,30,1,8,30,1,4,0,0,0,0,0,0,0,37,47,0,0,0,0,0,0,0,47
5674,1,"5674-1",2,1,2,NA,NA,NA,NA,NA,NA,NA,1,1,1,70.564225108,0,9,9,2,2,843,844,843,844,15,13,0,9,10,5,5,0,0,0,0,0,0,0,66,71,0,0,0,0,0,0,0,71
5674,2,"5674-2",2,1,2,NA,NA,NA,NA,NA,NA,NA,1,1,1,70.564225108,0,9,0,2,2,844,843,843,844,22,15,1,9,10,5,5,0,0,0,0,0,0,0,66,71,0,0,0,0,0,0,0,71
5677,1,"5677-1",2,1,2,NA,NA,NA,NA,NA,NA,NA,1,1,1,81.031897695,0,5,5,2,2,1775,1884,1775,1884,37,32,0,18,59,1,1,0,0,0,0,0,0,0,27,25,0,0,0,0,0,0,0,27
5677,2,"5677-2",2,1,2,NA,NA,NA,NA,NA,NA,NA,1,1,1,81.031897695,0,5,0,2,2,1884,1775,1775,1884,48,37,1,18,59,1,1,0,0,0,0,0,0,0,27,25,0,0,0,0,0,0,0,27
5681,1,"5681-1",3,4,5,7,NA,NA,NA,NA,NA,NA,2,1,1,39.3251878,0,3,3,9,9,2766,2763,2766,2763,26,12,0,8,30,7,8,7,0,0,0,0,0,0,8,4,8,0,0,0,0,0,0,8
5681,2,"5681-2",3,4,5,7,NA,NA,NA,NA,NA,NA,2,1,1,39.3251878,0,3,0,9,9,2763,2766,2766,2763,48,26,1,8,30,7,8,7,0,0,0,0,0,0,8,4,8,0,0,0,0,0,0,8
5683,6,"5683-6",2,1,2,NA,NA,NA,NA,NA,NA,NA,1,2,2,139.2513477,0,9,9,2,2,1385,1206,1385,1206,35,32,0,18,50,4,1,0,0,0,0,0,0,0,34,34,0,0,0,0,0,0,0,34
5683,7,"5683-7",2,1,2,NA,NA,NA,NA,NA,NA,NA,1,2,2,139.2513477,0,9,0,2,2,1206,1385,1385,1206,48,35,1,18,50,4,1,0,0,0,0,0,0,0,34,34,0,0,0,0,0,0,0,34
5683,3,"5683-3",2,3,4,NA,NA,NA,NA,NA,NA,NA,2,1,1,74.2640459,0,3,3,9,9,1385,1383,1385,1383,26,11,0,8,20,7,8,0,0,0,0,0,0,0,6,4,0,0,0,0,0,0,0,6
5683,4,"5683-4",2,3,4,NA,NA,NA,NA,NA,NA,NA,2,1,1,74.2640459,0,3,0,9,9,1383,1385,1385,1383,48,26,1,8,20,7,8,0,0,0,0,0,0,0,6,4,0,0,0,0,0,0,0,6
5687,1,"5687-1",2,1,3,NA,NA,NA,NA,NA,NA,NA,1,2,1,36.213476775,0,7,7,2,3,2501,9999,2501,9999,36,32,0,18,30,1,3,0,0,0,0,0,0,0,55,19,0,0,0,0,0,0,0,55
5687,2,"5687-2",2,1,3,NA,NA,NA,NA,NA,NA,NA,1,2,1,36.213476775,1,7,4,3,3,9999,2499,2501,9999,37,36,1,18,30,1,3,0,0,0,0,0,0,0,55,19,0,0,0,0,0,0,0,55
5687,3,"5687-3",2,1,3,NA,NA,NA,NA,NA,NA,NA,1,2,1,36.213476775,0,7,0,2,3,2499,2501,2501,9999,48,37,1,18,30,1,3,0,0,0,0,0,0,0,55,19,0,0,0,0,0,0,0,55
5688,1,"5688-1",2,1,2,NA,NA,NA,NA,NA,NA,NA,1,2,1,43.785335861,0,7,7,3,3,1200,992,1200,992,34,29,0,17,0,4,4,0,0,0,0,0,0,0,63,64,0,0,0,0,0,0,0,64
5688,2,"5688-2",2,1,2,NA,NA,NA,NA,NA,NA,NA,1,2,1,43.785335861,0,7,0,3,3,992,1200,1200,992,48,34,1,17,0,4,4,0,0,0,0,0,0,0,63,64,0,0,0,0,0,0,0,64
5690,1,"5690-1",2,1,2,NA,NA,NA,NA,NA,NA,NA,1,1,1,384.2297902,1,5,5,2,2,25,24,25,1744,19,19,0,12,2,4,3,0,0,0,0,0,0,0,60,19,0,0,0,0,0,0,0,60
5690,2,"5690-2",2,1,2,NA,NA,NA,NA,NA,NA,NA,1,1,1,384.2297902,0,5,5,2,2,24,1744,25,1744,20,19,0,12,2,4,3,0,0,0,0,0,0,0,60,19,0,0,0,0,0,0,0,60
5690,3,"5690-3",2,1,2,NA,NA,NA,NA,NA,NA,NA,1,1,1,384.2297902,0,5,0,2,2,1744,25,25,1744,28,20,1,12,2,4,3,0,0,0,0,0,0,0,60,19,0,0,0,0,0,0,0,60
5701,3,"5701-3",4,2,3,4,5,NA,NA,NA,NA,NA,3,2,1,69.199756848,0,6,6,3,3,949,990,949,990,33,31,0,18,0,1,8,8,8,0,0,0,0,0,35,4,2,0,0,0,0,0,0,35
5701,4,"5701-4",4,2,3,4,5,NA,NA,NA,NA,NA,3,2,1,69.199756848,0,6,0,3,3,990,949,949,990,48,33,1,18,0,1,8,8,8,0,0,0,0,0,35,4,2,0,0,0,0,0,0,35
5709,1,"5709-1",2,1,2,NA,NA,NA,NA,NA,NA,NA,1,2,1,67.2661681,1,9,6,2,2,347,811,347,347,29,27,0,16,29,1,4,0,0,0,0,0,0,0,40,50,0,0,0,0,0,0,0,50
5709,2,"5709-2",2,1,2,NA,NA,NA,NA,NA,NA,NA,1,2,1,67.2661681,1,9,6,2,2,811,810,347,347,29,29,0,16,29,1,4,0,0,0,0,0,0,0,40,50,0,0,0,0,0,0,0,50
5709,3,"5709-3",2,1,2,NA,NA,NA,NA,NA,NA,NA,1,2,1,67.2661681,0,9,9,2,2,810,347,347,347,48,29,0,16,29,1,4,0,0,0,0,0,0,0,40,50,0,0,0,0,0,0,0,50
5710,1,"5710-1",2,1,3,NA,NA,NA,NA,NA,NA,NA,1,1,1,26.98325826,1,9,4,2,3,2766,2784,2766,9999,12,11,0,8,0,2,1,0,0,0,0,0,0,0,59,19,0,0,0,0,0,0,0,59
5710,2,"5710-2",2,1,3,NA,NA,NA,NA,NA,NA,NA,1,1,1,26.98325826,0,9,9,3,3,2784,9999,2766,9999,19,12,0,8,0,2,1,0,0,0,0,0,0,0,59,19,0,0,0,0,0,0,0,59
5710,3,"5710-3",2,1,3,NA,NA,NA,NA,NA,NA,NA,1,1,1,26.98325826,1,9,6,3,3,9999,9999,2766,9999,19,19,1,8,0,2,1,0,0,0,0,0,0,0,59,19,0,0,0,0,0,0,0,59
5710,4,"5710-4",2,1,3,NA,NA,NA,NA,NA,NA,NA,1,1,1,26.98325826,1,9,4,3,3,9999,2784,2766,9999,20,19,1,8,0,2,1,0,0,0,0,0,0,0,59,19,0,0,0,0,0,0,0,59
5710,5,"5710-5",2,1,3,NA,NA,NA,NA,NA,NA,NA,1,1,1,26.98325826,0,9,0,3,3,2784,2766,2766,9999,26,20,1,8,0,2,1,0,0,0,0,0,0,0,59,19,0,0,0,0,0,0,0,59
5710,8,"5710-8",2,1,3,NA,NA,NA,NA,NA,NA,NA,1,3,3,26.98325826,0,5,5,3,3,2766,2764,2766,2764,36,33,0,19,15,2,1,0,0,0,0,0,0,0,59,19,0,0,0,0,0,0,0,59
5710,9,"5710-9",2,1,3,NA,NA,NA,NA,NA,NA,NA,1,3,3,26.98325826,0,5,0,3,3,2764,2766,2766,2764,48,36,1,19,15,2,1,0,0,0,0,0,0,0,59,19,0,0,0,0,0,0,0,59
5710,6,"5710-6",2,2,3,NA,NA,NA,NA,NA,NA,NA,1,1,2,30.200311829,0,6,6,3,3,2766,2760,2766,2760,26,24,0,14,50,5,1,0,0,0,0,0,0,0,66,19,0,0,0,0,0,0,0,66
5710,7,"5710-7",2,2,3,NA,NA,NA,NA,NA,NA,NA,1,1,2,30.200311829,0,6,0,3,3,2760,2766,2766,2760,48,26,1,14,50,5,1,0,0,0,0,0,0,0,66,19,0,0,0,0,0,0,0,66
5711,1,"5711-1",2,1,2,NA,NA,NA,NA,NA,NA,NA,1,2,1,20.672819055,0,8,8,2,2,2766,2787,2766,2787,37,32,0,18,50,1,4,0,0,0,0,0,0,0,63,64,0,0,0,0,0,0,0,64
5711,2,"5711-2",2,1,2,NA,NA,NA,NA,NA,NA,NA,1,2,1,20.672819055,0,8,0,2,2,2787,2766,2766,2787,48,37,1,18,50,1,4,0,0,0,0,0,0,0,63,64,0,0,0,0,0,0,0,64
5713,1,"5713-1",2,1,2,NA,NA,NA,NA,NA,NA,NA,1,2,1,97.212470988,0,6,6,2,2,2273,2255,2273,2255,27,26,0,15,42,5,5,0,0,0,0,0,0,0,70,75,0,0,0,0,0,0,0,75
5713,2,"5713-2",2,1,2,NA,NA,NA,NA,NA,NA,NA,1,2,1,97.212470988,1,6,5,2,2,2255,2273,2273,2255,28,27,1,15,42,5,5,0,0,0,0,0,0,0,70,75,0,0,0,0,0,0,0,75
5713,3,"5713-3",2,1,2,NA,NA,NA,NA,NA,NA,NA,1,2,1,97.212470988,0,6,0,2,2,2273,2273,2273,2255,48,28,1,15,42,5,5,0,0,0,0,0,0,0,70,75,0,0,0,0,0,0,0,75
5722,1,"5722-1",2,2,3,NA,NA,NA,NA,NA,NA,NA,1,1,1,231.5452074,0,5,5,2,2,326,960,326,960,31,29,0,17,0,4,1,0,0,0,0,0,0,0,51,27,0,0,0,0,0,0,0,51
5722,2,"5722-2",2,2,3,NA,NA,NA,NA,NA,NA,NA,1,1,1,231.5452074,0,5,0,2,2,960,326,326,960,48,31,1,17,0,4,1,0,0,0,0,0,0,0,51,27,0,0,0,0,0,0,0,51
5735,1,"5735-1",2,1,2,NA,NA,NA,NA,NA,NA,NA,1,1,1,175.192912,0,6,6,2,2,347,359,347,359,19,15,0,10,0,4,4,0,0,0,0,0,0,0,42,47,0,0,0,0,0,0,0,47
5735,2,"5735-2",2,1,2,NA,NA,NA,NA,NA,NA,NA,1,1,1,175.192912,1,6,5,2,2,359,319,347,359,23,19,1,10,0,4,4,0,0,0,0,0,0,0,42,47,0,0,0,0,0,0,0,47
5735,3,"5735-3",2,1,2,NA,NA,NA,NA,NA,NA,NA,1,1,1,175.192912,0,6,0,2,2,319,347,347,359,48,23,1,10,0,4,4,0,0,0,0,0,0,0,42,47,0,0,0,0,0,0,0,47
5754,1,"5754-1",3,1,2,3,NA,NA,NA,NA,NA,NA,1,1,1,174.3367927,0,2,2,9,9,2229,2152,2229,2152,27,18,0,11,40,3,3,3,0,0,0,0,0,0,24,23,23,0,0,0,0,0,0,24
5754,2,"5754-2",3,1,2,3,NA,NA,NA,NA,NA,NA,1,1,1,174.3367927,1,2,7,3,9,2152,2234,2229,2152,33,27,1,11,40,3,3,3,0,0,0,0,0,0,24,23,23,0,0,0,0,0,0,24
5754,3,"5754-3",3,1,2,3,NA,NA,NA,NA,NA,NA,1,1,1,174.3367927,0,2,0,3,9,2234,2229,2229,2152,48,33,1,11,40,3,3,3,0,0,0,0,0,0,24,23,23,0,0,0,0,0,0,24
5755,1,"5755-1",2,1,2,NA,NA,NA,NA,NA,NA,NA,1,2,1,35.8412993,0,7,7,2,2,1178,1240,1178,1240,40,33,0,19,0,2,5,0,0,0,0,0,0,0,69,70,0,0,0,0,0,0,0,70
5755,2,"5755-2",2,1,2,NA,NA,NA,NA,NA,NA,NA,1,2,1,35.8412993,0,7,0,2,2,1240,1178,1178,1240,48,40,1,19,0,2,5,0,0,0,0,0,0,0,69,70,0,0,0,0,0,0,0,70
5760,3,"5760-3",2,3,4,NA,NA,NA,NA,NA,NA,NA,2,1,1,74.1577677,0,3,0,9,9,1936,1994,1994,1936,29,26,1,8,30,7,7,0,0,0,0,0,0,0,11,8,0,0,0,0,0,0,0,11
5761,1,"5761-1",2,1,2,NA,NA,NA,NA,NA,NA,NA,1,1,1,153.926893995,1,5,6,2,2,2654,2652,2654,2675,17,16,0,10,46,1,5,0,0,0,0,0,0,0,59,86,0,0,0,0,0,0,0,86
5761,2,"5761-2",2,1,2,NA,NA,NA,NA,NA,NA,NA,1,1,1,153.926893995,1,5,7,2,2,2652,2634,2654,2675,18,17,0,10,46,1,5,0,0,0,0,0,0,0,59,86,0,0,0,0,0,0,0,86
5761,3,"5761-3",2,1,2,NA,NA,NA,NA,NA,NA,NA,1,1,1,153.926893995,1,5,7,2,2,2634,2638,2654,2675,19,18,0,10,46,1,5,0,0,0,0,0,0,0,59,86,0,0,0,0,0,0,0,86
5761,4,"5761-4",2,1,2,NA,NA,NA,NA,NA,NA,NA,1,1,1,153.926893995,0,5,5,2,2,2638,2675,2654,2675,20,19,0,10,46,1,5,0,0,0,0,0,0,0,59,86,0,0,0,0,0,0,0,86
5761,5,"5761-5",2,1,2,NA,NA,NA,NA,NA,NA,NA,1,1,1,153.926893995,1,5,5,2,2,2675,2687,2654,2675,21,20,1,10,46,1,5,0,0,0,0,0,0,0,59,86,0,0,0,0,0,0,0,86
5761,6,"5761-6",2,1,2,NA,NA,NA,NA,NA,NA,NA,1,1,1,153.926893995,1,5,5,2,2,2687,2644,2654,2675,22,21,1,10,46,1,5,0,0,0,0,0,0,0,59,86,0,0,0,0,0,0,0,86
5761,7,"5761-7",2,1,2,NA,NA,NA,NA,NA,NA,NA,1,1,1,153.926893995,0,5,0,2,2,2644,2654,2654,2675,29,22,1,10,46,1,5,0,0,0,0,0,0,0,59,86,0,0,0,0,0,0,0,86
5761,8,"5761-8",2,1,2,NA,NA,NA,NA,NA,NA,NA,1,2,2,153.926893995,0,7,7,2,2,2654,2652,2654,2652,31,29,0,17,9,1,5,0,0,0,0,0,0,0,59,86,0,0,0,0,0,0,0,86
5761,9,"5761-9",2,1,2,NA,NA,NA,NA,NA,NA,NA,1,2,2,153.926893995,0,7,0,2,2,2652,2654,2654,2652,48,31,1,17,9,1,5,0,0,0,0,0,0,0,59,86,0,0,0,0,0,0,0,86
5770,1,"5770-1",2,1,3,NA,NA,NA,NA,NA,NA,NA,1,3,1,75.96083103,0,5,5,3,3,1509,1445,1509,1445,30,24,0,14,30,2,3,0,0,0,0,0,0,0,64,27,0,0,0,0,0,0,0,64
5770,2,"5770-2",2,1,3,NA,NA,NA,NA,NA,NA,NA,1,3,1,75.96083103,0,5,0,3,3,1445,1509,1509,1445,32,30,1,14,30,2,3,0,0,0,0,0,0,0,64,27,0,0,0,0,0,0,0,64
5770,3,"5770-3",2,1,2,NA,NA,NA,NA,NA,NA,NA,1,4,2,75.96083103,0,9,9,3,3,1509,1466,1509,1466,35,32,0,18,45,2,4,0,0,0,0,0,0,0,64,63,0,0,0,0,0,0,0,64
5770,4,"5770-4",2,1,2,NA,NA,NA,NA,NA,NA,NA,1,4,2,75.96083103,0,9,0,3,3,1466,1509,1509,1466,48,35,1,18,45,2,4,0,0,0,0,0,0,0,64,63,0,0,0,0,0,0,0,64
5772,5,"5772-5",3,1,2,4,NA,NA,NA,NA,NA,NA,3,4,1,71.3990473,0,6,6,3,3,2427,2458,2427,2458,29,26,0,15,30,4,4,7,0,0,0,0,0,0,45,54,13,0,0,0,0,0,0,54
5772,6,"5772-6",3,1,2,4,NA,NA,NA,NA,NA,NA,3,4,1,71.3990473,1,6,6,3,3,2458,2429,2427,2458,30,29,1,15,30,4,4,7,0,0,0,0,0,0,45,54,13,0,0,0,0,0,0,54
5772,7,"5772-7",3,1,2,4,NA,NA,NA,NA,NA,NA,3,4,1,71.3990473,1,6,5,3,3,2429,2436,2427,2458,31,30,1,15,30,4,4,7,0,0,0,0,0,0,45,54,13,0,0,0,0,0,0,54
5772,8,"5772-8",3,1,2,4,NA,NA,NA,NA,NA,NA,3,4,1,71.3990473,0,6,0,3,3,2436,2427,2427,2458,48,31,1,15,30,4,4,7,0,0,0,0,0,0,45,54,13,0,0,0,0,0,0,54
5773,1,"5773-1",2,1,2,NA,NA,NA,NA,NA,NA,NA,3,1,1,384.2297902,0,6,6,2,2,301,312,301,312,11,10,0,7,50,4,7,0,0,0,0,0,0,0,53,15,0,0,0,0,0,0,0,53
5773,2,"5773-2",2,1,2,NA,NA,NA,NA,NA,NA,NA,3,1,1,384.2297902,0,6,0,2,2,312,301,301,312,20,11,1,7,50,4,7,0,0,0,0,0,0,0,53,15,0,0,0,0,0,0,0,53
5781,1,"5781-1",2,2,3,NA,NA,NA,NA,NA,NA,NA,2,1,1,138.0222995,0,3,3,3,9,1772,1768,1772,1768,22,11,0,8,25,7,7,0,0,0,0,0,0,0,9,8,0,0,0,0,0,0,0,9
5781,2,"5781-2",2,2,3,NA,NA,NA,NA,NA,NA,NA,2,1,1,138.0222995,0,3,0,9,9,1768,1772,1772,1768,22,22,1,8,25,7,7,0,0,0,0,0,0,0,9,8,0,0,0,0,0,0,0,9
5784,1,"5784-1",5,1,2,3,4,5,NA,NA,NA,NA,1,1,1,144.2527393,0,9,9,1,1,346,373,346,373,33,14,0,9,30,5,4,4,1,4,0,0,0,0,65,37,37,20,20,0,0,0,0,65
5784,2,"5784-2",5,1,2,3,4,5,NA,NA,NA,NA,1,1,1,144.2527393,0,9,0,1,1,373,346,346,373,48,33,1,9,30,5,4,4,1,4,0,0,0,0,65,37,37,20,20,0,0,0,0,65
5784,3,"5784-3",2,4,5,NA,NA,NA,NA,NA,NA,NA,1,2,2,232.5271551,0,9,9,4,4,346,342,346,342,35,35,0,20,0,1,4,0,0,0,0,0,0,0,20,20,0,0,0,0,0,0,0,20
5784,4,"5784-4",2,4,5,NA,NA,NA,NA,NA,NA,NA,1,2,2,232.5271551,0,9,0,4,4,342,346,346,342,48,35,1,20,0,1,4,0,0,0,0,0,0,0,20,20,0,0,0,0,0,0,0,20
5790,3,"5790-3",2,1,2,NA,NA,NA,NA,NA,NA,NA,3,2,1,86.148977948,0,9,9,2,2,301,1036,301,1036,32,30,0,17,45,1,8,0,0,0,0,0,0,0,29,2,0,0,0,0,0,0,0,29
5790,4,"5790-4",2,1,2,NA,NA,NA,NA,NA,NA,NA,3,2,1,86.148977948,0,9,0,2,2,1036,301,301,1036,48,32,1,17,45,1,8,0,0,0,0,0,0,0,29,2,0,0,0,0,0,0,0,29
5802,1,"5802-1",2,1,2,NA,NA,NA,NA,NA,NA,NA,1,1,1,28.706259184,0,9,9,4,4,1425,1425,1425,1425,13,13,0,9,10,5,5,0,0,0,0,0,0,0,69,69,0,0,0,0,0,0,0,69
5802,2,"5802-2",2,1,2,NA,NA,NA,NA,NA,NA,NA,1,1,1,28.706259184,0,9,0,4,4,1425,1425,1425,1425,20,13,1,9,10,5,5,0,0,0,0,0,0,0,69,69,0,0,0,0,0,0,0,69
5803,1,"5803-1",2,1,2,NA,NA,NA,NA,NA,NA,NA,1,2,1,328.208138,0,6,6,2,2,752,2173,752,2173,23,17,0,11,0,4,4,0,0,0,0,0,0,0,58,55,0,0,0,0,0,0,0,58
5803,2,"5803-2",2,1,2,NA,NA,NA,NA,NA,NA,NA,1,2,1,328.208138,0,6,0,2,2,2173,752,752,2173,48,23,1,11,0,4,4,0,0,0,0,0,0,0,58,55,0,0,0,0,0,0,0,58
5804,1,"5804-1",2,2,3,NA,NA,NA,NA,NA,NA,NA,3,1,1,130.8484142,0,5,5,2,2,634,619,634,619,23,21,0,13,0,1,8,0,0,0,0,0,0,0,36,1,0,0,0,0,0,0,0,36
5804,2,"5804-2",2,2,3,NA,NA,NA,NA,NA,NA,NA,3,1,1,130.8484142,0,5,0,2,2,619,634,634,619,48,23,1,13,0,1,8,0,0,0,0,0,0,0,36,1,0,0,0,0,0,0,0,36
5815,1,"5815-1",2,1,2,NA,NA,NA,NA,NA,NA,NA,1,1,1,154.601399467,0,9,9,2,2,941,873,941,873,22,12,0,8,45,5,4,0,0,0,0,0,0,0,65,62,0,0,0,0,0,0,0,65
5815,2,"5815-2",2,1,2,NA,NA,NA,NA,NA,NA,NA,1,1,1,154.601399467,1,9,5,2,2,873,890,941,873,23,22,1,8,45,5,4,0,0,0,0,0,0,0,65,62,0,0,0,0,0,0,0,65
5815,3,"5815-3",2,1,2,NA,NA,NA,NA,NA,NA,NA,1,1,1,154.601399467,1,9,5,2,2,890,886,941,873,24,23,1,8,45,5,4,0,0,0,0,0,0,0,65,62,0,0,0,0,0,0,0,65
5815,4,"5815-4",2,1,2,NA,NA,NA,NA,NA,NA,NA,1,1,1,154.601399467,0,9,0,2,2,886,941,941,873,48,24,1,8,45,5,4,0,0,0,0,0,0,0,65,62,0,0,0,0,0,0,0,65
5826,1,"5826-1",2,1,2,NA,NA,NA,NA,NA,NA,NA,1,1,1,43.09204389,0,9,9,2,2,2428,2422,2428,2422,18,14,0,9,40,2,5,0,0,0,0,0,0,0,79,79,0,0,0,0,0,0,0,79
5826,2,"5826-2",2,1,2,NA,NA,NA,NA,NA,NA,NA,1,1,1,43.09204389,1,9,8,2,2,2422,2439,2428,2422,22,18,1,9,40,2,5,0,0,0,0,0,0,0,79,79,0,0,0,0,0,0,0,79
5826,3,"5826-3",2,1,2,NA,NA,NA,NA,NA,NA,NA,1,1,1,43.09204389,1,9,5,2,2,2439,2436,2428,2422,23,22,1,9,40,2,5,0,0,0,0,0,0,0,79,79,0,0,0,0,0,0,0,79
5826,4,"5826-4",2,1,2,NA,NA,NA,NA,NA,NA,NA,1,1,1,43.09204389,0,9,0,2,2,2436,2428,2428,2422,27,23,1,9,40,2,5,0,0,0,0,0,0,0,79,79,0,0,0,0,0,0,0,79
5826,5,"5826-5",2,1,2,NA,NA,NA,NA,NA,NA,NA,1,2,2,43.09204389,1,9,6,2,2,2428,2430,2428,2447,28,27,0,16,0,2,5,0,0,0,0,0,0,0,79,79,0,0,0,0,0,0,0,79
5826,6,"5826-6",2,1,2,NA,NA,NA,NA,NA,NA,NA,1,2,2,43.09204389,0,9,9,2,2,2430,2447,2428,2447,32,28,0,16,0,2,5,0,0,0,0,0,0,0,79,79,0,0,0,0,0,0,0,79
5826,7,"5826-7",2,1,2,NA,NA,NA,NA,NA,NA,NA,1,2,2,43.09204389,1,9,8,2,2,2447,2429,2428,2447,35,32,1,16,0,2,5,0,0,0,0,0,0,0,79,79,0,0,0,0,0,0,0,79
5826,8,"5826-8",2,1,2,NA,NA,NA,NA,NA,NA,NA,1,2,2,43.09204389,0,9,0,2,2,2429,2428,2428,2447,48,35,1,16,0,2,5,0,0,0,0,0,0,0,79,79,0,0,0,0,0,0,0,79
5832,2,"5832-2",2,1,2,NA,NA,NA,NA,NA,NA,NA,1,2,1,10.10481775,0,7,7,2,2,9999,2482,9999,2482,22,19,0,12,10,5,5,0,0,0,0,0,0,0,68,66,0,0,0,0,0,0,0,68
5832,3,"5832-3",2,1,2,NA,NA,NA,NA,NA,NA,NA,1,2,1,10.10481775,0,7,0,2,2,2482,2498,9999,2482,24,22,1,12,10,5,5,0,0,0,0,0,0,0,68,66,0,0,0,0,0,0,0,68
5832,4,"5832-4",2,1,2,NA,NA,NA,NA,NA,NA,NA,1,3,2,10.10481775,0,8,8,2,2,2498,2509,2498,2509,26,24,0,14,30,5,5,0,0,0,0,0,0,0,68,66,0,0,0,0,0,0,0,68
5832,5,"5832-5",2,1,2,NA,NA,NA,NA,NA,NA,NA,1,3,2,10.10481775,0,8,0,2,2,2509,2498,2498,2509,28,26,1,14,30,5,5,0,0,0,0,0,0,0,68,66,0,0,0,0,0,0,0,68
5832,6,"5832-6",2,1,2,NA,NA,NA,NA,NA,NA,NA,1,4,3,10.10481775,0,6,6,2,2,2498,2497,2498,2497,29,28,0,16,45,5,5,0,0,0,0,0,0,0,68,66,0,0,0,0,0,0,0,68
5832,7,"5832-7",2,1,2,NA,NA,NA,NA,NA,NA,NA,1,4,3,10.10481775,0,6,0,2,2,2497,2498,2498,2497,32,29,1,16,45,5,5,0,0,0,0,0,0,0,68,66,0,0,0,0,0,0,0,68
5832,8,"5832-8",2,1,2,NA,NA,NA,NA,NA,NA,NA,1,5,4,10.10481775,0,6,6,2,2,2498,9999,2498,9999,34,32,0,18,45,5,5,0,0,0,0,0,0,0,68,66,0,0,0,0,0,0,0,68
5832,9,"5832-9",2,1,2,NA,NA,NA,NA,NA,NA,NA,1,5,4,10.10481775,0,6,0,2,2,9999,2498,2498,9999,48,34,1,18,45,5,5,0,0,0,0,0,0,0,68,66,0,0,0,0,0,0,0,68
5841,1,"5841-1",2,2,3,NA,NA,NA,NA,NA,NA,NA,3,2,1,141.1083462,0,7,7,2,2,939,921,939,921,35,33,0,19,0,4,7,0,0,0,0,0,0,0,38,11,0,0,0,0,0,0,0,38
5841,2,"5841-2",2,2,3,NA,NA,NA,NA,NA,NA,NA,3,2,1,141.1083462,0,7,0,2,2,921,939,939,921,48,35,1,19,0,4,7,0,0,0,0,0,0,0,38,11,0,0,0,0,0,0,0,38
5844,1,"5844-1",2,1,2,NA,NA,NA,NA,NA,NA,NA,1,1,1,134.4887095,0,8,8,2,2,888,816,888,816,23,18,0,11,45,5,1,0,0,0,0,0,0,0,70,70,0,0,0,0,0,0,0,70
5844,2,"5844-2",2,1,2,NA,NA,NA,NA,NA,NA,NA,1,1,1,134.4887095,1,8,6,2,2,816,814,888,816,23,23,1,11,45,5,1,0,0,0,0,0,0,0,70,70,0,0,0,0,0,0,0,70
5844,3,"5844-3",2,1,2,NA,NA,NA,NA,NA,NA,NA,1,1,1,134.4887095,0,8,0,2,2,814,888,888,816,28,23,1,11,45,5,1,0,0,0,0,0,0,0,70,70,0,0,0,0,0,0,0,70
5846,1,"5846-1",2,1,2,NA,NA,NA,NA,NA,NA,NA,1,1,1,241.581048337,0,5,5,2,2,554,551,554,551,21,19,0,12,0,5,5,0,0,0,0,0,0,0,70,86,0,0,0,0,0,0,0,86
5846,2,"5846-2",2,1,2,NA,NA,NA,NA,NA,NA,NA,1,1,1,241.581048337,0,5,0,2,2,551,554,554,551,27,21,1,12,0,5,5,0,0,0,0,0,0,0,70,86,0,0,0,0,0,0,0,86
5846,3,"5846-3",2,1,2,NA,NA,NA,NA,NA,NA,NA,1,2,2,241.581048337,0,8,8,2,2,554,438,554,438,30,27,0,16,0,5,5,0,0,0,0,0,0,0,70,86,0,0,0,0,0,0,0,86
5846,4,"5846-4",2,1,2,NA,NA,NA,NA,NA,NA,NA,1,2,2,241.581048337,1,8,5,2,2,438,438,554,438,31,30,1,16,0,5,5,0,0,0,0,0,0,0,70,86,0,0,0,0,0,0,0,86
5846,5,"5846-5",2,1,2,NA,NA,NA,NA,NA,NA,NA,1,2,2,241.581048337,0,8,0,2,2,438,554,554,438,48,31,1,16,0,5,5,0,0,0,0,0,0,0,70,86,0,0,0,0,0,0,0,86
5848,1,"5848-1",2,1,2,NA,NA,NA,NA,NA,NA,NA,1,1,1,28.706259184,0,8,8,2,2,1540,1649,1540,1649,36,29,0,17,25,5,5,0,0,0,0,0,0,0,70,67,0,0,0,0,0,0,0,70
5848,2,"5848-2",2,1,2,NA,NA,NA,NA,NA,NA,NA,1,1,1,28.706259184,1,8,6,2,2,1649,1535,1540,1649,36,36,1,17,25,5,5,0,0,0,0,0,0,0,70,67,0,0,0,0,0,0,0,70
5848,3,"5848-3",2,1,2,NA,NA,NA,NA,NA,NA,NA,1,1,1,28.706259184,0,8,0,2,2,1535,1540,1540,1649,48,36,1,17,25,5,5,0,0,0,0,0,0,0,70,67,0,0,0,0,0,0,0,70
5853,3,"5853-3",2,1,2,NA,NA,NA,NA,NA,NA,NA,1,2,1,45.598658117,0,8,8,3,3,1391,1210,1391,1210,37,33,0,19,0,5,5,0,0,0,0,0,0,0,81,82,0,0,0,0,0,0,0,82
5853,4,"5853-4",2,1,2,NA,NA,NA,NA,NA,NA,NA,1,2,1,45.598658117,0,8,0,3,3,1210,1391,1391,1210,48,37,1,19,0,5,5,0,0,0,0,0,0,0,81,82,0,0,0,0,0,0,0,82
5857,1,"5857-1",2,1,2,NA,NA,NA,NA,NA,NA,NA,1,1,1,52.98794424,0,7,7,2,2,1190,1189,1190,1189,36,33,0,19,20,2,1,0,0,0,0,0,0,0,65,68,0,0,0,0,0,0,0,68
5857,2,"5857-2",2,1,2,NA,NA,NA,NA,NA,NA,NA,1,1,1,52.98794424,0,7,0,2,2,1189,1190,1190,1189,48,36,1,19,20,2,1,0,0,0,0,0,0,0,65,68,0,0,0,0,0,0,0,68
5868,1,"5868-1",2,1,3,NA,NA,NA,NA,NA,NA,NA,3,1,1,180.2539425,1,6,7,2,2,1849,1774,1849,1775,21,21,0,13,0,3,8,0,0,0,0,0,0,0,34,0,0,0,0,0,0,0,0,34
5868,2,"5868-2",2,1,3,NA,NA,NA,NA,NA,NA,NA,3,1,1,180.2539425,1,6,8,2,2,1774,1851,1849,1775,24,21,0,13,0,3,8,0,0,0,0,0,0,0,34,0,0,0,0,0,0,0,0,34
5868,3,"5868-3",2,1,3,NA,NA,NA,NA,NA,NA,NA,3,1,1,180.2539425,0,6,6,2,2,1851,1775,1849,1775,27,24,0,13,0,3,8,0,0,0,0,0,0,0,34,0,0,0,0,0,0,0,0,34
5868,4,"5868-4",2,1,3,NA,NA,NA,NA,NA,NA,NA,3,1,1,180.2539425,0,6,0,2,2,1775,1849,1849,1775,35,27,1,13,0,3,8,0,0,0,0,0,0,0,34,0,0,0,0,0,0,0,0,34
5873,1,"5873-1",2,3,4,NA,NA,NA,NA,NA,NA,NA,2,1,1,53.6537182,0,3,3,9,9,1604,1502,1604,1502,25,10,0,7,40,7,7,0,0,0,0,0,0,0,12,12,0,0,0,0,0,0,0,12
5873,2,"5873-2",2,3,4,NA,NA,NA,NA,NA,NA,NA,2,1,1,53.6537182,0,3,0,9,9,1502,1604,1604,1502,26,25,1,7,40,7,7,0,0,0,0,0,0,0,12,12,0,0,0,0,0,0,0,12
5875,1,"5875-1",2,2,3,NA,NA,NA,NA,NA,NA,NA,2,1,1,64.6070876,1,4,3,9,9,1508,1513,1508,1508,25,8,0,6,57,7,7,0,0,0,0,0,0,0,15,15,0,0,0,0,0,0,0,15
5875,2,"5875-2",2,2,3,NA,NA,NA,NA,NA,NA,NA,2,1,1,64.6070876,0,4,4,9,9,1513,1508,1508,1508,48,25,0,6,57,7,7,0,0,0,0,0,0,0,15,15,0,0,0,0,0,0,0,15
5879,1,"5879-1",2,1,2,NA,NA,NA,NA,NA,NA,NA,1,1,1,13.910380421,0,5,5,2,2,2464,1116,2464,1116,25,14,0,9,40,4,4,0,0,0,0,0,0,0,63,61,0,0,0,0,0,0,0,63
5879,2,"5879-2",2,1,2,NA,NA,NA,NA,NA,NA,NA,1,1,1,13.910380421,0,5,0,2,2,1116,2464,2464,1116,31,25,1,9,40,4,4,0,0,0,0,0,0,0,63,61,0,0,0,0,0,0,0,63
5879,3,"5879-3",2,1,2,NA,NA,NA,NA,NA,NA,NA,1,2,2,13.910380421,0,5,5,2,2,2464,2198,2464,2198,34,31,0,18,0,4,4,0,0,0,0,0,0,0,63,61,0,0,0,0,0,0,0,63
5879,4,"5879-4",2,1,2,NA,NA,NA,NA,NA,NA,NA,1,2,2,13.910380421,0,5,0,2,2,2198,2464,2464,2198,48,34,1,18,0,4,4,0,0,0,0,0,0,0,63,61,0,0,0,0,0,0,0,63
5881,1,"5881-1",2,1,2,NA,NA,NA,NA,NA,NA,NA,1,1,1,241.581048337,1,5,6,2,2,503,501,503,503,24,23,0,14,20,5,5,0,0,0,0,0,0,0,71,77,0,0,0,0,0,0,0,77
5881,2,"5881-2",2,1,2,NA,NA,NA,NA,NA,NA,NA,1,1,1,241.581048337,0,5,5,2,2,501,503,503,503,25,24,0,14,20,5,5,0,0,0,0,0,0,0,71,77,0,0,0,0,0,0,0,77
5881,3,"5881-3",2,1,2,NA,NA,NA,NA,NA,NA,NA,1,1,1,241.581048337,1,5,7,2,2,503,503,503,503,26,25,1,14,20,5,5,0,0,0,0,0,0,0,71,77,0,0,0,0,0,0,0,77
5881,4,"5881-4",2,1,2,NA,NA,NA,NA,NA,NA,NA,1,1,1,241.581048337,0,5,0,2,2,503,503,503,503,48,26,1,14,20,5,5,0,0,0,0,0,0,0,71,77,0,0,0,0,0,0,0,77
5890,1,"5890-1",2,1,3,NA,NA,NA,NA,NA,NA,NA,3,1,1,47.526793028,0,1,1,2,2,2766,2343,2766,2343,17,15,0,10,0,1,8,0,0,0,0,0,0,0,31,1,0,0,0,0,0,0,0,31
5890,2,"5890-2",2,1,3,NA,NA,NA,NA,NA,NA,NA,3,1,1,47.526793028,1,1,5,2,2,2343,2166,2766,2343,19,17,1,10,0,1,8,0,0,0,0,0,0,0,31,1,0,0,0,0,0,0,0,31
5890,3,"5890-3",2,1,3,NA,NA,NA,NA,NA,NA,NA,3,1,1,47.526793028,0,1,0,2,2,2166,2766,2766,2343,28,19,1,10,0,1,8,0,0,0,0,0,0,0,31,1,0,0,0,0,0,0,0,31
5892,1,"5892-1",2,1,2,NA,NA,NA,NA,NA,NA,NA,1,1,1,68.081108207,1,9,7,2,2,2500,2444,2500,666,19,17,0,11,20,4,4,0,0,0,0,0,0,0,60,62,0,0,0,0,0,0,0,62
5892,2,"5892-2",2,1,2,NA,NA,NA,NA,NA,NA,NA,1,1,1,68.081108207,0,9,9,2,2,2444,666,2500,666,22,19,0,11,20,4,4,0,0,0,0,0,0,0,60,62,0,0,0,0,0,0,0,62
5892,3,"5892-3",2,1,2,NA,NA,NA,NA,NA,NA,NA,1,1,1,68.081108207,1,9,9,2,2,666,695,2500,666,25,22,1,11,20,4,4,0,0,0,0,0,0,0,60,62,0,0,0,0,0,0,0,62
5892,4,"5892-4",2,1,2,NA,NA,NA,NA,NA,NA,NA,1,1,1,68.081108207,0,9,0,2,2,695,2500,2500,666,26,25,1,11,20,4,4,0,0,0,0,0,0,0,60,62,0,0,0,0,0,0,0,62
5892,5,"5892-5",2,1,2,NA,NA,NA,NA,NA,NA,NA,1,2,2,68.081108207,0,5,5,2,2,2500,2506,2500,2506,27,26,0,15,33,4,4,0,0,0,0,0,0,0,60,62,0,0,0,0,0,0,0,62
5892,6,"5892-6",2,1,2,NA,NA,NA,NA,NA,NA,NA,1,2,2,68.081108207,0,5,0,2,2,2506,2500,2500,2506,30,27,1,15,33,4,4,0,0,0,0,0,0,0,60,62,0,0,0,0,0,0,0,62
5906,1,"5906-1",2,1,2,NA,NA,NA,NA,NA,NA,NA,1,1,1,72.1768025,1,7,7,2,2,1771,1761,1771,2574,23,23,0,14,12,2,1,0,0,0,0,0,0,0,43,39,0,0,0,0,0,0,0,43
5906,2,"5906-2",2,1,2,NA,NA,NA,NA,NA,NA,NA,1,1,1,72.1768025,0,7,7,2,2,1761,2574,1771,2574,25,23,0,14,12,2,1,0,0,0,0,0,0,0,43,39,0,0,0,0,0,0,0,43
5906,3,"5906-3",2,1,2,NA,NA,NA,NA,NA,NA,NA,1,1,1,72.1768025,1,7,6,2,2,2574,9999,1771,2574,26,25,1,14,12,2,1,0,0,0,0,0,0,0,43,39,0,0,0,0,0,0,0,43
5906,4,"5906-4",2,1,2,NA,NA,NA,NA,NA,NA,NA,1,1,1,72.1768025,1,7,8,2,2,9999,9999,1771,2574,34,26,1,14,12,2,1,0,0,0,0,0,0,0,43,39,0,0,0,0,0,0,0,43
5906,5,"5906-5",2,1,2,NA,NA,NA,NA,NA,NA,NA,1,1,1,72.1768025,0,7,0,2,2,9999,1771,1771,2574,48,34,1,14,12,2,1,0,0,0,0,0,0,0,43,39,0,0,0,0,0,0,0,43
5908,3,"5908-3",3,2,5,6,NA,NA,NA,NA,NA,NA,3,2,1,79.7434656,0,2,2,3,3,1994,2002,1994,2002,18,17,0,11,0,3,8,8,0,0,0,0,0,0,38,3,0,0,0,0,0,0,0,38
5908,4,"5908-4",3,2,5,6,NA,NA,NA,NA,NA,NA,3,2,1,79.7434656,0,2,0,3,3,2002,1994,1994,2002,24,18,1,11,0,3,8,8,0,0,0,0,0,0,38,3,0,0,0,0,0,0,0,38
5910,1,"5910-1",2,1,2,NA,NA,NA,NA,NA,NA,NA,1,1,1,93.096674685,0,8,8,2,2,1351,187,1351,187,37,27,0,16,0,1,4,0,0,0,0,0,0,0,32,22,0,0,0,0,0,0,0,32
5910,2,"5910-2",2,1,2,NA,NA,NA,NA,NA,NA,NA,1,1,1,93.096674685,0,8,0,2,2,187,1351,1351,187,48,37,1,16,0,1,4,0,0,0,0,0,0,0,32,22,0,0,0,0,0,0,0,32
5912,1,"5912-1",2,3,4,NA,NA,NA,NA,NA,NA,NA,1,1,1,268.5047375,0,5,5,3,3,610,531,610,531,30,27,0,16,10,2,1,0,0,0,0,0,0,0,40,40,0,0,0,0,0,0,0,40
5912,2,"5912-2",2,3,4,NA,NA,NA,NA,NA,NA,NA,1,1,1,268.5047375,0,5,0,3,3,531,610,610,531,48,30,1,16,10,2,1,0,0,0,0,0,0,0,40,40,0,0,0,0,0,0,0,40
5919,1,"5919-1",2,1,2,NA,NA,NA,NA,NA,NA,NA,1,2,1,133.906431855,0,9,9,2,2,591,592,591,592,27,25,0,15,0,1,4,0,0,0,0,0,0,0,40,40,0,0,0,0,0,0,0,40
5919,2,"5919-2",2,1,2,NA,NA,NA,NA,NA,NA,NA,1,2,1,133.906431855,0,9,0,2,2,592,591,591,592,28,27,1,15,0,1,4,0,0,0,0,0,0,0,40,40,0,0,0,0,0,0,0,40
5925,1,"5925-1",2,1,2,NA,NA,NA,NA,NA,NA,NA,1,1,1,37.0599686,1,6,6,3,3,2758,2718,2758,2133,14,12,0,8,45,4,4,0,0,0,0,0,0,0,62,42,0,0,0,0,0,0,0,62
5925,2,"5925-2",2,1,2,NA,NA,NA,NA,NA,NA,NA,1,1,1,37.0599686,0,6,6,3,3,2718,2133,2758,2133,16,14,0,8,45,4,4,0,0,0,0,0,0,0,62,42,0,0,0,0,0,0,0,62
5925,3,"5925-3",2,1,2,NA,NA,NA,NA,NA,NA,NA,1,1,1,37.0599686,0,6,0,3,3,2133,2758,2758,2133,48,16,1,8,45,4,4,0,0,0,0,0,0,0,62,42,0,0,0,0,0,0,0,62
5926,1,"5926-1",2,1,2,NA,NA,NA,NA,NA,NA,NA,1,2,1,28.706259184,0,9,9,2,2,1540,1637,1540,1637,34,30,0,17,30,5,5,0,0,0,0,0,0,0,73,67,0,0,0,0,0,0,0,73
5926,2,"5926-2",2,1,2,NA,NA,NA,NA,NA,NA,NA,1,2,1,28.706259184,0,9,0,2,2,1637,1540,1540,1637,48,34,1,17,30,5,5,0,0,0,0,0,0,0,73,67,0,0,0,0,0,0,0,73
5928,1,"5928-1",3,1,3,4,NA,NA,NA,NA,NA,NA,3,2,1,160.625115204,1,7,6,3,3,1994,2002,1994,2002,31,30,0,17,37,1,8,8,0,0,0,0,0,0,34,5,2,0,0,0,0,0,0,34
5928,2,"5928-2",3,1,3,4,NA,NA,NA,NA,NA,NA,3,2,1,160.625115204,0,7,7,4,3,2002,2002,1994,2002,32,31,0,17,37,1,8,8,0,0,0,0,0,0,34,5,2,0,0,0,0,0,0,34
5935,1,"5935-1",2,1,2,NA,NA,NA,NA,NA,NA,NA,1,1,1,56.871779,0,6,6,2,2,1031,264,1031,264,24,19,0,12,4,5,5,0,0,0,0,0,0,0,70,70,0,0,0,0,0,0,0,70
5935,2,"5935-2",2,1,2,NA,NA,NA,NA,NA,NA,NA,1,1,1,56.871779,1,6,7,2,2,264,1057,1031,264,26,24,1,12,4,5,5,0,0,0,0,0,0,0,70,70,0,0,0,0,0,0,0,70
5935,3,"5935-3",2,1,2,NA,NA,NA,NA,NA,NA,NA,1,1,1,56.871779,0,6,0,2,2,1057,1031,1031,264,32,26,1,12,4,5,5,0,0,0,0,0,0,0,70,70,0,0,0,0,0,0,0,70
5939,1,"5939-1",2,1,2,NA,NA,NA,NA,NA,NA,NA,1,1,1,155.422536579,0,9,9,2,2,1994,1915,1994,1915,36,28,0,16,50,5,1,0,0,0,0,0,0,0,76,62,0,0,0,0,0,0,0,76
5939,2,"5939-2",2,1,2,NA,NA,NA,NA,NA,NA,NA,1,1,1,155.422536579,0,9,0,2,2,1915,1994,1994,1915,48,36,1,16,50,5,1,0,0,0,0,0,0,0,76,62,0,0,0,0,0,0,0,76
5941,3,"5941-3",2,1,4,NA,NA,NA,NA,NA,NA,NA,3,2,1,743.1654034,0,2,2,2,2,1956,1961,1956,1961,19,14,0,9,51,3,8,0,0,0,0,0,0,0,42,2,0,0,0,0,0,0,0,42
5941,4,"5941-4",2,1,4,NA,NA,NA,NA,NA,NA,NA,3,2,1,743.1654034,0,2,0,2,2,1961,1956,1956,1961,27,19,1,9,51,3,8,0,0,0,0,0,0,0,42,2,0,0,0,0,0,0,0,42
5952,1,"5952-1",2,3,4,NA,NA,NA,NA,NA,NA,NA,2,1,1,69.5690016,0,3,3,9,9,2427,2427,2427,2427,25,10,0,7,45,7,7,0,0,0,0,0,0,0,12,9,0,0,0,0,0,0,0,12
5952,2,"5952-2",2,3,4,NA,NA,NA,NA,NA,NA,NA,2,1,1,69.5690016,0,3,0,9,9,2427,2427,2427,2427,48,25,1,7,45,7,7,0,0,0,0,0,0,0,12,9,0,0,0,0,0,0,0,12
5955,4,"5955-4",3,1,3,4,NA,NA,NA,NA,NA,NA,3,3,1,1004.737354488,0,2,2,3,3,308,958,308,958,31,29,0,17,0,1,7,8,0,0,0,0,0,0,38,7,1,0,0,0,0,0,0,38
5955,5,"5955-5",3,1,3,4,NA,NA,NA,NA,NA,NA,3,3,1,1004.737354488,0,2,0,3,3,958,308,308,958,48,31,1,17,0,1,7,8,0,0,0,0,0,0,38,7,1,0,0,0,0,0,0,38
5956,1,"5956-1",2,3,4,NA,NA,NA,NA,NA,NA,NA,2,1,1,134.7082914,0,3,3,9,9,1994,1944,1994,1944,25,10,0,7,35,7,7,0,0,0,0,0,0,0,13,13,0,0,0,0,0,0,0,13
5956,2,"5956-2",2,3,4,NA,NA,NA,NA,NA,NA,NA,2,1,1,134.7082914,0,3,0,9,9,1944,1994,1994,1944,48,25,1,7,35,7,7,0,0,0,0,0,0,0,13,13,0,0,0,0,0,0,0,13
5973,1,"5973-1",2,1,2,NA,NA,NA,NA,NA,NA,NA,1,1,1,190.514505282,0,9,9,2,2,2615,2632,2615,2632,26,19,0,12,20,5,5,0,0,0,0,0,0,0,79,82,0,0,0,0,0,0,0,82
5973,2,"5973-2",2,1,2,NA,NA,NA,NA,NA,NA,NA,1,1,1,190.514505282,0,9,0,2,2,2632,2615,2615,2632,27,26,1,12,20,5,5,0,0,0,0,0,0,0,79,82,0,0,0,0,0,0,0,82
5973,3,"5973-3",2,1,2,NA,NA,NA,NA,NA,NA,NA,1,2,2,190.514505282,0,7,7,2,2,2615,2628,2615,2628,29,27,0,16,19,5,5,0,0,0,0,0,0,0,79,82,0,0,0,0,0,0,0,82
5973,4,"5973-4",2,1,2,NA,NA,NA,NA,NA,NA,NA,1,2,2,190.514505282,0,7,0,2,2,2628,2615,2615,2628,48,29,1,16,19,5,5,0,0,0,0,0,0,0,79,82,0,0,0,0,0,0,0,82
5976,2,"5976-2",2,1,2,NA,NA,NA,NA,NA,NA,NA,3,4,1,82.3849536,0,9,9,2,2,1422,1433,1422,1433,38,31,0,18,9,4,7,0,0,0,0,0,0,0,41,10,0,0,0,0,0,0,0,41
5976,3,"5976-3",2,1,2,NA,NA,NA,NA,NA,NA,NA,3,4,1,82.3849536,0,9,0,2,2,1433,1422,1422,1433,48,38,1,18,9,4,7,0,0,0,0,0,0,0,41,10,0,0,0,0,0,0,0,41
5979,1,"5979-1",2,1,3,NA,NA,NA,NA,NA,NA,NA,1,1,1,137.128912935,0,9,9,2,2,1472,1468,1472,1468,35,31,0,18,25,2,2,0,0,0,0,0,0,0,53,29,0,0,0,0,0,0,0,53
5979,2,"5979-2",2,1,3,NA,NA,NA,NA,NA,NA,NA,1,1,1,137.128912935,0,9,0,2,2,1468,1472,1472,1468,48,35,1,18,25,2,2,0,0,0,0,0,0,0,53,29,0,0,0,0,0,0,0,53
5982,1,"5982-1",2,1,3,NA,NA,NA,NA,NA,NA,NA,3,1,1,365.2196886,0,8,8,2,3,1624,1631,1624,1631,23,15,0,10,3,4,8,0,0,0,0,0,0,0,29,0,0,0,0,0,0,0,0,29
5982,2,"5982-2",2,1,3,NA,NA,NA,NA,NA,NA,NA,3,1,1,365.2196886,1,8,7,3,3,1631,1616,1624,1631,24,23,1,10,3,4,8,0,0,0,0,0,0,0,29,0,0,0,0,0,0,0,0,29
5982,3,"5982-3",2,1,3,NA,NA,NA,NA,NA,NA,NA,3,1,1,365.2196886,1,8,8,3,3,1616,1631,1624,1631,30,24,1,10,3,4,8,0,0,0,0,0,0,0,29,0,0,0,0,0,0,0,0,29
5982,4,"5982-4",2,1,3,NA,NA,NA,NA,NA,NA,NA,3,1,1,365.2196886,0,8,0,2,3,1631,1624,1624,1631,48,30,1,10,3,4,8,0,0,0,0,0,0,0,29,0,0,0,0,0,0,0,0,29
5989,1,"5989-1",2,1,2,NA,NA,NA,NA,NA,NA,NA,1,3,1,74.05817302,0,6,6,2,2,1994,2002,1994,2002,18,16,0,10,40,5,5,0,0,0,0,0,0,0,71,69,0,0,0,0,0,0,0,71
5989,2,"5989-2",2,1,2,NA,NA,NA,NA,NA,NA,NA,1,3,1,74.05817302,0,6,0,2,2,2002,1994,1994,2002,20,18,1,10,40,5,5,0,0,0,0,0,0,0,71,69,0,0,0,0,0,0,0,71
5989,3,"5989-3",2,1,2,NA,NA,NA,NA,NA,NA,NA,1,4,2,74.05817302,0,8,8,2,2,1994,2002,1994,2002,26,20,0,12,55,5,5,0,0,0,0,0,0,0,71,69,0,0,0,0,0,0,0,71
5989,4,"5989-4",2,1,2,NA,NA,NA,NA,NA,NA,NA,1,4,2,74.05817302,1,8,5,2,2,2002,1837,1994,2002,27,26,1,12,55,5,5,0,0,0,0,0,0,0,71,69,0,0,0,0,0,0,0,71
5989,5,"5989-5",2,1,2,NA,NA,NA,NA,NA,NA,NA,1,4,2,74.05817302,1,8,7,2,2,1837,1923,1994,2002,29,27,1,12,55,5,5,0,0,0,0,0,0,0,71,69,0,0,0,0,0,0,0,71
5989,6,"5989-6",2,1,2,NA,NA,NA,NA,NA,NA,NA,1,4,2,74.05817302,0,8,0,2,2,1923,1994,1994,2002,48,29,1,12,55,5,5,0,0,0,0,0,0,0,71,69,0,0,0,0,0,0,0,71
5992,1,"5992-1",2,1,4,NA,NA,NA,NA,NA,NA,NA,1,2,1,57.15233643,0,6,6,2,2,2757,2712,2757,2712,32,29,0,17,0,1,3,0,0,0,0,0,0,0,57,25,0,0,0,0,0,0,0,57
5992,2,"5992-2",2,1,4,NA,NA,NA,NA,NA,NA,NA,1,2,1,57.15233643,1,6,7,2,2,2712,2715,2757,2712,33,32,1,17,0,1,3,0,0,0,0,0,0,0,57,25,0,0,0,0,0,0,0,57
5992,3,"5992-3",2,1,4,NA,NA,NA,NA,NA,NA,NA,1,2,1,57.15233643,0,6,0,2,2,2715,2757,2757,2712,48,33,1,17,0,1,3,0,0,0,0,0,0,0,57,25,0,0,0,0,0,0,0,57
5997,1,"5997-1",2,1,2,NA,NA,NA,NA,NA,NA,NA,1,3,1,99.3232143,0,7,7,2,2,1351,1341,1351,1341,33,32,0,18,45,3,1,0,0,0,0,0,0,0,21,28,0,0,0,0,0,0,0,28
5997,2,"5997-2",2,1,2,NA,NA,NA,NA,NA,NA,NA,1,3,1,99.3232143,0,7,0,2,2,1341,1351,1351,1341,48,33,1,18,45,3,1,0,0,0,0,0,0,0,21,28,0,0,0,0,0,0,0,28
5998,4,"5998-4",4,1,2,3,4,NA,NA,NA,NA,NA,3,2,1,38.307942776,0,9,9,3,3,2755,2712,2755,2712,36,29,0,17,15,1,1,7,7,0,0,0,0,0,44,44,8,8,0,0,0,0,0,44
5998,5,"5998-5",4,1,2,3,4,NA,NA,NA,NA,NA,3,2,1,38.307942776,0,9,0,3,3,2712,2755,2755,2712,48,36,1,17,15,1,1,7,7,0,0,0,0,0,44,44,8,8,0,0,0,0,0,44
6001,1,"6001-1",2,1,2,NA,NA,NA,NA,NA,NA,NA,1,2,1,39.888783932,0,9,9,2,2,2712,2721,2712,2721,37,33,0,19,0,1,1,0,0,0,0,0,0,0,35,35,0,0,0,0,0,0,0,35
6001,2,"6001-2",2,1,2,NA,NA,NA,NA,NA,NA,NA,1,2,1,39.888783932,0,9,0,2,2,2721,2712,2712,2721,48,37,1,19,0,1,1,0,0,0,0,0,0,0,35,35,0,0,0,0,0,0,0,35
6003,1,"6003-1",2,1,3,NA,NA,NA,NA,NA,NA,NA,3,1,1,111.6711463,0,5,5,2,2,1994,1923,1994,1923,28,25,0,15,27,4,8,0,0,0,0,0,0,0,45,2,0,0,0,0,0,0,0,45
6003,2,"6003-2",2,1,3,NA,NA,NA,NA,NA,NA,NA,3,1,1,111.6711463,1,5,5,2,2,1923,1923,1994,1923,29,28,1,15,27,4,8,0,0,0,0,0,0,0,45,2,0,0,0,0,0,0,0,45
6003,3,"6003-3",2,1,3,NA,NA,NA,NA,NA,NA,NA,3,1,1,111.6711463,1,5,5,2,2,1923,1954,1994,1923,30,29,1,15,27,4,8,0,0,0,0,0,0,0,45,2,0,0,0,0,0,0,0,45
6003,4,"6003-4",2,1,3,NA,NA,NA,NA,NA,NA,NA,3,1,1,111.6711463,0,5,0,2,2,1954,1994,1994,1923,48,30,1,15,27,4,8,0,0,0,0,0,0,0,45,2,0,0,0,0,0,0,0,45
6007,1,"6007-1",2,1,2,NA,NA,NA,NA,NA,NA,NA,1,1,1,110.5320597,0,9,9,2,2,1158,1162,1158,1162,34,33,0,19,0,4,1,0,0,0,0,0,0,0,47,47,0,0,0,0,0,0,0,47
6007,2,"6007-2",2,1,2,NA,NA,NA,NA,NA,NA,NA,1,1,1,110.5320597,0,9,0,2,2,1162,1158,1158,1162,48,34,1,19,0,4,1,0,0,0,0,0,0,0,47,47,0,0,0,0,0,0,0,47
6025,1,"6025-1",2,1,2,NA,NA,NA,NA,NA,NA,NA,1,1,1,72.4872013,0,9,9,2,2,300,321,300,321,37,32,0,18,30,2,1,0,0,0,0,0,0,0,56,59,0,0,0,0,0,0,0,59
6025,2,"6025-2",2,1,2,NA,NA,NA,NA,NA,NA,NA,1,1,1,72.4872013,0,9,0,2,2,321,300,300,321,48,37,1,18,30,2,1,0,0,0,0,0,0,0,56,59,0,0,0,0,0,0,0,59
6038,1,"6038-1",2,1,2,NA,NA,NA,NA,NA,NA,NA,1,1,1,70.033154872,1,6,4,2,3,28,28,28,42,19,19,0,12,17,4,4,0,0,0,0,0,0,0,46,36,0,0,0,0,0,0,0,46
6038,2,"6038-2",2,1,2,NA,NA,NA,NA,NA,NA,NA,1,1,1,70.033154872,1,6,7,3,3,28,92,28,42,20,19,0,12,17,4,4,0,0,0,0,0,0,0,46,36,0,0,0,0,0,0,0,46
6038,3,"6038-3",2,1,2,NA,NA,NA,NA,NA,NA,NA,1,1,1,70.033154872,1,6,6,3,3,92,34,28,42,20,20,0,12,17,4,4,0,0,0,0,0,0,0,46,36,0,0,0,0,0,0,0,46
6038,4,"6038-4",2,1,2,NA,NA,NA,NA,NA,NA,NA,1,1,1,70.033154872,1,6,6,3,3,34,100,28,42,20,20,0,12,17,4,4,0,0,0,0,0,0,0,46,36,0,0,0,0,0,0,0,46
6038,5,"6038-5",2,1,2,NA,NA,NA,NA,NA,NA,NA,1,1,1,70.033154872,1,6,7,3,3,100,416,28,42,21,20,0,12,17,4,4,0,0,0,0,0,0,0,46,36,0,0,0,0,0,0,0,46
6038,6,"6038-6",2,1,2,NA,NA,NA,NA,NA,NA,NA,1,1,1,70.033154872,1,6,6,3,3,416,23,28,42,21,21,0,12,17,4,4,0,0,0,0,0,0,0,46,36,0,0,0,0,0,0,0,46
6038,7,"6038-7",2,1,2,NA,NA,NA,NA,NA,NA,NA,1,1,1,70.033154872,0,6,6,3,3,23,42,28,42,24,21,0,12,17,4,4,0,0,0,0,0,0,0,46,36,0,0,0,0,0,0,0,46
6038,8,"6038-8",2,1,2,NA,NA,NA,NA,NA,NA,NA,1,1,1,70.033154872,1,6,5,3,3,42,39,28,42,25,24,1,12,17,4,4,0,0,0,0,0,0,0,46,36,0,0,0,0,0,0,0,46
6038,9,"6038-9",2,1,2,NA,NA,NA,NA,NA,NA,NA,1,1,1,70.033154872,1,6,5,3,3,39,31,28,42,26,25,1,12,17,4,4,0,0,0,0,0,0,0,46,36,0,0,0,0,0,0,0,46
6038,10,"6038-10",2,1,2,NA,NA,NA,NA,NA,NA,NA,1,1,1,70.033154872,1,6,4,3,3,31,28,28,42,27,26,1,12,17,4,4,0,0,0,0,0,0,0,46,36,0,0,0,0,0,0,0,46
6038,11,"6038-11",2,1,2,NA,NA,NA,NA,NA,NA,NA,1,1,1,70.033154872,0,6,0,2,3,28,28,28,42,27,27,1,12,17,4,4,0,0,0,0,0,0,0,46,36,0,0,0,0,0,0,0,46
6038,12,"6038-12",2,1,2,NA,NA,NA,NA,NA,NA,NA,1,2,2,70.033154872,0,7,7,2,2,28,26,28,26,30,27,0,16,15,4,4,0,0,0,0,0,0,0,46,36,0,0,0,0,0,0,0,46
6038,13,"6038-13",2,1,2,NA,NA,NA,NA,NA,NA,NA,1,2,2,70.033154872,0,7,0,2,2,26,28,28,26,48,30,1,16,15,4,4,0,0,0,0,0,0,0,46,36,0,0,0,0,0,0,0,46
6042,1,"6042-1",2,1,2,NA,NA,NA,NA,NA,NA,NA,1,2,1,115.3205731,0,7,7,2,2,1629,1278,1629,1278,33,31,0,18,10,4,2,0,0,0,0,0,0,0,60,66,0,0,0,0,0,0,0,66
6042,2,"6042-2",2,1,2,NA,NA,NA,NA,NA,NA,NA,1,2,1,115.3205731,0,7,0,2,2,1278,1629,1629,1278,48,33,1,18,10,4,2,0,0,0,0,0,0,0,60,66,0,0,0,0,0,0,0,66
6044,2,"6044-2",2,2,4,NA,NA,NA,NA,NA,NA,NA,3,2,1,25.876267088,0,5,5,2,2,2567,2567,2567,2567,33,32,0,18,50,1,7,0,0,0,0,0,0,0,48,14,0,0,0,0,0,0,0,48
6044,3,"6044-3",2,2,4,NA,NA,NA,NA,NA,NA,NA,3,2,1,25.876267088,0,5,0,2,2,2567,2567,2567,2567,48,33,1,18,50,1,7,0,0,0,0,0,0,0,48,14,0,0,0,0,0,0,0,48
6050,1,"6050-1",2,1,2,NA,NA,NA,NA,NA,NA,NA,1,1,1,43.1422068,0,9,9,2,2,1182,1182,1182,1182,11,8,0,6,50,2,1,0,0,0,0,0,0,0,65,66,0,0,0,0,0,0,0,66
6050,2,"6050-2",2,1,2,NA,NA,NA,NA,NA,NA,NA,1,1,1,43.1422068,0,9,0,2,2,1182,1182,1182,1182,13,11,1,6,50,2,1,0,0,0,0,0,0,0,65,66,0,0,0,0,0,0,0,66
6051,1,"6051-1",2,1,2,NA,NA,NA,NA,NA,NA,NA,1,1,1,43.3624226,0,7,7,2,2,2337,2133,2337,2133,34,31,0,18,0,5,5,0,0,0,0,0,0,0,68,67,0,0,0,0,0,0,0,68
6051,2,"6051-2",2,1,2,NA,NA,NA,NA,NA,NA,NA,1,1,1,43.3624226,0,7,0,2,2,2133,2337,2337,2133,48,34,1,18,0,5,5,0,0,0,0,0,0,0,68,67,0,0,0,0,0,0,0,68
6054,1,"6054-1",2,1,3,NA,NA,NA,NA,NA,NA,NA,1,1,1,105.257992395,0,4,4,2,3,556,512,556,512,11,10,0,7,50,4,4,0,0,0,0,0,0,0,63,36,0,0,0,0,0,0,0,63
6054,2,"6054-2",2,1,3,NA,NA,NA,NA,NA,NA,NA,1,1,1,105.257992395,1,4,7,3,3,512,502,556,512,11,11,1,7,50,4,4,0,0,0,0,0,0,0,63,36,0,0,0,0,0,0,0,63
6054,3,"6054-3",2,1,3,NA,NA,NA,NA,NA,NA,NA,1,1,1,105.257992395,1,4,4,3,3,502,556,556,512,12,11,1,7,50,4,4,0,0,0,0,0,0,0,63,36,0,0,0,0,0,0,0,63
6054,4,"6054-4",2,1,3,NA,NA,NA,NA,NA,NA,NA,1,1,1,105.257992395,1,4,6,2,3,556,554,556,512,12,12,1,7,50,4,4,0,0,0,0,0,0,0,63,36,0,0,0,0,0,0,0,63
6054,5,"6054-5",2,1,3,NA,NA,NA,NA,NA,NA,NA,1,1,1,105.257992395,0,4,0,2,3,554,556,556,512,14,12,1,7,50,4,4,0,0,0,0,0,0,0,63,36,0,0,0,0,0,0,0,63
6054,6,"6054-6",2,1,3,NA,NA,NA,NA,NA,NA,NA,1,2,2,105.257992395,1,6,7,2,2,556,556,556,457,14,14,0,9,50,4,4,0,0,0,0,0,0,0,63,36,0,0,0,0,0,0,0,63
6054,7,"6054-7",2,1,3,NA,NA,NA,NA,NA,NA,NA,1,2,2,105.257992395,0,6,6,2,2,556,457,556,457,15,14,0,9,50,4,4,0,0,0,0,0,0,0,63,36,0,0,0,0,0,0,0,63
6054,8,"6054-8",2,1,3,NA,NA,NA,NA,NA,NA,NA,1,2,2,105.257992395,0,6,0,2,2,457,556,556,457,19,15,1,9,50,4,4,0,0,0,0,0,0,0,63,36,0,0,0,0,0,0,0,63
6054,9,"6054-9",2,1,3,NA,NA,NA,NA,NA,NA,NA,1,3,3,105.257992395,0,5,5,2,2,556,551,556,551,20,19,0,12,0,4,4,0,0,0,0,0,0,0,63,36,0,0,0,0,0,0,0,63
6054,10,"6054-10",2,1,3,NA,NA,NA,NA,NA,NA,NA,1,3,3,105.257992395,0,5,0,2,2,551,556,556,551,21,20,1,12,0,4,4,0,0,0,0,0,0,0,63,36,0,0,0,0,0,0,0,63
6054,11,"6054-11",3,1,2,3,NA,NA,NA,NA,NA,NA,1,4,4,105.257992395,0,6,6,3,3,556,555,556,555,22,21,0,13,10,4,5,4,0,0,0,0,0,0,63,65,36,0,0,0,0,0,0,65
6054,12,"6054-12",3,1,2,3,NA,NA,NA,NA,NA,NA,1,4,4,105.257992395,0,6,0,3,3,555,556,556,555,24,22,1,13,10,4,5,4,0,0,0,0,0,0,63,65,36,0,0,0,0,0,0,65
6058,1,"6058-1",2,1,2,NA,NA,NA,NA,NA,NA,NA,1,2,1,9.270475,0,7,7,3,3,2472,2432,2472,2432,20,19,0,12,6,5,5,0,0,0,0,0,0,0,67,68,0,0,0,0,0,0,0,68
6058,2,"6058-2",2,1,2,NA,NA,NA,NA,NA,NA,NA,1,2,1,9.270475,0,7,0,3,3,2432,2472,2472,2432,48,20,1,12,6,5,5,0,0,0,0,0,0,0,67,68,0,0,0,0,0,0,0,68
6061,1,"6061-1",2,1,2,NA,NA,NA,NA,NA,NA,NA,1,4,1,29.500685192,0,9,9,2,2,1206,936,1206,936,33,28,0,16,45,5,5,0,0,0,0,0,0,0,67,71,0,0,0,0,0,0,0,71
6061,2,"6061-2",2,1,2,NA,NA,NA,NA,NA,NA,NA,1,4,1,29.500685192,0,9,0,2,2,936,1206,1206,936,48,33,1,16,45,5,5,0,0,0,0,0,0,0,67,71,0,0,0,0,0,0,0,71
6069,1,"6069-1",2,1,2,NA,NA,NA,NA,NA,NA,NA,3,1,1,78.028754996,0,5,5,2,2,72,1698,72,1698,29,27,0,16,0,1,7,0,0,0,0,0,0,0,57,14,0,0,0,0,0,0,0,57
6069,2,"6069-2",2,1,2,NA,NA,NA,NA,NA,NA,NA,3,1,1,78.028754996,1,5,5,2,2,1698,1691,72,1698,30,29,1,16,0,1,7,0,0,0,0,0,0,0,57,14,0,0,0,0,0,0,0,57
6069,3,"6069-3",2,1,2,NA,NA,NA,NA,NA,NA,NA,3,1,1,78.028754996,0,5,0,2,2,1691,72,72,1698,48,30,1,16,0,1,7,0,0,0,0,0,0,0,57,14,0,0,0,0,0,0,0,57
6084,1,"6084-1",2,1,3,NA,NA,NA,NA,NA,NA,NA,3,1,1,28.4808207,1,5,4,2,2,2755,2738,2755,2789,19,18,0,11,49,4,8,0,0,0,0,0,0,0,33,0,0,0,0,0,0,0,0,33
6084,2,"6084-2",2,1,3,NA,NA,NA,NA,NA,NA,NA,3,1,1,28.4808207,1,5,5,2,2,2738,2738,2755,2789,19,19,0,11,49,4,8,0,0,0,0,0,0,0,33,0,0,0,0,0,0,0,0,33
6084,3,"6084-3",2,1,3,NA,NA,NA,NA,NA,NA,NA,3,1,1,28.4808207,0,5,5,2,2,2738,2789,2755,2789,22,19,0,11,49,4,8,0,0,0,0,0,0,0,33,0,0,0,0,0,0,0,0,33
6084,4,"6084-4",2,1,3,NA,NA,NA,NA,NA,NA,NA,3,1,1,28.4808207,1,5,4,2,2,2789,2738,2755,2789,23,22,1,11,49,4,8,0,0,0,0,0,0,0,33,0,0,0,0,0,0,0,0,33
6084,5,"6084-5",2,1,3,NA,NA,NA,NA,NA,NA,NA,3,1,1,28.4808207,0,5,0,2,2,2738,2755,2755,2789,30,23,1,11,49,4,8,0,0,0,0,0,0,0,33,0,0,0,0,0,0,0,0,33
6086,5,"6086-5",4,1,3,4,5,NA,NA,NA,NA,NA,3,3,1,21.6725175,0,7,7,3,3,2483,2482,2483,2482,25,24,0,14,58,4,8,8,8,0,0,0,0,0,32,5,2,0,0,0,0,0,0,32
6086,6,"6086-6",4,1,3,4,5,NA,NA,NA,NA,NA,3,3,1,21.6725175,0,7,0,3,3,2482,2483,2483,2482,48,25,1,14,58,4,8,8,8,0,0,0,0,0,32,5,2,0,0,0,0,0,0,32
6090,1,"6090-1",2,1,2,NA,NA,NA,NA,NA,NA,NA,1,1,1,36.806476464,0,6,6,2,2,1031,1273,1031,1273,17,14,0,9,30,4,5,0,0,0,0,0,0,0,62,72,0,0,0,0,0,0,0,72
6090,2,"6090-2",2,1,2,NA,NA,NA,NA,NA,NA,NA,1,1,1,36.806476464,1,6,5,2,2,1273,1078,1031,1273,20,17,1,9,30,4,5,0,0,0,0,0,0,0,62,72,0,0,0,0,0,0,0,72
6090,3,"6090-3",2,1,2,NA,NA,NA,NA,NA,NA,NA,1,1,1,36.806476464,1,6,7,2,2,1078,1033,1031,1273,21,20,1,9,30,4,5,0,0,0,0,0,0,0,62,72,0,0,0,0,0,0,0,72
6090,4,"6090-4",2,1,2,NA,NA,NA,NA,NA,NA,NA,1,1,1,36.806476464,0,6,0,2,2,1033,1031,1031,1273,48,21,1,9,30,4,5,0,0,0,0,0,0,0,62,72,0,0,0,0,0,0,0,72
6092,4,"6092-4",3,2,3,4,NA,NA,NA,NA,NA,NA,3,2,1,58.8436567,0,9,9,3,3,1058,1058,1058,1058,35,32,0,18,50,1,7,8,0,0,0,0,0,0,46,8,3,0,0,0,0,0,0,46
6092,5,"6092-5",3,2,3,4,NA,NA,NA,NA,NA,NA,3,2,1,58.8436567,0,9,0,3,3,1058,1058,1058,1058,48,35,1,18,50,1,7,8,0,0,0,0,0,0,46,8,3,0,0,0,0,0,0,46
6102,1,"6102-1",2,1,2,NA,NA,NA,NA,NA,NA,NA,1,1,1,64.1639152,0,7,7,2,2,831,1290,831,1290,21,18,0,11,51,2,4,0,0,0,0,0,0,0,57,55,0,0,0,0,0,0,0,57
6102,2,"6102-2",2,1,2,NA,NA,NA,NA,NA,NA,NA,1,1,1,64.1639152,1,7,5,2,2,1290,830,831,1290,23,21,1,11,51,2,4,0,0,0,0,0,0,0,57,55,0,0,0,0,0,0,0,57
6102,3,"6102-3",2,1,2,NA,NA,NA,NA,NA,NA,NA,1,1,1,64.1639152,0,7,0,2,2,830,831,831,1290,48,23,1,11,51,2,4,0,0,0,0,0,0,0,57,55,0,0,0,0,0,0,0,57
6129,1,"6129-1",3,1,3,4,NA,NA,NA,NA,NA,NA,3,1,1,166.664770276,1,9,4,3,3,472,472,472,448,12,12,0,8,45,2,7,8,0,0,0,0,0,0,37,7,4,0,0,0,0,0,0,37
6129,2,"6129-2",3,1,3,4,NA,NA,NA,NA,NA,NA,3,1,1,166.664770276,0,9,9,3,3,472,448,472,448,18,12,0,8,45,2,7,8,0,0,0,0,0,0,37,7,4,0,0,0,0,0,0,37
6129,3,"6129-3",3,1,3,4,NA,NA,NA,NA,NA,NA,3,1,1,166.664770276,1,9,7,3,3,448,443,472,448,20,18,1,8,45,2,7,8,0,0,0,0,0,0,37,7,4,0,0,0,0,0,0,37
6129,4,"6129-4",3,1,3,4,NA,NA,NA,NA,NA,NA,3,1,1,166.664770276,1,9,5,3,3,443,466,472,448,23,20,1,8,45,2,7,8,0,0,0,0,0,0,37,7,4,0,0,0,0,0,0,37
6129,5,"6129-5",3,1,3,4,NA,NA,NA,NA,NA,NA,3,1,1,166.664770276,0,9,0,3,3,466,472,472,448,26,23,1,8,45,2,7,8,0,0,0,0,0,0,37,7,4,0,0,0,0,0,0,37
6131,1,"6131-1",2,3,4,NA,NA,NA,NA,NA,NA,NA,2,1,1,248.8084172,0,3,3,9,9,310,201,310,201,27,7,0,6,0,6,6,0,0,0,0,0,0,0,18,17,0,0,0,0,0,0,0,18
6131,2,"6131-2",2,3,4,NA,NA,NA,NA,NA,NA,NA,2,1,1,248.8084172,0,3,0,9,9,201,310,310,201,48,27,1,6,0,6,6,0,0,0,0,0,0,0,18,17,0,0,0,0,0,0,0,18
6135,1,"6135-1",2,1,2,NA,NA,NA,NA,NA,NA,NA,1,1,1,48.3246749,0,9,9,2,3,1235,1438,1235,1438,17,13,0,9,0,5,5,0,0,0,0,0,0,0,66,68,0,0,0,0,0,0,0,68
6135,2,"6135-2",2,1,2,NA,NA,NA,NA,NA,NA,NA,1,1,1,48.3246749,1,9,5,3,3,1438,1235,1235,1438,17,17,1,9,0,5,5,0,0,0,0,0,0,0,66,68,0,0,0,0,0,0,0,68
6135,3,"6135-3",2,1,2,NA,NA,NA,NA,NA,NA,NA,1,1,1,48.3246749,0,9,0,3,3,1235,1235,1235,1438,48,17,1,9,0,5,5,0,0,0,0,0,0,0,66,68,0,0,0,0,0,0,0,68
6138,1,"6138-1",2,1,3,NA,NA,NA,NA,NA,NA,NA,3,2,1,954.863981452,0,7,7,2,2,343,344,343,344,15,15,0,10,0,2,8,0,0,0,0,0,0,0,23,1,0,0,0,0,0,0,0,23
6138,2,"6138-2",2,1,3,NA,NA,NA,NA,NA,NA,NA,3,2,1,954.863981452,0,7,0,2,2,344,343,343,344,48,15,1,10,0,2,8,0,0,0,0,0,0,0,23,1,0,0,0,0,0,0,0,23
6162,1,"6162-1",2,3,4,NA,NA,NA,NA,NA,NA,NA,2,1,1,349.0247207,0,3,3,3,3,825,825,825,825,25,10,0,7,40,7,7,0,0,0,0,0,0,0,8,8,0,0,0,0,0,0,0,8
6162,2,"6162-2",2,3,4,NA,NA,NA,NA,NA,NA,NA,2,1,1,349.0247207,0,3,0,3,3,825,825,825,825,48,25,1,7,40,7,7,0,0,0,0,0,0,0,8,8,0,0,0,0,0,0,0,8
6163,1,"6163-1",2,1,2,NA,NA,NA,NA,NA,NA,NA,1,1,1,79.385203471,0,5,5,3,3,2400,2272,2400,2272,22,21,0,13,10,5,5,0,0,0,0,0,0,0,66,70,0,0,0,0,0,0,0,70
6163,2,"6163-2",2,1,2,NA,NA,NA,NA,NA,NA,NA,1,1,1,79.385203471,1,5,5,3,3,2272,2273,2400,2272,23,22,1,13,10,5,5,0,0,0,0,0,0,0,66,70,0,0,0,0,0,0,0,70
6163,3,"6163-3",2,1,2,NA,NA,NA,NA,NA,NA,NA,1,1,1,79.385203471,1,5,5,3,3,2273,2273,2400,2272,25,23,1,13,10,5,5,0,0,0,0,0,0,0,66,70,0,0,0,0,0,0,0,70
6163,4,"6163-4",2,1,2,NA,NA,NA,NA,NA,NA,NA,1,1,1,79.385203471,0,5,0,3,3,2273,2400,2400,2272,48,25,1,13,10,5,5,0,0,0,0,0,0,0,66,70,0,0,0,0,0,0,0,70
6167,1,"6167-1",2,2,3,NA,NA,NA,NA,NA,NA,NA,3,1,1,133.4493837,0,5,5,2,2,1743,417,1743,417,17,15,0,10,0,4,8,0,0,0,0,0,0,0,28,0,0,0,0,0,0,0,0,28
6167,2,"6167-2",2,2,3,NA,NA,NA,NA,NA,NA,NA,3,1,1,133.4493837,0,5,0,2,2,417,1743,1743,417,48,17,1,10,0,4,8,0,0,0,0,0,0,0,28,0,0,0,0,0,0,0,0,28
6170,1,"6170-1",2,1,2,NA,NA,NA,NA,NA,NA,NA,1,2,1,61.530817005,0,6,6,2,2,349,1085,349,1085,22,20,0,12,50,2,4,0,0,0,0,0,0,0,67,64,0,0,0,0,0,0,0,67
6170,2,"6170-2",2,1,2,NA,NA,NA,NA,NA,NA,NA,1,2,1,61.530817005,1,6,8,2,2,1085,885,349,1085,25,22,1,12,50,2,4,0,0,0,0,0,0,0,67,64,0,0,0,0,0,0,0,67
6170,3,"6170-3",2,1,2,NA,NA,NA,NA,NA,NA,NA,1,2,1,61.530817005,1,6,7,2,2,885,894,349,1085,27,25,1,12,50,2,4,0,0,0,0,0,0,0,67,64,0,0,0,0,0,0,0,67
6170,4,"6170-4",2,1,2,NA,NA,NA,NA,NA,NA,NA,1,2,1,61.530817005,0,6,0,2,2,894,349,349,1085,48,27,1,12,50,2,4,0,0,0,0,0,0,0,67,64,0,0,0,0,0,0,0,67
6171,1,"6171-1",2,1,2,NA,NA,NA,NA,NA,NA,NA,1,1,1,17.427356654,0,6,6,2,2,2757,2734,2757,2734,29,26,0,15,30,4,4,0,0,0,0,0,0,0,58,59,0,0,0,0,0,0,0,59
6171,2,"6171-2",2,1,2,NA,NA,NA,NA,NA,NA,NA,1,1,1,17.427356654,1,6,5,2,2,2734,2738,2757,2734,30,29,1,15,30,4,4,0,0,0,0,0,0,0,58,59,0,0,0,0,0,0,0,59
6171,3,"6171-3",2,1,2,NA,NA,NA,NA,NA,NA,NA,1,1,1,17.427356654,1,6,7,2,2,2738,2738,2757,2734,31,30,1,15,30,4,4,0,0,0,0,0,0,0,58,59,0,0,0,0,0,0,0,59
6171,4,"6171-4",2,1,2,NA,NA,NA,NA,NA,NA,NA,1,1,1,17.427356654,1,6,5,2,2,2738,2735,2757,2734,32,31,1,15,30,4,4,0,0,0,0,0,0,0,58,59,0,0,0,0,0,0,0,59
6171,5,"6171-5",2,1,2,NA,NA,NA,NA,NA,NA,NA,1,1,1,17.427356654,1,6,7,2,2,2735,2786,2757,2734,33,32,1,15,30,4,4,0,0,0,0,0,0,0,58,59,0,0,0,0,0,0,0,59
6171,6,"6171-6",2,1,2,NA,NA,NA,NA,NA,NA,NA,1,1,1,17.427356654,1,6,7,2,2,2786,2793,2757,2734,34,33,1,15,30,4,4,0,0,0,0,0,0,0,58,59,0,0,0,0,0,0,0,59
6171,7,"6171-7",2,1,2,NA,NA,NA,NA,NA,NA,NA,1,1,1,17.427356654,0,6,0,2,2,2793,2757,2757,2734,48,34,1,15,30,4,4,0,0,0,0,0,0,0,58,59,0,0,0,0,0,0,0,59
6174,1,"6174-1",2,1,2,NA,NA,NA,NA,NA,NA,NA,1,2,1,29.48270598,0,5,5,2,2,2712,2712,2712,2712,30,28,0,16,30,1,4,0,0,0,0,0,0,0,61,63,0,0,0,0,0,0,0,63
6174,2,"6174-2",2,1,2,NA,NA,NA,NA,NA,NA,NA,1,2,1,29.48270598,1,5,5,2,2,2712,2721,2712,2712,31,30,1,16,30,1,4,0,0,0,0,0,0,0,61,63,0,0,0,0,0,0,0,63
6174,3,"6174-3",2,1,2,NA,NA,NA,NA,NA,NA,NA,1,2,1,29.48270598,0,5,0,2,2,2721,2712,2712,2712,48,31,1,16,30,1,4,0,0,0,0,0,0,0,61,63,0,0,0,0,0,0,0,63
6177,1,"6177-1",2,1,2,NA,NA,NA,NA,NA,NA,NA,1,1,1,41.22391336,0,6,6,2,2,1950,1915,1950,1915,18,15,0,10,20,5,5,0,0,0,0,0,0,0,74,72,0,0,0,0,0,0,0,74
6177,2,"6177-2",2,1,2,NA,NA,NA,NA,NA,NA,NA,1,1,1,41.22391336,0,6,0,2,2,1915,1950,1950,1915,48,18,1,10,20,5,5,0,0,0,0,0,0,0,74,72,0,0,0,0,0,0,0,74
6197,1,"6197-1",2,1,2,NA,NA,NA,NA,NA,NA,NA,1,2,1,298.557086669,1,9,9,2,2,811,9999,811,2765,19,14,0,9,30,5,4,0,0,0,0,0,0,0,67,64,0,0,0,0,0,0,0,67
6197,2,"6197-2",2,1,2,NA,NA,NA,NA,NA,NA,NA,1,2,1,298.557086669,1,9,5,2,2,9999,9999,811,2765,20,19,0,9,30,5,4,0,0,0,0,0,0,0,67,64,0,0,0,0,0,0,0,67
6197,3,"6197-3",2,1,2,NA,NA,NA,NA,NA,NA,NA,1,2,1,298.557086669,1,9,7,2,2,9999,9999,811,2765,22,20,0,9,30,5,4,0,0,0,0,0,0,0,67,64,0,0,0,0,0,0,0,67
6197,4,"6197-4",2,1,2,NA,NA,NA,NA,NA,NA,NA,1,2,1,298.557086669,0,9,9,2,2,9999,2765,811,2765,25,22,0,9,30,5,4,0,0,0,0,0,0,0,67,64,0,0,0,0,0,0,0,67
6197,5,"6197-5",2,1,2,NA,NA,NA,NA,NA,NA,NA,1,2,1,298.557086669,0,9,0,2,2,2765,811,811,2765,48,25,1,9,30,5,4,0,0,0,0,0,0,0,67,64,0,0,0,0,0,0,0,67
6200,2,"6200-2",2,1,4,NA,NA,NA,NA,NA,NA,NA,3,2,1,1099.1663102,0,6,6,2,2,63,296,63,296,17,15,0,10,0,4,8,0,0,0,0,0,0,0,29,4,0,0,0,0,0,0,0,29
6200,3,"6200-3",2,1,4,NA,NA,NA,NA,NA,NA,NA,3,2,1,1099.1663102,1,6,8,2,2,296,73,63,296,22,17,1,10,0,4,8,0,0,0,0,0,0,0,29,4,0,0,0,0,0,0,0,29
6200,4,"6200-4",2,1,4,NA,NA,NA,NA,NA,NA,NA,3,2,1,1099.1663102,0,6,0,2,2,73,63,63,296,25,22,1,10,0,4,8,0,0,0,0,0,0,0,29,4,0,0,0,0,0,0,0,29
6202,1,"6202-1",2,1,2,NA,NA,NA,NA,NA,NA,NA,1,3,1,108.0338932,0,9,9,2,2,637,113,637,113,38,33,0,19,0,1,5,0,0,0,0,0,0,0,57,92,0,0,0,0,0,0,0,92
6202,2,"6202-2",2,1,2,NA,NA,NA,NA,NA,NA,NA,1,3,1,108.0338932,0,9,0,2,2,113,637,637,113,48,38,1,19,0,1,5,0,0,0,0,0,0,0,57,92,0,0,0,0,0,0,0,92
6207,1,"6207-1",2,1,2,NA,NA,NA,NA,NA,NA,NA,1,1,1,83.4854288,0,6,6,2,2,16,1767,16,1767,18,13,0,9,5,5,4,0,0,0,0,0,0,0,68,43,0,0,0,0,0,0,0,68
6207,2,"6207-2",2,1,2,NA,NA,NA,NA,NA,NA,NA,1,1,1,83.4854288,1,6,5,2,2,1767,1785,16,1767,20,18,1,9,5,5,4,0,0,0,0,0,0,0,68,43,0,0,0,0,0,0,0,68
6207,3,"6207-3",2,1,2,NA,NA,NA,NA,NA,NA,NA,1,1,1,83.4854288,0,6,0,2,2,1785,16,16,1767,48,20,1,9,5,5,4,0,0,0,0,0,0,0,68,43,0,0,0,0,0,0,0,68
6210,1,"6210-1",2,1,3,NA,NA,NA,NA,NA,NA,NA,1,1,1,156.889525444,0,5,5,4,4,382,382,382,382,18,17,0,11,0,1,4,0,0,0,0,0,0,0,45,40,0,0,0,0,0,0,0,45
6210,2,"6210-2",2,1,3,NA,NA,NA,NA,NA,NA,NA,1,1,1,156.889525444,0,5,0,4,4,382,382,382,382,22,18,1,11,0,1,4,0,0,0,0,0,0,0,45,40,0,0,0,0,0,0,0,45
6217,1,"6217-1",2,1,2,NA,NA,NA,NA,NA,NA,NA,1,2,1,156.021371025,0,6,6,2,2,2112,2344,2112,2344,35,33,0,19,0,5,5,0,0,0,0,0,0,0,71,71,0,0,0,0,0,0,0,71
6217,2,"6217-2",2,1,2,NA,NA,NA,NA,NA,NA,NA,1,2,1,156.021371025,1,6,5,2,2,2344,2214,2112,2344,37,35,1,19,0,5,5,0,0,0,0,0,0,0,71,71,0,0,0,0,0,0,0,71
6217,3,"6217-3",2,1,2,NA,NA,NA,NA,NA,NA,NA,1,2,1,156.021371025,0,6,0,2,2,2214,2112,2112,2344,48,37,1,19,0,5,5,0,0,0,0,0,0,0,71,71,0,0,0,0,0,0,0,71
6218,3,"6218-3",4,1,3,4,5,NA,NA,NA,NA,NA,3,3,1,178.557900768,0,9,9,4,4,2436,2436,2436,2436,33,29,0,17,25,1,7,7,7,0,0,0,0,0,36,9,8,7,0,0,0,0,0,36
6218,4,"6218-4",4,1,3,4,5,NA,NA,NA,NA,NA,3,3,1,178.557900768,0,9,0,4,4,2436,2436,2436,2436,48,33,1,17,25,1,7,7,7,0,0,0,0,0,36,9,8,7,0,0,0,0,0,36
6227,1,"6227-1",2,1,2,NA,NA,NA,NA,NA,NA,NA,1,1,1,139.2264479,0,6,6,2,2,295,62,295,62,18,17,0,11,0,4,1,0,0,0,0,0,0,0,52,52,0,0,0,0,0,0,0,52
6227,2,"6227-2",2,1,2,NA,NA,NA,NA,NA,NA,NA,1,1,1,139.2264479,1,6,6,2,2,62,306,295,62,19,18,1,11,0,4,1,0,0,0,0,0,0,0,52,52,0,0,0,0,0,0,0,52
6227,3,"6227-3",2,1,2,NA,NA,NA,NA,NA,NA,NA,1,1,1,139.2264479,1,6,6,2,2,306,296,295,62,20,19,1,11,0,4,1,0,0,0,0,0,0,0,52,52,0,0,0,0,0,0,0,52
6227,4,"6227-4",2,1,2,NA,NA,NA,NA,NA,NA,NA,1,1,1,139.2264479,1,6,5,2,2,296,300,295,62,21,20,1,11,0,4,1,0,0,0,0,0,0,0,52,52,0,0,0,0,0,0,0,52
6227,5,"6227-5",2,1,2,NA,NA,NA,NA,NA,NA,NA,1,1,1,139.2264479,0,6,0,2,2,300,295,295,62,48,21,1,11,0,4,1,0,0,0,0,0,0,0,52,52,0,0,0,0,0,0,0,52
6228,2,"6228-2",2,3,5,NA,NA,NA,NA,NA,NA,NA,3,4,1,73.6823164,0,9,9,4,4,1507,1507,1507,1507,30,30,0,17,30,4,8,0,0,0,0,0,0,0,41,3,0,0,0,0,0,0,0,41
6228,3,"6228-3",2,3,5,NA,NA,NA,NA,NA,NA,NA,3,4,1,73.6823164,0,9,0,4,4,1507,1507,1507,1507,48,30,1,17,30,4,8,0,0,0,0,0,0,0,41,3,0,0,0,0,0,0,0,41
6232,4,"6232-4",4,1,3,4,5,NA,NA,NA,NA,NA,3,3,1,191.4898344,0,9,9,3,3,868,877,868,877,35,32,0,18,40,4,7,7,7,0,0,0,0,0,44,12,8,6,0,0,0,0,0,44
6232,5,"6232-5",4,1,3,4,5,NA,NA,NA,NA,NA,3,3,1,191.4898344,0,9,0,3,3,877,868,868,877,48,35,1,18,40,4,7,7,7,0,0,0,0,0,44,12,8,6,0,0,0,0,0,44
6233,1,"6233-1",2,1,3,NA,NA,NA,NA,NA,NA,NA,1,1,1,109.795239039,1,6,4,2,2,340,298,340,1081,20,20,0,12,30,4,4,0,0,0,0,0,0,0,60,30,0,0,0,0,0,0,0,60
6233,2,"6233-2",2,1,3,NA,NA,NA,NA,NA,NA,NA,1,1,1,109.795239039,0,6,6,2,2,298,1081,340,1081,23,20,0,12,30,4,4,0,0,0,0,0,0,0,60,30,0,0,0,0,0,0,0,60
6233,3,"6233-3",2,1,3,NA,NA,NA,NA,NA,NA,NA,1,1,1,109.795239039,1,6,7,2,2,1081,990,340,1081,27,23,1,12,30,4,4,0,0,0,0,0,0,0,60,30,0,0,0,0,0,0,0,60
6233,4,"6233-4",2,1,3,NA,NA,NA,NA,NA,NA,NA,1,1,1,109.795239039,1,6,4,2,2,990,298,340,1081,29,27,1,12,30,4,4,0,0,0,0,0,0,0,60,30,0,0,0,0,0,0,0,60
6233,5,"6233-5",2,1,3,NA,NA,NA,NA,NA,NA,NA,1,1,1,109.795239039,0,6,0,2,2,298,340,340,1081,48,29,1,12,30,4,4,0,0,0,0,0,0,0,60,30,0,0,0,0,0,0,0,60
6255,1,"6255-1",2,1,2,NA,NA,NA,NA,NA,NA,NA,1,1,1,131.0496156,0,8,8,2,2,9999,9999,9999,9999,13,11,0,8,20,5,5,0,0,0,0,0,0,0,82,82,0,0,0,0,0,0,0,82
6255,2,"6255-2",2,1,2,NA,NA,NA,NA,NA,NA,NA,1,1,1,131.0496156,1,8,6,2,2,9999,9999,9999,9999,14,13,1,8,20,5,5,0,0,0,0,0,0,0,82,82,0,0,0,0,0,0,0,82
6255,3,"6255-3",2,1,2,NA,NA,NA,NA,NA,NA,NA,1,1,1,131.0496156,1,8,6,2,2,9999,9999,9999,9999,14,14,1,8,20,5,5,0,0,0,0,0,0,0,82,82,0,0,0,0,0,0,0,82
6255,4,"6255-4",2,1,2,NA,NA,NA,NA,NA,NA,NA,1,1,1,131.0496156,0,8,0,2,2,9999,9999,9999,9999,19,14,1,8,20,5,5,0,0,0,0,0,0,0,82,82,0,0,0,0,0,0,0,82
6260,1,"6260-1",2,1,3,NA,NA,NA,NA,NA,NA,NA,3,1,1,296.199711176,0,9,9,2,2,811,828,811,828,6,5,0,5,0,1,7,0,0,0,0,0,0,0,49,15,0,0,0,0,0,0,0,49
6260,2,"6260-2",2,1,3,NA,NA,NA,NA,NA,NA,NA,3,1,1,296.199711176,0,9,0,2,2,828,811,811,828,8,6,1,5,0,1,7,0,0,0,0,0,0,0,49,15,0,0,0,0,0,0,0,49
6263,5,"6263-5",2,1,2,NA,NA,NA,NA,NA,NA,NA,1,2,1,238.1462018,0,5,5,2,2,62,1691,62,1691,19,18,0,11,40,4,4,0,0,0,0,0,0,0,61,61,0,0,0,0,0,0,0,61
6263,6,"6263-6",2,1,2,NA,NA,NA,NA,NA,NA,NA,1,2,1,238.1462018,0,5,0,2,2,1691,62,62,1691,25,19,1,11,40,4,4,0,0,0,0,0,0,0,61,61,0,0,0,0,0,0,0,61
6270,1,"6270-1",2,1,2,NA,NA,NA,NA,NA,NA,NA,1,1,0,22.424409105,0,NA,1,2,NA,2786,2765,NA,NA,29,19,0,NA,NA,1,2,0,0,0,0,0,0,0,29,29,0,0,0,0,0,0,0,29
6270,2,"6270-2",2,1,2,NA,NA,NA,NA,NA,NA,NA,1,1,0,22.424409105,0,NA,0,2,NA,2765,2786,NA,NA,48,29,1,NA,NA,1,2,0,0,0,0,0,0,0,29,29,0,0,0,0,0,0,0,29
6273,1,"6273-1",2,1,2,NA,NA,NA,NA,NA,NA,NA,1,1,0,43.785335861,0,NA,7,3,NA,1519,1467,NA,NA,31,29,0,NA,NA,4,4,0,0,0,0,0,0,0,54,63,0,0,0,0,0,0,0,63
6273,2,"6273-2",2,1,2,NA,NA,NA,NA,NA,NA,NA,1,1,0,43.785335861,0,NA,0,3,NA,1467,1519,NA,NA,48,31,1,NA,NA,4,4,0,0,0,0,0,0,0,54,63,0,0,0,0,0,0,0,63
6274,1,"6274-1",2,1,2,NA,NA,NA,NA,NA,NA,NA,1,1,1,87.1772008,0,5,5,2,2,1312,1323,1312,1323,25,23,0,14,0,4,4,0,0,0,0,0,0,0,50,60,0,0,0,0,0,0,0,60
6274,2,"6274-2",2,1,2,NA,NA,NA,NA,NA,NA,NA,1,1,1,87.1772008,0,5,0,2,2,1323,1312,1312,1323,48,25,1,14,0,4,4,0,0,0,0,0,0,0,50,60,0,0,0,0,0,0,0,60
6275,1,"6275-1",2,2,3,NA,NA,NA,NA,NA,NA,NA,2,2,1,95.4588003,0,7,7,3,3,1635,1534,1635,1534,34,30,0,17,55,7,7,0,0,0,0,0,0,0,14,11,0,0,0,0,0,0,0,14
6275,2,"6275-2",2,2,3,NA,NA,NA,NA,NA,NA,NA,2,2,1,95.4588003,0,7,0,3,3,1534,1635,1635,1534,48,34,1,17,55,7,7,0,0,0,0,0,0,0,14,11,0,0,0,0,0,0,0,14
6278,1,"6278-1",2,1,2,NA,NA,NA,NA,NA,NA,NA,1,1,1,59.443859,0,6,6,2,2,340,1071,340,1071,25,13,0,9,0,4,4,0,0,0,0,0,0,0,62,61,0,0,0,0,0,0,0,62
6278,2,"6278-2",2,1,2,NA,NA,NA,NA,NA,NA,NA,1,1,1,59.443859,1,6,5,2,2,1071,315,340,1071,28,25,1,9,0,4,4,0,0,0,0,0,0,0,62,61,0,0,0,0,0,0,0,62
6278,3,"6278-3",2,1,2,NA,NA,NA,NA,NA,NA,NA,1,1,1,59.443859,0,6,0,2,2,315,340,340,1071,48,28,1,9,0,4,4,0,0,0,0,0,0,0,62,61,0,0,0,0,0,0,0,62
6279,1,"6279-1",2,1,2,NA,NA,NA,NA,NA,NA,NA,1,2,1,51.184989345,0,9,9,3,3,1744,1741,1744,1741,39,29,0,17,20,1,5,0,0,0,0,0,0,0,69,66,0,0,0,0,0,0,0,69
6279,2,"6279-2",2,1,2,NA,NA,NA,NA,NA,NA,NA,1,2,1,51.184989345,0,9,0,3,3,1741,1744,1744,1741,48,39,1,17,20,1,5,0,0,0,0,0,0,0,69,66,0,0,0,0,0,0,0,69
6285,1,"6285-1",2,1,2,NA,NA,NA,NA,NA,NA,NA,1,1,1,41.028710205,0,8,8,2,2,2625,2631,2625,2631,15,12,0,8,50,1,4,0,0,0,0,0,0,0,50,30,0,0,0,0,0,0,0,50
6285,2,"6285-2",2,1,2,NA,NA,NA,NA,NA,NA,NA,1,1,1,41.028710205,0,8,0,2,2,2631,2625,2625,2631,18,15,1,8,50,1,4,0,0,0,0,0,0,0,50,30,0,0,0,0,0,0,0,50
6285,3,"6285-3",2,1,2,NA,NA,NA,NA,NA,NA,NA,1,2,2,41.028710205,0,6,6,2,2,2625,2687,2625,2687,19,18,0,11,30,1,4,0,0,0,0,0,0,0,50,30,0,0,0,0,0,0,0,50
6285,4,"6285-4",2,1,2,NA,NA,NA,NA,NA,NA,NA,1,2,2,41.028710205,0,6,0,2,2,2687,2625,2625,2687,29,19,1,11,30,1,4,0,0,0,0,0,0,0,50,30,0,0,0,0,0,0,0,50
6285,5,"6285-5",2,1,2,NA,NA,NA,NA,NA,NA,NA,1,3,3,41.028710205,0,6,6,2,2,2625,2626,2625,2626,33,29,0,17,0,1,4,0,0,0,0,0,0,0,50,30,0,0,0,0,0,0,0,50
6285,6,"6285-6",2,1,2,NA,NA,NA,NA,NA,NA,NA,1,3,3,41.028710205,1,6,5,2,2,2626,2669,2625,2626,34,33,1,17,0,1,4,0,0,0,0,0,0,0,50,30,0,0,0,0,0,0,0,50
6285,7,"6285-7",2,1,2,NA,NA,NA,NA,NA,NA,NA,1,3,3,41.028710205,0,6,0,2,2,2669,2625,2625,2626,48,34,1,17,0,1,4,0,0,0,0,0,0,0,50,30,0,0,0,0,0,0,0,50
6292,1,"6292-1",2,1,2,NA,NA,NA,NA,NA,NA,NA,1,2,1,60.7543662,0,9,9,2,2,1155,1022,1155,1022,35,30,0,17,56,1,1,0,0,0,0,0,0,0,22,22,0,0,0,0,0,0,0,22
6292,2,"6292-2",2,1,2,NA,NA,NA,NA,NA,NA,NA,1,2,1,60.7543662,0,9,0,2,2,1022,1155,1155,1022,48,35,1,17,56,1,1,0,0,0,0,0,0,0,22,22,0,0,0,0,0,0,0,22
6295,1,"6295-1",3,1,2,3,NA,NA,NA,NA,NA,NA,3,1,1,97.5579703,1,8,2,3,3,276,276,276,276,24,10,0,7,30,3,1,7,0,0,0,0,0,0,51,21,13,0,0,0,0,0,0,51
6295,2,"6295-2",3,1,2,3,NA,NA,NA,NA,NA,NA,3,1,1,97.5579703,1,8,2,3,3,276,278,276,276,30,24,0,7,30,3,1,7,0,0,0,0,0,0,51,21,13,0,0,0,0,0,0,51
6295,3,"6295-3",3,1,2,3,NA,NA,NA,NA,NA,NA,3,1,1,97.5579703,1,8,5,3,3,278,277,276,276,31,30,0,7,30,3,1,7,0,0,0,0,0,0,51,21,13,0,0,0,0,0,0,51
6295,4,"6295-4",3,1,2,3,NA,NA,NA,NA,NA,NA,3,1,1,97.5579703,0,8,8,3,3,277,276,276,276,48,31,0,7,30,3,1,7,0,0,0,0,0,0,51,21,13,0,0,0,0,0,0,51
6298,1,"6298-1",2,1,2,NA,NA,NA,NA,NA,NA,NA,1,1,1,165.967188152,0,1,1,2,2,1745,853,1745,853,29,9,0,7,0,1,1,0,0,0,0,0,0,0,45,60,0,0,0,0,0,0,0,60
6298,2,"6298-2",2,1,2,NA,NA,NA,NA,NA,NA,NA,1,1,1,165.967188152,0,1,0,2,2,853,1745,1745,853,48,29,1,7,0,1,1,0,0,0,0,0,0,0,45,60,0,0,0,0,0,0,0,60
6303,1,"6303-1",2,4,5,NA,NA,NA,NA,NA,NA,NA,2,1,1,255.53029264,0,3,3,9,9,1601,1624,1601,1624,23,8,0,6,30,6,7,0,0,0,0,0,0,0,16,8,0,0,0,0,0,0,0,16
6303,2,"6303-2",2,4,5,NA,NA,NA,NA,NA,NA,NA,2,1,1,255.53029264,0,3,0,9,9,1624,1601,1601,1624,48,23,1,6,30,6,7,0,0,0,0,0,0,0,16,8,0,0,0,0,0,0,0,16
6309,1,"6309-1",4,1,2,3,4,NA,NA,NA,NA,NA,1,1,0,595.0562607,0,NA,8,3,NA,340,121,NA,NA,35,32,0,NA,NA,4,4,4,4,0,0,0,0,0,30,63,21,29,0,0,0,0,0,63
6309,2,"6309-2",4,1,2,3,4,NA,NA,NA,NA,NA,1,1,0,595.0562607,1,NA,8,3,NA,121,347,NA,NA,38,35,1,NA,NA,4,4,4,4,0,0,0,0,0,30,63,21,29,0,0,0,0,0,63
6309,3,"6309-3",4,1,2,3,4,NA,NA,NA,NA,NA,1,1,0,595.0562607,0,NA,0,3,NA,347,340,NA,NA,48,38,1,NA,NA,4,4,4,4,0,0,0,0,0,30,63,21,29,0,0,0,0,0,63
6321,1,"6321-1",2,1,3,NA,NA,NA,NA,NA,NA,NA,3,1,1,51.929179672,0,9,9,2,2,2754,2788,2754,2788,16,14,0,9,45,2,8,0,0,0,0,0,0,0,40,2,0,0,0,0,0,0,0,40
6321,2,"6321-2",2,1,3,NA,NA,NA,NA,NA,NA,NA,3,1,1,51.929179672,0,9,0,2,2,2788,2754,2754,2788,30,16,1,9,45,2,8,0,0,0,0,0,0,0,40,2,0,0,0,0,0,0,0,40
6321,3,"6321-3",2,1,3,NA,NA,NA,NA,NA,NA,NA,3,2,2,51.929179672,0,5,5,2,2,2754,2738,2754,2738,31,30,0,17,30,2,8,0,0,0,0,0,0,0,40,2,0,0,0,0,0,0,0,40
6321,4,"6321-4",2,1,3,NA,NA,NA,NA,NA,NA,NA,3,2,2,51.929179672,0,5,0,2,2,2738,2754,2754,2738,48,31,1,17,30,2,8,0,0,0,0,0,0,0,40,2,0,0,0,0,0,0,0,40
6323,1,"6323-1",2,1,2,NA,NA,NA,NA,NA,NA,NA,1,1,1,64.2506008,0,6,6,2,2,40,1836,40,1836,17,12,0,8,34,4,5,0,0,0,0,0,0,0,53,70,0,0,0,0,0,0,0,70
6323,2,"6323-2",2,1,2,NA,NA,NA,NA,NA,NA,NA,1,1,1,64.2506008,1,6,5,2,2,1836,1761,40,1836,21,17,1,8,34,4,5,0,0,0,0,0,0,0,53,70,0,0,0,0,0,0,0,70
6323,3,"6323-3",2,1,2,NA,NA,NA,NA,NA,NA,NA,1,1,1,64.2506008,0,6,0,2,2,1761,40,40,1836,48,21,1,8,34,4,5,0,0,0,0,0,0,0,53,70,0,0,0,0,0,0,0,70
6325,3,"6325-3",3,1,9,10,NA,NA,NA,NA,NA,NA,3,3,1,51.3719976,0,5,5,3,3,2620,2669,2620,2669,22,20,0,12,30,4,8,8,0,0,0,0,0,0,28,3,0,0,0,0,0,0,0,28
6325,4,"6325-4",3,1,9,10,NA,NA,NA,NA,NA,NA,3,3,1,51.3719976,0,5,0,3,3,2669,2620,2620,2669,25,22,1,12,30,4,8,8,0,0,0,0,0,0,28,3,0,0,0,0,0,0,0,28
6328,1,"6328-1",2,1,2,NA,NA,NA,NA,NA,NA,NA,1,1,1,95.795853796,0,8,8,2,2,1961,2018,1961,2018,25,18,0,11,45,5,5,0,0,0,0,0,0,0,75,69,0,0,0,0,0,0,0,75
6328,2,"6328-2",2,1,2,NA,NA,NA,NA,NA,NA,NA,1,1,1,95.795853796,1,8,6,2,2,2018,1941,1961,2018,26,25,1,11,45,5,5,0,0,0,0,0,0,0,75,69,0,0,0,0,0,0,0,75
6328,3,"6328-3",2,1,2,NA,NA,NA,NA,NA,NA,NA,1,1,1,95.795853796,0,8,0,2,2,1941,1961,1961,2018,48,26,1,11,45,5,5,0,0,0,0,0,0,0,75,69,0,0,0,0,0,0,0,75
6330,2,"6330-2",2,2,4,NA,NA,NA,NA,NA,NA,NA,3,2,1,131.17891262,0,9,9,2,2,1961,1838,1961,1838,35,32,0,18,55,1,7,0,0,0,0,0,0,0,51,12,0,0,0,0,0,0,0,51
6330,3,"6330-3",2,2,4,NA,NA,NA,NA,NA,NA,NA,3,2,1,131.17891262,1,9,9,2,2,1838,1896,1961,1838,37,35,1,18,55,1,7,0,0,0,0,0,0,0,51,12,0,0,0,0,0,0,0,51
6330,4,"6330-4",2,2,4,NA,NA,NA,NA,NA,NA,NA,3,2,1,131.17891262,0,9,0,2,2,1896,1961,1961,1838,48,37,1,18,55,1,7,0,0,0,0,0,0,0,51,12,0,0,0,0,0,0,0,51
6333,1,"6333-1",2,1,2,NA,NA,NA,NA,NA,NA,NA,1,1,1,80.97290754042,0,5,5,2,2,2346,2363,2346,2363,17,15,0,10,0,5,5,0,0,0,0,0,0,0,71,83,0,0,0,0,0,0,0,83
6333,2,"6333-2",2,1,2,NA,NA,NA,NA,NA,NA,NA,1,1,1,80.97290754042,1,5,7,2,2,2363,2355,2346,2363,18,17,1,10,0,5,5,0,0,0,0,0,0,0,71,83,0,0,0,0,0,0,0,83
6333,3,"6333-3",2,1,2,NA,NA,NA,NA,NA,NA,NA,1,1,1,80.97290754042,1,5,6,2,2,2355,2206,2346,2363,19,18,1,10,0,5,5,0,0,0,0,0,0,0,71,83,0,0,0,0,0,0,0,83
6333,4,"6333-4",2,1,2,NA,NA,NA,NA,NA,NA,NA,1,1,1,80.97290754042,1,5,5,2,2,2206,2198,2346,2363,21,19,1,10,0,5,5,0,0,0,0,0,0,0,71,83,0,0,0,0,0,0,0,83
6333,5,"6333-5",2,1,2,NA,NA,NA,NA,NA,NA,NA,1,1,1,80.97290754042,1,5,6,2,2,2198,2195,2346,2363,21,21,1,10,0,5,5,0,0,0,0,0,0,0,71,83,0,0,0,0,0,0,0,83
6333,6,"6333-6",2,1,2,NA,NA,NA,NA,NA,NA,NA,1,1,1,80.97290754042,1,5,9,2,2,2195,2208,2346,2363,22,21,1,10,0,5,5,0,0,0,0,0,0,0,71,83,0,0,0,0,0,0,0,83
6333,7,"6333-7",2,1,2,NA,NA,NA,NA,NA,NA,NA,1,1,1,80.97290754042,0,5,0,2,2,2208,2346,2346,2363,48,22,1,10,0,5,5,0,0,0,0,0,0,0,71,83,0,0,0,0,0,0,0,83
6334,3,"6334-3",2,2,4,NA,NA,NA,NA,NA,NA,NA,3,2,2,68.9775085,0,9,9,2,2,1235,1207,1235,1207,34,32,0,18,40,1,7,0,0,0,0,0,0,0,39,7,0,0,0,0,0,0,0,39
6334,4,"6334-4",2,2,4,NA,NA,NA,NA,NA,NA,NA,3,2,2,68.9775085,0,9,0,2,2,1207,1235,1235,1207,48,34,1,18,40,1,7,0,0,0,0,0,0,0,39,7,0,0,0,0,0,0,0,39
6334,1,"6334-1",2,4,5,NA,NA,NA,NA,NA,NA,NA,2,1,1,76.3500046,0,3,3,9,9,1235,1234,1235,1234,27,12,0,8,35,7,8,0,0,0,0,0,0,0,7,5,0,0,0,0,0,0,0,7
6334,2,"6334-2",2,4,5,NA,NA,NA,NA,NA,NA,NA,2,1,1,76.3500046,0,3,0,9,9,1234,1235,1235,1234,32,27,1,8,35,7,8,0,0,0,0,0,0,0,7,5,0,0,0,0,0,0,0,7
6348,1,"6348-1",2,1,2,NA,NA,NA,NA,NA,NA,NA,3,2,1,171.4734473,0,6,6,6,6,62,383,62,383,31,30,0,17,30,4,7,0,0,0,0,0,0,0,59,14,0,0,0,0,0,0,0,59
6348,2,"6348-2",2,1,2,NA,NA,NA,NA,NA,NA,NA,3,2,1,171.4734473,0,6,0,6,6,383,62,62,383,48,31,1,17,30,4,7,0,0,0,0,0,0,0,59,14,0,0,0,0,0,0,0,59
6371,1,"6371-1",2,2,3,NA,NA,NA,NA,NA,NA,NA,3,1,1,111.6711463,0,8,8,2,2,1960,1849,1960,1849,24,16,0,10,30,4,8,0,0,0,0,0,0,0,46,2,0,0,0,0,0,0,0,46
6371,2,"6371-2",2,2,3,NA,NA,NA,NA,NA,NA,NA,3,1,1,111.6711463,0,8,0,2,2,1849,1960,1960,1849,48,24,1,10,30,4,8,0,0,0,0,0,0,0,46,2,0,0,0,0,0,0,0,46
6376,2,"6376-2",5,1,3,4,5,6,NA,NA,NA,NA,3,2,1,42.8934362,0,5,5,3,3,2427,2436,2427,2436,31,30,0,17,30,4,2,7,8,8,0,0,0,0,28,58,6,4,2,0,0,0,0,58
6376,3,"6376-3",5,1,3,4,5,6,NA,NA,NA,NA,3,2,1,42.8934362,1,5,7,3,3,2436,2434,2427,2436,32,31,1,17,30,4,2,7,8,8,0,0,0,0,28,58,6,4,2,0,0,0,0,58
6376,4,"6376-4",5,1,3,4,5,6,NA,NA,NA,NA,3,2,1,42.8934362,0,5,0,3,3,2434,2427,2427,2436,48,32,1,17,30,4,2,7,8,8,0,0,0,0,28,58,6,4,2,0,0,0,0,58
6381,1,"6381-1",2,1,2,NA,NA,NA,NA,NA,NA,NA,1,2,1,131.0496156,0,6,6,2,2,1624,1615,1624,1615,24,23,0,14,15,5,5,0,0,0,0,0,0,0,80,100,0,0,0,0,0,0,0,100
6381,2,"6381-2",2,1,2,NA,NA,NA,NA,NA,NA,NA,1,2,1,131.0496156,1,6,5,2,2,1615,1619,1624,1615,25,24,1,14,15,5,5,0,0,0,0,0,0,0,80,100,0,0,0,0,0,0,0,100
6381,3,"6381-3",2,1,2,NA,NA,NA,NA,NA,NA,NA,1,2,1,131.0496156,0,6,0,2,2,1619,1624,1624,1615,48,25,1,14,15,5,5,0,0,0,0,0,0,0,80,100,0,0,0,0,0,0,0,100
6392,1,"6392-1",2,1,2,NA,NA,NA,NA,NA,NA,NA,1,1,1,29.500685192,1,7,9,2,2,9999,9999,9999,9999,24,21,0,13,23,5,5,0,0,0,0,0,0,0,70,70,0,0,0,0,0,0,0,70
6392,2,"6392-2",2,1,2,NA,NA,NA,NA,NA,NA,NA,1,1,1,29.500685192,1,7,6,2,2,9999,9999,9999,9999,25,24,0,13,23,5,5,0,0,0,0,0,0,0,70,70,0,0,0,0,0,0,0,70
6392,3,"6392-3",2,1,2,NA,NA,NA,NA,NA,NA,NA,1,1,1,29.500685192,1,7,6,2,2,9999,9999,9999,9999,27,25,0,13,23,5,5,0,0,0,0,0,0,0,70,70,0,0,0,0,0,0,0,70
6392,4,"6392-4",2,1,2,NA,NA,NA,NA,NA,NA,NA,1,1,1,29.500685192,0,7,7,2,2,9999,9999,9999,9999,34,27,0,13,23,5,5,0,0,0,0,0,0,0,70,70,0,0,0,0,0,0,0,70
6392,5,"6392-5",2,1,2,NA,NA,NA,NA,NA,NA,NA,1,1,1,29.500685192,0,7,0,2,2,9999,9999,9999,9999,48,34,1,13,23,5,5,0,0,0,0,0,0,0,70,70,0,0,0,0,0,0,0,70
6395,1,"6395-1",2,1,2,NA,NA,NA,NA,NA,NA,NA,1,2,1,160.41772488,0,7,7,2,2,9999,9999,9999,9999,29,26,0,15,52,2,1,0,0,0,0,0,0,0,40,40,0,0,0,0,0,0,0,40
6395,2,"6395-2",2,1,2,NA,NA,NA,NA,NA,NA,NA,1,2,1,160.41772488,0,7,0,2,2,9999,716,9999,9999,34,29,1,15,52,2,1,0,0,0,0,0,0,0,40,40,0,0,0,0,0,0,0,40
6395,3,"6395-3",2,1,2,NA,NA,NA,NA,NA,NA,NA,1,3,2,160.41772488,1,9,9,4,4,716,716,716,716,35,34,0,19,50,2,1,0,0,0,0,0,0,0,40,40,0,0,0,0,0,0,0,40
6395,4,"6395-4",2,1,2,NA,NA,NA,NA,NA,NA,NA,1,3,2,160.41772488,0,9,9,4,4,716,716,716,716,48,35,0,19,50,2,1,0,0,0,0,0,0,0,40,40,0,0,0,0,0,0,0,40
6397,6,"6397-6",5,1,2,3,4,5,NA,NA,NA,NA,3,2,1,72.641766268,0,5,5,3,3,1960,1986,1960,1986,31,30,0,17,30,1,4,7,7,8,0,0,0,0,33,35,8,8,2,0,0,0,0,35
6397,7,"6397-7",5,1,2,3,4,5,NA,NA,NA,NA,3,2,1,72.641766268,0,5,0,3,3,1986,1960,1960,1986,48,31,1,17,30,1,4,7,7,8,0,0,0,0,33,35,8,8,2,0,0,0,0,35
6402,2,"6402-2",2,1,2,NA,NA,NA,NA,NA,NA,NA,1,1,1,38.7334715,1,5,5,2,2,1730,21,1730,1744,24,23,0,14,0,4,5,0,0,0,0,0,0,0,52,80,0,0,0,0,0,0,0,80
6402,3,"6402-3",2,1,2,NA,NA,NA,NA,NA,NA,NA,1,1,1,38.7334715,0,5,5,2,2,21,1744,1730,1744,27,24,0,14,0,4,5,0,0,0,0,0,0,0,52,80,0,0,0,0,0,0,0,80
6402,4,"6402-4",2,1,2,NA,NA,NA,NA,NA,NA,NA,1,1,1,38.7334715,1,5,5,2,2,1744,1744,1730,1744,29,27,1,14,0,4,5,0,0,0,0,0,0,0,52,80,0,0,0,0,0,0,0,80
6402,5,"6402-5",2,1,2,NA,NA,NA,NA,NA,NA,NA,1,1,1,38.7334715,0,5,0,2,2,1744,1730,1730,1744,30,29,1,14,0,4,5,0,0,0,0,0,0,0,52,80,0,0,0,0,0,0,0,80
6403,1,"6403-1",2,1,2,NA,NA,NA,NA,NA,NA,NA,1,1,1,88.529475834,1,2,9,2,2,1554,9999,1554,1554,21,18,0,11,50,3,4,0,0,0,0,0,0,0,75,60,0,0,0,0,0,0,0,75
6403,2,"6403-2",2,1,2,NA,NA,NA,NA,NA,NA,NA,1,1,1,88.529475834,1,2,5,2,2,9999,9999,1554,1554,24,21,0,11,50,3,4,0,0,0,0,0,0,0,75,60,0,0,0,0,0,0,0,75
6403,3,"6403-3",2,1,2,NA,NA,NA,NA,NA,NA,NA,1,1,1,88.529475834,0,2,2,2,2,9999,1554,1554,1554,48,24,0,11,50,3,4,0,0,0,0,0,0,0,75,60,0,0,0,0,0,0,0,75
6405,1,"6405-1",2,2,3,NA,NA,NA,NA,NA,NA,NA,3,1,1,70.51181916,0,5,5,2,3,1405,1384,1405,1384,26,23,0,14,0,1,8,0,0,0,0,0,0,0,33,0,0,0,0,0,0,0,0,33
6405,2,"6405-2",2,2,3,NA,NA,NA,NA,NA,NA,NA,3,1,1,70.51181916,0,5,0,3,3,1384,1405,1405,1384,48,26,1,14,0,1,8,0,0,0,0,0,0,0,33,0,0,0,0,0,0,0,0,33
6410,1,"6410-1",2,1,4,NA,NA,NA,NA,NA,NA,NA,3,1,1,73.6823164,0,6,6,2,2,1090,1109,1090,1109,20,19,0,12,25,4,8,0,0,0,0,0,0,0,30,0,0,0,0,0,0,0,0,30
6410,2,"6410-2",2,1,4,NA,NA,NA,NA,NA,NA,NA,3,1,1,73.6823164,1,6,6,2,2,1109,830,1090,1109,21,20,1,12,25,4,8,0,0,0,0,0,0,0,30,0,0,0,0,0,0,0,0,30
6410,3,"6410-3",2,1,4,NA,NA,NA,NA,NA,NA,NA,3,1,1,73.6823164,0,6,0,2,2,830,1090,1090,1109,22,21,1,12,25,4,8,0,0,0,0,0,0,0,30,0,0,0,0,0,0,0,0,30
6410,4,"6410-4",2,1,4,NA,NA,NA,NA,NA,NA,NA,3,2,2,73.6823164,1,7,7,2,2,1090,1088,1090,1104,22,22,0,13,31,4,8,0,0,0,0,0,0,0,30,0,0,0,0,0,0,0,0,30
6410,5,"6410-5",2,1,4,NA,NA,NA,NA,NA,NA,NA,3,2,2,73.6823164,0,7,7,2,2,1088,1104,1090,1104,22,22,0,13,31,4,8,0,0,0,0,0,0,0,30,0,0,0,0,0,0,0,0,30
6410,6,"6410-6",2,1,4,NA,NA,NA,NA,NA,NA,NA,3,2,2,73.6823164,0,7,0,2,2,1104,1090,1090,1104,28,22,1,13,31,4,8,0,0,0,0,0,0,0,30,0,0,0,0,0,0,0,0,30
6410,7,"6410-7",4,1,2,3,4,NA,NA,NA,NA,NA,3,3,3,73.6823164,1,8,7,3,3,1090,1096,1090,347,29,28,0,16,55,4,7,8,8,0,0,0,0,0,30,8,2,0,0,0,0,0,0,30
6410,8,"6410-8",4,1,2,3,4,NA,NA,NA,NA,NA,3,3,3,73.6823164,0,8,8,3,3,1096,347,1090,347,32,29,0,16,55,4,7,8,8,0,0,0,0,0,30,8,2,0,0,0,0,0,0,30
6410,9,"6410-9",4,1,2,3,4,NA,NA,NA,NA,NA,3,3,3,73.6823164,0,8,0,3,3,347,1090,1090,347,33,32,1,16,55,4,7,8,8,0,0,0,0,0,30,8,2,0,0,0,0,0,0,30
6410,10,"6410-10",4,1,2,3,4,NA,NA,NA,NA,NA,3,4,4,73.6823164,0,5,5,3,3,1090,832,1090,832,35,33,0,19,2,4,7,8,8,0,0,0,0,0,30,8,2,0,0,0,0,0,0,30
6410,11,"6410-11",4,1,2,3,4,NA,NA,NA,NA,NA,3,4,4,73.6823164,0,5,0,3,3,832,1090,1090,832,48,35,1,19,2,4,7,8,8,0,0,0,0,0,30,8,2,0,0,0,0,0,0,30
6421,2,"6421-2",2,1,2,NA,NA,NA,NA,NA,NA,NA,1,2,1,53.864753985,0,7,7,3,3,974,970,974,970,21,20,0,12,45,1,1,0,0,0,0,0,0,0,59,57,0,0,0,0,0,0,0,59
6421,3,"6421-3",2,1,2,NA,NA,NA,NA,NA,NA,NA,1,2,1,53.864753985,0,7,1,3,3,970,974,974,970,26,21,1,12,45,1,1,0,0,0,0,0,0,0,59,57,0,0,0,0,0,0,0,59
6431,1,"6431-1",2,1,2,NA,NA,NA,NA,NA,NA,NA,1,1,1,29.500685192,0,5,5,2,2,1601,1595,1601,1595,16,14,0,9,50,5,5,0,0,0,0,0,0,0,68,69,0,0,0,0,0,0,0,69
6431,2,"6431-2",2,1,2,NA,NA,NA,NA,NA,NA,NA,1,1,1,29.500685192,1,5,6,2,2,1595,1600,1601,1595,16,16,1,9,50,5,5,0,0,0,0,0,0,0,68,69,0,0,0,0,0,0,0,69
6431,3,"6431-3",2,1,2,NA,NA,NA,NA,NA,NA,NA,1,1,1,29.500685192,1,5,6,2,2,1600,1614,1601,1595,16,16,1,9,50,5,5,0,0,0,0,0,0,0,68,69,0,0,0,0,0,0,0,69
6431,4,"6431-4",2,1,2,NA,NA,NA,NA,NA,NA,NA,1,1,1,29.500685192,0,5,0,2,2,1614,1601,1601,1595,48,16,1,9,50,5,5,0,0,0,0,0,0,0,68,69,0,0,0,0,0,0,0,69
6440,1,"6440-1",2,1,2,NA,NA,NA,NA,NA,NA,NA,1,1,1,25.058336346,0,6,6,2,2,2769,2721,2769,2721,22,21,0,13,21,5,5,0,0,0,0,0,0,0,82,82,0,0,0,0,0,0,0,82
6440,2,"6440-2",2,1,2,NA,NA,NA,NA,NA,NA,NA,1,1,1,25.058336346,1,6,5,2,2,2721,2721,2769,2721,24,22,1,13,21,5,5,0,0,0,0,0,0,0,82,82,0,0,0,0,0,0,0,82
6440,3,"6440-3",2,1,2,NA,NA,NA,NA,NA,NA,NA,1,1,1,25.058336346,0,6,0,2,2,2721,2769,2769,2721,48,24,1,13,21,5,5,0,0,0,0,0,0,0,82,82,0,0,0,0,0,0,0,82
6441,1,"6441-1",2,1,4,NA,NA,NA,NA,NA,NA,NA,3,3,1,69.958395572,0,9,9,2,2,2521,2524,2521,2524,31,27,0,16,20,1,7,0,0,0,0,0,0,0,40,8,0,0,0,0,0,0,0,40
6441,2,"6441-2",2,1,4,NA,NA,NA,NA,NA,NA,NA,3,3,1,69.958395572,0,9,0,2,2,2524,2521,2521,2524,48,31,1,16,20,1,7,0,0,0,0,0,0,0,40,8,0,0,0,0,0,0,0,40
6474,1,"6474-1",2,1,2,NA,NA,NA,NA,NA,NA,NA,1,1,1,170.464762863,1,5,5,2,2,1755,1742,1755,1767,17,16,0,10,30,5,5,0,0,0,0,0,0,0,74,70,0,0,0,0,0,0,0,74
6474,2,"6474-2",2,1,2,NA,NA,NA,NA,NA,NA,NA,1,1,1,170.464762863,0,5,5,2,2,1742,1767,1755,1767,19,17,0,10,30,5,5,0,0,0,0,0,0,0,74,70,0,0,0,0,0,0,0,74
6474,3,"6474-3",2,1,2,NA,NA,NA,NA,NA,NA,NA,1,1,1,170.464762863,0,5,0,2,2,1767,1755,1755,1767,27,19,1,10,30,5,5,0,0,0,0,0,0,0,74,70,0,0,0,0,0,0,0,74
6474,4,"6474-4",2,1,2,NA,NA,NA,NA,NA,NA,NA,1,2,2,170.464762863,1,7,6,2,2,1755,1715,1755,1711,28,27,0,16,10,5,5,0,0,0,0,0,0,0,74,70,0,0,0,0,0,0,0,74
6474,5,"6474-5",2,1,2,NA,NA,NA,NA,NA,NA,NA,1,2,2,170.464762863,0,7,7,2,2,1715,1711,1755,1711,31,28,0,16,10,5,5,0,0,0,0,0,0,0,74,70,0,0,0,0,0,0,0,74
6474,6,"6474-6",2,1,2,NA,NA,NA,NA,NA,NA,NA,1,2,2,170.464762863,0,7,0,2,2,1711,1755,1755,1711,48,31,1,16,10,5,5,0,0,0,0,0,0,0,74,70,0,0,0,0,0,0,0,74
6485,1,"6485-1",2,1,2,NA,NA,NA,NA,NA,NA,NA,1,1,1,558.103644825,0,8,8,3,3,471,437,471,437,23,14,0,9,45,4,4,0,0,0,0,0,0,0,62,59,0,0,0,0,0,0,0,62
6485,2,"6485-2",2,1,2,NA,NA,NA,NA,NA,NA,NA,1,1,1,558.103644825,0,8,0,2,3,437,471,471,437,26,23,1,9,45,4,4,0,0,0,0,0,0,0,62,59,0,0,0,0,0,0,0,62
6488,1,"6488-1",2,1,2,NA,NA,NA,NA,NA,NA,NA,1,1,1,26.3360176,0,6,6,2,2,1103,1293,1103,1293,14,8,0,6,56,5,5,0,0,0,0,0,0,0,72,67,0,0,0,0,0,0,0,72
6488,2,"6488-2",2,1,2,NA,NA,NA,NA,NA,NA,NA,1,1,1,26.3360176,0,6,0,2,2,1293,1103,1103,1293,19,14,1,6,56,5,5,0,0,0,0,0,0,0,72,67,0,0,0,0,0,0,0,72
6488,3,"6488-3",2,1,2,NA,NA,NA,NA,NA,NA,NA,1,2,2,26.3360176,0,6,6,2,2,1103,1213,1103,1213,24,19,0,12,29,5,5,0,0,0,0,0,0,0,72,67,0,0,0,0,0,0,0,72
6488,4,"6488-4",2,1,2,NA,NA,NA,NA,NA,NA,NA,1,2,2,26.3360176,1,6,6,2,2,1213,1088,1103,1213,26,24,1,12,29,5,5,0,0,0,0,0,0,0,72,67,0,0,0,0,0,0,0,72
6488,5,"6488-5",2,1,2,NA,NA,NA,NA,NA,NA,NA,1,2,2,26.3360176,0,6,0,2,2,1088,1103,1103,1213,48,26,1,12,29,5,5,0,0,0,0,0,0,0,72,67,0,0,0,0,0,0,0,72
6489,8,"6489-8",2,2,5,NA,NA,NA,NA,NA,NA,NA,3,4,2,101.2834485,0,9,9,2,2,2428,2439,2428,2439,34,31,0,18,0,4,7,0,0,0,0,0,0,0,34,7,0,0,0,0,0,0,0,34
6489,9,"6489-9",2,2,5,NA,NA,NA,NA,NA,NA,NA,3,4,2,101.2834485,0,9,0,2,2,2439,2428,2428,2439,48,34,1,18,0,4,7,0,0,0,0,0,0,0,34,7,0,0,0,0,0,0,0,34
6489,2,"6489-2",2,3,4,NA,NA,NA,NA,NA,NA,NA,2,1,1,72.3029613,0,3,3,4,4,2428,2439,2428,2439,25,11,0,8,15,7,7,0,0,0,0,0,0,0,15,12,0,0,0,0,0,0,0,15
6489,3,"6489-3",2,3,4,NA,NA,NA,NA,NA,NA,NA,2,1,1,72.3029613,0,3,0,4,4,2439,2428,2428,2439,48,25,1,8,15,7,7,0,0,0,0,0,0,0,15,12,0,0,0,0,0,0,0,15
6492,1,"6492-1",2,1,2,NA,NA,NA,NA,NA,NA,NA,1,3,1,82.7389157871,0,7,7,2,2,2167,2219,2167,2219,23,19,0,12,3,5,5,0,0,0,0,0,0,0,76,74,0,0,0,0,0,0,0,76
6492,2,"6492-2",2,1,2,NA,NA,NA,NA,NA,NA,NA,1,3,1,82.7389157871,1,7,5,2,2,2219,2273,2167,2219,25,23,1,12,3,5,5,0,0,0,0,0,0,0,76,74,0,0,0,0,0,0,0,76
6492,3,"6492-3",2,1,2,NA,NA,NA,NA,NA,NA,NA,1,3,1,82.7389157871,1,7,5,2,2,2273,2304,2167,2219,26,25,1,12,3,5,5,0,0,0,0,0,0,0,76,74,0,0,0,0,0,0,0,76
6492,4,"6492-4",2,1,2,NA,NA,NA,NA,NA,NA,NA,1,3,1,82.7389157871,1,7,5,2,2,2304,2304,2167,2219,26,26,1,12,3,5,5,0,0,0,0,0,0,0,76,74,0,0,0,0,0,0,0,76
6492,5,"6492-5",2,1,2,NA,NA,NA,NA,NA,NA,NA,1,3,1,82.7389157871,1,7,6,2,2,2304,2182,2167,2219,26,26,1,12,3,5,5,0,0,0,0,0,0,0,76,74,0,0,0,0,0,0,0,76
6492,6,"6492-6",2,1,2,NA,NA,NA,NA,NA,NA,NA,1,3,1,82.7389157871,0,7,0,2,2,2182,2167,2167,2219,33,26,1,12,3,5,5,0,0,0,0,0,0,0,76,74,0,0,0,0,0,0,0,76
6492,7,"6492-7",2,1,2,NA,NA,NA,NA,NA,NA,NA,1,4,2,81.116584105,1,8,4,2,3,2167,2210,2167,2136,33,33,0,19,5,5,5,0,0,0,0,0,0,0,76,74,0,0,0,0,0,0,0,76
6492,8,"6492-8",2,1,2,NA,NA,NA,NA,NA,NA,NA,1,4,2,81.116584105,0,8,8,3,3,2210,2136,2167,2136,38,33,0,19,5,5,5,0,0,0,0,0,0,0,76,74,0,0,0,0,0,0,0,76
6492,9,"6492-9",2,1,2,NA,NA,NA,NA,NA,NA,NA,1,4,2,81.116584105,1,8,4,3,3,2136,2210,2167,2136,38,38,1,19,5,5,5,0,0,0,0,0,0,0,76,74,0,0,0,0,0,0,0,76
6492,10,"6492-10",2,1,2,NA,NA,NA,NA,NA,NA,NA,1,4,2,81.116584105,0,8,0,2,3,2210,2167,2167,2136,48,38,1,19,5,5,5,0,0,0,0,0,0,0,76,74,0,0,0,0,0,0,0,76
6493,1,"6493-1",2,2,3,NA,NA,NA,NA,NA,NA,NA,3,1,1,81.0476351,0,8,8,2,2,1464,1471,1464,1471,17,13,0,9,23,4,8,0,0,0,0,0,0,0,29,1,0,0,0,0,0,0,0,29
6493,2,"6493-2",2,2,3,NA,NA,NA,NA,NA,NA,NA,3,1,1,81.0476351,0,8,0,2,2,1471,1464,1464,1471,48,17,1,9,23,4,8,0,0,0,0,0,0,0,29,1,0,0,0,0,0,0,0,29
6505,3,"6505-3",4,1,3,4,5,NA,NA,NA,NA,NA,3,2,2,79.7434656,0,9,9,3,3,1962,1856,1962,1856,32,27,0,16,15,4,7,7,7,0,0,0,0,0,40,10,10,8,0,0,0,0,0,40
6505,4,"6505-4",4,1,3,4,5,NA,NA,NA,NA,NA,3,2,2,79.7434656,0,9,0,3,3,1856,1962,1962,1856,33,32,1,16,15,4,7,7,7,0,0,0,0,0,40,10,10,8,0,0,0,0,0,40
6505,5,"6505-5",5,1,2,3,4,5,NA,NA,NA,NA,3,3,3,79.7434656,0,7,7,3,3,1962,1923,1962,1923,35,33,0,19,10,4,1,7,7,7,0,0,0,0,40,42,10,10,8,0,0,0,0,42
6505,6,"6505-6",5,1,2,3,4,5,NA,NA,NA,NA,3,3,3,79.7434656,0,7,0,3,3,1923,1962,1962,1923,48,35,1,19,10,4,1,7,7,7,0,0,0,0,40,42,10,10,8,0,0,0,0,42
6505,1,"6505-1",3,3,4,5,NA,NA,NA,NA,NA,NA,2,1,1,82.4760383,0,3,3,3,3,1962,1962,1962,1962,27,12,0,8,48,7,7,7,0,0,0,0,0,0,10,10,8,0,0,0,0,0,0,10
6505,2,"6505-2",3,3,4,5,NA,NA,NA,NA,NA,NA,2,1,1,82.4760383,0,3,0,3,3,1962,1962,1962,1962,27,27,1,8,48,7,7,7,0,0,0,0,0,0,10,10,8,0,0,0,0,0,0,10
6506,1,"6506-1",2,1,3,NA,NA,NA,NA,NA,NA,NA,3,1,0,135.036391352,0,NA,9,2,NA,1287,1291,NA,NA,33,29,0,NA,NA,1,7,0,0,0,0,0,0,0,52,7,0,0,0,0,0,0,0,52
6506,2,"6506-2",2,1,3,NA,NA,NA,NA,NA,NA,NA,3,1,0,135.036391352,0,NA,0,2,NA,1291,1287,NA,NA,48,33,1,NA,NA,1,7,0,0,0,0,0,0,0,52,7,0,0,0,0,0,0,0,52
6507,1,"6507-1",2,4,5,NA,NA,NA,NA,NA,NA,NA,1,1,1,64.0912005,0,2,2,4,4,1051,1049,1051,1049,27,9,0,7,0,3,3,0,0,0,0,0,0,0,40,40,0,0,0,0,0,0,0,40
6507,2,"6507-2",2,4,5,NA,NA,NA,NA,NA,NA,NA,1,1,1,64.0912005,0,2,0,4,4,1049,1051,1051,1049,48,27,1,7,0,3,3,0,0,0,0,0,0,0,40,40,0,0,0,0,0,0,0,40
6514,1,"6514-1",2,1,3,NA,NA,NA,NA,NA,NA,NA,1,2,1,43.3970399,0,7,7,2,2,1962,1837,1962,1837,24,22,0,13,30,3,1,0,0,0,0,0,0,0,55,27,0,0,0,0,0,0,0,55
6514,2,"6514-2",2,1,3,NA,NA,NA,NA,NA,NA,NA,1,2,1,43.3970399,1,7,5,2,2,1837,1964,1962,1837,25,24,1,13,30,3,1,0,0,0,0,0,0,0,55,27,0,0,0,0,0,0,0,55
6514,3,"6514-3",2,1,3,NA,NA,NA,NA,NA,NA,NA,1,2,1,43.3970399,0,7,0,2,2,1964,1962,1962,1837,48,25,1,13,30,3,1,0,0,0,0,0,0,0,55,27,0,0,0,0,0,0,0,55
6515,1,"6515-1",2,1,2,NA,NA,NA,NA,NA,NA,NA,1,1,1,172.095886387,0,6,6,2,2,1960,1873,1960,1873,26,23,0,14,3,5,5,0,0,0,0,0,0,0,78,76,0,0,0,0,0,0,0,78
6515,2,"6515-2",2,1,2,NA,NA,NA,NA,NA,NA,NA,1,1,1,172.095886387,1,6,7,2,2,1873,1930,1960,1873,29,26,1,14,3,5,5,0,0,0,0,0,0,0,78,76,0,0,0,0,0,0,0,78
6515,3,"6515-3",2,1,2,NA,NA,NA,NA,NA,NA,NA,1,1,1,172.095886387,1,6,5,2,2,1930,1940,1960,1873,31,29,1,14,3,5,5,0,0,0,0,0,0,0,78,76,0,0,0,0,0,0,0,78
6515,4,"6515-4",2,1,2,NA,NA,NA,NA,NA,NA,NA,1,1,1,172.095886387,0,6,0,2,2,1940,1960,1960,1873,48,31,1,14,3,5,5,0,0,0,0,0,0,0,78,76,0,0,0,0,0,0,0,78
6517,1,"6517-1",2,1,2,NA,NA,NA,NA,NA,NA,NA,1,2,1,81.116584105,0,6,6,2,2,2079,2322,2079,2322,26,25,0,15,10,5,5,0,0,0,0,0,0,0,76,80,0,0,0,0,0,0,0,80
6517,2,"6517-2",2,1,2,NA,NA,NA,NA,NA,NA,NA,1,2,1,81.116584105,0,6,0,2,2,2322,2079,2079,2322,48,26,1,15,10,5,5,0,0,0,0,0,0,0,76,80,0,0,0,0,0,0,0,80
6523,1,"6523-1",2,1,2,NA,NA,NA,NA,NA,NA,NA,1,2,1,56.672198228,0,7,7,2,2,2723,2766,2723,2766,34,30,0,17,30,2,1,0,0,0,0,0,0,0,41,46,0,0,0,0,0,0,0,46
6523,2,"6523-2",2,1,2,NA,NA,NA,NA,NA,NA,NA,1,2,1,56.672198228,1,7,6,2,2,2766,2735,2723,2766,35,34,1,17,30,2,1,0,0,0,0,0,0,0,41,46,0,0,0,0,0,0,0,46
6523,3,"6523-3",2,1,2,NA,NA,NA,NA,NA,NA,NA,1,2,1,56.672198228,0,7,0,2,2,2735,2723,2723,2766,48,35,1,17,30,2,1,0,0,0,0,0,0,0,41,46,0,0,0,0,0,0,0,46
6537,3,"6537-3",2,1,5,NA,NA,NA,NA,NA,NA,NA,3,1,1,81.0476351,0,2,2,2,2,1601,1619,1601,1619,16,12,0,8,55,3,8,0,0,0,0,0,0,0,37,2,0,0,0,0,0,0,0,37
6537,4,"6537-4",2,1,5,NA,NA,NA,NA,NA,NA,NA,3,1,1,81.0476351,0,2,0,2,2,1619,1601,1601,1619,20,16,1,8,55,3,8,0,0,0,0,0,0,0,37,2,0,0,0,0,0,0,0,37
6537,5,"6537-5",2,1,5,NA,NA,NA,NA,NA,NA,NA,3,2,2,81.0476351,0,5,5,3,3,1601,1623,1601,1623,23,20,0,12,30,3,8,0,0,0,0,0,0,0,37,2,0,0,0,0,0,0,0,37
6537,6,"6537-6",2,1,5,NA,NA,NA,NA,NA,NA,NA,3,2,2,81.0476351,0,5,0,3,3,1623,1601,1601,1623,24,23,1,12,30,3,8,0,0,0,0,0,0,0,37,2,0,0,0,0,0,0,0,37
6557,7,"6557-7",2,1,2,NA,NA,NA,NA,NA,NA,NA,1,2,1,77.670386684,0,5,5,2,2,1742,1747,1742,1747,31,30,0,17,30,1,4,0,0,0,0,0,0,0,41,36,0,0,0,0,0,0,0,41
6557,8,"6557-8",2,1,2,NA,NA,NA,NA,NA,NA,NA,1,2,1,77.670386684,0,5,0,2,2,1747,1742,1742,1747,48,31,1,17,30,1,4,0,0,0,0,0,0,0,41,36,0,0,0,0,0,0,0,41
6563,1,"6563-1",2,2,4,NA,NA,NA,NA,NA,NA,NA,3,1,1,59.081932232,1,8,7,2,2,1631,1631,1631,1637,14,13,0,9,0,2,8,0,0,0,0,0,0,0,31,2,0,0,0,0,0,0,0,31
6563,2,"6563-2",2,2,4,NA,NA,NA,NA,NA,NA,NA,3,1,1,59.081932232,0,8,8,2,2,1631,1637,1631,1637,18,14,0,9,0,2,8,0,0,0,0,0,0,0,31,2,0,0,0,0,0,0,0,31
6563,3,"6563-3",2,2,4,NA,NA,NA,NA,NA,NA,NA,3,1,1,59.081932232,0,8,0,2,2,1637,1631,1631,1637,25,18,1,9,0,2,8,0,0,0,0,0,0,0,31,2,0,0,0,0,0,0,0,31
6563,4,"6563-4",2,2,4,NA,NA,NA,NA,NA,NA,NA,3,2,2,59.081932232,0,5,5,2,2,1631,1623,1631,1623,27,25,0,15,10,2,8,0,0,0,0,0,0,0,31,2,0,0,0,0,0,0,0,31
6563,5,"6563-5",2,2,4,NA,NA,NA,NA,NA,NA,NA,3,2,2,59.081932232,0,5,0,2,2,1623,1631,1631,1623,48,27,1,15,10,2,8,0,0,0,0,0,0,0,31,2,0,0,0,0,0,0,0,31
6568,5,"6568-5",4,1,3,4,5,NA,NA,NA,NA,NA,3,2,1,131.17891262,0,2,2,3,3,1960,1856,1960,1856,36,33,0,19,0,1,7,7,8,0,0,0,0,0,45,10,9,4,0,0,0,0,0,45
6568,6,"6568-6",4,1,3,4,5,NA,NA,NA,NA,NA,3,2,1,131.17891262,0,2,0,3,3,1856,1960,1960,1856,48,36,1,19,0,1,7,7,8,0,0,0,0,0,45,10,9,4,0,0,0,0,0,45
6574,1,"6574-1",2,1,3,NA,NA,NA,NA,NA,NA,NA,3,2,1,46.5130637,0,9,9,2,2,2693,1662,2693,1662,34,30,0,17,45,4,7,0,0,0,0,0,0,0,46,13,0,0,0,0,0,0,0,46
6574,2,"6574-2",2,1,3,NA,NA,NA,NA,NA,NA,NA,3,2,1,46.5130637,0,9,0,2,2,1662,2693,2693,1662,48,34,1,17,45,4,7,0,0,0,0,0,0,0,46,13,0,0,0,0,0,0,0,46
6575,1,"6575-1",2,3,4,NA,NA,NA,NA,NA,NA,NA,2,1,1,74.1577677,0,3,3,9,9,1960,1960,1960,1960,26,12,0,8,40,7,7,0,0,0,0,0,0,0,9,8,0,0,0,0,0,0,0,9
6575,2,"6575-2",2,3,4,NA,NA,NA,NA,NA,NA,NA,2,1,1,74.1577677,0,3,0,9,9,1960,1960,1960,1960,48,26,1,8,40,7,7,0,0,0,0,0,0,0,9,8,0,0,0,0,0,0,0,9
6581,3,"6581-3",2,1,2,NA,NA,NA,NA,NA,NA,NA,1,2,1,113.528737455,0,7,7,2,2,2320,2246,2320,2246,35,32,0,18,45,2,1,0,0,0,0,0,0,0,53,58,0,0,0,0,0,0,0,58
6581,4,"6581-4",2,1,2,NA,NA,NA,NA,NA,NA,NA,1,2,1,113.528737455,0,7,0,2,2,2246,2320,2320,2246,48,35,1,18,45,2,1,0,0,0,0,0,0,0,53,58,0,0,0,0,0,0,0,58
6599,2,"6599-2",2,4,5,NA,NA,NA,NA,NA,NA,NA,2,1,1,326.5801451,0,3,3,9,9,581,581,581,581,24,9,0,7,25,7,7,0,0,0,0,0,0,0,10,9,0,0,0,0,0,0,0,10
6599,3,"6599-3",2,4,5,NA,NA,NA,NA,NA,NA,NA,2,1,1,326.5801451,0,3,0,9,9,581,581,581,581,29,24,1,7,25,7,7,0,0,0,0,0,0,0,10,9,0,0,0,0,0,0,0,10
6607,1,"6607-1",2,1,2,NA,NA,NA,NA,NA,NA,NA,1,2,1,81.031897695,0,5,5,3,3,1798,1766,1798,1766,31,29,0,17,0,1,1,0,0,0,0,0,0,0,44,44,0,0,0,0,0,0,0,44
6607,2,"6607-2",2,1,2,NA,NA,NA,NA,NA,NA,NA,1,2,1,81.031897695,0,5,0,3,3,1766,1798,1798,1766,48,31,1,17,0,1,1,0,0,0,0,0,0,0,44,44,0,0,0,0,0,0,0,44
6610,2,"6610-2",2,1,3,NA,NA,NA,NA,NA,NA,NA,1,2,1,21.7600108,1,5,4,2,2,2458,661,2458,2436,15,15,0,10,0,4,4,0,0,0,0,0,0,0,59,25,0,0,0,0,0,0,0,59
6610,3,"6610-3",2,1,3,NA,NA,NA,NA,NA,NA,NA,1,2,1,21.7600108,1,5,6,2,2,661,2458,2458,2436,18,15,0,10,0,4,4,0,0,0,0,0,0,0,59,25,0,0,0,0,0,0,0,59
6610,4,"6610-4",2,1,3,NA,NA,NA,NA,NA,NA,NA,1,2,1,21.7600108,1,5,4,2,2,2458,661,2458,2436,19,18,0,10,0,4,4,0,0,0,0,0,0,0,59,25,0,0,0,0,0,0,0,59
6610,5,"6610-5",2,1,3,NA,NA,NA,NA,NA,NA,NA,1,2,1,21.7600108,0,5,5,2,2,661,2436,2458,2436,21,19,0,10,0,4,4,0,0,0,0,0,0,0,59,25,0,0,0,0,0,0,0,59
6610,6,"6610-6",2,1,3,NA,NA,NA,NA,NA,NA,NA,1,2,1,21.7600108,0,5,0,2,2,2436,2458,2458,2436,23,21,1,10,0,4,4,0,0,0,0,0,0,0,59,25,0,0,0,0,0,0,0,59
6612,1,"6612-1",2,2,4,NA,NA,NA,NA,NA,NA,NA,1,1,1,144.109715,0,6,6,2,2,1339,1492,1339,1492,23,21,0,13,9,3,4,0,0,0,0,0,0,0,20,41,0,0,0,0,0,0,0,41
6612,2,"6612-2",2,2,4,NA,NA,NA,NA,NA,NA,NA,1,1,1,144.109715,1,6,6,2,2,1492,1481,1339,1492,23,23,1,13,9,3,4,0,0,0,0,0,0,0,20,41,0,0,0,0,0,0,0,41
6612,3,"6612-3",2,2,4,NA,NA,NA,NA,NA,NA,NA,1,1,1,144.109715,0,6,0,2,2,1481,1339,1339,1492,48,23,1,13,9,3,4,0,0,0,0,0,0,0,20,41,0,0,0,0,0,0,0,41
6614,6,"6614-6",2,1,5,NA,NA,NA,NA,NA,NA,NA,3,3,1,81.0476351,0,4,4,2,2,1572,1116,1572,1116,18,16,0,10,40,4,8,0,0,0,0,0,0,0,44,5,0,0,0,0,0,0,0,44
6614,7,"6614-7",2,1,5,NA,NA,NA,NA,NA,NA,NA,3,3,1,81.0476351,1,4,7,2,2,1116,1117,1572,1116,21,18,1,10,40,4,8,0,0,0,0,0,0,0,44,5,0,0,0,0,0,0,0,44
6614,8,"6614-8",2,1,5,NA,NA,NA,NA,NA,NA,NA,3,3,1,81.0476351,0,4,0,2,2,1117,1572,1572,1116,26,21,1,10,40,4,8,0,0,0,0,0,0,0,44,5,0,0,0,0,0,0,0,44
6627,1,"6627-1",2,1,2,NA,NA,NA,NA,NA,NA,NA,1,1,1,142.7188256,1,6,6,2,2,2527,2529,2527,2633,21,21,0,13,15,4,1,0,0,0,0,0,0,0,25,25,0,0,0,0,0,0,0,25
6627,2,"6627-2",2,1,2,NA,NA,NA,NA,NA,NA,NA,1,1,1,142.7188256,0,6,6,2,2,2529,2633,2527,2633,24,21,0,13,15,4,1,0,0,0,0,0,0,0,25,25,0,0,0,0,0,0,0,25
6627,3,"6627-3",2,1,2,NA,NA,NA,NA,NA,NA,NA,1,1,1,142.7188256,1,6,5,2,2,2633,2654,2527,2633,25,24,1,13,15,4,1,0,0,0,0,0,0,0,25,25,0,0,0,0,0,0,0,25
6627,4,"6627-4",2,1,2,NA,NA,NA,NA,NA,NA,NA,1,1,1,142.7188256,0,6,0,2,2,2654,2527,2527,2633,48,25,1,13,15,4,1,0,0,0,0,0,0,0,25,25,0,0,0,0,0,0,0,25
6630,1,"6630-1",2,1,2,NA,NA,NA,NA,NA,NA,NA,1,2,1,49.630523565,1,5,5,3,3,982,1025,982,1161,34,34,0,19,30,2,1,0,0,0,0,0,0,0,23,28,0,0,0,0,0,0,0,28
6630,2,"6630-2",2,1,2,NA,NA,NA,NA,NA,NA,NA,1,2,1,49.630523565,0,5,5,3,3,1025,1161,982,1161,37,34,0,19,30,2,1,0,0,0,0,0,0,0,23,28,0,0,0,0,0,0,0,28
6630,3,"6630-3",2,1,2,NA,NA,NA,NA,NA,NA,NA,1,2,1,49.630523565,1,5,5,3,3,1161,999,982,1161,37,37,1,19,30,2,1,0,0,0,0,0,0,0,23,28,0,0,0,0,0,0,0,28
6630,4,"6630-4",2,1,2,NA,NA,NA,NA,NA,NA,NA,1,2,1,49.630523565,0,5,0,3,3,999,982,982,1161,48,37,1,19,30,2,1,0,0,0,0,0,0,0,23,28,0,0,0,0,0,0,0,28
6634,5,"6634-5",2,1,2,NA,NA,NA,NA,NA,NA,NA,3,4,1,124.8362895,0,9,9,2,2,1968,1838,1968,1838,34,32,0,18,30,1,7,0,0,0,0,0,0,0,41,6,0,0,0,0,0,0,0,41
6634,6,"6634-6",2,1,2,NA,NA,NA,NA,NA,NA,NA,3,4,1,124.8362895,0,9,0,2,2,1838,1968,1968,1838,48,34,1,18,30,1,7,0,0,0,0,0,0,0,41,6,0,0,0,0,0,0,0,41
6643,6,"6643-6",4,1,2,3,4,NA,NA,NA,NA,NA,3,2,1,58.1527154,1,9,7,3,3,2642,2610,2642,2615,32,32,0,18,34,1,2,7,7,0,0,0,0,0,58,57,11,6,0,0,0,0,0,58
6643,7,"6643-7",4,1,2,3,4,NA,NA,NA,NA,NA,3,2,1,58.1527154,0,9,9,3,3,2610,2615,2642,2615,33,32,0,18,34,1,2,7,7,0,0,0,0,0,58,57,11,6,0,0,0,0,0,58
6643,8,"6643-8",4,1,2,3,4,NA,NA,NA,NA,NA,3,2,1,58.1527154,0,9,0,3,3,2615,2642,2642,2615,48,33,1,18,34,1,2,7,7,0,0,0,0,0,58,57,11,6,0,0,0,0,0,58
6651,3,"6651-3",2,2,3,NA,NA,NA,NA,NA,NA,NA,3,3,1,84.3164279,0,9,9,2,2,1566,1573,1566,1573,35,28,0,16,45,4,7,0,0,0,0,0,0,0,42,14,0,0,0,0,0,0,0,42
6651,4,"6651-4",2,2,3,NA,NA,NA,NA,NA,NA,NA,3,3,1,84.3164279,0,9,0,2,2,1573,1566,1566,1573,48,35,1,16,45,4,7,0,0,0,0,0,0,0,42,14,0,0,0,0,0,0,0,42
6652,2,"6652-2",2,3,4,NA,NA,NA,NA,NA,NA,NA,1,1,1,301.2883968,0,2,2,2,2,1209,1401,1209,1401,19,12,0,8,50,3,3,0,0,0,0,0,0,0,20,19,0,0,0,0,0,0,0,20
6652,3,"6652-3",2,3,4,NA,NA,NA,NA,NA,NA,NA,1,1,1,301.2883968,0,2,0,2,2,1401,1209,1209,1401,24,19,1,8,50,3,3,0,0,0,0,0,0,0,20,19,0,0,0,0,0,0,0,20
6655,3,"6655-3",2,2,3,NA,NA,NA,NA,NA,NA,NA,3,4,1,69.552860036,0,9,9,3,3,1538,1637,1538,1637,34,29,0,17,19,1,7,0,0,0,0,0,0,0,48,6,0,0,0,0,0,0,0,48
6655,4,"6655-4",2,2,3,NA,NA,NA,NA,NA,NA,NA,3,4,1,69.552860036,0,9,0,3,3,1637,1538,1538,1637,48,34,1,17,19,1,7,0,0,0,0,0,0,0,48,6,0,0,0,0,0,0,0,48
6659,1,"6659-1",2,1,2,NA,NA,NA,NA,NA,NA,NA,1,2,1,44.254813972,0,9,9,2,2,2458,2433,2458,2433,29,26,0,15,30,1,3,0,0,0,0,0,0,0,33,31,0,0,0,0,0,0,0,33
6659,2,"6659-2",2,1,2,NA,NA,NA,NA,NA,NA,NA,1,2,1,44.254813972,1,9,7,2,2,2433,2436,2458,2433,31,29,1,15,30,1,3,0,0,0,0,0,0,0,33,31,0,0,0,0,0,0,0,33
6659,3,"6659-3",2,1,2,NA,NA,NA,NA,NA,NA,NA,1,2,1,44.254813972,1,9,6,2,2,2436,2466,2458,2433,32,31,1,15,30,1,3,0,0,0,0,0,0,0,33,31,0,0,0,0,0,0,0,33
6659,4,"6659-4",2,1,2,NA,NA,NA,NA,NA,NA,NA,1,2,1,44.254813972,0,9,0,2,2,2466,2458,2458,2433,48,32,1,15,30,1,3,0,0,0,0,0,0,0,33,31,0,0,0,0,0,0,0,33
6663,1,"6663-1",2,1,2,NA,NA,NA,NA,NA,NA,NA,1,2,1,47.945730592,1,8,7,2,2,1572,2360,1572,9999,27,26,0,15,38,5,2,0,0,0,0,0,0,0,65,65,0,0,0,0,0,0,0,65
6663,2,"6663-2",2,1,2,NA,NA,NA,NA,NA,NA,NA,1,2,1,47.945730592,1,8,7,2,2,2360,9999,1572,9999,31,27,0,15,38,5,2,0,0,0,0,0,0,0,65,65,0,0,0,0,0,0,0,65
6663,3,"6663-3",2,1,2,NA,NA,NA,NA,NA,NA,NA,1,2,1,47.945730592,0,8,8,2,2,9999,9999,1572,9999,48,31,0,15,38,5,2,0,0,0,0,0,0,0,65,65,0,0,0,0,0,0,0,65
6664,3,"6664-3",3,2,3,4,NA,NA,NA,NA,NA,NA,3,2,1,175.937868624,0,9,9,3,3,630,623,630,623,35,33,0,19,0,1,7,7,0,0,0,0,0,0,44,9,8,0,0,0,0,0,0,44
6664,4,"6664-4",3,2,3,4,NA,NA,NA,NA,NA,NA,3,2,1,175.937868624,0,9,0,3,3,623,630,630,623,48,35,1,19,0,1,7,7,0,0,0,0,0,0,44,9,8,0,0,0,0,0,0,44
6666,1,"6666-1",2,1,2,NA,NA,NA,NA,NA,NA,NA,1,1,1,75.785642625,0,5,5,2,2,1689,1694,1689,1694,14,13,0,9,20,1,1,0,0,0,0,0,0,0,30,51,0,0,0,0,0,0,0,51
6666,2,"6666-2",2,1,2,NA,NA,NA,NA,NA,NA,NA,1,1,1,75.785642625,0,5,0,2,2,1694,1689,1689,1694,48,14,1,9,20,1,1,0,0,0,0,0,0,0,30,51,0,0,0,0,0,0,0,51
6669,1,"6669-1",2,1,2,NA,NA,NA,NA,NA,NA,NA,1,1,1,241.409532368,0,9,9,2,2,1573,905,1573,905,19,13,0,9,15,5,5,0,0,0,0,0,0,0,65,66,0,0,0,0,0,0,0,66
6669,2,"6669-2",2,1,2,NA,NA,NA,NA,NA,NA,NA,1,1,1,241.409532368,0,9,0,2,2,905,1573,1573,905,21,19,1,9,15,5,5,0,0,0,0,0,0,0,65,66,0,0,0,0,0,0,0,66
6669,3,"6669-3",2,1,2,NA,NA,NA,NA,NA,NA,NA,1,3,2,241.409532368,0,5,5,2,2,1573,2134,1573,2134,35,32,0,18,45,5,5,0,0,0,0,0,0,0,65,66,0,0,0,0,0,0,0,66
6669,4,"6669-4",2,1,2,NA,NA,NA,NA,NA,NA,NA,1,3,2,241.409532368,0,5,0,2,2,2134,1573,1573,2134,48,35,1,18,45,5,5,0,0,0,0,0,0,0,65,66,0,0,0,0,0,0,0,66
6670,2,"6670-2",2,1,2,NA,NA,NA,NA,NA,NA,NA,1,2,1,156.021371025,0,6,6,2,2,2201,2273,2201,2273,22,21,0,13,0,5,5,0,0,0,0,0,0,0,73,71,0,0,0,0,0,0,0,73
6670,3,"6670-3",2,1,2,NA,NA,NA,NA,NA,NA,NA,1,2,1,156.021371025,1,6,6,2,2,2273,2274,2201,2273,23,22,1,13,0,5,5,0,0,0,0,0,0,0,73,71,0,0,0,0,0,0,0,73
6670,4,"6670-4",2,1,2,NA,NA,NA,NA,NA,NA,NA,1,2,1,156.021371025,0,6,0,2,2,2274,2201,2201,2273,48,23,1,13,0,5,5,0,0,0,0,0,0,0,73,71,0,0,0,0,0,0,0,73
6671,1,"6671-1",2,1,2,NA,NA,NA,NA,NA,NA,NA,1,1,1,74.05817302,0,6,6,2,2,1950,1427,1950,1427,18,13,0,9,15,5,5,0,0,0,0,0,0,0,73,74,0,0,0,0,0,0,0,74
6671,2,"6671-2",2,1,2,NA,NA,NA,NA,NA,NA,NA,1,1,1,74.05817302,1,6,5,2,2,1427,1412,1950,1427,20,18,1,9,15,5,5,0,0,0,0,0,0,0,73,74,0,0,0,0,0,0,0,74
6671,3,"6671-3",2,1,2,NA,NA,NA,NA,NA,NA,NA,1,1,1,74.05817302,0,6,0,2,2,1412,1950,1950,1427,48,20,1,9,15,5,5,0,0,0,0,0,0,0,73,74,0,0,0,0,0,0,0,74
6673,1,"6673-1",2,1,2,NA,NA,NA,NA,NA,NA,NA,1,1,1,31.5852981,0,1,1,2,2,2569,2027,2569,2027,24,5,0,5,21,1,1,0,0,0,0,0,0,0,50,37,0,0,0,0,0,0,0,50
6673,2,"6673-2",2,1,2,NA,NA,NA,NA,NA,NA,NA,1,1,1,31.5852981,0,1,0,2,2,2027,2569,2569,2027,48,24,1,5,21,1,1,0,0,0,0,0,0,0,50,37,0,0,0,0,0,0,0,50
6692,2,"6692-2",2,2,4,NA,NA,NA,NA,NA,NA,NA,3,2,1,47.56443526,0,9,9,2,2,2712,2718,2712,2718,35,31,0,18,15,1,7,0,0,0,0,0,0,0,43,8,0,0,0,0,0,0,0,43
6692,3,"6692-3",2,2,4,NA,NA,NA,NA,NA,NA,NA,3,2,1,47.56443526,0,9,0,2,2,2718,2712,2712,2718,48,35,1,18,15,1,7,0,0,0,0,0,0,0,43,8,0,0,0,0,0,0,0,43
6708,5,"6708-5",2,1,2,NA,NA,NA,NA,NA,NA,NA,1,2,1,278.147058172,0,6,6,2,2,110,109,110,109,31,30,0,17,30,1,3,0,0,0,0,0,0,0,49,20,0,0,0,0,0,0,0,49
6708,6,"6708-6",2,1,2,NA,NA,NA,NA,NA,NA,NA,1,2,1,278.147058172,0,6,0,2,2,109,110,110,109,48,31,1,17,30,1,3,0,0,0,0,0,0,0,49,20,0,0,0,0,0,0,0,49
6726,4,"6726-4",4,1,2,3,4,NA,NA,NA,NA,NA,3,3,1,139.8339947,1,2,9,3,3,2184,2233,2184,2286,31,29,0,17,20,3,1,7,8,0,0,0,0,0,45,44,7,5,0,0,0,0,0,45
6726,5,"6726-5",4,1,2,3,4,NA,NA,NA,NA,NA,3,3,1,139.8339947,0,2,2,3,3,2233,2286,2184,2286,35,31,0,17,20,3,1,7,8,0,0,0,0,0,45,44,7,5,0,0,0,0,0,45
6726,6,"6726-6",4,1,2,3,4,NA,NA,NA,NA,NA,3,3,1,139.8339947,0,2,0,3,3,2286,2184,2184,2286,48,35,1,17,20,3,1,7,8,0,0,0,0,0,45,44,7,5,0,0,0,0,0,45
6728,1,"6728-1",2,1,2,NA,NA,NA,NA,NA,NA,NA,1,2,1,52.0070606,0,8,8,2,3,1508,1458,1508,1458,36,32,0,18,35,1,1,0,0,0,0,0,0,0,30,30,0,0,0,0,0,0,0,30
6728,2,"6728-2",2,1,2,NA,NA,NA,NA,NA,NA,NA,1,2,1,52.0070606,0,8,0,3,3,1458,1508,1508,1458,48,36,1,18,35,1,1,0,0,0,0,0,0,0,30,30,0,0,0,0,0,0,0,30
6731,1,"6731-1",2,1,2,NA,NA,NA,NA,NA,NA,NA,1,1,1,55.329541993,0,7,7,2,2,1220,1239,1220,1239,21,19,0,12,10,5,5,0,0,0,0,0,0,0,76,79,0,0,0,0,0,0,0,79
6731,2,"6731-2",2,1,2,NA,NA,NA,NA,NA,NA,NA,1,1,1,55.329541993,0,7,0,2,2,1239,1220,1220,1239,22,21,1,12,10,5,5,0,0,0,0,0,0,0,76,79,0,0,0,0,0,0,0,79
6733,1,"6733-1",2,1,2,NA,NA,NA,NA,NA,NA,NA,3,1,1,103.123677056,0,2,2,2,3,1649,1597,1649,1597,34,29,0,17,3,1,7,0,0,0,0,0,0,0,43,10,0,0,0,0,0,0,0,43
6733,2,"6733-2",2,1,2,NA,NA,NA,NA,NA,NA,NA,3,1,1,103.123677056,0,2,0,3,3,1597,1649,1649,1597,48,34,1,17,3,1,7,0,0,0,0,0,0,0,43,10,0,0,0,0,0,0,0,43
6734,4,"6734-4",2,1,4,NA,NA,NA,NA,NA,NA,NA,3,5,1,149.792969,0,9,9,2,2,2267,2212,2267,2212,30,27,0,16,21,4,7,0,0,0,0,0,0,0,56,13,0,0,0,0,0,0,0,56
6734,5,"6734-5",2,1,4,NA,NA,NA,NA,NA,NA,NA,3,5,1,149.792969,0,9,0,2,2,2212,2267,2267,2212,48,30,1,16,21,4,7,0,0,0,0,0,0,0,56,13,0,0,0,0,0,0,0,56
6736,1,"6736-1",2,1,2,NA,NA,NA,NA,NA,NA,NA,1,1,1,27.0648488,1,8,5,2,2,1363,1363,1363,1507,21,19,0,12,28,5,5,0,0,0,0,0,0,0,69,73,0,0,0,0,0,0,0,73
6736,2,"6736-2",2,1,2,NA,NA,NA,NA,NA,NA,NA,1,1,1,27.0648488,1,8,5,2,2,1363,1355,1363,1507,22,21,0,12,28,5,5,0,0,0,0,0,0,0,69,73,0,0,0,0,0,0,0,73
6736,3,"6736-3",2,1,2,NA,NA,NA,NA,NA,NA,NA,1,1,1,27.0648488,0,8,8,2,2,1355,1507,1363,1507,24,22,0,12,28,5,5,0,0,0,0,0,0,0,69,73,0,0,0,0,0,0,0,73
6736,4,"6736-4",2,1,2,NA,NA,NA,NA,NA,NA,NA,1,1,1,27.0648488,1,8,7,2,2,1507,1354,1363,1507,25,24,1,12,28,5,5,0,0,0,0,0,0,0,69,73,0,0,0,0,0,0,0,73
6736,5,"6736-5",2,1,2,NA,NA,NA,NA,NA,NA,NA,1,1,1,27.0648488,0,8,0,2,2,1354,1363,1363,1507,48,25,1,12,28,5,5,0,0,0,0,0,0,0,69,73,0,0,0,0,0,0,0,73
6741,1,"6741-1",2,1,3,NA,NA,NA,NA,NA,NA,NA,1,1,0,87.205300125,0,NA,6,2,NA,1968,1986,NA,NA,14,13,0,NA,NA,5,1,0,0,0,0,0,0,0,66,40,0,0,0,0,0,0,0,66
6741,2,"6741-2",2,1,3,NA,NA,NA,NA,NA,NA,NA,1,1,0,87.205300125,0,NA,0,2,NA,1986,1968,NA,NA,48,14,1,NA,NA,5,1,0,0,0,0,0,0,0,66,40,0,0,0,0,0,0,0,66
6745,4,"6745-4",3,1,3,4,NA,NA,NA,NA,NA,NA,3,2,1,57.807835792,0,9,9,3,3,1511,9999,1511,9999,33,29,0,17,15,1,7,7,0,0,0,0,0,0,43,15,13,0,0,0,0,0,0,43
6745,5,"6745-5",3,1,3,4,NA,NA,NA,NA,NA,NA,3,2,1,57.807835792,0,9,0,3,3,9999,1511,1511,9999,48,33,1,17,15,1,7,7,0,0,0,0,0,0,43,15,13,0,0,0,0,0,0,43
6749,1,"6749-1",3,2,3,4,NA,NA,NA,NA,NA,NA,3,1,1,69.199756848,0,9,9,3,3,955,1157,955,1157,17,14,0,9,30,2,8,8,0,0,0,0,0,0,31,2,1,0,0,0,0,0,0,31
6749,2,"6749-2",3,2,3,4,NA,NA,NA,NA,NA,NA,3,1,1,69.199756848,0,9,0,3,3,1157,955,955,1157,48,17,1,9,30,2,8,8,0,0,0,0,0,0,31,2,1,0,0,0,0,0,0,31
6751,1,"6751-1",2,1,2,NA,NA,NA,NA,NA,NA,NA,1,2,1,892.764865913,1,6,5,2,2,1752,1810,1752,1823,17,16,0,10,32,5,5,0,0,0,0,0,0,0,77,72,0,0,0,0,0,0,0,77
6751,2,"6751-2",2,1,2,NA,NA,NA,NA,NA,NA,NA,1,2,1,892.764865913,1,6,5,2,2,1810,1817,1752,1823,18,17,0,10,32,5,5,0,0,0,0,0,0,0,77,72,0,0,0,0,0,0,0,77
6751,3,"6751-3",2,1,2,NA,NA,NA,NA,NA,NA,NA,1,2,1,892.764865913,0,6,6,2,2,1817,1823,1752,1823,22,18,0,10,32,5,5,0,0,0,0,0,0,0,77,72,0,0,0,0,0,0,0,77
6751,4,"6751-4",2,1,2,NA,NA,NA,NA,NA,NA,NA,1,2,1,892.764865913,1,6,5,2,2,1823,1830,1752,1823,22,22,1,10,32,5,5,0,0,0,0,0,0,0,77,72,0,0,0,0,0,0,0,77
6751,5,"6751-5",2,1,2,NA,NA,NA,NA,NA,NA,NA,1,2,1,892.764865913,1,6,6,2,2,1830,1828,1752,1823,24,22,1,10,32,5,5,0,0,0,0,0,0,0,77,72,0,0,0,0,0,0,0,77
6751,6,"6751-6",2,1,2,NA,NA,NA,NA,NA,NA,NA,1,2,1,892.764865913,1,6,5,2,2,1828,1820,1752,1823,25,24,1,10,32,5,5,0,0,0,0,0,0,0,77,72,0,0,0,0,0,0,0,77
6751,7,"6751-7",2,1,2,NA,NA,NA,NA,NA,NA,NA,1,2,1,892.764865913,1,6,5,2,2,1820,1813,1752,1823,25,25,1,10,32,5,5,0,0,0,0,0,0,0,77,72,0,0,0,0,0,0,0,77
6751,8,"6751-8",2,1,2,NA,NA,NA,NA,NA,NA,NA,1,2,1,892.764865913,0,6,0,2,2,1813,1752,1752,1823,33,25,1,10,32,5,5,0,0,0,0,0,0,0,77,72,0,0,0,0,0,0,0,77
6756,1,"6756-1",2,1,2,NA,NA,NA,NA,NA,NA,NA,1,2,1,172.095886387,0,7,7,2,2,1817,1796,1817,1796,34,30,0,17,30,5,5,0,0,0,0,0,0,0,86,79,0,0,0,0,0,0,0,86
6756,2,"6756-2",2,1,2,NA,NA,NA,NA,NA,NA,NA,1,2,1,172.095886387,0,7,0,2,2,1796,1817,1817,1796,48,34,1,17,30,5,5,0,0,0,0,0,0,0,86,79,0,0,0,0,0,0,0,86
6757,1,"6757-1",2,1,3,NA,NA,NA,NA,NA,NA,NA,1,2,1,137.585847105,0,7,7,2,2,1659,1659,1659,1659,33,31,0,18,20,1,1,0,0,0,0,0,0,0,51,25,0,0,0,0,0,0,0,51
6757,2,"6757-2",2,1,3,NA,NA,NA,NA,NA,NA,NA,1,2,1,137.585847105,0,7,0,2,2,1659,1659,1659,1659,48,33,1,18,20,1,1,0,0,0,0,0,0,0,51,25,0,0,0,0,0,0,0,51
6768,2,"6768-2",3,2,4,5,NA,NA,NA,NA,NA,NA,3,1,1,195.1608935,0,8,8,4,4,388,388,388,388,33,29,0,17,0,4,8,8,0,0,0,0,0,0,31,4,2,0,0,0,0,0,0,31
6768,3,"6768-3",3,2,4,5,NA,NA,NA,NA,NA,NA,3,1,1,195.1608935,0,8,0,4,4,388,388,388,388,48,33,1,17,0,4,8,8,0,0,0,0,0,0,31,4,2,0,0,0,0,0,0,31
6774,1,"6774-1",2,1,2,NA,NA,NA,NA,NA,NA,NA,1,1,1,79.569750015,0,9,9,2,2,458,551,458,551,15,13,0,9,0,2,1,0,0,0,0,0,0,0,68,53,0,0,0,0,0,0,0,68
6774,2,"6774-2",2,1,2,NA,NA,NA,NA,NA,NA,NA,1,1,1,79.569750015,0,9,0,2,2,551,458,458,551,18,15,1,9,0,2,1,0,0,0,0,0,0,0,68,53,0,0,0,0,0,0,0,68
6781,11,"6781-11",3,2,4,5,NA,NA,NA,NA,NA,NA,3,2,1,569.3959876,0,9,9,3,3,1155,1190,1155,1190,37,32,0,18,30,1,7,7,0,0,0,0,0,0,39,13,9,0,0,0,0,0,0,39
6781,12,"6781-12",3,2,4,5,NA,NA,NA,NA,NA,NA,3,2,1,569.3959876,0,9,0,3,3,1190,1155,1155,1190,48,37,1,18,30,1,7,7,0,0,0,0,0,0,39,13,9,0,0,0,0,0,0,39
6786,1,"6786-1",2,1,2,NA,NA,NA,NA,NA,NA,NA,1,1,1,28.706259184,0,6,6,2,2,1466,1418,1466,1418,23,14,0,9,50,5,5,0,0,0,0,0,0,0,67,67,0,0,0,0,0,0,0,67
6786,2,"6786-2",2,1,2,NA,NA,NA,NA,NA,NA,NA,1,1,1,28.706259184,1,6,6,2,2,1418,1419,1466,1418,23,23,1,9,50,5,5,0,0,0,0,0,0,0,67,67,0,0,0,0,0,0,0,67
6786,3,"6786-3",2,1,2,NA,NA,NA,NA,NA,NA,NA,1,1,1,28.706259184,1,6,7,2,2,1419,1433,1466,1418,25,23,1,9,50,5,5,0,0,0,0,0,0,0,67,67,0,0,0,0,0,0,0,67
6786,4,"6786-4",2,1,2,NA,NA,NA,NA,NA,NA,NA,1,1,1,28.706259184,0,6,0,2,2,1433,1466,1466,1418,48,25,1,9,50,5,5,0,0,0,0,0,0,0,67,67,0,0,0,0,0,0,0,67
6787,1,"6787-1",2,1,4,NA,NA,NA,NA,NA,NA,NA,3,1,1,61.9607382,0,2,2,2,2,1665,1102,1665,1102,15,14,0,9,30,3,7,0,0,0,0,0,0,0,47,13,0,0,0,0,0,0,0,47
6787,2,"6787-2",2,1,4,NA,NA,NA,NA,NA,NA,NA,3,1,1,61.9607382,0,2,0,2,2,1102,1665,1665,1102,25,15,1,9,30,3,7,0,0,0,0,0,0,0,47,13,0,0,0,0,0,0,0,47
6787,3,"6787-3",3,1,3,4,NA,NA,NA,NA,NA,NA,3,3,2,61.9607382,0,9,9,3,3,1665,1639,1665,1639,37,31,0,18,0,3,3,7,0,0,0,0,0,0,47,17,13,0,0,0,0,0,0,47
6787,4,"6787-4",3,1,3,4,NA,NA,NA,NA,NA,NA,3,3,2,61.9607382,0,9,0,3,3,1639,1665,1665,1639,48,37,1,18,0,3,3,7,0,0,0,0,0,0,47,17,13,0,0,0,0,0,0,47
6791,1,"6791-1",2,1,3,NA,NA,NA,NA,NA,NA,NA,3,1,1,870.568481084,0,5,5,4,4,756,756,756,756,14,13,0,9,0,2,8,0,0,0,0,0,0,0,32,0,0,0,0,0,0,0,0,32
6791,2,"6791-2",2,1,3,NA,NA,NA,NA,NA,NA,NA,3,1,1,870.568481084,0,5,0,4,4,756,756,756,756,34,14,1,9,0,2,8,0,0,0,0,0,0,0,32,0,0,0,0,0,0,0,0,32
6810,1,"6810-1",3,1,3,4,NA,NA,NA,NA,NA,NA,3,1,1,313.732059868,0,1,1,3,3,1759,411,1759,411,26,9,0,7,10,1,8,7,0,0,0,0,0,0,34,4,7,0,0,0,0,0,0,34
6810,2,"6810-2",3,1,3,4,NA,NA,NA,NA,NA,NA,3,1,1,313.732059868,0,1,0,3,3,411,1759,1759,411,30,26,1,7,10,1,8,7,0,0,0,0,0,0,34,4,7,0,0,0,0,0,0,34
6810,3,"6810-3",3,2,3,4,NA,NA,NA,NA,NA,NA,3,2,2,293.42007846,0,9,9,3,3,1759,1745,1759,1745,33,30,0,17,45,1,8,7,0,0,0,0,0,0,35,4,7,0,0,0,0,0,0,35
6810,4,"6810-4",3,2,3,4,NA,NA,NA,NA,NA,NA,3,2,2,293.42007846,1,9,6,3,3,1745,1751,1759,1745,33,33,1,17,45,1,8,7,0,0,0,0,0,0,35,4,7,0,0,0,0,0,0,35
6810,5,"6810-5",3,2,3,4,NA,NA,NA,NA,NA,NA,3,2,2,293.42007846,0,9,0,3,3,1751,1759,1759,1745,48,33,1,17,45,1,8,7,0,0,0,0,0,0,35,4,7,0,0,0,0,0,0,35
6824,1,"6824-1",2,1,3,NA,NA,NA,NA,NA,NA,NA,3,1,1,158.2274517,0,9,9,4,4,2187,2187,2187,2187,18,14,0,9,50,4,8,0,0,0,0,0,0,0,25,2,0,0,0,0,0,0,0,25
6824,2,"6824-2",2,1,3,NA,NA,NA,NA,NA,NA,NA,3,1,1,158.2274517,0,9,0,4,4,2187,2187,2187,2187,23,18,1,9,50,4,8,0,0,0,0,0,0,0,25,2,0,0,0,0,0,0,0,25
6824,5,"6824-5",3,1,2,3,NA,NA,NA,NA,NA,NA,3,4,2,158.2274517,0,8,8,3,3,2187,2135,2187,2135,34,32,0,18,35,4,1,8,0,0,0,0,0,0,25,28,2,0,0,0,0,0,0,28
6824,6,"6824-6",3,1,2,3,NA,NA,NA,NA,NA,NA,3,4,2,158.2274517,0,8,0,3,3,2135,2187,2187,2135,48,34,1,18,35,4,1,8,0,0,0,0,0,0,25,28,2,0,0,0,0,0,0,28
6835,1,"6835-1",3,1,2,3,NA,NA,NA,NA,NA,NA,3,1,1,71.7007935,1,7,7,3,3,1966,1966,1966,1959,17,17,0,11,0,4,8,8,0,0,0,0,0,0,33,2,2,0,0,0,0,0,0,33
6835,2,"6835-2",3,1,2,3,NA,NA,NA,NA,NA,NA,3,1,1,71.7007935,1,7,6,3,3,1966,1962,1966,1959,19,17,0,11,0,4,8,8,0,0,0,0,0,0,33,2,2,0,0,0,0,0,0,33
6835,3,"6835-3",3,1,2,3,NA,NA,NA,NA,NA,NA,3,1,1,71.7007935,0,7,7,3,3,1962,1959,1966,1959,21,19,0,11,0,4,8,8,0,0,0,0,0,0,33,2,2,0,0,0,0,0,0,33
6835,4,"6835-4",3,1,2,3,NA,NA,NA,NA,NA,NA,3,1,1,71.7007935,1,7,8,3,3,1959,1856,1966,1959,24,21,1,11,0,4,8,8,0,0,0,0,0,0,33,2,2,0,0,0,0,0,0,33
6835,5,"6835-5",3,1,2,3,NA,NA,NA,NA,NA,NA,3,1,1,71.7007935,0,7,0,3,3,1856,1966,1966,1959,48,24,1,11,0,4,8,8,0,0,0,0,0,0,33,2,2,0,0,0,0,0,0,33
6840,1,"6840-1",2,1,2,NA,NA,NA,NA,NA,NA,NA,1,2,1,30.78801138,0,6,6,2,2,2649,2653,2649,2653,18,14,0,9,35,2,4,0,0,0,0,0,0,0,64,61,0,0,0,0,0,0,0,64
6840,2,"6840-2",2,1,2,NA,NA,NA,NA,NA,NA,NA,1,2,1,30.78801138,1,6,5,2,2,2653,2531,2649,2653,19,18,1,9,35,2,4,0,0,0,0,0,0,0,64,61,0,0,0,0,0,0,0,64
6840,3,"6840-3",2,1,2,NA,NA,NA,NA,NA,NA,NA,1,2,1,30.78801138,0,6,0,2,2,2531,2649,2649,2653,21,19,1,9,35,2,4,0,0,0,0,0,0,0,64,61,0,0,0,0,0,0,0,64
6840,4,"6840-4",2,1,2,NA,NA,NA,NA,NA,NA,NA,1,3,2,30.78801138,0,5,5,2,2,2649,2531,2649,2531,23,21,0,13,10,2,4,0,0,0,0,0,0,0,64,61,0,0,0,0,0,0,0,64
6840,5,"6840-5",2,1,2,NA,NA,NA,NA,NA,NA,NA,1,3,2,30.78801138,0,5,0,2,2,2531,2649,2649,2531,28,23,1,13,10,2,4,0,0,0,0,0,0,0,64,61,0,0,0,0,0,0,0,64
6845,4,"6845-4",2,1,2,NA,NA,NA,NA,NA,NA,NA,1,2,1,95.424874965,0,6,6,2,2,385,162,385,162,40,34,0,19,30,1,4,0,0,0,0,0,0,0,30,54,0,0,0,0,0,0,0,54
6845,5,"6845-5",2,1,2,NA,NA,NA,NA,NA,NA,NA,1,2,1,95.424874965,1,6,6,2,2,162,159,385,162,41,40,1,19,30,1,4,0,0,0,0,0,0,0,30,54,0,0,0,0,0,0,0,54
6845,6,"6845-6",2,1,2,NA,NA,NA,NA,NA,NA,NA,1,2,1,95.424874965,0,6,0,2,2,159,385,385,162,48,41,1,19,30,1,4,0,0,0,0,0,0,0,30,54,0,0,0,0,0,0,0,54
6853,1,"6853-1",2,1,2,NA,NA,NA,NA,NA,NA,NA,1,2,1,384.184284031,0,6,6,2,2,1738,1754,1738,1754,22,21,0,13,0,5,5,0,0,0,0,0,0,0,70,65,0,0,0,0,0,0,0,70
6853,2,"6853-2",2,1,2,NA,NA,NA,NA,NA,NA,NA,1,2,1,384.184284031,1,6,5,2,2,1754,1745,1738,1754,23,22,1,13,0,5,5,0,0,0,0,0,0,0,70,65,0,0,0,0,0,0,0,70
6853,3,"6853-3",2,1,2,NA,NA,NA,NA,NA,NA,NA,1,2,1,384.184284031,0,6,0,2,2,1745,1738,1738,1754,27,23,1,13,0,5,5,0,0,0,0,0,0,0,70,65,0,0,0,0,0,0,0,70
6855,1,"6855-1",2,3,4,NA,NA,NA,NA,NA,NA,NA,2,1,1,134.7082914,0,3,3,9,9,1811,1804,1811,1804,25,9,0,7,28,7,7,0,0,0,0,0,0,0,9,7,0,0,0,0,0,0,0,9
6855,2,"6855-2",2,3,4,NA,NA,NA,NA,NA,NA,NA,2,1,1,134.7082914,0,3,0,9,9,1804,1811,1811,1804,48,25,1,7,28,7,7,0,0,0,0,0,0,0,9,7,0,0,0,0,0,0,0,9
6864,1,"6864-1",2,1,2,NA,NA,NA,NA,NA,NA,NA,1,3,1,156.3896907,0,5,5,2,2,1740,1739,1740,1739,17,15,0,10,13,5,5,0,0,0,0,0,0,0,73,73,0,0,0,0,0,0,0,73
6864,2,"6864-2",2,1,2,NA,NA,NA,NA,NA,NA,NA,1,3,1,156.3896907,0,5,0,2,2,1739,1740,1740,1739,20,17,1,10,13,5,5,0,0,0,0,0,0,0,73,73,0,0,0,0,0,0,0,73
6864,3,"6864-3",2,1,2,NA,NA,NA,NA,NA,NA,NA,1,4,2,156.3896907,0,8,8,2,2,1740,1065,1740,1065,24,20,0,12,55,5,5,0,0,0,0,0,0,0,73,73,0,0,0,0,0,0,0,73
6864,4,"6864-4",2,1,2,NA,NA,NA,NA,NA,NA,NA,1,4,2,156.3896907,0,8,0,2,2,1065,1740,1740,1065,48,24,1,12,55,5,5,0,0,0,0,0,0,0,73,73,0,0,0,0,0,0,0,73
6865,1,"6865-1",2,1,2,NA,NA,NA,NA,NA,NA,NA,1,2,1,57.2897745,0,5,5,2,2,1793,1761,1793,1761,32,29,0,17,9,1,2,0,0,0,0,0,0,0,50,57,0,0,0,0,0,0,0,57
6865,2,"6865-2",2,1,2,NA,NA,NA,NA,NA,NA,NA,1,2,1,57.2897745,0,5,0,2,2,1761,1793,1793,1761,48,32,1,17,9,1,2,0,0,0,0,0,0,0,50,57,0,0,0,0,0,0,0,57
6876,1,"6876-1",2,1,2,NA,NA,NA,NA,NA,NA,NA,1,1,1,117.721892785,0,5,5,2,2,1209,1411,1209,1411,22,16,0,10,55,5,5,0,0,0,0,0,0,0,80,73,0,0,0,0,0,0,0,80
6876,2,"6876-2",2,1,2,NA,NA,NA,NA,NA,NA,NA,1,1,1,117.721892785,1,5,7,2,2,1411,1411,1209,1411,25,22,1,10,55,5,5,0,0,0,0,0,0,0,80,73,0,0,0,0,0,0,0,80
6876,3,"6876-3",2,1,2,NA,NA,NA,NA,NA,NA,NA,1,1,1,117.721892785,0,5,0,2,2,1411,1209,1209,1411,30,25,1,10,55,5,5,0,0,0,0,0,0,0,80,73,0,0,0,0,0,0,0,80
6876,4,"6876-4",2,1,2,NA,NA,NA,NA,NA,NA,NA,1,2,2,117.721892785,0,9,9,2,2,1209,997,1209,997,34,30,0,17,45,5,5,0,0,0,0,0,0,0,80,73,0,0,0,0,0,0,0,80
6876,5,"6876-5",2,1,2,NA,NA,NA,NA,NA,NA,NA,1,2,2,117.721892785,0,9,0,2,2,997,1209,1209,997,48,34,1,17,45,5,5,0,0,0,0,0,0,0,80,73,0,0,0,0,0,0,0,80
6878,1,"6878-1",2,1,2,NA,NA,NA,NA,NA,NA,NA,1,1,1,43.785335861,0,6,6,2,2,1573,1590,1573,1590,21,15,0,10,15,4,4,0,0,0,0,0,0,0,62,61,0,0,0,0,0,0,0,62
6878,2,"6878-2",2,1,2,NA,NA,NA,NA,NA,NA,NA,1,1,1,43.785335861,1,6,5,2,2,1590,1596,1573,1590,24,21,1,10,15,4,4,0,0,0,0,0,0,0,62,61,0,0,0,0,0,0,0,62
6878,3,"6878-3",2,1,2,NA,NA,NA,NA,NA,NA,NA,1,1,1,43.785335861,1,6,7,2,2,1596,1596,1573,1590,26,24,1,10,15,4,4,0,0,0,0,0,0,0,62,61,0,0,0,0,0,0,0,62
6878,4,"6878-4",2,1,2,NA,NA,NA,NA,NA,NA,NA,1,1,1,43.785335861,0,6,0,2,2,1596,1573,1573,1590,48,26,1,10,15,4,4,0,0,0,0,0,0,0,62,61,0,0,0,0,0,0,0,62
6879,7,"6879-7",5,1,2,3,4,5,NA,NA,NA,NA,3,3,1,332.2998778,0,7,7,3,3,625,619,625,619,35,31,0,18,0,1,1,7,8,8,0,0,0,0,36,31,8,3,0,0,0,0,0,36
6879,8,"6879-8",5,1,2,3,4,5,NA,NA,NA,NA,3,3,1,332.2998778,0,7,0,3,3,619,625,625,619,48,35,1,18,0,1,1,7,8,8,0,0,0,0,36,31,8,3,0,0,0,0,0,36
6886,1,"6886-1",2,1,2,NA,NA,NA,NA,NA,NA,NA,1,1,1,28.706259184,0,7,7,3,3,966,1146,966,1146,25,21,0,13,15,5,5,0,0,0,0,0,0,0,70,77,0,0,0,0,0,0,0,77
6886,2,"6886-2",2,1,2,NA,NA,NA,NA,NA,NA,NA,1,1,1,28.706259184,1,7,5,3,3,1146,1379,966,1146,27,25,1,13,15,5,5,0,0,0,0,0,0,0,70,77,0,0,0,0,0,0,0,77
6886,3,"6886-3",2,1,2,NA,NA,NA,NA,NA,NA,NA,1,1,1,28.706259184,0,7,0,3,3,1379,966,966,1146,48,27,1,13,15,5,5,0,0,0,0,0,0,0,70,77,0,0,0,0,0,0,0,77
6894,1,"6894-1",2,2,3,NA,NA,NA,NA,NA,NA,NA,2,1,1,58.474107552,0,1,1,2,2,1565,1573,1565,1573,23,8,0,6,45,6,7,0,0,0,0,0,0,0,17,14,0,0,0,0,0,0,0,17
6894,2,"6894-2",2,2,3,NA,NA,NA,NA,NA,NA,NA,2,1,1,58.474107552,0,1,0,2,2,1573,1565,1565,1573,48,23,1,6,45,6,7,0,0,0,0,0,0,0,17,14,0,0,0,0,0,0,0,17
6907,1,"6907-1",2,2,4,NA,NA,NA,NA,NA,NA,NA,3,3,1,139.2513477,0,9,9,2,2,1665,1664,1665,1664,33,29,0,17,20,4,7,0,0,0,0,0,0,0,44,8,0,0,0,0,0,0,0,44
6907,2,"6907-2",2,2,4,NA,NA,NA,NA,NA,NA,NA,3,3,1,139.2513477,0,9,0,2,2,1664,1665,1665,1664,48,33,1,17,20,4,7,0,0,0,0,0,0,0,44,8,0,0,0,0,0,0,0,44
6919,4,"6919-4",3,1,5,6,NA,NA,NA,NA,NA,NA,3,2,1,81.0476351,0,5,5,3,3,1429,1291,1429,1291,17,15,0,10,0,4,8,8,0,0,0,0,0,0,34,4,1,0,0,0,0,0,0,34
6919,5,"6919-5",3,1,5,6,NA,NA,NA,NA,NA,NA,3,2,1,81.0476351,1,5,5,3,3,1291,1384,1429,1291,19,17,1,10,0,4,8,8,0,0,0,0,0,0,34,4,1,0,0,0,0,0,0,34
6919,6,"6919-6",3,1,5,6,NA,NA,NA,NA,NA,NA,3,2,1,81.0476351,0,5,0,3,3,1384,1429,1429,1291,25,19,1,10,0,4,8,8,0,0,0,0,0,0,34,4,1,0,0,0,0,0,0,34
6921,3,"6921-3",2,2,3,NA,NA,NA,NA,NA,NA,NA,3,2,1,90.840838996,0,9,9,2,2,1847,1832,1847,1832,31,29,0,17,25,1,8,0,0,0,0,0,0,0,37,5,0,0,0,0,0,0,0,37
6921,4,"6921-4",2,2,3,NA,NA,NA,NA,NA,NA,NA,3,2,1,90.840838996,0,9,0,2,2,1832,1847,1847,1832,48,31,1,17,25,1,8,0,0,0,0,0,0,0,37,5,0,0,0,0,0,0,0,37
6924,1,"6924-1",2,1,2,NA,NA,NA,NA,NA,NA,NA,1,1,1,169.49377053,0,6,6,2,2,1758,1835,1758,1835,18,10,0,7,32,1,4,0,0,0,0,0,0,0,43,27,0,0,0,0,0,0,0,43
6924,2,"6924-2",2,1,2,NA,NA,NA,NA,NA,NA,NA,1,1,1,169.49377053,0,6,0,2,2,1835,1758,1758,1835,23,18,1,7,32,1,4,0,0,0,0,0,0,0,43,27,0,0,0,0,0,0,0,43
6925,1,"6925-1",2,1,2,NA,NA,NA,NA,NA,NA,NA,1,1,1,39.89444781,0,6,6,2,2,1538,1306,1538,1306,20,17,0,11,0,1,4,0,0,0,0,0,0,0,61,61,0,0,0,0,0,0,0,61
6925,2,"6925-2",2,1,2,NA,NA,NA,NA,NA,NA,NA,1,1,1,39.89444781,1,6,6,2,2,1306,1202,1538,1306,22,20,1,11,0,1,4,0,0,0,0,0,0,0,61,61,0,0,0,0,0,0,0,61
6925,3,"6925-3",2,1,2,NA,NA,NA,NA,NA,NA,NA,1,1,1,39.89444781,1,6,8,2,2,1202,1378,1538,1306,28,22,1,11,0,1,4,0,0,0,0,0,0,0,61,61,0,0,0,0,0,0,0,61
6925,4,"6925-4",2,1,2,NA,NA,NA,NA,NA,NA,NA,1,1,1,39.89444781,0,6,0,2,2,1378,1538,1538,1306,32,28,1,11,0,1,4,0,0,0,0,0,0,0,61,61,0,0,0,0,0,0,0,61
6925,5,"6925-5",2,1,2,NA,NA,NA,NA,NA,NA,NA,1,2,2,39.89444781,0,8,8,2,2,1538,1528,1538,1528,40,32,0,18,45,1,4,0,0,0,0,0,0,0,61,61,0,0,0,0,0,0,0,61
6925,6,"6925-6",2,1,2,NA,NA,NA,NA,NA,NA,NA,1,2,2,39.89444781,0,8,0,2,2,1528,1538,1538,1528,48,40,1,18,45,1,4,0,0,0,0,0,0,0,61,61,0,0,0,0,0,0,0,61
6931,1,"6931-1",3,1,2,3,NA,NA,NA,NA,NA,NA,3,2,1,210.12583476,0,5,5,3,3,1819,1837,1819,1837,35,31,0,18,28,1,4,8,0,0,0,0,0,0,22,22,0,0,0,0,0,0,0,22
6931,2,"6931-2",3,1,2,3,NA,NA,NA,NA,NA,NA,3,2,1,210.12583476,0,5,0,3,3,1837,1819,1819,1837,48,35,1,18,28,1,4,8,0,0,0,0,0,0,22,22,0,0,0,0,0,0,0,22
6934,3,"6934-3",2,1,4,NA,NA,NA,NA,NA,NA,NA,1,2,1,118.5637124,0,2,2,2,2,2187,2230,2187,2230,34,31,0,18,11,3,3,0,0,0,0,0,0,0,45,17,0,0,0,0,0,0,0,45
6934,4,"6934-4",2,1,4,NA,NA,NA,NA,NA,NA,NA,1,2,1,118.5637124,1,2,8,2,2,2230,2230,2187,2230,36,34,1,18,11,3,3,0,0,0,0,0,0,0,45,17,0,0,0,0,0,0,0,45
6934,5,"6934-5",2,1,4,NA,NA,NA,NA,NA,NA,NA,1,2,1,118.5637124,0,2,0,2,2,2230,2187,2187,2230,48,36,1,18,11,3,3,0,0,0,0,0,0,0,45,17,0,0,0,0,0,0,0,45
6935,1,"6935-1",2,1,5,NA,NA,NA,NA,NA,NA,NA,3,1,1,129.782709592,1,5,7,2,2,1339,1442,1339,1446,20,18,0,11,45,2,8,0,0,0,0,0,0,0,52,1,0,0,0,0,0,0,0,52
6935,2,"6935-2",2,1,5,NA,NA,NA,NA,NA,NA,NA,3,1,1,129.782709592,1,5,5,2,2,1442,1445,1339,1446,21,20,0,11,45,2,8,0,0,0,0,0,0,0,52,1,0,0,0,0,0,0,0,52
6935,3,"6935-3",2,1,5,NA,NA,NA,NA,NA,NA,NA,3,1,1,129.782709592,0,5,5,2,2,1445,1446,1339,1446,23,21,0,11,45,2,8,0,0,0,0,0,0,0,52,1,0,0,0,0,0,0,0,52
6935,4,"6935-4",2,1,5,NA,NA,NA,NA,NA,NA,NA,3,1,1,129.782709592,0,5,0,2,2,1446,1339,1339,1446,27,23,1,11,45,2,8,0,0,0,0,0,0,0,52,1,0,0,0,0,0,0,0,52
6939,1,"6939-1",2,1,2,NA,NA,NA,NA,NA,NA,NA,1,1,1,41.3009176,0,5,5,2,2,1819,1810,1819,1810,23,23,0,14,0,5,4,0,0,0,0,0,0,0,66,36,0,0,0,0,0,0,0,66
6939,2,"6939-2",2,1,2,NA,NA,NA,NA,NA,NA,NA,1,1,1,41.3009176,1,5,6,2,2,1810,1817,1819,1810,23,23,1,14,0,5,4,0,0,0,0,0,0,0,66,36,0,0,0,0,0,0,0,66
6939,3,"6939-3",2,1,2,NA,NA,NA,NA,NA,NA,NA,1,1,1,41.3009176,1,5,5,2,2,1817,1819,1819,1810,23,23,1,14,0,5,4,0,0,0,0,0,0,0,66,36,0,0,0,0,0,0,0,66
6939,4,"6939-4",2,1,2,NA,NA,NA,NA,NA,NA,NA,1,1,1,41.3009176,0,5,0,2,2,1819,1819,1819,1810,48,23,1,14,0,5,4,0,0,0,0,0,0,0,66,36,0,0,0,0,0,0,0,66
6949,3,"6949-3",4,1,2,3,4,NA,NA,NA,NA,NA,3,2,2,282.7559459,1,7,7,3,3,1817,1804,1817,1837,28,27,0,16,25,1,1,8,8,0,0,0,0,0,29,30,0,0,0,0,0,0,0,30
6949,4,"6949-4",4,1,2,3,4,NA,NA,NA,NA,NA,3,2,2,282.7559459,1,7,8,3,3,1804,1992,1817,1837,31,28,0,16,25,1,1,8,8,0,0,0,0,0,29,30,0,0,0,0,0,0,0,30
6949,5,"6949-5",4,1,2,3,4,NA,NA,NA,NA,NA,3,2,2,282.7559459,0,7,7,3,3,1992,1837,1817,1837,35,31,0,16,25,1,1,8,8,0,0,0,0,0,29,30,0,0,0,0,0,0,0,30
6949,6,"6949-6",4,1,2,3,4,NA,NA,NA,NA,NA,3,2,2,282.7559459,0,7,0,3,3,1837,1817,1817,1837,48,35,1,16,25,1,1,8,8,0,0,0,0,0,29,30,0,0,0,0,0,0,0,30
6949,1,"6949-1",3,2,3,4,NA,NA,NA,NA,NA,NA,3,1,1,302.3297036,0,7,7,3,3,1817,1866,1817,1866,21,17,0,11,17,1,8,8,0,0,0,0,0,0,30,0,0,0,0,0,0,0,0,30
6949,2,"6949-2",3,2,3,4,NA,NA,NA,NA,NA,NA,3,1,1,302.3297036,0,7,0,3,3,1866,1817,1817,1866,27,21,1,11,17,1,8,8,0,0,0,0,0,0,30,0,0,0,0,0,0,0,0,30
6957,6,"6957-6",2,1,2,NA,NA,NA,NA,NA,NA,NA,1,2,1,13.4109097,0,8,8,2,2,2755,2755,2755,2755,28,23,0,14,24,5,5,0,0,0,0,0,0,0,69,76,0,0,0,0,0,0,0,76
6957,7,"6957-7",2,1,2,NA,NA,NA,NA,NA,NA,NA,1,2,1,13.4109097,0,8,0,2,2,2755,2755,2755,2755,48,28,1,14,24,5,5,0,0,0,0,0,0,0,69,76,0,0,0,0,0,0,0,76
6958,1,"6958-1",2,1,2,NA,NA,NA,NA,NA,NA,NA,1,2,1,46.654596707,0,5,5,2,2,1091,835,1091,835,19,17,0,11,0,5,2,0,0,0,0,0,0,0,66,64,0,0,0,0,0,0,0,66
6958,2,"6958-2",2,1,2,NA,NA,NA,NA,NA,NA,NA,1,2,1,46.654596707,0,5,0,2,2,835,1091,1091,835,23,19,1,11,0,5,2,0,0,0,0,0,0,0,66,64,0,0,0,0,0,0,0,66
6958,3,"6958-3",2,1,2,NA,NA,NA,NA,NA,NA,NA,1,4,2,46.654596707,0,5,5,2,2,1091,1128,1091,1128,35,33,0,19,15,5,2,0,0,0,0,0,0,0,66,64,0,0,0,0,0,0,0,66
6958,4,"6958-4",2,1,2,NA,NA,NA,NA,NA,NA,NA,1,4,2,46.654596707,0,5,0,2,2,1128,1091,1091,1128,48,35,1,19,15,5,2,0,0,0,0,0,0,0,66,64,0,0,0,0,0,0,0,66
6961,1,"6961-1",2,3,4,NA,NA,NA,NA,NA,NA,NA,2,1,1,74.2640459,0,3,3,9,9,1181,1182,1181,1182,26,10,0,7,40,7,7,0,0,0,0,0,0,0,12,11,0,0,0,0,0,0,0,12
6961,2,"6961-2",2,3,4,NA,NA,NA,NA,NA,NA,NA,2,1,1,74.2640459,0,3,0,9,9,1182,1181,1181,1182,48,26,1,7,40,7,7,0,0,0,0,0,0,0,12,11,0,0,0,0,0,0,0,12
6970,1,"6970-1",2,1,2,NA,NA,NA,NA,NA,NA,NA,1,2,1,52.0070606,0,7,7,2,2,1572,1117,1572,1117,34,32,0,18,47,1,1,0,0,0,0,0,0,0,34,36,0,0,0,0,0,0,0,36
6970,2,"6970-2",2,1,2,NA,NA,NA,NA,NA,NA,NA,1,2,1,52.0070606,1,7,6,2,2,1117,1581,1572,1117,34,34,1,18,47,1,1,0,0,0,0,0,0,0,34,36,0,0,0,0,0,0,0,36
6970,3,"6970-3",2,1,2,NA,NA,NA,NA,NA,NA,NA,1,2,1,52.0070606,0,7,0,2,2,1581,1572,1572,1117,48,34,1,18,47,1,1,0,0,0,0,0,0,0,34,36,0,0,0,0,0,0,0,36
6984,1,"6984-1",2,1,2,NA,NA,NA,NA,NA,NA,NA,1,1,1,69.8732235,1,6,8,2,2,1565,1577,1565,946,15,15,0,10,10,5,5,0,0,0,0,0,0,0,65,71,0,0,0,0,0,0,0,71
6984,2,"6984-2",2,1,2,NA,NA,NA,NA,NA,NA,NA,1,1,1,69.8732235,1,6,5,2,2,1577,938,1565,946,16,15,0,10,10,5,5,0,0,0,0,0,0,0,65,71,0,0,0,0,0,0,0,71
6984,3,"6984-3",2,1,2,NA,NA,NA,NA,NA,NA,NA,1,1,1,69.8732235,1,6,9,2,2,938,882,1565,946,16,16,0,10,10,5,5,0,0,0,0,0,0,0,65,71,0,0,0,0,0,0,0,71
6984,4,"6984-4",2,1,2,NA,NA,NA,NA,NA,NA,NA,1,1,1,69.8732235,1,6,6,2,2,882,868,1565,946,19,16,0,10,10,5,5,0,0,0,0,0,0,0,65,71,0,0,0,0,0,0,0,71
6984,5,"6984-5",2,1,2,NA,NA,NA,NA,NA,NA,NA,1,1,1,69.8732235,1,6,5,2,2,868,888,1565,946,19,19,0,10,10,5,5,0,0,0,0,0,0,0,65,71,0,0,0,0,0,0,0,71
6984,6,"6984-6",2,1,2,NA,NA,NA,NA,NA,NA,NA,1,1,1,69.8732235,1,6,5,2,2,888,902,1565,946,21,19,0,10,10,5,5,0,0,0,0,0,0,0,65,71,0,0,0,0,0,0,0,71
6984,7,"6984-7",2,1,2,NA,NA,NA,NA,NA,NA,NA,1,1,1,69.8732235,0,6,6,2,2,902,946,1565,946,25,21,0,10,10,5,5,0,0,0,0,0,0,0,65,71,0,0,0,0,0,0,0,71
6984,8,"6984-8",2,1,2,NA,NA,NA,NA,NA,NA,NA,1,1,1,69.8732235,0,6,0,2,2,946,1565,1565,946,33,25,1,10,10,5,5,0,0,0,0,0,0,0,65,71,0,0,0,0,0,0,0,71
6984,9,"6984-9",2,1,2,NA,NA,NA,NA,NA,NA,NA,1,2,2,69.8732235,1,5,5,4,4,1565,1117,1565,1117,33,33,0,19,5,5,5,0,0,0,0,0,0,0,65,71,0,0,0,0,0,0,0,71
6984,10,"6984-10",2,1,2,NA,NA,NA,NA,NA,NA,NA,1,2,2,69.8732235,0,5,5,4,4,1117,1117,1565,1117,34,33,0,19,5,5,5,0,0,0,0,0,0,0,65,71,0,0,0,0,0,0,0,71
6984,11,"6984-11",2,1,2,NA,NA,NA,NA,NA,NA,NA,1,2,2,69.8732235,0,5,0,4,4,1117,1565,1565,1117,48,34,1,19,5,5,5,0,0,0,0,0,0,0,65,71,0,0,0,0,0,0,0,71
6994,1,"6994-1",2,1,2,NA,NA,NA,NA,NA,NA,NA,1,1,1,241.581048337,1,5,6,2,2,860,904,860,835,16,14,0,9,45,5,5,0,0,0,0,0,0,0,74,75,0,0,0,0,0,0,0,75
6994,2,"6994-2",2,1,2,NA,NA,NA,NA,NA,NA,NA,1,1,1,241.581048337,0,5,5,2,2,904,835,860,835,19,16,0,9,45,5,5,0,0,0,0,0,0,0,74,75,0,0,0,0,0,0,0,75
6994,3,"6994-3",2,1,2,NA,NA,NA,NA,NA,NA,NA,1,1,1,241.581048337,1,5,7,2,2,835,835,860,835,21,19,1,9,45,5,5,0,0,0,0,0,0,0,74,75,0,0,0,0,0,0,0,75
6994,4,"6994-4",2,1,2,NA,NA,NA,NA,NA,NA,NA,1,1,1,241.581048337,0,5,0,2,2,835,860,860,835,48,21,1,9,45,5,5,0,0,0,0,0,0,0,74,75,0,0,0,0,0,0,0,75
7007,1,"7007-1",2,1,2,NA,NA,NA,NA,NA,NA,NA,1,1,1,26.820738598,0,7,7,3,3,9999,9999,9999,9999,21,15,0,10,0,5,5,0,0,0,0,0,0,0,86,86,0,0,0,0,0,0,0,86
7007,2,"7007-2",2,1,2,NA,NA,NA,NA,NA,NA,NA,1,1,1,26.820738598,1,7,6,3,3,9999,9999,9999,9999,22,21,1,10,0,5,5,0,0,0,0,0,0,0,86,86,0,0,0,0,0,0,0,86
7007,3,"7007-3",2,1,2,NA,NA,NA,NA,NA,NA,NA,1,1,1,26.820738598,0,7,0,3,3,9999,2511,9999,9999,48,22,1,10,0,5,5,0,0,0,0,0,0,0,86,86,0,0,0,0,0,0,0,86
7013,1,"7013-1",2,1,2,NA,NA,NA,NA,NA,NA,NA,1,1,1,272.4195356,0,4,4,2,2,646,74,646,74,13,11,0,8,0,4,4,0,0,0,0,0,0,0,60,62,0,0,0,0,0,0,0,62
7013,2,"7013-2",2,1,2,NA,NA,NA,NA,NA,NA,NA,1,1,1,272.4195356,0,4,0,2,2,74,505,646,74,15,13,1,8,0,4,4,0,0,0,0,0,0,0,60,62,0,0,0,0,0,0,0,62
7013,3,"7013-3",2,1,2,NA,NA,NA,NA,NA,NA,NA,1,2,2,272.4195356,0,4,4,2,2,505,984,505,984,16,15,0,10,0,4,4,0,0,0,0,0,0,0,60,62,0,0,0,0,0,0,0,62
7013,4,"7013-4",2,1,2,NA,NA,NA,NA,NA,NA,NA,1,2,2,272.4195356,1,4,7,2,2,984,1697,505,984,17,16,1,10,0,4,4,0,0,0,0,0,0,0,60,62,0,0,0,0,0,0,0,62
7013,5,"7013-5",2,1,2,NA,NA,NA,NA,NA,NA,NA,1,2,2,272.4195356,0,4,0,2,2,1697,646,505,984,48,17,1,10,0,4,4,0,0,0,0,0,0,0,60,62,0,0,0,0,0,0,0,62
7015,1,"7015-1",2,1,2,NA,NA,NA,NA,NA,NA,NA,1,1,1,68.232281288,0,5,5,2,2,391,949,391,949,14,13,0,9,0,5,5,0,0,0,0,0,0,0,65,65,0,0,0,0,0,0,0,65
7015,2,"7015-2",2,1,2,NA,NA,NA,NA,NA,NA,NA,1,1,1,68.232281288,0,5,0,2,2,949,391,391,949,17,14,1,9,0,5,5,0,0,0,0,0,0,0,65,65,0,0,0,0,0,0,0,65
7022,1,"7022-1",2,1,2,NA,NA,NA,NA,NA,NA,NA,1,2,1,18.155340513,1,8,5,2,2,2623,2686,2623,2596,27,25,0,15,20,5,5,0,0,0,0,0,0,0,67,71,0,0,0,0,0,0,0,71
7022,2,"7022-2",2,1,2,NA,NA,NA,NA,NA,NA,NA,1,2,1,18.155340513,0,8,8,2,2,2686,2596,2623,2596,34,27,0,15,20,5,5,0,0,0,0,0,0,0,67,71,0,0,0,0,0,0,0,71
7022,3,"7022-3",2,1,2,NA,NA,NA,NA,NA,NA,NA,1,2,1,18.155340513,0,8,0,2,2,2596,2623,2623,2596,48,34,1,15,20,5,5,0,0,0,0,0,0,0,67,71,0,0,0,0,0,0,0,71
7030,1,"7030-1",2,1,2,NA,NA,NA,NA,NA,NA,NA,1,2,1,45.04156356,0,9,9,3,3,1405,1401,1405,1401,37,34,0,19,45,1,1,0,0,0,0,0,0,0,53,57,0,0,0,0,0,0,0,57
7030,2,"7030-2",2,1,2,NA,NA,NA,NA,NA,NA,NA,1,2,1,45.04156356,0,9,0,3,3,1401,1405,1405,1401,48,37,1,19,45,1,1,0,0,0,0,0,0,0,53,57,0,0,0,0,0,0,0,57
7033,1,"7033-1",2,1,2,NA,NA,NA,NA,NA,NA,NA,1,2,1,68.86888386,0,7,7,2,2,1692,1704,1692,1704,31,30,0,17,43,1,4,0,0,0,0,0,0,0,32,57,0,0,0,0,0,0,0,57
7033,2,"7033-2",2,1,2,NA,NA,NA,NA,NA,NA,NA,1,2,1,68.86888386,0,7,0,2,2,1704,1692,1692,1704,48,31,1,17,43,1,4,0,0,0,0,0,0,0,32,57,0,0,0,0,0,0,0,57
7034,1,"7034-1",2,1,2,NA,NA,NA,NA,NA,NA,NA,1,2,1,777.82251582,0,9,9,2,2,997,992,997,992,30,27,0,16,10,1,1,0,0,0,0,0,0,0,33,33,0,0,0,0,0,0,0,33
7034,2,"7034-2",2,1,2,NA,NA,NA,NA,NA,NA,NA,1,2,1,777.82251582,1,9,5,2,2,992,995,997,992,31,30,1,16,10,1,1,0,0,0,0,0,0,0,33,33,0,0,0,0,0,0,0,33
7034,3,"7034-3",2,1,2,NA,NA,NA,NA,NA,NA,NA,1,2,1,777.82251582,0,9,0,2,2,995,997,997,992,32,31,1,16,10,1,1,0,0,0,0,0,0,0,33,33,0,0,0,0,0,0,0,33
7036,1,"7036-1",2,1,2,NA,NA,NA,NA,NA,NA,NA,1,1,1,235.904046245,0,4,4,2,2,464,448,464,448,20,16,0,10,30,5,5,0,0,0,0,0,0,0,81,80,0,0,0,0,0,0,0,81
7036,2,"7036-2",2,1,2,NA,NA,NA,NA,NA,NA,NA,1,1,1,235.904046245,0,4,0,2,2,448,464,464,448,33,20,1,10,30,5,5,0,0,0,0,0,0,0,81,80,0,0,0,0,0,0,0,81
7038,3,"7038-3",2,1,4,NA,NA,NA,NA,NA,NA,NA,3,3,1,73.7090859,0,6,6,2,2,1585,1573,1585,1573,26,25,0,15,15,3,6,0,0,0,0,0,0,0,51,16,0,0,0,0,0,0,0,51
7038,4,"7038-4",2,1,4,NA,NA,NA,NA,NA,NA,NA,3,3,1,73.7090859,0,6,0,2,2,1573,1585,1585,1573,27,26,1,15,15,3,6,0,0,0,0,0,0,0,51,16,0,0,0,0,0,0,0,51
7049,5,"7049-5",5,1,2,3,4,5,NA,NA,NA,NA,3,4,1,743.1654034,0,9,9,3,3,1822,1844,1822,1844,38,33,0,19,0,4,1,7,7,7,0,0,0,0,39,50,11,9,6,0,0,0,0,50
7049,6,"7049-6",5,1,2,3,4,5,NA,NA,NA,NA,3,4,1,743.1654034,0,9,0,3,3,1844,1822,1822,1844,48,38,1,19,0,4,1,7,7,7,0,0,0,0,39,50,11,9,6,0,0,0,0,50
7052,1,"7052-1",2,1,2,NA,NA,NA,NA,NA,NA,NA,1,2,1,73.21895196,0,7,7,2,2,625,626,625,626,36,32,0,18,45,1,1,0,0,0,0,0,0,0,46,47,0,0,0,0,0,0,0,47
7052,2,"7052-2",2,1,2,NA,NA,NA,NA,NA,NA,NA,1,2,1,73.21895196,0,7,0,2,2,626,625,625,626,48,36,1,18,45,1,1,0,0,0,0,0,0,0,46,47,0,0,0,0,0,0,0,47
7056,3,"7056-3",3,1,2,3,NA,NA,NA,NA,NA,NA,3,2,1,378.6323387,0,9,9,3,3,476,477,476,477,34,32,0,18,30,4,1,8,0,0,0,0,0,0,30,32,2,0,0,0,0,0,0,32
7056,4,"7056-4",3,1,2,3,NA,NA,NA,NA,NA,NA,3,2,1,378.6323387,0,9,0,3,3,477,476,476,477,48,34,1,18,30,4,1,8,0,0,0,0,0,0,30,32,2,0,0,0,0,0,0,32
7057,1,"7057-1",2,1,2,NA,NA,NA,NA,NA,NA,NA,1,2,1,53.864753985,0,7,7,2,2,1471,1431,1471,1431,36,31,0,18,0,1,1,0,0,0,0,0,0,0,53,51,0,0,0,0,0,0,0,53
7057,2,"7057-2",2,1,2,NA,NA,NA,NA,NA,NA,NA,1,2,1,53.864753985,0,7,0,2,2,1431,1471,1471,1431,48,36,1,18,0,1,1,0,0,0,0,0,0,0,53,51,0,0,0,0,0,0,0,53
7059,1,"7059-1",2,1,2,NA,NA,NA,NA,NA,NA,NA,1,1,1,31.231934265,0,9,9,5,5,2623,2643,2623,2643,25,24,0,14,30,1,4,0,0,0,0,0,0,0,44,47,0,0,0,0,0,0,0,47
7059,2,"7059-2",2,1,2,NA,NA,NA,NA,NA,NA,NA,1,1,1,31.231934265,0,9,0,5,5,2643,2623,2623,2643,48,25,1,14,30,1,4,0,0,0,0,0,0,0,44,47,0,0,0,0,0,0,0,47
7063,1,"7063-1",2,1,2,NA,NA,NA,NA,NA,NA,NA,1,1,1,47.265040634,0,6,6,2,2,2231,2322,2231,2322,17,13,0,9,0,5,5,0,0,0,0,0,0,0,72,71,0,0,0,0,0,0,0,72
7063,2,"7063-2",2,1,2,NA,NA,NA,NA,NA,NA,NA,1,1,1,47.265040634,0,6,0,2,2,2322,2231,2231,2322,48,17,1,9,0,5,5,0,0,0,0,0,0,0,72,71,0,0,0,0,0,0,0,72
7071,1,"7071-1",2,1,2,NA,NA,NA,NA,NA,NA,NA,1,2,1,24.21849906,0,7,7,2,2,2567,9999,2567,9999,33,31,0,18,0,2,1,0,0,0,0,0,0,0,62,63,0,0,0,0,0,0,0,63
7071,2,"7071-2",2,1,2,NA,NA,NA,NA,NA,NA,NA,1,2,1,24.21849906,0,7,0,2,2,9999,2567,2567,9999,48,33,1,18,0,2,1,0,0,0,0,0,0,0,62,63,0,0,0,0,0,0,0,63
7076,3,"7076-3",4,1,2,3,4,NA,NA,NA,NA,NA,3,3,2,81.0476351,0,9,9,3,3,1585,1637,1585,1637,31,27,0,16,15,4,1,8,8,0,0,0,0,0,31,36,4,2,0,0,0,0,0,36
7076,4,"7076-4",4,1,2,3,4,NA,NA,NA,NA,NA,3,3,2,81.0476351,1,9,7,4,3,1637,1637,1585,1637,34,31,1,16,15,4,1,8,8,0,0,0,0,0,31,36,4,2,0,0,0,0,0,36
7076,5,"7076-5",4,1,2,3,4,NA,NA,NA,NA,NA,3,3,2,81.0476351,0,9,0,3,3,1637,1585,1585,1637,48,34,1,16,15,4,1,8,8,0,0,0,0,0,31,36,4,2,0,0,0,0,0,36
7076,1,"7076-1",3,2,3,4,NA,NA,NA,NA,NA,NA,3,1,1,80.01390986,0,9,9,3,3,1585,939,1585,939,18,15,0,10,0,1,8,8,0,0,0,0,0,0,36,4,2,0,0,0,0,0,0,36
7076,2,"7076-2",3,2,3,4,NA,NA,NA,NA,NA,NA,3,1,1,80.01390986,0,9,0,3,3,939,1585,1585,939,27,18,1,10,0,1,8,8,0,0,0,0,0,0,36,4,2,0,0,0,0,0,0,36
7084,1,"7084-1",2,1,5,NA,NA,NA,NA,NA,NA,NA,3,1,1,129.782709592,0,4,4,3,3,1589,863,1589,863,34,28,0,16,45,2,7,0,0,0,0,0,0,0,51,15,0,0,0,0,0,0,0,51
7084,2,"7084-2",2,1,5,NA,NA,NA,NA,NA,NA,NA,3,1,1,129.782709592,0,4,0,2,3,863,1589,1589,863,36,34,1,16,45,2,7,0,0,0,0,0,0,0,51,15,0,0,0,0,0,0,0,51
7088,1,"7088-1",3,1,3,4,NA,NA,NA,NA,NA,NA,3,1,1,71.7007935,0,6,6,3,3,1872,1892,1872,1892,20,16,0,10,41,4,8,8,0,0,0,0,0,0,39,2,1,0,0,0,0,0,0,39
7088,2,"7088-2",3,1,3,4,NA,NA,NA,NA,NA,NA,3,1,1,71.7007935,1,6,6,3,3,1892,1886,1872,1892,21,20,1,10,41,4,8,8,0,0,0,0,0,0,39,2,1,0,0,0,0,0,0,39
7088,3,"7088-3",3,1,3,4,NA,NA,NA,NA,NA,NA,3,1,1,71.7007935,0,6,0,3,3,1886,1872,1872,1892,24,21,1,10,41,4,8,8,0,0,0,0,0,0,39,2,1,0,0,0,0,0,0,39
7090,1,"7090-1",2,3,4,NA,NA,NA,NA,NA,NA,NA,2,1,1,39.3251878,0,3,3,9,9,2704,2711,2704,2711,26,11,0,8,10,7,7,0,0,0,0,0,0,0,10,9,0,0,0,0,0,0,0,10
7090,2,"7090-2",2,3,4,NA,NA,NA,NA,NA,NA,NA,2,1,1,39.3251878,0,3,0,9,9,2711,2704,2704,2711,48,26,1,8,10,7,7,0,0,0,0,0,0,0,10,9,0,0,0,0,0,0,0,10
7092,1,"7092-1",3,2,3,4,NA,NA,NA,NA,NA,NA,3,1,1,58.28167526,0,1,1,3,3,1247,1213,1247,1213,28,9,0,7,10,1,7,7,0,0,0,0,0,0,49,13,10,0,0,0,0,0,0,49
7092,2,"7092-2",3,2,3,4,NA,NA,NA,NA,NA,NA,3,1,1,58.28167526,0,1,0,3,3,1213,1247,1247,1213,48,28,1,7,10,1,7,7,0,0,0,0,0,0,49,13,10,0,0,0,0,0,0,49
7101,1,"7101-1",2,1,2,NA,NA,NA,NA,NA,NA,NA,1,2,1,76.111561365,0,9,9,2,2,276,703,276,703,28,21,0,13,17,2,1,0,0,0,0,0,0,0,46,53,0,0,0,0,0,0,0,53
7101,2,"7101-2",2,1,2,NA,NA,NA,NA,NA,NA,NA,1,2,1,76.111561365,0,9,0,2,2,703,276,276,703,48,28,1,13,17,2,1,0,0,0,0,0,0,0,46,53,0,0,0,0,0,0,0,53
7103,1,"7103-1",2,1,2,NA,NA,NA,NA,NA,NA,NA,1,1,1,45.598658117,0,5,5,2,2,1664,1590,1664,1590,24,23,0,14,5,5,5,0,0,0,0,0,0,0,80,79,0,0,0,0,0,0,0,80
7103,2,"7103-2",2,1,2,NA,NA,NA,NA,NA,NA,NA,1,1,1,45.598658117,1,5,6,2,2,1590,1593,1664,1590,25,24,1,14,5,5,5,0,0,0,0,0,0,0,80,79,0,0,0,0,0,0,0,80
7103,3,"7103-3",2,1,2,NA,NA,NA,NA,NA,NA,NA,1,1,1,45.598658117,0,5,0,2,2,1593,1664,1664,1590,48,25,1,14,5,5,5,0,0,0,0,0,0,0,80,79,0,0,0,0,0,0,0,80
7116,1,"7116-1",2,1,2,NA,NA,NA,NA,NA,NA,NA,1,2,1,127.6640751,0,7,7,3,3,1587,1612,1587,1612,32,30,0,17,42,3,1,0,0,0,0,0,0,0,23,23,0,0,0,0,0,0,0,23
7116,2,"7116-2",2,1,2,NA,NA,NA,NA,NA,NA,NA,1,2,1,127.6640751,0,7,0,3,3,1612,1587,1587,1612,48,32,1,17,42,3,1,0,0,0,0,0,0,0,23,23,0,0,0,0,0,0,0,23
7117,4,"7117-4",2,1,2,NA,NA,NA,NA,NA,NA,NA,1,2,1,68.258641772,0,9,9,2,2,1184,1415,1184,1415,35,30,0,17,30,1,2,0,0,0,0,0,0,0,48,44,0,0,0,0,0,0,0,48
7117,5,"7117-5",2,1,2,NA,NA,NA,NA,NA,NA,NA,1,2,1,68.258641772,0,9,0,2,2,1415,1184,1184,1415,48,35,1,17,30,1,2,0,0,0,0,0,0,0,48,44,0,0,0,0,0,0,0,48
7118,1,"7118-1",2,1,2,NA,NA,NA,NA,NA,NA,NA,1,1,1,43.785335861,0,7,7,2,2,1105,1088,1105,1088,13,12,0,8,50,4,4,0,0,0,0,0,0,0,62,57,0,0,0,0,0,0,0,62
7118,2,"7118-2",2,1,2,NA,NA,NA,NA,NA,NA,NA,1,1,1,43.785335861,0,7,0,2,2,1088,1105,1105,1088,29,13,1,8,50,4,4,0,0,0,0,0,0,0,62,57,0,0,0,0,0,0,0,62
7121,3,"7121-3",2,2,4,NA,NA,NA,NA,NA,NA,NA,3,2,1,81.0476351,0,8,8,2,2,1658,1608,1658,1608,21,13,0,9,21,4,8,0,0,0,0,0,0,0,35,2,0,0,0,0,0,0,0,35
7121,4,"7121-4",2,2,4,NA,NA,NA,NA,NA,NA,NA,3,2,1,81.0476351,1,8,5,2,2,1608,1590,1658,1608,24,21,1,9,21,4,8,0,0,0,0,0,0,0,35,2,0,0,0,0,0,0,0,35
7121,5,"7121-5",2,2,4,NA,NA,NA,NA,NA,NA,NA,3,2,1,81.0476351,1,8,5,2,2,1590,1590,1658,1608,25,24,1,9,21,4,8,0,0,0,0,0,0,0,35,2,0,0,0,0,0,0,0,35
7121,6,"7121-6",2,2,4,NA,NA,NA,NA,NA,NA,NA,3,2,1,81.0476351,0,8,0,2,2,1590,1658,1658,1608,25,25,1,9,21,4,8,0,0,0,0,0,0,0,35,2,0,0,0,0,0,0,0,35
7134,1,"7134-1",2,1,2,NA,NA,NA,NA,NA,NA,NA,1,2,1,45.598658117,1,2,7,2,2,1516,1505,1516,1427,26,23,0,14,20,3,3,0,0,0,0,0,0,0,77,72,0,0,0,0,0,0,0,77
7134,2,"7134-2",2,1,2,NA,NA,NA,NA,NA,NA,NA,1,2,1,45.598658117,0,2,2,2,2,1505,1427,1516,1427,31,26,0,14,20,3,3,0,0,0,0,0,0,0,77,72,0,0,0,0,0,0,0,77
7134,3,"7134-3",2,1,2,NA,NA,NA,NA,NA,NA,NA,1,2,1,45.598658117,1,2,8,2,2,1427,1463,1516,1427,31,31,1,14,20,3,3,0,0,0,0,0,0,0,77,72,0,0,0,0,0,0,0,77
7134,4,"7134-4",2,1,2,NA,NA,NA,NA,NA,NA,NA,1,2,1,45.598658117,0,2,0,2,2,1463,1516,1516,1427,48,31,1,14,20,3,3,0,0,0,0,0,0,0,77,72,0,0,0,0,0,0,0,77
7136,1,"7136-1",2,1,2,NA,NA,NA,NA,NA,NA,NA,1,1,0,551.86919907,0,NA,1,3,NA,1114,1074,NA,NA,31,12,0,NA,NA,1,1,0,0,0,0,0,0,0,26,29,0,0,0,0,0,0,0,29
7136,2,"7136-2",2,1,2,NA,NA,NA,NA,NA,NA,NA,1,1,0,551.86919907,0,NA,0,3,NA,1074,1114,NA,NA,48,31,1,NA,NA,1,1,0,0,0,0,0,0,0,26,29,0,0,0,0,0,0,0,29
7143,1,"7143-1",2,2,3,NA,NA,NA,NA,NA,NA,NA,3,1,1,110.4046472,0,5,5,3,3,1787,1761,1787,1761,34,30,0,17,45,4,8,0,0,0,0,0,0,0,28,3,0,0,0,0,0,0,0,28
7143,2,"7143-2",2,2,3,NA,NA,NA,NA,NA,NA,NA,3,1,1,110.4046472,1,5,8,3,3,1761,1800,1787,1761,42,34,1,17,45,4,8,0,0,0,0,0,0,0,28,3,0,0,0,0,0,0,0,28
7143,3,"7143-3",2,2,3,NA,NA,NA,NA,NA,NA,NA,3,1,1,110.4046472,0,5,0,3,3,1800,1787,1787,1761,48,42,1,17,45,4,8,0,0,0,0,0,0,0,28,3,0,0,0,0,0,0,0,28
7145,1,"7145-1",2,1,2,NA,NA,NA,NA,NA,NA,NA,1,2,1,98.93109557,0,6,6,2,2,770,845,770,845,18,15,0,10,0,5,5,0,0,0,0,0,0,0,71,71,0,0,0,0,0,0,0,71
7145,2,"7145-2",2,1,2,NA,NA,NA,NA,NA,NA,NA,1,2,1,98.93109557,0,6,0,2,2,845,770,770,845,25,18,1,10,0,5,5,0,0,0,0,0,0,0,71,71,0,0,0,0,0,0,0,71
7149,1,"7149-1",3,1,3,4,NA,NA,NA,NA,NA,NA,3,1,1,527.8156034,0,5,5,3,3,1786,1761,1786,1761,18,16,0,10,30,4,8,8,0,0,0,0,0,0,27,4,1,0,0,0,0,0,0,27
7149,2,"7149-2",3,1,3,4,NA,NA,NA,NA,NA,NA,3,1,1,527.8156034,0,5,0,3,3,1761,1786,1786,1761,48,18,1,10,30,4,8,8,0,0,0,0,0,0,27,4,1,0,0,0,0,0,0,27
7157,1,"7157-1",2,1,2,NA,NA,NA,NA,NA,NA,NA,1,2,1,24.171536025,0,5,5,2,2,1658,1610,1658,1610,32,31,0,18,13,1,1,0,0,0,0,0,0,0,62,54,0,0,0,0,0,0,0,62
7157,2,"7157-2",2,1,2,NA,NA,NA,NA,NA,NA,NA,1,2,1,24.171536025,1,5,5,2,2,1610,1611,1658,1610,33,32,1,18,13,1,1,0,0,0,0,0,0,0,62,54,0,0,0,0,0,0,0,62
7157,3,"7157-3",2,1,2,NA,NA,NA,NA,NA,NA,NA,1,2,1,24.171536025,1,5,7,2,2,1611,1580,1658,1610,35,33,1,18,13,1,1,0,0,0,0,0,0,0,62,54,0,0,0,0,0,0,0,62
7157,4,"7157-4",2,1,2,NA,NA,NA,NA,NA,NA,NA,1,2,1,24.171536025,0,5,0,2,2,1580,1658,1658,1610,48,35,1,18,13,1,1,0,0,0,0,0,0,0,62,54,0,0,0,0,0,0,0,62
7169,1,"7169-1",2,1,4,NA,NA,NA,NA,NA,NA,NA,3,1,1,26.7867479,0,6,6,2,2,2473,2430,2473,2430,18,12,0,8,40,4,8,0,0,0,0,0,0,0,34,2,0,0,0,0,0,0,0,34
7169,2,"7169-2",2,1,4,NA,NA,NA,NA,NA,NA,NA,3,1,1,26.7867479,0,6,0,2,2,2430,2473,2473,2430,25,18,1,8,40,4,8,0,0,0,0,0,0,0,34,2,0,0,0,0,0,0,0,34
7169,5,"7169-5",3,1,3,4,NA,NA,NA,NA,NA,NA,3,3,2,26.7867479,0,5,5,3,3,2473,2474,2473,2474,28,28,0,16,30,4,7,8,0,0,0,0,0,0,34,6,2,0,0,0,0,0,0,34
7169,6,"7169-6",3,1,3,4,NA,NA,NA,NA,NA,NA,3,3,2,26.7867479,0,5,0,3,3,2474,2473,2473,2474,48,28,1,16,30,4,7,8,0,0,0,0,0,0,34,6,2,0,0,0,0,0,0,34
7171,1,"7171-1",2,1,2,NA,NA,NA,NA,NA,NA,NA,1,3,1,44.4988487,0,9,9,2,2,957,956,957,956,31,30,0,17,56,1,4,0,0,0,0,0,0,0,59,63,0,0,0,0,0,0,0,63
7171,2,"7171-2",2,1,2,NA,NA,NA,NA,NA,NA,NA,1,3,1,44.4988487,0,9,0,2,2,956,957,957,956,48,31,1,17,56,1,4,0,0,0,0,0,0,0,59,63,0,0,0,0,0,0,0,63
7182,1,"7182-1",2,1,3,NA,NA,NA,NA,NA,NA,NA,1,1,1,129.782709592,0,1,1,3,3,1658,2189,1658,2189,17,7,0,6,25,1,1,0,0,0,0,0,0,0,52,40,0,0,0,0,0,0,0,52
7182,2,"7182-2",2,1,3,NA,NA,NA,NA,NA,NA,NA,1,1,1,129.782709592,0,1,0,2,3,2189,1658,1658,2189,28,26,1,6,25,1,1,0,0,0,0,0,0,0,52,40,0,0,0,0,0,0,0,52
7185,1,"7185-1",2,3,4,NA,NA,NA,NA,NA,NA,NA,2,1,1,150.6621527,0,3,3,9,9,1979,1967,1979,1967,24,11,0,8,20,7,7,0,0,0,0,0,0,0,10,7,0,0,0,0,0,0,0,10
7185,2,"7185-2",2,3,4,NA,NA,NA,NA,NA,NA,NA,2,1,1,150.6621527,0,3,0,9,9,1967,1979,1979,1967,48,24,1,8,20,7,7,0,0,0,0,0,0,0,10,7,0,0,0,0,0,0,0,10
7186,1,"7186-1",2,1,2,NA,NA,NA,NA,NA,NA,NA,1,4,1,97.0887597,0,7,7,2,2,2481,2482,2481,2482,37,33,0,19,22,1,1,0,0,0,0,0,0,0,34,32,0,0,0,0,0,0,0,34
7186,2,"7186-2",2,1,2,NA,NA,NA,NA,NA,NA,NA,1,4,1,97.0887597,0,7,0,2,2,2482,2481,2481,2482,48,37,1,19,22,1,1,0,0,0,0,0,0,0,34,32,0,0,0,0,0,0,0,34
7194,1,"7194-1",2,1,2,NA,NA,NA,NA,NA,NA,NA,1,2,1,60.154263225,1,6,7,2,2,1701,1701,1701,1698,29,27,0,16,15,1,2,0,0,0,0,0,0,0,61,71,0,0,0,0,0,0,0,71
7194,2,"7194-2",2,1,2,NA,NA,NA,NA,NA,NA,NA,1,2,1,60.154263225,0,6,6,2,2,1701,1698,1701,1698,30,29,0,16,15,1,2,0,0,0,0,0,0,0,61,71,0,0,0,0,0,0,0,71
7194,3,"7194-3",2,1,2,NA,NA,NA,NA,NA,NA,NA,1,2,1,60.154263225,0,6,0,2,2,1698,1701,1701,1698,48,30,1,16,15,1,2,0,0,0,0,0,0,0,61,71,0,0,0,0,0,0,0,71
7207,1,"7207-1",2,1,2,NA,NA,NA,NA,NA,NA,NA,1,2,1,45.99165795,0,7,7,3,3,1405,1427,1405,1427,30,29,0,17,16,1,1,0,0,0,0,0,0,0,56,56,0,0,0,0,0,0,0,56
7207,2,"7207-2",2,1,2,NA,NA,NA,NA,NA,NA,NA,1,2,1,45.99165795,0,7,0,3,3,1427,1405,1405,1427,32,30,1,17,16,1,1,0,0,0,0,0,0,0,56,56,0,0,0,0,0,0,0,56
7207,3,"7207-3",2,1,2,NA,NA,NA,NA,NA,NA,NA,1,3,2,45.99165795,0,9,9,3,3,1405,1416,1405,1416,36,32,0,18,45,1,1,0,0,0,0,0,0,0,56,56,0,0,0,0,0,0,0,56
7207,4,"7207-4",2,1,2,NA,NA,NA,NA,NA,NA,NA,1,3,2,45.99165795,0,9,0,3,3,1416,1405,1405,1416,48,36,1,18,45,1,1,0,0,0,0,0,0,0,56,56,0,0,0,0,0,0,0,56
7208,1,"7208-1",2,1,2,NA,NA,NA,NA,NA,NA,NA,1,1,1,75.846701373,0,5,5,3,3,1872,1687,1872,1687,27,23,0,14,27,4,5,0,0,0,0,0,0,0,58,71,0,0,0,0,0,0,0,71
7208,2,"7208-2",2,1,2,NA,NA,NA,NA,NA,NA,NA,1,1,1,75.846701373,1,5,7,3,3,1687,1913,1872,1687,28,27,1,14,27,4,5,0,0,0,0,0,0,0,58,71,0,0,0,0,0,0,0,71
7208,3,"7208-3",2,1,2,NA,NA,NA,NA,NA,NA,NA,1,1,1,75.846701373,0,5,0,3,3,1913,1872,1872,1687,33,28,1,14,27,4,5,0,0,0,0,0,0,0,58,71,0,0,0,0,0,0,0,71
7209,3,"7209-3",2,1,2,NA,NA,NA,NA,NA,NA,NA,3,2,1,102.102201124,1,9,7,2,2,2109,365,2109,450,32,30,0,17,31,1,7,0,0,0,0,0,0,0,46,9,0,0,0,0,0,0,0,46
7209,4,"7209-4",2,1,2,NA,NA,NA,NA,NA,NA,NA,3,2,1,102.102201124,0,9,9,2,2,365,450,2109,450,35,32,0,17,31,1,7,0,0,0,0,0,0,0,46,9,0,0,0,0,0,0,0,46
7209,5,"7209-5",2,1,2,NA,NA,NA,NA,NA,NA,NA,3,2,1,102.102201124,0,9,0,2,2,450,2109,2109,450,48,35,1,17,31,1,7,0,0,0,0,0,0,0,46,9,0,0,0,0,0,0,0,46
7218,1,"7218-1",2,1,2,NA,NA,NA,NA,NA,NA,NA,1,1,1,10.10481775,1,7,6,2,2,2473,2474,2473,2432,18,16,0,10,50,5,5,0,0,0,0,0,0,0,67,70,0,0,0,0,0,0,0,70
7218,2,"7218-2",2,1,2,NA,NA,NA,NA,NA,NA,NA,1,1,1,10.10481775,0,7,7,2,2,2474,2432,2473,2432,24,18,0,10,50,5,5,0,0,0,0,0,0,0,67,70,0,0,0,0,0,0,0,70
7218,3,"7218-3",2,1,2,NA,NA,NA,NA,NA,NA,NA,1,1,1,10.10481775,0,7,0,2,2,2432,2473,2473,2432,48,24,1,10,50,5,5,0,0,0,0,0,0,0,67,70,0,0,0,0,0,0,0,70
7232,1,"7232-1",2,2,3,NA,NA,NA,NA,NA,NA,NA,3,1,1,36.960984,1,5,6,2,2,971,975,971,1161,19,19,0,12,7,1,8,0,0,0,0,0,0,0,31,2,0,0,0,0,0,0,0,31
7232,2,"7232-2",2,2,3,NA,NA,NA,NA,NA,NA,NA,3,1,1,36.960984,0,5,5,2,2,975,1161,971,1161,22,19,0,12,7,1,8,0,0,0,0,0,0,0,31,2,0,0,0,0,0,0,0,31
7232,3,"7232-3",2,2,3,NA,NA,NA,NA,NA,NA,NA,3,1,1,36.960984,1,5,7,2,2,1161,982,971,1161,23,22,1,12,7,1,8,0,0,0,0,0,0,0,31,2,0,0,0,0,0,0,0,31
7232,4,"7232-4",2,2,3,NA,NA,NA,NA,NA,NA,NA,3,1,1,36.960984,0,5,0,2,2,982,971,971,1161,48,23,1,12,7,1,8,0,0,0,0,0,0,0,31,2,0,0,0,0,0,0,0,31
7236,1,"7236-1",2,1,2,NA,NA,NA,NA,NA,NA,NA,1,3,1,251.0281005,0,7,7,2,2,1289,1417,1289,1417,34,29,0,17,23,2,2,0,0,0,0,0,0,0,68,68,0,0,0,0,0,0,0,68
7236,2,"7236-2",2,1,2,NA,NA,NA,NA,NA,NA,NA,1,3,1,251.0281005,0,7,0,2,2,1417,1289,1289,1417,48,34,1,17,23,2,2,0,0,0,0,0,0,0,68,68,0,0,0,0,0,0,0,68
7242,4,"7242-4",2,1,3,NA,NA,NA,NA,NA,NA,NA,1,2,2,353.0210874,0,4,4,2,2,485,880,485,880,24,23,0,14,0,4,4,0,0,0,0,0,0,0,56,55,0,0,0,0,0,0,0,56
7242,5,"7242-5",2,1,3,NA,NA,NA,NA,NA,NA,NA,1,2,2,353.0210874,0,4,0,2,2,880,485,485,880,28,24,1,14,0,4,4,0,0,0,0,0,0,0,56,55,0,0,0,0,0,0,0,56
7242,8,"7242-8",3,1,3,4,NA,NA,NA,NA,NA,NA,1,3,4,353.0210874,0,5,5,3,3,485,476,485,476,30,28,0,16,35,4,4,4,0,0,0,0,0,0,56,55,52,0,0,0,0,0,0,56
7242,9,"7242-9",3,1,3,4,NA,NA,NA,NA,NA,NA,1,3,4,353.0210874,0,5,0,3,3,476,485,485,476,48,30,1,16,35,4,4,4,0,0,0,0,0,0,56,55,52,0,0,0,0,0,0,56
7242,6,"7242-6",2,2,4,NA,NA,NA,NA,NA,NA,NA,1,2,3,353.0210874,0,8,8,2,2,485,535,485,535,27,26,0,15,30,4,4,0,0,0,0,0,0,0,52,52,0,0,0,0,0,0,0,52
7242,7,"7242-7",2,2,4,NA,NA,NA,NA,NA,NA,NA,1,2,3,353.0210874,0,8,0,2,2,535,485,485,535,48,27,1,15,30,4,4,0,0,0,0,0,0,0,52,52,0,0,0,0,0,0,0,52
7242,1,"7242-1",2,1,3,NA,NA,NA,NA,NA,NA,NA,1,1,0,353.0210874,0,NA,6,2,NA,485,381,NA,NA,14,12,0,NA,NA,4,4,0,0,0,0,0,0,0,56,55,0,0,0,0,0,0,0,56
7242,2,"7242-2",2,1,3,NA,NA,NA,NA,NA,NA,NA,1,1,0,353.0210874,1,NA,6,2,NA,381,483,NA,NA,14,14,1,NA,NA,4,4,0,0,0,0,0,0,0,56,55,0,0,0,0,0,0,0,56
7242,3,"7242-3",2,1,3,NA,NA,NA,NA,NA,NA,NA,1,1,0,353.0210874,0,NA,0,2,NA,483,485,NA,NA,23,14,1,NA,NA,4,4,0,0,0,0,0,0,0,56,55,0,0,0,0,0,0,0,56
7248,1,"7248-1",2,1,2,NA,NA,NA,NA,NA,NA,NA,1,1,1,103.530093,0,7,7,2,2,1697,1734,1697,1734,26,20,0,12,30,1,1,0,0,0,0,0,0,0,40,40,0,0,0,0,0,0,0,40
7248,2,"7248-2",2,1,2,NA,NA,NA,NA,NA,NA,NA,1,1,1,103.530093,0,7,0,2,2,1734,1697,1697,1734,48,26,1,12,30,1,1,0,0,0,0,0,0,0,40,40,0,0,0,0,0,0,0,40
7268,1,"7268-1",2,1,2,NA,NA,NA,NA,NA,NA,NA,1,3,1,42.219483935,1,4,8,3,3,1986,1960,1986,1415,28,28,0,16,30,4,4,0,0,0,0,0,0,0,62,62,0,0,0,0,0,0,0,62
7268,2,"7268-2",2,1,2,NA,NA,NA,NA,NA,NA,NA,1,3,1,42.219483935,0,4,4,3,3,1960,1415,1986,1415,31,28,0,16,30,4,4,0,0,0,0,0,0,0,62,62,0,0,0,0,0,0,0,62
7268,3,"7268-3",2,1,2,NA,NA,NA,NA,NA,NA,NA,1,3,1,42.219483935,1,4,7,3,3,1415,1935,1986,1415,34,31,1,16,30,4,4,0,0,0,0,0,0,0,62,62,0,0,0,0,0,0,0,62
7268,4,"7268-4",2,1,2,NA,NA,NA,NA,NA,NA,NA,1,3,1,42.219483935,1,4,4,3,3,1935,1960,1986,1415,34,34,1,16,30,4,4,0,0,0,0,0,0,0,62,62,0,0,0,0,0,0,0,62
7268,5,"7268-5",2,1,2,NA,NA,NA,NA,NA,NA,NA,1,3,1,42.219483935,0,4,0,3,3,1960,1986,1986,1415,48,34,1,16,30,4,4,0,0,0,0,0,0,0,62,62,0,0,0,0,0,0,0,62
7271,1,"7271-1",2,1,2,NA,NA,NA,NA,NA,NA,NA,1,1,1,95.023148872,0,9,9,2,2,1585,1610,1585,1610,13,10,0,7,30,4,5,0,0,0,0,0,0,0,63,65,0,0,0,0,0,0,0,65
7271,2,"7271-2",2,1,2,NA,NA,NA,NA,NA,NA,NA,1,1,1,95.023148872,0,9,0,2,2,1610,1585,1585,1610,18,13,1,7,30,4,5,0,0,0,0,0,0,0,63,65,0,0,0,0,0,0,0,65
7271,3,"7271-3",2,1,2,NA,NA,NA,NA,NA,NA,NA,1,2,2,95.023148872,1,8,5,2,2,1585,1605,1585,2696,19,18,0,11,30,4,5,0,0,0,0,0,0,0,63,65,0,0,0,0,0,0,0,65
7271,4,"7271-4",2,1,2,NA,NA,NA,NA,NA,NA,NA,1,2,2,95.023148872,1,8,7,2,2,1605,1593,1585,2696,20,19,0,11,30,4,5,0,0,0,0,0,0,0,63,65,0,0,0,0,0,0,0,65
7271,5,"7271-5",2,1,2,NA,NA,NA,NA,NA,NA,NA,1,2,2,95.023148872,1,8,6,2,2,1593,1593,1585,2696,21,20,0,11,30,4,5,0,0,0,0,0,0,0,63,65,0,0,0,0,0,0,0,65
7271,6,"7271-6",2,1,2,NA,NA,NA,NA,NA,NA,NA,1,2,2,95.023148872,0,8,8,2,2,1593,2696,1585,2696,28,21,0,11,30,4,5,0,0,0,0,0,0,0,63,65,0,0,0,0,0,0,0,65
7271,7,"7271-7",2,1,2,NA,NA,NA,NA,NA,NA,NA,1,2,2,95.023148872,0,8,0,2,2,2696,1585,1585,2696,48,28,1,11,30,4,5,0,0,0,0,0,0,0,63,65,0,0,0,0,0,0,0,65
7274,1,"7274-1",2,1,2,NA,NA,NA,NA,NA,NA,NA,1,2,1,46.723791135,0,7,7,2,2,1658,1662,1658,1662,33,30,0,17,45,1,4,0,0,0,0,0,0,0,64,63,0,0,0,0,0,0,0,64
7274,2,"7274-2",2,1,2,NA,NA,NA,NA,NA,NA,NA,1,2,1,46.723791135,0,7,0,2,2,1662,1658,1658,1662,48,33,1,17,45,1,4,0,0,0,0,0,0,0,64,63,0,0,0,0,0,0,0,64
7276,5,"7276-5",2,1,4,NA,NA,NA,NA,NA,NA,NA,3,5,1,496.858247696,0,9,9,3,3,1393,1424,1393,1424,34,29,0,17,0,2,7,0,0,0,0,0,0,0,42,9,0,0,0,0,0,0,0,42
7276,6,"7276-6",2,1,4,NA,NA,NA,NA,NA,NA,NA,3,5,1,496.858247696,0,9,0,3,3,1424,1393,1393,1424,48,34,1,17,0,2,7,0,0,0,0,0,0,0,42,9,0,0,0,0,0,0,0,42
7277,1,"7277-1",2,1,2,NA,NA,NA,NA,NA,NA,NA,1,1,1,70.564225108,1,6,6,2,2,641,646,641,563,25,25,0,15,0,5,5,0,0,0,0,0,0,0,70,66,0,0,0,0,0,0,0,70
7277,2,"7277-2",2,1,2,NA,NA,NA,NA,NA,NA,NA,1,1,1,70.564225108,0,6,6,2,2,646,563,641,563,28,25,0,15,0,5,5,0,0,0,0,0,0,0,70,66,0,0,0,0,0,0,0,70
7277,3,"7277-3",2,1,2,NA,NA,NA,NA,NA,NA,NA,1,1,1,70.564225108,1,6,6,2,2,563,572,641,563,29,28,1,15,0,5,5,0,0,0,0,0,0,0,70,66,0,0,0,0,0,0,0,70
7277,4,"7277-4",2,1,2,NA,NA,NA,NA,NA,NA,NA,1,1,1,70.564225108,1,6,7,2,2,572,566,641,563,31,29,1,15,0,5,5,0,0,0,0,0,0,0,70,66,0,0,0,0,0,0,0,70
7277,5,"7277-5",2,1,2,NA,NA,NA,NA,NA,NA,NA,1,1,1,70.564225108,0,6,0,2,2,566,641,641,563,48,31,1,15,0,5,5,0,0,0,0,0,0,0,70,66,0,0,0,0,0,0,0,70
7279,2,"7279-2",3,1,2,3,NA,NA,NA,NA,NA,NA,3,2,1,155.039946,0,4,4,3,3,479,921,479,921,17,13,0,9,22,4,4,6,0,0,0,0,0,0,61,40,17,0,0,0,0,0,0,61
7279,3,"7279-3",3,1,2,3,NA,NA,NA,NA,NA,NA,3,2,1,155.039946,1,4,5,3,3,921,746,479,921,18,17,1,9,22,4,4,6,0,0,0,0,0,0,61,40,17,0,0,0,0,0,0,61
7279,4,"7279-4",3,1,2,3,NA,NA,NA,NA,NA,NA,3,2,1,155.039946,1,4,5,3,3,746,740,479,921,18,18,1,9,22,4,4,6,0,0,0,0,0,0,61,40,17,0,0,0,0,0,0,61
7279,5,"7279-5",3,1,2,3,NA,NA,NA,NA,NA,NA,3,2,1,155.039946,0,4,0,3,3,740,479,479,921,19,18,1,9,22,4,4,6,0,0,0,0,0,0,61,40,17,0,0,0,0,0,0,61
7279,6,"7279-6",2,1,3,NA,NA,NA,NA,NA,NA,NA,3,3,2,155.039946,0,5,5,2,2,479,459,479,459,20,19,0,12,17,4,6,0,0,0,0,0,0,0,61,17,0,0,0,0,0,0,0,61
7279,7,"7279-7",2,1,3,NA,NA,NA,NA,NA,NA,NA,3,3,2,155.039946,1,5,5,2,2,459,459,479,459,21,20,1,12,17,4,6,0,0,0,0,0,0,0,61,17,0,0,0,0,0,0,0,61
7279,8,"7279-8",2,1,3,NA,NA,NA,NA,NA,NA,NA,3,3,2,155.039946,1,5,5,2,2,459,460,479,459,22,21,1,12,17,4,6,0,0,0,0,0,0,0,61,17,0,0,0,0,0,0,0,61
7279,9,"7279-9",2,1,3,NA,NA,NA,NA,NA,NA,NA,3,3,2,155.039946,0,5,0,2,2,460,479,479,459,28,22,1,12,17,4,6,0,0,0,0,0,0,0,61,17,0,0,0,0,0,0,0,61
7279,10,"7279-10",2,1,3,NA,NA,NA,NA,NA,NA,NA,3,4,3,155.039946,1,6,6,2,2,479,481,479,479,30,28,0,16,41,4,6,0,0,0,0,0,0,0,61,17,0,0,0,0,0,0,0,61
7279,11,"7279-11",2,1,3,NA,NA,NA,NA,NA,NA,NA,3,4,3,155.039946,0,6,6,2,2,481,479,479,479,48,30,0,16,41,4,6,0,0,0,0,0,0,0,61,17,0,0,0,0,0,0,0,61
7284,1,"7284-1",2,1,2,NA,NA,NA,NA,NA,NA,NA,1,1,1,13.4109097,1,5,6,2,2,2712,2718,2712,2715,16,16,0,10,32,5,5,0,0,0,0,0,0,0,66,66,0,0,0,0,0,0,0,66
7284,2,"7284-2",2,1,2,NA,NA,NA,NA,NA,NA,NA,1,1,1,13.4109097,1,5,5,2,2,2718,2699,2712,2715,17,16,0,10,32,5,5,0,0,0,0,0,0,0,66,66,0,0,0,0,0,0,0,66
7284,3,"7284-3",2,1,2,NA,NA,NA,NA,NA,NA,NA,1,1,1,13.4109097,0,5,5,2,2,2699,2715,2712,2715,19,17,0,10,32,5,5,0,0,0,0,0,0,0,66,66,0,0,0,0,0,0,0,66
7284,4,"7284-4",2,1,2,NA,NA,NA,NA,NA,NA,NA,1,1,1,13.4109097,0,5,0,2,2,2715,2712,2712,2715,48,19,1,10,32,5,5,0,0,0,0,0,0,0,66,66,0,0,0,0,0,0,0,66
7288,1,"7288-1",2,1,3,NA,NA,NA,NA,NA,NA,NA,3,3,1,130.085110688,0,7,7,3,3,583,582,583,582,29,27,0,16,0,1,7,0,0,0,0,0,0,0,50,12,0,0,0,0,0,0,0,50
7288,2,"7288-2",2,1,3,NA,NA,NA,NA,NA,NA,NA,3,3,1,130.085110688,0,7,0,3,3,582,583,583,582,29,29,1,16,0,1,7,0,0,0,0,0,0,0,50,12,0,0,0,0,0,0,0,50
7304,1,"7304-1",2,1,2,NA,NA,NA,NA,NA,NA,NA,1,2,1,73.749671301,0,4,4,3,3,235,236,235,236,30,29,0,17,10,5,5,0,0,0,0,0,0,0,73,68,0,0,0,0,0,0,0,73
7304,2,"7304-2",2,1,2,NA,NA,NA,NA,NA,NA,NA,1,2,1,73.749671301,1,4,7,3,3,236,280,235,236,31,30,1,17,10,5,5,0,0,0,0,0,0,0,73,68,0,0,0,0,0,0,0,73
7304,3,"7304-3",2,1,2,NA,NA,NA,NA,NA,NA,NA,1,2,1,73.749671301,0,4,0,3,3,280,235,235,236,35,31,1,17,10,5,5,0,0,0,0,0,0,0,73,68,0,0,0,0,0,0,0,73
7304,4,"7304-4",2,1,2,NA,NA,NA,NA,NA,NA,NA,1,3,2,73.749671301,0,4,4,2,2,235,229,235,229,35,35,0,20,5,5,5,0,0,0,0,0,0,0,73,68,0,0,0,0,0,0,0,73
7304,5,"7304-5",2,1,2,NA,NA,NA,NA,NA,NA,NA,1,3,2,73.749671301,0,4,0,2,2,229,235,235,229,48,35,1,20,5,5,5,0,0,0,0,0,0,0,73,68,0,0,0,0,0,0,0,73
7305,1,"7305-1",2,1,2,NA,NA,NA,NA,NA,NA,NA,1,2,1,26.035020709,0,5,5,2,2,2675,2669,2675,2669,32,30,0,17,30,5,5,0,0,0,0,0,0,0,76,76,0,0,0,0,0,0,0,76
7305,2,"7305-2",2,1,2,NA,NA,NA,NA,NA,NA,NA,1,2,1,26.035020709,0,5,0,2,2,2669,2675,2675,2669,48,32,1,17,30,5,5,0,0,0,0,0,0,0,76,76,0,0,0,0,0,0,0,76
7311,2,"7311-2",2,2,5,NA,NA,NA,NA,NA,NA,NA,3,2,1,84.48709838,0,6,6,2,2,2757,843,2757,843,28,24,0,14,48,1,7,0,0,0,0,0,0,0,42,12,0,0,0,0,0,0,0,42
7311,3,"7311-3",2,2,5,NA,NA,NA,NA,NA,NA,NA,3,2,1,84.48709838,1,6,7,2,2,843,2715,2757,843,29,28,1,14,48,1,7,0,0,0,0,0,0,0,42,12,0,0,0,0,0,0,0,42
7311,4,"7311-4",2,2,5,NA,NA,NA,NA,NA,NA,NA,3,2,1,84.48709838,1,6,9,2,2,2715,2715,2757,843,31,29,1,14,48,1,7,0,0,0,0,0,0,0,42,12,0,0,0,0,0,0,0,42
7311,5,"7311-5",2,2,5,NA,NA,NA,NA,NA,NA,NA,3,2,1,84.48709838,0,6,0,2,2,2715,2757,2757,843,48,31,1,14,48,1,7,0,0,0,0,0,0,0,42,12,0,0,0,0,0,0,0,42
7315,1,"7315-1",2,3,4,NA,NA,NA,NA,NA,NA,NA,1,2,1,109.0427574,0,7,7,2,2,2461,598,2461,598,31,30,0,17,45,3,3,0,0,0,0,0,0,0,18,18,0,0,0,0,0,0,0,18
7315,2,"7315-2",2,3,4,NA,NA,NA,NA,NA,NA,NA,1,2,1,109.0427574,0,7,0,2,2,598,2461,2461,598,48,31,1,17,45,3,3,0,0,0,0,0,0,0,18,18,0,0,0,0,0,0,0,18
7320,1,"7320-1",2,3,4,NA,NA,NA,NA,NA,NA,NA,2,1,1,299.5436256,0,3,3,3,3,1979,1828,1979,1828,26,12,0,8,30,7,7,0,0,0,0,0,0,0,8,6,0,0,0,0,0,0,0,8
7320,2,"7320-2",2,3,4,NA,NA,NA,NA,NA,NA,NA,2,1,1,299.5436256,0,3,0,3,3,1828,1979,1979,1828,48,26,1,8,30,7,7,0,0,0,0,0,0,0,8,6,0,0,0,0,0,0,0,8
7328,1,"7328-1",2,1,4,NA,NA,NA,NA,NA,NA,NA,3,1,1,129.782709592,0,1,1,2,2,1184,1160,1184,1160,30,9,0,7,5,1,6,0,0,0,0,0,0,0,53,17,0,0,0,0,0,0,0,53
7328,2,"7328-2",2,1,4,NA,NA,NA,NA,NA,NA,NA,3,1,1,129.782709592,1,1,6,2,2,1160,1184,1184,1160,30,30,1,7,5,1,6,0,0,0,0,0,0,0,53,17,0,0,0,0,0,0,0,53
7328,3,"7328-3",2,1,4,NA,NA,NA,NA,NA,NA,NA,3,1,1,129.782709592,0,1,0,2,2,1184,1184,1184,1160,30,30,1,7,5,1,6,0,0,0,0,0,0,0,53,17,0,0,0,0,0,0,0,53
7335,1,"7335-1",2,1,4,NA,NA,NA,NA,NA,NA,NA,3,1,1,49.760203552,0,1,1,2,2,1388,1434,1388,1434,15,8,0,6,42,1,6,0,0,0,0,0,0,0,52,17,0,0,0,0,0,0,0,52
7335,2,"7335-2",2,1,4,NA,NA,NA,NA,NA,NA,NA,3,1,1,49.760203552,1,1,7,2,2,1434,1411,1388,1434,31,30,1,6,42,1,6,0,0,0,0,0,0,0,52,17,0,0,0,0,0,0,0,52
7335,3,"7335-3",2,1,4,NA,NA,NA,NA,NA,NA,NA,3,1,1,49.760203552,0,1,0,2,2,1411,1388,1388,1434,35,31,1,6,42,1,6,0,0,0,0,0,0,0,52,17,0,0,0,0,0,0,0,52
7335,4,"7335-4",2,1,2,NA,NA,NA,NA,NA,NA,NA,1,2,2,49.760203552,0,5,5,2,2,1388,1917,1388,1917,36,35,0,20,15,1,1,0,0,0,0,0,0,0,52,50,0,0,0,0,0,0,0,52
7335,5,"7335-5",2,1,2,NA,NA,NA,NA,NA,NA,NA,1,2,2,49.760203552,0,5,0,2,2,1917,1388,1388,1917,38,36,1,20,15,1,1,0,0,0,0,0,0,0,52,50,0,0,0,0,0,0,0,52
7339,1,"7339-1",2,1,2,NA,NA,NA,NA,NA,NA,NA,1,1,1,45.018000184,0,5,5,2,2,9999,9999,9999,9999,20,17,0,11,0,5,5,0,0,0,0,0,0,0,68,72,0,0,0,0,0,0,0,72
7339,2,"7339-2",2,1,2,NA,NA,NA,NA,NA,NA,NA,1,1,1,45.018000184,1,5,5,2,2,9999,9999,9999,9999,22,20,1,11,0,5,5,0,0,0,0,0,0,0,68,72,0,0,0,0,0,0,0,72
7339,3,"7339-3",2,1,2,NA,NA,NA,NA,NA,NA,NA,1,1,1,45.018000184,1,5,5,2,2,9999,9999,9999,9999,24,22,1,11,0,5,5,0,0,0,0,0,0,0,68,72,0,0,0,0,0,0,0,72
7339,4,"7339-4",2,1,2,NA,NA,NA,NA,NA,NA,NA,1,1,1,45.018000184,0,5,0,2,2,9999,9999,9999,9999,48,24,1,11,0,5,5,0,0,0,0,0,0,0,68,72,0,0,0,0,0,0,0,72
7346,1,"7346-1",2,1,2,NA,NA,NA,NA,NA,NA,NA,1,2,1,138.301188814,0,7,7,2,2,2661,2679,2661,2679,34,31,0,18,0,5,5,0,0,0,0,0,0,0,79,79,0,0,0,0,0,0,0,79
7346,2,"7346-2",2,1,2,NA,NA,NA,NA,NA,NA,NA,1,2,1,138.301188814,0,7,0,2,2,2679,2661,2661,2679,48,34,1,18,0,5,5,0,0,0,0,0,0,0,79,79,0,0,0,0,0,0,0,79
7349,1,"7349-1",2,1,2,NA,NA,NA,NA,NA,NA,NA,1,2,1,113.186828055,0,7,7,3,3,1194,1427,1194,1427,36,33,0,19,15,1,2,0,0,0,0,0,0,0,64,65,0,0,0,0,0,0,0,65
7349,2,"7349-2",2,1,2,NA,NA,NA,NA,NA,NA,NA,1,2,1,113.186828055,0,7,0,3,3,1427,1194,1194,1427,48,36,1,19,15,1,2,0,0,0,0,0,0,0,64,65,0,0,0,0,0,0,0,65
7354,7,"7354-7",4,1,2,3,4,NA,NA,NA,NA,NA,3,3,1,42.8967272,0,7,7,3,3,1457,1417,1457,1417,30,29,0,17,2,2,1,6,7,0,0,0,0,0,47,48,16,13,0,0,0,0,0,48
7354,8,"7354-8",4,1,2,3,4,NA,NA,NA,NA,NA,3,3,1,42.8967272,0,7,0,3,3,1417,1457,1457,1417,48,30,1,17,2,2,1,6,7,0,0,0,0,0,47,48,16,13,0,0,0,0,0,48
7358,3,"7358-3",3,2,3,4,NA,NA,NA,NA,NA,NA,3,2,2,81.0476351,0,9,9,3,3,1668,1643,1668,1643,33,31,0,18,0,4,7,7,0,0,0,0,0,0,40,7,6,0,0,0,0,0,0,40
7358,4,"7358-4",3,2,3,4,NA,NA,NA,NA,NA,NA,3,2,2,81.0476351,1,9,7,3,3,1643,1662,1668,1643,36,33,1,18,0,4,7,7,0,0,0,0,0,0,40,7,6,0,0,0,0,0,0,40
7358,5,"7358-5",3,2,3,4,NA,NA,NA,NA,NA,NA,3,2,2,81.0476351,0,9,0,3,3,1662,1668,1668,1643,48,36,1,18,0,4,7,7,0,0,0,0,0,0,40,7,6,0,0,0,0,0,0,40
7358,1,"7358-1",2,3,4,NA,NA,NA,NA,NA,NA,NA,2,1,1,74.2640459,0,3,3,9,9,1668,1667,1668,1667,27,11,0,8,15,7,7,0,0,0,0,0,0,0,7,6,0,0,0,0,0,0,0,7
7358,2,"7358-2",2,3,4,NA,NA,NA,NA,NA,NA,NA,2,1,1,74.2640459,0,3,0,9,9,1667,1668,1668,1667,31,27,1,8,15,7,7,0,0,0,0,0,0,0,7,6,0,0,0,0,0,0,0,7
7360,1,"7360-1",2,2,3,NA,NA,NA,NA,NA,NA,NA,3,1,1,43.4286539,0,9,9,2,2,1498,1487,1498,1487,19,14,0,9,30,3,8,0,0,0,0,0,0,0,37,2,0,0,0,0,0,0,0,37
7360,2,"7360-2",2,2,3,NA,NA,NA,NA,NA,NA,NA,3,1,1,43.4286539,0,9,0,2,2,1487,1498,1498,1487,48,19,1,9,30,3,8,0,0,0,0,0,0,0,37,2,0,0,0,0,0,0,0,37
7368,1,"7368-1",2,1,2,NA,NA,NA,NA,NA,NA,NA,1,1,1,81.960600317,0,6,6,2,2,1984,644,1984,644,28,13,0,9,0,5,4,0,0,0,0,0,0,0,65,63,0,0,0,0,0,0,0,65
7368,2,"7368-2",2,1,2,NA,NA,NA,NA,NA,NA,NA,1,1,1,81.960600317,1,6,6,2,2,644,1767,1984,644,30,28,1,9,0,5,4,0,0,0,0,0,0,0,65,63,0,0,0,0,0,0,0,65
7368,3,"7368-3",2,1,2,NA,NA,NA,NA,NA,NA,NA,1,1,1,81.960600317,1,6,7,2,2,1767,1761,1984,644,31,30,1,9,0,5,4,0,0,0,0,0,0,0,65,63,0,0,0,0,0,0,0,65
7368,4,"7368-4",2,1,2,NA,NA,NA,NA,NA,NA,NA,1,1,1,81.960600317,1,6,5,2,2,1761,1986,1984,644,34,31,1,9,0,5,4,0,0,0,0,0,0,0,65,63,0,0,0,0,0,0,0,65
7368,5,"7368-5",2,1,2,NA,NA,NA,NA,NA,NA,NA,1,1,1,81.960600317,0,6,0,2,2,1986,1984,1984,644,48,34,1,9,0,5,4,0,0,0,0,0,0,0,65,63,0,0,0,0,0,0,0,65
7369,1,"7369-1",2,1,2,NA,NA,NA,NA,NA,NA,NA,1,1,1,70.564225108,0,6,6,2,2,631,524,631,524,20,16,0,10,40,5,5,0,0,0,0,0,0,0,73,70,0,0,0,0,0,0,0,73
7369,2,"7369-2",2,1,2,NA,NA,NA,NA,NA,NA,NA,1,1,1,70.564225108,1,6,7,2,2,524,619,631,524,22,20,1,10,40,5,5,0,0,0,0,0,0,0,73,70,0,0,0,0,0,0,0,73
7369,3,"7369-3",2,1,2,NA,NA,NA,NA,NA,NA,NA,1,1,1,70.564225108,1,6,6,2,2,619,622,631,524,22,22,1,10,40,5,5,0,0,0,0,0,0,0,73,70,0,0,0,0,0,0,0,73
7369,4,"7369-4",2,1,2,NA,NA,NA,NA,NA,NA,NA,1,1,1,70.564225108,0,6,0,2,2,622,631,631,524,27,22,1,10,40,5,5,0,0,0,0,0,0,0,73,70,0,0,0,0,0,0,0,73
7369,5,"7369-5",2,1,2,NA,NA,NA,NA,NA,NA,NA,1,2,2,70.564225108,1,9,4,2,3,631,605,631,580,30,27,0,16,10,5,5,0,0,0,0,0,0,0,73,70,0,0,0,0,0,0,0,73
7369,6,"7369-6",2,1,2,NA,NA,NA,NA,NA,NA,NA,1,2,2,70.564225108,0,9,9,3,3,605,580,631,580,34,30,0,16,10,5,5,0,0,0,0,0,0,0,73,70,0,0,0,0,0,0,0,73
7369,7,"7369-7",2,1,2,NA,NA,NA,NA,NA,NA,NA,1,2,2,70.564225108,1,9,4,3,3,580,605,631,580,35,34,1,16,10,5,5,0,0,0,0,0,0,0,73,70,0,0,0,0,0,0,0,73
7369,8,"7369-8",2,1,2,NA,NA,NA,NA,NA,NA,NA,1,2,2,70.564225108,0,9,0,2,3,605,631,631,580,48,35,1,16,10,5,5,0,0,0,0,0,0,0,73,70,0,0,0,0,0,0,0,73
7381,1,"7381-1",2,1,2,NA,NA,NA,NA,NA,NA,NA,1,1,1,160.938877031,1,6,7,2,2,468,459,468,397,14,14,0,9,30,4,5,0,0,0,0,0,0,0,40,70,0,0,0,0,0,0,0,70
7381,2,"7381-2",2,1,2,NA,NA,NA,NA,NA,NA,NA,1,1,1,160.938877031,0,6,6,2,2,459,397,468,397,22,14,0,9,30,4,5,0,0,0,0,0,0,0,40,70,0,0,0,0,0,0,0,70
7381,3,"7381-3",2,1,2,NA,NA,NA,NA,NA,NA,NA,1,1,1,160.938877031,1,6,7,2,2,397,1818,468,397,26,22,1,9,30,4,5,0,0,0,0,0,0,0,40,70,0,0,0,0,0,0,0,70
7381,4,"7381-4",2,1,2,NA,NA,NA,NA,NA,NA,NA,1,1,1,160.938877031,1,6,8,2,2,1818,1805,468,397,28,26,1,9,30,4,5,0,0,0,0,0,0,0,40,70,0,0,0,0,0,0,0,70
7381,5,"7381-5",2,1,2,NA,NA,NA,NA,NA,NA,NA,1,1,1,160.938877031,0,6,0,2,2,1805,468,468,397,48,28,1,9,30,4,5,0,0,0,0,0,0,0,40,70,0,0,0,0,0,0,0,70
7385,1,"7385-1",2,1,2,NA,NA,NA,NA,NA,NA,NA,1,1,1,70.033154872,0,6,6,2,2,235,422,235,422,17,17,0,11,0,4,4,0,0,0,0,0,0,0,61,55,0,0,0,0,0,0,0,61
7385,2,"7385-2",2,1,2,NA,NA,NA,NA,NA,NA,NA,1,1,1,70.033154872,1,6,6,2,2,422,433,235,422,17,17,1,11,0,4,4,0,0,0,0,0,0,0,61,55,0,0,0,0,0,0,0,61
7385,3,"7385-3",2,1,2,NA,NA,NA,NA,NA,NA,NA,1,1,1,70.033154872,1,6,5,2,2,433,224,235,422,18,17,1,11,0,4,4,0,0,0,0,0,0,0,61,55,0,0,0,0,0,0,0,61
7385,4,"7385-4",2,1,2,NA,NA,NA,NA,NA,NA,NA,1,1,1,70.033154872,1,6,5,2,2,224,222,235,422,18,18,1,11,0,4,4,0,0,0,0,0,0,0,61,55,0,0,0,0,0,0,0,61
7385,5,"7385-5",2,1,2,NA,NA,NA,NA,NA,NA,NA,1,1,1,70.033154872,1,6,6,2,2,222,229,235,422,18,18,1,11,0,4,4,0,0,0,0,0,0,0,61,55,0,0,0,0,0,0,0,61
7385,6,"7385-6",2,1,2,NA,NA,NA,NA,NA,NA,NA,1,1,1,70.033154872,0,6,0,2,2,229,235,235,422,48,18,1,11,0,4,4,0,0,0,0,0,0,0,61,55,0,0,0,0,0,0,0,61
7396,2,"7396-2",2,1,5,NA,NA,NA,NA,NA,NA,NA,3,3,1,208.1847812,0,4,4,2,2,389,392,389,392,21,18,0,11,47,4,6,0,0,0,0,0,0,0,61,17,0,0,0,0,0,0,0,61
7396,3,"7396-3",2,1,5,NA,NA,NA,NA,NA,NA,NA,3,3,1,208.1847812,0,4,0,2,2,392,389,389,392,29,21,1,11,47,4,6,0,0,0,0,0,0,0,61,17,0,0,0,0,0,0,0,61
7421,1,"7421-1",3,1,2,3,NA,NA,NA,NA,NA,NA,3,1,1,112.416797,0,8,8,3,3,1653,9999,1653,9999,29,18,0,11,30,4,8,8,0,0,0,0,0,0,23,4,2,0,0,0,0,0,0,23
7421,2,"7421-2",3,1,2,3,NA,NA,NA,NA,NA,NA,3,1,1,112.416797,0,8,0,3,3,9999,1653,1653,9999,48,29,1,11,30,4,8,8,0,0,0,0,0,0,23,4,2,0,0,0,0,0,0,23
7442,1,"7442-1",2,1,2,NA,NA,NA,NA,NA,NA,NA,1,1,1,31.231934265,0,1,1,3,3,2643,2590,2643,2590,28,10,0,7,30,1,4,0,0,0,0,0,0,0,28,43,0,0,0,0,0,0,0,43
7442,2,"7442-2",2,1,2,NA,NA,NA,NA,NA,NA,NA,1,1,1,31.231934265,0,1,0,2,3,2590,2643,2643,2590,32,28,1,7,30,1,4,0,0,0,0,0,0,0,28,43,0,0,0,0,0,0,0,43
7442,3,"7442-3",2,1,2,NA,NA,NA,NA,NA,NA,NA,1,2,2,31.231934265,0,8,8,3,3,2643,2596,2643,2596,36,32,0,18,30,1,4,0,0,0,0,0,0,0,28,43,0,0,0,0,0,0,0,43
7442,4,"7442-4",2,1,2,NA,NA,NA,NA,NA,NA,NA,1,2,2,31.231934265,0,8,0,3,3,2596,2643,2643,2596,48,36,1,18,30,1,4,0,0,0,0,0,0,0,28,43,0,0,0,0,0,0,0,43
7443,1,"7443-1",2,1,3,NA,NA,NA,NA,NA,NA,NA,3,1,1,213.5815705,0,8,8,4,4,1682,1709,1682,1709,25,25,0,15,11,4,8,0,0,0,0,0,0,0,26,2,0,0,0,0,0,0,0,26
7443,2,"7443-2",2,1,3,NA,NA,NA,NA,NA,NA,NA,3,1,1,213.5815705,0,8,0,4,4,1709,1682,1682,1709,48,25,1,15,11,4,8,0,0,0,0,0,0,0,26,2,0,0,0,0,0,0,0,26
7460,1,"7460-1",2,1,2,NA,NA,NA,NA,NA,NA,NA,1,1,1,103.604435799,0,6,6,2,2,482,833,482,833,19,15,0,10,0,5,5,0,0,0,0,0,0,0,83,78,0,0,0,0,0,0,0,83
7460,2,"7460-2",2,1,2,NA,NA,NA,NA,NA,NA,NA,1,1,1,103.604435799,0,6,0,2,2,833,482,482,833,25,19,1,10,0,5,5,0,0,0,0,0,0,0,83,78,0,0,0,0,0,0,0,83
7462,1,"7462-1",2,1,2,NA,NA,NA,NA,NA,NA,NA,1,1,1,28.706259184,1,5,7,2,2,1111,1113,1111,1133,23,20,0,12,50,5,4,0,0,0,0,0,0,0,70,63,0,0,0,0,0,0,0,70
7462,2,"7462-2",2,1,2,NA,NA,NA,NA,NA,NA,NA,1,1,1,28.706259184,1,5,5,2,2,1113,1099,1111,1133,24,23,0,12,50,5,4,0,0,0,0,0,0,0,70,63,0,0,0,0,0,0,0,70
7462,3,"7462-3",2,1,2,NA,NA,NA,NA,NA,NA,NA,1,1,1,28.706259184,1,5,8,2,2,1099,1139,1111,1133,26,24,0,12,50,5,4,0,0,0,0,0,0,0,70,63,0,0,0,0,0,0,0,70
7462,4,"7462-4",2,1,2,NA,NA,NA,NA,NA,NA,NA,1,1,1,28.706259184,1,5,6,2,2,1139,1123,1111,1133,27,26,0,12,50,5,4,0,0,0,0,0,0,0,70,63,0,0,0,0,0,0,0,70
7462,5,"7462-5",2,1,2,NA,NA,NA,NA,NA,NA,NA,1,1,1,28.706259184,0,5,5,2,2,1123,1133,1111,1133,29,27,0,12,50,5,4,0,0,0,0,0,0,0,70,63,0,0,0,0,0,0,0,70
7462,6,"7462-6",2,1,2,NA,NA,NA,NA,NA,NA,NA,1,1,1,28.706259184,0,5,0,2,2,1133,1111,1111,1133,48,29,1,12,50,5,4,0,0,0,0,0,0,0,70,63,0,0,0,0,0,0,0,70
7463,1,"7463-1",2,1,2,NA,NA,NA,NA,NA,NA,NA,1,2,1,151.847760807,0,7,7,2,2,2741,2345,2741,2345,35,32,0,18,30,5,2,0,0,0,0,0,0,0,67,81,0,0,0,0,0,0,0,81
7463,2,"7463-2",2,1,2,NA,NA,NA,NA,NA,NA,NA,1,2,1,151.847760807,0,7,0,2,2,2345,2741,2741,2345,48,35,1,18,30,5,2,0,0,0,0,0,0,0,67,81,0,0,0,0,0,0,0,81
7467,1,"7467-1",2,1,3,NA,NA,NA,NA,NA,NA,NA,1,2,1,1499.864505532,1,9,5,2,2,1981,1923,1981,1918,37,36,0,20,30,2,2,0,0,0,0,0,0,0,19,48,0,0,0,0,0,0,0,48
7467,2,"7467-2",2,1,3,NA,NA,NA,NA,NA,NA,NA,1,2,1,1499.864505532,0,9,9,2,2,1923,1918,1981,1918,39,37,0,20,30,2,2,0,0,0,0,0,0,0,19,48,0,0,0,0,0,0,0,48
7467,3,"7467-3",2,1,3,NA,NA,NA,NA,NA,NA,NA,1,2,1,1499.864505532,0,9,0,2,2,1918,1981,1981,1918,48,39,1,20,30,2,2,0,0,0,0,0,0,0,19,48,0,0,0,0,0,0,0,48
7472,1,"7472-1",2,2,3,NA,NA,NA,NA,NA,NA,NA,1,2,1,30.91409937,0,5,5,2,2,2643,2675,2643,2675,31,30,0,17,46,1,5,0,0,0,0,0,0,0,46,66,0,0,0,0,0,0,0,66
7472,2,"7472-2",2,2,3,NA,NA,NA,NA,NA,NA,NA,1,2,1,30.91409937,0,5,0,2,2,2675,2643,2643,2675,33,31,1,17,46,1,5,0,0,0,0,0,0,0,46,66,0,0,0,0,0,0,0,66
7472,3,"7472-3",2,2,3,NA,NA,NA,NA,NA,NA,NA,1,3,2,30.91409937,0,7,7,2,2,2643,2646,2643,2646,34,33,0,19,20,1,5,0,0,0,0,0,0,0,46,66,0,0,0,0,0,0,0,66
7472,4,"7472-4",2,2,3,NA,NA,NA,NA,NA,NA,NA,1,3,2,30.91409937,0,7,0,2,2,2646,2643,2643,2646,48,34,1,19,20,1,5,0,0,0,0,0,0,0,46,66,0,0,0,0,0,0,0,66
7475,1,"7475-1",3,1,2,3,NA,NA,NA,NA,NA,NA,1,2,1,110.9858764,0,5,5,3,3,1080,1134,1080,1134,32,29,0,17,0,4,4,4,0,0,0,0,0,0,40,40,40,0,0,0,0,0,0,40
7475,2,"7475-2",3,1,2,3,NA,NA,NA,NA,NA,NA,1,2,1,110.9858764,1,5,5,4,3,1134,1134,1080,1134,33,32,1,17,0,4,4,4,0,0,0,0,0,0,40,40,40,0,0,0,0,0,0,40
7475,3,"7475-3",3,1,2,3,NA,NA,NA,NA,NA,NA,1,2,1,110.9858764,1,5,5,4,3,1134,1134,1080,1134,35,33,1,17,0,4,4,4,0,0,0,0,0,0,40,40,40,0,0,0,0,0,0,40
7475,4,"7475-4",3,1,2,3,NA,NA,NA,NA,NA,NA,1,2,1,110.9858764,0,5,0,3,3,1134,1080,1080,1134,48,35,1,17,0,4,4,4,0,0,0,0,0,0,40,40,40,0,0,0,0,0,0,40
7479,7,"7479-7",2,2,4,NA,NA,NA,NA,NA,NA,NA,3,4,1,82.449306196,0,9,9,2,2,2643,1831,2643,1831,35,30,0,17,30,1,7,0,0,0,0,0,0,0,35,8,0,0,0,0,0,0,0,35
7479,8,"7479-8",2,2,4,NA,NA,NA,NA,NA,NA,NA,3,4,1,82.449306196,0,9,0,2,2,1831,2643,2643,1831,40,35,1,17,30,1,7,0,0,0,0,0,0,0,35,8,0,0,0,0,0,0,0,35
7491,1,"7491-1",2,1,2,NA,NA,NA,NA,NA,NA,NA,1,2,1,418.98922275,1,5,6,2,2,389,392,389,54,26,25,0,15,25,2,1,0,0,0,0,0,0,0,28,28,0,0,0,0,0,0,0,28
7491,2,"7491-2",2,1,2,NA,NA,NA,NA,NA,NA,NA,1,2,1,418.98922275,0,5,5,2,2,392,54,389,54,28,26,0,15,25,2,1,0,0,0,0,0,0,0,28,28,0,0,0,0,0,0,0,28
7491,3,"7491-3",2,1,2,NA,NA,NA,NA,NA,NA,NA,1,2,1,418.98922275,0,5,0,2,2,54,389,389,54,48,28,1,15,25,2,1,0,0,0,0,0,0,0,28,28,0,0,0,0,0,0,0,28
7495,1,"7495-1",2,1,2,NA,NA,NA,NA,NA,NA,NA,1,1,1,155.985185532,0,9,9,2,2,1531,1523,1531,1523,19,17,0,11,0,4,5,0,0,0,0,0,0,0,63,65,0,0,0,0,0,0,0,65
7495,2,"7495-2",2,1,2,NA,NA,NA,NA,NA,NA,NA,1,1,1,155.985185532,1,9,5,2,2,1523,1532,1531,1523,21,19,1,11,0,4,5,0,0,0,0,0,0,0,63,65,0,0,0,0,0,0,0,65
7495,3,"7495-3",2,1,2,NA,NA,NA,NA,NA,NA,NA,1,1,1,155.985185532,1,9,5,2,2,1532,1523,1531,1523,21,21,1,11,0,4,5,0,0,0,0,0,0,0,63,65,0,0,0,0,0,0,0,65
7495,4,"7495-4",2,1,2,NA,NA,NA,NA,NA,NA,NA,1,1,1,155.985185532,0,9,0,2,2,1523,1531,1531,1523,25,21,1,11,0,4,5,0,0,0,0,0,0,0,63,65,0,0,0,0,0,0,0,65
7495,5,"7495-5",2,1,2,NA,NA,NA,NA,NA,NA,NA,1,2,2,155.985185532,1,6,5,2,2,1531,1542,1531,1542,26,25,0,15,0,4,5,0,0,0,0,0,0,0,63,65,0,0,0,0,0,0,0,65
7495,6,"7495-6",2,1,2,NA,NA,NA,NA,NA,NA,NA,1,2,2,155.985185532,0,6,6,2,2,1542,1542,1531,1542,28,26,0,15,0,4,5,0,0,0,0,0,0,0,63,65,0,0,0,0,0,0,0,65
7495,7,"7495-7",2,1,2,NA,NA,NA,NA,NA,NA,NA,1,2,2,155.985185532,0,6,0,2,2,1542,1531,1531,1542,48,28,1,15,0,4,5,0,0,0,0,0,0,0,63,65,0,0,0,0,0,0,0,65
7501,1,"7501-1",4,1,2,3,4,NA,NA,NA,NA,NA,1,1,1,59.4993042,0,2,2,3,3,1080,1030,1080,1030,22,13,0,9,0,3,3,3,1,0,0,0,0,0,24,22,22,22,0,0,0,0,0,24
7501,2,"7501-2",4,1,2,3,4,NA,NA,NA,NA,NA,1,1,1,59.4993042,0,2,0,3,3,1030,1080,1080,1030,48,22,1,9,0,3,3,3,1,0,0,0,0,0,24,22,22,22,0,0,0,0,0,24
7506,1,"7506-1",2,1,2,NA,NA,NA,NA,NA,NA,NA,1,1,1,132.0052209,1,8,6,3,3,1469,1470,1469,1204,16,16,0,10,38,5,5,0,0,0,0,0,0,0,68,69,0,0,0,0,0,0,0,69
7506,2,"7506-2",2,1,2,NA,NA,NA,NA,NA,NA,NA,1,1,1,132.0052209,0,8,8,2,3,1470,1204,1469,1204,27,16,0,10,38,5,5,0,0,0,0,0,0,0,68,69,0,0,0,0,0,0,0,69
7506,3,"7506-3",2,1,2,NA,NA,NA,NA,NA,NA,NA,1,1,1,132.0052209,1,8,5,2,3,1204,1445,1469,1204,28,27,1,10,38,5,5,0,0,0,0,0,0,0,68,69,0,0,0,0,0,0,0,69
7506,4,"7506-4",2,1,2,NA,NA,NA,NA,NA,NA,NA,1,1,1,132.0052209,0,8,0,2,3,1445,1469,1469,1204,48,28,1,10,38,5,5,0,0,0,0,0,0,0,68,69,0,0,0,0,0,0,0,69
7508,1,"7508-1",2,1,2,NA,NA,NA,NA,NA,NA,NA,1,2,1,46.723791135,0,7,7,3,3,1624,1623,1624,1623,31,28,0,16,45,2,4,0,0,0,0,0,0,0,58,58,0,0,0,0,0,0,0,58
7508,2,"7508-2",2,1,2,NA,NA,NA,NA,NA,NA,NA,1,2,1,46.723791135,0,7,0,3,3,1623,1624,1624,1623,48,31,1,16,45,2,4,0,0,0,0,0,0,0,58,58,0,0,0,0,0,0,0,58
7514,1,"7514-1",2,3,4,NA,NA,NA,NA,NA,NA,NA,2,1,1,64.6070876,0,3,3,9,9,1281,1285,1281,1285,24,9,0,7,10,7,7,0,0,0,0,0,0,0,13,11,0,0,0,0,0,0,0,13
7514,2,"7514-2",2,3,4,NA,NA,NA,NA,NA,NA,NA,2,1,1,64.6070876,0,3,0,9,9,1285,1281,1281,1285,48,24,1,7,10,7,7,0,0,0,0,0,0,0,13,11,0,0,0,0,0,0,0,13
7515,1,"7515-1",3,1,2,3,NA,NA,NA,NA,NA,NA,3,1,1,231.6455383,0,6,6,3,3,1589,1590,1589,1590,14,9,0,7,20,4,1,8,0,0,0,0,0,0,40,40,2,0,0,0,0,0,0,40
7515,2,"7515-2",3,1,2,3,NA,NA,NA,NA,NA,NA,3,1,1,231.6455383,0,6,0,3,3,1590,1589,1589,1590,48,14,1,7,20,4,1,8,0,0,0,0,0,0,40,40,2,0,0,0,0,0,0,40
7516,1,"7516-1",2,1,2,NA,NA,NA,NA,NA,NA,NA,1,1,1,70.564225108,0,7,7,2,2,595,617,595,617,15,13,0,9,10,5,5,0,0,0,0,0,0,0,71,68,0,0,0,0,0,0,0,71
7516,2,"7516-2",2,1,2,NA,NA,NA,NA,NA,NA,NA,1,1,1,70.564225108,0,7,0,2,2,617,595,595,617,21,15,1,9,10,5,5,0,0,0,0,0,0,0,71,68,0,0,0,0,0,0,0,71
7516,3,"7516-3",2,1,2,NA,NA,NA,NA,NA,NA,NA,1,2,2,70.564225108,0,6,6,2,2,595,615,595,615,24,21,0,13,0,5,5,0,0,0,0,0,0,0,71,68,0,0,0,0,0,0,0,71
7516,4,"7516-4",2,1,2,NA,NA,NA,NA,NA,NA,NA,1,2,2,70.564225108,0,6,0,2,2,615,595,595,615,48,24,1,13,0,5,5,0,0,0,0,0,0,0,71,68,0,0,0,0,0,0,0,71
7518,3,"7518-3",3,1,2,3,NA,NA,NA,NA,NA,NA,3,2,1,297.538957392,0,9,9,3,3,2224,2238,2224,2238,34,32,0,18,30,1,1,8,0,0,0,0,0,0,33,33,1,0,0,0,0,0,0,33
7518,4,"7518-4",3,1,2,3,NA,NA,NA,NA,NA,NA,3,2,1,297.538957392,1,9,7,3,3,2238,2210,2224,2238,35,34,1,18,30,1,1,8,0,0,0,0,0,0,33,33,1,0,0,0,0,0,0,33
7518,5,"7518-5",3,1,2,3,NA,NA,NA,NA,NA,NA,3,2,1,297.538957392,0,9,0,3,3,2210,2224,2224,2238,48,35,1,18,30,1,1,8,0,0,0,0,0,0,33,33,1,0,0,0,0,0,0,33
7526,3,"7526-3",2,1,4,NA,NA,NA,NA,NA,NA,NA,3,3,2,61.9607382,1,6,5,2,2,1405,1411,1405,1412,30,29,0,17,0,4,7,0,0,0,0,0,0,0,47,14,0,0,0,0,0,0,0,47
7526,4,"7526-4",2,1,4,NA,NA,NA,NA,NA,NA,NA,3,3,2,61.9607382,0,6,6,2,2,1411,1412,1405,1412,31,30,0,17,0,4,7,0,0,0,0,0,0,0,47,14,0,0,0,0,0,0,0,47
7526,5,"7526-5",2,1,4,NA,NA,NA,NA,NA,NA,NA,3,3,2,61.9607382,1,6,7,2,2,1412,1388,1405,1412,32,31,1,17,0,4,7,0,0,0,0,0,0,0,47,14,0,0,0,0,0,0,0,47
7526,6,"7526-6",2,1,4,NA,NA,NA,NA,NA,NA,NA,3,3,2,61.9607382,1,6,5,2,2,1388,1389,1405,1412,33,32,1,17,0,4,7,0,0,0,0,0,0,0,47,14,0,0,0,0,0,0,0,47
7526,7,"7526-7",2,1,4,NA,NA,NA,NA,NA,NA,NA,3,3,2,61.9607382,0,6,0,2,2,1389,1405,1405,1412,48,33,1,17,0,4,7,0,0,0,0,0,0,0,47,14,0,0,0,0,0,0,0,47
7526,1,"7526-1",2,3,4,NA,NA,NA,NA,NA,NA,NA,2,1,1,114.519857984,0,3,3,2,2,1405,1410,1405,1410,24,9,0,7,5,6,7,0,0,0,0,0,0,0,17,14,0,0,0,0,0,0,0,17
7526,2,"7526-2",2,3,4,NA,NA,NA,NA,NA,NA,NA,2,1,1,114.519857984,0,3,0,2,2,1410,1405,1405,1410,25,24,1,7,5,6,7,0,0,0,0,0,0,0,17,14,0,0,0,0,0,0,0,17
7551,1,"7551-1",2,1,2,NA,NA,NA,NA,NA,NA,NA,1,2,1,54.60741363,0,5,5,2,2,1131,1128,1131,1128,34,33,0,19,15,1,1,0,0,0,0,0,0,0,44,44,0,0,0,0,0,0,0,44
7551,2,"7551-2",2,1,2,NA,NA,NA,NA,NA,NA,NA,1,2,1,54.60741363,0,5,0,2,2,1128,1131,1131,1128,48,34,1,19,15,1,1,0,0,0,0,0,0,0,44,44,0,0,0,0,0,0,0,44
7552,1,"7552-1",2,1,2,NA,NA,NA,NA,NA,NA,NA,1,3,1,93.34470768,0,5,5,4,4,1157,1185,1157,1185,33,30,0,17,30,1,4,0,0,0,0,0,0,0,28,28,0,0,0,0,0,0,0,28
7552,2,"7552-2",2,1,2,NA,NA,NA,NA,NA,NA,NA,1,3,1,93.34470768,0,5,0,4,4,1185,1157,1157,1185,48,33,1,17,30,1,4,0,0,0,0,0,0,0,28,28,0,0,0,0,0,0,0,28
7564,1,"7564-1",2,1,4,NA,NA,NA,NA,NA,NA,NA,3,2,1,69.199756848,0,6,6,2,2,1427,1410,1427,1410,26,24,0,14,45,2,7,0,0,0,0,0,0,0,43,12,0,0,0,0,0,0,0,43
7564,2,"7564-2",2,1,4,NA,NA,NA,NA,NA,NA,NA,3,2,1,69.199756848,1,6,9,2,2,1410,1423,1427,1410,28,26,1,14,45,2,7,0,0,0,0,0,0,0,43,12,0,0,0,0,0,0,0,43
7564,3,"7564-3",2,1,4,NA,NA,NA,NA,NA,NA,NA,3,2,1,69.199756848,0,6,0,2,2,1423,1427,1427,1410,48,28,1,14,45,2,7,0,0,0,0,0,0,0,43,12,0,0,0,0,0,0,0,43
7572,1,"7572-1",2,1,2,NA,NA,NA,NA,NA,NA,NA,1,1,1,43.785335861,0,7,7,2,2,1125,1108,1125,1108,33,31,0,18,0,4,4,0,0,0,0,0,0,0,59,57,0,0,0,0,0,0,0,59
7572,2,"7572-2",2,1,2,NA,NA,NA,NA,NA,NA,NA,1,1,1,43.785335861,0,7,0,2,2,1108,1125,1125,1108,48,33,1,18,0,4,4,0,0,0,0,0,0,0,59,57,0,0,0,0,0,0,0,59
7574,1,"7574-1",2,2,3,NA,NA,NA,NA,NA,NA,NA,1,2,1,77.89869024,1,8,2,2,2,1181,1187,1181,1181,38,34,0,19,40,1,1,0,0,0,0,0,0,0,59,22,0,0,0,0,0,0,0,59
7574,2,"7574-2",2,2,3,NA,NA,NA,NA,NA,NA,NA,1,2,1,77.89869024,0,8,8,2,2,1187,1181,1181,1181,48,38,0,19,40,1,1,0,0,0,0,0,0,0,59,22,0,0,0,0,0,0,0,59
7589,1,"7589-1",2,1,2,NA,NA,NA,NA,NA,NA,NA,1,3,1,116.185202175,0,5,5,2,2,1755,1756,1755,1756,37,35,0,20,0,1,1,0,0,0,0,0,0,0,49,53,0,0,0,0,0,0,0,53
7589,2,"7589-2",2,1,2,NA,NA,NA,NA,NA,NA,NA,1,3,1,116.185202175,0,5,0,2,2,1756,1755,1755,1756,48,37,1,20,0,1,1,0,0,0,0,0,0,0,49,53,0,0,0,0,0,0,0,53
7611,1,"7611-1",2,1,2,NA,NA,NA,NA,NA,NA,NA,1,1,1,71.32320061,1,5,6,2,2,1281,1143,1281,1621,15,13,0,9,0,5,5,0,0,0,0,0,0,0,81,87,0,0,0,0,0,0,0,87
7611,2,"7611-2",2,1,2,NA,NA,NA,NA,NA,NA,NA,1,1,1,71.32320061,0,5,5,2,2,1143,1621,1281,1621,19,15,0,9,0,5,5,0,0,0,0,0,0,0,81,87,0,0,0,0,0,0,0,87
7611,3,"7611-3",2,1,2,NA,NA,NA,NA,NA,NA,NA,1,1,1,71.32320061,0,5,0,2,2,1621,1281,1281,1621,48,19,1,9,0,5,5,0,0,0,0,0,0,0,81,87,0,0,0,0,0,0,0,87
7612,1,"7612-1",2,1,2,NA,NA,NA,NA,NA,NA,NA,1,1,1,11.42779653,1,5,6,2,2,2458,2432,2458,2432,16,15,0,10,10,5,5,0,0,0,0,0,0,0,68,70,0,0,0,0,0,0,0,70
7612,2,"7612-2",2,1,2,NA,NA,NA,NA,NA,NA,NA,1,1,1,11.42779653,1,5,6,2,2,2432,2432,2458,2432,17,16,0,10,10,5,5,0,0,0,0,0,0,0,68,70,0,0,0,0,0,0,0,70
7612,3,"7612-3",2,1,2,NA,NA,NA,NA,NA,NA,NA,1,1,1,11.42779653,0,5,5,2,2,2432,2432,2458,2432,20,17,0,10,10,5,5,0,0,0,0,0,0,0,68,70,0,0,0,0,0,0,0,70
7612,4,"7612-4",2,1,2,NA,NA,NA,NA,NA,NA,NA,1,1,1,11.42779653,1,5,5,2,2,2432,2436,2458,2432,21,20,1,10,10,5,5,0,0,0,0,0,0,0,68,70,0,0,0,0,0,0,0,70
7612,5,"7612-5",2,1,2,NA,NA,NA,NA,NA,NA,NA,1,1,1,11.42779653,0,5,0,2,2,2436,2458,2458,2432,48,21,1,10,10,5,5,0,0,0,0,0,0,0,68,70,0,0,0,0,0,0,0,70
7621,3,"7621-3",2,2,4,NA,NA,NA,NA,NA,NA,NA,3,2,1,204.4043933,0,5,5,2,2,2181,2195,2181,2195,18,15,0,10,2,4,8,0,0,0,0,0,0,0,41,3,0,0,0,0,0,0,0,41
7621,4,"7621-4",2,2,4,NA,NA,NA,NA,NA,NA,NA,3,2,1,204.4043933,1,5,6,2,2,2195,2304,2181,2195,19,18,1,10,2,4,8,0,0,0,0,0,0,0,41,3,0,0,0,0,0,0,0,41
7621,5,"7621-5",2,2,4,NA,NA,NA,NA,NA,NA,NA,3,2,1,204.4043933,0,5,0,2,2,2304,2181,2181,2195,26,19,1,10,2,4,8,0,0,0,0,0,0,0,41,3,0,0,0,0,0,0,0,41
7637,1,"7637-1",2,1,2,NA,NA,NA,NA,NA,NA,NA,1,1,1,117.721892785,0,5,5,2,2,1233,1291,1233,1291,17,14,0,9,57,5,5,0,0,0,0,0,0,0,85,81,0,0,0,0,0,0,0,85
7637,2,"7637-2",2,1,2,NA,NA,NA,NA,NA,NA,NA,1,1,1,117.721892785,1,5,6,2,2,1291,1294,1233,1291,17,17,1,9,57,5,5,0,0,0,0,0,0,0,85,81,0,0,0,0,0,0,0,85
7637,3,"7637-3",2,1,2,NA,NA,NA,NA,NA,NA,NA,1,1,1,117.721892785,1,5,5,2,2,1294,1235,1233,1291,19,17,1,9,57,5,5,0,0,0,0,0,0,0,85,81,0,0,0,0,0,0,0,85
7637,4,"7637-4",2,1,2,NA,NA,NA,NA,NA,NA,NA,1,1,1,117.721892785,0,5,0,2,2,1235,1233,1233,1291,48,19,1,9,57,5,5,0,0,0,0,0,0,0,85,81,0,0,0,0,0,0,0,85
7644,3,"7644-3",2,1,3,NA,NA,NA,NA,NA,NA,NA,3,2,1,60.786051,0,9,9,2,2,1128,1566,1128,1566,29,26,0,15,58,1,8,0,0,0,0,0,0,0,40,4,0,0,0,0,0,0,0,40
7644,4,"7644-4",2,1,3,NA,NA,NA,NA,NA,NA,NA,3,2,1,60.786051,0,9,0,2,2,1566,1128,1128,1566,48,29,1,15,58,1,8,0,0,0,0,0,0,0,40,4,0,0,0,0,0,0,0,40
7645,1,"7645-1",2,1,2,NA,NA,NA,NA,NA,NA,NA,1,2,1,45.99165795,0,6,6,2,2,1427,1427,1427,1427,33,32,0,18,35,1,1,0,0,0,0,0,0,0,62,62,0,0,0,0,0,0,0,62
7645,2,"7645-2",2,1,2,NA,NA,NA,NA,NA,NA,NA,1,2,1,45.99165795,0,6,0,2,2,1427,1427,1427,1427,48,33,1,18,35,1,1,0,0,0,0,0,0,0,62,62,0,0,0,0,0,0,0,62
7650,2,"7650-2",2,1,3,NA,NA,NA,NA,NA,NA,NA,1,3,1,43.0226794,0,9,9,3,3,2642,2556,2642,2556,32,27,0,16,9,4,4,0,0,0,0,0,0,0,62,33,0,0,0,0,0,0,0,62
7650,3,"7650-3",2,1,3,NA,NA,NA,NA,NA,NA,NA,1,3,1,43.0226794,1,9,4,3,3,2556,2648,2642,2556,33,32,1,16,9,4,4,0,0,0,0,0,0,0,62,33,0,0,0,0,0,0,0,62
7650,4,"7650-4",2,1,3,NA,NA,NA,NA,NA,NA,NA,1,3,1,43.0226794,0,9,0,3,3,2648,2642,2642,2556,48,33,1,16,9,4,4,0,0,0,0,0,0,0,62,33,0,0,0,0,0,0,0,62
7656,1,"7656-1",2,2,4,NA,NA,NA,NA,NA,NA,NA,3,1,1,81.0476351,0,9,9,4,4,1452,1452,1452,1452,21,20,0,12,45,4,8,0,0,0,0,0,0,0,34,2,0,0,0,0,0,0,0,34
7656,2,"7656-2",2,2,4,NA,NA,NA,NA,NA,NA,NA,3,1,1,81.0476351,0,9,0,4,4,1452,1452,1452,1452,48,21,1,12,45,4,8,0,0,0,0,0,0,0,34,2,0,0,0,0,0,0,0,34
7659,1,"7659-1",2,1,3,NA,NA,NA,NA,NA,NA,NA,1,1,1,137.7591705,0,7,7,4,4,2109,2109,2109,2109,29,27,0,16,25,2,4,0,0,0,0,0,0,0,22,23,0,0,0,0,0,0,0,23
7659,2,"7659-2",2,1,3,NA,NA,NA,NA,NA,NA,NA,1,1,1,137.7591705,0,7,0,4,4,2109,2109,2109,2109,48,29,1,16,25,2,4,0,0,0,0,0,0,0,22,23,0,0,0,0,0,0,0,23
7664,1,"7664-1",2,1,2,NA,NA,NA,NA,NA,NA,NA,1,2,1,107.126829915,1,8,7,3,3,2437,2419,2437,2437,29,27,0,16,25,1,5,0,0,0,0,0,0,0,62,69,0,0,0,0,0,0,0,69
7664,2,"7664-2",2,1,2,NA,NA,NA,NA,NA,NA,NA,1,2,1,107.126829915,1,8,5,3,3,2419,2432,2437,2437,30,29,0,16,25,1,5,0,0,0,0,0,0,0,62,69,0,0,0,0,0,0,0,69
7664,3,"7664-3",2,1,2,NA,NA,NA,NA,NA,NA,NA,1,2,1,107.126829915,1,8,5,3,3,2432,2436,2437,2437,31,30,0,16,25,1,5,0,0,0,0,0,0,0,62,69,0,0,0,0,0,0,0,69
7664,4,"7664-4",2,1,2,NA,NA,NA,NA,NA,NA,NA,1,2,1,107.126829915,0,8,8,3,3,2436,2437,2437,2437,48,31,0,16,25,1,5,0,0,0,0,0,0,0,62,69,0,0,0,0,0,0,0,69
7665,1,"7665-1",2,1,2,NA,NA,NA,NA,NA,NA,NA,1,2,1,195.45341319,0,9,9,2,2,468,551,468,551,36,33,0,19,0,1,1,0,0,0,0,0,0,0,28,29,0,0,0,0,0,0,0,29
7665,2,"7665-2",2,1,2,NA,NA,NA,NA,NA,NA,NA,1,2,1,195.45341319,0,9,0,2,2,551,468,468,551,48,36,1,19,0,1,1,0,0,0,0,0,0,0,28,29,0,0,0,0,0,0,0,29
7666,3,"7666-3",3,1,2,3,NA,NA,NA,NA,NA,NA,3,2,1,102.849659652,0,2,2,3,3,1157,1187,1157,1187,32,29,0,17,5,1,3,8,0,0,0,0,0,0,34,28,2,0,0,0,0,0,0,34
7666,4,"7666-4",3,1,2,3,NA,NA,NA,NA,NA,NA,3,2,1,102.849659652,0,2,0,3,3,1187,1157,1157,1187,35,32,1,17,5,1,3,8,0,0,0,0,0,0,34,28,2,0,0,0,0,0,0,34
7669,1,"7669-1",2,1,3,NA,NA,NA,NA,NA,NA,NA,3,1,1,102.8865877,0,9,9,2,2,2109,2312,2109,2312,18,13,0,9,20,4,8,0,0,0,0,0,0,0,26,0,0,0,0,0,0,0,0,26
7669,2,"7669-2",2,1,3,NA,NA,NA,NA,NA,NA,NA,3,1,1,102.8865877,0,9,0,2,2,2312,2109,2109,2312,48,18,1,9,20,4,8,0,0,0,0,0,0,0,26,0,0,0,0,0,0,0,0,26
7671,1,"7671-1",2,1,2,NA,NA,NA,NA,NA,NA,NA,1,1,1,133.64828274,0,5,5,2,2,1708,1767,1708,1767,19,17,0,11,10,1,5,0,0,0,0,0,0,0,70,70,0,0,0,0,0,0,0,70
7671,2,"7671-2",2,1,2,NA,NA,NA,NA,NA,NA,NA,1,1,1,133.64828274,1,5,5,2,2,1767,1767,1708,1767,20,19,1,11,10,1,5,0,0,0,0,0,0,0,70,70,0,0,0,0,0,0,0,70
7671,3,"7671-3",2,1,2,NA,NA,NA,NA,NA,NA,NA,1,1,1,133.64828274,1,5,5,2,2,1767,1764,1708,1767,22,20,1,11,10,1,5,0,0,0,0,0,0,0,70,70,0,0,0,0,0,0,0,70
7671,4,"7671-4",2,1,2,NA,NA,NA,NA,NA,NA,NA,1,1,1,133.64828274,0,5,0,2,2,1764,1708,1708,1767,48,22,1,11,10,1,5,0,0,0,0,0,0,0,70,70,0,0,0,0,0,0,0,70
7679,1,"7679-1",2,1,2,NA,NA,NA,NA,NA,NA,NA,1,1,1,27.5967044,0,5,5,2,2,2623,2687,2623,2687,26,24,0,14,45,1,4,0,0,0,0,0,0,0,54,51,0,0,0,0,0,0,0,54
7679,2,"7679-2",2,1,2,NA,NA,NA,NA,NA,NA,NA,1,1,1,27.5967044,1,5,6,2,2,2687,2638,2623,2687,27,26,1,14,45,1,4,0,0,0,0,0,0,0,54,51,0,0,0,0,0,0,0,54
7679,3,"7679-3",2,1,2,NA,NA,NA,NA,NA,NA,NA,1,1,1,27.5967044,1,5,6,2,2,2638,2617,2623,2687,27,27,1,14,45,1,4,0,0,0,0,0,0,0,54,51,0,0,0,0,0,0,0,54
7679,4,"7679-4",2,1,2,NA,NA,NA,NA,NA,NA,NA,1,1,1,27.5967044,0,5,0,2,2,2617,2623,2623,2687,28,27,1,14,45,1,4,0,0,0,0,0,0,0,54,51,0,0,0,0,0,0,0,54
7679,5,"7679-5",2,1,2,NA,NA,NA,NA,NA,NA,NA,1,2,2,27.5967044,1,5,6,2,2,2623,2622,2623,2669,28,28,0,16,35,1,4,0,0,0,0,0,0,0,54,51,0,0,0,0,0,0,0,54
7679,6,"7679-6",2,1,2,NA,NA,NA,NA,NA,NA,NA,1,2,2,27.5967044,1,5,7,2,2,2622,2668,2623,2669,29,28,0,16,35,1,4,0,0,0,0,0,0,0,54,51,0,0,0,0,0,0,0,54
7679,7,"7679-7",2,1,2,NA,NA,NA,NA,NA,NA,NA,1,2,2,27.5967044,1,5,6,2,2,2668,2630,2623,2669,29,29,0,16,35,1,4,0,0,0,0,0,0,0,54,51,0,0,0,0,0,0,0,54
7679,8,"7679-8",2,1,2,NA,NA,NA,NA,NA,NA,NA,1,2,2,27.5967044,0,5,5,2,2,2630,2669,2623,2669,30,29,0,16,35,1,4,0,0,0,0,0,0,0,54,51,0,0,0,0,0,0,0,54
7679,9,"7679-9",2,1,2,NA,NA,NA,NA,NA,NA,NA,1,2,2,27.5967044,1,5,6,2,2,2669,2669,2623,2669,30,30,1,16,35,1,4,0,0,0,0,0,0,0,54,51,0,0,0,0,0,0,0,54
7679,10,"7679-10",2,1,2,NA,NA,NA,NA,NA,NA,NA,1,2,2,27.5967044,0,5,0,2,2,2669,2623,2623,2669,48,30,1,16,35,1,4,0,0,0,0,0,0,0,54,51,0,0,0,0,0,0,0,54
7689,1,"7689-1",2,1,2,NA,NA,NA,NA,NA,NA,NA,1,1,1,878.4378856,0,6,6,2,2,1345,1256,1345,1256,31,26,0,15,57,4,1,0,0,0,0,0,0,0,41,51,0,0,0,0,0,0,0,51
7689,2,"7689-2",2,1,2,NA,NA,NA,NA,NA,NA,NA,1,1,1,878.4378856,1,6,8,2,2,1256,1369,1345,1256,32,31,1,15,57,4,1,0,0,0,0,0,0,0,41,51,0,0,0,0,0,0,0,51
7689,3,"7689-3",2,1,2,NA,NA,NA,NA,NA,NA,NA,1,1,1,878.4378856,1,6,6,2,2,1369,1348,1345,1256,32,32,1,15,57,4,1,0,0,0,0,0,0,0,41,51,0,0,0,0,0,0,0,51
7689,4,"7689-4",2,1,2,NA,NA,NA,NA,NA,NA,NA,1,1,1,878.4378856,1,6,5,2,2,1348,1348,1345,1256,32,32,1,15,57,4,1,0,0,0,0,0,0,0,41,51,0,0,0,0,0,0,0,51
7689,5,"7689-5",2,1,2,NA,NA,NA,NA,NA,NA,NA,1,1,1,878.4378856,0,6,0,2,2,1348,1345,1345,1256,48,32,1,15,57,4,1,0,0,0,0,0,0,0,41,51,0,0,0,0,0,0,0,51
7690,6,"7690-6",3,1,3,4,NA,NA,NA,NA,NA,NA,3,2,1,678.366446644,0,9,9,3,3,1345,1489,1345,1489,36,31,0,18,20,1,6,7,0,0,0,0,0,0,47,16,13,0,0,0,0,0,0,47
7690,7,"7690-7",3,1,3,4,NA,NA,NA,NA,NA,NA,3,2,1,678.366446644,0,9,0,3,3,1489,1345,1345,1489,48,36,1,18,20,1,6,7,0,0,0,0,0,0,47,16,13,0,0,0,0,0,0,47
7693,1,"7693-1",2,1,2,NA,NA,NA,NA,NA,NA,NA,1,1,1,33.7674096,1,8,7,2,3,1663,1654,1663,9999,21,21,0,13,11,4,4,0,0,0,0,0,0,0,62,64,0,0,0,0,0,0,0,64
7693,2,"7693-2",2,1,2,NA,NA,NA,NA,NA,NA,NA,1,1,1,33.7674096,1,8,5,2,3,1654,9999,1663,9999,25,21,0,13,11,4,4,0,0,0,0,0,0,0,62,64,0,0,0,0,0,0,0,64
7693,3,"7693-3",2,1,2,NA,NA,NA,NA,NA,NA,NA,1,1,1,33.7674096,1,8,9,2,3,9999,9999,1663,9999,28,25,0,13,11,4,4,0,0,0,0,0,0,0,62,64,0,0,0,0,0,0,0,64
7693,4,"7693-4",2,1,2,NA,NA,NA,NA,NA,NA,NA,1,1,1,33.7674096,1,8,8,2,3,9999,9999,1663,9999,31,28,0,13,11,4,4,0,0,0,0,0,0,0,62,64,0,0,0,0,0,0,0,64
7693,5,"7693-5",2,1,2,NA,NA,NA,NA,NA,NA,NA,1,1,1,33.7674096,1,8,8,3,3,9999,9999,1663,9999,35,31,0,13,11,4,4,0,0,0,0,0,0,0,62,64,0,0,0,0,0,0,0,64
7693,6,"7693-6",2,1,2,NA,NA,NA,NA,NA,NA,NA,1,1,1,33.7674096,0,8,8,3,3,9999,9999,1663,9999,48,35,0,13,11,4,4,0,0,0,0,0,0,0,62,64,0,0,0,0,0,0,0,64
7708,1,"7708-1",2,1,2,NA,NA,NA,NA,NA,NA,NA,1,2,1,37.42275432,0,9,9,4,4,1192,1192,1192,1192,29,27,0,16,0,2,5,0,0,0,0,0,0,0,67,68,0,0,0,0,0,0,0,68
7708,2,"7708-2",2,1,2,NA,NA,NA,NA,NA,NA,NA,1,2,1,37.42275432,0,9,0,4,4,1192,1192,1192,1192,31,29,1,16,0,2,5,0,0,0,0,0,0,0,67,68,0,0,0,0,0,0,0,68
7709,1,"7709-1",3,1,2,3,NA,NA,NA,NA,NA,NA,3,2,1,172.1395646,0,7,7,3,3,1377,1235,1377,1235,35,35,0,20,6,1,4,8,0,0,0,0,0,0,37,32,5,0,0,0,0,0,0,37
7709,2,"7709-2",3,1,2,3,NA,NA,NA,NA,NA,NA,3,2,1,172.1395646,0,7,0,3,3,1235,1377,1377,1235,48,35,1,20,6,1,4,8,0,0,0,0,0,0,37,32,5,0,0,0,0,0,0,37
7710,1,"7710-1",2,1,2,NA,NA,NA,NA,NA,NA,NA,1,2,1,89.2101798,0,8,8,2,2,791,923,791,923,35,31,0,18,15,1,1,0,0,0,0,0,0,0,38,48,0,0,0,0,0,0,0,48
7710,2,"7710-2",2,1,2,NA,NA,NA,NA,NA,NA,NA,1,2,1,89.2101798,0,8,0,2,2,923,791,791,923,48,35,1,18,15,1,1,0,0,0,0,0,0,0,38,48,0,0,0,0,0,0,0,48
7713,1,"7713-1",2,1,2,NA,NA,NA,NA,NA,NA,NA,1,1,1,64.3865923,0,6,6,2,2,791,797,791,797,17,16,0,10,57,4,4,0,0,0,0,0,0,0,61,63,0,0,0,0,0,0,0,63
7713,2,"7713-2",2,1,2,NA,NA,NA,NA,NA,NA,NA,1,1,1,64.3865923,0,6,0,2,2,797,791,791,797,25,17,1,10,57,4,4,0,0,0,0,0,0,0,61,63,0,0,0,0,0,0,0,63
7713,3,"7713-3",2,1,2,NA,NA,NA,NA,NA,NA,NA,1,2,2,64.3865923,0,8,8,2,2,791,2294,791,2294,32,25,0,15,15,4,4,0,0,0,0,0,0,0,61,63,0,0,0,0,0,0,0,63
7713,4,"7713-4",2,1,2,NA,NA,NA,NA,NA,NA,NA,1,2,2,64.3865923,0,8,0,2,2,2294,791,791,2294,48,32,1,15,15,4,4,0,0,0,0,0,0,0,61,63,0,0,0,0,0,0,0,63
7716,8,"7716-8",2,1,3,NA,NA,NA,NA,NA,NA,NA,3,5,1,668.2121071,0,2,2,2,2,1782,1700,1782,1700,34,32,0,18,35,3,7,0,0,0,0,0,0,0,36,11,0,0,0,0,0,0,0,36
7716,9,"7716-9",2,1,3,NA,NA,NA,NA,NA,NA,NA,3,5,1,668.2121071,0,2,0,2,2,1700,1782,1782,1700,48,34,1,18,35,3,7,0,0,0,0,0,0,0,36,11,0,0,0,0,0,0,0,36
7729,3,"7729-3",2,1,2,NA,NA,NA,NA,NA,NA,NA,3,2,1,114.94188512,0,7,7,2,2,1754,1781,1754,1781,36,35,0,20,20,1,7,0,0,0,0,0,0,0,49,8,0,0,0,0,0,0,0,49
7729,4,"7729-4",2,1,2,NA,NA,NA,NA,NA,NA,NA,3,2,1,114.94188512,0,7,0,2,2,1781,1754,1754,1781,48,36,1,20,20,1,7,0,0,0,0,0,0,0,49,8,0,0,0,0,0,0,0,49
7734,1,"7734-1",2,1,2,NA,NA,NA,NA,NA,NA,NA,3,2,1,16.777252,0,6,6,2,2,2626,2617,2626,2617,33,30,0,17,35,4,6,0,0,0,0,0,0,0,55,17,0,0,0,0,0,0,0,55
7734,2,"7734-2",2,1,2,NA,NA,NA,NA,NA,NA,NA,3,2,1,16.777252,1,6,5,2,2,2617,2632,2626,2617,33,33,1,17,35,4,6,0,0,0,0,0,0,0,55,17,0,0,0,0,0,0,0,55
7734,3,"7734-3",2,1,2,NA,NA,NA,NA,NA,NA,NA,3,2,1,16.777252,0,6,0,2,2,2632,2626,2626,2617,39,33,1,17,35,4,6,0,0,0,0,0,0,0,55,17,0,0,0,0,0,0,0,55
7747,4,"7747-4",2,1,2,NA,NA,NA,NA,NA,NA,NA,1,4,2,42.87474144,0,9,9,3,3,1105,1128,1105,1128,37,35,0,20,0,1,4,0,0,0,0,0,0,0,32,34,0,0,0,0,0,0,0,34
7747,5,"7747-5",2,1,2,NA,NA,NA,NA,NA,NA,NA,1,4,2,42.87474144,0,9,0,3,3,1128,1105,1105,1128,48,37,1,20,0,1,4,0,0,0,0,0,0,0,32,34,0,0,0,0,0,0,0,34
7747,1,"7747-1",2,2,3,NA,NA,NA,NA,NA,NA,NA,3,1,1,43.4286539,0,5,5,3,3,1105,1078,1105,1078,17,15,0,10,0,4,8,0,0,0,0,0,0,0,34,1,0,0,0,0,0,0,0,34
7747,2,"7747-2",2,2,3,NA,NA,NA,NA,NA,NA,NA,3,1,1,43.4286539,1,5,5,3,3,1078,1078,1105,1078,18,17,1,10,0,4,8,0,0,0,0,0,0,0,34,1,0,0,0,0,0,0,0,34
7747,3,"7747-3",2,2,3,NA,NA,NA,NA,NA,NA,NA,3,1,1,43.4286539,0,5,0,3,3,1078,1105,1105,1078,35,18,1,10,0,4,8,0,0,0,0,0,0,0,34,1,0,0,0,0,0,0,0,34
7762,1,"7762-1",3,3,4,5,NA,NA,NA,NA,NA,NA,2,1,1,329.5773339,0,3,3,9,9,669,598,669,598,27,8,0,6,30,7,7,7,0,0,0,0,0,0,13,12,7,0,0,0,0,0,0,13
7762,2,"7762-2",3,3,4,5,NA,NA,NA,NA,NA,NA,2,1,1,329.5773339,0,3,0,9,9,598,669,669,598,48,27,1,6,30,7,7,7,0,0,0,0,0,0,13,12,7,0,0,0,0,0,0,13
7764,1,"7764-1",2,1,2,NA,NA,NA,NA,NA,NA,NA,1,2,1,46.723791135,0,9,9,2,2,1281,1281,1281,1281,36,33,0,19,5,1,4,0,0,0,0,0,0,0,50,51,0,0,0,0,0,0,0,51
7764,2,"7764-2",2,1,2,NA,NA,NA,NA,NA,NA,NA,1,2,1,46.723791135,0,9,0,2,2,1281,1281,1281,1281,48,36,1,19,5,1,4,0,0,0,0,0,0,0,50,51,0,0,0,0,0,0,0,51
7765,1,"7765-1",2,1,2,NA,NA,NA,NA,NA,NA,NA,1,2,1,117.8159913,0,6,6,2,2,1754,1751,1754,1751,27,27,0,16,5,2,5,0,0,0,0,0,0,0,66,66,0,0,0,0,0,0,0,66
7765,2,"7765-2",2,1,2,NA,NA,NA,NA,NA,NA,NA,1,2,1,117.8159913,0,6,0,2,2,1751,1754,1754,1751,29,27,1,16,5,2,5,0,0,0,0,0,0,0,66,66,0,0,0,0,0,0,0,66
7773,1,"7773-1",3,1,3,4,NA,NA,NA,NA,NA,NA,3,1,1,155.1645347,0,6,6,3,3,715,830,715,830,30,25,0,15,20,4,7,7,0,0,0,0,0,0,40,8,8,0,0,0,0,0,0,40
7773,2,"7773-2",3,1,3,4,NA,NA,NA,NA,NA,NA,3,1,1,155.1645347,0,6,0,3,3,830,715,715,830,48,30,1,15,20,4,7,7,0,0,0,0,0,0,40,8,8,0,0,0,0,0,0,40
7779,1,"7779-1",2,1,2,NA,NA,NA,NA,NA,NA,NA,1,2,1,62.779300395,0,8,8,2,2,1131,1095,1131,1095,39,33,0,19,18,1,1,0,0,0,0,0,0,0,35,35,0,0,0,0,0,0,0,35
7779,2,"7779-2",2,1,2,NA,NA,NA,NA,NA,NA,NA,1,2,1,62.779300395,0,8,0,2,2,1095,1131,1131,1095,48,39,1,19,18,1,1,0,0,0,0,0,0,0,35,35,0,0,0,0,0,0,0,35
7800,1,"7800-1",2,1,2,NA,NA,NA,NA,NA,NA,NA,1,1,1,18.155340513,1,5,4,2,2,2623,2619,2623,2687,15,15,0,10,1,5,5,0,0,0,0,0,0,0,73,77,0,0,0,0,0,0,0,77
7800,2,"7800-2",2,1,2,NA,NA,NA,NA,NA,NA,NA,1,1,1,18.155340513,1,5,7,2,2,2619,2658,2623,2687,15,15,0,10,1,5,5,0,0,0,0,0,0,0,73,77,0,0,0,0,0,0,0,77
7800,3,"7800-3",2,1,2,NA,NA,NA,NA,NA,NA,NA,1,1,1,18.155340513,1,5,6,2,2,2658,2687,2623,2687,16,15,0,10,1,5,5,0,0,0,0,0,0,0,73,77,0,0,0,0,0,0,0,77
7800,4,"7800-4",2,1,2,NA,NA,NA,NA,NA,NA,NA,1,1,1,18.155340513,0,5,5,2,2,2687,2687,2623,2687,18,16,0,10,1,5,5,0,0,0,0,0,0,0,73,77,0,0,0,0,0,0,0,77
7800,5,"7800-5",2,1,2,NA,NA,NA,NA,NA,NA,NA,1,1,1,18.155340513,1,5,7,2,2,2687,2687,2623,2687,20,18,1,10,1,5,5,0,0,0,0,0,0,0,73,77,0,0,0,0,0,0,0,77
7800,6,"7800-6",2,1,2,NA,NA,NA,NA,NA,NA,NA,1,1,1,18.155340513,1,5,5,2,2,2687,2619,2623,2687,21,20,1,10,1,5,5,0,0,0,0,0,0,0,73,77,0,0,0,0,0,0,0,77
7800,7,"7800-7",2,1,2,NA,NA,NA,NA,NA,NA,NA,1,1,1,18.155340513,1,5,8,2,2,2619,2620,2623,2687,22,21,1,10,1,5,5,0,0,0,0,0,0,0,73,77,0,0,0,0,0,0,0,77
7800,8,"7800-8",2,1,2,NA,NA,NA,NA,NA,NA,NA,1,1,1,18.155340513,0,5,0,2,2,2620,2623,2623,2687,48,22,1,10,1,5,5,0,0,0,0,0,0,0,73,77,0,0,0,0,0,0,0,77
7817,3,"7817-3",3,2,4,5,NA,NA,NA,NA,NA,NA,3,3,1,414.042817196,0,9,9,3,3,814,815,814,815,32,28,0,16,30,1,7,7,0,0,0,0,0,0,37,7,6,0,0,0,0,0,0,37
7817,4,"7817-4",3,2,4,5,NA,NA,NA,NA,NA,NA,3,3,1,414.042817196,1,9,7,3,3,815,817,814,815,32,32,1,16,30,1,7,7,0,0,0,0,0,0,37,7,6,0,0,0,0,0,0,37
7817,5,"7817-5",3,2,4,5,NA,NA,NA,NA,NA,NA,3,3,1,414.042817196,0,9,0,3,3,817,814,814,815,48,32,1,16,30,1,7,7,0,0,0,0,0,0,37,7,6,0,0,0,0,0,0,37
7823,2,"7823-2",2,1,2,NA,NA,NA,NA,NA,NA,NA,1,2,1,53.42980986,0,9,9,2,2,1324,1471,1324,1471,22,19,0,12,7,1,2,0,0,0,0,0,0,0,33,32,0,0,0,0,0,0,0,33
7823,3,"7823-3",2,1,2,NA,NA,NA,NA,NA,NA,NA,1,2,1,53.42980986,0,9,0,2,2,1471,1324,1324,1471,30,22,1,12,7,1,2,0,0,0,0,0,0,0,33,32,0,0,0,0,0,0,0,33
7823,4,"7823-4",2,1,2,NA,NA,NA,NA,NA,NA,NA,1,3,2,53.42980986,1,8,6,2,2,1324,1339,1324,1524,30,30,0,17,50,1,2,0,0,0,0,0,0,0,33,32,0,0,0,0,0,0,0,33
7823,5,"7823-5",2,1,2,NA,NA,NA,NA,NA,NA,NA,1,3,2,53.42980986,1,8,6,2,2,1339,1338,1324,1524,31,30,0,17,50,1,2,0,0,0,0,0,0,0,33,32,0,0,0,0,0,0,0,33
7823,6,"7823-6",2,1,2,NA,NA,NA,NA,NA,NA,NA,1,3,2,53.42980986,1,8,6,2,2,1338,1354,1324,1524,31,31,0,17,50,1,2,0,0,0,0,0,0,0,33,32,0,0,0,0,0,0,0,33
7823,7,"7823-7",2,1,2,NA,NA,NA,NA,NA,NA,NA,1,3,2,53.42980986,0,8,8,2,2,1354,1524,1324,1524,35,31,0,17,50,1,2,0,0,0,0,0,0,0,33,32,0,0,0,0,0,0,0,33
7823,8,"7823-8",2,1,2,NA,NA,NA,NA,NA,NA,NA,1,3,2,53.42980986,1,8,8,2,2,1524,1523,1324,1524,35,35,1,17,50,1,2,0,0,0,0,0,0,0,33,32,0,0,0,0,0,0,0,33
7823,9,"7823-9",2,1,2,NA,NA,NA,NA,NA,NA,NA,1,3,2,53.42980986,1,8,5,2,2,1523,1343,1324,1524,36,35,1,17,50,1,2,0,0,0,0,0,0,0,33,32,0,0,0,0,0,0,0,33
7823,10,"7823-10",2,1,2,NA,NA,NA,NA,NA,NA,NA,1,3,2,53.42980986,1,8,7,2,2,1343,1344,1324,1524,36,36,1,17,50,1,2,0,0,0,0,0,0,0,33,32,0,0,0,0,0,0,0,33
7823,11,"7823-11",2,1,2,NA,NA,NA,NA,NA,NA,NA,1,3,2,53.42980986,0,8,0,2,2,1344,1339,1324,1524,40,36,1,17,50,1,2,0,0,0,0,0,0,0,33,32,0,0,0,0,0,0,0,33
7830,1,"7830-1",2,4,5,NA,NA,NA,NA,NA,NA,NA,2,1,1,461.385496432,0,3,3,3,3,770,725,770,725,23,8,0,6,55,6,6,0,0,0,0,0,0,0,17,17,0,0,0,0,0,0,0,17
7830,2,"7830-2",2,4,5,NA,NA,NA,NA,NA,NA,NA,2,1,1,461.385496432,0,3,0,3,3,725,770,770,725,48,23,1,6,55,6,6,0,0,0,0,0,0,0,17,17,0,0,0,0,0,0,0,17
7843,1,"7843-1",2,1,3,NA,NA,NA,NA,NA,NA,NA,3,2,1,80.01390986,0,8,8,2,2,1192,1177,1192,1177,34,32,0,18,30,1,7,0,0,0,0,0,0,0,44,8,0,0,0,0,0,0,0,44
7843,2,"7843-2",2,1,3,NA,NA,NA,NA,NA,NA,NA,3,2,1,80.01390986,0,8,0,2,2,1177,1192,1192,1177,48,34,1,18,30,1,7,0,0,0,0,0,0,0,44,8,0,0,0,0,0,0,0,44
7853,4,"7853-4",3,1,3,4,NA,NA,NA,NA,NA,NA,3,2,1,71.7007935,0,5,5,3,3,1763,1767,1763,1767,25,23,0,14,0,4,8,8,0,0,0,0,0,0,26,2,2,0,0,0,0,0,0,26
7853,5,"7853-5",3,1,3,4,NA,NA,NA,NA,NA,NA,3,2,1,71.7007935,0,5,0,3,3,1767,1763,1763,1767,48,25,1,14,0,4,8,8,0,0,0,0,0,0,26,2,2,0,0,0,0,0,0,26
7854,1,"7854-1",2,1,3,NA,NA,NA,NA,NA,NA,NA,3,2,1,51.1954528,0,2,2,2,2,1138,1117,1138,1117,32,29,0,17,25,1,7,0,0,0,0,0,0,0,53,12,0,0,0,0,0,0,0,53
7854,2,"7854-2",2,1,3,NA,NA,NA,NA,NA,NA,NA,3,2,1,51.1954528,0,2,0,2,2,1117,1138,1138,1117,48,32,1,17,25,1,7,0,0,0,0,0,0,0,53,12,0,0,0,0,0,0,0,53
7855,1,"7855-1",3,1,2,3,NA,NA,NA,NA,NA,NA,1,2,1,66.3707169,0,9,9,3,3,1192,1194,1192,1194,35,33,0,19,0,4,1,1,0,0,0,0,0,0,52,53,18,0,0,0,0,0,0,53
7855,2,"7855-2",3,1,2,3,NA,NA,NA,NA,NA,NA,1,2,1,66.3707169,0,9,0,3,3,1194,1192,1192,1194,48,35,1,19,0,4,1,1,0,0,0,0,0,0,52,53,18,0,0,0,0,0,0,53
7858,1,"7858-1",2,1,2,NA,NA,NA,NA,NA,NA,NA,1,1,1,47.265040634,1,9,5,2,2,2231,2232,2231,2198,26,25,0,15,15,5,5,0,0,0,0,0,0,0,68,65,0,0,0,0,0,0,0,68
7858,2,"7858-2",2,1,2,NA,NA,NA,NA,NA,NA,NA,1,1,1,47.265040634,1,9,5,2,2,2232,2272,2231,2198,29,26,0,15,15,5,5,0,0,0,0,0,0,0,68,65,0,0,0,0,0,0,0,68
7858,3,"7858-3",2,1,2,NA,NA,NA,NA,NA,NA,NA,1,1,1,47.265040634,0,9,9,2,2,2272,2198,2231,2198,32,29,0,15,15,5,5,0,0,0,0,0,0,0,68,65,0,0,0,0,0,0,0,68
7858,4,"7858-4",2,1,2,NA,NA,NA,NA,NA,NA,NA,1,1,1,47.265040634,0,9,0,2,2,2198,2231,2231,2198,48,32,1,15,15,5,5,0,0,0,0,0,0,0,68,65,0,0,0,0,0,0,0,68
7864,3,"7864-3",2,1,3,NA,NA,NA,NA,NA,NA,NA,3,2,1,88.531596604,0,1,1,2,2,1426,1401,1426,1401,35,26,0,15,45,1,7,0,0,0,0,0,0,0,46,12,0,0,0,0,0,0,0,46
7864,4,"7864-4",2,1,3,NA,NA,NA,NA,NA,NA,NA,3,2,1,88.531596604,0,1,0,2,2,1401,1426,1426,1401,48,35,1,15,45,1,7,0,0,0,0,0,0,0,46,12,0,0,0,0,0,0,0,46
7877,5,"7877-5",2,1,4,NA,NA,NA,NA,NA,NA,NA,3,5,1,166.5065016,0,6,6,2,2,1130,1123,1130,1123,34,32,0,18,30,4,7,0,0,0,0,0,0,0,47,10,0,0,0,0,0,0,0,47
7877,6,"7877-6",2,1,4,NA,NA,NA,NA,NA,NA,NA,3,5,1,166.5065016,0,6,0,2,2,1123,1130,1130,1123,48,34,1,18,30,4,7,0,0,0,0,0,0,0,47,10,0,0,0,0,0,0,0,47
7880,1,"7880-1",3,1,4,5,NA,NA,NA,NA,NA,NA,3,1,1,77.7467528,0,6,6,3,3,2660,167,2660,167,21,13,0,9,0,4,7,8,0,0,0,0,0,0,37,7,3,0,0,0,0,0,0,37
7880,2,"7880-2",3,1,4,5,NA,NA,NA,NA,NA,NA,3,1,1,77.7467528,0,6,0,3,3,167,2660,2660,167,30,21,1,9,0,4,7,8,0,0,0,0,0,0,37,7,3,0,0,0,0,0,0,37
7880,3,"7880-3",5,1,2,3,4,5,NA,NA,NA,NA,3,2,2,77.7467528,0,8,8,3,3,2660,2630,2660,2630,31,30,0,17,30,4,1,7,7,8,0,0,0,0,37,47,10,7,3,0,0,0,0,47
7880,4,"7880-4",5,1,2,3,4,5,NA,NA,NA,NA,3,2,2,77.7467528,0,8,0,3,3,2630,2660,2660,2630,48,31,1,17,30,4,1,7,7,8,0,0,0,0,37,47,10,7,3,0,0,0,0,47
7889,1,"7889-1",2,1,2,NA,NA,NA,NA,NA,NA,NA,1,1,1,95.028368337,0,6,6,2,2,2285,2159,2285,2159,19,12,0,8,55,5,5,0,0,0,0,0,0,0,67,68,0,0,0,0,0,0,0,68
7889,2,"7889-2",2,1,2,NA,NA,NA,NA,NA,NA,NA,1,1,1,95.028368337,1,6,7,2,2,2159,2207,2285,2159,23,19,1,8,55,5,5,0,0,0,0,0,0,0,67,68,0,0,0,0,0,0,0,68
7889,3,"7889-3",2,1,2,NA,NA,NA,NA,NA,NA,NA,1,1,1,95.028368337,0,6,0,2,2,2207,2285,2285,2159,48,23,1,8,55,5,5,0,0,0,0,0,0,0,67,68,0,0,0,0,0,0,0,68
7896,1,"7896-1",2,1,3,NA,NA,NA,NA,NA,NA,NA,3,1,1,259.7841503,0,8,8,3,3,2182,454,2182,454,24,17,0,11,0,4,8,0,0,0,0,0,0,0,28,0,0,0,0,0,0,0,0,28
7896,2,"7896-2",2,1,3,NA,NA,NA,NA,NA,NA,NA,3,1,1,259.7841503,0,8,0,2,3,454,2182,2182,454,27,24,1,11,0,4,8,0,0,0,0,0,0,0,28,0,0,0,0,0,0,0,0,28
7896,3,"7896-3",3,1,2,3,NA,NA,NA,NA,NA,NA,3,2,2,259.7841503,0,6,6,3,3,2182,2291,2182,2291,29,27,0,16,0,4,1,8,0,0,0,0,0,0,28,27,0,0,0,0,0,0,0,28
7896,4,"7896-4",3,1,2,3,NA,NA,NA,NA,NA,NA,3,2,2,259.7841503,1,6,7,3,3,2291,2309,2182,2291,30,29,1,16,0,4,1,8,0,0,0,0,0,0,28,27,0,0,0,0,0,0,0,28
7896,5,"7896-5",3,1,2,3,NA,NA,NA,NA,NA,NA,3,2,2,259.7841503,1,6,9,3,3,2309,2075,2182,2291,31,30,1,16,0,4,1,8,0,0,0,0,0,0,28,27,0,0,0,0,0,0,0,28
7896,6,"7896-6",3,1,2,3,NA,NA,NA,NA,NA,NA,3,2,2,259.7841503,0,6,0,3,3,2075,2182,2182,2291,48,31,1,16,0,4,1,8,0,0,0,0,0,0,28,27,0,0,0,0,0,0,0,28
7898,1,"7898-1",2,1,3,NA,NA,NA,NA,NA,NA,NA,3,1,1,78.3110681,1,7,6,2,2,1714,1901,1714,1879,20,19,0,12,0,3,8,0,0,0,0,0,0,0,30,3,0,0,0,0,0,0,0,30
7898,2,"7898-2",2,1,3,NA,NA,NA,NA,NA,NA,NA,3,1,1,78.3110681,0,7,7,2,2,1901,1879,1714,1879,24,20,0,12,0,3,8,0,0,0,0,0,0,0,30,3,0,0,0,0,0,0,0,30
7898,3,"7898-3",2,1,3,NA,NA,NA,NA,NA,NA,NA,3,1,1,78.3110681,1,7,5,2,2,1879,1714,1714,1879,25,24,1,12,0,3,8,0,0,0,0,0,0,0,30,3,0,0,0,0,0,0,0,30
7898,4,"7898-4",2,1,3,NA,NA,NA,NA,NA,NA,NA,3,1,1,78.3110681,0,7,0,2,2,1714,1714,1714,1879,48,25,1,12,0,3,8,0,0,0,0,0,0,0,30,3,0,0,0,0,0,0,0,30
7900,1,"7900-1",2,1,3,NA,NA,NA,NA,NA,NA,NA,3,1,1,39.2735978,1,5,6,2,2,2626,2653,2626,2654,13,12,0,8,45,4,8,0,0,0,0,0,0,0,40,2,0,0,0,0,0,0,0,40
7900,2,"7900-2",2,1,3,NA,NA,NA,NA,NA,NA,NA,3,1,1,39.2735978,0,5,5,2,2,2653,2654,2626,2654,18,13,0,8,45,4,8,0,0,0,0,0,0,0,40,2,0,0,0,0,0,0,0,40
7900,3,"7900-3",2,1,3,NA,NA,NA,NA,NA,NA,NA,3,1,1,39.2735978,1,5,6,2,2,2654,2587,2626,2654,18,18,1,8,45,4,8,0,0,0,0,0,0,0,40,2,0,0,0,0,0,0,0,40
7900,4,"7900-4",2,1,3,NA,NA,NA,NA,NA,NA,NA,3,1,1,39.2735978,1,5,6,2,2,2587,2626,2626,2654,19,18,1,8,45,4,8,0,0,0,0,0,0,0,40,2,0,0,0,0,0,0,0,40
7900,5,"7900-5",2,1,3,NA,NA,NA,NA,NA,NA,NA,3,1,1,39.2735978,0,5,0,2,2,2626,2626,2626,2654,48,19,1,8,45,4,8,0,0,0,0,0,0,0,40,2,0,0,0,0,0,0,0,40
7904,1,"7904-1",2,1,2,NA,NA,NA,NA,NA,NA,NA,1,2,1,13.414871925,0,1,1,3,3,2449,2431,2449,2431,25,15,0,10,15,2,2,0,0,0,0,0,0,0,68,68,0,0,0,0,0,0,0,68
7904,2,"7904-2",2,1,2,NA,NA,NA,NA,NA,NA,NA,1,2,1,13.414871925,1,1,6,3,3,2431,2429,2449,2431,27,25,1,10,15,2,2,0,0,0,0,0,0,0,68,68,0,0,0,0,0,0,0,68
7904,3,"7904-3",2,1,2,NA,NA,NA,NA,NA,NA,NA,1,2,1,13.414871925,1,1,7,3,3,2429,2449,2449,2431,29,27,1,10,15,2,2,0,0,0,0,0,0,0,68,68,0,0,0,0,0,0,0,68
7904,4,"7904-4",2,1,2,NA,NA,NA,NA,NA,NA,NA,1,2,1,13.414871925,0,1,0,3,3,2449,2449,2449,2431,32,29,1,10,15,2,2,0,0,0,0,0,0,0,68,68,0,0,0,0,0,0,0,68
7917,1,"7917-1",2,1,2,NA,NA,NA,NA,NA,NA,NA,1,1,1,28.706259184,0,9,9,2,2,1061,1058,1061,1058,15,7,0,6,28,5,5,0,0,0,0,0,0,0,65,66,0,0,0,0,0,0,0,66
7917,2,"7917-2",2,1,2,NA,NA,NA,NA,NA,NA,NA,1,1,1,28.706259184,1,9,6,2,2,1058,1239,1061,1058,16,15,1,6,28,5,5,0,0,0,0,0,0,0,65,66,0,0,0,0,0,0,0,66
7917,3,"7917-3",2,1,2,NA,NA,NA,NA,NA,NA,NA,1,1,1,28.706259184,1,9,5,2,2,1239,1238,1061,1058,17,16,1,6,28,5,5,0,0,0,0,0,0,0,65,66,0,0,0,0,0,0,0,66
7917,4,"7917-4",2,1,2,NA,NA,NA,NA,NA,NA,NA,1,1,1,28.706259184,0,9,0,2,2,1238,1061,1061,1058,48,17,1,6,28,5,5,0,0,0,0,0,0,0,65,66,0,0,0,0,0,0,0,66
7921,1,"7921-1",2,1,2,NA,NA,NA,NA,NA,NA,NA,1,2,1,272.990826782,1,9,9,2,2,773,644,773,669,19,14,0,9,30,5,5,0,0,0,0,0,0,0,77,94,0,0,0,0,0,0,0,94
7921,2,"7921-2",2,1,2,NA,NA,NA,NA,NA,NA,NA,1,2,1,272.990826782,0,9,9,2,2,644,669,773,669,22,19,0,9,30,5,5,0,0,0,0,0,0,0,77,94,0,0,0,0,0,0,0,94
7921,3,"7921-3",2,1,2,NA,NA,NA,NA,NA,NA,NA,1,2,1,272.990826782,1,9,8,2,2,669,646,773,669,24,22,1,9,30,5,5,0,0,0,0,0,0,0,77,94,0,0,0,0,0,0,0,94
7921,4,"7921-4",2,1,2,NA,NA,NA,NA,NA,NA,NA,1,2,1,272.990826782,0,9,0,2,2,646,773,773,669,48,24,1,9,30,5,5,0,0,0,0,0,0,0,77,94,0,0,0,0,0,0,0,94
7922,1,"7922-1",2,1,2,NA,NA,NA,NA,NA,NA,NA,1,1,1,17.994327566,0,9,9,3,3,2506,2496,2506,2496,15,12,0,8,45,5,4,0,0,0,0,0,0,0,68,64,0,0,0,0,0,0,0,68
7922,2,"7922-2",2,1,2,NA,NA,NA,NA,NA,NA,NA,1,1,1,17.994327566,0,9,0,3,3,2496,2506,2506,2496,15,15,1,8,45,5,4,0,0,0,0,0,0,0,68,64,0,0,0,0,0,0,0,68
7939,1,"7939-1",2,1,2,NA,NA,NA,NA,NA,NA,NA,1,1,1,160.672524195,1,5,5,2,2,590,617,590,597,25,24,0,14,40,5,5,0,0,0,0,0,0,0,69,68,0,0,0,0,0,0,0,69
7939,2,"7939-2",2,1,2,NA,NA,NA,NA,NA,NA,NA,1,1,1,160.672524195,1,5,5,2,2,617,619,590,597,27,25,0,14,40,5,5,0,0,0,0,0,0,0,69,68,0,0,0,0,0,0,0,69
7939,3,"7939-3",2,1,2,NA,NA,NA,NA,NA,NA,NA,1,1,1,160.672524195,0,5,5,2,2,619,597,590,597,32,27,0,14,40,5,5,0,0,0,0,0,0,0,69,68,0,0,0,0,0,0,0,69
7939,4,"7939-4",2,1,2,NA,NA,NA,NA,NA,NA,NA,1,1,1,160.672524195,0,5,0,2,2,597,590,590,597,48,32,1,14,40,5,5,0,0,0,0,0,0,0,69,68,0,0,0,0,0,0,0,69
7941,5,"7941-5",2,1,3,NA,NA,NA,NA,NA,NA,NA,3,4,1,1480.06265048,0,9,9,4,4,1018,1018,1018,1018,33,30,0,17,50,1,8,0,0,0,0,0,0,0,38,4,0,0,0,0,0,0,0,38
7941,6,"7941-6",2,1,3,NA,NA,NA,NA,NA,NA,NA,3,4,1,1480.06265048,0,9,0,4,4,1018,1018,1018,1018,48,33,1,17,50,1,8,0,0,0,0,0,0,0,38,4,0,0,0,0,0,0,0,38
7942,1,"7942-1",2,1,2,NA,NA,NA,NA,NA,NA,NA,1,2,1,99.087832,0,7,7,2,2,1716,1723,1716,1723,32,30,0,17,35,1,5,0,0,0,0,0,0,0,52,83,0,0,0,0,0,0,0,83
7942,2,"7942-2",2,1,2,NA,NA,NA,NA,NA,NA,NA,1,2,1,99.087832,0,7,0,2,2,1723,1716,1716,1723,48,32,1,17,35,1,5,0,0,0,0,0,0,0,52,83,0,0,0,0,0,0,0,83
7951,1,"7951-1",2,4,5,NA,NA,NA,NA,NA,NA,NA,2,1,1,97.973292592,0,3,3,2,2,1181,1182,1181,1182,25,9,0,7,25,6,7,0,0,0,0,0,0,0,17,13,0,0,0,0,0,0,0,17
7951,2,"7951-2",2,4,5,NA,NA,NA,NA,NA,NA,NA,2,1,1,97.973292592,0,3,0,2,2,1182,1181,1181,1182,48,25,1,7,25,6,7,0,0,0,0,0,0,0,17,13,0,0,0,0,0,0,0,17
7952,1,"7952-1",2,1,2,NA,NA,NA,NA,NA,NA,NA,1,1,1,42.219483935,0,6,6,2,2,9999,9999,9999,9999,25,25,0,15,2,4,4,0,0,0,0,0,0,0,59,64,0,0,0,0,0,0,0,64
7952,2,"7952-2",2,1,2,NA,NA,NA,NA,NA,NA,NA,1,1,1,42.219483935,1,6,7,2,2,9999,9999,9999,9999,25,25,1,15,2,4,4,0,0,0,0,0,0,0,59,64,0,0,0,0,0,0,0,64
7952,3,"7952-3",2,1,2,NA,NA,NA,NA,NA,NA,NA,1,1,1,42.219483935,0,6,0,2,2,9999,9999,9999,9999,48,25,1,15,2,4,4,0,0,0,0,0,0,0,59,64,0,0,0,0,0,0,0,64
7980,1,"7980-1",2,1,2,NA,NA,NA,NA,NA,NA,NA,1,2,1,42.219483935,1,7,4,2,3,1764,1764,1764,1764,29,29,0,17,20,4,4,0,0,0,0,0,0,0,61,28,0,0,0,0,0,0,0,61
7980,2,"7980-2",2,1,2,NA,NA,NA,NA,NA,NA,NA,1,2,1,42.219483935,0,7,7,3,3,1764,1764,1764,1764,33,29,0,17,20,4,4,0,0,0,0,0,0,0,61,28,0,0,0,0,0,0,0,61
7980,3,"7980-3",2,1,2,NA,NA,NA,NA,NA,NA,NA,1,2,1,42.219483935,1,7,4,3,3,1764,1764,1764,1764,33,33,1,17,20,4,4,0,0,0,0,0,0,0,61,28,0,0,0,0,0,0,0,61
7980,4,"7980-4",2,1,2,NA,NA,NA,NA,NA,NA,NA,1,2,1,42.219483935,0,7,0,2,3,1764,1764,1764,1764,48,33,1,17,20,4,4,0,0,0,0,0,0,0,61,28,0,0,0,0,0,0,0,61
7988,1,"7988-1",2,2,3,NA,NA,NA,NA,NA,NA,NA,1,1,1,39.1644825,0,2,2,2,2,2497,2074,2497,2074,34,11,0,8,0,3,3,0,0,0,0,0,0,0,21,40,0,0,0,0,0,0,0,40
7988,2,"7988-2",2,2,3,NA,NA,NA,NA,NA,NA,NA,1,1,1,39.1644825,0,2,0,2,2,2074,2497,2497,2074,48,34,1,8,0,3,3,0,0,0,0,0,0,0,21,40,0,0,0,0,0,0,0,40
7999,1,"7999-1",3,2,3,4,NA,NA,NA,NA,NA,NA,1,1,1,62.63771094,0,5,5,3,3,1185,1027,1185,1027,18,11,0,8,10,1,5,4,0,0,0,0,0,0,34,65,63,0,0,0,0,0,0,65
7999,2,"7999-2",3,2,3,4,NA,NA,NA,NA,NA,NA,1,1,1,62.63771094,0,5,0,3,3,1027,1185,1185,1027,48,18,1,8,10,1,5,4,0,0,0,0,0,0,34,65,63,0,0,0,0,0,0,65
8001,3,"8001-3",2,3,4,NA,NA,NA,NA,NA,NA,NA,2,1,1,329.5773339,0,3,0,9,9,892,759,759,892,48,27,1,6,50,7,7,0,0,0,0,0,0,0,9,9,0,0,0,0,0,0,0,9
8009,1,"8009-1",2,1,2,NA,NA,NA,NA,NA,NA,NA,1,2,1,46.34650839,1,8,6,2,2,1126,1607,1126,830,35,34,0,19,45,1,4,0,0,0,0,0,0,0,40,40,0,0,0,0,0,0,0,40
8009,2,"8009-2",2,1,2,NA,NA,NA,NA,NA,NA,NA,1,2,1,46.34650839,0,8,8,2,2,1607,830,1126,830,38,35,0,19,45,1,4,0,0,0,0,0,0,0,40,40,0,0,0,0,0,0,0,40
8009,3,"8009-3",2,1,2,NA,NA,NA,NA,NA,NA,NA,1,2,1,46.34650839,0,8,0,2,2,830,1126,1126,830,48,38,1,19,45,1,4,0,0,0,0,0,0,0,40,40,0,0,0,0,0,0,0,40
8023,1,"8023-1",2,1,2,NA,NA,NA,NA,NA,NA,NA,1,4,1,41.22391336,0,8,8,2,2,1695,788,1695,788,30,26,0,15,35,5,5,0,0,0,0,0,0,0,66,65,0,0,0,0,0,0,0,66
8023,2,"8023-2",2,1,2,NA,NA,NA,NA,NA,NA,NA,1,4,1,41.22391336,1,8,7,2,2,788,787,1695,788,32,30,1,15,35,5,5,0,0,0,0,0,0,0,66,65,0,0,0,0,0,0,0,66
8023,3,"8023-3",2,1,2,NA,NA,NA,NA,NA,NA,NA,1,4,1,41.22391336,0,8,0,2,2,787,1695,1695,788,33,32,1,15,35,5,5,0,0,0,0,0,0,0,66,65,0,0,0,0,0,0,0,66
8025,1,"8025-1",2,1,2,NA,NA,NA,NA,NA,NA,NA,1,1,1,16.75842861,0,1,1,2,2,2726,1116,2726,1116,29,8,0,6,45,1,1,0,0,0,0,0,0,0,57,62,0,0,0,0,0,0,0,62
8025,2,"8025-2",2,1,2,NA,NA,NA,NA,NA,NA,NA,1,1,1,16.75842861,0,1,0,2,2,1116,2726,2726,1116,48,29,1,6,45,1,1,0,0,0,0,0,0,0,57,62,0,0,0,0,0,0,0,62
8035,1,"8035-1",3,3,4,5,NA,NA,NA,NA,NA,NA,2,1,1,39.3251878,0,3,3,9,9,2735,2789,2735,2789,26,12,0,8,30,7,7,7,0,0,0,0,0,0,10,8,6,0,0,0,0,0,0,10
8035,2,"8035-2",3,3,4,5,NA,NA,NA,NA,NA,NA,2,1,1,39.3251878,0,3,0,9,9,2789,2735,2735,2789,48,26,1,8,30,7,7,7,0,0,0,0,0,0,10,8,6,0,0,0,0,0,0,10
8039,4,"8039-4",2,2,3,NA,NA,NA,NA,NA,NA,NA,3,4,1,915.8121749,0,6,6,2,2,151,331,151,331,32,30,0,17,40,4,6,0,0,0,0,0,0,0,54,17,0,0,0,0,0,0,0,54
8039,5,"8039-5",2,2,3,NA,NA,NA,NA,NA,NA,NA,3,4,1,915.8121749,1,6,7,2,2,331,54,151,331,33,32,1,17,40,4,6,0,0,0,0,0,0,0,54,17,0,0,0,0,0,0,0,54
8039,6,"8039-6",2,2,3,NA,NA,NA,NA,NA,NA,NA,3,4,1,915.8121749,0,6,0,2,2,54,151,151,331,48,33,1,17,40,4,6,0,0,0,0,0,0,0,54,17,0,0,0,0,0,0,0,54
8047,4,"8047-4",2,1,3,NA,NA,NA,NA,NA,NA,NA,3,3,1,81.0476351,1,6,6,2,2,1127,1612,1127,1272,24,22,0,13,30,4,8,0,0,0,0,0,0,0,37,5,0,0,0,0,0,0,0,37
8047,5,"8047-5",2,1,3,NA,NA,NA,NA,NA,NA,NA,3,3,1,81.0476351,0,6,6,2,2,1612,1272,1127,1272,27,24,0,13,30,4,8,0,0,0,0,0,0,0,37,5,0,0,0,0,0,0,0,37
8047,6,"8047-6",2,1,3,NA,NA,NA,NA,NA,NA,NA,3,3,1,81.0476351,0,6,0,2,2,1272,1127,1127,1272,48,27,1,13,30,4,8,0,0,0,0,0,0,0,37,5,0,0,0,0,0,0,0,37
8048,1,"8048-1",2,1,2,NA,NA,NA,NA,NA,NA,NA,1,2,1,37.0183123,1,5,5,2,2,1127,1274,1127,1621,27,26,0,15,45,3,4,0,0,0,0,0,0,0,40,40,0,0,0,0,0,0,0,40
8048,2,"8048-2",2,1,2,NA,NA,NA,NA,NA,NA,NA,1,2,1,37.0183123,1,5,5,2,2,1274,1621,1127,1621,27,27,0,15,45,3,4,0,0,0,0,0,0,0,40,40,0,0,0,0,0,0,0,40
8048,3,"8048-3",2,1,2,NA,NA,NA,NA,NA,NA,NA,1,2,1,37.0183123,1,5,5,2,2,1621,1623,1127,1621,28,27,0,15,45,3,4,0,0,0,0,0,0,0,40,40,0,0,0,0,0,0,0,40
8048,4,"8048-4",2,1,2,NA,NA,NA,NA,NA,NA,NA,1,2,1,37.0183123,1,5,5,2,2,1623,1623,1127,1621,30,28,0,15,45,3,4,0,0,0,0,0,0,0,40,40,0,0,0,0,0,0,0,40
8048,5,"8048-5",2,1,2,NA,NA,NA,NA,NA,NA,NA,1,2,1,37.0183123,0,5,5,2,2,1623,1621,1127,1621,32,30,0,15,45,3,4,0,0,0,0,0,0,0,40,40,0,0,0,0,0,0,0,40
8048,6,"8048-6",2,1,2,NA,NA,NA,NA,NA,NA,NA,1,2,1,37.0183123,0,5,0,2,2,1621,1127,1127,1621,48,32,1,15,45,3,4,0,0,0,0,0,0,0,40,40,0,0,0,0,0,0,0,40
8053,1,"8053-1",2,1,2,NA,NA,NA,NA,NA,NA,NA,1,1,0,41.22391336,0,NA,5,2,NA,1992,1897,NA,NA,20,16,0,NA,NA,5,5,0,0,0,0,0,0,0,71,68,0,0,0,0,0,0,0,71
8053,2,"8053-2",2,1,2,NA,NA,NA,NA,NA,NA,NA,1,1,0,41.22391336,1,NA,7,2,NA,1897,1923,NA,NA,22,20,1,NA,NA,5,5,0,0,0,0,0,0,0,71,68,0,0,0,0,0,0,0,71
8053,3,"8053-3",2,1,2,NA,NA,NA,NA,NA,NA,NA,1,1,0,41.22391336,1,NA,5,2,NA,1923,1921,NA,NA,23,22,1,NA,NA,5,5,0,0,0,0,0,0,0,71,68,0,0,0,0,0,0,0,71
8053,4,"8053-4",2,1,2,NA,NA,NA,NA,NA,NA,NA,1,1,0,41.22391336,1,NA,5,2,NA,1921,1997,NA,NA,24,23,1,NA,NA,5,5,0,0,0,0,0,0,0,71,68,0,0,0,0,0,0,0,71
8053,5,"8053-5",2,1,2,NA,NA,NA,NA,NA,NA,NA,1,1,0,41.22391336,0,NA,0,2,NA,1997,1992,NA,NA,48,24,1,NA,NA,5,5,0,0,0,0,0,0,0,71,68,0,0,0,0,0,0,0,71
8063,1,"8063-1",2,1,2,NA,NA,NA,NA,NA,NA,NA,1,3,1,37.638633694,0,7,7,3,3,2430,2424,2430,2424,34,31,0,18,0,5,5,0,0,0,0,0,0,0,76,74,0,0,0,0,0,0,0,76
8063,2,"8063-2",2,1,2,NA,NA,NA,NA,NA,NA,NA,1,3,1,37.638633694,0,7,0,3,3,2424,2430,2430,2424,48,34,1,18,0,5,5,0,0,0,0,0,0,0,76,74,0,0,0,0,0,0,0,76
8064,1,"8064-1",2,1,2,NA,NA,NA,NA,NA,NA,NA,1,1,1,77.601631566,0,6,6,2,2,2405,2159,2405,2159,22,18,0,11,43,5,5,0,0,0,0,0,0,0,73,68,0,0,0,0,0,0,0,73
8064,2,"8064-2",2,1,2,NA,NA,NA,NA,NA,NA,NA,1,1,1,77.601631566,0,6,0,2,2,2159,2405,2405,2159,27,22,1,11,43,5,5,0,0,0,0,0,0,0,73,68,0,0,0,0,0,0,0,73
8064,3,"8064-3",2,1,2,NA,NA,NA,NA,NA,NA,NA,1,2,2,79.15366419732,1,7,6,2,3,2405,2360,2405,253,28,27,0,16,10,5,5,0,0,0,0,0,0,0,73,68,0,0,0,0,0,0,0,73
8064,4,"8064-4",2,1,2,NA,NA,NA,NA,NA,NA,NA,1,2,2,79.15366419732,1,7,4,2,3,2360,2170,2405,253,29,28,0,16,10,5,5,0,0,0,0,0,0,0,73,68,0,0,0,0,0,0,0,73
8064,5,"8064-5",2,1,2,NA,NA,NA,NA,NA,NA,NA,1,2,2,79.15366419732,0,7,7,3,3,2170,253,2405,253,35,29,0,16,10,5,5,0,0,0,0,0,0,0,73,68,0,0,0,0,0,0,0,73
8064,6,"8064-6",2,1,2,NA,NA,NA,NA,NA,NA,NA,1,2,2,79.15366419732,1,7,4,3,3,253,2170,2405,253,37,35,1,16,10,5,5,0,0,0,0,0,0,0,73,68,0,0,0,0,0,0,0,73
8064,7,"8064-7",2,1,2,NA,NA,NA,NA,NA,NA,NA,1,2,2,79.15366419732,0,7,0,2,3,2170,2405,2405,253,48,37,1,16,10,5,5,0,0,0,0,0,0,0,73,68,0,0,0,0,0,0,0,73
8078,3,"8078-3",3,1,2,6,NA,NA,NA,NA,NA,NA,3,2,1,101.2834485,1,5,6,3,3,2439,2427,2439,2432,23,22,0,13,55,4,1,8,0,0,0,0,0,0,37,41,0,0,0,0,0,0,0,41
8078,4,"8078-4",3,1,2,6,NA,NA,NA,NA,NA,NA,3,2,1,101.2834485,1,5,6,3,3,2427,2424,2439,2432,23,23,0,13,55,4,1,8,0,0,0,0,0,0,37,41,0,0,0,0,0,0,0,41
8078,5,"8078-5",3,1,2,6,NA,NA,NA,NA,NA,NA,3,2,1,101.2834485,0,5,5,3,3,2424,2432,2439,2432,24,23,0,13,55,4,1,8,0,0,0,0,0,0,37,41,0,0,0,0,0,0,0,41
8078,6,"8078-6",3,1,2,6,NA,NA,NA,NA,NA,NA,3,2,1,101.2834485,0,5,0,3,3,2432,2439,2439,2432,28,24,1,13,55,4,1,8,0,0,0,0,0,0,37,41,0,0,0,0,0,0,0,41
8091,1,"8091-1",2,1,2,NA,NA,NA,NA,NA,NA,NA,1,1,0,17.105608165,0,NA,7,2,NA,2600,2575,NA,NA,29,27,0,NA,NA,5,4,0,0,0,0,0,0,0,71,64,0,0,0,0,0,0,0,71
8091,2,"8091-2",2,1,2,NA,NA,NA,NA,NA,NA,NA,1,1,0,17.105608165,0,NA,0,2,NA,2575,2600,NA,NA,48,29,1,NA,NA,5,4,0,0,0,0,0,0,0,71,64,0,0,0,0,0,0,0,71
8097,1,"8097-1",2,1,2,NA,NA,NA,NA,NA,NA,NA,1,2,1,115.33768302,0,9,9,2,2,2182,2179,2182,2179,34,31,0,18,21,1,1,0,0,0,0,0,0,0,37,36,0,0,0,0,0,0,0,37
8097,2,"8097-2",2,1,2,NA,NA,NA,NA,NA,NA,NA,1,2,1,115.33768302,0,9,0,2,2,2179,2182,2182,2179,48,34,1,18,21,1,1,0,0,0,0,0,0,0,37,36,0,0,0,0,0,0,0,37
8113,1,"8113-1",2,4,5,NA,NA,NA,NA,NA,NA,NA,2,1,1,112.3295088,1,3,3,4,4,2230,2233,2230,2230,26,12,0,8,45,7,7,0,0,0,0,0,0,0,14,11,0,0,0,0,0,0,0,14
8113,2,"8113-2",2,4,5,NA,NA,NA,NA,NA,NA,NA,2,1,1,112.3295088,0,3,3,4,4,2233,2230,2230,2230,48,26,0,8,45,7,7,0,0,0,0,0,0,0,14,11,0,0,0,0,0,0,0,14
8121,5,"8121-5",3,2,3,4,NA,NA,NA,NA,NA,NA,3,2,1,157.798542508,0,9,9,3,3,1992,1976,1992,1976,33,31,0,18,0,1,8,8,0,0,0,0,0,0,35,4,0,0,0,0,0,0,0,35
8121,6,"8121-6",3,2,3,4,NA,NA,NA,NA,NA,NA,3,2,1,157.798542508,0,9,0,3,3,1976,1992,1992,1976,48,33,1,18,0,1,8,8,0,0,0,0,0,0,35,4,0,0,0,0,0,0,0,35
8122,1,"8122-1",2,1,2,NA,NA,NA,NA,NA,NA,NA,1,1,1,177.0930017,1,9,7,3,3,1720,1766,1720,1009,17,9,0,7,0,4,1,0,0,0,0,0,0,0,42,36,0,0,0,0,0,0,0,42
8122,2,"8122-2",2,1,2,NA,NA,NA,NA,NA,NA,NA,1,1,1,177.0930017,0,9,9,2,3,1766,1009,1720,1009,27,17,0,7,0,4,1,0,0,0,0,0,0,0,42,36,0,0,0,0,0,0,0,42
8122,3,"8122-3",2,1,2,NA,NA,NA,NA,NA,NA,NA,1,1,1,177.0930017,0,9,0,2,3,1009,1720,1720,1009,48,27,1,7,0,4,1,0,0,0,0,0,0,0,42,36,0,0,0,0,0,0,0,42
8124,1,"8124-1",2,1,2,NA,NA,NA,NA,NA,NA,NA,1,1,1,838.8697537,1,5,6,2,2,1767,1822,1767,1760,22,21,0,13,25,4,5,0,0,0,0,0,0,0,55,76,0,0,0,0,0,0,0,76
8124,2,"8124-2",2,1,2,NA,NA,NA,NA,NA,NA,NA,1,1,1,838.8697537,1,5,5,2,2,1822,1821,1767,1760,23,22,0,13,25,4,5,0,0,0,0,0,0,0,55,76,0,0,0,0,0,0,0,76
8124,3,"8124-3",2,1,2,NA,NA,NA,NA,NA,NA,NA,1,1,1,838.8697537,0,5,5,2,2,1821,1760,1767,1760,24,23,0,13,25,4,5,0,0,0,0,0,0,0,55,76,0,0,0,0,0,0,0,76
8124,4,"8124-4",2,1,2,NA,NA,NA,NA,NA,NA,NA,1,1,1,838.8697537,1,5,7,2,2,1760,1760,1767,1760,24,24,1,13,25,4,5,0,0,0,0,0,0,0,55,76,0,0,0,0,0,0,0,76
8124,5,"8124-5",2,1,2,NA,NA,NA,NA,NA,NA,NA,1,1,1,838.8697537,1,5,6,2,2,1760,1767,1767,1760,24,24,1,13,25,4,5,0,0,0,0,0,0,0,55,76,0,0,0,0,0,0,0,76
8124,6,"8124-6",2,1,2,NA,NA,NA,NA,NA,NA,NA,1,1,1,838.8697537,0,5,0,2,2,1767,1767,1767,1760,48,24,1,13,25,4,5,0,0,0,0,0,0,0,55,76,0,0,0,0,0,0,0,76
8132,1,"8132-1",2,1,2,NA,NA,NA,NA,NA,NA,NA,1,2,1,20.46123471,0,9,9,2,2,2757,1354,2757,1354,35,28,0,16,30,1,1,0,0,0,0,0,0,0,54,52,0,0,0,0,0,0,0,54
8132,2,"8132-2",2,1,2,NA,NA,NA,NA,NA,NA,NA,1,2,1,20.46123471,0,9,0,2,2,1354,2757,2757,1354,48,35,1,16,30,1,1,0,0,0,0,0,0,0,54,52,0,0,0,0,0,0,0,54
8140,1,"8140-1",2,1,2,NA,NA,NA,NA,NA,NA,NA,1,1,1,84.71163393,0,6,6,2,2,401,1750,401,1750,26,23,0,14,25,1,4,0,0,0,0,0,0,0,62,60,0,0,0,0,0,0,0,62
8140,2,"8140-2",2,1,2,NA,NA,NA,NA,NA,NA,NA,1,1,1,84.71163393,1,6,6,2,2,1750,1813,401,1750,27,26,1,14,25,1,4,0,0,0,0,0,0,0,62,60,0,0,0,0,0,0,0,62
8140,3,"8140-3",2,1,2,NA,NA,NA,NA,NA,NA,NA,1,1,1,84.71163393,0,6,0,2,2,1813,401,401,1750,33,27,1,14,25,1,4,0,0,0,0,0,0,0,62,60,0,0,0,0,0,0,0,62
8141,1,"8141-1",2,1,2,NA,NA,NA,NA,NA,NA,NA,1,1,1,37.518668355,0,6,6,4,4,2426,2426,2426,2426,24,23,0,14,0,1,4,0,0,0,0,0,0,0,43,47,0,0,0,0,0,0,0,47
8141,2,"8141-2",2,1,2,NA,NA,NA,NA,NA,NA,NA,1,1,1,37.518668355,0,6,0,4,4,2426,2426,2426,2426,27,24,1,14,0,1,4,0,0,0,0,0,0,0,43,47,0,0,0,0,0,0,0,47
8142,1,"8142-1",2,1,2,NA,NA,NA,NA,NA,NA,NA,1,1,1,102.2983784,0,6,6,2,3,1392,1392,1392,1392,11,9,0,7,27,2,1,0,0,0,0,0,0,0,32,38,0,0,0,0,0,0,0,38
8142,2,"8142-2",2,1,2,NA,NA,NA,NA,NA,NA,NA,1,1,1,102.2983784,1,6,5,2,3,1392,1929,1392,1392,12,11,1,7,27,2,1,0,0,0,0,0,0,0,32,38,0,0,0,0,0,0,0,38
8142,3,"8142-3",2,1,2,NA,NA,NA,NA,NA,NA,NA,1,1,1,102.2983784,0,6,0,3,3,1929,1392,1392,1392,48,12,1,7,27,2,1,0,0,0,0,0,0,0,32,38,0,0,0,0,0,0,0,38
8144,1,"8144-1",2,1,2,NA,NA,NA,NA,NA,NA,NA,1,1,1,61.9607382,0,7,7,2,2,1512,1504,1512,1504,31,29,0,17,15,3,1,0,0,0,0,0,0,0,45,55,0,0,0,0,0,0,0,55
8144,2,"8144-2",2,1,2,NA,NA,NA,NA,NA,NA,NA,1,1,1,61.9607382,0,7,0,2,2,1504,1512,1512,1504,48,31,1,17,15,3,1,0,0,0,0,0,0,0,45,55,0,0,0,0,0,0,0,55
8148,1,"8148-1",2,1,2,NA,NA,NA,NA,NA,NA,NA,1,1,1,79.56458597,0,6,6,2,2,721,1363,721,1363,15,11,0,8,0,5,1,0,0,0,0,0,0,0,67,62,0,0,0,0,0,0,0,67
8148,2,"8148-2",2,1,2,NA,NA,NA,NA,NA,NA,NA,1,1,1,79.56458597,0,6,0,2,2,1363,721,721,1363,18,15,1,8,0,5,1,0,0,0,0,0,0,0,67,62,0,0,0,0,0,0,0,67
8148,3,"8148-3",2,1,2,NA,NA,NA,NA,NA,NA,NA,1,3,2,79.56458597,1,8,7,2,2,721,737,721,721,39,33,0,19,0,5,1,0,0,0,0,0,0,0,67,62,0,0,0,0,0,0,0,67
8148,4,"8148-4",2,1,2,NA,NA,NA,NA,NA,NA,NA,1,3,2,79.56458597,0,8,8,2,2,737,721,721,721,48,39,0,19,0,5,1,0,0,0,0,0,0,0,67,62,0,0,0,0,0,0,0,67
8169,1,"8169-1",2,1,2,NA,NA,NA,NA,NA,NA,NA,1,2,1,281.5048133,1,9,8,4,4,921,921,921,921,31,30,0,17,50,4,1,0,0,0,0,0,0,0,42,42,0,0,0,0,0,0,0,42
8169,2,"8169-2",2,1,2,NA,NA,NA,NA,NA,NA,NA,1,2,1,281.5048133,0,9,9,4,4,921,921,921,921,33,31,0,17,50,4,1,0,0,0,0,0,0,0,42,42,0,0,0,0,0,0,0,42
8169,3,"8169-3",2,1,2,NA,NA,NA,NA,NA,NA,NA,1,2,1,281.5048133,1,9,8,4,4,921,921,921,921,34,33,1,17,50,4,1,0,0,0,0,0,0,0,42,42,0,0,0,0,0,0,0,42
8169,4,"8169-4",2,1,2,NA,NA,NA,NA,NA,NA,NA,1,2,1,281.5048133,0,9,0,4,4,921,921,921,921,48,34,1,17,50,4,1,0,0,0,0,0,0,0,42,42,0,0,0,0,0,0,0,42
8177,1,"8177-1",2,2,4,NA,NA,NA,NA,NA,NA,NA,3,1,1,54.3952769,0,9,9,2,2,2673,2610,2673,2610,20,16,0,10,30,5,8,0,0,0,0,0,0,0,66,2,0,0,0,0,0,0,0,66
8177,2,"8177-2",2,2,4,NA,NA,NA,NA,NA,NA,NA,3,1,1,54.3952769,1,9,7,2,2,2610,2669,2673,2610,21,20,1,10,30,5,8,0,0,0,0,0,0,0,66,2,0,0,0,0,0,0,0,66
8177,3,"8177-3",2,2,4,NA,NA,NA,NA,NA,NA,NA,3,1,1,54.3952769,0,9,0,2,2,2669,2673,2673,2610,48,21,1,10,30,5,8,0,0,0,0,0,0,0,66,2,0,0,0,0,0,0,0,66
8217,1,"8217-1",2,1,3,NA,NA,NA,NA,NA,NA,NA,3,2,1,119.922156504,0,4,4,2,2,2358,2183,2358,2183,35,32,0,18,55,1,7,0,0,0,0,0,0,0,50,13,0,0,0,0,0,0,0,50
8217,2,"8217-2",2,1,3,NA,NA,NA,NA,NA,NA,NA,3,2,1,119.922156504,0,4,0,2,2,2183,2358,2358,2183,48,35,1,18,55,1,7,0,0,0,0,0,0,0,50,13,0,0,0,0,0,0,0,50
8219,1,"8219-1",2,1,3,NA,NA,NA,NA,NA,NA,NA,1,3,1,37.615579431,0,6,6,3,3,2800,2802,2800,2802,18,17,0,11,6,4,5,0,0,0,0,0,0,0,60,71,0,0,0,0,0,0,0,71
8219,2,"8219-2",2,1,3,NA,NA,NA,NA,NA,NA,NA,1,3,1,37.615579431,1,6,5,3,3,2802,2800,2800,2802,18,18,1,11,6,4,5,0,0,0,0,0,0,0,60,71,0,0,0,0,0,0,0,71
8219,3,"8219-3",2,1,3,NA,NA,NA,NA,NA,NA,NA,1,3,1,37.615579431,0,6,0,3,3,2800,2800,2800,2802,21,18,1,11,6,4,5,0,0,0,0,0,0,0,60,71,0,0,0,0,0,0,0,71
8223,6,"8223-6",2,1,2,NA,NA,NA,NA,NA,NA,NA,1,2,1,71.161734223,0,9,9,3,3,1590,839,1590,839,33,27,0,16,15,4,1,0,0,0,0,0,0,0,55,53,0,0,0,0,0,0,0,55
8223,7,"8223-7",2,1,2,NA,NA,NA,NA,NA,NA,NA,1,2,1,71.161734223,1,9,7,3,3,839,936,1590,839,35,33,1,16,15,4,1,0,0,0,0,0,0,0,55,53,0,0,0,0,0,0,0,55
8223,8,"8223-8",2,1,2,NA,NA,NA,NA,NA,NA,NA,1,2,1,71.161734223,0,9,0,3,3,936,1590,1590,839,48,35,1,16,15,4,1,0,0,0,0,0,0,0,55,53,0,0,0,0,0,0,0,55
8230,1,"8230-1",2,2,3,NA,NA,NA,NA,NA,NA,NA,3,1,1,61.922236892,1,5,6,2,2,957,1161,957,1022,24,23,0,14,10,1,8,0,0,0,0,0,0,0,33,0,0,0,0,0,0,0,0,33
8230,2,"8230-2",2,2,3,NA,NA,NA,NA,NA,NA,NA,3,1,1,61.922236892,0,5,5,2,2,1161,1022,957,1022,27,24,0,14,10,1,8,0,0,0,0,0,0,0,33,0,0,0,0,0,0,0,0,33
8230,3,"8230-3",2,2,3,NA,NA,NA,NA,NA,NA,NA,3,1,1,61.922236892,0,5,0,2,2,1022,957,957,1022,34,27,1,14,10,1,8,0,0,0,0,0,0,0,33,0,0,0,0,0,0,0,0,33
8237,3,"8237-3",3,2,3,4,NA,NA,NA,NA,NA,NA,3,4,1,59.6549628,0,9,9,3,3,1391,1423,1391,1423,31,29,0,17,14,2,7,8,0,0,0,0,0,0,35,7,5,0,0,0,0,0,0,35
8237,4,"8237-4",3,2,3,4,NA,NA,NA,NA,NA,NA,3,4,1,59.6549628,0,9,0,3,3,1423,1391,1391,1423,48,31,1,17,14,2,7,8,0,0,0,0,0,0,35,7,5,0,0,0,0,0,0,35
8242,1,"8242-1",2,1,2,NA,NA,NA,NA,NA,NA,NA,1,1,1,56.337949,0,7,7,2,2,2726,2722,2726,2722,21,18,0,11,52,1,4,0,0,0,0,0,0,0,52,52,0,0,0,0,0,0,0,52
8242,2,"8242-2",2,1,2,NA,NA,NA,NA,NA,NA,NA,1,3,0,48.297238464,0,NA,1,2,NA,2722,2733,NA,NA,30,21,1,NA,NA,1,4,0,0,0,0,0,0,0,52,52,0,0,0,0,0,0,0,52
8246,1,"8246-1",2,1,3,NA,NA,NA,NA,NA,NA,NA,3,2,1,143.784123612,0,2,2,2,2,720,725,720,725,32,30,0,17,30,1,7,0,0,0,0,0,0,0,42,8,0,0,0,0,0,0,0,42
8246,2,"8246-2",2,1,3,NA,NA,NA,NA,NA,NA,NA,3,2,1,143.784123612,0,2,0,2,2,725,720,720,725,48,32,1,17,30,1,7,0,0,0,0,0,0,0,42,8,0,0,0,0,0,0,0,42
8248,1,"8248-1",2,1,2,NA,NA,NA,NA,NA,NA,NA,3,2,1,128.714938176,0,5,5,3,3,1688,1704,1688,1704,35,33,0,19,0,1,7,0,0,0,0,0,0,0,52,14,0,0,0,0,0,0,0,52
8248,2,"8248-2",2,1,2,NA,NA,NA,NA,NA,NA,NA,3,2,1,128.714938176,0,5,0,3,3,1704,1688,1688,1704,48,35,1,19,0,1,7,0,0,0,0,0,0,0,52,14,0,0,0,0,0,0,0,52
8251,1,"8251-1",2,1,2,NA,NA,NA,NA,NA,NA,NA,1,2,1,25.73252136,0,7,7,2,2,2660,2651,2660,2651,34,31,0,18,0,1,1,0,0,0,0,0,0,0,50,42,0,0,0,0,0,0,0,50
8251,2,"8251-2",2,1,2,NA,NA,NA,NA,NA,NA,NA,1,2,1,25.73252136,0,7,0,2,2,2651,2660,2660,2651,48,34,1,18,0,1,1,0,0,0,0,0,0,0,50,42,0,0,0,0,0,0,0,50
8265,1,"8265-1",2,1,2,NA,NA,NA,NA,NA,NA,NA,1,3,1,77.342009589,0,9,9,2,2,1652,1643,1652,1643,29,28,0,16,40,4,4,0,0,0,0,0,0,0,62,63,0,0,0,0,0,0,0,63
8265,2,"8265-2",2,1,2,NA,NA,NA,NA,NA,NA,NA,1,3,1,77.342009589,0,9,0,2,2,1643,1652,1652,1643,48,29,1,16,40,4,4,0,0,0,0,0,0,0,62,63,0,0,0,0,0,0,0,63
8267,1,"8267-1",2,1,2,NA,NA,NA,NA,NA,NA,NA,1,2,1,18.155340513,0,9,9,2,2,2660,2661,2660,2661,30,24,0,14,45,5,5,0,0,0,0,0,0,0,71,69,0,0,0,0,0,0,0,71
8267,2,"8267-2",2,1,2,NA,NA,NA,NA,NA,NA,NA,1,2,1,18.155340513,0,9,0,2,2,2661,2660,2660,2661,31,30,1,14,45,5,5,0,0,0,0,0,0,0,71,69,0,0,0,0,0,0,0,71
8269,2,"8269-2",3,1,2,3,NA,NA,NA,NA,NA,NA,3,2,1,78.8308182,0,7,7,5,5,720,750,720,750,34,32,0,18,41,2,1,7,0,0,0,0,0,0,35,38,6,0,0,0,0,0,0,38
8269,3,"8269-3",3,1,2,3,NA,NA,NA,NA,NA,NA,3,2,1,78.8308182,0,7,0,5,5,750,720,720,750,48,34,1,18,41,2,1,7,0,0,0,0,0,0,35,38,6,0,0,0,0,0,0,38
8275,5,"8275-5",3,1,2,4,NA,NA,NA,NA,NA,NA,3,2,1,49.760203552,0,7,7,3,3,947,955,947,955,31,31,0,18,0,1,4,7,0,0,0,0,0,0,60,60,9,0,0,0,0,0,0,60
8275,6,"8275-6",3,1,2,4,NA,NA,NA,NA,NA,NA,3,2,1,49.760203552,0,7,0,3,3,955,947,947,955,48,31,1,18,0,1,4,7,0,0,0,0,0,0,60,60,9,0,0,0,0,0,0,60
8278,1,"8278-1",2,1,3,NA,NA,NA,NA,NA,NA,NA,3,2,1,34.482904836,0,9,9,2,2,2440,2417,2440,2417,33,31,0,18,0,1,8,0,0,0,0,0,0,0,40,4,0,0,0,0,0,0,0,40
8278,2,"8278-2",2,1,3,NA,NA,NA,NA,NA,NA,NA,3,2,1,34.482904836,0,9,0,2,2,2417,2440,2440,2417,48,33,1,18,0,1,8,0,0,0,0,0,0,0,40,4,0,0,0,0,0,0,0,40
8284,1,"8284-1",2,1,2,NA,NA,NA,NA,NA,NA,NA,1,1,1,18.155340513,0,9,9,2,2,2660,2679,2660,2679,17,12,0,8,45,5,5,0,0,0,0,0,0,0,65,67,0,0,0,0,0,0,0,67
8284,2,"8284-2",2,1,2,NA,NA,NA,NA,NA,NA,NA,1,1,1,18.155340513,0,9,0,2,2,2679,2660,2660,2679,28,17,1,8,45,5,5,0,0,0,0,0,0,0,65,67,0,0,0,0,0,0,0,67
8284,3,"8284-3",2,1,2,NA,NA,NA,NA,NA,NA,NA,1,2,2,18.155340513,1,7,6,2,2,2660,2686,2660,2687,29,28,0,16,50,5,5,0,0,0,0,0,0,0,65,67,0,0,0,0,0,0,0,67
8284,4,"8284-4",2,1,2,NA,NA,NA,NA,NA,NA,NA,1,2,2,18.155340513,0,7,7,2,2,2686,2687,2660,2687,31,29,0,16,50,5,5,0,0,0,0,0,0,0,65,67,0,0,0,0,0,0,0,67
8284,5,"8284-5",2,1,2,NA,NA,NA,NA,NA,NA,NA,1,2,2,18.155340513,1,7,6,2,2,2687,2661,2660,2687,32,31,1,16,50,5,5,0,0,0,0,0,0,0,65,67,0,0,0,0,0,0,0,67
8284,6,"8284-6",2,1,2,NA,NA,NA,NA,NA,NA,NA,1,2,2,18.155340513,0,7,0,2,2,2661,2660,2660,2687,48,32,1,16,50,5,5,0,0,0,0,0,0,0,65,67,0,0,0,0,0,0,0,67
8290,1,"8290-1",2,1,2,NA,NA,NA,NA,NA,NA,NA,1,1,1,43.785335861,0,5,5,2,2,1233,1205,1233,1205,27,26,0,15,30,4,4,0,0,0,0,0,0,0,60,61,0,0,0,0,0,0,0,61
8290,2,"8290-2",2,1,2,NA,NA,NA,NA,NA,NA,NA,1,1,1,43.785335861,1,5,8,2,2,1205,1196,1233,1205,29,27,1,15,30,4,4,0,0,0,0,0,0,0,60,61,0,0,0,0,0,0,0,61
8290,3,"8290-3",2,1,2,NA,NA,NA,NA,NA,NA,NA,1,1,1,43.785335861,0,5,0,2,2,1196,1233,1233,1205,30,29,1,15,30,4,4,0,0,0,0,0,0,0,60,61,0,0,0,0,0,0,0,61
8299,1,"8299-1",2,1,2,NA,NA,NA,NA,NA,NA,NA,1,2,1,26.103550725,0,5,5,2,2,2660,1837,2660,1837,36,31,0,18,15,1,1,0,0,0,0,0,0,0,41,45,0,0,0,0,0,0,0,45
8299,2,"8299-2",2,1,2,NA,NA,NA,NA,NA,NA,NA,1,2,1,26.103550725,0,5,0,2,2,1837,2660,2660,1837,48,36,1,18,15,1,1,0,0,0,0,0,0,0,41,45,0,0,0,0,0,0,0,45
8302,1,"8302-1",2,1,2,NA,NA,NA,NA,NA,NA,NA,1,1,1,110.5320597,1,6,6,2,2,1322,1384,1322,1331,17,16,0,10,35,4,2,0,0,0,0,0,0,0,58,25,0,0,0,0,0,0,0,58
8302,2,"8302-2",2,1,2,NA,NA,NA,NA,NA,NA,NA,1,1,1,110.5320597,0,6,6,2,2,1384,1331,1322,1331,21,17,0,10,35,4,2,0,0,0,0,0,0,0,58,25,0,0,0,0,0,0,0,58
8302,3,"8302-3",2,1,2,NA,NA,NA,NA,NA,NA,NA,1,1,1,110.5320597,0,6,0,2,2,1331,1322,1322,1331,48,21,1,10,35,4,2,0,0,0,0,0,0,0,58,25,0,0,0,0,0,0,0,58
8321,1,"8321-1",2,1,2,NA,NA,NA,NA,NA,NA,NA,1,1,0,43.0226794,0,NA,5,3,NA,2673,2626,NA,NA,19,18,0,NA,NA,4,4,0,0,0,0,0,0,0,52,63,0,0,0,0,0,0,0,63
8321,2,"8321-2",2,1,2,NA,NA,NA,NA,NA,NA,NA,1,1,0,43.0226794,1,NA,5,3,NA,2626,2654,NA,NA,22,19,1,NA,NA,4,4,0,0,0,0,0,0,0,52,63,0,0,0,0,0,0,0,63
8321,3,"8321-3",2,1,2,NA,NA,NA,NA,NA,NA,NA,1,1,0,43.0226794,0,NA,0,3,NA,2654,2673,NA,NA,31,22,1,NA,NA,4,4,0,0,0,0,0,0,0,52,63,0,0,0,0,0,0,0,63
8323,1,"8323-1",2,3,4,NA,NA,NA,NA,NA,NA,NA,2,1,1,665.7544136,0,3,3,9,9,675,675,675,675,26,11,0,8,6,7,7,0,0,0,0,0,0,0,10,6,0,0,0,0,0,0,0,10
8323,2,"8323-2",2,3,4,NA,NA,NA,NA,NA,NA,NA,2,1,1,665.7544136,0,3,0,9,9,675,675,675,675,48,26,1,8,6,7,7,0,0,0,0,0,0,0,10,6,0,0,0,0,0,0,0,10
8324,1,"8324-1",2,1,2,NA,NA,NA,NA,NA,NA,NA,1,1,1,120.2939668,1,6,7,2,2,9999,9999,9999,9999,15,13,0,9,10,5,5,0,0,0,0,0,0,0,67,69,0,0,0,0,0,0,0,69
8324,2,"8324-2",2,1,2,NA,NA,NA,NA,NA,NA,NA,1,1,1,120.2939668,1,6,6,2,2,9999,9999,9999,9999,17,15,0,9,10,5,5,0,0,0,0,0,0,0,67,69,0,0,0,0,0,0,0,69
8324,3,"8324-3",2,1,2,NA,NA,NA,NA,NA,NA,NA,1,1,1,120.2939668,0,6,6,2,2,9999,9999,9999,9999,22,17,0,9,10,5,5,0,0,0,0,0,0,0,67,69,0,0,0,0,0,0,0,69
8324,4,"8324-4",2,1,2,NA,NA,NA,NA,NA,NA,NA,1,1,1,120.2939668,1,6,7,2,2,9999,9999,9999,9999,23,22,1,9,10,5,5,0,0,0,0,0,0,0,67,69,0,0,0,0,0,0,0,69
8324,5,"8324-5",2,1,2,NA,NA,NA,NA,NA,NA,NA,1,1,1,120.2939668,0,6,0,2,2,9999,796,9999,9999,48,23,1,9,10,5,5,0,0,0,0,0,0,0,67,69,0,0,0,0,0,0,0,69
8329,1,"8329-1",4,2,3,4,5,NA,NA,NA,NA,NA,3,1,1,81.0476351,0,9,9,3,3,1604,1572,1604,1572,18,13,0,9,0,4,8,8,8,0,0,0,0,0,37,5,5,1,0,0,0,0,0,37
8329,2,"8329-2",4,2,3,4,5,NA,NA,NA,NA,NA,3,1,1,81.0476351,0,9,0,3,3,1572,1604,1604,1572,48,18,1,9,0,4,8,8,8,0,0,0,0,0,37,5,5,1,0,0,0,0,0,37
8332,1,"8332-1",2,1,2,NA,NA,NA,NA,NA,NA,NA,1,2,1,156.40321284,1,5,7,2,2,471,461,471,551,31,29,0,17,25,1,3,0,0,0,0,0,0,0,27,27,0,0,0,0,0,0,0,27
8332,2,"8332-2",2,1,2,NA,NA,NA,NA,NA,NA,NA,1,2,1,156.40321284,1,5,5,2,2,461,459,471,551,32,31,0,17,25,1,3,0,0,0,0,0,0,0,27,27,0,0,0,0,0,0,0,27
8332,3,"8332-3",2,1,2,NA,NA,NA,NA,NA,NA,NA,1,2,1,156.40321284,0,5,5,2,2,459,551,471,551,34,32,0,17,25,1,3,0,0,0,0,0,0,0,27,27,0,0,0,0,0,0,0,27
8332,4,"8332-4",2,1,2,NA,NA,NA,NA,NA,NA,NA,1,2,1,156.40321284,1,5,5,2,2,551,471,471,551,34,34,1,17,25,1,3,0,0,0,0,0,0,0,27,27,0,0,0,0,0,0,0,27
8332,5,"8332-5",2,1,2,NA,NA,NA,NA,NA,NA,NA,1,2,1,156.40321284,0,5,0,2,2,471,471,471,551,48,34,1,17,25,1,3,0,0,0,0,0,0,0,27,27,0,0,0,0,0,0,0,27
8334,1,"8334-1",2,1,2,NA,NA,NA,NA,NA,NA,NA,1,1,1,97.6815977,0,6,6,2,2,80,981,80,981,13,11,0,8,5,4,5,0,0,0,0,0,0,0,52,73,0,0,0,0,0,0,0,73
8334,2,"8334-2",2,1,2,NA,NA,NA,NA,NA,NA,NA,1,1,1,97.6815977,1,6,5,2,2,981,392,80,981,14,13,1,8,5,4,5,0,0,0,0,0,0,0,52,73,0,0,0,0,0,0,0,73
8334,3,"8334-3",2,1,2,NA,NA,NA,NA,NA,NA,NA,1,1,1,97.6815977,0,6,0,2,2,392,80,80,981,34,14,1,8,5,4,5,0,0,0,0,0,0,0,52,73,0,0,0,0,0,0,0,73
8337,4,"8337-4",2,1,6,NA,NA,NA,NA,NA,NA,NA,3,2,1,15.796598352,0,2,2,2,2,2504,2498,2504,2498,17,14,0,9,50,3,8,0,0,0,0,0,0,0,40,2,0,0,0,0,0,0,0,40
8337,5,"8337-5",2,1,6,NA,NA,NA,NA,NA,NA,NA,3,2,1,15.796598352,1,2,5,2,2,2498,9999,2504,2498,20,17,1,9,50,3,8,0,0,0,0,0,0,0,40,2,0,0,0,0,0,0,0,40
8337,6,"8337-6",2,1,6,NA,NA,NA,NA,NA,NA,NA,3,2,1,15.796598352,0,2,0,2,2,9999,2504,2504,2498,48,20,1,9,50,3,8,0,0,0,0,0,0,0,40,2,0,0,0,0,0,0,0,40
8340,1,"8340-1",2,3,4,NA,NA,NA,NA,NA,NA,NA,2,1,0,62.8419572,0,NA,3,9,NA,1178,1186,NA,NA,27,11,0,NA,NA,7,8,0,0,0,0,0,0,0,6,5,0,0,0,0,0,0,0,6
8340,2,"8340-2",2,3,4,NA,NA,NA,NA,NA,NA,NA,2,1,0,62.8419572,0,NA,0,9,NA,1186,1178,NA,NA,48,27,1,NA,NA,7,8,0,0,0,0,0,0,0,6,5,0,0,0,0,0,0,0,6
8347,1,"8347-1",3,1,3,4,NA,NA,NA,NA,NA,NA,3,1,1,157.3534168,0,4,4,3,3,1625,1631,1625,1631,13,12,0,8,45,4,8,8,0,0,0,0,0,0,33,4,2,0,0,0,0,0,0,33
8347,2,"8347-2",3,1,3,4,NA,NA,NA,NA,NA,NA,3,1,1,157.3534168,0,4,0,3,3,1631,1625,1625,1631,18,13,1,8,45,4,8,8,0,0,0,0,0,0,33,4,2,0,0,0,0,0,0,33
8348,1,"8348-1",2,1,2,NA,NA,NA,NA,NA,NA,NA,1,2,1,11.373027518,0,7,7,2,2,2712,2721,2712,2721,21,18,0,11,45,5,5,0,0,0,0,0,0,0,66,65,0,0,0,0,0,0,0,66
8348,2,"8348-2",2,1,2,NA,NA,NA,NA,NA,NA,NA,1,2,1,11.373027518,0,7,0,2,2,2721,2712,2712,2721,22,21,1,11,45,5,5,0,0,0,0,0,0,0,66,65,0,0,0,0,0,0,0,66
8348,3,"8348-3",2,1,2,NA,NA,NA,NA,NA,NA,NA,1,3,2,11.373027518,1,9,9,2,5,2712,2688,2712,2688,23,22,0,13,35,5,5,0,0,0,0,0,0,0,66,65,0,0,0,0,0,0,0,66
8348,4,"8348-4",2,1,2,NA,NA,NA,NA,NA,NA,NA,1,3,2,11.373027518,0,9,9,5,5,2688,2688,2712,2688,25,23,0,13,35,5,5,0,0,0,0,0,0,0,66,65,0,0,0,0,0,0,0,66
8348,5,"8348-5",2,1,2,NA,NA,NA,NA,NA,NA,NA,1,3,2,11.373027518,0,9,0,2,5,2688,2712,2712,2688,48,25,1,13,35,5,5,0,0,0,0,0,0,0,66,65,0,0,0,0,0,0,0,66
8357,1,"8357-1",2,1,2,NA,NA,NA,NA,NA,NA,NA,1,2,1,28.706259184,0,7,7,2,2,1540,1531,1540,1531,26,23,0,14,0,5,5,0,0,0,0,0,0,0,70,69,0,0,0,0,0,0,0,70
8357,2,"8357-2",2,1,2,NA,NA,NA,NA,NA,NA,NA,1,2,1,28.706259184,1,7,5,2,2,1531,1534,1540,1531,27,26,1,14,0,5,5,0,0,0,0,0,0,0,70,69,0,0,0,0,0,0,0,70
8357,3,"8357-3",2,1,2,NA,NA,NA,NA,NA,NA,NA,1,2,1,28.706259184,0,7,0,2,2,1534,1540,1540,1531,48,27,1,14,0,5,5,0,0,0,0,0,0,0,70,69,0,0,0,0,0,0,0,70
8359,1,"8359-1",2,1,2,NA,NA,NA,NA,NA,NA,NA,1,2,1,45.99165795,0,6,6,3,3,1392,1208,1392,1208,29,23,0,14,20,2,2,0,0,0,0,0,0,0,56,64,0,0,0,0,0,0,0,64
8359,2,"8359-2",2,1,2,NA,NA,NA,NA,NA,NA,NA,1,2,1,45.99165795,1,6,4,3,3,1208,1721,1392,1208,30,29,1,14,20,2,2,0,0,0,0,0,0,0,56,64,0,0,0,0,0,0,0,64
8359,3,"8359-3",2,1,2,NA,NA,NA,NA,NA,NA,NA,1,2,1,45.99165795,0,6,0,2,3,1721,1392,1392,1208,32,30,1,14,20,2,2,0,0,0,0,0,0,0,56,64,0,0,0,0,0,0,0,64
8359,4,"8359-4",2,1,2,NA,NA,NA,NA,NA,NA,NA,1,3,2,45.99165795,0,1,1,2,2,1392,1384,1392,1384,38,32,0,18,35,2,2,0,0,0,0,0,0,0,56,64,0,0,0,0,0,0,0,64
8359,5,"8359-5",2,1,2,NA,NA,NA,NA,NA,NA,NA,1,3,2,45.99165795,0,1,0,2,2,1384,1392,1392,1384,48,38,1,18,35,2,2,0,0,0,0,0,0,0,56,64,0,0,0,0,0,0,0,64
8363,6,"8363-6",2,1,3,NA,NA,NA,NA,NA,NA,NA,3,2,1,80.01390986,0,9,9,2,2,1391,1391,1391,1391,33,31,0,18,0,1,7,0,0,0,0,0,0,0,43,14,0,0,0,0,0,0,0,43
8363,7,"8363-7",2,1,3,NA,NA,NA,NA,NA,NA,NA,3,2,1,80.01390986,0,9,0,2,2,1391,1391,1391,1391,48,33,1,18,0,1,7,0,0,0,0,0,0,0,43,14,0,0,0,0,0,0,0,43
8365,1,"8365-1",2,1,2,NA,NA,NA,NA,NA,NA,NA,1,2,1,29.500685192,0,5,5,2,2,1111,801,1111,801,23,21,0,13,0,5,5,0,0,0,0,0,0,0,70,71,0,0,0,0,0,0,0,71
8365,2,"8365-2",2,1,2,NA,NA,NA,NA,NA,NA,NA,1,2,1,29.500685192,1,5,4,2,2,801,1093,1111,801,26,23,1,13,0,5,5,0,0,0,0,0,0,0,70,71,0,0,0,0,0,0,0,71
8365,3,"8365-3",2,1,2,NA,NA,NA,NA,NA,NA,NA,1,2,1,29.500685192,0,5,0,2,2,1093,1111,1111,801,31,26,1,13,0,5,5,0,0,0,0,0,0,0,70,71,0,0,0,0,0,0,0,71
8365,4,"8365-4",2,1,2,NA,NA,NA,NA,NA,NA,NA,1,3,2,29.500685192,0,7,7,2,2,1111,1097,1111,1097,34,31,0,18,0,5,5,0,0,0,0,0,0,0,70,71,0,0,0,0,0,0,0,71
8365,5,"8365-5",2,1,2,NA,NA,NA,NA,NA,NA,NA,1,3,2,29.500685192,0,7,0,2,2,1097,1111,1111,1097,48,34,1,18,0,5,5,0,0,0,0,0,0,0,70,71,0,0,0,0,0,0,0,71
8366,1,"8366-1",2,1,2,NA,NA,NA,NA,NA,NA,NA,1,2,1,37.820104,0,8,8,2,2,1812,1700,1812,1700,30,29,0,17,10,5,4,0,0,0,0,0,0,0,74,60,0,0,0,0,0,0,0,74
8366,2,"8366-2",2,1,2,NA,NA,NA,NA,NA,NA,NA,1,2,1,37.820104,0,8,0,2,2,1700,1812,1812,1700,48,30,1,17,10,5,4,0,0,0,0,0,0,0,74,60,0,0,0,0,0,0,0,74
8373,4,"8373-4",3,1,2,3,NA,NA,NA,NA,NA,NA,3,2,1,44.3957505,0,7,7,3,3,2452,2494,2452,2494,32,30,0,17,58,1,1,8,0,0,0,0,0,0,28,31,0,0,0,0,0,0,0,31
8373,5,"8373-5",3,1,2,3,NA,NA,NA,NA,NA,NA,3,2,1,44.3957505,0,7,0,3,3,2494,2452,2452,2494,48,32,1,17,58,1,1,8,0,0,0,0,0,0,28,31,0,0,0,0,0,0,0,31
8374,2,"8374-2",4,1,2,3,4,NA,NA,NA,NA,NA,3,2,1,69.199756848,0,5,5,3,3,1185,1154,1185,1154,35,32,0,18,30,1,1,7,8,0,0,0,0,0,36,39,12,3,0,0,0,0,0,39
8374,3,"8374-3",4,1,2,3,4,NA,NA,NA,NA,NA,3,2,1,69.199756848,0,5,0,3,3,1154,1185,1185,1154,48,35,1,18,30,1,1,7,8,0,0,0,0,0,36,39,12,3,0,0,0,0,0,39
8377,1,"8377-1",2,1,2,NA,NA,NA,NA,NA,NA,NA,1,1,1,160.672524195,1,9,6,2,2,666,632,666,567,15,14,0,9,55,5,5,0,0,0,0,0,0,0,68,69,0,0,0,0,0,0,0,69
8377,2,"8377-2",2,1,2,NA,NA,NA,NA,NA,NA,NA,1,1,1,160.672524195,0,9,9,2,2,632,567,666,567,18,15,0,9,55,5,5,0,0,0,0,0,0,0,68,69,0,0,0,0,0,0,0,69
8377,3,"8377-3",2,1,2,NA,NA,NA,NA,NA,NA,NA,1,1,1,160.672524195,1,9,9,2,2,567,669,666,567,21,18,1,9,55,5,5,0,0,0,0,0,0,0,68,69,0,0,0,0,0,0,0,69
8377,4,"8377-4",2,1,2,NA,NA,NA,NA,NA,NA,NA,1,1,1,160.672524195,1,9,8,2,2,669,637,666,567,24,21,1,9,55,5,5,0,0,0,0,0,0,0,68,69,0,0,0,0,0,0,0,69
8377,5,"8377-5",2,1,2,NA,NA,NA,NA,NA,NA,NA,1,1,1,160.672524195,0,9,0,2,2,637,666,666,567,48,24,1,9,55,5,5,0,0,0,0,0,0,0,68,69,0,0,0,0,0,0,0,69
8388,1,"8388-1",2,1,2,NA,NA,NA,NA,NA,NA,NA,1,1,1,28.706259184,1,5,6,2,2,1383,1376,1383,1200,19,18,0,11,30,5,5,0,0,0,0,0,0,0,65,67,0,0,0,0,0,0,0,67
8388,2,"8388-2",2,1,2,NA,NA,NA,NA,NA,NA,NA,1,1,1,28.706259184,0,5,5,2,2,1376,1200,1383,1200,21,19,0,11,30,5,5,0,0,0,0,0,0,0,65,67,0,0,0,0,0,0,0,67
8388,3,"8388-3",2,1,2,NA,NA,NA,NA,NA,NA,NA,1,1,1,28.706259184,0,5,0,2,2,1200,1383,1383,1200,48,21,1,11,30,5,5,0,0,0,0,0,0,0,65,67,0,0,0,0,0,0,0,67
8402,1,"8402-1",2,1,2,NA,NA,NA,NA,NA,NA,NA,1,1,1,241.409532368,0,6,6,2,2,1097,1220,1097,1220,16,12,0,8,39,5,5,0,0,0,0,0,0,0,72,75,0,0,0,0,0,0,0,75
8402,2,"8402-2",2,1,2,NA,NA,NA,NA,NA,NA,NA,1,1,1,241.409532368,0,6,0,2,2,1220,1097,1097,1220,48,16,1,8,39,5,5,0,0,0,0,0,0,0,72,75,0,0,0,0,0,0,0,75
8405,2,"8405-2",2,1,2,NA,NA,NA,NA,NA,NA,NA,1,2,1,71.652736696,0,6,6,2,2,1097,1608,1097,1608,17,14,0,9,30,1,4,0,0,0,0,0,0,0,50,51,0,0,0,0,0,0,0,51
8405,3,"8405-3",2,1,2,NA,NA,NA,NA,NA,NA,NA,1,2,1,71.652736696,0,6,0,2,2,1608,1097,1097,1608,22,17,1,9,30,1,4,0,0,0,0,0,0,0,50,51,0,0,0,0,0,0,0,51
8411,1,"8411-1",2,1,2,NA,NA,NA,NA,NA,NA,NA,1,1,1,14.617891573,0,5,5,2,2,2739,2741,2739,2741,30,27,0,16,16,5,5,0,0,0,0,0,0,0,70,71,0,0,0,0,0,0,0,71
8411,2,"8411-2",2,1,2,NA,NA,NA,NA,NA,NA,NA,1,1,1,14.617891573,0,5,0,2,2,2741,2739,2739,2741,48,30,1,16,16,5,5,0,0,0,0,0,0,0,70,71,0,0,0,0,0,0,0,71
8412,4,"8412-4",2,1,2,NA,NA,NA,NA,NA,NA,NA,1,2,1,114.0149759,1,6,6,2,2,117,140,117,107,27,26,0,15,57,5,5,0,0,0,0,0,0,0,67,79,0,0,0,0,0,0,0,79
8412,5,"8412-5",2,1,2,NA,NA,NA,NA,NA,NA,NA,1,2,1,114.0149759,0,6,6,2,2,140,107,117,107,28,27,0,15,57,5,5,0,0,0,0,0,0,0,67,79,0,0,0,0,0,0,0,79
8412,6,"8412-6",2,1,2,NA,NA,NA,NA,NA,NA,NA,1,2,1,114.0149759,0,6,0,2,2,107,117,117,107,31,28,1,15,57,5,5,0,0,0,0,0,0,0,67,79,0,0,0,0,0,0,0,79
8419,1,"8419-1",2,1,2,NA,NA,NA,NA,NA,NA,NA,1,2,1,101.08320537,1,9,8,2,2,1181,592,1181,682,24,19,0,12,11,2,4,0,0,0,0,0,0,0,22,40,0,0,0,0,0,0,0,40
8419,2,"8419-2",2,1,2,NA,NA,NA,NA,NA,NA,NA,1,2,1,101.08320537,0,9,9,2,2,592,682,1181,682,27,24,0,12,11,2,4,0,0,0,0,0,0,0,22,40,0,0,0,0,0,0,0,40
8419,3,"8419-3",2,1,2,NA,NA,NA,NA,NA,NA,NA,1,2,1,101.08320537,0,9,0,2,2,682,1181,1181,682,48,27,1,12,11,2,4,0,0,0,0,0,0,0,22,40,0,0,0,0,0,0,0,40
8435,1,"8435-1",3,1,3,4,NA,NA,NA,NA,NA,NA,3,1,1,71.7007935,0,5,5,3,3,1877,1884,1877,1884,13,11,0,8,8,4,8,8,0,0,0,0,0,0,29,2,0,0,0,0,0,0,0,29
8435,2,"8435-2",3,1,3,4,NA,NA,NA,NA,NA,NA,3,1,1,71.7007935,0,5,0,3,3,1884,1877,1877,1884,23,13,1,8,8,4,8,8,0,0,0,0,0,0,29,2,0,0,0,0,0,0,0,29
8438,1,"8438-1",2,1,2,NA,NA,NA,NA,NA,NA,NA,1,1,1,108.4449912,0,6,6,2,2,1202,1000,1202,1000,20,16,0,10,45,1,5,0,0,0,0,0,0,0,70,70,0,0,0,0,0,0,0,70
8438,2,"8438-2",2,1,2,NA,NA,NA,NA,NA,NA,NA,1,1,1,108.4449912,0,6,0,2,2,1000,1202,1202,1000,48,20,1,10,45,1,5,0,0,0,0,0,0,0,70,70,0,0,0,0,0,0,0,70
8440,1,"8440-1",2,1,2,NA,NA,NA,NA,NA,NA,NA,1,3,1,28.706259184,1,8,7,2,2,1111,832,1111,822,29,28,0,16,45,5,5,0,0,0,0,0,0,0,72,70,0,0,0,0,0,0,0,72
8440,2,"8440-2",2,1,2,NA,NA,NA,NA,NA,NA,NA,1,3,1,28.706259184,0,8,8,2,2,832,822,1111,822,38,29,0,16,45,5,5,0,0,0,0,0,0,0,72,70,0,0,0,0,0,0,0,72
8440,3,"8440-3",2,1,2,NA,NA,NA,NA,NA,NA,NA,1,3,1,28.706259184,0,8,0,2,2,822,1111,1111,822,48,38,1,16,45,5,5,0,0,0,0,0,0,0,72,70,0,0,0,0,0,0,0,72
8445,1,"8445-1",3,1,3,4,NA,NA,NA,NA,NA,NA,3,1,1,166.664770276,0,8,8,3,3,867,884,867,884,31,30,0,17,30,2,7,8,0,0,0,0,0,0,30,10,0,0,0,0,0,0,0,30
8445,2,"8445-2",3,1,3,4,NA,NA,NA,NA,NA,NA,3,1,1,166.664770276,0,8,0,3,3,884,867,867,884,48,31,1,17,30,2,7,8,0,0,0,0,0,0,30,10,0,0,0,0,0,0,0,30
8449,1,"8449-1",2,1,2,NA,NA,NA,NA,NA,NA,NA,1,1,1,10.10481775,0,8,8,2,2,2504,2498,2504,2498,16,12,0,8,35,5,5,0,0,0,0,0,0,0,74,71,0,0,0,0,0,0,0,74
8449,2,"8449-2",2,1,2,NA,NA,NA,NA,NA,NA,NA,1,1,1,10.10481775,0,8,0,2,2,2498,2504,2504,2498,17,16,1,8,35,5,5,0,0,0,0,0,0,0,74,71,0,0,0,0,0,0,0,74
8449,3,"8449-3",2,1,2,NA,NA,NA,NA,NA,NA,NA,1,4,2,10.10481775,0,5,5,2,2,2504,9999,2504,9999,32,28,0,16,45,5,5,0,0,0,0,0,0,0,74,71,0,0,0,0,0,0,0,74
8449,4,"8449-4",2,1,2,NA,NA,NA,NA,NA,NA,NA,1,4,2,10.10481775,0,5,0,2,2,9999,2504,2504,9999,48,32,1,16,45,5,5,0,0,0,0,0,0,0,74,71,0,0,0,0,0,0,0,74
8451,5,"8451-5",2,1,3,NA,NA,NA,NA,NA,NA,NA,1,2,3,63.83575128,0,6,6,2,2,1131,1094,1131,1094,27,26,0,15,40,1,1,0,0,0,0,0,0,0,69,41,0,0,0,0,0,0,0,69
8451,6,"8451-6",2,1,3,NA,NA,NA,NA,NA,NA,NA,1,2,3,63.83575128,0,6,0,2,2,1094,1131,1131,1094,31,27,1,15,40,1,1,0,0,0,0,0,0,0,69,41,0,0,0,0,0,0,0,69
8451,7,"8451-7",2,1,3,NA,NA,NA,NA,NA,NA,NA,1,3,4,63.83575128,0,9,9,2,2,1131,1094,1131,1094,34,31,0,18,8,1,1,0,0,0,0,0,0,0,69,41,0,0,0,0,0,0,0,69
8451,8,"8451-8",2,1,3,NA,NA,NA,NA,NA,NA,NA,1,3,4,63.83575128,1,9,5,2,2,1094,1133,1131,1094,34,34,1,18,8,1,1,0,0,0,0,0,0,0,69,41,0,0,0,0,0,0,0,69
8451,9,"8451-9",2,1,3,NA,NA,NA,NA,NA,NA,NA,1,3,4,63.83575128,0,9,0,2,2,1133,1131,1131,1094,48,34,1,18,8,1,1,0,0,0,0,0,0,0,69,41,0,0,0,0,0,0,0,69
8451,1,"8451-1",2,2,3,NA,NA,NA,NA,NA,NA,NA,1,1,1,112.57622896,0,6,6,2,2,1131,1081,1131,1081,18,14,0,9,40,5,1,0,0,0,0,0,0,0,66,41,0,0,0,0,0,0,0,66
8451,2,"8451-2",2,2,3,NA,NA,NA,NA,NA,NA,NA,1,1,1,112.57622896,0,6,0,2,2,1081,1131,1131,1081,20,18,1,9,40,5,1,0,0,0,0,0,0,0,66,41,0,0,0,0,0,0,0,66
8451,3,"8451-3",2,2,3,NA,NA,NA,NA,NA,NA,NA,1,2,2,112.57622896,0,6,6,2,2,1131,1609,1131,1609,21,20,0,12,30,5,1,0,0,0,0,0,0,0,66,41,0,0,0,0,0,0,0,66
8451,4,"8451-4",2,2,3,NA,NA,NA,NA,NA,NA,NA,1,2,2,112.57622896,0,6,0,2,2,1609,1131,1131,1609,25,21,1,12,30,5,1,0,0,0,0,0,0,0,66,41,0,0,0,0,0,0,0,66
8454,5,"8454-5",2,1,2,NA,NA,NA,NA,NA,NA,NA,1,3,1,45.99165795,0,7,7,2,2,1338,1448,1338,1448,35,32,0,18,34,2,1,0,0,0,0,0,0,0,58,59,0,0,0,0,0,0,0,59
8454,6,"8454-6",2,1,2,NA,NA,NA,NA,NA,NA,NA,1,3,1,45.99165795,1,7,5,2,2,1448,1478,1338,1448,36,35,1,18,34,2,1,0,0,0,0,0,0,0,58,59,0,0,0,0,0,0,0,59
8454,7,"8454-7",2,1,2,NA,NA,NA,NA,NA,NA,NA,1,3,1,45.99165795,0,7,0,2,2,1478,1338,1338,1448,48,36,1,18,34,2,1,0,0,0,0,0,0,0,58,59,0,0,0,0,0,0,0,59
8460,1,"8460-1",2,1,2,NA,NA,NA,NA,NA,NA,NA,1,1,1,20.672819055,0,9,9,2,2,2754,2786,2754,2786,36,32,0,18,45,1,4,0,0,0,0,0,0,0,40,40,0,0,0,0,0,0,0,40
8460,2,"8460-2",2,1,2,NA,NA,NA,NA,NA,NA,NA,1,1,1,20.672819055,0,9,0,2,2,2786,2754,2754,2786,48,36,1,18,45,1,4,0,0,0,0,0,0,0,40,40,0,0,0,0,0,0,0,40
8464,1,"8464-1",2,1,2,NA,NA,NA,NA,NA,NA,NA,1,2,1,28.706259184,0,6,6,2,2,1425,1231,1425,1231,22,19,0,12,15,5,5,0,0,0,0,0,0,0,74,70,0,0,0,0,0,0,0,74
8464,2,"8464-2",2,1,2,NA,NA,NA,NA,NA,NA,NA,1,2,1,28.706259184,1,6,6,2,2,1231,1176,1425,1231,24,22,1,12,15,5,5,0,0,0,0,0,0,0,74,70,0,0,0,0,0,0,0,74
8464,3,"8464-3",2,1,2,NA,NA,NA,NA,NA,NA,NA,1,2,1,28.706259184,0,6,0,2,2,1176,1425,1425,1231,24,24,1,12,15,5,5,0,0,0,0,0,0,0,74,70,0,0,0,0,0,0,0,74
8469,1,"8469-1",2,1,2,NA,NA,NA,NA,NA,NA,NA,1,2,1,11.42779653,0,7,7,2,2,2504,2508,2504,2508,21,19,0,12,18,5,5,0,0,0,0,0,0,0,65,74,0,0,0,0,0,0,0,74
8469,2,"8469-2",2,1,2,NA,NA,NA,NA,NA,NA,NA,1,2,1,11.42779653,0,7,0,2,2,2508,2504,2504,2508,32,21,1,12,18,5,5,0,0,0,0,0,0,0,65,74,0,0,0,0,0,0,0,74
8485,1,"8485-1",2,1,2,NA,NA,NA,NA,NA,NA,NA,1,2,1,117.74945364,0,7,7,2,2,820,843,820,843,29,26,0,15,50,1,4,0,0,0,0,0,0,0,54,52,0,0,0,0,0,0,0,54
8485,2,"8485-2",2,1,2,NA,NA,NA,NA,NA,NA,NA,1,2,1,117.74945364,0,7,0,2,2,843,820,820,843,48,29,1,15,50,1,4,0,0,0,0,0,0,0,54,52,0,0,0,0,0,0,0,54
8488,1,"8488-1",2,1,2,NA,NA,NA,NA,NA,NA,NA,1,3,1,73.4415439,0,7,7,2,2,497,515,497,515,34,32,0,18,30,5,5,0,0,0,0,0,0,0,72,76,0,0,0,0,0,0,0,76
8488,2,"8488-2",2,1,2,NA,NA,NA,NA,NA,NA,NA,1,3,1,73.4415439,1,7,8,2,2,515,540,497,515,35,34,1,18,30,5,5,0,0,0,0,0,0,0,72,76,0,0,0,0,0,0,0,76
8488,3,"8488-3",2,1,2,NA,NA,NA,NA,NA,NA,NA,1,3,1,73.4415439,0,7,0,2,2,540,497,497,515,48,35,1,18,30,5,5,0,0,0,0,0,0,0,72,76,0,0,0,0,0,0,0,76
8507,1,"8507-1",2,1,2,NA,NA,NA,NA,NA,NA,NA,1,1,1,136.7893688,0,5,5,2,2,1819,1764,1819,1764,24,23,0,14,0,3,4,0,0,0,0,0,0,0,35,54,0,0,0,0,0,0,0,54
8507,2,"8507-2",2,1,2,NA,NA,NA,NA,NA,NA,NA,1,1,1,136.7893688,0,5,0,2,2,1764,1819,1819,1764,48,24,1,14,0,3,4,0,0,0,0,0,0,0,35,54,0,0,0,0,0,0,0,54
8511,1,"8511-1",2,1,2,NA,NA,NA,NA,NA,NA,NA,1,2,1,56.506576875,0,5,5,2,2,1131,943,1131,943,36,33,0,19,15,1,1,0,0,0,0,0,0,0,50,50,0,0,0,0,0,0,0,50
8511,2,"8511-2",2,1,2,NA,NA,NA,NA,NA,NA,NA,1,2,1,56.506576875,1,5,7,2,2,943,1566,1131,943,37,36,1,19,15,1,1,0,0,0,0,0,0,0,50,50,0,0,0,0,0,0,0,50
8511,3,"8511-3",2,1,2,NA,NA,NA,NA,NA,NA,NA,1,2,1,56.506576875,0,5,0,2,2,1566,1131,1131,943,48,37,1,19,15,1,1,0,0,0,0,0,0,0,50,50,0,0,0,0,0,0,0,50
8514,1,"8514-1",2,2,3,NA,NA,NA,NA,NA,NA,NA,3,1,1,27.8740721,0,5,5,3,3,2739,2722,2739,2722,18,16,0,10,34,4,8,0,0,0,0,0,0,0,30,2,0,0,0,0,0,0,0,30
8514,2,"8514-2",2,2,3,NA,NA,NA,NA,NA,NA,NA,3,1,1,27.8740721,0,5,0,3,3,2722,2739,2739,2722,48,18,1,10,34,4,8,0,0,0,0,0,0,0,30,2,0,0,0,0,0,0,0,30
8518,1,"8518-1",2,1,2,NA,NA,NA,NA,NA,NA,NA,1,2,1,104.578043325,0,7,7,2,2,975,999,975,999,32,30,0,17,48,1,1,0,0,0,0,0,0,0,58,60,0,0,0,0,0,0,0,60
8518,2,"8518-2",2,1,2,NA,NA,NA,NA,NA,NA,NA,1,2,1,104.578043325,0,7,0,2,2,999,975,975,999,34,32,1,17,48,1,1,0,0,0,0,0,0,0,58,60,0,0,0,0,0,0,0,60
8527,1,"8527-1",2,1,2,NA,NA,NA,NA,NA,NA,NA,1,3,1,53.301824376,0,9,9,4,4,1466,1466,1466,1466,35,35,0,20,15,2,1,0,0,0,0,0,0,0,51,52,0,0,0,0,0,0,0,52
8527,2,"8527-2",2,1,2,NA,NA,NA,NA,NA,NA,NA,1,3,1,53.301824376,0,9,0,4,4,1466,1466,1466,1466,48,35,1,20,15,2,1,0,0,0,0,0,0,0,51,52,0,0,0,0,0,0,0,52
8535,2,"8535-2",2,1,2,NA,NA,NA,NA,NA,NA,NA,1,2,1,681.582075,0,7,7,2,2,1130,1623,1130,1623,20,18,0,11,55,4,1,0,0,0,0,0,0,0,41,44,0,0,0,0,0,0,0,44
8535,3,"8535-3",2,1,2,NA,NA,NA,NA,NA,NA,NA,1,2,1,681.582075,0,7,0,2,2,1623,1130,1130,1623,26,20,1,11,55,4,1,0,0,0,0,0,0,0,41,44,0,0,0,0,0,0,0,44
8535,5,"8535-5",4,1,2,3,4,NA,NA,NA,NA,NA,3,4,2,681.582075,0,7,7,3,3,1130,1623,1130,1623,37,36,0,20,30,4,1,7,7,0,0,0,0,0,41,44,11,10,0,0,0,0,0,44
8535,6,"8535-6",4,1,2,3,4,NA,NA,NA,NA,NA,3,4,2,681.582075,0,7,0,3,3,1623,1130,1130,1623,48,37,1,20,30,4,1,7,7,0,0,0,0,0,41,44,11,10,0,0,0,0,0,44
8536,1,"8536-1",2,1,2,NA,NA,NA,NA,NA,NA,NA,1,1,1,108.0017365,1,5,5,2,2,1182,1164,1182,1204,18,17,0,11,29,5,4,0,0,0,0,0,0,0,80,49,0,0,0,0,0,0,0,80
8536,2,"8536-2",2,1,2,NA,NA,NA,NA,NA,NA,NA,1,1,1,108.0017365,0,5,5,2,2,1164,1204,1182,1204,20,18,0,11,29,5,4,0,0,0,0,0,0,0,80,49,0,0,0,0,0,0,0,80
8536,3,"8536-3",2,1,2,NA,NA,NA,NA,NA,NA,NA,1,1,1,108.0017365,1,5,5,2,2,1204,1182,1182,1204,21,20,1,11,29,5,4,0,0,0,0,0,0,0,80,49,0,0,0,0,0,0,0,80
8536,4,"8536-4",2,1,2,NA,NA,NA,NA,NA,NA,NA,1,1,1,108.0017365,0,5,0,2,2,1182,1182,1182,1204,48,21,1,11,29,5,4,0,0,0,0,0,0,0,80,49,0,0,0,0,0,0,0,80
8543,1,"8543-1",2,1,2,NA,NA,NA,NA,NA,NA,NA,1,1,1,90.0127764,1,6,6,2,2,1871,1892,1871,1722,16,15,0,10,10,4,4,0,0,0,0,0,0,0,63,61,0,0,0,0,0,0,0,63
8543,2,"8543-2",2,1,2,NA,NA,NA,NA,NA,NA,NA,1,1,1,90.0127764,1,6,5,2,2,1892,1837,1871,1722,17,16,0,10,10,4,4,0,0,0,0,0,0,0,63,61,0,0,0,0,0,0,0,63
8543,3,"8543-3",2,1,2,NA,NA,NA,NA,NA,NA,NA,1,1,1,90.0127764,1,6,6,2,2,1837,1979,1871,1722,18,17,0,10,10,4,4,0,0,0,0,0,0,0,63,61,0,0,0,0,0,0,0,63
8543,4,"8543-4",2,1,2,NA,NA,NA,NA,NA,NA,NA,1,1,1,90.0127764,0,6,6,2,2,1979,1722,1871,1722,20,18,0,10,10,4,4,0,0,0,0,0,0,0,63,61,0,0,0,0,0,0,0,63
8543,5,"8543-5",2,1,2,NA,NA,NA,NA,NA,NA,NA,1,1,1,90.0127764,0,6,0,2,2,1722,1871,1871,1722,48,20,1,10,10,4,4,0,0,0,0,0,0,0,63,61,0,0,0,0,0,0,0,63
8544,1,"8544-1",2,1,2,NA,NA,NA,NA,NA,NA,NA,1,3,1,72.1768025,0,6,6,2,2,1848,1774,1848,1774,33,31,0,18,10,3,1,0,0,0,0,0,0,0,26,35,0,0,0,0,0,0,0,35
8544,2,"8544-2",2,1,2,NA,NA,NA,NA,NA,NA,NA,1,3,1,72.1768025,0,6,0,2,2,1774,1848,1848,1774,48,33,1,18,10,3,1,0,0,0,0,0,0,0,26,35,0,0,0,0,0,0,0,35
8547,1,"8547-1",2,1,2,NA,NA,NA,NA,NA,NA,NA,1,1,1,213.1079326,0,6,6,2,2,2035,158,2035,158,28,26,0,15,36,3,1,0,0,0,0,0,0,0,60,64,0,0,0,0,0,0,0,64
8547,2,"8547-2",2,1,2,NA,NA,NA,NA,NA,NA,NA,1,1,1,213.1079326,1,6,5,2,2,158,1981,2035,158,31,28,1,15,36,3,1,0,0,0,0,0,0,0,60,64,0,0,0,0,0,0,0,64
8547,3,"8547-3",2,1,2,NA,NA,NA,NA,NA,NA,NA,1,1,1,213.1079326,0,6,0,2,2,1981,2035,2035,158,33,31,1,15,36,3,1,0,0,0,0,0,0,0,60,64,0,0,0,0,0,0,0,64
8547,4,"8547-4",3,1,2,3,NA,NA,NA,NA,NA,NA,1,2,2,213.1079326,0,5,5,3,3,2035,1981,2035,1981,36,33,0,19,7,3,1,1,0,0,0,0,0,0,60,64,25,0,0,0,0,0,0,64
8547,5,"8547-5",3,1,2,3,NA,NA,NA,NA,NA,NA,1,2,2,213.1079326,1,5,7,3,3,1981,1983,2035,1981,37,36,1,19,7,3,1,1,0,0,0,0,0,0,60,64,25,0,0,0,0,0,0,64
8547,6,"8547-6",3,1,2,3,NA,NA,NA,NA,NA,NA,1,2,2,213.1079326,0,5,0,3,3,1983,2035,2035,1981,48,37,1,19,7,3,1,1,0,0,0,0,0,0,60,64,25,0,0,0,0,0,0,64
8551,1,"8551-1",4,1,2,3,4,NA,NA,NA,NA,NA,3,1,1,134.350844112,0,9,9,3,3,1370,9999,1370,9999,35,29,0,17,6,2,1,8,8,0,0,0,0,0,27,27,2,0,0,0,0,0,0,27
8551,2,"8551-2",4,1,2,3,4,NA,NA,NA,NA,NA,3,1,1,134.350844112,1,9,7,3,3,9999,9999,1370,9999,36,35,1,17,6,2,1,8,8,0,0,0,0,0,27,27,2,0,0,0,0,0,0,27
8551,3,"8551-3",4,1,2,3,4,NA,NA,NA,NA,NA,3,1,1,134.350844112,0,9,0,3,3,9999,1370,1370,9999,48,36,1,17,6,2,1,8,8,0,0,0,0,0,27,27,2,0,0,0,0,0,0,27
8558,1,"8558-1",2,3,5,NA,NA,NA,NA,NA,NA,NA,1,1,0,39.1644825,0,NA,2,2,NA,2472,9999,NA,NA,30,10,0,NA,NA,1,3,0,0,0,0,0,0,0,22,18,0,0,0,0,0,0,0,22
8558,2,"8558-2",2,3,5,NA,NA,NA,NA,NA,NA,NA,1,1,0,39.1644825,0,NA,0,2,NA,9999,2472,NA,NA,48,30,1,NA,NA,1,3,0,0,0,0,0,0,0,22,18,0,0,0,0,0,0,0,22
8560,1,"8560-1",2,3,4,NA,NA,NA,NA,NA,NA,NA,1,1,1,65.1562084,0,5,5,2,2,1970,1976,1970,1976,19,17,0,11,0,5,5,0,0,0,0,0,0,0,72,69,0,0,0,0,0,0,0,72
8560,2,"8560-2",2,3,4,NA,NA,NA,NA,NA,NA,NA,1,1,1,65.1562084,1,5,7,2,2,1976,1971,1970,1976,19,19,1,11,0,5,5,0,0,0,0,0,0,0,72,69,0,0,0,0,0,0,0,72
8560,3,"8560-3",2,3,4,NA,NA,NA,NA,NA,NA,NA,1,1,1,65.1562084,0,5,0,2,2,1971,1970,1970,1976,48,19,1,11,0,5,5,0,0,0,0,0,0,0,72,69,0,0,0,0,0,0,0,72
8561,5,"8561-5",3,1,3,4,NA,NA,NA,NA,NA,NA,3,2,2,31.6877216,0,5,5,3,3,2572,2675,2572,2675,28,26,0,15,35,4,7,7,0,0,0,0,0,0,27,7,6,0,0,0,0,0,0,27
8561,6,"8561-6",3,1,3,4,NA,NA,NA,NA,NA,NA,3,2,2,31.6877216,1,5,5,3,3,2675,2674,2572,2675,28,28,1,15,35,4,7,7,0,0,0,0,0,0,27,7,6,0,0,0,0,0,0,27
8561,7,"8561-7",3,1,3,4,NA,NA,NA,NA,NA,NA,3,2,2,31.6877216,1,5,5,3,3,2674,2686,2572,2675,29,28,1,15,35,4,7,7,0,0,0,0,0,0,27,7,6,0,0,0,0,0,0,27
8561,8,"8561-8",3,1,3,4,NA,NA,NA,NA,NA,NA,3,2,2,31.6877216,1,5,5,3,3,2686,2686,2572,2675,29,29,1,15,35,4,7,7,0,0,0,0,0,0,27,7,6,0,0,0,0,0,0,27
8561,9,"8561-9",3,1,3,4,NA,NA,NA,NA,NA,NA,3,2,2,31.6877216,1,5,7,3,3,2686,2687,2572,2675,30,29,1,15,35,4,7,7,0,0,0,0,0,0,27,7,6,0,0,0,0,0,0,27
8561,10,"8561-10",3,1,3,4,NA,NA,NA,NA,NA,NA,3,2,2,31.6877216,0,5,0,3,3,2687,2572,2572,2675,48,30,1,15,35,4,7,7,0,0,0,0,0,0,27,7,6,0,0,0,0,0,0,27
8561,2,"8561-2",3,2,5,6,NA,NA,NA,NA,NA,NA,3,1,1,28.9692846,0,8,8,3,3,2572,2565,2572,2565,24,18,0,11,31,1,8,8,0,0,0,0,0,0,28,4,1,0,0,0,0,0,0,28
8561,3,"8561-3",3,2,5,6,NA,NA,NA,NA,NA,NA,3,1,1,28.9692846,0,8,0,3,3,2565,2572,2572,2565,48,24,1,11,31,1,8,8,0,0,0,0,0,0,28,4,1,0,0,0,0,0,0,28
8564,1,"8564-1",2,1,2,NA,NA,NA,NA,NA,NA,NA,1,1,1,107.421918928,0,9,9,3,3,1127,1060,1127,1060,35,30,0,17,30,5,5,0,0,0,0,0,0,0,76,76,0,0,0,0,0,0,0,76
8564,2,"8564-2",2,1,2,NA,NA,NA,NA,NA,NA,NA,1,1,1,107.421918928,0,9,0,3,3,1060,1127,1127,1060,48,35,1,17,30,5,5,0,0,0,0,0,0,0,76,76,0,0,0,0,0,0,0,76
8566,1,"8566-1",2,2,3,NA,NA,NA,NA,NA,NA,NA,1,2,1,42.27265833,0,5,5,2,2,1848,1849,1848,1849,28,26,0,15,30,1,3,0,0,0,0,0,0,0,49,19,0,0,0,0,0,0,0,49
8566,2,"8566-2",2,2,3,NA,NA,NA,NA,NA,NA,NA,1,2,1,42.27265833,0,5,0,2,2,1849,1848,1848,1849,48,28,1,15,30,1,3,0,0,0,0,0,0,0,49,19,0,0,0,0,0,0,0,49
8579,2,"8579-2",2,1,5,NA,NA,NA,NA,NA,NA,NA,1,3,1,171.74437594,0,6,6,3,3,1882,1907,1882,1907,28,25,0,15,15,1,5,0,0,0,0,0,0,0,44,80,0,0,0,0,0,0,0,80
8579,3,"8579-3",2,1,5,NA,NA,NA,NA,NA,NA,NA,1,3,1,171.74437594,1,6,5,3,3,1907,1883,1882,1907,30,28,1,15,15,1,5,0,0,0,0,0,0,0,44,80,0,0,0,0,0,0,0,80
8579,4,"8579-4",2,1,5,NA,NA,NA,NA,NA,NA,NA,1,3,1,171.74437594,0,6,0,3,3,1883,1882,1882,1907,48,30,1,15,15,1,5,0,0,0,0,0,0,0,44,80,0,0,0,0,0,0,0,80
8587,1,"8587-1",2,1,2,NA,NA,NA,NA,NA,NA,NA,1,1,0,41.439127211,0,NA,9,2,NA,2778,9999,NA,NA,10,8,0,NA,NA,5,2,0,0,0,0,0,0,0,75,76,0,0,0,0,0,0,0,76
8587,2,"8587-2",2,1,2,NA,NA,NA,NA,NA,NA,NA,1,1,0,41.439127211,0,NA,0,2,NA,9999,2778,NA,NA,18,10,1,NA,NA,5,2,0,0,0,0,0,0,0,75,76,0,0,0,0,0,0,0,76
8589,2,"8589-2",2,2,5,NA,NA,NA,NA,NA,NA,NA,3,2,1,668.2121071,0,6,6,2,2,1871,1208,1871,1208,23,21,0,13,0,3,7,0,0,0,0,0,0,0,35,8,0,0,0,0,0,0,0,35
8589,3,"8589-3",2,2,5,NA,NA,NA,NA,NA,NA,NA,3,2,1,668.2121071,1,6,7,2,2,1208,1869,1871,1208,24,23,1,13,0,3,7,0,0,0,0,0,0,0,35,8,0,0,0,0,0,0,0,35
8589,4,"8589-4",2,2,5,NA,NA,NA,NA,NA,NA,NA,3,2,1,668.2121071,0,6,0,2,2,1869,1871,1871,1208,48,24,1,13,0,3,7,0,0,0,0,0,0,0,35,8,0,0,0,0,0,0,0,35
8593,1,"8593-1",2,2,4,NA,NA,NA,NA,NA,NA,NA,3,1,1,123.0418277,0,6,6,2,2,1456,1272,1456,1272,19,15,0,10,15,4,8,0,0,0,0,0,0,0,42,3,0,0,0,0,0,0,0,42
8593,2,"8593-2",2,2,4,NA,NA,NA,NA,NA,NA,NA,3,1,1,123.0418277,1,6,5,2,2,1272,1258,1456,1272,20,19,1,10,15,4,8,0,0,0,0,0,0,0,42,3,0,0,0,0,0,0,0,42
8593,3,"8593-3",2,2,4,NA,NA,NA,NA,NA,NA,NA,3,1,1,123.0418277,0,6,0,2,2,1258,1456,1456,1272,27,20,1,10,15,4,8,0,0,0,0,0,0,0,42,3,0,0,0,0,0,0,0,42
8593,4,"8593-4",3,2,3,4,NA,NA,NA,NA,NA,NA,3,2,2,123.0418277,0,6,6,3,3,1456,1411,1456,1411,30,27,0,16,0,4,7,8,0,0,0,0,0,0,42,9,3,0,0,0,0,0,0,42
8593,5,"8593-5",3,2,3,4,NA,NA,NA,NA,NA,NA,3,2,2,123.0418277,0,6,0,3,3,1411,1456,1456,1411,32,30,1,16,0,4,7,8,0,0,0,0,0,0,42,9,3,0,0,0,0,0,0,42
8599,1,"8599-1",2,1,2,NA,NA,NA,NA,NA,NA,NA,1,2,1,27.187371225,0,9,9,2,2,1371,1366,1371,1366,37,33,0,19,15,1,5,0,0,0,0,0,0,0,67,68,0,0,0,0,0,0,0,68
8599,2,"8599-2",2,1,2,NA,NA,NA,NA,NA,NA,NA,1,2,1,27.187371225,0,9,0,2,2,1366,1371,1371,1366,48,37,1,19,15,1,5,0,0,0,0,0,0,0,67,68,0,0,0,0,0,0,0,68
8600,4,"8600-4",2,1,4,NA,NA,NA,NA,NA,NA,NA,3,2,2,56.672198228,0,8,8,3,3,2759,2718,2759,2718,31,29,0,17,0,2,8,0,0,0,0,0,0,0,35,3,0,0,0,0,0,0,0,35
8600,5,"8600-5",2,1,4,NA,NA,NA,NA,NA,NA,NA,3,2,2,56.672198228,0,8,0,3,3,2718,2759,2759,2718,48,31,1,17,0,2,8,0,0,0,0,0,0,0,35,3,0,0,0,0,0,0,0,35
8600,1,"8600-1",2,1,4,NA,NA,NA,NA,NA,NA,NA,3,1,0,56.672198228,0,NA,8,3,NA,2759,2763,NA,NA,17,15,0,NA,NA,2,8,0,0,0,0,0,0,0,35,3,0,0,0,0,0,0,0,35
8600,2,"8600-2",2,1,4,NA,NA,NA,NA,NA,NA,NA,3,1,0,56.672198228,1,NA,7,3,NA,2763,2764,NA,NA,20,17,1,NA,NA,2,8,0,0,0,0,0,0,0,35,3,0,0,0,0,0,0,0,35
8600,3,"8600-3",2,1,4,NA,NA,NA,NA,NA,NA,NA,3,1,0,56.672198228,0,NA,0,3,NA,2764,2759,NA,NA,29,20,1,NA,NA,2,8,0,0,0,0,0,0,0,35,3,0,0,0,0,0,0,0,35
8607,1,"8607-1",2,1,2,NA,NA,NA,NA,NA,NA,NA,1,1,1,16.083732729,0,9,9,2,2,2714,2716,2714,2716,18,14,0,9,45,5,5,0,0,0,0,0,0,0,86,84,0,0,0,0,0,0,0,86
8607,2,"8607-2",2,1,2,NA,NA,NA,NA,NA,NA,NA,1,1,1,16.083732729,0,9,0,2,2,2716,2714,2714,2716,48,18,1,9,45,5,5,0,0,0,0,0,0,0,86,84,0,0,0,0,0,0,0,86
8608,1,"8608-1",2,1,2,NA,NA,NA,NA,NA,NA,NA,1,2,1,50.8855332,1,5,5,2,2,1469,1445,1469,1441,31,29,0,17,29,1,1,0,0,0,0,0,0,0,32,30,0,0,0,0,0,0,0,32
8608,2,"8608-2",2,1,2,NA,NA,NA,NA,NA,NA,NA,1,2,1,50.8855332,0,5,5,2,2,1445,1441,1469,1441,33,31,0,17,29,1,1,0,0,0,0,0,0,0,32,30,0,0,0,0,0,0,0,32
8608,3,"8608-3",2,1,2,NA,NA,NA,NA,NA,NA,NA,1,2,1,50.8855332,0,5,0,2,2,1441,1469,1469,1441,48,33,1,17,29,1,1,0,0,0,0,0,0,0,32,30,0,0,0,0,0,0,0,32
8616,3,"8616-3",2,1,2,NA,NA,NA,NA,NA,NA,NA,1,2,1,71.810450296,1,7,5,2,2,1690,1698,1690,1696,34,34,0,19,30,1,1,0,0,0,0,0,0,0,45,44,0,0,0,0,0,0,0,45
8616,4,"8616-4",2,1,2,NA,NA,NA,NA,NA,NA,NA,1,2,1,71.810450296,1,7,5,2,2,1698,1698,1690,1696,35,34,0,19,30,1,1,0,0,0,0,0,0,0,45,44,0,0,0,0,0,0,0,45
8616,5,"8616-5",2,1,2,NA,NA,NA,NA,NA,NA,NA,1,2,1,71.810450296,0,7,7,2,2,1698,1696,1690,1696,37,35,0,19,30,1,1,0,0,0,0,0,0,0,45,44,0,0,0,0,0,0,0,45
8616,6,"8616-6",2,1,2,NA,NA,NA,NA,NA,NA,NA,1,2,1,71.810450296,0,7,0,2,2,1696,1690,1690,1696,48,37,1,19,30,1,1,0,0,0,0,0,0,0,45,44,0,0,0,0,0,0,0,45
8617,1,"8617-1",2,1,3,NA,NA,NA,NA,NA,NA,NA,1,2,1,30.763042695,0,7,7,2,2,2739,2741,2739,2741,36,33,0,19,23,2,5,0,0,0,0,0,0,0,67,67,0,0,0,0,0,0,0,67
8617,2,"8617-2",2,1,3,NA,NA,NA,NA,NA,NA,NA,1,2,1,30.763042695,0,7,0,2,2,2741,2739,2739,2741,48,36,1,19,23,2,5,0,0,0,0,0,0,0,67,67,0,0,0,0,0,0,0,67
8620,1,"8620-1",2,3,4,NA,NA,NA,NA,NA,NA,NA,2,1,1,150.6621527,0,3,3,9,9,1869,1688,1869,1688,27,12,0,8,34,7,7,0,0,0,0,0,0,0,9,10,0,0,0,0,0,0,0,10
8620,2,"8620-2",2,3,4,NA,NA,NA,NA,NA,NA,NA,2,1,1,150.6621527,0,3,0,9,9,1688,1869,1869,1688,48,27,1,8,34,7,7,0,0,0,0,0,0,0,9,10,0,0,0,0,0,0,0,10
8622,1,"8622-1",2,1,2,NA,NA,NA,NA,NA,NA,NA,1,1,1,97.179474399,1,6,7,2,2,1815,1977,1815,2033,20,19,0,12,12,4,5,0,0,0,0,0,0,0,62,68,0,0,0,0,0,0,0,68
8622,2,"8622-2",2,1,2,NA,NA,NA,NA,NA,NA,NA,1,1,1,97.179474399,1,6,9,2,2,1977,2010,1815,2033,22,20,0,12,12,4,5,0,0,0,0,0,0,0,62,68,0,0,0,0,0,0,0,68
8622,3,"8622-3",2,1,2,NA,NA,NA,NA,NA,NA,NA,1,1,1,97.179474399,0,6,6,2,2,2010,2033,1815,2033,26,22,0,12,12,4,5,0,0,0,0,0,0,0,62,68,0,0,0,0,0,0,0,68
8622,4,"8622-4",2,1,2,NA,NA,NA,NA,NA,NA,NA,1,1,1,97.179474399,0,6,0,2,2,2033,1815,1815,2033,31,26,1,12,12,4,5,0,0,0,0,0,0,0,62,68,0,0,0,0,0,0,0,68
8622,5,"8622-5",2,1,2,NA,NA,NA,NA,NA,NA,NA,1,2,2,97.179474399,0,7,7,2,2,1815,1761,1815,1761,35,31,0,18,15,4,5,0,0,0,0,0,0,0,62,68,0,0,0,0,0,0,0,68
8622,6,"8622-6",2,1,2,NA,NA,NA,NA,NA,NA,NA,1,2,2,97.179474399,0,7,0,2,2,1761,1815,1815,1761,48,35,1,18,15,4,5,0,0,0,0,0,0,0,62,68,0,0,0,0,0,0,0,68
8633,4,"8633-4",2,1,4,NA,NA,NA,NA,NA,NA,NA,3,3,1,68.258641772,0,9,9,2,2,1456,1456,1456,1456,34,31,0,18,20,1,7,0,0,0,0,0,0,0,47,10,0,0,0,0,0,0,0,47
8633,5,"8633-5",2,1,4,NA,NA,NA,NA,NA,NA,NA,3,3,1,68.258641772,1,9,7,2,2,1456,1456,1456,1456,35,34,1,18,20,1,7,0,0,0,0,0,0,0,47,10,0,0,0,0,0,0,0,47
8633,6,"8633-6",2,1,4,NA,NA,NA,NA,NA,NA,NA,3,3,1,68.258641772,0,9,0,2,2,1456,1456,1456,1456,48,35,1,18,20,1,7,0,0,0,0,0,0,0,47,10,0,0,0,0,0,0,0,47
8640,1,"8640-1",2,1,2,NA,NA,NA,NA,NA,NA,NA,1,1,1,30.9813232,0,9,9,2,2,2600,2678,2600,2678,20,15,0,10,5,5,5,0,0,0,0,0,0,0,67,89,0,0,0,0,0,0,0,89
8640,2,"8640-2",2,1,2,NA,NA,NA,NA,NA,NA,NA,1,1,1,30.9813232,1,9,7,2,2,2678,2575,2600,2678,21,20,1,10,5,5,5,0,0,0,0,0,0,0,67,89,0,0,0,0,0,0,0,89
8640,3,"8640-3",2,1,2,NA,NA,NA,NA,NA,NA,NA,1,1,1,30.9813232,1,9,7,2,2,2575,2575,2600,2678,21,21,1,10,5,5,5,0,0,0,0,0,0,0,67,89,0,0,0,0,0,0,0,89
8640,4,"8640-4",2,1,2,NA,NA,NA,NA,NA,NA,NA,1,1,1,30.9813232,0,9,0,2,2,2575,2600,2600,2678,48,21,1,10,5,5,5,0,0,0,0,0,0,0,67,89,0,0,0,0,0,0,0,89
8645,3,"8645-3",2,2,3,NA,NA,NA,NA,NA,NA,NA,3,2,1,68.991238264,1,8,5,2,2,1652,1654,1652,2695,32,31,0,18,16,1,8,0,0,0,0,0,0,0,31,2,0,0,0,0,0,0,0,31
8645,4,"8645-4",2,2,3,NA,NA,NA,NA,NA,NA,NA,3,2,1,68.991238264,0,8,8,2,2,1654,2695,1652,2695,35,32,0,18,16,1,8,0,0,0,0,0,0,0,31,2,0,0,0,0,0,0,0,31
8645,5,"8645-5",2,2,3,NA,NA,NA,NA,NA,NA,NA,3,2,1,68.991238264,0,8,0,2,2,2695,1652,1652,2695,48,35,1,18,16,1,8,0,0,0,0,0,0,0,31,2,0,0,0,0,0,0,0,31
8649,1,"8649-1",2,1,2,NA,NA,NA,NA,NA,NA,NA,1,1,1,164.488554681,1,5,6,2,2,856,739,856,739,19,19,0,12,0,4,4,0,0,0,0,0,0,0,61,40,0,0,0,0,0,0,0,61
8649,2,"8649-2",2,1,2,NA,NA,NA,NA,NA,NA,NA,1,1,1,164.488554681,0,5,5,2,2,739,739,856,739,21,19,0,12,0,4,4,0,0,0,0,0,0,0,61,40,0,0,0,0,0,0,0,61
8649,3,"8649-3",2,1,2,NA,NA,NA,NA,NA,NA,NA,1,1,1,164.488554681,0,5,0,2,2,739,856,856,739,48,21,1,12,0,4,4,0,0,0,0,0,0,0,61,40,0,0,0,0,0,0,0,61
8658,2,"8658-2",3,1,4,5,NA,NA,NA,NA,NA,NA,3,3,1,148.156930604,0,9,9,3,3,2601,2579,2601,2579,34,30,0,17,45,2,7,7,0,0,0,0,0,0,42,15,8,0,0,0,0,0,0,42
8658,3,"8658-3",3,1,4,5,NA,NA,NA,NA,NA,NA,3,3,1,148.156930604,0,9,0,3,3,2579,2601,2601,2579,48,34,1,17,45,2,7,7,0,0,0,0,0,0,42,15,8,0,0,0,0,0,0,42
8663,1,"8663-1",2,1,2,NA,NA,NA,NA,NA,NA,NA,1,1,1,11.42779653,0,5,5,2,2,2504,9999,2504,9999,21,16,0,10,30,5,5,0,0,0,0,0,0,0,65,71,0,0,0,0,0,0,0,71
8663,2,"8663-2",2,1,2,NA,NA,NA,NA,NA,NA,NA,1,1,1,11.42779653,1,5,7,2,2,9999,2508,2504,9999,23,21,1,10,30,5,5,0,0,0,0,0,0,0,65,71,0,0,0,0,0,0,0,71
8663,3,"8663-3",2,1,2,NA,NA,NA,NA,NA,NA,NA,1,1,1,11.42779653,0,5,0,2,2,2508,2504,2504,9999,48,23,1,10,30,5,5,0,0,0,0,0,0,0,65,71,0,0,0,0,0,0,0,71
8668,1,"8668-1",2,1,2,NA,NA,NA,NA,NA,NA,NA,1,2,1,41.3009176,0,8,8,2,2,1872,1150,1872,1150,37,26,0,15,50,5,5,0,0,0,0,0,0,0,69,69,0,0,0,0,0,0,0,69
8668,2,"8668-2",2,1,2,NA,NA,NA,NA,NA,NA,NA,1,2,1,41.3009176,0,8,0,2,2,1150,1872,1872,1150,48,37,1,15,50,5,5,0,0,0,0,0,0,0,69,69,0,0,0,0,0,0,0,69
8672,1,"8672-1",2,1,2,NA,NA,NA,NA,NA,NA,NA,1,1,1,35.842008603,0,9,9,2,2,2677,2648,2677,2648,24,21,0,13,20,5,5,0,0,0,0,0,0,0,74,76,0,0,0,0,0,0,0,76
8672,2,"8672-2",2,1,2,NA,NA,NA,NA,NA,NA,NA,1,1,1,35.842008603,1,9,5,2,2,2648,2644,2677,2648,25,24,1,13,20,5,5,0,0,0,0,0,0,0,74,76,0,0,0,0,0,0,0,76
8672,3,"8672-3",2,1,2,NA,NA,NA,NA,NA,NA,NA,1,1,1,35.842008603,0,9,0,2,2,2644,2677,2677,2648,48,25,1,13,20,5,5,0,0,0,0,0,0,0,74,76,0,0,0,0,0,0,0,76
8674,7,"8674-7",3,1,2,5,NA,NA,NA,NA,NA,NA,3,2,1,67.5250808,1,9,9,3,3,2572,2569,2572,9999,25,24,0,14,37,4,1,6,0,0,0,0,0,0,51,49,17,0,0,0,0,0,0,51
8674,8,"8674-8",3,1,2,5,NA,NA,NA,NA,NA,NA,3,2,1,67.5250808,0,9,9,3,3,2569,9999,2572,9999,33,25,0,14,37,4,1,6,0,0,0,0,0,0,51,49,17,0,0,0,0,0,0,51
8674,9,"8674-9",3,1,2,5,NA,NA,NA,NA,NA,NA,3,2,1,67.5250808,1,9,7,3,3,9999,9999,2572,9999,37,33,1,14,37,4,1,6,0,0,0,0,0,0,51,49,17,0,0,0,0,0,0,51
8674,10,"8674-10",3,1,2,5,NA,NA,NA,NA,NA,NA,3,2,1,67.5250808,1,9,4,3,3,9999,2565,2572,9999,38,37,1,14,37,4,1,6,0,0,0,0,0,0,51,49,17,0,0,0,0,0,0,51
8674,11,"8674-11",3,1,2,5,NA,NA,NA,NA,NA,NA,3,2,1,67.5250808,0,9,0,3,3,2565,2572,2572,9999,48,38,1,14,37,4,1,6,0,0,0,0,0,0,51,49,17,0,0,0,0,0,0,51
8675,3,"8675-3",3,1,2,5,NA,NA,NA,NA,NA,NA,3,3,1,133.5678706,1,9,9,3,3,1972,1401,1972,1401,29,25,0,15,4,4,1,7,0,0,0,0,0,0,50,50,15,0,0,0,0,0,0,50
8675,4,"8675-4",3,1,2,5,NA,NA,NA,NA,NA,NA,3,3,1,133.5678706,1,9,7,3,3,1401,1436,1972,1401,31,29,0,15,4,4,1,7,0,0,0,0,0,0,50,50,15,0,0,0,0,0,0,50
8675,5,"8675-5",3,1,2,5,NA,NA,NA,NA,NA,NA,3,3,1,133.5678706,0,9,9,3,3,1436,1401,1972,1401,37,31,0,15,4,4,1,7,0,0,0,0,0,0,50,50,15,0,0,0,0,0,0,50
8675,6,"8675-6",3,1,2,5,NA,NA,NA,NA,NA,NA,3,3,1,133.5678706,0,9,0,3,3,1401,1972,1972,1401,48,37,1,15,4,4,1,7,0,0,0,0,0,0,50,50,15,0,0,0,0,0,0,50
8685,1,"8685-1",2,1,2,NA,NA,NA,NA,NA,NA,NA,1,3,1,115.3205731,1,9,7,3,3,1385,1207,1385,1207,32,30,0,17,30,4,1,0,0,0,0,0,0,0,52,53,0,0,0,0,0,0,0,53
8685,2,"8685-2",2,1,2,NA,NA,NA,NA,NA,NA,NA,1,3,1,115.3205731,0,9,9,3,3,1207,1207,1385,1207,35,32,0,17,30,4,1,0,0,0,0,0,0,0,52,53,0,0,0,0,0,0,0,53
8685,3,"8685-3",2,1,2,NA,NA,NA,NA,NA,NA,NA,1,3,1,115.3205731,1,9,8,3,3,1207,1434,1385,1207,35,35,1,17,30,4,1,0,0,0,0,0,0,0,52,53,0,0,0,0,0,0,0,53
8685,4,"8685-4",2,1,2,NA,NA,NA,NA,NA,NA,NA,1,3,1,115.3205731,0,9,0,2,3,1434,1385,1385,1207,48,35,1,17,30,4,1,0,0,0,0,0,0,0,52,53,0,0,0,0,0,0,0,53
8695,1,"8695-1",2,2,3,NA,NA,NA,NA,NA,NA,NA,1,1,1,59.636630232,0,5,5,2,2,2273,2273,2273,2273,34,32,0,18,30,5,4,0,0,0,0,0,0,0,66,39,0,0,0,0,0,0,0,66
8695,2,"8695-2",2,2,3,NA,NA,NA,NA,NA,NA,NA,1,1,1,59.636630232,0,5,0,2,2,2273,2273,2273,2273,48,34,1,18,30,5,4,0,0,0,0,0,0,0,66,39,0,0,0,0,0,0,0,66
8697,1,"8697-1",2,1,2,NA,NA,NA,NA,NA,NA,NA,1,2,1,509.439830235,0,8,8,2,2,1883,1913,1883,1913,35,31,0,18,10,1,4,0,0,0,0,0,0,0,58,57,0,0,0,0,0,0,0,58
8697,2,"8697-2",2,1,2,NA,NA,NA,NA,NA,NA,NA,1,2,1,509.439830235,1,8,7,2,2,1913,1865,1883,1913,35,35,1,18,10,1,4,0,0,0,0,0,0,0,58,57,0,0,0,0,0,0,0,58
8697,3,"8697-3",2,1,2,NA,NA,NA,NA,NA,NA,NA,1,2,1,509.439830235,0,8,0,2,2,1865,1883,1883,1913,48,35,1,18,10,1,4,0,0,0,0,0,0,0,58,57,0,0,0,0,0,0,0,58
8698,1,"8698-1",2,1,2,NA,NA,NA,NA,NA,NA,NA,1,1,1,71.38923057,0,6,6,2,2,1649,1650,1649,1650,15,14,0,9,50,2,5,0,0,0,0,0,0,0,76,73,0,0,0,0,0,0,0,76
8698,2,"8698-2",2,1,2,NA,NA,NA,NA,NA,NA,NA,1,1,1,71.38923057,0,6,0,2,2,1650,1649,1649,1650,22,15,1,9,50,2,5,0,0,0,0,0,0,0,76,73,0,0,0,0,0,0,0,76
8713,1,"8713-1",2,1,2,NA,NA,NA,NA,NA,NA,NA,1,2,1,72.45595791,0,7,7,2,2,2285,2312,2285,2312,34,31,0,18,0,1,1,0,0,0,0,0,0,0,51,51,0,0,0,0,0,0,0,51
8713,2,"8713-2",2,1,2,NA,NA,NA,NA,NA,NA,NA,1,2,1,72.45595791,0,7,0,2,2,2312,2285,2285,2312,48,34,1,18,0,1,1,0,0,0,0,0,0,0,51,51,0,0,0,0,0,0,0,51
8722,6,"8722-6",2,2,4,NA,NA,NA,NA,NA,NA,NA,3,1,1,98.5110694,0,9,9,2,2,1873,1872,1873,1872,31,29,0,17,20,5,7,0,0,0,0,0,0,0,68,14,0,0,0,0,0,0,0,68
8722,7,"8722-7",2,2,4,NA,NA,NA,NA,NA,NA,NA,3,1,1,98.5110694,1,9,5,2,2,1872,1913,1873,1872,31,31,1,17,20,5,7,0,0,0,0,0,0,0,68,14,0,0,0,0,0,0,0,68
8722,8,"8722-8",2,2,4,NA,NA,NA,NA,NA,NA,NA,3,1,1,98.5110694,1,9,5,2,2,1913,1874,1873,1872,31,31,1,17,20,5,7,0,0,0,0,0,0,0,68,14,0,0,0,0,0,0,0,68
8722,9,"8722-9",2,2,4,NA,NA,NA,NA,NA,NA,NA,3,1,1,98.5110694,1,9,5,2,2,1874,1875,1873,1872,32,31,1,17,20,5,7,0,0,0,0,0,0,0,68,14,0,0,0,0,0,0,0,68
8722,10,"8722-10",2,2,4,NA,NA,NA,NA,NA,NA,NA,3,1,1,98.5110694,0,9,0,2,2,1875,1873,1873,1872,48,32,1,17,20,5,7,0,0,0,0,0,0,0,68,14,0,0,0,0,0,0,0,68
8731,1,"8731-1",2,2,3,NA,NA,NA,NA,NA,NA,NA,3,1,1,43.4286539,0,8,8,2,2,1516,991,1516,991,21,14,0,9,30,4,8,0,0,0,0,0,0,0,40,0,0,0,0,0,0,0,0,40
8731,2,"8731-2",2,2,3,NA,NA,NA,NA,NA,NA,NA,3,1,1,43.4286539,0,8,0,2,2,991,1516,1516,991,26,21,1,9,30,4,8,0,0,0,0,0,0,0,40,0,0,0,0,0,0,0,0,40
8731,3,"8731-3",2,2,3,NA,NA,NA,NA,NA,NA,NA,3,2,2,43.4286539,0,8,8,2,2,1516,1490,1516,1490,32,26,0,15,30,4,8,0,0,0,0,0,0,0,40,0,0,0,0,0,0,0,0,40
8731,4,"8731-4",2,2,3,NA,NA,NA,NA,NA,NA,NA,3,2,2,43.4286539,0,8,0,2,2,1490,1516,1516,1490,48,32,1,15,30,4,8,0,0,0,0,0,0,0,40,0,0,0,0,0,0,0,0,40
8732,1,"8732-1",2,1,2,NA,NA,NA,NA,NA,NA,NA,1,2,1,11.373027518,0,7,7,2,2,2726,2722,2726,2722,36,30,0,17,35,5,5,0,0,0,0,0,0,0,74,70,0,0,0,0,0,0,0,74
8732,2,"8732-2",2,1,2,NA,NA,NA,NA,NA,NA,NA,1,2,1,11.373027518,1,7,5,2,2,2722,2735,2726,2722,36,36,1,17,35,5,5,0,0,0,0,0,0,0,74,70,0,0,0,0,0,0,0,74
8732,3,"8732-3",2,1,2,NA,NA,NA,NA,NA,NA,NA,1,2,1,11.373027518,0,7,0,2,2,2735,2726,2726,2722,48,36,1,17,35,5,5,0,0,0,0,0,0,0,74,70,0,0,0,0,0,0,0,74
8734,4,"8734-4",2,2,4,NA,NA,NA,NA,NA,NA,NA,3,1,0,81.0476351,0,NA,9,3,NA,1456,1201,NA,NA,41,35,0,NA,NA,4,7,0,0,0,0,0,0,0,43,11,0,0,0,0,0,0,0,43
8734,5,"8734-5",2,2,4,NA,NA,NA,NA,NA,NA,NA,3,1,0,81.0476351,0,NA,0,3,NA,1201,1456,NA,NA,48,41,1,NA,NA,4,7,0,0,0,0,0,0,0,43,11,0,0,0,0,0,0,0,43
8737,1,"8737-1",2,1,2,NA,NA,NA,NA,NA,NA,NA,1,1,1,57.711518884,0,4,4,2,2,2470,2482,2470,2482,12,10,0,7,40,5,5,0,0,0,0,0,0,0,72,68,0,0,0,0,0,0,0,72
8737,2,"8737-2",2,1,2,NA,NA,NA,NA,NA,NA,NA,1,1,1,57.711518884,0,4,0,2,2,2482,2470,2470,2482,15,12,1,7,40,5,5,0,0,0,0,0,0,0,72,68,0,0,0,0,0,0,0,72
8737,3,"8737-3",2,1,2,NA,NA,NA,NA,NA,NA,NA,1,3,2,57.711518884,0,8,8,2,2,2470,9999,2470,9999,38,27,0,16,15,5,5,0,0,0,0,0,0,0,72,68,0,0,0,0,0,0,0,72
8737,4,"8737-4",2,1,2,NA,NA,NA,NA,NA,NA,NA,1,3,2,57.711518884,0,8,0,2,2,9999,2470,2470,9999,48,38,1,16,15,5,5,0,0,0,0,0,0,0,72,68,0,0,0,0,0,0,0,72
8738,2,"8738-2",2,1,2,NA,NA,NA,NA,NA,NA,NA,1,1,1,76.4081884,0,6,6,2,2,234,264,234,264,17,13,0,9,15,4,4,0,0,0,0,0,0,0,49,60,0,0,0,0,0,0,0,60
8738,3,"8738-3",2,1,2,NA,NA,NA,NA,NA,NA,NA,1,1,1,76.4081884,1,6,6,2,2,264,207,234,264,18,17,1,9,15,4,4,0,0,0,0,0,0,0,49,60,0,0,0,0,0,0,0,60
8738,4,"8738-4",2,1,2,NA,NA,NA,NA,NA,NA,NA,1,1,1,76.4081884,1,6,7,2,2,207,238,234,264,19,18,1,9,15,4,4,0,0,0,0,0,0,0,49,60,0,0,0,0,0,0,0,60
8738,5,"8738-5",2,1,2,NA,NA,NA,NA,NA,NA,NA,1,1,1,76.4081884,1,6,6,2,2,238,234,234,264,20,19,1,9,15,4,4,0,0,0,0,0,0,0,49,60,0,0,0,0,0,0,0,60
8738,6,"8738-6",2,1,2,NA,NA,NA,NA,NA,NA,NA,1,1,1,76.4081884,0,6,0,2,2,234,234,234,264,22,20,1,9,15,4,4,0,0,0,0,0,0,0,49,60,0,0,0,0,0,0,0,60
8741,1,"8741-1",2,1,2,NA,NA,NA,NA,NA,NA,NA,1,1,1,686.647197239,0,9,9,2,2,1820,1815,1820,1815,13,10,0,7,30,5,5,0,0,0,0,0,0,0,78,79,0,0,0,0,0,0,0,79
8741,2,"8741-2",2,1,2,NA,NA,NA,NA,NA,NA,NA,1,1,1,686.647197239,0,9,0,2,2,1815,1820,1820,1815,22,13,1,7,30,5,5,0,0,0,0,0,0,0,78,79,0,0,0,0,0,0,0,79
8741,3,"8741-3",2,1,2,NA,NA,NA,NA,NA,NA,NA,1,3,2,686.647197239,0,5,5,2,2,1820,1817,1820,1817,28,26,0,15,50,5,5,0,0,0,0,0,0,0,78,79,0,0,0,0,0,0,0,79
8741,4,"8741-4",2,1,2,NA,NA,NA,NA,NA,NA,NA,1,3,2,686.647197239,0,5,0,2,2,1817,2527,1820,1817,48,28,1,15,50,5,5,0,0,0,0,0,0,0,78,79,0,0,0,0,0,0,0,79
8747,1,"8747-1",2,1,2,NA,NA,NA,NA,NA,NA,NA,1,1,1,54.697002131,0,6,6,2,2,2754,2152,2754,2152,16,12,0,8,30,5,5,0,0,0,0,0,0,0,78,84,0,0,0,0,0,0,0,84
8747,2,"8747-2",2,1,2,NA,NA,NA,NA,NA,NA,NA,1,1,1,54.697002131,1,6,5,2,2,2152,2699,2754,2152,17,16,1,8,30,5,5,0,0,0,0,0,0,0,78,84,0,0,0,0,0,0,0,84
8747,3,"8747-3",2,1,2,NA,NA,NA,NA,NA,NA,NA,1,1,1,54.697002131,1,6,5,2,2,2699,2735,2754,2152,19,17,1,8,30,5,5,0,0,0,0,0,0,0,78,84,0,0,0,0,0,0,0,84
8747,4,"8747-4",2,1,2,NA,NA,NA,NA,NA,NA,NA,1,1,1,54.697002131,0,6,0,2,2,2735,2754,2754,2152,48,19,1,8,30,5,5,0,0,0,0,0,0,0,78,84,0,0,0,0,0,0,0,84
8760,1,"8760-1",2,1,2,NA,NA,NA,NA,NA,NA,NA,1,1,1,74.110846834,1,5,9,2,2,1128,1111,1128,921,14,13,0,9,0,5,4,0,0,0,0,0,0,0,65,58,0,0,0,0,0,0,0,65
8760,2,"8760-2",2,1,2,NA,NA,NA,NA,NA,NA,NA,1,1,1,74.110846834,0,5,5,2,2,1111,921,1128,921,15,14,0,9,0,5,4,0,0,0,0,0,0,0,65,58,0,0,0,0,0,0,0,65
8760,3,"8760-3",2,1,2,NA,NA,NA,NA,NA,NA,NA,1,1,1,74.110846834,1,5,7,2,2,921,920,1128,921,18,15,1,9,0,5,4,0,0,0,0,0,0,0,65,58,0,0,0,0,0,0,0,65
8760,4,"8760-4",2,1,2,NA,NA,NA,NA,NA,NA,NA,1,1,1,74.110846834,0,5,0,2,2,920,1128,1128,921,25,18,1,9,0,5,4,0,0,0,0,0,0,0,65,58,0,0,0,0,0,0,0,65
8760,5,"8760-5",2,1,2,NA,NA,NA,NA,NA,NA,NA,1,2,2,74.110846834,0,5,5,4,4,1128,1128,1128,1128,26,25,0,15,15,5,4,0,0,0,0,0,0,0,65,58,0,0,0,0,0,0,0,65
8760,6,"8760-6",2,1,2,NA,NA,NA,NA,NA,NA,NA,1,2,2,74.110846834,0,5,0,4,4,1128,1128,1128,1128,48,26,1,15,15,5,4,0,0,0,0,0,0,0,65,58,0,0,0,0,0,0,0,65
8763,1,"8763-1",2,1,2,NA,NA,NA,NA,NA,NA,NA,1,1,1,82.9357836,1,5,5,2,2,2739,2725,2739,2738,26,25,0,15,21,4,2,0,0,0,0,0,0,0,64,66,0,0,0,0,0,0,0,66
8763,2,"8763-2",2,1,2,NA,NA,NA,NA,NA,NA,NA,1,1,1,82.9357836,0,5,5,2,2,2725,2738,2739,2738,27,26,0,15,21,4,2,0,0,0,0,0,0,0,64,66,0,0,0,0,0,0,0,66
8763,3,"8763-3",2,1,2,NA,NA,NA,NA,NA,NA,NA,1,1,1,82.9357836,0,5,0,2,2,2738,2739,2739,2738,36,27,1,15,21,4,2,0,0,0,0,0,0,0,64,66,0,0,0,0,0,0,0,66
8763,4,"8763-4",2,1,2,NA,NA,NA,NA,NA,NA,NA,1,2,2,82.9357836,0,5,5,2,2,2739,2741,2739,2741,37,36,0,20,40,4,2,0,0,0,0,0,0,0,64,66,0,0,0,0,0,0,0,66
8763,5,"8763-5",2,1,2,NA,NA,NA,NA,NA,NA,NA,1,2,2,82.9357836,0,5,0,2,2,2741,2739,2739,2741,48,37,1,20,40,4,2,0,0,0,0,0,0,0,64,66,0,0,0,0,0,0,0,66
8765,1,"8765-1",2,1,2,NA,NA,NA,NA,NA,NA,NA,1,1,1,438.350148128,1,5,6,2,2,659,620,659,557,22,19,0,12,20,5,5,0,0,0,0,0,0,0,76,75,0,0,0,0,0,0,0,76
8765,2,"8765-2",2,1,2,NA,NA,NA,NA,NA,NA,NA,1,1,1,438.350148128,0,5,5,2,2,620,557,659,557,25,22,0,12,20,5,5,0,0,0,0,0,0,0,76,75,0,0,0,0,0,0,0,76
8765,3,"8765-3",2,1,2,NA,NA,NA,NA,NA,NA,NA,1,1,1,438.350148128,1,5,5,2,2,557,644,659,557,27,25,1,12,20,5,5,0,0,0,0,0,0,0,76,75,0,0,0,0,0,0,0,76
8765,4,"8765-4",2,1,2,NA,NA,NA,NA,NA,NA,NA,1,1,1,438.350148128,1,5,7,2,2,644,570,659,557,29,27,1,12,20,5,5,0,0,0,0,0,0,0,76,75,0,0,0,0,0,0,0,76
8765,5,"8765-5",2,1,2,NA,NA,NA,NA,NA,NA,NA,1,1,1,438.350148128,0,5,0,2,2,570,659,659,557,48,29,1,12,20,5,5,0,0,0,0,0,0,0,76,75,0,0,0,0,0,0,0,76
8773,2,"8773-2",2,1,5,NA,NA,NA,NA,NA,NA,NA,3,1,0,26.7867479,0,NA,9,2,NA,2448,2473,NA,NA,18,12,0,NA,NA,4,8,0,0,0,0,0,0,0,35,4,0,0,0,0,0,0,0,35
8773,3,"8773-3",2,1,5,NA,NA,NA,NA,NA,NA,NA,3,1,0,26.7867479,0,NA,0,2,NA,2473,2448,NA,NA,48,18,1,NA,NA,4,8,0,0,0,0,0,0,0,35,4,0,0,0,0,0,0,0,35
8774,1,"8774-1",2,1,3,NA,NA,NA,NA,NA,NA,NA,3,1,1,133.4493837,1,2,6,2,2,1875,1703,1875,1181,14,12,0,8,40,3,8,0,0,0,0,0,0,0,31,2,0,0,0,0,0,0,0,31
8774,2,"8774-2",2,1,3,NA,NA,NA,NA,NA,NA,NA,3,1,1,133.4493837,0,2,2,2,2,1703,1181,1875,1181,17,14,0,8,40,3,8,0,0,0,0,0,0,0,31,2,0,0,0,0,0,0,0,31
8774,3,"8774-3",2,1,3,NA,NA,NA,NA,NA,NA,NA,3,1,1,133.4493837,0,2,0,2,2,1181,1875,1875,1181,17,17,1,8,40,3,8,0,0,0,0,0,0,0,31,2,0,0,0,0,0,0,0,31
8774,4,"8774-4",2,1,3,NA,NA,NA,NA,NA,NA,NA,3,2,2,133.4493837,0,5,5,2,2,1875,1872,1875,1872,18,17,0,11,10,3,8,0,0,0,0,0,0,0,31,2,0,0,0,0,0,0,0,31
8774,5,"8774-5",2,1,3,NA,NA,NA,NA,NA,NA,NA,3,2,2,133.4493837,1,5,5,2,2,1872,1913,1875,1872,19,18,1,11,10,3,8,0,0,0,0,0,0,0,31,2,0,0,0,0,0,0,0,31
8774,6,"8774-6",2,1,3,NA,NA,NA,NA,NA,NA,NA,3,2,2,133.4493837,0,5,0,2,2,1913,1875,1875,1872,48,19,1,11,10,3,8,0,0,0,0,0,0,0,31,2,0,0,0,0,0,0,0,31
8776,1,"8776-1",3,1,3,4,NA,NA,NA,NA,NA,NA,3,1,1,200.7757765,0,6,6,3,3,1875,1870,1875,1870,23,21,0,13,17,2,7,7,0,0,0,0,0,0,45,12,9,0,0,0,0,0,0,45
8776,2,"8776-2",3,1,3,4,NA,NA,NA,NA,NA,NA,3,1,1,200.7757765,1,6,5,3,3,1870,1182,1875,1870,24,23,1,13,17,2,7,7,0,0,0,0,0,0,45,12,9,0,0,0,0,0,0,45
8776,3,"8776-3",3,1,3,4,NA,NA,NA,NA,NA,NA,3,1,1,200.7757765,0,6,0,3,3,1182,1875,1875,1870,48,24,1,13,17,2,7,7,0,0,0,0,0,0,45,12,9,0,0,0,0,0,0,45
8779,8,"8779-8",4,1,2,3,4,NA,NA,NA,NA,NA,3,3,1,80.01390986,0,5,5,3,3,1178,1161,1178,1161,38,35,0,20,0,1,4,7,8,0,0,0,0,0,42,38,8,0,0,0,0,0,0,42
8779,9,"8779-9",4,1,2,3,4,NA,NA,NA,NA,NA,3,3,1,80.01390986,0,5,0,3,3,1161,1178,1178,1161,48,38,1,20,0,1,4,7,8,0,0,0,0,0,42,38,8,0,0,0,0,0,0,42
8781,8,"8781-8",2,2,3,NA,NA,NA,NA,NA,NA,NA,3,3,1,82.449306196,0,9,9,2,2,2677,2611,2677,2611,36,32,0,18,30,1,7,0,0,0,0,0,0,0,42,11,0,0,0,0,0,0,0,42
8781,9,"8781-9",2,2,3,NA,NA,NA,NA,NA,NA,NA,3,3,1,82.449306196,0,9,0,2,2,2611,2677,2677,2611,48,36,1,18,30,1,7,0,0,0,0,0,0,0,42,11,0,0,0,0,0,0,0,42
8788,1,"8788-1",2,2,3,NA,NA,NA,NA,NA,NA,NA,3,1,1,209.0945733,0,5,5,2,2,1806,1805,1806,1805,13,12,0,8,30,2,8,0,0,0,0,0,0,0,32,2,0,0,0,0,0,0,0,32
8788,2,"8788-2",2,2,3,NA,NA,NA,NA,NA,NA,NA,3,1,1,209.0945733,0,5,0,2,2,1805,1806,1806,1805,48,13,1,8,30,2,8,0,0,0,0,0,0,0,32,2,0,0,0,0,0,0,0,32
8793,1,"8793-1",2,1,4,NA,NA,NA,NA,NA,NA,NA,3,1,1,150.78580682,0,9,9,2,2,843,832,843,832,32,30,0,17,42,1,7,0,0,0,0,0,0,0,48,10,0,0,0,0,0,0,0,48
8793,2,"8793-2",2,1,4,NA,NA,NA,NA,NA,NA,NA,3,1,1,150.78580682,0,9,0,2,2,832,843,843,832,48,32,1,17,42,1,7,0,0,0,0,0,0,0,48,10,0,0,0,0,0,0,0,48
8800,1,"8800-1",2,1,3,NA,NA,NA,NA,NA,NA,NA,1,1,1,26.6526287,0,2,2,2,2,2735,2738,2735,2738,19,12,0,8,50,3,3,0,0,0,0,0,0,0,19,22,0,0,0,0,0,0,0,22
8800,2,"8800-2",2,1,3,NA,NA,NA,NA,NA,NA,NA,1,1,1,26.6526287,0,2,0,2,2,2738,2735,2735,2738,20,19,1,8,50,3,3,0,0,0,0,0,0,0,19,22,0,0,0,0,0,0,0,22
8800,3,"8800-3",2,1,3,NA,NA,NA,NA,NA,NA,NA,1,2,2,26.6526287,0,2,2,2,2,2735,2738,2735,2738,24,20,0,12,55,3,3,0,0,0,0,0,0,0,19,22,0,0,0,0,0,0,0,22
8800,4,"8800-4",2,1,3,NA,NA,NA,NA,NA,NA,NA,1,2,2,26.6526287,0,2,0,2,2,2738,2735,2735,2738,48,24,1,12,55,3,3,0,0,0,0,0,0,0,19,22,0,0,0,0,0,0,0,22
8801,2,"8801-2",2,1,3,NA,NA,NA,NA,NA,NA,NA,3,2,1,47.526793028,0,9,9,2,2,2725,2716,2725,2716,33,31,0,18,8,1,6,0,0,0,0,0,0,0,44,16,0,0,0,0,0,0,0,44
8801,3,"8801-3",2,1,3,NA,NA,NA,NA,NA,NA,NA,3,2,1,47.526793028,0,9,0,2,2,2716,2725,2725,2716,48,33,1,18,8,1,6,0,0,0,0,0,0,0,44,16,0,0,0,0,0,0,0,44
8804,3,"8804-3",2,1,2,NA,NA,NA,NA,NA,NA,NA,1,2,1,89.2210269,0,6,6,2,2,1376,1389,1376,1389,27,20,0,12,30,4,1,0,0,0,0,0,0,0,50,49,0,0,0,0,0,0,0,50
8804,4,"8804-4",2,1,2,NA,NA,NA,NA,NA,NA,NA,1,2,1,89.2210269,1,6,7,2,2,1389,1412,1376,1389,28,27,1,12,30,4,1,0,0,0,0,0,0,0,50,49,0,0,0,0,0,0,0,50
8804,5,"8804-5",2,1,2,NA,NA,NA,NA,NA,NA,NA,1,2,1,89.2210269,0,6,0,2,2,1412,1376,1376,1389,48,28,1,12,30,4,1,0,0,0,0,0,0,0,50,49,0,0,0,0,0,0,0,50
8805,1,"8805-1",2,1,2,NA,NA,NA,NA,NA,NA,NA,1,3,1,59.819403939,0,7,7,2,2,1540,1531,1540,1531,31,31,0,18,0,4,1,0,0,0,0,0,0,0,61,62,0,0,0,0,0,0,0,62
8805,2,"8805-2",2,1,2,NA,NA,NA,NA,NA,NA,NA,1,3,1,59.819403939,0,7,0,2,2,1531,1540,1540,1531,48,31,1,18,0,4,1,0,0,0,0,0,0,0,61,62,0,0,0,0,0,0,0,62
8807,1,"8807-1",2,1,2,NA,NA,NA,NA,NA,NA,NA,1,1,1,138.301188814,0,7,7,2,2,2680,2686,2680,2686,35,31,0,18,10,5,5,0,0,0,0,0,0,0,83,83,0,0,0,0,0,0,0,83
8807,2,"8807-2",2,1,2,NA,NA,NA,NA,NA,NA,NA,1,1,1,138.301188814,0,7,0,2,2,2686,2680,2680,2686,48,35,1,18,10,5,5,0,0,0,0,0,0,0,83,83,0,0,0,0,0,0,0,83
8815,3,"8815-3",2,1,3,NA,NA,NA,NA,NA,NA,NA,3,3,1,64.126422724,0,6,6,2,2,1809,1959,1809,1959,20,17,0,11,10,2,7,0,0,0,0,0,0,0,48,15,0,0,0,0,0,0,0,48
8815,4,"8815-4",2,1,3,NA,NA,NA,NA,NA,NA,NA,3,3,1,64.126422724,0,6,0,2,2,1959,1809,1809,1959,22,20,1,11,10,2,7,0,0,0,0,0,0,0,48,15,0,0,0,0,0,0,0,48
8819,1,"8819-1",3,1,2,3,NA,NA,NA,NA,NA,NA,3,3,1,39.768075724,0,7,7,3,3,2750,2134,2750,2134,36,29,0,17,16,1,1,8,0,0,0,0,0,0,49,40,4,0,0,0,0,0,0,49
8819,2,"8819-2",3,1,2,3,NA,NA,NA,NA,NA,NA,3,3,1,39.768075724,0,7,0,3,3,2134,2750,2750,2134,48,36,1,17,16,1,1,8,0,0,0,0,0,0,49,40,4,0,0,0,0,0,0,49
8821,1,"8821-1",2,1,2,NA,NA,NA,NA,NA,NA,NA,1,2,1,118.96108581,0,7,7,3,3,2308,2311,2308,2311,35,33,0,19,8,1,1,0,0,0,0,0,0,0,62,60,0,0,0,0,0,0,0,62
8821,2,"8821-2",2,1,2,NA,NA,NA,NA,NA,NA,NA,1,2,1,118.96108581,0,7,0,3,3,2311,2308,2308,2311,48,35,1,19,8,1,1,0,0,0,0,0,0,0,62,60,0,0,0,0,0,0,0,62
8827,1,"8827-1",2,4,5,NA,NA,NA,NA,NA,NA,NA,2,1,1,97.973292592,0,3,3,2,2,1383,1329,1383,1329,25,8,0,6,50,6,7,0,0,0,0,0,0,0,17,13,0,0,0,0,0,0,0,17
8827,2,"8827-2",2,4,5,NA,NA,NA,NA,NA,NA,NA,2,1,1,97.973292592,0,3,0,2,2,1329,1383,1383,1329,48,25,1,6,50,6,7,0,0,0,0,0,0,0,17,13,0,0,0,0,0,0,0,17
8828,1,"8828-1",2,1,2,NA,NA,NA,NA,NA,NA,NA,1,1,1,160.41772488,0,6,6,2,2,754,2322,754,2322,12,8,0,6,30,2,2,0,0,0,0,0,0,0,56,57,0,0,0,0,0,0,0,57
8828,2,"8828-2",2,1,2,NA,NA,NA,NA,NA,NA,NA,1,1,1,160.41772488,1,6,7,2,2,2322,887,754,2322,14,12,1,6,30,2,2,0,0,0,0,0,0,0,56,57,0,0,0,0,0,0,0,57
8828,3,"8828-3",2,1,2,NA,NA,NA,NA,NA,NA,NA,1,1,1,160.41772488,0,6,0,2,2,887,754,754,2322,30,14,1,6,30,2,2,0,0,0,0,0,0,0,56,57,0,0,0,0,0,0,0,57
8830,5,"8830-5",2,1,3,NA,NA,NA,NA,NA,NA,NA,3,2,1,128.372624496,0,9,9,2,2,1875,1881,1875,1881,36,32,0,18,40,1,6,0,0,0,0,0,0,0,49,16,0,0,0,0,0,0,0,49
8830,6,"8830-6",2,1,3,NA,NA,NA,NA,NA,NA,NA,3,2,1,128.372624496,0,9,0,2,2,1881,1875,1875,1881,48,36,1,18,40,1,6,0,0,0,0,0,0,0,49,16,0,0,0,0,0,0,0,49
8832,3,"8832-3",3,1,3,4,NA,NA,NA,NA,NA,NA,3,2,1,64.567876964,0,9,9,3,3,1888,1687,1888,1687,36,30,0,17,45,1,7,7,0,0,0,0,0,0,49,15,15,0,0,0,0,0,0,49
8832,4,"8832-4",3,1,3,4,NA,NA,NA,NA,NA,NA,3,2,1,64.567876964,0,9,0,3,3,1687,1888,1888,1687,48,36,1,17,45,1,7,7,0,0,0,0,0,0,49,15,15,0,0,0,0,0,0,49
8835,1,"8835-1",2,1,2,NA,NA,NA,NA,NA,NA,NA,1,1,1,45.598658117,1,5,5,2,2,1472,1464,1472,1478,17,15,0,10,15,5,5,0,0,0,0,0,0,0,79,78,0,0,0,0,0,0,0,79
8835,2,"8835-2",2,1,2,NA,NA,NA,NA,NA,NA,NA,1,1,1,45.598658117,1,5,7,2,2,1464,1474,1472,1478,18,17,0,10,15,5,5,0,0,0,0,0,0,0,79,78,0,0,0,0,0,0,0,79
8835,3,"8835-3",2,1,2,NA,NA,NA,NA,NA,NA,NA,1,1,1,45.598658117,0,5,5,2,2,1474,1478,1472,1478,20,18,0,10,15,5,5,0,0,0,0,0,0,0,79,78,0,0,0,0,0,0,0,79
8835,4,"8835-4",2,1,2,NA,NA,NA,NA,NA,NA,NA,1,1,1,45.598658117,1,5,5,2,2,1478,1445,1472,1478,21,20,1,10,15,5,5,0,0,0,0,0,0,0,79,78,0,0,0,0,0,0,0,79
8835,5,"8835-5",2,1,2,NA,NA,NA,NA,NA,NA,NA,1,1,1,45.598658117,0,5,0,2,2,1445,1472,1472,1478,48,21,1,10,15,5,5,0,0,0,0,0,0,0,79,78,0,0,0,0,0,0,0,79
8841,1,"8841-1",3,1,2,3,NA,NA,NA,NA,NA,NA,3,1,1,68.991238264,0,7,7,3,3,1646,1630,1646,1630,21,15,0,10,0,1,2,8,0,0,0,0,0,0,39,31,0,0,0,0,0,0,0,39
8841,2,"8841-2",3,1,2,3,NA,NA,NA,NA,NA,NA,3,1,1,68.991238264,0,7,0,3,3,1630,1646,1646,1630,48,21,1,10,0,1,2,8,0,0,0,0,0,0,39,31,0,0,0,0,0,0,0,39
8844,3,"8844-3",2,3,4,NA,NA,NA,NA,NA,NA,NA,2,2,1,203.312559072,0,9,9,2,2,743,940,743,940,35,29,0,17,25,6,7,0,0,0,0,0,0,0,16,14,0,0,0,0,0,0,0,16
8844,4,"8844-4",2,3,4,NA,NA,NA,NA,NA,NA,NA,2,2,1,203.312559072,0,9,0,2,2,940,743,743,940,48,35,1,17,25,6,7,0,0,0,0,0,0,0,16,14,0,0,0,0,0,0,0,16
8853,1,"8853-1",2,1,2,NA,NA,NA,NA,NA,NA,NA,1,2,1,27.187371225,1,5,5,2,2,1128,1631,1128,1128,21,19,0,12,10,2,4,0,0,0,0,0,0,0,67,40,0,0,0,0,0,0,0,67
8853,2,"8853-2",2,1,2,NA,NA,NA,NA,NA,NA,NA,1,2,1,27.187371225,0,5,5,2,2,1631,1128,1128,1128,48,21,0,12,10,2,4,0,0,0,0,0,0,0,67,40,0,0,0,0,0,0,0,67
8854,3,"8854-3",3,1,2,3,NA,NA,NA,NA,NA,NA,3,3,1,118.01033104,0,7,7,3,3,743,921,743,921,38,35,0,20,0,2,1,7,0,0,0,0,0,0,45,46,13,0,0,0,0,0,0,46
8854,4,"8854-4",3,1,2,3,NA,NA,NA,NA,NA,NA,3,3,1,118.01033104,0,7,0,3,3,921,743,743,921,48,38,1,20,0,2,1,7,0,0,0,0,0,0,45,46,13,0,0,0,0,0,0,46
8857,1,"8857-1",2,1,2,NA,NA,NA,NA,NA,NA,NA,1,2,1,219.4949098,0,9,9,2,2,1128,1135,1128,1135,37,32,0,18,50,3,1,0,0,0,0,0,0,0,34,42,0,0,0,0,0,0,0,42
8857,2,"8857-2",2,1,2,NA,NA,NA,NA,NA,NA,NA,1,2,1,219.4949098,0,9,0,2,2,1135,1128,1128,1135,48,37,1,18,50,3,1,0,0,0,0,0,0,0,34,42,0,0,0,0,0,0,0,42
8860,1,"8860-1",2,1,2,NA,NA,NA,NA,NA,NA,NA,1,3,1,89.2101798,0,5,5,2,2,495,494,495,494,36,36,0,20,32,1,1,0,0,0,0,0,0,0,37,45,0,0,0,0,0,0,0,45
8860,2,"8860-2",2,1,2,NA,NA,NA,NA,NA,NA,NA,1,3,1,89.2101798,0,5,0,2,2,494,495,495,494,48,36,1,20,32,1,1,0,0,0,0,0,0,0,37,45,0,0,0,0,0,0,0,45
8864,1,"8864-1",2,3,4,NA,NA,NA,NA,NA,NA,NA,2,1,1,30.6202297,0,3,3,9,9,2505,2498,2505,2498,23,8,0,6,50,7,7,0,0,0,0,0,0,0,15,13,0,0,0,0,0,0,0,15
8864,2,"8864-2",2,3,4,NA,NA,NA,NA,NA,NA,NA,2,1,1,30.6202297,0,3,0,9,9,2498,2505,2505,2498,48,23,1,6,50,7,7,0,0,0,0,0,0,0,15,13,0,0,0,0,0,0,0,15
8868,1,"8868-1",2,1,2,NA,NA,NA,NA,NA,NA,NA,1,2,1,40.1700329,1,5,5,2,2,1128,1590,1128,1584,23,22,0,13,49,4,4,0,0,0,0,0,0,0,63,64,0,0,0,0,0,0,0,64
8868,2,"8868-2",2,1,2,NA,NA,NA,NA,NA,NA,NA,1,2,1,40.1700329,1,5,5,2,2,1590,1590,1128,1584,23,23,0,13,49,4,4,0,0,0,0,0,0,0,63,64,0,0,0,0,0,0,0,64
8868,3,"8868-3",2,1,2,NA,NA,NA,NA,NA,NA,NA,1,2,1,40.1700329,1,5,5,2,2,1590,1590,1128,1584,25,23,0,13,49,4,4,0,0,0,0,0,0,0,63,64,0,0,0,0,0,0,0,64
8868,4,"8868-4",2,1,2,NA,NA,NA,NA,NA,NA,NA,1,2,1,40.1700329,0,5,5,2,2,1590,1584,1128,1584,26,25,0,13,49,4,4,0,0,0,0,0,0,0,63,64,0,0,0,0,0,0,0,64
8868,5,"8868-5",2,1,2,NA,NA,NA,NA,NA,NA,NA,1,2,1,40.1700329,1,5,5,2,2,1584,1611,1128,1584,27,26,1,13,49,4,4,0,0,0,0,0,0,0,63,64,0,0,0,0,0,0,0,64
8868,6,"8868-6",2,1,2,NA,NA,NA,NA,NA,NA,NA,1,2,1,40.1700329,0,5,0,2,2,1611,1128,1128,1584,48,27,1,13,49,4,4,0,0,0,0,0,0,0,63,64,0,0,0,0,0,0,0,64
8869,1,"8869-1",2,1,2,NA,NA,NA,NA,NA,NA,NA,1,2,1,45.99165795,0,8,8,2,2,1472,1879,1472,1879,35,30,0,17,30,2,1,0,0,0,0,0,0,0,60,61,0,0,0,0,0,0,0,61
8869,2,"8869-2",2,1,2,NA,NA,NA,NA,NA,NA,NA,1,2,1,45.99165795,1,8,7,2,2,1879,1901,1472,1879,37,35,1,17,30,2,1,0,0,0,0,0,0,0,60,61,0,0,0,0,0,0,0,61
8869,3,"8869-3",2,1,2,NA,NA,NA,NA,NA,NA,NA,1,2,1,45.99165795,0,8,0,2,2,1901,1472,1472,1879,48,37,1,17,30,2,1,0,0,0,0,0,0,0,60,61,0,0,0,0,0,0,0,61
8871,1,"8871-1",2,1,2,NA,NA,NA,NA,NA,NA,NA,1,1,1,27.151692464,0,9,9,2,2,2767,1530,2767,1530,18,8,0,6,45,4,5,0,0,0,0,0,0,0,62,65,0,0,0,0,0,0,0,65
8871,2,"8871-2",2,1,2,NA,NA,NA,NA,NA,NA,NA,1,1,1,27.151692464,1,9,6,2,2,1530,2699,2767,1530,20,18,1,6,45,4,5,0,0,0,0,0,0,0,62,65,0,0,0,0,0,0,0,65
8871,3,"8871-3",2,1,2,NA,NA,NA,NA,NA,NA,NA,1,1,1,27.151692464,1,9,6,2,2,2699,1608,2767,1530,22,20,1,6,45,4,5,0,0,0,0,0,0,0,62,65,0,0,0,0,0,0,0,65
8871,4,"8871-4",2,1,2,NA,NA,NA,NA,NA,NA,NA,1,1,1,27.151692464,0,9,0,2,2,1608,2767,2767,1530,26,22,1,6,45,4,5,0,0,0,0,0,0,0,62,65,0,0,0,0,0,0,0,65
8871,5,"8871-5",2,1,2,NA,NA,NA,NA,NA,NA,NA,1,2,2,27.151692464,1,5,5,2,2,2767,2787,2767,2738,28,26,0,15,45,4,5,0,0,0,0,0,0,0,62,65,0,0,0,0,0,0,0,65
8871,6,"8871-6",2,1,2,NA,NA,NA,NA,NA,NA,NA,1,2,2,27.151692464,1,5,8,2,2,2787,1542,2767,2738,31,28,0,15,45,4,5,0,0,0,0,0,0,0,62,65,0,0,0,0,0,0,0,65
8871,7,"8871-7",2,1,2,NA,NA,NA,NA,NA,NA,NA,1,2,2,27.151692464,0,5,5,2,2,1542,2738,2767,2738,33,31,0,15,45,4,5,0,0,0,0,0,0,0,62,65,0,0,0,0,0,0,0,65
8871,8,"8871-8",2,1,2,NA,NA,NA,NA,NA,NA,NA,1,2,2,27.151692464,0,5,0,2,2,2738,2767,2767,2738,48,33,1,15,45,4,5,0,0,0,0,0,0,0,62,65,0,0,0,0,0,0,0,65
8880,1,"8880-1",2,1,2,NA,NA,NA,NA,NA,NA,NA,1,2,1,28.706259184,0,9,9,2,2,1182,1187,1182,1187,36,32,0,18,39,5,5,0,0,0,0,0,0,0,67,68,0,0,0,0,0,0,0,68
8880,2,"8880-2",2,1,2,NA,NA,NA,NA,NA,NA,NA,1,2,1,28.706259184,0,9,0,2,2,1187,1182,1182,1187,48,36,1,18,39,5,5,0,0,0,0,0,0,0,67,68,0,0,0,0,0,0,0,68
8884,1,"8884-1",2,1,2,NA,NA,NA,NA,NA,NA,NA,1,2,1,21.227543227,0,6,6,2,2,2472,2434,2472,2434,27,26,0,15,36,4,4,0,0,0,0,0,0,0,64,64,0,0,0,0,0,0,0,64
8884,2,"8884-2",2,1,2,NA,NA,NA,NA,NA,NA,NA,1,2,1,21.227543227,1,6,7,2,2,2434,2434,2472,2434,28,27,1,15,36,4,4,0,0,0,0,0,0,0,64,64,0,0,0,0,0,0,0,64
8884,3,"8884-3",2,1,2,NA,NA,NA,NA,NA,NA,NA,1,2,1,21.227543227,0,6,0,2,2,2434,2472,2472,2434,48,28,1,15,36,4,4,0,0,0,0,0,0,0,64,64,0,0,0,0,0,0,0,64
8885,3,"8885-3",2,1,6,NA,NA,NA,NA,NA,NA,NA,3,2,1,136.0332263,0,9,9,3,3,1875,1919,1875,1919,36,31,0,18,0,1,7,0,0,0,0,0,0,0,36,10,0,0,0,0,0,0,0,36
8885,4,"8885-4",2,1,6,NA,NA,NA,NA,NA,NA,NA,3,2,1,136.0332263,0,9,0,3,3,1919,1875,1875,1919,48,36,1,18,0,1,7,0,0,0,0,0,0,0,36,10,0,0,0,0,0,0,0,36
8889,1,"8889-1",3,1,2,3,NA,NA,NA,NA,NA,NA,1,1,1,199.93708518,0,4,4,3,3,949,818,949,818,16,13,0,9,2,1,4,4,0,0,0,0,0,0,40,46,30,0,0,0,0,0,0,46
8889,2,"8889-2",3,1,2,3,NA,NA,NA,NA,NA,NA,1,1,1,199.93708518,0,4,0,3,3,818,949,949,818,48,16,1,9,2,1,4,4,0,0,0,0,0,0,40,46,30,0,0,0,0,0,0,46
8891,1,"8891-1",3,2,3,4,NA,NA,NA,NA,NA,NA,3,1,0,15.796598352,0,NA,9,3,NA,2466,2461,NA,NA,31,26,0,NA,NA,2,8,8,0,0,0,0,0,0,33,3,0,0,0,0,0,0,0,33
8891,2,"8891-2",3,2,3,4,NA,NA,NA,NA,NA,NA,3,1,0,15.796598352,0,NA,0,3,NA,2461,2466,NA,NA,48,31,1,NA,NA,2,8,8,0,0,0,0,0,0,33,3,0,0,0,0,0,0,0,33
8900,11,"8900-11",2,1,2,NA,NA,NA,NA,NA,NA,NA,1,2,1,31.8453408,0,7,7,2,2,9999,9999,9999,9999,35,33,0,19,8,1,2,0,0,0,0,0,0,0,63,57,0,0,0,0,0,0,0,63
8900,12,"8900-12",2,1,2,NA,NA,NA,NA,NA,NA,NA,1,2,1,31.8453408,0,7,0,2,2,9999,9999,9999,9999,48,35,1,19,8,1,2,0,0,0,0,0,0,0,63,57,0,0,0,0,0,0,0,63
8902,1,"8902-1",2,1,2,NA,NA,NA,NA,NA,NA,NA,1,2,1,31.342513755,0,4,4,2,3,1187,682,1187,682,31,27,0,16,20,2,2,0,0,0,0,0,0,0,66,61,0,0,0,0,0,0,0,66
8902,2,"8902-2",2,1,2,NA,NA,NA,NA,NA,NA,NA,1,2,1,31.342513755,0,4,0,3,3,682,1187,1187,682,34,31,1,16,20,2,2,0,0,0,0,0,0,0,66,61,0,0,0,0,0,0,0,66
8902,3,"8902-3",2,1,2,NA,NA,NA,NA,NA,NA,NA,1,3,2,31.342513755,0,8,8,3,3,1187,1191,1187,1191,37,34,0,19,40,2,2,0,0,0,0,0,0,0,66,61,0,0,0,0,0,0,0,66
8902,4,"8902-4",2,1,2,NA,NA,NA,NA,NA,NA,NA,1,3,2,31.342513755,0,8,0,3,3,1191,1187,1187,1191,48,37,1,19,40,2,2,0,0,0,0,0,0,0,66,61,0,0,0,0,0,0,0,66
8904,1,"8904-1",2,1,2,NA,NA,NA,NA,NA,NA,NA,1,2,1,17.427356654,0,7,7,2,2,2704,2699,2704,2699,21,18,0,11,49,4,4,0,0,0,0,0,0,0,63,63,0,0,0,0,0,0,0,63
8904,2,"8904-2",2,1,2,NA,NA,NA,NA,NA,NA,NA,1,2,1,17.427356654,1,7,5,2,2,2699,2715,2704,2699,22,21,1,11,49,4,4,0,0,0,0,0,0,0,63,63,0,0,0,0,0,0,0,63
8904,3,"8904-3",2,1,2,NA,NA,NA,NA,NA,NA,NA,1,2,1,17.427356654,0,7,0,2,2,2715,2704,2704,2699,23,22,1,11,49,4,4,0,0,0,0,0,0,0,63,63,0,0,0,0,0,0,0,63
8905,1,"8905-1",2,1,2,NA,NA,NA,NA,NA,NA,NA,1,2,1,20.46123471,0,6,6,2,2,2754,2793,2754,2793,28,28,0,16,37,1,2,0,0,0,0,0,0,0,63,40,0,0,0,0,0,0,0,63
8905,2,"8905-2",2,1,2,NA,NA,NA,NA,NA,NA,NA,1,2,1,20.46123471,0,6,0,2,2,2793,2754,2754,2793,48,28,1,16,37,1,2,0,0,0,0,0,0,0,63,40,0,0,0,0,0,0,0,63
8906,3,"8906-3",2,1,3,NA,NA,NA,NA,NA,NA,NA,3,2,2,80.665261344,0,9,9,2,2,1128,1623,1128,1623,35,31,0,18,25,1,7,0,0,0,0,0,0,0,49,11,0,0,0,0,0,0,0,49
8906,4,"8906-4",2,1,3,NA,NA,NA,NA,NA,NA,NA,3,2,2,80.665261344,0,9,0,2,2,1623,1128,1128,1623,48,35,1,18,25,1,7,0,0,0,0,0,0,0,49,11,0,0,0,0,0,0,0,49
8906,1,"8906-1",2,3,4,NA,NA,NA,NA,NA,NA,NA,2,1,1,74.2640459,0,3,3,9,9,1128,1141,1128,1141,25,9,0,7,15,7,7,0,0,0,0,0,0,0,11,11,0,0,0,0,0,0,0,11
8906,2,"8906-2",2,3,4,NA,NA,NA,NA,NA,NA,NA,2,1,1,74.2640459,0,3,0,9,9,1141,1128,1128,1141,31,25,1,7,15,7,7,0,0,0,0,0,0,0,11,11,0,0,0,0,0,0,0,11
8911,2,"8911-2",2,1,2,NA,NA,NA,NA,NA,NA,NA,1,3,1,117.142203744,0,6,6,2,2,1872,1875,1872,1875,27,26,0,15,45,1,1,0,0,0,0,0,0,0,48,54,0,0,0,0,0,0,0,54
8911,3,"8911-3",2,1,2,NA,NA,NA,NA,NA,NA,NA,1,3,1,117.142203744,0,6,0,2,2,1875,1872,1872,1875,32,27,1,15,45,1,1,0,0,0,0,0,0,0,48,54,0,0,0,0,0,0,0,54
8931,1,"8931-1",2,1,2,NA,NA,NA,NA,NA,NA,NA,1,1,1,62.8425361,1,9,5,2,2,1859,1835,1859,2002,23,22,0,13,30,4,1,0,0,0,0,0,0,0,53,53,0,0,0,0,0,0,0,53
8931,2,"8931-2",2,1,2,NA,NA,NA,NA,NA,NA,NA,1,1,1,62.8425361,1,9,6,2,2,1835,1917,1859,2002,26,23,0,13,30,4,1,0,0,0,0,0,0,0,53,53,0,0,0,0,0,0,0,53
8931,3,"8931-3",2,1,2,NA,NA,NA,NA,NA,NA,NA,1,1,1,62.8425361,0,9,9,2,2,1917,2002,1859,2002,32,26,0,13,30,4,1,0,0,0,0,0,0,0,53,53,0,0,0,0,0,0,0,53
8931,4,"8931-4",2,1,2,NA,NA,NA,NA,NA,NA,NA,1,1,1,62.8425361,1,9,6,2,2,2002,1923,1859,2002,33,32,1,13,30,4,1,0,0,0,0,0,0,0,53,53,0,0,0,0,0,0,0,53
8931,5,"8931-5",2,1,2,NA,NA,NA,NA,NA,NA,NA,1,1,1,62.8425361,1,9,5,2,2,1923,1858,1859,2002,34,33,1,13,30,4,1,0,0,0,0,0,0,0,53,53,0,0,0,0,0,0,0,53
8931,6,"8931-6",2,1,2,NA,NA,NA,NA,NA,NA,NA,1,1,1,62.8425361,0,9,0,2,2,1858,1859,1859,2002,48,34,1,13,30,4,1,0,0,0,0,0,0,0,53,53,0,0,0,0,0,0,0,53
8938,1,"8938-1",2,1,2,NA,NA,NA,NA,NA,NA,NA,1,1,1,137.585847105,0,6,6,2,2,1128,264,1128,264,18,12,0,8,30,1,3,0,0,0,0,0,0,0,64,60,0,0,0,0,0,0,0,64
8938,2,"8938-2",2,1,2,NA,NA,NA,NA,NA,NA,NA,1,1,1,137.585847105,0,6,0,2,2,264,1128,1128,264,23,18,1,8,30,1,3,0,0,0,0,0,0,0,64,60,0,0,0,0,0,0,0,64
8939,1,"8939-1",2,1,2,NA,NA,NA,NA,NA,NA,NA,1,2,1,37.42275432,0,9,9,2,2,1469,1470,1469,1470,35,32,0,18,45,2,5,0,0,0,0,0,0,0,71,74,0,0,0,0,0,0,0,74
8939,2,"8939-2",2,1,2,NA,NA,NA,NA,NA,NA,NA,1,2,1,37.42275432,1,9,5,2,2,1470,1479,1469,1470,37,35,1,18,45,2,5,0,0,0,0,0,0,0,71,74,0,0,0,0,0,0,0,74
8939,3,"8939-3",2,1,2,NA,NA,NA,NA,NA,NA,NA,1,2,1,37.42275432,0,9,0,2,2,1479,1469,1469,1470,48,37,1,18,45,2,5,0,0,0,0,0,0,0,71,74,0,0,0,0,0,0,0,74
8946,1,"8946-1",2,1,3,NA,NA,NA,NA,NA,NA,NA,1,2,1,253.649783415,0,5,5,2,2,2261,2273,2261,2273,31,25,0,15,20,2,4,0,0,0,0,0,0,0,48,26,0,0,0,0,0,0,0,48
8946,2,"8946-2",2,1,3,NA,NA,NA,NA,NA,NA,NA,1,2,1,253.649783415,1,5,7,2,2,2273,2255,2261,2273,31,31,1,15,20,2,4,0,0,0,0,0,0,0,48,26,0,0,0,0,0,0,0,48
8946,3,"8946-3",2,1,3,NA,NA,NA,NA,NA,NA,NA,1,2,1,253.649783415,0,5,0,2,2,2255,2261,2261,2273,32,31,1,15,20,2,4,0,0,0,0,0,0,0,48,26,0,0,0,0,0,0,0,48
8946,4,"8946-4",3,2,3,5,NA,NA,NA,NA,NA,NA,1,2,2,259.430834355,0,9,9,3,3,2261,2169,2261,2169,35,32,0,18,42,1,4,2,0,0,0,0,0,0,50,26,18,0,0,0,0,0,0,50
8946,5,"8946-5",3,2,3,5,NA,NA,NA,NA,NA,NA,1,2,2,259.430834355,0,9,0,3,3,2169,2261,2261,2169,48,35,1,18,42,1,4,2,0,0,0,0,0,0,50,26,18,0,0,0,0,0,0,50
8949,1,"8949-1",2,1,2,NA,NA,NA,NA,NA,NA,NA,1,1,1,54.8801871,0,5,5,2,2,1342,1308,1342,1308,30,29,0,17,0,4,1,0,0,0,0,0,0,0,45,45,0,0,0,0,0,0,0,45
8949,2,"8949-2",2,1,2,NA,NA,NA,NA,NA,NA,NA,1,1,1,54.8801871,0,5,0,2,2,1308,1342,1342,1308,48,30,1,17,0,4,1,0,0,0,0,0,0,0,45,45,0,0,0,0,0,0,0,45
8955,1,"8955-1",2,1,2,NA,NA,NA,NA,NA,NA,NA,1,1,1,70.795275024,1,5,6,2,2,110,158,110,100,17,14,0,9,30,5,5,0,0,0,0,0,0,0,66,68,0,0,0,0,0,0,0,68
8955,2,"8955-2",2,1,2,NA,NA,NA,NA,NA,NA,NA,1,1,1,70.795275024,0,5,5,2,2,158,100,110,100,23,17,0,9,30,5,5,0,0,0,0,0,0,0,66,68,0,0,0,0,0,0,0,68
8955,3,"8955-3",2,1,2,NA,NA,NA,NA,NA,NA,NA,1,1,1,70.795275024,1,5,7,2,2,100,105,110,100,26,23,1,9,30,5,5,0,0,0,0,0,0,0,66,68,0,0,0,0,0,0,0,68
8955,4,"8955-4",2,1,2,NA,NA,NA,NA,NA,NA,NA,1,1,1,70.795275024,1,5,6,2,2,105,48,110,100,28,26,1,9,30,5,5,0,0,0,0,0,0,0,66,68,0,0,0,0,0,0,0,68
8955,5,"8955-5",2,1,2,NA,NA,NA,NA,NA,NA,NA,1,1,1,70.795275024,0,5,0,2,2,48,110,110,100,48,28,1,9,30,5,5,0,0,0,0,0,0,0,66,68,0,0,0,0,0,0,0,68
8956,1,"8956-1",2,1,2,NA,NA,NA,NA,NA,NA,NA,1,2,1,87.7702521,0,7,7,3,3,2459,573,2459,573,31,27,0,16,5,1,3,0,0,0,0,0,0,0,50,21,0,0,0,0,0,0,0,50
8956,2,"8956-2",2,1,2,NA,NA,NA,NA,NA,NA,NA,1,2,1,87.7702521,1,7,4,3,3,573,2455,2459,573,32,31,1,16,5,1,3,0,0,0,0,0,0,0,50,21,0,0,0,0,0,0,0,50
8956,3,"8956-3",2,1,2,NA,NA,NA,NA,NA,NA,NA,1,2,1,87.7702521,0,7,0,3,3,2455,2459,2459,573,48,32,1,16,5,1,3,0,0,0,0,0,0,0,50,21,0,0,0,0,0,0,0,50
8957,1,"8957-1",2,1,2,NA,NA,NA,NA,NA,NA,NA,1,2,1,110.314172115,0,5,5,2,2,2141,2273,2141,2273,34,33,0,19,8,1,1,0,0,0,0,0,0,0,40,53,0,0,0,0,0,0,0,53
8957,2,"8957-2",2,1,2,NA,NA,NA,NA,NA,NA,NA,1,2,1,110.314172115,0,5,0,2,2,2273,2272,2141,2273,48,34,1,19,8,1,1,0,0,0,0,0,0,0,40,53,0,0,0,0,0,0,0,53
8960,1,"8960-1",2,1,2,NA,NA,NA,NA,NA,NA,NA,1,2,1,159.607317771,0,7,7,2,2,2350,2214,2350,2214,34,33,0,19,10,5,5,0,0,0,0,0,0,0,66,72,0,0,0,0,0,0,0,72
8960,2,"8960-2",2,1,2,NA,NA,NA,NA,NA,NA,NA,1,2,1,159.607317771,0,7,0,2,2,2214,2350,2350,2214,48,34,1,19,10,5,5,0,0,0,0,0,0,0,66,72,0,0,0,0,0,0,0,72
8968,1,"8968-1",2,2,3,NA,NA,NA,NA,NA,NA,NA,1,1,1,66.7297515,0,6,6,2,2,1872,1867,1872,1867,23,21,0,13,0,4,3,0,0,0,0,0,0,0,60,24,0,0,0,0,0,0,0,60
8968,2,"8968-2",2,2,3,NA,NA,NA,NA,NA,NA,NA,1,1,1,66.7297515,1,6,7,2,2,1867,1182,1872,1867,25,23,1,13,0,4,3,0,0,0,0,0,0,0,60,24,0,0,0,0,0,0,0,60
8968,3,"8968-3",2,2,3,NA,NA,NA,NA,NA,NA,NA,1,1,1,66.7297515,1,6,6,2,2,1182,1872,1872,1867,26,25,1,13,0,4,3,0,0,0,0,0,0,0,60,24,0,0,0,0,0,0,0,60
8968,4,"8968-4",2,2,3,NA,NA,NA,NA,NA,NA,NA,1,1,1,66.7297515,0,6,0,2,2,1872,1872,1872,1867,31,26,1,13,0,4,3,0,0,0,0,0,0,0,60,24,0,0,0,0,0,0,0,60
8974,1,"8974-1",2,1,2,NA,NA,NA,NA,NA,NA,NA,1,1,1,172.095886387,0,9,9,2,2,1859,1925,1859,1925,33,27,0,16,15,5,5,0,0,0,0,0,0,0,78,65,0,0,0,0,0,0,0,78
8974,2,"8974-2",2,1,2,NA,NA,NA,NA,NA,NA,NA,1,1,1,172.095886387,0,9,0,2,2,1925,1859,1859,1925,48,33,1,16,15,5,5,0,0,0,0,0,0,0,78,65,0,0,0,0,0,0,0,78
8979,3,"8979-3",2,1,2,NA,NA,NA,NA,NA,NA,NA,3,2,1,34.503851188,0,9,9,2,2,2673,2670,2673,2670,33,31,0,18,15,1,7,0,0,0,0,0,0,0,28,7,0,0,0,0,0,0,0,28
8979,4,"8979-4",2,1,2,NA,NA,NA,NA,NA,NA,NA,3,2,1,34.503851188,0,9,0,2,2,2670,2673,2673,2670,48,33,1,18,15,1,7,0,0,0,0,0,0,0,28,7,0,0,0,0,0,0,0,28
8985,1,"8985-1",2,1,2,NA,NA,NA,NA,NA,NA,NA,1,1,1,103.604435799,0,9,9,2,2,464,463,464,463,13,11,0,8,10,5,5,0,0,0,0,0,0,0,78,80,0,0,0,0,0,0,0,80
8985,2,"8985-2",2,1,2,NA,NA,NA,NA,NA,NA,NA,1,1,1,103.604435799,0,9,0,2,2,463,464,464,463,48,13,1,8,10,5,5,0,0,0,0,0,0,0,78,80,0,0,0,0,0,0,0,80
8986,1,"8986-1",2,1,2,NA,NA,NA,NA,NA,NA,NA,1,2,1,76.519913495,0,6,6,2,2,166,800,166,800,36,29,0,17,25,5,3,0,0,0,0,0,0,0,66,26,0,0,0,0,0,0,0,66
8986,2,"8986-2",2,1,2,NA,NA,NA,NA,NA,NA,NA,1,2,1,76.519913495,0,6,0,2,2,800,166,166,800,48,36,1,17,25,5,3,0,0,0,0,0,0,0,66,26,0,0,0,0,0,0,0,66
8993,1,"8993-1",3,3,4,5,NA,NA,NA,NA,NA,NA,2,1,1,64.6070876,0,8,8,3,3,1640,1631,1640,1631,26,23,0,14,25,8,8,8,0,0,0,0,0,0,2,2,1,0,0,0,0,0,0,2
8993,2,"8993-2",3,3,4,5,NA,NA,NA,NA,NA,NA,2,1,1,64.6070876,0,8,0,3,3,1631,1640,1640,1631,48,26,1,14,25,8,8,8,0,0,0,0,0,0,2,2,1,0,0,0,0,0,0,2
8995,1,"8995-1",2,3,5,NA,NA,NA,NA,NA,NA,NA,3,1,1,183.1310555,0,6,6,2,2,56,384,56,384,15,15,0,10,0,8,4,0,0,0,0,0,0,0,0,21,0,0,0,0,0,0,0,21
8995,2,"8995-2",2,3,5,NA,NA,NA,NA,NA,NA,NA,3,1,1,183.1310555,0,6,0,2,2,384,56,56,384,48,15,1,10,0,8,4,0,0,0,0,0,0,0,0,21,0,0,0,0,0,0,0,21
8999,1,"8999-1",2,1,2,NA,NA,NA,NA,NA,NA,NA,1,1,1,16.083732729,1,6,6,2,3,2757,2790,2757,2707,14,14,0,9,30,5,5,0,0,0,0,0,0,0,90,91,0,0,0,0,0,0,0,91
8999,2,"8999-2",2,1,2,NA,NA,NA,NA,NA,NA,NA,1,1,1,16.083732729,0,6,6,2,3,2790,2707,2757,2707,19,14,0,9,30,5,5,0,0,0,0,0,0,0,90,91,0,0,0,0,0,0,0,91
8999,3,"8999-3",2,1,2,NA,NA,NA,NA,NA,NA,NA,1,1,1,16.083732729,1,6,8,2,3,2707,9999,2757,2707,21,19,1,9,30,5,5,0,0,0,0,0,0,0,90,91,0,0,0,0,0,0,0,91
8999,4,"8999-4",2,1,2,NA,NA,NA,NA,NA,NA,NA,1,1,1,16.083732729,1,6,7,3,3,9999,9999,2757,2707,23,21,1,9,30,5,5,0,0,0,0,0,0,0,90,91,0,0,0,0,0,0,0,91
8999,5,"8999-5",2,1,2,NA,NA,NA,NA,NA,NA,NA,1,1,1,16.083732729,1,6,8,3,3,9999,9999,2757,2707,23,23,1,9,30,5,5,0,0,0,0,0,0,0,90,91,0,0,0,0,0,0,0,91
8999,6,"8999-6",2,1,2,NA,NA,NA,NA,NA,NA,NA,1,1,1,16.083732729,0,6,0,2,3,9999,2757,2757,2707,48,23,1,9,30,5,5,0,0,0,0,0,0,0,90,91,0,0,0,0,0,0,0,91
9006,6,"9006-6",3,1,3,4,NA,NA,NA,NA,NA,NA,3,2,1,50.9327002,0,9,9,3,3,1496,1496,1496,1496,33,29,0,17,8,1,7,7,0,0,0,0,0,0,42,8,8,0,0,0,0,0,0,42
9006,7,"9006-7",3,1,3,4,NA,NA,NA,NA,NA,NA,3,2,1,50.9327002,0,9,0,3,3,1496,1496,1496,1496,48,33,1,17,8,1,7,7,0,0,0,0,0,0,42,8,8,0,0,0,0,0,0,42
9010,1,"9010-1",2,1,2,NA,NA,NA,NA,NA,NA,NA,1,1,1,36.806476464,0,4,4,3,3,1540,1540,1540,1540,13,13,0,9,0,4,4,0,0,0,0,0,0,0,61,64,0,0,0,0,0,0,0,64
9010,2,"9010-2",2,1,2,NA,NA,NA,NA,NA,NA,NA,1,1,1,36.806476464,0,4,0,2,3,1540,1540,1540,1540,21,13,1,9,0,4,4,0,0,0,0,0,0,0,61,64,0,0,0,0,0,0,0,64
9010,3,"9010-3",2,1,2,NA,NA,NA,NA,NA,NA,NA,1,2,2,36.806476464,0,6,6,2,2,1540,1538,1540,1538,25,21,0,13,10,4,4,0,0,0,0,0,0,0,61,64,0,0,0,0,0,0,0,64
9010,4,"9010-4",2,1,2,NA,NA,NA,NA,NA,NA,NA,1,2,2,36.806476464,0,6,0,2,2,1538,1540,1540,1538,30,25,1,13,10,4,4,0,0,0,0,0,0,0,61,64,0,0,0,0,0,0,0,64
9011,2,"9011-2",2,1,2,NA,NA,NA,NA,NA,NA,NA,1,2,1,115.536526606,0,7,7,2,2,270,219,270,219,25,18,0,11,30,4,1,0,0,0,0,0,0,0,60,29,0,0,0,0,0,0,0,60
9011,3,"9011-3",2,1,2,NA,NA,NA,NA,NA,NA,NA,1,2,1,115.536526606,0,7,0,2,2,219,270,270,219,33,25,1,11,30,4,1,0,0,0,0,0,0,0,60,29,0,0,0,0,0,0,0,60
9011,4,"9011-4",2,1,2,NA,NA,NA,NA,NA,NA,NA,1,3,2,115.536526606,0,7,7,2,2,270,2371,270,2371,38,33,0,19,0,4,1,0,0,0,0,0,0,0,60,29,0,0,0,0,0,0,0,60
9011,5,"9011-5",2,1,2,NA,NA,NA,NA,NA,NA,NA,1,3,2,115.536526606,0,7,0,2,2,2371,270,270,2371,40,38,1,19,0,4,1,0,0,0,0,0,0,0,60,29,0,0,0,0,0,0,0,60
9014,2,"9014-2",2,2,3,NA,NA,NA,NA,NA,NA,NA,3,1,1,58.3685091,0,5,5,2,2,1456,1445,1456,1445,17,14,0,9,45,1,8,0,0,0,0,0,0,0,30,1,0,0,0,0,0,0,0,30
9014,3,"9014-3",2,2,3,NA,NA,NA,NA,NA,NA,NA,3,1,1,58.3685091,1,5,5,2,2,1445,1445,1456,1445,18,17,1,9,45,1,8,0,0,0,0,0,0,0,30,1,0,0,0,0,0,0,0,30
9014,4,"9014-4",2,2,3,NA,NA,NA,NA,NA,NA,NA,3,1,1,58.3685091,0,5,0,2,2,1445,1456,1456,1445,29,18,1,9,45,1,8,0,0,0,0,0,0,0,30,1,0,0,0,0,0,0,0,30
9023,1,"9023-1",2,1,2,NA,NA,NA,NA,NA,NA,NA,1,1,1,17.105608165,0,5,5,2,2,2569,2675,2569,2675,24,19,0,12,10,5,5,0,0,0,0,0,0,0,66,68,0,0,0,0,0,0,0,68
9023,2,"9023-2",2,1,2,NA,NA,NA,NA,NA,NA,NA,1,1,1,17.105608165,1,5,6,2,2,2675,2634,2569,2675,25,24,1,12,10,5,5,0,0,0,0,0,0,0,66,68,0,0,0,0,0,0,0,68
9023,3,"9023-3",2,1,2,NA,NA,NA,NA,NA,NA,NA,1,1,1,17.105608165,1,5,7,2,2,2634,2614,2569,2675,29,25,1,12,10,5,5,0,0,0,0,0,0,0,66,68,0,0,0,0,0,0,0,68
9023,4,"9023-4",2,1,2,NA,NA,NA,NA,NA,NA,NA,1,1,1,17.105608165,0,5,0,2,2,2614,2569,2569,2675,30,29,1,12,10,5,5,0,0,0,0,0,0,0,66,68,0,0,0,0,0,0,0,68
9027,1,"9027-1",2,1,2,NA,NA,NA,NA,NA,NA,NA,1,2,1,405.743150085,0,7,7,2,2,1270,1141,1270,1141,37,33,0,19,10,1,4,0,0,0,0,0,0,0,57,59,0,0,0,0,0,0,0,59
9027,2,"9027-2",2,1,2,NA,NA,NA,NA,NA,NA,NA,1,2,1,405.743150085,0,7,0,2,2,1141,1270,1270,1141,48,37,1,19,10,1,4,0,0,0,0,0,0,0,57,59,0,0,0,0,0,0,0,59
9040,4,"9040-4",3,1,3,4,NA,NA,NA,NA,NA,NA,3,2,1,35.546318596,0,9,9,3,3,2754,2742,2754,2742,33,30,0,17,30,2,7,7,0,0,0,0,0,0,46,13,11,0,0,0,0,0,0,46
9040,5,"9040-5",3,1,3,4,NA,NA,NA,NA,NA,NA,3,2,1,35.546318596,0,9,0,3,3,2742,2754,2754,2742,48,33,1,17,30,2,7,7,0,0,0,0,0,0,46,13,11,0,0,0,0,0,0,46
9047,1,"9047-1",2,1,4,NA,NA,NA,NA,NA,NA,NA,3,1,0,69.199756848,0,NA,5,2,NA,1524,1531,NA,NA,17,15,0,NA,NA,2,8,0,0,0,0,0,0,0,29,1,0,0,0,0,0,0,0,29
9047,2,"9047-2",2,1,4,NA,NA,NA,NA,NA,NA,NA,3,1,0,69.199756848,0,NA,0,2,NA,1531,1524,NA,NA,29,17,1,NA,NA,2,8,0,0,0,0,0,0,0,29,1,0,0,0,0,0,0,0,29
9049,1,"9049-1",2,1,2,NA,NA,NA,NA,NA,NA,NA,1,1,1,227.605849,1,5,7,2,2,1340,1354,1340,1532,15,15,0,10,0,5,5,0,0,0,0,0,0,0,65,67,0,0,0,0,0,0,0,67
9049,2,"9049-2",2,1,2,NA,NA,NA,NA,NA,NA,NA,1,1,1,227.605849,0,5,5,2,2,1354,1532,1340,1532,18,15,0,10,0,5,5,0,0,0,0,0,0,0,65,67,0,0,0,0,0,0,0,67
9049,3,"9049-3",2,1,2,NA,NA,NA,NA,NA,NA,NA,1,1,1,227.605849,1,5,5,2,2,1532,1532,1340,1532,20,18,1,10,0,5,5,0,0,0,0,0,0,0,65,67,0,0,0,0,0,0,0,67
9049,4,"9049-4",2,1,2,NA,NA,NA,NA,NA,NA,NA,1,1,1,227.605849,0,5,0,2,2,1532,1340,1340,1532,48,20,1,10,0,5,5,0,0,0,0,0,0,0,65,67,0,0,0,0,0,0,0,67
9057,1,"9057-1",2,1,2,NA,NA,NA,NA,NA,NA,NA,1,2,1,53.864753985,0,9,9,2,2,1625,2765,1625,2765,31,27,0,16,15,2,2,0,0,0,0,0,0,0,63,61,0,0,0,0,0,0,0,63
9057,2,"9057-2",2,1,2,NA,NA,NA,NA,NA,NA,NA,1,2,1,53.864753985,0,9,0,2,2,2765,1625,1625,2765,48,31,1,16,15,2,2,0,0,0,0,0,0,0,63,61,0,0,0,0,0,0,0,63
9062,1,"9062-1",2,1,3,NA,NA,NA,NA,NA,NA,NA,1,3,1,22.365903257,0,7,7,4,4,2423,2429,2423,2429,34,30,0,17,50,4,1,0,0,0,0,0,0,0,57,24,0,0,0,0,0,0,0,57
9062,2,"9062-2",2,1,3,NA,NA,NA,NA,NA,NA,NA,1,3,1,22.365903257,0,7,0,4,4,2429,2423,2423,2429,48,34,1,17,50,4,1,0,0,0,0,0,0,0,57,24,0,0,0,0,0,0,0,57
9065,1,"9065-1",2,1,2,NA,NA,NA,NA,NA,NA,NA,1,1,1,74.05817302,1,6,4,2,2,1893,1897,1893,1923,26,25,0,15,21,5,5,0,0,0,0,0,0,0,74,71,0,0,0,0,0,0,0,74
9065,2,"9065-2",2,1,2,NA,NA,NA,NA,NA,NA,NA,1,1,1,74.05817302,1,6,6,2,2,1897,1917,1893,1923,27,26,0,15,21,5,5,0,0,0,0,0,0,0,74,71,0,0,0,0,0,0,0,74
9065,3,"9065-3",2,1,2,NA,NA,NA,NA,NA,NA,NA,1,1,1,74.05817302,0,6,6,2,2,1917,1923,1893,1923,28,27,0,15,21,5,5,0,0,0,0,0,0,0,74,71,0,0,0,0,0,0,0,74
9065,4,"9065-4",2,1,2,NA,NA,NA,NA,NA,NA,NA,1,1,1,74.05817302,1,6,5,2,2,1923,1901,1893,1923,29,28,1,15,21,5,5,0,0,0,0,0,0,0,74,71,0,0,0,0,0,0,0,74
9065,5,"9065-5",2,1,2,NA,NA,NA,NA,NA,NA,NA,1,1,1,74.05817302,0,6,0,2,2,1901,1893,1893,1923,32,29,1,15,21,5,5,0,0,0,0,0,0,0,74,71,0,0,0,0,0,0,0,74
9067,5,"9067-5",2,1,3,NA,NA,NA,NA,NA,NA,NA,3,2,1,55.6619629,0,4,4,2,2,1895,1940,1895,1940,32,30,0,17,34,1,7,0,0,0,0,0,0,0,48,13,0,0,0,0,0,0,0,48
9067,6,"9067-6",2,1,3,NA,NA,NA,NA,NA,NA,NA,3,2,1,55.6619629,0,4,0,2,2,1940,1895,1895,1940,48,32,1,17,34,1,7,0,0,0,0,0,0,0,48,13,0,0,0,0,0,0,0,48
9083,1,"9083-1",2,1,2,NA,NA,NA,NA,NA,NA,NA,1,1,1,83.918632376,0,6,6,2,3,1417,1210,1417,1210,16,11,0,8,15,1,4,0,0,0,0,0,0,0,48,48,0,0,0,0,0,0,0,48
9083,2,"9083-2",2,1,2,NA,NA,NA,NA,NA,NA,NA,1,1,1,83.918632376,0,6,0,3,3,1210,1417,1417,1210,29,16,1,8,15,1,4,0,0,0,0,0,0,0,48,48,0,0,0,0,0,0,0,48
9083,3,"9083-3",3,1,2,3,NA,NA,NA,NA,NA,NA,3,2,2,83.918632376,1,6,5,3,3,1417,1411,1417,1388,30,29,0,17,0,1,4,7,0,0,0,0,0,0,48,48,11,0,0,0,0,0,0,48
9083,4,"9083-4",3,1,2,3,NA,NA,NA,NA,NA,NA,3,2,2,83.918632376,1,6,7,3,3,1411,1384,1417,1388,32,30,0,17,0,1,4,7,0,0,0,0,0,0,48,48,11,0,0,0,0,0,0,48
9083,5,"9083-5",3,1,2,3,NA,NA,NA,NA,NA,NA,3,2,2,83.918632376,1,6,7,3,3,1384,1388,1417,1388,32,32,0,17,0,1,4,7,0,0,0,0,0,0,48,48,11,0,0,0,0,0,0,48
9083,6,"9083-6",3,1,2,3,NA,NA,NA,NA,NA,NA,3,2,2,83.918632376,0,6,6,3,3,1388,1388,1417,1388,35,32,0,17,0,1,4,7,0,0,0,0,0,0,48,48,11,0,0,0,0,0,0,48
9083,7,"9083-7",3,1,2,3,NA,NA,NA,NA,NA,NA,3,2,2,83.918632376,0,6,0,3,3,1388,1417,1417,1388,48,35,1,17,0,1,4,7,0,0,0,0,0,0,48,48,11,0,0,0,0,0,0,48
9086,1,"9086-1",2,1,2,NA,NA,NA,NA,NA,NA,NA,1,1,1,29.500685192,0,5,5,2,2,1184,1391,1184,1391,22,19,0,12,15,5,5,0,0,0,0,0,0,0,68,68,0,0,0,0,0,0,0,68
9086,2,"9086-2",2,1,2,NA,NA,NA,NA,NA,NA,NA,1,1,1,29.500685192,0,5,0,2,2,1391,1184,1184,1391,48,22,1,12,15,5,5,0,0,0,0,0,0,0,68,68,0,0,0,0,0,0,0,68
9095,1,"9095-1",2,1,2,NA,NA,NA,NA,NA,NA,NA,1,2,1,16.75842861,1,5,6,2,2,2727,2722,2727,2721,27,27,0,16,0,1,1,0,0,0,0,0,0,0,40,40,0,0,0,0,0,0,0,40
9095,2,"9095-2",2,1,2,NA,NA,NA,NA,NA,NA,NA,1,2,1,16.75842861,1,5,6,2,2,2722,2721,2727,2721,28,27,0,16,0,1,1,0,0,0,0,0,0,0,40,40,0,0,0,0,0,0,0,40
9095,3,"9095-3",2,1,2,NA,NA,NA,NA,NA,NA,NA,1,2,1,16.75842861,1,5,6,2,2,2721,2718,2727,2721,29,28,0,16,0,1,1,0,0,0,0,0,0,0,40,40,0,0,0,0,0,0,0,40
9095,4,"9095-4",2,1,2,NA,NA,NA,NA,NA,NA,NA,1,2,1,16.75842861,0,5,5,2,2,2718,2721,2727,2721,30,29,0,16,0,1,1,0,0,0,0,0,0,0,40,40,0,0,0,0,0,0,0,40
9095,5,"9095-5",2,1,2,NA,NA,NA,NA,NA,NA,NA,1,2,1,16.75842861,1,5,7,2,2,2721,2722,2727,2721,33,30,1,16,0,1,1,0,0,0,0,0,0,0,40,40,0,0,0,0,0,0,0,40
9095,6,"9095-6",2,1,2,NA,NA,NA,NA,NA,NA,NA,1,2,1,16.75842861,1,5,5,2,2,2722,2722,2727,2721,34,33,1,16,0,1,1,0,0,0,0,0,0,0,40,40,0,0,0,0,0,0,0,40
9095,7,"9095-7",2,1,2,NA,NA,NA,NA,NA,NA,NA,1,2,1,16.75842861,1,5,7,2,2,2722,2722,2727,2721,35,34,1,16,0,1,1,0,0,0,0,0,0,0,40,40,0,0,0,0,0,0,0,40
9095,8,"9095-8",2,1,2,NA,NA,NA,NA,NA,NA,NA,1,2,1,16.75842861,0,5,0,2,2,2722,2727,2727,2721,48,35,1,16,0,1,1,0,0,0,0,0,0,0,40,40,0,0,0,0,0,0,0,40
9096,1,"9096-1",2,3,4,NA,NA,NA,NA,NA,NA,NA,2,1,1,168.2682387,0,3,3,9,9,2509,2504,2509,2504,25,11,0,8,0,7,7,0,0,0,0,0,0,0,10,7,0,0,0,0,0,0,0,10
9096,2,"9096-2",2,3,4,NA,NA,NA,NA,NA,NA,NA,2,1,1,168.2682387,0,3,0,9,9,2504,2509,2509,2504,48,25,1,8,0,7,7,0,0,0,0,0,0,0,10,7,0,0,0,0,0,0,0,10
9112,1,"9112-1",2,1,2,NA,NA,NA,NA,NA,NA,NA,1,1,1,18.155340513,0,5,5,2,2,2633,2669,2633,2669,18,14,0,9,45,5,4,0,0,0,0,0,0,0,67,48,0,0,0,0,0,0,0,67
9112,2,"9112-2",2,1,2,NA,NA,NA,NA,NA,NA,NA,1,1,1,18.155340513,0,5,0,2,2,2669,2633,2633,2669,48,18,1,9,45,5,4,0,0,0,0,0,0,0,67,48,0,0,0,0,0,0,0,67
9114,1,"9114-1",2,1,2,NA,NA,NA,NA,NA,NA,NA,1,1,1,43.327938255,0,6,6,2,2,2497,9999,2497,9999,23,23,0,14,15,1,4,0,0,0,0,0,0,0,47,21,0,0,0,0,0,0,0,47
9114,2,"9114-2",2,1,2,NA,NA,NA,NA,NA,NA,NA,1,1,1,43.327938255,1,6,7,2,2,9999,9999,2497,9999,24,23,1,14,15,1,4,0,0,0,0,0,0,0,47,21,0,0,0,0,0,0,0,47
9114,3,"9114-3",2,1,2,NA,NA,NA,NA,NA,NA,NA,1,1,1,43.327938255,0,6,0,2,2,9999,2497,2497,9999,27,24,1,14,15,1,4,0,0,0,0,0,0,0,47,21,0,0,0,0,0,0,0,47
9115,1,"9115-1",2,1,2,NA,NA,NA,NA,NA,NA,NA,1,2,1,15.2778872,1,9,7,2,2,2423,1602,2423,1614,32,29,0,17,5,4,1,0,0,0,0,0,0,0,51,53,0,0,0,0,0,0,0,53
9115,2,"9115-2",2,1,2,NA,NA,NA,NA,NA,NA,NA,1,2,1,15.2778872,0,9,9,2,2,1602,1614,2423,1614,36,32,0,17,5,4,1,0,0,0,0,0,0,0,51,53,0,0,0,0,0,0,0,53
9115,3,"9115-3",2,1,2,NA,NA,NA,NA,NA,NA,NA,1,2,1,15.2778872,0,9,0,2,2,1614,2423,2423,1614,48,36,1,17,5,4,1,0,0,0,0,0,0,0,51,53,0,0,0,0,0,0,0,53
9122,1,"9122-1",2,2,3,NA,NA,NA,NA,NA,NA,NA,1,1,1,40.146781395,0,9,9,2,2,2672,2669,2672,2669,23,16,0,10,30,1,4,0,0,0,0,0,0,0,37,39,0,0,0,0,0,0,0,39
9122,2,"9122-2",2,2,3,NA,NA,NA,NA,NA,NA,NA,1,1,1,40.146781395,1,9,8,2,2,2669,2629,2672,2669,25,23,1,10,30,1,4,0,0,0,0,0,0,0,37,39,0,0,0,0,0,0,0,39
9122,3,"9122-3",2,2,3,NA,NA,NA,NA,NA,NA,NA,1,1,1,40.146781395,0,9,0,2,2,2629,2672,2672,2669,29,25,1,10,30,1,4,0,0,0,0,0,0,0,37,39,0,0,0,0,0,0,0,39
9125,1,"9125-1",2,1,2,NA,NA,NA,NA,NA,NA,NA,1,1,1,74.05817302,0,7,7,2,2,1913,1862,1913,1862,21,18,0,11,30,5,5,0,0,0,0,0,0,0,74,70,0,0,0,0,0,0,0,74
9125,2,"9125-2",2,1,2,NA,NA,NA,NA,NA,NA,NA,1,1,1,74.05817302,1,7,5,2,2,1862,1897,1913,1862,23,21,1,11,30,5,5,0,0,0,0,0,0,0,74,70,0,0,0,0,0,0,0,74
9125,3,"9125-3",2,1,2,NA,NA,NA,NA,NA,NA,NA,1,1,1,74.05817302,1,7,5,2,2,1897,1872,1913,1862,25,23,1,11,30,5,5,0,0,0,0,0,0,0,74,70,0,0,0,0,0,0,0,74
9125,4,"9125-4",2,1,2,NA,NA,NA,NA,NA,NA,NA,1,1,1,74.05817302,0,7,0,2,2,1872,1913,1913,1862,48,25,1,11,30,5,5,0,0,0,0,0,0,0,74,70,0,0,0,0,0,0,0,74
9126,1,"9126-1",2,1,2,NA,NA,NA,NA,NA,NA,NA,1,1,1,60.655960191,0,6,6,2,2,52,1032,52,1032,28,26,0,15,30,4,1,0,0,0,0,0,0,0,63,40,0,0,0,0,0,0,0,63
9126,2,"9126-2",2,1,2,NA,NA,NA,NA,NA,NA,NA,1,1,1,60.655960191,1,6,8,2,2,1032,1048,52,1032,33,28,1,15,30,4,1,0,0,0,0,0,0,0,63,40,0,0,0,0,0,0,0,63
9126,3,"9126-3",2,1,2,NA,NA,NA,NA,NA,NA,NA,1,1,1,60.655960191,1,6,5,2,2,1048,1154,52,1032,35,33,1,15,30,4,1,0,0,0,0,0,0,0,63,40,0,0,0,0,0,0,0,63
9126,4,"9126-4",2,1,2,NA,NA,NA,NA,NA,NA,NA,1,1,1,60.655960191,1,6,7,2,2,1154,1022,52,1032,36,35,1,15,30,4,1,0,0,0,0,0,0,0,63,40,0,0,0,0,0,0,0,63
9126,5,"9126-5",2,1,2,NA,NA,NA,NA,NA,NA,NA,1,1,1,60.655960191,1,6,5,2,2,1022,1156,52,1032,38,36,1,15,30,4,1,0,0,0,0,0,0,0,63,40,0,0,0,0,0,0,0,63
9126,6,"9126-6",2,1,2,NA,NA,NA,NA,NA,NA,NA,1,1,1,60.655960191,1,6,7,2,2,1156,989,52,1032,39,38,1,15,30,4,1,0,0,0,0,0,0,0,63,40,0,0,0,0,0,0,0,63
9126,7,"9126-7",2,1,2,NA,NA,NA,NA,NA,NA,NA,1,1,1,60.655960191,1,6,7,4,2,989,989,52,1032,40,39,1,15,30,4,1,0,0,0,0,0,0,0,63,40,0,0,0,0,0,0,0,63
9126,8,"9126-8",2,1,2,NA,NA,NA,NA,NA,NA,NA,1,1,1,60.655960191,1,6,7,2,2,989,992,52,1032,40,40,1,15,30,4,1,0,0,0,0,0,0,0,63,40,0,0,0,0,0,0,0,63
9126,9,"9126-9",2,1,2,NA,NA,NA,NA,NA,NA,NA,1,1,1,60.655960191,0,6,0,2,2,992,52,52,1032,48,40,1,15,30,4,1,0,0,0,0,0,0,0,63,40,0,0,0,0,0,0,0,63
9131,1,"9131-1",2,1,2,NA,NA,NA,NA,NA,NA,NA,1,1,1,26.3360176,0,5,5,2,2,1571,943,1571,943,17,16,0,10,50,3,3,0,0,0,0,0,0,0,67,66,0,0,0,0,0,0,0,67
9131,2,"9131-2",2,1,2,NA,NA,NA,NA,NA,NA,NA,1,1,1,26.3360176,0,5,0,2,2,943,1571,1571,943,18,17,1,10,50,3,3,0,0,0,0,0,0,0,67,66,0,0,0,0,0,0,0,67
9131,3,"9131-3",2,1,2,NA,NA,NA,NA,NA,NA,NA,1,2,2,26.3360176,0,6,6,2,2,1571,941,1571,941,19,18,0,11,35,3,3,0,0,0,0,0,0,0,67,66,0,0,0,0,0,0,0,67
9131,4,"9131-4",2,1,2,NA,NA,NA,NA,NA,NA,NA,1,2,2,26.3360176,0,6,0,2,2,941,1571,1571,941,19,19,1,11,35,3,3,0,0,0,0,0,0,0,67,66,0,0,0,0,0,0,0,67
9131,5,"9131-5",2,1,2,NA,NA,NA,NA,NA,NA,NA,1,3,3,26.3360176,1,5,7,2,2,1571,1567,1571,936,20,19,0,12,25,3,3,0,0,0,0,0,0,0,67,66,0,0,0,0,0,0,0,67
9131,6,"9131-6",2,1,2,NA,NA,NA,NA,NA,NA,NA,1,3,3,26.3360176,0,5,5,2,2,1567,936,1571,936,24,20,0,12,25,3,3,0,0,0,0,0,0,0,67,66,0,0,0,0,0,0,0,67
9131,7,"9131-7",2,1,2,NA,NA,NA,NA,NA,NA,NA,1,3,3,26.3360176,0,5,0,2,2,936,1571,1571,936,26,24,1,12,25,3,3,0,0,0,0,0,0,0,67,66,0,0,0,0,0,0,0,67
9131,8,"9131-8",2,1,2,NA,NA,NA,NA,NA,NA,NA,1,4,4,26.3360176,0,9,9,2,2,1571,946,1571,946,29,26,0,15,55,3,3,0,0,0,0,0,0,0,67,66,0,0,0,0,0,0,0,67
9131,9,"9131-9",2,1,2,NA,NA,NA,NA,NA,NA,NA,1,4,4,26.3360176,0,9,0,2,2,946,1571,1571,946,31,29,1,15,55,3,3,0,0,0,0,0,0,0,67,66,0,0,0,0,0,0,0,67
9131,10,"9131-10",2,1,2,NA,NA,NA,NA,NA,NA,NA,1,5,5,26.3360176,0,7,7,2,2,1571,945,1571,945,33,31,0,18,0,3,3,0,0,0,0,0,0,0,67,66,0,0,0,0,0,0,0,67
9131,11,"9131-11",2,1,2,NA,NA,NA,NA,NA,NA,NA,1,5,5,26.3360176,0,7,0,2,2,945,1571,1571,945,48,33,1,18,0,3,3,0,0,0,0,0,0,0,67,66,0,0,0,0,0,0,0,67
9137,1,"9137-1",2,1,2,NA,NA,NA,NA,NA,NA,NA,1,1,1,163.54965165,1,5,7,2,2,2641,2687,2641,2644,18,17,0,11,23,1,4,0,0,0,0,0,0,0,52,53,0,0,0,0,0,0,0,53
9137,2,"9137-2",2,1,2,NA,NA,NA,NA,NA,NA,NA,1,1,1,163.54965165,0,5,5,2,2,2687,2644,2641,2644,21,18,0,11,23,1,4,0,0,0,0,0,0,0,52,53,0,0,0,0,0,0,0,53
9137,3,"9137-3",2,1,2,NA,NA,NA,NA,NA,NA,NA,1,1,1,163.54965165,0,5,0,2,2,2644,2641,2641,2644,48,21,1,11,23,1,4,0,0,0,0,0,0,0,52,53,0,0,0,0,0,0,0,53
9149,1,"9149-1",2,1,2,NA,NA,NA,NA,NA,NA,NA,1,2,1,27.187371225,0,6,6,2,2,1568,1590,1568,1590,23,17,0,11,5,2,5,0,0,0,0,0,0,0,69,68,0,0,0,0,0,0,0,69
9149,2,"9149-2",2,1,2,NA,NA,NA,NA,NA,NA,NA,1,2,1,27.187371225,1,6,7,2,2,1590,945,1568,1590,24,23,1,11,5,2,5,0,0,0,0,0,0,0,69,68,0,0,0,0,0,0,0,69
9149,3,"9149-3",2,1,2,NA,NA,NA,NA,NA,NA,NA,1,2,1,27.187371225,0,6,0,2,2,945,1568,1568,1590,27,24,1,11,5,2,5,0,0,0,0,0,0,0,69,68,0,0,0,0,0,0,0,69
9150,1,"9150-1",2,1,2,NA,NA,NA,NA,NA,NA,NA,1,1,1,117.721892785,1,7,6,2,3,1204,1445,1204,9999,15,14,0,9,45,5,5,0,0,0,0,0,0,0,85,82,0,0,0,0,0,0,0,85
9150,2,"9150-2",2,1,2,NA,NA,NA,NA,NA,NA,NA,1,1,1,117.721892785,1,7,8,2,3,1445,9999,1204,9999,17,15,0,9,45,5,5,0,0,0,0,0,0,0,85,82,0,0,0,0,0,0,0,85
9150,3,"9150-3",2,1,2,NA,NA,NA,NA,NA,NA,NA,1,1,1,117.721892785,1,7,5,3,3,9999,9999,1204,9999,18,17,0,9,45,5,5,0,0,0,0,0,0,0,85,82,0,0,0,0,0,0,0,85
9150,4,"9150-4",2,1,2,NA,NA,NA,NA,NA,NA,NA,1,1,1,117.721892785,0,7,7,3,3,9999,9999,1204,9999,22,18,0,9,45,5,5,0,0,0,0,0,0,0,85,82,0,0,0,0,0,0,0,85
9150,5,"9150-5",2,1,2,NA,NA,NA,NA,NA,NA,NA,1,1,1,117.721892785,1,7,5,3,3,9999,9999,1204,9999,23,22,1,9,45,5,5,0,0,0,0,0,0,0,85,82,0,0,0,0,0,0,0,85
9150,6,"9150-6",2,1,2,NA,NA,NA,NA,NA,NA,NA,1,1,1,117.721892785,1,7,5,3,3,9999,9999,1204,9999,24,23,1,9,45,5,5,0,0,0,0,0,0,0,85,82,0,0,0,0,0,0,0,85
9150,7,"9150-7",2,1,2,NA,NA,NA,NA,NA,NA,NA,1,1,1,117.721892785,1,7,8,3,3,9999,9999,1204,9999,25,24,1,9,45,5,5,0,0,0,0,0,0,0,85,82,0,0,0,0,0,0,0,85
9150,8,"9150-8",2,1,2,NA,NA,NA,NA,NA,NA,NA,1,1,1,117.721892785,1,7,7,2,3,9999,1386,1204,9999,27,25,1,9,45,5,5,0,0,0,0,0,0,0,85,82,0,0,0,0,0,0,0,85
9150,9,"9150-9",2,1,2,NA,NA,NA,NA,NA,NA,NA,1,1,1,117.721892785,0,7,0,2,3,1386,1204,1204,9999,48,27,1,9,45,5,5,0,0,0,0,0,0,0,85,82,0,0,0,0,0,0,0,85
9155,3,"9155-3",2,1,2,NA,NA,NA,NA,NA,NA,NA,1,2,1,24.771148596,0,9,9,2,2,2483,2304,2483,2304,26,20,0,12,33,4,5,0,0,0,0,0,0,0,57,65,0,0,0,0,0,0,0,65
9155,4,"9155-4",2,1,2,NA,NA,NA,NA,NA,NA,NA,1,2,1,24.771148596,0,9,0,2,2,2304,2483,2483,2304,28,26,1,12,33,4,5,0,0,0,0,0,0,0,57,65,0,0,0,0,0,0,0,65
9155,5,"9155-5",2,1,2,NA,NA,NA,NA,NA,NA,NA,1,3,2,24.771148596,1,8,9,4,4,2483,2483,2483,2483,30,28,0,16,45,4,5,0,0,0,0,0,0,0,57,65,0,0,0,0,0,0,0,65
9155,6,"9155-6",2,1,2,NA,NA,NA,NA,NA,NA,NA,1,3,2,24.771148596,0,8,8,4,4,2483,2483,2483,2483,48,30,0,16,45,4,5,0,0,0,0,0,0,0,57,65,0,0,0,0,0,0,0,65
9156,1,"9156-1",2,1,2,NA,NA,NA,NA,NA,NA,NA,1,3,1,45.99165795,0,8,8,2,2,1497,209,1497,209,35,31,0,18,15,2,1,0,0,0,0,0,0,0,54,54,0,0,0,0,0,0,0,54
9156,2,"9156-2",2,1,2,NA,NA,NA,NA,NA,NA,NA,1,3,1,45.99165795,0,8,0,2,2,209,1497,1497,209,48,35,1,18,15,2,1,0,0,0,0,0,0,0,54,54,0,0,0,0,0,0,0,54
9168,1,"9168-1",2,1,3,NA,NA,NA,NA,NA,NA,NA,1,1,1,35.1641441,0,5,5,2,2,2757,9999,2757,9999,17,13,0,9,16,4,5,0,0,0,0,0,0,0,54,87,0,0,0,0,0,0,0,87
9168,2,"9168-2",2,1,3,NA,NA,NA,NA,NA,NA,NA,1,1,1,35.1641441,1,5,6,4,2,9999,9999,2757,9999,17,17,1,9,16,4,5,0,0,0,0,0,0,0,54,87,0,0,0,0,0,0,0,87
9168,3,"9168-3",2,1,3,NA,NA,NA,NA,NA,NA,NA,1,1,1,35.1641441,1,5,7,2,2,9999,2786,2757,9999,20,17,1,9,16,4,5,0,0,0,0,0,0,0,54,87,0,0,0,0,0,0,0,87
9168,4,"9168-4",2,1,3,NA,NA,NA,NA,NA,NA,NA,1,1,1,35.1641441,0,5,0,2,2,2786,2757,2757,9999,48,20,1,9,16,4,5,0,0,0,0,0,0,0,54,87,0,0,0,0,0,0,0,87
9174,1,"9174-1",2,1,2,NA,NA,NA,NA,NA,NA,NA,1,1,1,85.7620918,0,6,6,2,2,1184,1183,1184,1183,22,19,0,12,24,4,5,0,0,0,0,0,0,0,40,80,0,0,0,0,0,0,0,80
9174,2,"9174-2",2,1,2,NA,NA,NA,NA,NA,NA,NA,1,1,1,85.7620918,1,6,6,2,2,1183,1157,1184,1183,23,22,1,12,24,4,5,0,0,0,0,0,0,0,40,80,0,0,0,0,0,0,0,80
9174,3,"9174-3",2,1,2,NA,NA,NA,NA,NA,NA,NA,1,1,1,85.7620918,1,6,5,2,2,1157,1870,1184,1183,24,23,1,12,24,4,5,0,0,0,0,0,0,0,40,80,0,0,0,0,0,0,0,80
9174,4,"9174-4",2,1,2,NA,NA,NA,NA,NA,NA,NA,1,1,1,85.7620918,0,6,0,2,2,1870,1184,1184,1183,48,24,1,12,24,4,5,0,0,0,0,0,0,0,40,80,0,0,0,0,0,0,0,80
9176,4,"9176-4",3,2,3,4,NA,NA,NA,NA,NA,NA,3,2,1,191.4898344,0,7,7,3,3,941,941,941,941,30,28,0,16,40,4,8,8,0,0,0,0,0,0,41,3,2,0,0,0,0,0,0,41
9176,5,"9176-5",3,2,3,4,NA,NA,NA,NA,NA,NA,3,2,1,191.4898344,0,7,0,3,3,941,941,941,941,48,30,1,16,40,4,8,8,0,0,0,0,0,0,41,3,2,0,0,0,0,0,0,41
9179,1,"9179-1",2,1,2,NA,NA,NA,NA,NA,NA,NA,1,1,1,95.795853796,0,9,9,2,2,1911,9999,1911,9999,31,13,0,9,0,5,5,0,0,0,0,0,0,0,76,71,0,0,0,0,0,0,0,76
9179,2,"9179-2",2,1,2,NA,NA,NA,NA,NA,NA,NA,1,1,1,95.795853796,0,9,0,2,2,9999,1911,1911,9999,48,31,1,9,0,5,5,0,0,0,0,0,0,0,76,71,0,0,0,0,0,0,0,76
9187,1,"9187-1",2,1,2,NA,NA,NA,NA,NA,NA,NA,1,1,1,38.1479554,0,6,6,2,2,2676,2669,2676,2669,26,22,0,13,40,5,5,0,0,0,0,0,0,0,67,69,0,0,0,0,0,0,0,69
9187,2,"9187-2",2,1,2,NA,NA,NA,NA,NA,NA,NA,1,1,1,38.1479554,1,6,6,2,2,2669,2687,2676,2669,26,26,1,13,40,5,5,0,0,0,0,0,0,0,67,69,0,0,0,0,0,0,0,69
9187,3,"9187-3",2,1,2,NA,NA,NA,NA,NA,NA,NA,1,1,1,38.1479554,0,6,0,2,2,2687,2676,2676,2669,48,26,1,13,40,5,5,0,0,0,0,0,0,0,67,69,0,0,0,0,0,0,0,69
9194,1,"9194-1",2,1,2,NA,NA,NA,NA,NA,NA,NA,1,2,1,57.129237375,0,9,9,2,2,1339,1341,1339,1341,26,23,0,14,0,2,4,0,0,0,0,0,0,0,67,63,0,0,0,0,0,0,0,67
9194,2,"9194-2",2,1,2,NA,NA,NA,NA,NA,NA,NA,1,2,1,57.129237375,0,9,0,2,2,1341,1339,1339,1341,48,26,1,14,0,2,4,0,0,0,0,0,0,0,67,63,0,0,0,0,0,0,0,67
9202,1,"9202-1",2,2,3,NA,NA,NA,NA,NA,NA,NA,3,1,1,259.7841503,0,9,9,2,2,2343,2258,2343,2258,14,12,0,8,40,4,8,0,0,0,0,0,0,0,35,4,0,0,0,0,0,0,0,35
9202,2,"9202-2",2,2,3,NA,NA,NA,NA,NA,NA,NA,3,1,1,259.7841503,1,9,5,2,2,2258,2170,2343,2258,15,14,1,8,40,4,8,0,0,0,0,0,0,0,35,4,0,0,0,0,0,0,0,35
9202,3,"9202-3",2,2,3,NA,NA,NA,NA,NA,NA,NA,3,1,1,259.7841503,1,9,5,2,2,2170,2125,2343,2258,16,15,1,8,40,4,8,0,0,0,0,0,0,0,35,4,0,0,0,0,0,0,0,35
9202,4,"9202-4",2,2,3,NA,NA,NA,NA,NA,NA,NA,3,1,1,259.7841503,0,9,0,2,2,2125,2343,2343,2258,18,16,1,8,40,4,8,0,0,0,0,0,0,0,35,4,0,0,0,0,0,0,0,35
9202,5,"9202-5",2,2,3,NA,NA,NA,NA,NA,NA,NA,3,2,2,259.7841503,0,8,8,2,2,2343,924,2343,924,30,18,0,11,45,4,8,0,0,0,0,0,0,0,35,4,0,0,0,0,0,0,0,35
9202,6,"9202-6",2,2,3,NA,NA,NA,NA,NA,NA,NA,3,2,2,259.7841503,0,8,0,2,2,924,2343,2343,924,48,30,1,11,45,4,8,0,0,0,0,0,0,0,35,4,0,0,0,0,0,0,0,35
9211,1,"9211-1",2,2,3,NA,NA,NA,NA,NA,NA,NA,1,2,1,127.971452805,0,9,9,2,2,918,846,918,846,37,34,0,19,30,2,1,0,0,0,0,0,0,0,55,26,0,0,0,0,0,0,0,55
9211,2,"9211-2",2,2,3,NA,NA,NA,NA,NA,NA,NA,1,2,1,127.971452805,0,9,0,2,2,846,918,918,846,48,37,1,19,30,2,1,0,0,0,0,0,0,0,55,26,0,0,0,0,0,0,0,55
9213,1,"9213-1",2,1,2,NA,NA,NA,NA,NA,NA,NA,1,1,1,11.373027518,1,5,7,2,2,2757,2762,2757,2712,25,22,0,13,45,5,4,0,0,0,0,0,0,0,65,64,0,0,0,0,0,0,0,65
9213,2,"9213-2",2,1,2,NA,NA,NA,NA,NA,NA,NA,1,1,1,11.373027518,0,5,5,2,2,2762,2712,2757,2712,29,25,0,13,45,5,4,0,0,0,0,0,0,0,65,64,0,0,0,0,0,0,0,65
9213,3,"9213-3",2,1,2,NA,NA,NA,NA,NA,NA,NA,1,1,1,11.373027518,0,5,0,2,2,2712,2757,2757,2712,48,29,1,13,45,5,4,0,0,0,0,0,0,0,65,64,0,0,0,0,0,0,0,65
9216,5,"9216-5",3,1,2,3,NA,NA,NA,NA,NA,NA,3,2,1,47.526793028,0,8,8,3,3,2810,9999,2810,9999,34,30,0,17,45,1,1,8,0,0,0,0,0,0,27,25,1,0,0,0,0,0,0,27
9216,6,"9216-6",3,1,2,3,NA,NA,NA,NA,NA,NA,3,2,1,47.526793028,0,8,0,3,3,9999,2810,2810,9999,48,34,1,17,45,1,1,8,0,0,0,0,0,0,27,25,1,0,0,0,0,0,0,27
9225,1,"9225-1",2,1,2,NA,NA,NA,NA,NA,NA,NA,1,2,1,33.883226828,0,5,5,2,2,2719,2699,2719,2699,22,20,0,12,40,5,5,0,0,0,0,0,0,0,68,74,0,0,0,0,0,0,0,74
9225,2,"9225-2",2,1,2,NA,NA,NA,NA,NA,NA,NA,1,2,1,33.883226828,0,5,0,2,2,2699,2719,2719,2699,24,22,1,12,40,5,5,0,0,0,0,0,0,0,68,74,0,0,0,0,0,0,0,74
9231,1,"9231-1",2,1,2,NA,NA,NA,NA,NA,NA,NA,1,1,1,45.018000184,0,5,5,2,2,1836,1858,1836,1858,18,16,0,10,50,5,5,0,0,0,0,0,0,0,73,80,0,0,0,0,0,0,0,80
9231,2,"9231-2",2,1,2,NA,NA,NA,NA,NA,NA,NA,1,1,1,45.018000184,0,5,0,2,2,1858,1836,1836,1858,20,18,1,10,50,5,5,0,0,0,0,0,0,0,73,80,0,0,0,0,0,0,0,80
9231,3,"9231-3",2,1,2,NA,NA,NA,NA,NA,NA,NA,1,2,2,45.018000184,0,6,6,2,2,1836,1814,1836,1814,21,20,0,12,30,5,5,0,0,0,0,0,0,0,73,80,0,0,0,0,0,0,0,80
9231,4,"9231-4",2,1,2,NA,NA,NA,NA,NA,NA,NA,1,2,2,45.018000184,1,6,7,2,2,1814,1850,1836,1814,22,21,1,12,30,5,5,0,0,0,0,0,0,0,73,80,0,0,0,0,0,0,0,80
9231,5,"9231-5",2,1,2,NA,NA,NA,NA,NA,NA,NA,1,2,2,45.018000184,0,6,0,2,2,1850,1836,1836,1814,48,22,1,12,30,5,5,0,0,0,0,0,0,0,73,80,0,0,0,0,0,0,0,80
9236,1,"9236-1",2,1,2,NA,NA,NA,NA,NA,NA,NA,1,1,1,45.598658117,0,7,7,2,2,1184,1182,1184,1182,19,18,0,11,30,5,5,0,0,0,0,0,0,0,75,73,0,0,0,0,0,0,0,75
9236,2,"9236-2",2,1,2,NA,NA,NA,NA,NA,NA,NA,1,1,1,45.598658117,0,7,0,2,2,1182,1184,1184,1182,23,19,1,11,30,5,5,0,0,0,0,0,0,0,75,73,0,0,0,0,0,0,0,75
9236,3,"9236-3",2,1,2,NA,NA,NA,NA,NA,NA,NA,1,2,2,45.598658117,0,5,5,2,2,1184,1913,1184,1913,24,23,0,14,0,5,5,0,0,0,0,0,0,0,75,73,0,0,0,0,0,0,0,75
9236,4,"9236-4",2,1,2,NA,NA,NA,NA,NA,NA,NA,1,2,2,45.598658117,0,5,0,2,2,1913,1184,1184,1913,25,24,1,14,0,5,5,0,0,0,0,0,0,0,75,73,0,0,0,0,0,0,0,75
9238,1,"9238-1",3,1,3,4,NA,NA,NA,NA,NA,NA,3,1,1,183.8017187,0,6,6,6,6,106,158,106,158,31,15,0,10,0,4,6,7,0,0,0,0,0,0,35,17,13,0,0,0,0,0,0,35
9238,2,"9238-2",3,1,3,4,NA,NA,NA,NA,NA,NA,3,1,1,183.8017187,0,6,0,6,6,158,106,106,158,48,31,1,10,0,4,6,7,0,0,0,0,0,0,35,17,13,0,0,0,0,0,0,35
9251,2,"9251-2",2,1,4,NA,NA,NA,NA,NA,NA,NA,3,4,1,151.542663436,0,6,6,2,2,883,754,883,754,28,25,0,15,20,2,7,0,0,0,0,0,0,0,44,12,0,0,0,0,0,0,0,44
9251,3,"9251-3",2,1,4,NA,NA,NA,NA,NA,NA,NA,3,4,1,151.542663436,0,6,0,2,2,754,883,883,754,31,28,1,15,20,2,7,0,0,0,0,0,0,0,44,12,0,0,0,0,0,0,0,44
9255,1,"9255-1",2,1,4,NA,NA,NA,NA,NA,NA,NA,3,1,1,24.2901511,0,9,9,2,2,2745,2411,2745,2411,22,20,0,12,36,4,8,0,0,0,0,0,0,0,36,2,0,0,0,0,0,0,0,36
9255,2,"9255-2",2,1,4,NA,NA,NA,NA,NA,NA,NA,3,1,1,24.2901511,0,9,0,2,2,2411,2745,2745,2411,48,22,1,12,36,4,8,0,0,0,0,0,0,0,36,2,0,0,0,0,0,0,0,36
9257,3,"9257-3",3,2,3,4,NA,NA,NA,NA,NA,NA,3,2,1,77.670386684,0,8,8,3,3,1896,1710,1896,1710,34,29,0,17,0,1,7,7,0,0,0,0,0,0,44,11,9,0,0,0,0,0,0,44
9257,4,"9257-4",3,2,3,4,NA,NA,NA,NA,NA,NA,3,2,1,77.670386684,0,8,0,3,3,1710,1896,1896,1710,48,34,1,17,0,1,7,7,0,0,0,0,0,0,44,11,9,0,0,0,0,0,0,44
9261,1,"9261-1",2,1,2,NA,NA,NA,NA,NA,NA,NA,1,3,1,11.42779653,0,4,4,3,3,2509,2516,2509,2516,29,25,0,15,0,5,5,0,0,0,0,0,0,0,68,67,0,0,0,0,0,0,0,68
9261,2,"9261-2",2,1,2,NA,NA,NA,NA,NA,NA,NA,1,3,1,11.42779653,1,4,7,2,3,2516,9999,2509,2516,32,29,1,15,0,5,5,0,0,0,0,0,0,0,68,67,0,0,0,0,0,0,0,68
9261,3,"9261-3",2,1,2,NA,NA,NA,NA,NA,NA,NA,1,3,1,11.42779653,0,4,0,2,3,9999,2509,2509,2516,48,32,1,15,0,5,5,0,0,0,0,0,0,0,68,67,0,0,0,0,0,0,0,68
9263,1,"9263-1",2,1,2,NA,NA,NA,NA,NA,NA,NA,1,2,1,384.184284031,0,7,7,3,3,1838,1897,1838,1897,32,30,0,17,55,5,5,0,0,0,0,0,0,0,73,72,0,0,0,0,0,0,0,73
9263,2,"9263-2",2,1,2,NA,NA,NA,NA,NA,NA,NA,1,2,1,384.184284031,0,7,0,3,3,1897,1838,1838,1897,48,32,1,17,55,5,5,0,0,0,0,0,0,0,73,72,0,0,0,0,0,0,0,73
9274,1,"9274-1",2,1,2,NA,NA,NA,NA,NA,NA,NA,1,1,1,119.6413234,1,6,5,2,2,898,888,898,886,16,15,0,10,5,4,5,0,0,0,0,0,0,0,64,66,0,0,0,0,0,0,0,66
9274,2,"9274-2",2,1,2,NA,NA,NA,NA,NA,NA,NA,1,1,1,119.6413234,0,6,6,2,2,888,886,898,886,18,16,0,10,5,4,5,0,0,0,0,0,0,0,64,66,0,0,0,0,0,0,0,66
9274,3,"9274-3",2,1,2,NA,NA,NA,NA,NA,NA,NA,1,1,1,119.6413234,0,6,0,2,2,886,898,898,886,22,18,1,10,5,4,5,0,0,0,0,0,0,0,64,66,0,0,0,0,0,0,0,66
9279,1,"9279-1",3,4,5,6,NA,NA,NA,NA,NA,NA,2,1,1,167.8339284,1,8,3,4,4,216,216,216,216,26,11,0,8,0,7,7,8,0,0,0,0,0,0,9,7,5,0,0,0,0,0,0,9
9279,2,"9279-2",3,4,5,6,NA,NA,NA,NA,NA,NA,2,1,1,167.8339284,1,8,3,4,4,216,216,216,216,30,26,0,8,0,7,7,8,0,0,0,0,0,0,9,7,5,0,0,0,0,0,0,9
9279,3,"9279-3",3,4,5,6,NA,NA,NA,NA,NA,NA,2,1,1,167.8339284,0,8,8,4,4,216,216,216,216,48,30,0,8,0,7,7,8,0,0,0,0,0,0,9,7,5,0,0,0,0,0,0,9
9281,1,"9281-1",2,1,2,NA,NA,NA,NA,NA,NA,NA,1,2,1,124.9423346,0,7,7,2,2,1913,1866,1913,1866,34,33,0,19,0,4,1,0,0,0,0,0,0,0,54,53,0,0,0,0,0,0,0,54
9281,2,"9281-2",2,1,2,NA,NA,NA,NA,NA,NA,NA,1,2,1,124.9423346,0,7,0,2,2,1866,1913,1913,1866,48,34,1,19,0,4,1,0,0,0,0,0,0,0,54,53,0,0,0,0,0,0,0,54
9289,1,"9289-1",2,2,5,NA,NA,NA,NA,NA,NA,NA,3,2,1,71.810450296,0,8,8,2,2,1896,1764,1896,1764,36,34,0,19,30,1,6,0,0,0,0,0,0,0,61,17,0,0,0,0,0,0,0,61
9289,2,"9289-2",2,2,5,NA,NA,NA,NA,NA,NA,NA,3,2,1,71.810450296,1,8,7,2,2,1764,1900,1896,1764,36,36,1,19,30,1,6,0,0,0,0,0,0,0,61,17,0,0,0,0,0,0,0,61
9289,3,"9289-3",2,2,5,NA,NA,NA,NA,NA,NA,NA,3,2,1,71.810450296,0,8,0,2,2,1900,1896,1896,1764,48,36,1,19,30,1,6,0,0,0,0,0,0,0,61,17,0,0,0,0,0,0,0,61
9291,1,"9291-1",2,1,2,NA,NA,NA,NA,NA,NA,NA,1,2,1,158.7783371,1,5,7,2,2,935,1612,935,935,34,33,0,19,6,2,1,0,0,0,0,0,0,0,58,69,0,0,0,0,0,0,0,69
9291,2,"9291-2",2,1,2,NA,NA,NA,NA,NA,NA,NA,1,2,1,158.7783371,1,5,5,2,2,1612,1612,935,935,37,34,0,19,6,2,1,0,0,0,0,0,0,0,58,69,0,0,0,0,0,0,0,69
9291,3,"9291-3",2,1,2,NA,NA,NA,NA,NA,NA,NA,1,2,1,158.7783371,0,5,5,2,2,1612,935,935,935,48,37,0,19,6,2,1,0,0,0,0,0,0,0,58,69,0,0,0,0,0,0,0,69
9302,1,"9302-1",2,1,2,NA,NA,NA,NA,NA,NA,NA,1,1,1,75.371720235,1,7,6,2,2,1612,1623,1612,1623,16,15,0,10,0,2,5,0,0,0,0,0,0,0,72,80,0,0,0,0,0,0,0,80
9302,2,"9302-2",2,1,2,NA,NA,NA,NA,NA,NA,NA,1,1,1,75.371720235,0,7,7,2,2,1623,1623,1612,1623,21,16,0,10,0,2,5,0,0,0,0,0,0,0,72,80,0,0,0,0,0,0,0,80
9302,3,"9302-3",2,1,2,NA,NA,NA,NA,NA,NA,NA,1,1,1,75.371720235,1,7,6,2,2,1623,1623,1612,1623,21,21,1,10,0,2,5,0,0,0,0,0,0,0,72,80,0,0,0,0,0,0,0,80
9302,4,"9302-4",2,1,2,NA,NA,NA,NA,NA,NA,NA,1,1,1,75.371720235,0,7,0,2,2,1623,1612,1612,1623,23,21,1,10,0,2,5,0,0,0,0,0,0,0,72,80,0,0,0,0,0,0,0,80
9307,5,"9307-5",2,1,2,NA,NA,NA,NA,NA,NA,NA,1,2,1,204.874300044,1,5,5,2,2,2306,2304,2306,2109,34,34,0,19,45,1,4,0,0,0,0,0,0,0,34,40,0,0,0,0,0,0,0,40
9307,6,"9307-6",2,1,2,NA,NA,NA,NA,NA,NA,NA,1,2,1,204.874300044,1,5,5,2,2,2304,2304,2306,2109,35,34,0,19,45,1,4,0,0,0,0,0,0,0,34,40,0,0,0,0,0,0,0,40
9307,7,"9307-7",2,1,2,NA,NA,NA,NA,NA,NA,NA,1,2,1,204.874300044,1,5,6,2,2,2304,2304,2306,2109,36,35,0,19,45,1,4,0,0,0,0,0,0,0,34,40,0,0,0,0,0,0,0,40
9307,8,"9307-8",2,1,2,NA,NA,NA,NA,NA,NA,NA,1,2,1,204.874300044,0,5,5,2,2,2304,2109,2306,2109,37,36,0,19,45,1,4,0,0,0,0,0,0,0,34,40,0,0,0,0,0,0,0,40
9307,9,"9307-9",2,1,2,NA,NA,NA,NA,NA,NA,NA,1,2,1,204.874300044,0,5,0,2,2,2109,2306,2306,2109,48,37,1,19,45,1,4,0,0,0,0,0,0,0,34,40,0,0,0,0,0,0,0,40
9314,4,"9314-4",2,1,2,NA,NA,NA,NA,NA,NA,NA,1,3,1,64.7378212,1,7,7,2,2,907,908,907,724,30,29,0,17,28,5,4,0,0,0,0,0,0,0,68,62,0,0,0,0,0,0,0,68
9314,5,"9314-5",2,1,2,NA,NA,NA,NA,NA,NA,NA,1,3,1,64.7378212,0,7,7,2,2,908,724,907,724,37,30,0,17,28,5,4,0,0,0,0,0,0,0,68,62,0,0,0,0,0,0,0,68
9314,6,"9314-6",2,1,2,NA,NA,NA,NA,NA,NA,NA,1,3,1,64.7378212,0,7,0,2,2,724,907,907,724,48,37,1,17,28,5,4,0,0,0,0,0,0,0,68,62,0,0,0,0,0,0,0,68
9316,3,"9316-3",2,1,2,NA,NA,NA,NA,NA,NA,NA,1,4,1,20.475314825,0,9,9,2,2,2675,2639,2675,2639,34,32,0,18,40,4,5,0,0,0,0,0,0,0,64,67,0,0,0,0,0,0,0,67
9316,4,"9316-4",2,1,2,NA,NA,NA,NA,NA,NA,NA,1,4,1,20.475314825,0,9,0,2,2,2639,2675,2675,2639,48,34,1,18,40,4,5,0,0,0,0,0,0,0,64,67,0,0,0,0,0,0,0,67
9341,1,"9341-1",2,3,4,NA,NA,NA,NA,NA,NA,NA,2,1,1,1255.4074621,0,3,3,9,9,1904,1893,1904,1893,26,12,0,8,30,7,7,0,0,0,0,0,0,0,9,8,0,0,0,0,0,0,0,9
9341,2,"9341-2",2,3,4,NA,NA,NA,NA,NA,NA,NA,2,1,1,1255.4074621,0,3,0,9,9,1893,1904,1904,1893,28,26,1,8,30,7,7,0,0,0,0,0,0,0,9,8,0,0,0,0,0,0,0,9
9345,1,"9345-1",3,1,3,4,NA,NA,NA,NA,NA,NA,3,1,1,81.0476351,0,5,5,3,3,1649,1659,1649,1659,27,26,0,15,45,3,7,8,0,0,0,0,0,0,31,6,4,0,0,0,0,0,0,31
9345,2,"9345-2",3,1,3,4,NA,NA,NA,NA,NA,NA,3,1,1,81.0476351,0,5,0,3,3,1659,1649,1649,1659,48,27,1,15,45,3,7,8,0,0,0,0,0,0,31,6,4,0,0,0,0,0,0,31
9346,1,"9346-1",2,1,2,NA,NA,NA,NA,NA,NA,NA,1,1,1,172.095886387,1,6,7,2,2,2025,2020,2025,2024,13,11,0,8,25,5,5,0,0,0,0,0,0,0,87,81,0,0,0,0,0,0,0,87
9346,2,"9346-2",2,1,2,NA,NA,NA,NA,NA,NA,NA,1,1,1,172.095886387,0,6,6,2,2,2020,2024,2025,2024,14,13,0,8,25,5,5,0,0,0,0,0,0,0,87,81,0,0,0,0,0,0,0,87
9346,3,"9346-3",2,1,2,NA,NA,NA,NA,NA,NA,NA,1,1,1,172.095886387,1,6,6,2,2,2024,2026,2025,2024,14,14,1,8,25,5,5,0,0,0,0,0,0,0,87,81,0,0,0,0,0,0,0,87
9346,4,"9346-4",2,1,2,NA,NA,NA,NA,NA,NA,NA,1,1,1,172.095886387,0,6,0,2,2,2026,2025,2025,2024,15,14,1,8,25,5,5,0,0,0,0,0,0,0,87,81,0,0,0,0,0,0,0,87
9351,1,"9351-1",2,1,2,NA,NA,NA,NA,NA,NA,NA,1,1,1,272.990826782,0,9,9,3,3,875,873,875,873,21,19,0,12,8,5,5,0,0,0,0,0,0,0,78,78,0,0,0,0,0,0,0,78
9351,2,"9351-2",2,1,2,NA,NA,NA,NA,NA,NA,NA,1,1,1,272.990826782,1,9,5,3,3,873,875,875,873,22,21,1,12,8,5,5,0,0,0,0,0,0,0,78,78,0,0,0,0,0,0,0,78
9351,3,"9351-3",2,1,2,NA,NA,NA,NA,NA,NA,NA,1,1,1,272.990826782,0,9,0,3,3,875,875,875,873,23,22,1,12,8,5,5,0,0,0,0,0,0,0,78,78,0,0,0,0,0,0,0,78
9351,4,"9351-4",2,1,2,NA,NA,NA,NA,NA,NA,NA,1,2,2,272.990826782,0,5,5,3,3,875,875,875,875,25,23,0,14,0,5,5,0,0,0,0,0,0,0,78,78,0,0,0,0,0,0,0,78
9351,5,"9351-5",2,1,2,NA,NA,NA,NA,NA,NA,NA,1,2,2,272.990826782,0,5,0,3,3,875,875,875,875,48,25,1,14,0,5,5,0,0,0,0,0,0,0,78,78,0,0,0,0,0,0,0,78
9353,1,"9353-1",2,1,2,NA,NA,NA,NA,NA,NA,NA,1,1,1,100.269395281,0,9,9,2,2,2726,2641,2726,2641,17,9,0,7,5,5,5,0,0,0,0,0,0,0,78,76,0,0,0,0,0,0,0,78
9353,2,"9353-2",2,1,2,NA,NA,NA,NA,NA,NA,NA,1,1,1,100.269395281,1,9,9,2,2,2641,9999,2726,2641,20,17,1,7,5,5,5,0,0,0,0,0,0,0,78,76,0,0,0,0,0,0,0,78
9353,3,"9353-3",2,1,2,NA,NA,NA,NA,NA,NA,NA,1,1,1,100.269395281,1,9,9,2,2,9999,9999,2726,2641,24,20,1,7,5,5,5,0,0,0,0,0,0,0,78,76,0,0,0,0,0,0,0,78
9353,4,"9353-4",2,1,2,NA,NA,NA,NA,NA,NA,NA,1,1,1,100.269395281,1,9,9,2,2,9999,2641,2726,2641,29,24,1,7,5,5,5,0,0,0,0,0,0,0,78,76,0,0,0,0,0,0,0,78
9353,5,"9353-5",2,1,2,NA,NA,NA,NA,NA,NA,NA,1,1,1,100.269395281,0,9,0,2,2,2641,2726,2726,2641,48,29,1,7,5,5,5,0,0,0,0,0,0,0,78,76,0,0,0,0,0,0,0,78
9363,1,"9363-1",2,2,3,NA,NA,NA,NA,NA,NA,NA,3,2,1,72.664536336,0,9,9,2,2,1492,1831,1492,1831,32,25,0,15,0,6,1,0,0,0,0,0,0,0,17,50,0,0,0,0,0,0,0,50
9363,2,"9363-2",2,2,3,NA,NA,NA,NA,NA,NA,NA,3,2,1,72.664536336,0,9,0,2,2,1831,1492,1492,1831,48,32,1,15,0,6,1,0,0,0,0,0,0,0,17,50,0,0,0,0,0,0,0,50
9365,1,"9365-1",2,1,2,NA,NA,NA,NA,NA,NA,NA,1,2,1,35.9422604,0,8,8,2,2,2677,2675,2677,2675,22,19,0,12,0,5,5,0,0,0,0,0,0,0,68,65,0,0,0,0,0,0,0,68
9365,2,"9365-2",2,1,2,NA,NA,NA,NA,NA,NA,NA,1,2,1,35.9422604,0,8,0,2,2,2675,2677,2677,2675,28,22,1,12,0,5,5,0,0,0,0,0,0,0,68,65,0,0,0,0,0,0,0,68
9365,4,"9365-4",3,2,3,4,NA,NA,NA,NA,NA,NA,3,4,2,38.1479554,0,9,9,3,3,2677,2639,2677,2639,35,31,0,18,15,5,7,7,0,0,0,0,0,0,65,14,11,0,0,0,0,0,0,65
9365,5,"9365-5",3,2,3,4,NA,NA,NA,NA,NA,NA,3,4,2,38.1479554,0,9,0,3,3,2639,2677,2677,2639,48,35,1,18,15,5,7,7,0,0,0,0,0,0,65,14,11,0,0,0,0,0,0,65
9367,1,"9367-1",2,2,4,NA,NA,NA,NA,NA,NA,NA,1,1,1,254.6965979,0,6,6,2,2,1909,1836,1909,1836,21,18,0,11,35,1,3,0,0,0,0,0,0,0,54,19,0,0,0,0,0,0,0,54
9367,2,"9367-2",2,2,4,NA,NA,NA,NA,NA,NA,NA,1,1,1,254.6965979,1,6,7,2,2,1836,1904,1909,1836,21,21,1,11,35,1,3,0,0,0,0,0,0,0,54,19,0,0,0,0,0,0,0,54
9367,3,"9367-3",2,2,4,NA,NA,NA,NA,NA,NA,NA,1,1,1,254.6965979,0,6,0,2,2,1904,1909,1909,1836,32,21,1,11,35,1,3,0,0,0,0,0,0,0,54,19,0,0,0,0,0,0,0,54
9368,1,"9368-1",2,1,4,NA,NA,NA,NA,NA,NA,NA,1,1,1,41.016652912,0,5,5,3,3,2757,2758,2757,2758,19,16,0,10,50,5,1,0,0,0,0,0,0,0,77,52,0,0,0,0,0,0,0,77
9368,2,"9368-2",2,1,4,NA,NA,NA,NA,NA,NA,NA,1,1,1,41.016652912,1,5,5,3,3,2758,2789,2757,2758,22,19,1,10,50,5,1,0,0,0,0,0,0,0,77,52,0,0,0,0,0,0,0,77
9368,3,"9368-3",2,1,4,NA,NA,NA,NA,NA,NA,NA,1,1,1,41.016652912,0,5,0,3,3,2789,2757,2757,2758,48,22,1,10,50,5,1,0,0,0,0,0,0,0,77,52,0,0,0,0,0,0,0,77
9374,1,"9374-1",2,1,2,NA,NA,NA,NA,NA,NA,NA,1,2,1,35.842008603,0,6,6,2,2,2677,2677,2677,2677,31,29,0,17,0,5,5,0,0,0,0,0,0,0,70,70,0,0,0,0,0,0,0,70
9374,2,"9374-2",2,1,2,NA,NA,NA,NA,NA,NA,NA,1,2,1,35.842008603,0,6,0,2,2,2677,2677,2677,2677,48,31,1,17,0,5,5,0,0,0,0,0,0,0,70,70,0,0,0,0,0,0,0,70
9377,1,"9377-1",2,1,2,NA,NA,NA,NA,NA,NA,NA,1,1,1,19.060138722,1,5,7,2,2,2515,9999,2515,2504,31,30,0,17,35,5,2,0,0,0,0,0,0,0,70,70,0,0,0,0,0,0,0,70
9377,2,"9377-2",2,1,2,NA,NA,NA,NA,NA,NA,NA,1,1,1,19.060138722,1,5,5,2,2,9999,9999,2515,2504,32,31,0,17,35,5,2,0,0,0,0,0,0,0,70,70,0,0,0,0,0,0,0,70
9377,3,"9377-3",2,1,2,NA,NA,NA,NA,NA,NA,NA,1,1,1,19.060138722,0,5,5,2,2,9999,2504,2515,2504,33,32,0,17,35,5,2,0,0,0,0,0,0,0,70,70,0,0,0,0,0,0,0,70
9377,4,"9377-4",2,1,2,NA,NA,NA,NA,NA,NA,NA,1,1,1,19.060138722,0,5,0,2,2,2504,2515,2515,2504,48,33,1,17,35,5,2,0,0,0,0,0,0,0,70,70,0,0,0,0,0,0,0,70
9389,1,"9389-1",2,1,2,NA,NA,NA,NA,NA,NA,NA,1,2,1,43.785335861,0,5,5,2,2,1496,1445,1496,1445,20,15,0,10,18,4,4,0,0,0,0,0,0,0,64,62,0,0,0,0,0,0,0,64
9389,2,"9389-2",2,1,2,NA,NA,NA,NA,NA,NA,NA,1,2,1,43.785335861,0,5,0,2,2,1445,1496,1496,1445,22,20,1,10,18,4,4,0,0,0,0,0,0,0,64,62,0,0,0,0,0,0,0,64
9390,1,"9390-1",2,2,4,NA,NA,NA,NA,NA,NA,NA,3,1,1,77.7467528,0,5,5,2,2,2527,2009,2527,2009,20,17,0,11,23,4,8,0,0,0,0,0,0,0,31,1,0,0,0,0,0,0,0,31
9390,2,"9390-2",2,2,4,NA,NA,NA,NA,NA,NA,NA,3,1,1,77.7467528,0,5,0,2,2,2009,2527,2527,2009,48,20,1,11,23,4,8,0,0,0,0,0,0,0,31,1,0,0,0,0,0,0,0,31
9392,5,"9392-5",2,1,2,NA,NA,NA,NA,NA,NA,NA,1,4,1,25.8927345,0,7,7,2,2,1506,1505,1506,1505,33,31,0,18,27,2,5,0,0,0,0,0,0,0,72,70,0,0,0,0,0,0,0,72
9392,6,"9392-6",2,1,2,NA,NA,NA,NA,NA,NA,NA,1,4,1,25.8927345,0,7,0,2,2,1505,1506,1506,1505,48,33,1,18,27,2,5,0,0,0,0,0,0,0,72,70,0,0,0,0,0,0,0,72
9394,3,"9394-3",2,1,2,NA,NA,NA,NA,NA,NA,NA,1,2,2,17.105608165,1,9,9,3,3,2600,2581,2600,2600,32,25,0,15,0,5,5,0,0,0,0,0,0,0,69,66,0,0,0,0,0,0,0,69
9394,4,"9394-4",2,1,2,NA,NA,NA,NA,NA,NA,NA,1,2,2,17.105608165,0,9,9,3,3,2581,2600,2600,2600,48,32,0,15,0,5,5,0,0,0,0,0,0,0,69,66,0,0,0,0,0,0,0,69
9394,1,"9394-1",2,1,2,NA,NA,NA,NA,NA,NA,NA,1,1,0,17.105608165,0,NA,5,3,NA,2600,2575,NA,NA,14,13,0,NA,NA,5,5,0,0,0,0,0,0,0,69,66,0,0,0,0,0,0,0,69
9394,2,"9394-2",2,1,2,NA,NA,NA,NA,NA,NA,NA,1,1,0,17.105608165,0,NA,0,3,NA,2575,2600,NA,NA,25,14,1,NA,NA,5,5,0,0,0,0,0,0,0,69,66,0,0,0,0,0,0,0,69
9397,1,"9397-1",2,1,2,NA,NA,NA,NA,NA,NA,NA,1,1,1,75.785642625,0,9,9,3,3,1901,1701,1901,1701,40,32,0,18,40,1,1,0,0,0,0,0,0,0,31,33,0,0,0,0,0,0,0,33
9397,2,"9397-2",2,1,2,NA,NA,NA,NA,NA,NA,NA,1,1,1,75.785642625,0,9,0,3,3,1701,1901,1901,1701,48,40,1,18,40,1,1,0,0,0,0,0,0,0,31,33,0,0,0,0,0,0,0,33
9406,1,"9406-1",2,1,2,NA,NA,NA,NA,NA,NA,NA,1,2,1,45.99165795,0,9,9,2,2,1630,1602,1630,1602,35,32,0,18,50,1,1,0,0,0,0,0,0,0,50,53,0,0,0,0,0,0,0,53
9406,2,"9406-2",2,1,2,NA,NA,NA,NA,NA,NA,NA,1,2,1,45.99165795,0,9,0,2,2,1602,1630,1630,1602,48,35,1,18,50,1,1,0,0,0,0,0,0,0,50,53,0,0,0,0,0,0,0,53
9410,1,"9410-1",2,1,2,NA,NA,NA,NA,NA,NA,NA,1,2,1,88.00240596,0,7,7,4,4,162,162,162,162,25,23,0,14,0,1,4,0,0,0,0,0,0,0,28,40,0,0,0,0,0,0,0,40
9410,2,"9410-2",2,1,2,NA,NA,NA,NA,NA,NA,NA,1,2,1,88.00240596,0,7,0,4,4,162,162,162,162,48,25,1,14,0,1,4,0,0,0,0,0,0,0,28,40,0,0,0,0,0,0,0,40
9424,1,"9424-1",2,1,2,NA,NA,NA,NA,NA,NA,NA,1,2,1,89.6892999,0,7,7,2,2,876,875,876,875,37,36,0,20,52,1,1,0,0,0,0,0,0,0,31,28,0,0,0,0,0,0,0,31
9424,2,"9424-2",2,1,2,NA,NA,NA,NA,NA,NA,NA,1,2,1,89.6892999,1,7,7,2,2,875,876,876,875,37,37,1,20,52,1,1,0,0,0,0,0,0,0,31,28,0,0,0,0,0,0,0,31
9424,3,"9424-3",2,1,2,NA,NA,NA,NA,NA,NA,NA,1,2,1,89.6892999,0,7,0,2,2,876,876,876,875,48,37,1,20,52,1,1,0,0,0,0,0,0,0,31,28,0,0,0,0,0,0,0,31
9429,1,"9429-1",2,4,5,NA,NA,NA,NA,NA,NA,NA,2,1,1,166.4147448,0,3,3,9,9,940,944,940,944,26,11,0,8,18,7,7,0,0,0,0,0,0,0,10,8,0,0,0,0,0,0,0,10
9429,2,"9429-2",2,4,5,NA,NA,NA,NA,NA,NA,NA,2,1,1,166.4147448,0,3,0,9,9,944,940,940,944,48,26,1,8,18,7,7,0,0,0,0,0,0,0,10,8,0,0,0,0,0,0,0,10
9436,2,"9436-2",3,2,5,6,NA,NA,NA,NA,NA,NA,3,1,1,81.0476351,0,7,7,3,3,1573,880,1573,880,22,19,0,12,0,4,8,8,0,0,0,0,0,0,36,2,2,0,0,0,0,0,0,36
9436,3,"9436-3",3,2,5,6,NA,NA,NA,NA,NA,NA,3,1,1,81.0476351,0,7,0,3,3,880,1573,1573,880,48,22,1,12,0,4,8,8,0,0,0,0,0,0,36,2,2,0,0,0,0,0,0,36
9439,1,"9439-1",2,1,2,NA,NA,NA,NA,NA,NA,NA,1,1,1,94.887901454,0,9,9,3,3,1903,1474,1903,1474,20,14,0,9,32,5,5,0,0,0,0,0,0,0,71,70,0,0,0,0,0,0,0,71
9439,2,"9439-2",2,1,2,NA,NA,NA,NA,NA,NA,NA,1,1,1,94.887901454,1,9,7,3,3,1474,1436,1903,1474,22,20,1,9,32,5,5,0,0,0,0,0,0,0,71,70,0,0,0,0,0,0,0,71
9439,3,"9439-3",2,1,2,NA,NA,NA,NA,NA,NA,NA,1,1,1,94.887901454,0,9,0,3,3,1436,1903,1903,1474,48,22,1,9,32,5,5,0,0,0,0,0,0,0,71,70,0,0,0,0,0,0,0,71
9445,9,"9445-9",4,1,2,3,4,NA,NA,NA,NA,NA,3,2,2,77.670386684,0,7,7,3,3,1911,1897,1911,1897,32,30,0,17,30,1,4,8,8,0,0,0,0,0,33,31,5,1,0,0,0,0,0,33
9445,10,"9445-10",4,1,2,3,4,NA,NA,NA,NA,NA,3,2,2,77.670386684,0,7,0,3,3,1897,1911,1911,1897,48,32,1,17,30,1,4,8,8,0,0,0,0,0,33,31,5,1,0,0,0,0,0,33
9445,3,"9445-3",2,2,4,NA,NA,NA,NA,NA,NA,NA,3,2,1,71.7007935,1,7,6,3,3,1911,1184,1911,1897,16,16,0,10,30,4,8,0,0,0,0,0,0,0,31,1,0,0,0,0,0,0,0,31
9445,4,"9445-4",2,2,4,NA,NA,NA,NA,NA,NA,NA,3,2,1,71.7007935,0,7,7,3,3,1184,1897,1911,1897,19,16,0,10,30,4,8,0,0,0,0,0,0,0,31,1,0,0,0,0,0,0,0,31
9445,5,"9445-5",2,2,4,NA,NA,NA,NA,NA,NA,NA,3,2,1,71.7007935,1,7,6,3,3,1897,1916,1911,1897,20,19,1,10,30,4,8,0,0,0,0,0,0,0,31,1,0,0,0,0,0,0,0,31
9445,6,"9445-6",2,2,4,NA,NA,NA,NA,NA,NA,NA,3,2,1,71.7007935,0,7,0,3,3,1916,1911,1911,1897,26,20,1,10,30,4,8,0,0,0,0,0,0,0,31,1,0,0,0,0,0,0,0,31
9449,6,"9449-6",2,1,5,NA,NA,NA,NA,NA,NA,NA,3,2,1,143.6765261,0,9,9,2,2,499,568,499,568,36,29,0,17,0,2,7,0,0,0,0,0,0,0,43,15,0,0,0,0,0,0,0,43
9449,7,"9449-7",2,1,5,NA,NA,NA,NA,NA,NA,NA,3,2,1,143.6765261,0,9,0,2,2,568,499,499,568,48,36,1,17,0,2,7,0,0,0,0,0,0,0,43,15,0,0,0,0,0,0,0,43
9450,1,"9450-1",6,1,2,3,4,5,6,NA,NA,NA,3,1,0,300.386504048,0,NA,6,3,NA,940,2192,NA,NA,16,13,0,NA,NA,1,2,7,7,7,7,0,0,0,57,54,10,9,7,7,0,0,0,57
9450,2,"9450-2",6,1,2,3,4,5,6,NA,NA,NA,3,1,0,300.386504048,0,NA,0,3,NA,2192,940,NA,NA,48,16,1,NA,NA,1,2,7,7,7,7,0,0,0,57,54,10,9,7,7,0,0,0,57
9454,1,"9454-1",2,1,2,NA,NA,NA,NA,NA,NA,NA,1,1,1,160.672524195,1,6,5,3,3,926,886,926,2322,22,20,0,12,30,5,5,0,0,0,0,0,0,0,74,72,0,0,0,0,0,0,0,74
9454,2,"9454-2",2,1,2,NA,NA,NA,NA,NA,NA,NA,1,1,1,160.672524195,0,6,6,3,3,886,2322,926,2322,29,22,0,12,30,5,5,0,0,0,0,0,0,0,74,72,0,0,0,0,0,0,0,74
9454,3,"9454-3",2,1,2,NA,NA,NA,NA,NA,NA,NA,1,1,1,160.672524195,0,6,0,3,3,2322,926,926,2322,48,29,1,12,30,5,5,0,0,0,0,0,0,0,74,72,0,0,0,0,0,0,0,74
9455,1,"9455-1",2,3,4,NA,NA,NA,NA,NA,NA,NA,1,1,1,19.1873689,0,2,2,2,2,2474,9999,2474,9999,37,13,0,9,0,3,3,0,0,0,0,0,0,0,20,18,0,0,0,0,0,0,0,20
9455,2,"9455-2",2,3,4,NA,NA,NA,NA,NA,NA,NA,1,1,1,19.1873689,0,2,0,2,2,9999,2474,2474,9999,48,37,1,9,0,3,3,0,0,0,0,0,0,0,20,18,0,0,0,0,0,0,0,20
9461,2,"9461-2",3,2,3,4,NA,NA,NA,NA,NA,NA,3,1,1,353.0210874,0,7,7,3,3,491,469,491,469,29,29,0,17,0,4,7,7,0,0,0,0,0,0,51,14,13,0,0,0,0,0,0,51
9461,3,"9461-3",3,2,3,4,NA,NA,NA,NA,NA,NA,3,1,1,353.0210874,0,7,0,3,3,469,491,491,469,48,29,1,17,0,4,7,7,0,0,0,0,0,0,51,14,13,0,0,0,0,0,0,51
9462,1,"9462-1",2,1,2,NA,NA,NA,NA,NA,NA,NA,1,4,1,45.99165795,0,7,7,2,2,1573,938,1573,938,34,32,0,18,30,2,1,0,0,0,0,0,0,0,57,59,0,0,0,0,0,0,0,59
9462,2,"9462-2",2,1,2,NA,NA,NA,NA,NA,NA,NA,1,4,1,45.99165795,0,7,0,2,2,938,1573,1573,938,48,34,1,18,30,2,1,0,0,0,0,0,0,0,57,59,0,0,0,0,0,0,0,59
9466,1,"9466-1",2,1,2,NA,NA,NA,NA,NA,NA,NA,1,2,1,54.60741363,0,7,7,2,2,1631,1534,1631,1534,36,31,0,18,21,1,1,0,0,0,0,0,0,0,40,40,0,0,0,0,0,0,0,40
9466,2,"9466-2",2,1,2,NA,NA,NA,NA,NA,NA,NA,1,2,1,54.60741363,0,7,0,2,2,1534,1631,1631,1534,48,36,1,18,21,1,1,0,0,0,0,0,0,0,40,40,0,0,0,0,0,0,0,40
9469,1,"9469-1",3,2,3,4,NA,NA,NA,NA,NA,NA,3,1,1,419.5411536,0,9,9,3,3,882,863,882,863,32,29,0,17,20,4,7,7,0,0,0,0,0,0,40,11,10,0,0,0,0,0,0,40
9469,2,"9469-2",3,2,3,4,NA,NA,NA,NA,NA,NA,3,1,1,419.5411536,0,9,0,3,3,863,882,882,863,48,32,1,17,20,4,7,7,0,0,0,0,0,0,40,11,10,0,0,0,0,0,0,40
9492,1,"9492-1",2,1,2,NA,NA,NA,NA,NA,NA,NA,1,1,1,29.500685192,1,5,9,2,2,1537,1542,1537,2699,16,15,0,10,15,5,5,0,0,0,0,0,0,0,68,68,0,0,0,0,0,0,0,68
9492,2,"9492-2",2,1,2,NA,NA,NA,NA,NA,NA,NA,1,1,1,29.500685192,1,5,6,2,2,1542,1636,1537,2699,17,16,0,10,15,5,5,0,0,0,0,0,0,0,68,68,0,0,0,0,0,0,0,68
9492,3,"9492-3",2,1,2,NA,NA,NA,NA,NA,NA,NA,1,1,1,29.500685192,1,5,6,2,2,1636,1662,1537,2699,18,17,0,10,15,5,5,0,0,0,0,0,0,0,68,68,0,0,0,0,0,0,0,68
9492,4,"9492-4",2,1,2,NA,NA,NA,NA,NA,NA,NA,1,1,1,29.500685192,1,5,7,2,2,1662,1662,1537,2699,18,18,0,10,15,5,5,0,0,0,0,0,0,0,68,68,0,0,0,0,0,0,0,68
9492,5,"9492-5",2,1,2,NA,NA,NA,NA,NA,NA,NA,1,1,1,29.500685192,1,5,6,2,2,1662,2729,1537,2699,20,18,0,10,15,5,5,0,0,0,0,0,0,0,68,68,0,0,0,0,0,0,0,68
9492,6,"9492-6",2,1,2,NA,NA,NA,NA,NA,NA,NA,1,1,1,29.500685192,1,5,7,2,2,2729,2688,1537,2699,22,20,0,10,15,5,5,0,0,0,0,0,0,0,68,68,0,0,0,0,0,0,0,68
9492,7,"9492-7",2,1,2,NA,NA,NA,NA,NA,NA,NA,1,1,1,29.500685192,1,5,5,2,2,2688,2688,1537,2699,23,22,0,10,15,5,5,0,0,0,0,0,0,0,68,68,0,0,0,0,0,0,0,68
9492,8,"9492-8",2,1,2,NA,NA,NA,NA,NA,NA,NA,1,1,1,29.500685192,1,5,5,2,2,2688,2688,1537,2699,23,23,0,10,15,5,5,0,0,0,0,0,0,0,68,68,0,0,0,0,0,0,0,68
9492,9,"9492-9",2,1,2,NA,NA,NA,NA,NA,NA,NA,1,1,1,29.500685192,0,5,5,2,2,2688,2699,1537,2699,26,23,0,10,15,5,5,0,0,0,0,0,0,0,68,68,0,0,0,0,0,0,0,68
9492,10,"9492-10",2,1,2,NA,NA,NA,NA,NA,NA,NA,1,1,1,29.500685192,0,5,0,2,2,2699,1537,1537,2699,48,26,1,10,15,5,5,0,0,0,0,0,0,0,68,68,0,0,0,0,0,0,0,68
9502,1,"9502-1",2,1,2,NA,NA,NA,NA,NA,NA,NA,1,1,1,19.858900425,1,9,6,2,2,2585,2617,2585,2626,15,13,0,9,0,2,4,0,0,0,0,0,0,0,64,60,0,0,0,0,0,0,0,64
9502,2,"9502-2",2,1,2,NA,NA,NA,NA,NA,NA,NA,1,1,1,19.858900425,0,9,9,2,2,2617,2626,2585,2626,18,15,0,9,0,2,4,0,0,0,0,0,0,0,64,60,0,0,0,0,0,0,0,64
9502,3,"9502-3",2,1,2,NA,NA,NA,NA,NA,NA,NA,1,1,1,19.858900425,1,9,6,2,2,2626,2669,2585,2626,19,18,1,9,0,2,4,0,0,0,0,0,0,0,64,60,0,0,0,0,0,0,0,64
9502,4,"9502-4",2,1,2,NA,NA,NA,NA,NA,NA,NA,1,1,1,19.858900425,0,9,0,2,2,2669,2585,2585,2626,21,19,1,9,0,2,4,0,0,0,0,0,0,0,64,60,0,0,0,0,0,0,0,64
9502,5,"9502-5",2,1,2,NA,NA,NA,NA,NA,NA,NA,1,2,2,19.858900425,0,5,5,2,2,2585,2654,2585,2654,23,21,0,13,0,2,4,0,0,0,0,0,0,0,64,60,0,0,0,0,0,0,0,64
9502,6,"9502-6",2,1,2,NA,NA,NA,NA,NA,NA,NA,1,2,2,19.858900425,0,5,0,2,2,2654,2585,2585,2654,48,23,1,13,0,2,4,0,0,0,0,0,0,0,64,60,0,0,0,0,0,0,0,64
9505,1,"9505-1",2,1,2,NA,NA,NA,NA,NA,NA,NA,1,1,1,18.155340513,1,5,5,2,2,2660,2687,2660,2686,22,21,0,13,10,5,5,0,0,0,0,0,0,0,68,68,0,0,0,0,0,0,0,68
9505,2,"9505-2",2,1,2,NA,NA,NA,NA,NA,NA,NA,1,1,1,18.155340513,1,5,6,2,2,2687,2674,2660,2686,23,22,0,13,10,5,5,0,0,0,0,0,0,0,68,68,0,0,0,0,0,0,0,68
9505,3,"9505-3",2,1,2,NA,NA,NA,NA,NA,NA,NA,1,1,1,18.155340513,0,5,5,2,2,2674,2686,2660,2686,25,23,0,13,10,5,5,0,0,0,0,0,0,0,68,68,0,0,0,0,0,0,0,68
9505,4,"9505-4",2,1,2,NA,NA,NA,NA,NA,NA,NA,1,1,1,18.155340513,0,5,0,2,2,2686,2660,2660,2686,27,25,1,13,10,5,5,0,0,0,0,0,0,0,68,68,0,0,0,0,0,0,0,68
9505,5,"9505-5",2,1,2,NA,NA,NA,NA,NA,NA,NA,1,2,2,18.155340513,1,7,5,2,2,2660,2579,2660,2590,28,27,0,16,5,5,5,0,0,0,0,0,0,0,68,68,0,0,0,0,0,0,0,68
9505,6,"9505-6",2,1,2,NA,NA,NA,NA,NA,NA,NA,1,2,2,18.155340513,1,7,5,2,2,2579,2658,2660,2590,30,28,0,16,5,5,5,0,0,0,0,0,0,0,68,68,0,0,0,0,0,0,0,68
9505,7,"9505-7",2,1,2,NA,NA,NA,NA,NA,NA,NA,1,2,2,18.155340513,0,7,7,2,2,2658,2590,2660,2590,34,30,0,16,5,5,5,0,0,0,0,0,0,0,68,68,0,0,0,0,0,0,0,68
9505,8,"9505-8",2,1,2,NA,NA,NA,NA,NA,NA,NA,1,2,2,18.155340513,0,7,0,2,2,2590,2660,2660,2590,48,34,1,16,5,5,5,0,0,0,0,0,0,0,68,68,0,0,0,0,0,0,0,68
9511,1,"9511-1",2,1,2,NA,NA,NA,NA,NA,NA,NA,1,2,1,93.85452615,0,6,6,2,2,1497,264,1497,264,37,33,0,19,10,1,5,0,0,0,0,0,0,0,45,83,0,0,0,0,0,0,0,83
9511,2,"9511-2",2,1,2,NA,NA,NA,NA,NA,NA,NA,1,2,1,93.85452615,1,6,5,2,2,264,1481,1497,264,39,37,1,19,10,1,5,0,0,0,0,0,0,0,45,83,0,0,0,0,0,0,0,83
9511,3,"9511-3",2,1,2,NA,NA,NA,NA,NA,NA,NA,1,2,1,93.85452615,0,6,0,2,2,1481,1497,1497,264,48,39,1,19,10,1,5,0,0,0,0,0,0,0,45,83,0,0,0,0,0,0,0,83
9519,4,"9519-4",4,1,3,4,5,NA,NA,NA,NA,NA,3,2,1,166.664770276,1,9,7,3,3,875,887,875,907,32,30,0,17,45,1,8,8,8,0,0,0,0,0,36,5,3,1,0,0,0,0,0,36
9519,5,"9519-5",4,1,3,4,5,NA,NA,NA,NA,NA,3,2,1,166.664770276,0,9,9,3,3,887,907,875,907,34,32,0,17,45,1,8,8,8,0,0,0,0,0,36,5,3,1,0,0,0,0,0,36
9519,6,"9519-6",4,1,3,4,5,NA,NA,NA,NA,NA,3,2,1,166.664770276,0,9,0,3,3,907,875,875,907,48,34,1,17,45,1,8,8,8,0,0,0,0,0,36,5,3,1,0,0,0,0,0,36
9524,1,"9524-1",2,1,2,NA,NA,NA,NA,NA,NA,NA,1,1,1,396.124874222,0,9,9,2,2,1964,1961,1964,1961,18,13,0,9,15,5,5,0,0,0,0,0,0,0,77,74,0,0,0,0,0,0,0,77
9524,2,"9524-2",2,1,2,NA,NA,NA,NA,NA,NA,NA,1,1,1,396.124874222,1,9,7,2,2,1961,1923,1964,1961,21,18,1,9,15,5,5,0,0,0,0,0,0,0,77,74,0,0,0,0,0,0,0,77
9524,3,"9524-3",2,1,2,NA,NA,NA,NA,NA,NA,NA,1,1,1,396.124874222,0,9,0,2,2,1923,1964,1964,1961,32,21,1,9,15,5,5,0,0,0,0,0,0,0,77,74,0,0,0,0,0,0,0,77
9527,1,"9527-1",2,1,2,NA,NA,NA,NA,NA,NA,NA,1,1,1,112.272873195,0,1,1,3,3,1605,193,1605,193,29,9,0,7,0,1,1,0,0,0,0,0,0,0,27,24,0,0,0,0,0,0,0,27
9527,2,"9527-2",2,1,2,NA,NA,NA,NA,NA,NA,NA,1,1,1,112.272873195,1,1,7,3,3,193,1605,1605,193,32,29,1,7,0,1,1,0,0,0,0,0,0,0,27,24,0,0,0,0,0,0,0,27
9527,3,"9527-3",2,1,2,NA,NA,NA,NA,NA,NA,NA,1,1,1,112.272873195,1,1,6,3,3,1605,1605,1605,193,32,32,1,7,0,1,1,0,0,0,0,0,0,0,27,24,0,0,0,0,0,0,0,27
9527,4,"9527-4",2,1,2,NA,NA,NA,NA,NA,NA,NA,1,1,1,112.272873195,0,1,0,3,3,1605,1605,1605,193,48,32,1,7,0,1,1,0,0,0,0,0,0,0,27,24,0,0,0,0,0,0,0,27
9529,1,"9529-1",2,1,2,NA,NA,NA,NA,NA,NA,NA,1,2,1,28.706259184,0,8,8,3,3,1634,1534,1634,1534,21,17,0,11,20,5,4,0,0,0,0,0,0,0,65,63,0,0,0,0,0,0,0,65
9529,2,"9529-2",2,1,2,NA,NA,NA,NA,NA,NA,NA,1,2,1,28.706259184,0,8,0,3,3,1534,1634,1634,1534,31,21,1,11,20,5,4,0,0,0,0,0,0,0,65,63,0,0,0,0,0,0,0,65
9532,4,"9532-4",3,1,2,3,NA,NA,NA,NA,NA,NA,3,2,2,223.569128352,1,6,6,3,3,1964,1971,1964,1754,22,19,0,12,15,1,2,8,0,0,0,0,0,0,34,35,3,0,0,0,0,0,0,35
9532,5,"9532-5",3,1,2,3,NA,NA,NA,NA,NA,NA,3,2,2,223.569128352,0,6,6,3,3,1971,1754,1964,1754,25,22,0,12,15,1,2,8,0,0,0,0,0,0,34,35,3,0,0,0,0,0,0,35
9532,6,"9532-6",3,1,2,3,NA,NA,NA,NA,NA,NA,3,2,2,223.569128352,0,6,0,3,3,1754,1964,1964,1754,32,25,1,12,15,1,2,8,0,0,0,0,0,0,34,35,3,0,0,0,0,0,0,35
9532,1,"9532-1",3,1,2,3,NA,NA,NA,NA,NA,NA,3,1,0,223.569128352,0,NA,9,3,NA,1964,1956,NA,NA,16,12,0,NA,NA,1,2,8,0,0,0,0,0,0,34,35,3,0,0,0,0,0,0,35
9532,2,"9532-2",3,1,2,3,NA,NA,NA,NA,NA,NA,3,1,0,223.569128352,1,NA,5,3,NA,1956,1964,NA,NA,17,16,1,NA,NA,1,2,8,0,0,0,0,0,0,34,35,3,0,0,0,0,0,0,35
9532,3,"9532-3",3,1,2,3,NA,NA,NA,NA,NA,NA,3,1,0,223.569128352,0,NA,0,3,NA,1964,1964,NA,NA,19,17,1,NA,NA,1,2,8,0,0,0,0,0,0,34,35,3,0,0,0,0,0,0,35
9534,1,"9534-1",2,1,2,NA,NA,NA,NA,NA,NA,NA,1,2,1,22.5000912,1,7,6,2,2,2587,2629,2587,2659,32,32,0,18,30,4,1,0,0,0,0,0,0,0,54,54,0,0,0,0,0,0,0,54
9534,2,"9534-2",2,1,2,NA,NA,NA,NA,NA,NA,NA,1,2,1,22.5000912,1,7,6,2,2,2629,2633,2587,2659,32,32,0,18,30,4,1,0,0,0,0,0,0,0,54,54,0,0,0,0,0,0,0,54
9534,3,"9534-3",2,1,2,NA,NA,NA,NA,NA,NA,NA,1,2,1,22.5000912,0,7,7,2,2,2633,2659,2587,2659,34,32,0,18,30,4,1,0,0,0,0,0,0,0,54,54,0,0,0,0,0,0,0,54
9534,4,"9534-4",2,1,2,NA,NA,NA,NA,NA,NA,NA,1,2,1,22.5000912,0,7,0,2,2,2659,2587,2587,2659,48,34,1,18,30,4,1,0,0,0,0,0,0,0,54,54,0,0,0,0,0,0,0,54
9536,1,"9536-1",2,3,4,NA,NA,NA,NA,NA,NA,NA,1,1,1,61.9607382,0,2,2,2,2,1478,1401,1478,1401,25,13,0,9,21,3,3,0,0,0,0,0,0,0,40,40,0,0,0,0,0,0,0,40
9536,2,"9536-2",2,3,4,NA,NA,NA,NA,NA,NA,NA,1,1,1,61.9607382,0,2,0,2,2,1401,1478,1478,1401,28,25,1,9,21,3,3,0,0,0,0,0,0,0,40,40,0,0,0,0,0,0,0,40
9551,2,"9551-2",2,4,5,NA,NA,NA,NA,NA,NA,NA,2,1,1,150.6621527,0,3,3,9,9,1968,1967,1968,1967,27,10,0,7,30,7,7,0,0,0,0,0,0,0,13,11,0,0,0,0,0,0,0,13
9551,3,"9551-3",2,4,5,NA,NA,NA,NA,NA,NA,NA,2,1,1,150.6621527,0,3,0,3,9,1967,1968,1968,1967,48,27,1,7,30,7,7,0,0,0,0,0,0,0,13,11,0,0,0,0,0,0,0,13
9554,1,"9554-1",2,2,3,NA,NA,NA,NA,NA,NA,NA,3,2,1,347.668994928,0,6,6,2,2,776,470,776,470,26,22,0,13,30,1,7,0,0,0,0,0,0,0,36,11,0,0,0,0,0,0,0,36
9554,2,"9554-2",2,2,3,NA,NA,NA,NA,NA,NA,NA,3,2,1,347.668994928,0,6,0,2,2,470,776,776,470,48,26,1,13,30,1,7,0,0,0,0,0,0,0,36,11,0,0,0,0,0,0,0,36
9572,1,"9572-1",4,1,2,3,4,NA,NA,NA,NA,NA,3,1,1,25.3925033,1,5,6,3,3,2419,2430,2419,2436,29,29,0,17,0,4,7,7,7,0,0,0,0,0,54,14,12,9,0,0,0,0,0,54
9572,2,"9572-2",4,1,2,3,4,NA,NA,NA,NA,NA,3,1,1,25.3925033,0,5,5,3,3,2430,2436,2419,2436,31,29,0,17,0,4,7,7,7,0,0,0,0,0,54,14,12,9,0,0,0,0,0,54
9572,3,"9572-3",4,1,2,3,4,NA,NA,NA,NA,NA,3,1,1,25.3925033,1,5,6,3,3,2436,2430,2419,2436,32,31,1,17,0,4,7,7,7,0,0,0,0,0,54,14,12,9,0,0,0,0,0,54
9572,4,"9572-4",4,1,2,3,4,NA,NA,NA,NA,NA,3,1,1,25.3925033,1,5,7,3,3,2430,2432,2419,2436,33,32,1,17,0,4,7,7,7,0,0,0,0,0,54,14,12,9,0,0,0,0,0,54
9572,5,"9572-5",4,1,2,3,4,NA,NA,NA,NA,NA,3,1,1,25.3925033,1,5,6,3,3,2432,2426,2419,2436,33,33,1,17,0,4,7,7,7,0,0,0,0,0,54,14,12,9,0,0,0,0,0,54
9572,6,"9572-6",4,1,2,3,4,NA,NA,NA,NA,NA,3,1,1,25.3925033,0,5,0,3,3,2426,2419,2419,2436,48,33,1,17,0,4,7,7,7,0,0,0,0,0,54,14,12,9,0,0,0,0,0,54
9573,1,"9573-1",2,1,3,NA,NA,NA,NA,NA,NA,NA,3,1,1,90.840838996,0,9,9,2,2,1963,1431,1963,1431,17,12,0,8,30,2,8,0,0,0,0,0,0,0,26,1,0,0,0,0,0,0,0,26
9573,2,"9573-2",2,1,3,NA,NA,NA,NA,NA,NA,NA,3,1,1,90.840838996,0,9,0,2,2,1431,1963,1963,1431,21,17,1,8,30,2,8,0,0,0,0,0,0,0,26,1,0,0,0,0,0,0,0,26
9573,3,"9573-3",2,1,3,NA,NA,NA,NA,NA,NA,NA,3,2,2,90.840838996,0,6,6,2,2,1963,1994,1963,1994,23,21,0,13,15,2,8,0,0,0,0,0,0,0,26,1,0,0,0,0,0,0,0,26
9573,4,"9573-4",2,1,3,NA,NA,NA,NA,NA,NA,NA,3,2,2,90.840838996,0,6,0,2,2,1994,1963,1963,1994,27,23,1,13,15,2,8,0,0,0,0,0,0,0,26,1,0,0,0,0,0,0,0,26
9578,3,"9578-3",2,1,2,NA,NA,NA,NA,NA,NA,NA,1,2,1,127.2260155,0,5,5,2,2,1963,1923,1963,1923,36,35,0,20,10,1,1,0,0,0,0,0,0,0,42,43,0,0,0,0,0,0,0,43
9578,4,"9578-4",2,1,2,NA,NA,NA,NA,NA,NA,NA,1,2,1,127.2260155,0,5,0,2,2,1923,1963,1963,1923,48,36,1,20,10,1,1,0,0,0,0,0,0,0,42,43,0,0,0,0,0,0,0,43
9579,1,"9579-1",2,1,2,NA,NA,NA,NA,NA,NA,NA,1,2,1,46.723791135,0,5,5,3,3,1537,9999,1537,9999,27,25,0,15,15,2,5,0,0,0,0,0,0,0,62,70,0,0,0,0,0,0,0,70
9579,2,"9579-2",2,1,2,NA,NA,NA,NA,NA,NA,NA,1,2,1,46.723791135,1,5,8,3,3,9999,9999,1537,9999,30,27,1,15,15,2,5,0,0,0,0,0,0,0,62,70,0,0,0,0,0,0,0,70
9579,3,"9579-3",2,1,2,NA,NA,NA,NA,NA,NA,NA,1,2,1,46.723791135,1,5,4,3,3,9999,9999,1537,9999,31,30,1,15,15,2,5,0,0,0,0,0,0,0,62,70,0,0,0,0,0,0,0,70
9579,4,"9579-4",2,1,2,NA,NA,NA,NA,NA,NA,NA,1,2,1,46.723791135,1,5,4,3,3,9999,9999,1537,9999,31,31,1,15,15,2,5,0,0,0,0,0,0,0,62,70,0,0,0,0,0,0,0,70
9579,5,"9579-5",2,1,2,NA,NA,NA,NA,NA,NA,NA,1,2,1,46.723791135,1,5,7,3,3,9999,9999,1537,9999,33,31,1,15,15,2,5,0,0,0,0,0,0,0,62,70,0,0,0,0,0,0,0,70
9579,6,"9579-6",2,1,2,NA,NA,NA,NA,NA,NA,NA,1,2,1,46.723791135,0,5,0,3,3,9999,1537,1537,9999,48,33,1,15,15,2,5,0,0,0,0,0,0,0,62,70,0,0,0,0,0,0,0,70
9586,1,"9586-1",2,1,2,NA,NA,NA,NA,NA,NA,NA,1,1,1,27.0648488,0,9,9,2,2,1235,1290,1235,1290,16,12,0,8,30,3,5,0,0,0,0,0,0,0,73,67,0,0,0,0,0,0,0,73
9586,2,"9586-2",2,1,2,NA,NA,NA,NA,NA,NA,NA,1,1,1,27.0648488,0,9,0,2,2,1290,1235,1235,1290,20,16,1,8,30,3,5,0,0,0,0,0,0,0,73,67,0,0,0,0,0,0,0,73
9586,3,"9586-3",2,1,2,NA,NA,NA,NA,NA,NA,NA,1,2,2,27.0648488,0,2,2,2,2,1235,1243,1235,1243,23,20,0,12,31,3,5,0,0,0,0,0,0,0,73,67,0,0,0,0,0,0,0,73
9586,4,"9586-4",2,1,2,NA,NA,NA,NA,NA,NA,NA,1,2,2,27.0648488,1,2,5,2,2,1243,1377,1235,1243,23,23,1,12,31,3,5,0,0,0,0,0,0,0,73,67,0,0,0,0,0,0,0,73
9586,5,"9586-5",2,1,2,NA,NA,NA,NA,NA,NA,NA,1,2,2,27.0648488,1,2,6,2,2,1377,1235,1235,1243,24,23,1,12,31,3,5,0,0,0,0,0,0,0,73,67,0,0,0,0,0,0,0,73
9586,6,"9586-6",2,1,2,NA,NA,NA,NA,NA,NA,NA,1,2,2,27.0648488,0,2,0,2,2,1235,1235,1235,1243,28,24,1,12,31,3,5,0,0,0,0,0,0,0,73,67,0,0,0,0,0,0,0,73
9590,13,"9590-13",3,1,3,5,NA,NA,NA,NA,NA,NA,3,3,2,71.7007935,0,9,9,3,3,1968,1808,1968,1808,34,30,0,17,55,4,8,8,0,0,0,0,0,0,41,5,1,0,0,0,0,0,0,41
9590,14,"9590-14",3,1,3,5,NA,NA,NA,NA,NA,NA,3,3,2,71.7007935,0,9,0,3,3,1808,1968,1968,1808,48,34,1,17,55,4,8,8,0,0,0,0,0,0,41,5,1,0,0,0,0,0,0,41
9590,11,"9590-11",2,2,4,NA,NA,NA,NA,NA,NA,NA,3,3,1,77.670386684,0,5,5,2,2,1968,1964,1968,1964,28,27,0,16,10,1,8,0,0,0,0,0,0,0,39,3,0,0,0,0,0,0,0,39
9590,12,"9590-12",2,2,4,NA,NA,NA,NA,NA,NA,NA,3,3,1,77.670386684,0,5,0,2,2,1964,1968,1968,1964,48,28,1,16,10,1,8,0,0,0,0,0,0,0,39,3,0,0,0,0,0,0,0,39
9595,4,"9595-4",2,1,3,NA,NA,NA,NA,NA,NA,NA,3,2,1,87.2991366,1,9,6,2,2,2264,2248,2264,2188,32,31,0,18,27,1,6,0,0,0,0,0,0,0,46,16,0,0,0,0,0,0,0,46
9595,5,"9595-5",2,1,3,NA,NA,NA,NA,NA,NA,NA,3,2,1,87.2991366,1,9,6,2,2,2248,2109,2264,2188,32,32,0,18,27,1,6,0,0,0,0,0,0,0,46,16,0,0,0,0,0,0,0,46
9595,6,"9595-6",2,1,3,NA,NA,NA,NA,NA,NA,NA,3,2,1,87.2991366,1,9,9,2,2,2109,2109,2264,2188,32,32,0,18,27,1,6,0,0,0,0,0,0,0,46,16,0,0,0,0,0,0,0,46
9595,7,"9595-7",2,1,3,NA,NA,NA,NA,NA,NA,NA,3,2,1,87.2991366,0,9,9,2,2,2109,2188,2264,2188,33,32,0,18,27,1,6,0,0,0,0,0,0,0,46,16,0,0,0,0,0,0,0,46
9595,8,"9595-8",2,1,3,NA,NA,NA,NA,NA,NA,NA,3,2,1,87.2991366,1,9,9,2,2,2188,2109,2264,2188,34,33,1,18,27,1,6,0,0,0,0,0,0,0,46,16,0,0,0,0,0,0,0,46
9595,9,"9595-9",2,1,3,NA,NA,NA,NA,NA,NA,NA,3,2,1,87.2991366,0,9,0,2,2,2109,2264,2264,2188,48,34,1,18,27,1,6,0,0,0,0,0,0,0,46,16,0,0,0,0,0,0,0,46
9598,1,"9598-1",3,2,4,5,NA,NA,NA,NA,NA,NA,3,1,1,166.664770276,0,6,6,3,3,651,698,651,698,12,11,0,8,0,2,8,8,0,0,0,0,0,0,36,4,2,0,0,0,0,0,0,36
9598,2,"9598-2",3,2,4,5,NA,NA,NA,NA,NA,NA,3,1,1,166.664770276,1,6,7,3,3,698,709,651,698,13,12,1,8,0,2,8,8,0,0,0,0,0,0,36,4,2,0,0,0,0,0,0,36
9598,3,"9598-3",3,2,4,5,NA,NA,NA,NA,NA,NA,3,1,1,166.664770276,1,6,5,3,3,709,702,651,698,14,13,1,8,0,2,8,8,0,0,0,0,0,0,36,4,2,0,0,0,0,0,0,36
9598,4,"9598-4",3,2,4,5,NA,NA,NA,NA,NA,NA,3,1,1,166.664770276,0,6,0,3,3,702,651,651,698,31,14,1,8,0,2,8,8,0,0,0,0,0,0,36,4,2,0,0,0,0,0,0,36
9602,1,"9602-1",2,1,2,NA,NA,NA,NA,NA,NA,NA,3,2,1,114.94188512,0,8,8,2,2,1968,1967,1968,1967,36,32,0,18,45,1,7,0,0,0,0,0,0,0,48,15,0,0,0,0,0,0,0,48
9602,2,"9602-2",2,1,2,NA,NA,NA,NA,NA,NA,NA,3,2,1,114.94188512,0,8,0,2,2,1967,1968,1968,1967,48,36,1,18,45,1,7,0,0,0,0,0,0,0,48,15,0,0,0,0,0,0,0,48
9606,5,"9606-5",4,1,4,5,6,NA,NA,NA,NA,NA,3,3,1,280.222617868,0,8,8,4,4,2264,2264,2264,2264,34,31,0,18,0,3,7,7,8,0,0,0,0,0,63,8,6,5,0,0,0,0,0,63
9606,6,"9606-6",4,1,4,5,6,NA,NA,NA,NA,NA,3,3,1,280.222617868,0,8,0,4,4,2264,2264,2264,2264,34,34,1,18,0,3,7,7,8,0,0,0,0,0,63,8,6,5,0,0,0,0,0,63
9607,1,"9607-1",3,1,3,4,NA,NA,NA,NA,NA,NA,3,1,1,668.2121071,1,7,9,3,3,1923,1923,1923,984,18,15,0,10,23,4,8,8,0,0,0,0,0,0,31,2,0,0,0,0,0,0,0,31
9607,2,"9607-2",3,1,3,4,NA,NA,NA,NA,NA,NA,3,1,1,668.2121071,0,7,7,3,3,1923,984,1923,984,23,18,0,10,23,4,8,8,0,0,0,0,0,0,31,2,0,0,0,0,0,0,0,31
9607,3,"9607-3",3,1,3,4,NA,NA,NA,NA,NA,NA,3,1,1,668.2121071,0,7,0,3,3,984,1923,1923,984,48,23,1,10,23,4,8,8,0,0,0,0,0,0,31,2,0,0,0,0,0,0,0,31
9608,5,"9608-5",3,2,3,4,NA,NA,NA,NA,NA,NA,3,3,1,166.664770276,0,6,6,3,3,872,912,872,912,31,29,0,17,15,2,8,8,0,0,0,0,0,0,39,3,1,0,0,0,0,0,0,39
9608,6,"9608-6",3,2,3,4,NA,NA,NA,NA,NA,NA,3,3,1,166.664770276,1,6,8,3,3,912,904,872,912,32,31,1,17,15,2,8,8,0,0,0,0,0,0,39,3,1,0,0,0,0,0,0,39
9608,7,"9608-7",3,2,3,4,NA,NA,NA,NA,NA,NA,3,3,1,166.664770276,0,6,0,3,3,904,872,872,912,48,32,1,17,15,2,8,8,0,0,0,0,0,0,39,3,1,0,0,0,0,0,0,39
9613,3,"9613-3",3,1,3,4,NA,NA,NA,NA,NA,NA,3,2,2,77.7467528,0,9,9,3,3,2586,2669,2586,2669,34,28,0,16,30,4,7,7,0,0,0,0,0,0,29,9,8,0,0,0,0,0,0,29
9613,4,"9613-4",3,1,3,4,NA,NA,NA,NA,NA,NA,3,2,2,77.7467528,0,9,0,3,3,2669,2586,2586,2669,48,34,1,16,30,4,7,7,0,0,0,0,0,0,29,9,8,0,0,0,0,0,0,29
9613,1,"9613-1",2,3,4,NA,NA,NA,NA,NA,NA,NA,2,1,1,66.744397,0,3,3,9,9,2586,2652,2586,2652,26,10,0,7,50,7,7,0,0,0,0,0,0,0,9,8,0,0,0,0,0,0,0,9
9613,2,"9613-2",2,3,4,NA,NA,NA,NA,NA,NA,NA,2,1,1,66.744397,0,3,0,9,9,2652,2586,2586,2652,28,26,1,7,50,7,7,0,0,0,0,0,0,0,9,8,0,0,0,0,0,0,0,9
9616,1,"9616-1",2,1,2,NA,NA,NA,NA,NA,NA,NA,1,1,1,70.033154872,1,5,6,2,2,299,955,299,1022,25,24,0,14,40,4,4,0,0,0,0,0,0,0,63,62,0,0,0,0,0,0,0,63
9616,2,"9616-2",2,1,2,NA,NA,NA,NA,NA,NA,NA,1,1,1,70.033154872,0,5,5,2,2,955,1022,299,1022,27,25,0,14,40,4,4,0,0,0,0,0,0,0,63,62,0,0,0,0,0,0,0,63
9616,3,"9616-3",2,1,2,NA,NA,NA,NA,NA,NA,NA,1,1,1,70.033154872,1,5,5,2,2,1022,1024,299,1022,28,27,1,14,40,4,4,0,0,0,0,0,0,0,63,62,0,0,0,0,0,0,0,63
9616,4,"9616-4",2,1,2,NA,NA,NA,NA,NA,NA,NA,1,1,1,70.033154872,0,5,0,2,2,1024,299,299,1022,33,28,1,14,40,4,4,0,0,0,0,0,0,0,63,62,0,0,0,0,0,0,0,63
9616,5,"9616-5",2,1,2,NA,NA,NA,NA,NA,NA,NA,1,2,2,70.033154872,0,7,7,2,2,299,341,299,341,34,33,0,19,5,4,4,0,0,0,0,0,0,0,63,62,0,0,0,0,0,0,0,63
9616,6,"9616-6",2,1,2,NA,NA,NA,NA,NA,NA,NA,1,2,2,70.033154872,0,7,0,2,2,341,299,299,341,48,34,1,19,5,4,4,0,0,0,0,0,0,0,63,62,0,0,0,0,0,0,0,63
9620,1,"9620-1",2,1,2,NA,NA,NA,NA,NA,NA,NA,1,1,1,29.500685192,1,9,7,2,2,1492,1478,1492,1438,13,11,0,8,20,5,5,0,0,0,0,0,0,0,70,70,0,0,0,0,0,0,0,70
9620,2,"9620-2",2,1,2,NA,NA,NA,NA,NA,NA,NA,1,1,1,29.500685192,0,9,9,2,2,1478,1438,1492,1438,17,13,0,8,20,5,5,0,0,0,0,0,0,0,70,70,0,0,0,0,0,0,0,70
9620,3,"9620-3",2,1,2,NA,NA,NA,NA,NA,NA,NA,1,1,1,29.500685192,1,9,5,2,2,1438,1471,1492,1438,18,17,1,8,20,5,5,0,0,0,0,0,0,0,70,70,0,0,0,0,0,0,0,70
9620,4,"9620-4",2,1,2,NA,NA,NA,NA,NA,NA,NA,1,1,1,29.500685192,0,9,0,2,2,1471,1492,1492,1438,22,18,1,8,20,5,5,0,0,0,0,0,0,0,70,70,0,0,0,0,0,0,0,70
9628,3,"9628-3",2,2,5,NA,NA,NA,NA,NA,NA,NA,3,2,2,54.458421284,0,9,9,2,2,2708,2702,2708,2702,34,31,0,18,0,1,7,0,0,0,0,0,0,0,49,14,0,0,0,0,0,0,0,49
9628,4,"9628-4",2,2,5,NA,NA,NA,NA,NA,NA,NA,3,2,2,54.458421284,0,9,0,2,2,2702,2708,2708,2702,48,34,1,18,0,1,7,0,0,0,0,0,0,0,49,14,0,0,0,0,0,0,0,49
9628,1,"9628-1",2,4,5,NA,NA,NA,NA,NA,NA,NA,2,1,1,49.8369312,0,3,3,2,2,2708,2716,2708,2716,29,8,0,6,45,6,7,0,0,0,0,0,0,0,16,14,0,0,0,0,0,0,0,16
9628,2,"9628-2",2,4,5,NA,NA,NA,NA,NA,NA,NA,2,1,1,49.8369312,0,3,0,2,2,2716,2708,2708,2716,48,29,1,6,45,6,7,0,0,0,0,0,0,0,16,14,0,0,0,0,0,0,0,16
9629,1,"9629-1",2,1,2,NA,NA,NA,NA,NA,NA,NA,1,1,1,41.22391336,0,6,6,2,2,1955,1208,1955,1208,17,6,0,5,35,5,5,0,0,0,0,0,0,0,74,71,0,0,0,0,0,0,0,74
9629,2,"9629-2",2,1,2,NA,NA,NA,NA,NA,NA,NA,1,1,1,41.22391336,0,6,0,2,2,1208,1955,1955,1208,18,17,1,5,35,5,5,0,0,0,0,0,0,0,74,71,0,0,0,0,0,0,0,74
9630,1,"9630-1",2,1,2,NA,NA,NA,NA,NA,NA,NA,1,2,1,146.0992197,0,9,9,2,2,491,454,491,454,28,26,0,15,49,1,4,0,0,0,0,0,0,0,64,64,0,0,0,0,0,0,0,64
9630,2,"9630-2",2,1,2,NA,NA,NA,NA,NA,NA,NA,1,2,1,146.0992197,1,9,5,2,2,454,459,491,454,28,28,1,15,49,1,4,0,0,0,0,0,0,0,64,64,0,0,0,0,0,0,0,64
9630,3,"9630-3",2,1,2,NA,NA,NA,NA,NA,NA,NA,1,2,1,146.0992197,0,9,0,2,2,459,491,491,454,48,28,1,15,49,1,4,0,0,0,0,0,0,0,64,64,0,0,0,0,0,0,0,64
9634,1,"9634-1",2,1,2,NA,NA,NA,NA,NA,NA,NA,1,1,1,18.155340513,0,6,6,2,2,2565,2617,2565,2617,26,24,0,14,30,5,5,0,0,0,0,0,0,0,73,75,0,0,0,0,0,0,0,75
9634,2,"9634-2",2,1,2,NA,NA,NA,NA,NA,NA,NA,1,1,1,18.155340513,1,6,5,2,2,2617,2675,2565,2617,29,26,1,14,30,5,5,0,0,0,0,0,0,0,73,75,0,0,0,0,0,0,0,75
9634,3,"9634-3",2,1,2,NA,NA,NA,NA,NA,NA,NA,1,1,1,18.155340513,1,6,7,2,2,2675,2675,2565,2617,31,29,1,14,30,5,5,0,0,0,0,0,0,0,73,75,0,0,0,0,0,0,0,75
9634,4,"9634-4",2,1,2,NA,NA,NA,NA,NA,NA,NA,1,1,1,18.155340513,0,6,0,2,2,2675,2565,2565,2617,32,31,1,14,30,5,5,0,0,0,0,0,0,0,73,75,0,0,0,0,0,0,0,75
9661,2,"9661-2",2,1,2,NA,NA,NA,NA,NA,NA,NA,1,1,1,151.999602516,0,6,6,2,2,1630,1275,1630,1275,15,10,0,7,30,1,2,0,0,0,0,0,0,0,51,51,0,0,0,0,0,0,0,51
9661,3,"9661-3",2,1,2,NA,NA,NA,NA,NA,NA,NA,1,1,1,151.999602516,1,6,7,2,2,1275,1639,1630,1275,17,15,1,7,30,1,2,0,0,0,0,0,0,0,51,51,0,0,0,0,0,0,0,51
9661,4,"9661-4",2,1,2,NA,NA,NA,NA,NA,NA,NA,1,1,1,151.999602516,0,6,0,2,2,1639,1630,1630,1275,17,17,1,7,30,1,2,0,0,0,0,0,0,0,51,51,0,0,0,0,0,0,0,51
9670,1,"9670-1",2,1,2,NA,NA,NA,NA,NA,NA,NA,1,1,1,137.585847105,0,5,5,2,2,1630,1590,1630,1590,17,15,0,10,0,1,2,0,0,0,0,0,0,0,55,48,0,0,0,0,0,0,0,55
9670,2,"9670-2",2,1,2,NA,NA,NA,NA,NA,NA,NA,1,1,1,137.585847105,1,5,6,2,2,1590,1525,1630,1590,19,17,1,10,0,1,2,0,0,0,0,0,0,0,55,48,0,0,0,0,0,0,0,55
9670,3,"9670-3",2,1,2,NA,NA,NA,NA,NA,NA,NA,1,1,1,137.585847105,0,5,0,2,2,1525,1630,1630,1590,48,19,1,10,0,1,2,0,0,0,0,0,0,0,55,48,0,0,0,0,0,0,0,55
9673,1,"9673-1",2,1,2,NA,NA,NA,NA,NA,NA,NA,1,2,1,48.24734103,0,5,5,2,2,1590,1590,1590,1590,35,33,0,19,20,1,1,0,0,0,0,0,0,0,52,52,0,0,0,0,0,0,0,52
9673,2,"9673-2",2,1,2,NA,NA,NA,NA,NA,NA,NA,1,2,1,48.24734103,1,5,5,2,2,1590,1593,1590,1590,36,35,1,19,20,1,1,0,0,0,0,0,0,0,52,52,0,0,0,0,0,0,0,52
9673,3,"9673-3",2,1,2,NA,NA,NA,NA,NA,NA,NA,1,2,1,48.24734103,0,5,0,2,2,1593,1590,1590,1590,48,36,1,19,20,1,1,0,0,0,0,0,0,0,52,52,0,0,0,0,0,0,0,52
9678,1,"9678-1",2,1,2,NA,NA,NA,NA,NA,NA,NA,1,2,1,161.106077265,0,9,9,3,3,1706,1707,1706,1707,35,32,0,18,50,1,1,0,0,0,0,0,0,0,38,35,0,0,0,0,0,0,0,38
9678,2,"9678-2",2,1,2,NA,NA,NA,NA,NA,NA,NA,1,2,1,161.106077265,0,9,0,3,3,1707,1706,1706,1707,48,35,1,18,50,1,1,0,0,0,0,0,0,0,38,35,0,0,0,0,0,0,0,38
9679,1,"9679-1",2,1,2,NA,NA,NA,NA,NA,NA,NA,1,2,1,39.89444781,0,7,7,2,2,1591,1610,1591,1610,33,31,0,18,20,1,5,0,0,0,0,0,0,0,40,70,0,0,0,0,0,0,0,70
9679,2,"9679-2",2,1,2,NA,NA,NA,NA,NA,NA,NA,1,2,1,39.89444781,0,7,0,2,2,1610,1591,1591,1610,48,33,1,18,20,1,5,0,0,0,0,0,0,0,40,70,0,0,0,0,0,0,0,70
9684,4,"9684-4",2,1,2,NA,NA,NA,NA,NA,NA,NA,1,3,1,43.4286539,0,5,5,2,2,1318,1384,1318,1384,39,37,0,21,0,4,1,0,0,0,0,0,0,0,40,35,0,0,0,0,0,0,0,40
9684,5,"9684-5",2,1,2,NA,NA,NA,NA,NA,NA,NA,1,3,1,43.4286539,0,5,0,2,2,1384,1318,1318,1384,48,39,1,21,0,4,1,0,0,0,0,0,0,0,40,35,0,0,0,0,0,0,0,40
9686,1,"9686-1",2,1,2,NA,NA,NA,NA,NA,NA,NA,1,3,1,61.214337765,0,7,7,2,2,1961,1857,1961,1857,31,28,0,16,45,1,4,0,0,0,0,0,0,0,58,57,0,0,0,0,0,0,0,58
9686,2,"9686-2",2,1,2,NA,NA,NA,NA,NA,NA,NA,1,3,1,61.214337765,1,7,6,2,2,1857,1923,1961,1857,31,31,1,16,45,1,4,0,0,0,0,0,0,0,58,57,0,0,0,0,0,0,0,58
9686,3,"9686-3",2,1,2,NA,NA,NA,NA,NA,NA,NA,1,3,1,61.214337765,0,7,0,2,2,1923,1961,1961,1857,35,31,1,16,45,1,4,0,0,0,0,0,0,0,58,57,0,0,0,0,0,0,0,58
9687,1,"9687-1",2,1,4,NA,NA,NA,NA,NA,NA,NA,3,1,1,132.0241225,0,6,6,4,4,96,96,96,96,17,17,0,11,0,4,8,0,0,0,0,0,0,0,54,3,0,0,0,0,0,0,0,54
9687,2,"9687-2",2,1,4,NA,NA,NA,NA,NA,NA,NA,3,1,1,132.0241225,0,6,0,4,4,96,96,96,96,21,17,1,11,0,4,8,0,0,0,0,0,0,0,54,3,0,0,0,0,0,0,0,54
9687,3,"9687-3",2,1,4,NA,NA,NA,NA,NA,NA,NA,3,2,2,132.0241225,0,6,6,2,2,96,17,96,17,29,21,0,13,15,4,8,0,0,0,0,0,0,0,54,3,0,0,0,0,0,0,0,54
9687,4,"9687-4",2,1,4,NA,NA,NA,NA,NA,NA,NA,3,2,2,132.0241225,1,6,7,2,2,17,83,96,17,30,29,1,13,15,4,8,0,0,0,0,0,0,0,54,3,0,0,0,0,0,0,0,54
9687,5,"9687-5",2,1,4,NA,NA,NA,NA,NA,NA,NA,3,2,2,132.0241225,0,6,0,2,2,83,96,96,17,48,30,1,13,15,4,8,0,0,0,0,0,0,0,54,3,0,0,0,0,0,0,0,54
9688,2,"9688-2",2,1,2,NA,NA,NA,NA,NA,NA,NA,1,2,1,61.190015392,0,9,9,2,2,1700,1014,1700,1014,42,33,0,19,0,4,2,0,0,0,0,0,0,0,62,57,0,0,0,0,0,0,0,62
9688,3,"9688-3",2,1,2,NA,NA,NA,NA,NA,NA,NA,1,2,1,61.190015392,0,9,0,2,2,1014,1700,1700,1014,48,42,1,19,0,4,2,0,0,0,0,0,0,0,62,57,0,0,0,0,0,0,0,62
9706,2,"9706-2",2,1,4,NA,NA,NA,NA,NA,NA,NA,3,1,1,136.0332263,1,5,6,2,2,1961,1935,1961,1962,13,12,0,8,52,1,8,0,0,0,0,0,0,0,35,1,0,0,0,0,0,0,0,35
9706,3,"9706-3",2,1,4,NA,NA,NA,NA,NA,NA,NA,3,1,1,136.0332263,0,5,5,2,2,1935,1962,1961,1962,14,13,0,8,52,1,8,0,0,0,0,0,0,0,35,1,0,0,0,0,0,0,0,35
9706,4,"9706-4",2,1,4,NA,NA,NA,NA,NA,NA,NA,3,1,1,136.0332263,0,5,0,2,2,1962,1961,1961,1962,16,14,1,8,52,1,8,0,0,0,0,0,0,0,35,1,0,0,0,0,0,0,0,35
9707,1,"9707-1",2,1,2,NA,NA,NA,NA,NA,NA,NA,1,1,1,46.654596707,1,8,7,2,2,1492,9999,1492,9999,20,18,0,11,45,5,2,0,0,0,0,0,0,0,71,68,0,0,0,0,0,0,0,71
9707,2,"9707-2",2,1,2,NA,NA,NA,NA,NA,NA,NA,1,1,1,46.654596707,1,8,6,2,2,9999,9999,1492,9999,22,20,0,11,45,5,2,0,0,0,0,0,0,0,71,68,0,0,0,0,0,0,0,71
9707,3,"9707-3",2,1,2,NA,NA,NA,NA,NA,NA,NA,1,1,1,46.654596707,1,8,5,2,2,9999,9999,1492,9999,24,22,0,11,45,5,2,0,0,0,0,0,0,0,71,68,0,0,0,0,0,0,0,71
9707,4,"9707-4",2,1,2,NA,NA,NA,NA,NA,NA,NA,1,1,1,46.654596707,0,8,8,2,2,9999,9999,1492,9999,48,24,0,11,45,5,2,0,0,0,0,0,0,0,71,68,0,0,0,0,0,0,0,71
9709,1,"9709-1",2,1,2,NA,NA,NA,NA,NA,NA,NA,1,1,1,54.614363781,1,5,6,2,2,1975,1971,1975,1897,15,15,0,10,5,4,4,0,0,0,0,0,0,0,63,63,0,0,0,0,0,0,0,63
9709,2,"9709-2",2,1,2,NA,NA,NA,NA,NA,NA,NA,1,1,1,54.614363781,1,5,5,2,2,1971,1971,1975,1897,16,15,0,10,5,4,4,0,0,0,0,0,0,0,63,63,0,0,0,0,0,0,0,63
9709,3,"9709-3",2,1,2,NA,NA,NA,NA,NA,NA,NA,1,1,1,54.614363781,0,5,5,2,2,1971,1897,1975,1897,19,16,0,10,5,4,4,0,0,0,0,0,0,0,63,63,0,0,0,0,0,0,0,63
9709,4,"9709-4",2,1,2,NA,NA,NA,NA,NA,NA,NA,1,1,1,54.614363781,1,5,7,2,2,1897,1982,1975,1897,22,19,1,10,5,4,4,0,0,0,0,0,0,0,63,63,0,0,0,0,0,0,0,63
9709,5,"9709-5",2,1,2,NA,NA,NA,NA,NA,NA,NA,1,1,1,54.614363781,0,5,0,2,2,1982,1975,1975,1897,48,22,1,10,5,4,4,0,0,0,0,0,0,0,63,63,0,0,0,0,0,0,0,63
9712,1,"9712-1",2,1,2,NA,NA,NA,NA,NA,NA,NA,3,2,1,82.268236808,0,9,9,2,2,928,917,928,917,34,32,0,18,45,1,7,0,0,0,0,0,0,0,41,8,0,0,0,0,0,0,0,41
9712,2,"9712-2",2,1,2,NA,NA,NA,NA,NA,NA,NA,3,2,1,82.268236808,0,9,0,2,2,917,928,928,917,48,34,1,18,45,1,7,0,0,0,0,0,0,0,41,8,0,0,0,0,0,0,0,41
9716,1,"9716-1",2,3,4,NA,NA,NA,NA,NA,NA,NA,2,1,1,169.488053728,0,3,3,9,9,1955,1893,1955,1893,23,8,0,6,30,6,7,0,0,0,0,0,0,0,17,15,0,0,0,0,0,0,0,17
9716,2,"9716-2",2,3,4,NA,NA,NA,NA,NA,NA,NA,2,1,1,169.488053728,0,3,0,9,9,1893,1955,1955,1893,48,23,1,6,30,6,7,0,0,0,0,0,0,0,17,15,0,0,0,0,0,0,0,17
9719,3,"9719-3",2,1,4,NA,NA,NA,NA,NA,NA,NA,3,2,1,49.760203552,0,9,9,2,2,1591,2380,1591,2380,35,32,0,18,40,1,7,0,0,0,0,0,0,0,54,12,0,0,0,0,0,0,0,54
9719,4,"9719-4",2,1,4,NA,NA,NA,NA,NA,NA,NA,3,2,1,49.760203552,0,9,0,2,2,2380,1591,1591,2380,48,35,1,18,40,1,7,0,0,0,0,0,0,0,54,12,0,0,0,0,0,0,0,54
9725,2,"9725-2",2,2,4,NA,NA,NA,NA,NA,NA,NA,3,2,1,155.1645347,0,6,6,2,2,866,873,866,873,27,27,0,16,5,4,7,0,0,0,0,0,0,0,48,12,0,0,0,0,0,0,0,48
9725,3,"9725-3",2,2,4,NA,NA,NA,NA,NA,NA,NA,3,2,1,155.1645347,0,6,0,2,2,873,866,866,873,48,27,1,16,5,4,7,0,0,0,0,0,0,0,48,12,0,0,0,0,0,0,0,48
9727,1,"9727-1",2,2,3,NA,NA,NA,NA,NA,NA,NA,1,1,1,93.671875185,0,5,5,2,2,1600,1624,1600,1624,16,13,0,9,9,1,4,0,0,0,0,0,0,0,47,21,0,0,0,0,0,0,0,47
9727,2,"9727-2",2,2,3,NA,NA,NA,NA,NA,NA,NA,1,1,1,93.671875185,0,5,0,2,2,1624,1600,1600,1624,18,16,1,9,9,1,4,0,0,0,0,0,0,0,47,21,0,0,0,0,0,0,0,47
9738,1,"9738-1",2,1,2,NA,NA,NA,NA,NA,NA,NA,1,2,1,45.018000184,0,6,6,2,2,1961,2024,1961,2024,26,17,0,11,10,5,5,0,0,0,0,0,0,0,68,70,0,0,0,0,0,0,0,70
9738,2,"9738-2",2,1,2,NA,NA,NA,NA,NA,NA,NA,1,2,1,45.018000184,1,6,7,2,2,2024,1887,1961,2024,32,26,1,11,10,5,5,0,0,0,0,0,0,0,68,70,0,0,0,0,0,0,0,70
9738,3,"9738-3",2,1,2,NA,NA,NA,NA,NA,NA,NA,1,2,1,45.018000184,0,6,0,2,2,1887,1961,1961,2024,48,32,1,11,10,5,5,0,0,0,0,0,0,0,68,70,0,0,0,0,0,0,0,70
9745,1,"9745-1",2,1,2,NA,NA,NA,NA,NA,NA,NA,1,2,1,86.8901502,0,7,7,2,2,1956,1918,1956,1918,36,32,0,18,35,1,1,0,0,0,0,0,0,0,54,58,0,0,0,0,0,0,0,58
9745,2,"9745-2",2,1,2,NA,NA,NA,NA,NA,NA,NA,1,2,1,86.8901502,0,7,0,2,2,1918,1956,1956,1918,48,36,1,18,35,1,1,0,0,0,0,0,0,0,54,58,0,0,0,0,0,0,0,58
9746,1,"9746-1",2,1,2,NA,NA,NA,NA,NA,NA,NA,1,2,1,35.6407184,0,6,6,2,2,1491,1470,1491,1470,16,13,0,9,25,2,5,0,0,0,0,0,0,0,66,75,0,0,0,0,0,0,0,75
9746,2,"9746-2",2,1,2,NA,NA,NA,NA,NA,NA,NA,1,2,1,35.6407184,0,6,0,2,2,1470,1491,1491,1470,24,16,1,9,25,2,5,0,0,0,0,0,0,0,66,75,0,0,0,0,0,0,0,75
9748,1,"9748-1",2,1,2,NA,NA,NA,NA,NA,NA,NA,1,3,1,88.608249807,0,5,5,2,2,1962,1837,1962,1837,33,32,0,18,55,4,1,0,0,0,0,0,0,0,62,60,0,0,0,0,0,0,0,62
9748,2,"9748-2",2,1,2,NA,NA,NA,NA,NA,NA,NA,1,3,1,88.608249807,1,5,6,2,2,1837,1962,1962,1837,34,33,1,18,55,4,1,0,0,0,0,0,0,0,62,60,0,0,0,0,0,0,0,62
9748,3,"9748-3",2,1,2,NA,NA,NA,NA,NA,NA,NA,1,3,1,88.608249807,0,5,0,2,2,1962,1962,1962,1837,48,34,1,18,55,4,1,0,0,0,0,0,0,0,62,60,0,0,0,0,0,0,0,62
9749,1,"9749-1",2,1,2,NA,NA,NA,NA,NA,NA,NA,1,1,1,31.342513755,0,7,7,2,2,1184,9999,1184,9999,32,27,0,16,0,2,2,0,0,0,0,0,0,0,72,61,0,0,0,0,0,0,0,72
9749,2,"9749-2",2,1,2,NA,NA,NA,NA,NA,NA,NA,1,1,1,31.342513755,0,7,0,2,2,9999,1184,1184,9999,48,32,1,16,0,2,2,0,0,0,0,0,0,0,72,61,0,0,0,0,0,0,0,72
9757,1,"9757-1",2,1,2,NA,NA,NA,NA,NA,NA,NA,1,1,1,74.110846834,1,5,7,2,2,1351,1287,1351,1291,19,17,0,11,20,5,4,0,0,0,0,0,0,0,67,63,0,0,0,0,0,0,0,67
9757,2,"9757-2",2,1,2,NA,NA,NA,NA,NA,NA,NA,1,1,1,74.110846834,0,5,5,2,2,1287,1291,1351,1291,20,19,0,11,20,5,4,0,0,0,0,0,0,0,67,63,0,0,0,0,0,0,0,67
9757,3,"9757-3",2,1,2,NA,NA,NA,NA,NA,NA,NA,1,1,1,74.110846834,0,5,0,2,2,1291,1351,1351,1291,26,20,1,11,20,5,4,0,0,0,0,0,0,0,67,63,0,0,0,0,0,0,0,67
9757,4,"9757-4",2,1,2,NA,NA,NA,NA,NA,NA,NA,1,2,2,74.110846834,0,9,9,2,2,1351,1364,1351,1364,31,26,0,15,45,5,4,0,0,0,0,0,0,0,67,63,0,0,0,0,0,0,0,67
9757,5,"9757-5",2,1,2,NA,NA,NA,NA,NA,NA,NA,1,2,2,74.110846834,1,9,5,2,2,1364,1366,1351,1364,32,31,1,15,45,5,4,0,0,0,0,0,0,0,67,63,0,0,0,0,0,0,0,67
9757,6,"9757-6",2,1,2,NA,NA,NA,NA,NA,NA,NA,1,2,2,74.110846834,0,9,0,2,2,1366,1351,1351,1364,48,32,1,15,45,5,4,0,0,0,0,0,0,0,67,63,0,0,0,0,0,0,0,67
9760,1,"9760-1",2,1,5,NA,NA,NA,NA,NA,NA,NA,3,4,1,64.126422724,0,5,5,2,2,1956,1935,1956,1935,37,36,0,20,50,1,6,0,0,0,0,0,0,0,49,16,0,0,0,0,0,0,0,49
9760,2,"9760-2",2,1,5,NA,NA,NA,NA,NA,NA,NA,3,4,1,64.126422724,0,5,0,2,2,1935,1956,1956,1935,48,37,1,20,50,1,6,0,0,0,0,0,0,0,49,16,0,0,0,0,0,0,0,49
9763,1,"9763-1",2,1,2,NA,NA,NA,NA,NA,NA,NA,1,2,1,166.567501905,1,1,7,2,2,2801,9999,2801,2733,36,32,0,18,30,1,1,0,0,0,0,0,0,0,31,44,0,0,0,0,0,0,0,44
9763,2,"9763-2",2,1,2,NA,NA,NA,NA,NA,NA,NA,1,2,1,166.567501905,0,1,1,2,2,9999,2733,2801,2733,48,36,0,18,30,1,1,0,0,0,0,0,0,0,31,44,0,0,0,0,0,0,0,44
9765,2,"9765-2",2,3,4,NA,NA,NA,NA,NA,NA,NA,3,2,1,110.4046472,0,7,7,2,2,1961,1997,1961,1997,35,35,0,20,5,3,7,0,0,0,0,0,0,0,27,6,0,0,0,0,0,0,0,27
9765,3,"9765-3",2,3,4,NA,NA,NA,NA,NA,NA,NA,3,2,1,110.4046472,0,7,0,2,2,1997,1961,1961,1997,48,35,1,20,5,3,7,0,0,0,0,0,0,0,27,6,0,0,0,0,0,0,0,27
9774,1,"9774-1",2,3,4,NA,NA,NA,NA,NA,NA,NA,2,1,1,64.6070876,0,3,3,9,9,1193,1177,1193,1177,27,12,0,8,50,7,7,0,0,0,0,0,0,0,10,7,0,0,0,0,0,0,0,10
9774,2,"9774-2",2,3,4,NA,NA,NA,NA,NA,NA,NA,2,1,1,64.6070876,0,3,0,9,9,1177,1193,1193,1177,48,27,1,8,50,7,7,0,0,0,0,0,0,0,10,7,0,0,0,0,0,0,0,10
9778,1,"9778-1",2,1,2,NA,NA,NA,NA,NA,NA,NA,1,1,1,91.29401010348,1,7,6,2,2,2028,2019,2028,9999,22,21,0,13,20,5,5,0,0,0,0,0,0,0,66,66,0,0,0,0,0,0,0,66
9778,2,"9778-2",2,1,2,NA,NA,NA,NA,NA,NA,NA,1,1,1,91.29401010348,1,7,6,2,2,2019,2026,2028,9999,22,22,0,13,20,5,5,0,0,0,0,0,0,0,66,66,0,0,0,0,0,0,0,66
9778,3,"9778-3",2,1,2,NA,NA,NA,NA,NA,NA,NA,1,1,1,91.29401010348,1,7,6,2,2,2026,2025,2028,9999,22,22,0,13,20,5,5,0,0,0,0,0,0,0,66,66,0,0,0,0,0,0,0,66
9778,4,"9778-4",2,1,2,NA,NA,NA,NA,NA,NA,NA,1,1,1,91.29401010348,1,7,6,2,2,2025,2019,2028,9999,22,22,0,13,20,5,5,0,0,0,0,0,0,0,66,66,0,0,0,0,0,0,0,66
9778,5,"9778-5",2,1,2,NA,NA,NA,NA,NA,NA,NA,1,1,1,91.29401010348,1,7,7,2,2,2019,2019,2028,9999,23,22,0,13,20,5,5,0,0,0,0,0,0,0,66,66,0,0,0,0,0,0,0,66
9778,6,"9778-6",2,1,2,NA,NA,NA,NA,NA,NA,NA,1,1,1,91.29401010348,1,7,6,2,2,2019,2019,2028,9999,23,23,0,13,20,5,5,0,0,0,0,0,0,0,66,66,0,0,0,0,0,0,0,66
9778,7,"9778-7",2,1,2,NA,NA,NA,NA,NA,NA,NA,1,1,1,91.29401010348,0,7,7,2,2,2019,9999,2028,9999,30,23,0,13,20,5,5,0,0,0,0,0,0,0,66,66,0,0,0,0,0,0,0,66
9778,8,"9778-8",2,1,2,NA,NA,NA,NA,NA,NA,NA,1,1,1,91.29401010348,1,7,5,2,2,9999,9999,2028,9999,33,30,1,13,20,5,5,0,0,0,0,0,0,0,66,66,0,0,0,0,0,0,0,66
9778,9,"9778-9",2,1,2,NA,NA,NA,NA,NA,NA,NA,1,1,1,91.29401010348,0,7,0,2,2,9999,2028,2028,9999,48,33,1,13,20,5,5,0,0,0,0,0,0,0,66,66,0,0,0,0,0,0,0,66
9781,5,"9781-5",2,2,3,NA,NA,NA,NA,NA,NA,NA,3,3,1,77.7467528,0,2,2,2,2,2540,2555,2540,2555,35,29,0,17,20,3,7,0,0,0,0,0,0,0,39,11,0,0,0,0,0,0,0,39
9781,6,"9781-6",2,2,3,NA,NA,NA,NA,NA,NA,NA,3,3,1,77.7467528,0,2,0,2,2,2555,2540,2540,2555,48,35,1,17,20,3,7,0,0,0,0,0,0,0,39,11,0,0,0,0,0,0,0,39
9784,1,"9784-1",2,1,2,NA,NA,NA,NA,NA,NA,NA,1,2,1,46.654596707,0,7,7,2,2,1491,1478,1491,1478,33,29,0,17,0,5,1,0,0,0,0,0,0,0,65,58,0,0,0,0,0,0,0,65
9784,2,"9784-2",2,1,2,NA,NA,NA,NA,NA,NA,NA,1,2,1,46.654596707,0,7,0,2,2,1478,1491,1491,1478,48,33,1,17,0,5,1,0,0,0,0,0,0,0,65,58,0,0,0,0,0,0,0,65
9789,5,"9789-5",2,1,5,NA,NA,NA,NA,NA,NA,NA,3,3,1,113.6834895,0,9,9,2,2,1253,1288,1253,1288,29,27,0,16,2,4,7,0,0,0,0,0,0,0,41,10,0,0,0,0,0,0,0,41
9789,6,"9789-6",2,1,5,NA,NA,NA,NA,NA,NA,NA,3,3,1,113.6834895,0,9,0,2,2,1288,1253,1253,1288,48,29,1,16,2,4,7,0,0,0,0,0,0,0,41,10,0,0,0,0,0,0,0,41
9791,1,"9791-1",2,1,2,NA,NA,NA,NA,NA,NA,NA,1,1,1,12.5324848,1,8,4,2,3,2514,9999,2514,9999,16,15,0,10,0,1,5,0,0,0,0,0,0,0,70,70,0,0,0,0,0,0,0,70
9791,2,"9791-2",2,1,2,NA,NA,NA,NA,NA,NA,NA,1,1,1,12.5324848,0,8,8,3,3,9999,9999,2514,9999,28,16,0,10,0,1,5,0,0,0,0,0,0,0,70,70,0,0,0,0,0,0,0,70
9791,3,"9791-3",2,1,2,NA,NA,NA,NA,NA,NA,NA,1,1,1,12.5324848,1,8,6,3,3,9999,9999,2514,9999,29,28,1,10,0,1,5,0,0,0,0,0,0,0,70,70,0,0,0,0,0,0,0,70
9791,4,"9791-4",2,1,2,NA,NA,NA,NA,NA,NA,NA,1,1,1,12.5324848,1,8,4,3,3,9999,9999,2514,9999,30,29,1,10,0,1,5,0,0,0,0,0,0,0,70,70,0,0,0,0,0,0,0,70
9791,5,"9791-5",2,1,2,NA,NA,NA,NA,NA,NA,NA,1,1,1,12.5324848,1,8,6,2,3,9999,9999,2514,9999,30,30,1,10,0,1,5,0,0,0,0,0,0,0,70,70,0,0,0,0,0,0,0,70
9791,6,"9791-6",2,1,2,NA,NA,NA,NA,NA,NA,NA,1,1,1,12.5324848,0,8,0,2,3,9999,2514,2514,9999,48,30,1,10,0,1,5,0,0,0,0,0,0,0,70,70,0,0,0,0,0,0,0,70
9792,1,"9792-1",2,2,3,NA,NA,NA,NA,NA,NA,NA,1,2,1,92.5844372,0,9,9,3,3,1960,1958,1960,1958,34,31,0,18,5,1,2,0,0,0,0,0,0,0,59,26,0,0,0,0,0,0,0,59
9792,2,"9792-2",2,2,3,NA,NA,NA,NA,NA,NA,NA,1,2,1,92.5844372,0,9,0,3,3,1958,1960,1960,1958,48,34,1,18,5,1,2,0,0,0,0,0,0,0,59,26,0,0,0,0,0,0,0,59
9796,1,"9796-1",2,1,2,NA,NA,NA,NA,NA,NA,NA,1,2,1,68.86888386,0,7,7,2,2,1933,1924,1933,1924,31,30,0,17,40,1,3,0,0,0,0,0,0,0,31,30,0,0,0,0,0,0,0,31
9796,2,"9796-2",2,1,2,NA,NA,NA,NA,NA,NA,NA,1,2,1,68.86888386,0,7,0,2,2,1924,1933,1933,1924,48,31,1,17,40,1,3,0,0,0,0,0,0,0,31,30,0,0,0,0,0,0,0,31
9801,1,"9801-1",2,1,3,NA,NA,NA,NA,NA,NA,NA,3,1,0,19.257284,0,NA,5,2,NA,2441,2441,NA,NA,24,23,0,NA,NA,4,8,0,0,0,0,0,0,0,21,0,0,0,0,0,0,0,0,21
9801,2,"9801-2",2,1,3,NA,NA,NA,NA,NA,NA,NA,3,1,0,19.257284,0,NA,0,2,NA,2441,2441,NA,NA,48,24,1,NA,NA,4,8,0,0,0,0,0,0,0,21,0,0,0,0,0,0,0,0,21
9812,1,"9812-1",2,1,2,NA,NA,NA,NA,NA,NA,NA,1,2,1,21.1177427,0,7,7,2,2,2727,2707,2727,2707,35,34,0,19,30,4,1,0,0,0,0,0,0,0,44,43,0,0,0,0,0,0,0,44
9812,2,"9812-2",2,1,2,NA,NA,NA,NA,NA,NA,NA,1,2,1,21.1177427,0,7,0,2,2,2707,2727,2727,2707,48,35,1,19,30,4,1,0,0,0,0,0,0,0,44,43,0,0,0,0,0,0,0,44
9813,1,"9813-1",2,1,2,NA,NA,NA,NA,NA,NA,NA,1,1,1,16.083732729,0,9,9,2,2,2726,2718,2726,2718,13,11,0,8,10,5,5,0,0,0,0,0,0,0,77,73,0,0,0,0,0,0,0,77
9813,2,"9813-2",2,1,2,NA,NA,NA,NA,NA,NA,NA,1,1,1,16.083732729,0,9,0,2,2,2718,2726,2726,2718,25,13,1,8,10,5,5,0,0,0,0,0,0,0,77,73,0,0,0,0,0,0,0,77
9815,1,"9815-1",2,1,2,NA,NA,NA,NA,NA,NA,NA,1,1,1,892.764865913,0,6,6,2,2,1935,1197,1935,1197,20,15,0,10,15,5,5,0,0,0,0,0,0,0,80,77,0,0,0,0,0,0,0,80
9815,2,"9815-2",2,1,2,NA,NA,NA,NA,NA,NA,NA,1,1,1,892.764865913,1,6,7,2,2,1197,1207,1935,1197,22,20,1,10,15,5,5,0,0,0,0,0,0,0,80,77,0,0,0,0,0,0,0,80
9815,3,"9815-3",2,1,2,NA,NA,NA,NA,NA,NA,NA,1,1,1,892.764865913,1,6,5,2,2,1207,1940,1935,1197,25,22,1,10,15,5,5,0,0,0,0,0,0,0,80,77,0,0,0,0,0,0,0,80
9815,4,"9815-4",2,1,2,NA,NA,NA,NA,NA,NA,NA,1,1,1,892.764865913,0,6,0,2,2,1940,1935,1935,1197,48,25,1,10,15,5,5,0,0,0,0,0,0,0,80,77,0,0,0,0,0,0,0,80
9817,1,"9817-1",2,1,2,NA,NA,NA,NA,NA,NA,NA,1,1,1,82.7567209,0,5,5,2,2,224,483,224,483,18,15,0,10,0,4,5,0,0,0,0,0,0,0,28,75,0,0,0,0,0,0,0,75
9817,2,"9817-2",2,1,2,NA,NA,NA,NA,NA,NA,NA,1,1,1,82.7567209,1,5,5,2,2,483,484,224,483,20,18,1,10,0,4,5,0,0,0,0,0,0,0,28,75,0,0,0,0,0,0,0,75
9817,3,"9817-3",2,1,2,NA,NA,NA,NA,NA,NA,NA,1,1,1,82.7567209,0,5,0,2,2,484,224,224,483,29,20,1,10,0,4,5,0,0,0,0,0,0,0,28,75,0,0,0,0,0,0,0,75
9827,1,"9827-1",2,1,2,NA,NA,NA,NA,NA,NA,NA,1,1,1,41.3009176,0,6,6,2,2,1966,1835,1966,1835,18,16,0,10,50,5,5,0,0,0,0,0,0,0,70,70,0,0,0,0,0,0,0,70
9827,2,"9827-2",2,1,2,NA,NA,NA,NA,NA,NA,NA,1,1,1,41.3009176,1,6,6,2,2,1835,2002,1966,1835,19,18,1,10,50,5,5,0,0,0,0,0,0,0,70,70,0,0,0,0,0,0,0,70
9827,3,"9827-3",2,1,2,NA,NA,NA,NA,NA,NA,NA,1,1,1,41.3009176,1,6,7,2,2,2002,1981,1966,1835,21,19,1,10,50,5,5,0,0,0,0,0,0,0,70,70,0,0,0,0,0,0,0,70
9827,4,"9827-4",2,1,2,NA,NA,NA,NA,NA,NA,NA,1,1,1,41.3009176,1,6,5,2,2,1981,1981,1966,1835,22,21,1,10,50,5,5,0,0,0,0,0,0,0,70,70,0,0,0,0,0,0,0,70
9827,5,"9827-5",2,1,2,NA,NA,NA,NA,NA,NA,NA,1,1,1,41.3009176,0,6,0,2,2,1981,1966,1966,1835,48,22,1,10,50,5,5,0,0,0,0,0,0,0,70,70,0,0,0,0,0,0,0,70
9830,1,"9830-1",2,1,2,NA,NA,NA,NA,NA,NA,NA,1,1,1,116.185202175,0,5,5,2,2,1932,1905,1932,1905,23,20,0,12,30,2,1,0,0,0,0,0,0,0,51,40,0,0,0,0,0,0,0,51
9830,2,"9830-2",2,1,2,NA,NA,NA,NA,NA,NA,NA,1,1,1,116.185202175,0,5,0,2,2,1905,1932,1932,1905,48,23,1,12,30,2,1,0,0,0,0,0,0,0,51,40,0,0,0,0,0,0,0,51
9836,1,"9836-1",2,1,4,NA,NA,NA,NA,NA,NA,NA,1,1,1,225.9813398,1,9,7,5,5,495,259,495,529,16,16,0,10,30,2,4,0,0,0,0,0,0,0,40,40,0,0,0,0,0,0,0,40
9836,2,"9836-2",2,1,4,NA,NA,NA,NA,NA,NA,NA,1,1,1,225.9813398,0,9,9,5,5,259,529,495,529,25,16,0,10,30,2,4,0,0,0,0,0,0,0,40,40,0,0,0,0,0,0,0,40
9836,3,"9836-3",2,1,4,NA,NA,NA,NA,NA,NA,NA,1,1,1,225.9813398,1,9,7,5,5,529,528,495,529,27,25,1,10,30,2,4,0,0,0,0,0,0,0,40,40,0,0,0,0,0,0,0,40
9836,4,"9836-4",2,1,4,NA,NA,NA,NA,NA,NA,NA,1,1,1,225.9813398,0,9,0,5,5,528,495,495,529,48,27,1,10,30,2,4,0,0,0,0,0,0,0,40,40,0,0,0,0,0,0,0,40
9851,5,"9851-5",2,1,2,NA,NA,NA,NA,NA,NA,NA,1,2,1,21.7600108,0,6,6,2,2,2478,2476,2478,2476,27,26,0,15,49,4,4,0,0,0,0,0,0,0,51,55,0,0,0,0,0,0,0,55
9851,6,"9851-6",2,1,2,NA,NA,NA,NA,NA,NA,NA,1,2,1,21.7600108,1,6,7,2,2,2476,2480,2478,2476,27,27,1,15,49,4,4,0,0,0,0,0,0,0,51,55,0,0,0,0,0,0,0,55
9851,7,"9851-7",2,1,2,NA,NA,NA,NA,NA,NA,NA,1,2,1,21.7600108,0,6,0,2,2,2480,2478,2478,2476,48,27,1,15,49,4,4,0,0,0,0,0,0,0,51,55,0,0,0,0,0,0,0,55
9852,1,"9852-1",2,1,2,NA,NA,NA,NA,NA,NA,NA,1,3,1,62.8425361,0,5,5,4,4,1932,1932,1932,1932,30,27,0,16,14,4,1,0,0,0,0,0,0,0,54,57,0,0,0,0,0,0,0,57
9852,2,"9852-2",2,1,2,NA,NA,NA,NA,NA,NA,NA,1,3,1,62.8425361,0,5,0,4,4,1932,1932,1932,1932,48,30,1,16,14,4,1,0,0,0,0,0,0,0,54,57,0,0,0,0,0,0,0,57
9861,1,"9861-1",2,1,2,NA,NA,NA,NA,NA,NA,NA,1,1,1,53.079913883,0,9,9,2,2,2442,9999,2442,9999,19,13,0,9,0,4,2,0,0,0,0,0,0,0,63,53,0,0,0,0,0,0,0,63
9861,2,"9861-2",2,1,2,NA,NA,NA,NA,NA,NA,NA,1,1,1,53.079913883,1,9,5,2,2,9999,2436,2442,9999,22,19,1,9,0,4,2,0,0,0,0,0,0,0,63,53,0,0,0,0,0,0,0,63
9861,3,"9861-3",2,1,2,NA,NA,NA,NA,NA,NA,NA,1,1,1,53.079913883,0,9,0,2,2,2436,2442,2442,9999,24,22,1,9,0,4,2,0,0,0,0,0,0,0,63,53,0,0,0,0,0,0,0,63
9861,4,"9861-4",2,1,2,NA,NA,NA,NA,NA,NA,NA,1,3,2,53.079913883,1,7,7,2,2,2442,2443,2442,2443,35,35,0,20,0,4,2,0,0,0,0,0,0,0,63,53,0,0,0,0,0,0,0,63
9861,5,"9861-5",2,1,2,NA,NA,NA,NA,NA,NA,NA,1,3,2,53.079913883,0,7,7,2,2,2443,2443,2442,2443,37,35,0,20,0,4,2,0,0,0,0,0,0,0,63,53,0,0,0,0,0,0,0,63
9861,6,"9861-6",2,1,2,NA,NA,NA,NA,NA,NA,NA,1,3,2,53.079913883,0,7,0,2,2,2443,2442,2442,2443,48,37,1,20,0,4,2,0,0,0,0,0,0,0,63,53,0,0,0,0,0,0,0,63
9872,1,"9872-1",2,1,2,NA,NA,NA,NA,NA,NA,NA,1,1,1,54.614363781,1,4,4,2,3,1974,1013,1974,998,26,24,0,14,30,4,4,0,0,0,0,0,0,0,62,62,0,0,0,0,0,0,0,62
9872,2,"9872-2",2,1,2,NA,NA,NA,NA,NA,NA,NA,1,1,1,54.614363781,0,4,4,3,3,1013,998,1974,998,35,26,0,14,30,4,4,0,0,0,0,0,0,0,62,62,0,0,0,0,0,0,0,62
9872,3,"9872-3",2,1,2,NA,NA,NA,NA,NA,NA,NA,1,1,1,54.614363781,0,4,0,2,3,998,1974,1974,998,48,35,1,14,30,4,4,0,0,0,0,0,0,0,62,62,0,0,0,0,0,0,0,62
9873,2,"9873-2",2,1,4,NA,NA,NA,NA,NA,NA,NA,3,3,1,26.7867479,0,6,6,3,3,2449,2426,2449,2426,26,24,0,14,52,4,7,0,0,0,0,0,0,0,40,8,0,0,0,0,0,0,0,40
9873,3,"9873-3",2,1,4,NA,NA,NA,NA,NA,NA,NA,3,3,1,26.7867479,0,6,0,3,3,2426,2449,2449,2426,48,26,1,14,52,4,7,0,0,0,0,0,0,0,40,8,0,0,0,0,0,0,0,40
9876,1,"9876-1",2,1,2,NA,NA,NA,NA,NA,NA,NA,1,1,1,53.864753985,0,9,9,2,2,1231,1161,1231,1161,22,19,0,12,0,1,2,0,0,0,0,0,0,0,55,54,0,0,0,0,0,0,0,55
9876,2,"9876-2",2,1,2,NA,NA,NA,NA,NA,NA,NA,1,1,1,53.864753985,0,9,0,2,2,1161,1231,1231,1161,48,22,1,12,0,1,2,0,0,0,0,0,0,0,55,54,0,0,0,0,0,0,0,55
9883,1,"9883-1",2,3,4,NA,NA,NA,NA,NA,NA,NA,2,1,1,15.4713057,0,3,3,9,9,2478,2474,2478,2474,25,9,0,7,0,7,7,0,0,0,0,0,0,0,12,8,0,0,0,0,0,0,0,12
9883,2,"9883-2",2,3,4,NA,NA,NA,NA,NA,NA,NA,2,1,1,15.4713057,0,3,0,9,9,2474,2478,2478,2474,48,25,1,7,0,7,7,0,0,0,0,0,0,0,12,8,0,0,0,0,0,0,0,12
9884,8,"9884-8",5,1,3,4,5,6,NA,NA,NA,NA,3,3,1,664.208981304,1,9,9,3,3,233,142,233,1780,32,29,0,17,18,1,7,7,7,7,0,0,0,0,41,11,9,7,6,0,0,0,0,41
9884,9,"9884-9",5,1,3,4,5,6,NA,NA,NA,NA,3,3,1,664.208981304,0,9,9,3,3,142,1780,233,1780,37,32,0,17,18,1,7,7,7,7,0,0,0,0,41,11,9,7,6,0,0,0,0,41
9884,10,"9884-10",5,1,3,4,5,6,NA,NA,NA,NA,3,3,1,664.208981304,0,9,0,3,3,1780,233,233,1780,48,37,1,17,18,1,7,7,7,7,0,0,0,0,41,11,9,7,6,0,0,0,0,41
9887,1,"9887-1",2,1,2,NA,NA,NA,NA,NA,NA,NA,1,1,1,10.9361913,0,4,4,2,2,2442,1291,2442,1291,19,15,0,10,20,4,4,0,0,0,0,0,0,0,40,51,0,0,0,0,0,0,0,51
9887,2,"9887-2",2,1,2,NA,NA,NA,NA,NA,NA,NA,1,1,1,10.9361913,1,4,8,2,2,1291,1558,2442,1291,22,19,1,10,20,4,4,0,0,0,0,0,0,0,40,51,0,0,0,0,0,0,0,51
9887,3,"9887-3",2,1,2,NA,NA,NA,NA,NA,NA,NA,1,1,1,10.9361913,1,4,7,2,2,1558,1555,2442,1291,26,22,1,10,20,4,4,0,0,0,0,0,0,0,40,51,0,0,0,0,0,0,0,51
9887,4,"9887-4",2,1,2,NA,NA,NA,NA,NA,NA,NA,1,1,1,10.9361913,1,4,5,2,2,1555,9999,2442,1291,27,26,1,10,20,4,4,0,0,0,0,0,0,0,40,51,0,0,0,0,0,0,0,51
9887,5,"9887-5",2,1,2,NA,NA,NA,NA,NA,NA,NA,1,1,1,10.9361913,1,4,8,2,2,9999,9999,2442,1291,34,27,1,10,20,4,4,0,0,0,0,0,0,0,40,51,0,0,0,0,0,0,0,51
9887,6,"9887-6",2,1,2,NA,NA,NA,NA,NA,NA,NA,1,1,1,10.9361913,1,4,6,2,2,9999,9999,2442,1291,35,34,1,10,20,4,4,0,0,0,0,0,0,0,40,51,0,0,0,0,0,0,0,51
9887,7,"9887-7",2,1,2,NA,NA,NA,NA,NA,NA,NA,1,1,1,10.9361913,1,4,7,2,2,9999,1291,2442,1291,40,35,1,10,20,4,4,0,0,0,0,0,0,0,40,51,0,0,0,0,0,0,0,51
9887,8,"9887-8",2,1,2,NA,NA,NA,NA,NA,NA,NA,1,1,1,10.9361913,0,4,0,2,2,1291,2442,2442,1291,48,40,1,10,20,4,4,0,0,0,0,0,0,0,40,51,0,0,0,0,0,0,0,51
9888,1,"9888-1",2,1,2,NA,NA,NA,NA,NA,NA,NA,1,3,1,28.706259184,0,7,7,3,3,1491,1357,1491,1357,36,33,0,19,22,5,5,0,0,0,0,0,0,0,74,72,0,0,0,0,0,0,0,74
9888,2,"9888-2",2,1,2,NA,NA,NA,NA,NA,NA,NA,1,3,1,28.706259184,0,7,0,3,3,1357,1491,1491,1357,48,36,1,19,22,5,5,0,0,0,0,0,0,0,74,72,0,0,0,0,0,0,0,74
9894,1,"9894-1",2,1,3,NA,NA,NA,NA,NA,NA,NA,1,1,1,115.621847991,1,6,6,2,2,93,291,93,101,14,12,0,8,30,5,4,0,0,0,0,0,0,0,65,64,0,0,0,0,0,0,0,65
9894,2,"9894-2",2,1,3,NA,NA,NA,NA,NA,NA,NA,1,1,1,115.621847991,1,6,6,2,2,291,386,93,101,17,14,0,8,30,5,4,0,0,0,0,0,0,0,65,64,0,0,0,0,0,0,0,65
9894,3,"9894-3",2,1,3,NA,NA,NA,NA,NA,NA,NA,1,1,1,115.621847991,0,6,6,2,2,386,101,93,101,19,17,0,8,30,5,4,0,0,0,0,0,0,0,65,64,0,0,0,0,0,0,0,65
9894,4,"9894-4",2,1,3,NA,NA,NA,NA,NA,NA,NA,1,1,1,115.621847991,0,6,0,2,2,101,93,93,101,48,19,1,8,30,5,4,0,0,0,0,0,0,0,65,64,0,0,0,0,0,0,0,65
9905,1,"9905-1",2,1,3,NA,NA,NA,NA,NA,NA,NA,3,1,1,185.613474444,1,2,5,2,2,937,945,937,946,16,14,0,9,45,1,7,0,0,0,0,0,0,0,41,15,0,0,0,0,0,0,0,41
9905,2,"9905-2",2,1,3,NA,NA,NA,NA,NA,NA,NA,3,1,1,185.613474444,0,2,2,2,2,945,946,937,946,17,16,0,9,45,1,7,0,0,0,0,0,0,0,41,15,0,0,0,0,0,0,0,41
9905,3,"9905-3",2,1,3,NA,NA,NA,NA,NA,NA,NA,3,1,1,185.613474444,0,2,0,2,2,946,937,937,946,19,17,1,9,45,1,7,0,0,0,0,0,0,0,41,15,0,0,0,0,0,0,0,41
9905,4,"9905-4",2,1,4,NA,NA,NA,NA,NA,NA,NA,3,2,2,185.613474444,0,8,8,2,2,937,2199,937,2199,28,19,0,12,20,1,7,0,0,0,0,0,0,0,41,8,0,0,0,0,0,0,0,41
9905,5,"9905-5",2,1,4,NA,NA,NA,NA,NA,NA,NA,3,2,2,185.613474444,1,8,8,2,2,2199,2146,937,2199,33,28,1,12,20,1,7,0,0,0,0,0,0,0,41,8,0,0,0,0,0,0,0,41
9905,6,"9905-6",2,1,4,NA,NA,NA,NA,NA,NA,NA,3,2,2,185.613474444,0,8,0,2,2,2146,937,937,2199,48,33,1,12,20,1,7,0,0,0,0,0,0,0,41,8,0,0,0,0,0,0,0,41
9908,1,"9908-1",2,2,3,NA,NA,NA,NA,NA,NA,NA,2,1,1,95.4588003,1,3,3,9,9,1209,1184,1209,1209,24,9,0,7,5,7,7,0,0,0,0,0,0,0,13,11,0,0,0,0,0,0,0,13
9908,2,"9908-2",2,2,3,NA,NA,NA,NA,NA,NA,NA,2,1,1,95.4588003,0,3,3,9,9,1184,1209,1209,1209,48,24,0,7,5,7,7,0,0,0,0,0,0,0,13,11,0,0,0,0,0,0,0,13
9920,1,"9920-1",2,1,2,NA,NA,NA,NA,NA,NA,NA,1,2,1,55.73300146,1,4,8,2,3,1491,110,1491,1503,33,27,0,16,0,5,5,0,0,0,0,0,0,0,71,67,0,0,0,0,0,0,0,71
9920,2,"9920-2",2,1,2,NA,NA,NA,NA,NA,NA,NA,1,2,1,55.73300146,1,4,7,2,3,110,119,1491,1503,37,33,0,16,0,5,5,0,0,0,0,0,0,0,71,67,0,0,0,0,0,0,0,71
9920,3,"9920-3",2,1,2,NA,NA,NA,NA,NA,NA,NA,1,2,1,55.73300146,0,4,4,2,3,119,1503,1491,1503,40,37,0,16,0,5,5,0,0,0,0,0,0,0,71,67,0,0,0,0,0,0,0,71
9920,4,"9920-4",2,1,2,NA,NA,NA,NA,NA,NA,NA,1,2,1,55.73300146,0,4,0,3,3,1503,1491,1491,1503,48,40,1,16,0,5,5,0,0,0,0,0,0,0,71,67,0,0,0,0,0,0,0,71
9922,1,"9922-1",2,1,2,NA,NA,NA,NA,NA,NA,NA,1,1,1,41.22391336,0,4,4,2,2,1933,1946,1933,1946,11,10,0,7,35,5,5,0,0,0,0,0,0,0,74,70,0,0,0,0,0,0,0,74
9922,2,"9922-2",2,1,2,NA,NA,NA,NA,NA,NA,NA,1,1,1,41.22391336,0,4,0,2,2,1946,1933,1933,1946,27,11,1,7,35,5,5,0,0,0,0,0,0,0,74,70,0,0,0,0,0,0,0,74
9922,3,"9922-3",2,1,2,NA,NA,NA,NA,NA,NA,NA,1,2,2,41.22391336,0,4,4,2,2,1933,1946,1933,1946,28,27,0,16,15,5,5,0,0,0,0,0,0,0,74,70,0,0,0,0,0,0,0,74
9922,4,"9922-4",2,1,2,NA,NA,NA,NA,NA,NA,NA,1,2,2,41.22391336,1,4,4,2,2,1946,1938,1933,1946,29,28,1,16,15,5,5,0,0,0,0,0,0,0,74,70,0,0,0,0,0,0,0,74
9922,5,"9922-5",2,1,2,NA,NA,NA,NA,NA,NA,NA,1,2,2,41.22391336,0,4,0,2,2,1938,1933,1933,1946,48,29,1,16,15,5,5,0,0,0,0,0,0,0,74,70,0,0,0,0,0,0,0,74
9927,1,"9927-1",2,1,2,NA,NA,NA,NA,NA,NA,NA,1,2,1,68.86888386,0,7,7,3,3,1875,1423,1875,1423,39,34,0,19,40,1,3,0,0,0,0,0,0,0,40,41,0,0,0,0,0,0,0,41
9927,2,"9927-2",2,1,2,NA,NA,NA,NA,NA,NA,NA,1,2,1,68.86888386,0,7,0,3,3,1423,1875,1875,1423,48,39,1,19,40,1,3,0,0,0,0,0,0,0,40,41,0,0,0,0,0,0,0,41
9928,1,"9928-1",2,1,2,NA,NA,NA,NA,NA,NA,NA,1,2,1,53.864753985,0,5,5,3,3,1589,2144,1589,2144,33,31,0,18,17,1,1,0,0,0,0,0,0,0,57,54,0,0,0,0,0,0,0,57
9928,2,"9928-2",2,1,2,NA,NA,NA,NA,NA,NA,NA,1,2,1,53.864753985,1,5,6,4,3,2144,2147,1589,2144,36,33,1,18,17,1,1,0,0,0,0,0,0,0,57,54,0,0,0,0,0,0,0,57
9928,3,"9928-3",2,1,2,NA,NA,NA,NA,NA,NA,NA,1,2,1,53.864753985,0,5,0,3,3,2147,1589,1589,2144,48,36,1,18,17,1,1,0,0,0,0,0,0,0,57,54,0,0,0,0,0,0,0,57
9937,1,"9937-1",2,1,2,NA,NA,NA,NA,NA,NA,NA,1,3,1,17.402886585,0,1,1,2,2,2472,2061,2472,2061,33,30,0,17,35,1,1,0,0,0,0,0,0,0,40,41,0,0,0,0,0,0,0,41
9937,2,"9937-2",2,1,2,NA,NA,NA,NA,NA,NA,NA,1,3,1,17.402886585,1,1,8,2,2,2061,2324,2472,2061,35,33,1,17,35,1,1,0,0,0,0,0,0,0,40,41,0,0,0,0,0,0,0,41
9937,3,"9937-3",2,1,2,NA,NA,NA,NA,NA,NA,NA,1,3,1,17.402886585,1,1,7,2,2,2324,2279,2472,2061,38,35,1,17,35,1,1,0,0,0,0,0,0,0,40,41,0,0,0,0,0,0,0,41
9937,4,"9937-4",2,1,2,NA,NA,NA,NA,NA,NA,NA,1,3,1,17.402886585,0,1,0,2,2,2279,2472,2472,2061,48,38,1,17,35,1,1,0,0,0,0,0,0,0,40,41,0,0,0,0,0,0,0,41
9938,1,"9938-1",2,1,2,NA,NA,NA,NA,NA,NA,NA,1,1,1,21.227543227,0,9,9,2,2,2473,2433,2473,2433,14,12,0,8,53,4,5,0,0,0,0,0,0,0,64,67,0,0,0,0,0,0,0,67
9938,2,"9938-2",2,1,2,NA,NA,NA,NA,NA,NA,NA,1,1,1,21.227543227,0,9,0,2,2,2433,2473,2473,2433,16,14,1,8,53,4,5,0,0,0,0,0,0,0,64,67,0,0,0,0,0,0,0,67
9938,3,"9938-3",2,1,2,NA,NA,NA,NA,NA,NA,NA,1,3,2,21.227543227,0,8,8,2,2,2473,2424,2473,2424,34,33,0,19,10,4,5,0,0,0,0,0,0,0,64,67,0,0,0,0,0,0,0,67
9938,4,"9938-4",2,1,2,NA,NA,NA,NA,NA,NA,NA,1,3,2,21.227543227,0,8,0,2,2,2424,2473,2473,2424,48,34,1,19,10,4,5,0,0,0,0,0,0,0,64,67,0,0,0,0,0,0,0,67
9941,1,"9941-1",2,1,3,NA,NA,NA,NA,NA,NA,NA,3,1,1,90.840838996,1,1,5,2,2,2026,2018,2026,1937,10,9,0,7,20,1,8,0,0,0,0,0,0,0,29,4,0,0,0,0,0,0,0,29
9941,2,"9941-2",2,1,3,NA,NA,NA,NA,NA,NA,NA,3,1,1,90.840838996,0,1,1,2,2,2018,1937,2026,1937,28,10,0,7,20,1,8,0,0,0,0,0,0,0,29,4,0,0,0,0,0,0,0,29
9941,3,"9941-3",2,1,3,NA,NA,NA,NA,NA,NA,NA,3,1,1,90.840838996,1,1,5,2,2,1937,2020,2026,1937,29,28,1,7,20,1,8,0,0,0,0,0,0,0,29,4,0,0,0,0,0,0,0,29
9941,4,"9941-4",2,1,3,NA,NA,NA,NA,NA,NA,NA,3,1,1,90.840838996,0,1,0,2,2,2020,2026,2026,1937,32,29,1,7,20,1,8,0,0,0,0,0,0,0,29,4,0,0,0,0,0,0,0,29
9944,1,"9944-1",2,1,2,NA,NA,NA,NA,NA,NA,NA,1,1,1,18.155340513,0,9,9,2,3,2542,2527,2542,2527,14,12,0,8,40,5,5,0,0,0,0,0,0,0,73,75,0,0,0,0,0,0,0,75
9944,2,"9944-2",2,1,2,NA,NA,NA,NA,NA,NA,NA,1,1,1,18.155340513,0,9,0,3,3,2527,2542,2542,2527,19,14,1,8,40,5,5,0,0,0,0,0,0,0,73,75,0,0,0,0,0,0,0,75
9944,3,"9944-3",2,1,2,NA,NA,NA,NA,NA,NA,NA,1,2,2,18.155340513,1,9,5,3,3,2542,2564,2542,2542,20,19,0,12,14,5,5,0,0,0,0,0,0,0,73,75,0,0,0,0,0,0,0,75
9944,4,"9944-4",2,1,2,NA,NA,NA,NA,NA,NA,NA,1,2,2,18.155340513,0,9,9,3,3,2564,2542,2542,2542,48,20,0,12,14,5,5,0,0,0,0,0,0,0,73,75,0,0,0,0,0,0,0,75
9947,5,"9947-5",2,1,2,NA,NA,NA,NA,NA,NA,NA,1,1,2,311.810315985,0,7,7,2,2,1488,187,1488,187,36,28,0,16,30,1,1,0,0,0,0,0,0,0,51,48,0,0,0,0,0,0,0,51
9947,6,"9947-6",2,1,2,NA,NA,NA,NA,NA,NA,NA,1,1,2,311.810315985,1,7,9,4,2,187,187,1488,187,39,36,1,16,30,1,1,0,0,0,0,0,0,0,51,48,0,0,0,0,0,0,0,51
9947,7,"9947-7",2,1,2,NA,NA,NA,NA,NA,NA,NA,1,1,2,311.810315985,0,7,0,2,2,187,1488,1488,187,48,39,1,16,30,1,1,0,0,0,0,0,0,0,51,48,0,0,0,0,0,0,0,51
9947,1,"9947-1",2,2,3,NA,NA,NA,NA,NA,NA,NA,1,1,1,311.810315985,1,6,5,2,2,1488,1349,1488,1302,15,14,0,9,30,1,4,0,0,0,0,0,0,0,48,46,0,0,0,0,0,0,0,48
9947,2,"9947-2",2,2,3,NA,NA,NA,NA,NA,NA,NA,1,1,1,311.810315985,0,6,6,2,2,1349,1302,1488,1302,20,15,0,9,30,1,4,0,0,0,0,0,0,0,48,46,0,0,0,0,0,0,0,48
9947,3,"9947-3",2,2,3,NA,NA,NA,NA,NA,NA,NA,1,1,1,311.810315985,1,6,6,2,2,1302,1353,1488,1302,23,20,1,9,30,1,4,0,0,0,0,0,0,0,48,46,0,0,0,0,0,0,0,48
9947,4,"9947-4",2,2,3,NA,NA,NA,NA,NA,NA,NA,1,1,1,311.810315985,0,6,0,2,2,1353,1488,1488,1302,28,23,1,9,30,1,4,0,0,0,0,0,0,0,48,46,0,0,0,0,0,0,0,48
9953,1,"9953-1",2,1,2,NA,NA,NA,NA,NA,NA,NA,1,2,1,95.023148872,0,8,8,2,2,1481,1367,1481,1367,34,30,0,17,40,4,4,0,0,0,0,0,0,0,40,40,0,0,0,0,0,0,0,40
9953,2,"9953-2",2,1,2,NA,NA,NA,NA,NA,NA,NA,1,2,1,95.023148872,0,8,0,2,2,1367,1481,1481,1367,48,34,1,17,40,4,4,0,0,0,0,0,0,0,40,40,0,0,0,0,0,0,0,40
9957,1,"9957-1",2,1,2,NA,NA,NA,NA,NA,NA,NA,1,2,1,65.5894132,0,5,5,2,2,1700,1718,1700,1718,36,35,0,20,3,1,4,0,0,0,0,0,0,0,36,52,0,0,0,0,0,0,0,52
9957,2,"9957-2",2,1,2,NA,NA,NA,NA,NA,NA,NA,1,2,1,65.5894132,0,5,0,2,2,1718,1700,1700,1718,48,36,1,20,3,1,4,0,0,0,0,0,0,0,36,52,0,0,0,0,0,0,0,52
9968,1,"9968-1",3,1,5,6,NA,NA,NA,NA,NA,NA,3,1,1,71.7007935,0,5,5,3,3,1997,1986,1997,1986,19,17,0,11,0,4,8,8,0,0,0,0,0,0,35,4,1,0,0,0,0,0,0,35
9968,2,"9968-2",3,1,5,6,NA,NA,NA,NA,NA,NA,3,1,1,71.7007935,0,5,0,3,3,1986,1997,1997,1986,48,19,1,11,0,4,8,8,0,0,0,0,0,0,35,4,1,0,0,0,0,0,0,35
9971,1,"9971-1",2,2,3,NA,NA,NA,NA,NA,NA,NA,3,2,1,78.8308182,0,6,6,3,3,863,868,863,868,15,13,0,9,15,3,8,0,0,0,0,0,0,0,28,2,0,0,0,0,0,0,0,28
9971,2,"9971-2",2,2,3,NA,NA,NA,NA,NA,NA,NA,3,2,1,78.8308182,1,6,6,3,3,868,869,863,868,15,15,1,9,15,3,8,0,0,0,0,0,0,0,28,2,0,0,0,0,0,0,0,28
9971,3,"9971-3",2,2,3,NA,NA,NA,NA,NA,NA,NA,3,2,1,78.8308182,1,6,6,3,3,869,868,863,868,16,15,1,9,15,3,8,0,0,0,0,0,0,0,28,2,0,0,0,0,0,0,0,28
9971,4,"9971-4",2,2,3,NA,NA,NA,NA,NA,NA,NA,3,2,1,78.8308182,1,6,5,3,3,868,897,863,868,17,16,1,9,15,3,8,0,0,0,0,0,0,0,28,2,0,0,0,0,0,0,0,28
9971,5,"9971-5",2,2,3,NA,NA,NA,NA,NA,NA,NA,3,2,1,78.8308182,1,6,9,3,3,897,890,863,868,18,17,1,9,15,3,8,0,0,0,0,0,0,0,28,2,0,0,0,0,0,0,0,28
9971,6,"9971-6",2,2,3,NA,NA,NA,NA,NA,NA,NA,3,2,1,78.8308182,1,6,7,3,3,890,881,863,868,19,18,1,9,15,3,8,0,0,0,0,0,0,0,28,2,0,0,0,0,0,0,0,28
9971,7,"9971-7",2,2,3,NA,NA,NA,NA,NA,NA,NA,3,2,1,78.8308182,0,6,0,3,3,881,863,863,868,48,19,1,9,15,3,8,0,0,0,0,0,0,0,28,2,0,0,0,0,0,0,0,28
9972,3,"9972-3",2,1,2,NA,NA,NA,NA,NA,NA,NA,1,1,1,15.796598352,0,9,9,2,2,2477,9999,2477,9999,37,27,0,16,0,2,1,0,0,0,0,0,0,0,41,41,0,0,0,0,0,0,0,41
9972,4,"9972-4",2,1,2,NA,NA,NA,NA,NA,NA,NA,1,1,1,15.796598352,0,9,0,2,2,9999,2477,2477,9999,48,37,1,16,0,2,1,0,0,0,0,0,0,0,41,41,0,0,0,0,0,0,0,41
9978,1,"9978-1",2,1,2,NA,NA,NA,NA,NA,NA,NA,1,1,1,18.155340513,0,6,6,2,2,2649,2633,2649,2633,11,10,0,7,40,5,5,0,0,0,0,0,0,0,72,78,0,0,0,0,0,0,0,78
9978,2,"9978-2",2,1,2,NA,NA,NA,NA,NA,NA,NA,1,1,1,18.155340513,0,6,0,2,2,2633,2649,2649,2633,30,11,1,7,40,5,5,0,0,0,0,0,0,0,72,78,0,0,0,0,0,0,0,78
9989,1,"9989-1",2,1,2,NA,NA,NA,NA,NA,NA,NA,1,1,1,116.50921128,1,6,6,2,2,1989,1959,1989,1510,12,12,0,8,35,2,5,0,0,0,0,0,0,0,64,65,0,0,0,0,0,0,0,65
9989,2,"9989-2",2,1,2,NA,NA,NA,NA,NA,NA,NA,1,1,1,116.50921128,0,6,6,2,2,1959,1510,1989,1510,13,12,0,8,35,2,5,0,0,0,0,0,0,0,64,65,0,0,0,0,0,0,0,65
9989,3,"9989-3",2,1,2,NA,NA,NA,NA,NA,NA,NA,1,1,1,116.50921128,1,6,6,2,2,1510,1958,1989,1510,15,13,1,8,35,2,5,0,0,0,0,0,0,0,64,65,0,0,0,0,0,0,0,65
9989,4,"9989-4",2,1,2,NA,NA,NA,NA,NA,NA,NA,1,1,1,116.50921128,1,6,7,2,2,1958,1997,1989,1510,15,15,1,8,35,2,5,0,0,0,0,0,0,0,64,65,0,0,0,0,0,0,0,65
9989,5,"9989-5",2,1,2,NA,NA,NA,NA,NA,NA,NA,1,1,1,116.50921128,0,6,0,2,2,1997,1989,1989,1510,16,15,1,8,35,2,5,0,0,0,0,0,0,0,64,65,0,0,0,0,0,0,0,65
9994,1,"9994-1",2,1,2,NA,NA,NA,NA,NA,NA,NA,1,1,1,17.105608165,0,6,6,2,2,2542,2535,2542,2535,35,28,0,16,30,5,5,0,0,0,0,0,0,0,72,72,0,0,0,0,0,0,0,72
9994,2,"9994-2",2,1,2,NA,NA,NA,NA,NA,NA,NA,1,1,1,17.105608165,0,6,0,2,2,2535,2542,2542,2535,48,35,1,16,30,5,5,0,0,0,0,0,0,0,72,72,0,0,0,0,0,0,0,72
10005,1,"10005-1",2,1,2,NA,NA,NA,NA,NA,NA,NA,1,1,1,41.4276173,1,6,7,2,2,2730,2719,2730,2733,12,12,0,8,31,2,4,0,0,0,0,0,0,0,23,55,0,0,0,0,0,0,0,55
10005,2,"10005-2",2,1,2,NA,NA,NA,NA,NA,NA,NA,1,1,1,41.4276173,0,6,6,2,2,2719,2733,2730,2733,15,12,0,8,31,2,4,0,0,0,0,0,0,0,23,55,0,0,0,0,0,0,0,55
10005,3,"10005-3",2,1,2,NA,NA,NA,NA,NA,NA,NA,1,1,1,41.4276173,0,6,0,2,2,2733,2730,2730,2733,22,15,1,8,31,2,4,0,0,0,0,0,0,0,23,55,0,0,0,0,0,0,0,55
10005,4,"10005-4",2,1,2,NA,NA,NA,NA,NA,NA,NA,1,2,2,41.4276173,0,6,6,2,2,2730,2726,2730,2726,22,22,0,13,30,2,4,0,0,0,0,0,0,0,23,55,0,0,0,0,0,0,0,55
10005,5,"10005-5",2,1,2,NA,NA,NA,NA,NA,NA,NA,1,2,2,41.4276173,0,6,0,2,2,2726,2730,2730,2726,27,22,1,13,30,2,4,0,0,0,0,0,0,0,23,55,0,0,0,0,0,0,0,55
10005,6,"10005-6",2,1,2,NA,NA,NA,NA,NA,NA,NA,1,3,3,41.4276173,0,1,1,2,2,2730,2688,2730,2688,38,27,0,16,6,2,4,0,0,0,0,0,0,0,23,55,0,0,0,0,0,0,0,55
10005,7,"10005-7",2,1,2,NA,NA,NA,NA,NA,NA,NA,1,3,3,41.4276173,0,1,0,2,2,2688,2730,2730,2688,48,38,1,16,6,2,4,0,0,0,0,0,0,0,23,55,0,0,0,0,0,0,0,55
10006,4,"10006-4",2,1,3,NA,NA,NA,NA,NA,NA,NA,3,2,2,68.991238264,0,8,8,4,4,1413,1413,1413,1413,33,32,0,18,53,1,8,0,0,0,0,0,0,0,38,3,0,0,0,0,0,0,0,38
10006,5,"10006-5",2,1,3,NA,NA,NA,NA,NA,NA,NA,3,2,2,68.991238264,0,8,0,4,4,1413,1413,1413,1413,48,33,1,18,53,1,8,0,0,0,0,0,0,0,38,3,0,0,0,0,0,0,0,38
10006,1,"10006-1",2,2,3,NA,NA,NA,NA,NA,NA,NA,3,1,1,60.786051,0,1,1,2,2,1413,1235,1413,1235,21,10,0,7,50,3,8,0,0,0,0,0,0,0,35,3,0,0,0,0,0,0,0,35
10006,2,"10006-2",2,2,3,NA,NA,NA,NA,NA,NA,NA,3,1,1,60.786051,1,1,5,2,2,1235,1411,1413,1235,23,21,1,7,50,3,8,0,0,0,0,0,0,0,35,3,0,0,0,0,0,0,0,35
10006,3,"10006-3",2,2,3,NA,NA,NA,NA,NA,NA,NA,3,1,1,60.786051,0,1,0,2,2,1411,1413,1413,1235,32,23,1,7,50,3,8,0,0,0,0,0,0,0,35,3,0,0,0,0,0,0,0,35
10009,1,"10009-1",2,1,2,NA,NA,NA,NA,NA,NA,NA,1,2,1,43.785335861,0,7,7,2,2,1652,2688,1652,2688,20,18,0,11,30,4,4,0,0,0,0,0,0,0,60,60,0,0,0,0,0,0,0,60
10009,2,"10009-2",2,1,2,NA,NA,NA,NA,NA,NA,NA,1,2,1,43.785335861,0,7,0,2,2,2688,1652,1652,2688,21,20,1,11,30,4,4,0,0,0,0,0,0,0,60,60,0,0,0,0,0,0,0,60
10013,3,"10013-3",2,1,3,NA,NA,NA,NA,NA,NA,NA,3,3,1,26.7867479,0,8,8,2,2,2448,9999,2448,9999,36,31,0,18,10,4,7,0,0,0,0,0,0,0,44,13,0,0,0,0,0,0,0,44
10013,4,"10013-4",2,1,3,NA,NA,NA,NA,NA,NA,NA,3,3,1,26.7867479,0,8,0,2,2,9999,2448,2448,9999,48,36,1,18,10,4,7,0,0,0,0,0,0,0,44,13,0,0,0,0,0,0,0,44
10015,7,"10015-7",3,3,4,5,NA,NA,NA,NA,NA,NA,2,2,1,53.6537182,0,7,7,3,3,1492,1446,1492,1446,30,26,0,15,45,7,7,7,0,0,0,0,0,0,15,12,8,0,0,0,0,0,0,15
10015,8,"10015-8",3,3,4,5,NA,NA,NA,NA,NA,NA,2,2,1,53.6537182,0,7,0,3,3,1446,1492,1492,1446,48,30,1,15,45,7,7,7,0,0,0,0,0,0,15,12,8,0,0,0,0,0,0,15
10024,1,"10024-1",2,1,2,NA,NA,NA,NA,NA,NA,NA,1,2,1,45.598658117,0,6,6,2,2,1410,1146,1410,1146,27,24,0,14,45,5,5,0,0,0,0,0,0,0,75,75,0,0,0,0,0,0,0,75
10024,2,"10024-2",2,1,2,NA,NA,NA,NA,NA,NA,NA,1,2,1,45.598658117,1,6,5,2,2,1146,1427,1410,1146,29,27,1,14,45,5,5,0,0,0,0,0,0,0,75,75,0,0,0,0,0,0,0,75
10024,3,"10024-3",2,1,2,NA,NA,NA,NA,NA,NA,NA,1,2,1,45.598658117,0,6,0,2,2,1427,1410,1410,1146,30,29,1,14,45,5,5,0,0,0,0,0,0,0,75,75,0,0,0,0,0,0,0,75
10038,2,"10038-2",2,1,2,NA,NA,NA,NA,NA,NA,NA,3,3,1,69.5841297,0,5,5,2,2,1989,1979,1989,1979,28,26,0,15,58,4,6,0,0,0,0,0,0,0,47,17,0,0,0,0,0,0,0,47
10038,3,"10038-3",2,1,2,NA,NA,NA,NA,NA,NA,NA,3,3,1,69.5841297,1,5,5,2,2,1979,1986,1989,1979,29,28,1,15,58,4,6,0,0,0,0,0,0,0,47,17,0,0,0,0,0,0,0,47
10038,4,"10038-4",2,1,2,NA,NA,NA,NA,NA,NA,NA,3,3,1,69.5841297,0,5,0,2,2,1986,1989,1989,1979,31,29,1,15,58,4,6,0,0,0,0,0,0,0,47,17,0,0,0,0,0,0,0,47
10059,18,"10059-18",2,3,5,NA,NA,NA,NA,NA,NA,NA,3,4,1,52.4094287,1,4,4,2,3,2429,2444,2429,2432,39,39,0,22,8,3,8,0,0,0,0,0,0,0,21,3,0,0,0,0,0,0,0,21
10059,19,"10059-19",2,3,5,NA,NA,NA,NA,NA,NA,NA,3,4,1,52.4094287,0,4,4,3,3,2444,2432,2429,2432,40,39,0,22,8,3,8,0,0,0,0,0,0,0,21,3,0,0,0,0,0,0,0,21
10059,20,"10059-20",2,3,5,NA,NA,NA,NA,NA,NA,NA,3,4,1,52.4094287,0,4,0,2,3,2432,2429,2429,2432,48,40,1,22,8,3,8,0,0,0,0,0,0,0,21,3,0,0,0,0,0,0,0,21
10060,1,"10060-1",2,3,4,NA,NA,NA,NA,NA,NA,NA,2,1,1,76.3500046,0,3,3,9,9,1235,1233,1235,1233,25,10,0,7,50,7,7,0,0,0,0,0,0,0,13,11,0,0,0,0,0,0,0,13
10060,2,"10060-2",2,3,4,NA,NA,NA,NA,NA,NA,NA,2,1,1,76.3500046,0,3,0,9,9,1233,1235,1235,1233,48,25,1,7,50,7,7,0,0,0,0,0,0,0,13,11,0,0,0,0,0,0,0,13
10062,1,"10062-1",2,1,2,NA,NA,NA,NA,NA,NA,NA,1,2,1,50.8855332,0,7,7,2,2,1560,1563,1560,1563,33,30,0,17,41,1,1,0,0,0,0,0,0,0,39,46,0,0,0,0,0,0,0,46
10062,2,"10062-2",2,1,2,NA,NA,NA,NA,NA,NA,NA,1,2,1,50.8855332,1,7,5,2,2,1563,1547,1560,1563,33,33,1,17,41,1,1,0,0,0,0,0,0,0,39,46,0,0,0,0,0,0,0,46
10062,3,"10062-3",2,1,2,NA,NA,NA,NA,NA,NA,NA,1,2,1,50.8855332,0,7,0,2,2,1547,1560,1560,1563,48,33,1,17,41,1,1,0,0,0,0,0,0,0,39,46,0,0,0,0,0,0,0,46
10064,1,"10064-1",2,1,2,NA,NA,NA,NA,NA,NA,NA,1,1,1,70.901861764,0,5,5,2,2,2762,2764,2762,2764,16,15,0,10,10,5,5,0,0,0,0,0,0,0,72,71,0,0,0,0,0,0,0,72
10064,2,"10064-2",2,1,2,NA,NA,NA,NA,NA,NA,NA,1,1,1,70.901861764,0,5,0,2,2,2764,2762,2762,2764,27,16,1,10,10,5,5,0,0,0,0,0,0,0,72,71,0,0,0,0,0,0,0,72
10064,3,"10064-3",2,1,2,NA,NA,NA,NA,NA,NA,NA,1,2,2,70.901861764,0,9,9,4,4,2762,2762,2762,2762,28,27,0,16,20,5,5,0,0,0,0,0,0,0,72,71,0,0,0,0,0,0,0,72
10064,4,"10064-4",2,1,2,NA,NA,NA,NA,NA,NA,NA,1,2,2,70.901861764,0,9,0,4,4,2762,2762,2762,2762,48,28,1,16,20,5,5,0,0,0,0,0,0,0,72,71,0,0,0,0,0,0,0,72
10066,1,"10066-1",2,1,2,NA,NA,NA,NA,NA,NA,NA,1,2,1,53.864753985,0,8,8,2,2,1185,1345,1185,1345,36,31,0,18,0,1,1,0,0,0,0,0,0,0,61,57,0,0,0,0,0,0,0,61
10066,2,"10066-2",2,1,2,NA,NA,NA,NA,NA,NA,NA,1,2,1,53.864753985,0,8,0,2,2,1345,1185,1185,1345,48,36,1,18,0,1,1,0,0,0,0,0,0,0,61,57,0,0,0,0,0,0,0,61
10071,1,"10071-1",2,1,2,NA,NA,NA,NA,NA,NA,NA,1,2,1,16.13625048,0,9,9,2,2,2514,2514,2514,2514,34,30,0,17,55,2,1,0,0,0,0,0,0,0,53,54,0,0,0,0,0,0,0,54
10071,2,"10071-2",2,1,2,NA,NA,NA,NA,NA,NA,NA,1,2,1,16.13625048,0,9,0,2,2,2514,2514,2514,2514,48,34,1,17,55,2,1,0,0,0,0,0,0,0,53,54,0,0,0,0,0,0,0,54
10077,4,"10077-4",2,1,2,NA,NA,NA,NA,NA,NA,NA,1,2,1,26.820738598,0,7,7,3,3,2441,9999,2441,9999,39,35,0,20,5,5,5,0,0,0,0,0,0,0,77,78,0,0,0,0,0,0,0,78
10077,5,"10077-5",2,1,2,NA,NA,NA,NA,NA,NA,NA,1,2,1,26.820738598,0,7,0,3,3,9999,2441,2441,9999,48,39,1,20,5,5,5,0,0,0,0,0,0,0,77,78,0,0,0,0,0,0,0,78
10079,1,"10079-1",2,1,2,NA,NA,NA,NA,NA,NA,NA,1,2,1,755.17288455,1,9,6,3,3,1998,1980,1998,1834,31,31,0,18,0,1,1,0,0,0,0,0,0,0,43,43,0,0,0,0,0,0,0,43
10079,2,"10079-2",2,1,2,NA,NA,NA,NA,NA,NA,NA,1,2,1,755.17288455,0,9,9,3,3,1980,1834,1998,1834,38,31,0,18,0,1,1,0,0,0,0,0,0,0,43,43,0,0,0,0,0,0,0,43
10079,3,"10079-3",2,1,2,NA,NA,NA,NA,NA,NA,NA,1,2,1,755.17288455,0,9,0,3,3,1834,1998,1998,1834,48,38,1,18,0,1,1,0,0,0,0,0,0,0,43,43,0,0,0,0,0,0,0,43
10080,1,"10080-1",2,1,2,NA,NA,NA,NA,NA,NA,NA,1,1,0,122.6018155,0,NA,6,3,NA,225,9999,NA,NA,23,8,0,NA,NA,4,5,0,0,0,0,0,0,0,41,86,0,0,0,0,0,0,0,86
10080,2,"10080-2",2,1,2,NA,NA,NA,NA,NA,NA,NA,1,1,0,122.6018155,1,NA,6,3,NA,9999,9999,NA,NA,31,23,1,NA,NA,4,5,0,0,0,0,0,0,0,41,86,0,0,0,0,0,0,0,86
10080,3,"10080-3",2,1,2,NA,NA,NA,NA,NA,NA,NA,1,1,0,122.6018155,0,NA,0,3,NA,9999,225,NA,NA,48,31,1,NA,NA,4,5,0,0,0,0,0,0,0,41,86,0,0,0,0,0,0,0,86
10084,1,"10084-1",2,3,4,NA,NA,NA,NA,NA,NA,NA,2,1,1,92.78178336,0,3,3,3,3,1970,2517,1970,2517,23,8,0,6,40,6,6,0,0,0,0,0,0,0,17,16,0,0,0,0,0,0,0,17
10084,2,"10084-2",2,3,4,NA,NA,NA,NA,NA,NA,NA,2,1,1,92.78178336,0,3,0,3,3,2517,1970,1970,2517,48,23,1,6,40,6,6,0,0,0,0,0,0,0,17,16,0,0,0,0,0,0,0,17
10096,3,"10096-3",2,1,4,NA,NA,NA,NA,NA,NA,NA,3,2,1,22.0353696,1,9,4,2,2,2514,2498,2514,2514,30,27,0,16,15,4,7,0,0,0,0,0,0,0,40,8,0,0,0,0,0,0,0,40
10096,4,"10096-4",2,1,4,NA,NA,NA,NA,NA,NA,NA,3,2,1,22.0353696,0,9,9,2,2,2498,2514,2514,2514,48,30,0,16,15,4,7,0,0,0,0,0,0,0,40,8,0,0,0,0,0,0,0,40
10105,1,"10105-1",2,1,2,NA,NA,NA,NA,NA,NA,NA,1,1,1,154.601399467,0,5,5,2,2,883,835,883,835,16,14,0,9,35,5,4,0,0,0,0,0,0,0,71,40,0,0,0,0,0,0,0,71
10105,2,"10105-2",2,1,2,NA,NA,NA,NA,NA,NA,NA,1,1,1,154.601399467,0,5,0,2,2,835,883,883,835,17,16,1,9,35,5,4,0,0,0,0,0,0,0,71,40,0,0,0,0,0,0,0,71
10108,3,"10108-3",2,1,3,NA,NA,NA,NA,NA,NA,NA,3,2,1,110.0595645,0,8,8,2,2,56,55,56,55,33,29,0,17,0,5,6,0,0,0,0,0,0,0,73,17,0,0,0,0,0,0,0,73
10108,4,"10108-4",2,1,3,NA,NA,NA,NA,NA,NA,NA,3,2,1,110.0595645,0,8,0,2,2,55,56,56,55,48,33,1,17,0,5,6,0,0,0,0,0,0,0,73,17,0,0,0,0,0,0,0,73
10134,1,"10134-1",2,1,2,NA,NA,NA,NA,NA,NA,NA,1,1,1,41.22391336,1,9,4,2,3,1939,2018,1939,1390,23,23,0,14,1,5,5,0,0,0,0,0,0,0,70,66,0,0,0,0,0,0,0,70
10134,2,"10134-2",2,1,2,NA,NA,NA,NA,NA,NA,NA,1,1,1,41.22391336,0,9,9,3,3,2018,1390,1939,1390,29,23,0,14,1,5,5,0,0,0,0,0,0,0,70,66,0,0,0,0,0,0,0,70
10134,3,"10134-3",2,1,2,NA,NA,NA,NA,NA,NA,NA,1,1,1,41.22391336,1,9,7,3,3,1390,1411,1939,1390,32,29,1,14,1,5,5,0,0,0,0,0,0,0,70,66,0,0,0,0,0,0,0,70
10134,4,"10134-4",2,1,2,NA,NA,NA,NA,NA,NA,NA,1,1,1,41.22391336,1,9,4,3,3,1411,2018,1939,1390,32,32,1,14,1,5,5,0,0,0,0,0,0,0,70,66,0,0,0,0,0,0,0,70
10134,5,"10134-5",2,1,2,NA,NA,NA,NA,NA,NA,NA,1,1,1,41.22391336,0,9,0,2,3,2018,1939,1939,1390,48,32,1,14,1,5,5,0,0,0,0,0,0,0,70,66,0,0,0,0,0,0,0,70
10135,1,"10135-1",2,3,4,NA,NA,NA,NA,NA,NA,NA,2,1,1,71.929704672,0,3,3,2,2,1991,2517,1991,2517,17,8,0,6,30,6,7,0,0,0,0,0,0,0,16,14,0,0,0,0,0,0,0,16
10135,2,"10135-2",2,3,4,NA,NA,NA,NA,NA,NA,NA,2,1,1,71.929704672,0,3,0,2,2,2517,1991,1991,2517,28,17,1,6,30,6,7,0,0,0,0,0,0,0,16,14,0,0,0,0,0,0,0,16
10139,3,"10139-3",2,1,2,NA,NA,NA,NA,NA,NA,NA,1,2,1,116.185202175,1,6,6,2,2,62,950,62,63,26,25,0,15,0,1,1,0,0,0,0,0,0,0,55,59,0,0,0,0,0,0,0,59
10139,4,"10139-4",2,1,2,NA,NA,NA,NA,NA,NA,NA,1,2,1,116.185202175,0,6,6,2,2,950,63,62,63,27,26,0,15,0,1,1,0,0,0,0,0,0,0,55,59,0,0,0,0,0,0,0,59
10139,5,"10139-5",2,1,2,NA,NA,NA,NA,NA,NA,NA,1,2,1,116.185202175,0,6,1,2,2,63,62,62,63,28,27,1,15,0,1,1,0,0,0,0,0,0,0,55,59,0,0,0,0,0,0,0,59
10143,1,"10143-1",2,1,2,NA,NA,NA,NA,NA,NA,NA,1,3,1,178.6777079,1,9,6,2,2,2211,2133,2211,2133,32,32,0,18,30,4,1,0,0,0,0,0,0,0,61,61,0,0,0,0,0,0,0,61
10143,2,"10143-2",2,1,2,NA,NA,NA,NA,NA,NA,NA,1,3,1,178.6777079,0,9,9,4,2,2133,2133,2211,2133,34,32,0,18,30,4,1,0,0,0,0,0,0,0,61,61,0,0,0,0,0,0,0,61
10143,3,"10143-3",2,1,2,NA,NA,NA,NA,NA,NA,NA,1,3,1,178.6777079,0,9,0,2,2,2133,2211,2211,2133,48,34,1,18,30,4,1,0,0,0,0,0,0,0,61,61,0,0,0,0,0,0,0,61
10145,1,"10145-1",2,1,2,NA,NA,NA,NA,NA,NA,NA,1,3,1,129.789855798,0,9,9,2,2,1953,1909,1953,1909,26,23,0,14,15,5,2,0,0,0,0,0,0,0,67,68,0,0,0,0,0,0,0,68
10145,2,"10145-2",2,1,2,NA,NA,NA,NA,NA,NA,NA,1,3,1,129.789855798,1,9,5,2,2,1909,2018,1953,1909,28,26,1,14,15,5,2,0,0,0,0,0,0,0,67,68,0,0,0,0,0,0,0,68
10145,3,"10145-3",2,1,2,NA,NA,NA,NA,NA,NA,NA,1,3,1,129.789855798,0,9,0,2,2,2018,1953,1953,1909,48,28,1,14,15,5,2,0,0,0,0,0,0,0,67,68,0,0,0,0,0,0,0,68
10163,1,"10163-1",2,1,2,NA,NA,NA,NA,NA,NA,NA,1,2,1,26.453102635,0,9,9,2,2,2740,2741,2740,2741,41,30,0,17,45,4,4,0,0,0,0,0,0,0,61,58,0,0,0,0,0,0,0,61
10163,2,"10163-2",2,1,2,NA,NA,NA,NA,NA,NA,NA,1,2,1,26.453102635,0,9,0,2,2,2741,2740,2740,2741,48,41,1,17,45,4,4,0,0,0,0,0,0,0,61,58,0,0,0,0,0,0,0,61
10165,1,"10165-1",2,1,2,NA,NA,NA,NA,NA,NA,NA,1,2,1,65.62334184,0,5,5,2,2,1366,1532,1366,1532,30,29,0,17,10,1,1,0,0,0,0,0,0,0,27,20,0,0,0,0,0,0,0,27
10165,2,"10165-2",2,1,2,NA,NA,NA,NA,NA,NA,NA,1,2,1,65.62334184,0,5,0,2,2,1532,1366,1366,1532,48,30,1,17,10,1,1,0,0,0,0,0,0,0,27,20,0,0,0,0,0,0,0,27
10173,1,"10173-1",2,1,2,NA,NA,NA,NA,NA,NA,NA,1,1,1,125.709617051,0,5,5,2,2,1952,1940,1952,1940,19,18,0,11,30,4,4,0,0,0,0,0,0,0,40,40,0,0,0,0,0,0,0,40
10173,2,"10173-2",2,1,2,NA,NA,NA,NA,NA,NA,NA,1,1,1,125.709617051,1,5,7,2,2,1940,1952,1952,1940,21,19,1,11,30,4,4,0,0,0,0,0,0,0,40,40,0,0,0,0,0,0,0,40
10173,3,"10173-3",2,1,2,NA,NA,NA,NA,NA,NA,NA,1,1,1,125.709617051,0,5,0,2,2,1952,1952,1952,1940,31,21,1,11,30,4,4,0,0,0,0,0,0,0,40,40,0,0,0,0,0,0,0,40
10173,4,"10173-4",2,1,2,NA,NA,NA,NA,NA,NA,NA,1,2,2,125.709617051,0,7,7,2,2,1952,1952,1952,1952,34,31,0,18,0,4,4,0,0,0,0,0,0,0,40,40,0,0,0,0,0,0,0,40
10173,5,"10173-5",2,1,2,NA,NA,NA,NA,NA,NA,NA,1,2,2,125.709617051,0,7,0,2,2,1952,1952,1952,1952,48,34,1,18,0,4,4,0,0,0,0,0,0,0,40,40,0,0,0,0,0,0,0,40
10183,1,"10183-1",2,1,3,NA,NA,NA,NA,NA,NA,NA,3,1,1,31.8453408,0,1,1,2,2,2441,2441,2441,2441,24,8,0,6,49,1,7,0,0,0,0,0,0,0,45,14,0,0,0,0,0,0,0,45
10183,2,"10183-2",2,1,3,NA,NA,NA,NA,NA,NA,NA,3,1,1,31.8453408,0,1,0,2,2,2441,2441,2441,2441,48,24,1,6,49,1,7,0,0,0,0,0,0,0,45,14,0,0,0,0,0,0,0,45
10185,1,"10185-1",2,1,2,NA,NA,NA,NA,NA,NA,NA,1,1,1,51.86335,0,2,2,2,2,947,167,947,167,25,11,0,8,0,3,1,0,0,0,0,0,0,0,27,26,0,0,0,0,0,0,0,27
10185,2,"10185-2",2,1,2,NA,NA,NA,NA,NA,NA,NA,1,1,1,51.86335,0,2,0,2,2,167,947,947,167,48,25,1,8,0,3,1,0,0,0,0,0,0,0,27,26,0,0,0,0,0,0,0,27
10186,1,"10186-1",2,1,2,NA,NA,NA,NA,NA,NA,NA,1,2,1,94.173764895,0,5,5,2,2,757,741,757,741,35,33,0,19,15,1,1,0,0,0,0,0,0,0,27,40,0,0,0,0,0,0,0,40
10186,2,"10186-2",2,1,2,NA,NA,NA,NA,NA,NA,NA,1,2,1,94.173764895,1,5,9,2,2,741,733,757,741,36,35,1,19,15,1,1,0,0,0,0,0,0,0,27,40,0,0,0,0,0,0,0,40
10186,3,"10186-3",2,1,2,NA,NA,NA,NA,NA,NA,NA,1,2,1,94.173764895,1,5,7,2,2,733,741,757,741,38,36,1,19,15,1,1,0,0,0,0,0,0,0,27,40,0,0,0,0,0,0,0,40
10186,4,"10186-4",2,1,2,NA,NA,NA,NA,NA,NA,NA,1,2,1,94.173764895,0,5,0,2,2,741,757,757,741,48,38,1,19,15,1,1,0,0,0,0,0,0,0,27,40,0,0,0,0,0,0,0,40
10188,1,"10188-1",2,1,2,NA,NA,NA,NA,NA,NA,NA,1,2,1,29.500685192,0,6,6,2,2,1492,1170,1492,1170,25,22,0,13,30,5,5,0,0,0,0,0,0,0,70,80,0,0,0,0,0,0,0,80
10188,2,"10188-2",2,1,2,NA,NA,NA,NA,NA,NA,NA,1,2,1,29.500685192,1,6,7,2,2,1170,1541,1492,1170,32,25,1,13,30,5,5,0,0,0,0,0,0,0,70,80,0,0,0,0,0,0,0,80
10188,3,"10188-3",2,1,2,NA,NA,NA,NA,NA,NA,NA,1,2,1,29.500685192,0,6,0,2,2,1541,1492,1492,1170,48,32,1,13,30,5,5,0,0,0,0,0,0,0,70,80,0,0,0,0,0,0,0,80
10192,1,"10192-1",2,1,2,NA,NA,NA,NA,NA,NA,NA,1,2,1,13.15910904,1,8,9,2,3,2478,2525,2478,2525,31,23,0,14,10,1,4,0,0,0,0,0,0,0,65,64,0,0,0,0,0,0,0,65
10192,2,"10192-2",2,1,2,NA,NA,NA,NA,NA,NA,NA,1,2,1,13.15910904,1,8,7,3,3,2525,2527,2478,2525,34,31,0,14,10,1,4,0,0,0,0,0,0,0,65,64,0,0,0,0,0,0,0,65
10192,3,"10192-3",2,1,2,NA,NA,NA,NA,NA,NA,NA,1,2,1,13.15910904,0,8,8,3,3,2527,2525,2478,2525,48,34,0,14,10,1,4,0,0,0,0,0,0,0,65,64,0,0,0,0,0,0,0,65
10203,1,"10203-1",2,1,2,NA,NA,NA,NA,NA,NA,NA,1,1,1,10.10481775,0,5,5,2,2,2474,9999,2474,9999,33,28,0,16,30,5,5,0,0,0,0,0,0,0,67,65,0,0,0,0,0,0,0,67
10203,2,"10203-2",2,1,2,NA,NA,NA,NA,NA,NA,NA,1,1,1,10.10481775,0,5,0,2,2,9999,2474,2474,9999,48,33,1,16,30,5,5,0,0,0,0,0,0,0,67,65,0,0,0,0,0,0,0,67
10208,1,"10208-1",2,1,2,NA,NA,NA,NA,NA,NA,NA,1,2,1,129.789855798,0,6,6,2,2,1938,1974,1938,1974,23,20,0,12,30,5,5,0,0,0,0,0,0,0,70,80,0,0,0,0,0,0,0,80
10208,2,"10208-2",2,1,2,NA,NA,NA,NA,NA,NA,NA,1,2,1,129.789855798,1,6,5,2,2,1974,1941,1938,1974,24,23,1,12,30,5,5,0,0,0,0,0,0,0,70,80,0,0,0,0,0,0,0,80
10208,3,"10208-3",2,1,2,NA,NA,NA,NA,NA,NA,NA,1,2,1,129.789855798,1,6,6,2,2,1941,1949,1938,1974,25,24,1,12,30,5,5,0,0,0,0,0,0,0,70,80,0,0,0,0,0,0,0,80
10208,4,"10208-4",2,1,2,NA,NA,NA,NA,NA,NA,NA,1,2,1,129.789855798,0,6,0,2,2,1949,1938,1938,1974,48,25,1,12,30,5,5,0,0,0,0,0,0,0,70,80,0,0,0,0,0,0,0,80
10210,1,"10210-1",3,1,3,5,NA,NA,NA,NA,NA,NA,3,2,1,128.35698526,0,7,7,3,3,1939,1960,1939,1960,34,30,0,17,44,1,1,7,0,0,0,0,0,0,49,24,14,0,0,0,0,0,0,49
10210,2,"10210-2",3,1,3,5,NA,NA,NA,NA,NA,NA,3,2,1,128.35698526,0,7,0,3,3,1960,1939,1939,1960,48,34,1,17,44,1,1,7,0,0,0,0,0,0,49,24,14,0,0,0,0,0,0,49
10213,1,"10213-1",2,1,2,NA,NA,NA,NA,NA,NA,NA,1,2,1,28.706259184,0,7,7,2,2,9999,9999,9999,9999,26,15,0,10,15,5,4,0,0,0,0,0,0,0,66,63,0,0,0,0,0,0,0,66
10213,2,"10213-2",2,1,2,NA,NA,NA,NA,NA,NA,NA,1,2,1,28.706259184,0,7,0,2,2,9999,9999,9999,9999,29,26,1,10,15,5,4,0,0,0,0,0,0,0,66,63,0,0,0,0,0,0,0,66
10214,1,"10214-1",2,1,2,NA,NA,NA,NA,NA,NA,NA,1,2,1,75.1932113,0,5,5,2,2,1938,2018,1938,2018,25,22,0,13,50,5,5,0,0,0,0,0,0,0,72,72,0,0,0,0,0,0,0,72
10214,2,"10214-2",2,1,2,NA,NA,NA,NA,NA,NA,NA,1,2,1,75.1932113,0,5,0,2,2,2018,1938,1938,2018,30,25,1,13,50,5,5,0,0,0,0,0,0,0,72,72,0,0,0,0,0,0,0,72
10217,2,"10217-2",3,1,2,4,NA,NA,NA,NA,NA,NA,3,2,1,246.8066293,0,5,5,3,3,436,901,436,901,17,13,0,9,0,3,4,8,0,0,0,0,0,0,30,29,0,0,0,0,0,0,0,30
10217,3,"10217-3",3,1,2,4,NA,NA,NA,NA,NA,NA,3,2,1,246.8066293,1,5,5,3,3,901,901,436,901,21,17,1,9,0,3,4,8,0,0,0,0,0,0,30,29,0,0,0,0,0,0,0,30
10217,4,"10217-4",3,1,2,4,NA,NA,NA,NA,NA,NA,3,2,1,246.8066293,1,5,5,3,3,901,427,436,901,22,21,1,9,0,3,4,8,0,0,0,0,0,0,30,29,0,0,0,0,0,0,0,30
10217,5,"10217-5",3,1,2,4,NA,NA,NA,NA,NA,NA,3,2,1,246.8066293,0,5,0,3,3,427,436,436,901,25,22,1,9,0,3,4,8,0,0,0,0,0,0,30,29,0,0,0,0,0,0,0,30
10217,7,"10217-7",4,1,2,3,4,NA,NA,NA,NA,NA,3,4,2,246.8066293,1,8,9,3,3,436,466,436,436,37,29,0,17,0,3,4,7,8,0,0,0,0,0,30,29,6,0,0,0,0,0,0,30
10217,8,"10217-8",4,1,2,3,4,NA,NA,NA,NA,NA,3,4,2,246.8066293,0,8,8,3,3,466,436,436,436,48,37,0,17,0,3,4,7,8,0,0,0,0,0,30,29,6,0,0,0,0,0,0,30
10218,4,"10218-4",2,1,3,NA,NA,NA,NA,NA,NA,NA,3,2,1,80.789987096,0,4,4,2,2,1972,2036,1972,2036,32,29,0,17,25,1,7,0,0,0,0,0,0,0,41,15,0,0,0,0,0,0,0,41
10218,5,"10218-5",2,1,3,NA,NA,NA,NA,NA,NA,NA,3,2,1,80.789987096,0,4,0,2,2,2036,1972,1972,2036,48,32,1,17,25,1,7,0,0,0,0,0,0,0,41,15,0,0,0,0,0,0,0,41
10223,1,"10223-1",2,1,2,NA,NA,NA,NA,NA,NA,NA,1,1,1,66.7297515,0,9,9,2,2,1939,209,1939,209,38,34,0,19,30,4,1,0,0,0,0,0,0,0,55,60,0,0,0,0,0,0,0,60
10223,2,"10223-2",2,1,2,NA,NA,NA,NA,NA,NA,NA,1,1,1,66.7297515,0,9,0,2,2,209,1939,1939,209,48,38,1,19,30,4,1,0,0,0,0,0,0,0,55,60,0,0,0,0,0,0,0,60
10232,1,"10232-1",2,1,3,NA,NA,NA,NA,NA,NA,NA,3,1,1,90.840838996,1,6,6,2,2,1972,2009,1972,1957,17,17,0,11,0,2,8,0,0,0,0,0,0,0,30,1,0,0,0,0,0,0,0,30
10232,2,"10232-2",2,1,3,NA,NA,NA,NA,NA,NA,NA,3,1,1,90.840838996,0,6,6,2,2,2009,1957,1972,1957,19,17,0,11,0,2,8,0,0,0,0,0,0,0,30,1,0,0,0,0,0,0,0,30
10232,3,"10232-3",2,1,3,NA,NA,NA,NA,NA,NA,NA,3,1,1,90.840838996,0,6,0,2,2,1957,1972,1972,1957,48,19,1,11,0,2,8,0,0,0,0,0,0,0,30,1,0,0,0,0,0,0,0,30
10236,1,"10236-1",2,2,3,NA,NA,NA,NA,NA,NA,NA,2,1,1,138.0222995,0,3,3,9,9,1939,1946,1939,1946,25,10,0,7,37,7,7,0,0,0,0,0,0,0,14,12,0,0,0,0,0,0,0,14
10236,2,"10236-2",2,2,3,NA,NA,NA,NA,NA,NA,NA,2,1,1,138.0222995,0,3,0,9,9,1946,1939,1939,1946,31,25,1,7,37,7,7,0,0,0,0,0,0,0,14,12,0,0,0,0,0,0,0,14
10247,1,"10247-1",2,1,2,NA,NA,NA,NA,NA,NA,NA,1,2,1,17.402886585,1,7,4,2,2,2426,538,2426,538,33,31,0,18,2,1,1,0,0,0,0,0,0,0,25,21,0,0,0,0,0,0,0,25
10247,2,"10247-2",2,1,2,NA,NA,NA,NA,NA,NA,NA,1,2,1,17.402886585,0,7,7,2,2,538,538,2426,538,38,33,0,18,2,1,1,0,0,0,0,0,0,0,25,21,0,0,0,0,0,0,0,25
10247,3,"10247-3",2,1,2,NA,NA,NA,NA,NA,NA,NA,1,2,1,17.402886585,1,7,4,2,2,538,538,2426,538,38,38,1,18,2,1,1,0,0,0,0,0,0,0,25,21,0,0,0,0,0,0,0,25
10247,4,"10247-4",2,1,2,NA,NA,NA,NA,NA,NA,NA,1,2,1,17.402886585,1,7,4,2,2,538,2426,2426,538,38,38,1,18,2,1,1,0,0,0,0,0,0,0,25,21,0,0,0,0,0,0,0,25
10247,5,"10247-5",2,1,2,NA,NA,NA,NA,NA,NA,NA,1,2,1,17.402886585,0,7,0,2,2,2426,2426,2426,538,48,38,1,18,2,1,1,0,0,0,0,0,0,0,25,21,0,0,0,0,0,0,0,25
10248,1,"10248-1",2,1,2,NA,NA,NA,NA,NA,NA,NA,1,1,1,17.504954626,1,5,6,2,2,2481,2483,2481,2509,23,22,0,13,55,5,5,0,0,0,0,0,0,0,67,68,0,0,0,0,0,0,0,68
10248,2,"10248-2",2,1,2,NA,NA,NA,NA,NA,NA,NA,1,1,1,17.504954626,1,5,8,2,2,2483,2483,2481,2509,24,23,0,13,55,5,5,0,0,0,0,0,0,0,67,68,0,0,0,0,0,0,0,68
10248,3,"10248-3",2,1,2,NA,NA,NA,NA,NA,NA,NA,1,1,1,17.504954626,0,5,5,2,2,2483,2509,2481,2509,25,24,0,13,55,5,5,0,0,0,0,0,0,0,67,68,0,0,0,0,0,0,0,68
10248,4,"10248-4",2,1,2,NA,NA,NA,NA,NA,NA,NA,1,1,1,17.504954626,1,5,5,2,2,2509,2494,2481,2509,26,25,1,13,55,5,5,0,0,0,0,0,0,0,67,68,0,0,0,0,0,0,0,68
10248,5,"10248-5",2,1,2,NA,NA,NA,NA,NA,NA,NA,1,1,1,17.504954626,1,5,8,2,2,2494,2472,2481,2509,28,26,1,13,55,5,5,0,0,0,0,0,0,0,67,68,0,0,0,0,0,0,0,68
10248,6,"10248-6",2,1,2,NA,NA,NA,NA,NA,NA,NA,1,1,1,17.504954626,0,5,0,2,2,2472,2481,2481,2509,35,28,1,13,55,5,5,0,0,0,0,0,0,0,67,68,0,0,0,0,0,0,0,68
10248,7,"10248-7",2,1,2,NA,NA,NA,NA,NA,NA,NA,1,2,2,17.504954626,0,6,6,2,2,2481,2483,2481,2483,35,35,0,20,0,5,5,0,0,0,0,0,0,0,67,68,0,0,0,0,0,0,0,68
10248,8,"10248-8",2,1,2,NA,NA,NA,NA,NA,NA,NA,1,2,2,17.504954626,0,6,0,2,2,2483,2481,2481,2483,36,35,1,20,0,5,5,0,0,0,0,0,0,0,67,68,0,0,0,0,0,0,0,68
10249,1,"10249-1",2,1,2,NA,NA,NA,NA,NA,NA,NA,1,3,1,41.22391336,0,8,8,2,2,1938,1950,1938,1950,28,26,0,15,30,5,5,0,0,0,0,0,0,0,68,68,0,0,0,0,0,0,0,68
10249,2,"10249-2",2,1,2,NA,NA,NA,NA,NA,NA,NA,1,3,1,41.22391336,0,8,0,2,2,1950,1938,1938,1950,30,28,1,15,30,5,5,0,0,0,0,0,0,0,68,68,0,0,0,0,0,0,0,68
10255,1,"10255-1",2,1,2,NA,NA,NA,NA,NA,NA,NA,1,1,1,14.617891573,0,6,6,2,2,2740,2322,2740,2322,17,12,0,8,45,5,5,0,0,0,0,0,0,0,70,80,0,0,0,0,0,0,0,80
10255,2,"10255-2",2,1,2,NA,NA,NA,NA,NA,NA,NA,1,1,1,14.617891573,1,6,7,2,2,2322,2315,2740,2322,19,17,1,8,45,5,5,0,0,0,0,0,0,0,70,80,0,0,0,0,0,0,0,80
10255,3,"10255-3",2,1,2,NA,NA,NA,NA,NA,NA,NA,1,1,1,14.617891573,0,6,0,2,2,2315,2740,2740,2322,48,19,1,8,45,5,5,0,0,0,0,0,0,0,70,80,0,0,0,0,0,0,0,80
10261,1,"10261-1",2,1,3,NA,NA,NA,NA,NA,NA,NA,3,1,1,27.8740721,0,7,7,2,2,2730,2719,2730,2719,10,10,0,7,35,4,8,0,0,0,0,0,0,0,30,0,0,0,0,0,0,0,0,30
10261,2,"10261-2",2,1,3,NA,NA,NA,NA,NA,NA,NA,3,1,1,27.8740721,0,7,0,2,2,2719,2730,2730,2719,28,10,1,7,35,4,8,0,0,0,0,0,0,0,30,0,0,0,0,0,0,0,0,30
10261,3,"10261-3",2,1,3,NA,NA,NA,NA,NA,NA,NA,3,2,2,27.8740721,0,8,8,3,3,2730,2704,2730,2704,29,28,0,16,30,4,8,0,0,0,0,0,0,0,30,0,0,0,0,0,0,0,0,30
10261,4,"10261-4",2,1,3,NA,NA,NA,NA,NA,NA,NA,3,2,2,27.8740721,0,8,0,2,3,2704,2730,2730,2704,48,29,1,16,30,4,8,0,0,0,0,0,0,0,30,0,0,0,0,0,0,0,0,30
10267,1,"10267-1",2,2,3,NA,NA,NA,NA,NA,NA,NA,2,1,1,58.474107552,0,3,3,2,2,1194,1190,1194,1190,24,8,0,6,50,6,7,0,0,0,0,0,0,0,17,15,0,0,0,0,0,0,0,17
10267,2,"10267-2",2,2,3,NA,NA,NA,NA,NA,NA,NA,2,1,1,58.474107552,0,3,0,2,2,1190,1194,1194,1190,27,24,1,6,50,6,7,0,0,0,0,0,0,0,17,15,0,0,0,0,0,0,0,17
10268,1,"10268-1",2,1,2,NA,NA,NA,NA,NA,NA,NA,1,1,1,83.939974808,0,9,9,5,5,1946,1951,1946,1951,17,15,0,10,0,4,5,0,0,0,0,0,0,0,64,70,0,0,0,0,0,0,0,70
10268,2,"10268-2",2,1,2,NA,NA,NA,NA,NA,NA,NA,1,1,1,83.939974808,0,9,0,5,5,1951,1946,1946,1951,48,17,1,10,0,4,5,0,0,0,0,0,0,0,64,70,0,0,0,0,0,0,0,70
10269,1,"10269-1",2,1,2,NA,NA,NA,NA,NA,NA,NA,1,2,1,63.874848129,1,6,6,2,2,171,158,171,229,26,25,0,15,18,5,1,0,0,0,0,0,0,0,68,65,0,0,0,0,0,0,0,68
10269,2,"10269-2",2,1,2,NA,NA,NA,NA,NA,NA,NA,1,2,1,63.874848129,0,6,6,2,2,158,229,171,229,27,26,0,15,18,5,1,0,0,0,0,0,0,0,68,65,0,0,0,0,0,0,0,68
10269,3,"10269-3",2,1,2,NA,NA,NA,NA,NA,NA,NA,1,2,1,63.874848129,0,6,0,2,2,229,171,171,229,34,27,1,15,18,5,1,0,0,0,0,0,0,0,68,65,0,0,0,0,0,0,0,68
10279,1,"10279-1",3,2,3,4,NA,NA,NA,NA,NA,NA,3,1,1,170.3066301,0,5,5,3,3,1366,1532,1366,1532,31,28,0,16,45,4,8,8,0,0,0,0,0,0,38,1,1,0,0,0,0,0,0,38
10279,2,"10279-2",3,2,3,4,NA,NA,NA,NA,NA,NA,3,1,1,170.3066301,0,5,0,3,3,1532,1366,1366,1532,48,31,1,16,45,4,8,8,0,0,0,0,0,0,38,1,1,0,0,0,0,0,0,38
10286,1,"10286-1",2,1,2,NA,NA,NA,NA,NA,NA,NA,1,1,1,172.095886387,0,9,9,2,2,1936,1938,1936,1938,36,32,0,18,50,5,5,0,0,0,0,0,0,0,80,70,0,0,0,0,0,0,0,80
10286,2,"10286-2",2,1,2,NA,NA,NA,NA,NA,NA,NA,1,1,1,172.095886387,0,9,0,2,2,1938,1936,1936,1938,48,36,1,18,50,5,5,0,0,0,0,0,0,0,80,70,0,0,0,0,0,0,0,80
10288,1,"10288-1",2,1,2,NA,NA,NA,NA,NA,NA,NA,1,2,1,97.21365906,0,6,6,2,2,1950,1921,1950,1921,34,31,0,18,0,1,1,0,0,0,0,0,0,0,62,63,0,0,0,0,0,0,0,63
10288,2,"10288-2",2,1,2,NA,NA,NA,NA,NA,NA,NA,1,2,1,97.21365906,0,6,0,2,2,1921,1950,1950,1921,48,34,1,18,0,1,1,0,0,0,0,0,0,0,62,63,0,0,0,0,0,0,0,63
10293,1,"10293-1",2,1,2,NA,NA,NA,NA,NA,NA,NA,1,1,1,54.614363781,1,8,6,2,2,1936,1441,1936,9999,15,14,0,9,30,4,4,0,0,0,0,0,0,0,63,63,0,0,0,0,0,0,0,63
10293,2,"10293-2",2,1,2,NA,NA,NA,NA,NA,NA,NA,1,1,1,54.614363781,1,8,5,2,2,1441,9999,1936,9999,18,15,0,9,30,4,4,0,0,0,0,0,0,0,63,63,0,0,0,0,0,0,0,63
10293,3,"10293-3",2,1,2,NA,NA,NA,NA,NA,NA,NA,1,1,1,54.614363781,1,8,7,2,2,9999,9999,1936,9999,22,18,0,9,30,4,4,0,0,0,0,0,0,0,63,63,0,0,0,0,0,0,0,63
10293,4,"10293-4",2,1,2,NA,NA,NA,NA,NA,NA,NA,1,1,1,54.614363781,0,8,8,2,2,9999,9999,1936,9999,48,22,0,9,30,4,4,0,0,0,0,0,0,0,63,63,0,0,0,0,0,0,0,63
10295,1,"10295-1",2,1,2,NA,NA,NA,NA,NA,NA,NA,1,1,1,111.6117656,0,9,9,4,4,1950,1951,1950,1951,26,25,0,15,0,4,1,0,0,0,0,0,0,0,59,59,0,0,0,0,0,0,0,59
10295,2,"10295-2",2,1,2,NA,NA,NA,NA,NA,NA,NA,1,1,1,111.6117656,0,9,0,4,4,1951,1950,1950,1951,30,26,1,15,0,4,1,0,0,0,0,0,0,0,59,59,0,0,0,0,0,0,0,59
10297,1,"10297-1",2,1,2,NA,NA,NA,NA,NA,NA,NA,1,1,1,219.467234067,0,5,5,2,2,1481,1528,1481,1528,22,19,0,12,20,4,4,0,0,0,0,0,0,0,64,64,0,0,0,0,0,0,0,64
10297,2,"10297-2",2,1,2,NA,NA,NA,NA,NA,NA,NA,1,1,1,219.467234067,1,5,7,2,2,1528,1523,1481,1528,24,22,1,12,20,4,4,0,0,0,0,0,0,0,64,64,0,0,0,0,0,0,0,64
10297,3,"10297-3",2,1,2,NA,NA,NA,NA,NA,NA,NA,1,1,1,219.467234067,0,5,0,2,2,1523,1481,1481,1528,25,24,1,12,20,4,4,0,0,0,0,0,0,0,64,64,0,0,0,0,0,0,0,64
10297,4,"10297-4",2,1,2,NA,NA,NA,NA,NA,NA,NA,1,2,2,219.467234067,0,5,5,2,2,1481,1481,1481,1481,27,25,0,15,10,4,4,0,0,0,0,0,0,0,64,64,0,0,0,0,0,0,0,64
10297,5,"10297-5",2,1,2,NA,NA,NA,NA,NA,NA,NA,1,2,2,219.467234067,0,5,0,2,2,1481,1481,1481,1481,48,27,1,15,10,4,4,0,0,0,0,0,0,0,64,64,0,0,0,0,0,0,0,64
10299,1,"10299-1",2,1,5,NA,NA,NA,NA,NA,NA,NA,1,2,1,130.107237225,0,7,7,2,2,1950,1953,1950,1953,34,34,0,19,45,1,1,0,0,0,0,0,0,0,55,23,0,0,0,0,0,0,0,55
10299,2,"10299-2",2,1,5,NA,NA,NA,NA,NA,NA,NA,1,2,1,130.107237225,0,7,0,2,2,1953,1950,1950,1953,48,34,1,19,45,1,1,0,0,0,0,0,0,0,55,23,0,0,0,0,0,0,0,55
10304,1,"10304-1",2,1,2,NA,NA,NA,NA,NA,NA,NA,1,3,1,21.136190436,0,9,9,2,2,2441,950,2441,950,34,28,0,16,45,5,5,0,0,0,0,0,0,0,75,73,0,0,0,0,0,0,0,75
10304,2,"10304-2",2,1,2,NA,NA,NA,NA,NA,NA,NA,1,3,1,21.136190436,0,9,0,2,2,950,2441,2441,950,48,34,1,16,45,5,5,0,0,0,0,0,0,0,75,73,0,0,0,0,0,0,0,75
10324,1,"10324-1",2,2,3,NA,NA,NA,NA,NA,NA,NA,3,1,1,60.786051,1,6,6,2,2,1255,1252,1255,1380,14,14,0,9,39,2,8,0,0,0,0,0,0,0,36,2,0,0,0,0,0,0,0,36
10324,2,"10324-2",2,2,3,NA,NA,NA,NA,NA,NA,NA,3,1,1,60.786051,0,6,6,2,2,1252,1380,1255,1380,15,14,0,9,39,2,8,0,0,0,0,0,0,0,36,2,0,0,0,0,0,0,0,36
10324,3,"10324-3",2,2,3,NA,NA,NA,NA,NA,NA,NA,3,1,1,60.786051,1,6,6,2,2,1380,1379,1255,1380,16,15,1,9,39,2,8,0,0,0,0,0,0,0,36,2,0,0,0,0,0,0,0,36
10324,4,"10324-4",2,2,3,NA,NA,NA,NA,NA,NA,NA,3,1,1,60.786051,1,6,6,2,2,1379,1255,1255,1380,16,16,1,9,39,2,8,0,0,0,0,0,0,0,36,2,0,0,0,0,0,0,0,36
10324,5,"10324-5",2,2,3,NA,NA,NA,NA,NA,NA,NA,3,1,1,60.786051,0,6,0,2,2,1255,1255,1255,1380,31,16,1,9,39,2,8,0,0,0,0,0,0,0,36,2,0,0,0,0,0,0,0,36
10325,1,"10325-1",2,1,2,NA,NA,NA,NA,NA,NA,NA,1,1,1,54.614363781,1,9,6,2,2,1950,2018,1950,2021,23,22,0,13,30,4,4,0,0,0,0,0,0,0,63,63,0,0,0,0,0,0,0,63
10325,2,"10325-2",2,1,2,NA,NA,NA,NA,NA,NA,NA,1,1,1,54.614363781,1,9,9,2,2,2018,2021,1950,2021,23,23,0,13,30,4,4,0,0,0,0,0,0,0,63,63,0,0,0,0,0,0,0,63
10325,3,"10325-3",2,1,2,NA,NA,NA,NA,NA,NA,NA,1,1,1,54.614363781,0,9,9,4,2,2021,2021,1950,2021,26,23,0,13,30,4,4,0,0,0,0,0,0,0,63,63,0,0,0,0,0,0,0,63
10325,4,"10325-4",2,1,2,NA,NA,NA,NA,NA,NA,NA,1,1,1,54.614363781,1,9,6,2,2,2021,1949,1950,2021,26,26,1,13,30,4,4,0,0,0,0,0,0,0,63,63,0,0,0,0,0,0,0,63
10325,5,"10325-5",2,1,2,NA,NA,NA,NA,NA,NA,NA,1,1,1,54.614363781,1,9,5,2,2,1949,1942,1950,2021,28,26,1,13,30,4,4,0,0,0,0,0,0,0,63,63,0,0,0,0,0,0,0,63
10325,6,"10325-6",2,1,2,NA,NA,NA,NA,NA,NA,NA,1,1,1,54.614363781,0,9,0,2,2,1942,1950,1950,2021,48,28,1,13,30,4,4,0,0,0,0,0,0,0,63,63,0,0,0,0,0,0,0,63
10326,12,"10326-12",6,1,2,6,7,8,9,NA,NA,NA,3,2,2,66.9572299,0,9,9,3,3,1942,1919,1942,1919,34,32,0,18,30,1,3,7,7,8,8,0,0,0,42,37,9,8,4,2,0,0,0,42
10326,13,"10326-13",6,1,2,6,7,8,9,NA,NA,NA,3,2,2,66.9572299,0,9,0,3,3,1919,1942,1942,1919,48,34,1,18,30,1,3,7,7,8,8,0,0,0,42,37,9,8,4,2,0,0,0,42
10326,2,"10326-2",3,2,8,9,NA,NA,NA,NA,NA,NA,3,1,1,71.7007935,0,6,6,3,3,1942,1892,1942,1892,18,14,0,9,30,3,8,8,0,0,0,0,0,0,37,4,2,0,0,0,0,0,0,37
10326,3,"10326-3",3,2,8,9,NA,NA,NA,NA,NA,NA,3,1,1,71.7007935,0,6,0,3,3,1892,1942,1942,1892,19,18,1,9,30,3,8,8,0,0,0,0,0,0,37,4,2,0,0,0,0,0,0,37
10331,3,"10331-3",2,2,3,NA,NA,NA,NA,NA,NA,NA,3,2,1,59.386725248,0,9,9,2,2,1483,1481,1483,1481,36,31,0,18,15,1,7,0,0,0,0,0,0,0,45,8,0,0,0,0,0,0,0,45
10331,4,"10331-4",2,2,3,NA,NA,NA,NA,NA,NA,NA,3,2,1,59.386725248,0,9,0,2,2,1481,1483,1483,1481,48,36,1,18,15,1,7,0,0,0,0,0,0,0,45,8,0,0,0,0,0,0,0,45
10336,1,"10336-1",2,1,2,NA,NA,NA,NA,NA,NA,NA,1,2,1,10.10481775,0,8,8,3,3,2459,2459,2459,2459,21,17,0,11,5,5,4,0,0,0,0,0,0,0,69,64,0,0,0,0,0,0,0,69
10336,2,"10336-2",2,1,2,NA,NA,NA,NA,NA,NA,NA,1,2,1,10.10481775,0,8,0,3,3,2459,2459,2459,2459,24,21,1,11,5,5,4,0,0,0,0,0,0,0,69,64,0,0,0,0,0,0,0,69
10341,3,"10341-3",2,1,2,NA,NA,NA,NA,NA,NA,NA,1,2,1,43.785335861,0,8,8,2,2,1545,1524,1545,1524,38,32,0,18,40,4,4,0,0,0,0,0,0,0,61,57,0,0,0,0,0,0,0,61
10341,4,"10341-4",2,1,2,NA,NA,NA,NA,NA,NA,NA,1,2,1,43.785335861,0,8,0,2,2,1524,1545,1545,1524,48,38,1,18,40,4,4,0,0,0,0,0,0,0,61,57,0,0,0,0,0,0,0,61
10353,1,"10353-1",2,1,2,NA,NA,NA,NA,NA,NA,NA,1,1,1,29.500685192,0,6,6,2,2,1492,1151,1492,1151,20,11,0,8,0,5,5,0,0,0,0,0,0,0,72,80,0,0,0,0,0,0,0,80
10353,2,"10353-2",2,1,2,NA,NA,NA,NA,NA,NA,NA,1,1,1,29.500685192,1,6,7,2,2,1151,1160,1492,1151,21,20,1,8,0,5,5,0,0,0,0,0,0,0,72,80,0,0,0,0,0,0,0,80
10353,3,"10353-3",2,1,2,NA,NA,NA,NA,NA,NA,NA,1,1,1,29.500685192,1,6,5,2,2,1160,1411,1492,1151,23,21,1,8,0,5,5,0,0,0,0,0,0,0,72,80,0,0,0,0,0,0,0,80
10353,4,"10353-4",2,1,2,NA,NA,NA,NA,NA,NA,NA,1,1,1,29.500685192,0,6,0,2,2,1411,1492,1492,1151,29,23,1,8,0,5,5,0,0,0,0,0,0,0,72,80,0,0,0,0,0,0,0,80
10353,5,"10353-5",2,1,2,NA,NA,NA,NA,NA,NA,NA,1,2,2,29.500685192,1,7,7,3,3,1492,1398,1492,1492,33,29,0,17,15,5,5,0,0,0,0,0,0,0,72,80,0,0,0,0,0,0,0,80
10353,6,"10353-6",2,1,2,NA,NA,NA,NA,NA,NA,NA,1,2,2,29.500685192,0,7,7,3,3,1398,1492,1492,1492,48,33,0,17,15,5,5,0,0,0,0,0,0,0,72,80,0,0,0,0,0,0,0,80
10365,1,"10365-1",2,1,2,NA,NA,NA,NA,NA,NA,NA,1,1,1,52.784091255,1,1,5,2,2,1262,816,1262,984,16,14,0,9,30,2,5,0,0,0,0,0,0,0,66,65,0,0,0,0,0,0,0,66
10365,2,"10365-2",2,1,2,NA,NA,NA,NA,NA,NA,NA,1,1,1,52.784091255,1,1,6,2,2,816,818,1262,984,20,16,0,9,30,2,5,0,0,0,0,0,0,0,66,65,0,0,0,0,0,0,0,66
10365,3,"10365-3",2,1,2,NA,NA,NA,NA,NA,NA,NA,1,1,1,52.784091255,0,1,1,2,2,818,984,1262,984,28,20,0,9,30,2,5,0,0,0,0,0,0,0,66,65,0,0,0,0,0,0,0,66
10365,4,"10365-4",2,1,2,NA,NA,NA,NA,NA,NA,NA,1,1,1,52.784091255,1,1,9,2,2,984,1262,1262,984,35,28,1,9,30,2,5,0,0,0,0,0,0,0,66,65,0,0,0,0,0,0,0,66
10365,5,"10365-5",2,1,2,NA,NA,NA,NA,NA,NA,NA,1,1,1,52.784091255,1,1,7,2,2,1262,1270,1262,984,35,35,1,9,30,2,5,0,0,0,0,0,0,0,66,65,0,0,0,0,0,0,0,66
10365,6,"10365-6",2,1,2,NA,NA,NA,NA,NA,NA,NA,1,1,1,52.784091255,0,1,0,2,2,1270,1262,1262,984,48,35,1,9,30,2,5,0,0,0,0,0,0,0,66,65,0,0,0,0,0,0,0,66
10377,1,"10377-1",2,3,4,NA,NA,NA,NA,NA,NA,NA,2,1,1,134.7082914,0,3,3,9,9,1950,1953,1950,1953,25,10,0,7,55,7,7,0,0,0,0,0,0,0,8,8,0,0,0,0,0,0,0,8
10377,2,"10377-2",2,3,4,NA,NA,NA,NA,NA,NA,NA,2,1,1,134.7082914,0,3,0,9,9,1953,1950,1950,1953,28,25,1,7,55,7,7,0,0,0,0,0,0,0,8,8,0,0,0,0,0,0,0,8
10383,1,"10383-1",2,2,3,NA,NA,NA,NA,NA,NA,NA,1,2,1,80.445216915,0,9,9,2,2,2291,2352,2291,2352,35,32,0,18,30,1,5,0,0,0,0,0,0,0,51,90,0,0,0,0,0,0,0,90
10383,2,"10383-2",2,2,3,NA,NA,NA,NA,NA,NA,NA,1,2,1,80.445216915,0,9,0,2,2,2352,2291,2291,2352,48,35,1,18,30,1,5,0,0,0,0,0,0,0,51,90,0,0,0,0,0,0,0,90
10397,1,"10397-1",2,1,2,NA,NA,NA,NA,NA,NA,NA,1,2,1,28.706259184,0,6,6,2,2,1194,1738,1194,1738,25,17,0,11,20,5,4,0,0,0,0,0,0,0,67,61,0,0,0,0,0,0,0,67
10397,2,"10397-2",2,1,2,NA,NA,NA,NA,NA,NA,NA,1,2,1,28.706259184,0,6,0,2,2,1738,1194,1194,1738,48,25,1,11,20,5,4,0,0,0,0,0,0,0,67,61,0,0,0,0,0,0,0,67
10403,1,"10403-1",2,2,4,NA,NA,NA,NA,NA,NA,NA,1,1,1,102.2498732,0,2,2,2,2,1530,992,1530,992,28,22,0,13,36,3,2,0,0,0,0,0,0,0,18,47,0,0,0,0,0,0,0,47
10403,2,"10403-2",2,2,4,NA,NA,NA,NA,NA,NA,NA,1,1,1,102.2498732,0,2,0,2,2,992,1530,1530,992,48,28,1,13,36,3,2,0,0,0,0,0,0,0,18,47,0,0,0,0,0,0,0,47
10404,1,"10404-1",3,3,4,5,NA,NA,NA,NA,NA,NA,2,1,1,76.337507904,0,3,3,9,9,2750,2799,2750,2799,23,8,0,6,40,6,6,7,0,0,0,0,0,0,17,16,14,0,0,0,0,0,0,17
10404,2,"10404-2",3,3,4,5,NA,NA,NA,NA,NA,NA,2,1,1,76.337507904,0,3,0,9,9,2799,2750,2750,2799,28,23,1,6,40,6,6,7,0,0,0,0,0,0,17,16,14,0,0,0,0,0,0,17
10415,6,"10415-6",4,1,3,4,5,NA,NA,NA,NA,NA,3,4,1,81.0476351,0,4,4,3,3,1277,1614,1277,1614,32,30,0,17,34,4,7,8,8,0,0,0,0,0,36,9,5,4,0,0,0,0,0,36
10415,7,"10415-7",4,1,3,4,5,NA,NA,NA,NA,NA,3,4,1,81.0476351,0,4,0,3,3,1614,1277,1277,1614,48,32,1,17,34,4,7,8,8,0,0,0,0,0,36,9,5,4,0,0,0,0,0,36
10418,1,"10418-1",2,1,2,NA,NA,NA,NA,NA,NA,NA,1,1,1,108.767356395,0,8,8,2,2,2550,1978,2550,1978,39,27,0,16,0,4,4,0,0,0,0,0,0,0,58,59,0,0,0,0,0,0,0,59
10418,2,"10418-2",2,1,2,NA,NA,NA,NA,NA,NA,NA,1,1,1,108.767356395,0,8,0,2,2,1978,2550,2550,1978,48,39,1,16,0,4,4,0,0,0,0,0,0,0,58,59,0,0,0,0,0,0,0,59
10419,1,"10419-1",2,1,2,NA,NA,NA,NA,NA,NA,NA,1,1,1,137.74640432,0,6,6,2,2,104,264,104,264,16,11,0,8,0,5,5,0,0,0,0,0,0,0,75,81,0,0,0,0,0,0,0,81
10419,2,"10419-2",2,1,2,NA,NA,NA,NA,NA,NA,NA,1,1,1,137.74640432,0,6,0,2,2,264,104,104,264,25,16,1,8,0,5,5,0,0,0,0,0,0,0,75,81,0,0,0,0,0,0,0,81
10427,1,"10427-1",2,1,2,NA,NA,NA,NA,NA,NA,NA,1,2,1,19.12160229,0,9,9,4,2,2424,2424,2424,2424,33,31,0,18,0,1,1,0,0,0,0,0,0,0,53,50,0,0,0,0,0,0,0,53
10427,2,"10427-2",2,1,2,NA,NA,NA,NA,NA,NA,NA,1,2,1,19.12160229,1,9,7,2,2,2424,2482,2424,2424,35,33,1,18,0,1,1,0,0,0,0,0,0,0,53,50,0,0,0,0,0,0,0,53
10427,3,"10427-3",2,1,2,NA,NA,NA,NA,NA,NA,NA,1,2,1,19.12160229,1,9,5,2,2,2482,2482,2424,2424,37,35,1,18,0,1,1,0,0,0,0,0,0,0,53,50,0,0,0,0,0,0,0,53
10427,4,"10427-4",2,1,2,NA,NA,NA,NA,NA,NA,NA,1,2,1,19.12160229,0,9,0,2,2,2482,2424,2424,2424,48,37,1,18,0,1,1,0,0,0,0,0,0,0,53,50,0,0,0,0,0,0,0,53
10443,1,"10443-1",2,1,2,NA,NA,NA,NA,NA,NA,NA,1,2,1,67.36232202,0,8,8,2,2,2013,1994,2013,1994,35,32,0,18,30,1,2,0,0,0,0,0,0,0,52,49,0,0,0,0,0,0,0,52
10443,2,"10443-2",2,1,2,NA,NA,NA,NA,NA,NA,NA,1,2,1,67.36232202,0,8,0,2,2,1994,2013,2013,1994,48,35,1,18,30,1,2,0,0,0,0,0,0,0,52,49,0,0,0,0,0,0,0,52
10448,1,"10448-1",2,5,6,NA,NA,NA,NA,NA,NA,NA,2,1,1,73.742516,0,3,3,9,9,2014,1946,2014,1946,25,10,0,7,30,7,7,0,0,0,0,0,0,0,14,12,0,0,0,0,0,0,0,14
10448,2,"10448-2",2,5,6,NA,NA,NA,NA,NA,NA,NA,2,1,1,73.742516,0,3,0,9,9,1946,2014,2014,1946,48,25,1,7,30,7,7,0,0,0,0,0,0,0,14,12,0,0,0,0,0,0,0,14
10452,2,"10452-2",2,1,5,NA,NA,NA,NA,NA,NA,NA,3,1,1,81.0476351,0,4,4,2,2,1658,1651,1658,1651,15,15,0,10,0,4,8,0,0,0,0,0,0,0,40,4,0,0,0,0,0,0,0,40
10452,3,"10452-3",2,1,5,NA,NA,NA,NA,NA,NA,NA,3,1,1,81.0476351,0,4,0,2,2,1651,1658,1658,1651,19,15,1,10,0,4,8,0,0,0,0,0,0,0,40,4,0,0,0,0,0,0,0,40
10455,1,"10455-1",2,1,2,NA,NA,NA,NA,NA,NA,NA,1,1,1,13.910380421,0,9,9,2,2,2472,2198,2472,2198,17,13,0,9,15,4,4,0,0,0,0,0,0,0,62,61,0,0,0,0,0,0,0,62
10455,2,"10455-2",2,1,2,NA,NA,NA,NA,NA,NA,NA,1,1,1,13.910380421,1,9,7,2,2,2198,2276,2472,2198,20,17,1,9,15,4,4,0,0,0,0,0,0,0,62,61,0,0,0,0,0,0,0,62
10455,3,"10455-3",2,1,2,NA,NA,NA,NA,NA,NA,NA,1,1,1,13.910380421,0,9,0,2,2,2276,2472,2472,2198,23,20,1,9,15,4,4,0,0,0,0,0,0,0,62,61,0,0,0,0,0,0,0,62
10457,1,"10457-1",2,1,2,NA,NA,NA,NA,NA,NA,NA,1,1,1,28.706259184,1,9,5,2,2,1490,1479,1490,1478,31,31,0,18,5,5,5,0,0,0,0,0,0,0,69,68,0,0,0,0,0,0,0,69
10457,2,"10457-2",2,1,2,NA,NA,NA,NA,NA,NA,NA,1,1,1,28.706259184,0,9,9,2,2,1479,1478,1490,1478,36,31,0,18,5,5,5,0,0,0,0,0,0,0,69,68,0,0,0,0,0,0,0,69
10457,3,"10457-3",2,1,2,NA,NA,NA,NA,NA,NA,NA,1,1,1,28.706259184,0,9,0,2,2,1478,1490,1490,1478,48,36,1,18,5,5,5,0,0,0,0,0,0,0,69,68,0,0,0,0,0,0,0,69
10466,1,"10466-1",2,1,2,NA,NA,NA,NA,NA,NA,NA,1,1,1,172.095886387,0,6,6,2,2,2018,2024,2018,2024,15,14,0,9,30,5,5,0,0,0,0,0,0,0,75,72,0,0,0,0,0,0,0,75
10466,2,"10466-2",2,1,2,NA,NA,NA,NA,NA,NA,NA,1,1,1,172.095886387,0,6,0,2,2,2024,2018,2018,2024,16,15,1,9,30,5,5,0,0,0,0,0,0,0,75,72,0,0,0,0,0,0,0,75
10466,3,"10466-3",2,1,2,NA,NA,NA,NA,NA,NA,NA,1,2,2,172.095886387,0,5,5,2,2,2018,2018,2018,2018,18,16,0,10,40,5,5,0,0,0,0,0,0,0,75,72,0,0,0,0,0,0,0,75
10466,4,"10466-4",2,1,2,NA,NA,NA,NA,NA,NA,NA,1,2,2,172.095886387,1,5,7,2,2,2018,2018,2018,2018,18,18,1,10,40,5,5,0,0,0,0,0,0,0,75,72,0,0,0,0,0,0,0,75
10466,5,"10466-5",2,1,2,NA,NA,NA,NA,NA,NA,NA,1,2,2,172.095886387,0,5,0,2,2,2018,2018,2018,2018,48,18,1,10,40,5,5,0,0,0,0,0,0,0,75,72,0,0,0,0,0,0,0,75
10469,1,"10469-1",2,1,2,NA,NA,NA,NA,NA,NA,NA,1,2,1,58.115135295,0,9,9,2,2,2269,2255,2269,2255,37,29,0,17,10,1,1,0,0,0,0,0,0,0,73,68,0,0,0,0,0,0,0,73
10469,2,"10469-2",2,1,2,NA,NA,NA,NA,NA,NA,NA,1,2,1,58.115135295,0,9,0,2,2,2255,2269,2269,2255,48,37,1,17,10,1,1,0,0,0,0,0,0,0,73,68,0,0,0,0,0,0,0,73
10478,1,"10478-1",2,3,4,NA,NA,NA,NA,NA,NA,NA,2,1,1,82.4760383,0,3,3,9,9,2013,1946,2013,1946,25,10,0,7,50,7,7,0,0,0,0,0,0,0,14,12,0,0,0,0,0,0,0,14
10478,2,"10478-2",2,3,4,NA,NA,NA,NA,NA,NA,NA,2,1,1,82.4760383,0,3,0,9,9,1946,2013,2013,1946,48,25,1,7,50,7,7,0,0,0,0,0,0,0,14,12,0,0,0,0,0,0,0,14
10483,1,"10483-1",2,1,2,NA,NA,NA,NA,NA,NA,NA,1,1,1,116.819025838,0,8,8,2,2,427,289,427,289,25,23,0,14,0,5,2,0,0,0,0,0,0,0,75,74,0,0,0,0,0,0,0,75
10483,2,"10483-2",2,1,2,NA,NA,NA,NA,NA,NA,NA,1,1,1,116.819025838,0,8,0,2,2,289,427,427,289,26,25,1,14,0,5,2,0,0,0,0,0,0,0,75,74,0,0,0,0,0,0,0,75
10490,1,"10490-1",2,4,5,NA,NA,NA,NA,NA,NA,NA,2,1,1,74.2640459,0,3,3,9,9,1658,1649,1658,1649,24,9,0,7,0,7,7,0,0,0,0,0,0,0,13,11,0,0,0,0,0,0,0,13
10490,2,"10490-2",2,4,5,NA,NA,NA,NA,NA,NA,NA,2,1,1,74.2640459,0,3,0,9,9,1649,1658,1658,1649,48,24,1,7,0,7,7,0,0,0,0,0,0,0,13,11,0,0,0,0,0,0,0,13
10491,4,"10491-4",2,1,3,NA,NA,NA,NA,NA,NA,NA,3,2,1,246.8722677,0,6,0,4,6,174,169,169,174,48,30,1,16,0,4,7,0,0,0,0,0,0,0,39,13,0,0,0,0,0,0,0,39
10495,1,"10495-1",2,1,2,NA,NA,NA,NA,NA,NA,NA,1,2,1,56.506576875,1,7,7,2,2,1282,1628,1282,1629,35,34,0,19,50,1,4,0,0,0,0,0,0,0,46,45,0,0,0,0,0,0,0,46
10495,2,"10495-2",2,1,2,NA,NA,NA,NA,NA,NA,NA,1,2,1,56.506576875,0,7,7,2,2,1628,1629,1282,1629,35,35,0,19,50,1,4,0,0,0,0,0,0,0,46,45,0,0,0,0,0,0,0,46
10495,3,"10495-3",2,1,2,NA,NA,NA,NA,NA,NA,NA,1,2,1,56.506576875,0,7,0,2,2,1629,1282,1282,1629,48,35,1,19,50,1,4,0,0,0,0,0,0,0,46,45,0,0,0,0,0,0,0,46
10512,1,"10512-1",2,1,2,NA,NA,NA,NA,NA,NA,NA,1,2,1,73.21895196,0,9,9,2,2,557,558,557,558,34,29,0,17,15,1,1,0,0,0,0,0,0,0,58,57,0,0,0,0,0,0,0,58
10512,2,"10512-2",2,1,2,NA,NA,NA,NA,NA,NA,NA,1,2,1,73.21895196,0,9,0,2,2,558,557,557,558,48,34,1,17,15,1,1,0,0,0,0,0,0,0,58,57,0,0,0,0,0,0,0,58
10518,6,"10518-6",3,1,3,4,NA,NA,NA,NA,NA,NA,3,2,1,81.0476351,0,5,5,3,3,1658,1590,1658,1590,27,25,0,15,0,4,8,8,0,0,0,0,0,0,31,3,1,0,0,0,0,0,0,31
10518,7,"10518-7",3,1,3,4,NA,NA,NA,NA,NA,NA,3,2,1,81.0476351,0,5,0,3,3,1590,1658,1658,1590,48,27,1,15,0,4,8,8,0,0,0,0,0,0,31,3,1,0,0,0,0,0,0,31
10524,1,"10524-1",2,3,4,NA,NA,NA,NA,NA,NA,NA,2,1,1,76.3500046,0,3,3,9,9,1658,1649,1658,1649,24,8,0,6,50,7,7,0,0,0,0,0,0,0,13,11,0,0,0,0,0,0,0,13
10524,2,"10524-2",2,3,4,NA,NA,NA,NA,NA,NA,NA,2,1,1,76.3500046,0,3,0,9,9,1649,1658,1658,1649,48,24,1,6,50,7,7,0,0,0,0,0,0,0,13,11,0,0,0,0,0,0,0,13
10528,1,"10528-1",2,1,2,NA,NA,NA,NA,NA,NA,NA,1,1,1,31.264036728,0,1,1,2,2,2514,9999,2514,9999,28,11,0,8,2,1,1,0,0,0,0,0,0,0,38,33,0,0,0,0,0,0,0,38
10528,2,"10528-2",2,1,2,NA,NA,NA,NA,NA,NA,NA,1,1,1,31.264036728,0,1,0,2,2,9999,2514,2514,9999,48,28,1,8,2,1,1,0,0,0,0,0,0,0,38,33,0,0,0,0,0,0,0,38
10544,1,"10544-1",2,3,4,NA,NA,NA,NA,NA,NA,NA,2,1,1,53.6537182,0,3,3,9,9,1657,1649,1657,1649,23,8,0,6,30,7,7,0,0,0,0,0,0,0,13,11,0,0,0,0,0,0,0,13
10544,2,"10544-2",2,3,4,NA,NA,NA,NA,NA,NA,NA,2,1,1,53.6537182,0,3,0,9,9,1649,1657,1657,1649,48,23,1,6,30,7,7,0,0,0,0,0,0,0,13,11,0,0,0,0,0,0,0,13
10552,1,"10552-1",2,1,2,NA,NA,NA,NA,NA,NA,NA,1,1,1,29.500685192,0,7,7,2,2,1657,1584,1657,1584,30,28,0,16,30,5,4,0,0,0,0,0,0,0,65,64,0,0,0,0,0,0,0,65
10552,2,"10552-2",2,1,2,NA,NA,NA,NA,NA,NA,NA,1,1,1,29.500685192,0,7,0,2,2,1584,1657,1657,1584,48,30,1,16,30,5,4,0,0,0,0,0,0,0,65,64,0,0,0,0,0,0,0,65
10567,1,"10567-1",2,1,2,NA,NA,NA,NA,NA,NA,NA,1,3,1,16.13625048,0,5,5,2,2,2424,9999,2424,9999,33,30,0,17,45,2,1,0,0,0,0,0,0,0,52,52,0,0,0,0,0,0,0,52
10567,2,"10567-2",2,1,2,NA,NA,NA,NA,NA,NA,NA,1,3,1,16.13625048,0,5,0,2,2,9999,2424,2424,9999,48,33,1,17,45,2,1,0,0,0,0,0,0,0,52,52,0,0,0,0,0,0,0,52
10573,2,"10573-2",2,1,2,NA,NA,NA,NA,NA,NA,NA,1,4,1,168.011383536,0,5,5,3,3,43,1744,43,1744,38,34,0,19,30,1,4,0,0,0,0,0,0,0,27,26,0,0,0,0,0,0,0,27
10573,3,"10573-3",2,1,2,NA,NA,NA,NA,NA,NA,NA,1,4,1,168.011383536,0,5,0,3,3,1744,43,43,1744,40,38,1,19,30,1,4,0,0,0,0,0,0,0,27,26,0,0,0,0,0,0,0,27
10580,1,"10580-1",3,1,3,4,NA,NA,NA,NA,NA,NA,1,2,1,24.88674237,0,6,6,3,3,2649,2675,2649,2675,20,16,0,10,55,1,5,4,0,0,0,0,0,0,58,80,52,0,0,0,0,0,0,80
10580,2,"10580-2",3,1,3,4,NA,NA,NA,NA,NA,NA,1,2,1,24.88674237,1,6,5,3,3,2675,2587,2649,2675,21,20,1,10,55,1,5,4,0,0,0,0,0,0,58,80,52,0,0,0,0,0,0,80
10580,3,"10580-3",3,1,3,4,NA,NA,NA,NA,NA,NA,1,2,1,24.88674237,0,6,0,3,3,2587,2649,2649,2675,26,21,1,10,55,1,5,4,0,0,0,0,0,0,58,80,52,0,0,0,0,0,0,80
10589,1,"10589-1",2,1,2,NA,NA,NA,NA,NA,NA,NA,1,1,1,47.265040634,1,7,6,2,3,2303,2159,2303,921,15,12,0,8,31,5,5,0,0,0,0,0,0,0,70,68,0,0,0,0,0,0,0,70
10589,2,"10589-2",2,1,2,NA,NA,NA,NA,NA,NA,NA,1,1,1,47.265040634,1,7,5,2,3,2159,2219,2303,921,18,15,0,8,31,5,5,0,0,0,0,0,0,0,70,68,0,0,0,0,0,0,0,70
10589,3,"10589-3",2,1,2,NA,NA,NA,NA,NA,NA,NA,1,1,1,47.265040634,0,7,7,3,3,2219,921,2303,921,24,18,0,8,31,5,5,0,0,0,0,0,0,0,70,68,0,0,0,0,0,0,0,70
10589,4,"10589-4",2,1,2,NA,NA,NA,NA,NA,NA,NA,1,1,1,47.265040634,0,7,0,2,3,921,2303,2303,921,48,24,1,8,31,5,5,0,0,0,0,0,0,0,70,68,0,0,0,0,0,0,0,70
10595,3,"10595-3",3,1,4,5,NA,NA,NA,NA,NA,NA,3,2,1,166.664770276,0,5,5,3,3,638,469,638,469,32,30,0,17,30,1,7,7,0,0,0,0,0,0,37,15,11,0,0,0,0,0,0,37
10595,4,"10595-4",3,1,4,5,NA,NA,NA,NA,NA,NA,3,2,1,166.664770276,0,5,0,3,3,469,638,638,469,48,32,1,17,30,1,7,7,0,0,0,0,0,0,37,15,11,0,0,0,0,0,0,37
10596,1,"10596-1",2,1,2,NA,NA,NA,NA,NA,NA,NA,1,1,1,28.706259184,0,5,5,2,2,1483,1441,1483,1441,17,13,0,9,20,5,4,0,0,0,0,0,0,0,66,63,0,0,0,0,0,0,0,66
10596,2,"10596-2",2,1,2,NA,NA,NA,NA,NA,NA,NA,1,1,1,28.706259184,1,5,5,2,2,1441,1441,1483,1441,19,17,1,9,20,5,4,0,0,0,0,0,0,0,66,63,0,0,0,0,0,0,0,66
10596,3,"10596-3",2,1,2,NA,NA,NA,NA,NA,NA,NA,1,1,1,28.706259184,1,5,5,2,2,1441,1445,1483,1441,22,19,1,9,20,5,4,0,0,0,0,0,0,0,66,63,0,0,0,0,0,0,0,66
10596,4,"10596-4",2,1,2,NA,NA,NA,NA,NA,NA,NA,1,1,1,28.706259184,0,5,0,2,2,1445,1483,1483,1441,27,22,1,9,20,5,4,0,0,0,0,0,0,0,66,63,0,0,0,0,0,0,0,66
10596,5,"10596-5",2,1,2,NA,NA,NA,NA,NA,NA,NA,1,2,2,28.706259184,0,7,7,2,2,1483,1354,1483,1354,30,27,0,16,20,5,4,0,0,0,0,0,0,0,66,63,0,0,0,0,0,0,0,66
10596,6,"10596-6",2,1,2,NA,NA,NA,NA,NA,NA,NA,1,2,2,28.706259184,0,7,0,2,2,1354,1483,1483,1354,48,30,1,16,20,5,4,0,0,0,0,0,0,0,66,63,0,0,0,0,0,0,0,66
10597,3,"10597-3",2,1,3,NA,NA,NA,NA,NA,NA,NA,3,1,1,270.3555178,0,6,6,2,2,1483,1487,1483,1487,23,21,0,13,10,4,8,0,0,0,0,0,0,0,30,4,0,0,0,0,0,0,0,30
10597,4,"10597-4",2,1,3,NA,NA,NA,NA,NA,NA,NA,3,1,1,270.3555178,0,6,0,2,2,1487,1483,1483,1487,26,23,1,13,10,4,8,0,0,0,0,0,0,0,30,4,0,0,0,0,0,0,0,30
10597,5,"10597-5",4,1,2,3,4,NA,NA,NA,NA,NA,3,2,2,270.3555178,1,9,9,3,3,1483,1490,1483,1490,27,26,0,15,45,4,1,8,8,0,0,0,0,0,30,31,4,2,0,0,0,0,0,31
10597,6,"10597-6",4,1,2,3,4,NA,NA,NA,NA,NA,3,2,2,270.3555178,0,9,9,3,3,1490,1490,1483,1490,30,27,0,15,45,4,1,8,8,0,0,0,0,0,30,31,4,2,0,0,0,0,0,31
10597,7,"10597-7",4,1,2,3,4,NA,NA,NA,NA,NA,3,2,2,270.3555178,0,9,0,3,3,1490,1483,1483,1490,48,30,1,15,45,4,1,8,8,0,0,0,0,0,30,31,4,2,0,0,0,0,0,31
10602,1,"10602-1",2,1,2,NA,NA,NA,NA,NA,NA,NA,1,2,1,163.08833207,1,4,4,2,3,2411,2366,2411,2346,21,14,0,9,55,3,5,0,0,0,0,0,0,0,76,72,0,0,0,0,0,0,0,76
10602,2,"10602-2",2,1,2,NA,NA,NA,NA,NA,NA,NA,1,2,1,163.08833207,0,4,4,3,3,2366,2346,2411,2346,25,21,0,9,55,3,5,0,0,0,0,0,0,0,76,72,0,0,0,0,0,0,0,76
10602,3,"10602-3",2,1,2,NA,NA,NA,NA,NA,NA,NA,1,2,1,163.08833207,1,4,4,3,3,2346,2366,2411,2346,25,25,1,9,55,3,5,0,0,0,0,0,0,0,76,72,0,0,0,0,0,0,0,76
10602,4,"10602-4",2,1,2,NA,NA,NA,NA,NA,NA,NA,1,2,1,163.08833207,0,4,0,3,3,2366,2411,2411,2346,32,25,1,9,55,3,5,0,0,0,0,0,0,0,76,72,0,0,0,0,0,0,0,76
10602,5,"10602-5",2,1,2,NA,NA,NA,NA,NA,NA,NA,1,3,2,163.08833207,0,2,2,3,3,2411,2346,2411,2346,36,32,0,18,35,3,5,0,0,0,0,0,0,0,76,72,0,0,0,0,0,0,0,76
10602,6,"10602-6",2,1,2,NA,NA,NA,NA,NA,NA,NA,1,3,2,163.08833207,0,2,0,3,3,2346,2411,2411,2346,48,36,1,18,35,3,5,0,0,0,0,0,0,0,76,72,0,0,0,0,0,0,0,76
10612,1,"10612-1",2,1,2,NA,NA,NA,NA,NA,NA,NA,1,3,1,177.129787485,0,9,9,2,2,1537,1446,1537,1446,32,24,0,14,30,1,1,0,0,0,0,0,0,0,56,52,0,0,0,0,0,0,0,56
10612,2,"10612-2",2,1,2,NA,NA,NA,NA,NA,NA,NA,1,3,1,177.129787485,1,9,7,2,2,1446,1445,1537,1446,34,32,1,14,30,1,1,0,0,0,0,0,0,0,56,52,0,0,0,0,0,0,0,56
10612,3,"10612-3",2,1,2,NA,NA,NA,NA,NA,NA,NA,1,3,1,177.129787485,0,9,0,2,2,1445,1537,1537,1446,48,34,1,14,30,1,1,0,0,0,0,0,0,0,56,52,0,0,0,0,0,0,0,56
10623,1,"10623-1",2,2,3,NA,NA,NA,NA,NA,NA,NA,3,1,1,56.8672062,0,5,5,2,2,2426,2449,2426,2449,21,19,0,12,28,4,8,0,0,0,0,0,0,0,32,3,0,0,0,0,0,0,0,32
10623,2,"10623-2",2,2,3,NA,NA,NA,NA,NA,NA,NA,3,1,1,56.8672062,1,5,5,2,2,2449,2424,2426,2449,22,21,1,12,28,4,8,0,0,0,0,0,0,0,32,3,0,0,0,0,0,0,0,32
10623,3,"10623-3",2,2,3,NA,NA,NA,NA,NA,NA,NA,3,1,1,56.8672062,1,5,7,2,2,2424,2423,2426,2449,22,22,1,12,28,4,8,0,0,0,0,0,0,0,32,3,0,0,0,0,0,0,0,32
10623,4,"10623-4",2,2,3,NA,NA,NA,NA,NA,NA,NA,3,1,1,56.8672062,0,5,0,2,2,2423,2426,2426,2449,48,22,1,12,28,4,8,0,0,0,0,0,0,0,32,3,0,0,0,0,0,0,0,32
10625,1,"10625-1",2,1,2,NA,NA,NA,NA,NA,NA,NA,1,2,1,45.598658117,1,7,4,2,3,1432,1422,1432,1927,31,30,0,17,45,5,5,0,0,0,0,0,0,0,79,79,0,0,0,0,0,0,0,79
10625,2,"10625-2",2,1,2,NA,NA,NA,NA,NA,NA,NA,1,2,1,45.598658117,0,7,7,3,3,1422,1927,1432,1927,36,31,0,17,45,5,5,0,0,0,0,0,0,0,79,79,0,0,0,0,0,0,0,79
10625,3,"10625-3",2,1,2,NA,NA,NA,NA,NA,NA,NA,1,2,1,45.598658117,1,7,4,3,3,1927,1422,1432,1927,36,36,1,17,45,5,5,0,0,0,0,0,0,0,79,79,0,0,0,0,0,0,0,79
10625,4,"10625-4",2,1,2,NA,NA,NA,NA,NA,NA,NA,1,2,1,45.598658117,0,7,0,2,3,1422,1432,1432,1927,48,36,1,17,45,5,5,0,0,0,0,0,0,0,79,79,0,0,0,0,0,0,0,79
10626,2,"10626-2",2,1,5,NA,NA,NA,NA,NA,NA,NA,3,2,1,49.760203552,0,5,5,3,3,1483,1445,1483,1445,35,33,0,19,5,1,7,0,0,0,0,0,0,0,47,13,0,0,0,0,0,0,0,47
10626,3,"10626-3",2,1,5,NA,NA,NA,NA,NA,NA,NA,3,2,1,49.760203552,0,5,0,3,3,1445,1483,1483,1445,48,35,1,19,5,1,7,0,0,0,0,0,0,0,47,13,0,0,0,0,0,0,0,47
10628,9,"10628-9",5,1,2,3,4,5,NA,NA,NA,NA,3,2,1,353.306484496,0,9,9,3,3,2743,2745,2743,2745,32,30,0,17,55,2,1,7,7,7,0,0,0,0,41,42,11,9,6,0,0,0,0,42
10628,10,"10628-10",5,1,2,3,4,5,NA,NA,NA,NA,3,2,1,353.306484496,1,9,7,3,3,2745,2743,2743,2745,35,32,1,17,55,2,1,7,7,7,0,0,0,0,41,42,11,9,6,0,0,0,0,42
10628,11,"10628-11",5,1,2,3,4,5,NA,NA,NA,NA,3,2,1,353.306484496,0,9,0,3,3,2743,2743,2743,2745,48,35,1,17,55,2,1,7,7,7,0,0,0,0,41,42,11,9,6,0,0,0,0,42
10638,1,"10638-1",2,1,2,NA,NA,NA,NA,NA,NA,NA,1,2,1,73.21895196,0,7,7,2,2,899,886,899,886,32,31,0,18,10,1,1,0,0,0,0,0,0,0,40,70,0,0,0,0,0,0,0,70
10638,2,"10638-2",2,1,2,NA,NA,NA,NA,NA,NA,NA,1,2,1,73.21895196,0,7,0,2,2,886,899,899,886,32,32,1,18,10,1,1,0,0,0,0,0,0,0,40,70,0,0,0,0,0,0,0,70
10639,3,"10639-3",2,1,2,NA,NA,NA,NA,NA,NA,NA,1,4,1,32.8905918,0,6,6,2,2,2633,2675,2633,2675,26,26,0,15,32,4,1,0,0,0,0,0,0,0,46,50,0,0,0,0,0,0,0,50
10639,4,"10639-4",2,1,2,NA,NA,NA,NA,NA,NA,NA,1,4,1,32.8905918,1,6,6,2,2,2675,2644,2633,2675,26,26,1,15,32,4,1,0,0,0,0,0,0,0,46,50,0,0,0,0,0,0,0,50
10639,5,"10639-5",2,1,2,NA,NA,NA,NA,NA,NA,NA,1,4,1,32.8905918,0,6,0,2,2,2644,2633,2633,2675,48,26,1,15,32,4,1,0,0,0,0,0,0,0,46,50,0,0,0,0,0,0,0,50
10647,1,"10647-1",2,3,4,NA,NA,NA,NA,NA,NA,NA,2,1,1,39.3251878,0,3,3,9,9,2772,2763,2772,2763,24,7,0,6,19,7,7,0,0,0,0,0,0,0,15,12,0,0,0,0,0,0,0,15
10647,2,"10647-2",2,3,4,NA,NA,NA,NA,NA,NA,NA,2,1,1,39.3251878,0,3,0,9,9,2763,2772,2772,2763,27,24,1,6,19,7,7,0,0,0,0,0,0,0,15,12,0,0,0,0,0,0,0,15
10649,1,"10649-1",2,1,2,NA,NA,NA,NA,NA,NA,NA,1,1,1,95.795853796,0,5,5,2,2,2021,2018,2021,2018,28,26,0,15,55,5,5,0,0,0,0,0,0,0,79,79,0,0,0,0,0,0,0,79
10649,2,"10649-2",2,1,2,NA,NA,NA,NA,NA,NA,NA,1,1,1,95.795853796,0,5,0,2,2,2018,2021,2021,2018,32,28,1,15,55,5,5,0,0,0,0,0,0,0,79,79,0,0,0,0,0,0,0,79
10652,3,"10652-3",2,2,6,NA,NA,NA,NA,NA,NA,NA,3,3,1,58.278419256,0,4,4,2,2,1361,1363,1361,1363,36,32,0,18,30,1,7,0,0,0,0,0,0,0,55,11,0,0,0,0,0,0,0,55
10652,4,"10652-4",2,2,6,NA,NA,NA,NA,NA,NA,NA,3,3,1,58.278419256,0,4,0,2,2,1363,1361,1361,1363,48,36,1,18,30,1,7,0,0,0,0,0,0,0,55,11,0,0,0,0,0,0,0,55
10662,1,"10662-1",2,1,2,NA,NA,NA,NA,NA,NA,NA,1,2,1,127.862008155,1,7,8,2,2,2575,2628,2575,2669,34,33,0,19,7,1,2,0,0,0,0,0,0,0,65,50,0,0,0,0,0,0,0,65
10662,2,"10662-2",2,1,2,NA,NA,NA,NA,NA,NA,NA,1,2,1,127.862008155,0,7,7,2,2,2628,2669,2575,2669,36,34,0,19,7,1,2,0,0,0,0,0,0,0,65,50,0,0,0,0,0,0,0,65
10662,3,"10662-3",2,1,2,NA,NA,NA,NA,NA,NA,NA,1,2,1,127.862008155,0,7,0,2,2,2669,2575,2575,2669,48,36,1,19,7,1,2,0,0,0,0,0,0,0,65,50,0,0,0,0,0,0,0,65
10675,3,"10675-3",2,1,2,NA,NA,NA,NA,NA,NA,NA,1,2,1,124.4971498,0,5,5,2,2,2381,930,2381,930,35,33,0,19,15,4,1,0,0,0,0,0,0,0,42,41,0,0,0,0,0,0,0,42
10675,4,"10675-4",2,1,2,NA,NA,NA,NA,NA,NA,NA,1,2,1,124.4971498,0,5,0,2,2,930,2381,2381,930,48,35,1,19,15,4,1,0,0,0,0,0,0,0,42,41,0,0,0,0,0,0,0,42
10684,1,"10684-1",2,1,2,NA,NA,NA,NA,NA,NA,NA,1,1,1,117.721892785,0,7,7,2,2,1483,1484,1483,1484,13,11,0,8,15,5,5,0,0,0,0,0,0,0,80,84,0,0,0,0,0,0,0,84
10684,2,"10684-2",2,1,2,NA,NA,NA,NA,NA,NA,NA,1,1,1,117.721892785,0,7,0,2,2,1484,1483,1483,1484,20,13,1,8,15,5,5,0,0,0,0,0,0,0,80,84,0,0,0,0,0,0,0,84
10684,3,"10684-3",2,1,2,NA,NA,NA,NA,NA,NA,NA,1,2,2,117.721892785,0,9,9,2,2,1483,1485,1483,1485,22,20,0,12,45,5,5,0,0,0,0,0,0,0,80,84,0,0,0,0,0,0,0,84
10684,4,"10684-4",2,1,2,NA,NA,NA,NA,NA,NA,NA,1,2,2,117.721892785,0,9,0,2,2,1485,1483,1483,1485,48,22,1,12,45,5,5,0,0,0,0,0,0,0,80,84,0,0,0,0,0,0,0,84
10685,1,"10685-1",2,3,4,NA,NA,NA,NA,NA,NA,NA,2,1,1,83.487349456,0,3,3,2,2,2411,2405,2411,2405,25,9,0,7,0,6,7,0,0,0,0,0,0,0,17,15,0,0,0,0,0,0,0,17
10685,2,"10685-2",2,3,4,NA,NA,NA,NA,NA,NA,NA,2,1,1,83.487349456,0,3,0,2,2,2405,2411,2411,2405,31,25,1,7,0,6,7,0,0,0,0,0,0,0,17,15,0,0,0,0,0,0,0,17
10688,1,"10688-1",3,2,3,4,NA,NA,NA,NA,NA,NA,2,1,1,78.0620783,0,3,3,9,9,2772,2711,2772,2711,26,11,0,8,10,7,7,7,0,0,0,0,0,0,9,9,7,0,0,0,0,0,0,9
10688,2,"10688-2",3,2,3,4,NA,NA,NA,NA,NA,NA,2,1,1,78.0620783,0,3,0,9,9,2711,2772,2772,2711,48,26,1,8,10,7,7,7,0,0,0,0,0,0,9,9,7,0,0,0,0,0,0,9
10689,1,"10689-1",2,3,4,NA,NA,NA,NA,NA,NA,NA,2,1,1,28.2085352,0,3,3,9,9,2531,2529,2531,2529,22,7,0,6,10,7,7,0,0,0,0,0,0,0,15,12,0,0,0,0,0,0,0,15
10689,2,"10689-2",2,3,4,NA,NA,NA,NA,NA,NA,NA,2,1,1,28.2085352,0,3,0,9,9,2529,2531,2531,2529,48,22,1,6,10,7,7,0,0,0,0,0,0,0,15,12,0,0,0,0,0,0,0,15
10692,1,"10692-1",2,2,3,NA,NA,NA,NA,NA,NA,NA,3,1,1,37.6227834,1,5,8,3,3,2429,2448,2429,2424,19,15,0,10,0,4,8,0,0,0,0,0,0,0,21,0,0,0,0,0,0,0,0,21
10692,2,"10692-2",2,2,3,NA,NA,NA,NA,NA,NA,NA,3,1,1,37.6227834,0,5,5,3,3,2448,2424,2429,2424,22,19,0,10,0,4,8,0,0,0,0,0,0,0,21,0,0,0,0,0,0,0,0,21
10692,3,"10692-3",2,2,3,NA,NA,NA,NA,NA,NA,NA,3,1,1,37.6227834,1,5,7,3,3,2424,2424,2429,2424,23,22,1,10,0,4,8,0,0,0,0,0,0,0,21,0,0,0,0,0,0,0,0,21
10692,4,"10692-4",2,2,3,NA,NA,NA,NA,NA,NA,NA,3,1,1,37.6227834,0,5,0,3,3,2424,2429,2429,2424,48,23,1,10,0,4,8,0,0,0,0,0,0,0,21,0,0,0,0,0,0,0,0,21
10693,1,"10693-1",2,1,2,NA,NA,NA,NA,NA,NA,NA,1,1,1,37.280941583,0,6,6,2,2,2784,1095,2784,1095,18,12,0,8,30,5,5,0,0,0,0,0,0,0,75,76,0,0,0,0,0,0,0,76
10693,2,"10693-2",2,1,2,NA,NA,NA,NA,NA,NA,NA,1,1,1,37.280941583,1,6,6,2,2,1095,1090,2784,1095,18,18,1,8,30,5,5,0,0,0,0,0,0,0,75,76,0,0,0,0,0,0,0,76
10693,3,"10693-3",2,1,2,NA,NA,NA,NA,NA,NA,NA,1,1,1,37.280941583,1,6,5,2,2,1090,825,2784,1095,19,18,1,8,30,5,5,0,0,0,0,0,0,0,75,76,0,0,0,0,0,0,0,76
10693,4,"10693-4",2,1,2,NA,NA,NA,NA,NA,NA,NA,1,1,1,37.280941583,1,6,8,2,2,825,809,2784,1095,25,19,1,8,30,5,5,0,0,0,0,0,0,0,75,76,0,0,0,0,0,0,0,76
10693,5,"10693-5",2,1,2,NA,NA,NA,NA,NA,NA,NA,1,1,1,37.280941583,1,6,8,2,2,809,437,2784,1095,33,25,1,8,30,5,5,0,0,0,0,0,0,0,75,76,0,0,0,0,0,0,0,76
10693,6,"10693-6",2,1,2,NA,NA,NA,NA,NA,NA,NA,1,1,1,37.280941583,0,6,0,2,2,437,2784,2784,1095,48,33,1,8,30,5,5,0,0,0,0,0,0,0,75,76,0,0,0,0,0,0,0,76
10704,3,"10704-3",3,4,5,6,NA,NA,NA,NA,NA,NA,2,2,1,48.8274811,0,3,3,9,9,2772,2711,2772,2711,26,11,0,8,0,7,7,7,0,0,0,0,0,0,10,9,7,0,0,0,0,0,0,10
10704,4,"10704-4",3,4,5,6,NA,NA,NA,NA,NA,NA,2,2,1,48.8274811,0,3,0,9,9,2711,2772,2772,2711,27,26,1,8,0,7,7,7,0,0,0,0,0,0,10,9,7,0,0,0,0,0,0,10
10706,1,"10706-1",2,1,2,NA,NA,NA,NA,NA,NA,NA,1,2,1,130.280303369,0,8,8,2,2,2532,2552,2532,2552,27,24,0,14,50,4,2,0,0,0,0,0,0,0,56,62,0,0,0,0,0,0,0,62
10706,2,"10706-2",2,1,2,NA,NA,NA,NA,NA,NA,NA,1,2,1,130.280303369,0,8,0,2,2,2552,2532,2532,2552,48,27,1,14,50,4,2,0,0,0,0,0,0,0,56,62,0,0,0,0,0,0,0,62
10711,1,"10711-1",2,1,2,NA,NA,NA,NA,NA,NA,NA,1,2,1,88.872811068,0,6,6,2,2,2371,919,2371,919,36,35,0,20,0,1,1,0,0,0,0,0,0,0,54,53,0,0,0,0,0,0,0,54
10711,2,"10711-2",2,1,2,NA,NA,NA,NA,NA,NA,NA,1,2,1,88.872811068,0,6,0,2,2,919,2371,2371,919,48,36,1,20,0,1,1,0,0,0,0,0,0,0,54,53,0,0,0,0,0,0,0,54
10714,1,"10714-1",2,1,2,NA,NA,NA,NA,NA,NA,NA,1,2,1,36.806476464,1,5,5,2,2,1208,1837,1208,1923,26,24,0,14,45,4,4,0,0,0,0,0,0,0,54,59,0,0,0,0,0,0,0,59
10714,2,"10714-2",2,1,2,NA,NA,NA,NA,NA,NA,NA,1,2,1,36.806476464,0,5,5,2,2,1837,1923,1208,1923,29,26,0,14,45,4,4,0,0,0,0,0,0,0,54,59,0,0,0,0,0,0,0,59
10714,3,"10714-3",2,1,2,NA,NA,NA,NA,NA,NA,NA,1,2,1,36.806476464,0,5,0,2,2,1923,1208,1208,1923,48,29,1,14,45,4,4,0,0,0,0,0,0,0,54,59,0,0,0,0,0,0,0,59
10723,1,"10723-1",3,1,2,4,NA,NA,NA,NA,NA,NA,3,1,1,30.8677638,0,5,5,4,4,2423,2421,2423,2421,17,17,0,11,0,4,4,8,0,0,0,0,0,0,26,27,0,0,0,0,0,0,0,27
10723,2,"10723-2",3,1,2,4,NA,NA,NA,NA,NA,NA,3,1,1,30.8677638,0,5,0,4,4,2421,2423,2423,2421,21,17,1,11,0,4,4,8,0,0,0,0,0,0,26,27,0,0,0,0,0,0,0,27
10723,3,"10723-3",3,1,2,4,NA,NA,NA,NA,NA,NA,3,2,2,30.8677638,0,6,6,4,4,2423,2422,2423,2422,23,21,0,13,0,4,4,8,0,0,0,0,0,0,26,27,0,0,0,0,0,0,0,27
10723,4,"10723-4",3,1,2,4,NA,NA,NA,NA,NA,NA,3,2,2,30.8677638,1,6,5,4,4,2422,2424,2423,2422,25,23,1,13,0,4,4,8,0,0,0,0,0,0,26,27,0,0,0,0,0,0,0,27
10723,5,"10723-5",3,1,2,4,NA,NA,NA,NA,NA,NA,3,2,2,30.8677638,0,6,0,4,4,2424,2423,2423,2422,28,25,1,13,0,4,4,8,0,0,0,0,0,0,26,27,0,0,0,0,0,0,0,27
10723,6,"10723-6",4,1,2,3,4,NA,NA,NA,NA,NA,3,3,3,30.8677638,0,8,8,3,3,2423,2452,2423,2452,33,28,0,16,30,4,4,7,8,0,0,0,0,0,26,27,6,0,0,0,0,0,0,27
10723,7,"10723-7",4,1,2,3,4,NA,NA,NA,NA,NA,3,3,3,30.8677638,1,8,5,3,3,2452,2444,2423,2452,33,33,1,16,30,4,4,7,8,0,0,0,0,0,26,27,6,0,0,0,0,0,0,27
10723,8,"10723-8",4,1,2,3,4,NA,NA,NA,NA,NA,3,3,3,30.8677638,0,8,0,3,3,2444,2423,2423,2452,48,33,1,16,30,4,4,7,8,0,0,0,0,0,26,27,6,0,0,0,0,0,0,27
10725,1,"10725-1",2,1,2,NA,NA,NA,NA,NA,NA,NA,1,1,1,103.604435799,0,6,6,2,2,479,481,479,481,23,21,0,13,10,5,5,0,0,0,0,0,0,0,80,79,0,0,0,0,0,0,0,80
10725,2,"10725-2",2,1,2,NA,NA,NA,NA,NA,NA,NA,1,1,1,103.604435799,0,6,0,2,2,481,479,479,481,48,23,1,13,10,5,5,0,0,0,0,0,0,0,80,79,0,0,0,0,0,0,0,80
10744,1,"10744-1",2,1,2,NA,NA,NA,NA,NA,NA,NA,1,2,1,17.994327566,0,5,5,2,2,2497,9999,2497,9999,16,15,0,10,0,5,5,0,0,0,0,0,0,0,65,73,0,0,0,0,0,0,0,73
10744,2,"10744-2",2,1,2,NA,NA,NA,NA,NA,NA,NA,1,2,1,17.994327566,0,5,0,2,2,9999,2497,2497,9999,19,16,1,10,0,5,5,0,0,0,0,0,0,0,65,73,0,0,0,0,0,0,0,73
10744,3,"10744-3",2,1,2,NA,NA,NA,NA,NA,NA,NA,1,3,2,17.994327566,0,6,6,2,2,2497,2501,2497,2501,20,19,0,12,0,5,5,0,0,0,0,0,0,0,65,73,0,0,0,0,0,0,0,73
10744,4,"10744-4",2,1,2,NA,NA,NA,NA,NA,NA,NA,1,3,2,17.994327566,0,6,0,2,2,2501,2497,2497,2501,48,20,1,12,0,5,5,0,0,0,0,0,0,0,65,73,0,0,0,0,0,0,0,73
10752,1,"10752-1",2,1,2,NA,NA,NA,NA,NA,NA,NA,1,2,1,19.858900425,0,7,7,2,2,2540,2527,2540,2527,22,20,0,12,40,2,5,0,0,0,0,0,0,0,63,68,0,0,0,0,0,0,0,68
10752,2,"10752-2",2,1,2,NA,NA,NA,NA,NA,NA,NA,1,2,1,19.858900425,0,7,0,2,2,2527,2540,2540,2527,32,22,1,12,40,2,5,0,0,0,0,0,0,0,63,68,0,0,0,0,0,0,0,68
10753,1,"10753-1",2,1,2,NA,NA,NA,NA,NA,NA,NA,1,1,1,14.617891573,0,7,7,2,2,2730,2741,2730,2741,15,13,0,9,10,5,5,0,0,0,0,0,0,0,70,70,0,0,0,0,0,0,0,70
10753,2,"10753-2",2,1,2,NA,NA,NA,NA,NA,NA,NA,1,1,1,14.617891573,0,7,0,2,2,2741,2730,2730,2741,22,15,1,9,10,5,5,0,0,0,0,0,0,0,70,70,0,0,0,0,0,0,0,70
10753,3,"10753-3",2,1,2,NA,NA,NA,NA,NA,NA,NA,1,2,2,14.617891573,0,7,7,2,2,2730,9999,2730,9999,30,22,0,13,47,5,5,0,0,0,0,0,0,0,70,70,0,0,0,0,0,0,0,70
10753,4,"10753-4",2,1,2,NA,NA,NA,NA,NA,NA,NA,1,2,2,14.617891573,0,7,0,2,2,9999,2730,2730,9999,48,30,1,13,47,5,5,0,0,0,0,0,0,0,70,70,0,0,0,0,0,0,0,70
10755,1,"10755-1",2,1,2,NA,NA,NA,NA,NA,NA,NA,1,1,1,43.9869088,0,5,5,2,2,1273,857,1273,857,14,12,0,8,30,5,2,0,0,0,0,0,0,0,65,66,0,0,0,0,0,0,0,66
10755,2,"10755-2",2,1,2,NA,NA,NA,NA,NA,NA,NA,1,1,1,43.9869088,0,5,0,2,2,857,1273,1273,857,48,14,1,8,30,5,2,0,0,0,0,0,0,0,65,66,0,0,0,0,0,0,0,66
10756,2,"10756-2",2,1,2,NA,NA,NA,NA,NA,NA,NA,1,2,1,110.314172115,0,7,7,2,2,2221,2720,2221,2720,35,31,0,18,18,1,1,0,0,0,0,0,0,0,29,29,0,0,0,0,0,0,0,29
10756,3,"10756-3",2,1,2,NA,NA,NA,NA,NA,NA,NA,1,2,1,110.314172115,0,7,0,2,2,2720,2221,2221,2720,48,35,1,18,18,1,1,0,0,0,0,0,0,0,29,29,0,0,0,0,0,0,0,29
10758,2,"10758-2",2,1,2,NA,NA,NA,NA,NA,NA,NA,1,2,1,83.1592448,1,6,6,2,2,2811,2788,2811,2738,15,14,0,9,45,4,5,0,0,0,0,0,0,0,56,79,0,0,0,0,0,0,0,79
10758,3,"10758-3",2,1,2,NA,NA,NA,NA,NA,NA,NA,1,2,1,83.1592448,0,6,6,2,2,2788,2738,2811,2738,17,15,0,9,45,4,5,0,0,0,0,0,0,0,56,79,0,0,0,0,0,0,0,79
10758,4,"10758-4",2,1,2,NA,NA,NA,NA,NA,NA,NA,1,2,1,83.1592448,1,6,5,2,2,2738,2738,2811,2738,18,17,1,9,45,4,5,0,0,0,0,0,0,0,56,79,0,0,0,0,0,0,0,79
10758,5,"10758-5",2,1,2,NA,NA,NA,NA,NA,NA,NA,1,2,1,83.1592448,1,6,7,2,2,2738,2738,2811,2738,20,18,1,9,45,4,5,0,0,0,0,0,0,0,56,79,0,0,0,0,0,0,0,79
10758,6,"10758-6",2,1,2,NA,NA,NA,NA,NA,NA,NA,1,2,1,83.1592448,1,6,6,2,2,2738,2786,2811,2738,21,20,1,9,45,4,5,0,0,0,0,0,0,0,56,79,0,0,0,0,0,0,0,79
10758,7,"10758-7",2,1,2,NA,NA,NA,NA,NA,NA,NA,1,2,1,83.1592448,0,6,0,2,2,2786,2811,2811,2738,23,21,1,9,45,4,5,0,0,0,0,0,0,0,56,79,0,0,0,0,0,0,0,79
10760,1,"10760-1",2,1,2,NA,NA,NA,NA,NA,NA,NA,1,1,1,11.373027518,0,8,8,2,3,2740,1277,2740,1277,19,16,0,10,30,5,5,0,0,0,0,0,0,0,65,65,0,0,0,0,0,0,0,65
10760,2,"10760-2",2,1,2,NA,NA,NA,NA,NA,NA,NA,1,1,1,11.373027518,1,8,7,3,3,1277,1260,2740,1277,21,19,1,10,30,5,5,0,0,0,0,0,0,0,65,65,0,0,0,0,0,0,0,65
10760,3,"10760-3",2,1,2,NA,NA,NA,NA,NA,NA,NA,1,1,1,11.373027518,1,8,8,3,3,1260,1251,2740,1277,24,21,1,10,30,5,5,0,0,0,0,0,0,0,65,65,0,0,0,0,0,0,0,65
10760,4,"10760-4",2,1,2,NA,NA,NA,NA,NA,NA,NA,1,1,1,11.373027518,1,8,4,3,3,1251,1277,2740,1277,25,24,1,10,30,5,5,0,0,0,0,0,0,0,65,65,0,0,0,0,0,0,0,65
10760,5,"10760-5",2,1,2,NA,NA,NA,NA,NA,NA,NA,1,1,1,11.373027518,0,8,0,2,3,1277,2740,2740,1277,48,25,1,10,30,5,5,0,0,0,0,0,0,0,65,65,0,0,0,0,0,0,0,65
10762,3,"10762-3",2,1,3,NA,NA,NA,NA,NA,NA,NA,1,4,1,36.633249765,0,6,6,2,2,947,1590,947,1590,24,21,0,13,15,2,3,0,0,0,0,0,0,0,65,40,0,0,0,0,0,0,0,65
10762,4,"10762-4",2,1,3,NA,NA,NA,NA,NA,NA,NA,1,4,1,36.633249765,0,6,0,2,2,1590,947,947,1590,48,24,1,13,15,2,3,0,0,0,0,0,0,0,65,40,0,0,0,0,0,0,0,65
10764,1,"10764-1",2,1,2,NA,NA,NA,NA,NA,NA,NA,1,2,1,96.443371675,0,7,7,2,2,2535,2519,2535,2519,33,29,0,17,15,5,5,0,0,0,0,0,0,0,65,66,0,0,0,0,0,0,0,66
10764,2,"10764-2",2,1,2,NA,NA,NA,NA,NA,NA,NA,1,2,1,96.443371675,0,7,0,2,2,2519,2535,2535,2519,48,33,1,17,15,5,5,0,0,0,0,0,0,0,65,66,0,0,0,0,0,0,0,66
10768,1,"10768-1",2,1,2,NA,NA,NA,NA,NA,NA,NA,1,1,1,30.8677638,0,4,4,3,3,2497,9999,2497,9999,22,21,0,13,10,4,4,0,0,0,0,0,0,0,38,41,0,0,0,0,0,0,0,41
10768,2,"10768-2",2,1,2,NA,NA,NA,NA,NA,NA,NA,1,1,1,30.8677638,1,4,4,3,3,9999,9999,2497,9999,23,22,1,13,10,4,4,0,0,0,0,0,0,0,38,41,0,0,0,0,0,0,0,41
10768,3,"10768-3",2,1,2,NA,NA,NA,NA,NA,NA,NA,1,1,1,30.8677638,0,4,0,3,3,9999,2497,2497,9999,27,23,1,13,10,4,4,0,0,0,0,0,0,0,38,41,0,0,0,0,0,0,0,41
10768,4,"10768-4",5,1,2,3,4,5,NA,NA,NA,NA,3,2,2,30.8677638,0,6,6,3,3,2497,2449,2497,2449,30,27,0,16,0,4,4,7,7,7,0,0,0,0,38,41,14,13,11,0,0,0,0,41
10768,5,"10768-5",5,1,2,3,4,5,NA,NA,NA,NA,3,2,2,30.8677638,1,6,7,3,3,2449,2428,2497,2449,32,30,1,16,0,4,4,7,7,7,0,0,0,0,38,41,14,13,11,0,0,0,0,41
10768,6,"10768-6",5,1,2,3,4,5,NA,NA,NA,NA,3,2,2,30.8677638,0,6,0,3,3,2428,2497,2497,2449,35,32,1,16,0,4,4,7,7,7,0,0,0,0,38,41,14,13,11,0,0,0,0,41
10768,7,"10768-7",3,1,2,4,NA,NA,NA,NA,NA,NA,3,3,3,30.8677638,0,8,8,3,3,2497,9999,2497,9999,38,35,0,20,15,4,4,7,0,0,0,0,0,0,38,41,13,0,0,0,0,0,0,41
10768,8,"10768-8",3,1,2,4,NA,NA,NA,NA,NA,NA,3,3,3,30.8677638,0,8,0,3,3,9999,2497,2497,9999,48,38,1,20,15,4,4,7,0,0,0,0,0,0,38,41,13,0,0,0,0,0,0,41
10769,2,"10769-2",2,1,2,NA,NA,NA,NA,NA,NA,NA,1,1,1,1139.767240395,0,6,6,2,2,1829,1768,1829,1768,24,22,0,13,40,2,1,0,0,0,0,0,0,0,33,36,0,0,0,0,0,0,0,36
10769,3,"10769-3",2,1,2,NA,NA,NA,NA,NA,NA,NA,1,1,1,1139.767240395,1,6,5,2,2,1768,1812,1829,1768,24,24,1,13,40,2,1,0,0,0,0,0,0,0,33,36,0,0,0,0,0,0,0,36
10769,4,"10769-4",2,1,2,NA,NA,NA,NA,NA,NA,NA,1,1,1,1139.767240395,1,6,5,2,2,1812,1821,1829,1768,25,24,1,13,40,2,1,0,0,0,0,0,0,0,33,36,0,0,0,0,0,0,0,36
10769,5,"10769-5",2,1,2,NA,NA,NA,NA,NA,NA,NA,1,1,1,1139.767240395,0,6,0,2,2,1821,1829,1829,1768,36,25,1,13,40,2,1,0,0,0,0,0,0,0,33,36,0,0,0,0,0,0,0,36
10770,3,"10770-3",2,1,3,NA,NA,NA,NA,NA,NA,NA,3,2,1,28.9829716,0,9,9,2,2,2489,2284,2489,2284,33,30,0,17,51,1,7,0,0,0,0,0,0,0,32,8,0,0,0,0,0,0,0,32
10770,4,"10770-4",2,1,3,NA,NA,NA,NA,NA,NA,NA,3,2,1,28.9829716,1,9,8,2,2,2284,2278,2489,2284,33,33,1,17,51,1,7,0,0,0,0,0,0,0,32,8,0,0,0,0,0,0,0,32
10770,5,"10770-5",2,1,3,NA,NA,NA,NA,NA,NA,NA,3,2,1,28.9829716,1,9,5,2,2,2278,2278,2489,2284,34,33,1,17,51,1,7,0,0,0,0,0,0,0,32,8,0,0,0,0,0,0,0,32
10770,6,"10770-6",2,1,3,NA,NA,NA,NA,NA,NA,NA,3,2,1,28.9829716,0,9,0,2,2,2278,2489,2489,2284,48,34,1,17,51,1,7,0,0,0,0,0,0,0,32,8,0,0,0,0,0,0,0,32
10773,1,"10773-1",2,2,3,NA,NA,NA,NA,NA,NA,NA,3,1,1,68.991238264,0,5,5,3,3,1636,1638,1636,1638,19,17,0,11,0,1,8,0,0,0,0,0,0,0,33,0,0,0,0,0,0,0,0,33
10773,2,"10773-2",2,2,3,NA,NA,NA,NA,NA,NA,NA,3,1,1,68.991238264,0,5,0,3,3,1638,1636,1636,1638,31,19,1,11,0,1,8,0,0,0,0,0,0,0,33,0,0,0,0,0,0,0,0,33
10785,1,"10785-1",2,2,3,NA,NA,NA,NA,NA,NA,NA,3,1,1,33.620247056,0,5,5,2,2,2426,2424,2426,2424,22,20,0,12,30,2,8,0,0,0,0,0,0,0,30,1,0,0,0,0,0,0,0,30
10785,2,"10785-2",2,2,3,NA,NA,NA,NA,NA,NA,NA,3,1,1,33.620247056,1,5,6,2,2,2424,2441,2426,2424,22,22,1,12,30,2,8,0,0,0,0,0,0,0,30,1,0,0,0,0,0,0,0,30
10785,3,"10785-3",2,2,3,NA,NA,NA,NA,NA,NA,NA,3,1,1,33.620247056,1,5,5,2,2,2441,2441,2426,2424,23,22,1,12,30,2,8,0,0,0,0,0,0,0,30,1,0,0,0,0,0,0,0,30
10785,4,"10785-4",2,2,3,NA,NA,NA,NA,NA,NA,NA,3,1,1,33.620247056,0,5,0,2,2,2441,2426,2426,2424,48,23,1,12,30,2,8,0,0,0,0,0,0,0,30,1,0,0,0,0,0,0,0,30
10792,1,"10792-1",2,1,2,NA,NA,NA,NA,NA,NA,NA,1,1,1,96.443371675,1,5,6,2,2,2521,2521,2521,2526,18,18,0,11,45,5,5,0,0,0,0,0,0,0,70,80,0,0,0,0,0,0,0,80
10792,2,"10792-2",2,1,2,NA,NA,NA,NA,NA,NA,NA,1,1,1,96.443371675,1,5,6,2,2,2521,2521,2521,2526,18,18,0,11,45,5,5,0,0,0,0,0,0,0,70,80,0,0,0,0,0,0,0,80
10792,3,"10792-3",2,1,2,NA,NA,NA,NA,NA,NA,NA,1,1,1,96.443371675,1,5,7,2,2,2521,2526,2521,2526,20,18,0,11,45,5,5,0,0,0,0,0,0,0,70,80,0,0,0,0,0,0,0,80
10792,4,"10792-4",2,1,2,NA,NA,NA,NA,NA,NA,NA,1,1,1,96.443371675,0,5,5,2,2,2526,2526,2521,2526,22,20,0,11,45,5,5,0,0,0,0,0,0,0,70,80,0,0,0,0,0,0,0,80
10792,5,"10792-5",2,1,2,NA,NA,NA,NA,NA,NA,NA,1,1,1,96.443371675,0,5,0,2,2,2526,2521,2521,2526,48,22,1,11,45,5,5,0,0,0,0,0,0,0,70,80,0,0,0,0,0,0,0,80
10796,1,"10796-1",2,1,2,NA,NA,NA,NA,NA,NA,NA,1,2,1,16.8257257,0,8,8,2,3,2699,2717,2699,2717,39,33,0,19,20,2,5,0,0,0,0,0,0,0,68,65,0,0,0,0,0,0,0,68
10796,2,"10796-2",2,1,2,NA,NA,NA,NA,NA,NA,NA,1,2,1,16.8257257,0,8,0,3,3,2717,2699,2699,2717,48,39,1,19,20,2,5,0,0,0,0,0,0,0,68,65,0,0,0,0,0,0,0,68
10797,1,"10797-1",2,1,2,NA,NA,NA,NA,NA,NA,NA,1,1,1,59.411218416,0,6,6,2,2,2740,1590,2740,1590,26,19,0,12,0,2,2,0,0,0,0,0,0,0,56,19,0,0,0,0,0,0,0,56
10797,2,"10797-2",2,1,2,NA,NA,NA,NA,NA,NA,NA,1,1,1,59.411218416,1,6,7,2,2,1590,2742,2740,1590,28,26,1,12,0,2,2,0,0,0,0,0,0,0,56,19,0,0,0,0,0,0,0,56
10797,3,"10797-3",2,1,2,NA,NA,NA,NA,NA,NA,NA,1,1,1,59.411218416,0,6,0,2,2,2742,2740,2740,1590,48,28,1,12,0,2,2,0,0,0,0,0,0,0,56,19,0,0,0,0,0,0,0,56
10816,1,"10816-1",2,1,2,NA,NA,NA,NA,NA,NA,NA,1,1,1,20.350244628,1,6,7,2,2,2502,2508,2502,9999,13,12,0,8,45,5,5,0,0,0,0,0,0,0,73,76,0,0,0,0,0,0,0,76
10816,2,"10816-2",2,1,2,NA,NA,NA,NA,NA,NA,NA,1,1,1,20.350244628,1,6,6,2,2,2508,2505,2502,9999,13,13,0,8,45,5,5,0,0,0,0,0,0,0,73,76,0,0,0,0,0,0,0,76
10816,3,"10816-3",2,1,2,NA,NA,NA,NA,NA,NA,NA,1,1,1,20.350244628,0,6,6,2,2,2505,9999,2502,9999,14,13,0,8,45,5,5,0,0,0,0,0,0,0,73,76,0,0,0,0,0,0,0,76
10816,4,"10816-4",2,1,2,NA,NA,NA,NA,NA,NA,NA,1,1,1,20.350244628,0,6,0,2,2,9999,2502,2502,9999,48,14,1,8,45,5,5,0,0,0,0,0,0,0,73,76,0,0,0,0,0,0,0,76
10832,3,"10832-3",2,1,2,NA,NA,NA,NA,NA,NA,NA,1,1,1,96.6836909,0,5,0,1,6,333,282,282,333,48,20,1,11,30,5,1,0,0,0,0,0,0,0,66,44,0,0,0,0,0,0,0,66
10836,1,"10836-1",2,1,2,NA,NA,NA,NA,NA,NA,NA,1,1,1,10.10481775,0,6,6,2,2,2455,9999,2455,9999,25,14,0,9,45,5,5,0,0,0,0,0,0,0,66,66,0,0,0,0,0,0,0,66
10836,2,"10836-2",2,1,2,NA,NA,NA,NA,NA,NA,NA,1,1,1,10.10481775,0,6,0,2,2,9999,2455,2455,9999,48,25,1,9,45,5,5,0,0,0,0,0,0,0,66,66,0,0,0,0,0,0,0,66
10843,9,"10843-9",2,1,2,NA,NA,NA,NA,NA,NA,NA,1,2,1,19.0699423,0,9,9,2,2,9999,9999,9999,9999,37,32,0,18,33,5,5,0,0,0,0,0,0,0,65,70,0,0,0,0,0,0,0,70
10843,10,"10843-10",2,1,2,NA,NA,NA,NA,NA,NA,NA,1,2,1,19.0699423,0,9,0,2,2,9999,9999,9999,9999,48,37,1,18,33,5,5,0,0,0,0,0,0,0,65,70,0,0,0,0,0,0,0,70
10853,1,"10853-1",2,1,2,NA,NA,NA,NA,NA,NA,NA,1,5,1,53.864753985,0,6,6,2,2,1246,1263,1246,1263,23,19,0,12,1,1,1,0,0,0,0,0,0,0,46,36,0,0,0,0,0,0,0,46
10853,2,"10853-2",2,1,2,NA,NA,NA,NA,NA,NA,NA,1,5,1,53.864753985,0,6,1,2,2,1263,1246,1246,1263,28,23,1,12,1,1,1,0,0,0,0,0,0,0,46,36,0,0,0,0,0,0,0,46
10854,1,"10854-1",2,1,2,NA,NA,NA,NA,NA,NA,NA,1,2,1,45.99165795,0,7,7,2,2,1526,1631,1526,1631,35,32,0,18,55,1,2,0,0,0,0,0,0,0,57,65,0,0,0,0,0,0,0,65
10854,2,"10854-2",2,1,2,NA,NA,NA,NA,NA,NA,NA,1,2,1,45.99165795,0,7,0,2,2,1631,1526,1526,1631,48,35,1,18,55,1,2,0,0,0,0,0,0,0,57,65,0,0,0,0,0,0,0,65
10856,1,"10856-1",2,1,2,NA,NA,NA,NA,NA,NA,NA,1,1,1,29.500685192,0,8,8,2,2,1466,1467,1466,1467,14,11,0,8,14,5,5,0,0,0,0,0,0,0,72,75,0,0,0,0,0,0,0,75
10856,2,"10856-2",2,1,2,NA,NA,NA,NA,NA,NA,NA,1,1,1,29.500685192,0,8,0,2,2,1467,1466,1466,1467,23,14,1,8,14,5,5,0,0,0,0,0,0,0,72,75,0,0,0,0,0,0,0,75
10856,3,"10856-3",2,1,2,NA,NA,NA,NA,NA,NA,NA,1,2,2,29.500685192,0,5,5,2,2,1466,1445,1466,1445,26,23,0,14,5,5,5,0,0,0,0,0,0,0,72,75,0,0,0,0,0,0,0,75
10856,4,"10856-4",2,1,2,NA,NA,NA,NA,NA,NA,NA,1,2,2,29.500685192,1,5,5,2,2,1445,1441,1466,1445,28,26,1,14,5,5,5,0,0,0,0,0,0,0,72,75,0,0,0,0,0,0,0,75
10856,5,"10856-5",2,1,2,NA,NA,NA,NA,NA,NA,NA,1,2,2,29.500685192,0,5,0,2,2,1441,1466,1466,1445,48,28,1,14,5,5,5,0,0,0,0,0,0,0,72,75,0,0,0,0,0,0,0,75
10887,1,"10887-1",2,1,3,NA,NA,NA,NA,NA,NA,NA,3,1,1,309.1587526,1,8,5,2,2,509,620,509,528,30,29,0,17,0,4,8,0,0,0,0,0,0,0,26,0,0,0,0,0,0,0,0,26
10887,2,"10887-2",2,1,3,NA,NA,NA,NA,NA,NA,NA,3,1,1,309.1587526,0,8,8,2,2,620,528,509,528,35,30,0,17,0,4,8,0,0,0,0,0,0,0,26,0,0,0,0,0,0,0,0,26
10887,3,"10887-3",2,1,3,NA,NA,NA,NA,NA,NA,NA,3,1,1,309.1587526,1,8,7,2,2,528,521,509,528,35,35,1,17,0,4,8,0,0,0,0,0,0,0,26,0,0,0,0,0,0,0,0,26
10887,4,"10887-4",2,1,3,NA,NA,NA,NA,NA,NA,NA,3,1,1,309.1587526,1,8,8,2,2,521,600,509,528,36,35,1,17,0,4,8,0,0,0,0,0,0,0,26,0,0,0,0,0,0,0,0,26
10887,5,"10887-5",2,1,3,NA,NA,NA,NA,NA,NA,NA,3,1,1,309.1587526,0,8,0,2,2,600,509,509,528,48,36,1,17,0,4,8,0,0,0,0,0,0,0,26,0,0,0,0,0,0,0,0,26
10894,1,"10894-1",2,1,2,NA,NA,NA,NA,NA,NA,NA,1,2,1,10.10481775,0,7,7,2,2,2502,9999,2502,9999,35,31,0,18,0,5,4,0,0,0,0,0,0,0,70,64,0,0,0,0,0,0,0,70
10894,2,"10894-2",2,1,2,NA,NA,NA,NA,NA,NA,NA,1,2,1,10.10481775,0,7,0,2,2,9999,2502,2502,9999,48,35,1,18,0,5,4,0,0,0,0,0,0,0,70,64,0,0,0,0,0,0,0,70
10895,1,"10895-1",2,1,2,NA,NA,NA,NA,NA,NA,NA,1,2,1,28.706259184,0,6,6,2,2,1281,1629,1281,1629,25,24,0,14,50,5,5,0,0,0,0,0,0,0,70,65,0,0,0,0,0,0,0,70
10895,2,"10895-2",2,1,2,NA,NA,NA,NA,NA,NA,NA,1,2,1,28.706259184,1,6,5,2,2,1629,1628,1281,1629,26,25,1,14,50,5,5,0,0,0,0,0,0,0,70,65,0,0,0,0,0,0,0,70
10895,3,"10895-3",2,1,2,NA,NA,NA,NA,NA,NA,NA,1,2,1,28.706259184,0,6,0,2,2,1628,1281,1281,1629,48,26,1,14,50,5,5,0,0,0,0,0,0,0,70,65,0,0,0,0,0,0,0,70
10897,4,"10897-4",2,1,2,NA,NA,NA,NA,NA,NA,NA,1,2,1,59.081932232,1,5,5,3,3,1200,1206,1200,1523,20,18,0,11,45,2,1,0,0,0,0,0,0,0,37,38,0,0,0,0,0,0,0,38
10897,5,"10897-5",2,1,2,NA,NA,NA,NA,NA,NA,NA,1,2,1,59.081932232,1,5,5,3,3,1206,1170,1200,1523,21,20,0,11,45,2,1,0,0,0,0,0,0,0,37,38,0,0,0,0,0,0,0,38
10897,6,"10897-6",2,1,2,NA,NA,NA,NA,NA,NA,NA,1,2,1,59.081932232,0,5,5,3,3,1170,1523,1200,1523,23,21,0,11,45,2,1,0,0,0,0,0,0,0,37,38,0,0,0,0,0,0,0,38
10897,7,"10897-7",2,1,2,NA,NA,NA,NA,NA,NA,NA,1,2,1,59.081932232,0,5,0,3,3,1523,1200,1200,1523,26,23,1,11,45,2,1,0,0,0,0,0,0,0,37,38,0,0,0,0,0,0,0,38
10897,12,"10897-12",4,2,4,5,6,NA,NA,NA,NA,NA,3,4,2,57.807835792,0,5,5,3,3,1200,1200,1200,1200,34,33,0,19,21,1,7,8,8,0,0,0,0,0,38,6,4,2,0,0,0,0,0,38
10897,13,"10897-13",4,2,4,5,6,NA,NA,NA,NA,NA,3,4,2,57.807835792,0,5,0,3,3,1200,1200,1200,1200,48,34,1,19,21,1,7,8,8,0,0,0,0,0,38,6,4,2,0,0,0,0,0,38
10901,3,"10901-3",2,1,2,NA,NA,NA,NA,NA,NA,NA,1,2,1,281.588593965,0,6,6,2,2,2727,2722,2727,2722,20,20,0,12,30,1,1,0,0,0,0,0,0,0,25,40,0,0,0,0,0,0,0,40
10901,4,"10901-4",2,1,2,NA,NA,NA,NA,NA,NA,NA,1,2,1,281.588593965,1,6,7,2,2,2722,2719,2727,2722,22,20,1,12,30,1,1,0,0,0,0,0,0,0,25,40,0,0,0,0,0,0,0,40
10901,5,"10901-5",2,1,2,NA,NA,NA,NA,NA,NA,NA,1,2,1,281.588593965,0,6,1,2,2,2719,2739,2727,2722,24,22,1,12,30,1,1,0,0,0,0,0,0,0,25,40,0,0,0,0,0,0,0,40
10911,1,"10911-1",2,1,4,NA,NA,NA,NA,NA,NA,NA,3,1,1,88.080249188,0,6,6,2,2,2261,2186,2261,2186,16,13,0,9,20,2,8,0,0,0,0,0,0,0,34,0,0,0,0,0,0,0,0,34
10911,2,"10911-2",2,1,4,NA,NA,NA,NA,NA,NA,NA,3,1,1,88.080249188,1,6,5,2,2,2186,2273,2261,2186,17,16,1,9,20,2,8,0,0,0,0,0,0,0,34,0,0,0,0,0,0,0,0,34
10911,3,"10911-3",2,1,4,NA,NA,NA,NA,NA,NA,NA,3,1,1,88.080249188,0,6,0,2,2,2273,2261,2261,2186,30,17,1,9,20,2,8,0,0,0,0,0,0,0,34,0,0,0,0,0,0,0,0,34
10911,4,"10911-4",3,1,3,4,NA,NA,NA,NA,NA,NA,3,2,2,88.080249188,0,9,9,3,3,2261,2297,2261,2297,33,30,0,17,50,2,8,8,0,0,0,0,0,0,34,3,0,0,0,0,0,0,0,34
10911,5,"10911-5",3,1,3,4,NA,NA,NA,NA,NA,NA,3,2,2,88.080249188,0,9,0,3,3,2297,2261,2261,2297,48,33,1,17,50,2,8,8,0,0,0,0,0,0,34,3,0,0,0,0,0,0,0,34
10916,7,"10916-7",4,1,2,3,4,NA,NA,NA,NA,NA,3,3,1,59.081932232,0,9,9,3,3,1279,1628,1279,1628,37,33,0,19,12,1,1,7,7,0,0,0,0,0,31,30,10,7,0,0,0,0,0,31
10916,8,"10916-8",4,1,2,3,4,NA,NA,NA,NA,NA,3,3,1,59.081932232,1,9,5,3,3,1628,1629,1279,1628,37,37,1,19,12,1,1,7,7,0,0,0,0,0,31,30,10,7,0,0,0,0,0,31
10916,9,"10916-9",4,1,2,3,4,NA,NA,NA,NA,NA,3,3,1,59.081932232,0,9,0,3,3,1629,1279,1279,1628,48,37,1,19,12,1,1,7,7,0,0,0,0,0,31,30,10,7,0,0,0,0,0,31
10918,4,"10918-4",2,1,2,NA,NA,NA,NA,NA,NA,NA,1,2,1,49.8343412,0,5,5,2,2,1511,1445,1511,1445,32,29,0,17,0,1,4,0,0,0,0,0,0,0,44,44,0,0,0,0,0,0,0,44
10918,5,"10918-5",2,1,2,NA,NA,NA,NA,NA,NA,NA,1,2,1,49.8343412,0,5,0,2,2,1445,1511,1511,1445,48,32,1,17,0,1,4,0,0,0,0,0,0,0,44,44,0,0,0,0,0,0,0,44
10920,1,"10920-1",2,1,2,NA,NA,NA,NA,NA,NA,NA,1,3,1,21.746260602,0,7,7,2,2,2534,2554,2534,2554,36,29,0,17,15,5,2,0,0,0,0,0,0,0,67,74,0,0,0,0,0,0,0,74
10920,2,"10920-2",2,1,2,NA,NA,NA,NA,NA,NA,NA,1,3,1,21.746260602,0,7,0,2,2,2554,2534,2534,2554,48,36,1,17,15,5,2,0,0,0,0,0,0,0,67,74,0,0,0,0,0,0,0,74
10921,1,"10921-1",2,1,3,NA,NA,NA,NA,NA,NA,NA,3,1,1,81.0476351,0,2,2,2,2,1217,1220,1217,1220,17,15,0,10,20,3,8,0,0,0,0,0,0,0,35,2,0,0,0,0,0,0,0,35
10921,2,"10921-2",2,1,3,NA,NA,NA,NA,NA,NA,NA,3,1,1,81.0476351,1,2,5,2,2,1220,1213,1217,1220,18,17,1,10,20,3,8,0,0,0,0,0,0,0,35,2,0,0,0,0,0,0,0,35
10921,3,"10921-3",2,1,3,NA,NA,NA,NA,NA,NA,NA,3,1,1,81.0476351,1,2,6,2,2,1213,1379,1217,1220,20,18,1,10,20,3,8,0,0,0,0,0,0,0,35,2,0,0,0,0,0,0,0,35
10921,4,"10921-4",2,1,3,NA,NA,NA,NA,NA,NA,NA,3,1,1,81.0476351,1,2,7,2,2,1379,1161,1217,1220,21,20,1,10,20,3,8,0,0,0,0,0,0,0,35,2,0,0,0,0,0,0,0,35
10921,5,"10921-5",2,1,3,NA,NA,NA,NA,NA,NA,NA,3,1,1,81.0476351,0,2,0,2,2,1161,1217,1217,1220,23,21,1,10,20,3,8,0,0,0,0,0,0,0,35,2,0,0,0,0,0,0,0,35
10921,6,"10921-6",3,1,3,4,NA,NA,NA,NA,NA,NA,3,2,2,81.0476351,1,9,9,4,4,1217,1217,1217,1215,24,23,0,14,20,3,8,8,0,0,0,0,0,0,35,2,2,0,0,0,0,0,0,35
10921,7,"10921-7",3,1,3,4,NA,NA,NA,NA,NA,NA,3,2,2,81.0476351,0,9,9,4,4,1217,1215,1217,1215,25,24,0,14,20,3,8,8,0,0,0,0,0,0,35,2,2,0,0,0,0,0,0,35
10921,8,"10921-8",3,1,3,4,NA,NA,NA,NA,NA,NA,3,2,2,81.0476351,1,9,8,4,4,1215,1213,1217,1215,26,25,1,14,20,3,8,8,0,0,0,0,0,0,35,2,2,0,0,0,0,0,0,35
10921,9,"10921-9",3,1,3,4,NA,NA,NA,NA,NA,NA,3,2,2,81.0476351,0,9,0,4,4,1213,1217,1217,1215,48,26,1,14,20,3,8,8,0,0,0,0,0,0,35,2,2,0,0,0,0,0,0,35
10932,1,"10932-1",2,1,2,NA,NA,NA,NA,NA,NA,NA,1,1,1,11.373027518,0,9,9,2,2,2727,454,2727,454,26,16,0,10,45,5,5,0,0,0,0,0,0,0,67,65,0,0,0,0,0,0,0,67
10932,2,"10932-2",2,1,2,NA,NA,NA,NA,NA,NA,NA,1,1,1,11.373027518,0,9,0,2,2,454,2727,2727,454,31,26,1,10,45,5,5,0,0,0,0,0,0,0,67,65,0,0,0,0,0,0,0,67
10932,3,"10932-3",2,1,2,NA,NA,NA,NA,NA,NA,NA,1,2,2,11.373027518,0,9,9,2,2,2727,2740,2727,2740,39,31,0,18,0,5,5,0,0,0,0,0,0,0,67,65,0,0,0,0,0,0,0,67
10932,4,"10932-4",2,1,2,NA,NA,NA,NA,NA,NA,NA,1,2,2,11.373027518,0,9,0,2,2,2740,2727,2727,2740,48,39,1,18,0,5,5,0,0,0,0,0,0,0,67,65,0,0,0,0,0,0,0,67
10933,1,"10933-1",2,1,2,NA,NA,NA,NA,NA,NA,NA,1,2,1,17.105608165,0,9,9,2,2,2531,2524,2531,2524,36,27,0,16,10,5,5,0,0,0,0,0,0,0,70,69,0,0,0,0,0,0,0,70
10933,2,"10933-2",2,1,2,NA,NA,NA,NA,NA,NA,NA,1,2,1,17.105608165,1,9,7,2,2,2524,2519,2531,2524,38,36,1,16,10,5,5,0,0,0,0,0,0,0,70,69,0,0,0,0,0,0,0,70
10933,3,"10933-3",2,1,2,NA,NA,NA,NA,NA,NA,NA,1,2,1,17.105608165,0,9,0,2,2,2519,2531,2531,2524,48,38,1,16,10,5,5,0,0,0,0,0,0,0,70,69,0,0,0,0,0,0,0,70
10938,1,"10938-1",2,1,2,NA,NA,NA,NA,NA,NA,NA,1,1,1,12.7618169,1,9,6,2,2,2455,593,2455,9999,13,13,0,9,0,4,5,0,0,0,0,0,0,0,57,87,0,0,0,0,0,0,0,87
10938,2,"10938-2",2,1,2,NA,NA,NA,NA,NA,NA,NA,1,1,1,12.7618169,0,9,9,2,2,593,9999,2455,9999,48,13,0,9,0,4,5,0,0,0,0,0,0,0,57,87,0,0,0,0,0,0,0,87
10944,4,"10944-4",2,2,3,NA,NA,NA,NA,NA,NA,NA,3,2,1,36.940595328,0,9,9,3,3,2511,2474,2511,2474,34,29,0,17,2,1,7,0,0,0,0,0,0,0,45,11,0,0,0,0,0,0,0,45
10944,5,"10944-5",2,2,3,NA,NA,NA,NA,NA,NA,NA,3,2,1,36.940595328,0,9,0,3,3,2474,2511,2511,2474,48,34,1,17,2,1,7,0,0,0,0,0,0,0,45,11,0,0,0,0,0,0,0,45
10951,1,"10951-1",2,1,2,NA,NA,NA,NA,NA,NA,NA,1,1,1,107.8069671,1,5,7,2,2,56,957,56,1170,21,19,0,12,0,4,4,0,0,0,0,0,0,0,40,40,0,0,0,0,0,0,0,40
10951,2,"10951-2",2,1,2,NA,NA,NA,NA,NA,NA,NA,1,1,1,107.8069671,1,5,5,2,2,957,1161,56,1170,23,21,0,12,0,4,4,0,0,0,0,0,0,0,40,40,0,0,0,0,0,0,0,40
10951,3,"10951-3",2,1,2,NA,NA,NA,NA,NA,NA,NA,1,1,1,107.8069671,1,5,5,2,2,1161,1161,56,1170,25,23,0,12,0,4,4,0,0,0,0,0,0,0,40,40,0,0,0,0,0,0,0,40
10951,4,"10951-4",2,1,2,NA,NA,NA,NA,NA,NA,NA,1,1,1,107.8069671,0,5,5,2,2,1161,1170,56,1170,30,25,0,12,0,4,4,0,0,0,0,0,0,0,40,40,0,0,0,0,0,0,0,40
10951,5,"10951-5",2,1,2,NA,NA,NA,NA,NA,NA,NA,1,1,1,107.8069671,0,5,0,2,2,1170,56,56,1170,33,30,1,12,0,4,4,0,0,0,0,0,0,0,40,40,0,0,0,0,0,0,0,40
10951,6,"10951-6",3,1,2,3,NA,NA,NA,NA,NA,NA,3,2,2,107.8069671,0,9,9,4,4,56,57,56,57,33,33,0,19,0,4,4,7,0,0,0,0,0,0,40,40,8,0,0,0,0,0,0,40
10951,7,"10951-7",3,1,2,3,NA,NA,NA,NA,NA,NA,3,2,2,107.8069671,0,9,0,4,4,57,56,56,57,48,33,1,19,0,4,4,7,0,0,0,0,0,0,40,40,8,0,0,0,0,0,0,40
10952,1,"10952-1",2,2,3,NA,NA,NA,NA,NA,NA,NA,2,1,1,138.0222995,0,3,3,9,9,2024,2025,2024,2025,27,12,0,8,40,7,7,0,0,0,0,0,0,0,7,6,0,0,0,0,0,0,0,7
10952,2,"10952-2",2,2,3,NA,NA,NA,NA,NA,NA,NA,2,1,1,138.0222995,0,3,0,9,9,2025,2024,2024,2025,48,27,1,8,40,7,7,0,0,0,0,0,0,0,7,6,0,0,0,0,0,0,0,7
10953,1,"10953-1",2,1,2,NA,NA,NA,NA,NA,NA,NA,1,2,1,39.89444781,0,4,4,3,3,1372,9999,1372,9999,27,25,0,15,10,1,4,0,0,0,0,0,0,0,58,58,0,0,0,0,0,0,0,58
10953,2,"10953-2",2,1,2,NA,NA,NA,NA,NA,NA,NA,1,2,1,39.89444781,0,4,0,2,3,9999,1372,1372,9999,48,27,1,15,10,1,4,0,0,0,0,0,0,0,58,58,0,0,0,0,0,0,0,58
10958,1,"10958-1",2,1,2,NA,NA,NA,NA,NA,NA,NA,1,2,1,10.10481775,0,5,5,3,3,2503,2432,2503,2432,30,27,0,16,20,5,5,0,0,0,0,0,0,0,71,68,0,0,0,0,0,0,0,71
10958,2,"10958-2",2,1,2,NA,NA,NA,NA,NA,NA,NA,1,2,1,10.10481775,0,5,0,3,3,2432,2503,2503,2432,48,30,1,16,20,5,5,0,0,0,0,0,0,0,71,68,0,0,0,0,0,0,0,71
10964,1,"10964-1",2,2,3,NA,NA,NA,NA,NA,NA,NA,3,2,1,70.51181916,0,2,2,2,2,1531,1530,1531,1530,32,31,0,18,20,3,7,0,0,0,0,0,0,0,37,7,0,0,0,0,0,0,0,37
10964,2,"10964-2",2,2,3,NA,NA,NA,NA,NA,NA,NA,3,2,1,70.51181916,0,2,0,2,2,1530,1531,1531,1530,48,32,1,18,20,3,7,0,0,0,0,0,0,0,37,7,0,0,0,0,0,0,0,37
10966,1,"10966-1",2,1,2,NA,NA,NA,NA,NA,NA,NA,1,1,1,10.10481775,0,6,6,2,2,2479,9999,2479,9999,18,17,0,11,0,5,4,0,0,0,0,0,0,0,70,40,0,0,0,0,0,0,0,70
10966,2,"10966-2",2,1,2,NA,NA,NA,NA,NA,NA,NA,1,1,1,10.10481775,1,6,6,2,2,9999,9999,2479,9999,18,18,1,11,0,5,4,0,0,0,0,0,0,0,70,40,0,0,0,0,0,0,0,70
10966,3,"10966-3",2,1,2,NA,NA,NA,NA,NA,NA,NA,1,1,1,10.10481775,1,6,6,2,2,9999,9999,2479,9999,19,18,1,11,0,5,4,0,0,0,0,0,0,0,70,40,0,0,0,0,0,0,0,70
10966,4,"10966-4",2,1,2,NA,NA,NA,NA,NA,NA,NA,1,1,1,10.10481775,1,6,5,2,2,9999,2508,2479,9999,19,19,1,11,0,5,4,0,0,0,0,0,0,0,70,40,0,0,0,0,0,0,0,70
10966,5,"10966-5",2,1,2,NA,NA,NA,NA,NA,NA,NA,1,1,1,10.10481775,0,6,0,2,2,2508,2479,2479,9999,48,19,1,11,0,5,4,0,0,0,0,0,0,0,70,40,0,0,0,0,0,0,0,70
10968,1,"10968-1",2,1,2,NA,NA,NA,NA,NA,NA,NA,1,1,1,117.721892785,1,9,9,2,2,1188,1298,1188,2010,17,15,0,10,5,5,5,0,0,0,0,0,0,0,80,70,0,0,0,0,0,0,0,80
10968,2,"10968-2",2,1,2,NA,NA,NA,NA,NA,NA,NA,1,1,1,117.721892785,1,9,9,2,2,1298,1423,1188,2010,18,17,0,10,5,5,5,0,0,0,0,0,0,0,80,70,0,0,0,0,0,0,0,80
10968,3,"10968-3",2,1,2,NA,NA,NA,NA,NA,NA,NA,1,1,1,117.721892785,0,9,9,2,2,1423,2010,1188,2010,22,18,0,10,5,5,5,0,0,0,0,0,0,0,80,70,0,0,0,0,0,0,0,80
10968,4,"10968-4",2,1,2,NA,NA,NA,NA,NA,NA,NA,1,1,1,117.721892785,1,9,5,2,2,2010,1901,1188,2010,23,22,1,10,5,5,5,0,0,0,0,0,0,0,80,70,0,0,0,0,0,0,0,80
10968,5,"10968-5",2,1,2,NA,NA,NA,NA,NA,NA,NA,1,1,1,117.721892785,0,9,0,2,2,1901,1188,1188,2010,26,23,1,10,5,5,5,0,0,0,0,0,0,0,80,70,0,0,0,0,0,0,0,80
10970,1,"10970-1",2,1,2,NA,NA,NA,NA,NA,NA,NA,1,1,1,29.500685192,0,9,9,2,2,1507,1516,1507,1516,26,16,0,10,45,5,5,0,0,0,0,0,0,0,68,68,0,0,0,0,0,0,0,68
10970,2,"10970-2",2,1,2,NA,NA,NA,NA,NA,NA,NA,1,1,1,29.500685192,0,9,0,2,2,1516,1507,1507,1516,48,26,1,10,45,5,5,0,0,0,0,0,0,0,68,68,0,0,0,0,0,0,0,68
10978,1,"10978-1",2,1,2,NA,NA,NA,NA,NA,NA,NA,1,1,1,70.564225108,0,9,9,3,3,473,463,473,463,19,17,0,11,15,5,5,0,0,0,0,0,0,0,71,69,0,0,0,0,0,0,0,71
10978,2,"10978-2",2,1,2,NA,NA,NA,NA,NA,NA,NA,1,1,1,70.564225108,1,9,5,3,3,463,474,473,463,21,19,1,11,15,5,5,0,0,0,0,0,0,0,71,69,0,0,0,0,0,0,0,71
10978,3,"10978-3",2,1,2,NA,NA,NA,NA,NA,NA,NA,1,1,1,70.564225108,0,9,0,3,3,474,473,473,463,48,21,1,11,15,5,5,0,0,0,0,0,0,0,71,69,0,0,0,0,0,0,0,71
10981,1,"10981-1",2,1,2,NA,NA,NA,NA,NA,NA,NA,1,3,1,60.154263225,0,5,5,2,2,2024,2018,2024,2018,34,32,0,18,30,2,1,0,0,0,0,0,0,0,52,54,0,0,0,0,0,0,0,54
10981,2,"10981-2",2,1,2,NA,NA,NA,NA,NA,NA,NA,1,3,1,60.154263225,0,5,0,2,2,2018,2024,2024,2018,48,34,1,18,30,2,1,0,0,0,0,0,0,0,52,54,0,0,0,0,0,0,0,54
10982,1,"10982-1",2,1,2,NA,NA,NA,NA,NA,NA,NA,1,1,1,27.187371225,0,9,9,2,2,1489,1486,1489,1486,26,19,0,12,15,2,5,0,0,0,0,0,0,0,67,66,0,0,0,0,0,0,0,67
10982,2,"10982-2",2,1,2,NA,NA,NA,NA,NA,NA,NA,1,1,1,27.187371225,1,9,5,2,2,1486,1487,1489,1486,27,26,1,12,15,2,5,0,0,0,0,0,0,0,67,66,0,0,0,0,0,0,0,67
10982,3,"10982-3",2,1,2,NA,NA,NA,NA,NA,NA,NA,1,1,1,27.187371225,1,9,7,2,2,1487,1493,1489,1486,30,27,1,12,15,2,5,0,0,0,0,0,0,0,67,66,0,0,0,0,0,0,0,67
10982,4,"10982-4",2,1,2,NA,NA,NA,NA,NA,NA,NA,1,1,1,27.187371225,0,9,0,2,2,1493,1489,1489,1486,48,30,1,12,15,2,5,0,0,0,0,0,0,0,67,66,0,0,0,0,0,0,0,67
10996,1,"10996-1",2,1,2,NA,NA,NA,NA,NA,NA,NA,1,2,1,13.910380421,0,9,9,4,4,2503,9999,2503,9999,27,23,0,14,18,4,4,0,0,0,0,0,0,0,64,62,0,0,0,0,0,0,0,64
10996,2,"10996-2",2,1,2,NA,NA,NA,NA,NA,NA,NA,1,2,1,13.910380421,0,9,0,4,4,9999,2503,2503,9999,48,27,1,14,18,4,4,0,0,0,0,0,0,0,64,62,0,0,0,0,0,0,0,64
11003,1,"11003-1",2,1,2,NA,NA,NA,NA,NA,NA,NA,1,2,1,149.24807898,0,6,6,2,2,866,911,866,911,31,29,0,17,27,2,1,0,0,0,0,0,0,0,40,51,0,0,0,0,0,0,0,51
11003,2,"11003-2",2,1,2,NA,NA,NA,NA,NA,NA,NA,1,2,1,149.24807898,0,6,0,2,2,911,866,866,911,48,31,1,17,27,2,1,0,0,0,0,0,0,0,40,51,0,0,0,0,0,0,0,51
11005,1,"11005-1",2,1,2,NA,NA,NA,NA,NA,NA,NA,1,3,1,17.994327566,1,8,5,2,2,2503,2504,2503,2479,30,29,0,17,13,5,5,0,0,0,0,0,0,0,66,66,0,0,0,0,0,0,0,66
11005,2,"11005-2",2,1,2,NA,NA,NA,NA,NA,NA,NA,1,3,1,17.994327566,0,8,8,2,2,2504,2479,2503,2479,35,30,0,17,13,5,5,0,0,0,0,0,0,0,66,66,0,0,0,0,0,0,0,66
11005,3,"11005-3",2,1,2,NA,NA,NA,NA,NA,NA,NA,1,3,1,17.994327566,0,8,0,2,2,2479,2503,2503,2479,48,35,1,17,13,5,5,0,0,0,0,0,0,0,66,66,0,0,0,0,0,0,0,66
11006,1,"11006-1",2,1,2,NA,NA,NA,NA,NA,NA,NA,1,1,1,16.853575313,1,6,9,2,2,2503,2498,2503,9999,34,32,0,18,50,5,1,0,0,0,0,0,0,0,65,62,0,0,0,0,0,0,0,65
11006,2,"11006-2",2,1,2,NA,NA,NA,NA,NA,NA,NA,1,1,1,16.853575313,0,6,6,2,2,2498,9999,2503,9999,36,34,0,18,50,5,1,0,0,0,0,0,0,0,65,62,0,0,0,0,0,0,0,65
11006,3,"11006-3",2,1,2,NA,NA,NA,NA,NA,NA,NA,1,1,1,16.853575313,0,6,0,2,2,9999,2503,2503,9999,48,36,1,18,50,5,1,0,0,0,0,0,0,0,65,62,0,0,0,0,0,0,0,65
11007,2,"11007-2",2,1,2,NA,NA,NA,NA,NA,NA,NA,1,3,1,16.13625048,0,8,8,2,2,2516,2489,2516,2489,36,32,0,18,35,2,1,0,0,0,0,0,0,0,46,43,0,0,0,0,0,0,0,46
11007,3,"11007-3",2,1,2,NA,NA,NA,NA,NA,NA,NA,1,3,1,16.13625048,0,8,0,2,2,2489,2516,2516,2489,48,36,1,18,35,2,1,0,0,0,0,0,0,0,46,43,0,0,0,0,0,0,0,46
11019,1,"11019-1",3,1,2,3,NA,NA,NA,NA,NA,NA,3,1,1,75.3575774,0,9,9,3,3,2600,2574,2600,2574,36,30,0,17,30,5,3,7,0,0,0,0,0,0,79,18,12,0,0,0,0,0,0,79
11019,2,"11019-2",3,1,2,3,NA,NA,NA,NA,NA,NA,3,1,1,75.3575774,1,9,5,3,3,2574,2574,2600,2574,36,36,1,17,30,5,3,7,0,0,0,0,0,0,79,18,12,0,0,0,0,0,0,79
11019,3,"11019-3",3,1,2,3,NA,NA,NA,NA,NA,NA,3,1,1,75.3575774,0,9,0,3,3,2574,2600,2600,2574,48,36,1,17,30,5,3,7,0,0,0,0,0,0,79,18,12,0,0,0,0,0,0,79
11020,2,"11020-2",3,1,5,6,NA,NA,NA,NA,NA,NA,3,1,1,113.9291971,1,6,6,3,3,1185,1182,1185,1161,23,23,0,14,11,2,8,8,0,0,0,0,0,0,24,1,0,0,0,0,0,0,0,24
11020,3,"11020-3",3,1,5,6,NA,NA,NA,NA,NA,NA,3,1,1,113.9291971,0,6,6,3,3,1182,1161,1185,1161,25,23,0,14,11,2,8,8,0,0,0,0,0,0,24,1,0,0,0,0,0,0,0,24
11020,4,"11020-4",3,1,5,6,NA,NA,NA,NA,NA,NA,3,1,1,113.9291971,1,6,5,3,3,1161,1159,1185,1161,25,25,1,14,11,2,8,8,0,0,0,0,0,0,24,1,0,0,0,0,0,0,0,24
11020,5,"11020-5",3,1,5,6,NA,NA,NA,NA,NA,NA,3,1,1,113.9291971,1,6,6,3,3,1159,1159,1185,1161,25,25,1,14,11,2,8,8,0,0,0,0,0,0,24,1,0,0,0,0,0,0,0,24
11020,6,"11020-6",3,1,5,6,NA,NA,NA,NA,NA,NA,3,1,1,113.9291971,1,6,8,3,3,1159,1159,1185,1161,26,25,1,14,11,2,8,8,0,0,0,0,0,0,24,1,0,0,0,0,0,0,0,24
11020,7,"11020-7",3,1,5,6,NA,NA,NA,NA,NA,NA,3,1,1,113.9291971,0,6,0,3,3,1159,1185,1185,1161,48,26,1,14,11,2,8,8,0,0,0,0,0,0,24,1,0,0,0,0,0,0,0,24
11020,9,"11020-9",3,2,3,4,NA,NA,NA,NA,NA,NA,3,2,2,146.4377252,1,1,9,3,3,1185,1180,1185,1015,35,31,0,18,5,1,7,8,0,0,0,0,0,0,24,8,5,0,0,0,0,0,0,24
11020,10,"11020-10",3,2,3,4,NA,NA,NA,NA,NA,NA,3,2,2,146.4377252,1,1,7,3,3,1180,1024,1185,1015,35,35,0,18,5,1,7,8,0,0,0,0,0,0,24,8,5,0,0,0,0,0,0,24
11020,11,"11020-11",3,2,3,4,NA,NA,NA,NA,NA,NA,3,2,2,146.4377252,0,1,1,3,3,1024,1015,1185,1015,37,35,0,18,5,1,7,8,0,0,0,0,0,0,24,8,5,0,0,0,0,0,0,24
11020,12,"11020-12",3,2,3,4,NA,NA,NA,NA,NA,NA,3,2,2,146.4377252,0,1,0,3,3,1015,1185,1185,1015,48,37,1,18,5,1,7,8,0,0,0,0,0,0,24,8,5,0,0,0,0,0,0,24
11025,2,"11025-2",2,4,5,NA,NA,NA,NA,NA,NA,NA,2,1,1,34.3216186,0,3,3,9,9,2600,2574,2600,2574,23,7,0,6,20,6,7,0,0,0,0,0,0,0,18,15,0,0,0,0,0,0,0,18
11025,3,"11025-3",2,4,5,NA,NA,NA,NA,NA,NA,NA,2,1,1,34.3216186,0,3,0,9,9,2574,2600,2600,2574,48,23,1,6,20,6,7,0,0,0,0,0,0,0,18,15,0,0,0,0,0,0,0,18
11040,1,"11040-1",3,2,4,5,NA,NA,NA,NA,NA,NA,3,1,1,21.6725175,0,7,7,3,3,2479,9999,2479,9999,16,13,0,9,0,4,8,8,0,0,0,0,0,0,27,3,0,0,0,0,0,0,0,27
11040,2,"11040-2",3,2,4,5,NA,NA,NA,NA,NA,NA,3,1,1,21.6725175,1,7,7,3,3,9999,2501,2479,9999,18,16,1,9,0,4,8,8,0,0,0,0,0,0,27,3,0,0,0,0,0,0,0,27
11040,3,"11040-3",3,2,4,5,NA,NA,NA,NA,NA,NA,3,1,1,21.6725175,1,7,5,3,3,2501,2497,2479,9999,19,18,1,9,0,4,8,8,0,0,0,0,0,0,27,3,0,0,0,0,0,0,0,27
11040,4,"11040-4",3,2,4,5,NA,NA,NA,NA,NA,NA,3,1,1,21.6725175,1,7,6,3,3,2497,2498,2479,9999,21,19,1,9,0,4,8,8,0,0,0,0,0,0,27,3,0,0,0,0,0,0,0,27
11040,5,"11040-5",3,2,4,5,NA,NA,NA,NA,NA,NA,3,1,1,21.6725175,0,7,0,3,3,2498,2479,2479,9999,48,21,1,9,0,4,8,8,0,0,0,0,0,0,27,3,0,0,0,0,0,0,0,27
11055,1,"11055-1",2,1,2,NA,NA,NA,NA,NA,NA,NA,1,1,1,548.7195077,0,5,5,2,2,495,494,495,494,18,16,0,10,30,5,5,0,0,0,0,0,0,0,78,78,0,0,0,0,0,0,0,78
11055,2,"11055-2",2,1,2,NA,NA,NA,NA,NA,NA,NA,1,1,1,548.7195077,0,5,0,2,2,494,495,495,494,30,18,1,10,30,5,5,0,0,0,0,0,0,0,78,78,0,0,0,0,0,0,0,78
11055,3,"11055-3",2,1,2,NA,NA,NA,NA,NA,NA,NA,1,2,2,548.7195077,0,7,7,2,2,495,545,495,545,33,30,0,17,30,5,5,0,0,0,0,0,0,0,78,78,0,0,0,0,0,0,0,78
11055,4,"11055-4",2,1,2,NA,NA,NA,NA,NA,NA,NA,1,2,2,548.7195077,0,7,0,2,2,545,495,495,545,48,33,1,17,30,5,5,0,0,0,0,0,0,0,78,78,0,0,0,0,0,0,0,78
11057,1,"11057-1",2,1,2,NA,NA,NA,NA,NA,NA,NA,1,2,1,37.42275432,0,7,7,2,2,1219,1347,1219,1347,37,32,0,18,45,1,4,0,0,0,0,0,0,0,70,40,0,0,0,0,0,0,0,70
11057,2,"11057-2",2,1,2,NA,NA,NA,NA,NA,NA,NA,1,2,1,37.42275432,0,7,0,2,2,1347,1219,1219,1347,48,37,1,18,45,1,4,0,0,0,0,0,0,0,70,40,0,0,0,0,0,0,0,70
11064,3,"11064-3",2,1,3,NA,NA,NA,NA,NA,NA,NA,3,3,1,59.386725248,0,9,9,5,5,1186,1186,1186,1186,33,30,0,17,48,2,7,0,0,0,0,0,0,0,50,6,0,0,0,0,0,0,0,50
11064,4,"11064-4",2,1,3,NA,NA,NA,NA,NA,NA,NA,3,3,1,59.386725248,0,9,0,5,5,1186,1186,1186,1186,48,33,1,17,48,2,7,0,0,0,0,0,0,0,50,6,0,0,0,0,0,0,0,50
11068,1,"11068-1",2,1,3,NA,NA,NA,NA,NA,NA,NA,3,1,1,133.4493837,0,9,9,2,2,2028,2025,2028,2025,14,11,0,8,10,3,8,0,0,0,0,0,0,0,26,1,0,0,0,0,0,0,0,26
11068,2,"11068-2",2,1,3,NA,NA,NA,NA,NA,NA,NA,3,1,1,133.4493837,1,9,2,2,2,2025,2024,2028,2025,15,14,1,8,10,3,8,0,0,0,0,0,0,0,26,1,0,0,0,0,0,0,0,26
11068,3,"11068-3",2,1,3,NA,NA,NA,NA,NA,NA,NA,3,1,1,133.4493837,0,9,0,2,2,2024,2028,2028,2025,48,15,1,8,10,3,8,0,0,0,0,0,0,0,26,1,0,0,0,0,0,0,0,26
11075,2,"11075-2",2,4,5,NA,NA,NA,NA,NA,NA,NA,2,1,1,177.8517791,0,3,3,9,9,425,458,425,458,23,8,0,6,36,7,7,0,0,0,0,0,0,0,15,13,0,0,0,0,0,0,0,15
11075,3,"11075-3",2,4,5,NA,NA,NA,NA,NA,NA,NA,2,1,1,177.8517791,0,3,0,9,9,458,425,425,458,48,23,1,6,36,7,7,0,0,0,0,0,0,0,15,13,0,0,0,0,0,0,0,15
11076,1,"11076-1",2,1,2,NA,NA,NA,NA,NA,NA,NA,1,1,1,10.10481775,0,9,9,2,2,2516,9999,2516,9999,17,12,0,8,45,5,5,0,0,0,0,0,0,0,67,65,0,0,0,0,0,0,0,67
11076,2,"11076-2",2,1,2,NA,NA,NA,NA,NA,NA,NA,1,1,1,10.10481775,1,9,7,2,2,9999,2504,2516,9999,18,17,1,8,45,5,5,0,0,0,0,0,0,0,67,65,0,0,0,0,0,0,0,67
11076,3,"11076-3",2,1,2,NA,NA,NA,NA,NA,NA,NA,1,1,1,10.10481775,0,9,0,2,2,2504,2516,2516,9999,25,18,1,8,45,5,5,0,0,0,0,0,0,0,67,65,0,0,0,0,0,0,0,67
11076,4,"11076-4",2,1,2,NA,NA,NA,NA,NA,NA,NA,1,2,2,10.10481775,0,7,7,2,2,2516,2506,2516,2506,29,25,0,15,0,5,5,0,0,0,0,0,0,0,67,65,0,0,0,0,0,0,0,67
11076,5,"11076-5",2,1,2,NA,NA,NA,NA,NA,NA,NA,1,2,2,10.10481775,0,7,0,2,2,2506,2516,2516,2506,48,29,1,15,0,5,5,0,0,0,0,0,0,0,67,65,0,0,0,0,0,0,0,67
11077,4,"11077-4",4,1,2,3,4,NA,NA,NA,NA,NA,3,3,1,124.227210216,0,9,9,4,4,1488,1487,1488,1487,34,32,0,18,30,1,7,7,8,0,0,0,0,0,47,14,12,5,0,0,0,0,0,47
11077,5,"11077-5",4,1,2,3,4,NA,NA,NA,NA,NA,3,3,1,124.227210216,0,9,0,4,4,1487,1488,1488,1487,36,34,1,18,30,1,7,7,8,0,0,0,0,0,47,14,12,5,0,0,0,0,0,47
11078,1,"11078-1",2,2,3,NA,NA,NA,NA,NA,NA,NA,1,1,1,72.0774373,0,6,6,2,2,2483,2424,2483,2424,20,19,0,12,7,2,1,0,0,0,0,0,0,0,40,40,0,0,0,0,0,0,0,40
11078,2,"11078-2",2,2,3,NA,NA,NA,NA,NA,NA,NA,1,1,1,72.0774373,1,6,5,2,2,2424,2436,2483,2424,21,20,1,12,7,2,1,0,0,0,0,0,0,0,40,40,0,0,0,0,0,0,0,40
11078,3,"11078-3",2,2,3,NA,NA,NA,NA,NA,NA,NA,1,1,1,72.0774373,1,6,7,2,2,2436,2483,2483,2424,22,21,1,12,7,2,1,0,0,0,0,0,0,0,40,40,0,0,0,0,0,0,0,40
11078,4,"11078-4",2,2,3,NA,NA,NA,NA,NA,NA,NA,1,1,1,72.0774373,0,6,0,2,2,2483,2483,2483,2424,48,22,1,12,7,2,1,0,0,0,0,0,0,0,40,40,0,0,0,0,0,0,0,40
11080,1,"11080-1",2,1,2,NA,NA,NA,NA,NA,NA,NA,1,1,1,89.29248237,0,1,1,2,2,1207,1843,1207,1843,28,13,0,9,23,1,1,0,0,0,0,0,0,0,59,59,0,0,0,0,0,0,0,59
11080,2,"11080-2",2,1,2,NA,NA,NA,NA,NA,NA,NA,1,1,1,89.29248237,1,1,6,2,2,1843,1923,1207,1843,29,28,1,9,23,1,1,0,0,0,0,0,0,0,59,59,0,0,0,0,0,0,0,59
11080,3,"11080-3",2,1,2,NA,NA,NA,NA,NA,NA,NA,1,1,1,89.29248237,0,1,0,2,2,1923,1207,1207,1843,31,29,1,9,23,1,1,0,0,0,0,0,0,0,59,59,0,0,0,0,0,0,0,59
11083,1,"11083-1",2,1,2,NA,NA,NA,NA,NA,NA,NA,1,1,1,21.136190436,0,6,6,2,2,2473,2428,2473,2428,18,15,0,10,0,5,5,0,0,0,0,0,0,0,75,69,0,0,0,0,0,0,0,75
11083,2,"11083-2",2,1,2,NA,NA,NA,NA,NA,NA,NA,1,1,1,21.136190436,1,6,5,2,2,2428,2436,2473,2428,20,18,1,10,0,5,5,0,0,0,0,0,0,0,75,69,0,0,0,0,0,0,0,75
11083,3,"11083-3",2,1,2,NA,NA,NA,NA,NA,NA,NA,1,1,1,21.136190436,1,6,7,2,2,2436,2432,2473,2428,21,20,1,10,0,5,5,0,0,0,0,0,0,0,75,69,0,0,0,0,0,0,0,75
11083,4,"11083-4",2,1,2,NA,NA,NA,NA,NA,NA,NA,1,1,1,21.136190436,1,6,5,2,2,2432,2436,2473,2428,23,21,1,10,0,5,5,0,0,0,0,0,0,0,75,69,0,0,0,0,0,0,0,75
11083,5,"11083-5",2,1,2,NA,NA,NA,NA,NA,NA,NA,1,1,1,21.136190436,1,6,5,2,2,2436,2432,2473,2428,26,23,1,10,0,5,5,0,0,0,0,0,0,0,75,69,0,0,0,0,0,0,0,75
11083,6,"11083-6",2,1,2,NA,NA,NA,NA,NA,NA,NA,1,1,1,21.136190436,0,6,0,2,2,2432,2473,2473,2428,48,26,1,10,0,5,5,0,0,0,0,0,0,0,75,69,0,0,0,0,0,0,0,75
11084,1,"11084-1",2,3,4,NA,NA,NA,NA,NA,NA,NA,2,1,1,34.612774448,0,3,3,2,2,2740,2716,2740,2716,28,8,0,6,45,6,7,0,0,0,0,0,0,0,16,14,0,0,0,0,0,0,0,16
11084,2,"11084-2",2,3,4,NA,NA,NA,NA,NA,NA,NA,2,1,1,34.612774448,0,3,0,2,2,2716,2740,2740,2716,48,28,1,6,45,6,7,0,0,0,0,0,0,0,16,14,0,0,0,0,0,0,0,16
11091,2,"11091-2",2,1,4,NA,NA,NA,NA,NA,NA,NA,3,1,1,56.672198228,0,6,6,2,2,2740,2721,2740,2721,15,13,0,9,0,2,8,0,0,0,0,0,0,0,34,1,0,0,0,0,0,0,0,34
11091,3,"11091-3",2,1,4,NA,NA,NA,NA,NA,NA,NA,3,1,1,56.672198228,0,6,0,2,2,2721,2740,2740,2721,18,15,1,9,0,2,8,0,0,0,0,0,0,0,34,1,0,0,0,0,0,0,0,34
11091,5,"11091-5",4,1,2,3,4,NA,NA,NA,NA,NA,3,3,2,56.672198228,1,5,5,3,3,2740,2721,2740,2721,27,26,0,15,30,2,1,8,8,0,0,0,0,0,34,32,4,1,0,0,0,0,0,34
11091,6,"11091-6",4,1,2,3,4,NA,NA,NA,NA,NA,3,3,2,56.672198228,0,5,5,3,3,2721,2721,2740,2721,28,27,0,15,30,2,1,8,8,0,0,0,0,0,34,32,4,1,0,0,0,0,0,34
11091,7,"11091-7",4,1,2,3,4,NA,NA,NA,NA,NA,3,3,2,56.672198228,1,5,5,3,3,2721,2722,2740,2721,29,28,1,15,30,2,1,8,8,0,0,0,0,0,34,32,4,1,0,0,0,0,0,34
11091,8,"11091-8",4,1,2,3,4,NA,NA,NA,NA,NA,3,3,2,56.672198228,0,5,0,3,3,2722,2740,2740,2721,48,29,1,15,30,2,1,8,8,0,0,0,0,0,34,32,4,1,0,0,0,0,0,34
11093,4,"11093-4",2,1,3,NA,NA,NA,NA,NA,NA,NA,1,2,1,40.00726958,0,5,5,2,2,2503,9999,2503,9999,37,33,0,19,22,1,3,0,0,0,0,0,0,0,52,20,0,0,0,0,0,0,0,52
11093,5,"11093-5",2,1,3,NA,NA,NA,NA,NA,NA,NA,1,2,1,40.00726958,0,5,0,2,2,9999,2503,2503,9999,48,37,1,19,22,1,3,0,0,0,0,0,0,0,52,20,0,0,0,0,0,0,0,52
11094,3,"11094-3",3,2,3,4,NA,NA,NA,NA,NA,NA,2,1,1,80.3771139,0,3,0,9,9,2275,2253,2253,2275,48,24,1,6,54,7,7,7,0,0,0,0,0,0,14,11,11,0,0,0,0,0,0,14
11101,1,"11101-1",2,2,3,NA,NA,NA,NA,NA,NA,NA,1,1,1,45.9548536,1,6,5,2,2,1020,1024,1020,1027,23,21,0,13,27,4,4,0,0,0,0,0,0,0,56,26,0,0,0,0,0,0,0,56
11101,2,"11101-2",2,2,3,NA,NA,NA,NA,NA,NA,NA,1,1,1,45.9548536,0,6,6,2,2,1024,1027,1020,1027,26,23,0,13,27,4,4,0,0,0,0,0,0,0,56,26,0,0,0,0,0,0,0,56
11101,3,"11101-3",2,2,3,NA,NA,NA,NA,NA,NA,NA,1,1,1,45.9548536,0,6,0,2,2,1027,1020,1020,1027,27,26,1,13,27,4,4,0,0,0,0,0,0,0,56,26,0,0,0,0,0,0,0,56
11107,1,"11107-1",3,2,3,4,NA,NA,NA,NA,NA,NA,3,2,1,67.707470556,0,5,5,3,3,1371,1363,1371,1363,32,31,0,18,10,1,7,8,0,0,0,0,0,0,36,7,0,0,0,0,0,0,0,36
11107,2,"11107-2",3,2,3,4,NA,NA,NA,NA,NA,NA,3,2,1,67.707470556,0,5,0,3,3,1363,1371,1371,1363,48,32,1,18,10,1,7,8,0,0,0,0,0,0,36,7,0,0,0,0,0,0,0,36
11121,1,"11121-1",2,1,2,NA,NA,NA,NA,NA,NA,NA,1,2,1,18.757036935,0,9,9,2,2,2426,2437,2426,2437,32,23,0,14,0,1,4,0,0,0,0,0,0,0,40,40,0,0,0,0,0,0,0,40
11121,2,"11121-2",2,1,2,NA,NA,NA,NA,NA,NA,NA,1,2,1,18.757036935,1,9,6,2,2,2437,2424,2426,2437,33,32,1,14,0,1,4,0,0,0,0,0,0,0,40,40,0,0,0,0,0,0,0,40
11121,3,"11121-3",2,1,2,NA,NA,NA,NA,NA,NA,NA,1,2,1,18.757036935,0,9,0,2,2,2424,2426,2426,2437,48,33,1,14,0,1,4,0,0,0,0,0,0,0,40,40,0,0,0,0,0,0,0,40
11134,1,"11134-1",2,1,2,NA,NA,NA,NA,NA,NA,NA,1,1,1,26.099539989,0,9,9,4,4,2472,2472,2472,2472,16,15,0,10,0,4,1,0,0,0,0,0,0,0,56,52,0,0,0,0,0,0,0,56
11134,2,"11134-2",2,1,2,NA,NA,NA,NA,NA,NA,NA,1,1,1,26.099539989,0,9,0,4,4,2472,2472,2472,2472,25,16,1,10,0,4,1,0,0,0,0,0,0,0,56,52,0,0,0,0,0,0,0,56
11138,1,"11138-1",2,1,2,NA,NA,NA,NA,NA,NA,NA,1,3,1,39.89444781,0,5,5,2,2,1485,1355,1485,1355,33,31,0,18,15,1,4,0,0,0,0,0,0,0,57,62,0,0,0,0,0,0,0,62
11138,2,"11138-2",2,1,2,NA,NA,NA,NA,NA,NA,NA,1,3,1,39.89444781,1,5,7,2,2,1355,1486,1485,1355,36,33,1,18,15,1,4,0,0,0,0,0,0,0,57,62,0,0,0,0,0,0,0,62
11138,3,"11138-3",2,1,2,NA,NA,NA,NA,NA,NA,NA,1,3,1,39.89444781,0,5,0,2,2,1486,1485,1485,1355,48,36,1,18,15,1,4,0,0,0,0,0,0,0,57,62,0,0,0,0,0,0,0,62
11157,4,"11157-4",3,1,3,4,NA,NA,NA,NA,NA,NA,3,2,1,47.56443526,0,9,9,3,3,2740,2341,2740,2341,35,30,0,17,30,1,7,7,0,0,0,0,0,0,34,13,10,0,0,0,0,0,0,34
11157,5,"11157-5",3,1,3,4,NA,NA,NA,NA,NA,NA,3,2,1,47.56443526,0,9,0,3,3,2341,2740,2740,2341,48,35,1,17,30,1,7,7,0,0,0,0,0,0,34,13,10,0,0,0,0,0,0,34
11158,1,"11158-1",2,1,2,NA,NA,NA,NA,NA,NA,NA,1,1,0,14.617891573,0,NA,8,3,NA,2810,9999,NA,NA,36,30,0,NA,NA,5,5,0,0,0,0,0,0,0,74,76,0,0,0,0,0,0,0,76
11158,2,"11158-2",2,1,2,NA,NA,NA,NA,NA,NA,NA,1,1,0,14.617891573,0,NA,0,3,NA,9999,2810,NA,NA,48,36,1,NA,NA,5,5,0,0,0,0,0,0,0,74,76,0,0,0,0,0,0,0,76
11169,1,"11169-1",2,1,2,NA,NA,NA,NA,NA,NA,NA,1,3,1,66.9038494,0,8,8,2,2,2154,407,2154,407,40,30,0,17,30,3,1,0,0,0,0,0,0,0,28,30,0,0,0,0,0,0,0,30
11169,2,"11169-2",2,1,2,NA,NA,NA,NA,NA,NA,NA,1,3,1,66.9038494,0,8,0,2,2,407,2154,2154,407,48,40,1,17,30,3,1,0,0,0,0,0,0,0,28,30,0,0,0,0,0,0,0,30
11172,1,"11172-1",2,1,2,NA,NA,NA,NA,NA,NA,NA,1,2,1,52.784091255,1,7,6,2,2,1251,1285,1251,1251,31,30,0,17,40,1,5,0,0,0,0,0,0,0,69,69,0,0,0,0,0,0,0,69
11172,2,"11172-2",2,1,2,NA,NA,NA,NA,NA,NA,NA,1,2,1,52.784091255,1,7,7,2,2,1285,1128,1251,1251,36,31,0,17,40,1,5,0,0,0,0,0,0,0,69,69,0,0,0,0,0,0,0,69
11172,3,"11172-3",2,1,2,NA,NA,NA,NA,NA,NA,NA,1,2,1,52.784091255,0,7,7,2,2,1128,1251,1251,1251,48,36,0,17,40,1,5,0,0,0,0,0,0,0,69,69,0,0,0,0,0,0,0,69
11176,2,"11176-2",2,1,2,NA,NA,NA,NA,NA,NA,NA,1,2,1,186.742743144,0,5,5,2,2,2219,2193,2219,2193,20,18,0,11,56,2,1,0,0,0,0,0,0,0,40,46,0,0,0,0,0,0,0,46
11176,3,"11176-3",2,1,2,NA,NA,NA,NA,NA,NA,NA,1,2,1,186.742743144,0,5,0,2,2,2193,2219,2219,2193,26,20,1,11,56,2,1,0,0,0,0,0,0,0,40,46,0,0,0,0,0,0,0,46
11181,1,"11181-1",2,1,2,NA,NA,NA,NA,NA,NA,NA,1,1,1,56.9768031,0,5,5,2,2,2516,9999,2516,9999,20,18,0,11,40,2,1,0,0,0,0,0,0,0,44,48,0,0,0,0,0,0,0,48
11181,2,"11181-2",2,1,2,NA,NA,NA,NA,NA,NA,NA,1,1,1,56.9768031,1,5,6,2,2,9999,9999,2516,9999,20,20,1,11,40,2,1,0,0,0,0,0,0,0,44,48,0,0,0,0,0,0,0,48
11181,3,"11181-3",2,1,2,NA,NA,NA,NA,NA,NA,NA,1,1,1,56.9768031,1,5,7,2,2,9999,9999,2516,9999,21,20,1,11,40,2,1,0,0,0,0,0,0,0,44,48,0,0,0,0,0,0,0,48
11181,4,"11181-4",2,1,2,NA,NA,NA,NA,NA,NA,NA,1,1,1,56.9768031,0,5,0,2,2,9999,2516,2516,9999,23,21,1,11,40,2,1,0,0,0,0,0,0,0,44,48,0,0,0,0,0,0,0,48
11185,4,"11185-4",3,1,3,4,NA,NA,NA,NA,NA,NA,3,5,1,80.789987096,0,7,7,3,3,1932,1942,1932,1942,32,29,0,17,17,2,7,7,0,0,0,0,0,0,36,8,6,0,0,0,0,0,0,36
11185,5,"11185-5",3,1,3,4,NA,NA,NA,NA,NA,NA,3,5,1,80.789987096,0,7,0,3,3,1942,1932,1932,1942,48,32,1,17,17,2,7,7,0,0,0,0,0,0,36,8,6,0,0,0,0,0,0,36
11186,1,"11186-1",2,1,2,NA,NA,NA,NA,NA,NA,NA,1,1,1,34.7831753,0,7,7,2,2,1492,1354,1492,1354,30,27,0,16,15,4,4,0,0,0,0,0,0,0,40,40,0,0,0,0,0,0,0,40
11186,2,"11186-2",2,1,2,NA,NA,NA,NA,NA,NA,NA,1,1,1,34.7831753,0,7,0,2,2,1354,1492,1492,1354,48,30,1,16,15,4,4,0,0,0,0,0,0,0,40,40,0,0,0,0,0,0,0,40
11191,1,"11191-1",2,1,2,NA,NA,NA,NA,NA,NA,NA,1,2,1,18.4700789,1,1,6,2,2,2789,2787,2789,2715,31,31,0,18,1,2,1,0,0,0,0,0,0,0,19,37,0,0,0,0,0,0,0,37
11191,2,"11191-2",2,1,2,NA,NA,NA,NA,NA,NA,NA,1,2,1,18.4700789,0,1,1,2,2,2787,2715,2789,2715,38,31,0,18,1,2,1,0,0,0,0,0,0,0,19,37,0,0,0,0,0,0,0,37
11191,3,"11191-3",2,1,2,NA,NA,NA,NA,NA,NA,NA,1,2,1,18.4700789,1,1,6,2,2,2715,2714,2789,2715,38,38,1,18,1,2,1,0,0,0,0,0,0,0,19,37,0,0,0,0,0,0,0,37
11191,4,"11191-4",2,1,2,NA,NA,NA,NA,NA,NA,NA,1,2,1,18.4700789,1,1,7,2,2,2714,2786,2789,2715,39,38,1,18,1,2,1,0,0,0,0,0,0,0,19,37,0,0,0,0,0,0,0,37
11191,5,"11191-5",2,1,2,NA,NA,NA,NA,NA,NA,NA,1,2,1,18.4700789,0,1,0,2,2,2786,2789,2789,2715,48,39,1,18,1,2,1,0,0,0,0,0,0,0,19,37,0,0,0,0,0,0,0,37
11211,1,"11211-1",2,1,2,NA,NA,NA,NA,NA,NA,NA,1,1,1,58.2993693,1,6,7,2,2,1673,1690,1673,167,14,13,0,9,21,1,4,0,0,0,0,0,0,0,46,59,0,0,0,0,0,0,0,59
11211,2,"11211-2",2,1,2,NA,NA,NA,NA,NA,NA,NA,1,1,1,58.2993693,0,6,6,2,2,1690,167,1673,167,26,14,0,9,21,1,4,0,0,0,0,0,0,0,46,59,0,0,0,0,0,0,0,59
11211,3,"11211-3",2,1,2,NA,NA,NA,NA,NA,NA,NA,1,1,1,58.2993693,1,6,5,2,2,167,1673,1673,167,26,26,1,9,21,1,4,0,0,0,0,0,0,0,46,59,0,0,0,0,0,0,0,59
11211,4,"11211-4",2,1,2,NA,NA,NA,NA,NA,NA,NA,1,1,1,58.2993693,0,6,0,2,2,1673,1673,1673,167,33,26,1,9,21,1,4,0,0,0,0,0,0,0,46,59,0,0,0,0,0,0,0,59
11217,2,"11217-2",2,1,4,NA,NA,NA,NA,NA,NA,NA,3,2,1,49.760203552,1,9,4,3,3,1281,1370,1281,1343,28,28,0,16,30,1,7,0,0,0,0,0,0,0,47,13,0,0,0,0,0,0,0,47
11217,3,"11217-3",2,1,4,NA,NA,NA,NA,NA,NA,NA,3,2,1,49.760203552,0,9,9,3,3,1370,1343,1281,1343,35,28,0,16,30,1,7,0,0,0,0,0,0,0,47,13,0,0,0,0,0,0,0,47
11217,4,"11217-4",2,1,4,NA,NA,NA,NA,NA,NA,NA,3,2,1,49.760203552,1,9,4,3,3,1343,1370,1281,1343,35,35,1,16,30,1,7,0,0,0,0,0,0,0,47,13,0,0,0,0,0,0,0,47
11217,5,"11217-5",2,1,4,NA,NA,NA,NA,NA,NA,NA,3,2,1,49.760203552,0,9,0,2,3,1370,1281,1281,1343,48,35,1,16,30,1,7,0,0,0,0,0,0,0,47,13,0,0,0,0,0,0,0,47
11225,2,"11225-2",2,5,6,NA,NA,NA,NA,NA,NA,NA,2,1,1,74.1577677,0,3,3,9,9,2028,1521,2028,1521,25,10,0,7,52,7,7,0,0,0,0,0,0,0,10,7,0,0,0,0,0,0,0,10
11225,3,"11225-3",2,5,6,NA,NA,NA,NA,NA,NA,NA,2,1,1,74.1577677,0,3,0,9,9,1521,2028,2028,1521,30,25,1,7,52,7,7,0,0,0,0,0,0,0,10,7,0,0,0,0,0,0,0,10
11227,3,"11227-3",3,1,2,5,NA,NA,NA,NA,NA,NA,3,3,1,155.1645347,0,5,5,3,3,870,1611,870,1611,35,33,0,19,2,4,1,7,0,0,0,0,0,0,46,45,8,0,0,0,0,0,0,46
11227,4,"11227-4",3,1,2,5,NA,NA,NA,NA,NA,NA,3,3,1,155.1645347,0,5,0,3,3,1611,870,870,1611,48,35,1,19,2,4,1,7,0,0,0,0,0,0,46,45,8,0,0,0,0,0,0,46
11233,3,"11233-3",2,2,4,NA,NA,NA,NA,NA,NA,NA,3,2,1,92.091266796,0,9,9,2,2,2334,695,2334,695,34,31,0,18,10,1,7,0,0,0,0,0,0,0,42,9,0,0,0,0,0,0,0,42
11233,4,"11233-4",2,2,4,NA,NA,NA,NA,NA,NA,NA,3,2,1,92.091266796,0,9,0,2,2,695,2334,2334,695,48,34,1,18,10,1,7,0,0,0,0,0,0,0,42,9,0,0,0,0,0,0,0,42
11236,1,"11236-1",2,1,2,NA,NA,NA,NA,NA,NA,NA,1,2,1,62.48332608,0,9,9,2,2,2381,2738,2381,2738,36,31,0,18,0,1,5,0,0,0,0,0,0,0,67,68,0,0,0,0,0,0,0,68
11236,2,"11236-2",2,1,2,NA,NA,NA,NA,NA,NA,NA,1,2,1,62.48332608,1,9,7,2,2,2738,1649,2381,2738,38,36,1,18,0,1,5,0,0,0,0,0,0,0,67,68,0,0,0,0,0,0,0,68
11236,3,"11236-3",2,1,2,NA,NA,NA,NA,NA,NA,NA,1,2,1,62.48332608,0,9,0,2,2,1649,2381,2381,2738,48,38,1,18,0,1,5,0,0,0,0,0,0,0,67,68,0,0,0,0,0,0,0,68
11240,1,"11240-1",2,2,3,NA,NA,NA,NA,NA,NA,NA,3,1,1,120.6708053,0,6,6,2,2,2334,2297,2334,2297,16,13,0,9,0,3,6,0,0,0,0,0,0,0,39,16,0,0,0,0,0,0,0,39
11240,2,"11240-2",2,2,3,NA,NA,NA,NA,NA,NA,NA,3,1,1,120.6708053,1,6,7,2,2,2297,2298,2334,2297,17,16,1,9,0,3,6,0,0,0,0,0,0,0,39,16,0,0,0,0,0,0,0,39
11240,3,"11240-3",2,2,3,NA,NA,NA,NA,NA,NA,NA,3,1,1,120.6708053,0,6,0,2,2,2298,2334,2334,2297,19,17,1,9,0,3,6,0,0,0,0,0,0,0,39,16,0,0,0,0,0,0,0,39
11247,1,"11247-1",2,1,2,NA,NA,NA,NA,NA,NA,NA,1,1,1,123.793250991,0,9,9,2,2,2620,2646,2620,2646,23,20,0,12,30,5,5,0,0,0,0,0,0,0,81,91,0,0,0,0,0,0,0,91
11247,2,"11247-2",2,1,2,NA,NA,NA,NA,NA,NA,NA,1,1,1,123.793250991,1,9,7,2,2,2646,2617,2620,2646,23,23,1,12,30,5,5,0,0,0,0,0,0,0,81,91,0,0,0,0,0,0,0,91
11247,3,"11247-3",2,1,2,NA,NA,NA,NA,NA,NA,NA,1,1,1,123.793250991,1,9,7,2,2,2617,2608,2620,2646,24,23,1,12,30,5,5,0,0,0,0,0,0,0,81,91,0,0,0,0,0,0,0,91
11247,4,"11247-4",2,1,2,NA,NA,NA,NA,NA,NA,NA,1,1,1,123.793250991,1,9,6,2,2,2608,2608,2620,2646,27,24,1,12,30,5,5,0,0,0,0,0,0,0,81,91,0,0,0,0,0,0,0,91
11247,5,"11247-5",2,1,2,NA,NA,NA,NA,NA,NA,NA,1,1,1,123.793250991,1,9,7,2,2,2608,2687,2620,2646,29,27,1,12,30,5,5,0,0,0,0,0,0,0,81,91,0,0,0,0,0,0,0,91
11247,6,"11247-6",2,1,2,NA,NA,NA,NA,NA,NA,NA,1,1,1,123.793250991,0,9,0,2,2,2687,2620,2620,2646,48,29,1,12,30,5,5,0,0,0,0,0,0,0,81,91,0,0,0,0,0,0,0,91
11249,1,"11249-1",2,1,2,NA,NA,NA,NA,NA,NA,NA,1,1,1,26.099539989,0,7,7,2,2,2505,2508,2505,2508,13,12,0,8,30,4,4,0,0,0,0,0,0,0,64,62,0,0,0,0,0,0,0,64
11249,2,"11249-2",2,1,2,NA,NA,NA,NA,NA,NA,NA,1,1,1,26.099539989,1,7,7,2,2,2508,2505,2505,2508,13,13,1,8,30,4,4,0,0,0,0,0,0,0,64,62,0,0,0,0,0,0,0,64
11249,3,"11249-3",2,1,2,NA,NA,NA,NA,NA,NA,NA,1,1,1,26.099539989,0,7,0,2,2,2505,2505,2505,2508,14,13,1,8,30,4,4,0,0,0,0,0,0,0,64,62,0,0,0,0,0,0,0,64
11249,4,"11249-4",2,1,2,NA,NA,NA,NA,NA,NA,NA,1,2,2,26.099539989,1,5,5,2,2,2505,2507,2505,2515,14,14,0,9,35,4,4,0,0,0,0,0,0,0,64,62,0,0,0,0,0,0,0,64
11249,5,"11249-5",2,1,2,NA,NA,NA,NA,NA,NA,NA,1,2,2,26.099539989,1,5,6,2,2,2507,2499,2505,2515,15,14,0,9,35,4,4,0,0,0,0,0,0,0,64,62,0,0,0,0,0,0,0,64
11249,6,"11249-6",2,1,2,NA,NA,NA,NA,NA,NA,NA,1,2,2,26.099539989,0,5,5,2,2,2499,2515,2505,2515,16,15,0,9,35,4,4,0,0,0,0,0,0,0,64,62,0,0,0,0,0,0,0,64
11249,7,"11249-7",2,1,2,NA,NA,NA,NA,NA,NA,NA,1,2,2,26.099539989,0,5,0,2,2,2515,2505,2505,2515,21,16,1,9,35,4,4,0,0,0,0,0,0,0,64,62,0,0,0,0,0,0,0,64
11266,1,"11266-1",2,1,2,NA,NA,NA,NA,NA,NA,NA,1,1,1,64.3865923,1,5,5,2,2,728,725,728,728,19,19,0,12,0,3,5,0,0,0,0,0,0,0,57,78,0,0,0,0,0,0,0,78
11266,2,"11266-2",2,1,2,NA,NA,NA,NA,NA,NA,NA,1,1,1,64.3865923,0,5,5,2,2,725,728,728,728,22,19,0,12,0,3,5,0,0,0,0,0,0,0,57,78,0,0,0,0,0,0,0,78
11266,3,"11266-3",2,1,2,NA,NA,NA,NA,NA,NA,NA,1,1,1,64.3865923,0,5,0,2,2,728,728,728,728,48,22,1,12,0,3,5,0,0,0,0,0,0,0,57,78,0,0,0,0,0,0,0,78
11268,1,"11268-1",2,1,2,NA,NA,NA,NA,NA,NA,NA,1,2,1,40.148169034,0,5,5,2,2,1273,1100,1273,1100,30,28,0,16,52,5,5,0,0,0,0,0,0,0,67,70,0,0,0,0,0,0,0,70
11268,2,"11268-2",2,1,2,NA,NA,NA,NA,NA,NA,NA,1,2,1,40.148169034,0,5,0,2,2,1100,1273,1273,1100,48,30,1,16,52,5,5,0,0,0,0,0,0,0,67,70,0,0,0,0,0,0,0,70
11272,1,"11272-1",2,1,2,NA,NA,NA,NA,NA,NA,NA,1,2,1,21.227543227,0,7,7,2,2,2505,9999,2505,9999,31,27,0,16,0,4,5,0,0,0,0,0,0,0,62,68,0,0,0,0,0,0,0,68
11272,2,"11272-2",2,1,2,NA,NA,NA,NA,NA,NA,NA,1,2,1,21.227543227,0,7,0,2,2,9999,2505,2505,9999,48,31,1,16,0,4,5,0,0,0,0,0,0,0,62,68,0,0,0,0,0,0,0,68
11275,2,"11275-2",3,1,2,3,NA,NA,NA,NA,NA,NA,1,3,1,26.98325826,1,9,9,3,3,2755,2787,2755,2755,34,33,0,19,0,1,1,3,0,0,0,0,0,0,49,49,19,0,0,0,0,0,0,49
11275,3,"11275-3",3,1,2,3,NA,NA,NA,NA,NA,NA,1,3,1,26.98325826,0,9,9,3,3,2787,2755,2755,2755,48,34,0,19,0,1,1,3,0,0,0,0,0,0,49,49,19,0,0,0,0,0,0,49
11279,1,"11279-1",2,1,2,NA,NA,NA,NA,NA,NA,NA,1,1,1,71.459516664,1,9,6,2,2,1274,1272,1274,1106,18,17,0,11,11,4,4,0,0,0,0,0,0,0,64,60,0,0,0,0,0,0,0,64
11279,2,"11279-2",2,1,2,NA,NA,NA,NA,NA,NA,NA,1,1,1,71.459516664,1,9,5,2,2,1272,1272,1274,1106,19,18,0,11,11,4,4,0,0,0,0,0,0,0,64,60,0,0,0,0,0,0,0,64
11279,3,"11279-3",2,1,2,NA,NA,NA,NA,NA,NA,NA,1,1,1,71.459516664,1,9,6,2,2,1272,1623,1274,1106,20,19,0,11,11,4,4,0,0,0,0,0,0,0,64,60,0,0,0,0,0,0,0,64
11279,4,"11279-4",2,1,2,NA,NA,NA,NA,NA,NA,NA,1,1,1,71.459516664,1,9,9,2,2,1623,1284,1274,1106,21,20,0,11,11,4,4,0,0,0,0,0,0,0,64,60,0,0,0,0,0,0,0,64
11279,5,"11279-5",2,1,2,NA,NA,NA,NA,NA,NA,NA,1,1,1,71.459516664,1,9,9,2,2,1284,1284,1274,1106,22,21,0,11,11,4,4,0,0,0,0,0,0,0,64,60,0,0,0,0,0,0,0,64
11279,6,"11279-6",2,1,2,NA,NA,NA,NA,NA,NA,NA,1,1,1,71.459516664,0,9,9,2,2,1284,1106,1274,1106,24,22,0,11,11,4,4,0,0,0,0,0,0,0,64,60,0,0,0,0,0,0,0,64
11279,7,"11279-7",2,1,2,NA,NA,NA,NA,NA,NA,NA,1,1,1,71.459516664,1,9,9,2,2,1106,958,1274,1106,26,24,1,11,11,4,4,0,0,0,0,0,0,0,64,60,0,0,0,0,0,0,0,64
11279,8,"11279-8",2,1,2,NA,NA,NA,NA,NA,NA,NA,1,1,1,71.459516664,0,9,0,2,2,958,1274,1274,1106,48,26,1,11,11,4,4,0,0,0,0,0,0,0,64,60,0,0,0,0,0,0,0,64
11283,5,"11283-5",3,1,3,4,NA,NA,NA,NA,NA,NA,3,2,1,80.01390986,0,9,9,3,3,1452,1433,1452,1433,30,26,0,15,45,1,8,8,0,0,0,0,0,0,36,4,2,0,0,0,0,0,0,36
11283,6,"11283-6",3,1,3,4,NA,NA,NA,NA,NA,NA,3,2,1,80.01390986,0,9,0,3,3,1433,1452,1452,1433,48,30,1,15,45,1,8,8,0,0,0,0,0,0,36,4,2,0,0,0,0,0,0,36
11295,1,"11295-1",2,1,2,NA,NA,NA,NA,NA,NA,NA,1,1,1,128.5985604,0,6,6,2,2,728,449,728,449,15,9,0,7,12,1,2,0,0,0,0,0,0,0,50,47,0,0,0,0,0,0,0,50
11295,2,"11295-2",2,1,2,NA,NA,NA,NA,NA,NA,NA,1,1,1,128.5985604,1,6,7,2,2,449,551,728,449,16,15,1,7,12,1,2,0,0,0,0,0,0,0,50,47,0,0,0,0,0,0,0,50
11295,3,"11295-3",2,1,2,NA,NA,NA,NA,NA,NA,NA,1,1,1,128.5985604,1,6,5,2,2,551,551,728,449,17,16,1,7,12,1,2,0,0,0,0,0,0,0,50,47,0,0,0,0,0,0,0,50
11295,4,"11295-4",2,1,2,NA,NA,NA,NA,NA,NA,NA,1,1,1,128.5985604,1,6,9,2,2,551,454,728,449,18,17,1,7,12,1,2,0,0,0,0,0,0,0,50,47,0,0,0,0,0,0,0,50
11295,5,"11295-5",2,1,2,NA,NA,NA,NA,NA,NA,NA,1,1,1,128.5985604,1,6,5,2,2,454,735,728,449,19,18,1,7,12,1,2,0,0,0,0,0,0,0,50,47,0,0,0,0,0,0,0,50
11295,6,"11295-6",2,1,2,NA,NA,NA,NA,NA,NA,NA,1,1,1,128.5985604,1,6,7,2,2,735,740,728,449,20,19,1,7,12,1,2,0,0,0,0,0,0,0,50,47,0,0,0,0,0,0,0,50
11295,7,"11295-7",2,1,2,NA,NA,NA,NA,NA,NA,NA,1,1,1,128.5985604,1,6,5,2,2,740,740,728,449,21,20,1,7,12,1,2,0,0,0,0,0,0,0,50,47,0,0,0,0,0,0,0,50
11295,8,"11295-8",2,1,2,NA,NA,NA,NA,NA,NA,NA,1,1,1,128.5985604,1,6,6,2,2,740,723,728,449,21,21,1,7,12,1,2,0,0,0,0,0,0,0,50,47,0,0,0,0,0,0,0,50
11295,9,"11295-9",2,1,2,NA,NA,NA,NA,NA,NA,NA,1,1,1,128.5985604,0,6,0,2,2,723,728,728,449,48,21,1,7,12,1,2,0,0,0,0,0,0,0,50,47,0,0,0,0,0,0,0,50
11298,1,"11298-1",2,1,3,NA,NA,NA,NA,NA,NA,NA,3,1,1,113.739919568,1,5,1,3,3,2285,2346,2285,2344,19,19,0,12,0,2,8,0,0,0,0,0,0,0,39,2,0,0,0,0,0,0,0,39
11298,2,"11298-2",2,1,3,NA,NA,NA,NA,NA,NA,NA,3,1,1,113.739919568,0,5,5,3,3,2346,2344,2285,2344,21,19,0,12,0,2,8,0,0,0,0,0,0,0,39,2,0,0,0,0,0,0,0,39
11298,3,"11298-3",2,1,3,NA,NA,NA,NA,NA,NA,NA,3,1,1,113.739919568,1,5,6,3,3,2344,2361,2285,2344,21,21,1,12,0,2,8,0,0,0,0,0,0,0,39,2,0,0,0,0,0,0,0,39
11298,4,"11298-4",2,1,3,NA,NA,NA,NA,NA,NA,NA,3,1,1,113.739919568,0,5,0,3,3,2361,2285,2285,2344,24,21,1,12,0,2,8,0,0,0,0,0,0,0,39,2,0,0,0,0,0,0,0,39
11298,5,"11298-5",3,1,2,3,NA,NA,NA,NA,NA,NA,3,2,2,113.739919568,0,4,4,3,3,2285,921,2285,921,26,24,0,14,40,2,1,8,0,0,0,0,0,0,39,38,2,0,0,0,0,0,0,39
11298,6,"11298-6",3,1,2,3,NA,NA,NA,NA,NA,NA,3,2,2,113.739919568,0,4,0,3,3,921,2285,2285,921,33,26,1,14,40,2,1,8,0,0,0,0,0,0,39,38,2,0,0,0,0,0,0,39
11298,7,"11298-7",3,1,2,3,NA,NA,NA,NA,NA,NA,3,3,3,113.739919568,0,4,4,3,3,2285,919,2285,919,34,33,0,19,0,2,1,8,0,0,0,0,0,0,39,38,2,0,0,0,0,0,0,39
11298,8,"11298-8",3,1,2,3,NA,NA,NA,NA,NA,NA,3,3,3,113.739919568,0,4,0,3,3,919,2285,2285,919,48,34,1,19,0,2,1,8,0,0,0,0,0,0,39,38,2,0,0,0,0,0,0,39
11303,6,"11303-6",2,1,3,NA,NA,NA,NA,NA,NA,NA,3,2,1,80.665261344,0,4,4,2,2,1492,1494,1492,1494,32,30,0,17,44,1,7,0,0,0,0,0,0,0,51,13,0,0,0,0,0,0,0,51
11303,7,"11303-7",2,1,3,NA,NA,NA,NA,NA,NA,NA,3,2,1,80.665261344,0,4,0,2,2,1494,1492,1492,1494,32,32,1,17,44,1,7,0,0,0,0,0,0,0,51,13,0,0,0,0,0,0,0,51
11309,1,"11309-1",2,1,2,NA,NA,NA,NA,NA,NA,NA,1,1,1,95.817154794,0,6,6,2,2,1276,1580,1276,1580,21,16,0,10,40,5,5,0,0,0,0,0,0,0,91,88,0,0,0,0,0,0,0,91
11309,2,"11309-2",2,1,2,NA,NA,NA,NA,NA,NA,NA,1,1,1,95.817154794,1,6,5,2,2,1580,1612,1276,1580,22,21,1,10,40,5,5,0,0,0,0,0,0,0,91,88,0,0,0,0,0,0,0,91
11309,3,"11309-3",2,1,2,NA,NA,NA,NA,NA,NA,NA,1,1,1,95.817154794,1,6,6,2,2,1612,1623,1276,1580,24,22,1,10,40,5,5,0,0,0,0,0,0,0,91,88,0,0,0,0,0,0,0,91
11309,4,"11309-4",2,1,2,NA,NA,NA,NA,NA,NA,NA,1,1,1,95.817154794,0,6,0,2,2,1623,1276,1276,1580,48,24,1,10,40,5,5,0,0,0,0,0,0,0,91,88,0,0,0,0,0,0,0,91
11310,2,"11310-2",2,4,5,NA,NA,NA,NA,NA,NA,NA,2,1,1,64.6070876,0,3,3,9,9,1271,1275,1271,1275,27,11,0,8,18,7,7,0,0,0,0,0,0,0,10,8,0,0,0,0,0,0,0,10
11310,3,"11310-3",2,4,5,NA,NA,NA,NA,NA,NA,NA,2,1,1,64.6070876,0,3,0,9,9,1275,1271,1271,1275,29,27,1,8,18,7,7,0,0,0,0,0,0,0,10,8,0,0,0,0,0,0,0,10
11315,1,"11315-1",2,1,2,NA,NA,NA,NA,NA,NA,NA,1,1,1,21.441558187,1,9,7,2,2,2447,2434,2447,991,20,18,0,11,30,5,5,0,0,0,0,0,0,0,67,69,0,0,0,0,0,0,0,69
11315,2,"11315-2",2,1,2,NA,NA,NA,NA,NA,NA,NA,1,1,1,21.441558187,0,9,9,2,2,2434,991,2447,991,26,20,0,11,30,5,5,0,0,0,0,0,0,0,67,69,0,0,0,0,0,0,0,69
11315,3,"11315-3",2,1,2,NA,NA,NA,NA,NA,NA,NA,1,1,1,21.441558187,0,9,0,2,2,991,2447,2447,991,48,26,1,11,30,5,5,0,0,0,0,0,0,0,67,69,0,0,0,0,0,0,0,69
11335,1,"11335-1",2,1,2,NA,NA,NA,NA,NA,NA,NA,1,1,1,15.82860279,1,9,9,2,5,2507,2164,2507,2222,18,15,0,10,0,1,4,0,0,0,0,0,0,0,50,64,0,0,0,0,0,0,0,64
11335,2,"11335-2",2,1,2,NA,NA,NA,NA,NA,NA,NA,1,1,1,15.82860279,0,9,9,5,5,2164,2222,2507,2222,22,18,0,10,0,1,4,0,0,0,0,0,0,0,50,64,0,0,0,0,0,0,0,64
11335,3,"11335-3",2,1,2,NA,NA,NA,NA,NA,NA,NA,1,1,1,15.82860279,1,9,9,5,5,2222,2164,2507,2222,23,22,1,10,0,1,4,0,0,0,0,0,0,0,50,64,0,0,0,0,0,0,0,64
11335,4,"11335-4",2,1,2,NA,NA,NA,NA,NA,NA,NA,1,1,1,15.82860279,1,9,5,2,5,2164,2482,2507,2222,25,23,1,10,0,1,4,0,0,0,0,0,0,0,50,64,0,0,0,0,0,0,0,64
11335,5,"11335-5",2,1,2,NA,NA,NA,NA,NA,NA,NA,1,1,1,15.82860279,0,9,0,2,5,2482,2507,2507,2222,48,25,1,10,0,1,4,0,0,0,0,0,0,0,50,64,0,0,0,0,0,0,0,64
11344,1,"11344-1",2,1,2,NA,NA,NA,NA,NA,NA,NA,1,1,1,53.864753985,1,9,9,2,2,9999,9999,9999,9999,16,14,0,9,45,1,2,0,0,0,0,0,0,0,54,55,0,0,0,0,0,0,0,55
11344,2,"11344-2",2,1,2,NA,NA,NA,NA,NA,NA,NA,1,1,1,53.864753985,1,9,9,2,2,9999,9999,9999,9999,22,16,0,9,45,1,2,0,0,0,0,0,0,0,54,55,0,0,0,0,0,0,0,55
11344,3,"11344-3",2,1,2,NA,NA,NA,NA,NA,NA,NA,1,1,1,53.864753985,1,9,5,2,2,9999,9999,9999,9999,24,22,0,9,45,1,2,0,0,0,0,0,0,0,54,55,0,0,0,0,0,0,0,55
11344,4,"11344-4",2,1,2,NA,NA,NA,NA,NA,NA,NA,1,1,1,53.864753985,1,9,9,2,2,9999,9999,9999,9999,26,24,0,9,45,1,2,0,0,0,0,0,0,0,54,55,0,0,0,0,0,0,0,55
11344,5,"11344-5",2,1,2,NA,NA,NA,NA,NA,NA,NA,1,1,1,53.864753985,1,9,5,2,2,9999,9999,9999,9999,28,26,0,9,45,1,2,0,0,0,0,0,0,0,54,55,0,0,0,0,0,0,0,55
11344,6,"11344-6",2,1,2,NA,NA,NA,NA,NA,NA,NA,1,1,1,53.864753985,1,9,7,2,2,9999,9999,9999,9999,32,28,0,9,45,1,2,0,0,0,0,0,0,0,54,55,0,0,0,0,0,0,0,55
11344,7,"11344-7",2,1,2,NA,NA,NA,NA,NA,NA,NA,1,1,1,53.864753985,1,9,7,2,2,9999,9999,9999,9999,36,32,0,9,45,1,2,0,0,0,0,0,0,0,54,55,0,0,0,0,0,0,0,55
11344,8,"11344-8",2,1,2,NA,NA,NA,NA,NA,NA,NA,1,1,1,53.864753985,1,9,8,2,2,9999,9999,9999,9999,38,36,0,9,45,1,2,0,0,0,0,0,0,0,54,55,0,0,0,0,0,0,0,55
11344,9,"11344-9",2,1,2,NA,NA,NA,NA,NA,NA,NA,1,1,1,53.864753985,0,9,9,2,2,9999,9999,9999,9999,48,38,0,9,45,1,2,0,0,0,0,0,0,0,54,55,0,0,0,0,0,0,0,55
11347,1,"11347-1",2,1,5,NA,NA,NA,NA,NA,NA,NA,3,2,1,43.400344284,0,9,9,2,2,2701,2716,2701,2716,35,32,0,18,30,1,7,0,0,0,0,0,0,0,50,11,0,0,0,0,0,0,0,50
11347,2,"11347-2",2,1,5,NA,NA,NA,NA,NA,NA,NA,3,2,1,43.400344284,0,9,0,2,2,2716,2701,2701,2716,48,35,1,18,30,1,7,0,0,0,0,0,0,0,50,11,0,0,0,0,0,0,0,50
11349,1,"11349-1",2,1,2,NA,NA,NA,NA,NA,NA,NA,1,1,1,28.4808207,1,5,5,2,2,2739,2741,2739,2411,26,24,0,14,59,4,4,0,0,0,0,0,0,0,40,40,0,0,0,0,0,0,0,40
11349,2,"11349-2",2,1,2,NA,NA,NA,NA,NA,NA,NA,1,1,1,28.4808207,1,5,6,2,2,2741,2741,2739,2411,27,26,0,14,59,4,4,0,0,0,0,0,0,0,40,40,0,0,0,0,0,0,0,40
11349,3,"11349-3",2,1,2,NA,NA,NA,NA,NA,NA,NA,1,1,1,28.4808207,1,5,6,2,2,2741,2743,2739,2411,28,27,0,14,59,4,4,0,0,0,0,0,0,0,40,40,0,0,0,0,0,0,0,40
11349,4,"11349-4",2,1,2,NA,NA,NA,NA,NA,NA,NA,1,1,1,28.4808207,0,5,5,2,2,2743,2411,2739,2411,30,28,0,14,59,4,4,0,0,0,0,0,0,0,40,40,0,0,0,0,0,0,0,40
11349,5,"11349-5",2,1,2,NA,NA,NA,NA,NA,NA,NA,1,1,1,28.4808207,0,5,0,2,2,2411,2739,2739,2411,48,30,1,14,59,4,4,0,0,0,0,0,0,0,40,40,0,0,0,0,0,0,0,40
11353,1,"11353-1",2,1,2,NA,NA,NA,NA,NA,NA,NA,1,1,1,64.863643264,0,6,6,2,2,2327,2180,2327,2180,13,11,0,8,15,5,1,0,0,0,0,0,0,0,68,67,0,0,0,0,0,0,0,68
11353,2,"11353-2",2,1,2,NA,NA,NA,NA,NA,NA,NA,1,1,1,64.863643264,0,6,0,2,2,2180,2327,2327,2180,15,13,1,8,15,5,1,0,0,0,0,0,0,0,68,67,0,0,0,0,0,0,0,68
11360,1,"11360-1",2,1,2,NA,NA,NA,NA,NA,NA,NA,1,1,1,35.399221084,0,6,6,2,2,2423,1293,2423,1293,15,7,0,6,14,2,1,0,0,0,0,0,0,0,24,27,0,0,0,0,0,0,0,27
11360,2,"11360-2",2,1,2,NA,NA,NA,NA,NA,NA,NA,1,1,1,35.399221084,0,6,0,2,2,1293,2423,2423,1293,18,15,1,6,14,2,1,0,0,0,0,0,0,0,24,27,0,0,0,0,0,0,0,27
11360,3,"11360-3",3,1,2,3,NA,NA,NA,NA,NA,NA,3,2,2,35.399221084,0,7,7,3,3,2423,2444,2423,2444,19,18,0,11,41,2,1,8,0,0,0,0,0,0,24,27,3,0,0,0,0,0,0,27
11360,4,"11360-4",3,1,2,3,NA,NA,NA,NA,NA,NA,3,2,2,35.399221084,1,7,8,3,3,2444,2444,2423,2444,20,19,1,11,41,2,1,8,0,0,0,0,0,0,24,27,3,0,0,0,0,0,0,27
11360,5,"11360-5",3,1,2,3,NA,NA,NA,NA,NA,NA,3,2,2,35.399221084,0,7,0,3,3,2444,2423,2423,2444,34,20,1,11,41,2,1,8,0,0,0,0,0,0,24,27,3,0,0,0,0,0,0,27
11360,6,"11360-6",3,1,2,3,NA,NA,NA,NA,NA,NA,3,3,3,35.399221084,0,5,5,4,4,2423,2423,2423,2423,34,34,0,19,30,2,1,8,0,0,0,0,0,0,24,27,3,0,0,0,0,0,0,27
11360,7,"11360-7",3,1,2,3,NA,NA,NA,NA,NA,NA,3,3,3,35.399221084,0,5,0,4,4,2423,2423,2423,2423,48,34,1,19,30,2,1,8,0,0,0,0,0,0,24,27,3,0,0,0,0,0,0,27
11372,1,"11372-1",2,1,2,NA,NA,NA,NA,NA,NA,NA,1,2,1,26.453102635,0,5,5,2,2,2701,2738,2701,2738,27,23,0,14,5,4,3,0,0,0,0,0,0,0,63,63,0,0,0,0,0,0,0,63
11372,2,"11372-2",2,1,2,NA,NA,NA,NA,NA,NA,NA,1,2,1,26.453102635,0,5,0,2,2,2738,2701,2701,2738,48,27,1,14,5,4,3,0,0,0,0,0,0,0,63,63,0,0,0,0,0,0,0,63
11390,1,"11390-1",4,1,2,3,4,NA,NA,NA,NA,NA,3,2,1,49.118657316,0,9,9,3,3,2447,2447,2447,2447,36,32,0,18,40,1,2,8,8,0,0,0,0,0,30,40,2,0,0,0,0,0,0,40
11390,2,"11390-2",4,1,2,3,4,NA,NA,NA,NA,NA,3,2,1,49.118657316,0,9,0,3,3,2447,2447,2447,2447,48,36,1,18,40,1,2,8,8,0,0,0,0,0,30,40,2,0,0,0,0,0,0,40
11391,3,"11391-3",5,1,2,3,4,5,NA,NA,NA,NA,3,2,1,30.8677638,0,7,7,3,3,2469,2432,2469,2432,30,26,0,15,45,4,4,7,7,7,0,0,0,0,34,40,8,8,8,0,0,0,0,40
11391,4,"11391-4",5,1,2,3,4,5,NA,NA,NA,NA,3,2,1,30.8677638,0,7,0,3,3,2432,2469,2469,2432,48,30,1,15,45,4,4,7,7,7,0,0,0,0,34,40,8,8,8,0,0,0,0,40
11398,1,"11398-1",4,1,3,4,5,NA,NA,NA,NA,NA,3,2,1,21.6725175,0,5,5,3,3,2504,9999,2504,9999,18,16,0,10,45,4,8,8,8,0,0,0,0,0,32,4,3,1,0,0,0,0,0,32
11398,2,"11398-2",4,1,3,4,5,NA,NA,NA,NA,NA,3,2,1,21.6725175,0,5,0,3,3,9999,2504,2504,9999,48,18,1,10,45,4,8,8,8,0,0,0,0,0,32,4,3,1,0,0,0,0,0,32
11403,1,"11403-1",2,1,2,NA,NA,NA,NA,NA,NA,NA,1,2,1,109.208966895,0,9,9,2,2,2455,605,2455,605,35,30,0,17,45,1,2,0,0,0,0,0,0,0,61,54,0,0,0,0,0,0,0,61
11403,2,"11403-2",2,1,2,NA,NA,NA,NA,NA,NA,NA,1,2,1,109.208966895,0,9,0,2,2,605,2455,2455,605,48,35,1,17,45,1,2,0,0,0,0,0,0,0,61,54,0,0,0,0,0,0,0,61
11404,3,"11404-3",3,2,3,4,NA,NA,NA,NA,NA,NA,3,3,1,24.6798846,0,6,6,3,3,2739,2743,2739,2743,31,30,0,17,31,3,7,7,0,0,0,0,0,0,46,15,13,0,0,0,0,0,0,46
11404,4,"11404-4",3,2,3,4,NA,NA,NA,NA,NA,NA,3,3,1,24.6798846,0,6,0,3,3,2743,2739,2739,2743,48,31,1,17,31,3,7,7,0,0,0,0,0,0,46,15,13,0,0,0,0,0,0,46
11415,4,"11415-4",2,1,2,NA,NA,NA,NA,NA,NA,NA,1,2,1,28.789908688,0,9,9,4,4,2740,2740,2740,2740,34,34,0,19,45,1,4,0,0,0,0,0,0,0,43,39,0,0,0,0,0,0,0,43
11415,5,"11415-5",2,1,2,NA,NA,NA,NA,NA,NA,NA,1,2,1,28.789908688,0,9,0,4,4,2740,2740,2740,2740,48,34,1,19,45,1,4,0,0,0,0,0,0,0,43,39,0,0,0,0,0,0,0,43
11419,1,"11419-1",2,1,2,NA,NA,NA,NA,NA,NA,NA,1,1,1,32.94061344,0,1,1,2,2,2591,9999,2591,9999,17,10,0,7,30,2,1,0,0,0,0,0,0,0,49,51,0,0,0,0,0,0,0,51
11419,2,"11419-2",2,1,2,NA,NA,NA,NA,NA,NA,NA,1,1,1,32.94061344,0,1,0,2,2,9999,2591,2591,9999,18,17,1,7,30,2,1,0,0,0,0,0,0,0,49,51,0,0,0,0,0,0,0,51
11419,3,"11419-3",2,1,2,NA,NA,NA,NA,NA,NA,NA,1,2,2,32.94061344,0,5,5,2,2,2591,2650,2591,2650,19,18,0,11,30,2,1,0,0,0,0,0,0,0,49,51,0,0,0,0,0,0,0,51
11419,4,"11419-4",2,1,2,NA,NA,NA,NA,NA,NA,NA,1,2,2,32.94061344,0,5,0,2,2,2650,2591,2591,2650,20,19,1,11,30,2,1,0,0,0,0,0,0,0,49,51,0,0,0,0,0,0,0,51
11419,5,"11419-5",2,1,3,NA,NA,NA,NA,NA,NA,NA,1,3,3,32.94061344,0,5,5,2,2,2591,2686,2591,2686,24,20,0,12,46,2,5,0,0,0,0,0,0,0,49,76,0,0,0,0,0,0,0,76
11419,6,"11419-6",2,1,3,NA,NA,NA,NA,NA,NA,NA,1,3,3,32.94061344,0,5,0,2,2,2686,2591,2591,2686,31,24,1,12,46,2,5,0,0,0,0,0,0,0,49,76,0,0,0,0,0,0,0,76
11432,1,"11432-1",3,1,2,3,NA,NA,NA,NA,NA,NA,1,1,1,137.457870124,0,6,6,3,3,2523,2530,2523,2530,29,20,0,12,30,2,1,4,0,0,0,0,0,0,47,50,17,0,0,0,0,0,0,50
11432,2,"11432-2",3,1,2,3,NA,NA,NA,NA,NA,NA,1,1,1,137.457870124,0,6,0,3,3,2530,2523,2523,2530,38,29,1,12,30,2,1,4,0,0,0,0,0,0,47,50,17,0,0,0,0,0,0,50
11432,3,"11432-3",3,1,2,3,NA,NA,NA,NA,NA,NA,1,2,2,137.457870124,0,4,4,3,3,2523,2521,2523,2521,39,38,0,21,50,2,1,4,0,0,0,0,0,0,47,50,17,0,0,0,0,0,0,50
11432,4,"11432-4",3,1,2,3,NA,NA,NA,NA,NA,NA,1,2,2,137.457870124,0,4,0,3,3,2521,2523,2523,2521,48,39,1,21,50,2,1,4,0,0,0,0,0,0,47,50,17,0,0,0,0,0,0,50
11436,1,"11436-1",2,1,3,NA,NA,NA,NA,NA,NA,NA,1,1,1,78.3606491,1,5,7,2,2,2316,875,2316,875,23,22,0,13,45,1,4,0,0,0,0,0,0,0,64,40,0,0,0,0,0,0,0,64
11436,2,"11436-2",2,1,3,NA,NA,NA,NA,NA,NA,NA,1,1,1,78.3606491,0,5,5,2,2,875,875,2316,875,24,23,0,13,45,1,4,0,0,0,0,0,0,0,64,40,0,0,0,0,0,0,0,64
11436,3,"11436-3",2,1,3,NA,NA,NA,NA,NA,NA,NA,1,1,1,78.3606491,0,5,0,2,2,875,2316,2316,875,48,24,1,13,45,1,4,0,0,0,0,0,0,0,64,40,0,0,0,0,0,0,0,64
11445,1,"11445-1",2,1,2,NA,NA,NA,NA,NA,NA,NA,1,1,1,28.706259184,0,6,6,2,2,1636,1635,1636,1635,27,27,0,16,16,5,5,0,0,0,0,0,0,0,70,68,0,0,0,0,0,0,0,70
11445,2,"11445-2",2,1,2,NA,NA,NA,NA,NA,NA,NA,1,1,1,28.706259184,0,6,0,2,2,1635,1636,1636,1635,48,27,1,16,16,5,5,0,0,0,0,0,0,0,70,68,0,0,0,0,0,0,0,70
11454,1,"11454-1",2,1,2,NA,NA,NA,NA,NA,NA,NA,1,2,1,139.5829539,0,8,8,2,2,120,1744,120,1744,36,28,0,16,30,4,4,0,0,0,0,0,0,0,61,45,0,0,0,0,0,0,0,61
11454,2,"11454-2",2,1,2,NA,NA,NA,NA,NA,NA,NA,1,2,1,139.5829539,0,8,0,2,2,1744,120,120,1744,48,36,1,16,30,4,4,0,0,0,0,0,0,0,61,45,0,0,0,0,0,0,0,61
11465,1,"11465-1",2,2,4,NA,NA,NA,NA,NA,NA,NA,3,1,1,25.876267088,0,1,1,2,2,2588,2574,2588,2574,24,9,0,7,10,1,6,0,0,0,0,0,0,0,47,16,0,0,0,0,0,0,0,47
11465,2,"11465-2",2,2,4,NA,NA,NA,NA,NA,NA,NA,3,1,1,25.876267088,0,1,0,2,2,2574,2588,2588,2574,28,24,1,7,10,1,6,0,0,0,0,0,0,0,47,16,0,0,0,0,0,0,0,47
11478,3,"11478-3",2,2,4,NA,NA,NA,NA,NA,NA,NA,3,3,1,114.2445479,0,9,9,2,2,1360,1355,1360,1355,31,28,0,16,49,1,7,0,0,0,0,0,0,0,45,10,0,0,0,0,0,0,0,45
11478,4,"11478-4",2,2,4,NA,NA,NA,NA,NA,NA,NA,3,3,1,114.2445479,1,9,5,2,2,1355,1486,1360,1355,31,31,1,16,49,1,7,0,0,0,0,0,0,0,45,10,0,0,0,0,0,0,0,45
11478,5,"11478-5",2,2,4,NA,NA,NA,NA,NA,NA,NA,3,3,1,114.2445479,0,9,0,2,2,1486,1360,1360,1355,33,31,1,16,49,1,7,0,0,0,0,0,0,0,45,10,0,0,0,0,0,0,0,45
11486,3,"11486-3",2,2,4,NA,NA,NA,NA,NA,NA,NA,3,2,1,38.307942776,0,9,9,3,3,2733,2790,2733,2790,37,34,0,19,30,1,7,0,0,0,0,0,0,0,43,14,0,0,0,0,0,0,0,43
11486,4,"11486-4",2,2,4,NA,NA,NA,NA,NA,NA,NA,3,2,1,38.307942776,0,9,0,3,3,2790,2733,2733,2790,48,37,1,19,30,1,7,0,0,0,0,0,0,0,43,14,0,0,0,0,0,0,0,43
11499,1,"11499-1",2,1,2,NA,NA,NA,NA,NA,NA,NA,1,2,1,100.4694177,0,5,5,2,2,2594,2632,2594,2632,28,27,0,16,6,1,4,0,0,0,0,0,0,0,56,60,0,0,0,0,0,0,0,60
11499,2,"11499-2",2,1,2,NA,NA,NA,NA,NA,NA,NA,1,2,1,100.4694177,1,5,8,2,2,2632,2668,2594,2632,31,28,1,16,6,1,4,0,0,0,0,0,0,0,56,60,0,0,0,0,0,0,0,60
11499,3,"11499-3",2,1,2,NA,NA,NA,NA,NA,NA,NA,1,2,1,100.4694177,0,5,0,2,2,2668,2594,2594,2632,48,31,1,16,6,1,4,0,0,0,0,0,0,0,56,60,0,0,0,0,0,0,0,60
11508,1,"11508-1",2,1,3,NA,NA,NA,NA,NA,NA,NA,3,1,1,32.066236816,0,1,1,2,2,2515,9999,2515,9999,30,9,0,7,8,1,8,0,0,0,0,0,0,0,31,3,0,0,0,0,0,0,0,31
11508,2,"11508-2",2,1,3,NA,NA,NA,NA,NA,NA,NA,3,1,1,32.066236816,0,1,0,2,2,9999,2515,2515,9999,48,30,1,7,8,1,8,0,0,0,0,0,0,0,31,3,0,0,0,0,0,0,0,31
11514,1,"11514-1",2,1,2,NA,NA,NA,NA,NA,NA,NA,1,1,1,16.083732729,0,5,5,2,2,2701,2722,2701,2722,28,24,0,14,47,5,5,0,0,0,0,0,0,0,81,76,0,0,0,0,0,0,0,81
11514,2,"11514-2",2,1,2,NA,NA,NA,NA,NA,NA,NA,1,1,1,16.083732729,0,5,0,2,2,2722,2701,2701,2722,48,28,1,14,47,5,5,0,0,0,0,0,0,0,81,76,0,0,0,0,0,0,0,81
11517,2,"11517-2",2,1,2,NA,NA,NA,NA,NA,NA,NA,1,2,1,18.959301405,0,9,9,2,2,2515,9999,2515,9999,21,17,0,11,15,5,5,0,0,0,0,0,0,0,66,67,0,0,0,0,0,0,0,67
11517,3,"11517-3",2,1,2,NA,NA,NA,NA,NA,NA,NA,1,2,1,18.959301405,1,9,8,2,2,9999,9999,2515,9999,26,21,1,11,15,5,5,0,0,0,0,0,0,0,66,67,0,0,0,0,0,0,0,67
11517,4,"11517-4",2,1,2,NA,NA,NA,NA,NA,NA,NA,1,2,1,18.959301405,0,9,0,2,2,9999,2515,2515,9999,28,26,1,11,15,5,5,0,0,0,0,0,0,0,66,67,0,0,0,0,0,0,0,67
11517,5,"11517-5",2,1,2,NA,NA,NA,NA,NA,NA,NA,1,3,2,18.959301405,0,9,9,2,2,2515,9999,2515,9999,35,28,0,16,30,5,5,0,0,0,0,0,0,0,66,67,0,0,0,0,0,0,0,67
11517,6,"11517-6",2,1,2,NA,NA,NA,NA,NA,NA,NA,1,3,2,18.959301405,0,9,0,2,2,9999,2515,2515,9999,48,35,1,16,30,5,5,0,0,0,0,0,0,0,66,67,0,0,0,0,0,0,0,67
11519,1,"11519-1",4,1,3,4,5,NA,NA,NA,NA,NA,3,2,1,26.7867479,0,9,9,4,4,2474,2474,2474,2474,35,32,0,18,48,4,7,7,8,0,0,0,0,0,28,10,6,4,0,0,0,0,0,28
11519,2,"11519-2",4,1,3,4,5,NA,NA,NA,NA,NA,3,2,1,26.7867479,0,9,0,4,4,2474,2474,2474,2474,48,35,1,18,48,4,7,7,8,0,0,0,0,0,28,10,6,4,0,0,0,0,0,28
11528,1,"11528-1",2,1,2,NA,NA,NA,NA,NA,NA,NA,1,1,1,26.265681822,0,9,9,2,2,2567,2003,2567,2003,35,32,0,18,30,4,4,0,0,0,0,0,0,0,61,61,0,0,0,0,0,0,0,61
11528,2,"11528-2",2,1,2,NA,NA,NA,NA,NA,NA,NA,1,1,1,26.265681822,0,9,0,2,2,2003,2567,2567,2003,48,35,1,18,30,4,4,0,0,0,0,0,0,0,61,61,0,0,0,0,0,0,0,61
11534,1,"11534-1",2,2,3,NA,NA,NA,NA,NA,NA,NA,1,1,1,15.7107846,0,6,6,2,2,2426,2712,2426,2712,30,6,0,5,50,1,4,0,0,0,0,0,0,0,48,53,0,0,0,0,0,0,0,53
11534,2,"11534-2",2,2,3,NA,NA,NA,NA,NA,NA,NA,1,1,1,15.7107846,0,6,0,2,2,2712,2426,2426,2712,48,30,1,5,50,1,4,0,0,0,0,0,0,0,48,53,0,0,0,0,0,0,0,53
11549,1,"11549-1",3,1,2,3,NA,NA,NA,NA,NA,NA,3,1,1,92.3871896,0,6,6,3,3,1676,1017,1676,1017,37,33,0,19,15,4,4,7,0,0,0,0,0,0,56,20,15,0,0,0,0,0,0,56
11549,2,"11549-2",3,1,2,3,NA,NA,NA,NA,NA,NA,3,1,1,92.3871896,0,6,0,3,3,1017,1676,1676,1017,48,37,1,19,15,4,4,7,0,0,0,0,0,0,56,20,15,0,0,0,0,0,0,56
11554,1,"11554-1",2,2,4,NA,NA,NA,NA,NA,NA,NA,2,1,0,430.9470246,0,NA,3,9,NA,375,374,NA,NA,27,11,0,NA,NA,7,7,0,0,0,0,0,0,0,13,12,0,0,0,0,0,0,0,13
11554,2,"11554-2",2,2,4,NA,NA,NA,NA,NA,NA,NA,2,1,0,430.9470246,0,NA,0,9,NA,374,375,NA,NA,48,27,1,NA,NA,7,7,0,0,0,0,0,0,0,13,12,0,0,0,0,0,0,0,13
11560,1,"11560-1",2,1,2,NA,NA,NA,NA,NA,NA,NA,1,1,1,69.5841297,1,6,5,2,2,1675,1674,1675,216,22,22,0,13,33,4,4,0,0,0,0,0,0,0,48,30,0,0,0,0,0,0,0,48
11560,2,"11560-2",2,1,2,NA,NA,NA,NA,NA,NA,NA,1,1,1,69.5841297,1,6,6,2,2,1674,1674,1675,216,22,22,0,13,33,4,4,0,0,0,0,0,0,0,48,30,0,0,0,0,0,0,0,48
11560,3,"11560-3",2,1,2,NA,NA,NA,NA,NA,NA,NA,1,1,1,69.5841297,0,6,6,2,2,1674,216,1675,216,23,22,0,13,33,4,4,0,0,0,0,0,0,0,48,30,0,0,0,0,0,0,0,48
11560,4,"11560-4",2,1,2,NA,NA,NA,NA,NA,NA,NA,1,1,1,69.5841297,1,6,8,2,2,216,384,1675,216,24,23,1,13,33,4,4,0,0,0,0,0,0,0,48,30,0,0,0,0,0,0,0,48
11560,5,"11560-5",2,1,2,NA,NA,NA,NA,NA,NA,NA,1,1,1,69.5841297,1,6,5,2,2,384,75,1675,216,25,24,1,13,33,4,4,0,0,0,0,0,0,0,48,30,0,0,0,0,0,0,0,48
11560,6,"11560-6",2,1,2,NA,NA,NA,NA,NA,NA,NA,1,1,1,69.5841297,1,6,8,2,2,75,9,1675,216,25,25,1,13,33,4,4,0,0,0,0,0,0,0,48,30,0,0,0,0,0,0,0,48
11560,7,"11560-7",2,1,2,NA,NA,NA,NA,NA,NA,NA,1,1,1,69.5841297,1,6,5,2,2,9,1675,1675,216,25,25,1,13,33,4,4,0,0,0,0,0,0,0,48,30,0,0,0,0,0,0,0,48
11560,8,"11560-8",2,1,2,NA,NA,NA,NA,NA,NA,NA,1,1,1,69.5841297,1,6,5,2,2,1675,1676,1675,216,26,25,1,13,33,4,4,0,0,0,0,0,0,0,48,30,0,0,0,0,0,0,0,48
11560,9,"11560-9",2,1,2,NA,NA,NA,NA,NA,NA,NA,1,1,1,69.5841297,0,6,0,2,2,1676,1675,1675,216,48,26,1,13,33,4,4,0,0,0,0,0,0,0,48,30,0,0,0,0,0,0,0,48
11563,1,"11563-1",2,1,2,NA,NA,NA,NA,NA,NA,NA,1,1,1,418.98922275,0,1,1,2,2,413,74,413,74,29,12,0,8,30,1,1,0,0,0,0,0,0,0,40,40,0,0,0,0,0,0,0,40
11563,2,"11563-2",2,1,2,NA,NA,NA,NA,NA,NA,NA,1,1,1,418.98922275,0,1,0,2,2,74,413,413,74,31,29,1,8,30,1,1,0,0,0,0,0,0,0,40,40,0,0,0,0,0,0,0,40
11563,3,"11563-3",2,1,2,NA,NA,NA,NA,NA,NA,NA,1,2,2,418.98922275,1,8,7,2,2,413,409,413,167,32,31,0,18,0,1,1,0,0,0,0,0,0,0,40,40,0,0,0,0,0,0,0,40
11563,4,"11563-4",2,1,2,NA,NA,NA,NA,NA,NA,NA,1,2,2,418.98922275,0,8,8,2,2,409,167,413,167,39,32,0,18,0,1,1,0,0,0,0,0,0,0,40,40,0,0,0,0,0,0,0,40
11563,5,"11563-5",2,1,2,NA,NA,NA,NA,NA,NA,NA,1,2,2,418.98922275,0,8,0,2,2,167,413,413,167,48,39,1,18,0,1,1,0,0,0,0,0,0,0,40,40,0,0,0,0,0,0,0,40
11567,1,"11567-1",2,1,2,NA,NA,NA,NA,NA,NA,NA,1,3,1,51.131194,0,7,7,2,3,1547,1226,1547,1226,38,30,0,17,45,5,5,0,0,0,0,0,0,0,66,68,0,0,0,0,0,0,0,68
11567,2,"11567-2",2,1,2,NA,NA,NA,NA,NA,NA,NA,1,3,1,51.131194,0,7,0,3,3,1226,1547,1547,1226,48,38,1,17,45,5,5,0,0,0,0,0,0,0,66,68,0,0,0,0,0,0,0,68
11587,1,"11587-1",2,1,2,NA,NA,NA,NA,NA,NA,NA,1,1,1,91.8114451,0,5,5,4,4,93,95,93,95,31,31,0,18,0,4,5,0,0,0,0,0,0,0,64,73,0,0,0,0,0,0,0,73
11587,2,"11587-2",2,1,2,NA,NA,NA,NA,NA,NA,NA,1,1,1,91.8114451,1,5,5,4,4,95,95,93,95,31,31,1,18,0,4,5,0,0,0,0,0,0,0,64,73,0,0,0,0,0,0,0,73
11587,3,"11587-3",2,1,2,NA,NA,NA,NA,NA,NA,NA,1,1,1,91.8114451,0,5,0,4,4,95,93,93,95,48,31,1,18,0,4,5,0,0,0,0,0,0,0,64,73,0,0,0,0,0,0,0,73
11593,1,"11593-1",2,1,2,NA,NA,NA,NA,NA,NA,NA,1,1,1,43.1422068,0,6,6,2,2,1491,1490,1491,1490,19,18,0,11,30,2,1,0,0,0,0,0,0,0,66,67,0,0,0,0,0,0,0,67
11593,2,"11593-2",2,1,2,NA,NA,NA,NA,NA,NA,NA,1,1,1,43.1422068,0,6,0,2,2,1490,1491,1491,1490,48,19,1,11,30,2,1,0,0,0,0,0,0,0,66,67,0,0,0,0,0,0,0,67
11600,1,"11600-1",3,1,3,4,NA,NA,NA,NA,NA,NA,3,1,1,31.264036728,0,8,8,3,3,2507,2506,2507,2506,17,15,0,10,10,2,8,8,0,0,0,0,0,0,27,3,1,0,0,0,0,0,0,27
11600,2,"11600-2",3,1,3,4,NA,NA,NA,NA,NA,NA,3,1,1,31.264036728,0,8,0,3,3,2506,2507,2507,2506,48,17,1,10,10,2,8,8,0,0,0,0,0,0,27,3,1,0,0,0,0,0,0,27
11601,1,"11601-1",3,1,2,3,NA,NA,NA,NA,NA,NA,1,1,1,20.105806242,0,5,5,3,3,2516,2497,2516,2497,24,23,0,14,0,5,5,5,0,0,0,0,0,0,72,71,93,0,0,0,0,0,0,93
11601,2,"11601-2",3,1,2,3,NA,NA,NA,NA,NA,NA,1,1,1,20.105806242,1,5,7,3,3,2497,2504,2516,2497,25,24,1,14,0,5,5,5,0,0,0,0,0,0,72,71,93,0,0,0,0,0,0,93
11601,3,"11601-3",3,1,2,3,NA,NA,NA,NA,NA,NA,1,1,1,20.105806242,0,5,0,3,3,2504,2516,2516,2497,28,25,1,14,0,5,5,5,0,0,0,0,0,0,72,71,93,0,0,0,0,0,0,93
11606,6,"11606-6",3,2,3,4,NA,NA,NA,NA,NA,NA,3,3,1,178.557900768,0,7,7,3,3,2481,2483,2481,2483,31,31,0,18,0,2,8,8,0,0,0,0,0,0,28,3,1,0,0,0,0,0,0,28
11606,7,"11606-7",3,2,3,4,NA,NA,NA,NA,NA,NA,3,3,1,178.557900768,0,7,0,3,3,2483,2481,2481,2483,33,31,1,18,0,2,8,8,0,0,0,0,0,0,28,3,1,0,0,0,0,0,0,28
11606,8,"11606-8",3,2,3,4,NA,NA,NA,NA,NA,NA,3,4,2,178.557900768,0,8,8,4,4,2481,2481,2481,2481,36,33,0,19,0,2,8,8,0,0,0,0,0,0,28,3,1,0,0,0,0,0,0,28
11606,9,"11606-9",3,2,3,4,NA,NA,NA,NA,NA,NA,3,4,2,178.557900768,0,8,0,4,4,2481,2481,2481,2481,48,36,1,19,0,2,8,8,0,0,0,0,0,0,28,3,1,0,0,0,0,0,0,28
11615,2,"11615-2",3,1,2,3,NA,NA,NA,NA,NA,NA,3,3,1,56.8672062,1,5,7,3,3,2501,2507,2501,2496,29,27,0,16,0,4,1,7,0,0,0,0,0,0,40,43,11,0,0,0,0,0,0,43
11615,3,"11615-3",3,1,2,3,NA,NA,NA,NA,NA,NA,3,3,1,56.8672062,1,5,6,3,3,2507,9999,2501,2496,29,29,0,16,0,4,1,7,0,0,0,0,0,0,40,43,11,0,0,0,0,0,0,43
11615,4,"11615-4",3,1,2,3,NA,NA,NA,NA,NA,NA,3,3,1,56.8672062,0,5,5,3,3,9999,2496,2501,2496,30,29,0,16,0,4,1,7,0,0,0,0,0,0,40,43,11,0,0,0,0,0,0,43
11615,5,"11615-5",3,1,2,3,NA,NA,NA,NA,NA,NA,3,3,1,56.8672062,0,5,0,3,3,2496,2501,2501,2496,34,30,1,16,0,4,1,7,0,0,0,0,0,0,40,43,11,0,0,0,0,0,0,43
11620,1,"11620-1",2,1,2,NA,NA,NA,NA,NA,NA,NA,1,1,1,15.0748598,0,1,1,2,2,2501,9999,2501,9999,19,8,0,6,54,1,3,0,0,0,0,0,0,0,55,21,0,0,0,0,0,0,0,55
11620,2,"11620-2",2,1,2,NA,NA,NA,NA,NA,NA,NA,1,1,1,15.0748598,1,1,6,2,2,9999,2501,2501,9999,20,19,1,6,54,1,3,0,0,0,0,0,0,0,55,21,0,0,0,0,0,0,0,55
11620,3,"11620-3",2,1,2,NA,NA,NA,NA,NA,NA,NA,1,1,1,15.0748598,1,1,5,2,2,2501,9999,2501,9999,20,20,1,6,54,1,3,0,0,0,0,0,0,0,55,21,0,0,0,0,0,0,0,55
11620,4,"11620-4",2,1,2,NA,NA,NA,NA,NA,NA,NA,1,1,1,15.0748598,1,1,5,2,2,9999,9999,2501,9999,21,20,1,6,54,1,3,0,0,0,0,0,0,0,55,21,0,0,0,0,0,0,0,55
11620,5,"11620-5",2,1,2,NA,NA,NA,NA,NA,NA,NA,1,1,1,15.0748598,1,1,6,2,2,9999,9999,2501,9999,21,21,1,6,54,1,3,0,0,0,0,0,0,0,55,21,0,0,0,0,0,0,0,55
11620,6,"11620-6",2,1,2,NA,NA,NA,NA,NA,NA,NA,1,1,1,15.0748598,1,1,7,2,2,9999,9999,2501,9999,25,21,1,6,54,1,3,0,0,0,0,0,0,0,55,21,0,0,0,0,0,0,0,55
11620,7,"11620-7",2,1,2,NA,NA,NA,NA,NA,NA,NA,1,1,1,15.0748598,1,1,8,2,2,9999,9999,2501,9999,39,25,1,6,54,1,3,0,0,0,0,0,0,0,55,21,0,0,0,0,0,0,0,55
11620,8,"11620-8",2,1,2,NA,NA,NA,NA,NA,NA,NA,1,1,1,15.0748598,0,1,0,2,2,9999,2501,2501,9999,48,39,1,6,54,1,3,0,0,0,0,0,0,0,55,21,0,0,0,0,0,0,0,55
11627,1,"11627-1",2,2,3,NA,NA,NA,NA,NA,NA,NA,3,1,0,41.8229515,0,NA,5,2,NA,2617,2686,NA,NA,23,22,0,NA,NA,4,7,0,0,0,0,0,0,0,32,6,0,0,0,0,0,0,0,32
11627,2,"11627-2",2,2,3,NA,NA,NA,NA,NA,NA,NA,3,1,0,41.8229515,0,NA,0,2,NA,2686,2617,NA,NA,48,23,1,NA,NA,4,7,0,0,0,0,0,0,0,32,6,0,0,0,0,0,0,0,32
11634,5,"11634-5",5,1,2,3,4,5,NA,NA,NA,NA,3,2,2,286.609302716,0,7,7,3,3,2251,2198,2251,2198,34,31,0,18,0,1,2,6,7,7,0,0,0,0,46,46,16,14,8,0,0,0,0,46
11634,6,"11634-6",5,1,2,3,4,5,NA,NA,NA,NA,3,2,2,286.609302716,0,7,0,3,3,2198,2251,2251,2198,48,34,1,18,0,1,2,6,7,7,0,0,0,0,46,46,16,14,8,0,0,0,0,46
11634,2,"11634-2",2,3,4,NA,NA,NA,NA,NA,NA,NA,2,1,1,307.06774224,0,3,3,2,2,2251,2343,2251,2343,26,11,0,8,15,6,7,0,0,0,0,0,0,0,16,14,0,0,0,0,0,0,0,16
11634,3,"11634-3",2,3,4,NA,NA,NA,NA,NA,NA,NA,2,1,1,307.06774224,0,3,0,2,2,2343,2251,2251,2343,31,26,1,8,15,6,7,0,0,0,0,0,0,0,16,14,0,0,0,0,0,0,0,16
11644,1,"11644-1",2,1,2,NA,NA,NA,NA,NA,NA,NA,1,1,0,69.5841297,0,NA,6,2,NA,1669,1087,NA,NA,26,20,0,NA,NA,4,5,0,0,0,0,0,0,0,56,65,0,0,0,0,0,0,0,65
11644,2,"11644-2",2,1,2,NA,NA,NA,NA,NA,NA,NA,1,1,0,69.5841297,1,NA,6,2,NA,1087,967,NA,NA,27,26,1,NA,NA,4,5,0,0,0,0,0,0,0,56,65,0,0,0,0,0,0,0,65
11644,3,"11644-3",2,1,2,NA,NA,NA,NA,NA,NA,NA,1,1,0,69.5841297,0,NA,0,2,NA,967,1669,NA,NA,48,27,1,NA,NA,4,5,0,0,0,0,0,0,0,56,65,0,0,0,0,0,0,0,65
11645,2,"11645-2",2,2,3,NA,NA,NA,NA,NA,NA,NA,3,1,1,327.391933348,0,6,6,2,2,727,726,727,726,14,12,0,8,30,2,8,0,0,0,0,0,0,0,25,0,0,0,0,0,0,0,0,25
11645,3,"11645-3",2,2,3,NA,NA,NA,NA,NA,NA,NA,3,1,1,327.391933348,1,6,7,2,2,726,725,727,726,14,14,1,8,30,2,8,0,0,0,0,0,0,0,25,0,0,0,0,0,0,0,0,25
11645,4,"11645-4",2,2,3,NA,NA,NA,NA,NA,NA,NA,3,1,1,327.391933348,0,6,0,2,2,725,727,727,726,27,14,1,8,30,2,8,0,0,0,0,0,0,0,25,0,0,0,0,0,0,0,0,25
11645,5,"11645-5",2,2,3,NA,NA,NA,NA,NA,NA,NA,3,2,2,327.391933348,0,6,6,2,2,727,783,727,783,30,27,0,16,10,2,8,0,0,0,0,0,0,0,25,0,0,0,0,0,0,0,0,25
11645,6,"11645-6",2,2,3,NA,NA,NA,NA,NA,NA,NA,3,2,2,327.391933348,0,6,0,2,2,783,727,727,783,30,30,1,16,10,2,8,0,0,0,0,0,0,0,25,0,0,0,0,0,0,0,0,25
11648,1,"11648-1",2,1,2,NA,NA,NA,NA,NA,NA,NA,1,1,1,28.706259184,0,7,7,2,2,1204,835,1204,835,36,32,0,18,40,5,4,0,0,0,0,0,0,0,65,53,0,0,0,0,0,0,0,65
11648,2,"11648-2",2,1,2,NA,NA,NA,NA,NA,NA,NA,1,1,1,28.706259184,0,7,0,2,2,835,1204,1204,835,48,36,1,18,40,5,4,0,0,0,0,0,0,0,65,53,0,0,0,0,0,0,0,65
11660,3,"11660-3",2,1,5,NA,NA,NA,NA,NA,NA,NA,3,2,1,28.988543028,0,9,9,2,2,2456,598,2456,598,35,30,0,17,30,1,7,0,0,0,0,0,0,0,48,8,0,0,0,0,0,0,0,48
11660,4,"11660-4",2,1,5,NA,NA,NA,NA,NA,NA,NA,3,2,1,28.988543028,0,9,0,2,2,598,2456,2456,598,48,35,1,17,30,1,7,0,0,0,0,0,0,0,48,8,0,0,0,0,0,0,0,48
11665,1,"11665-1",2,3,4,NA,NA,NA,NA,NA,NA,NA,3,1,1,180.4830716,0,5,5,4,4,1888,1892,1888,1892,26,24,0,14,45,4,6,0,0,0,0,0,0,0,40,16,0,0,0,0,0,0,0,40
11665,2,"11665-2",2,3,4,NA,NA,NA,NA,NA,NA,NA,3,1,1,180.4830716,0,5,0,4,4,1892,1888,1888,1892,48,26,1,14,45,4,6,0,0,0,0,0,0,0,40,16,0,0,0,0,0,0,0,40
11667,1,"11667-1",2,4,5,NA,NA,NA,NA,NA,NA,NA,2,1,1,35.354324432,0,3,3,9,9,2506,2498,2506,2498,23,9,0,7,0,6,7,0,0,0,0,0,0,0,16,13,0,0,0,0,0,0,0,16
11667,2,"11667-2",2,4,5,NA,NA,NA,NA,NA,NA,NA,2,1,1,35.354324432,0,3,0,9,9,2498,2506,2506,2498,48,23,1,7,0,6,7,0,0,0,0,0,0,0,16,13,0,0,0,0,0,0,0,16
11671,1,"11671-1",2,1,2,NA,NA,NA,NA,NA,NA,NA,1,1,1,77.601631566,0,6,6,2,2,2393,2343,2393,2343,16,13,0,9,0,5,5,0,0,0,0,0,0,0,67,66,0,0,0,0,0,0,0,67
11671,2,"11671-2",2,1,2,NA,NA,NA,NA,NA,NA,NA,1,1,1,77.601631566,1,6,6,2,2,2343,2405,2393,2343,17,16,1,9,0,5,5,0,0,0,0,0,0,0,67,66,0,0,0,0,0,0,0,67
11671,3,"11671-3",2,1,2,NA,NA,NA,NA,NA,NA,NA,1,1,1,77.601631566,0,6,0,2,2,2405,2393,2393,2343,48,17,1,9,0,5,5,0,0,0,0,0,0,0,67,66,0,0,0,0,0,0,0,67
11672,1,"11672-1",2,1,2,NA,NA,NA,NA,NA,NA,NA,1,1,1,29.500685192,1,6,6,2,2,1549,1528,1549,1912,15,14,0,9,30,5,5,0,0,0,0,0,0,0,66,69,0,0,0,0,0,0,0,69
11672,2,"11672-2",2,1,2,NA,NA,NA,NA,NA,NA,NA,1,1,1,29.500685192,0,6,6,2,2,1528,1912,1549,1912,18,15,0,9,30,5,5,0,0,0,0,0,0,0,66,69,0,0,0,0,0,0,0,69
11672,3,"11672-3",2,1,2,NA,NA,NA,NA,NA,NA,NA,1,1,1,29.500685192,0,6,0,2,2,1912,1549,1549,1912,29,18,1,9,30,5,5,0,0,0,0,0,0,0,66,69,0,0,0,0,0,0,0,69
11674,1,"11674-1",2,1,2,NA,NA,NA,NA,NA,NA,NA,1,1,1,16.853575313,0,6,6,2,2,2506,2173,2506,2173,18,8,0,6,45,5,1,0,0,0,0,0,0,0,67,62,0,0,0,0,0,0,0,67
11674,2,"11674-2",2,1,2,NA,NA,NA,NA,NA,NA,NA,1,1,1,16.853575313,1,6,5,2,2,2173,2483,2506,2173,20,18,1,6,45,5,1,0,0,0,0,0,0,0,67,62,0,0,0,0,0,0,0,67
11674,3,"11674-3",2,1,2,NA,NA,NA,NA,NA,NA,NA,1,1,1,16.853575313,1,6,7,2,2,2483,2507,2506,2173,23,20,1,6,45,5,1,0,0,0,0,0,0,0,67,62,0,0,0,0,0,0,0,67
11674,4,"11674-4",2,1,2,NA,NA,NA,NA,NA,NA,NA,1,1,1,16.853575313,0,6,0,2,2,2507,2506,2506,2173,48,23,1,6,45,5,1,0,0,0,0,0,0,0,67,62,0,0,0,0,0,0,0,67
11697,1,"11697-1",2,1,2,NA,NA,NA,NA,NA,NA,NA,1,1,1,28.706259184,0,6,6,3,3,1545,1566,1545,1566,20,13,0,9,20,5,5,0,0,0,0,0,0,0,65,65,0,0,0,0,0,0,0,65
11697,2,"11697-2",2,1,2,NA,NA,NA,NA,NA,NA,NA,1,1,1,28.706259184,0,6,0,3,3,1566,1545,1545,1566,48,20,1,9,20,5,5,0,0,0,0,0,0,0,65,65,0,0,0,0,0,0,0,65
11703,1,"11703-1",2,1,2,NA,NA,NA,NA,NA,NA,NA,1,2,1,17.849425125,0,5,5,2,2,2506,2504,2506,2504,35,34,0,19,30,1,1,0,0,0,0,0,0,0,30,27,0,0,0,0,0,0,0,30
11703,2,"11703-2",2,1,2,NA,NA,NA,NA,NA,NA,NA,1,2,1,17.849425125,0,5,0,2,2,2504,2506,2506,2504,48,35,1,19,30,1,1,0,0,0,0,0,0,0,30,27,0,0,0,0,0,0,0,30
11704,1,"11704-1",2,1,2,NA,NA,NA,NA,NA,NA,NA,1,1,1,25.013307356,0,9,9,2,2,2746,2741,2746,2741,16,13,0,9,0,5,4,0,0,0,0,0,0,0,66,63,0,0,0,0,0,0,0,66
11704,2,"11704-2",2,1,2,NA,NA,NA,NA,NA,NA,NA,1,1,1,25.013307356,1,9,7,2,2,2741,2743,2746,2741,18,16,1,9,0,5,4,0,0,0,0,0,0,0,66,63,0,0,0,0,0,0,0,66
11704,3,"11704-3",2,1,2,NA,NA,NA,NA,NA,NA,NA,1,1,1,25.013307356,0,9,0,2,2,2743,2746,2746,2741,20,18,1,9,0,5,4,0,0,0,0,0,0,0,66,63,0,0,0,0,0,0,0,66
11704,4,"11704-4",2,1,2,NA,NA,NA,NA,NA,NA,NA,1,2,2,25.013307356,0,6,6,2,2,2746,2745,2746,2745,21,20,0,12,45,5,4,0,0,0,0,0,0,0,66,63,0,0,0,0,0,0,0,66
11704,5,"11704-5",2,1,2,NA,NA,NA,NA,NA,NA,NA,1,2,2,25.013307356,0,6,0,2,2,2745,2746,2746,2745,48,21,1,12,45,5,4,0,0,0,0,0,0,0,66,63,0,0,0,0,0,0,0,66
11714,1,"11714-1",3,2,3,4,NA,NA,NA,NA,NA,NA,3,1,1,24.2901511,0,9,9,3,3,2766,2763,2766,2763,33,30,0,17,45,4,7,8,0,0,0,0,0,0,33,6,4,0,0,0,0,0,0,33
11714,2,"11714-2",3,2,3,4,NA,NA,NA,NA,NA,NA,3,1,1,24.2901511,0,9,0,3,3,2763,2766,2766,2763,48,33,1,17,45,4,7,8,0,0,0,0,0,0,33,6,4,0,0,0,0,0,0,33
11726,1,"11726-1",2,1,2,NA,NA,NA,NA,NA,NA,NA,1,1,1,147.4059855,1,5,6,3,3,563,532,563,531,18,18,0,11,34,5,5,0,0,0,0,0,0,0,69,68,0,0,0,0,0,0,0,69
11726,2,"11726-2",2,1,2,NA,NA,NA,NA,NA,NA,NA,1,1,1,147.4059855,0,5,5,3,3,532,531,563,531,20,18,0,11,34,5,5,0,0,0,0,0,0,0,69,68,0,0,0,0,0,0,0,69
11726,3,"11726-3",2,1,2,NA,NA,NA,NA,NA,NA,NA,1,1,1,147.4059855,1,5,7,3,3,531,529,563,531,23,20,1,11,34,5,5,0,0,0,0,0,0,0,69,68,0,0,0,0,0,0,0,69
11726,4,"11726-4",2,1,2,NA,NA,NA,NA,NA,NA,NA,1,1,1,147.4059855,0,5,0,3,3,529,563,563,531,31,23,1,11,34,5,5,0,0,0,0,0,0,0,69,68,0,0,0,0,0,0,0,69
11730,1,"11730-1",2,1,2,NA,NA,NA,NA,NA,NA,NA,1,1,1,43.785335861,0,9,9,2,2,1411,1412,1411,1412,16,13,0,9,15,4,4,0,0,0,0,0,0,0,62,62,0,0,0,0,0,0,0,62
11730,2,"11730-2",2,1,2,NA,NA,NA,NA,NA,NA,NA,1,1,1,43.785335861,0,9,0,2,2,1412,1411,1411,1412,17,16,1,9,15,4,4,0,0,0,0,0,0,0,62,62,0,0,0,0,0,0,0,62
11730,3,"11730-3",2,1,2,NA,NA,NA,NA,NA,NA,NA,1,2,2,43.785335861,0,9,9,2,2,1411,1219,1411,1219,22,17,0,11,15,4,4,0,0,0,0,0,0,0,62,62,0,0,0,0,0,0,0,62
11730,4,"11730-4",2,1,2,NA,NA,NA,NA,NA,NA,NA,1,2,2,43.785335861,0,9,0,2,2,1219,1411,1411,1219,48,22,1,11,15,4,4,0,0,0,0,0,0,0,62,62,0,0,0,0,0,0,0,62
11742,1,"11742-1",2,1,2,NA,NA,NA,NA,NA,NA,NA,1,1,1,55.6476699,0,7,7,3,3,34,419,34,419,16,13,0,9,15,4,1,0,0,0,0,0,0,0,57,60,0,0,0,0,0,0,0,60
11742,2,"11742-2",2,1,2,NA,NA,NA,NA,NA,NA,NA,1,1,1,55.6476699,0,7,0,3,3,419,34,34,419,24,16,1,9,15,4,1,0,0,0,0,0,0,0,57,60,0,0,0,0,0,0,0,60
11749,1,"11749-1",2,1,2,NA,NA,NA,NA,NA,NA,NA,1,1,1,172.095886387,0,5,5,2,2,1877,1783,1877,1783,17,15,0,10,0,5,5,0,0,0,0,0,0,0,80,80,0,0,0,0,0,0,0,80
11749,2,"11749-2",2,1,2,NA,NA,NA,NA,NA,NA,NA,1,1,1,172.095886387,1,5,5,2,2,1783,1883,1877,1783,20,17,1,10,0,5,5,0,0,0,0,0,0,0,80,80,0,0,0,0,0,0,0,80
11749,3,"11749-3",2,1,2,NA,NA,NA,NA,NA,NA,NA,1,1,1,172.095886387,1,5,5,2,2,1883,1885,1877,1783,21,20,1,10,0,5,5,0,0,0,0,0,0,0,80,80,0,0,0,0,0,0,0,80
11749,4,"11749-4",2,1,2,NA,NA,NA,NA,NA,NA,NA,1,1,1,172.095886387,0,5,0,2,2,1885,1877,1877,1783,48,21,1,10,0,5,5,0,0,0,0,0,0,0,80,80,0,0,0,0,0,0,0,80
11757,2,"11757-2",2,2,3,NA,NA,NA,NA,NA,NA,NA,2,2,1,186.1959904,0,5,5,4,4,369,369,369,369,31,31,0,18,0,7,7,0,0,0,0,0,0,0,14,12,0,0,0,0,0,0,0,14
11757,3,"11757-3",2,2,3,NA,NA,NA,NA,NA,NA,NA,2,2,1,186.1959904,0,5,0,4,4,369,369,369,369,48,31,1,18,0,7,7,0,0,0,0,0,0,0,14,12,0,0,0,0,0,0,0,14
11761,1,"11761-1",2,1,3,NA,NA,NA,NA,NA,NA,NA,3,1,1,29.810075792,0,1,1,2,2,2766,9999,2766,9999,27,8,0,6,45,1,7,0,0,0,0,0,0,0,55,12,0,0,0,0,0,0,0,55
11761,2,"11761-2",2,1,3,NA,NA,NA,NA,NA,NA,NA,3,1,1,29.810075792,1,1,6,2,2,9999,9999,2766,9999,28,27,1,6,45,1,7,0,0,0,0,0,0,0,55,12,0,0,0,0,0,0,0,55
11761,3,"11761-3",2,1,3,NA,NA,NA,NA,NA,NA,NA,3,1,1,29.810075792,1,1,6,2,2,9999,9999,2766,9999,29,28,1,6,45,1,7,0,0,0,0,0,0,0,55,12,0,0,0,0,0,0,0,55
11761,4,"11761-4",2,1,3,NA,NA,NA,NA,NA,NA,NA,3,1,1,29.810075792,0,1,0,2,2,9999,2766,2766,9999,34,29,1,6,45,1,7,0,0,0,0,0,0,0,55,12,0,0,0,0,0,0,0,55
11774,1,"11774-1",2,1,4,NA,NA,NA,NA,NA,NA,NA,1,2,1,141.065451345,0,5,5,3,3,475,551,475,551,34,32,0,18,30,1,1,0,0,0,0,0,0,0,57,24,0,0,0,0,0,0,0,57
11774,2,"11774-2",2,1,4,NA,NA,NA,NA,NA,NA,NA,1,2,1,141.065451345,0,5,0,3,3,551,475,475,551,48,34,1,18,30,1,1,0,0,0,0,0,0,0,57,24,0,0,0,0,0,0,0,57
11777,1,"11777-1",2,2,3,NA,NA,NA,NA,NA,NA,NA,3,1,1,165.3413821,0,5,5,4,4,1678,1678,1678,1678,19,19,0,12,0,4,8,0,0,0,0,0,0,0,37,1,0,0,0,0,0,0,0,37
11777,2,"11777-2",2,2,3,NA,NA,NA,NA,NA,NA,NA,3,1,1,165.3413821,0,5,0,4,4,1678,1678,1678,1678,48,19,1,12,0,4,8,0,0,0,0,0,0,0,37,1,0,0,0,0,0,0,0,37
11778,1,"11778-1",2,1,2,NA,NA,NA,NA,NA,NA,NA,1,1,0,63.208752,0,NA,7,2,NA,2438,2458,NA,NA,13,13,0,NA,NA,1,5,0,0,0,0,0,0,0,53,67,0,0,0,0,0,0,0,67
11778,2,"11778-2",2,1,2,NA,NA,NA,NA,NA,NA,NA,1,1,0,63.208752,0,NA,0,2,NA,2458,2438,NA,NA,48,13,1,NA,NA,1,5,0,0,0,0,0,0,0,53,67,0,0,0,0,0,0,0,67
11779,1,"11779-1",2,1,2,NA,NA,NA,NA,NA,NA,NA,1,2,1,16.75842861,0,6,6,3,3,2779,2783,2779,2783,28,27,0,16,14,1,1,0,0,0,0,0,0,0,53,50,0,0,0,0,0,0,0,53
11779,2,"11779-2",2,1,2,NA,NA,NA,NA,NA,NA,NA,1,2,1,16.75842861,1,6,5,3,3,2783,2779,2779,2783,28,28,1,16,14,1,1,0,0,0,0,0,0,0,53,50,0,0,0,0,0,0,0,53
11779,3,"11779-3",2,1,2,NA,NA,NA,NA,NA,NA,NA,1,2,1,16.75842861,0,6,0,3,3,2779,2779,2779,2783,48,28,1,16,14,1,1,0,0,0,0,0,0,0,53,50,0,0,0,0,0,0,0,53
11782,1,"11782-1",2,1,2,NA,NA,NA,NA,NA,NA,NA,1,1,1,221.6339893,0,6,6,2,2,717,726,717,726,19,19,0,12,0,5,5,0,0,0,0,0,0,0,67,71,0,0,0,0,0,0,0,71
11782,2,"11782-2",2,1,2,NA,NA,NA,NA,NA,NA,NA,1,1,1,221.6339893,1,6,8,2,2,726,718,717,726,20,19,1,12,0,5,5,0,0,0,0,0,0,0,67,71,0,0,0,0,0,0,0,71
11782,3,"11782-3",2,1,2,NA,NA,NA,NA,NA,NA,NA,1,1,1,221.6339893,1,6,8,2,2,718,720,717,726,20,20,1,12,0,5,5,0,0,0,0,0,0,0,67,71,0,0,0,0,0,0,0,71
11782,4,"11782-4",2,1,2,NA,NA,NA,NA,NA,NA,NA,1,1,1,221.6339893,0,6,0,2,2,720,717,717,726,25,20,1,12,0,5,5,0,0,0,0,0,0,0,67,71,0,0,0,0,0,0,0,71
11782,5,"11782-5",2,1,2,NA,NA,NA,NA,NA,NA,NA,1,2,2,221.6339893,0,6,6,2,2,717,757,717,757,25,25,0,15,7,5,5,0,0,0,0,0,0,0,67,71,0,0,0,0,0,0,0,71
11782,6,"11782-6",2,1,2,NA,NA,NA,NA,NA,NA,NA,1,2,2,221.6339893,0,6,0,2,2,757,717,717,757,48,25,1,15,7,5,5,0,0,0,0,0,0,0,67,71,0,0,0,0,0,0,0,71
11792,1,"11792-1",2,1,2,NA,NA,NA,NA,NA,NA,NA,1,1,1,24.0969558,1,9,6,2,2,2526,1970,2526,1810,19,18,0,11,31,4,5,0,0,0,0,0,0,0,55,76,0,0,0,0,0,0,0,76
11792,2,"11792-2",2,1,2,NA,NA,NA,NA,NA,NA,NA,1,1,1,24.0969558,1,9,6,2,2,1970,1971,2526,1810,19,19,0,11,31,4,5,0,0,0,0,0,0,0,55,76,0,0,0,0,0,0,0,76
11792,3,"11792-3",2,1,2,NA,NA,NA,NA,NA,NA,NA,1,1,1,24.0969558,1,9,6,2,2,1971,1971,2526,1810,20,19,0,11,31,4,5,0,0,0,0,0,0,0,55,76,0,0,0,0,0,0,0,76
11792,4,"11792-4",2,1,2,NA,NA,NA,NA,NA,NA,NA,1,1,1,24.0969558,1,9,5,2,2,1971,1993,2526,1810,23,20,0,11,31,4,5,0,0,0,0,0,0,0,55,76,0,0,0,0,0,0,0,76
11792,5,"11792-5",2,1,2,NA,NA,NA,NA,NA,NA,NA,1,1,1,24.0969558,0,9,9,2,2,1993,1810,2526,1810,28,23,0,11,31,4,5,0,0,0,0,0,0,0,55,76,0,0,0,0,0,0,0,76
11792,6,"11792-6",2,1,2,NA,NA,NA,NA,NA,NA,NA,1,1,1,24.0969558,1,9,6,2,2,1810,1820,2526,1810,29,28,1,11,31,4,5,0,0,0,0,0,0,0,55,76,0,0,0,0,0,0,0,76
11792,7,"11792-7",2,1,2,NA,NA,NA,NA,NA,NA,NA,1,1,1,24.0969558,1,9,7,2,2,1820,2519,2526,1810,31,29,1,11,31,4,5,0,0,0,0,0,0,0,55,76,0,0,0,0,0,0,0,76
11792,8,"11792-8",2,1,2,NA,NA,NA,NA,NA,NA,NA,1,1,1,24.0969558,1,9,5,2,2,2519,2521,2526,1810,33,31,1,11,31,4,5,0,0,0,0,0,0,0,55,76,0,0,0,0,0,0,0,76
11792,9,"11792-9",2,1,2,NA,NA,NA,NA,NA,NA,NA,1,1,1,24.0969558,0,9,0,2,2,2521,2526,2526,1810,48,33,1,11,31,4,5,0,0,0,0,0,0,0,55,76,0,0,0,0,0,0,0,76
11799,1,"11799-1",2,1,2,NA,NA,NA,NA,NA,NA,NA,3,1,1,105.39654382,1,9,4,3,3,1412,1158,1412,991,16,15,0,10,28,1,8,0,0,0,0,0,0,0,34,4,0,0,0,0,0,0,0,34
11799,2,"11799-2",2,1,2,NA,NA,NA,NA,NA,NA,NA,3,1,1,105.39654382,0,9,9,3,3,1158,991,1412,991,23,16,0,10,28,1,8,0,0,0,0,0,0,0,34,4,0,0,0,0,0,0,0,34
11799,3,"11799-3",2,1,2,NA,NA,NA,NA,NA,NA,NA,3,1,1,105.39654382,1,9,4,3,3,991,1158,1412,991,23,23,1,10,28,1,8,0,0,0,0,0,0,0,34,4,0,0,0,0,0,0,0,34
11799,4,"11799-4",2,1,2,NA,NA,NA,NA,NA,NA,NA,3,1,1,105.39654382,0,9,0,3,3,1158,1412,1412,991,27,23,1,10,28,1,8,0,0,0,0,0,0,0,34,4,0,0,0,0,0,0,0,34
11799,5,"11799-5",2,1,2,NA,NA,NA,NA,NA,NA,NA,3,2,2,105.39654382,0,5,5,4,4,1412,1411,1412,1411,31,27,0,16,17,1,8,0,0,0,0,0,0,0,34,4,0,0,0,0,0,0,0,34
11799,6,"11799-6",2,1,2,NA,NA,NA,NA,NA,NA,NA,3,2,2,105.39654382,0,5,0,4,4,1411,1412,1412,1411,48,31,1,16,17,1,8,0,0,0,0,0,0,0,34,4,0,0,0,0,0,0,0,34
11800,3,"11800-3",3,2,3,4,NA,NA,NA,NA,NA,NA,3,3,1,81.0476351,0,9,9,3,3,1234,1256,1234,1256,32,28,0,16,40,4,7,7,0,0,0,0,0,0,40,8,8,0,0,0,0,0,0,40
11800,4,"11800-4",3,2,3,4,NA,NA,NA,NA,NA,NA,3,3,1,81.0476351,0,9,0,3,3,1256,1234,1234,1256,48,32,1,16,40,4,7,7,0,0,0,0,0,0,40,8,8,0,0,0,0,0,0,40
11804,3,"11804-3",4,2,3,4,5,NA,NA,NA,NA,NA,3,1,2,24.2901511,1,9,7,3,3,2807,2800,2807,2799,30,30,0,17,30,4,7,7,7,0,0,0,0,0,35,14,10,7,0,0,0,0,0,35
11804,4,"11804-4",4,2,3,4,5,NA,NA,NA,NA,NA,3,1,2,24.2901511,0,9,9,3,3,2800,2799,2807,2799,34,30,0,17,30,4,7,7,7,0,0,0,0,0,35,14,10,7,0,0,0,0,0,35
11804,5,"11804-5",4,2,3,4,5,NA,NA,NA,NA,NA,3,1,2,24.2901511,0,9,0,3,3,2799,2807,2807,2799,48,34,1,17,30,4,7,7,7,0,0,0,0,0,35,14,10,7,0,0,0,0,0,35
11804,1,"11804-1",2,4,5,NA,NA,NA,NA,NA,NA,NA,2,1,1,24.6635235,0,3,3,9,9,2807,2799,2807,2799,26,11,0,8,10,7,7,0,0,0,0,0,0,0,10,7,0,0,0,0,0,0,0,10
11804,2,"11804-2",2,4,5,NA,NA,NA,NA,NA,NA,NA,2,1,1,24.6635235,0,3,0,9,9,2799,2807,2807,2799,30,26,1,8,10,7,7,0,0,0,0,0,0,0,10,7,0,0,0,0,0,0,0,10
11805,1,"11805-1",2,1,2,NA,NA,NA,NA,NA,NA,NA,1,1,1,10.10481775,0,5,5,2,2,2516,9999,2516,9999,18,17,0,11,5,5,5,0,0,0,0,0,0,0,74,69,0,0,0,0,0,0,0,74
11805,2,"11805-2",2,1,2,NA,NA,NA,NA,NA,NA,NA,1,1,1,10.10481775,1,5,6,2,2,9999,9999,2516,9999,19,18,1,11,5,5,5,0,0,0,0,0,0,0,74,69,0,0,0,0,0,0,0,74
11805,3,"11805-3",2,1,2,NA,NA,NA,NA,NA,NA,NA,1,1,1,10.10481775,1,5,6,2,2,9999,2516,2516,9999,20,19,1,11,5,5,5,0,0,0,0,0,0,0,74,69,0,0,0,0,0,0,0,74
11805,4,"11805-4",2,1,2,NA,NA,NA,NA,NA,NA,NA,1,1,1,10.10481775,0,5,0,2,2,2516,2516,2516,9999,21,20,1,11,5,5,5,0,0,0,0,0,0,0,74,69,0,0,0,0,0,0,0,74
11805,5,"11805-5",2,1,2,NA,NA,NA,NA,NA,NA,NA,1,2,2,10.10481775,0,6,6,2,2,2516,9999,2516,9999,23,21,0,13,6,5,5,0,0,0,0,0,0,0,74,69,0,0,0,0,0,0,0,74
11805,6,"11805-6",2,1,2,NA,NA,NA,NA,NA,NA,NA,1,2,2,10.10481775,1,6,6,2,2,9999,9999,2516,9999,24,23,1,13,6,5,5,0,0,0,0,0,0,0,74,69,0,0,0,0,0,0,0,74
11805,7,"11805-7",2,1,2,NA,NA,NA,NA,NA,NA,NA,1,2,2,10.10481775,1,6,5,2,2,9999,9999,2516,9999,26,24,1,13,6,5,5,0,0,0,0,0,0,0,74,69,0,0,0,0,0,0,0,74
11805,8,"11805-8",2,1,2,NA,NA,NA,NA,NA,NA,NA,1,2,2,10.10481775,0,6,0,2,2,9999,2516,2516,9999,48,26,1,13,6,5,5,0,0,0,0,0,0,0,74,69,0,0,0,0,0,0,0,74
11807,1,"11807-1",2,1,2,NA,NA,NA,NA,NA,NA,NA,1,1,1,146.0992197,0,8,8,2,2,476,839,476,839,21,14,0,9,52,2,4,0,0,0,0,0,0,0,64,55,0,0,0,0,0,0,0,64
11807,2,"11807-2",2,1,2,NA,NA,NA,NA,NA,NA,NA,1,1,1,146.0992197,0,8,0,2,2,839,476,476,839,22,21,1,9,52,2,4,0,0,0,0,0,0,0,64,55,0,0,0,0,0,0,0,64
11809,1,"11809-1",2,1,2,NA,NA,NA,NA,NA,NA,NA,1,1,1,21.136190436,1,6,6,2,2,2447,626,2447,518,24,23,0,14,0,5,5,0,0,0,0,0,0,0,84,84,0,0,0,0,0,0,0,84
11809,2,"11809-2",2,1,2,NA,NA,NA,NA,NA,NA,NA,1,1,1,21.136190436,0,6,6,2,2,626,518,2447,518,29,24,0,14,0,5,5,0,0,0,0,0,0,0,84,84,0,0,0,0,0,0,0,84
11809,3,"11809-3",2,1,2,NA,NA,NA,NA,NA,NA,NA,1,1,1,21.136190436,0,6,0,2,2,518,2447,2447,518,48,29,1,14,0,5,5,0,0,0,0,0,0,0,84,84,0,0,0,0,0,0,0,84
11814,1,"11814-1",2,2,3,NA,NA,NA,NA,NA,NA,NA,2,1,1,293.867490672,1,3,3,6,6,376,229,376,376,26,9,0,7,0,6,7,0,0,0,0,0,0,0,16,14,0,0,0,0,0,0,0,16
11814,2,"11814-2",2,2,3,NA,NA,NA,NA,NA,NA,NA,2,1,1,293.867490672,0,3,3,6,6,229,376,376,376,48,26,0,7,0,6,7,0,0,0,0,0,0,0,16,14,0,0,0,0,0,0,0,16
11817,2,"11817-2",2,1,2,NA,NA,NA,NA,NA,NA,NA,1,2,1,256.042967128,0,6,6,3,3,266,571,266,571,22,18,0,11,38,1,1,0,0,0,0,0,0,0,33,34,0,0,0,0,0,0,0,34
11817,3,"11817-3",2,1,2,NA,NA,NA,NA,NA,NA,NA,1,2,1,256.042967128,1,6,6,3,3,571,648,266,571,24,22,1,11,38,1,1,0,0,0,0,0,0,0,33,34,0,0,0,0,0,0,0,34
11817,4,"11817-4",2,1,2,NA,NA,NA,NA,NA,NA,NA,1,2,1,256.042967128,1,6,7,3,3,648,575,266,571,24,24,1,11,38,1,1,0,0,0,0,0,0,0,33,34,0,0,0,0,0,0,0,34
11817,5,"11817-5",2,1,2,NA,NA,NA,NA,NA,NA,NA,1,2,1,256.042967128,0,6,0,3,3,575,266,266,571,48,24,1,11,38,1,1,0,0,0,0,0,0,0,33,34,0,0,0,0,0,0,0,34
11819,1,"11819-1",2,1,2,NA,NA,NA,NA,NA,NA,NA,1,2,1,322.8890532,0,7,7,2,2,921,919,921,919,31,30,0,17,48,2,1,0,0,0,0,0,0,0,63,61,0,0,0,0,0,0,0,63
11819,2,"11819-2",2,1,2,NA,NA,NA,NA,NA,NA,NA,1,2,1,322.8890532,0,7,0,2,2,919,921,921,919,48,31,1,17,48,2,1,0,0,0,0,0,0,0,63,61,0,0,0,0,0,0,0,63
11824,5,"11824-5",6,1,2,3,4,5,6,NA,NA,NA,3,3,1,31.264036728,0,8,8,3,3,2447,2474,2447,2474,34,32,0,18,30,2,1,7,7,7,8,0,0,0,39,38,12,11,8,5,0,0,0,39
11824,6,"11824-6",6,1,2,3,4,5,6,NA,NA,NA,3,3,1,31.264036728,0,8,0,3,3,2474,2447,2447,2474,48,34,1,18,30,2,1,7,7,7,8,0,0,0,39,38,12,11,8,5,0,0,0,39
11828,1,"11828-1",2,1,2,NA,NA,NA,NA,NA,NA,NA,1,2,1,128.8582828,0,5,5,2,2,1543,801,1543,801,28,25,0,15,8,4,1,0,0,0,0,0,0,0,49,52,0,0,0,0,0,0,0,52
11828,2,"11828-2",2,1,2,NA,NA,NA,NA,NA,NA,NA,1,2,1,128.8582828,1,5,7,2,2,801,1631,1543,801,30,28,1,15,8,4,1,0,0,0,0,0,0,0,49,52,0,0,0,0,0,0,0,52
11828,3,"11828-3",2,1,2,NA,NA,NA,NA,NA,NA,NA,1,2,1,128.8582828,0,5,0,2,2,1631,1543,1543,801,48,30,1,15,8,4,1,0,0,0,0,0,0,0,49,52,0,0,0,0,0,0,0,52
11829,1,"11829-1",2,1,2,NA,NA,NA,NA,NA,NA,NA,1,1,1,26.361864076,0,6,6,2,2,1552,1608,1552,1608,19,11,0,8,15,5,5,0,0,0,0,0,0,0,70,70,0,0,0,0,0,0,0,70
11829,2,"11829-2",2,1,2,NA,NA,NA,NA,NA,NA,NA,1,1,1,26.361864076,1,6,7,2,2,1608,1623,1552,1608,22,19,1,8,15,5,5,0,0,0,0,0,0,0,70,70,0,0,0,0,0,0,0,70
11829,3,"11829-3",2,1,2,NA,NA,NA,NA,NA,NA,NA,1,1,1,26.361864076,1,6,5,2,2,1623,1274,1552,1608,25,22,1,8,15,5,5,0,0,0,0,0,0,0,70,70,0,0,0,0,0,0,0,70
11829,4,"11829-4",2,1,2,NA,NA,NA,NA,NA,NA,NA,1,1,1,26.361864076,0,6,0,2,2,1274,1552,1552,1608,48,25,1,8,15,5,5,0,0,0,0,0,0,0,70,70,0,0,0,0,0,0,0,70
11832,1,"11832-1",2,1,2,NA,NA,NA,NA,NA,NA,NA,1,2,1,39.89444781,0,6,6,2,2,1491,1319,1491,1319,30,19,0,12,0,1,5,0,0,0,0,0,0,0,59,67,0,0,0,0,0,0,0,67
11832,2,"11832-2",2,1,2,NA,NA,NA,NA,NA,NA,NA,1,2,1,39.89444781,0,6,0,2,2,1319,1491,1491,1319,34,30,1,12,0,1,5,0,0,0,0,0,0,0,59,67,0,0,0,0,0,0,0,67
11840,2,"11840-2",2,1,2,NA,NA,NA,NA,NA,NA,NA,1,1,1,33.10845088,0,6,6,2,2,2499,2505,2499,2505,16,12,0,8,50,1,4,0,0,0,0,0,0,0,42,45,0,0,0,0,0,0,0,45
11840,3,"11840-3",2,1,2,NA,NA,NA,NA,NA,NA,NA,1,1,1,33.10845088,0,6,0,2,2,2505,2499,2499,2505,17,16,1,8,50,1,4,0,0,0,0,0,0,0,42,45,0,0,0,0,0,0,0,45
11840,4,"11840-4",2,1,2,NA,NA,NA,NA,NA,NA,NA,1,2,2,33.10845088,0,6,6,2,2,2499,2501,2499,2501,19,17,0,11,20,1,4,0,0,0,0,0,0,0,42,45,0,0,0,0,0,0,0,45
11840,5,"11840-5",2,1,2,NA,NA,NA,NA,NA,NA,NA,1,2,2,33.10845088,1,6,5,2,2,2501,9999,2499,2501,20,19,1,11,20,1,4,0,0,0,0,0,0,0,42,45,0,0,0,0,0,0,0,45
11840,6,"11840-6",2,1,2,NA,NA,NA,NA,NA,NA,NA,1,2,2,33.10845088,1,6,7,2,2,9999,9999,2499,2501,23,20,1,11,20,1,4,0,0,0,0,0,0,0,42,45,0,0,0,0,0,0,0,45
11840,7,"11840-7",2,1,2,NA,NA,NA,NA,NA,NA,NA,1,2,2,33.10845088,0,6,0,2,2,9999,2499,2499,2501,48,23,1,11,20,1,4,0,0,0,0,0,0,0,42,45,0,0,0,0,0,0,0,45
11853,1,"11853-1",2,1,2,NA,NA,NA,NA,NA,NA,NA,1,1,1,17.105608165,1,5,7,2,2,2592,2644,2592,2686,15,12,0,8,30,5,5,0,0,0,0,0,0,0,70,69,0,0,0,0,0,0,0,70
11853,2,"11853-2",2,1,2,NA,NA,NA,NA,NA,NA,NA,1,1,1,17.105608165,1,5,5,2,2,2644,2644,2592,2686,18,15,0,8,30,5,5,0,0,0,0,0,0,0,70,69,0,0,0,0,0,0,0,70
11853,3,"11853-3",2,1,2,NA,NA,NA,NA,NA,NA,NA,1,1,1,17.105608165,1,5,5,2,2,2644,2687,2592,2686,18,18,0,8,30,5,5,0,0,0,0,0,0,0,70,69,0,0,0,0,0,0,0,70
11853,4,"11853-4",2,1,2,NA,NA,NA,NA,NA,NA,NA,1,1,1,17.105608165,1,5,5,2,2,2687,2686,2592,2686,19,18,0,8,30,5,5,0,0,0,0,0,0,0,70,69,0,0,0,0,0,0,0,70
11853,5,"11853-5",2,1,2,NA,NA,NA,NA,NA,NA,NA,1,1,1,17.105608165,1,5,6,2,2,2686,2680,2592,2686,20,19,0,8,30,5,5,0,0,0,0,0,0,0,70,69,0,0,0,0,0,0,0,70
11853,6,"11853-6",2,1,2,NA,NA,NA,NA,NA,NA,NA,1,1,1,17.105608165,0,5,5,2,2,2680,2686,2592,2686,24,20,0,8,30,5,5,0,0,0,0,0,0,0,70,69,0,0,0,0,0,0,0,70
11853,7,"11853-7",2,1,2,NA,NA,NA,NA,NA,NA,NA,1,1,1,17.105608165,0,5,0,2,2,2686,2592,2592,2686,48,24,1,8,30,5,5,0,0,0,0,0,0,0,70,69,0,0,0,0,0,0,0,70
11857,1,"11857-1",2,1,2,NA,NA,NA,NA,NA,NA,NA,1,4,1,26.69114763,1,5,4,3,3,2803,2799,2803,9999,24,23,0,14,25,2,2,0,0,0,0,0,0,0,67,76,0,0,0,0,0,0,0,76
11857,2,"11857-2",2,1,2,NA,NA,NA,NA,NA,NA,NA,1,4,1,26.69114763,1,5,4,3,3,2799,9999,2803,9999,25,24,0,14,25,2,2,0,0,0,0,0,0,0,67,76,0,0,0,0,0,0,0,76
11857,3,"11857-3",2,1,2,NA,NA,NA,NA,NA,NA,NA,1,4,1,26.69114763,0,5,5,3,3,9999,9999,2803,9999,27,25,0,14,25,2,2,0,0,0,0,0,0,0,67,76,0,0,0,0,0,0,0,76
11857,4,"11857-4",2,1,2,NA,NA,NA,NA,NA,NA,NA,1,4,1,26.69114763,1,5,7,3,3,9999,9999,2803,9999,30,27,1,14,25,2,2,0,0,0,0,0,0,0,67,76,0,0,0,0,0,0,0,76
11857,5,"11857-5",2,1,2,NA,NA,NA,NA,NA,NA,NA,1,4,1,26.69114763,0,5,0,3,3,9999,2803,2803,9999,48,30,1,14,25,2,2,0,0,0,0,0,0,0,67,76,0,0,0,0,0,0,0,76
11859,1,"11859-1",2,1,2,NA,NA,NA,NA,NA,NA,NA,1,1,1,57.645912656,0,5,5,2,2,2702,2741,2702,2741,21,20,0,12,45,5,5,0,0,0,0,0,0,0,77,76,0,0,0,0,0,0,0,77
11859,2,"11859-2",2,1,2,NA,NA,NA,NA,NA,NA,NA,1,1,1,57.645912656,1,5,6,2,2,2741,2740,2702,2741,21,21,1,12,45,5,5,0,0,0,0,0,0,0,77,76,0,0,0,0,0,0,0,77
11859,3,"11859-3",2,1,2,NA,NA,NA,NA,NA,NA,NA,1,1,1,57.645912656,0,5,0,2,2,2740,2702,2702,2741,23,21,1,12,45,5,5,0,0,0,0,0,0,0,77,76,0,0,0,0,0,0,0,77
11859,4,"11859-4",2,1,2,NA,NA,NA,NA,NA,NA,NA,1,2,2,57.645912656,0,5,5,2,2,2702,2742,2702,2742,25,23,0,14,15,5,5,0,0,0,0,0,0,0,77,76,0,0,0,0,0,0,0,77
11859,5,"11859-5",2,1,2,NA,NA,NA,NA,NA,NA,NA,1,2,2,57.645912656,0,5,0,2,2,2742,2702,2702,2742,28,25,1,14,15,5,5,0,0,0,0,0,0,0,77,76,0,0,0,0,0,0,0,77
11865,3,"11865-3",3,1,3,4,NA,NA,NA,NA,NA,NA,3,3,1,15.796598352,0,9,9,3,3,2473,2439,2473,2439,33,29,0,17,0,2,7,8,0,0,0,0,0,0,42,7,4,0,0,0,0,0,0,42
11865,4,"11865-4",3,1,3,4,NA,NA,NA,NA,NA,NA,3,3,1,15.796598352,1,9,7,3,3,2439,2434,2473,2439,34,33,1,17,0,2,7,8,0,0,0,0,0,0,42,7,4,0,0,0,0,0,0,42
11865,5,"11865-5",3,1,3,4,NA,NA,NA,NA,NA,NA,3,3,1,15.796598352,0,9,0,3,3,2434,2473,2473,2439,48,34,1,17,0,2,7,8,0,0,0,0,0,0,42,7,4,0,0,0,0,0,0,42
11866,1,"11866-1",2,1,2,NA,NA,NA,NA,NA,NA,NA,1,1,1,11.42779653,0,6,6,2,2,2471,2431,2471,2431,28,24,0,14,30,5,4,0,0,0,0,0,0,0,68,57,0,0,0,0,0,0,0,68
11866,2,"11866-2",2,1,2,NA,NA,NA,NA,NA,NA,NA,1,1,1,11.42779653,1,6,5,2,2,2431,2436,2471,2431,29,28,1,14,30,5,4,0,0,0,0,0,0,0,68,57,0,0,0,0,0,0,0,68
11866,3,"11866-3",2,1,2,NA,NA,NA,NA,NA,NA,NA,1,1,1,11.42779653,1,6,5,2,2,2436,2432,2471,2431,31,29,1,14,30,5,4,0,0,0,0,0,0,0,68,57,0,0,0,0,0,0,0,68
11866,4,"11866-4",2,1,2,NA,NA,NA,NA,NA,NA,NA,1,1,1,11.42779653,0,6,0,2,2,2432,2471,2471,2431,48,31,1,14,30,5,4,0,0,0,0,0,0,0,68,57,0,0,0,0,0,0,0,68
11868,1,"11868-1",3,2,3,4,NA,NA,NA,NA,NA,NA,3,1,1,56.672198228,0,1,1,3,3,2699,2697,2699,2697,26,10,0,7,50,1,7,7,0,0,0,0,0,0,40,8,8,0,0,0,0,0,0,40
11868,2,"11868-2",3,2,3,4,NA,NA,NA,NA,NA,NA,3,1,1,56.672198228,0,1,0,3,3,2697,2699,2699,2697,48,26,1,7,50,1,7,7,0,0,0,0,0,0,40,8,8,0,0,0,0,0,0,40
11871,1,"11871-1",2,1,2,NA,NA,NA,NA,NA,NA,NA,1,1,1,9.270475,0,7,7,3,3,2458,592,2458,592,22,18,0,11,48,5,5,0,0,0,0,0,0,0,74,72,0,0,0,0,0,0,0,74
11871,2,"11871-2",2,1,2,NA,NA,NA,NA,NA,NA,NA,1,1,1,9.270475,1,7,5,3,3,592,2456,2458,592,22,22,1,11,48,5,5,0,0,0,0,0,0,0,74,72,0,0,0,0,0,0,0,74
11871,3,"11871-3",2,1,2,NA,NA,NA,NA,NA,NA,NA,1,1,1,9.270475,0,7,0,3,3,2456,2458,2458,592,23,22,1,11,48,5,5,0,0,0,0,0,0,0,74,72,0,0,0,0,0,0,0,74
11871,4,"11871-4",2,1,2,NA,NA,NA,NA,NA,NA,NA,1,2,2,9.270475,1,9,9,3,5,2458,2417,2458,2417,24,23,0,14,10,5,5,0,0,0,0,0,0,0,74,72,0,0,0,0,0,0,0,74
11871,5,"11871-5",2,1,2,NA,NA,NA,NA,NA,NA,NA,1,2,2,9.270475,0,9,9,5,5,2417,2417,2458,2417,25,24,0,14,10,5,5,0,0,0,0,0,0,0,74,72,0,0,0,0,0,0,0,74
11871,6,"11871-6",2,1,2,NA,NA,NA,NA,NA,NA,NA,1,2,2,9.270475,1,9,5,3,5,2417,2428,2458,2417,26,25,1,14,10,5,5,0,0,0,0,0,0,0,74,72,0,0,0,0,0,0,0,74
11871,7,"11871-7",2,1,2,NA,NA,NA,NA,NA,NA,NA,1,2,2,9.270475,0,9,0,3,5,2428,2458,2458,2417,30,26,1,14,10,5,5,0,0,0,0,0,0,0,74,72,0,0,0,0,0,0,0,74
11874,1,"11874-1",3,1,2,3,NA,NA,NA,NA,NA,NA,1,1,1,42.396548876,0,6,6,3,3,2469,2223,2469,2223,27,23,0,14,0,4,4,4,0,0,0,0,0,0,63,30,40,0,0,0,0,0,0,63
11874,2,"11874-2",3,1,2,3,NA,NA,NA,NA,NA,NA,1,1,1,42.396548876,1,6,7,3,3,2223,2278,2469,2223,29,27,1,14,0,4,4,4,0,0,0,0,0,0,63,30,40,0,0,0,0,0,0,63
11874,3,"11874-3",3,1,2,3,NA,NA,NA,NA,NA,NA,1,1,1,42.396548876,0,6,0,3,3,2278,2469,2469,2223,48,29,1,14,0,4,4,4,0,0,0,0,0,0,63,30,40,0,0,0,0,0,0,63
11877,1,"11877-1",2,1,2,NA,NA,NA,NA,NA,NA,NA,1,1,1,25.8747238,0,7,7,2,2,2458,2458,2458,2458,34,34,0,19,35,4,1,0,0,0,0,0,0,0,32,33,0,0,0,0,0,0,0,33
11877,2,"11877-2",2,1,2,NA,NA,NA,NA,NA,NA,NA,1,1,1,25.8747238,0,7,0,2,2,2458,2458,2458,2458,48,34,1,19,35,4,1,0,0,0,0,0,0,0,32,33,0,0,0,0,0,0,0,33
11885,1,"11885-1",4,2,3,4,5,NA,NA,NA,NA,NA,3,1,1,24.2901511,0,8,8,3,3,2739,2742,2739,2742,25,22,0,13,36,4,8,8,8,0,0,0,0,0,29,4,2,0,0,0,0,0,0,29
11885,2,"11885-2",4,2,3,4,5,NA,NA,NA,NA,NA,3,1,1,24.2901511,0,8,0,3,3,2742,2739,2739,2742,31,25,1,13,36,4,8,8,8,0,0,0,0,0,29,4,2,0,0,0,0,0,0,29
11887,1,"11887-1",2,1,2,NA,NA,NA,NA,NA,NA,NA,1,1,1,60.4371896,0,6,6,4,4,225,420,225,420,16,15,0,10,13,1,2,0,0,0,0,0,0,0,53,61,0,0,0,0,0,0,0,61
11887,2,"11887-2",2,1,2,NA,NA,NA,NA,NA,NA,NA,1,1,1,60.4371896,0,6,0,4,4,420,225,225,420,17,16,1,10,13,1,2,0,0,0,0,0,0,0,53,61,0,0,0,0,0,0,0,61
11891,1,"11891-1",2,1,2,NA,NA,NA,NA,NA,NA,NA,1,2,1,19.12160229,0,7,7,2,2,2514,2502,2514,2502,36,32,0,18,30,1,2,0,0,0,0,0,0,0,61,61,0,0,0,0,0,0,0,61
11891,2,"11891-2",2,1,2,NA,NA,NA,NA,NA,NA,NA,1,2,1,19.12160229,0,7,0,2,2,2502,2514,2514,2502,48,36,1,18,30,1,2,0,0,0,0,0,0,0,61,61,0,0,0,0,0,0,0,61
11893,3,"11893-3",2,1,4,NA,NA,NA,NA,NA,NA,NA,3,4,1,115.8196932,0,2,2,2,2,1650,1659,1650,1659,34,32,0,18,58,3,7,0,0,0,0,0,0,0,37,7,0,0,0,0,0,0,0,37
11893,4,"11893-4",2,1,4,NA,NA,NA,NA,NA,NA,NA,3,4,1,115.8196932,0,2,0,2,2,1659,1650,1650,1659,48,34,1,18,58,3,7,0,0,0,0,0,0,0,37,7,0,0,0,0,0,0,0,37
11895,1,"11895-1",2,1,2,NA,NA,NA,NA,NA,NA,NA,1,1,1,46.723791135,0,6,6,2,2,1545,1483,1545,1483,20,19,0,12,21,1,5,0,0,0,0,0,0,0,60,70,0,0,0,0,0,0,0,70
11895,2,"11895-2",2,1,2,NA,NA,NA,NA,NA,NA,NA,1,1,1,46.723791135,1,6,5,2,2,1483,1355,1545,1483,22,20,1,12,21,1,5,0,0,0,0,0,0,0,60,70,0,0,0,0,0,0,0,70
11895,3,"11895-3",2,1,2,NA,NA,NA,NA,NA,NA,NA,1,1,1,46.723791135,0,6,0,2,2,1355,1545,1545,1483,24,22,1,12,21,1,5,0,0,0,0,0,0,0,60,70,0,0,0,0,0,0,0,70
11900,1,"11900-1",2,1,2,NA,NA,NA,NA,NA,NA,NA,1,1,1,41.22391336,0,9,9,4,4,1888,1888,1888,1888,12,10,0,7,55,5,5,0,0,0,0,0,0,0,68,67,0,0,0,0,0,0,0,68
11900,2,"11900-2",2,1,2,NA,NA,NA,NA,NA,NA,NA,1,1,1,41.22391336,0,9,0,4,4,1888,1888,1888,1888,21,12,1,7,55,5,5,0,0,0,0,0,0,0,68,67,0,0,0,0,0,0,0,68
11902,1,"11902-1",2,1,2,NA,NA,NA,NA,NA,NA,NA,1,1,1,11.42779653,1,6,6,3,3,2458,538,2458,910,17,14,0,9,30,5,5,0,0,0,0,0,0,0,67,65,0,0,0,0,0,0,0,67
11902,2,"11902-2",2,1,2,NA,NA,NA,NA,NA,NA,NA,1,1,1,11.42779653,1,6,5,3,3,538,525,2458,910,18,17,0,9,30,5,5,0,0,0,0,0,0,0,67,65,0,0,0,0,0,0,0,67
11902,3,"11902-3",2,1,2,NA,NA,NA,NA,NA,NA,NA,1,1,1,11.42779653,1,6,9,3,3,525,608,2458,910,19,18,0,9,30,5,5,0,0,0,0,0,0,0,67,65,0,0,0,0,0,0,0,67
11902,4,"11902-4",2,1,2,NA,NA,NA,NA,NA,NA,NA,1,1,1,11.42779653,0,6,6,3,3,608,910,2458,910,24,19,0,9,30,5,5,0,0,0,0,0,0,0,67,65,0,0,0,0,0,0,0,67
11902,5,"11902-5",2,1,2,NA,NA,NA,NA,NA,NA,NA,1,1,1,11.42779653,0,6,0,3,3,910,2458,2458,910,48,24,1,9,30,5,5,0,0,0,0,0,0,0,67,65,0,0,0,0,0,0,0,67
11905,3,"11905-3",3,1,2,3,NA,NA,NA,NA,NA,NA,3,2,1,36.940595328,0,9,9,3,3,2499,2516,2499,2516,37,31,0,18,20,1,2,6,0,0,0,0,0,0,59,54,16,0,0,0,0,0,0,59
11905,4,"11905-4",3,1,2,3,NA,NA,NA,NA,NA,NA,3,2,1,36.940595328,0,9,0,3,3,2516,2499,2499,2516,48,37,1,18,20,1,2,6,0,0,0,0,0,0,59,54,16,0,0,0,0,0,0,59
11907,1,"11907-1",2,1,2,NA,NA,NA,NA,NA,NA,NA,1,2,1,88.529475834,0,8,8,2,2,1525,1532,1525,1532,38,30,0,17,45,5,5,0,0,0,0,0,0,0,78,66,0,0,0,0,0,0,0,78
11907,2,"11907-2",2,1,2,NA,NA,NA,NA,NA,NA,NA,1,2,1,88.529475834,0,8,0,2,2,1532,1525,1525,1532,48,38,1,17,45,5,5,0,0,0,0,0,0,0,78,66,0,0,0,0,0,0,0,78
11918,1,"11918-1",2,3,4,NA,NA,NA,NA,NA,NA,NA,2,1,1,74.2640459,0,3,3,9,9,1628,1281,1628,1281,27,12,0,8,30,7,8,0,0,0,0,0,0,0,8,5,0,0,0,0,0,0,0,8
11918,2,"11918-2",2,3,4,NA,NA,NA,NA,NA,NA,NA,2,1,1,74.2640459,0,3,0,9,9,1281,1628,1628,1281,48,27,1,8,30,7,8,0,0,0,0,0,0,0,8,5,0,0,0,0,0,0,0,8
11919,1,"11919-1",2,1,2,NA,NA,NA,NA,NA,NA,NA,1,1,1,16.9583489,1,5,7,2,2,2516,9999,2516,9999,16,11,0,8,0,1,5,0,0,0,0,0,0,0,30,70,0,0,0,0,0,0,0,70
11919,2,"11919-2",2,1,2,NA,NA,NA,NA,NA,NA,NA,1,1,1,16.9583489,0,5,5,2,2,9999,9999,2516,9999,21,16,0,8,0,1,5,0,0,0,0,0,0,0,30,70,0,0,0,0,0,0,0,70
11919,3,"11919-3",2,1,2,NA,NA,NA,NA,NA,NA,NA,1,1,1,16.9583489,0,5,0,2,2,9999,2516,2516,9999,48,21,1,8,0,1,5,0,0,0,0,0,0,0,30,70,0,0,0,0,0,0,0,70
11921,3,"11921-3",4,1,2,3,4,NA,NA,NA,NA,NA,3,2,1,16.201921376,0,9,9,3,3,2473,2474,2473,2474,34,31,0,18,27,1,1,7,7,0,0,0,0,0,41,36,14,12,0,0,0,0,0,41
11921,4,"11921-4",4,1,2,3,4,NA,NA,NA,NA,NA,3,2,1,16.201921376,0,9,0,3,3,2474,2473,2473,2474,48,34,1,18,27,1,1,7,7,0,0,0,0,0,41,36,14,12,0,0,0,0,0,41
11928,1,"11928-1",3,1,3,4,NA,NA,NA,NA,NA,NA,3,1,1,26.9517558,0,1,1,3,3,2497,2501,2497,2501,27,10,0,7,35,1,7,7,0,0,0,0,0,0,38,9,7,0,0,0,0,0,0,38
11928,2,"11928-2",3,1,3,4,NA,NA,NA,NA,NA,NA,3,1,1,26.9517558,1,1,6,3,3,2501,2504,2497,2501,28,27,1,7,35,1,7,7,0,0,0,0,0,0,38,9,7,0,0,0,0,0,0,38
11928,3,"11928-3",3,1,3,4,NA,NA,NA,NA,NA,NA,3,1,1,26.9517558,0,1,0,3,3,2504,2497,2497,2501,32,28,1,7,35,1,7,7,0,0,0,0,0,0,38,9,7,0,0,0,0,0,0,38
11928,4,"11928-4",2,1,3,NA,NA,NA,NA,NA,NA,NA,3,2,2,26.9517558,0,9,9,2,2,2497,2497,2497,2497,36,32,0,18,40,1,7,0,0,0,0,0,0,0,38,9,0,0,0,0,0,0,0,38
11928,5,"11928-5",2,1,3,NA,NA,NA,NA,NA,NA,NA,3,2,2,26.9517558,0,9,0,2,2,2497,2497,2497,2497,48,36,1,18,40,1,7,0,0,0,0,0,0,0,38,9,0,0,0,0,0,0,0,38
11944,1,"11944-1",2,1,2,NA,NA,NA,NA,NA,NA,NA,1,2,1,103.604435799,0,7,7,2,2,580,592,580,592,32,27,0,16,0,5,5,0,0,0,0,0,0,0,77,74,0,0,0,0,0,0,0,77
11944,2,"11944-2",2,1,2,NA,NA,NA,NA,NA,NA,NA,1,2,1,103.604435799,0,7,0,2,2,592,580,580,592,48,32,1,16,0,5,5,0,0,0,0,0,0,0,77,74,0,0,0,0,0,0,0,77
11946,1,"11946-1",2,1,2,NA,NA,NA,NA,NA,NA,NA,1,1,1,67.943278,1,6,6,2,2,1892,1027,1892,1057,16,16,0,10,34,5,5,0,0,0,0,0,0,0,72,73,0,0,0,0,0,0,0,73
11946,2,"11946-2",2,1,2,NA,NA,NA,NA,NA,NA,NA,1,1,1,67.943278,0,6,6,2,2,1027,1057,1892,1057,19,16,0,10,34,5,5,0,0,0,0,0,0,0,72,73,0,0,0,0,0,0,0,73
11946,3,"11946-3",2,1,2,NA,NA,NA,NA,NA,NA,NA,1,1,1,67.943278,1,6,6,2,2,1057,1191,1892,1057,20,19,1,10,34,5,5,0,0,0,0,0,0,0,72,73,0,0,0,0,0,0,0,73
11946,4,"11946-4",2,1,2,NA,NA,NA,NA,NA,NA,NA,1,1,1,67.943278,1,6,5,2,2,1191,1872,1892,1057,21,20,1,10,34,5,5,0,0,0,0,0,0,0,72,73,0,0,0,0,0,0,0,73
11946,5,"11946-5",2,1,2,NA,NA,NA,NA,NA,NA,NA,1,1,1,67.943278,0,6,0,2,2,1872,1892,1892,1057,48,21,1,10,34,5,5,0,0,0,0,0,0,0,72,73,0,0,0,0,0,0,0,73
11948,1,"11948-1",2,1,4,NA,NA,NA,NA,NA,NA,NA,3,2,1,43.147692688,0,6,6,2,2,2468,2428,2468,2428,29,25,0,15,28,2,6,0,0,0,0,0,0,0,42,16,0,0,0,0,0,0,0,42
11948,2,"11948-2",2,1,4,NA,NA,NA,NA,NA,NA,NA,3,2,1,43.147692688,1,6,5,2,2,2428,2432,2468,2428,31,29,1,15,28,2,6,0,0,0,0,0,0,0,42,16,0,0,0,0,0,0,0,42
11948,3,"11948-3",2,1,4,NA,NA,NA,NA,NA,NA,NA,3,2,1,43.147692688,0,6,0,2,2,2432,2468,2468,2428,35,31,1,15,28,2,6,0,0,0,0,0,0,0,42,16,0,0,0,0,0,0,0,42
11950,1,"11950-1",4,1,3,4,5,NA,NA,NA,NA,NA,3,1,1,204.4043933,0,8,8,3,3,2323,2261,2323,2261,18,14,0,9,30,4,8,8,8,0,0,0,0,0,29,4,3,0,0,0,0,0,0,29
11950,2,"11950-2",4,1,3,4,5,NA,NA,NA,NA,NA,3,1,1,204.4043933,0,8,0,3,3,2261,2323,2323,2261,22,18,1,9,30,4,8,8,8,0,0,0,0,0,29,4,3,0,0,0,0,0,0,29
11950,3,"11950-3",4,1,3,4,5,NA,NA,NA,NA,NA,3,2,2,204.4043933,1,5,6,3,3,2323,2186,2323,875,23,22,0,13,32,4,8,8,8,0,0,0,0,0,29,4,3,0,0,0,0,0,0,29
11950,4,"11950-4",4,1,3,4,5,NA,NA,NA,NA,NA,3,2,2,204.4043933,0,5,5,3,3,2186,875,2323,875,26,23,0,13,32,4,8,8,8,0,0,0,0,0,29,4,3,0,0,0,0,0,0,29
11950,5,"11950-5",4,1,3,4,5,NA,NA,NA,NA,NA,3,2,2,204.4043933,0,5,0,3,3,875,2323,2323,875,48,26,1,13,32,4,8,8,8,0,0,0,0,0,29,4,3,0,0,0,0,0,0,29
11954,1,"11954-1",2,1,3,NA,NA,NA,NA,NA,NA,NA,3,1,1,70.51181916,0,6,6,2,2,1410,1206,1410,1206,18,17,0,11,3,1,8,0,0,0,0,0,0,0,32,0,0,0,0,0,0,0,0,32
11954,2,"11954-2",2,1,3,NA,NA,NA,NA,NA,NA,NA,3,1,1,70.51181916,1,6,5,2,2,1206,1393,1410,1206,19,18,1,11,3,1,8,0,0,0,0,0,0,0,32,0,0,0,0,0,0,0,0,32
11954,3,"11954-3",2,1,3,NA,NA,NA,NA,NA,NA,NA,3,1,1,70.51181916,0,6,0,2,2,1393,1410,1410,1206,48,19,1,11,3,1,8,0,0,0,0,0,0,0,32,0,0,0,0,0,0,0,0,32
11957,1,"11957-1",2,1,2,NA,NA,NA,NA,NA,NA,NA,1,2,1,44.733645562,0,7,7,2,2,2473,2449,2473,2449,33,30,0,17,35,5,1,0,0,0,0,0,0,0,78,77,0,0,0,0,0,0,0,78
11957,2,"11957-2",2,1,2,NA,NA,NA,NA,NA,NA,NA,1,2,1,44.733645562,0,7,0,2,2,2449,2473,2473,2449,48,33,1,17,35,5,1,0,0,0,0,0,0,0,78,77,0,0,0,0,0,0,0,78
11973,1,"11973-1",2,1,2,NA,NA,NA,NA,NA,NA,NA,1,1,1,195.824379345,0,6,6,4,4,157,158,157,158,13,10,0,7,55,1,2,0,0,0,0,0,0,0,52,27,0,0,0,0,0,0,0,52
11973,2,"11973-2",2,1,2,NA,NA,NA,NA,NA,NA,NA,1,1,1,195.824379345,0,6,0,4,4,158,157,157,158,20,13,1,7,55,1,2,0,0,0,0,0,0,0,52,27,0,0,0,0,0,0,0,52
11977,2,"11977-2",2,2,8,NA,NA,NA,NA,NA,NA,NA,3,1,1,40.00726958,0,6,6,2,2,2514,2496,2514,2496,18,16,0,10,50,2,7,0,0,0,0,0,0,0,47,6,0,0,0,0,0,0,0,47
11977,3,"11977-3",2,2,8,NA,NA,NA,NA,NA,NA,NA,3,1,1,40.00726958,1,6,5,2,2,2496,9999,2514,2496,19,18,1,10,50,2,7,0,0,0,0,0,0,0,47,6,0,0,0,0,0,0,0,47
11977,4,"11977-4",2,2,8,NA,NA,NA,NA,NA,NA,NA,3,1,1,40.00726958,1,6,5,2,2,9999,9999,2514,2496,20,19,1,10,50,2,7,0,0,0,0,0,0,0,47,6,0,0,0,0,0,0,0,47
11977,5,"11977-5",2,2,8,NA,NA,NA,NA,NA,NA,NA,3,1,1,40.00726958,1,6,5,2,2,9999,9999,2514,2496,22,20,1,10,50,2,7,0,0,0,0,0,0,0,47,6,0,0,0,0,0,0,0,47
11977,6,"11977-6",2,2,8,NA,NA,NA,NA,NA,NA,NA,3,1,1,40.00726958,0,6,0,2,2,9999,2514,2514,2496,23,22,1,10,50,2,7,0,0,0,0,0,0,0,47,6,0,0,0,0,0,0,0,47
11977,10,"11977-10",2,2,6,NA,NA,NA,NA,NA,NA,NA,3,3,2,40.00726958,0,9,9,2,2,2514,9999,2514,9999,33,30,0,17,30,2,7,0,0,0,0,0,0,0,47,12,0,0,0,0,0,0,0,47
11977,11,"11977-11",2,2,6,NA,NA,NA,NA,NA,NA,NA,3,3,2,40.00726958,0,9,0,2,2,9999,2514,2514,9999,48,33,1,17,30,2,7,0,0,0,0,0,0,0,47,12,0,0,0,0,0,0,0,47
11979,1,"11979-1",2,1,2,NA,NA,NA,NA,NA,NA,NA,1,1,1,15.82860279,0,5,5,2,2,2455,2441,2455,2441,14,11,0,8,0,1,4,0,0,0,0,0,0,0,61,61,0,0,0,0,0,0,0,61
11979,2,"11979-2",2,1,2,NA,NA,NA,NA,NA,NA,NA,1,1,1,15.82860279,1,5,6,2,2,2441,2424,2455,2441,15,14,1,8,0,1,4,0,0,0,0,0,0,0,61,61,0,0,0,0,0,0,0,61
11979,3,"11979-3",2,1,2,NA,NA,NA,NA,NA,NA,NA,1,1,1,15.82860279,0,5,0,2,2,2424,2455,2455,2441,23,15,1,8,0,1,4,0,0,0,0,0,0,0,61,61,0,0,0,0,0,0,0,61
11981,1,"11981-1",2,1,2,NA,NA,NA,NA,NA,NA,NA,3,3,1,43.8178809,0,9,9,2,2,2483,2480,2483,2480,34,31,0,18,15,5,7,0,0,0,0,0,0,0,78,13,0,0,0,0,0,0,0,78
11981,2,"11981-2",2,1,2,NA,NA,NA,NA,NA,NA,NA,3,3,1,43.8178809,0,9,0,2,2,2480,2483,2483,2480,48,34,1,18,15,5,7,0,0,0,0,0,0,0,78,13,0,0,0,0,0,0,0,78
11983,1,"11983-1",2,1,2,NA,NA,NA,NA,NA,NA,NA,1,2,1,16.13625048,0,1,1,2,2,2516,2498,2516,2498,35,30,0,17,50,1,1,0,0,0,0,0,0,0,61,62,0,0,0,0,0,0,0,62
11983,2,"11983-2",2,1,2,NA,NA,NA,NA,NA,NA,NA,1,2,1,16.13625048,1,1,8,2,2,2498,2505,2516,2498,38,35,1,17,50,1,1,0,0,0,0,0,0,0,61,62,0,0,0,0,0,0,0,62
11983,3,"11983-3",2,1,2,NA,NA,NA,NA,NA,NA,NA,1,2,1,16.13625048,0,1,0,2,2,2505,2516,2516,2498,48,38,1,17,50,1,1,0,0,0,0,0,0,0,61,62,0,0,0,0,0,0,0,62
11985,1,"11985-1",2,1,2,NA,NA,NA,NA,NA,NA,NA,1,1,1,104.47559241,1,1,7,2,2,2717,9999,2717,9999,9,8,0,6,34,2,2,0,0,0,0,0,0,0,53,58,0,0,0,0,0,0,0,58
11985,2,"11985-2",2,1,2,NA,NA,NA,NA,NA,NA,NA,1,1,1,104.47559241,1,1,7,2,2,9999,9999,2717,9999,20,9,0,6,34,2,2,0,0,0,0,0,0,0,53,58,0,0,0,0,0,0,0,58
11985,3,"11985-3",2,1,2,NA,NA,NA,NA,NA,NA,NA,1,1,1,104.47559241,0,1,1,2,2,9999,9999,2717,9999,29,20,0,6,34,2,2,0,0,0,0,0,0,0,53,58,0,0,0,0,0,0,0,58
11985,4,"11985-4",2,1,2,NA,NA,NA,NA,NA,NA,NA,1,1,1,104.47559241,0,1,0,2,2,9999,9999,2717,9999,48,29,1,6,34,2,2,0,0,0,0,0,0,0,53,58,0,0,0,0,0,0,0,58
11987,1,"11987-1",2,1,2,NA,NA,NA,NA,NA,NA,NA,1,1,1,36.391534848,0,1,1,2,2,2652,1833,2652,1833,29,6,0,5,47,1,1,0,0,0,0,0,0,0,46,42,0,0,0,0,0,0,0,46
11987,2,"11987-2",2,1,2,NA,NA,NA,NA,NA,NA,NA,1,1,1,36.391534848,1,1,5,2,2,1833,2654,2652,1833,31,29,1,5,47,1,1,0,0,0,0,0,0,0,46,42,0,0,0,0,0,0,0,46
11987,3,"11987-3",2,1,2,NA,NA,NA,NA,NA,NA,NA,1,1,1,36.391534848,0,1,0,2,2,2654,2652,2652,1833,48,31,1,5,47,1,1,0,0,0,0,0,0,0,46,42,0,0,0,0,0,0,0,46
12002,1,"12002-1",2,1,2,NA,NA,NA,NA,NA,NA,NA,1,3,1,29.500685192,0,7,7,2,2,1570,946,1570,946,32,29,0,17,18,5,5,0,0,0,0,0,0,0,67,72,0,0,0,0,0,0,0,72
12002,2,"12002-2",2,1,2,NA,NA,NA,NA,NA,NA,NA,1,3,1,29.500685192,0,7,0,2,2,946,1570,1570,946,48,32,1,17,18,5,5,0,0,0,0,0,0,0,67,72,0,0,0,0,0,0,0,72
12003,3,"12003-3",2,1,5,NA,NA,NA,NA,NA,NA,NA,3,4,1,77.9683401,0,8,8,2,2,1231,995,1231,995,30,29,0,17,5,4,7,0,0,0,0,0,0,0,50,8,0,0,0,0,0,0,0,50
12003,4,"12003-4",2,1,5,NA,NA,NA,NA,NA,NA,NA,3,4,1,77.9683401,0,8,0,2,2,995,1231,1231,995,48,30,1,17,5,4,7,0,0,0,0,0,0,0,50,8,0,0,0,0,0,0,0,50
12005,1,"12005-1",2,1,3,NA,NA,NA,NA,NA,NA,NA,3,2,1,21.215839488,0,9,9,2,2,2499,2498,2499,2498,35,31,0,18,20,1,7,0,0,0,0,0,0,0,33,8,0,0,0,0,0,0,0,33
12005,2,"12005-2",2,1,3,NA,NA,NA,NA,NA,NA,NA,3,2,1,21.215839488,0,9,0,2,2,2498,2499,2499,2498,48,35,1,18,20,1,7,0,0,0,0,0,0,0,33,8,0,0,0,0,0,0,0,33
12008,1,"12008-1",2,1,3,NA,NA,NA,NA,NA,NA,NA,1,1,1,41.581271386,0,6,6,2,2,2652,2561,2652,2561,17,15,0,10,0,5,4,0,0,0,0,0,0,0,70,44,0,0,0,0,0,0,0,70
12008,2,"12008-2",2,1,3,NA,NA,NA,NA,NA,NA,NA,1,1,1,41.581271386,0,6,0,2,2,2561,2652,2652,2561,23,17,1,10,0,5,4,0,0,0,0,0,0,0,70,44,0,0,0,0,0,0,0,70
12008,5,"12008-5",3,1,2,3,NA,NA,NA,NA,NA,NA,1,3,2,41.581271386,0,7,7,3,3,2652,2584,2652,2584,34,30,0,17,45,5,5,4,0,0,0,0,0,0,70,75,44,0,0,0,0,0,0,75
12008,6,"12008-6",3,1,2,3,NA,NA,NA,NA,NA,NA,1,3,2,41.581271386,0,7,0,3,3,2584,2652,2652,2584,48,34,1,17,45,5,5,4,0,0,0,0,0,0,70,75,44,0,0,0,0,0,0,75
12009,1,"12009-1",2,1,2,NA,NA,NA,NA,NA,NA,NA,1,1,1,117.721892785,1,7,7,2,2,1624,1275,1624,1612,13,13,0,9,10,5,5,0,0,0,0,0,0,0,86,77,0,0,0,0,0,0,0,86
12009,2,"12009-2",2,1,2,NA,NA,NA,NA,NA,NA,NA,1,1,1,117.721892785,1,7,5,2,2,1275,1621,1624,1612,14,13,0,9,10,5,5,0,0,0,0,0,0,0,86,77,0,0,0,0,0,0,0,86
12009,3,"12009-3",2,1,2,NA,NA,NA,NA,NA,NA,NA,1,1,1,117.721892785,1,7,7,2,2,1621,1623,1624,1612,15,14,0,9,10,5,5,0,0,0,0,0,0,0,86,77,0,0,0,0,0,0,0,86
12009,4,"12009-4",2,1,2,NA,NA,NA,NA,NA,NA,NA,1,1,1,117.721892785,0,7,7,2,2,1623,1612,1624,1612,19,15,0,9,10,5,5,0,0,0,0,0,0,0,86,77,0,0,0,0,0,0,0,86
12009,5,"12009-5",2,1,2,NA,NA,NA,NA,NA,NA,NA,1,1,1,117.721892785,1,7,5,2,2,1612,1612,1624,1612,21,19,1,9,10,5,5,0,0,0,0,0,0,0,86,77,0,0,0,0,0,0,0,86
12009,6,"12009-6",2,1,2,NA,NA,NA,NA,NA,NA,NA,1,1,1,117.721892785,0,7,0,2,2,1612,1624,1624,1612,48,21,1,9,10,5,5,0,0,0,0,0,0,0,86,77,0,0,0,0,0,0,0,86
12013,5,"12013-5",3,2,3,5,NA,NA,NA,NA,NA,NA,3,2,1,26.269458252,0,9,9,3,3,2739,2401,2739,2401,35,29,0,17,0,1,7,7,0,0,0,0,0,0,45,14,9,0,0,0,0,0,0,45
12013,6,"12013-6",3,2,3,5,NA,NA,NA,NA,NA,NA,3,2,1,26.269458252,0,9,0,3,3,2401,2739,2739,2401,48,35,1,17,0,1,7,7,0,0,0,0,0,0,45,14,9,0,0,0,0,0,0,45
12017,1,"12017-1",2,1,2,NA,NA,NA,NA,NA,NA,NA,1,1,1,16.13625048,0,1,1,2,2,2468,207,2468,207,16,8,0,6,42,1,1,0,0,0,0,0,0,0,53,57,0,0,0,0,0,0,0,57
12017,2,"12017-2",2,1,2,NA,NA,NA,NA,NA,NA,NA,1,1,1,16.13625048,0,1,0,2,2,207,2468,2468,207,48,28,1,6,42,1,1,0,0,0,0,0,0,0,53,57,0,0,0,0,0,0,0,57
12022,1,"12022-1",2,1,2,NA,NA,NA,NA,NA,NA,NA,1,1,1,190.514505282,0,6,6,2,2,2546,2608,2546,2608,14,9,0,7,0,5,5,0,0,0,0,0,0,0,76,77,0,0,0,0,0,0,0,77
12022,2,"12022-2",2,1,2,NA,NA,NA,NA,NA,NA,NA,1,1,1,190.514505282,0,6,0,2,2,2608,2546,2546,2608,48,14,1,7,0,5,5,0,0,0,0,0,0,0,76,77,0,0,0,0,0,0,0,77
12029,1,"12029-1",2,1,2,NA,NA,NA,NA,NA,NA,NA,3,2,1,59.443859,0,7,7,2,2,384,379,384,379,31,31,0,18,0,4,6,0,0,0,0,0,0,0,45,16,0,0,0,0,0,0,0,45
12029,2,"12029-2",2,1,2,NA,NA,NA,NA,NA,NA,NA,3,2,1,59.443859,0,7,0,2,2,379,384,384,379,48,31,1,18,0,4,6,0,0,0,0,0,0,0,45,16,0,0,0,0,0,0,0,45
12041,1,"12041-1",2,1,2,NA,NA,NA,NA,NA,NA,NA,1,2,1,160.672524195,0,5,5,2,2,546,551,546,551,21,16,0,10,45,5,5,0,0,0,0,0,0,0,72,68,0,0,0,0,0,0,0,72
12041,2,"12041-2",2,1,2,NA,NA,NA,NA,NA,NA,NA,1,2,1,160.672524195,0,5,0,2,2,551,546,546,551,26,21,1,10,45,5,5,0,0,0,0,0,0,0,72,68,0,0,0,0,0,0,0,72
12041,3,"12041-3",2,1,2,NA,NA,NA,NA,NA,NA,NA,1,3,2,160.672524195,0,5,5,2,2,546,565,546,565,28,26,0,15,40,5,5,0,0,0,0,0,0,0,72,68,0,0,0,0,0,0,0,72
12041,4,"12041-4",2,1,2,NA,NA,NA,NA,NA,NA,NA,1,3,2,160.672524195,0,5,0,2,2,565,546,546,565,48,28,1,15,40,5,5,0,0,0,0,0,0,0,72,68,0,0,0,0,0,0,0,72
12043,1,"12043-1",2,1,2,NA,NA,NA,NA,NA,NA,NA,1,3,1,13.910380421,0,5,5,2,2,2473,9999,2473,9999,34,30,0,17,35,4,4,0,0,0,0,0,0,0,63,57,0,0,0,0,0,0,0,63
12043,2,"12043-2",2,1,2,NA,NA,NA,NA,NA,NA,NA,1,3,1,13.910380421,1,5,7,2,2,9999,9999,2473,9999,35,34,1,17,35,4,4,0,0,0,0,0,0,0,63,57,0,0,0,0,0,0,0,63
12043,3,"12043-3",2,1,2,NA,NA,NA,NA,NA,NA,NA,1,3,1,13.910380421,0,5,0,2,2,9999,2473,2473,9999,48,35,1,17,35,4,4,0,0,0,0,0,0,0,63,57,0,0,0,0,0,0,0,63
12049,1,"12049-1",2,1,2,NA,NA,NA,NA,NA,NA,NA,1,1,1,17.4861918,0,6,6,3,3,2778,2733,2778,2733,15,11,0,8,0,1,2,0,0,0,0,0,0,0,71,52,0,0,0,0,0,0,0,71
12049,2,"12049-2",2,1,2,NA,NA,NA,NA,NA,NA,NA,1,1,1,17.4861918,0,6,0,3,3,2733,2778,2778,2733,18,15,1,8,0,1,2,0,0,0,0,0,0,0,71,52,0,0,0,0,0,0,0,71
12050,3,"12050-3",3,1,2,3,NA,NA,NA,NA,NA,NA,3,3,1,104.1784072,1,2,6,3,3,1549,1547,1549,1481,32,32,0,18,44,3,1,7,0,0,0,0,0,0,44,44,12,0,0,0,0,0,0,44
12050,4,"12050-4",3,1,2,3,NA,NA,NA,NA,NA,NA,3,3,1,104.1784072,0,2,2,3,3,1547,1481,1549,1481,35,32,0,18,44,3,1,7,0,0,0,0,0,0,44,44,12,0,0,0,0,0,0,44
12050,5,"12050-5",3,1,2,3,NA,NA,NA,NA,NA,NA,3,3,1,104.1784072,0,2,0,3,3,1481,1549,1549,1481,48,35,1,18,44,3,1,7,0,0,0,0,0,0,44,44,12,0,0,0,0,0,0,44
12051,1,"12051-1",2,2,3,NA,NA,NA,NA,NA,NA,NA,1,1,1,22.738169758,0,8,8,2,2,2458,2432,2458,2432,22,17,0,11,0,5,4,0,0,0,0,0,0,0,66,60,0,0,0,0,0,0,0,66
12051,2,"12051-2",2,2,3,NA,NA,NA,NA,NA,NA,NA,1,1,1,22.738169758,0,8,0,2,2,2432,2458,2458,2432,48,22,1,11,0,5,4,0,0,0,0,0,0,0,66,60,0,0,0,0,0,0,0,66
12061,5,"12061-5",2,1,4,NA,NA,NA,NA,NA,NA,NA,3,2,3,77.924990908,0,9,9,2,2,2283,2255,2283,2255,34,31,0,18,15,1,7,0,0,0,0,0,0,0,45,8,0,0,0,0,0,0,0,45
12061,6,"12061-6",2,1,4,NA,NA,NA,NA,NA,NA,NA,3,2,3,77.924990908,0,9,0,2,2,2255,2283,2283,2255,48,34,1,18,15,1,7,0,0,0,0,0,0,0,45,8,0,0,0,0,0,0,0,45
12061,3,"12061-3",2,2,3,NA,NA,NA,NA,NA,NA,NA,3,2,2,72.260864144,0,4,4,2,2,2283,2295,2283,2295,30,28,0,16,30,2,7,0,0,0,0,0,0,0,43,8,0,0,0,0,0,0,0,43
12061,4,"12061-4",2,2,3,NA,NA,NA,NA,NA,NA,NA,3,2,2,72.260864144,0,4,0,2,2,2295,2283,2283,2295,48,30,1,16,30,2,7,0,0,0,0,0,0,0,43,8,0,0,0,0,0,0,0,43
12061,1,"12061-1",2,3,4,NA,NA,NA,NA,NA,NA,NA,2,1,1,100.3164037,0,3,3,9,9,2283,2299,2283,2299,25,11,0,8,5,7,7,0,0,0,0,0,0,0,8,8,0,0,0,0,0,0,0,8
12061,2,"12061-2",2,3,4,NA,NA,NA,NA,NA,NA,NA,2,1,1,100.3164037,0,3,0,9,9,2299,2283,2283,2299,28,25,1,8,5,7,7,0,0,0,0,0,0,0,8,8,0,0,0,0,0,0,0,8
12063,1,"12063-1",2,1,2,NA,NA,NA,NA,NA,NA,NA,1,1,1,15.82860279,0,7,7,2,2,2516,9999,2516,9999,35,31,0,18,0,1,5,0,0,0,0,0,0,0,63,73,0,0,0,0,0,0,0,73
12063,2,"12063-2",2,1,2,NA,NA,NA,NA,NA,NA,NA,1,1,1,15.82860279,0,7,0,2,2,9999,2516,2516,9999,48,35,1,18,0,1,5,0,0,0,0,0,0,0,63,73,0,0,0,0,0,0,0,73
12067,1,"12067-1",2,1,2,NA,NA,NA,NA,NA,NA,NA,1,1,1,28.706259184,0,6,6,2,2,1525,1136,1525,1136,17,10,0,7,30,5,5,0,0,0,0,0,0,0,66,67,0,0,0,0,0,0,0,67
12067,2,"12067-2",2,1,2,NA,NA,NA,NA,NA,NA,NA,1,1,1,28.706259184,1,6,7,2,2,1136,1136,1525,1136,18,17,1,7,30,5,5,0,0,0,0,0,0,0,66,67,0,0,0,0,0,0,0,67
12067,3,"12067-3",2,1,2,NA,NA,NA,NA,NA,NA,NA,1,1,1,28.706259184,0,6,0,2,2,1136,1525,1525,1136,48,18,1,7,30,5,5,0,0,0,0,0,0,0,66,67,0,0,0,0,0,0,0,67
12069,1,"12069-1",2,1,2,NA,NA,NA,NA,NA,NA,NA,1,2,1,24.2689015,1,5,9,2,2,2766,2769,2766,2699,18,17,0,11,0,4,5,0,0,0,0,0,0,0,64,66,0,0,0,0,0,0,0,66
12069,2,"12069-2",2,1,2,NA,NA,NA,NA,NA,NA,NA,1,2,1,24.2689015,1,5,9,2,2,2769,2786,2766,2699,19,18,0,11,0,4,5,0,0,0,0,0,0,0,64,66,0,0,0,0,0,0,0,66
12069,3,"12069-3",2,1,2,NA,NA,NA,NA,NA,NA,NA,1,2,1,24.2689015,0,5,5,2,2,2786,2699,2766,2699,22,19,0,11,0,4,5,0,0,0,0,0,0,0,64,66,0,0,0,0,0,0,0,66
12069,4,"12069-4",2,1,2,NA,NA,NA,NA,NA,NA,NA,1,2,1,24.2689015,1,5,5,2,2,2699,2699,2766,2699,24,22,1,11,0,4,5,0,0,0,0,0,0,0,64,66,0,0,0,0,0,0,0,66
12069,5,"12069-5",2,1,2,NA,NA,NA,NA,NA,NA,NA,1,2,1,24.2689015,1,5,7,2,2,2699,2714,2766,2699,26,24,1,11,0,4,5,0,0,0,0,0,0,0,64,66,0,0,0,0,0,0,0,66
12069,6,"12069-6",2,1,2,NA,NA,NA,NA,NA,NA,NA,1,2,1,24.2689015,0,5,0,2,2,2714,2766,2766,2699,48,26,1,11,0,4,5,0,0,0,0,0,0,0,64,66,0,0,0,0,0,0,0,66
12083,1,"12083-1",2,1,2,NA,NA,NA,NA,NA,NA,NA,1,1,1,132.537976,0,6,6,2,2,781,644,781,644,18,12,0,8,32,1,4,0,0,0,0,0,0,0,40,40,0,0,0,0,0,0,0,40
12083,2,"12083-2",2,1,2,NA,NA,NA,NA,NA,NA,NA,1,1,1,132.537976,0,6,0,2,2,644,781,781,644,20,18,1,8,32,1,4,0,0,0,0,0,0,0,40,40,0,0,0,0,0,0,0,40
12089,1,"12089-1",2,1,2,NA,NA,NA,NA,NA,NA,NA,1,2,1,55.329541993,0,5,5,2,2,1549,1547,1549,1547,27,25,0,15,10,5,5,0,0,0,0,0,0,0,79,79,0,0,0,0,0,0,0,79
12089,2,"12089-2",2,1,2,NA,NA,NA,NA,NA,NA,NA,1,2,1,55.329541993,0,5,0,2,2,1547,1549,1549,1547,29,27,1,15,10,5,5,0,0,0,0,0,0,0,79,79,0,0,0,0,0,0,0,79
12092,1,"12092-1",2,3,4,NA,NA,NA,NA,NA,NA,NA,2,1,1,421.846406016,0,3,3,2,2,793,793,793,793,23,9,0,7,0,6,7,0,0,0,0,0,0,0,16,8,0,0,0,0,0,0,0,16
12092,2,"12092-2",2,3,4,NA,NA,NA,NA,NA,NA,NA,2,1,1,421.846406016,0,3,0,2,2,793,793,793,793,48,23,1,7,0,6,7,0,0,0,0,0,0,0,16,8,0,0,0,0,0,0,0,16
12093,1,"12093-1",2,1,2,NA,NA,NA,NA,NA,NA,NA,1,1,1,16.083732729,0,6,6,2,2,2750,2721,2750,2721,15,13,0,9,15,5,5,0,0,0,0,0,0,0,76,75,0,0,0,0,0,0,0,76
12093,2,"12093-2",2,1,2,NA,NA,NA,NA,NA,NA,NA,1,1,1,16.083732729,0,6,0,2,2,2721,2750,2750,2721,17,15,1,9,15,5,5,0,0,0,0,0,0,0,76,75,0,0,0,0,0,0,0,76
12094,1,"12094-1",4,1,2,3,4,NA,NA,NA,NA,NA,1,2,1,42.913296405,0,7,7,3,3,2511,9999,2511,9999,37,34,0,19,30,1,2,3,1,0,0,0,0,0,48,49,19,20,0,0,0,0,0,49
12094,2,"12094-2",4,1,2,3,4,NA,NA,NA,NA,NA,1,2,1,42.913296405,0,7,0,3,3,9999,2511,2511,9999,48,37,1,19,30,1,2,3,1,0,0,0,0,0,48,49,19,20,0,0,0,0,0,49
12101,5,"12101-5",2,2,3,NA,NA,NA,NA,NA,NA,NA,3,4,1,25.6983412,1,5,7,2,2,2714,2718,2714,2688,35,34,0,19,35,1,7,0,0,0,0,0,0,0,45,13,0,0,0,0,0,0,0,45
12101,6,"12101-6",2,2,3,NA,NA,NA,NA,NA,NA,NA,3,4,1,25.6983412,0,5,5,2,2,2718,2688,2714,2688,37,35,0,19,35,1,7,0,0,0,0,0,0,0,45,13,0,0,0,0,0,0,0,45
12101,7,"12101-7",2,2,3,NA,NA,NA,NA,NA,NA,NA,3,4,1,25.6983412,0,5,0,2,2,2688,2714,2714,2688,48,37,1,19,35,1,7,0,0,0,0,0,0,0,45,13,0,0,0,0,0,0,0,45
12103,1,"12103-1",2,1,2,NA,NA,NA,NA,NA,NA,NA,1,1,1,47.265040634,0,4,4,3,3,2283,2414,2283,2414,30,27,0,16,15,5,5,0,0,0,0,0,0,0,74,67,0,0,0,0,0,0,0,74
12103,2,"12103-2",2,1,2,NA,NA,NA,NA,NA,NA,NA,1,1,1,47.265040634,1,4,5,2,3,2414,2272,2283,2414,34,30,1,16,15,5,5,0,0,0,0,0,0,0,74,67,0,0,0,0,0,0,0,74
12103,3,"12103-3",2,1,2,NA,NA,NA,NA,NA,NA,NA,1,1,1,47.265040634,0,4,0,2,3,2272,2283,2283,2414,48,34,1,16,15,5,5,0,0,0,0,0,0,0,74,67,0,0,0,0,0,0,0,74
12105,1,"12105-1",2,1,2,NA,NA,NA,NA,NA,NA,NA,1,2,1,53.42980986,0,7,7,2,2,995,1020,995,1020,34,34,0,19,30,1,1,0,0,0,0,0,0,0,30,28,0,0,0,0,0,0,0,30
12105,2,"12105-2",2,1,2,NA,NA,NA,NA,NA,NA,NA,1,2,1,53.42980986,0,7,0,2,2,1020,995,995,1020,48,34,1,19,30,1,1,0,0,0,0,0,0,0,30,28,0,0,0,0,0,0,0,30
12109,4,"12109-4",2,1,2,NA,NA,NA,NA,NA,NA,NA,1,3,1,34.351684824,0,5,5,2,2,2513,9999,2513,9999,31,29,0,17,0,1,1,0,0,0,0,0,0,0,51,42,0,0,0,0,0,0,0,51
12109,5,"12109-5",2,1,2,NA,NA,NA,NA,NA,NA,NA,1,3,1,34.351684824,1,5,7,2,2,9999,9999,2513,9999,33,31,1,17,0,1,1,0,0,0,0,0,0,0,51,42,0,0,0,0,0,0,0,51
12109,6,"12109-6",2,1,2,NA,NA,NA,NA,NA,NA,NA,1,3,1,34.351684824,0,5,0,2,2,9999,2513,2513,9999,48,33,1,17,0,1,1,0,0,0,0,0,0,0,51,42,0,0,0,0,0,0,0,51
12110,1,"12110-1",2,1,2,NA,NA,NA,NA,NA,NA,NA,1,1,1,48.351365699,0,9,9,2,2,2383,2343,2383,2343,18,12,0,8,30,5,5,0,0,0,0,0,0,0,73,76,0,0,0,0,0,0,0,76
12110,2,"12110-2",2,1,2,NA,NA,NA,NA,NA,NA,NA,1,1,1,48.351365699,0,9,0,2,2,2343,2383,2383,2343,26,18,1,8,30,5,5,0,0,0,0,0,0,0,73,76,0,0,0,0,0,0,0,76
12113,1,"12113-1",2,1,2,NA,NA,NA,NA,NA,NA,NA,1,1,1,18.155340513,0,5,5,2,2,2526,2686,2526,2686,29,21,0,13,0,5,5,0,0,0,0,0,0,0,71,68,0,0,0,0,0,0,0,71
12113,2,"12113-2",2,1,2,NA,NA,NA,NA,NA,NA,NA,1,1,1,18.155340513,0,5,0,2,2,2686,2526,2526,2686,48,29,1,13,0,5,5,0,0,0,0,0,0,0,71,68,0,0,0,0,0,0,0,71
12114,1,"12114-1",2,1,2,NA,NA,NA,NA,NA,NA,NA,1,1,0,76.161813615,0,NA,5,2,NA,1464,1504,NA,NA,18,17,0,NA,NA,5,5,0,0,0,0,0,0,0,70,83,0,0,0,0,0,0,0,83
12114,2,"12114-2",2,1,2,NA,NA,NA,NA,NA,NA,NA,1,1,0,76.161813615,1,NA,7,4,NA,1504,1504,NA,NA,20,18,1,NA,NA,5,5,0,0,0,0,0,0,0,70,83,0,0,0,0,0,0,0,83
12114,3,"12114-3",2,1,2,NA,NA,NA,NA,NA,NA,NA,1,1,0,76.161813615,1,NA,6,2,NA,1504,1470,NA,NA,21,20,1,NA,NA,5,5,0,0,0,0,0,0,0,70,83,0,0,0,0,0,0,0,83
12114,4,"12114-4",2,1,2,NA,NA,NA,NA,NA,NA,NA,1,1,0,76.161813615,1,NA,5,2,NA,1470,1464,NA,NA,23,21,1,NA,NA,5,5,0,0,0,0,0,0,0,70,83,0,0,0,0,0,0,0,83
12114,5,"12114-5",2,1,2,NA,NA,NA,NA,NA,NA,NA,1,1,0,76.161813615,1,NA,5,2,NA,1464,1464,NA,NA,24,23,1,NA,NA,5,5,0,0,0,0,0,0,0,70,83,0,0,0,0,0,0,0,83
12114,6,"12114-6",2,1,2,NA,NA,NA,NA,NA,NA,NA,1,1,0,76.161813615,0,NA,0,2,NA,1464,1464,NA,NA,29,24,1,NA,NA,5,5,0,0,0,0,0,0,0,70,83,0,0,0,0,0,0,0,83
12116,1,"12116-1",2,1,3,NA,NA,NA,NA,NA,NA,NA,3,1,1,41.449195516,0,7,7,2,2,2511,2507,2511,2507,27,27,0,16,0,1,7,0,0,0,0,0,0,0,43,14,0,0,0,0,0,0,0,43
12116,2,"12116-2",2,1,3,NA,NA,NA,NA,NA,NA,NA,3,1,1,41.449195516,0,7,0,2,2,2507,2511,2511,2507,30,27,1,16,0,1,7,0,0,0,0,0,0,0,43,14,0,0,0,0,0,0,0,43
12116,3,"12116-3",2,1,3,NA,NA,NA,NA,NA,NA,NA,3,2,2,41.449195516,0,6,6,2,2,2511,2508,2511,2508,31,30,0,17,40,1,7,0,0,0,0,0,0,0,43,14,0,0,0,0,0,0,0,43
12116,4,"12116-4",2,1,3,NA,NA,NA,NA,NA,NA,NA,3,2,2,41.449195516,0,6,0,2,2,2508,2511,2511,2508,48,31,1,17,40,1,7,0,0,0,0,0,0,0,43,14,0,0,0,0,0,0,0,43
12117,1,"12117-1",2,2,3,NA,NA,NA,NA,NA,NA,NA,3,1,1,29.1075738,0,8,8,2,2,2458,623,2458,623,18,15,0,10,15,4,8,0,0,0,0,0,0,0,31,1,0,0,0,0,0,0,0,31
12117,2,"12117-2",2,2,3,NA,NA,NA,NA,NA,NA,NA,3,1,1,29.1075738,1,8,7,2,2,623,619,2458,623,20,18,1,10,15,4,8,0,0,0,0,0,0,0,31,1,0,0,0,0,0,0,0,31
12117,3,"12117-3",2,2,3,NA,NA,NA,NA,NA,NA,NA,3,1,1,29.1075738,0,8,0,2,2,619,2458,2458,623,48,20,1,10,15,4,8,0,0,0,0,0,0,0,31,1,0,0,0,0,0,0,0,31
12125,2,"12125-2",2,2,5,NA,NA,NA,NA,NA,NA,NA,3,2,1,183.139495928,0,6,6,3,3,2493,2503,2493,2503,24,22,0,13,30,1,8,0,0,0,0,0,0,0,26,1,0,0,0,0,0,0,0,26
12125,3,"12125-3",2,2,5,NA,NA,NA,NA,NA,NA,NA,3,2,1,183.139495928,1,6,6,3,3,2503,9999,2493,2503,24,24,1,13,30,1,8,0,0,0,0,0,0,0,26,1,0,0,0,0,0,0,0,26
12125,4,"12125-4",2,2,5,NA,NA,NA,NA,NA,NA,NA,3,2,1,183.139495928,1,6,7,3,3,9999,9999,2493,2503,25,24,1,13,30,1,8,0,0,0,0,0,0,0,26,1,0,0,0,0,0,0,0,26
12125,5,"12125-5",2,2,5,NA,NA,NA,NA,NA,NA,NA,3,2,1,183.139495928,0,6,0,3,3,9999,2493,2493,2503,29,25,1,13,30,1,8,0,0,0,0,0,0,0,26,1,0,0,0,0,0,0,0,26
12129,3,"12129-3",2,2,4,NA,NA,NA,NA,NA,NA,NA,3,2,1,81.0476351,0,5,5,2,2,1511,1513,1511,1513,16,16,0,10,35,4,8,0,0,0,0,0,0,0,30,2,0,0,0,0,0,0,0,30
12129,4,"12129-4",2,2,4,NA,NA,NA,NA,NA,NA,NA,3,2,1,81.0476351,1,5,7,2,2,1513,1504,1511,1513,16,16,1,10,35,4,8,0,0,0,0,0,0,0,30,2,0,0,0,0,0,0,0,30
12129,5,"12129-5",2,2,4,NA,NA,NA,NA,NA,NA,NA,3,2,1,81.0476351,0,5,0,2,2,1504,1511,1511,1513,25,16,1,10,35,4,8,0,0,0,0,0,0,0,30,2,0,0,0,0,0,0,0,30
12129,8,"12129-8",3,2,3,4,NA,NA,NA,NA,NA,NA,3,4,2,81.0476351,0,9,9,3,3,1511,1466,1511,1466,33,31,0,18,10,4,8,8,0,0,0,0,0,0,30,4,2,0,0,0,0,0,0,30
12129,9,"12129-9",3,2,3,4,NA,NA,NA,NA,NA,NA,3,4,2,81.0476351,0,9,0,3,3,1466,1511,1511,1466,48,33,1,18,10,4,8,8,0,0,0,0,0,0,30,4,2,0,0,0,0,0,0,30
12130,2,"12130-2",2,1,4,NA,NA,NA,NA,NA,NA,NA,3,2,1,77.09056428,0,9,9,2,2,2766,1534,2766,1534,36,34,0,19,30,1,7,0,0,0,0,0,0,0,45,14,0,0,0,0,0,0,0,45
12130,3,"12130-3",2,1,4,NA,NA,NA,NA,NA,NA,NA,3,2,1,77.09056428,0,9,0,2,2,1534,2766,2766,1534,48,36,1,19,30,1,7,0,0,0,0,0,0,0,45,14,0,0,0,0,0,0,0,45
12140,1,"12140-1",2,1,2,NA,NA,NA,NA,NA,NA,NA,1,1,1,47.5718589,0,6,6,2,2,2611,2633,2611,2633,28,24,0,14,30,4,4,0,0,0,0,0,0,0,56,54,0,0,0,0,0,0,0,56
12140,2,"12140-2",2,1,2,NA,NA,NA,NA,NA,NA,NA,1,1,1,47.5718589,0,6,0,2,2,2633,2611,2611,2633,48,28,1,14,30,4,4,0,0,0,0,0,0,0,56,54,0,0,0,0,0,0,0,56
12145,1,"12145-1",2,1,2,NA,NA,NA,NA,NA,NA,NA,1,1,1,33.769642288,1,4,4,2,3,2622,2629,2622,2629,17,16,0,10,45,5,4,0,0,0,0,0,0,0,66,61,0,0,0,0,0,0,0,66
12145,2,"12145-2",2,1,2,NA,NA,NA,NA,NA,NA,NA,1,1,1,33.769642288,1,4,6,3,3,2629,9999,2622,2629,20,17,0,10,45,5,4,0,0,0,0,0,0,0,66,61,0,0,0,0,0,0,0,66
12145,3,"12145-3",2,1,2,NA,NA,NA,NA,NA,NA,NA,1,1,1,33.769642288,1,4,9,3,3,9999,9999,2622,2629,26,20,0,10,45,5,4,0,0,0,0,0,0,0,66,61,0,0,0,0,0,0,0,66
12145,4,"12145-4",2,1,2,NA,NA,NA,NA,NA,NA,NA,1,1,1,33.769642288,1,4,6,3,3,9999,9999,2622,2629,27,26,0,10,45,5,4,0,0,0,0,0,0,0,66,61,0,0,0,0,0,0,0,66
12145,5,"12145-5",2,1,2,NA,NA,NA,NA,NA,NA,NA,1,1,1,33.769642288,1,4,7,3,3,9999,9999,2622,2629,28,27,0,10,45,5,4,0,0,0,0,0,0,0,66,61,0,0,0,0,0,0,0,66
12145,6,"12145-6",2,1,2,NA,NA,NA,NA,NA,NA,NA,1,1,1,33.769642288,0,4,4,3,3,9999,2629,2622,2629,31,28,0,10,45,5,4,0,0,0,0,0,0,0,66,61,0,0,0,0,0,0,0,66
12145,7,"12145-7",2,1,2,NA,NA,NA,NA,NA,NA,NA,1,1,1,33.769642288,0,4,0,3,3,2629,2622,2622,2629,48,31,1,10,45,5,4,0,0,0,0,0,0,0,66,61,0,0,0,0,0,0,0,66
12149,1,"12149-1",3,1,4,5,NA,NA,NA,NA,NA,NA,3,1,1,16.201921376,0,5,5,3,3,2468,2474,2468,2474,16,15,0,10,0,1,7,8,0,0,0,0,0,0,43,7,5,0,0,0,0,0,0,43
12149,2,"12149-2",3,1,4,5,NA,NA,NA,NA,NA,NA,3,1,1,16.201921376,0,5,0,3,3,2474,2468,2468,2474,21,16,1,10,0,1,7,8,0,0,0,0,0,0,43,7,5,0,0,0,0,0,0,43
12155,1,"12155-1",2,1,2,NA,NA,NA,NA,NA,NA,NA,1,2,1,28.217175945,0,7,7,2,2,2447,2429,2447,2429,32,31,0,18,0,1,4,0,0,0,0,0,0,0,57,60,0,0,0,0,0,0,0,60
12155,2,"12155-2",2,1,2,NA,NA,NA,NA,NA,NA,NA,1,2,1,28.217175945,0,7,0,2,2,2429,2447,2447,2429,48,32,1,18,0,1,4,0,0,0,0,0,0,0,57,60,0,0,0,0,0,0,0,60
12156,2,"12156-2",2,1,6,NA,NA,NA,NA,NA,NA,NA,3,1,1,31.264036728,0,1,1,2,3,2513,2513,2513,2513,19,12,0,8,30,2,8,0,0,0,0,0,0,0,36,4,0,0,0,0,0,0,0,36
12156,3,"12156-3",2,1,6,NA,NA,NA,NA,NA,NA,NA,3,1,1,31.264036728,0,1,0,3,3,2513,2513,2513,2513,27,19,1,8,30,2,8,0,0,0,0,0,0,0,36,4,0,0,0,0,0,0,0,36
12156,5,"12156-5",4,1,4,5,6,NA,NA,NA,NA,NA,3,2,2,31.264036728,0,9,9,3,3,2513,9999,2513,9999,31,27,0,16,0,2,7,7,8,0,0,0,0,0,36,10,7,4,0,0,0,0,0,36
12156,6,"12156-6",4,1,4,5,6,NA,NA,NA,NA,NA,3,2,2,31.264036728,0,9,0,3,3,9999,2513,2513,9999,48,31,1,16,0,2,7,7,8,0,0,0,0,0,36,10,7,4,0,0,0,0,0,36
12158,3,"12158-3",5,1,3,4,5,6,NA,NA,NA,NA,3,1,2,26.7867479,1,9,6,3,3,2459,2441,2459,594,27,26,0,15,40,4,7,7,8,8,0,0,0,0,33,7,6,2,0,0,0,0,0,33
12158,4,"12158-4",5,1,3,4,5,6,NA,NA,NA,NA,3,1,2,26.7867479,1,9,4,3,3,2441,2439,2459,594,28,27,0,15,40,4,7,7,8,8,0,0,0,0,33,7,6,2,0,0,0,0,0,33
12158,5,"12158-5",5,1,3,4,5,6,NA,NA,NA,NA,3,1,2,26.7867479,1,9,4,3,3,2439,2438,2459,594,29,28,0,15,40,4,7,7,8,8,0,0,0,0,33,7,6,2,0,0,0,0,0,33
12158,6,"12158-6",5,1,3,4,5,6,NA,NA,NA,NA,3,1,2,26.7867479,0,9,9,3,3,2438,594,2459,594,30,29,0,15,40,4,7,7,8,8,0,0,0,0,33,7,6,2,0,0,0,0,0,33
12158,7,"12158-7",5,1,3,4,5,6,NA,NA,NA,NA,3,1,2,26.7867479,1,9,7,3,3,594,594,2459,594,30,30,1,15,40,4,7,7,8,8,0,0,0,0,33,7,6,2,0,0,0,0,0,33
12158,8,"12158-8",5,1,3,4,5,6,NA,NA,NA,NA,3,1,2,26.7867479,0,9,0,3,3,594,2459,2459,594,48,30,1,15,40,4,7,7,8,8,0,0,0,0,33,7,6,2,0,0,0,0,0,33
12158,1,"12158-1",2,3,4,NA,NA,NA,NA,NA,NA,NA,2,1,1,18.3991297,0,3,3,9,9,2459,2460,2459,2460,25,11,0,8,5,7,7,0,0,0,0,0,0,0,7,6,0,0,0,0,0,0,0,7
12158,2,"12158-2",2,3,4,NA,NA,NA,NA,NA,NA,NA,2,1,1,18.3991297,0,3,0,9,9,2460,2459,2459,2460,26,25,1,8,5,7,7,0,0,0,0,0,0,0,7,6,0,0,0,0,0,0,0,7
12164,1,"12164-1",2,1,3,NA,NA,NA,NA,NA,NA,NA,3,1,1,277.879549412,0,9,9,3,3,2252,2410,2252,2410,31,21,0,13,0,1,6,0,0,0,0,0,0,0,43,16,0,0,0,0,0,0,0,43
12164,2,"12164-2",2,1,3,NA,NA,NA,NA,NA,NA,NA,3,1,1,277.879549412,0,9,0,3,3,2410,2252,2252,2410,48,31,1,13,0,1,6,0,0,0,0,0,0,0,43,16,0,0,0,0,0,0,0,43
12166,1,"12166-1",2,2,3,NA,NA,NA,NA,NA,NA,NA,3,1,1,53.301824376,0,1,1,2,2,1413,1433,1413,1433,24,9,0,7,0,1,6,0,0,0,0,0,0,0,46,17,0,0,0,0,0,0,0,46
12166,2,"12166-2",2,2,3,NA,NA,NA,NA,NA,NA,NA,3,1,1,53.301824376,0,1,0,2,2,1433,1413,1413,1433,48,24,1,7,0,1,6,0,0,0,0,0,0,0,46,17,0,0,0,0,0,0,0,46
12167,1,"12167-1",2,1,2,NA,NA,NA,NA,NA,NA,NA,1,1,1,10.10481775,1,6,8,2,2,2473,697,2473,586,19,15,0,10,15,5,5,0,0,0,0,0,0,0,73,68,0,0,0,0,0,0,0,73
12167,2,"12167-2",2,1,2,NA,NA,NA,NA,NA,NA,NA,1,1,1,10.10481775,1,6,7,2,2,697,503,2473,586,21,19,0,10,15,5,5,0,0,0,0,0,0,0,73,68,0,0,0,0,0,0,0,73
12167,3,"12167-3",2,1,2,NA,NA,NA,NA,NA,NA,NA,1,1,1,10.10481775,0,6,6,2,2,503,586,2473,586,24,21,0,10,15,5,5,0,0,0,0,0,0,0,73,68,0,0,0,0,0,0,0,73
12167,4,"12167-4",2,1,2,NA,NA,NA,NA,NA,NA,NA,1,1,1,10.10481775,0,6,0,2,2,586,2473,2473,586,48,24,1,10,15,5,5,0,0,0,0,0,0,0,73,68,0,0,0,0,0,0,0,73
12172,1,"12172-1",2,1,2,NA,NA,NA,NA,NA,NA,NA,1,1,0,29.500685192,0,NA,6,2,NA,1452,1924,NA,NA,24,21,0,NA,NA,5,5,0,0,0,0,0,0,0,70,70,0,0,0,0,0,0,0,70
12172,2,"12172-2",2,1,2,NA,NA,NA,NA,NA,NA,NA,1,1,0,29.500685192,1,NA,6,2,NA,1924,1423,NA,NA,25,24,1,NA,NA,5,5,0,0,0,0,0,0,0,70,70,0,0,0,0,0,0,0,70
12172,3,"12172-3",2,1,2,NA,NA,NA,NA,NA,NA,NA,1,1,0,29.500685192,1,NA,6,2,NA,1423,1419,NA,NA,26,25,1,NA,NA,5,5,0,0,0,0,0,0,0,70,70,0,0,0,0,0,0,0,70
12172,4,"12172-4",2,1,2,NA,NA,NA,NA,NA,NA,NA,1,1,0,29.500685192,1,NA,7,2,NA,1419,1433,NA,NA,28,26,1,NA,NA,5,5,0,0,0,0,0,0,0,70,70,0,0,0,0,0,0,0,70
12172,5,"12172-5",2,1,2,NA,NA,NA,NA,NA,NA,NA,1,1,0,29.500685192,0,NA,0,2,NA,1433,1452,NA,NA,48,28,1,NA,NA,5,5,0,0,0,0,0,0,0,70,70,0,0,0,0,0,0,0,70
12178,1,"12178-1",2,1,2,NA,NA,NA,NA,NA,NA,NA,1,1,1,48.351365699,0,6,6,3,3,2283,176,2283,176,18,16,0,10,40,5,3,0,0,0,0,0,0,0,67,67,0,0,0,0,0,0,0,67
12178,2,"12178-2",2,1,2,NA,NA,NA,NA,NA,NA,NA,1,1,1,48.351365699,1,6,7,3,3,176,1583,2283,176,21,18,1,10,40,5,3,0,0,0,0,0,0,0,67,67,0,0,0,0,0,0,0,67
12178,3,"12178-3",2,1,2,NA,NA,NA,NA,NA,NA,NA,1,1,1,48.351365699,1,6,5,3,3,1583,2272,2283,176,23,21,1,10,40,5,3,0,0,0,0,0,0,0,67,67,0,0,0,0,0,0,0,67
12178,4,"12178-4",2,1,2,NA,NA,NA,NA,NA,NA,NA,1,1,1,48.351365699,1,6,6,3,3,2272,2272,2283,176,24,23,1,10,40,5,3,0,0,0,0,0,0,0,67,67,0,0,0,0,0,0,0,67
12178,5,"12178-5",2,1,2,NA,NA,NA,NA,NA,NA,NA,1,1,1,48.351365699,0,6,0,3,3,2272,2283,2283,176,27,24,1,10,40,5,3,0,0,0,0,0,0,0,67,67,0,0,0,0,0,0,0,67
12178,6,"12178-6",2,1,2,NA,NA,NA,NA,NA,NA,NA,1,2,2,48.351365699,0,6,6,3,3,2283,2273,2283,2273,29,27,0,16,15,5,3,0,0,0,0,0,0,0,67,67,0,0,0,0,0,0,0,67
12178,7,"12178-7",2,1,2,NA,NA,NA,NA,NA,NA,NA,1,2,2,48.351365699,0,6,0,3,3,2273,2283,2283,2273,48,29,1,16,15,5,3,0,0,0,0,0,0,0,67,67,0,0,0,0,0,0,0,67
12180,1,"12180-1",2,1,2,NA,NA,NA,NA,NA,NA,NA,1,2,1,10.10481775,1,9,9,2,2,2458,2431,2458,2432,13,12,0,8,30,5,4,0,0,0,0,0,0,0,67,63,0,0,0,0,0,0,0,67
12180,2,"12180-2",2,1,2,NA,NA,NA,NA,NA,NA,NA,1,2,1,10.10481775,1,9,7,2,2,2431,2434,2458,2432,14,13,0,8,30,5,4,0,0,0,0,0,0,0,67,63,0,0,0,0,0,0,0,67
12180,3,"12180-3",2,1,2,NA,NA,NA,NA,NA,NA,NA,1,2,1,10.10481775,0,9,9,2,2,2434,2432,2458,2432,19,14,0,8,30,5,4,0,0,0,0,0,0,0,67,63,0,0,0,0,0,0,0,67
12180,4,"12180-4",2,1,2,NA,NA,NA,NA,NA,NA,NA,1,2,1,10.10481775,1,9,5,2,2,2432,2441,2458,2432,20,19,1,8,30,5,4,0,0,0,0,0,0,0,67,63,0,0,0,0,0,0,0,67
12180,5,"12180-5",2,1,2,NA,NA,NA,NA,NA,NA,NA,1,2,1,10.10481775,0,9,0,2,2,2441,2458,2458,2432,48,20,1,8,30,5,4,0,0,0,0,0,0,0,67,63,0,0,0,0,0,0,0,67
12194,1,"12194-1",2,1,4,NA,NA,NA,NA,NA,NA,NA,3,3,1,35.546318596,0,4,4,2,2,2714,2702,2714,2702,35,31,0,18,15,1,7,0,0,0,0,0,0,0,46,12,0,0,0,0,0,0,0,46
12194,2,"12194-2",2,1,4,NA,NA,NA,NA,NA,NA,NA,3,3,1,35.546318596,0,4,0,2,2,2702,2714,2714,2702,48,35,1,18,15,1,7,0,0,0,0,0,0,0,46,12,0,0,0,0,0,0,0,46
12200,1,"12200-1",2,1,4,NA,NA,NA,NA,NA,NA,NA,3,2,1,26.7867479,0,9,9,2,2,2513,2504,2513,2504,32,31,0,18,15,4,7,0,0,0,0,0,0,0,33,9,0,0,0,0,0,0,0,33
12200,2,"12200-2",2,1,4,NA,NA,NA,NA,NA,NA,NA,3,2,1,26.7867479,0,9,0,2,2,2504,2513,2513,2504,48,32,1,18,15,4,7,0,0,0,0,0,0,0,33,9,0,0,0,0,0,0,0,33
12203,1,"12203-1",2,1,2,NA,NA,NA,NA,NA,NA,NA,1,1,1,28.706259184,0,5,5,2,2,995,1022,995,1022,25,24,0,14,30,5,4,0,0,0,0,0,0,0,68,44,0,0,0,0,0,0,0,68
12203,2,"12203-2",2,1,2,NA,NA,NA,NA,NA,NA,NA,1,1,1,28.706259184,0,5,0,2,2,1022,995,995,1022,48,25,1,14,30,5,4,0,0,0,0,0,0,0,68,44,0,0,0,0,0,0,0,68
12216,1,"12216-1",2,1,2,NA,NA,NA,NA,NA,NA,NA,1,2,1,11.42779653,0,5,5,2,2,2470,9999,2470,9999,24,20,0,12,30,5,5,0,0,0,0,0,0,0,69,71,0,0,0,0,0,0,0,71
12216,2,"12216-2",2,1,2,NA,NA,NA,NA,NA,NA,NA,1,2,1,11.42779653,1,5,5,2,2,9999,9999,2470,9999,27,24,1,12,30,5,5,0,0,0,0,0,0,0,69,71,0,0,0,0,0,0,0,71
12216,3,"12216-3",2,1,2,NA,NA,NA,NA,NA,NA,NA,1,2,1,11.42779653,0,5,0,2,2,9999,2470,2470,9999,48,27,1,12,30,5,5,0,0,0,0,0,0,0,69,71,0,0,0,0,0,0,0,71
12217,1,"12217-1",2,3,4,NA,NA,NA,NA,NA,NA,NA,2,1,1,23.698751,0,3,3,2,2,2465,2466,2465,2466,30,8,0,6,45,7,7,0,0,0,0,0,0,0,15,13,0,0,0,0,0,0,0,15
12217,2,"12217-2",2,3,4,NA,NA,NA,NA,NA,NA,NA,2,1,1,23.698751,0,3,0,2,2,2466,2465,2465,2466,33,30,1,6,45,7,7,0,0,0,0,0,0,0,15,13,0,0,0,0,0,0,0,15
12222,4,"12222-4",2,2,4,NA,NA,NA,NA,NA,NA,NA,3,4,1,87.2564055,0,4,4,2,2,2470,2449,2470,2449,31,26,0,15,45,4,7,0,0,0,0,0,0,0,53,15,0,0,0,0,0,0,0,53
12222,5,"12222-5",2,2,4,NA,NA,NA,NA,NA,NA,NA,3,4,1,87.2564055,0,4,0,2,2,2449,2470,2470,2449,48,31,1,15,45,4,7,0,0,0,0,0,0,0,53,15,0,0,0,0,0,0,0,53
12228,1,"12228-1",2,2,3,NA,NA,NA,NA,NA,NA,NA,3,1,1,47.526793028,0,6,6,2,2,2714,9999,2714,9999,18,15,0,10,16,2,8,0,0,0,0,0,0,0,34,2,0,0,0,0,0,0,0,34
12228,2,"12228-2",2,2,3,NA,NA,NA,NA,NA,NA,NA,3,1,1,47.526793028,1,6,8,2,2,9999,9999,2714,9999,20,18,1,10,16,2,8,0,0,0,0,0,0,0,34,2,0,0,0,0,0,0,0,34
12228,3,"12228-3",2,2,3,NA,NA,NA,NA,NA,NA,NA,3,1,1,47.526793028,0,6,0,2,2,9999,2714,2714,9999,48,20,1,10,16,2,8,0,0,0,0,0,0,0,34,2,0,0,0,0,0,0,0,34
12233,1,"12233-1",2,1,2,NA,NA,NA,NA,NA,NA,NA,1,2,1,37.42275432,0,7,7,2,2,1563,1485,1563,1485,32,28,0,16,45,2,5,0,0,0,0,0,0,0,72,73,0,0,0,0,0,0,0,73
12233,2,"12233-2",2,1,2,NA,NA,NA,NA,NA,NA,NA,1,2,1,37.42275432,0,7,0,2,2,1485,1563,1563,1485,48,32,1,16,45,2,5,0,0,0,0,0,0,0,72,73,0,0,0,0,0,0,0,73
12234,1,"12234-1",2,1,2,NA,NA,NA,NA,NA,NA,NA,1,1,1,22.5000912,0,5,5,2,2,2526,2526,2526,2526,21,19,0,12,0,4,1,0,0,0,0,0,0,0,53,60,0,0,0,0,0,0,0,60
12234,2,"12234-2",2,1,2,NA,NA,NA,NA,NA,NA,NA,1,1,1,22.5000912,0,5,0,2,2,2526,2526,2526,2526,48,21,1,12,0,4,1,0,0,0,0,0,0,0,53,60,0,0,0,0,0,0,0,60
12239,3,"12239-3",2,1,3,NA,NA,NA,NA,NA,NA,NA,3,2,1,80.01390986,0,4,4,2,2,1157,1181,1157,1181,34,32,0,18,30,1,7,0,0,0,0,0,0,0,37,7,0,0,0,0,0,0,0,37
12239,4,"12239-4",2,1,3,NA,NA,NA,NA,NA,NA,NA,3,2,1,80.01390986,0,4,0,2,2,1181,1157,1157,1181,48,34,1,18,30,1,7,0,0,0,0,0,0,0,37,7,0,0,0,0,0,0,0,37
12242,1,"12242-1",2,1,2,NA,NA,NA,NA,NA,NA,NA,1,1,0,19.858900425,0,NA,5,2,NA,2534,2669,NA,NA,34,30,0,NA,NA,1,5,0,0,0,0,0,0,0,53,68,0,0,0,0,0,0,0,68
12242,2,"12242-2",2,1,2,NA,NA,NA,NA,NA,NA,NA,1,1,0,19.858900425,0,NA,0,2,NA,2669,2534,NA,NA,48,34,1,NA,NA,1,5,0,0,0,0,0,0,0,53,68,0,0,0,0,0,0,0,68
12248,1,"12248-1",4,1,2,3,4,NA,NA,NA,NA,NA,3,1,1,168.3290217,0,2,2,3,3,2590,2036,2590,2036,20,18,0,11,35,3,1,7,8,0,0,0,0,0,28,29,6,4,0,0,0,0,0,29
12248,2,"12248-2",4,1,2,3,4,NA,NA,NA,NA,NA,3,1,1,168.3290217,1,2,5,3,3,2036,2037,2590,2036,22,20,1,11,35,3,1,7,8,0,0,0,0,0,28,29,6,4,0,0,0,0,0,29
12248,3,"12248-3",4,1,2,3,4,NA,NA,NA,NA,NA,3,1,1,168.3290217,0,2,0,3,3,2037,2590,2590,2036,48,22,1,11,35,3,1,7,8,0,0,0,0,0,28,29,6,4,0,0,0,0,0,29
12256,2,"12256-2",2,3,4,NA,NA,NA,NA,NA,NA,NA,2,2,1,69.2104672,0,3,3,9,9,2526,2525,2526,2525,25,11,0,8,15,7,8,0,0,0,0,0,0,0,10,5,0,0,0,0,0,0,0,10
12256,3,"12256-3",2,3,4,NA,NA,NA,NA,NA,NA,NA,2,2,1,69.2104672,0,3,0,9,9,2525,2526,2526,2525,48,25,1,8,15,7,8,0,0,0,0,0,0,0,10,5,0,0,0,0,0,0,0,10
12257,1,"12257-1",3,1,2,3,NA,NA,NA,NA,NA,NA,3,2,1,105.116486992,0,6,6,3,3,1524,1487,1524,1487,31,29,0,17,0,1,7,7,0,0,0,0,0,0,44,12,10,0,0,0,0,0,0,44
12257,2,"12257-2",3,1,2,3,NA,NA,NA,NA,NA,NA,3,2,1,105.116486992,0,6,0,3,3,1487,1524,1524,1487,33,31,1,17,0,1,7,7,0,0,0,0,0,0,44,12,10,0,0,0,0,0,0,44
12257,3,"12257-3",3,1,2,3,NA,NA,NA,NA,NA,NA,3,3,2,105.116486992,0,6,6,3,3,1524,2722,1524,2722,37,33,0,19,0,1,7,7,0,0,0,0,0,0,44,12,10,0,0,0,0,0,0,44
12257,4,"12257-4",3,1,2,3,NA,NA,NA,NA,NA,NA,3,3,2,105.116486992,0,6,0,3,3,2722,1524,1524,2722,48,37,1,19,0,1,7,7,0,0,0,0,0,0,44,12,10,0,0,0,0,0,0,44
12259,1,"12259-1",2,1,2,NA,NA,NA,NA,NA,NA,NA,1,2,1,272.779599497,1,5,6,2,2,2496,9999,2496,9999,19,19,0,12,0,5,5,0,0,0,0,0,0,0,79,85,0,0,0,0,0,0,0,85
12259,2,"12259-2",2,1,2,NA,NA,NA,NA,NA,NA,NA,1,2,1,272.779599497,0,5,5,2,2,9999,9999,2496,9999,21,19,0,12,0,5,5,0,0,0,0,0,0,0,79,85,0,0,0,0,0,0,0,85
12259,3,"12259-3",2,1,2,NA,NA,NA,NA,NA,NA,NA,1,2,1,272.779599497,0,5,0,2,2,9999,2496,2496,9999,48,21,1,12,0,5,5,0,0,0,0,0,0,0,79,85,0,0,0,0,0,0,0,85
12273,1,"12273-1",2,1,2,NA,NA,NA,NA,NA,NA,NA,1,2,1,51.539087985,0,7,7,2,2,1028,899,1028,899,34,30,0,17,45,2,5,0,0,0,0,0,0,0,69,65,0,0,0,0,0,0,0,69
12273,2,"12273-2",2,1,2,NA,NA,NA,NA,NA,NA,NA,1,2,1,51.539087985,0,7,0,2,2,899,1028,1028,899,48,34,1,17,45,2,5,0,0,0,0,0,0,0,69,65,0,0,0,0,0,0,0,69
12279,4,"12279-4",4,1,2,3,4,NA,NA,NA,NA,NA,3,3,1,47.56443526,0,9,9,3,3,2778,9999,2778,9999,35,32,0,18,30,1,1,7,7,0,0,0,0,0,38,39,11,9,0,0,0,0,0,39
12279,5,"12279-5",4,1,2,3,4,NA,NA,NA,NA,NA,3,3,1,47.56443526,0,9,0,3,3,9999,2778,2778,9999,48,35,1,18,30,1,1,7,7,0,0,0,0,0,38,39,11,9,0,0,0,0,0,39
12286,1,"12286-1",2,1,2,NA,NA,NA,NA,NA,NA,NA,1,1,1,139.2264479,1,5,6,2,2,279,282,279,234,20,20,0,12,30,4,5,0,0,0,0,0,0,0,59,82,0,0,0,0,0,0,0,82
12286,2,"12286-2",2,1,2,NA,NA,NA,NA,NA,NA,NA,1,1,1,139.2264479,0,5,5,2,2,282,234,279,234,22,20,0,12,30,4,5,0,0,0,0,0,0,0,59,82,0,0,0,0,0,0,0,82
12286,3,"12286-3",2,1,2,NA,NA,NA,NA,NA,NA,NA,1,1,1,139.2264479,1,5,5,2,2,234,266,279,234,23,22,1,12,30,4,5,0,0,0,0,0,0,0,59,82,0,0,0,0,0,0,0,82
12286,4,"12286-4",2,1,2,NA,NA,NA,NA,NA,NA,NA,1,1,1,139.2264479,1,5,5,2,2,266,279,279,234,23,23,1,12,30,4,5,0,0,0,0,0,0,0,59,82,0,0,0,0,0,0,0,82
12286,5,"12286-5",2,1,2,NA,NA,NA,NA,NA,NA,NA,1,1,1,139.2264479,1,5,5,2,2,279,270,279,234,25,23,1,12,30,4,5,0,0,0,0,0,0,0,59,82,0,0,0,0,0,0,0,82
12286,6,"12286-6",2,1,2,NA,NA,NA,NA,NA,NA,NA,1,1,1,139.2264479,0,5,0,2,2,270,279,279,234,48,25,1,12,30,4,5,0,0,0,0,0,0,0,59,82,0,0,0,0,0,0,0,82
12291,1,"12291-1",2,1,2,NA,NA,NA,NA,NA,NA,NA,1,2,1,80.710691985,0,5,5,3,3,795,801,795,801,34,33,0,19,0,1,1,0,0,0,0,0,0,0,47,50,0,0,0,0,0,0,0,50
12291,2,"12291-2",2,1,2,NA,NA,NA,NA,NA,NA,NA,1,2,1,80.710691985,0,5,0,3,3,801,795,795,801,48,34,1,19,0,1,1,0,0,0,0,0,0,0,47,50,0,0,0,0,0,0,0,50
12293,1,"12293-1",2,1,2,NA,NA,NA,NA,NA,NA,NA,1,2,1,16.75842861,0,8,8,2,2,2696,1650,2696,1650,37,32,0,18,40,1,1,0,0,0,0,0,0,0,40,40,0,0,0,0,0,0,0,40
12293,2,"12293-2",2,1,2,NA,NA,NA,NA,NA,NA,NA,1,2,1,16.75842861,0,8,0,2,2,1650,2696,2696,1650,48,37,1,18,40,1,1,0,0,0,0,0,0,0,40,40,0,0,0,0,0,0,0,40
12296,1,"12296-1",2,1,2,NA,NA,NA,NA,NA,NA,NA,1,3,1,51.397958318,0,7,7,2,2,2526,2521,2526,2521,17,16,0,10,30,5,5,0,0,0,0,0,0,0,83,81,0,0,0,0,0,0,0,83
12296,2,"12296-2",2,1,2,NA,NA,NA,NA,NA,NA,NA,1,3,1,51.397958318,0,7,0,2,2,2521,2526,2526,2521,26,17,1,10,30,5,5,0,0,0,0,0,0,0,83,81,0,0,0,0,0,0,0,83
12296,3,"12296-3",2,1,2,NA,NA,NA,NA,NA,NA,NA,1,4,2,51.397958318,0,7,7,2,2,2526,2521,2526,2521,27,26,0,15,30,5,5,0,0,0,0,0,0,0,83,81,0,0,0,0,0,0,0,83
12296,4,"12296-4",2,1,2,NA,NA,NA,NA,NA,NA,NA,1,4,2,51.397958318,0,7,0,2,2,2521,2526,2526,2521,48,27,1,15,30,5,5,0,0,0,0,0,0,0,83,81,0,0,0,0,0,0,0,83
12298,1,"12298-1",2,1,2,NA,NA,NA,NA,NA,NA,NA,1,2,1,27.5967044,0,5,5,2,2,2526,2523,2526,2523,30,29,0,17,26,1,4,0,0,0,0,0,0,0,47,50,0,0,0,0,0,0,0,50
12298,2,"12298-2",2,1,2,NA,NA,NA,NA,NA,NA,NA,1,2,1,27.5967044,0,5,0,2,2,2523,2526,2526,2523,30,30,1,17,26,1,4,0,0,0,0,0,0,0,47,50,0,0,0,0,0,0,0,50
12298,3,"12298-3",2,1,2,NA,NA,NA,NA,NA,NA,NA,1,3,2,27.5967044,1,5,6,2,2,2526,2521,2526,2526,31,30,0,17,43,1,4,0,0,0,0,0,0,0,47,50,0,0,0,0,0,0,0,50
12298,4,"12298-4",2,1,2,NA,NA,NA,NA,NA,NA,NA,1,3,2,27.5967044,1,5,7,2,2,2521,2521,2526,2526,32,31,0,17,43,1,4,0,0,0,0,0,0,0,47,50,0,0,0,0,0,0,0,50
12298,5,"12298-5",2,1,2,NA,NA,NA,NA,NA,NA,NA,1,3,2,27.5967044,1,5,6,2,2,2521,2521,2526,2526,32,32,0,17,43,1,4,0,0,0,0,0,0,0,47,50,0,0,0,0,0,0,0,50
12298,6,"12298-6",2,1,2,NA,NA,NA,NA,NA,NA,NA,1,3,2,27.5967044,1,5,5,4,2,2521,2521,2526,2526,33,32,0,17,43,1,4,0,0,0,0,0,0,0,47,50,0,0,0,0,0,0,0,50
12298,7,"12298-7",2,1,2,NA,NA,NA,NA,NA,NA,NA,1,3,2,27.5967044,1,5,6,4,2,2521,2521,2526,2526,35,33,0,17,43,1,4,0,0,0,0,0,0,0,47,50,0,0,0,0,0,0,0,50
12298,8,"12298-8",2,1,2,NA,NA,NA,NA,NA,NA,NA,1,3,2,27.5967044,0,5,5,2,2,2521,2526,2526,2526,38,35,0,17,43,1,4,0,0,0,0,0,0,0,47,50,0,0,0,0,0,0,0,50
12298,9,"12298-9",2,1,2,NA,NA,NA,NA,NA,NA,NA,1,3,2,27.5967044,0,5,0,2,2,2526,2526,2526,2526,48,38,1,17,43,1,4,0,0,0,0,0,0,0,47,50,0,0,0,0,0,0,0,50
12303,1,"12303-1",2,1,2,NA,NA,NA,NA,NA,NA,NA,1,2,1,16.75842861,0,6,6,2,2,2766,2757,2766,2757,34,30,0,17,45,1,1,0,0,0,0,0,0,0,58,53,0,0,0,0,0,0,0,58
12303,2,"12303-2",2,1,2,NA,NA,NA,NA,NA,NA,NA,1,2,1,16.75842861,0,6,0,2,2,2757,2766,2766,2757,48,34,1,17,45,1,1,0,0,0,0,0,0,0,58,53,0,0,0,0,0,0,0,58
12311,1,"12311-1",2,1,2,NA,NA,NA,NA,NA,NA,NA,1,1,1,26.035020709,0,6,6,2,2,2588,2574,2588,2574,18,17,0,11,27,5,5,0,0,0,0,0,0,0,81,77,0,0,0,0,0,0,0,81
12311,2,"12311-2",2,1,2,NA,NA,NA,NA,NA,NA,NA,1,1,1,26.035020709,1,6,6,2,2,2574,2574,2588,2574,19,18,1,11,27,5,5,0,0,0,0,0,0,0,81,77,0,0,0,0,0,0,0,81
12311,3,"12311-3",2,1,2,NA,NA,NA,NA,NA,NA,NA,1,1,1,26.035020709,1,6,6,2,2,2574,2574,2588,2574,20,19,1,11,27,5,5,0,0,0,0,0,0,0,81,77,0,0,0,0,0,0,0,81
12311,4,"12311-4",2,1,2,NA,NA,NA,NA,NA,NA,NA,1,1,1,26.035020709,1,6,7,2,2,2574,2574,2588,2574,20,20,1,11,27,5,5,0,0,0,0,0,0,0,81,77,0,0,0,0,0,0,0,81
12311,5,"12311-5",2,1,2,NA,NA,NA,NA,NA,NA,NA,1,1,1,26.035020709,1,6,5,2,2,2574,2574,2588,2574,21,20,1,11,27,5,5,0,0,0,0,0,0,0,81,77,0,0,0,0,0,0,0,81
12311,6,"12311-6",2,1,2,NA,NA,NA,NA,NA,NA,NA,1,1,1,26.035020709,0,6,0,2,2,2574,2588,2588,2574,48,21,1,11,27,5,5,0,0,0,0,0,0,0,81,77,0,0,0,0,0,0,0,81
12317,1,"12317-1",2,1,2,NA,NA,NA,NA,NA,NA,NA,1,2,1,35.864110315,0,7,7,2,2,2547,2038,2547,2038,22,18,0,11,35,5,5,0,0,0,0,0,0,0,76,74,0,0,0,0,0,0,0,76
12317,2,"12317-2",2,1,2,NA,NA,NA,NA,NA,NA,NA,1,2,1,35.864110315,0,7,0,2,2,2038,2547,2547,2038,27,22,1,11,35,5,5,0,0,0,0,0,0,0,76,74,0,0,0,0,0,0,0,76
12317,3,"12317-3",2,1,2,NA,NA,NA,NA,NA,NA,NA,1,4,2,35.864110315,0,9,9,2,2,2547,2036,2547,2036,31,30,0,17,55,5,5,0,0,0,0,0,0,0,76,74,0,0,0,0,0,0,0,76
12317,4,"12317-4",2,1,2,NA,NA,NA,NA,NA,NA,NA,1,4,2,35.864110315,0,9,0,2,2,2036,2547,2547,2036,48,31,1,17,55,5,5,0,0,0,0,0,0,0,76,74,0,0,0,0,0,0,0,76
12319,3,"12319-3",4,1,2,3,4,NA,NA,NA,NA,NA,3,3,1,118.64077306,1,5,7,3,3,2095,880,2095,875,34,32,0,18,30,2,1,7,7,0,0,0,0,0,42,47,12,12,0,0,0,0,0,47
12319,4,"12319-4",4,1,2,3,4,NA,NA,NA,NA,NA,3,3,1,118.64077306,0,5,5,3,3,880,875,2095,875,35,34,0,18,30,2,1,7,7,0,0,0,0,0,42,47,12,12,0,0,0,0,0,47
12319,5,"12319-5",4,1,2,3,4,NA,NA,NA,NA,NA,3,3,1,118.64077306,0,5,0,3,3,875,2095,2095,875,48,35,1,18,30,2,1,7,7,0,0,0,0,0,42,47,12,12,0,0,0,0,0,47
12320,1,"12320-1",2,2,4,NA,NA,NA,NA,NA,NA,NA,1,1,1,15.964660911,1,5,7,2,2,2483,2278,2483,2263,20,15,0,10,0,5,5,0,0,0,0,0,0,0,70,80,0,0,0,0,0,0,0,80
12320,2,"12320-2",2,2,4,NA,NA,NA,NA,NA,NA,NA,1,1,1,15.964660911,1,5,6,2,2,2278,2322,2483,2263,22,20,0,10,0,5,5,0,0,0,0,0,0,0,70,80,0,0,0,0,0,0,0,80
12320,3,"12320-3",2,2,4,NA,NA,NA,NA,NA,NA,NA,1,1,1,15.964660911,0,5,5,2,2,2322,2263,2483,2263,26,22,0,10,0,5,5,0,0,0,0,0,0,0,70,80,0,0,0,0,0,0,0,80
12320,4,"12320-4",2,2,4,NA,NA,NA,NA,NA,NA,NA,1,1,1,15.964660911,0,5,0,2,2,2263,2483,2483,2263,48,26,1,10,0,5,5,0,0,0,0,0,0,0,70,80,0,0,0,0,0,0,0,80
12324,6,"12324-6",3,2,4,5,NA,NA,NA,NA,NA,NA,3,3,1,40.1302878,1,4,6,3,3,2712,2719,2712,2702,30,30,0,17,35,4,7,7,0,0,0,0,0,0,44,15,11,0,0,0,0,0,0,44
12324,7,"12324-7",3,2,4,5,NA,NA,NA,NA,NA,NA,3,3,1,40.1302878,0,4,4,3,3,2719,2702,2712,2702,34,30,0,17,35,4,7,7,0,0,0,0,0,0,44,15,11,0,0,0,0,0,0,44
12324,8,"12324-8",3,2,4,5,NA,NA,NA,NA,NA,NA,3,3,1,40.1302878,0,4,0,3,3,2702,2712,2712,2702,35,34,1,17,35,4,7,7,0,0,0,0,0,0,44,15,11,0,0,0,0,0,0,44
12326,1,"12326-1",2,1,2,NA,NA,NA,NA,NA,NA,NA,1,2,1,343.07680785,0,5,5,2,2,2748,2749,2748,2749,29,29,0,17,0,2,1,0,0,0,0,0,0,0,32,33,0,0,0,0,0,0,0,33
12326,2,"12326-2",2,1,2,NA,NA,NA,NA,NA,NA,NA,1,2,1,343.07680785,0,5,0,2,2,2749,2748,2748,2749,48,29,1,17,0,2,1,0,0,0,0,0,0,0,32,33,0,0,0,0,0,0,0,33
12332,3,"12332-3",2,1,3,NA,NA,NA,NA,NA,NA,NA,3,2,1,62.4263135,0,9,9,2,2,1563,1209,1563,1209,35,31,0,18,0,1,7,0,0,0,0,0,0,0,46,6,0,0,0,0,0,0,0,46
12332,4,"12332-4",2,1,3,NA,NA,NA,NA,NA,NA,NA,3,2,1,62.4263135,0,9,0,2,2,1209,1563,1563,1209,48,35,1,18,0,1,7,0,0,0,0,0,0,0,46,6,0,0,0,0,0,0,0,46
12336,1,"12336-1",2,1,2,NA,NA,NA,NA,NA,NA,NA,1,1,1,375.1394004,0,7,7,2,3,2590,1765,2590,1765,16,14,0,9,40,1,1,0,0,0,0,0,0,0,27,40,0,0,0,0,0,0,0,40
12336,2,"12336-2",2,1,2,NA,NA,NA,NA,NA,NA,NA,1,1,1,375.1394004,1,7,8,2,3,1765,9999,2590,1765,22,16,1,9,40,1,1,0,0,0,0,0,0,0,27,40,0,0,0,0,0,0,0,40
12336,3,"12336-3",2,1,2,NA,NA,NA,NA,NA,NA,NA,1,1,1,375.1394004,1,7,7,3,3,9999,9999,2590,1765,28,22,1,9,40,1,1,0,0,0,0,0,0,0,27,40,0,0,0,0,0,0,0,40
12336,4,"12336-4",2,1,2,NA,NA,NA,NA,NA,NA,NA,1,1,1,375.1394004,1,7,8,3,3,9999,9999,2590,1765,33,28,1,9,40,1,1,0,0,0,0,0,0,0,27,40,0,0,0,0,0,0,0,40
12336,5,"12336-5",2,1,2,NA,NA,NA,NA,NA,NA,NA,1,1,1,375.1394004,0,7,0,2,3,9999,2590,2590,1765,48,33,1,9,40,1,1,0,0,0,0,0,0,0,27,40,0,0,0,0,0,0,0,40
12349,1,"12349-1",2,1,2,NA,NA,NA,NA,NA,NA,NA,1,1,1,108.9300823,0,6,6,3,3,2589,264,2589,264,18,5,0,5,20,4,4,0,0,0,0,0,0,0,40,40,0,0,0,0,0,0,0,40
12349,2,"12349-2",2,1,2,NA,NA,NA,NA,NA,NA,NA,1,1,1,108.9300823,1,6,7,3,3,264,2567,2589,264,23,18,1,5,20,4,4,0,0,0,0,0,0,0,40,40,0,0,0,0,0,0,0,40
12349,3,"12349-3",2,1,2,NA,NA,NA,NA,NA,NA,NA,1,1,1,108.9300823,0,6,0,3,3,2567,2589,2589,264,48,23,1,5,20,4,4,0,0,0,0,0,0,0,40,40,0,0,0,0,0,0,0,40
12350,1,"12350-1",2,1,2,NA,NA,NA,NA,NA,NA,NA,1,1,1,26.453102635,1,6,6,3,3,2714,2715,2714,2721,18,18,0,11,30,4,4,0,0,0,0,0,0,0,64,63,0,0,0,0,0,0,0,64
12350,2,"12350-2",2,1,2,NA,NA,NA,NA,NA,NA,NA,1,1,1,26.453102635,0,6,6,3,3,2715,2721,2714,2721,24,18,0,11,30,4,4,0,0,0,0,0,0,0,64,63,0,0,0,0,0,0,0,64
12350,3,"12350-3",2,1,2,NA,NA,NA,NA,NA,NA,NA,1,1,1,26.453102635,1,6,9,3,3,2721,2721,2714,2721,26,24,1,11,30,4,4,0,0,0,0,0,0,0,64,63,0,0,0,0,0,0,0,64
12350,4,"12350-4",2,1,2,NA,NA,NA,NA,NA,NA,NA,1,1,1,26.453102635,1,6,7,3,3,2721,2718,2714,2721,28,26,1,11,30,4,4,0,0,0,0,0,0,0,64,63,0,0,0,0,0,0,0,64
12350,5,"12350-5",2,1,2,NA,NA,NA,NA,NA,NA,NA,1,1,1,26.453102635,0,6,0,3,3,2718,2714,2714,2721,48,28,1,11,30,4,4,0,0,0,0,0,0,0,64,63,0,0,0,0,0,0,0,64
12351,2,"12351-2",3,2,3,4,NA,NA,NA,NA,NA,NA,3,3,1,353.306484496,0,9,9,3,3,2709,2714,2709,2714,34,31,0,18,20,2,8,8,0,0,0,0,0,0,36,5,4,0,0,0,0,0,0,36
12351,3,"12351-3",3,2,3,4,NA,NA,NA,NA,NA,NA,3,3,1,353.306484496,0,9,0,3,3,2714,2709,2709,2714,48,34,1,18,20,2,8,8,0,0,0,0,0,0,36,5,4,0,0,0,0,0,0,36
12360,1,"12360-1",2,1,4,NA,NA,NA,NA,NA,NA,NA,1,2,1,132.0241225,0,6,6,1,1,384,167,384,167,27,23,0,14,0,4,4,0,0,0,0,0,0,0,52,17,0,0,0,0,0,0,0,52
12360,2,"12360-2",2,1,4,NA,NA,NA,NA,NA,NA,NA,1,2,1,132.0241225,0,6,0,1,1,167,384,384,167,29,27,1,14,0,4,4,0,0,0,0,0,0,0,52,17,0,0,0,0,0,0,0,52
12373,3,"12373-3",2,1,2,NA,NA,NA,NA,NA,NA,NA,1,1,2,68.991238264,0,8,8,2,2,1217,135,1217,135,35,30,0,17,30,1,2,0,0,0,0,0,0,0,33,31,0,0,0,0,0,0,0,33
12373,4,"12373-4",2,1,2,NA,NA,NA,NA,NA,NA,NA,1,1,2,68.991238264,0,8,0,2,2,135,1217,1217,135,48,35,1,17,30,1,2,0,0,0,0,0,0,0,33,31,0,0,0,0,0,0,0,33
12373,1,"12373-1",2,2,3,NA,NA,NA,NA,NA,NA,NA,3,1,1,70.51181916,0,9,9,2,2,1217,1215,1217,1215,17,15,0,10,20,2,8,0,0,0,0,0,0,0,31,0,0,0,0,0,0,0,0,31
12373,2,"12373-2",2,2,3,NA,NA,NA,NA,NA,NA,NA,3,1,1,70.51181916,0,9,0,2,2,1215,1217,1217,1215,19,17,1,10,20,2,8,0,0,0,0,0,0,0,31,0,0,0,0,0,0,0,0,31
12387,2,"12387-2",3,1,3,4,NA,NA,NA,NA,NA,NA,3,2,1,130.1990429,0,6,6,3,3,1464,1412,1464,1412,28,26,0,15,30,4,7,7,0,0,0,0,0,0,46,12,9,0,0,0,0,0,0,46
12387,3,"12387-3",3,1,3,4,NA,NA,NA,NA,NA,NA,3,2,1,130.1990429,0,6,0,3,3,1412,1464,1464,1412,48,28,1,15,30,4,7,7,0,0,0,0,0,0,46,12,9,0,0,0,0,0,0,46
12387,4,"12387-4",2,2,3,NA,NA,NA,NA,NA,NA,NA,3,2,2,122.461330036,1,6,6,2,2,1464,1463,1464,1464,33,32,0,18,45,1,7,0,0,0,0,0,0,0,45,12,0,0,0,0,0,0,0,45
12387,5,"12387-5",2,2,3,NA,NA,NA,NA,NA,NA,NA,3,2,2,122.461330036,0,6,6,2,2,1463,1464,1464,1464,35,33,0,18,45,1,7,0,0,0,0,0,0,0,45,12,0,0,0,0,0,0,0,45
12387,6,"12387-6",2,2,3,NA,NA,NA,NA,NA,NA,NA,3,2,2,122.461330036,0,6,0,2,2,1464,1464,1464,1464,48,35,1,18,45,1,7,0,0,0,0,0,0,0,45,12,0,0,0,0,0,0,0,45
12389,2,"12389-2",4,1,2,3,4,NA,NA,NA,NA,NA,3,2,1,26.9517558,0,9,9,3,3,2455,427,2455,427,39,33,0,19,4,1,1,7,7,0,0,0,0,0,43,43,13,9,0,0,0,0,0,43
12389,3,"12389-3",4,1,2,3,4,NA,NA,NA,NA,NA,3,2,1,26.9517558,0,9,0,3,3,427,2455,2455,427,48,39,1,19,4,1,1,7,7,0,0,0,0,0,43,43,13,9,0,0,0,0,0,43
12393,1,"12393-1",2,1,2,NA,NA,NA,NA,NA,NA,NA,1,1,1,564.032507955,0,5,5,2,2,957,54,957,54,10,9,0,7,22,1,1,0,0,0,0,0,0,0,27,29,0,0,0,0,0,0,0,29
12393,2,"12393-2",2,1,2,NA,NA,NA,NA,NA,NA,NA,1,1,1,564.032507955,0,5,0,2,2,54,957,957,54,10,10,1,7,22,1,1,0,0,0,0,0,0,0,27,29,0,0,0,0,0,0,0,29
