Token,File,Matrix,TimePeriod
COUNTY,COUNTY.omx,COUNTY,
SOV_TIME,AM_HwySkim.omx,Trav_Time,AM
SOV_DIST,AM_HwySkim.omx,Miles,AM
HOV2_TIME,AM_HwySkim_HOV2.omx,Trav_Time,AM
HOV2_DIST,AM_HwySkim_HOV2.omx,Miles,AM
HOV3_TIME,AM_HwySkim_HOV3.omx,Trav_Time,AM
HOV3_DIST,AM_HwySkim_HOV3.omx,Miles,AM
SOV_TIME,EA_HwySkim.omx,Trav_Time,EA
SOV_DIST,EA_HwySkim.omx,Miles,EA
HOV2_TIME,EA_HwySkim_HOV2.omx,Trav_Time,EA
HOV2_DIST,EA_HwySkim_HOV2.omx,Miles,EA
HOV3_TIME,EA_HwySkim_HOV3.omx,Trav_Time,EA
HOV3_DIST,EA_HwySkim_HOV3.omx,Miles,EA
SOV_TIME,EV_HwySkim.omx,Trav_Time,EV
SOV_DIST,EV_HwySkim.omx,Miles,EV
HOV2_TIME,EV_HwySkim_HOV2.omx,Trav_Time,EV
HOV2_DIST,EV_HwySkim_HOV2.omx,Miles,EV
HOV3_TIME,EV_HwySkim_HOV3.omx,Trav_Time,EV
HOV3_DIST,EV_HwySkim_HOV3.omx,Miles,EV
SOV_TIME,MD_HwySkim.omx,Trav_Time,MD
SOV_DIST,MD_HwySkim.omx,Miles,MD
HOV2_TIME,MD_HwySkim_HOV2.omx,Trav_Time,MD
HOV2_DIST,MD_HwySkim_HOV2.omx,Miles,MD
HOV3_TIME,MD_HwySkim_HOV3.omx,Trav_Time,MD
HOV3_DIST,MD_HwySkim_HOV3.omx,Miles,MD
SOV_TIME,PM_HwySkim.omx,Trav_Time,PM
SOV_DIST,PM_HwySkim.omx,Miles,PM
HOV2_TIME,PM_HwySkim_HOV2.omx,Trav_Time,PM
HOV2_DIST,PM_HwySkim_HOV2.omx,Miles,PM
HOV3_TIME,PM_HwySkim_HOV3.omx,Trav_Time,PM
HOV3_DIST,PM_HwySkim_HOV3.omx,Miles,PM
DIST,NM_Skim_All.omx,DIST,
DISTWALK,NM_Skim.omx,DISTWALK,
DISTBIKE,NM_Skim.omx,DISTBIKE,
WLK_LOC_GC,AM_WLK_LOC_Skim.omx,Generalized Cost,AM
WLK_LOC_FARE,AM_WLK_LOC_Skim.omx,Fare,AM
WLK_LOC_IVT,AM_WLK_LOC_Skim.omx,In-Vehicle Time,AM
WLK_LOC_IWAIT,AM_WLK_LOC_Skim.omx,Initial Wait Time,AM
WLK_LOC_XWAIT,AM_WLK_LOC_Skim.omx,Transfer Wait Time,AM
WLK_LOC_XPEN,AM_WLK_LOC_Skim.omx,Transfer Penalty Time,AM
WLK_LOC_WAUX,AM_WLK_LOC_Skim.omx,Transfer Walk Time,AM
WLK_LOC_WACC,AM_WLK_LOC_Skim.omx,Access Walk Time,AM
WLK_LOC_WEGR,AM_WLK_LOC_Skim.omx,Egress Walk Time,AM
WLK_LOC_DT,AM_WLK_LOC_Skim.omx,Dwelling Time,AM
WLK_LOC_NT,AM_WLK_LOC_Skim.omx,Number of Transfers,AM
WLK_LOC_IVTT_PMov,AM_WLK_LOC_Skim.omx,IVTT_PMov,AM
WLK_LOC_IVTT_Bus,AM_WLK_LOC_Skim.omx,IVTT_Bus,AM
WLK_LOC_IVTT_StCar,AM_WLK_LOC_Skim.omx,IVTT_StCar,AM
WLK_LOC_IVTT_Brt,AM_WLK_LOC_Skim.omx,IVTT_Brt,AM
WLK_LOC_IVTT_UrbRail,AM_WLK_LOC_Skim.omx,IVTT_UrbRail,AM
WLK_LOC_IVTT_ComRail,AM_WLK_LOC_Skim.omx,IVTT_ComRail,AM
WLK_PRM_GC,AM_WLK_PRM_Skim.omx,Generalized Cost,AM
WLK_PRM_FARE,AM_WLK_PRM_Skim.omx,Fare,AM
WLK_PRM_IVT,AM_WLK_PRM_Skim.omx,In-Vehicle Time,AM
WLK_PRM_IWAIT,AM_WLK_PRM_Skim.omx,Initial Wait Time,AM
WLK_PRM_XWAIT,AM_WLK_PRM_Skim.omx,Transfer Wait Time,AM
WLK_PRM_XPEN,AM_WLK_PRM_Skim.omx,Transfer Penalty Time,AM
WLK_PRM_WAUX,AM_WLK_PRM_Skim.omx,Transfer Walk Time,AM
WLK_PRM_WACC,AM_WLK_PRM_Skim.omx,Access Walk Time,AM
WLK_PRM_WEGR,AM_WLK_PRM_Skim.omx,Egress Walk Time,AM
WLK_PRM_DT,AM_WLK_PRM_Skim.omx,Dwelling Time,AM
WLK_PRM_NT,AM_WLK_PRM_Skim.omx,Number of Transfers,AM
WLK_PRM_IVTT_PMov,AM_WLK_PRM_Skim.omx,IVTT_PMov,AM
WLK_PRM_IVTT_Bus,AM_WLK_PRM_Skim.omx,IVTT_Bus,AM
WLK_PRM_IVTT_StCar,AM_WLK_PRM_Skim.omx,IVTT_StCar,AM
WLK_PRM_IVTT_Brt,AM_WLK_PRM_Skim.omx,IVTT_Brt,AM
WLK_PRM_IVTT_UrbRail,AM_WLK_PRM_Skim.omx,IVTT_UrbRail,AM
WLK_PRM_IVTT_ComRail,AM_WLK_PRM_Skim.omx,IVTT_ComRail,AM
WLK_MIX_GC,AM_WLK_MIX_Skim.omx,Generalized Cost,AM
WLK_MIX_FARE,AM_WLK_MIX_Skim.omx,Fare,AM
WLK_MIX_IVT,AM_WLK_MIX_Skim.omx,In-Vehicle Time,AM
WLK_MIX_IWAIT,AM_WLK_MIX_Skim.omx,Initial Wait Time,AM
WLK_MIX_XWAIT,AM_WLK_MIX_Skim.omx,Transfer Wait Time,AM
WLK_MIX_XPEN,AM_WLK_MIX_Skim.omx,Transfer Penalty Time,AM
WLK_MIX_WAUX,AM_WLK_MIX_Skim.omx,Transfer Walk Time,AM
WLK_MIX_WACC,AM_WLK_MIX_Skim.omx,Access Walk Time,AM
WLK_MIX_WEGR,AM_WLK_MIX_Skim.omx,Egress Walk Time,AM
WLK_MIX_DT,AM_WLK_MIX_Skim.omx,Dwelling Time,AM
WLK_MIX_NT,AM_WLK_MIX_Skim.omx,Number of Transfers,AM
WLK_MIX_IVTT_PMov,AM_WLK_MIX_Skim.omx,IVTT_PMov,AM
WLK_MIX_IVTT_Bus,AM_WLK_MIX_Skim.omx,IVTT_Bus,AM
WLK_MIX_IVTT_StCar,AM_WLK_MIX_Skim.omx,IVTT_StCar,AM
WLK_MIX_IVTT_Brt,AM_WLK_MIX_Skim.omx,IVTT_Brt,AM
WLK_MIX_IVTT_UrbRail,AM_WLK_MIX_Skim.omx,IVTT_UrbRail,AM
WLK_MIX_IVTT_ComRail,AM_WLK_MIX_Skim.omx,IVTT_ComRail,AM
PNR_LOC_GC,AM_DRV_LOC_Skim.omx,Generalized Cost,AM
PNR_LOC_FARE,AM_DRV_LOC_Skim.omx,Fare,AM
PNR_LOC_IVT,AM_DRV_LOC_Skim.omx,In-Vehicle Time,AM
PNR_LOC_IWAIT,AM_DRV_LOC_Skim.omx,Initial Wait Time,AM
PNR_LOC_XWAIT,AM_DRV_LOC_Skim.omx,Transfer Wait Time,AM
PNR_LOC_XPEN,AM_DRV_LOC_Skim.omx,Transfer Penalty Time,AM
PNR_LOC_WAUX,AM_DRV_LOC_Skim.omx,Transfer Walk Time,AM
PNR_LOC_WACC,AM_DRV_LOC_Skim.omx,Access Walk Time,AM
PNR_LOC_WEGR,AM_DRV_LOC_Skim.omx,Egress Walk Time,AM
PNR_LOC_DTIME,AM_DRV_LOC_Skim.omx,Access Drive Time,AM
PNR_LOC_DDIST,AM_DRV_LOC_Skim.omx,Access Drive Distance,AM
PNR_LOC_DT,AM_DRV_LOC_Skim.omx,Dwelling Time,AM
PNR_LOC_NT,AM_DRV_LOC_Skim.omx,Number of Transfers,AM
PNR_LOC_IVTT_PMov,AM_DRV_LOC_Skim.omx,IVTT_PMov,AM
PNR_LOC_IVTT_Bus,AM_DRV_LOC_Skim.omx,IVTT_Bus,AM
PNR_LOC_IVTT_StCar,AM_DRV_LOC_Skim.omx,IVTT_StCar,AM
PNR_LOC_IVTT_Brt,AM_DRV_LOC_Skim.omx,IVTT_Brt,AM
PNR_LOC_IVTT_UrbRail,AM_DRV_LOC_Skim.omx,IVTT_UrbRail,AM
PNR_LOC_IVTT_ComRail,AM_DRV_LOC_Skim.omx,IVTT_ComRail,AM
PNR_PRM_GC,AM_DRV_PRM_Skim.omx,Generalized Cost,AM
PNR_PRM_FARE,AM_DRV_PRM_Skim.omx,Fare,AM
PNR_PRM_IVT,AM_DRV_PRM_Skim.omx,In-Vehicle Time,AM
PNR_PRM_IWAIT,AM_DRV_PRM_Skim.omx,Initial Wait Time,AM
PNR_PRM_XWAIT,AM_DRV_PRM_Skim.omx,Transfer Wait Time,AM
PNR_PRM_XPEN,AM_DRV_PRM_Skim.omx,Transfer Penalty Time,AM
PNR_PRM_WAUX,AM_DRV_PRM_Skim.omx,Transfer Walk Time,AM
PNR_PRM_WACC,AM_DRV_PRM_Skim.omx,Access Walk Time,AM
PNR_PRM_WEGR,AM_DRV_PRM_Skim.omx,Egress Walk Time,AM
PNR_PRM_DTIME,AM_DRV_PRM_Skim.omx,Access Drive Time,AM
PNR_PRM_DDIST,AM_DRV_PRM_Skim.omx,Access Drive Distance,AM
PNR_PRM_DT,AM_DRV_PRM_Skim.omx,Dwelling Time,AM
PNR_PRM_NT,AM_DRV_PRM_Skim.omx,Number of Transfers,AM
PNR_PRM_IVTT_PMov,AM_DRV_PRM_Skim.omx,IVTT_PMov,AM
PNR_PRM_IVTT_Bus,AM_DRV_PRM_Skim.omx,IVTT_Bus,AM
PNR_PRM_IVTT_StCar,AM_DRV_PRM_Skim.omx,IVTT_StCar,AM
PNR_PRM_IVTT_Brt,AM_DRV_PRM_Skim.omx,IVTT_Brt,AM
PNR_PRM_IVTT_UrbRail,AM_DRV_PRM_Skim.omx,IVTT_UrbRail,AM
PNR_PRM_IVTT_ComRail,AM_DRV_PRM_Skim.omx,IVTT_ComRail,AM
PNR_MIX_GC,AM_DRV_MIX_Skim.omx,Generalized Cost,AM
PNR_MIX_FARE,AM_DRV_MIX_Skim.omx,Fare,AM
PNR_MIX_IVT,AM_DRV_MIX_Skim.omx,In-Vehicle Time,AM
PNR_MIX_IWAIT,AM_DRV_MIX_Skim.omx,Initial Wait Time,AM
PNR_MIX_XWAIT,AM_DRV_MIX_Skim.omx,Transfer Wait Time,AM
PNR_MIX_XPEN,AM_DRV_MIX_Skim.omx,Transfer Penalty Time,AM
PNR_MIX_WAUX,AM_DRV_MIX_Skim.omx,Transfer Walk Time,AM
PNR_MIX_WACC,AM_DRV_MIX_Skim.omx,Access Walk Time,AM
PNR_MIX_WEGR,AM_DRV_MIX_Skim.omx,Egress Walk Time,AM
PNR_MIX_DTIME,AM_DRV_MIX_Skim.omx,Access Drive Time,AM
PNR_MIX_DDIST,AM_DRV_MIX_Skim.omx,Access Drive Distance,AM
PNR_MIX_DT,AM_DRV_MIX_Skim.omx,Dwelling Time,AM
PNR_MIX_NT,AM_DRV_MIX_Skim.omx,Number of Transfers,AM
PNR_MIX_IVTT_PMov,AM_DRV_MIX_Skim.omx,IVTT_PMov,AM
PNR_MIX_IVTT_Bus,AM_DRV_MIX_Skim.omx,IVTT_Bus,AM
PNR_MIX_IVTT_StCar,AM_DRV_MIX_Skim.omx,IVTT_StCar,AM
PNR_MIX_IVTT_Brt,AM_DRV_MIX_Skim.omx,IVTT_Brt,AM
PNR_MIX_IVTT_UrbRail,AM_DRV_MIX_Skim.omx,IVTT_UrbRail,AM
PNR_MIX_IVTT_ComRail,AM_DRV_MIX_Skim.omx,IVTT_ComRail,AM
KNR_LOC_GC,AM_KNR_LOC_Skim.omx,Generalized Cost,AM
KNR_LOC_FARE,AM_KNR_LOC_Skim.omx,Fare,AM
KNR_LOC_IVT,AM_KNR_LOC_Skim.omx,In-Vehicle Time,AM
KNR_LOC_IWAIT,AM_KNR_LOC_Skim.omx,Initial Wait Time,AM
KNR_LOC_XWAIT,AM_KNR_LOC_Skim.omx,Transfer Wait Time,AM
KNR_LOC_XPEN,AM_KNR_LOC_Skim.omx,Transfer Penalty Time,AM
KNR_LOC_WAUX,AM_KNR_LOC_Skim.omx,Transfer Walk Time,AM
KNR_LOC_WACC,AM_KNR_LOC_Skim.omx,Access Walk Time,AM
KNR_LOC_WEGR,AM_KNR_LOC_Skim.omx,Egress Walk Time,AM
KNR_LOC_DTIME,AM_KNR_LOC_Skim.omx,Access Drive Time,AM
KNR_LOC_DDIST,AM_KNR_LOC_Skim.omx,Access Drive Distance,AM
KNR_LOC_DT,AM_KNR_LOC_Skim.omx,Dwelling Time,AM
KNR_LOC_NT,AM_KNR_LOC_Skim.omx,Number of Transfers,AM
KNR_LOC_IVTT_PMov,AM_KNR_LOC_Skim.omx,IVTT_PMov,AM
KNR_LOC_IVTT_Bus,AM_KNR_LOC_Skim.omx,IVTT_Bus,AM
KNR_LOC_IVTT_StCar,AM_KNR_LOC_Skim.omx,IVTT_StCar,AM
KNR_LOC_IVTT_Brt,AM_KNR_LOC_Skim.omx,IVTT_Brt,AM
KNR_LOC_IVTT_UrbRail,AM_KNR_LOC_Skim.omx,IVTT_UrbRail,AM
KNR_LOC_IVTT_ComRail,AM_KNR_LOC_Skim.omx,IVTT_ComRail,AM
KNR_PRM_GC,AM_KNR_PRM_Skim.omx,Generalized Cost,AM
KNR_PRM_FARE,AM_KNR_PRM_Skim.omx,Fare,AM
KNR_PRM_IVT,AM_KNR_PRM_Skim.omx,In-Vehicle Time,AM
KNR_PRM_IWAIT,AM_KNR_PRM_Skim.omx,Initial Wait Time,AM
KNR_PRM_XWAIT,AM_KNR_PRM_Skim.omx,Transfer Wait Time,AM
KNR_PRM_XPEN,AM_KNR_PRM_Skim.omx,Transfer Penalty Time,AM
KNR_PRM_WAUX,AM_KNR_PRM_Skim.omx,Transfer Walk Time,AM
KNR_PRM_WACC,AM_KNR_PRM_Skim.omx,Access Walk Time,AM
KNR_PRM_WEGR,AM_KNR_PRM_Skim.omx,Egress Walk Time,AM
KNR_PRM_DTIME,AM_KNR_PRM_Skim.omx,Access Drive Time,AM
KNR_PRM_DDIST,AM_KNR_PRM_Skim.omx,Access Drive Distance,AM
KNR_PRM_DT,AM_KNR_PRM_Skim.omx,Dwelling Time,AM
KNR_PRM_NT,AM_KNR_PRM_Skim.omx,Number of Transfers,AM
KNR_PRM_IVTT_PMov,AM_KNR_PRM_Skim.omx,IVTT_PMov,AM
KNR_PRM_IVTT_Bus,AM_KNR_PRM_Skim.omx,IVTT_Bus,AM
KNR_PRM_IVTT_StCar,AM_KNR_PRM_Skim.omx,IVTT_StCar,AM
KNR_PRM_IVTT_Brt,AM_KNR_PRM_Skim.omx,IVTT_Brt,AM
KNR_PRM_IVTT_UrbRail,AM_KNR_PRM_Skim.omx,IVTT_UrbRail,AM
KNR_PRM_IVTT_ComRail,AM_KNR_PRM_Skim.omx,IVTT_ComRail,AM
KNR_MIX_GC,AM_KNR_MIX_Skim.omx,Generalized Cost,AM
KNR_MIX_FARE,AM_KNR_MIX_Skim.omx,Fare,AM
KNR_MIX_IVT,AM_KNR_MIX_Skim.omx,In-Vehicle Time,AM
KNR_MIX_IWAIT,AM_KNR_MIX_Skim.omx,Initial Wait Time,AM
KNR_MIX_XWAIT,AM_KNR_MIX_Skim.omx,Transfer Wait Time,AM
KNR_MIX_XPEN,AM_KNR_MIX_Skim.omx,Transfer Penalty Time,AM
KNR_MIX_WAUX,AM_KNR_MIX_Skim.omx,Transfer Walk Time,AM
KNR_MIX_WACC,AM_KNR_MIX_Skim.omx,Access Walk Time,AM
KNR_MIX_WEGR,AM_KNR_MIX_Skim.omx,Egress Walk Time,AM
KNR_MIX_DTIME,AM_KNR_MIX_Skim.omx,Access Drive Time,AM
KNR_MIX_DDIST,AM_KNR_MIX_Skim.omx,Access Drive Distance,AM
KNR_MIX_DT,AM_KNR_MIX_Skim.omx,Dwelling Time,AM
KNR_MIX_NT,AM_KNR_MIX_Skim.omx,Number of Transfers,AM
KNR_MIX_IVTT_PMov,AM_KNR_MIX_Skim.omx,IVTT_PMov,AM
KNR_MIX_IVTT_Bus,AM_KNR_MIX_Skim.omx,IVTT_Bus,AM
KNR_MIX_IVTT_StCar,AM_KNR_MIX_Skim.omx,IVTT_StCar,AM
KNR_MIX_IVTT_Brt,AM_KNR_MIX_Skim.omx,IVTT_Brt,AM
KNR_MIX_IVTT_UrbRail,AM_KNR_MIX_Skim.omx,IVTT_UrbRail,AM
KNR_MIX_IVTT_ComRail,AM_KNR_MIX_Skim.omx,IVTT_ComRail,AM
WLK_LOC_GC,MD_WLK_LOC_Skim.omx,Generalized Cost,MD
WLK_LOC_FARE,MD_WLK_LOC_Skim.omx,Fare,MD
WLK_LOC_IVT,MD_WLK_LOC_Skim.omx,In-Vehicle Time,MD
WLK_LOC_IWAIT,MD_WLK_LOC_Skim.omx,Initial Wait Time,MD
WLK_LOC_XWAIT,MD_WLK_LOC_Skim.omx,Transfer Wait Time,MD
WLK_LOC_XPEN,MD_WLK_LOC_Skim.omx,Transfer Penalty Time,MD
WLK_LOC_WAUX,MD_WLK_LOC_Skim.omx,Transfer Walk Time,MD
WLK_LOC_WACC,MD_WLK_LOC_Skim.omx,Access Walk Time,MD
WLK_LOC_WEGR,MD_WLK_LOC_Skim.omx,Egress Walk Time,MD
WLK_LOC_DT,MD_WLK_LOC_Skim.omx,Dwelling Time,MD
WLK_LOC_NT,MD_WLK_LOC_Skim.omx,Number of Transfers,MD
WLK_LOC_IVTT_PMov,MD_WLK_LOC_Skim.omx,IVTT_PMov,MD
WLK_LOC_IVTT_Bus,MD_WLK_LOC_Skim.omx,IVTT_Bus,MD
WLK_LOC_IVTT_StCar,MD_WLK_LOC_Skim.omx,IVTT_StCar,MD
WLK_LOC_IVTT_Brt,MD_WLK_LOC_Skim.omx,IVTT_Brt,MD
WLK_LOC_IVTT_UrbRail,MD_WLK_LOC_Skim.omx,IVTT_UrbRail,MD
WLK_LOC_IVTT_ComRail,MD_WLK_LOC_Skim.omx,IVTT_ComRail,MD
WLK_PRM_GC,MD_WLK_PRM_Skim.omx,Generalized Cost,MD
WLK_PRM_FARE,MD_WLK_PRM_Skim.omx,Fare,MD
WLK_PRM_IVT,MD_WLK_PRM_Skim.omx,In-Vehicle Time,MD
WLK_PRM_IWAIT,MD_WLK_PRM_Skim.omx,Initial Wait Time,MD
WLK_PRM_XWAIT,MD_WLK_PRM_Skim.omx,Transfer Wait Time,MD
WLK_PRM_XPEN,MD_WLK_PRM_Skim.omx,Transfer Penalty Time,MD
WLK_PRM_WAUX,MD_WLK_PRM_Skim.omx,Transfer Walk Time,MD
WLK_PRM_WACC,MD_WLK_PRM_Skim.omx,Access Walk Time,MD
WLK_PRM_WEGR,MD_WLK_PRM_Skim.omx,Egress Walk Time,MD
WLK_PRM_DT,MD_WLK_PRM_Skim.omx,Dwelling Time,MD
WLK_PRM_NT,MD_WLK_PRM_Skim.omx,Number of Transfers,MD
WLK_PRM_IVTT_PMov,MD_WLK_PRM_Skim.omx,IVTT_PMov,MD
WLK_PRM_IVTT_Bus,MD_WLK_PRM_Skim.omx,IVTT_Bus,MD
WLK_PRM_IVTT_StCar,MD_WLK_PRM_Skim.omx,IVTT_StCar,MD
WLK_PRM_IVTT_Brt,MD_WLK_PRM_Skim.omx,IVTT_Brt,MD
WLK_PRM_IVTT_UrbRail,MD_WLK_PRM_Skim.omx,IVTT_UrbRail,MD
WLK_PRM_IVTT_ComRail,MD_WLK_PRM_Skim.omx,IVTT_ComRail,MD
WLK_MIX_GC,MD_WLK_MIX_Skim.omx,Generalized Cost,MD
WLK_MIX_FARE,MD_WLK_MIX_Skim.omx,Fare,MD
WLK_MIX_IVT,MD_WLK_MIX_Skim.omx,In-Vehicle Time,MD
WLK_MIX_IWAIT,MD_WLK_MIX_Skim.omx,Initial Wait Time,MD
WLK_MIX_XWAIT,MD_WLK_MIX_Skim.omx,Transfer Wait Time,MD
WLK_MIX_XPEN,MD_WLK_MIX_Skim.omx,Transfer Penalty Time,MD
WLK_MIX_WAUX,MD_WLK_MIX_Skim.omx,Transfer Walk Time,MD
WLK_MIX_WACC,MD_WLK_MIX_Skim.omx,Access Walk Time,MD
WLK_MIX_WEGR,MD_WLK_MIX_Skim.omx,Egress Walk Time,MD
WLK_MIX_DT,MD_WLK_MIX_Skim.omx,Dwelling Time,MD
WLK_MIX_NT,MD_WLK_MIX_Skim.omx,Number of Transfers,MD
WLK_MIX_IVTT_PMov,MD_WLK_MIX_Skim.omx,IVTT_PMov,MD
WLK_MIX_IVTT_Bus,MD_WLK_MIX_Skim.omx,IVTT_Bus,MD
WLK_MIX_IVTT_StCar,MD_WLK_MIX_Skim.omx,IVTT_StCar,MD
WLK_MIX_IVTT_Brt,MD_WLK_MIX_Skim.omx,IVTT_Brt,MD
WLK_MIX_IVTT_UrbRail,MD_WLK_MIX_Skim.omx,IVTT_UrbRail,MD
WLK_MIX_IVTT_ComRail,MD_WLK_MIX_Skim.omx,IVTT_ComRail,MD
PNR_LOC_GC,MD_DRV_LOC_Skim.omx,Generalized Cost,MD
PNR_LOC_FARE,MD_DRV_LOC_Skim.omx,Fare,MD
PNR_LOC_IVT,MD_DRV_LOC_Skim.omx,In-Vehicle Time,MD
PNR_LOC_IWAIT,MD_DRV_LOC_Skim.omx,Initial Wait Time,MD
PNR_LOC_XWAIT,MD_DRV_LOC_Skim.omx,Transfer Wait Time,MD
PNR_LOC_XPEN,MD_DRV_LOC_Skim.omx,Transfer Penalty Time,MD
PNR_LOC_WAUX,MD_DRV_LOC_Skim.omx,Transfer Walk Time,MD
PNR_LOC_WACC,MD_DRV_LOC_Skim.omx,Access Walk Time,MD
PNR_LOC_WEGR,MD_DRV_LOC_Skim.omx,Egress Walk Time,MD
PNR_LOC_DTIME,MD_DRV_LOC_Skim.omx,Access Drive Time,MD
PNR_LOC_DDIST,MD_DRV_LOC_Skim.omx,Access Drive Distance,MD
PNR_LOC_DT,MD_DRV_LOC_Skim.omx,Dwelling Time,MD
PNR_LOC_NT,MD_DRV_LOC_Skim.omx,Number of Transfers,MD
PNR_LOC_IVTT_PMov,MD_DRV_LOC_Skim.omx,IVTT_PMov,MD
PNR_LOC_IVTT_Bus,MD_DRV_LOC_Skim.omx,IVTT_Bus,MD
PNR_LOC_IVTT_StCar,MD_DRV_LOC_Skim.omx,IVTT_StCar,MD
PNR_LOC_IVTT_Brt,MD_DRV_LOC_Skim.omx,IVTT_Brt,MD
PNR_LOC_IVTT_UrbRail,MD_DRV_LOC_Skim.omx,IVTT_UrbRail,MD
PNR_LOC_IVTT_ComRail,MD_DRV_LOC_Skim.omx,IVTT_ComRail,MD
PNR_PRM_GC,MD_DRV_PRM_Skim.omx,Generalized Cost,MD
PNR_PRM_FARE,MD_DRV_PRM_Skim.omx,Fare,MD
PNR_PRM_IVT,MD_DRV_PRM_Skim.omx,In-Vehicle Time,MD
PNR_PRM_IWAIT,MD_DRV_PRM_Skim.omx,Initial Wait Time,MD
PNR_PRM_XWAIT,MD_DRV_PRM_Skim.omx,Transfer Wait Time,MD
PNR_PRM_XPEN,MD_DRV_PRM_Skim.omx,Transfer Penalty Time,MD
PNR_PRM_WAUX,MD_DRV_PRM_Skim.omx,Transfer Walk Time,MD
PNR_PRM_WACC,MD_DRV_PRM_Skim.omx,Access Walk Time,MD
PNR_PRM_WEGR,MD_DRV_PRM_Skim.omx,Egress Walk Time,MD
PNR_PRM_DTIME,MD_DRV_PRM_Skim.omx,Access Drive Time,MD
PNR_PRM_DDIST,MD_DRV_PRM_Skim.omx,Access Drive Distance,MD
PNR_PRM_DT,MD_DRV_PRM_Skim.omx,Dwelling Time,MD
PNR_PRM_NT,MD_DRV_PRM_Skim.omx,Number of Transfers,MD
PNR_PRM_IVTT_PMov,MD_DRV_PRM_Skim.omx,IVTT_PMov,MD
PNR_PRM_IVTT_Bus,MD_DRV_PRM_Skim.omx,IVTT_Bus,MD
PNR_PRM_IVTT_StCar,MD_DRV_PRM_Skim.omx,IVTT_StCar,MD
PNR_PRM_IVTT_Brt,MD_DRV_PRM_Skim.omx,IVTT_Brt,MD
PNR_PRM_IVTT_UrbRail,MD_DRV_PRM_Skim.omx,IVTT_UrbRail,MD
PNR_PRM_IVTT_ComRail,MD_DRV_PRM_Skim.omx,IVTT_ComRail,MD
PNR_MIX_GC,MD_DRV_MIX_Skim.omx,Generalized Cost,MD
PNR_MIX_FARE,MD_DRV_MIX_Skim.omx,Fare,MD
PNR_MIX_IVT,MD_DRV_MIX_Skim.omx,In-Vehicle Time,MD
PNR_MIX_IWAIT,MD_DRV_MIX_Skim.omx,Initial Wait Time,MD
PNR_MIX_XWAIT,MD_DRV_MIX_Skim.omx,Transfer Wait Time,MD
PNR_MIX_XPEN,MD_DRV_MIX_Skim.omx,Transfer Penalty Time,MD
PNR_MIX_WAUX,MD_DRV_MIX_Skim.omx,Transfer Walk Time,MD
PNR_MIX_WACC,MD_DRV_MIX_Skim.omx,Access Walk Time,MD
PNR_MIX_WEGR,MD_DRV_MIX_Skim.omx,Egress Walk Time,MD
PNR_MIX_DTIME,MD_DRV_MIX_Skim.omx,Access Drive Time,MD
PNR_MIX_DDIST,MD_DRV_MIX_Skim.omx,Access Drive Distance,MD
PNR_MIX_DT,MD_DRV_MIX_Skim.omx,Dwelling Time,MD
PNR_MIX_NT,MD_DRV_MIX_Skim.omx,Number of Transfers,MD
PNR_MIX_IVTT_PMov,MD_DRV_MIX_Skim.omx,IVTT_PMov,MD
PNR_MIX_IVTT_Bus,MD_DRV_MIX_Skim.omx,IVTT_Bus,MD
PNR_MIX_IVTT_StCar,MD_DRV_MIX_Skim.omx,IVTT_StCar,MD
PNR_MIX_IVTT_Brt,MD_DRV_MIX_Skim.omx,IVTT_Brt,MD
PNR_MIX_IVTT_UrbRail,MD_DRV_MIX_Skim.omx,IVTT_UrbRail,MD
PNR_MIX_IVTT_ComRail,MD_DRV_MIX_Skim.omx,IVTT_ComRail,MD
KNR_LOC_GC,MD_KNR_LOC_Skim.omx,Generalized Cost,MD
KNR_LOC_FARE,MD_KNR_LOC_Skim.omx,Fare,MD
KNR_LOC_IVT,MD_KNR_LOC_Skim.omx,In-Vehicle Time,MD
KNR_LOC_IWAIT,MD_KNR_LOC_Skim.omx,Initial Wait Time,MD
KNR_LOC_XWAIT,MD_KNR_LOC_Skim.omx,Transfer Wait Time,MD
KNR_LOC_XPEN,MD_KNR_LOC_Skim.omx,Transfer Penalty Time,MD
KNR_LOC_WAUX,MD_KNR_LOC_Skim.omx,Transfer Walk Time,MD
KNR_LOC_WACC,MD_KNR_LOC_Skim.omx,Access Walk Time,MD
KNR_LOC_WEGR,MD_KNR_LOC_Skim.omx,Egress Walk Time,MD
KNR_LOC_DTIME,MD_KNR_LOC_Skim.omx,Access Drive Time,MD
KNR_LOC_DDIST,MD_KNR_LOC_Skim.omx,Access Drive Distance,MD
KNR_LOC_DT,MD_KNR_LOC_Skim.omx,Dwelling Time,MD
KNR_LOC_NT,MD_KNR_LOC_Skim.omx,Number of Transfers,MD
KNR_LOC_IVTT_PMov,MD_KNR_LOC_Skim.omx,IVTT_PMov,MD
KNR_LOC_IVTT_Bus,MD_KNR_LOC_Skim.omx,IVTT_Bus,MD
KNR_LOC_IVTT_StCar,MD_KNR_LOC_Skim.omx,IVTT_StCar,MD
KNR_LOC_IVTT_Brt,MD_KNR_LOC_Skim.omx,IVTT_Brt,MD
KNR_LOC_IVTT_UrbRail,MD_KNR_LOC_Skim.omx,IVTT_UrbRail,MD
KNR_LOC_IVTT_ComRail,MD_KNR_LOC_Skim.omx,IVTT_ComRail,MD
KNR_PRM_GC,MD_KNR_PRM_Skim.omx,Generalized Cost,MD
KNR_PRM_FARE,MD_KNR_PRM_Skim.omx,Fare,MD
KNR_PRM_IVT,MD_KNR_PRM_Skim.omx,In-Vehicle Time,MD
KNR_PRM_IWAIT,MD_KNR_PRM_Skim.omx,Initial Wait Time,MD
KNR_PRM_XWAIT,MD_KNR_PRM_Skim.omx,Transfer Wait Time,MD
KNR_PRM_XPEN,MD_KNR_PRM_Skim.omx,Transfer Penalty Time,MD
KNR_PRM_WAUX,MD_KNR_PRM_Skim.omx,Transfer Walk Time,MD
KNR_PRM_WACC,MD_KNR_PRM_Skim.omx,Access Walk Time,MD
KNR_PRM_WEGR,MD_KNR_PRM_Skim.omx,Egress Walk Time,MD
KNR_PRM_DTIME,MD_KNR_PRM_Skim.omx,Access Drive Time,MD
KNR_PRM_DDIST,MD_KNR_PRM_Skim.omx,Access Drive Distance,MD
KNR_PRM_DT,MD_KNR_PRM_Skim.omx,Dwelling Time,MD
KNR_PRM_NT,MD_KNR_PRM_Skim.omx,Number of Transfers,MD
KNR_PRM_IVTT_PMov,MD_KNR_PRM_Skim.omx,IVTT_PMov,MD
KNR_PRM_IVTT_Bus,MD_KNR_PRM_Skim.omx,IVTT_Bus,MD
KNR_PRM_IVTT_StCar,MD_KNR_PRM_Skim.omx,IVTT_StCar,MD
KNR_PRM_IVTT_Brt,MD_KNR_PRM_Skim.omx,IVTT_Brt,MD
KNR_PRM_IVTT_UrbRail,MD_KNR_PRM_Skim.omx,IVTT_UrbRail,MD
KNR_PRM_IVTT_ComRail,MD_KNR_PRM_Skim.omx,IVTT_ComRail,MD
KNR_MIX_GC,MD_KNR_MIX_Skim.omx,Generalized Cost,MD
KNR_MIX_FARE,MD_KNR_MIX_Skim.omx,Fare,MD
KNR_MIX_IVT,MD_KNR_MIX_Skim.omx,In-Vehicle Time,MD
KNR_MIX_IWAIT,MD_KNR_MIX_Skim.omx,Initial Wait Time,MD
KNR_MIX_XWAIT,MD_KNR_MIX_Skim.omx,Transfer Wait Time,MD
KNR_MIX_XPEN,MD_KNR_MIX_Skim.omx,Transfer Penalty Time,MD
KNR_MIX_WAUX,MD_KNR_MIX_Skim.omx,Transfer Walk Time,MD
KNR_MIX_WACC,MD_KNR_MIX_Skim.omx,Access Walk Time,MD
KNR_MIX_WEGR,MD_KNR_MIX_Skim.omx,Egress Walk Time,MD
KNR_MIX_DTIME,MD_KNR_MIX_Skim.omx,Access Drive Time,MD
KNR_MIX_DDIST,MD_KNR_MIX_Skim.omx,Access Drive Distance,MD
KNR_MIX_DT,MD_KNR_MIX_Skim.omx,Dwelling Time,MD
KNR_MIX_NT,MD_KNR_MIX_Skim.omx,Number of Transfers,MD
KNR_MIX_IVTT_PMov,MD_KNR_MIX_Skim.omx,IVTT_PMov,MD
KNR_MIX_IVTT_Bus,MD_KNR_MIX_Skim.omx,IVTT_Bus,MD
KNR_MIX_IVTT_StCar,MD_KNR_MIX_Skim.omx,IVTT_StCar,MD
KNR_MIX_IVTT_Brt,MD_KNR_MIX_Skim.omx,IVTT_Brt,MD
KNR_MIX_IVTT_UrbRail,MD_KNR_MIX_Skim.omx,IVTT_UrbRail,MD
KNR_MIX_IVTT_ComRail,MD_KNR_MIX_Skim.omx,IVTT_ComRail,MD
WLK_LOC_GC,PM_WLK_LOC_Skim.omx,Generalized Cost,PM
WLK_LOC_FARE,PM_WLK_LOC_Skim.omx,Fare,PM
WLK_LOC_IVT,PM_WLK_LOC_Skim.omx,In-Vehicle Time,PM
WLK_LOC_IWAIT,PM_WLK_LOC_Skim.omx,Initial Wait Time,PM
WLK_LOC_XWAIT,PM_WLK_LOC_Skim.omx,Transfer Wait Time,PM
WLK_LOC_XPEN,PM_WLK_LOC_Skim.omx,Transfer Penalty Time,PM
WLK_LOC_WAUX,PM_WLK_LOC_Skim.omx,Transfer Walk Time,PM
WLK_LOC_WACC,PM_WLK_LOC_Skim.omx,Access Walk Time,PM
WLK_LOC_WEGR,PM_WLK_LOC_Skim.omx,Egress Walk Time,PM
WLK_LOC_DT,PM_WLK_LOC_Skim.omx,Dwelling Time,PM
WLK_LOC_NT,PM_WLK_LOC_Skim.omx,Number of Transfers,PM
WLK_LOC_IVTT_PMov,PM_WLK_LOC_Skim.omx,IVTT_PMov,PM
WLK_LOC_IVTT_Bus,PM_WLK_LOC_Skim.omx,IVTT_Bus,PM
WLK_LOC_IVTT_StCar,PM_WLK_LOC_Skim.omx,IVTT_StCar,PM
WLK_LOC_IVTT_Brt,PM_WLK_LOC_Skim.omx,IVTT_Brt,PM
WLK_LOC_IVTT_UrbRail,PM_WLK_LOC_Skim.omx,IVTT_UrbRail,PM
WLK_LOC_IVTT_ComRail,PM_WLK_LOC_Skim.omx,IVTT_ComRail,PM
WLK_PRM_GC,PM_WLK_PRM_Skim.omx,Generalized Cost,PM
WLK_PRM_FARE,PM_WLK_PRM_Skim.omx,Fare,PM
WLK_PRM_IVT,PM_WLK_PRM_Skim.omx,In-Vehicle Time,PM
WLK_PRM_IWAIT,PM_WLK_PRM_Skim.omx,Initial Wait Time,PM
WLK_PRM_XWAIT,PM_WLK_PRM_Skim.omx,Transfer Wait Time,PM
WLK_PRM_XPEN,PM_WLK_PRM_Skim.omx,Transfer Penalty Time,PM
WLK_PRM_WAUX,PM_WLK_PRM_Skim.omx,Transfer Walk Time,PM
WLK_PRM_WACC,PM_WLK_PRM_Skim.omx,Access Walk Time,PM
WLK_PRM_WEGR,PM_WLK_PRM_Skim.omx,Egress Walk Time,PM
WLK_PRM_DT,PM_WLK_PRM_Skim.omx,Dwelling Time,PM
WLK_PRM_NT,PM_WLK_PRM_Skim.omx,Number of Transfers,PM
WLK_PRM_IVTT_PMov,PM_WLK_PRM_Skim.omx,IVTT_PMov,PM
WLK_PRM_IVTT_Bus,PM_WLK_PRM_Skim.omx,IVTT_Bus,PM
WLK_PRM_IVTT_StCar,PM_WLK_PRM_Skim.omx,IVTT_StCar,PM
WLK_PRM_IVTT_Brt,PM_WLK_PRM_Skim.omx,IVTT_Brt,PM
WLK_PRM_IVTT_UrbRail,PM_WLK_PRM_Skim.omx,IVTT_UrbRail,PM
WLK_PRM_IVTT_ComRail,PM_WLK_PRM_Skim.omx,IVTT_ComRail,PM
WLK_MIX_GC,PM_WLK_MIX_Skim.omx,Generalized Cost,PM
WLK_MIX_FARE,PM_WLK_MIX_Skim.omx,Fare,PM
WLK_MIX_IVT,PM_WLK_MIX_Skim.omx,In-Vehicle Time,PM
WLK_MIX_IWAIT,PM_WLK_MIX_Skim.omx,Initial Wait Time,PM
WLK_MIX_XWAIT,PM_WLK_MIX_Skim.omx,Transfer Wait Time,PM
WLK_MIX_XPEN,PM_WLK_MIX_Skim.omx,Transfer Penalty Time,PM
WLK_MIX_WAUX,PM_WLK_MIX_Skim.omx,Transfer Walk Time,PM
WLK_MIX_WACC,PM_WLK_MIX_Skim.omx,Access Walk Time,PM
WLK_MIX_WEGR,PM_WLK_MIX_Skim.omx,Egress Walk Time,PM
WLK_MIX_DT,PM_WLK_MIX_Skim.omx,Dwelling Time,PM
WLK_MIX_NT,PM_WLK_MIX_Skim.omx,Number of Transfers,PM
WLK_MIX_IVTT_PMov,PM_WLK_MIX_Skim.omx,IVTT_PMov,PM
WLK_MIX_IVTT_Bus,PM_WLK_MIX_Skim.omx,IVTT_Bus,PM
WLK_MIX_IVTT_StCar,PM_WLK_MIX_Skim.omx,IVTT_StCar,PM
WLK_MIX_IVTT_Brt,PM_WLK_MIX_Skim.omx,IVTT_Brt,PM
WLK_MIX_IVTT_UrbRail,PM_WLK_MIX_Skim.omx,IVTT_UrbRail,PM
WLK_MIX_IVTT_ComRail,PM_WLK_MIX_Skim.omx,IVTT_ComRail,PM
PNR_LOC_GC,PM_DRV_LOC_Skim.omx,Generalized Cost,PM
PNR_LOC_FARE,PM_DRV_LOC_Skim.omx,Fare,PM
PNR_LOC_IVT,PM_DRV_LOC_Skim.omx,In-Vehicle Time,PM
PNR_LOC_IWAIT,PM_DRV_LOC_Skim.omx,Initial Wait Time,PM
PNR_LOC_XWAIT,PM_DRV_LOC_Skim.omx,Transfer Wait Time,PM
PNR_LOC_XPEN,PM_DRV_LOC_Skim.omx,Transfer Penalty Time,PM
PNR_LOC_WAUX,PM_DRV_LOC_Skim.omx,Transfer Walk Time,PM
PNR_LOC_WACC,PM_DRV_LOC_Skim.omx,Access Walk Time,PM
PNR_LOC_WEGR,PM_DRV_LOC_Skim.omx,Egress Walk Time,PM
PNR_LOC_DTIME,PM_DRV_LOC_Skim.omx,Access Drive Time,PM
PNR_LOC_DDIST,PM_DRV_LOC_Skim.omx,Access Drive Distance,PM
PNR_LOC_DT,PM_DRV_LOC_Skim.omx,Dwelling Time,PM
PNR_LOC_NT,PM_DRV_LOC_Skim.omx,Number of Transfers,PM
PNR_LOC_IVTT_PMov,PM_DRV_LOC_Skim.omx,IVTT_PMov,PM
PNR_LOC_IVTT_Bus,PM_DRV_LOC_Skim.omx,IVTT_Bus,PM
PNR_LOC_IVTT_StCar,PM_DRV_LOC_Skim.omx,IVTT_StCar,PM
PNR_LOC_IVTT_Brt,PM_DRV_LOC_Skim.omx,IVTT_Brt,PM
PNR_LOC_IVTT_UrbRail,PM_DRV_LOC_Skim.omx,IVTT_UrbRail,PM
PNR_LOC_IVTT_ComRail,PM_DRV_LOC_Skim.omx,IVTT_ComRail,PM
PNR_PRM_GC,PM_DRV_PRM_Skim.omx,Generalized Cost,PM
PNR_PRM_FARE,PM_DRV_PRM_Skim.omx,Fare,PM
PNR_PRM_IVT,PM_DRV_PRM_Skim.omx,In-Vehicle Time,PM
PNR_PRM_IWAIT,PM_DRV_PRM_Skim.omx,Initial Wait Time,PM
PNR_PRM_XWAIT,PM_DRV_PRM_Skim.omx,Transfer Wait Time,PM
PNR_PRM_XPEN,PM_DRV_PRM_Skim.omx,Transfer Penalty Time,PM
PNR_PRM_WAUX,PM_DRV_PRM_Skim.omx,Transfer Walk Time,PM
PNR_PRM_WACC,PM_DRV_PRM_Skim.omx,Access Walk Time,PM
PNR_PRM_WEGR,PM_DRV_PRM_Skim.omx,Egress Walk Time,PM
PNR_PRM_DTIME,PM_DRV_PRM_Skim.omx,Access Drive Time,PM
PNR_PRM_DDIST,PM_DRV_PRM_Skim.omx,Access Drive Distance,PM
PNR_PRM_DT,PM_DRV_PRM_Skim.omx,Dwelling Time,PM
PNR_PRM_NT,PM_DRV_PRM_Skim.omx,Number of Transfers,PM
PNR_PRM_IVTT_PMov,PM_DRV_PRM_Skim.omx,IVTT_PMov,PM
PNR_PRM_IVTT_Bus,PM_DRV_PRM_Skim.omx,IVTT_Bus,PM
PNR_PRM_IVTT_StCar,PM_DRV_PRM_Skim.omx,IVTT_StCar,PM
PNR_PRM_IVTT_Brt,PM_DRV_PRM_Skim.omx,IVTT_Brt,PM
PNR_PRM_IVTT_UrbRail,PM_DRV_PRM_Skim.omx,IVTT_UrbRail,PM
PNR_PRM_IVTT_ComRail,PM_DRV_PRM_Skim.omx,IVTT_ComRail,PM
PNR_MIX_GC,PM_DRV_MIX_Skim.omx,Generalized Cost,PM
PNR_MIX_FARE,PM_DRV_MIX_Skim.omx,Fare,PM
PNR_MIX_IVT,PM_DRV_MIX_Skim.omx,In-Vehicle Time,PM
PNR_MIX_IWAIT,PM_DRV_MIX_Skim.omx,Initial Wait Time,PM
PNR_MIX_XWAIT,PM_DRV_MIX_Skim.omx,Transfer Wait Time,PM
PNR_MIX_XPEN,PM_DRV_MIX_Skim.omx,Transfer Penalty Time,PM
PNR_MIX_WAUX,PM_DRV_MIX_Skim.omx,Transfer Walk Time,PM
PNR_MIX_WACC,PM_DRV_MIX_Skim.omx,Access Walk Time,PM
PNR_MIX_WEGR,PM_DRV_MIX_Skim.omx,Egress Walk Time,PM
PNR_MIX_DTIME,PM_DRV_MIX_Skim.omx,Access Drive Time,PM
PNR_MIX_DDIST,PM_DRV_MIX_Skim.omx,Access Drive Distance,PM
PNR_MIX_DT,PM_DRV_MIX_Skim.omx,Dwelling Time,PM
PNR_MIX_NT,PM_DRV_MIX_Skim.omx,Number of Transfers,PM
PNR_MIX_IVTT_PMov,PM_DRV_MIX_Skim.omx,IVTT_PMov,PM
PNR_MIX_IVTT_Bus,PM_DRV_MIX_Skim.omx,IVTT_Bus,PM
PNR_MIX_IVTT_StCar,PM_DRV_MIX_Skim.omx,IVTT_StCar,PM
PNR_MIX_IVTT_Brt,PM_DRV_MIX_Skim.omx,IVTT_Brt,PM
PNR_MIX_IVTT_UrbRail,PM_DRV_MIX_Skim.omx,IVTT_UrbRail,PM
PNR_MIX_IVTT_ComRail,PM_DRV_MIX_Skim.omx,IVTT_ComRail,PM
KNR_LOC_GC,PM_KNR_LOC_Skim.omx,Generalized Cost,PM
KNR_LOC_FARE,PM_KNR_LOC_Skim.omx,Fare,PM
KNR_LOC_IVT,PM_KNR_LOC_Skim.omx,In-Vehicle Time,PM
KNR_LOC_IWAIT,PM_KNR_LOC_Skim.omx,Initial Wait Time,PM
KNR_LOC_XWAIT,PM_KNR_LOC_Skim.omx,Transfer Wait Time,PM
KNR_LOC_XPEN,PM_KNR_LOC_Skim.omx,Transfer Penalty Time,PM
KNR_LOC_WAUX,PM_KNR_LOC_Skim.omx,Transfer Walk Time,PM
KNR_LOC_WACC,PM_KNR_LOC_Skim.omx,Access Walk Time,PM
KNR_LOC_WEGR,PM_KNR_LOC_Skim.omx,Egress Walk Time,PM
KNR_LOC_DTIME,PM_KNR_LOC_Skim.omx,Access Drive Time,PM
KNR_LOC_DDIST,PM_KNR_LOC_Skim.omx,Access Drive Distance,PM
KNR_LOC_DT,PM_KNR_LOC_Skim.omx,Dwelling Time,PM
KNR_LOC_NT,PM_KNR_LOC_Skim.omx,Number of Transfers,PM
KNR_LOC_IVTT_PMov,PM_KNR_LOC_Skim.omx,IVTT_PMov,PM
KNR_LOC_IVTT_Bus,PM_KNR_LOC_Skim.omx,IVTT_Bus,PM
KNR_LOC_IVTT_StCar,PM_KNR_LOC_Skim.omx,IVTT_StCar,PM
KNR_LOC_IVTT_Brt,PM_KNR_LOC_Skim.omx,IVTT_Brt,PM
KNR_LOC_IVTT_UrbRail,PM_KNR_LOC_Skim.omx,IVTT_UrbRail,PM
KNR_LOC_IVTT_ComRail,PM_KNR_LOC_Skim.omx,IVTT_ComRail,PM
KNR_PRM_GC,PM_KNR_PRM_Skim.omx,Generalized Cost,PM
KNR_PRM_FARE,PM_KNR_PRM_Skim.omx,Fare,PM
KNR_PRM_IVT,PM_KNR_PRM_Skim.omx,In-Vehicle Time,PM
KNR_PRM_IWAIT,PM_KNR_PRM_Skim.omx,Initial Wait Time,PM
KNR_PRM_XWAIT,PM_KNR_PRM_Skim.omx,Transfer Wait Time,PM
KNR_PRM_XPEN,PM_KNR_PRM_Skim.omx,Transfer Penalty Time,PM
KNR_PRM_WAUX,PM_KNR_PRM_Skim.omx,Transfer Walk Time,PM
KNR_PRM_WACC,PM_KNR_PRM_Skim.omx,Access Walk Time,PM
KNR_PRM_WEGR,PM_KNR_PRM_Skim.omx,Egress Walk Time,PM
KNR_PRM_DTIME,PM_KNR_PRM_Skim.omx,Access Drive Time,PM
KNR_PRM_DDIST,PM_KNR_PRM_Skim.omx,Access Drive Distance,PM
KNR_PRM_DT,PM_KNR_PRM_Skim.omx,Dwelling Time,PM
KNR_PRM_NT,PM_KNR_PRM_Skim.omx,Number of Transfers,PM
KNR_PRM_IVTT_PMov,PM_KNR_PRM_Skim.omx,IVTT_PMov,PM
KNR_PRM_IVTT_Bus,PM_KNR_PRM_Skim.omx,IVTT_Bus,PM
KNR_PRM_IVTT_StCar,PM_KNR_PRM_Skim.omx,IVTT_StCar,PM
KNR_PRM_IVTT_Brt,PM_KNR_PRM_Skim.omx,IVTT_Brt,PM
KNR_PRM_IVTT_UrbRail,PM_KNR_PRM_Skim.omx,IVTT_UrbRail,PM
KNR_PRM_IVTT_ComRail,PM_KNR_PRM_Skim.omx,IVTT_ComRail,PM
KNR_MIX_GC,PM_KNR_MIX_Skim.omx,Generalized Cost,PM
KNR_MIX_FARE,PM_KNR_MIX_Skim.omx,Fare,PM
KNR_MIX_IVT,PM_KNR_MIX_Skim.omx,In-Vehicle Time,PM
KNR_MIX_IWAIT,PM_KNR_MIX_Skim.omx,Initial Wait Time,PM
KNR_MIX_XWAIT,PM_KNR_MIX_Skim.omx,Transfer Wait Time,PM
KNR_MIX_XPEN,PM_KNR_MIX_Skim.omx,Transfer Penalty Time,PM
KNR_MIX_WAUX,PM_KNR_MIX_Skim.omx,Transfer Walk Time,PM
KNR_MIX_WACC,PM_KNR_MIX_Skim.omx,Access Walk Time,PM
KNR_MIX_WEGR,PM_KNR_MIX_Skim.omx,Egress Walk Time,PM
KNR_MIX_DTIME,PM_KNR_MIX_Skim.omx,Access Drive Time,PM
KNR_MIX_DDIST,PM_KNR_MIX_Skim.omx,Access Drive Distance,PM
KNR_MIX_DT,PM_KNR_MIX_Skim.omx,Dwelling Time,PM
KNR_MIX_NT,PM_KNR_MIX_Skim.omx,Number of Transfers,PM
KNR_MIX_IVTT_PMov,PM_KNR_MIX_Skim.omx,IVTT_PMov,PM
KNR_MIX_IVTT_Bus,PM_KNR_MIX_Skim.omx,IVTT_Bus,PM
KNR_MIX_IVTT_StCar,PM_KNR_MIX_Skim.omx,IVTT_StCar,PM
KNR_MIX_IVTT_Brt,PM_KNR_MIX_Skim.omx,IVTT_Brt,PM
KNR_MIX_IVTT_UrbRail,PM_KNR_MIX_Skim.omx,IVTT_UrbRail,PM
KNR_MIX_IVTT_ComRail,PM_KNR_MIX_Skim.omx,IVTT_ComRail,PM
WLK_LOC_GC,EV_WLK_LOC_Skim.omx,Generalized Cost,EV
WLK_LOC_FARE,EV_WLK_LOC_Skim.omx,Fare,EV
WLK_LOC_IVT,EV_WLK_LOC_Skim.omx,In-Vehicle Time,EV
WLK_LOC_IWAIT,EV_WLK_LOC_Skim.omx,Initial Wait Time,EV
WLK_LOC_XWAIT,EV_WLK_LOC_Skim.omx,Transfer Wait Time,EV
WLK_LOC_XPEN,EV_WLK_LOC_Skim.omx,Transfer Penalty Time,EV
WLK_LOC_WAUX,EV_WLK_LOC_Skim.omx,Transfer Walk Time,EV
WLK_LOC_WACC,EV_WLK_LOC_Skim.omx,Access Walk Time,EV
WLK_LOC_WEGR,EV_WLK_LOC_Skim.omx,Egress Walk Time,EV
WLK_LOC_DT,EV_WLK_LOC_Skim.omx,Dwelling Time,EV
WLK_LOC_NT,EV_WLK_LOC_Skim.omx,Number of Transfers,EV
WLK_LOC_IVTT_PMov,EV_WLK_LOC_Skim.omx,IVTT_PMov,EV
WLK_LOC_IVTT_Bus,EV_WLK_LOC_Skim.omx,IVTT_Bus,EV
WLK_LOC_IVTT_StCar,EV_WLK_LOC_Skim.omx,IVTT_StCar,EV
WLK_LOC_IVTT_Brt,EV_WLK_LOC_Skim.omx,IVTT_Brt,EV
WLK_LOC_IVTT_UrbRail,EV_WLK_LOC_Skim.omx,IVTT_UrbRail,EV
WLK_LOC_IVTT_ComRail,EV_WLK_LOC_Skim.omx,IVTT_ComRail,EV
WLK_PRM_GC,EV_WLK_PRM_Skim.omx,Generalized Cost,EV
WLK_PRM_FARE,EV_WLK_PRM_Skim.omx,Fare,EV
WLK_PRM_IVT,EV_WLK_PRM_Skim.omx,In-Vehicle Time,EV
WLK_PRM_IWAIT,EV_WLK_PRM_Skim.omx,Initial Wait Time,EV
WLK_PRM_XWAIT,EV_WLK_PRM_Skim.omx,Transfer Wait Time,EV
WLK_PRM_XPEN,EV_WLK_PRM_Skim.omx,Transfer Penalty Time,EV
WLK_PRM_WAUX,EV_WLK_PRM_Skim.omx,Transfer Walk Time,EV
WLK_PRM_WACC,EV_WLK_PRM_Skim.omx,Access Walk Time,EV
WLK_PRM_WEGR,EV_WLK_PRM_Skim.omx,Egress Walk Time,EV
WLK_PRM_DT,EV_WLK_PRM_Skim.omx,Dwelling Time,EV
WLK_PRM_NT,EV_WLK_PRM_Skim.omx,Number of Transfers,EV
WLK_PRM_IVTT_PMov,EV_WLK_PRM_Skim.omx,IVTT_PMov,EV
WLK_PRM_IVTT_Bus,EV_WLK_PRM_Skim.omx,IVTT_Bus,EV
WLK_PRM_IVTT_StCar,EV_WLK_PRM_Skim.omx,IVTT_StCar,EV
WLK_PRM_IVTT_Brt,EV_WLK_PRM_Skim.omx,IVTT_Brt,EV
WLK_PRM_IVTT_UrbRail,EV_WLK_PRM_Skim.omx,IVTT_UrbRail,EV
WLK_PRM_IVTT_ComRail,EV_WLK_PRM_Skim.omx,IVTT_ComRail,EV
WLK_MIX_GC,EV_WLK_MIX_Skim.omx,Generalized Cost,EV
WLK_MIX_FARE,EV_WLK_MIX_Skim.omx,Fare,EV
WLK_MIX_IVT,EV_WLK_MIX_Skim.omx,In-Vehicle Time,EV
WLK_MIX_IWAIT,EV_WLK_MIX_Skim.omx,Initial Wait Time,EV
WLK_MIX_XWAIT,EV_WLK_MIX_Skim.omx,Transfer Wait Time,EV
WLK_MIX_XPEN,EV_WLK_MIX_Skim.omx,Transfer Penalty Time,EV
WLK_MIX_WAUX,EV_WLK_MIX_Skim.omx,Transfer Walk Time,EV
WLK_MIX_WACC,EV_WLK_MIX_Skim.omx,Access Walk Time,EV
WLK_MIX_WEGR,EV_WLK_MIX_Skim.omx,Egress Walk Time,EV
WLK_MIX_DT,EV_WLK_MIX_Skim.omx,Dwelling Time,EV
WLK_MIX_NT,EV_WLK_MIX_Skim.omx,Number of Transfers,EV
WLK_MIX_IVTT_PMov,EV_WLK_MIX_Skim.omx,IVTT_PMov,EV
WLK_MIX_IVTT_Bus,EV_WLK_MIX_Skim.omx,IVTT_Bus,EV
WLK_MIX_IVTT_StCar,EV_WLK_MIX_Skim.omx,IVTT_StCar,EV
WLK_MIX_IVTT_Brt,EV_WLK_MIX_Skim.omx,IVTT_Brt,EV
WLK_MIX_IVTT_UrbRail,EV_WLK_MIX_Skim.omx,IVTT_UrbRail,EV
WLK_MIX_IVTT_ComRail,EV_WLK_MIX_Skim.omx,IVTT_ComRail,EV
PNR_LOC_GC,EV_DRV_LOC_Skim.omx,Generalized Cost,EV
PNR_LOC_FARE,EV_DRV_LOC_Skim.omx,Fare,EV
PNR_LOC_IVT,EV_DRV_LOC_Skim.omx,In-Vehicle Time,EV
PNR_LOC_IWAIT,EV_DRV_LOC_Skim.omx,Initial Wait Time,EV
PNR_LOC_XWAIT,EV_DRV_LOC_Skim.omx,Transfer Wait Time,EV
PNR_LOC_XPEN,EV_DRV_LOC_Skim.omx,Transfer Penalty Time,EV
PNR_LOC_WAUX,EV_DRV_LOC_Skim.omx,Transfer Walk Time,EV
PNR_LOC_WACC,EV_DRV_LOC_Skim.omx,Access Walk Time,EV
PNR_LOC_WEGR,EV_DRV_LOC_Skim.omx,Egress Walk Time,EV
PNR_LOC_DTIME,EV_DRV_LOC_Skim.omx,Access Drive Time,EV
PNR_LOC_DDIST,EV_DRV_LOC_Skim.omx,Access Drive Distance,EV
PNR_LOC_DT,EV_DRV_LOC_Skim.omx,Dwelling Time,EV
PNR_LOC_NT,EV_DRV_LOC_Skim.omx,Number of Transfers,EV
PNR_LOC_IVTT_PMov,EV_DRV_LOC_Skim.omx,IVTT_PMov,EV
PNR_LOC_IVTT_Bus,EV_DRV_LOC_Skim.omx,IVTT_Bus,EV
PNR_LOC_IVTT_StCar,EV_DRV_LOC_Skim.omx,IVTT_StCar,EV
PNR_LOC_IVTT_Brt,EV_DRV_LOC_Skim.omx,IVTT_Brt,EV
PNR_LOC_IVTT_UrbRail,EV_DRV_LOC_Skim.omx,IVTT_UrbRail,EV
PNR_LOC_IVTT_ComRail,EV_DRV_LOC_Skim.omx,IVTT_ComRail,EV
PNR_PRM_GC,EV_DRV_PRM_Skim.omx,Generalized Cost,EV
PNR_PRM_FARE,EV_DRV_PRM_Skim.omx,Fare,EV
PNR_PRM_IVT,EV_DRV_PRM_Skim.omx,In-Vehicle Time,EV
PNR_PRM_IWAIT,EV_DRV_PRM_Skim.omx,Initial Wait Time,EV
PNR_PRM_XWAIT,EV_DRV_PRM_Skim.omx,Transfer Wait Time,EV
PNR_PRM_XPEN,EV_DRV_PRM_Skim.omx,Transfer Penalty Time,EV
PNR_PRM_WAUX,EV_DRV_PRM_Skim.omx,Transfer Walk Time,EV
PNR_PRM_WACC,EV_DRV_PRM_Skim.omx,Access Walk Time,EV
PNR_PRM_WEGR,EV_DRV_PRM_Skim.omx,Egress Walk Time,EV
PNR_PRM_DTIME,EV_DRV_PRM_Skim.omx,Access Drive Time,EV
PNR_PRM_DDIST,EV_DRV_PRM_Skim.omx,Access Drive Distance,EV
PNR_PRM_DT,EV_DRV_PRM_Skim.omx,Dwelling Time,EV
PNR_PRM_NT,EV_DRV_PRM_Skim.omx,Number of Transfers,EV
PNR_PRM_IVTT_PMov,EV_DRV_PRM_Skim.omx,IVTT_PMov,EV
PNR_PRM_IVTT_Bus,EV_DRV_PRM_Skim.omx,IVTT_Bus,EV
PNR_PRM_IVTT_StCar,EV_DRV_PRM_Skim.omx,IVTT_StCar,EV
PNR_PRM_IVTT_Brt,EV_DRV_PRM_Skim.omx,IVTT_Brt,EV
PNR_PRM_IVTT_UrbRail,EV_DRV_PRM_Skim.omx,IVTT_UrbRail,EV
PNR_PRM_IVTT_ComRail,EV_DRV_PRM_Skim.omx,IVTT_ComRail,EV
PNR_MIX_GC,EV_DRV_MIX_Skim.omx,Generalized Cost,EV
PNR_MIX_FARE,EV_DRV_MIX_Skim.omx,Fare,EV
PNR_MIX_IVT,EV_DRV_MIX_Skim.omx,In-Vehicle Time,EV
PNR_MIX_IWAIT,EV_DRV_MIX_Skim.omx,Initial Wait Time,EV
PNR_MIX_XWAIT,EV_DRV_MIX_Skim.omx,Transfer Wait Time,EV
PNR_MIX_XPEN,EV_DRV_MIX_Skim.omx,Transfer Penalty Time,EV
PNR_MIX_WAUX,EV_DRV_MIX_Skim.omx,Transfer Walk Time,EV
PNR_MIX_WACC,EV_DRV_MIX_Skim.omx,Access Walk Time,EV
PNR_MIX_WEGR,EV_DRV_MIX_Skim.omx,Egress Walk Time,EV
PNR_MIX_DTIME,EV_DRV_MIX_Skim.omx,Access Drive Time,EV
PNR_MIX_DDIST,EV_DRV_MIX_Skim.omx,Access Drive Distance,EV
PNR_MIX_DT,EV_DRV_MIX_Skim.omx,Dwelling Time,EV
PNR_MIX_NT,EV_DRV_MIX_Skim.omx,Number of Transfers,EV
PNR_MIX_IVTT_PMov,EV_DRV_MIX_Skim.omx,IVTT_PMov,EV
PNR_MIX_IVTT_Bus,EV_DRV_MIX_Skim.omx,IVTT_Bus,EV
PNR_MIX_IVTT_StCar,EV_DRV_MIX_Skim.omx,IVTT_StCar,EV
PNR_MIX_IVTT_Brt,EV_DRV_MIX_Skim.omx,IVTT_Brt,EV
PNR_MIX_IVTT_UrbRail,EV_DRV_MIX_Skim.omx,IVTT_UrbRail,EV
PNR_MIX_IVTT_ComRail,EV_DRV_MIX_Skim.omx,IVTT_ComRail,EV
KNR_LOC_GC,EV_KNR_LOC_Skim.omx,Generalized Cost,EV
KNR_LOC_FARE,EV_KNR_LOC_Skim.omx,Fare,EV
KNR_LOC_IVT,EV_KNR_LOC_Skim.omx,In-Vehicle Time,EV
KNR_LOC_IWAIT,EV_KNR_LOC_Skim.omx,Initial Wait Time,EV
KNR_LOC_XWAIT,EV_KNR_LOC_Skim.omx,Transfer Wait Time,EV
KNR_LOC_XPEN,EV_KNR_LOC_Skim.omx,Transfer Penalty Time,EV
KNR_LOC_WAUX,EV_KNR_LOC_Skim.omx,Transfer Walk Time,EV
KNR_LOC_WACC,EV_KNR_LOC_Skim.omx,Access Walk Time,EV
KNR_LOC_WEGR,EV_KNR_LOC_Skim.omx,Egress Walk Time,EV
KNR_LOC_DTIME,EV_KNR_LOC_Skim.omx,Access Drive Time,EV
KNR_LOC_DDIST,EV_KNR_LOC_Skim.omx,Access Drive Distance,EV
KNR_LOC_DT,EV_KNR_LOC_Skim.omx,Dwelling Time,EV
KNR_LOC_NT,EV_KNR_LOC_Skim.omx,Number of Transfers,EV
KNR_LOC_IVTT_PMov,EV_KNR_LOC_Skim.omx,IVTT_PMov,EV
KNR_LOC_IVTT_Bus,EV_KNR_LOC_Skim.omx,IVTT_Bus,EV
KNR_LOC_IVTT_StCar,EV_KNR_LOC_Skim.omx,IVTT_StCar,EV
KNR_LOC_IVTT_Brt,EV_KNR_LOC_Skim.omx,IVTT_Brt,EV
KNR_LOC_IVTT_UrbRail,EV_KNR_LOC_Skim.omx,IVTT_UrbRail,EV
KNR_LOC_IVTT_ComRail,EV_KNR_LOC_Skim.omx,IVTT_ComRail,EV
KNR_PRM_GC,EV_KNR_PRM_Skim.omx,Generalized Cost,EV
KNR_PRM_FARE,EV_KNR_PRM_Skim.omx,Fare,EV
KNR_PRM_IVT,EV_KNR_PRM_Skim.omx,In-Vehicle Time,EV
KNR_PRM_IWAIT,EV_KNR_PRM_Skim.omx,Initial Wait Time,EV
KNR_PRM_XWAIT,EV_KNR_PRM_Skim.omx,Transfer Wait Time,EV
KNR_PRM_XPEN,EV_KNR_PRM_Skim.omx,Transfer Penalty Time,EV
KNR_PRM_WAUX,EV_KNR_PRM_Skim.omx,Transfer Walk Time,EV
KNR_PRM_WACC,EV_KNR_PRM_Skim.omx,Access Walk Time,EV
KNR_PRM_WEGR,EV_KNR_PRM_Skim.omx,Egress Walk Time,EV
KNR_PRM_DTIME,EV_KNR_PRM_Skim.omx,Access Drive Time,EV
KNR_PRM_DDIST,EV_KNR_PRM_Skim.omx,Access Drive Distance,EV
KNR_PRM_DT,EV_KNR_PRM_Skim.omx,Dwelling Time,EV
KNR_PRM_NT,EV_KNR_PRM_Skim.omx,Number of Transfers,EV
KNR_PRM_IVTT_PMov,EV_KNR_PRM_Skim.omx,IVTT_PMov,EV
KNR_PRM_IVTT_Bus,EV_KNR_PRM_Skim.omx,IVTT_Bus,EV
KNR_PRM_IVTT_StCar,EV_KNR_PRM_Skim.omx,IVTT_StCar,EV
KNR_PRM_IVTT_Brt,EV_KNR_PRM_Skim.omx,IVTT_Brt,EV
KNR_PRM_IVTT_UrbRail,EV_KNR_PRM_Skim.omx,IVTT_UrbRail,EV
KNR_PRM_IVTT_ComRail,EV_KNR_PRM_Skim.omx,IVTT_ComRail,EV
KNR_MIX_GC,EV_KNR_MIX_Skim.omx,Generalized Cost,EV
KNR_MIX_FARE,EV_KNR_MIX_Skim.omx,Fare,EV
KNR_MIX_IVT,EV_KNR_MIX_Skim.omx,In-Vehicle Time,EV
KNR_MIX_IWAIT,EV_KNR_MIX_Skim.omx,Initial Wait Time,EV
KNR_MIX_XWAIT,EV_KNR_MIX_Skim.omx,Transfer Wait Time,EV
KNR_MIX_XPEN,EV_KNR_MIX_Skim.omx,Transfer Penalty Time,EV
KNR_MIX_WAUX,EV_KNR_MIX_Skim.omx,Transfer Walk Time,EV
KNR_MIX_WACC,EV_KNR_MIX_Skim.omx,Access Walk Time,EV
KNR_MIX_WEGR,EV_KNR_MIX_Skim.omx,Egress Walk Time,EV
KNR_MIX_DTIME,EV_KNR_MIX_Skim.omx,Access Drive Time,EV
KNR_MIX_DDIST,EV_KNR_MIX_Skim.omx,Access Drive Distance,EV
KNR_MIX_DT,EV_KNR_MIX_Skim.omx,Dwelling Time,EV
KNR_MIX_NT,EV_KNR_MIX_Skim.omx,Number of Transfers,EV
KNR_MIX_IVTT_PMov,EV_KNR_MIX_Skim.omx,IVTT_PMov,EV
KNR_MIX_IVTT_Bus,EV_KNR_MIX_Skim.omx,IVTT_Bus,EV
KNR_MIX_IVTT_StCar,EV_KNR_MIX_Skim.omx,IVTT_StCar,EV
KNR_MIX_IVTT_Brt,EV_KNR_MIX_Skim.omx,IVTT_Brt,EV
KNR_MIX_IVTT_UrbRail,EV_KNR_MIX_Skim.omx,IVTT_UrbRail,EV
KNR_MIX_IVTT_ComRail,EV_KNR_MIX_Skim.omx,IVTT_ComRail,EV
WLK_LOC_GC,EA_WLK_LOC_Skim.omx,Generalized Cost,EA
WLK_LOC_FARE,EA_WLK_LOC_Skim.omx,Fare,EA
WLK_LOC_IVT,EA_WLK_LOC_Skim.omx,In-Vehicle Time,EA
WLK_LOC_IWAIT,EA_WLK_LOC_Skim.omx,Initial Wait Time,EA
WLK_LOC_XWAIT,EA_WLK_LOC_Skim.omx,Transfer Wait Time,EA
WLK_LOC_XPEN,EA_WLK_LOC_Skim.omx,Transfer Penalty Time,EA
WLK_LOC_WAUX,EA_WLK_LOC_Skim.omx,Transfer Walk Time,EA
WLK_LOC_WACC,EA_WLK_LOC_Skim.omx,Access Walk Time,EA
WLK_LOC_WEGR,EA_WLK_LOC_Skim.omx,Egress Walk Time,EA
WLK_LOC_DT,EA_WLK_LOC_Skim.omx,Dwelling Time,EA
WLK_LOC_NT,EA_WLK_LOC_Skim.omx,Number of Transfers,EA
WLK_LOC_IVTT_PMov,EA_WLK_LOC_Skim.omx,IVTT_PMov,EA
WLK_LOC_IVTT_Bus,EA_WLK_LOC_Skim.omx,IVTT_Bus,EA
WLK_LOC_IVTT_StCar,EA_WLK_LOC_Skim.omx,IVTT_StCar,EA
WLK_LOC_IVTT_Brt,EA_WLK_LOC_Skim.omx,IVTT_Brt,EA
WLK_LOC_IVTT_UrbRail,EA_WLK_LOC_Skim.omx,IVTT_UrbRail,EA
WLK_LOC_IVTT_ComRail,EA_WLK_LOC_Skim.omx,IVTT_ComRail,EA
WLK_PRM_GC,EA_WLK_PRM_Skim.omx,Generalized Cost,EA
WLK_PRM_FARE,EA_WLK_PRM_Skim.omx,Fare,EA
WLK_PRM_IVT,EA_WLK_PRM_Skim.omx,In-Vehicle Time,EA
WLK_PRM_IWAIT,EA_WLK_PRM_Skim.omx,Initial Wait Time,EA
WLK_PRM_XWAIT,EA_WLK_PRM_Skim.omx,Transfer Wait Time,EA
WLK_PRM_XPEN,EA_WLK_PRM_Skim.omx,Transfer Penalty Time,EA
WLK_PRM_WAUX,EA_WLK_PRM_Skim.omx,Transfer Walk Time,EA
WLK_PRM_WACC,EA_WLK_PRM_Skim.omx,Access Walk Time,EA
WLK_PRM_WEGR,EA_WLK_PRM_Skim.omx,Egress Walk Time,EA
WLK_PRM_DT,EA_WLK_PRM_Skim.omx,Dwelling Time,EA
WLK_PRM_NT,EA_WLK_PRM_Skim.omx,Number of Transfers,EA
WLK_PRM_IVTT_PMov,EA_WLK_PRM_Skim.omx,IVTT_PMov,EA
WLK_PRM_IVTT_Bus,EA_WLK_PRM_Skim.omx,IVTT_Bus,EA
WLK_PRM_IVTT_StCar,EA_WLK_PRM_Skim.omx,IVTT_StCar,EA
WLK_PRM_IVTT_Brt,EA_WLK_PRM_Skim.omx,IVTT_Brt,EA
WLK_PRM_IVTT_UrbRail,EA_WLK_PRM_Skim.omx,IVTT_UrbRail,EA
WLK_PRM_IVTT_ComRail,EA_WLK_PRM_Skim.omx,IVTT_ComRail,EA
WLK_MIX_GC,EA_WLK_MIX_Skim.omx,Generalized Cost,EA
WLK_MIX_FARE,EA_WLK_MIX_Skim.omx,Fare,EA
WLK_MIX_IVT,EA_WLK_MIX_Skim.omx,In-Vehicle Time,EA
WLK_MIX_IWAIT,EA_WLK_MIX_Skim.omx,Initial Wait Time,EA
WLK_MIX_XWAIT,EA_WLK_MIX_Skim.omx,Transfer Wait Time,EA
WLK_MIX_XPEN,EA_WLK_MIX_Skim.omx,Transfer Penalty Time,EA
WLK_MIX_WAUX,EA_WLK_MIX_Skim.omx,Transfer Walk Time,EA
WLK_MIX_WACC,EA_WLK_MIX_Skim.omx,Access Walk Time,EA
WLK_MIX_WEGR,EA_WLK_MIX_Skim.omx,Egress Walk Time,EA
WLK_MIX_DT,EA_WLK_MIX_Skim.omx,Dwelling Time,EA
WLK_MIX_NT,EA_WLK_MIX_Skim.omx,Number of Transfers,EA
WLK_MIX_IVTT_PMov,EA_WLK_MIX_Skim.omx,IVTT_PMov,EA
WLK_MIX_IVTT_Bus,EA_WLK_MIX_Skim.omx,IVTT_Bus,EA
WLK_MIX_IVTT_StCar,EA_WLK_MIX_Skim.omx,IVTT_StCar,EA
WLK_MIX_IVTT_Brt,EA_WLK_MIX_Skim.omx,IVTT_Brt,EA
WLK_MIX_IVTT_UrbRail,EA_WLK_MIX_Skim.omx,IVTT_UrbRail,EA
WLK_MIX_IVTT_ComRail,EA_WLK_MIX_Skim.omx,IVTT_ComRail,EA
PNR_LOC_GC,EA_DRV_LOC_Skim.omx,Generalized Cost,EA
PNR_LOC_FARE,EA_DRV_LOC_Skim.omx,Fare,EA
PNR_LOC_IVT,EA_DRV_LOC_Skim.omx,In-Vehicle Time,EA
PNR_LOC_IWAIT,EA_DRV_LOC_Skim.omx,Initial Wait Time,EA
PNR_LOC_XWAIT,EA_DRV_LOC_Skim.omx,Transfer Wait Time,EA
PNR_LOC_XPEN,EA_DRV_LOC_Skim.omx,Transfer Penalty Time,EA
PNR_LOC_WAUX,EA_DRV_LOC_Skim.omx,Transfer Walk Time,EA
PNR_LOC_WACC,EA_DRV_LOC_Skim.omx,Access Walk Time,EA
PNR_LOC_WEGR,EA_DRV_LOC_Skim.omx,Egress Walk Time,EA
PNR_LOC_DTIME,EA_DRV_LOC_Skim.omx,Access Drive Time,EA
PNR_LOC_DDIST,EA_DRV_LOC_Skim.omx,Access Drive Distance,EA
PNR_LOC_DT,EA_DRV_LOC_Skim.omx,Dwelling Time,EA
PNR_LOC_NT,EA_DRV_LOC_Skim.omx,Number of Transfers,EA
PNR_LOC_IVTT_PMov,EA_DRV_LOC_Skim.omx,IVTT_PMov,EA
PNR_LOC_IVTT_Bus,EA_DRV_LOC_Skim.omx,IVTT_Bus,EA
PNR_LOC_IVTT_StCar,EA_DRV_LOC_Skim.omx,IVTT_StCar,EA
PNR_LOC_IVTT_Brt,EA_DRV_LOC_Skim.omx,IVTT_Brt,EA
PNR_LOC_IVTT_UrbRail,EA_DRV_LOC_Skim.omx,IVTT_UrbRail,EA
PNR_LOC_IVTT_ComRail,EA_DRV_LOC_Skim.omx,IVTT_ComRail,EA
PNR_PRM_GC,EA_DRV_PRM_Skim.omx,Generalized Cost,EA
PNR_PRM_FARE,EA_DRV_PRM_Skim.omx,Fare,EA
PNR_PRM_IVT,EA_DRV_PRM_Skim.omx,In-Vehicle Time,EA
PNR_PRM_IWAIT,EA_DRV_PRM_Skim.omx,Initial Wait Time,EA
PNR_PRM_XWAIT,EA_DRV_PRM_Skim.omx,Transfer Wait Time,EA
PNR_PRM_XPEN,EA_DRV_PRM_Skim.omx,Transfer Penalty Time,EA
PNR_PRM_WAUX,EA_DRV_PRM_Skim.omx,Transfer Walk Time,EA
PNR_PRM_WACC,EA_DRV_PRM_Skim.omx,Access Walk Time,EA
PNR_PRM_WEGR,EA_DRV_PRM_Skim.omx,Egress Walk Time,EA
PNR_PRM_DTIME,EA_DRV_PRM_Skim.omx,Access Drive Time,EA
PNR_PRM_DDIST,EA_DRV_PRM_Skim.omx,Access Drive Distance,EA
PNR_PRM_DT,EA_DRV_PRM_Skim.omx,Dwelling Time,EA
PNR_PRM_NT,EA_DRV_PRM_Skim.omx,Number of Transfers,EA
PNR_PRM_IVTT_PMov,EA_DRV_PRM_Skim.omx,IVTT_PMov,EA
PNR_PRM_IVTT_Bus,EA_DRV_PRM_Skim.omx,IVTT_Bus,EA
PNR_PRM_IVTT_StCar,EA_DRV_PRM_Skim.omx,IVTT_StCar,EA
PNR_PRM_IVTT_Brt,EA_DRV_PRM_Skim.omx,IVTT_Brt,EA
PNR_PRM_IVTT_UrbRail,EA_DRV_PRM_Skim.omx,IVTT_UrbRail,EA
PNR_PRM_IVTT_ComRail,EA_DRV_PRM_Skim.omx,IVTT_ComRail,EA
PNR_MIX_GC,EA_DRV_MIX_Skim.omx,Generalized Cost,EA
PNR_MIX_FARE,EA_DRV_MIX_Skim.omx,Fare,EA
PNR_MIX_IVT,EA_DRV_MIX_Skim.omx,In-Vehicle Time,EA
PNR_MIX_IWAIT,EA_DRV_MIX_Skim.omx,Initial Wait Time,EA
PNR_MIX_XWAIT,EA_DRV_MIX_Skim.omx,Transfer Wait Time,EA
PNR_MIX_XPEN,EA_DRV_MIX_Skim.omx,Transfer Penalty Time,EA
PNR_MIX_WAUX,EA_DRV_MIX_Skim.omx,Transfer Walk Time,EA
PNR_MIX_WACC,EA_DRV_MIX_Skim.omx,Access Walk Time,EA
PNR_MIX_WEGR,EA_DRV_MIX_Skim.omx,Egress Walk Time,EA
PNR_MIX_DTIME,EA_DRV_MIX_Skim.omx,Access Drive Time,EA
PNR_MIX_DDIST,EA_DRV_MIX_Skim.omx,Access Drive Distance,EA
PNR_MIX_DT,EA_DRV_MIX_Skim.omx,Dwelling Time,EA
PNR_MIX_NT,EA_DRV_MIX_Skim.omx,Number of Transfers,EA
PNR_MIX_IVTT_PMov,EA_DRV_MIX_Skim.omx,IVTT_PMov,EA
PNR_MIX_IVTT_Bus,EA_DRV_MIX_Skim.omx,IVTT_Bus,EA
PNR_MIX_IVTT_StCar,EA_DRV_MIX_Skim.omx,IVTT_StCar,EA
PNR_MIX_IVTT_Brt,EA_DRV_MIX_Skim.omx,IVTT_Brt,EA
PNR_MIX_IVTT_UrbRail,EA_DRV_MIX_Skim.omx,IVTT_UrbRail,EA
PNR_MIX_IVTT_ComRail,EA_DRV_MIX_Skim.omx,IVTT_ComRail,EA
KNR_LOC_GC,EA_KNR_LOC_Skim.omx,Generalized Cost,EA
KNR_LOC_FARE,EA_KNR_LOC_Skim.omx,Fare,EA
KNR_LOC_IVT,EA_KNR_LOC_Skim.omx,In-Vehicle Time,EA
KNR_LOC_IWAIT,EA_KNR_LOC_Skim.omx,Initial Wait Time,EA
KNR_LOC_XWAIT,EA_KNR_LOC_Skim.omx,Transfer Wait Time,EA
KNR_LOC_XPEN,EA_KNR_LOC_Skim.omx,Transfer Penalty Time,EA
KNR_LOC_WAUX,EA_KNR_LOC_Skim.omx,Transfer Walk Time,EA
KNR_LOC_WACC,EA_KNR_LOC_Skim.omx,Access Walk Time,EA
KNR_LOC_WEGR,EA_KNR_LOC_Skim.omx,Egress Walk Time,EA
KNR_LOC_DTIME,EA_KNR_LOC_Skim.omx,Access Drive Time,EA
KNR_LOC_DDIST,EA_KNR_LOC_Skim.omx,Access Drive Distance,EA
KNR_LOC_DT,EA_KNR_LOC_Skim.omx,Dwelling Time,EA
KNR_LOC_NT,EA_KNR_LOC_Skim.omx,Number of Transfers,EA
KNR_LOC_IVTT_PMov,EA_KNR_LOC_Skim.omx,IVTT_PMov,EA
KNR_LOC_IVTT_Bus,EA_KNR_LOC_Skim.omx,IVTT_Bus,EA
KNR_LOC_IVTT_StCar,EA_KNR_LOC_Skim.omx,IVTT_StCar,EA
KNR_LOC_IVTT_Brt,EA_KNR_LOC_Skim.omx,IVTT_Brt,EA
KNR_LOC_IVTT_UrbRail,EA_KNR_LOC_Skim.omx,IVTT_UrbRail,EA
KNR_LOC_IVTT_ComRail,EA_KNR_LOC_Skim.omx,IVTT_ComRail,EA
KNR_PRM_GC,EA_KNR_PRM_Skim.omx,Generalized Cost,EA
KNR_PRM_FARE,EA_KNR_PRM_Skim.omx,Fare,EA
KNR_PRM_IVT,EA_KNR_PRM_Skim.omx,In-Vehicle Time,EA
KNR_PRM_IWAIT,EA_KNR_PRM_Skim.omx,Initial Wait Time,EA
KNR_PRM_XWAIT,EA_KNR_PRM_Skim.omx,Transfer Wait Time,EA
KNR_PRM_XPEN,EA_KNR_PRM_Skim.omx,Transfer Penalty Time,EA
KNR_PRM_WAUX,EA_KNR_PRM_Skim.omx,Transfer Walk Time,EA
KNR_PRM_WACC,EA_KNR_PRM_Skim.omx,Access Walk Time,EA
KNR_PRM_WEGR,EA_KNR_PRM_Skim.omx,Egress Walk Time,EA
KNR_PRM_DTIME,EA_KNR_PRM_Skim.omx,Access Drive Time,EA
KNR_PRM_DDIST,EA_KNR_PRM_Skim.omx,Access Drive Distance,EA
KNR_PRM_DT,EA_KNR_PRM_Skim.omx,Dwelling Time,EA
KNR_PRM_NT,EA_KNR_PRM_Skim.omx,Number of Transfers,EA
KNR_PRM_IVTT_PMov,EA_KNR_PRM_Skim.omx,IVTT_PMov,EA
KNR_PRM_IVTT_Bus,EA_KNR_PRM_Skim.omx,IVTT_Bus,EA
KNR_PRM_IVTT_StCar,EA_KNR_PRM_Skim.omx,IVTT_StCar,EA
KNR_PRM_IVTT_Brt,EA_KNR_PRM_Skim.omx,IVTT_Brt,EA
KNR_PRM_IVTT_UrbRail,EA_KNR_PRM_Skim.omx,IVTT_UrbRail,EA
KNR_PRM_IVTT_ComRail,EA_KNR_PRM_Skim.omx,IVTT_ComRail,EA
KNR_MIX_GC,EA_KNR_MIX_Skim.omx,Generalized Cost,EA
KNR_MIX_FARE,EA_KNR_MIX_Skim.omx,Fare,EA
KNR_MIX_IVT,EA_KNR_MIX_Skim.omx,In-Vehicle Time,EA
KNR_MIX_IWAIT,EA_KNR_MIX_Skim.omx,Initial Wait Time,EA
KNR_MIX_XWAIT,EA_KNR_MIX_Skim.omx,Transfer Wait Time,EA
KNR_MIX_XPEN,EA_KNR_MIX_Skim.omx,Transfer Penalty Time,EA
KNR_MIX_WAUX,EA_KNR_MIX_Skim.omx,Transfer Walk Time,EA
KNR_MIX_WACC,EA_KNR_MIX_Skim.omx,Access Walk Time,EA
KNR_MIX_WEGR,EA_KNR_MIX_Skim.omx,Egress Walk Time,EA
KNR_MIX_DTIME,EA_KNR_MIX_Skim.omx,Access Drive Time,EA
KNR_MIX_DDIST,EA_KNR_MIX_Skim.omx,Access Drive Distance,EA
KNR_MIX_DT,EA_KNR_MIX_Skim.omx,Dwelling Time,EA
KNR_MIX_NT,EA_KNR_MIX_Skim.omx,Number of Transfers,EA
KNR_MIX_IVTT_PMov,EA_KNR_MIX_Skim.omx,IVTT_PMov,EA
KNR_MIX_IVTT_Bus,EA_KNR_MIX_Skim.omx,IVTT_Bus,EA
KNR_MIX_IVTT_StCar,EA_KNR_MIX_Skim.omx,IVTT_StCar,EA
KNR_MIX_IVTT_Brt,EA_KNR_MIX_Skim.omx,IVTT_Brt,EA
KNR_MIX_IVTT_UrbRail,EA_KNR_MIX_Skim.omx,IVTT_UrbRail,EA
KNR_MIX_IVTT_ComRail,EA_KNR_MIX_Skim.omx,IVTT_ComRail,EA
WLK_TRN_GC,AM_WLK_All_Skim.omx,Generalized Cost,AM
WLK_TRN_FARE,AM_WLK_All_Skim.omx,Fare,AM
WLK_TRN_IVT,AM_WLK_All_Skim.omx,In-Vehicle Time,AM
WLK_TRN_IWAIT,AM_WLK_All_Skim.omx,Initial Wait Time,AM
WLK_TRN_XWAIT,AM_WLK_All_Skim.omx,Transfer Wait Time,AM
WLK_TRN_XPEN,AM_WLK_All_Skim.omx,Transfer Penalty Time,AM
WLK_TRN_WAUX,AM_WLK_All_Skim.omx,Transfer Walk Time,AM
WLK_TRN_WACC,AM_WLK_All_Skim.omx,Access Walk Time,AM
WLK_TRN_WEGR,AM_WLK_All_Skim.omx,Egress Walk Time,AM
WLK_TRN_DT,AM_WLK_All_Skim.omx,Dwelling Time,AM
WLK_TRN_NT,AM_WLK_All_Skim.omx,Number of Transfers,AM
WLK_TRN_GC,MD_WLK_All_Skim.omx,Generalized Cost,MD
WLK_TRN_FARE,MD_WLK_All_Skim.omx,Fare,MD
WLK_TRN_IVT,MD_WLK_All_Skim.omx,In-Vehicle Time,MD
WLK_TRN_IWAIT,MD_WLK_All_Skim.omx,Initial Wait Time,MD
WLK_TRN_XWAIT,MD_WLK_All_Skim.omx,Transfer Wait Time,MD
WLK_TRN_XPEN,MD_WLK_All_Skim.omx,Transfer Penalty Time,MD
WLK_TRN_WAUX,MD_WLK_All_Skim.omx,Transfer Walk Time,MD
WLK_TRN_WACC,MD_WLK_All_Skim.omx,Access Walk Time,MD
WLK_TRN_WEGR,MD_WLK_All_Skim.omx,Egress Walk Time,MD
WLK_TRN_DT,MD_WLK_All_Skim.omx,Dwelling Time,MD
WLK_TRN_NT,MD_WLK_All_Skim.omx,Number of Transfers,MD
WLK_TRN_GC,PM_WLK_All_Skim.omx,Generalized Cost,PM
WLK_TRN_FARE,PM_WLK_All_Skim.omx,Fare,PM
WLK_TRN_IVT,PM_WLK_All_Skim.omx,In-Vehicle Time,PM
WLK_TRN_IWAIT,PM_WLK_All_Skim.omx,Initial Wait Time,PM
WLK_TRN_XWAIT,PM_WLK_All_Skim.omx,Transfer Wait Time,PM
WLK_TRN_XPEN,PM_WLK_All_Skim.omx,Transfer Penalty Time,PM
WLK_TRN_WAUX,PM_WLK_All_Skim.omx,Transfer Walk Time,PM
WLK_TRN_WACC,PM_WLK_All_Skim.omx,Access Walk Time,PM
WLK_TRN_WEGR,PM_WLK_All_Skim.omx,Egress Walk Time,PM
WLK_TRN_DT,PM_WLK_All_Skim.omx,Dwelling Time,PM
WLK_TRN_NT,PM_WLK_All_Skim.omx,Number of Transfers,PM
WLK_TRN_GC,EV_WLK_All_Skim.omx,Generalized Cost,EV
WLK_TRN_FARE,EV_WLK_All_Skim.omx,Fare,EV
WLK_TRN_IVT,EV_WLK_All_Skim.omx,In-Vehicle Time,EV
WLK_TRN_IWAIT,EV_WLK_All_Skim.omx,Initial Wait Time,EV
WLK_TRN_XWAIT,EV_WLK_All_Skim.omx,Transfer Wait Time,EV
WLK_TRN_XPEN,EV_WLK_All_Skim.omx,Transfer Penalty Time,EV
WLK_TRN_WAUX,EV_WLK_All_Skim.omx,Transfer Walk Time,EV
WLK_TRN_WACC,EV_WLK_All_Skim.omx,Access Walk Time,EV
WLK_TRN_WEGR,EV_WLK_All_Skim.omx,Egress Walk Time,EV
WLK_TRN_DT,EV_WLK_All_Skim.omx,Dwelling Time,EV
WLK_TRN_NT,EV_WLK_All_Skim.omx,Number of Transfers,EV
WLK_TRN_GC,EA_WLK_All_Skim.omx,Generalized Cost,EA
WLK_TRN_FARE,EA_WLK_All_Skim.omx,Fare,EA
WLK_TRN_IVT,EA_WLK_All_Skim.omx,In-Vehicle Time,EA
WLK_TRN_IWAIT,EA_WLK_All_Skim.omx,Initial Wait Time,EA
WLK_TRN_XWAIT,EA_WLK_All_Skim.omx,Transfer Wait Time,EA
WLK_TRN_XPEN,EA_WLK_All_Skim.omx,Transfer Penalty Time,EA
WLK_TRN_WAUX,EA_WLK_All_Skim.omx,Transfer Walk Time,EA
WLK_TRN_WACC,EA_WLK_All_Skim.omx,Access Walk Time,EA
WLK_TRN_WEGR,EA_WLK_All_Skim.omx,Egress Walk Time,EA
WLK_TRN_DT,EA_WLK_All_Skim.omx,Dwelling Time,EA
WLK_TRN_NT,EA_WLK_All_Skim.omx,Number of Transfers,EA
PNRE_LOC_GC,EA_DRVE_LOC_Skim.omx,Generalized Cost,EA
PNRE_LOC_FARE,EA_DRVE_LOC_Skim.omx,Fare,EA
PNRE_LOC_IVT,EA_DRVE_LOC_Skim.omx,In-Vehicle Time,EA
PNRE_LOC_IWAIT,EA_DRVE_LOC_Skim.omx,Initial Wait Time,EA
PNRE_LOC_XWAIT,EA_DRVE_LOC_Skim.omx,Transfer Wait Time,EA
PNRE_LOC_XPEN,EA_DRVE_LOC_Skim.omx,Transfer Penalty Time,EA
PNRE_LOC_WAUX,EA_DRVE_LOC_Skim.omx,Transfer Walk Time,EA
PNRE_LOC_WACC,EA_DRVE_LOC_Skim.omx,Access Walk Time,EA
PNRE_LOC_WEGR,EA_DRVE_LOC_Skim.omx,Egress Walk Time,EA
PNRE_LOC_DTIME,EA_DRVE_LOC_Skim.omx,Egress Drive Time,EA
PNRE_LOC_DDIST,EA_DRVE_LOC_Skim.omx,Egress Drive Distance,EA
PNRE_LOC_DT,EA_DRVE_LOC_Skim.omx,Dwelling Time,EA
PNRE_LOC_NT,EA_DRVE_LOC_Skim.omx,Number of Transfers,EA
PNRE_LOC_IVTT_PMov,EA_DRVE_LOC_Skim.omx,IVTT_PMov,EA
PNRE_LOC_IVTT_Bus,EA_DRVE_LOC_Skim.omx,IVTT_Bus,EA
PNRE_LOC_IVTT_StCar,EA_DRVE_LOC_Skim.omx,IVTT_StCar,EA
PNRE_LOC_IVTT_Brt,EA_DRVE_LOC_Skim.omx,IVTT_Brt,EA
PNRE_LOC_IVTT_UrbRail,EA_DRVE_LOC_Skim.omx,IVTT_UrbRail,EA
PNRE_LOC_IVTT_ComRail,EA_DRVE_LOC_Skim.omx,IVTT_ComRail,EA
PNRE_PRM_GC,EA_DRVE_PRM_Skim.omx,Generalized Cost,EA
PNRE_PRM_FARE,EA_DRVE_PRM_Skim.omx,Fare,EA
PNRE_PRM_IVT,EA_DRVE_PRM_Skim.omx,In-Vehicle Time,EA
PNRE_PRM_IWAIT,EA_DRVE_PRM_Skim.omx,Initial Wait Time,EA
PNRE_PRM_XWAIT,EA_DRVE_PRM_Skim.omx,Transfer Wait Time,EA
PNRE_PRM_XPEN,EA_DRVE_PRM_Skim.omx,Transfer Penalty Time,EA
PNRE_PRM_WAUX,EA_DRVE_PRM_Skim.omx,Transfer Walk Time,EA
PNRE_PRM_WACC,EA_DRVE_PRM_Skim.omx,Access Walk Time,EA
PNRE_PRM_WEGR,EA_DRVE_PRM_Skim.omx,Egress Walk Time,EA
PNRE_PRM_DTIME,EA_DRVE_PRM_Skim.omx,Egress Drive Time,EA
PNRE_PRM_DDIST,EA_DRVE_PRM_Skim.omx,Egress Drive Distance,EA
PNRE_PRM_DT,EA_DRVE_PRM_Skim.omx,Dwelling Time,EA
PNRE_PRM_NT,EA_DRVE_PRM_Skim.omx,Number of Transfers,EA
PNRE_PRM_IVTT_PMov,EA_DRVE_PRM_Skim.omx,IVTT_PMov,EA
PNRE_PRM_IVTT_Bus,EA_DRVE_PRM_Skim.omx,IVTT_Bus,EA
PNRE_PRM_IVTT_StCar,EA_DRVE_PRM_Skim.omx,IVTT_StCar,EA
PNRE_PRM_IVTT_Brt,EA_DRVE_PRM_Skim.omx,IVTT_Brt,EA
PNRE_PRM_IVTT_UrbRail,EA_DRVE_PRM_Skim.omx,IVTT_UrbRail,EA
PNRE_PRM_IVTT_ComRail,EA_DRVE_PRM_Skim.omx,IVTT_ComRail,EA
PNRE_MIX_GC,EA_DRVE_MIX_Skim.omx,Generalized Cost,EA
PNRE_MIX_FARE,EA_DRVE_MIX_Skim.omx,Fare,EA
PNRE_MIX_IVT,EA_DRVE_MIX_Skim.omx,In-Vehicle Time,EA
PNRE_MIX_IWAIT,EA_DRVE_MIX_Skim.omx,Initial Wait Time,EA
PNRE_MIX_XWAIT,EA_DRVE_MIX_Skim.omx,Transfer Wait Time,EA
PNRE_MIX_XPEN,EA_DRVE_MIX_Skim.omx,Transfer Penalty Time,EA
PNRE_MIX_WAUX,EA_DRVE_MIX_Skim.omx,Transfer Walk Time,EA
PNRE_MIX_WACC,EA_DRVE_MIX_Skim.omx,Access Walk Time,EA
PNRE_MIX_WEGR,EA_DRVE_MIX_Skim.omx,Egress Walk Time,EA
PNRE_MIX_DTIME,EA_DRVE_MIX_Skim.omx,Egress Drive Time,EA
PNRE_MIX_DDIST,EA_DRVE_MIX_Skim.omx,Egress Drive Distance,EA
PNRE_MIX_DT,EA_DRVE_MIX_Skim.omx,Dwelling Time,EA
PNRE_MIX_NT,EA_DRVE_MIX_Skim.omx,Number of Transfers,EA
PNRE_MIX_IVTT_PMov,EA_DRVE_MIX_Skim.omx,IVTT_PMov,EA
PNRE_MIX_IVTT_Bus,EA_DRVE_MIX_Skim.omx,IVTT_Bus,EA
PNRE_MIX_IVTT_StCar,EA_DRVE_MIX_Skim.omx,IVTT_StCar,EA
PNRE_MIX_IVTT_Brt,EA_DRVE_MIX_Skim.omx,IVTT_Brt,EA
PNRE_MIX_IVTT_UrbRail,EA_DRVE_MIX_Skim.omx,IVTT_UrbRail,EA
PNRE_MIX_IVTT_ComRail,EA_DRVE_MIX_Skim.omx,IVTT_ComRail,EA
PNRE_LOC_GC,AM_DRVE_LOC_Skim.omx,Generalized Cost,AM
PNRE_LOC_FARE,AM_DRVE_LOC_Skim.omx,Fare,AM
PNRE_LOC_IVT,AM_DRVE_LOC_Skim.omx,In-Vehicle Time,AM
PNRE_LOC_IWAIT,AM_DRVE_LOC_Skim.omx,Initial Wait Time,AM
PNRE_LOC_XWAIT,AM_DRVE_LOC_Skim.omx,Transfer Wait Time,AM
PNRE_LOC_XPEN,AM_DRVE_LOC_Skim.omx,Transfer Penalty Time,AM
PNRE_LOC_WAUX,AM_DRVE_LOC_Skim.omx,Transfer Walk Time,AM
PNRE_LOC_WACC,AM_DRVE_LOC_Skim.omx,Access Walk Time,AM
PNRE_LOC_WEGR,AM_DRVE_LOC_Skim.omx,Egress Walk Time,AM
PNRE_LOC_DTIME,AM_DRVE_LOC_Skim.omx,Egress Drive Time,AM
PNRE_LOC_DDIST,AM_DRVE_LOC_Skim.omx,Egress Drive Distance,AM
PNRE_LOC_DT,AM_DRVE_LOC_Skim.omx,Dwelling Time,AM
PNRE_LOC_NT,AM_DRVE_LOC_Skim.omx,Number of Transfers,AM
PNRE_LOC_IVTT_PMov,AM_DRVE_LOC_Skim.omx,IVTT_PMov,AM
PNRE_LOC_IVTT_Bus,AM_DRVE_LOC_Skim.omx,IVTT_Bus,AM
PNRE_LOC_IVTT_StCar,AM_DRVE_LOC_Skim.omx,IVTT_StCar,AM
PNRE_LOC_IVTT_Brt,AM_DRVE_LOC_Skim.omx,IVTT_Brt,AM
PNRE_LOC_IVTT_UrbRail,AM_DRVE_LOC_Skim.omx,IVTT_UrbRail,AM
PNRE_LOC_IVTT_ComRail,AM_DRVE_LOC_Skim.omx,IVTT_ComRail,AM
PNRE_PRM_GC,AM_DRVE_PRM_Skim.omx,Generalized Cost,AM
PNRE_PRM_FARE,AM_DRVE_PRM_Skim.omx,Fare,AM
PNRE_PRM_IVT,AM_DRVE_PRM_Skim.omx,In-Vehicle Time,AM
PNRE_PRM_IWAIT,AM_DRVE_PRM_Skim.omx,Initial Wait Time,AM
PNRE_PRM_XWAIT,AM_DRVE_PRM_Skim.omx,Transfer Wait Time,AM
PNRE_PRM_XPEN,AM_DRVE_PRM_Skim.omx,Transfer Penalty Time,AM
PNRE_PRM_WAUX,AM_DRVE_PRM_Skim.omx,Transfer Walk Time,AM
PNRE_PRM_WACC,AM_DRVE_PRM_Skim.omx,Access Walk Time,AM
PNRE_PRM_WEGR,AM_DRVE_PRM_Skim.omx,Egress Walk Time,AM
PNRE_PRM_DTIME,AM_DRVE_PRM_Skim.omx,Egress Drive Time,AM
PNRE_PRM_DDIST,AM_DRVE_PRM_Skim.omx,Egress Drive Distance,AM
PNRE_PRM_DT,AM_DRVE_PRM_Skim.omx,Dwelling Time,AM
PNRE_PRM_NT,AM_DRVE_PRM_Skim.omx,Number of Transfers,AM
PNRE_PRM_IVTT_PMov,AM_DRVE_PRM_Skim.omx,IVTT_PMov,AM
PNRE_PRM_IVTT_Bus,AM_DRVE_PRM_Skim.omx,IVTT_Bus,AM
PNRE_PRM_IVTT_StCar,AM_DRVE_PRM_Skim.omx,IVTT_StCar,AM
PNRE_PRM_IVTT_Brt,AM_DRVE_PRM_Skim.omx,IVTT_Brt,AM
PNRE_PRM_IVTT_UrbRail,AM_DRVE_PRM_Skim.omx,IVTT_UrbRail,AM
PNRE_PRM_IVTT_ComRail,AM_DRVE_PRM_Skim.omx,IVTT_ComRail,AM
PNRE_MIX_GC,AM_DRVE_MIX_Skim.omx,Generalized Cost,AM
PNRE_MIX_FARE,AM_DRVE_MIX_Skim.omx,Fare,AM
PNRE_MIX_IVT,AM_DRVE_MIX_Skim.omx,In-Vehicle Time,AM
PNRE_MIX_IWAIT,AM_DRVE_MIX_Skim.omx,Initial Wait Time,AM
PNRE_MIX_XWAIT,AM_DRVE_MIX_Skim.omx,Transfer Wait Time,AM
PNRE_MIX_XPEN,AM_DRVE_MIX_Skim.omx,Transfer Penalty Time,AM
PNRE_MIX_WAUX,AM_DRVE_MIX_Skim.omx,Transfer Walk Time,AM
PNRE_MIX_WACC,AM_DRVE_MIX_Skim.omx,Access Walk Time,AM
PNRE_MIX_WEGR,AM_DRVE_MIX_Skim.omx,Egress Walk Time,AM
PNRE_MIX_DTIME,AM_DRVE_MIX_Skim.omx,Egress Drive Time,AM
PNRE_MIX_DDIST,AM_DRVE_MIX_Skim.omx,Egress Drive Distance,AM
PNRE_MIX_DT,AM_DRVE_MIX_Skim.omx,Dwelling Time,AM
PNRE_MIX_NT,AM_DRVE_MIX_Skim.omx,Number of Transfers,AM
PNRE_MIX_IVTT_PMov,AM_DRVE_MIX_Skim.omx,IVTT_PMov,AM
PNRE_MIX_IVTT_Bus,AM_DRVE_MIX_Skim.omx,IVTT_Bus,AM
PNRE_MIX_IVTT_StCar,AM_DRVE_MIX_Skim.omx,IVTT_StCar,AM
PNRE_MIX_IVTT_Brt,AM_DRVE_MIX_Skim.omx,IVTT_Brt,AM
PNRE_MIX_IVTT_UrbRail,AM_DRVE_MIX_Skim.omx,IVTT_UrbRail,AM
PNRE_MIX_IVTT_ComRail,AM_DRVE_MIX_Skim.omx,IVTT_ComRail,AM
PNRE_LOC_GC,MD_DRVE_LOC_Skim.omx,Generalized Cost,MD
PNRE_LOC_FARE,MD_DRVE_LOC_Skim.omx,Fare,MD
PNRE_LOC_IVT,MD_DRVE_LOC_Skim.omx,In-Vehicle Time,MD
PNRE_LOC_IWAIT,MD_DRVE_LOC_Skim.omx,Initial Wait Time,MD
PNRE_LOC_XWAIT,MD_DRVE_LOC_Skim.omx,Transfer Wait Time,MD
PNRE_LOC_XPEN,MD_DRVE_LOC_Skim.omx,Transfer Penalty Time,MD
PNRE_LOC_WAUX,MD_DRVE_LOC_Skim.omx,Transfer Walk Time,MD
PNRE_LOC_WACC,MD_DRVE_LOC_Skim.omx,Access Walk Time,MD
PNRE_LOC_WEGR,MD_DRVE_LOC_Skim.omx,Egress Walk Time,MD
PNRE_LOC_DTIME,MD_DRVE_LOC_Skim.omx,Egress Drive Time,MD
PNRE_LOC_DDIST,MD_DRVE_LOC_Skim.omx,Egress Drive Distance,MD
PNRE_LOC_DT,MD_DRVE_LOC_Skim.omx,Dwelling Time,MD
PNRE_LOC_NT,MD_DRVE_LOC_Skim.omx,Number of Transfers,MD
PNRE_LOC_IVTT_PMov,MD_DRVE_LOC_Skim.omx,IVTT_PMov,MD
PNRE_LOC_IVTT_Bus,MD_DRVE_LOC_Skim.omx,IVTT_Bus,MD
PNRE_LOC_IVTT_StCar,MD_DRVE_LOC_Skim.omx,IVTT_StCar,MD
PNRE_LOC_IVTT_Brt,MD_DRVE_LOC_Skim.omx,IVTT_Brt,MD
PNRE_LOC_IVTT_UrbRail,MD_DRVE_LOC_Skim.omx,IVTT_UrbRail,MD
PNRE_LOC_IVTT_ComRail,MD_DRVE_LOC_Skim.omx,IVTT_ComRail,MD
PNRE_PRM_GC,MD_DRVE_PRM_Skim.omx,Generalized Cost,MD
PNRE_PRM_FARE,MD_DRVE_PRM_Skim.omx,Fare,MD
PNRE_PRM_IVT,MD_DRVE_PRM_Skim.omx,In-Vehicle Time,MD
PNRE_PRM_IWAIT,MD_DRVE_PRM_Skim.omx,Initial Wait Time,MD
PNRE_PRM_XWAIT,MD_DRVE_PRM_Skim.omx,Transfer Wait Time,MD
PNRE_PRM_XPEN,MD_DRVE_PRM_Skim.omx,Transfer Penalty Time,MD
PNRE_PRM_WAUX,MD_DRVE_PRM_Skim.omx,Transfer Walk Time,MD
PNRE_PRM_WACC,MD_DRVE_PRM_Skim.omx,Access Walk Time,MD
PNRE_PRM_WEGR,MD_DRVE_PRM_Skim.omx,Egress Walk Time,MD
PNRE_PRM_DTIME,MD_DRVE_PRM_Skim.omx,Egress Drive Time,MD
PNRE_PRM_DDIST,MD_DRVE_PRM_Skim.omx,Egress Drive Distance,MD
PNRE_PRM_DT,MD_DRVE_PRM_Skim.omx,Dwelling Time,MD
PNRE_PRM_NT,MD_DRVE_PRM_Skim.omx,Number of Transfers,MD
PNRE_PRM_IVTT_PMov,MD_DRVE_PRM_Skim.omx,IVTT_PMov,MD
PNRE_PRM_IVTT_Bus,MD_DRVE_PRM_Skim.omx,IVTT_Bus,MD
PNRE_PRM_IVTT_StCar,MD_DRVE_PRM_Skim.omx,IVTT_StCar,MD
PNRE_PRM_IVTT_Brt,MD_DRVE_PRM_Skim.omx,IVTT_Brt,MD
PNRE_PRM_IVTT_UrbRail,MD_DRVE_PRM_Skim.omx,IVTT_UrbRail,MD
PNRE_PRM_IVTT_ComRail,MD_DRVE_PRM_Skim.omx,IVTT_ComRail,MD
PNRE_MIX_GC,MD_DRVE_MIX_Skim.omx,Generalized Cost,MD
PNRE_MIX_FARE,MD_DRVE_MIX_Skim.omx,Fare,MD
PNRE_MIX_IVT,MD_DRVE_MIX_Skim.omx,In-Vehicle Time,MD
PNRE_MIX_IWAIT,MD_DRVE_MIX_Skim.omx,Initial Wait Time,MD
PNRE_MIX_XWAIT,MD_DRVE_MIX_Skim.omx,Transfer Wait Time,MD
PNRE_MIX_XPEN,MD_DRVE_MIX_Skim.omx,Transfer Penalty Time,MD
PNRE_MIX_WAUX,MD_DRVE_MIX_Skim.omx,Transfer Walk Time,MD
PNRE_MIX_WACC,MD_DRVE_MIX_Skim.omx,Access Walk Time,MD
PNRE_MIX_WEGR,MD_DRVE_MIX_Skim.omx,Egress Walk Time,MD
PNRE_MIX_DTIME,MD_DRVE_MIX_Skim.omx,Egress Drive Time,MD
PNRE_MIX_DDIST,MD_DRVE_MIX_Skim.omx,Egress Drive Distance,MD
PNRE_MIX_DT,MD_DRVE_MIX_Skim.omx,Dwelling Time,MD
PNRE_MIX_NT,MD_DRVE_MIX_Skim.omx,Number of Transfers,MD
PNRE_MIX_IVTT_PMov,MD_DRVE_MIX_Skim.omx,IVTT_PMov,MD
PNRE_MIX_IVTT_Bus,MD_DRVE_MIX_Skim.omx,IVTT_Bus,MD
PNRE_MIX_IVTT_StCar,MD_DRVE_MIX_Skim.omx,IVTT_StCar,MD
PNRE_MIX_IVTT_Brt,MD_DRVE_MIX_Skim.omx,IVTT_Brt,MD
PNRE_MIX_IVTT_UrbRail,MD_DRVE_MIX_Skim.omx,IVTT_UrbRail,MD
PNRE_MIX_IVTT_ComRail,MD_DRVE_MIX_Skim.omx,IVTT_ComRail,MD
PNRE_LOC_GC,PM_DRVE_LOC_Skim.omx,Generalized Cost,PM
PNRE_LOC_FARE,PM_DRVE_LOC_Skim.omx,Fare,PM
PNRE_LOC_IVT,PM_DRVE_LOC_Skim.omx,In-Vehicle Time,PM
PNRE_LOC_IWAIT,PM_DRVE_LOC_Skim.omx,Initial Wait Time,PM
PNRE_LOC_XWAIT,PM_DRVE_LOC_Skim.omx,Transfer Wait Time,PM
PNRE_LOC_XPEN,PM_DRVE_LOC_Skim.omx,Transfer Penalty Time,PM
PNRE_LOC_WAUX,PM_DRVE_LOC_Skim.omx,Transfer Walk Time,PM
PNRE_LOC_WACC,PM_DRVE_LOC_Skim.omx,Access Walk Time,PM
PNRE_LOC_WEGR,PM_DRVE_LOC_Skim.omx,Egress Walk Time,PM
PNRE_LOC_DTIME,PM_DRVE_LOC_Skim.omx,Egress Drive Time,PM
PNRE_LOC_DDIST,PM_DRVE_LOC_Skim.omx,Egress Drive Distance,PM
PNRE_LOC_DT,PM_DRVE_LOC_Skim.omx,Dwelling Time,PM
PNRE_LOC_NT,PM_DRVE_LOC_Skim.omx,Number of Transfers,PM
PNRE_LOC_IVTT_PMov,PM_DRVE_LOC_Skim.omx,IVTT_PMov,PM
PNRE_LOC_IVTT_Bus,PM_DRVE_LOC_Skim.omx,IVTT_Bus,PM
PNRE_LOC_IVTT_StCar,PM_DRVE_LOC_Skim.omx,IVTT_StCar,PM
PNRE_LOC_IVTT_Brt,PM_DRVE_LOC_Skim.omx,IVTT_Brt,PM
PNRE_LOC_IVTT_UrbRail,PM_DRVE_LOC_Skim.omx,IVTT_UrbRail,PM
PNRE_LOC_IVTT_ComRail,PM_DRVE_LOC_Skim.omx,IVTT_ComRail,PM
PNRE_PRM_GC,PM_DRVE_PRM_Skim.omx,Generalized Cost,PM
PNRE_PRM_FARE,PM_DRVE_PRM_Skim.omx,Fare,PM
PNRE_PRM_IVT,PM_DRVE_PRM_Skim.omx,In-Vehicle Time,PM
PNRE_PRM_IWAIT,PM_DRVE_PRM_Skim.omx,Initial Wait Time,PM
PNRE_PRM_XWAIT,PM_DRVE_PRM_Skim.omx,Transfer Wait Time,PM
PNRE_PRM_XPEN,PM_DRVE_PRM_Skim.omx,Transfer Penalty Time,PM
PNRE_PRM_WAUX,PM_DRVE_PRM_Skim.omx,Transfer Walk Time,PM
PNRE_PRM_WACC,PM_DRVE_PRM_Skim.omx,Access Walk Time,PM
PNRE_PRM_WEGR,PM_DRVE_PRM_Skim.omx,Egress Walk Time,PM
PNRE_PRM_DTIME,PM_DRVE_PRM_Skim.omx,Egress Drive Time,PM
PNRE_PRM_DDIST,PM_DRVE_PRM_Skim.omx,Egress Drive Distance,PM
PNRE_PRM_DT,PM_DRVE_PRM_Skim.omx,Dwelling Time,PM
PNRE_PRM_NT,PM_DRVE_PRM_Skim.omx,Number of Transfers,PM
PNRE_PRM_IVTT_PMov,PM_DRVE_PRM_Skim.omx,IVTT_PMov,PM
PNRE_PRM_IVTT_Bus,PM_DRVE_PRM_Skim.omx,IVTT_Bus,PM
PNRE_PRM_IVTT_StCar,PM_DRVE_PRM_Skim.omx,IVTT_StCar,PM
PNRE_PRM_IVTT_Brt,PM_DRVE_PRM_Skim.omx,IVTT_Brt,PM
PNRE_PRM_IVTT_UrbRail,PM_DRVE_PRM_Skim.omx,IVTT_UrbRail,PM
PNRE_PRM_IVTT_ComRail,PM_DRVE_PRM_Skim.omx,IVTT_ComRail,PM
PNRE_MIX_GC,PM_DRVE_MIX_Skim.omx,Generalized Cost,PM
PNRE_MIX_FARE,PM_DRVE_MIX_Skim.omx,Fare,PM
PNRE_MIX_IVT,PM_DRVE_MIX_Skim.omx,In-Vehicle Time,PM
PNRE_MIX_IWAIT,PM_DRVE_MIX_Skim.omx,Initial Wait Time,PM
PNRE_MIX_XWAIT,PM_DRVE_MIX_Skim.omx,Transfer Wait Time,PM
PNRE_MIX_XPEN,PM_DRVE_MIX_Skim.omx,Transfer Penalty Time,PM
PNRE_MIX_WAUX,PM_DRVE_MIX_Skim.omx,Transfer Walk Time,PM
PNRE_MIX_WACC,PM_DRVE_MIX_Skim.omx,Access Walk Time,PM
PNRE_MIX_WEGR,PM_DRVE_MIX_Skim.omx,Egress Walk Time,PM
PNRE_MIX_DTIME,PM_DRVE_MIX_Skim.omx,Egress Drive Time,PM
PNRE_MIX_DDIST,PM_DRVE_MIX_Skim.omx,Egress Drive Distance,PM
PNRE_MIX_DT,PM_DRVE_MIX_Skim.omx,Dwelling Time,PM
PNRE_MIX_NT,PM_DRVE_MIX_Skim.omx,Number of Transfers,PM
PNRE_MIX_IVTT_PMov,PM_DRVE_MIX_Skim.omx,IVTT_PMov,PM
PNRE_MIX_IVTT_Bus,PM_DRVE_MIX_Skim.omx,IVTT_Bus,PM
PNRE_MIX_IVTT_StCar,PM_DRVE_MIX_Skim.omx,IVTT_StCar,PM
PNRE_MIX_IVTT_Brt,PM_DRVE_MIX_Skim.omx,IVTT_Brt,PM
PNRE_MIX_IVTT_UrbRail,PM_DRVE_MIX_Skim.omx,IVTT_UrbRail,PM
PNRE_MIX_IVTT_ComRail,PM_DRVE_MIX_Skim.omx,IVTT_ComRail,PM
PNRE_LOC_GC,EV_DRVE_LOC_Skim.omx,Generalized Cost,EV
PNRE_LOC_FARE,EV_DRVE_LOC_Skim.omx,Fare,EV
PNRE_LOC_IVT,EV_DRVE_LOC_Skim.omx,In-Vehicle Time,EV
PNRE_LOC_IWAIT,EV_DRVE_LOC_Skim.omx,Initial Wait Time,EV
PNRE_LOC_XWAIT,EV_DRVE_LOC_Skim.omx,Transfer Wait Time,EV
PNRE_LOC_XPEN,EV_DRVE_LOC_Skim.omx,Transfer Penalty Time,EV
PNRE_LOC_WAUX,EV_DRVE_LOC_Skim.omx,Transfer Walk Time,EV
PNRE_LOC_WACC,EV_DRVE_LOC_Skim.omx,Access Walk Time,EV
PNRE_LOC_WEGR,EV_DRVE_LOC_Skim.omx,Egress Walk Time,EV
PNRE_LOC_DTIME,EV_DRVE_LOC_Skim.omx,Egress Drive Time,EV
PNRE_LOC_DDIST,EV_DRVE_LOC_Skim.omx,Egress Drive Distance,EV
PNRE_LOC_DT,EV_DRVE_LOC_Skim.omx,Dwelling Time,EV
PNRE_LOC_NT,EV_DRVE_LOC_Skim.omx,Number of Transfers,EV
PNRE_LOC_IVTT_PMov,EV_DRVE_LOC_Skim.omx,IVTT_PMov,EV
PNRE_LOC_IVTT_Bus,EV_DRVE_LOC_Skim.omx,IVTT_Bus,EV
PNRE_LOC_IVTT_StCar,EV_DRVE_LOC_Skim.omx,IVTT_StCar,EV
PNRE_LOC_IVTT_Brt,EV_DRVE_LOC_Skim.omx,IVTT_Brt,EV
PNRE_LOC_IVTT_UrbRail,EV_DRVE_LOC_Skim.omx,IVTT_UrbRail,EV
PNRE_LOC_IVTT_ComRail,EV_DRVE_LOC_Skim.omx,IVTT_ComRail,EV
PNRE_PRM_GC,EV_DRVE_PRM_Skim.omx,Generalized Cost,EV
PNRE_PRM_FARE,EV_DRVE_PRM_Skim.omx,Fare,EV
PNRE_PRM_IVT,EV_DRVE_PRM_Skim.omx,In-Vehicle Time,EV
PNRE_PRM_IWAIT,EV_DRVE_PRM_Skim.omx,Initial Wait Time,EV
PNRE_PRM_XWAIT,EV_DRVE_PRM_Skim.omx,Transfer Wait Time,EV
PNRE_PRM_XPEN,EV_DRVE_PRM_Skim.omx,Transfer Penalty Time,EV
PNRE_PRM_WAUX,EV_DRVE_PRM_Skim.omx,Transfer Walk Time,EV
PNRE_PRM_WACC,EV_DRVE_PRM_Skim.omx,Access Walk Time,EV
PNRE_PRM_WEGR,EV_DRVE_PRM_Skim.omx,Egress Walk Time,EV
PNRE_PRM_DTIME,EV_DRVE_PRM_Skim.omx,Egress Drive Time,EV
PNRE_PRM_DDIST,EV_DRVE_PRM_Skim.omx,Egress Drive Distance,EV
PNRE_PRM_DT,EV_DRVE_PRM_Skim.omx,Dwelling Time,EV
PNRE_PRM_NT,EV_DRVE_PRM_Skim.omx,Number of Transfers,EV
PNRE_PRM_IVTT_PMov,EV_DRVE_PRM_Skim.omx,IVTT_PMov,EV
PNRE_PRM_IVTT_Bus,EV_DRVE_PRM_Skim.omx,IVTT_Bus,EV
PNRE_PRM_IVTT_StCar,EV_DRVE_PRM_Skim.omx,IVTT_StCar,EV
PNRE_PRM_IVTT_Brt,EV_DRVE_PRM_Skim.omx,IVTT_Brt,EV
PNRE_PRM_IVTT_UrbRail,EV_DRVE_PRM_Skim.omx,IVTT_UrbRail,EV
PNRE_PRM_IVTT_ComRail,EV_DRVE_PRM_Skim.omx,IVTT_ComRail,EV
PNRE_MIX_GC,EV_DRVE_MIX_Skim.omx,Generalized Cost,EV
PNRE_MIX_FARE,EV_DRVE_MIX_Skim.omx,Fare,EV
PNRE_MIX_IVT,EV_DRVE_MIX_Skim.omx,In-Vehicle Time,EV
PNRE_MIX_IWAIT,EV_DRVE_MIX_Skim.omx,Initial Wait Time,EV
PNRE_MIX_XWAIT,EV_DRVE_MIX_Skim.omx,Transfer Wait Time,EV
PNRE_MIX_XPEN,EV_DRVE_MIX_Skim.omx,Transfer Penalty Time,EV
PNRE_MIX_WAUX,EV_DRVE_MIX_Skim.omx,Transfer Walk Time,EV
PNRE_MIX_WACC,EV_DRVE_MIX_Skim.omx,Access Walk Time,EV
PNRE_MIX_WEGR,EV_DRVE_MIX_Skim.omx,Egress Walk Time,EV
PNRE_MIX_DTIME,EV_DRVE_MIX_Skim.omx,Egress Drive Time,EV
PNRE_MIX_DDIST,EV_DRVE_MIX_Skim.omx,Egress Drive Distance,EV
PNRE_MIX_DT,EV_DRVE_MIX_Skim.omx,Dwelling Time,EV
PNRE_MIX_NT,EV_DRVE_MIX_Skim.omx,Number of Transfers,EV
PNRE_MIX_IVTT_PMov,EV_DRVE_MIX_Skim.omx,IVTT_PMov,EV
PNRE_MIX_IVTT_Bus,EV_DRVE_MIX_Skim.omx,IVTT_Bus,EV
PNRE_MIX_IVTT_StCar,EV_DRVE_MIX_Skim.omx,IVTT_StCar,EV
PNRE_MIX_IVTT_Brt,EV_DRVE_MIX_Skim.omx,IVTT_Brt,EV
PNRE_MIX_IVTT_UrbRail,EV_DRVE_MIX_Skim.omx,IVTT_UrbRail,EV
PNRE_MIX_IVTT_ComRail,EV_DRVE_MIX_Skim.omx,IVTT_ComRail,EV
KNRE_LOC_GC,EA_KNRE_LOC_Skim.omx,Generalized Cost,EA
KNRE_LOC_FARE,EA_KNRE_LOC_Skim.omx,Fare,EA
KNRE_LOC_IVT,EA_KNRE_LOC_Skim.omx,In-Vehicle Time,EA
KNRE_LOC_IWAIT,EA_KNRE_LOC_Skim.omx,Initial Wait Time,EA
KNRE_LOC_XWAIT,EA_KNRE_LOC_Skim.omx,Transfer Wait Time,EA
KNRE_LOC_XPEN,EA_KNRE_LOC_Skim.omx,Transfer Penalty Time,EA
KNRE_LOC_WAUX,EA_KNRE_LOC_Skim.omx,Transfer Walk Time,EA
KNRE_LOC_WACC,EA_KNRE_LOC_Skim.omx,Access Walk Time,EA
KNRE_LOC_WEGR,EA_KNRE_LOC_Skim.omx,Egress Walk Time,EA
KNRE_LOC_DTIME,EA_KNRE_LOC_Skim.omx,Egress Drive Time,EA
KNRE_LOC_DDIST,EA_KNRE_LOC_Skim.omx,Egress Drive Distance,EA
KNRE_LOC_DT,EA_KNRE_LOC_Skim.omx,Dwelling Time,EA
KNRE_LOC_NT,EA_KNRE_LOC_Skim.omx,Number of Transfers,EA
KNRE_LOC_IVTT_PMov,EA_KNRE_LOC_Skim.omx,IVTT_PMov,EA
KNRE_LOC_IVTT_Bus,EA_KNRE_LOC_Skim.omx,IVTT_Bus,EA
KNRE_LOC_IVTT_StCar,EA_KNRE_LOC_Skim.omx,IVTT_StCar,EA
KNRE_LOC_IVTT_Brt,EA_KNRE_LOC_Skim.omx,IVTT_Brt,EA
KNRE_LOC_IVTT_UrbRail,EA_KNRE_LOC_Skim.omx,IVTT_UrbRail,EA
KNRE_LOC_IVTT_ComRail,EA_KNRE_LOC_Skim.omx,IVTT_ComRail,EA
KNRE_PRM_GC,EA_KNRE_PRM_Skim.omx,Generalized Cost,EA
KNRE_PRM_FARE,EA_KNRE_PRM_Skim.omx,Fare,EA
KNRE_PRM_IVT,EA_KNRE_PRM_Skim.omx,In-Vehicle Time,EA
KNRE_PRM_IWAIT,EA_KNRE_PRM_Skim.omx,Initial Wait Time,EA
KNRE_PRM_XWAIT,EA_KNRE_PRM_Skim.omx,Transfer Wait Time,EA
KNRE_PRM_XPEN,EA_KNRE_PRM_Skim.omx,Transfer Penalty Time,EA
KNRE_PRM_WAUX,EA_KNRE_PRM_Skim.omx,Transfer Walk Time,EA
KNRE_PRM_WACC,EA_KNRE_PRM_Skim.omx,Access Walk Time,EA
KNRE_PRM_WEGR,EA_KNRE_PRM_Skim.omx,Egress Walk Time,EA
KNRE_PRM_DTIME,EA_KNRE_PRM_Skim.omx,Egress Drive Time,EA
KNRE_PRM_DDIST,EA_KNRE_PRM_Skim.omx,Egress Drive Distance,EA
KNRE_PRM_DT,EA_KNRE_PRM_Skim.omx,Dwelling Time,EA
KNRE_PRM_NT,EA_KNRE_PRM_Skim.omx,Number of Transfers,EA
KNRE_PRM_IVTT_PMov,EA_KNRE_PRM_Skim.omx,IVTT_PMov,EA
KNRE_PRM_IVTT_Bus,EA_KNRE_PRM_Skim.omx,IVTT_Bus,EA
KNRE_PRM_IVTT_StCar,EA_KNRE_PRM_Skim.omx,IVTT_StCar,EA
KNRE_PRM_IVTT_Brt,EA_KNRE_PRM_Skim.omx,IVTT_Brt,EA
KNRE_PRM_IVTT_UrbRail,EA_KNRE_PRM_Skim.omx,IVTT_UrbRail,EA
KNRE_PRM_IVTT_ComRail,EA_KNRE_PRM_Skim.omx,IVTT_ComRail,EA
KNRE_MIX_GC,EA_KNRE_MIX_Skim.omx,Generalized Cost,EA
KNRE_MIX_FARE,EA_KNRE_MIX_Skim.omx,Fare,EA
KNRE_MIX_IVT,EA_KNRE_MIX_Skim.omx,In-Vehicle Time,EA
KNRE_MIX_IWAIT,EA_KNRE_MIX_Skim.omx,Initial Wait Time,EA
KNRE_MIX_XWAIT,EA_KNRE_MIX_Skim.omx,Transfer Wait Time,EA
KNRE_MIX_XPEN,EA_KNRE_MIX_Skim.omx,Transfer Penalty Time,EA
KNRE_MIX_WAUX,EA_KNRE_MIX_Skim.omx,Transfer Walk Time,EA
KNRE_MIX_WACC,EA_KNRE_MIX_Skim.omx,Access Walk Time,EA
KNRE_MIX_WEGR,EA_KNRE_MIX_Skim.omx,Egress Walk Time,EA
KNRE_MIX_DTIME,EA_KNRE_MIX_Skim.omx,Egress Drive Time,EA
KNRE_MIX_DDIST,EA_KNRE_MIX_Skim.omx,Egress Drive Distance,EA
KNRE_MIX_DT,EA_KNRE_MIX_Skim.omx,Dwelling Time,EA
KNRE_MIX_NT,EA_KNRE_MIX_Skim.omx,Number of Transfers,EA
KNRE_MIX_IVTT_PMov,EA_KNRE_MIX_Skim.omx,IVTT_PMov,EA
KNRE_MIX_IVTT_Bus,EA_KNRE_MIX_Skim.omx,IVTT_Bus,EA
KNRE_MIX_IVTT_StCar,EA_KNRE_MIX_Skim.omx,IVTT_StCar,EA
KNRE_MIX_IVTT_Brt,EA_KNRE_MIX_Skim.omx,IVTT_Brt,EA
KNRE_MIX_IVTT_UrbRail,EA_KNRE_MIX_Skim.omx,IVTT_UrbRail,EA
KNRE_MIX_IVTT_ComRail,EA_KNRE_MIX_Skim.omx,IVTT_ComRail,EA
KNRE_LOC_GC,AM_KNRE_LOC_Skim.omx,Generalized Cost,AM
KNRE_LOC_FARE,AM_KNRE_LOC_Skim.omx,Fare,AM
KNRE_LOC_IVT,AM_KNRE_LOC_Skim.omx,In-Vehicle Time,AM
KNRE_LOC_IWAIT,AM_KNRE_LOC_Skim.omx,Initial Wait Time,AM
KNRE_LOC_XWAIT,AM_KNRE_LOC_Skim.omx,Transfer Wait Time,AM
KNRE_LOC_XPEN,AM_KNRE_LOC_Skim.omx,Transfer Penalty Time,AM
KNRE_LOC_WAUX,AM_KNRE_LOC_Skim.omx,Transfer Walk Time,AM
KNRE_LOC_WACC,AM_KNRE_LOC_Skim.omx,Access Walk Time,AM
KNRE_LOC_WEGR,AM_KNRE_LOC_Skim.omx,Egress Walk Time,AM
KNRE_LOC_DTIME,AM_KNRE_LOC_Skim.omx,Egress Drive Time,AM
KNRE_LOC_DDIST,AM_KNRE_LOC_Skim.omx,Egress Drive Distance,AM
KNRE_LOC_DT,AM_KNRE_LOC_Skim.omx,Dwelling Time,AM
KNRE_LOC_NT,AM_KNRE_LOC_Skim.omx,Number of Transfers,AM
KNRE_LOC_IVTT_PMov,AM_KNRE_LOC_Skim.omx,IVTT_PMov,AM
KNRE_LOC_IVTT_Bus,AM_KNRE_LOC_Skim.omx,IVTT_Bus,AM
KNRE_LOC_IVTT_StCar,AM_KNRE_LOC_Skim.omx,IVTT_StCar,AM
KNRE_LOC_IVTT_Brt,AM_KNRE_LOC_Skim.omx,IVTT_Brt,AM
KNRE_LOC_IVTT_UrbRail,AM_KNRE_LOC_Skim.omx,IVTT_UrbRail,AM
KNRE_LOC_IVTT_ComRail,AM_KNRE_LOC_Skim.omx,IVTT_ComRail,AM
KNRE_PRM_GC,AM_KNRE_PRM_Skim.omx,Generalized Cost,AM
KNRE_PRM_FARE,AM_KNRE_PRM_Skim.omx,Fare,AM
KNRE_PRM_IVT,AM_KNRE_PRM_Skim.omx,In-Vehicle Time,AM
KNRE_PRM_IWAIT,AM_KNRE_PRM_Skim.omx,Initial Wait Time,AM
KNRE_PRM_XWAIT,AM_KNRE_PRM_Skim.omx,Transfer Wait Time,AM
KNRE_PRM_XPEN,AM_KNRE_PRM_Skim.omx,Transfer Penalty Time,AM
KNRE_PRM_WAUX,AM_KNRE_PRM_Skim.omx,Transfer Walk Time,AM
KNRE_PRM_WACC,AM_KNRE_PRM_Skim.omx,Access Walk Time,AM
KNRE_PRM_WEGR,AM_KNRE_PRM_Skim.omx,Egress Walk Time,AM
KNRE_PRM_DTIME,AM_KNRE_PRM_Skim.omx,Egress Drive Time,AM
KNRE_PRM_DDIST,AM_KNRE_PRM_Skim.omx,Egress Drive Distance,AM
KNRE_PRM_DT,AM_KNRE_PRM_Skim.omx,Dwelling Time,AM
KNRE_PRM_NT,AM_KNRE_PRM_Skim.omx,Number of Transfers,AM
KNRE_PRM_IVTT_PMov,AM_KNRE_PRM_Skim.omx,IVTT_PMov,AM
KNRE_PRM_IVTT_Bus,AM_KNRE_PRM_Skim.omx,IVTT_Bus,AM
KNRE_PRM_IVTT_StCar,AM_KNRE_PRM_Skim.omx,IVTT_StCar,AM
KNRE_PRM_IVTT_Brt,AM_KNRE_PRM_Skim.omx,IVTT_Brt,AM
KNRE_PRM_IVTT_UrbRail,AM_KNRE_PRM_Skim.omx,IVTT_UrbRail,AM
KNRE_PRM_IVTT_ComRail,AM_KNRE_PRM_Skim.omx,IVTT_ComRail,AM
KNRE_MIX_GC,AM_KNRE_MIX_Skim.omx,Generalized Cost,AM
KNRE_MIX_FARE,AM_KNRE_MIX_Skim.omx,Fare,AM
KNRE_MIX_IVT,AM_KNRE_MIX_Skim.omx,In-Vehicle Time,AM
KNRE_MIX_IWAIT,AM_KNRE_MIX_Skim.omx,Initial Wait Time,AM
KNRE_MIX_XWAIT,AM_KNRE_MIX_Skim.omx,Transfer Wait Time,AM
KNRE_MIX_XPEN,AM_KNRE_MIX_Skim.omx,Transfer Penalty Time,AM
KNRE_MIX_WAUX,AM_KNRE_MIX_Skim.omx,Transfer Walk Time,AM
KNRE_MIX_WACC,AM_KNRE_MIX_Skim.omx,Access Walk Time,AM
KNRE_MIX_WEGR,AM_KNRE_MIX_Skim.omx,Egress Walk Time,AM
KNRE_MIX_DTIME,AM_KNRE_MIX_Skim.omx,Egress Drive Time,AM
KNRE_MIX_DDIST,AM_KNRE_MIX_Skim.omx,Egress Drive Distance,AM
KNRE_MIX_DT,AM_KNRE_MIX_Skim.omx,Dwelling Time,AM
KNRE_MIX_NT,AM_KNRE_MIX_Skim.omx,Number of Transfers,AM
KNRE_MIX_IVTT_PMov,AM_KNRE_MIX_Skim.omx,IVTT_PMov,AM
KNRE_MIX_IVTT_Bus,AM_KNRE_MIX_Skim.omx,IVTT_Bus,AM
KNRE_MIX_IVTT_StCar,AM_KNRE_MIX_Skim.omx,IVTT_StCar,AM
KNRE_MIX_IVTT_Brt,AM_KNRE_MIX_Skim.omx,IVTT_Brt,AM
KNRE_MIX_IVTT_UrbRail,AM_KNRE_MIX_Skim.omx,IVTT_UrbRail,AM
KNRE_MIX_IVTT_ComRail,AM_KNRE_MIX_Skim.omx,IVTT_ComRail,AM
KNRE_LOC_GC,MD_KNRE_LOC_Skim.omx,Generalized Cost,MD
KNRE_LOC_FARE,MD_KNRE_LOC_Skim.omx,Fare,MD
KNRE_LOC_IVT,MD_KNRE_LOC_Skim.omx,In-Vehicle Time,MD
KNRE_LOC_IWAIT,MD_KNRE_LOC_Skim.omx,Initial Wait Time,MD
KNRE_LOC_XWAIT,MD_KNRE_LOC_Skim.omx,Transfer Wait Time,MD
KNRE_LOC_XPEN,MD_KNRE_LOC_Skim.omx,Transfer Penalty Time,MD
KNRE_LOC_WAUX,MD_KNRE_LOC_Skim.omx,Transfer Walk Time,MD
KNRE_LOC_WACC,MD_KNRE_LOC_Skim.omx,Access Walk Time,MD
KNRE_LOC_WEGR,MD_KNRE_LOC_Skim.omx,Egress Walk Time,MD
KNRE_LOC_DTIME,MD_KNRE_LOC_Skim.omx,Egress Drive Time,MD
KNRE_LOC_DDIST,MD_KNRE_LOC_Skim.omx,Egress Drive Distance,MD
KNRE_LOC_DT,MD_KNRE_LOC_Skim.omx,Dwelling Time,MD
KNRE_LOC_NT,MD_KNRE_LOC_Skim.omx,Number of Transfers,MD
KNRE_LOC_IVTT_PMov,MD_KNRE_LOC_Skim.omx,IVTT_PMov,MD
KNRE_LOC_IVTT_Bus,MD_KNRE_LOC_Skim.omx,IVTT_Bus,MD
KNRE_LOC_IVTT_StCar,MD_KNRE_LOC_Skim.omx,IVTT_StCar,MD
KNRE_LOC_IVTT_Brt,MD_KNRE_LOC_Skim.omx,IVTT_Brt,MD
KNRE_LOC_IVTT_UrbRail,MD_KNRE_LOC_Skim.omx,IVTT_UrbRail,MD
KNRE_LOC_IVTT_ComRail,MD_KNRE_LOC_Skim.omx,IVTT_ComRail,MD
KNRE_PRM_GC,MD_KNRE_PRM_Skim.omx,Generalized Cost,MD
KNRE_PRM_FARE,MD_KNRE_PRM_Skim.omx,Fare,MD
KNRE_PRM_IVT,MD_KNRE_PRM_Skim.omx,In-Vehicle Time,MD
KNRE_PRM_IWAIT,MD_KNRE_PRM_Skim.omx,Initial Wait Time,MD
KNRE_PRM_XWAIT,MD_KNRE_PRM_Skim.omx,Transfer Wait Time,MD
KNRE_PRM_XPEN,MD_KNRE_PRM_Skim.omx,Transfer Penalty Time,MD
KNRE_PRM_WAUX,MD_KNRE_PRM_Skim.omx,Transfer Walk Time,MD
KNRE_PRM_WACC,MD_KNRE_PRM_Skim.omx,Access Walk Time,MD
KNRE_PRM_WEGR,MD_KNRE_PRM_Skim.omx,Egress Walk Time,MD
KNRE_PRM_DTIME,MD_KNRE_PRM_Skim.omx,Egress Drive Time,MD
KNRE_PRM_DDIST,MD_KNRE_PRM_Skim.omx,Egress Drive Distance,MD
KNRE_PRM_DT,MD_KNRE_PRM_Skim.omx,Dwelling Time,MD
KNRE_PRM_NT,MD_KNRE_PRM_Skim.omx,Number of Transfers,MD
KNRE_PRM_IVTT_PMov,MD_KNRE_PRM_Skim.omx,IVTT_PMov,MD
KNRE_PRM_IVTT_Bus,MD_KNRE_PRM_Skim.omx,IVTT_Bus,MD
KNRE_PRM_IVTT_StCar,MD_KNRE_PRM_Skim.omx,IVTT_StCar,MD
KNRE_PRM_IVTT_Brt,MD_KNRE_PRM_Skim.omx,IVTT_Brt,MD
KNRE_PRM_IVTT_UrbRail,MD_KNRE_PRM_Skim.omx,IVTT_UrbRail,MD
KNRE_PRM_IVTT_ComRail,MD_KNRE_PRM_Skim.omx,IVTT_ComRail,MD
KNRE_MIX_GC,MD_KNRE_MIX_Skim.omx,Generalized Cost,MD
KNRE_MIX_FARE,MD_KNRE_MIX_Skim.omx,Fare,MD
KNRE_MIX_IVT,MD_KNRE_MIX_Skim.omx,In-Vehicle Time,MD
KNRE_MIX_IWAIT,MD_KNRE_MIX_Skim.omx,Initial Wait Time,MD
KNRE_MIX_XWAIT,MD_KNRE_MIX_Skim.omx,Transfer Wait Time,MD
KNRE_MIX_XPEN,MD_KNRE_MIX_Skim.omx,Transfer Penalty Time,MD
KNRE_MIX_WAUX,MD_KNRE_MIX_Skim.omx,Transfer Walk Time,MD
KNRE_MIX_WACC,MD_KNRE_MIX_Skim.omx,Access Walk Time,MD
KNRE_MIX_WEGR,MD_KNRE_MIX_Skim.omx,Egress Walk Time,MD
KNRE_MIX_DTIME,MD_KNRE_MIX_Skim.omx,Egress Drive Time,MD
KNRE_MIX_DDIST,MD_KNRE_MIX_Skim.omx,Egress Drive Distance,MD
KNRE_MIX_DT,MD_KNRE_MIX_Skim.omx,Dwelling Time,MD
KNRE_MIX_NT,MD_KNRE_MIX_Skim.omx,Number of Transfers,MD
KNRE_MIX_IVTT_PMov,MD_KNRE_MIX_Skim.omx,IVTT_PMov,MD
KNRE_MIX_IVTT_Bus,MD_KNRE_MIX_Skim.omx,IVTT_Bus,MD
KNRE_MIX_IVTT_StCar,MD_KNRE_MIX_Skim.omx,IVTT_StCar,MD
KNRE_MIX_IVTT_Brt,MD_KNRE_MIX_Skim.omx,IVTT_Brt,MD
KNRE_MIX_IVTT_UrbRail,MD_KNRE_MIX_Skim.omx,IVTT_UrbRail,MD
KNRE_MIX_IVTT_ComRail,MD_KNRE_MIX_Skim.omx,IVTT_ComRail,MD
KNRE_LOC_GC,PM_KNRE_LOC_Skim.omx,Generalized Cost,PM
KNRE_LOC_FARE,PM_KNRE_LOC_Skim.omx,Fare,PM
KNRE_LOC_IVT,PM_KNRE_LOC_Skim.omx,In-Vehicle Time,PM
KNRE_LOC_IWAIT,PM_KNRE_LOC_Skim.omx,Initial Wait Time,PM
KNRE_LOC_XWAIT,PM_KNRE_LOC_Skim.omx,Transfer Wait Time,PM
KNRE_LOC_XPEN,PM_KNRE_LOC_Skim.omx,Transfer Penalty Time,PM
KNRE_LOC_WAUX,PM_KNRE_LOC_Skim.omx,Transfer Walk Time,PM
KNRE_LOC_WACC,PM_KNRE_LOC_Skim.omx,Access Walk Time,PM
KNRE_LOC_WEGR,PM_KNRE_LOC_Skim.omx,Egress Walk Time,PM
KNRE_LOC_DTIME,PM_KNRE_LOC_Skim.omx,Egress Drive Time,PM
KNRE_LOC_DDIST,PM_KNRE_LOC_Skim.omx,Egress Drive Distance,PM
KNRE_LOC_DT,PM_KNRE_LOC_Skim.omx,Dwelling Time,PM
KNRE_LOC_NT,PM_KNRE_LOC_Skim.omx,Number of Transfers,PM
KNRE_LOC_IVTT_PMov,PM_KNRE_LOC_Skim.omx,IVTT_PMov,PM
KNRE_LOC_IVTT_Bus,PM_KNRE_LOC_Skim.omx,IVTT_Bus,PM
KNRE_LOC_IVTT_StCar,PM_KNRE_LOC_Skim.omx,IVTT_StCar,PM
KNRE_LOC_IVTT_Brt,PM_KNRE_LOC_Skim.omx,IVTT_Brt,PM
KNRE_LOC_IVTT_UrbRail,PM_KNRE_LOC_Skim.omx,IVTT_UrbRail,PM
KNRE_LOC_IVTT_ComRail,PM_KNRE_LOC_Skim.omx,IVTT_ComRail,PM
KNRE_PRM_GC,PM_KNRE_PRM_Skim.omx,Generalized Cost,PM
KNRE_PRM_FARE,PM_KNRE_PRM_Skim.omx,Fare,PM
KNRE_PRM_IVT,PM_KNRE_PRM_Skim.omx,In-Vehicle Time,PM
KNRE_PRM_IWAIT,PM_KNRE_PRM_Skim.omx,Initial Wait Time,PM
KNRE_PRM_XWAIT,PM_KNRE_PRM_Skim.omx,Transfer Wait Time,PM
KNRE_PRM_XPEN,PM_KNRE_PRM_Skim.omx,Transfer Penalty Time,PM
KNRE_PRM_WAUX,PM_KNRE_PRM_Skim.omx,Transfer Walk Time,PM
KNRE_PRM_WACC,PM_KNRE_PRM_Skim.omx,Access Walk Time,PM
KNRE_PRM_WEGR,PM_KNRE_PRM_Skim.omx,Egress Walk Time,PM
KNRE_PRM_DTIME,PM_KNRE_PRM_Skim.omx,Egress Drive Time,PM
KNRE_PRM_DDIST,PM_KNRE_PRM_Skim.omx,Egress Drive Distance,PM
KNRE_PRM_DT,PM_KNRE_PRM_Skim.omx,Dwelling Time,PM
KNRE_PRM_NT,PM_KNRE_PRM_Skim.omx,Number of Transfers,PM
KNRE_PRM_IVTT_PMov,PM_KNRE_PRM_Skim.omx,IVTT_PMov,PM
KNRE_PRM_IVTT_Bus,PM_KNRE_PRM_Skim.omx,IVTT_Bus,PM
KNRE_PRM_IVTT_StCar,PM_KNRE_PRM_Skim.omx,IVTT_StCar,PM
KNRE_PRM_IVTT_Brt,PM_KNRE_PRM_Skim.omx,IVTT_Brt,PM
KNRE_PRM_IVTT_UrbRail,PM_KNRE_PRM_Skim.omx,IVTT_UrbRail,PM
KNRE_PRM_IVTT_ComRail,PM_KNRE_PRM_Skim.omx,IVTT_ComRail,PM
KNRE_MIX_GC,PM_KNRE_MIX_Skim.omx,Generalized Cost,PM
KNRE_MIX_FARE,PM_KNRE_MIX_Skim.omx,Fare,PM
KNRE_MIX_IVT,PM_KNRE_MIX_Skim.omx,In-Vehicle Time,PM
KNRE_MIX_IWAIT,PM_KNRE_MIX_Skim.omx,Initial Wait Time,PM
KNRE_MIX_XWAIT,PM_KNRE_MIX_Skim.omx,Transfer Wait Time,PM
KNRE_MIX_XPEN,PM_KNRE_MIX_Skim.omx,Transfer Penalty Time,PM
KNRE_MIX_WAUX,PM_KNRE_MIX_Skim.omx,Transfer Walk Time,PM
KNRE_MIX_WACC,PM_KNRE_MIX_Skim.omx,Access Walk Time,PM
KNRE_MIX_WEGR,PM_KNRE_MIX_Skim.omx,Egress Walk Time,PM
KNRE_MIX_DTIME,PM_KNRE_MIX_Skim.omx,Egress Drive Time,PM
KNRE_MIX_DDIST,PM_KNRE_MIX_Skim.omx,Egress Drive Distance,PM
KNRE_MIX_DT,PM_KNRE_MIX_Skim.omx,Dwelling Time,PM
KNRE_MIX_NT,PM_KNRE_MIX_Skim.omx,Number of Transfers,PM
KNRE_MIX_IVTT_PMov,PM_KNRE_MIX_Skim.omx,IVTT_PMov,PM
KNRE_MIX_IVTT_Bus,PM_KNRE_MIX_Skim.omx,IVTT_Bus,PM
KNRE_MIX_IVTT_StCar,PM_KNRE_MIX_Skim.omx,IVTT_StCar,PM
KNRE_MIX_IVTT_Brt,PM_KNRE_MIX_Skim.omx,IVTT_Brt,PM
KNRE_MIX_IVTT_UrbRail,PM_KNRE_MIX_Skim.omx,IVTT_UrbRail,PM
KNRE_MIX_IVTT_ComRail,PM_KNRE_MIX_Skim.omx,IVTT_ComRail,PM
KNRE_LOC_GC,EV_KNRE_LOC_Skim.omx,Generalized Cost,EV
KNRE_LOC_FARE,EV_KNRE_LOC_Skim.omx,Fare,EV
KNRE_LOC_IVT,EV_KNRE_LOC_Skim.omx,In-Vehicle Time,EV
KNRE_LOC_IWAIT,EV_KNRE_LOC_Skim.omx,Initial Wait Time,EV
KNRE_LOC_XWAIT,EV_KNRE_LOC_Skim.omx,Transfer Wait Time,EV
KNRE_LOC_XPEN,EV_KNRE_LOC_Skim.omx,Transfer Penalty Time,EV
KNRE_LOC_WAUX,EV_KNRE_LOC_Skim.omx,Transfer Walk Time,EV
KNRE_LOC_WACC,EV_KNRE_LOC_Skim.omx,Access Walk Time,EV
KNRE_LOC_WEGR,EV_KNRE_LOC_Skim.omx,Egress Walk Time,EV
KNRE_LOC_DTIME,EV_KNRE_LOC_Skim.omx,Egress Drive Time,EV
KNRE_LOC_DDIST,EV_KNRE_LOC_Skim.omx,Egress Drive Distance,EV
KNRE_LOC_DT,EV_KNRE_LOC_Skim.omx,Dwelling Time,EV
KNRE_LOC_NT,EV_KNRE_LOC_Skim.omx,Number of Transfers,EV
KNRE_LOC_IVTT_PMov,EV_KNRE_LOC_Skim.omx,IVTT_PMov,EV
KNRE_LOC_IVTT_Bus,EV_KNRE_LOC_Skim.omx,IVTT_Bus,EV
KNRE_LOC_IVTT_StCar,EV_KNRE_LOC_Skim.omx,IVTT_StCar,EV
KNRE_LOC_IVTT_Brt,EV_KNRE_LOC_Skim.omx,IVTT_Brt,EV
KNRE_LOC_IVTT_UrbRail,EV_KNRE_LOC_Skim.omx,IVTT_UrbRail,EV
KNRE_LOC_IVTT_ComRail,EV_KNRE_LOC_Skim.omx,IVTT_ComRail,EV
KNRE_PRM_GC,EV_KNRE_PRM_Skim.omx,Generalized Cost,EV
KNRE_PRM_FARE,EV_KNRE_PRM_Skim.omx,Fare,EV
KNRE_PRM_IVT,EV_KNRE_PRM_Skim.omx,In-Vehicle Time,EV
KNRE_PRM_IWAIT,EV_KNRE_PRM_Skim.omx,Initial Wait Time,EV
KNRE_PRM_XWAIT,EV_KNRE_PRM_Skim.omx,Transfer Wait Time,EV
KNRE_PRM_XPEN,EV_KNRE_PRM_Skim.omx,Transfer Penalty Time,EV
KNRE_PRM_WAUX,EV_KNRE_PRM_Skim.omx,Transfer Walk Time,EV
KNRE_PRM_WACC,EV_KNRE_PRM_Skim.omx,Access Walk Time,EV
KNRE_PRM_WEGR,EV_KNRE_PRM_Skim.omx,Egress Walk Time,EV
KNRE_PRM_DTIME,EV_KNRE_PRM_Skim.omx,Egress Drive Time,EV
KNRE_PRM_DDIST,EV_KNRE_PRM_Skim.omx,Egress Drive Distance,EV
KNRE_PRM_DT,EV_KNRE_PRM_Skim.omx,Dwelling Time,EV
KNRE_PRM_NT,EV_KNRE_PRM_Skim.omx,Number of Transfers,EV
KNRE_PRM_IVTT_PMov,EV_KNRE_PRM_Skim.omx,IVTT_PMov,EV
KNRE_PRM_IVTT_Bus,EV_KNRE_PRM_Skim.omx,IVTT_Bus,EV
KNRE_PRM_IVTT_StCar,EV_KNRE_PRM_Skim.omx,IVTT_StCar,EV
KNRE_PRM_IVTT_Brt,EV_KNRE_PRM_Skim.omx,IVTT_Brt,EV
KNRE_PRM_IVTT_UrbRail,EV_KNRE_PRM_Skim.omx,IVTT_UrbRail,EV
KNRE_PRM_IVTT_ComRail,EV_KNRE_PRM_Skim.omx,IVTT_ComRail,EV
KNRE_MIX_GC,EV_KNRE_MIX_Skim.omx,Generalized Cost,EV
KNRE_MIX_FARE,EV_KNRE_MIX_Skim.omx,Fare,EV
KNRE_MIX_IVT,EV_KNRE_MIX_Skim.omx,In-Vehicle Time,EV
KNRE_MIX_IWAIT,EV_KNRE_MIX_Skim.omx,Initial Wait Time,EV
KNRE_MIX_XWAIT,EV_KNRE_MIX_Skim.omx,Transfer Wait Time,EV
KNRE_MIX_XPEN,EV_KNRE_MIX_Skim.omx,Transfer Penalty Time,EV
KNRE_MIX_WAUX,EV_KNRE_MIX_Skim.omx,Transfer Walk Time,EV
KNRE_MIX_WACC,EV_KNRE_MIX_Skim.omx,Access Walk Time,EV
KNRE_MIX_WEGR,EV_KNRE_MIX_Skim.omx,Egress Walk Time,EV
KNRE_MIX_DTIME,EV_KNRE_MIX_Skim.omx,Egress Drive Time,EV
KNRE_MIX_DDIST,EV_KNRE_MIX_Skim.omx,Egress Drive Distance,EV
KNRE_MIX_DT,EV_KNRE_MIX_Skim.omx,Dwelling Time,EV
KNRE_MIX_NT,EV_KNRE_MIX_Skim.omx,Number of Transfers,EV
KNRE_MIX_IVTT_PMov,EV_KNRE_MIX_Skim.omx,IVTT_PMov,EV
KNRE_MIX_IVTT_Bus,EV_KNRE_MIX_Skim.omx,IVTT_Bus,EV
KNRE_MIX_IVTT_StCar,EV_KNRE_MIX_Skim.omx,IVTT_StCar,EV
KNRE_MIX_IVTT_Brt,EV_KNRE_MIX_Skim.omx,IVTT_Brt,EV
KNRE_MIX_IVTT_UrbRail,EV_KNRE_MIX_Skim.omx,IVTT_UrbRail,EV
KNRE_MIX_IVTT_ComRail,EV_KNRE_MIX_Skim.omx,IVTT_ComRail,EV
WLK_LOC_IVTT_DDOT,AM_WLK_LOC_Skim.omx,IVTT_DDOT,AM
WLK_LOC_IVTT_SMART,AM_WLK_LOC_Skim.omx,IVTT_SMART,AM
WLK_LOC_IVTT_AAATA,AM_WLK_LOC_Skim.omx,IVTT_AAATA,AM
WLK_LOC_IVTT_UMT,AM_WLK_LOC_Skim.omx,IVTT_UMT,AM
WLK_LOC_IVTT_BWAT,AM_WLK_LOC_Skim.omx,IVTT_BWAT,AM
WLK_LOC_IVTT_LET,AM_WLK_LOC_Skim.omx,IVTT_LET,AM
WLK_PRM_IVTT_DDOT,AM_WLK_PRM_Skim.omx,IVTT_DDOT,AM
WLK_PRM_IVTT_SMART,AM_WLK_PRM_Skim.omx,IVTT_SMART,AM
WLK_PRM_IVTT_AAATA,AM_WLK_PRM_Skim.omx,IVTT_AAATA,AM
WLK_PRM_IVTT_UMT,AM_WLK_PRM_Skim.omx,IVTT_UMT,AM
WLK_PRM_IVTT_BWAT,AM_WLK_PRM_Skim.omx,IVTT_BWAT,AM
WLK_PRM_IVTT_LET,AM_WLK_PRM_Skim.omx,IVTT_LET,AM
WLK_MIX_IVTT_DDOT,AM_WLK_MIX_Skim.omx,IVTT_DDOT,AM
WLK_MIX_IVTT_SMART,AM_WLK_MIX_Skim.omx,IVTT_SMART,AM
WLK_MIX_IVTT_AAATA,AM_WLK_MIX_Skim.omx,IVTT_AAATA,AM
WLK_MIX_IVTT_UMT,AM_WLK_MIX_Skim.omx,IVTT_UMT,AM
WLK_MIX_IVTT_BWAT,AM_WLK_MIX_Skim.omx,IVTT_BWAT,AM
WLK_MIX_IVTT_LET,AM_WLK_MIX_Skim.omx,IVTT_LET,AM
PNR_LOC_IVTT_DDOT,AM_DRV_LOC_Skim.omx,IVTT_DDOT,AM
PNR_LOC_IVTT_SMART,AM_DRV_LOC_Skim.omx,IVTT_SMART,AM
PNR_LOC_IVTT_AAATA,AM_DRV_LOC_Skim.omx,IVTT_AAATA,AM
PNR_LOC_IVTT_UMT,AM_DRV_LOC_Skim.omx,IVTT_UMT,AM
PNR_LOC_IVTT_BWAT,AM_DRV_LOC_Skim.omx,IVTT_BWAT,AM
PNR_LOC_IVTT_LET,AM_DRV_LOC_Skim.omx,IVTT_LET,AM
PNR_PRM_IVTT_DDOT,AM_DRV_PRM_Skim.omx,IVTT_DDOT,AM
PNR_PRM_IVTT_SMART,AM_DRV_PRM_Skim.omx,IVTT_SMART,AM
PNR_PRM_IVTT_AAATA,AM_DRV_PRM_Skim.omx,IVTT_AAATA,AM
PNR_PRM_IVTT_UMT,AM_DRV_PRM_Skim.omx,IVTT_UMT,AM
PNR_PRM_IVTT_BWAT,AM_DRV_PRM_Skim.omx,IVTT_BWAT,AM
PNR_PRM_IVTT_LET,AM_DRV_PRM_Skim.omx,IVTT_LET,AM
PNR_MIX_IVTT_DDOT,AM_DRV_MIX_Skim.omx,IVTT_DDOT,AM
PNR_MIX_IVTT_SMART,AM_DRV_MIX_Skim.omx,IVTT_SMART,AM
PNR_MIX_IVTT_AAATA,AM_DRV_MIX_Skim.omx,IVTT_AAATA,AM
PNR_MIX_IVTT_UMT,AM_DRV_MIX_Skim.omx,IVTT_UMT,AM
PNR_MIX_IVTT_BWAT,AM_DRV_MIX_Skim.omx,IVTT_BWAT,AM
PNR_MIX_IVTT_LET,AM_DRV_MIX_Skim.omx,IVTT_LET,AM
KNR_LOC_IVTT_DDOT,AM_KNR_LOC_Skim.omx,IVTT_DDOT,AM
KNR_LOC_IVTT_SMART,AM_KNR_LOC_Skim.omx,IVTT_SMART,AM
KNR_LOC_IVTT_AAATA,AM_KNR_LOC_Skim.omx,IVTT_AAATA,AM
KNR_LOC_IVTT_UMT,AM_KNR_LOC_Skim.omx,IVTT_UMT,AM
KNR_LOC_IVTT_BWAT,AM_KNR_LOC_Skim.omx,IVTT_BWAT,AM
KNR_LOC_IVTT_LET,AM_KNR_LOC_Skim.omx,IVTT_LET,AM
KNR_PRM_IVTT_DDOT,AM_KNR_PRM_Skim.omx,IVTT_DDOT,AM
KNR_PRM_IVTT_SMART,AM_KNR_PRM_Skim.omx,IVTT_SMART,AM
KNR_PRM_IVTT_AAATA,AM_KNR_PRM_Skim.omx,IVTT_AAATA,AM
KNR_PRM_IVTT_UMT,AM_KNR_PRM_Skim.omx,IVTT_UMT,AM
KNR_PRM_IVTT_BWAT,AM_KNR_PRM_Skim.omx,IVTT_BWAT,AM
KNR_PRM_IVTT_LET,AM_KNR_PRM_Skim.omx,IVTT_LET,AM
KNR_MIX_IVTT_DDOT,AM_KNR_MIX_Skim.omx,IVTT_DDOT,AM
KNR_MIX_IVTT_SMART,AM_KNR_MIX_Skim.omx,IVTT_SMART,AM
KNR_MIX_IVTT_AAATA,AM_KNR_MIX_Skim.omx,IVTT_AAATA,AM
KNR_MIX_IVTT_UMT,AM_KNR_MIX_Skim.omx,IVTT_UMT,AM
KNR_MIX_IVTT_BWAT,AM_KNR_MIX_Skim.omx,IVTT_BWAT,AM
KNR_MIX_IVTT_LET,AM_KNR_MIX_Skim.omx,IVTT_LET,AM
WLK_LOC_IVTT_DDOT,MD_WLK_LOC_Skim.omx,IVTT_DDOT,MD
WLK_LOC_IVTT_SMART,MD_WLK_LOC_Skim.omx,IVTT_SMART,MD
WLK_LOC_IVTT_AAATA,MD_WLK_LOC_Skim.omx,IVTT_AAATA,MD
WLK_LOC_IVTT_UMT,MD_WLK_LOC_Skim.omx,IVTT_UMT,MD
WLK_LOC_IVTT_BWAT,MD_WLK_LOC_Skim.omx,IVTT_BWAT,MD
WLK_LOC_IVTT_LET,MD_WLK_LOC_Skim.omx,IVTT_LET,MD
WLK_PRM_IVTT_DDOT,MD_WLK_PRM_Skim.omx,IVTT_DDOT,MD
WLK_PRM_IVTT_SMART,MD_WLK_PRM_Skim.omx,IVTT_SMART,MD
WLK_PRM_IVTT_AAATA,MD_WLK_PRM_Skim.omx,IVTT_AAATA,MD
WLK_PRM_IVTT_UMT,MD_WLK_PRM_Skim.omx,IVTT_UMT,MD
WLK_PRM_IVTT_BWAT,MD_WLK_PRM_Skim.omx,IVTT_BWAT,MD
WLK_PRM_IVTT_LET,MD_WLK_PRM_Skim.omx,IVTT_LET,MD
WLK_MIX_IVTT_DDOT,MD_WLK_MIX_Skim.omx,IVTT_DDOT,MD
WLK_MIX_IVTT_SMART,MD_WLK_MIX_Skim.omx,IVTT_SMART,MD
WLK_MIX_IVTT_AAATA,MD_WLK_MIX_Skim.omx,IVTT_AAATA,MD
WLK_MIX_IVTT_UMT,MD_WLK_MIX_Skim.omx,IVTT_UMT,MD
WLK_MIX_IVTT_BWAT,MD_WLK_MIX_Skim.omx,IVTT_BWAT,MD
WLK_MIX_IVTT_LET,MD_WLK_MIX_Skim.omx,IVTT_LET,MD
PNR_LOC_IVTT_DDOT,MD_DRV_LOC_Skim.omx,IVTT_DDOT,MD
PNR_LOC_IVTT_SMART,MD_DRV_LOC_Skim.omx,IVTT_SMART,MD
PNR_LOC_IVTT_AAATA,MD_DRV_LOC_Skim.omx,IVTT_AAATA,MD
PNR_LOC_IVTT_UMT,MD_DRV_LOC_Skim.omx,IVTT_UMT,MD
PNR_LOC_IVTT_BWAT,MD_DRV_LOC_Skim.omx,IVTT_BWAT,MD
PNR_LOC_IVTT_LET,MD_DRV_LOC_Skim.omx,IVTT_LET,MD
PNR_PRM_IVTT_DDOT,MD_DRV_PRM_Skim.omx,IVTT_DDOT,MD
PNR_PRM_IVTT_SMART,MD_DRV_PRM_Skim.omx,IVTT_SMART,MD
PNR_PRM_IVTT_AAATA,MD_DRV_PRM_Skim.omx,IVTT_AAATA,MD
PNR_PRM_IVTT_UMT,MD_DRV_PRM_Skim.omx,IVTT_UMT,MD
PNR_PRM_IVTT_BWAT,MD_DRV_PRM_Skim.omx,IVTT_BWAT,MD
PNR_PRM_IVTT_LET,MD_DRV_PRM_Skim.omx,IVTT_LET,MD
PNR_MIX_IVTT_DDOT,MD_DRV_MIX_Skim.omx,IVTT_DDOT,MD
PNR_MIX_IVTT_SMART,MD_DRV_MIX_Skim.omx,IVTT_SMART,MD
PNR_MIX_IVTT_AAATA,MD_DRV_MIX_Skim.omx,IVTT_AAATA,MD
PNR_MIX_IVTT_UMT,MD_DRV_MIX_Skim.omx,IVTT_UMT,MD
PNR_MIX_IVTT_BWAT,MD_DRV_MIX_Skim.omx,IVTT_BWAT,MD
PNR_MIX_IVTT_LET,MD_DRV_MIX_Skim.omx,IVTT_LET,MD
KNR_LOC_IVTT_DDOT,MD_KNR_LOC_Skim.omx,IVTT_DDOT,MD
KNR_LOC_IVTT_SMART,MD_KNR_LOC_Skim.omx,IVTT_SMART,MD
KNR_LOC_IVTT_AAATA,MD_KNR_LOC_Skim.omx,IVTT_AAATA,MD
KNR_LOC_IVTT_UMT,MD_KNR_LOC_Skim.omx,IVTT_UMT,MD
KNR_LOC_IVTT_BWAT,MD_KNR_LOC_Skim.omx,IVTT_BWAT,MD
KNR_LOC_IVTT_LET,MD_KNR_LOC_Skim.omx,IVTT_LET,MD
KNR_PRM_IVTT_DDOT,MD_KNR_PRM_Skim.omx,IVTT_DDOT,MD
KNR_PRM_IVTT_SMART,MD_KNR_PRM_Skim.omx,IVTT_SMART,MD
KNR_PRM_IVTT_AAATA,MD_KNR_PRM_Skim.omx,IVTT_AAATA,MD
KNR_PRM_IVTT_UMT,MD_KNR_PRM_Skim.omx,IVTT_UMT,MD
KNR_PRM_IVTT_BWAT,MD_KNR_PRM_Skim.omx,IVTT_BWAT,MD
KNR_PRM_IVTT_LET,MD_KNR_PRM_Skim.omx,IVTT_LET,MD
KNR_MIX_IVTT_DDOT,MD_KNR_MIX_Skim.omx,IVTT_DDOT,MD
KNR_MIX_IVTT_SMART,MD_KNR_MIX_Skim.omx,IVTT_SMART,MD
KNR_MIX_IVTT_AAATA,MD_KNR_MIX_Skim.omx,IVTT_AAATA,MD
KNR_MIX_IVTT_UMT,MD_KNR_MIX_Skim.omx,IVTT_UMT,MD
KNR_MIX_IVTT_BWAT,MD_KNR_MIX_Skim.omx,IVTT_BWAT,MD
KNR_MIX_IVTT_LET,MD_KNR_MIX_Skim.omx,IVTT_LET,MD
WLK_LOC_IVTT_DDOT,PM_WLK_LOC_Skim.omx,IVTT_DDOT,PM
WLK_LOC_IVTT_SMART,PM_WLK_LOC_Skim.omx,IVTT_SMART,PM
WLK_LOC_IVTT_AAATA,PM_WLK_LOC_Skim.omx,IVTT_AAATA,PM
WLK_LOC_IVTT_UMT,PM_WLK_LOC_Skim.omx,IVTT_UMT,PM
WLK_LOC_IVTT_BWAT,PM_WLK_LOC_Skim.omx,IVTT_BWAT,PM
WLK_LOC_IVTT_LET,PM_WLK_LOC_Skim.omx,IVTT_LET,PM
WLK_PRM_IVTT_DDOT,PM_WLK_PRM_Skim.omx,IVTT_DDOT,PM
WLK_PRM_IVTT_SMART,PM_WLK_PRM_Skim.omx,IVTT_SMART,PM
WLK_PRM_IVTT_AAATA,PM_WLK_PRM_Skim.omx,IVTT_AAATA,PM
WLK_PRM_IVTT_UMT,PM_WLK_PRM_Skim.omx,IVTT_UMT,PM
WLK_PRM_IVTT_BWAT,PM_WLK_PRM_Skim.omx,IVTT_BWAT,PM
WLK_PRM_IVTT_LET,PM_WLK_PRM_Skim.omx,IVTT_LET,PM
WLK_MIX_IVTT_DDOT,PM_WLK_MIX_Skim.omx,IVTT_DDOT,PM
WLK_MIX_IVTT_SMART,PM_WLK_MIX_Skim.omx,IVTT_SMART,PM
WLK_MIX_IVTT_AAATA,PM_WLK_MIX_Skim.omx,IVTT_AAATA,PM
WLK_MIX_IVTT_UMT,PM_WLK_MIX_Skim.omx,IVTT_UMT,PM
WLK_MIX_IVTT_BWAT,PM_WLK_MIX_Skim.omx,IVTT_BWAT,PM
WLK_MIX_IVTT_LET,PM_WLK_MIX_Skim.omx,IVTT_LET,PM
PNR_LOC_IVTT_DDOT,PM_DRV_LOC_Skim.omx,IVTT_DDOT,PM
PNR_LOC_IVTT_SMART,PM_DRV_LOC_Skim.omx,IVTT_SMART,PM
PNR_LOC_IVTT_AAATA,PM_DRV_LOC_Skim.omx,IVTT_AAATA,PM
PNR_LOC_IVTT_UMT,PM_DRV_LOC_Skim.omx,IVTT_UMT,PM
PNR_LOC_IVTT_BWAT,PM_DRV_LOC_Skim.omx,IVTT_BWAT,PM
PNR_LOC_IVTT_LET,PM_DRV_LOC_Skim.omx,IVTT_LET,PM
PNR_PRM_IVTT_DDOT,PM_DRV_PRM_Skim.omx,IVTT_DDOT,PM
PNR_PRM_IVTT_SMART,PM_DRV_PRM_Skim.omx,IVTT_SMART,PM
PNR_PRM_IVTT_AAATA,PM_DRV_PRM_Skim.omx,IVTT_AAATA,PM
PNR_PRM_IVTT_UMT,PM_DRV_PRM_Skim.omx,IVTT_UMT,PM
PNR_PRM_IVTT_BWAT,PM_DRV_PRM_Skim.omx,IVTT_BWAT,PM
PNR_PRM_IVTT_LET,PM_DRV_PRM_Skim.omx,IVTT_LET,PM
PNR_MIX_IVTT_DDOT,PM_DRV_MIX_Skim.omx,IVTT_DDOT,PM
PNR_MIX_IVTT_SMART,PM_DRV_MIX_Skim.omx,IVTT_SMART,PM
PNR_MIX_IVTT_AAATA,PM_DRV_MIX_Skim.omx,IVTT_AAATA,PM
PNR_MIX_IVTT_UMT,PM_DRV_MIX_Skim.omx,IVTT_UMT,PM
PNR_MIX_IVTT_BWAT,PM_DRV_MIX_Skim.omx,IVTT_BWAT,PM
PNR_MIX_IVTT_LET,PM_DRV_MIX_Skim.omx,IVTT_LET,PM
KNR_LOC_IVTT_DDOT,PM_KNR_LOC_Skim.omx,IVTT_DDOT,PM
KNR_LOC_IVTT_SMART,PM_KNR_LOC_Skim.omx,IVTT_SMART,PM
KNR_LOC_IVTT_AAATA,PM_KNR_LOC_Skim.omx,IVTT_AAATA,PM
KNR_LOC_IVTT_UMT,PM_KNR_LOC_Skim.omx,IVTT_UMT,PM
KNR_LOC_IVTT_BWAT,PM_KNR_LOC_Skim.omx,IVTT_BWAT,PM
KNR_LOC_IVTT_LET,PM_KNR_LOC_Skim.omx,IVTT_LET,PM
KNR_PRM_IVTT_DDOT,PM_KNR_PRM_Skim.omx,IVTT_DDOT,PM
KNR_PRM_IVTT_SMART,PM_KNR_PRM_Skim.omx,IVTT_SMART,PM
KNR_PRM_IVTT_AAATA,PM_KNR_PRM_Skim.omx,IVTT_AAATA,PM
KNR_PRM_IVTT_UMT,PM_KNR_PRM_Skim.omx,IVTT_UMT,PM
KNR_PRM_IVTT_BWAT,PM_KNR_PRM_Skim.omx,IVTT_BWAT,PM
KNR_PRM_IVTT_LET,PM_KNR_PRM_Skim.omx,IVTT_LET,PM
KNR_MIX_IVTT_DDOT,PM_KNR_MIX_Skim.omx,IVTT_DDOT,PM
KNR_MIX_IVTT_SMART,PM_KNR_MIX_Skim.omx,IVTT_SMART,PM
KNR_MIX_IVTT_AAATA,PM_KNR_MIX_Skim.omx,IVTT_AAATA,PM
KNR_MIX_IVTT_UMT,PM_KNR_MIX_Skim.omx,IVTT_UMT,PM
KNR_MIX_IVTT_BWAT,PM_KNR_MIX_Skim.omx,IVTT_BWAT,PM
KNR_MIX_IVTT_LET,PM_KNR_MIX_Skim.omx,IVTT_LET,PM
WLK_LOC_IVTT_DDOT,EV_WLK_LOC_Skim.omx,IVTT_DDOT,EV
WLK_LOC_IVTT_SMART,EV_WLK_LOC_Skim.omx,IVTT_SMART,EV
WLK_LOC_IVTT_AAATA,EV_WLK_LOC_Skim.omx,IVTT_AAATA,EV
WLK_LOC_IVTT_UMT,EV_WLK_LOC_Skim.omx,IVTT_UMT,EV
WLK_LOC_IVTT_BWAT,EV_WLK_LOC_Skim.omx,IVTT_BWAT,EV
WLK_LOC_IVTT_LET,EV_WLK_LOC_Skim.omx,IVTT_LET,EV
WLK_PRM_IVTT_DDOT,EV_WLK_PRM_Skim.omx,IVTT_DDOT,EV
WLK_PRM_IVTT_SMART,EV_WLK_PRM_Skim.omx,IVTT_SMART,EV
WLK_PRM_IVTT_AAATA,EV_WLK_PRM_Skim.omx,IVTT_AAATA,EV
WLK_PRM_IVTT_UMT,EV_WLK_PRM_Skim.omx,IVTT_UMT,EV
WLK_PRM_IVTT_BWAT,EV_WLK_PRM_Skim.omx,IVTT_BWAT,EV
WLK_PRM_IVTT_LET,EV_WLK_PRM_Skim.omx,IVTT_LET,EV
WLK_MIX_IVTT_DDOT,EV_WLK_MIX_Skim.omx,IVTT_DDOT,EV
WLK_MIX_IVTT_SMART,EV_WLK_MIX_Skim.omx,IVTT_SMART,EV
WLK_MIX_IVTT_AAATA,EV_WLK_MIX_Skim.omx,IVTT_AAATA,EV
WLK_MIX_IVTT_UMT,EV_WLK_MIX_Skim.omx,IVTT_UMT,EV
WLK_MIX_IVTT_BWAT,EV_WLK_MIX_Skim.omx,IVTT_BWAT,EV
WLK_MIX_IVTT_LET,EV_WLK_MIX_Skim.omx,IVTT_LET,EV
PNR_LOC_IVTT_DDOT,EV_DRV_LOC_Skim.omx,IVTT_DDOT,EV
PNR_LOC_IVTT_SMART,EV_DRV_LOC_Skim.omx,IVTT_SMART,EV
PNR_LOC_IVTT_AAATA,EV_DRV_LOC_Skim.omx,IVTT_AAATA,EV
PNR_LOC_IVTT_UMT,EV_DRV_LOC_Skim.omx,IVTT_UMT,EV
PNR_LOC_IVTT_BWAT,EV_DRV_LOC_Skim.omx,IVTT_BWAT,EV
PNR_LOC_IVTT_LET,EV_DRV_LOC_Skim.omx,IVTT_LET,EV
PNR_PRM_IVTT_DDOT,EV_DRV_PRM_Skim.omx,IVTT_DDOT,EV
PNR_PRM_IVTT_SMART,EV_DRV_PRM_Skim.omx,IVTT_SMART,EV
PNR_PRM_IVTT_AAATA,EV_DRV_PRM_Skim.omx,IVTT_AAATA,EV
PNR_PRM_IVTT_UMT,EV_DRV_PRM_Skim.omx,IVTT_UMT,EV
PNR_PRM_IVTT_BWAT,EV_DRV_PRM_Skim.omx,IVTT_BWAT,EV
PNR_PRM_IVTT_LET,EV_DRV_PRM_Skim.omx,IVTT_LET,EV
PNR_MIX_IVTT_DDOT,EV_DRV_MIX_Skim.omx,IVTT_DDOT,EV
PNR_MIX_IVTT_SMART,EV_DRV_MIX_Skim.omx,IVTT_SMART,EV
PNR_MIX_IVTT_AAATA,EV_DRV_MIX_Skim.omx,IVTT_AAATA,EV
PNR_MIX_IVTT_UMT,EV_DRV_MIX_Skim.omx,IVTT_UMT,EV
PNR_MIX_IVTT_BWAT,EV_DRV_MIX_Skim.omx,IVTT_BWAT,EV
PNR_MIX_IVTT_LET,EV_DRV_MIX_Skim.omx,IVTT_LET,EV
KNR_LOC_IVTT_DDOT,EV_KNR_LOC_Skim.omx,IVTT_DDOT,EV
KNR_LOC_IVTT_SMART,EV_KNR_LOC_Skim.omx,IVTT_SMART,EV
KNR_LOC_IVTT_AAATA,EV_KNR_LOC_Skim.omx,IVTT_AAATA,EV
KNR_LOC_IVTT_UMT,EV_KNR_LOC_Skim.omx,IVTT_UMT,EV
KNR_LOC_IVTT_BWAT,EV_KNR_LOC_Skim.omx,IVTT_BWAT,EV
KNR_LOC_IVTT_LET,EV_KNR_LOC_Skim.omx,IVTT_LET,EV
KNR_PRM_IVTT_DDOT,EV_KNR_PRM_Skim.omx,IVTT_DDOT,EV
KNR_PRM_IVTT_SMART,EV_KNR_PRM_Skim.omx,IVTT_SMART,EV
KNR_PRM_IVTT_AAATA,EV_KNR_PRM_Skim.omx,IVTT_AAATA,EV
KNR_PRM_IVTT_UMT,EV_KNR_PRM_Skim.omx,IVTT_UMT,EV
KNR_PRM_IVTT_BWAT,EV_KNR_PRM_Skim.omx,IVTT_BWAT,EV
KNR_PRM_IVTT_LET,EV_KNR_PRM_Skim.omx,IVTT_LET,EV
KNR_MIX_IVTT_DDOT,EV_KNR_MIX_Skim.omx,IVTT_DDOT,EV
KNR_MIX_IVTT_SMART,EV_KNR_MIX_Skim.omx,IVTT_SMART,EV
KNR_MIX_IVTT_AAATA,EV_KNR_MIX_Skim.omx,IVTT_AAATA,EV
KNR_MIX_IVTT_UMT,EV_KNR_MIX_Skim.omx,IVTT_UMT,EV
KNR_MIX_IVTT_BWAT,EV_KNR_MIX_Skim.omx,IVTT_BWAT,EV
KNR_MIX_IVTT_LET,EV_KNR_MIX_Skim.omx,IVTT_LET,EV
WLK_LOC_IVTT_DDOT,EA_WLK_LOC_Skim.omx,IVTT_DDOT,EA
WLK_LOC_IVTT_SMART,EA_WLK_LOC_Skim.omx,IVTT_SMART,EA
WLK_LOC_IVTT_AAATA,EA_WLK_LOC_Skim.omx,IVTT_AAATA,EA
WLK_LOC_IVTT_UMT,EA_WLK_LOC_Skim.omx,IVTT_UMT,EA
WLK_LOC_IVTT_BWAT,EA_WLK_LOC_Skim.omx,IVTT_BWAT,EA
WLK_LOC_IVTT_LET,EA_WLK_LOC_Skim.omx,IVTT_LET,EA
WLK_PRM_IVTT_DDOT,EA_WLK_PRM_Skim.omx,IVTT_DDOT,EA
WLK_PRM_IVTT_SMART,EA_WLK_PRM_Skim.omx,IVTT_SMART,EA
WLK_PRM_IVTT_AAATA,EA_WLK_PRM_Skim.omx,IVTT_AAATA,EA
WLK_PRM_IVTT_UMT,EA_WLK_PRM_Skim.omx,IVTT_UMT,EA
WLK_PRM_IVTT_BWAT,EA_WLK_PRM_Skim.omx,IVTT_BWAT,EA
WLK_PRM_IVTT_LET,EA_WLK_PRM_Skim.omx,IVTT_LET,EA
WLK_MIX_IVTT_DDOT,EA_WLK_MIX_Skim.omx,IVTT_DDOT,EA
WLK_MIX_IVTT_SMART,EA_WLK_MIX_Skim.omx,IVTT_SMART,EA
WLK_MIX_IVTT_AAATA,EA_WLK_MIX_Skim.omx,IVTT_AAATA,EA
WLK_MIX_IVTT_UMT,EA_WLK_MIX_Skim.omx,IVTT_UMT,EA
WLK_MIX_IVTT_BWAT,EA_WLK_MIX_Skim.omx,IVTT_BWAT,EA
WLK_MIX_IVTT_LET,EA_WLK_MIX_Skim.omx,IVTT_LET,EA
PNR_LOC_IVTT_DDOT,EA_DRV_LOC_Skim.omx,IVTT_DDOT,EA
PNR_LOC_IVTT_SMART,EA_DRV_LOC_Skim.omx,IVTT_SMART,EA
PNR_LOC_IVTT_AAATA,EA_DRV_LOC_Skim.omx,IVTT_AAATA,EA
PNR_LOC_IVTT_UMT,EA_DRV_LOC_Skim.omx,IVTT_UMT,EA
PNR_LOC_IVTT_BWAT,EA_DRV_LOC_Skim.omx,IVTT_BWAT,EA
PNR_LOC_IVTT_LET,EA_DRV_LOC_Skim.omx,IVTT_LET,EA
PNR_PRM_IVTT_DDOT,EA_DRV_PRM_Skim.omx,IVTT_DDOT,EA
PNR_PRM_IVTT_SMART,EA_DRV_PRM_Skim.omx,IVTT_SMART,EA
PNR_PRM_IVTT_AAATA,EA_DRV_PRM_Skim.omx,IVTT_AAATA,EA
PNR_PRM_IVTT_UMT,EA_DRV_PRM_Skim.omx,IVTT_UMT,EA
PNR_PRM_IVTT_BWAT,EA_DRV_PRM_Skim.omx,IVTT_BWAT,EA
PNR_PRM_IVTT_LET,EA_DRV_PRM_Skim.omx,IVTT_LET,EA
PNR_MIX_IVTT_DDOT,EA_DRV_MIX_Skim.omx,IVTT_DDOT,EA
PNR_MIX_IVTT_SMART,EA_DRV_MIX_Skim.omx,IVTT_SMART,EA
PNR_MIX_IVTT_AAATA,EA_DRV_MIX_Skim.omx,IVTT_AAATA,EA
PNR_MIX_IVTT_UMT,EA_DRV_MIX_Skim.omx,IVTT_UMT,EA
PNR_MIX_IVTT_BWAT,EA_DRV_MIX_Skim.omx,IVTT_BWAT,EA
PNR_MIX_IVTT_LET,EA_DRV_MIX_Skim.omx,IVTT_LET,EA
KNR_LOC_IVTT_DDOT,EA_KNR_LOC_Skim.omx,IVTT_DDOT,EA
KNR_LOC_IVTT_SMART,EA_KNR_LOC_Skim.omx,IVTT_SMART,EA
KNR_LOC_IVTT_AAATA,EA_KNR_LOC_Skim.omx,IVTT_AAATA,EA
KNR_LOC_IVTT_UMT,EA_KNR_LOC_Skim.omx,IVTT_UMT,EA
KNR_LOC_IVTT_BWAT,EA_KNR_LOC_Skim.omx,IVTT_BWAT,EA
KNR_LOC_IVTT_LET,EA_KNR_LOC_Skim.omx,IVTT_LET,EA
KNR_PRM_IVTT_DDOT,EA_KNR_PRM_Skim.omx,IVTT_DDOT,EA
KNR_PRM_IVTT_SMART,EA_KNR_PRM_Skim.omx,IVTT_SMART,EA
KNR_PRM_IVTT_AAATA,EA_KNR_PRM_Skim.omx,IVTT_AAATA,EA
KNR_PRM_IVTT_UMT,EA_KNR_PRM_Skim.omx,IVTT_UMT,EA
KNR_PRM_IVTT_BWAT,EA_KNR_PRM_Skim.omx,IVTT_BWAT,EA
KNR_PRM_IVTT_LET,EA_KNR_PRM_Skim.omx,IVTT_LET,EA
KNR_MIX_IVTT_DDOT,EA_KNR_MIX_Skim.omx,IVTT_DDOT,EA
KNR_MIX_IVTT_SMART,EA_KNR_MIX_Skim.omx,IVTT_SMART,EA
KNR_MIX_IVTT_AAATA,EA_KNR_MIX_Skim.omx,IVTT_AAATA,EA
KNR_MIX_IVTT_UMT,EA_KNR_MIX_Skim.omx,IVTT_UMT,EA
KNR_MIX_IVTT_BWAT,EA_KNR_MIX_Skim.omx,IVTT_BWAT,EA
KNR_MIX_IVTT_LET,EA_KNR_MIX_Skim.omx,IVTT_LET,EA
PNRE_LOC_IVTT_DDOT,EA_DRVE_LOC_Skim.omx,IVTT_DDOT,EA
PNRE_LOC_IVTT_SMART,EA_DRVE_LOC_Skim.omx,IVTT_SMART,EA
PNRE_LOC_IVTT_AAATA,EA_DRVE_LOC_Skim.omx,IVTT_AAATA,EA
PNRE_LOC_IVTT_UMT,EA_DRVE_LOC_Skim.omx,IVTT_UMT,EA
PNRE_LOC_IVTT_BWAT,EA_DRVE_LOC_Skim.omx,IVTT_BWAT,EA
PNRE_LOC_IVTT_LET,EA_DRVE_LOC_Skim.omx,IVTT_LET,EA
PNRE_PRM_IVTT_DDOT,EA_DRVE_PRM_Skim.omx,IVTT_DDOT,EA
PNRE_PRM_IVTT_SMART,EA_DRVE_PRM_Skim.omx,IVTT_SMART,EA
PNRE_PRM_IVTT_AAATA,EA_DRVE_PRM_Skim.omx,IVTT_AAATA,EA
PNRE_PRM_IVTT_UMT,EA_DRVE_PRM_Skim.omx,IVTT_UMT,EA
PNRE_PRM_IVTT_BWAT,EA_DRVE_PRM_Skim.omx,IVTT_BWAT,EA
PNRE_PRM_IVTT_LET,EA_DRVE_PRM_Skim.omx,IVTT_LET,EA
PNRE_MIX_IVTT_DDOT,EA_DRVE_MIX_Skim.omx,IVTT_DDOT,EA
PNRE_MIX_IVTT_SMART,EA_DRVE_MIX_Skim.omx,IVTT_SMART,EA
PNRE_MIX_IVTT_AAATA,EA_DRVE_MIX_Skim.omx,IVTT_AAATA,EA
PNRE_MIX_IVTT_UMT,EA_DRVE_MIX_Skim.omx,IVTT_UMT,EA
PNRE_MIX_IVTT_BWAT,EA_DRVE_MIX_Skim.omx,IVTT_BWAT,EA
PNRE_MIX_IVTT_LET,EA_DRVE_MIX_Skim.omx,IVTT_LET,EA
PNRE_LOC_IVTT_DDOT,AM_DRVE_LOC_Skim.omx,IVTT_DDOT,AM
PNRE_LOC_IVTT_SMART,AM_DRVE_LOC_Skim.omx,IVTT_SMART,AM
PNRE_LOC_IVTT_AAATA,AM_DRVE_LOC_Skim.omx,IVTT_AAATA,AM
PNRE_LOC_IVTT_UMT,AM_DRVE_LOC_Skim.omx,IVTT_UMT,AM
PNRE_LOC_IVTT_BWAT,AM_DRVE_LOC_Skim.omx,IVTT_BWAT,AM
PNRE_LOC_IVTT_LET,AM_DRVE_LOC_Skim.omx,IVTT_LET,AM
PNRE_PRM_IVTT_DDOT,AM_DRVE_PRM_Skim.omx,IVTT_DDOT,AM
PNRE_PRM_IVTT_SMART,AM_DRVE_PRM_Skim.omx,IVTT_SMART,AM
PNRE_PRM_IVTT_AAATA,AM_DRVE_PRM_Skim.omx,IVTT_AAATA,AM
PNRE_PRM_IVTT_UMT,AM_DRVE_PRM_Skim.omx,IVTT_UMT,AM
PNRE_PRM_IVTT_BWAT,AM_DRVE_PRM_Skim.omx,IVTT_BWAT,AM
PNRE_PRM_IVTT_LET,AM_DRVE_PRM_Skim.omx,IVTT_LET,AM
PNRE_MIX_IVTT_DDOT,AM_DRVE_MIX_Skim.omx,IVTT_DDOT,AM
PNRE_MIX_IVTT_SMART,AM_DRVE_MIX_Skim.omx,IVTT_SMART,AM
PNRE_MIX_IVTT_AAATA,AM_DRVE_MIX_Skim.omx,IVTT_AAATA,AM
PNRE_MIX_IVTT_UMT,AM_DRVE_MIX_Skim.omx,IVTT_UMT,AM
PNRE_MIX_IVTT_BWAT,AM_DRVE_MIX_Skim.omx,IVTT_BWAT,AM
PNRE_MIX_IVTT_LET,AM_DRVE_MIX_Skim.omx,IVTT_LET,AM
PNRE_LOC_IVTT_DDOT,MD_DRVE_LOC_Skim.omx,IVTT_DDOT,MD
PNRE_LOC_IVTT_SMART,MD_DRVE_LOC_Skim.omx,IVTT_SMART,MD
PNRE_LOC_IVTT_AAATA,MD_DRVE_LOC_Skim.omx,IVTT_AAATA,MD
PNRE_LOC_IVTT_UMT,MD_DRVE_LOC_Skim.omx,IVTT_UMT,MD
PNRE_LOC_IVTT_BWAT,MD_DRVE_LOC_Skim.omx,IVTT_BWAT,MD
PNRE_LOC_IVTT_LET,MD_DRVE_LOC_Skim.omx,IVTT_LET,MD
PNRE_PRM_IVTT_DDOT,MD_DRVE_PRM_Skim.omx,IVTT_DDOT,MD
PNRE_PRM_IVTT_SMART,MD_DRVE_PRM_Skim.omx,IVTT_SMART,MD
PNRE_PRM_IVTT_AAATA,MD_DRVE_PRM_Skim.omx,IVTT_AAATA,MD
PNRE_PRM_IVTT_UMT,MD_DRVE_PRM_Skim.omx,IVTT_UMT,MD
PNRE_PRM_IVTT_BWAT,MD_DRVE_PRM_Skim.omx,IVTT_BWAT,MD
PNRE_PRM_IVTT_LET,MD_DRVE_PRM_Skim.omx,IVTT_LET,MD
PNRE_MIX_IVTT_DDOT,MD_DRVE_MIX_Skim.omx,IVTT_DDOT,MD
PNRE_MIX_IVTT_SMART,MD_DRVE_MIX_Skim.omx,IVTT_SMART,MD
PNRE_MIX_IVTT_AAATA,MD_DRVE_MIX_Skim.omx,IVTT_AAATA,MD
PNRE_MIX_IVTT_UMT,MD_DRVE_MIX_Skim.omx,IVTT_UMT,MD
PNRE_MIX_IVTT_BWAT,MD_DRVE_MIX_Skim.omx,IVTT_BWAT,MD
PNRE_MIX_IVTT_LET,MD_DRVE_MIX_Skim.omx,IVTT_LET,MD
PNRE_LOC_IVTT_DDOT,PM_DRVE_LOC_Skim.omx,IVTT_DDOT,PM
PNRE_LOC_IVTT_SMART,PM_DRVE_LOC_Skim.omx,IVTT_SMART,PM
PNRE_LOC_IVTT_AAATA,PM_DRVE_LOC_Skim.omx,IVTT_AAATA,PM
PNRE_LOC_IVTT_UMT,PM_DRVE_LOC_Skim.omx,IVTT_UMT,PM
PNRE_LOC_IVTT_BWAT,PM_DRVE_LOC_Skim.omx,IVTT_BWAT,PM
PNRE_LOC_IVTT_LET,PM_DRVE_LOC_Skim.omx,IVTT_LET,PM
PNRE_PRM_IVTT_DDOT,PM_DRVE_PRM_Skim.omx,IVTT_DDOT,PM
PNRE_PRM_IVTT_SMART,PM_DRVE_PRM_Skim.omx,IVTT_SMART,PM
PNRE_PRM_IVTT_AAATA,PM_DRVE_PRM_Skim.omx,IVTT_AAATA,PM
PNRE_PRM_IVTT_UMT,PM_DRVE_PRM_Skim.omx,IVTT_UMT,PM
PNRE_PRM_IVTT_BWAT,PM_DRVE_PRM_Skim.omx,IVTT_BWAT,PM
PNRE_PRM_IVTT_LET,PM_DRVE_PRM_Skim.omx,IVTT_LET,PM
PNRE_MIX_IVTT_DDOT,PM_DRVE_MIX_Skim.omx,IVTT_DDOT,PM
PNRE_MIX_IVTT_SMART,PM_DRVE_MIX_Skim.omx,IVTT_SMART,PM
PNRE_MIX_IVTT_AAATA,PM_DRVE_MIX_Skim.omx,IVTT_AAATA,PM
PNRE_MIX_IVTT_UMT,PM_DRVE_MIX_Skim.omx,IVTT_UMT,PM
PNRE_MIX_IVTT_BWAT,PM_DRVE_MIX_Skim.omx,IVTT_BWAT,PM
PNRE_MIX_IVTT_LET,PM_DRVE_MIX_Skim.omx,IVTT_LET,PM
PNRE_LOC_IVTT_DDOT,EV_DRVE_LOC_Skim.omx,IVTT_DDOT,EV
PNRE_LOC_IVTT_SMART,EV_DRVE_LOC_Skim.omx,IVTT_SMART,EV
PNRE_LOC_IVTT_AAATA,EV_DRVE_LOC_Skim.omx,IVTT_AAATA,EV
PNRE_LOC_IVTT_UMT,EV_DRVE_LOC_Skim.omx,IVTT_UMT,EV
PNRE_LOC_IVTT_BWAT,EV_DRVE_LOC_Skim.omx,IVTT_BWAT,EV
PNRE_LOC_IVTT_LET,EV_DRVE_LOC_Skim.omx,IVTT_LET,EV
PNRE_PRM_IVTT_DDOT,EV_DRVE_PRM_Skim.omx,IVTT_DDOT,EV
PNRE_PRM_IVTT_SMART,EV_DRVE_PRM_Skim.omx,IVTT_SMART,EV
PNRE_PRM_IVTT_AAATA,EV_DRVE_PRM_Skim.omx,IVTT_AAATA,EV
PNRE_PRM_IVTT_UMT,EV_DRVE_PRM_Skim.omx,IVTT_UMT,EV
PNRE_PRM_IVTT_BWAT,EV_DRVE_PRM_Skim.omx,IVTT_BWAT,EV
PNRE_PRM_IVTT_LET,EV_DRVE_PRM_Skim.omx,IVTT_LET,EV
PNRE_MIX_IVTT_DDOT,EV_DRVE_MIX_Skim.omx,IVTT_DDOT,EV
PNRE_MIX_IVTT_SMART,EV_DRVE_MIX_Skim.omx,IVTT_SMART,EV
PNRE_MIX_IVTT_AAATA,EV_DRVE_MIX_Skim.omx,IVTT_AAATA,EV
PNRE_MIX_IVTT_UMT,EV_DRVE_MIX_Skim.omx,IVTT_UMT,EV
PNRE_MIX_IVTT_BWAT,EV_DRVE_MIX_Skim.omx,IVTT_BWAT,EV
PNRE_MIX_IVTT_LET,EV_DRVE_MIX_Skim.omx,IVTT_LET,EV
KNRE_LOC_IVTT_DDOT,EA_KNRE_LOC_Skim.omx,IVTT_DDOT,EA
KNRE_LOC_IVTT_SMART,EA_KNRE_LOC_Skim.omx,IVTT_SMART,EA
KNRE_LOC_IVTT_AAATA,EA_KNRE_LOC_Skim.omx,IVTT_AAATA,EA
KNRE_LOC_IVTT_UMT,EA_KNRE_LOC_Skim.omx,IVTT_UMT,EA
KNRE_LOC_IVTT_BWAT,EA_KNRE_LOC_Skim.omx,IVTT_BWAT,EA
KNRE_LOC_IVTT_LET,EA_KNRE_LOC_Skim.omx,IVTT_LET,EA
KNRE_PRM_IVTT_DDOT,EA_KNRE_PRM_Skim.omx,IVTT_DDOT,EA
KNRE_PRM_IVTT_SMART,EA_KNRE_PRM_Skim.omx,IVTT_SMART,EA
KNRE_PRM_IVTT_AAATA,EA_KNRE_PRM_Skim.omx,IVTT_AAATA,EA
KNRE_PRM_IVTT_UMT,EA_KNRE_PRM_Skim.omx,IVTT_UMT,EA
KNRE_PRM_IVTT_BWAT,EA_KNRE_PRM_Skim.omx,IVTT_BWAT,EA
KNRE_PRM_IVTT_LET,EA_KNRE_PRM_Skim.omx,IVTT_LET,EA
KNRE_MIX_IVTT_DDOT,EA_KNRE_MIX_Skim.omx,IVTT_DDOT,EA
KNRE_MIX_IVTT_SMART,EA_KNRE_MIX_Skim.omx,IVTT_SMART,EA
KNRE_MIX_IVTT_AAATA,EA_KNRE_MIX_Skim.omx,IVTT_AAATA,EA
KNRE_MIX_IVTT_UMT,EA_KNRE_MIX_Skim.omx,IVTT_UMT,EA
KNRE_MIX_IVTT_BWAT,EA_KNRE_MIX_Skim.omx,IVTT_BWAT,EA
KNRE_MIX_IVTT_LET,EA_KNRE_MIX_Skim.omx,IVTT_LET,EA
KNRE_LOC_IVTT_DDOT,AM_KNRE_LOC_Skim.omx,IVTT_DDOT,AM
KNRE_LOC_IVTT_SMART,AM_KNRE_LOC_Skim.omx,IVTT_SMART,AM
KNRE_LOC_IVTT_AAATA,AM_KNRE_LOC_Skim.omx,IVTT_AAATA,AM
KNRE_LOC_IVTT_UMT,AM_KNRE_LOC_Skim.omx,IVTT_UMT,AM
KNRE_LOC_IVTT_BWAT,AM_KNRE_LOC_Skim.omx,IVTT_BWAT,AM
KNRE_LOC_IVTT_LET,AM_KNRE_LOC_Skim.omx,IVTT_LET,AM
KNRE_PRM_IVTT_DDOT,AM_KNRE_PRM_Skim.omx,IVTT_DDOT,AM
KNRE_PRM_IVTT_SMART,AM_KNRE_PRM_Skim.omx,IVTT_SMART,AM
KNRE_PRM_IVTT_AAATA,AM_KNRE_PRM_Skim.omx,IVTT_AAATA,AM
KNRE_PRM_IVTT_UMT,AM_KNRE_PRM_Skim.omx,IVTT_UMT,AM
KNRE_PRM_IVTT_BWAT,AM_KNRE_PRM_Skim.omx,IVTT_BWAT,AM
KNRE_PRM_IVTT_LET,AM_KNRE_PRM_Skim.omx,IVTT_LET,AM
KNRE_MIX_IVTT_DDOT,AM_KNRE_MIX_Skim.omx,IVTT_DDOT,AM
KNRE_MIX_IVTT_SMART,AM_KNRE_MIX_Skim.omx,IVTT_SMART,AM
KNRE_MIX_IVTT_AAATA,AM_KNRE_MIX_Skim.omx,IVTT_AAATA,AM
KNRE_MIX_IVTT_UMT,AM_KNRE_MIX_Skim.omx,IVTT_UMT,AM
KNRE_MIX_IVTT_BWAT,AM_KNRE_MIX_Skim.omx,IVTT_BWAT,AM
KNRE_MIX_IVTT_LET,AM_KNRE_MIX_Skim.omx,IVTT_LET,AM
KNRE_LOC_IVTT_DDOT,MD_KNRE_LOC_Skim.omx,IVTT_DDOT,MD
KNRE_LOC_IVTT_SMART,MD_KNRE_LOC_Skim.omx,IVTT_SMART,MD
KNRE_LOC_IVTT_AAATA,MD_KNRE_LOC_Skim.omx,IVTT_AAATA,MD
KNRE_LOC_IVTT_UMT,MD_KNRE_LOC_Skim.omx,IVTT_UMT,MD
KNRE_LOC_IVTT_BWAT,MD_KNRE_LOC_Skim.omx,IVTT_BWAT,MD
KNRE_LOC_IVTT_LET,MD_KNRE_LOC_Skim.omx,IVTT_LET,MD
KNRE_PRM_IVTT_DDOT,MD_KNRE_PRM_Skim.omx,IVTT_DDOT,MD
KNRE_PRM_IVTT_SMART,MD_KNRE_PRM_Skim.omx,IVTT_SMART,MD
KNRE_PRM_IVTT_AAATA,MD_KNRE_PRM_Skim.omx,IVTT_AAATA,MD
KNRE_PRM_IVTT_UMT,MD_KNRE_PRM_Skim.omx,IVTT_UMT,MD
KNRE_PRM_IVTT_BWAT,MD_KNRE_PRM_Skim.omx,IVTT_BWAT,MD
KNRE_PRM_IVTT_LET,MD_KNRE_PRM_Skim.omx,IVTT_LET,MD
KNRE_MIX_IVTT_DDOT,MD_KNRE_MIX_Skim.omx,IVTT_DDOT,MD
KNRE_MIX_IVTT_SMART,MD_KNRE_MIX_Skim.omx,IVTT_SMART,MD
KNRE_MIX_IVTT_AAATA,MD_KNRE_MIX_Skim.omx,IVTT_AAATA,MD
KNRE_MIX_IVTT_UMT,MD_KNRE_MIX_Skim.omx,IVTT_UMT,MD
KNRE_MIX_IVTT_BWAT,MD_KNRE_MIX_Skim.omx,IVTT_BWAT,MD
KNRE_MIX_IVTT_LET,MD_KNRE_MIX_Skim.omx,IVTT_LET,MD
KNRE_LOC_IVTT_DDOT,PM_KNRE_LOC_Skim.omx,IVTT_DDOT,PM
KNRE_LOC_IVTT_SMART,PM_KNRE_LOC_Skim.omx,IVTT_SMART,PM
KNRE_LOC_IVTT_AAATA,PM_KNRE_LOC_Skim.omx,IVTT_AAATA,PM
KNRE_LOC_IVTT_UMT,PM_KNRE_LOC_Skim.omx,IVTT_UMT,PM
KNRE_LOC_IVTT_BWAT,PM_KNRE_LOC_Skim.omx,IVTT_BWAT,PM
KNRE_LOC_IVTT_LET,PM_KNRE_LOC_Skim.omx,IVTT_LET,PM
KNRE_PRM_IVTT_DDOT,PM_KNRE_PRM_Skim.omx,IVTT_DDOT,PM
KNRE_PRM_IVTT_SMART,PM_KNRE_PRM_Skim.omx,IVTT_SMART,PM
KNRE_PRM_IVTT_AAATA,PM_KNRE_PRM_Skim.omx,IVTT_AAATA,PM
KNRE_PRM_IVTT_UMT,PM_KNRE_PRM_Skim.omx,IVTT_UMT,PM
KNRE_PRM_IVTT_BWAT,PM_KNRE_PRM_Skim.omx,IVTT_BWAT,PM
KNRE_PRM_IVTT_LET,PM_KNRE_PRM_Skim.omx,IVTT_LET,PM
KNRE_MIX_IVTT_DDOT,PM_KNRE_MIX_Skim.omx,IVTT_DDOT,PM
KNRE_MIX_IVTT_SMART,PM_KNRE_MIX_Skim.omx,IVTT_SMART,PM
KNRE_MIX_IVTT_AAATA,PM_KNRE_MIX_Skim.omx,IVTT_AAATA,PM
KNRE_MIX_IVTT_UMT,PM_KNRE_MIX_Skim.omx,IVTT_UMT,PM
KNRE_MIX_IVTT_BWAT,PM_KNRE_MIX_Skim.omx,IVTT_BWAT,PM
KNRE_MIX_IVTT_LET,PM_KNRE_MIX_Skim.omx,IVTT_LET,PM
KNRE_LOC_IVTT_DDOT,EV_KNRE_LOC_Skim.omx,IVTT_DDOT,EV
KNRE_LOC_IVTT_SMART,EV_KNRE_LOC_Skim.omx,IVTT_SMART,EV
KNRE_LOC_IVTT_AAATA,EV_KNRE_LOC_Skim.omx,IVTT_AAATA,EV
KNRE_LOC_IVTT_UMT,EV_KNRE_LOC_Skim.omx,IVTT_UMT,EV
KNRE_LOC_IVTT_BWAT,EV_KNRE_LOC_Skim.omx,IVTT_BWAT,EV
KNRE_LOC_IVTT_LET,EV_KNRE_LOC_Skim.omx,IVTT_LET,EV
KNRE_PRM_IVTT_DDOT,EV_KNRE_PRM_Skim.omx,IVTT_DDOT,EV
KNRE_PRM_IVTT_SMART,EV_KNRE_PRM_Skim.omx,IVTT_SMART,EV
KNRE_PRM_IVTT_AAATA,EV_KNRE_PRM_Skim.omx,IVTT_AAATA,EV
KNRE_PRM_IVTT_UMT,EV_KNRE_PRM_Skim.omx,IVTT_UMT,EV
KNRE_PRM_IVTT_BWAT,EV_KNRE_PRM_Skim.omx,IVTT_BWAT,EV
KNRE_PRM_IVTT_LET,EV_KNRE_PRM_Skim.omx,IVTT_LET,EV
KNRE_MIX_IVTT_DDOT,EV_KNRE_MIX_Skim.omx,IVTT_DDOT,EV
KNRE_MIX_IVTT_SMART,EV_KNRE_MIX_Skim.omx,IVTT_SMART,EV
KNRE_MIX_IVTT_AAATA,EV_KNRE_MIX_Skim.omx,IVTT_AAATA,EV
KNRE_MIX_IVTT_UMT,EV_KNRE_MIX_Skim.omx,IVTT_UMT,EV
KNRE_MIX_IVTT_BWAT,EV_KNRE_MIX_Skim.omx,IVTT_BWAT,EV
KNRE_MIX_IVTT_LET,EV_KNRE_MIX_Skim.omx,IVTT_LET,EV
