GEO_ID,TractID,CensusTract,County,State,Census_HH,Census_A0,Census_A1,Census_A2,Census_A3,Census_A4
1400000US26001000100,26001000100,Census Tract 1, Alcona County, Michigan,892,26,338,419,92,17
1400000US26001970100,26001970100,Census Tract 9701, Alcona County, Michigan,1129,63,381,473,172,40
1400000US26001970400,26001970400,Census Tract 9704, Alcona County, Michigan,1249,47,461,509,173,59
1400000US26001970500,26001970500,Census Tract 9705, Alcona County, Michigan,1010,28,425,403,98,56
1400000US26001970600,26001970600,Census Tract 9706, Alcona County, Michigan,699,22,273,265,115,24
1400000US26001990000,26001990000,Census Tract 9900, Alcona County, Michigan,0,0,0,0,0,0
1400000US26003000100,26003000100,Census Tract 1, Alger County, Michigan,1320,85,544,499,161,31
1400000US26003000200,26003000200,Census Tract 2, Alger County, Michigan,1110,71,359,483,121,76
1400000US26003000300,26003000300,Census Tract 3, Alger County, Michigan,814,46,198,350,191,29
1400000US26003990000,26003990000,Census Tract 9900, Alger County, Michigan,0,0,0,0,0,0
1400000US26005030200,26005030200,Census Tract 302, Allegan County, Michigan,1300,26,287,539,298,150
1400000US26005030300,26005030300,Census Tract 303, Allegan County, Michigan,2648,47,505,1258,610,228
1400000US26005030401,26005030401,Census Tract 304.01, Allegan County, Michigan,2585,16,599,1159,462,349
1400000US26005030402,26005030402,Census Tract 304.02, Allegan County, Michigan,1766,60,214,1059,305,128
1400000US26005030500,26005030500,Census Tract 305, Allegan County, Michigan,2702,170,748,1117,371,296
1400000US26005030600,26005030600,Census Tract 306, Allegan County, Michigan,1832,56,370,883,302,221
1400000US26005030702,26005030702,Census Tract 307.02, Allegan County, Michigan,1710,27,260,887,291,245
1400000US26005030703,26005030703,Census Tract 307.03, Allegan County, Michigan,1036,70,309,471,128,58
1400000US26005030704,26005030704,Census Tract 307.04, Allegan County, Michigan,1656,88,431,727,279,131
1400000US26005030800,26005030800,Census Tract 308, Allegan County, Michigan,2274,62,668,1107,317,120
1400000US26005030901,26005030901,Census Tract 309.01, Allegan County, Michigan,1197,28,300,602,185,82
1400000US26005030902,26005030902,Census Tract 309.02, Allegan County, Michigan,1041,23,299,476,187,56
1400000US26005031000,26005031000,Census Tract 310, Allegan County, Michigan,2030,189,700,706,243,192
1400000US26005031100,26005031100,Census Tract 311, Allegan County, Michigan,2662,93,811,1104,456,198
1400000US26005031200,26005031200,Census Tract 312, Allegan County, Michigan,2009,143,554,851,216,245
1400000US26005031300,26005031300,Census Tract 313, Allegan County, Michigan,1769,30,448,788,342,161
1400000US26005031800,26005031800,Census Tract 318, Allegan County, Michigan,1864,111,635,676,301,141
1400000US26005031900,26005031900,Census Tract 319, Allegan County, Michigan,1913,160,615,765,301,72
1400000US26005032000,26005032000,Census Tract 320, Allegan County, Michigan,2088,97,803,722,392,74
1400000US26005032100,26005032100,Census Tract 321, Allegan County, Michigan,1735,27,380,939,247,142
1400000US26005032200,26005032200,Census Tract 322, Allegan County, Michigan,1987,123,822,752,181,109
1400000US26005032401,26005032401,Census Tract 324.01, Allegan County, Michigan,617,26,267,247,40,37
1400000US26005032402,26005032402,Census Tract 324.02, Allegan County, Michigan,1424,73,305,605,292,149
1400000US26005032600,26005032600,Census Tract 326, Allegan County, Michigan,711,10,316,295,33,57
1400000US26005990000,26005990000,Census Tract 9900, Allegan County, Michigan,0,0,0,0,0,0
1400000US26007000100,26007000100,Census Tract 1, Alpena County, Michigan,1895,84,522,808,308,173
1400000US26007000200,26007000200,Census Tract 2, Alpena County, Michigan,1707,61,444,762,287,153
1400000US26007000300,26007000300,Census Tract 3, Alpena County, Michigan,1470,47,483,636,241,63
1400000US26007000400,26007000400,Census Tract 4, Alpena County, Michigan,1345,205,600,419,96,25
1400000US26007000500,26007000500,Census Tract 5, Alpena County, Michigan,909,91,510,218,65,25
1400000US26007000600,26007000600,Census Tract 6, Alpena County, Michigan,1370,143,472,608,78,69
1400000US26007000700,26007000700,Census Tract 7, Alpena County, Michigan,1364,157,519,477,116,95
1400000US26007000800,26007000800,Census Tract 8, Alpena County, Michigan,1451,131,549,647,121,3
1400000US26007000900,26007000900,Census Tract 9, Alpena County, Michigan,1278,75,448,518,167,70
1400000US26007990000,26007990000,Census Tract 9900, Alpena County, Michigan,0,0,0,0,0,0
1400000US26009960100,26009960100,Census Tract 9601, Antrim County, Michigan,1097,26,341,453,212,65
1400000US26009960200,26009960200,Census Tract 9602, Antrim County, Michigan,1300,50,347,605,212,86
1400000US26009960300,26009960300,Census Tract 9603, Antrim County, Michigan,1223,47,394,551,158,73
1400000US26009960400,26009960400,Census Tract 9604, Antrim County, Michigan,1386,86,364,644,231,61
1400000US26009960500,26009960500,Census Tract 9605, Antrim County, Michigan,1358,14,319,667,254,104
1400000US26009960600,26009960600,Census Tract 9606, Antrim County, Michigan,1541,42,582,686,170,61
1400000US26009960700,26009960700,Census Tract 9607, Antrim County, Michigan,1827,120,560,709,302,136
1400000US26009990000,26009990000,Census Tract 9900, Antrim County, Michigan,0,0,0,0,0,0
1400000US26011970100,26011970100,Census Tract 9701, Arenac County, Michigan,1039,26,334,439,198,42
1400000US26011970200,26011970200,Census Tract 9702, Arenac County, Michigan,1318,99,415,510,221,73
1400000US26011970300,26011970300,Census Tract 9703, Arenac County, Michigan,1139,56,391,472,150,70
1400000US26011970400,26011970400,Census Tract 9704, Arenac County, Michigan,1372,90,534,535,148,65
1400000US26011970500,26011970500,Census Tract 9705, Arenac County, Michigan,1795,123,721,640,219,92
1400000US26011990000,26011990000,Census Tract 9900, Arenac County, Michigan,0,0,0,0,0,0
1400000US26011990100,26011990100,Census Tract 9901, Arenac County, Michigan,0,0,0,0,0,0
1400000US26013000100,26013000100,Census Tract 1, Baraga County, Michigan,1820,106,624,796,234,60
1400000US26013000200,26013000200,Census Tract 2, Baraga County, Michigan,1189,74,398,480,166,71
1400000US26013990100,26013990100,Census Tract 9901, Baraga County, Michigan,0,0,0,0,0,0
1400000US26015010100,26015010100,Census Tract 101, Barry County, Michigan,2295,129,619,984,402,161
1400000US26015010200,26015010200,Census Tract 102, Barry County, Michigan,2042,51,416,901,444,230
1400000US26015010300,26015010300,Census Tract 103, Barry County, Michigan,2908,73,686,1383,406,360
1400000US26015010401,26015010401,Census Tract 104.01, Barry County, Michigan,1413,69,366,514,344,120
1400000US26015010402,26015010402,Census Tract 104.02, Barry County, Michigan,1758,35,395,827,372,129
1400000US26015010500,26015010500,Census Tract 105, Barry County, Michigan,1271,7,246,668,235,115
1400000US26015010600,26015010600,Census Tract 106, Barry County, Michigan,3018,158,837,1225,573,225
1400000US26015010700,26015010700,Census Tract 107, Barry County, Michigan,2045,102,479,862,336,266
1400000US26015010800,26015010800,Census Tract 108, Barry County, Michigan,1310,56,325,394,306,229
1400000US26015011300,26015011300,Census Tract 113, Barry County, Michigan,3043,174,1111,1221,409,128
1400000US26015011400,26015011400,Census Tract 114, Barry County, Michigan,2436,146,738,1021,361,170
1400000US26017280300,26017280300,Census Tract 2803, Bay County, Michigan,593,170,243,148,19,13
1400000US26017280400,26017280400,Census Tract 2804, Bay County, Michigan,1249,193,512,452,70,22
1400000US26017280500,26017280500,Census Tract 2805, Bay County, Michigan,1466,78,510,610,231,37
1400000US26017280600,26017280600,Census Tract 2806, Bay County, Michigan,1114,126,429,418,110,31
1400000US26017280700,26017280700,Census Tract 2807, Bay County, Michigan,1400,383,430,500,72,15
1400000US26017280800,26017280800,Census Tract 2808, Bay County, Michigan,1472,76,622,583,139,52
1400000US26017280900,26017280900,Census Tract 2809, Bay County, Michigan,1174,160,476,384,136,18
1400000US26017281000,26017281000,Census Tract 2810, Bay County, Michigan,1662,169,621,696,125,51
1400000US26017281300,26017281300,Census Tract 2813, Bay County, Michigan,1328,39,642,506,101,40
1400000US26017285100,26017285100,Census Tract 2851, Bay County, Michigan,1401,77,468,659,149,48
1400000US26017285201,26017285201,Census Tract 2852.01, Bay County, Michigan,2730,486,1032,825,279,108
1400000US26017285202,26017285202,Census Tract 2852.02, Bay County, Michigan,1420,56,425,630,206,103
1400000US26017285300,26017285300,Census Tract 2853, Bay County, Michigan,1927,46,623,709,419,130
1400000US26017285400,26017285400,Census Tract 2854, Bay County, Michigan,1463,77,426,632,210,118
1400000US26017285500,26017285500,Census Tract 2855, Bay County, Michigan,2855,197,864,1198,437,159
1400000US26017285600,26017285600,Census Tract 2856, Bay County, Michigan,2842,182,855,1114,489,202
1400000US26017285700,26017285700,Census Tract 2857, Bay County, Michigan,1584,26,557,630,247,124
1400000US26017285800,26017285800,Census Tract 2858, Bay County, Michigan,2516,241,871,829,416,159
1400000US26017285900,26017285900,Census Tract 2859, Bay County, Michigan,2062,200,895,768,109,90
1400000US26017286000,26017286000,Census Tract 2860, Bay County, Michigan,1207,54,325,482,179,167
1400000US26017286100,26017286100,Census Tract 2861, Bay County, Michigan,3056,42,705,1401,608,300
1400000US26017286200,26017286200,Census Tract 2862, Bay County, Michigan,2200,83,580,973,478,86
1400000US26017286300,26017286300,Census Tract 2863, Bay County, Michigan,1541,72,547,608,164,150
1400000US26017286400,26017286400,Census Tract 2864, Bay County, Michigan,999,26,224,406,226,117
1400000US26017286500,26017286500,Census Tract 2865, Bay County, Michigan,765,157,365,169,43,31
1400000US26017286600,26017286600,Census Tract 2866, Bay County, Michigan,2044,202,867,721,149,105
1400000US26017990000,26017990000,Census Tract 9900, Bay County, Michigan,0,0,0,0,0,0
1400000US26019000100,26019000100,Census Tract 1, Benzie County, Michigan,2792,100,924,1089,455,224
1400000US26019000200,26019000200,Census Tract 2, Benzie County, Michigan,1290,31,397,594,165,103
1400000US26019000300,26019000300,Census Tract 3, Benzie County, Michigan,801,37,306,327,101,30
1400000US26019000400,26019000400,Census Tract 4, Benzie County, Michigan,903,65,338,334,104,62
1400000US26019000500,26019000500,Census Tract 5, Benzie County, Michigan,1125,49,328,488,206,54
1400000US26019990000,26019990000,Census Tract 9900, Benzie County, Michigan,0,0,0,0,0,0
1400000US26021000300,26021000300,Census Tract 3, Berrien County, Michigan,804,178,306,230,44,46
1400000US26021000400,26021000400,Census Tract 4, Berrien County, Michigan,1120,485,442,145,34,14
1400000US26021000500,26021000500,Census Tract 5, Berrien County, Michigan,573,162,219,148,3,41
1400000US26021000600,26021000600,Census Tract 6, Berrien County, Michigan,1392,236,671,383,88,14
1400000US26021000700,26021000700,Census Tract 7, Berrien County, Michigan,1265,38,531,472,180,44
1400000US26021000800,26021000800,Census Tract 8, Berrien County, Michigan,2617,253,1234,795,239,96
1400000US26021000900,26021000900,Census Tract 9, Berrien County, Michigan,1010,32,551,303,99,25
1400000US26021001000,26021001000,Census Tract 10, Berrien County, Michigan,836,24,295,404,86,27
1400000US26021001100,26021001100,Census Tract 11, Berrien County, Michigan,1599,49,313,930,170,137
1400000US26021001300,26021001300,Census Tract 13, Berrien County, Michigan,953,56,280,408,154,55
1400000US26021001400,26021001400,Census Tract 14, Berrien County, Michigan,1705,76,500,736,297,96
1400000US26021001500,26021001500,Census Tract 15, Berrien County, Michigan,1523,38,632,634,170,49
1400000US26021001600,26021001600,Census Tract 16, Berrien County, Michigan,935,20,260,456,144,55
1400000US26021001700,26021001700,Census Tract 17, Berrien County, Michigan,1797,73,370,974,267,113
1400000US26021001800,26021001800,Census Tract 18, Berrien County, Michigan,1604,38,282,706,412,166
1400000US26021001900,26021001900,Census Tract 19, Berrien County, Michigan,788,56,211,350,116,55
1400000US26021002000,26021002000,Census Tract 20, Berrien County, Michigan,1611,247,816,394,118,36
1400000US26021002100,26021002100,Census Tract 21, Berrien County, Michigan,927,151,444,246,43,43
1400000US26021002200,26021002200,Census Tract 22, Berrien County, Michigan,1042,466,352,177,47,0
1400000US26021002300,26021002300,Census Tract 23, Berrien County, Michigan,783,123,329,250,54,27
1400000US26021002400,26021002400,Census Tract 24, Berrien County, Michigan,763,48,233,284,125,73
1400000US26021002500,26021002500,Census Tract 25, Berrien County, Michigan,934,85,407,284,136,22
1400000US26021010100,26021010100,Census Tract 101, Berrien County, Michigan,1549,62,450,589,311,137
1400000US26021010200,26021010200,Census Tract 102, Berrien County, Michigan,2669,69,923,1143,383,151
1400000US26021010300,26021010300,Census Tract 103, Berrien County, Michigan,2054,156,866,771,172,89
1400000US26021010400,26021010400,Census Tract 104, Berrien County, Michigan,1114,54,272,429,257,102
1400000US26021010500,26021010500,Census Tract 105, Berrien County, Michigan,838,21,209,334,149,125
1400000US26021010600,26021010600,Census Tract 106, Berrien County, Michigan,1723,56,369,738,434,126
1400000US26021011000,26021011000,Census Tract 110, Berrien County, Michigan,1191,24,390,512,201,64
1400000US26021011100,26021011100,Census Tract 111, Berrien County, Michigan,2375,238,813,910,320,94
1400000US26021011200,26021011200,Census Tract 112, Berrien County, Michigan,1427,48,475,514,276,114
1400000US26021011300,26021011300,Census Tract 113, Berrien County, Michigan,1952,111,761,803,221,56
1400000US26021011400,26021011400,Census Tract 114, Berrien County, Michigan,1069,37,340,474,139,79
1400000US26021011500,26021011500,Census Tract 115, Berrien County, Michigan,565,31,157,222,114,41
1400000US26021011600,26021011600,Census Tract 116, Berrien County, Michigan,803,18,203,381,127,74
1400000US26021020100,26021020100,Census Tract 201, Berrien County, Michigan,1014,27,303,429,176,79
1400000US26021020200,26021020200,Census Tract 202, Berrien County, Michigan,2262,286,864,754,315,43
1400000US26021020300,26021020300,Census Tract 203, Berrien County, Michigan,1108,26,209,541,241,91
1400000US26021020400,26021020400,Census Tract 204, Berrien County, Michigan,1504,77,307,664,292,164
1400000US26021020500,26021020500,Census Tract 205, Berrien County, Michigan,1193,204,620,298,53,18
1400000US26021020600,26021020600,Census Tract 206, Berrien County, Michigan,1407,112,613,516,135,31
1400000US26021020700,26021020700,Census Tract 207, Berrien County, Michigan,1214,268,385,471,47,43
1400000US26021020900,26021020900,Census Tract 209, Berrien County, Michigan,1411,140,677,439,86,69
1400000US26021021000,26021021000,Census Tract 210, Berrien County, Michigan,2006,44,740,930,176,116
1400000US26021021100,26021021100,Census Tract 211, Berrien County, Michigan,769,33,241,326,120,49
1400000US26021021200,26021021200,Census Tract 212, Berrien County, Michigan,669,56,280,239,56,38
1400000US26021021300,26021021300,Census Tract 213, Berrien County, Michigan,1124,83,489,416,108,28
1400000US26021021400,26021021400,Census Tract 214, Berrien County, Michigan,1444,99,541,406,240,158
1400000US26021990000,26021990000,Census Tract 9900, Berrien County, Michigan,0,0,0,0,0,0
1400000US26023950100,26023950100,Census Tract 9501, Branch County, Michigan,1505,60,433,616,297,99
1400000US26023950200,26023950200,Census Tract 9502, Branch County, Michigan,1389,30,486,612,210,51
1400000US26023950300,26023950300,Census Tract 9503, Branch County, Michigan,1489,36,386,692,236,139
1400000US26023950800,26023950800,Census Tract 9508, Branch County, Michigan,1505,195,385,586,209,130
1400000US26023950900,26023950900,Census Tract 9509, Branch County, Michigan,899,48,252,373,165,61
1400000US26023951000,26023951000,Census Tract 9510, Branch County, Michigan,1100,20,280,589,136,75
1400000US26023951100,26023951100,Census Tract 9511, Branch County, Michigan,1289,28,330,591,249,91
1400000US26023951200,26023951200,Census Tract 9512, Branch County, Michigan,1673,102,585,634,257,95
1400000US26023951300,26023951300,Census Tract 9513, Branch County, Michigan,1405,65,509,608,177,46
1400000US26023951400,26023951400,Census Tract 9514, Branch County, Michigan,1515,157,521,602,171,64
1400000US26023951500,26023951500,Census Tract 9515, Branch County, Michigan,1221,67,521,477,135,21
1400000US26023951600,26023951600,Census Tract 9516, Branch County, Michigan,1425,207,652,450,93,23
1400000US26025000200,26025000200,Census Tract 2, Calhoun County, Michigan,1353,250,702,268,97,36
1400000US26025000300,26025000300,Census Tract 3, Calhoun County, Michigan,857,271,446,132,8,0
1400000US26025000500,26025000500,Census Tract 5, Calhoun County, Michigan,1061,130,491,343,77,20
1400000US26025000600,26025000600,Census Tract 6, Calhoun County, Michigan,963,180,506,201,62,14
1400000US26025000700,26025000700,Census Tract 7, Calhoun County, Michigan,905,50,494,281,70,10
1400000US26025000800,26025000800,Census Tract 8, Calhoun County, Michigan,1167,68,672,304,64,59
1400000US26025000900,26025000900,Census Tract 9, Calhoun County, Michigan,1497,243,506,504,222,22
1400000US26025001000,26025001000,Census Tract 10, Calhoun County, Michigan,1612,290,720,491,86,25
1400000US26025001100,26025001100,Census Tract 11, Calhoun County, Michigan,1826,365,741,597,96,27
1400000US26025001200,26025001200,Census Tract 12, Calhoun County, Michigan,1143,71,526,334,160,52
1400000US26025001300,26025001300,Census Tract 13, Calhoun County, Michigan,1527,165,673,561,110,18
1400000US26025001400,26025001400,Census Tract 14, Calhoun County, Michigan,1699,195,644,646,135,79
1400000US26025001500,26025001500,Census Tract 15, Calhoun County, Michigan,2131,85,593,795,419,239
1400000US26025001600,26025001600,Census Tract 16, Calhoun County, Michigan,1052,8,303,552,86,103
1400000US26025001700,26025001700,Census Tract 17, Calhoun County, Michigan,1761,81,593,774,211,102
1400000US26025001800,26025001800,Census Tract 18, Calhoun County, Michigan,2771,185,1252,894,392,48
1400000US26025001900,26025001900,Census Tract 19, Calhoun County, Michigan,1562,86,310,721,268,177
1400000US26025002000,26025002000,Census Tract 20, Calhoun County, Michigan,2340,137,799,1073,198,133
1400000US26025002100,26025002100,Census Tract 21, Calhoun County, Michigan,488,68,238,134,43,5
1400000US26025002200,26025002200,Census Tract 22, Calhoun County, Michigan,1291,6,404,565,227,89
1400000US26025002300,26025002300,Census Tract 23, Calhoun County, Michigan,1595,129,455,688,236,87
1400000US26025002400,26025002400,Census Tract 24, Calhoun County, Michigan,1140,8,425,526,143,38
1400000US26025002500,26025002500,Census Tract 25, Calhoun County, Michigan,1604,17,328,729,321,209
1400000US26025002600,26025002600,Census Tract 26, Calhoun County, Michigan,792,143,430,196,19,4
1400000US26025002700,26025002700,Census Tract 27, Calhoun County, Michigan,2381,59,416,1290,446,170
1400000US26025002800,26025002800,Census Tract 28, Calhoun County, Michigan,1621,62,355,736,336,132
1400000US26025002900,26025002900,Census Tract 29, Calhoun County, Michigan,1230,56,352,558,158,106
1400000US26025003000,26025003000,Census Tract 30, Calhoun County, Michigan,797,12,177,342,197,69
1400000US26025003100,26025003100,Census Tract 31, Calhoun County, Michigan,1148,75,388,457,123,105
1400000US26025003200,26025003200,Census Tract 32, Calhoun County, Michigan,861,23,248,387,162,41
1400000US26025003300,26025003300,Census Tract 33, Calhoun County, Michigan,838,105,424,235,60,14
1400000US26025003400,26025003400,Census Tract 34, Calhoun County, Michigan,601,49,282,187,66,17
1400000US26025003500,26025003500,Census Tract 35, Calhoun County, Michigan,891,63,397,360,44,27
1400000US26025003600,26025003600,Census Tract 36, Calhoun County, Michigan,944,232,485,199,7,21
1400000US26025003700,26025003700,Census Tract 37, Calhoun County, Michigan,1782,28,500,785,305,164
1400000US26025003800,26025003800,Census Tract 38, Calhoun County, Michigan,1593,39,321,582,430,221
1400000US26025003900,26025003900,Census Tract 39, Calhoun County, Michigan,1943,82,749,852,242,18
1400000US26025004000,26025004000,Census Tract 40, Calhoun County, Michigan,1901,264,820,553,218,46
1400000US26025004100,26025004100,Census Tract 41, Calhoun County, Michigan,860,196,438,179,47,0
1400000US26027001000,26027001000,Census Tract 10, Cass County, Michigan,1517,12,426,637,316,126
1400000US26027001100,26027001100,Census Tract 11, Cass County, Michigan,1057,43,245,421,250,98
1400000US26027001200,26027001200,Census Tract 12, Cass County, Michigan,1261,25,343,691,127,75
1400000US26027001500,26027001500,Census Tract 15, Cass County, Michigan,1713,49,554,716,288,106
1400000US26027001600,26027001600,Census Tract 16, Cass County, Michigan,1487,48,415,655,229,140
1400000US26027001700,26027001700,Census Tract 17, Cass County, Michigan,2096,50,642,923,310,171
1400000US26027001800,26027001800,Census Tract 18, Cass County, Michigan,3064,126,641,1290,656,351
1400000US26027001900,26027001900,Census Tract 19, Cass County, Michigan,2027,63,771,757,373,63
1400000US26027002000,26027002000,Census Tract 20, Cass County, Michigan,1682,41,644,656,228,113
1400000US26027002100,26027002100,Census Tract 21, Cass County, Michigan,2262,247,886,698,341,90
1400000US26027002200,26027002200,Census Tract 22, Cass County, Michigan,2520,211,813,817,576,103
1400000US26029000100,26029000100,Census Tract 1, Charlevoix County, Michigan,723,29,189,303,151,51
1400000US26029000200,26029000200,Census Tract 2, Charlevoix County, Michigan,570,18,188,244,82,38
1400000US26029000300,26029000300,Census Tract 3, Charlevoix County, Michigan,1035,8,295,489,167,76
1400000US26029000400,26029000400,Census Tract 4, Charlevoix County, Michigan,1096,16,291,517,187,85
1400000US26029000500,26029000500,Census Tract 5, Charlevoix County, Michigan,280,5,110,108,46,11
1400000US26029000800,26029000800,Census Tract 8, Charlevoix County, Michigan,1228,52,302,518,220,136
1400000US26029000900,26029000900,Census Tract 9, Charlevoix County, Michigan,857,22,215,438,127,55
1400000US26029001000,26029001000,Census Tract 10, Charlevoix County, Michigan,918,31,267,364,174,82
1400000US26029001100,26029001100,Census Tract 11, Charlevoix County, Michigan,812,92,297,293,105,25
1400000US26029001200,26029001200,Census Tract 12, Charlevoix County, Michigan,1199,51,376,492,221,59
1400000US26029001300,26029001300,Census Tract 13, Charlevoix County, Michigan,706,70,281,282,58,15
1400000US26029001400,26029001400,Census Tract 14, Charlevoix County, Michigan,497,20,223,165,49,40
1400000US26029001500,26029001500,Census Tract 15, Charlevoix County, Michigan,1313,147,667,392,94,13
1400000US26029990000,26029990000,Census Tract 9900, Charlevoix County, Michigan,0,0,0,0,0,0
1400000US26031960100,26031960100,Census Tract 9601, Cheboygan County, Michigan,1347,72,506,504,187,78
1400000US26031960200,26031960200,Census Tract 9602, Cheboygan County, Michigan,1214,138,499,420,129,28
1400000US26031960300,26031960300,Census Tract 9603, Cheboygan County, Michigan,1930,228,645,731,237,89
1400000US26031960400,26031960400,Census Tract 9604, Cheboygan County, Michigan,1692,48,487,875,217,65
1400000US26031960500,26031960500,Census Tract 9605, Cheboygan County, Michigan,1115,12,417,450,172,64
1400000US26031960600,26031960600,Census Tract 9606, Cheboygan County, Michigan,1166,19,380,564,156,47
1400000US26031960700,26031960700,Census Tract 9607, Cheboygan County, Michigan,1406,48,502,616,187,53
1400000US26031960800,26031960800,Census Tract 9608, Cheboygan County, Michigan,1478,43,456,614,235,130
1400000US26031990000,26031990000,Census Tract 9900, Cheboygan County, Michigan,0,0,0,0,0,0
1400000US26033970100,26033970100,Census Tract 9701, Chippewa County, Michigan,1246,25,252,606,255,108
1400000US26033970200,26033970200,Census Tract 9702, Chippewa County, Michigan,1335,129,630,441,103,32
1400000US26033970300,26033970300,Census Tract 9703, Chippewa County, Michigan,1505,299,627,410,137,32
1400000US26033970400,26033970400,Census Tract 9704, Chippewa County, Michigan,1070,131,428,375,114,22
1400000US26033970500,26033970500,Census Tract 9705, Chippewa County, Michigan,1671,240,701,593,91,46
1400000US26033970600,26033970600,Census Tract 9706, Chippewa County, Michigan,1996,77,671,837,284,127
1400000US26033970700,26033970700,Census Tract 9707, Chippewa County, Michigan,437,29,189,147,53,19
1400000US26033970800,26033970800,Census Tract 9708, Chippewa County, Michigan,1526,63,412,644,324,83
1400000US26033970900,26033970900,Census Tract 9709, Chippewa County, Michigan,1087,79,480,410,64,54
1400000US26033971000,26033971000,Census Tract 9710, Chippewa County, Michigan,1308,54,379,594,193,88
1400000US26033971100,26033971100,Census Tract 9711, Chippewa County, Michigan,823,49,262,345,128,39
1400000US26033980100,26033980100,Census Tract 9801, Chippewa County, Michigan,0,0,0,0,0,0
1400000US26033980200,26033980200,Census Tract 9802, Chippewa County, Michigan,0,0,0,0,0,0
1400000US26033980300,26033980300,Census Tract 9803, Chippewa County, Michigan,0,0,0,0,0,0
1400000US26033990000,26033990000,Census Tract 9900, Chippewa County, Michigan,0,0,0,0,0,0
1400000US26033990100,26033990100,Census Tract 9901, Chippewa County, Michigan,0,0,0,0,0,0
1400000US26035000100,26035000100,Census Tract 1, Clare County, Michigan,738,43,225,328,101,41
1400000US26035000200,26035000200,Census Tract 2, Clare County, Michigan,560,32,135,246,116,31
1400000US26035000300,26035000300,Census Tract 3, Clare County, Michigan,1048,54,465,420,101,8
1400000US26035000400,26035000400,Census Tract 4, Clare County, Michigan,1457,95,500,533,219,110
1400000US26035000500,26035000500,Census Tract 5, Clare County, Michigan,609,72,212,190,96,39
1400000US26035000600,26035000600,Census Tract 6, Clare County, Michigan,1739,256,629,632,181,41
1400000US26035000700,26035000700,Census Tract 7, Clare County, Michigan,1338,70,366,582,210,110
1400000US26035000800,26035000800,Census Tract 8, Clare County, Michigan,1592,205,380,614,270,123
1400000US26035000900,26035000900,Census Tract 9, Clare County, Michigan,735,44,400,210,57,24
1400000US26035001000,26035001000,Census Tract 10, Clare County, Michigan,1147,88,434,433,137,55
1400000US26035001300,26035001300,Census Tract 13, Clare County, Michigan,1763,215,749,568,176,55
1400000US26037010104,26037010104,Census Tract 101.04, Clinton County, Michigan,1384,57,493,614,157,63
1400000US26037010105,26037010105,Census Tract 101.05, Clinton County, Michigan,1309,9,325,665,232,78
1400000US26037010107,26037010107,Census Tract 101.07, Clinton County, Michigan,1527,17,417,771,238,84
1400000US26037010108,26037010108,Census Tract 101.08, Clinton County, Michigan,1520,19,330,781,221,169
1400000US26037010201,26037010201,Census Tract 102.01, Clinton County, Michigan,967,16,342,448,118,43
1400000US26037010203,26037010203,Census Tract 102.03, Clinton County, Michigan,601,114,236,182,30,39
1400000US26037010204,26037010204,Census Tract 102.04, Clinton County, Michigan,621,18,155,253,112,83
1400000US26037010300,26037010300,Census Tract 103, Clinton County, Michigan,1825,7,448,726,423,221
1400000US26037010400,26037010400,Census Tract 104, Clinton County, Michigan,1883,0,345,824,477,237
1400000US26037010500,26037010500,Census Tract 105, Clinton County, Michigan,1268,11,236,510,309,202
1400000US26037010600,26037010600,Census Tract 106, Clinton County, Michigan,929,27,219,334,192,157
1400000US26037010701,26037010701,Census Tract 107.01, Clinton County, Michigan,815,0,140,368,249,58
1400000US26037010702,26037010702,Census Tract 107.02, Clinton County, Michigan,890,34,274,262,227,93
1400000US26037010801,26037010801,Census Tract 108.01, Clinton County, Michigan,1593,90,635,648,187,33
1400000US26037010802,26037010802,Census Tract 108.02, Clinton County, Michigan,1533,124,542,693,111,63
1400000US26037010901,26037010901,Census Tract 109.01, Clinton County, Michigan,1099,72,377,437,146,67
1400000US26037010902,26037010902,Census Tract 109.02, Clinton County, Michigan,1655,17,229,738,429,242
1400000US26037011001,26037011001,Census Tract 110.01, Clinton County, Michigan,1405,55,412,490,249,199
1400000US26037011002,26037011002,Census Tract 110.02, Clinton County, Michigan,1309,14,250,466,425,154
1400000US26037011101,26037011101,Census Tract 111.01, Clinton County, Michigan,1687,55,344,816,337,135
1400000US26037011104,26037011104,Census Tract 111.04, Clinton County, Michigan,2529,32,936,1132,237,192
1400000US26037011200,26037011200,Census Tract 112, Clinton County, Michigan,814,42,334,213,70,155
1400000US26039960100,26039960100,Census Tract 9601, Crawford County, Michigan,967,42,336,400,120,69
1400000US26039960200,26039960200,Census Tract 9602, Crawford County, Michigan,1380,116,411,603,201,49
1400000US26039960300,26039960300,Census Tract 9603, Crawford County, Michigan,1577,157,611,502,281,26
1400000US26039960400,26039960400,Census Tract 9604, Crawford County, Michigan,1052,55,375,383,181,58
1400000US26039960500,26039960500,Census Tract 9605, Crawford County, Michigan,1049,79,366,320,216,68
1400000US26041970100,26041970100,Census Tract 9701, Delta County, Michigan,752,28,238,325,90,71
1400000US26041970200,26041970200,Census Tract 9702, Delta County, Michigan,1045,22,302,504,166,51
1400000US26041970300,26041970300,Census Tract 9703, Delta County, Michigan,974,23,239,458,169,85
1400000US26041970400,26041970400,Census Tract 9704, Delta County, Michigan,2222,63,541,1208,263,147
1400000US26041970500,26041970500,Census Tract 9705, Delta County, Michigan,1725,68,330,934,279,114
1400000US26041970600,26041970600,Census Tract 9706, Delta County, Michigan,1652,144,549,630,251,78
1400000US26041970700,26041970700,Census Tract 9707, Delta County, Michigan,1626,26,370,780,359,91
1400000US26041970800,26041970800,Census Tract 9708, Delta County, Michigan,1898,271,776,667,139,45
1400000US26041970900,26041970900,Census Tract 9709, Delta County, Michigan,1281,247,474,469,69,22
1400000US26041971000,26041971000,Census Tract 9710, Delta County, Michigan,1225,225,567,328,90,15
1400000US26041971100,26041971100,Census Tract 9711, Delta County, Michigan,1520,63,649,643,129,36
1400000US26041990000,26041990000,Census Tract 9900, Delta County, Michigan,0,0,0,0,0,0
1400000US26041990100,26041990100,Census Tract 9901, Delta County, Michigan,0,0,0,0,0,0
1400000US26043950100,26043950100,Census Tract 9501, Dickinson County, Michigan,736,67,213,298,103,55
1400000US26043950200,26043950200,Census Tract 9502, Dickinson County, Michigan,1770,36,469,834,299,132
1400000US26043950300,26043950300,Census Tract 9503, Dickinson County, Michigan,2170,66,985,808,188,123
1400000US26043950400,26043950400,Census Tract 9504, Dickinson County, Michigan,1964,252,755,589,227,141
1400000US26043950500,26043950500,Census Tract 9505, Dickinson County, Michigan,1254,151,480,412,163,48
1400000US26043950600,26043950600,Census Tract 9506, Dickinson County, Michigan,1907,209,648,815,178,57
1400000US26043950700,26043950700,Census Tract 9507, Dickinson County, Michigan,1468,56,574,596,143,99
1400000US26045020101,26045020101,Census Tract 201.01, Eaton County, Michigan,1057,9,186,543,251,68
1400000US26045020102,26045020102,Census Tract 201.02, Eaton County, Michigan,1790,222,850,640,71,7
1400000US26045020103,26045020103,Census Tract 201.03, Eaton County, Michigan,1719,104,599,646,287,83
1400000US26045020104,26045020104,Census Tract 201.04, Eaton County, Michigan,1520,76,568,624,185,67
1400000US26045020201,26045020201,Census Tract 202.01, Eaton County, Michigan,1184,94,433,449,170,38
1400000US26045020202,26045020202,Census Tract 202.02, Eaton County, Michigan,1794,226,901,473,161,33
1400000US26045020302,26045020302,Census Tract 203.02, Eaton County, Michigan,2411,24,660,1201,443,83
1400000US26045020303,26045020303,Census Tract 203.03, Eaton County, Michigan,1748,37,855,753,77,26
1400000US26045020304,26045020304,Census Tract 203.04, Eaton County, Michigan,2488,150,1426,766,72,74
1400000US26045020402,26045020402,Census Tract 204.02, Eaton County, Michigan,1205,47,222,533,306,97
1400000US26045020403,26045020403,Census Tract 204.03, Eaton County, Michigan,1180,98,484,477,104,17
1400000US26045020404,26045020404,Census Tract 204.04, Eaton County, Michigan,2028,213,682,839,264,30
1400000US26045020500,26045020500,Census Tract 205, Eaton County, Michigan,1390,21,237,728,248,156
1400000US26045020601,26045020601,Census Tract 206.01, Eaton County, Michigan,1467,85,417,631,227,107
1400000US26045020602,26045020602,Census Tract 206.02, Eaton County, Michigan,1378,35,256,585,391,111
1400000US26045020700,26045020700,Census Tract 207, Eaton County, Michigan,1495,57,343,619,304,172
1400000US26045020800,26045020800,Census Tract 208, Eaton County, Michigan,1894,48,500,761,366,219
1400000US26045020901,26045020901,Census Tract 209.01, Eaton County, Michigan,1338,124,483,486,231,14
1400000US26045020902,26045020902,Census Tract 209.02, Eaton County, Michigan,1712,123,609,798,145,37
1400000US26045021001,26045021001,Census Tract 210.01, Eaton County, Michigan,1679,64,492,621,346,156
1400000US26045021002,26045021002,Census Tract 210.02, Eaton County, Michigan,1574,80,366,557,324,247
1400000US26045021100,26045021100,Census Tract 211, Eaton County, Michigan,1763,57,376,792,365,173
1400000US26045021201,26045021201,Census Tract 212.01, Eaton County, Michigan,1151,27,171,569,228,156
1400000US26045021202,26045021202,Census Tract 212.02, Eaton County, Michigan,1349,38,301,438,373,199
1400000US26045021301,26045021301,Census Tract 213.01, Eaton County, Michigan,1161,50,495,431,153,32
1400000US26045021302,26045021302,Census Tract 213.02, Eaton County, Michigan,1283,81,460,503,192,47
1400000US26045021401,26045021401,Census Tract 214.01, Eaton County, Michigan,1651,57,625,675,242,52
1400000US26045021402,26045021402,Census Tract 214.02, Eaton County, Michigan,1914,53,480,790,402,189
1400000US26047970100,26047970100,Census Tract 9701, Emmet County, Michigan,1011,21,346,444,140,60
1400000US26047970200,26047970200,Census Tract 9702, Emmet County, Michigan,2280,53,653,937,428,209
1400000US26047970300,26047970300,Census Tract 9703, Emmet County, Michigan,1932,35,569,901,294,133
1400000US26047970400,26047970400,Census Tract 9704, Emmet County, Michigan,1239,71,481,502,163,22
1400000US26047970500,26047970500,Census Tract 9705, Emmet County, Michigan,1885,81,473,828,320,183
1400000US26047970600,26047970600,Census Tract 9706, Emmet County, Michigan,2075,95,470,957,373,180
1400000US26047970700,26047970700,Census Tract 9707, Emmet County, Michigan,1887,156,838,655,143,95
1400000US26047970800,26047970800,Census Tract 9708, Emmet County, Michigan,2187,306,1095,662,92,32
1400000US26047990000,26047990000,Census Tract 9900, Emmet County, Michigan,0,0,0,0,0,0
1400000US26049000100,26049000100,Census Tract 1, Genesee County, Michigan,1105,288,475,196,131,15
1400000US26049000200,26049000200,Census Tract 2, Genesee County, Michigan,661,202,299,120,5,35
1400000US26049000300,26049000300,Census Tract 3, Genesee County, Michigan,1278,323,684,218,31,22
1400000US26049000400,26049000400,Census Tract 4, Genesee County, Michigan,579,132,244,140,63,0
1400000US26049000500,26049000500,Census Tract 5, Genesee County, Michigan,756,66,407,225,32,26
1400000US26049000600,26049000600,Census Tract 6, Genesee County, Michigan,646,101,331,194,12,8
1400000US26049000700,26049000700,Census Tract 7, Genesee County, Michigan,975,217,551,168,32,7
1400000US26049000800,26049000800,Census Tract 8, Genesee County, Michigan,443,74,238,120,11,0
1400000US26049000900,26049000900,Census Tract 9, Genesee County, Michigan,1074,189,457,294,86,48
1400000US26049001000,26049001000,Census Tract 10, Genesee County, Michigan,878,241,440,103,76,18
1400000US26049001100,26049001100,Census Tract 11, Genesee County, Michigan,705,77,470,133,25,0
1400000US26049001200,26049001200,Census Tract 12, Genesee County, Michigan,1312,172,658,355,118,9
1400000US26049001300,26049001300,Census Tract 13, Genesee County, Michigan,1097,155,450,330,150,12
1400000US26049001400,26049001400,Census Tract 14, Genesee County, Michigan,484,76,264,107,13,24
1400000US26049001500,26049001500,Census Tract 15, Genesee County, Michigan,382,57,226,67,23,9
1400000US26049001600,26049001600,Census Tract 16, Genesee County, Michigan,2055,367,1099,490,50,49
1400000US26049001700,26049001700,Census Tract 17, Genesee County, Michigan,686,165,373,110,19,19
1400000US26049001800,26049001800,Census Tract 18, Genesee County, Michigan,699,160,406,74,59,0
1400000US26049001900,26049001900,Census Tract 19, Genesee County, Michigan,1075,273,516,208,49,29
1400000US26049002000,26049002000,Census Tract 20, Genesee County, Michigan,432,88,217,109,12,6
1400000US26049002200,26049002200,Census Tract 22, Genesee County, Michigan,815,204,354,192,65,0
1400000US26049002300,26049002300,Census Tract 23, Genesee County, Michigan,672,101,321,192,37,21
1400000US26049002400,26049002400,Census Tract 24, Genesee County, Michigan,1366,268,658,380,27,33
1400000US26049002600,26049002600,Census Tract 26, Genesee County, Michigan,1145,225,416,386,61,57
1400000US26049002700,26049002700,Census Tract 27, Genesee County, Michigan,1465,103,721,511,92,38
1400000US26049002800,26049002800,Census Tract 28, Genesee County, Michigan,684,158,247,188,59,32
1400000US26049002900,26049002900,Census Tract 29, Genesee County, Michigan,1282,520,617,127,9,9
1400000US26049003000,26049003000,Census Tract 30, Genesee County, Michigan,1771,94,830,677,161,9
1400000US26049003100,26049003100,Census Tract 31, Genesee County, Michigan,1070,246,500,237,54,33
1400000US26049003200,26049003200,Census Tract 32, Genesee County, Michigan,954,226,502,194,32,0
1400000US26049003300,26049003300,Census Tract 33, Genesee County, Michigan,838,99,293,311,103,32
1400000US26049003400,26049003400,Census Tract 34, Genesee County, Michigan,716,338,244,134,0,0
1400000US26049003500,26049003500,Census Tract 35, Genesee County, Michigan,1374,151,633,446,132,12
1400000US26049003600,26049003600,Census Tract 36, Genesee County, Michigan,2225,113,1029,772,311,0
1400000US26049003700,26049003700,Census Tract 37, Genesee County, Michigan,1137,242,479,351,25,40
1400000US26049003800,26049003800,Census Tract 38, Genesee County, Michigan,559,164,280,89,26,0
1400000US26049004000,26049004000,Census Tract 40, Genesee County, Michigan,1481,272,736,450,11,12
1400000US26049010110,26049010110,Census Tract 101.10, Genesee County, Michigan,1321,159,658,401,78,25
1400000US26049010111,26049010111,Census Tract 101.11, Genesee County, Michigan,485,0,177,179,88,41
1400000US26049010112,26049010112,Census Tract 101.12, Genesee County, Michigan,991,10,249,426,179,127
1400000US26049010113,26049010113,Census Tract 101.13, Genesee County, Michigan,1029,69,396,363,155,46
1400000US26049010114,26049010114,Census Tract 101.14, Genesee County, Michigan,1008,50,250,418,226,64
1400000US26049010115,26049010115,Census Tract 101.15, Genesee County, Michigan,325,9,94,149,16,57
1400000US26049010201,26049010201,Census Tract 102.01, Genesee County, Michigan,649,5,172,280,160,32
1400000US26049010202,26049010202,Census Tract 102.02, Genesee County, Michigan,646,19,114,263,143,107
1400000US26049010304,26049010304,Census Tract 103.04, Genesee County, Michigan,1313,196,708,345,45,19
1400000US26049010305,26049010305,Census Tract 103.05, Genesee County, Michigan,1788,261,866,476,134,51
1400000US26049010501,26049010501,Census Tract 105.01, Genesee County, Michigan,987,135,540,247,65,0
1400000US26049010502,26049010502,Census Tract 105.02, Genesee County, Michigan,1646,113,787,561,96,89
1400000US26049010503,26049010503,Census Tract 105.03, Genesee County, Michigan,918,20,247,425,154,72
1400000US26049010504,26049010504,Census Tract 105.04, Genesee County, Michigan,1699,144,571,735,174,75
1400000US26049010603,26049010603,Census Tract 106.03, Genesee County, Michigan,2392,75,1138,752,278,149
1400000US26049010604,26049010604,Census Tract 106.04, Genesee County, Michigan,1049,10,371,431,140,97
1400000US26049010610,26049010610,Census Tract 106.10, Genesee County, Michigan,1903,81,302,961,346,213
1400000US26049010700,26049010700,Census Tract 107, Genesee County, Michigan,1870,53,345,876,419,177
1400000US26049010810,26049010810,Census Tract 108.10, Genesee County, Michigan,1910,51,640,684,412,123
1400000US26049010811,26049010811,Census Tract 108.11, Genesee County, Michigan,899,128,404,225,110,32
1400000US26049010812,26049010812,Census Tract 108.12, Genesee County, Michigan,1272,365,522,289,71,25
1400000US26049010813,26049010813,Census Tract 108.13, Genesee County, Michigan,2121,156,966,739,163,97
1400000US26049010910,26049010910,Census Tract 109.10, Genesee County, Michigan,1344,194,523,477,110,40
1400000US26049010911,26049010911,Census Tract 109.11, Genesee County, Michigan,1746,227,1050,270,151,48
1400000US26049010912,26049010912,Census Tract 109.12, Genesee County, Michigan,1273,162,489,435,134,53
1400000US26049011010,26049011010,Census Tract 110.10, Genesee County, Michigan,2318,74,1036,763,378,67
1400000US26049011101,26049011101,Census Tract 111.01, Genesee County, Michigan,3287,140,839,1535,423,350
1400000US26049011102,26049011102,Census Tract 111.02, Genesee County, Michigan,2508,127,956,1031,311,83
1400000US26049011209,26049011209,Census Tract 112.09, Genesee County, Michigan,2859,144,1211,1153,266,85
1400000US26049011210,26049011210,Census Tract 112.10, Genesee County, Michigan,828,114,313,272,80,49
1400000US26049011211,26049011211,Census Tract 112.11, Genesee County, Michigan,2301,99,808,1072,255,67
1400000US26049011212,26049011212,Census Tract 112.12, Genesee County, Michigan,2265,13,949,899,259,145
1400000US26049011213,26049011213,Census Tract 112.13, Genesee County, Michigan,1812,9,467,848,359,129
1400000US26049011214,26049011214,Census Tract 112.14, Genesee County, Michigan,2225,45,684,1135,235,126
1400000US26049011301,26049011301,Census Tract 113.01, Genesee County, Michigan,2125,322,937,677,163,26
1400000US26049011302,26049011302,Census Tract 113.02, Genesee County, Michigan,1310,78,468,492,237,35
1400000US26049011401,26049011401,Census Tract 114.01, Genesee County, Michigan,1168,52,497,492,82,45
1400000US26049011402,26049011402,Census Tract 114.02, Genesee County, Michigan,1532,31,504,668,158,171
1400000US26049011502,26049011502,Census Tract 115.02, Genesee County, Michigan,1339,114,393,534,232,66
1400000US26049011503,26049011503,Census Tract 115.03, Genesee County, Michigan,1886,47,613,814,291,121
1400000US26049011505,26049011505,Census Tract 115.05, Genesee County, Michigan,928,24,402,325,131,46
1400000US26049011508,26049011508,Census Tract 115.08, Genesee County, Michigan,1375,323,424,386,163,79
1400000US26049011601,26049011601,Census Tract 116.01, Genesee County, Michigan,1178,35,209,474,324,136
1400000US26049011610,26049011610,Census Tract 116.10, Genesee County, Michigan,2867,69,1134,998,304,362
1400000US26049011710,26049011710,Census Tract 117.10, Genesee County, Michigan,1114,185,393,412,69,55
1400000US26049011711,26049011711,Census Tract 117.11, Genesee County, Michigan,1285,273,540,355,100,17
1400000US26049011712,26049011712,Census Tract 117.12, Genesee County, Michigan,1173,118,468,370,163,54
1400000US26049011713,26049011713,Census Tract 117.13, Genesee County, Michigan,2025,196,1166,535,99,29
1400000US26049011714,26049011714,Census Tract 117.14, Genesee County, Michigan,1282,71,351,542,240,78
1400000US26049011800,26049011800,Census Tract 118, Genesee County, Michigan,1244,0,363,554,228,99
1400000US26049011901,26049011901,Census Tract 119.01, Genesee County, Michigan,949,26,184,402,241,96
1400000US26049011902,26049011902,Census Tract 119.02, Genesee County, Michigan,971,10,174,539,155,93
1400000US26049012003,26049012003,Census Tract 120.03, Genesee County, Michigan,1105,70,358,450,194,33
1400000US26049012006,26049012006,Census Tract 120.06, Genesee County, Michigan,1078,94,381,398,144,61
1400000US26049012007,26049012007,Census Tract 120.07, Genesee County, Michigan,590,11,228,215,100,36
1400000US26049012008,26049012008,Census Tract 120.08, Genesee County, Michigan,1143,33,297,565,169,79
1400000US26049012009,26049012009,Census Tract 120.09, Genesee County, Michigan,923,10,240,382,170,121
1400000US26049012100,26049012100,Census Tract 121, Genesee County, Michigan,985,40,371,362,146,66
1400000US26049012201,26049012201,Census Tract 122.01, Genesee County, Michigan,1196,142,554,383,107,10
1400000US26049012202,26049012202,Census Tract 122.02, Genesee County, Michigan,508,87,282,99,32,8
1400000US26049012310,26049012310,Census Tract 123.10, Genesee County, Michigan,1194,224,473,330,137,30
1400000US26049012311,26049012311,Census Tract 123.11, Genesee County, Michigan,667,47,282,207,106,25
1400000US26049012401,26049012401,Census Tract 124.01, Genesee County, Michigan,716,0,149,351,108,108
1400000US26049012402,26049012402,Census Tract 124.02, Genesee County, Michigan,1145,73,318,458,232,64
1400000US26049012501,26049012501,Census Tract 125.01, Genesee County, Michigan,799,13,158,340,193,95
1400000US26049012503,26049012503,Census Tract 125.03, Genesee County, Michigan,1179,71,434,404,192,78
1400000US26049012504,26049012504,Census Tract 125.04, Genesee County, Michigan,744,0,141,324,165,114
1400000US26049012601,26049012601,Census Tract 126.01, Genesee County, Michigan,1101,22,227,544,160,148
1400000US26049012602,26049012602,Census Tract 126.02, Genesee County, Michigan,640,34,292,195,89,30
1400000US26049012603,26049012603,Census Tract 126.03, Genesee County, Michigan,1030,64,245,460,175,86
1400000US26049012702,26049012702,Census Tract 127.02, Genesee County, Michigan,2414,165,986,904,133,226
1400000US26049012703,26049012703,Census Tract 127.03, Genesee County, Michigan,1191,36,289,546,259,61
1400000US26049012704,26049012704,Census Tract 127.04, Genesee County, Michigan,1657,24,400,839,265,129
1400000US26049012801,26049012801,Census Tract 128.01, Genesee County, Michigan,1823,62,325,898,340,198
1400000US26049012802,26049012802,Census Tract 128.02, Genesee County, Michigan,734,15,201,308,124,86
1400000US26049012904,26049012904,Census Tract 129.04, Genesee County, Michigan,2573,17,751,1170,431,204
1400000US26049012905,26049012905,Census Tract 129.05, Genesee County, Michigan,1587,29,625,680,192,61
1400000US26049012906,26049012906,Census Tract 129.06, Genesee County, Michigan,966,5,238,500,155,68
1400000US26049012907,26049012907,Census Tract 129.07, Genesee County, Michigan,813,29,100,378,167,139
1400000US26049013001,26049013001,Census Tract 130.01, Genesee County, Michigan,886,12,135,416,178,145
1400000US26049013002,26049013002,Census Tract 130.02, Genesee County, Michigan,1523,49,261,735,328,150
1400000US26049013110,26049013110,Census Tract 131.10, Genesee County, Michigan,791,3,135,324,198,131
1400000US26049013111,26049013111,Census Tract 131.11, Genesee County, Michigan,1156,9,302,589,156,100
1400000US26049013112,26049013112,Census Tract 131.12, Genesee County, Michigan,1519,34,181,789,334,181
1400000US26049013113,26049013113,Census Tract 131.13, Genesee County, Michigan,1476,75,506,625,192,78
1400000US26049013202,26049013202,Census Tract 132.02, Genesee County, Michigan,2511,158,1140,965,157,91
1400000US26049013204,26049013204,Census Tract 132.04, Genesee County, Michigan,2602,147,1116,903,426,10
1400000US26049013301,26049013301,Census Tract 133.01, Genesee County, Michigan,2579,129,780,1179,341,150
1400000US26049013401,26049013401,Census Tract 134.01, Genesee County, Michigan,2105,40,310,999,458,298
1400000US26049013402,26049013402,Census Tract 134.02, Genesee County, Michigan,671,12,191,283,127,58
1400000US26049013500,26049013500,Census Tract 135, Genesee County, Michigan,2140,262,1302,440,90,46
1400000US26049013600,26049013600,Census Tract 136, Genesee County, Michigan,755,359,263,94,31,8
1400000US26049980000,26049980000,Census Tract 9800, Genesee County, Michigan,9,0,4,5,0,0
1400000US26049980100,26049980100,Census Tract 9801, Genesee County, Michigan,0,0,0,0,0,0
1400000US26051000100,26051000100,Census Tract 1, Gladwin County, Michigan,1369,42,548,615,117,47
1400000US26051000200,26051000200,Census Tract 2, Gladwin County, Michigan,713,17,297,285,89,25
1400000US26051000300,26051000300,Census Tract 3, Gladwin County, Michigan,930,56,368,344,132,30
1400000US26051000400,26051000400,Census Tract 4, Gladwin County, Michigan,1174,160,370,390,157,97
1400000US26051000500,26051000500,Census Tract 5, Gladwin County, Michigan,1500,142,349,650,255,104
1400000US26051000600,26051000600,Census Tract 6, Gladwin County, Michigan,866,43,394,310,84,35
1400000US26051000700,26051000700,Census Tract 7, Gladwin County, Michigan,1886,205,794,626,167,94
1400000US26051000800,26051000800,Census Tract 8, Gladwin County, Michigan,1690,143,625,568,263,91
1400000US26051000900,26051000900,Census Tract 9, Gladwin County, Michigan,862,28,310,338,140,46
1400000US26053950100,26053950100,Census Tract 9501, Gogebic County, Michigan,651,42,259,259,76,15
1400000US26053950200,26053950200,Census Tract 9502, Gogebic County, Michigan,1061,72,376,441,121,51
1400000US26053950300,26053950300,Census Tract 9503, Gogebic County, Michigan,1142,163,398,415,98,68
1400000US26053950400,26053950400,Census Tract 9504, Gogebic County, Michigan,414,10,118,203,52,31
1400000US26053950500,26053950500,Census Tract 9505, Gogebic County, Michigan,1091,195,423,374,65,34
1400000US26053950600,26053950600,Census Tract 9506, Gogebic County, Michigan,1365,106,582,571,84,22
1400000US26053950700,26053950700,Census Tract 9507, Gogebic County, Michigan,936,81,263,370,175,47
1400000US26053990000,26053990000,Census Tract 9900, Gogebic County, Michigan,0,0,0,0,0,0
1400000US26055550101,26055550101,Census Tract 5501.01, Grand Traverse County, Michigan,2468,37,574,1098,638,121
1400000US26055550102,26055550102,Census Tract 5501.02, Grand Traverse County, Michigan,1562,29,503,758,151,121
1400000US26055550200,26055550200,Census Tract 5502, Grand Traverse County, Michigan,1663,27,420,644,407,165
1400000US26055550300,26055550300,Census Tract 5503, Grand Traverse County, Michigan,2283,70,520,878,509,306
1400000US26055550400,26055550400,Census Tract 5504, Grand Traverse County, Michigan,2565,28,593,1241,429,274
1400000US26055550500,26055550500,Census Tract 5505, Grand Traverse County, Michigan,2197,26,670,1098,242,161
1400000US26055550600,26055550600,Census Tract 5506, Grand Traverse County, Michigan,3547,142,1013,1482,660,250
1400000US26055550700,26055550700,Census Tract 5507, Grand Traverse County, Michigan,3740,215,1409,1557,412,147
1400000US26055550800,26055550800,Census Tract 5508, Grand Traverse County, Michigan,2428,81,531,1348,330,138
1400000US26055550900,26055550900,Census Tract 5509, Grand Traverse County, Michigan,2249,0,627,957,559,106
1400000US26055551000,26055551000,Census Tract 5510, Grand Traverse County, Michigan,1890,83,668,874,237,28
1400000US26055551100,26055551100,Census Tract 5511, Grand Traverse County, Michigan,1453,10,508,650,230,55
1400000US26055551200,26055551200,Census Tract 5512, Grand Traverse County, Michigan,1515,189,652,575,94,5
1400000US26055551300,26055551300,Census Tract 5513, Grand Traverse County, Michigan,3563,530,1657,1140,215,21
1400000US26055551400,26055551400,Census Tract 5514, Grand Traverse County, Michigan,2081,156,885,756,175,109
1400000US26055551500,26055551500,Census Tract 5515, Grand Traverse County, Michigan,1315,94,437,618,161,5
1400000US26055990000,26055990000,Census Tract 9900, Grand Traverse County, Michigan,0,0,0,0,0,0
1400000US26057000100,26057000100,Census Tract 1, Gratiot County, Michigan,1518,66,418,591,299,144
1400000US26057000200,26057000200,Census Tract 2, Gratiot County, Michigan,1976,76,422,891,409,178
1400000US26057000300,26057000300,Census Tract 3, Gratiot County, Michigan,1639,204,536,681,144,74
1400000US26057000400,26057000400,Census Tract 4, Gratiot County, Michigan,0,0,0,0,0,0
1400000US26057000500,26057000500,Census Tract 5, Gratiot County, Michigan,2061,340,951,570,181,19
1400000US26057000600,26057000600,Census Tract 6, Gratiot County, Michigan,1644,49,660,682,206,47
1400000US26057000700,26057000700,Census Tract 7, Gratiot County, Michigan,1387,45,388,639,231,84
1400000US26057000800,26057000800,Census Tract 8, Gratiot County, Michigan,1643,39,398,706,331,169
1400000US26057000900,26057000900,Census Tract 9, Gratiot County, Michigan,1352,41,362,527,256,166
1400000US26057001000,26057001000,Census Tract 10, Gratiot County, Michigan,1516,94,532,626,121,143
1400000US26059050100,26059050100,Census Tract 501, Hillsdale County, Michigan,1974,73,473,989,273,166
1400000US26059050200,26059050200,Census Tract 502, Hillsdale County, Michigan,1196,90,282,490,225,109
1400000US26059050300,26059050300,Census Tract 503, Hillsdale County, Michigan,953,62,372,344,146,29
1400000US26059050400,26059050400,Census Tract 504, Hillsdale County, Michigan,1759,115,571,718,206,149
1400000US26059050500,26059050500,Census Tract 505, Hillsdale County, Michigan,1699,123,638,586,224,128
1400000US26059050600,26059050600,Census Tract 506, Hillsdale County, Michigan,1468,45,489,586,249,99
1400000US26059050700,26059050700,Census Tract 507, Hillsdale County, Michigan,1752,466,723,366,110,87
1400000US26059050800,26059050800,Census Tract 508, Hillsdale County, Michigan,798,51,272,394,69,12
1400000US26059050900,26059050900,Census Tract 509, Hillsdale County, Michigan,2020,131,601,897,225,166
1400000US26059051000,26059051000,Census Tract 510, Hillsdale County, Michigan,1694,21,570,710,277,116
1400000US26059051100,26059051100,Census Tract 511, Hillsdale County, Michigan,1434,77,436,578,228,115
1400000US26059051200,26059051200,Census Tract 512, Hillsdale County, Michigan,1149,96,354,389,212,98
1400000US26061000100,26061000100,Census Tract 1, Houghton County, Michigan,976,25,194,476,179,102
1400000US26061000200,26061000200,Census Tract 2, Houghton County, Michigan,1167,72,467,415,141,72
1400000US26061000300,26061000300,Census Tract 3, Houghton County, Michigan,997,226,407,314,39,11
1400000US26061000400,26061000400,Census Tract 4, Houghton County, Michigan,1243,56,426,548,181,32
1400000US26061000500,26061000500,Census Tract 5, Houghton County, Michigan,1255,34,443,484,186,108
1400000US26061000600,26061000600,Census Tract 6, Houghton County, Michigan,1537,200,687,537,49,64
1400000US26061000700,26061000700,Census Tract 7, Houghton County, Michigan,1080,35,285,491,202,67
1400000US26061000800,26061000800,Census Tract 8, Houghton County, Michigan,1829,325,698,533,149,124
1400000US26061000900,26061000900,Census Tract 9, Houghton County, Michigan,1985,161,650,738,311,125
1400000US26061001000,26061001000,Census Tract 10, Houghton County, Michigan,1088,32,299,498,202,57
1400000US26061990000,26061990000,Census Tract 9900, Houghton County, Michigan,0,0,0,0,0,0
1400000US26061990100,26061990100,Census Tract 9901, Houghton County, Michigan,0,0,0,0,0,0
1400000US26063950100,26063950100,Census Tract 9501, Huron County, Michigan,686,41,278,261,76,30
1400000US26063950200,26063950200,Census Tract 9502, Huron County, Michigan,943,13,313,396,148,73
1400000US26063950300,26063950300,Census Tract 9503, Huron County, Michigan,991,29,272,473,153,64
1400000US26063950400,26063950400,Census Tract 9504, Huron County, Michigan,441,24,169,187,41,20
1400000US26063950500,26063950500,Census Tract 9505, Huron County, Michigan,1113,33,440,487,106,47
1400000US26063950600,26063950600,Census Tract 9506, Huron County, Michigan,1108,49,361,424,205,69
1400000US26063950700,26063950700,Census Tract 9507, Huron County, Michigan,1544,121,569,587,196,71
1400000US26063950800,26063950800,Census Tract 9508, Huron County, Michigan,1428,60,392,565,239,172
1400000US26063950900,26063950900,Census Tract 9509, Huron County, Michigan,1480,73,378,614,284,131
1400000US26063951000,26063951000,Census Tract 9510, Huron County, Michigan,1624,184,619,577,160,84
1400000US26063951100,26063951100,Census Tract 9511, Huron County, Michigan,834,28,253,332,160,61
1400000US26063951200,26063951200,Census Tract 9512, Huron County, Michigan,1688,147,595,672,172,102
1400000US26063990000,26063990000,Census Tract 9900, Huron County, Michigan,0,0,0,0,0,0
1400000US26065000100,26065000100,Census Tract 1, Ingham County, Michigan,798,54,337,281,114,12
1400000US26065000400,26065000400,Census Tract 4, Ingham County, Michigan,1108,43,536,401,109,19
1400000US26065000600,26065000600,Census Tract 6, Ingham County, Michigan,844,163,418,214,44,5
1400000US26065000700,26065000700,Census Tract 7, Ingham County, Michigan,875,257,379,138,101,0
1400000US26065000800,26065000800,Census Tract 8, Ingham County, Michigan,1153,205,565,290,74,19
1400000US26065001000,26065001000,Census Tract 10, Ingham County, Michigan,977,50,518,270,76,63
1400000US26065001200,26065001200,Census Tract 12, Ingham County, Michigan,880,111,363,314,68,24
1400000US26065001703,26065001703,Census Tract 17.03, Ingham County, Michigan,2004,259,818,657,186,84
1400000US26065002000,26065002000,Census Tract 20, Ingham County, Michigan,1296,270,642,293,88,3
1400000US26065002101,26065002101,Census Tract 21.01, Ingham County, Michigan,762,132,368,224,27,11
1400000US26065002200,26065002200,Census Tract 22, Ingham County, Michigan,724,35,312,300,64,13
1400000US26065002300,26065002300,Census Tract 23, Ingham County, Michigan,1434,117,618,549,122,28
1400000US26065002600,26065002600,Census Tract 26, Ingham County, Michigan,934,144,375,378,29,8
1400000US26065002700,26065002700,Census Tract 27, Ingham County, Michigan,1321,59,555,514,139,54
1400000US26065002800,26065002800,Census Tract 28, Ingham County, Michigan,1219,87,518,485,120,9
1400000US26065002901,26065002901,Census Tract 29.01, Ingham County, Michigan,1387,77,665,464,132,49
1400000US26065002902,26065002902,Census Tract 29.02, Ingham County, Michigan,2059,132,1006,780,107,34
1400000US26065003103,26065003103,Census Tract 31.03, Ingham County, Michigan,2883,125,1347,1181,176,54
1400000US26065003200,26065003200,Census Tract 32, Ingham County, Michigan,822,124,314,252,70,62
1400000US26065003301,26065003301,Census Tract 33.01, Ingham County, Michigan,1285,136,661,352,84,52
1400000US26065003302,26065003302,Census Tract 33.02, Ingham County, Michigan,1000,26,362,436,124,52
1400000US26065003400,26065003400,Census Tract 34, Ingham County, Michigan,1082,117,441,388,109,27
1400000US26065003500,26065003500,Census Tract 35, Ingham County, Michigan,1351,162,605,461,57,66
1400000US26065003601,26065003601,Census Tract 36.01, Ingham County, Michigan,1264,141,500,344,218,61
1400000US26065003602,26065003602,Census Tract 36.02, Ingham County, Michigan,1311,148,553,419,172,19
1400000US26065003700,26065003700,Census Tract 37, Ingham County, Michigan,2425,586,1073,584,182,0
1400000US26065003801,26065003801,Census Tract 38.01, Ingham County, Michigan,1737,73,651,848,155,10
1400000US26065003802,26065003802,Census Tract 38.02, Ingham County, Michigan,2145,256,935,725,108,121
1400000US26065003901,26065003901,Census Tract 39.01, Ingham County, Michigan,831,108,274,327,97,25
1400000US26065003902,26065003902,Census Tract 39.02, Ingham County, Michigan,1803,311,734,483,251,24
1400000US26065004000,26065004000,Census Tract 40, Ingham County, Michigan,1701,186,688,652,100,75
1400000US26065004100,26065004100,Census Tract 41, Ingham County, Michigan,1285,116,447,291,243,188
1400000US26065004301,26065004301,Census Tract 43.01, Ingham County, Michigan,1882,62,621,647,276,276
1400000US26065004302,26065004302,Census Tract 43.02, Ingham County, Michigan,976,224,372,263,57,60
1400000US26065004402,26065004402,Census Tract 44.02, Ingham County, Michigan,897,404,429,64,0,0
1400000US26065004403,26065004403,Census Tract 44.03, Ingham County, Michigan,531,46,163,222,45,55
1400000US26065004490,26065004490,Census Tract 44.90, Ingham County, Michigan,0,0,0,0,0,0
1400000US26065004491,26065004491,Census Tract 44.91, Ingham County, Michigan,0,0,0,0,0,0
1400000US26065004492,26065004492,Census Tract 44.92, Ingham County, Michigan,0,0,0,0,0,0
1400000US26065004493,26065004493,Census Tract 44.93, Ingham County, Michigan,0,0,0,0,0,0
1400000US26065004494,26065004494,Census Tract 44.94, Ingham County, Michigan,0,0,0,0,0,0
1400000US26065004500,26065004500,Census Tract 45, Ingham County, Michigan,1729,62,761,728,162,16
1400000US26065004600,26065004600,Census Tract 46, Ingham County, Michigan,1893,135,590,848,259,61
1400000US26065004700,26065004700,Census Tract 47, Ingham County, Michigan,1367,236,513,453,155,10
1400000US26065004801,26065004801,Census Tract 48.01, Ingham County, Michigan,2153,276,940,708,207,22
1400000US26065004802,26065004802,Census Tract 48.02, Ingham County, Michigan,1333,32,376,617,210,98
1400000US26065004901,26065004901,Census Tract 49.01, Ingham County, Michigan,3004,38,1098,1514,318,36
1400000US26065004902,26065004902,Census Tract 49.02, Ingham County, Michigan,1960,17,971,700,208,64
1400000US26065005001,26065005001,Census Tract 50.01, Ingham County, Michigan,2801,55,1174,1148,311,113
1400000US26065005002,26065005002,Census Tract 50.02, Ingham County, Michigan,1349,93,143,708,344,61
1400000US26065005100,26065005100,Census Tract 51, Ingham County, Michigan,1277,144,455,513,152,13
1400000US26065005201,26065005201,Census Tract 52.01, Ingham County, Michigan,2346,274,1191,663,191,27
1400000US26065005202,26065005202,Census Tract 52.02, Ingham County, Michigan,1059,24,192,503,198,142
1400000US26065005302,26065005302,Census Tract 53.02, Ingham County, Michigan,2743,41,944,1362,335,61
1400000US26065005303,26065005303,Census Tract 53.03, Ingham County, Michigan,1991,405,1101,375,82,28
1400000US26065005304,26065005304,Census Tract 53.04, Ingham County, Michigan,1291,215,596,358,71,51
1400000US26065005401,26065005401,Census Tract 54.01, Ingham County, Michigan,1539,172,583,584,172,28
1400000US26065005402,26065005402,Census Tract 54.02, Ingham County, Michigan,1881,219,941,602,106,13
1400000US26065005501,26065005501,Census Tract 55.01, Ingham County, Michigan,2272,123,721,885,271,272
1400000US26065005502,26065005502,Census Tract 55.02, Ingham County, Michigan,2446,95,890,1083,284,94
1400000US26065005600,26065005600,Census Tract 56, Ingham County, Michigan,1106,10,226,460,302,108
1400000US26065005700,26065005700,Census Tract 57, Ingham County, Michigan,1993,27,328,941,466,231
1400000US26065005800,26065005800,Census Tract 58, Ingham County, Michigan,2274,56,751,1061,356,50
1400000US26065005900,26065005900,Census Tract 59, Ingham County, Michigan,1989,39,461,789,413,287
1400000US26065006001,26065006001,Census Tract 60.01, Ingham County, Michigan,1229,19,307,506,205,192
1400000US26065006002,26065006002,Census Tract 60.02, Ingham County, Michigan,1406,36,389,495,298,188
1400000US26065006100,26065006100,Census Tract 61, Ingham County, Michigan,1607,63,357,697,345,145
1400000US26065006200,26065006200,Census Tract 62, Ingham County, Michigan,2021,18,354,1051,320,278
1400000US26065006301,26065006301,Census Tract 63.01, Ingham County, Michigan,1673,48,622,740,165,98
1400000US26065006302,26065006302,Census Tract 63.02, Ingham County, Michigan,1747,34,664,832,181,36
1400000US26065006401,26065006401,Census Tract 64.01, Ingham County, Michigan,1463,0,200,769,331,163
1400000US26065006402,26065006402,Census Tract 64.02, Ingham County, Michigan,1084,20,160,543,241,120
1400000US26065006500,26065006500,Census Tract 65, Ingham County, Michigan,1513,166,711,493,109,34
1400000US26065006600,26065006600,Census Tract 66, Ingham County, Michigan,1459,406,794,235,20,4
1400000US26065006700,26065006700,Census Tract 67, Ingham County, Michigan,2059,447,943,531,104,34
1400000US26065006800,26065006800,Census Tract 68, Ingham County, Michigan,1212,86,579,490,45,12
1400000US26065007000,26065007000,Census Tract 70, Ingham County, Michigan,2633,148,1345,926,214,0
1400000US26065980000,26065980000,Census Tract 9800, Ingham County, Michigan,4,0,0,4,0,0
1400000US26065980100,26065980100,Census Tract 9801, Ingham County, Michigan,2,0,0,2,0,0
1400000US26065980200,26065980200,Census Tract 9802, Ingham County, Michigan,0,0,0,0,0,0
1400000US26065980300,26065980300,Census Tract 9803, Ingham County, Michigan,0,0,0,0,0,0
1400000US26067030100,26067030100,Census Tract 301, Ionia County, Michigan,2551,85,703,1048,448,267
1400000US26067030200,26067030200,Census Tract 302, Ionia County, Michigan,975,38,352,445,103,37
1400000US26067030300,26067030300,Census Tract 303, Ionia County, Michigan,1168,168,447,410,73,70
1400000US26067030400,26067030400,Census Tract 304, Ionia County, Michigan,2502,70,649,984,526,273
1400000US26067031200,26067031200,Census Tract 312, Ionia County, Michigan,1968,89,456,846,350,227
1400000US26067031300,26067031300,Census Tract 313, Ionia County, Michigan,3079,95,726,1212,659,387
1400000US26067031400,26067031400,Census Tract 314, Ionia County, Michigan,1721,71,356,774,364,156
1400000US26067031500,26067031500,Census Tract 315, Ionia County, Michigan,2000,29,524,847,402,198
1400000US26067031600,26067031600,Census Tract 316, Ionia County, Michigan,2025,313,637,703,258,114
1400000US26067031700,26067031700,Census Tract 317, Ionia County, Michigan,1582,209,547,484,241,101
1400000US26067031900,26067031900,Census Tract 319, Ionia County, Michigan,2370,80,732,792,524,242
1400000US26067032100,26067032100,Census Tract 321, Ionia County, Michigan,684,39,315,192,112,26
1400000US26067982200,26067982200,Census Tract 9822, Ionia County, Michigan,0,0,0,0,0,0
1400000US26069000100,26069000100,Census Tract 1, Iosco County, Michigan,1126,69,425,485,119,28
1400000US26069000200,26069000200,Census Tract 2, Iosco County, Michigan,1740,62,617,635,305,121
1400000US26069000300,26069000300,Census Tract 3, Iosco County, Michigan,1210,59,462,542,118,29
1400000US26069000400,26069000400,Census Tract 4, Iosco County, Michigan,1505,124,604,576,145,56
1400000US26069000500,26069000500,Census Tract 5, Iosco County, Michigan,1649,147,704,657,96,45
1400000US26069000600,26069000600,Census Tract 6, Iosco County, Michigan,1217,38,433,491,172,83
1400000US26069000700,26069000700,Census Tract 7, Iosco County, Michigan,1238,92,390,535,148,73
1400000US26069000800,26069000800,Census Tract 8, Iosco County, Michigan,811,32,309,362,79,29
1400000US26069000900,26069000900,Census Tract 9, Iosco County, Michigan,961,77,370,364,121,29
1400000US26069990000,26069990000,Census Tract 9900, Iosco County, Michigan,0,0,0,0,0,0
1400000US26071000100,26071000100,Census Tract 1, Iron County, Michigan,1063,54,319,433,188,69
1400000US26071000200,26071000200,Census Tract 2, Iron County, Michigan,704,24,237,308,88,47
1400000US26071000300,26071000300,Census Tract 3, Iron County, Michigan,1397,97,632,499,142,27
1400000US26071000400,26071000400,Census Tract 4, Iron County, Michigan,1131,122,533,374,87,15
1400000US26071000500,26071000500,Census Tract 5, Iron County, Michigan,1020,70,363,404,141,42
1400000US26073000100,26073000100,Census Tract 1, Isabella County, Michigan,1326,48,336,579,260,103
1400000US26073000200,26073000200,Census Tract 2, Isabella County, Michigan,1861,49,481,948,269,114
1400000US26073000300,26073000300,Census Tract 3, Isabella County, Michigan,1753,120,414,733,348,138
1400000US26073000400,26073000400,Census Tract 4, Isabella County, Michigan,1511,90,416,681,203,121
1400000US26073000500,26073000500,Census Tract 5, Isabella County, Michigan,939,58,301,301,138,141
1400000US26073000600,26073000600,Census Tract 6, Isabella County, Michigan,1955,297,850,605,130,73
1400000US26073000700,26073000700,Census Tract 7, Isabella County, Michigan,2087,176,807,622,149,333
1400000US26073000800,26073000800,Census Tract 8, Isabella County, Michigan,1105,93,373,346,142,151
1400000US26073000900,26073000900,Census Tract 9, Isabella County, Michigan,1650,68,567,693,241,81
1400000US26073940100,26073940100,Census Tract 9401, Isabella County, Michigan,1680,53,530,667,312,118
1400000US26073940200,26073940200,Census Tract 9402, Isabella County, Michigan,2110,104,614,884,334,174
1400000US26073940300,26073940300,Census Tract 9403, Isabella County, Michigan,2298,95,1105,819,209,70
1400000US26073940400,26073940400,Census Tract 9404, Isabella County, Michigan,1592,183,653,607,128,21
1400000US26073940500,26073940500,Census Tract 9405, Isabella County, Michigan,1134,192,479,359,85,19
1400000US26073940600,26073940600,Census Tract 9406, Isabella County, Michigan,1897,31,449,940,377,100
1400000US26075000100,26075000100,Census Tract 1, Jackson County, Michigan,1119,94,622,281,85,37
1400000US26075000200,26075000200,Census Tract 2, Jackson County, Michigan,1095,300,474,265,38,18
1400000US26075000400,26075000400,Census Tract 4, Jackson County, Michigan,1434,94,640,481,155,64
1400000US26075000500,26075000500,Census Tract 5, Jackson County, Michigan,685,69,297,272,40,7
1400000US26075000600,26075000600,Census Tract 6, Jackson County, Michigan,528,271,177,67,0,13
1400000US26075000800,26075000800,Census Tract 8, Jackson County, Michigan,1918,82,832,795,184,25
1400000US26075000900,26075000900,Census Tract 9, Jackson County, Michigan,1317,227,536,381,114,59
1400000US26075001000,26075001000,Census Tract 10, Jackson County, Michigan,881,216,423,130,81,31
1400000US26075001100,26075001100,Census Tract 11, Jackson County, Michigan,821,341,342,115,12,11
1400000US26075001200,26075001200,Census Tract 12, Jackson County, Michigan,798,139,374,184,71,30
1400000US26075001300,26075001300,Census Tract 13, Jackson County, Michigan,927,138,499,245,36,9
1400000US26075005000,26075005000,Census Tract 50, Jackson County, Michigan,957,50,422,326,109,50
1400000US26075005100,26075005100,Census Tract 51, Jackson County, Michigan,1778,95,606,653,300,124
1400000US26075005200,26075005200,Census Tract 52, Jackson County, Michigan,2574,16,594,1282,438,244
1400000US26075005301,26075005301,Census Tract 53.01, Jackson County, Michigan,2131,117,980,856,169,9
1400000US26075005302,26075005302,Census Tract 53.02, Jackson County, Michigan,1694,128,526,791,171,78
1400000US26075005400,26075005400,Census Tract 54, Jackson County, Michigan,2082,255,548,858,290,131
1400000US26075005500,26075005500,Census Tract 55, Jackson County, Michigan,2511,522,1236,639,86,28
1400000US26075005600,26075005600,Census Tract 56, Jackson County, Michigan,3092,155,1270,1239,379,49
1400000US26075005700,26075005700,Census Tract 57, Jackson County, Michigan,1243,60,410,517,229,27
1400000US26075005800,26075005800,Census Tract 58, Jackson County, Michigan,0,0,0,0,0,0
1400000US26075005900,26075005900,Census Tract 59, Jackson County, Michigan,1074,187,522,221,116,28
1400000US26075006000,26075006000,Census Tract 60, Jackson County, Michigan,2937,103,846,1191,485,312
1400000US26075006100,26075006100,Census Tract 61, Jackson County, Michigan,2658,55,974,1119,323,187
1400000US26075006200,26075006200,Census Tract 62, Jackson County, Michigan,2868,53,1071,1000,367,377
1400000US26075006301,26075006301,Census Tract 63.01, Jackson County, Michigan,1253,26,331,494,297,105
1400000US26075006303,26075006303,Census Tract 63.03, Jackson County, Michigan,1878,105,433,781,393,166
1400000US26075006304,26075006304,Census Tract 63.04, Jackson County, Michigan,1220,19,336,558,182,125
1400000US26075006401,26075006401,Census Tract 64.01, Jackson County, Michigan,1066,8,248,561,179,70
1400000US26075006402,26075006402,Census Tract 64.02, Jackson County, Michigan,2730,50,704,1199,483,294
1400000US26075006500,26075006500,Census Tract 65, Jackson County, Michigan,2539,113,678,880,474,394
1400000US26075006600,26075006600,Census Tract 66, Jackson County, Michigan,1978,82,530,770,374,222
1400000US26075006701,26075006701,Census Tract 67.01, Jackson County, Michigan,1807,47,434,839,250,237
1400000US26075006702,26075006702,Census Tract 67.02, Jackson County, Michigan,1878,86,432,809,372,179
1400000US26075006801,26075006801,Census Tract 68.01, Jackson County, Michigan,1274,23,302,483,353,113
1400000US26075006803,26075006803,Census Tract 68.03, Jackson County, Michigan,1207,59,353,496,190,109
1400000US26075006804,26075006804,Census Tract 68.04, Jackson County, Michigan,2191,55,506,981,472,177
1400000US26075006900,26075006900,Census Tract 69, Jackson County, Michigan,1275,241,629,303,81,21
1400000US26077000100,26077000100,Census Tract 1, Kalamazoo County, Michigan,940,210,419,268,38,5
1400000US26077000201,26077000201,Census Tract 2.01, Kalamazoo County, Michigan,855,215,320,241,39,40
1400000US26077000202,26077000202,Census Tract 2.02, Kalamazoo County, Michigan,345,82,155,71,33,4
1400000US26077000300,26077000300,Census Tract 3, Kalamazoo County, Michigan,1559,462,729,192,139,37
1400000US26077000500,26077000500,Census Tract 5, Kalamazoo County, Michigan,1511,287,671,438,67,48
1400000US26077000600,26077000600,Census Tract 6, Kalamazoo County, Michigan,2196,526,698,646,158,168
1400000US26077000900,26077000900,Census Tract 9, Kalamazoo County, Michigan,419,23,232,136,28,0
1400000US26077001000,26077001000,Census Tract 10, Kalamazoo County, Michigan,2226,509,869,569,205,74
1400000US26077001100,26077001100,Census Tract 11, Kalamazoo County, Michigan,756,104,218,308,79,47
1400000US26077001200,26077001200,Census Tract 12, Kalamazoo County, Michigan,1255,67,372,670,117,29
1400000US26077001300,26077001300,Census Tract 13, Kalamazoo County, Michigan,827,118,375,278,42,14
1400000US26077001501,26077001501,Census Tract 15.01, Kalamazoo County, Michigan,1658,122,631,540,280,85
1400000US26077001502,26077001502,Census Tract 15.02, Kalamazoo County, Michigan,2145,152,990,816,162,25
1400000US26077001503,26077001503,Census Tract 15.03, Kalamazoo County, Michigan,2052,138,701,876,261,76
1400000US26077001504,26077001504,Census Tract 15.04, Kalamazoo County, Michigan,317,40,120,110,47,0
1400000US26077001506,26077001506,Census Tract 15.06, Kalamazoo County, Michigan,3265,226,1467,959,299,314
1400000US26077001507,26077001507,Census Tract 15.07, Kalamazoo County, Michigan,2370,309,696,722,363,280
1400000US26077001601,26077001601,Census Tract 16.01, Kalamazoo County, Michigan,1173,88,458,479,134,14
1400000US26077001603,26077001603,Census Tract 16.03, Kalamazoo County, Michigan,718,21,322,292,78,5
1400000US26077001604,26077001604,Census Tract 16.04, Kalamazoo County, Michigan,889,65,408,316,61,39
1400000US26077001701,26077001701,Census Tract 17.01, Kalamazoo County, Michigan,1704,159,652,724,121,48
1400000US26077001702,26077001702,Census Tract 17.02, Kalamazoo County, Michigan,1674,111,673,714,140,36
1400000US26077001801,26077001801,Census Tract 18.01, Kalamazoo County, Michigan,1472,228,604,567,53,20
1400000US26077001802,26077001802,Census Tract 18.02, Kalamazoo County, Michigan,2112,125,972,820,148,47
1400000US26077001803,26077001803,Census Tract 18.03, Kalamazoo County, Michigan,807,69,359,274,87,18
1400000US26077001905,26077001905,Census Tract 19.05, Kalamazoo County, Michigan,2499,314,1252,692,193,48
1400000US26077001906,26077001906,Census Tract 19.06, Kalamazoo County, Michigan,2313,131,1089,866,184,43
1400000US26077001907,26077001907,Census Tract 19.07, Kalamazoo County, Michigan,1808,222,798,570,168,50
1400000US26077002002,26077002002,Census Tract 20.02, Kalamazoo County, Michigan,1686,52,580,768,225,61
1400000US26077002003,26077002003,Census Tract 20.03, Kalamazoo County, Michigan,2328,94,506,1288,366,74
1400000US26077002004,26077002004,Census Tract 20.04, Kalamazoo County, Michigan,1607,10,519,806,209,63
1400000US26077002005,26077002005,Census Tract 20.05, Kalamazoo County, Michigan,1579,153,448,660,282,36
1400000US26077002101,26077002101,Census Tract 21.01, Kalamazoo County, Michigan,2923,106,831,1495,366,125
1400000US26077002102,26077002102,Census Tract 21.02, Kalamazoo County, Michigan,1143,13,311,674,121,24
1400000US26077002201,26077002201,Census Tract 22.01, Kalamazoo County, Michigan,829,28,305,366,85,45
1400000US26077002202,26077002202,Census Tract 22.02, Kalamazoo County, Michigan,3580,225,1568,1269,420,98
1400000US26077002601,26077002601,Census Tract 26.01, Kalamazoo County, Michigan,2055,65,579,763,355,293
1400000US26077002700,26077002700,Census Tract 27, Kalamazoo County, Michigan,2999,50,743,1227,668,311
1400000US26077002801,26077002801,Census Tract 28.01, Kalamazoo County, Michigan,1624,27,380,806,301,110
1400000US26077002802,26077002802,Census Tract 28.02, Kalamazoo County, Michigan,2304,43,708,1159,228,166
1400000US26077002901,26077002901,Census Tract 29.01, Kalamazoo County, Michigan,1477,29,334,666,284,164
1400000US26077002903,26077002903,Census Tract 29.03, Kalamazoo County, Michigan,2802,578,1523,516,73,112
1400000US26077002904,26077002904,Census Tract 29.04, Kalamazoo County, Michigan,3847,66,984,1623,963,211
1400000US26077002905,26077002905,Census Tract 29.05, Kalamazoo County, Michigan,3792,412,1680,1175,389,136
1400000US26077003002,26077003002,Census Tract 30.02, Kalamazoo County, Michigan,833,5,117,410,182,119
1400000US26077003003,26077003003,Census Tract 30.03, Kalamazoo County, Michigan,3005,53,651,1467,581,253
1400000US26077003004,26077003004,Census Tract 30.04, Kalamazoo County, Michigan,2687,34,464,1448,554,187
1400000US26077003302,26077003302,Census Tract 33.02, Kalamazoo County, Michigan,2345,0,736,894,483,232
1400000US26077003400,26077003400,Census Tract 34, Kalamazoo County, Michigan,1456,21,290,623,361,161
1400000US26077003500,26077003500,Census Tract 35, Kalamazoo County, Michigan,1666,50,553,729,225,109
1400000US26077005501,26077005501,Census Tract 55.01, Kalamazoo County, Michigan,1511,137,605,546,129,94
1400000US26077005502,26077005502,Census Tract 55.02, Kalamazoo County, Michigan,2071,283,756,662,181,189
1400000US26077006102,26077006102,Census Tract 61.02, Kalamazoo County, Michigan,1442,21,460,558,308,95
1400000US26077006103,26077006103,Census Tract 61.03, Kalamazoo County, Michigan,1848,43,536,852,315,102
1400000US26077006601,26077006601,Census Tract 66.01, Kalamazoo County, Michigan,1620,39,405,749,277,150
1400000US26077006701,26077006701,Census Tract 67.01, Kalamazoo County, Michigan,1053,59,305,449,150,90
1400000US26077006702,26077006702,Census Tract 67.02, Kalamazoo County, Michigan,2385,86,642,1046,446,165
1400000US26079950200,26079950200,Census Tract 9502, Kalkaska County, Michigan,1949,83,597,759,317,193
1400000US26079950300,26079950300,Census Tract 9503, Kalkaska County, Michigan,1885,93,659,768,269,96
1400000US26079950400,26079950400,Census Tract 9504, Kalkaska County, Michigan,1504,95,333,727,209,140
1400000US26079950601,26079950601,Census Tract 9506.01, Kalkaska County, Michigan,941,37,338,414,101,51
1400000US26079950602,26079950602,Census Tract 9506.02, Kalkaska County, Michigan,740,23,224,325,129,39
1400000US26081000100,26081000100,Census Tract 1, Kent County, Michigan,967,110,303,461,77,16
1400000US26081000200,26081000200,Census Tract 2, Kent County, Michigan,638,12,246,282,69,29
1400000US26081000300,26081000300,Census Tract 3, Kent County, Michigan,2225,59,880,881,276,129
1400000US26081000400,26081000400,Census Tract 4, Kent County, Michigan,1388,46,622,550,125,45
1400000US26081000500,26081000500,Census Tract 5, Kent County, Michigan,1596,22,595,712,224,43
1400000US26081000600,26081000600,Census Tract 6, Kent County, Michigan,1818,74,604,864,199,77
1400000US26081000700,26081000700,Census Tract 7, Kent County, Michigan,1193,42,409,579,111,52
1400000US26081000800,26081000800,Census Tract 8, Kent County, Michigan,1090,304,318,383,47,38
1400000US26081000900,26081000900,Census Tract 9, Kent County, Michigan,1203,127,517,415,121,23
1400000US26081001000,26081001000,Census Tract 10, Kent County, Michigan,1921,164,718,768,214,57
1400000US26081001101,26081001101,Census Tract 11.01, Kent County, Michigan,2143,290,811,716,283,43
1400000US26081001102,26081001102,Census Tract 11.02, Kent County, Michigan,1909,272,904,566,133,34
1400000US26081001200,26081001200,Census Tract 12, Kent County, Michigan,1433,85,654,493,147,54
1400000US26081001300,26081001300,Census Tract 13, Kent County, Michigan,1237,242,462,465,60,8
1400000US26081001400,26081001400,Census Tract 14, Kent County, Michigan,1148,174,532,371,35,36
1400000US26081001500,26081001500,Census Tract 15, Kent County, Michigan,1316,283,602,293,102,36
1400000US26081001600,26081001600,Census Tract 16, Kent County, Michigan,1968,408,639,657,209,55
1400000US26081001700,26081001700,Census Tract 17, Kent County, Michigan,1944,265,604,846,218,11
1400000US26081001800,26081001800,Census Tract 18, Kent County, Michigan,2890,389,1019,1083,311,88
1400000US26081001900,26081001900,Census Tract 19, Kent County, Michigan,1834,212,686,459,260,217
1400000US26081002000,26081002000,Census Tract 20, Kent County, Michigan,1335,468,673,181,13,0
1400000US26081002100,26081002100,Census Tract 21, Kent County, Michigan,1896,425,899,451,18,103
1400000US26081002200,26081002200,Census Tract 22, Kent County, Michigan,2144,213,835,835,198,63
1400000US26081002300,26081002300,Census Tract 23, Kent County, Michigan,1658,41,516,848,220,33
1400000US26081002400,26081002400,Census Tract 24, Kent County, Michigan,894,29,338,355,99,73
1400000US26081002500,26081002500,Census Tract 25, Kent County, Michigan,2119,184,1047,639,145,104
1400000US26081002600,26081002600,Census Tract 26, Kent County, Michigan,959,149,480,212,80,38
1400000US26081002700,26081002700,Census Tract 27, Kent County, Michigan,1197,169,368,387,177,96
1400000US26081002800,26081002800,Census Tract 28, Kent County, Michigan,702,295,239,103,60,5
1400000US26081002900,26081002900,Census Tract 29, Kent County, Michigan,564,30,276,185,44,29
1400000US26081003000,26081003000,Census Tract 30, Kent County, Michigan,662,86,273,212,70,21
1400000US26081003100,26081003100,Census Tract 31, Kent County, Michigan,1078,273,451,303,26,25
1400000US26081003200,26081003200,Census Tract 32, Kent County, Michigan,1563,323,632,338,219,51
1400000US26081003300,26081003300,Census Tract 33, Kent County, Michigan,1308,110,427,586,73,112
1400000US26081003400,26081003400,Census Tract 34, Kent County, Michigan,2202,275,607,1069,170,81
1400000US26081003500,26081003500,Census Tract 35, Kent County, Michigan,2052,340,913,595,176,28
1400000US26081003600,26081003600,Census Tract 36, Kent County, Michigan,727,123,341,198,18,47
1400000US26081003700,26081003700,Census Tract 37, Kent County, Michigan,1345,143,604,382,151,65
1400000US26081003800,26081003800,Census Tract 38, Kent County, Michigan,1081,158,361,471,69,22
1400000US26081003900,26081003900,Census Tract 39, Kent County, Michigan,865,156,396,187,78,48
1400000US26081004000,26081004000,Census Tract 40, Kent County, Michigan,994,104,478,233,151,28
1400000US26081004100,26081004100,Census Tract 41, Kent County, Michigan,1789,149,558,856,208,18
1400000US26081004200,26081004200,Census Tract 42, Kent County, Michigan,1683,164,636,718,160,5
1400000US26081004300,26081004300,Census Tract 43, Kent County, Michigan,1537,81,499,717,164,76
1400000US26081004400,26081004400,Census Tract 44, Kent County, Michigan,2493,184,744,1078,302,185
1400000US26081004500,26081004500,Census Tract 45, Kent County, Michigan,3103,342,1110,1125,388,138
1400000US26081004600,26081004600,Census Tract 46, Kent County, Michigan,2246,220,1109,712,133,72
1400000US26081010101,26081010101,Census Tract 101.01, Kent County, Michigan,2153,63,491,773,536,290
1400000US26081010102,26081010102,Census Tract 101.02, Kent County, Michigan,1015,25,297,420,177,96
1400000US26081010200,26081010200,Census Tract 102, Kent County, Michigan,1527,129,523,603,219,53
1400000US26081010301,26081010301,Census Tract 103.01, Kent County, Michigan,1707,76,384,719,320,208
1400000US26081010302,26081010302,Census Tract 103.02, Kent County, Michigan,2362,80,649,1157,257,219
1400000US26081010401,26081010401,Census Tract 104.01, Kent County, Michigan,1775,54,436,705,403,177
1400000US26081010402,26081010402,Census Tract 104.02, Kent County, Michigan,1592,191,521,574,174,132
1400000US26081010600,26081010600,Census Tract 106, Kent County, Michigan,4065,144,785,2019,783,334
1400000US26081010700,26081010700,Census Tract 107, Kent County, Michigan,2106,170,706,892,220,118
1400000US26081010801,26081010801,Census Tract 108.01, Kent County, Michigan,2733,11,405,1236,545,536
1400000US26081010802,26081010802,Census Tract 108.02, Kent County, Michigan,2191,0,481,1033,388,289
1400000US26081010902,26081010902,Census Tract 109.02, Kent County, Michigan,1508,28,380,580,353,167
1400000US26081010903,26081010903,Census Tract 109.03, Kent County, Michigan,2593,0,478,1354,460,301
1400000US26081010904,26081010904,Census Tract 109.04, Kent County, Michigan,2314,0,297,1025,610,382
1400000US26081011001,26081011001,Census Tract 110.01, Kent County, Michigan,1456,39,281,731,302,103
1400000US26081011002,26081011002,Census Tract 110.02, Kent County, Michigan,1511,51,507,635,207,111
1400000US26081011101,26081011101,Census Tract 111.01, Kent County, Michigan,1760,57,449,788,378,88
1400000US26081011102,26081011102,Census Tract 111.02, Kent County, Michigan,1813,47,348,938,290,190
1400000US26081011200,26081011200,Census Tract 112, Kent County, Michigan,1782,81,680,676,264,81
1400000US26081011301,26081011301,Census Tract 113.01, Kent County, Michigan,1875,19,605,852,261,138
1400000US26081011302,26081011302,Census Tract 113.02, Kent County, Michigan,2769,82,1231,1074,261,121
1400000US26081011401,26081011401,Census Tract 114.01, Kent County, Michigan,853,12,188,353,189,111
1400000US26081011403,26081011403,Census Tract 114.03, Kent County, Michigan,1043,16,336,417,217,57
1400000US26081011405,26081011405,Census Tract 114.05, Kent County, Michigan,1212,0,448,519,206,39
1400000US26081011406,26081011406,Census Tract 114.06, Kent County, Michigan,2314,103,1234,778,152,47
1400000US26081011500,26081011500,Census Tract 115, Kent County, Michigan,3222,150,1442,1165,369,96
1400000US26081011600,26081011600,Census Tract 116, Kent County, Michigan,2821,181,970,1064,495,111
1400000US26081011701,26081011701,Census Tract 117.01, Kent County, Michigan,2233,183,760,955,274,61
1400000US26081011702,26081011702,Census Tract 117.02, Kent County, Michigan,1802,158,544,664,317,119
1400000US26081011801,26081011801,Census Tract 118.01, Kent County, Michigan,2489,45,406,1339,500,199
1400000US26081011803,26081011803,Census Tract 118.03, Kent County, Michigan,1487,29,376,591,387,104
1400000US26081011804,26081011804,Census Tract 118.04, Kent County, Michigan,2021,291,501,836,307,86
1400000US26081011901,26081011901,Census Tract 119.01, Kent County, Michigan,2203,17,124,1022,708,332
1400000US26081011902,26081011902,Census Tract 119.02, Kent County, Michigan,2531,36,510,1432,479,74
1400000US26081012002,26081012002,Census Tract 120.02, Kent County, Michigan,2373,33,376,1089,622,253
1400000US26081012003,26081012003,Census Tract 120.03, Kent County, Michigan,2366,87,407,1058,602,212
1400000US26081012004,26081012004,Census Tract 120.04, Kent County, Michigan,1799,43,566,819,301,70
1400000US26081012201,26081012201,Census Tract 122.01, Kent County, Michigan,2574,123,530,1207,567,147
1400000US26081012202,26081012202,Census Tract 122.02, Kent County, Michigan,2353,45,340,1100,592,276
1400000US26081012203,26081012203,Census Tract 122.03, Kent County, Michigan,1989,146,539,914,283,107
1400000US26081012300,26081012300,Census Tract 123, Kent County, Michigan,1316,0,254,760,236,66
1400000US26081012400,26081012400,Census Tract 124, Kent County, Michigan,1386,22,282,786,212,84
1400000US26081012500,26081012500,Census Tract 125, Kent County, Michigan,1681,40,483,789,244,125
1400000US26081012604,26081012604,Census Tract 126.04, Kent County, Michigan,2142,35,643,1136,284,44
1400000US26081012605,26081012605,Census Tract 126.05, Kent County, Michigan,1071,47,276,582,111,55
1400000US26081012606,26081012606,Census Tract 126.06, Kent County, Michigan,2244,394,1050,586,199,15
1400000US26081012607,26081012607,Census Tract 126.07, Kent County, Michigan,2912,520,1607,737,24,24
1400000US26081012608,26081012608,Census Tract 126.08, Kent County, Michigan,1919,40,1253,549,77,0
1400000US26081012701,26081012701,Census Tract 127.01, Kent County, Michigan,2773,258,1522,585,366,42
1400000US26081012702,26081012702,Census Tract 127.02, Kent County, Michigan,1531,32,195,849,343,112
1400000US26081012703,26081012703,Census Tract 127.03, Kent County, Michigan,1673,42,484,858,255,34
1400000US26081012800,26081012800,Census Tract 128, Kent County, Michigan,1540,33,515,677,287,28
1400000US26081012901,26081012901,Census Tract 129.01, Kent County, Michigan,1865,104,911,648,202,0
1400000US26081012902,26081012902,Census Tract 129.02, Kent County, Michigan,1988,148,829,733,211,67
1400000US26081013000,26081013000,Census Tract 130, Kent County, Michigan,1348,117,481,600,121,29
1400000US26081013100,26081013100,Census Tract 131, Kent County, Michigan,2250,133,750,1006,322,39
1400000US26081013200,26081013200,Census Tract 132, Kent County, Michigan,2650,27,762,1246,541,74
1400000US26081013300,26081013300,Census Tract 133, Kent County, Michigan,1591,78,504,667,212,130
1400000US26081013400,26081013400,Census Tract 134, Kent County, Michigan,2094,311,474,880,265,164
1400000US26081013500,26081013500,Census Tract 135, Kent County, Michigan,1803,179,818,550,204,52
1400000US26081013600,26081013600,Census Tract 136, Kent County, Michigan,732,80,176,318,144,14
1400000US26081013700,26081013700,Census Tract 137, Kent County, Michigan,2572,281,894,857,460,80
1400000US26081013801,26081013801,Census Tract 138.01, Kent County, Michigan,711,109,359,183,57,3
1400000US26081013802,26081013802,Census Tract 138.02, Kent County, Michigan,2974,279,1413,926,304,52
1400000US26081013900,26081013900,Census Tract 139, Kent County, Michigan,2735,218,948,1215,277,77
1400000US26081014000,26081014000,Census Tract 140, Kent County, Michigan,2792,278,869,1100,493,52
1400000US26081014100,26081014100,Census Tract 141, Kent County, Michigan,704,22,304,315,51,12
1400000US26081014200,26081014200,Census Tract 142, Kent County, Michigan,1361,121,485,555,159,41
1400000US26081014300,26081014300,Census Tract 143, Kent County, Michigan,1078,43,338,448,193,56
1400000US26081014501,26081014501,Census Tract 145.01, Kent County, Michigan,3840,235,869,1906,557,273
1400000US26081014502,26081014502,Census Tract 145.02, Kent County, Michigan,2953,153,768,1427,435,170
1400000US26081014601,26081014601,Census Tract 146.01, Kent County, Michigan,3208,79,1159,1394,297,279
1400000US26081014602,26081014602,Census Tract 146.02, Kent County, Michigan,3634,47,742,1922,537,386
1400000US26081014701,26081014701,Census Tract 147.01, Kent County, Michigan,1404,92,657,463,167,25
1400000US26081014703,26081014703,Census Tract 147.03, Kent County, Michigan,1707,90,752,669,176,20
1400000US26081014704,26081014704,Census Tract 147.04, Kent County, Michigan,1013,20,300,463,159,71
1400000US26081014803,26081014803,Census Tract 148.03, Kent County, Michigan,1006,0,80,561,188,177
1400000US26081014804,26081014804,Census Tract 148.04, Kent County, Michigan,3132,164,1101,1269,456,142
1400000US26081014805,26081014805,Census Tract 148.05, Kent County, Michigan,2539,26,518,1419,392,184
1400000US26081014806,26081014806,Census Tract 148.06, Kent County, Michigan,1928,14,348,879,429,258
1400000US26081014807,26081014807,Census Tract 148.07, Kent County, Michigan,2780,70,696,1427,415,172
1400000US26083000100,26083000100,Census Tract 1, Keweenaw County, Michigan,1009,53,312,450,158,36
1400000US26083980100,26083980100,Census Tract 9801, Keweenaw County, Michigan,4,0,4,0,0,0
1400000US26083990100,26083990100,Census Tract 9901, Keweenaw County, Michigan,0,0,0,0,0,0
1400000US26085960100,26085960100,Census Tract 9601, Lake County, Michigan,1049,29,344,479,146,51
1400000US26085961100,26085961100,Census Tract 9611, Lake County, Michigan,1372,129,569,441,192,41
1400000US26085961200,26085961200,Census Tract 9612, Lake County, Michigan,1031,140,454,297,101,39
1400000US26085961300,26085961300,Census Tract 9613, Lake County, Michigan,1103,31,358,496,155,63
1400000US26087330000,26087330000,Census Tract 3300, Lapeer County, Michigan,1341,36,289,524,320,172
1400000US26087330500,26087330500,Census Tract 3305, Lapeer County, Michigan,1116,56,230,456,249,125
1400000US26087331000,26087331000,Census Tract 3310, Lapeer County, Michigan,669,17,150,251,162,89
1400000US26087331500,26087331500,Census Tract 3315, Lapeer County, Michigan,1059,30,198,550,181,100
1400000US26087332000,26087332000,Census Tract 3320, Lapeer County, Michigan,2008,10,317,1030,427,224
1400000US26087332500,26087332500,Census Tract 3325, Lapeer County, Michigan,1415,65,364,575,279,132
1400000US26087333000,26087333000,Census Tract 3330, Lapeer County, Michigan,1199,55,266,497,296,85
1400000US26087333500,26087333500,Census Tract 3335, Lapeer County, Michigan,2208,105,548,1100,281,174
1400000US26087334000,26087334000,Census Tract 3340, Lapeer County, Michigan,900,62,243,354,152,89
1400000US26087334500,26087334500,Census Tract 3345, Lapeer County, Michigan,793,4,86,452,184,67
1400000US26087336000,26087336000,Census Tract 3360, Lapeer County, Michigan,2069,49,484,850,487,199
1400000US26087336500,26087336500,Census Tract 3365, Lapeer County, Michigan,0,0,0,0,0,0
1400000US26087337000,26087337000,Census Tract 3370, Lapeer County, Michigan,1668,315,797,515,30,11
1400000US26087337500,26087337500,Census Tract 3375, Lapeer County, Michigan,1822,245,781,532,232,32
1400000US26087338000,26087338000,Census Tract 3380, Lapeer County, Michigan,1938,40,429,886,315,268
1400000US26087338500,26087338500,Census Tract 3385, Lapeer County, Michigan,1708,77,246,736,476,173
1400000US26087339000,26087339000,Census Tract 3390, Lapeer County, Michigan,1032,20,224,458,203,127
1400000US26087339500,26087339500,Census Tract 3395, Lapeer County, Michigan,1266,169,454,514,106,23
1400000US26087340000,26087340000,Census Tract 3400, Lapeer County, Michigan,1408,7,280,481,357,283
1400000US26087340500,26087340500,Census Tract 3405, Lapeer County, Michigan,1123,114,344,493,150,22
1400000US26087341000,26087341000,Census Tract 3410, Lapeer County, Michigan,1754,46,323,721,322,342
1400000US26087341500,26087341500,Census Tract 3415, Lapeer County, Michigan,1609,36,480,533,339,221
1400000US26087342000,26087342000,Census Tract 3420, Lapeer County, Michigan,1714,83,343,580,476,232
1400000US26087342100,26087342100,Census Tract 3421, Lapeer County, Michigan,1333,80,252,599,272,130
1400000US26089970100,26089970100,Census Tract 9701, Leelanau County, Michigan,959,43,271,457,111,77
1400000US26089970200,26089970200,Census Tract 9702, Leelanau County, Michigan,2129,57,678,916,354,124
1400000US26089970300,26089970300,Census Tract 9703, Leelanau County, Michigan,1202,36,389,499,239,39
1400000US26089970400,26089970400,Census Tract 9704, Leelanau County, Michigan,775,15,298,349,95,18
1400000US26089970500,26089970500,Census Tract 9705, Leelanau County, Michigan,1864,51,495,775,325,218
1400000US26089970600,26089970600,Census Tract 9706, Leelanau County, Michigan,2093,91,541,1107,229,125
1400000US26089990000,26089990000,Census Tract 9900, Leelanau County, Michigan,0,0,0,0,0,0
1400000US26091060100,26091060100,Census Tract 601, Lenawee County, Michigan,1373,44,235,567,376,151
1400000US26091060301,26091060301,Census Tract 603.01, Lenawee County, Michigan,1870,69,295,723,534,249
1400000US26091060302,26091060302,Census Tract 603.02, Lenawee County, Michigan,1777,83,490,773,330,101
1400000US26091060401,26091060401,Census Tract 604.01, Lenawee County, Michigan,1478,43,384,669,238,144
1400000US26091060402,26091060402,Census Tract 604.02, Lenawee County, Michigan,1533,38,399,683,295,118
1400000US26091060500,26091060500,Census Tract 605, Lenawee County, Michigan,1329,27,373,571,220,138
1400000US26091060600,26091060600,Census Tract 606, Lenawee County, Michigan,2337,91,555,1155,357,179
1400000US26091060700,26091060700,Census Tract 607, Lenawee County, Michigan,2684,55,543,1033,749,304
1400000US26091060800,26091060800,Census Tract 608, Lenawee County, Michigan,1494,90,767,468,135,34
1400000US26091061200,26091061200,Census Tract 612, Lenawee County, Michigan,686,8,194,254,182,48
1400000US26091061301,26091061301,Census Tract 613.01, Lenawee County, Michigan,1307,189,451,445,146,76
1400000US26091061302,26091061302,Census Tract 613.02, Lenawee County, Michigan,1116,170,600,247,80,19
1400000US26091061400,26091061400,Census Tract 614, Lenawee County, Michigan,1467,220,677,435,88,47
1400000US26091061500,26091061500,Census Tract 615, Lenawee County, Michigan,2050,106,760,900,182,102
1400000US26091061600,26091061600,Census Tract 616, Lenawee County, Michigan,1651,278,668,494,156,55
1400000US26091061700,26091061700,Census Tract 617, Lenawee County, Michigan,2709,117,857,1290,337,108
1400000US26091061800,26091061800,Census Tract 618, Lenawee County, Michigan,1458,42,543,539,251,83
1400000US26091061900,26091061900,Census Tract 619, Lenawee County, Michigan,1844,70,611,669,382,112
1400000US26091062000,26091062000,Census Tract 620, Lenawee County, Michigan,1074,38,284,358,265,129
1400000US26091062100,26091062100,Census Tract 621, Lenawee County, Michigan,1645,32,405,729,311,168
1400000US26091062200,26091062200,Census Tract 622, Lenawee County, Michigan,1094,30,522,399,115,28
1400000US26091062300,26091062300,Census Tract 623, Lenawee County, Michigan,2120,68,657,902,319,174
1400000US26091062400,26091062400,Census Tract 624, Lenawee County, Michigan,2019,63,511,984,346,115
1400000US26093710100,26093710100,Census Tract 7101, Livingston County, Michigan,846,9,123,363,215,136
1400000US26093710300,26093710300,Census Tract 7103, Livingston County, Michigan,1444,0,303,628,260,253
1400000US26093710500,26093710500,Census Tract 7105, Livingston County, Michigan,664,0,106,311,144,103
1400000US26093710700,26093710700,Census Tract 7107, Livingston County, Michigan,667,0,153,270,161,83
1400000US26093711000,26093711000,Census Tract 7110, Livingston County, Michigan,1498,25,270,669,302,232
1400000US26093712101,26093712101,Census Tract 7121.01, Livingston County, Michigan,1139,26,351,449,205,108
1400000US26093712102,26093712102,Census Tract 7121.02, Livingston County, Michigan,937,7,154,405,235,136
1400000US26093712601,26093712601,Census Tract 7126.01, Livingston County, Michigan,1392,12,287,730,256,107
1400000US26093712602,26093712602,Census Tract 7126.02, Livingston County, Michigan,1158,5,182,566,319,86
1400000US26093713100,26093713100,Census Tract 7131, Livingston County, Michigan,1728,28,352,800,363,185
1400000US26093713300,26093713300,Census Tract 7133, Livingston County, Michigan,695,124,140,257,105,69
1400000US26093713500,26093713500,Census Tract 7135, Livingston County, Michigan,1444,53,358,686,265,82
1400000US26093713700,26093713700,Census Tract 7137, Livingston County, Michigan,1521,51,203,723,408,136
1400000US26093720100,26093720100,Census Tract 7201, Livingston County, Michigan,1144,23,124,422,279,296
1400000US26093721100,26093721100,Census Tract 7211, Livingston County, Michigan,1290,11,333,402,310,234
1400000US26093722100,26093722100,Census Tract 7221, Livingston County, Michigan,1120,20,277,402,313,108
1400000US26093722300,26093722300,Census Tract 7223, Livingston County, Michigan,1235,149,413,546,97,30
1400000US26093722500,26093722500,Census Tract 7225, Livingston County, Michigan,720,6,105,319,194,96
1400000US26093724001,26093724001,Census Tract 7240.01, Livingston County, Michigan,818,40,277,286,144,71
1400000US26093724002,26093724002,Census Tract 7240.02, Livingston County, Michigan,904,26,161,383,179,155
1400000US26093724003,26093724003,Census Tract 7240.03, Livingston County, Michigan,825,24,189,305,146,161
1400000US26093725000,26093725000,Census Tract 7250, Livingston County, Michigan,2413,268,1054,855,205,31
1400000US26093725100,26093725100,Census Tract 7251, Livingston County, Michigan,1640,55,738,688,93,66
1400000US26093730101,26093730101,Census Tract 7301.01, Livingston County, Michigan,975,34,92,439,262,148
1400000US26093730102,26093730102,Census Tract 7301.02, Livingston County, Michigan,1490,35,250,694,392,119
1400000US26093730600,26093730600,Census Tract 7306, Livingston County, Michigan,1337,31,254,565,303,184
1400000US26093731100,26093731100,Census Tract 7311, Livingston County, Michigan,1254,31,236,470,234,283
1400000US26093732100,26093732100,Census Tract 7321, Livingston County, Michigan,1409,16,390,481,339,183
1400000US26093733100,26093733100,Census Tract 7331, Livingston County, Michigan,714,22,147,250,162,133
1400000US26093733601,26093733601,Census Tract 7336.01, Livingston County, Michigan,1193,11,317,566,178,121
1400000US26093733602,26093733602,Census Tract 7336.02, Livingston County, Michigan,1426,24,293,682,310,117
1400000US26093740200,26093740200,Census Tract 7402, Livingston County, Michigan,1227,21,170,473,337,226
1400000US26093740300,26093740300,Census Tract 7403, Livingston County, Michigan,741,0,135,429,109,68
1400000US26093740500,26093740500,Census Tract 7405, Livingston County, Michigan,847,16,163,407,141,120
1400000US26093740600,26093740600,Census Tract 7406, Livingston County, Michigan,1092,12,82,618,247,133
1400000US26093740700,26093740700,Census Tract 7407, Livingston County, Michigan,935,44,86,364,294,147
1400000US26093740800,26093740800,Census Tract 7408, Livingston County, Michigan,1068,39,217,529,247,36
1400000US26093740900,26093740900,Census Tract 7409, Livingston County, Michigan,736,12,151,392,127,54
1400000US26093741100,26093741100,Census Tract 7411, Livingston County, Michigan,1296,174,544,496,75,7
1400000US26093741601,26093741601,Census Tract 7416.01, Livingston County, Michigan,979,143,422,304,77,33
1400000US26093741602,26093741602,Census Tract 7416.02, Livingston County, Michigan,1401,33,514,617,192,45
1400000US26093742201,26093742201,Census Tract 7422.01, Livingston County, Michigan,1261,82,322,524,210,123
1400000US26093742202,26093742202,Census Tract 7422.02, Livingston County, Michigan,931,68,325,409,86,43
1400000US26093742401,26093742401,Census Tract 7424.01, Livingston County, Michigan,512,52,258,128,49,25
1400000US26093742402,26093742402,Census Tract 7424.02, Livingston County, Michigan,1682,64,640,640,256,82
1400000US26093742500,26093742500,Census Tract 7425, Livingston County, Michigan,766,8,115,341,163,139
1400000US26093742700,26093742700,Census Tract 7427, Livingston County, Michigan,1506,27,409,694,222,154
1400000US26093742900,26093742900,Census Tract 7429, Livingston County, Michigan,1393,9,73,793,379,139
1400000US26093743300,26093743300,Census Tract 7433, Livingston County, Michigan,957,6,153,478,222,98
1400000US26093743400,26093743400,Census Tract 7434, Livingston County, Michigan,1400,24,337,561,331,147
1400000US26093743500,26093743500,Census Tract 7435, Livingston County, Michigan,726,23,169,288,136,110
1400000US26093743600,26093743600,Census Tract 7436, Livingston County, Michigan,1115,0,217,545,278,75
1400000US26093743700,26093743700,Census Tract 7437, Livingston County, Michigan,1136,32,372,454,222,56
1400000US26093743800,26093743800,Census Tract 7438, Livingston County, Michigan,1583,22,446,614,385,116
1400000US26093743900,26093743900,Census Tract 7439, Livingston County, Michigan,1433,22,372,723,224,92
1400000US26093744200,26093744200,Census Tract 7442, Livingston County, Michigan,1494,60,294,808,206,126
1400000US26093744400,26093744400,Census Tract 7444, Livingston County, Michigan,817,6,241,312,212,46
1400000US26093744600,26093744600,Census Tract 7446, Livingston County, Michigan,631,16,68,317,177,53
1400000US26093744700,26093744700,Census Tract 7447, Livingston County, Michigan,1354,63,475,494,177,145
1400000US26093744800,26093744800,Census Tract 7448, Livingston County, Michigan,1537,10,286,675,333,233
1400000US26093744900,26093744900,Census Tract 7449, Livingston County, Michigan,1235,26,374,616,168,51
1400000US26095960100,26095960100,Census Tract 9601, Luce County, Michigan,1409,111,570,570,108,50
1400000US26095960200,26095960200,Census Tract 9602, Luce County, Michigan,844,65,262,371,111,35
1400000US26095980000,26095980000,Census Tract 9800, Luce County, Michigan,0,0,0,0,0,0
1400000US26095990000,26095990000,Census Tract 9900, Luce County, Michigan,0,0,0,0,0,0
1400000US26097950100,26097950100,Census Tract 9501, Mackinac County, Michigan,760,32,237,372,76,43
1400000US26097950200,26097950200,Census Tract 9502, Mackinac County, Michigan,1036,107,352,396,120,61
1400000US26097950300,26097950300,Census Tract 9503, Mackinac County, Michigan,819,51,241,343,145,39
1400000US26097950400,26097950400,Census Tract 9504, Mackinac County, Michigan,1312,433,298,394,149,38
1400000US26097950500,26097950500,Census Tract 9505, Mackinac County, Michigan,1205,172,576,378,55,24
1400000US26097990000,26097990000,Census Tract 9900, Mackinac County, Michigan,0,0,0,0,0,0
1400000US26099206700,26099206700,Census Tract 2067, Macomb County, Michigan,1641,137,583,674,170,77
1400000US26099210000,26099210000,Census Tract 2100, Macomb County, Michigan,1605,105,294,650,309,247
1400000US26099211000,26099211000,Census Tract 2110, Macomb County, Michigan,2188,89,767,864,252,216
1400000US26099212000,26099212000,Census Tract 2120, Macomb County, Michigan,2061,81,428,872,342,338
1400000US26099214000,26099214000,Census Tract 2140, Macomb County, Michigan,931,23,208,260,242,198
1400000US26099214500,26099214500,Census Tract 2145, Macomb County, Michigan,1567,12,172,586,397,400
1400000US26099215000,26099215000,Census Tract 2150, Macomb County, Michigan,1983,112,327,938,381,225
1400000US26099215200,26099215200,Census Tract 2152, Macomb County, Michigan,2852,65,420,1498,584,285
1400000US26099215300,26099215300,Census Tract 2153, Macomb County, Michigan,1775,18,768,676,144,169
1400000US26099215500,26099215500,Census Tract 2155, Macomb County, Michigan,2708,62,880,1046,534,186
1400000US26099216000,26099216000,Census Tract 2160, Macomb County, Michigan,1603,40,384,625,346,208
1400000US26099217000,26099217000,Census Tract 2170, Macomb County, Michigan,1042,20,162,406,333,121
1400000US26099218000,26099218000,Census Tract 2180, Macomb County, Michigan,2150,149,767,830,297,107
1400000US26099220001,26099220001,Census Tract 2200.01, Macomb County, Michigan,2646,32,462,1426,471,255
1400000US26099220002,26099220002,Census Tract 2200.02, Macomb County, Michigan,1859,213,570,642,295,139
1400000US26099221100,26099221100,Census Tract 2211, Macomb County, Michigan,2468,41,629,1258,348,192
1400000US26099221200,26099221200,Census Tract 2212, Macomb County, Michigan,2598,17,836,1174,452,119
1400000US26099221500,26099221500,Census Tract 2215, Macomb County, Michigan,419,21,34,203,82,79
1400000US26099221800,26099221800,Census Tract 2218, Macomb County, Michigan,1885,88,434,896,278,189
1400000US26099222101,26099222101,Census Tract 2221.01, Macomb County, Michigan,2051,174,879,690,289,19
1400000US26099222102,26099222102,Census Tract 2221.02, Macomb County, Michigan,3392,276,1012,1354,576,174
1400000US26099222500,26099222500,Census Tract 2225, Macomb County, Michigan,1704,159,495,688,209,153
1400000US26099222800,26099222800,Census Tract 2228, Macomb County, Michigan,1255,49,341,561,239,65
1400000US26099223400,26099223400,Census Tract 2234, Macomb County, Michigan,3490,0,708,1780,659,343
1400000US26099223500,26099223500,Census Tract 2235, Macomb County, Michigan,661,12,165,334,98,52
1400000US26099223800,26099223800,Census Tract 2238, Macomb County, Michigan,4462,94,410,2420,857,681
1400000US26099223900,26099223900,Census Tract 2239, Macomb County, Michigan,3004,61,880,1291,493,279
1400000US26099224000,26099224000,Census Tract 2240, Macomb County, Michigan,4169,89,591,2091,877,521
1400000US26099224100,26099224100,Census Tract 2241, Macomb County, Michigan,2742,61,321,1284,700,376
1400000US26099224200,26099224200,Census Tract 2242, Macomb County, Michigan,2819,109,580,1365,534,231
1400000US26099224300,26099224300,Census Tract 2243, Macomb County, Michigan,1638,40,334,707,371,186
1400000US26099224400,26099224400,Census Tract 2244, Macomb County, Michigan,1749,15,264,915,277,278
1400000US26099224500,26099224500,Census Tract 2245, Macomb County, Michigan,1690,143,489,704,270,84
1400000US26099224600,26099224600,Census Tract 2246, Macomb County, Michigan,2554,79,811,1013,527,124
1400000US26099225100,26099225100,Census Tract 2251, Macomb County, Michigan,1235,0,414,522,267,32
1400000US26099225200,26099225200,Census Tract 2252, Macomb County, Michigan,2362,34,635,1123,325,245
1400000US26099225300,26099225300,Census Tract 2253, Macomb County, Michigan,2047,193,690,804,323,37
1400000US26099225400,26099225400,Census Tract 2254, Macomb County, Michigan,2824,63,613,1198,658,292
1400000US26099225500,26099225500,Census Tract 2255, Macomb County, Michigan,2093,102,474,1081,331,105
1400000US26099225600,26099225600,Census Tract 2256, Macomb County, Michigan,1943,60,851,754,165,113
1400000US26099225701,26099225701,Census Tract 2257.01, Macomb County, Michigan,2621,264,1156,979,172,50
1400000US26099225702,26099225702,Census Tract 2257.02, Macomb County, Michigan,688,11,200,371,74,32
1400000US26099225800,26099225800,Census Tract 2258, Macomb County, Michigan,2597,54,850,1080,425,188
1400000US26099225900,26099225900,Census Tract 2259, Macomb County, Michigan,2055,34,452,1042,340,187
1400000US26099226100,26099226100,Census Tract 2261, Macomb County, Michigan,2516,42,257,1346,464,407
1400000US26099226400,26099226400,Census Tract 2264, Macomb County, Michigan,812,0,92,462,134,124
1400000US26099226700,26099226700,Census Tract 2267, Macomb County, Michigan,2137,259,811,902,134,31
1400000US26099227000,26099227000,Census Tract 2270, Macomb County, Michigan,2736,67,939,1167,380,183
1400000US26099227300,26099227300,Census Tract 2273, Macomb County, Michigan,1853,148,684,666,245,110
1400000US26099228000,26099228000,Census Tract 2280, Macomb County, Michigan,1568,285,495,576,132,80
1400000US26099228100,26099228100,Census Tract 2281, Macomb County, Michigan,685,87,283,252,23,40
1400000US26099230000,26099230000,Census Tract 2300, Macomb County, Michigan,2222,470,961,553,180,58
1400000US26099230200,26099230200,Census Tract 2302, Macomb County, Michigan,1908,68,488,991,259,102
1400000US26099230300,26099230300,Census Tract 2303, Macomb County, Michigan,1662,49,514,712,293,94
1400000US26099230400,26099230400,Census Tract 2304, Macomb County, Michigan,1484,31,523,528,319,83
1400000US26099230500,26099230500,Census Tract 2305, Macomb County, Michigan,1606,43,879,503,161,20
1400000US26099230601,26099230601,Census Tract 2306.01, Macomb County, Michigan,3053,176,1102,1143,436,196
1400000US26099230602,26099230602,Census Tract 2306.02, Macomb County, Michigan,2202,122,702,772,281,325
1400000US26099230700,26099230700,Census Tract 2307, Macomb County, Michigan,1641,35,290,693,393,230
1400000US26099230800,26099230800,Census Tract 2308, Macomb County, Michigan,1614,33,619,641,194,127
1400000US26099230900,26099230900,Census Tract 2309, Macomb County, Michigan,2939,150,932,1319,320,218
1400000US26099231000,26099231000,Census Tract 2310, Macomb County, Michigan,1580,19,382,775,283,121
1400000US26099231100,26099231100,Census Tract 2311, Macomb County, Michigan,1590,89,652,629,199,21
1400000US26099231200,26099231200,Census Tract 2312, Macomb County, Michigan,1607,242,528,546,225,66
1400000US26099231400,26099231400,Census Tract 2314, Macomb County, Michigan,1886,17,559,745,364,201
1400000US26099231500,26099231500,Census Tract 2315, Macomb County, Michigan,1645,40,376,796,340,93
1400000US26099231600,26099231600,Census Tract 2316, Macomb County, Michigan,1994,131,816,734,166,147
1400000US26099231700,26099231700,Census Tract 2317, Macomb County, Michigan,2023,62,561,662,577,161
1400000US26099231800,26099231800,Census Tract 2318, Macomb County, Michigan,1591,75,574,644,164,134
1400000US26099231900,26099231900,Census Tract 2319, Macomb County, Michigan,2162,82,686,973,284,137
1400000US26099232000,26099232000,Census Tract 2320, Macomb County, Michigan,764,23,217,382,86,56
1400000US26099232100,26099232100,Census Tract 2321, Macomb County, Michigan,2784,99,1149,1030,278,228
1400000US26099232200,26099232200,Census Tract 2322, Macomb County, Michigan,2153,139,1161,715,52,86
1400000US26099232300,26099232300,Census Tract 2323, Macomb County, Michigan,1942,135,882,609,247,69
1400000US26099232400,26099232400,Census Tract 2324, Macomb County, Michigan,2152,67,795,862,236,192
1400000US26099232500,26099232500,Census Tract 2325, Macomb County, Michigan,1536,30,325,766,301,114
1400000US26099233000,26099233000,Census Tract 2330, Macomb County, Michigan,2093,15,384,1029,479,186
1400000US26099240000,26099240000,Census Tract 2400, Macomb County, Michigan,1720,497,701,353,102,67
1400000US26099240300,26099240300,Census Tract 2403, Macomb County, Michigan,1873,167,808,632,246,20
1400000US26099240400,26099240400,Census Tract 2404, Macomb County, Michigan,2399,86,900,894,395,124
1400000US26099240500,26099240500,Census Tract 2405, Macomb County, Michigan,976,34,372,455,107,8
1400000US26099240600,26099240600,Census Tract 2406, Macomb County, Michigan,3004,133,1156,1026,515,174
1400000US26099240700,26099240700,Census Tract 2407, Macomb County, Michigan,1617,55,296,785,364,117
1400000US26099240800,26099240800,Census Tract 2408, Macomb County, Michigan,2717,84,1362,948,259,64
1400000US26099240900,26099240900,Census Tract 2409, Macomb County, Michigan,735,14,204,347,120,50
1400000US26099241000,26099241000,Census Tract 2410, Macomb County, Michigan,2148,218,1113,621,167,29
1400000US26099241200,26099241200,Census Tract 2412, Macomb County, Michigan,2099,137,829,755,324,54
1400000US26099241300,26099241300,Census Tract 2413, Macomb County, Michigan,1021,32,490,292,161,46
1400000US26099241400,26099241400,Census Tract 2414, Macomb County, Michigan,1399,112,399,566,226,96
1400000US26099241500,26099241500,Census Tract 2415, Macomb County, Michigan,1643,351,636,365,179,112
1400000US26099241600,26099241600,Census Tract 2416, Macomb County, Michigan,950,63,423,339,105,20
1400000US26099241700,26099241700,Census Tract 2417, Macomb County, Michigan,1765,173,620,617,252,103
1400000US26099241800,26099241800,Census Tract 2418, Macomb County, Michigan,2181,233,725,709,453,61
1400000US26099241900,26099241900,Census Tract 2419, Macomb County, Michigan,2124,222,748,731,320,103
1400000US26099242000,26099242000,Census Tract 2420, Macomb County, Michigan,3287,391,1830,863,169,34
1400000US26099242100,26099242100,Census Tract 2421, Macomb County, Michigan,1462,160,920,347,26,9
1400000US26099242500,26099242500,Census Tract 2425, Macomb County, Michigan,3000,110,1295,1231,334,30
1400000US26099243000,26099243000,Census Tract 2430, Macomb County, Michigan,1770,21,529,708,304,208
1400000US26099243500,26099243500,Census Tract 2435, Macomb County, Michigan,2904,129,1248,1258,209,60
1400000US26099244000,26099244000,Census Tract 2440, Macomb County, Michigan,919,40,278,396,173,32
1400000US26099245000,26099245000,Census Tract 2450, Macomb County, Michigan,1775,736,632,260,74,73
1400000US26099245100,26099245100,Census Tract 2451, Macomb County, Michigan,1568,155,670,491,122,130
1400000US26099245200,26099245200,Census Tract 2452, Macomb County, Michigan,743,170,327,215,24,7
1400000US26099245300,26099245300,Census Tract 2453, Macomb County, Michigan,2088,174,707,943,170,94
1400000US26099245400,26099245400,Census Tract 2454, Macomb County, Michigan,611,105,256,171,47,32
1400000US26099247100,26099247100,Census Tract 2471, Macomb County, Michigan,401,59,219,85,38,0
1400000US26099247200,26099247200,Census Tract 2472, Macomb County, Michigan,2794,60,940,1130,481,183
1400000US26099247300,26099247300,Census Tract 2473, Macomb County, Michigan,2882,36,940,1173,528,205
1400000US26099247400,26099247400,Census Tract 2474, Macomb County, Michigan,1101,9,347,358,316,71
1400000US26099247500,26099247500,Census Tract 2475, Macomb County, Michigan,927,154,424,228,52,69
1400000US26099247601,26099247601,Census Tract 2476.01, Macomb County, Michigan,1045,56,754,215,20,0
1400000US26099247602,26099247602,Census Tract 2476.02, Macomb County, Michigan,2253,191,874,910,196,82
1400000US26099250000,26099250000,Census Tract 2500, Macomb County, Michigan,929,12,306,389,136,86
1400000US26099250100,26099250100,Census Tract 2501, Macomb County, Michigan,974,13,403,383,130,45
1400000US26099250200,26099250200,Census Tract 2502, Macomb County, Michigan,1189,63,391,491,179,65
1400000US26099250300,26099250300,Census Tract 2503, Macomb County, Michigan,1487,107,710,476,135,59
1400000US26099250400,26099250400,Census Tract 2504, Macomb County, Michigan,628,29,230,233,78,58
1400000US26099250500,26099250500,Census Tract 2505, Macomb County, Michigan,949,31,304,451,141,22
1400000US26099250600,26099250600,Census Tract 2506, Macomb County, Michigan,1304,22,497,548,187,50
1400000US26099250700,26099250700,Census Tract 2507, Macomb County, Michigan,1235,57,435,483,173,87
1400000US26099250800,26099250800,Census Tract 2508, Macomb County, Michigan,1236,22,436,459,221,98
1400000US26099250900,26099250900,Census Tract 2509, Macomb County, Michigan,1054,52,283,534,158,27
1400000US26099251000,26099251000,Census Tract 2510, Macomb County, Michigan,776,13,350,232,136,45
1400000US26099251100,26099251100,Census Tract 2511, Macomb County, Michigan,867,43,259,363,146,56
1400000US26099251200,26099251200,Census Tract 2512, Macomb County, Michigan,1381,115,461,512,216,77
1400000US26099251300,26099251300,Census Tract 2513, Macomb County, Michigan,1000,37,378,438,116,31
1400000US26099251400,26099251400,Census Tract 2514, Macomb County, Michigan,1217,58,525,427,161,46
1400000US26099251500,26099251500,Census Tract 2515, Macomb County, Michigan,827,30,308,357,86,46
1400000US26099251600,26099251600,Census Tract 2516, Macomb County, Michigan,1530,216,608,486,181,39
1400000US26099251700,26099251700,Census Tract 2517, Macomb County, Michigan,1333,85,619,412,186,31
1400000US26099251800,26099251800,Census Tract 2518, Macomb County, Michigan,1878,121,881,576,266,34
1400000US26099251900,26099251900,Census Tract 2519, Macomb County, Michigan,1276,61,554,513,123,25
1400000US26099252000,26099252000,Census Tract 2520, Macomb County, Michigan,1283,75,495,545,133,35
1400000US26099252100,26099252100,Census Tract 2521, Macomb County, Michigan,954,20,345,428,137,24
1400000US26099252200,26099252200,Census Tract 2522, Macomb County, Michigan,1486,89,792,454,133,18
1400000US26099254000,26099254000,Census Tract 2540, Macomb County, Michigan,678,5,248,315,86,24
1400000US26099254100,26099254100,Census Tract 2541, Macomb County, Michigan,1865,86,978,474,166,161
1400000US26099254200,26099254200,Census Tract 2542, Macomb County, Michigan,1836,78,635,705,278,140
1400000US26099254500,26099254500,Census Tract 2545, Macomb County, Michigan,1791,188,537,750,258,58
1400000US26099255000,26099255000,Census Tract 2550, Macomb County, Michigan,1911,162,777,625,173,174
1400000US26099255100,26099255100,Census Tract 2551, Macomb County, Michigan,1312,174,404,531,103,100
1400000US26099255200,26099255200,Census Tract 2552, Macomb County, Michigan,1933,414,925,437,104,53
1400000US26099255300,26099255300,Census Tract 2553, Macomb County, Michigan,1691,153,660,686,154,38
1400000US26099255400,26099255400,Census Tract 2554, Macomb County, Michigan,959,32,347,371,159,50
1400000US26099255500,26099255500,Census Tract 2555, Macomb County, Michigan,694,40,271,278,71,34
1400000US26099255600,26099255600,Census Tract 2556, Macomb County, Michigan,1351,129,552,439,186,45
1400000US26099255700,26099255700,Census Tract 2557, Macomb County, Michigan,666,74,319,152,96,25
1400000US26099255800,26099255800,Census Tract 2558, Macomb County, Michigan,972,63,382,383,130,14
1400000US26099255900,26099255900,Census Tract 2559, Macomb County, Michigan,726,107,272,244,80,23
1400000US26099256000,26099256000,Census Tract 2560, Macomb County, Michigan,941,53,396,350,105,37
1400000US26099256100,26099256100,Census Tract 2561, Macomb County, Michigan,1098,129,415,452,29,73
1400000US26099256200,26099256200,Census Tract 2562, Macomb County, Michigan,689,57,278,181,139,34
1400000US26099256300,26099256300,Census Tract 2563, Macomb County, Michigan,730,62,300,264,83,21
1400000US26099256400,26099256400,Census Tract 2564, Macomb County, Michigan,554,14,221,228,63,28
1400000US26099256500,26099256500,Census Tract 2565, Macomb County, Michigan,590,18,276,141,106,49
1400000US26099256600,26099256600,Census Tract 2566, Macomb County, Michigan,1475,211,667,440,132,25
1400000US26099256700,26099256700,Census Tract 2567, Macomb County, Michigan,659,9,208,296,112,34
1400000US26099256800,26099256800,Census Tract 2568, Macomb County, Michigan,634,19,273,228,103,11
1400000US26099258000,26099258000,Census Tract 2580, Macomb County, Michigan,1086,73,443,370,161,39
1400000US26099258100,26099258100,Census Tract 2581, Macomb County, Michigan,1428,61,550,564,222,31
1400000US26099258200,26099258200,Census Tract 2582, Macomb County, Michigan,1095,118,456,317,163,41
1400000US26099258300,26099258300,Census Tract 2583, Macomb County, Michigan,1100,204,390,320,144,42
1400000US26099258400,26099258400,Census Tract 2584, Macomb County, Michigan,1967,166,911,643,209,38
1400000US26099258500,26099258500,Census Tract 2585, Macomb County, Michigan,814,80,223,367,119,25
1400000US26099258600,26099258600,Census Tract 2586, Macomb County, Michigan,1801,143,806,681,132,39
1400000US26099258700,26099258700,Census Tract 2587, Macomb County, Michigan,871,88,352,291,103,37
1400000US26099258800,26099258800,Census Tract 2588, Macomb County, Michigan,1394,58,505,592,178,61
1400000US26099258900,26099258900,Census Tract 2589, Macomb County, Michigan,983,85,559,230,59,50
1400000US26099260000,26099260000,Census Tract 2600, Macomb County, Michigan,1259,40,352,589,214,64
1400000US26099260100,26099260100,Census Tract 2601, Macomb County, Michigan,1315,77,676,453,84,25
1400000US26099260200,26099260200,Census Tract 2602, Macomb County, Michigan,890,29,313,360,109,79
1400000US26099260300,26099260300,Census Tract 2603, Macomb County, Michigan,1211,26,365,601,129,90
1400000US26099260400,26099260400,Census Tract 2604, Macomb County, Michigan,1720,106,519,755,238,102
1400000US26099260600,26099260600,Census Tract 2606, Macomb County, Michigan,1062,103,369,379,176,35
1400000US26099260700,26099260700,Census Tract 2607, Macomb County, Michigan,1188,29,432,450,214,63
1400000US26099260800,26099260800,Census Tract 2608, Macomb County, Michigan,949,45,226,432,193,53
1400000US26099260900,26099260900,Census Tract 2609, Macomb County, Michigan,1777,73,517,729,383,75
1400000US26099261000,26099261000,Census Tract 2610, Macomb County, Michigan,1498,67,581,610,180,60
1400000US26099261100,26099261100,Census Tract 2611, Macomb County, Michigan,2008,191,996,611,175,35
1400000US26099261200,26099261200,Census Tract 2612, Macomb County, Michigan,1094,75,213,563,160,83
1400000US26099261300,26099261300,Census Tract 2613, Macomb County, Michigan,1106,99,379,488,113,27
1400000US26099261400,26099261400,Census Tract 2614, Macomb County, Michigan,1037,0,338,447,134,118
1400000US26099261500,26099261500,Census Tract 2615, Macomb County, Michigan,1432,106,767,377,139,43
1400000US26099261600,26099261600,Census Tract 2616, Macomb County, Michigan,548,15,147,193,138,55
1400000US26099261700,26099261700,Census Tract 2617, Macomb County, Michigan,1081,112,532,334,70,33
1400000US26099261800,26099261800,Census Tract 2618, Macomb County, Michigan,1124,60,315,535,167,47
1400000US26099261900,26099261900,Census Tract 2619, Macomb County, Michigan,1258,152,515,446,119,26
1400000US26099262000,26099262000,Census Tract 2620, Macomb County, Michigan,1362,41,360,707,207,47
1400000US26099262100,26099262100,Census Tract 2621, Macomb County, Michigan,445,87,193,108,36,21
1400000US26099262200,26099262200,Census Tract 2622, Macomb County, Michigan,1713,60,674,617,282,80
1400000US26099262300,26099262300,Census Tract 2623, Macomb County, Michigan,1810,110,866,570,212,52
1400000US26099262400,26099262400,Census Tract 2624, Macomb County, Michigan,1386,144,484,503,175,80
1400000US26099262500,26099262500,Census Tract 2625, Macomb County, Michigan,2256,221,758,891,224,162
1400000US26099262600,26099262600,Census Tract 2626, Macomb County, Michigan,1031,218,407,246,131,29
1400000US26099262700,26099262700,Census Tract 2627, Macomb County, Michigan,2036,225,680,827,187,117
1400000US26099262800,26099262800,Census Tract 2628, Macomb County, Michigan,1027,113,584,252,64,14
1400000US26099262900,26099262900,Census Tract 2629, Macomb County, Michigan,1575,94,755,579,102,45
1400000US26099263200,26099263200,Census Tract 2632, Macomb County, Michigan,1079,180,440,306,112,41
1400000US26099263400,26099263400,Census Tract 2634, Macomb County, Michigan,1404,47,404,668,180,105
1400000US26099263500,26099263500,Census Tract 2635, Macomb County, Michigan,1731,162,801,549,110,109
1400000US26099263600,26099263600,Census Tract 2636, Macomb County, Michigan,1837,225,876,589,96,51
1400000US26099263700,26099263700,Census Tract 2637, Macomb County, Michigan,1654,77,651,606,240,80
1400000US26099263800,26099263800,Census Tract 2638, Macomb County, Michigan,1145,93,806,212,34,0
1400000US26099263900,26099263900,Census Tract 2639, Macomb County, Michigan,1176,141,538,421,28,48
1400000US26099264000,26099264000,Census Tract 2640, Macomb County, Michigan,716,97,399,148,55,17
1400000US26099264200,26099264200,Census Tract 2642, Macomb County, Michigan,1543,109,755,427,185,67
1400000US26099267600,26099267600,Census Tract 2676, Macomb County, Michigan,561,50,187,181,81,62
1400000US26099268000,26099268000,Census Tract 2680, Macomb County, Michigan,2511,260,1118,891,142,100
1400000US26099268100,26099268100,Census Tract 2681, Macomb County, Michigan,1107,145,468,396,83,15
1400000US26099268200,26099268200,Census Tract 2682, Macomb County, Michigan,1519,20,405,723,249,122
1400000US26099268300,26099268300,Census Tract 2683, Macomb County, Michigan,1071,141,561,307,56,6
1400000US26099268400,26099268400,Census Tract 2684, Macomb County, Michigan,1321,167,544,398,158,54
1400000US26099982000,26099982000,Census Tract 9820, Macomb County, Michigan,5,0,5,0,0,0
1400000US26099982100,26099982100,Census Tract 9821, Macomb County, Michigan,0,0,0,0,0,0
1400000US26099982200,26099982200,Census Tract 9822, Macomb County, Michigan,0,0,0,0,0,0
1400000US26099982300,26099982300,Census Tract 9823, Macomb County, Michigan,0,0,0,0,0,0
1400000US26099990100,26099990100,Census Tract 9901, Macomb County, Michigan,0,0,0,0,0,0
1400000US26101000100,26101000100,Census Tract 1, Manistee County, Michigan,1371,59,466,579,206,61
1400000US26101000200,26101000200,Census Tract 2, Manistee County, Michigan,772,14,281,328,92,57
1400000US26101000300,26101000300,Census Tract 3, Manistee County, Michigan,811,29,246,329,141,66
1400000US26101000400,26101000400,Census Tract 4, Manistee County, Michigan,933,10,272,430,132,89
1400000US26101000500,26101000500,Census Tract 5, Manistee County, Michigan,1092,56,330,464,174,68
1400000US26101000600,26101000600,Census Tract 6, Manistee County, Michigan,569,35,176,222,83,53
1400000US26101000700,26101000700,Census Tract 7, Manistee County, Michigan,1674,158,553,587,267,109
1400000US26101000800,26101000800,Census Tract 8, Manistee County, Michigan,1594,149,739,549,115,42
1400000US26101000900,26101000900,Census Tract 9, Manistee County, Michigan,994,177,367,364,58,28
1400000US26101990000,26101990000,Census Tract 9900, Manistee County, Michigan,0,0,0,0,0,0
1400000US26103000100,26103000100,Census Tract 1, Marquette County, Michigan,929,134,324,331,78,62
1400000US26103000200,26103000200,Census Tract 2, Marquette County, Michigan,952,60,349,416,61,66
1400000US26103000300,26103000300,Census Tract 3, Marquette County, Michigan,880,146,306,324,72,32
1400000US26103000400,26103000400,Census Tract 4, Marquette County, Michigan,815,23,288,384,107,13
1400000US26103000500,26103000500,Census Tract 5, Marquette County, Michigan,113,16,56,41,0,0
1400000US26103000600,26103000600,Census Tract 6, Marquette County, Michigan,984,113,424,283,55,109
1400000US26103000700,26103000700,Census Tract 7, Marquette County, Michigan,1590,228,726,435,171,30
1400000US26103001100,26103001100,Census Tract 11, Marquette County, Michigan,695,29,229,259,129,49
1400000US26103001200,26103001200,Census Tract 12, Marquette County, Michigan,2261,109,450,1034,498,170
1400000US26103001300,26103001300,Census Tract 13, Marquette County, Michigan,1515,69,418,655,256,117
1400000US26103001500,26103001500,Census Tract 15, Marquette County, Michigan,1030,65,216,541,153,55
1400000US26103001600,26103001600,Census Tract 16, Marquette County, Michigan,861,49,235,415,114,48
1400000US26103001700,26103001700,Census Tract 17, Marquette County, Michigan,913,26,352,383,129,23
1400000US26103001800,26103001800,Census Tract 18, Marquette County, Michigan,1200,67,473,503,121,36
1400000US26103001900,26103001900,Census Tract 19, Marquette County, Michigan,685,63,287,259,56,20
1400000US26103002000,26103002000,Census Tract 20, Marquette County, Michigan,969,55,464,318,108,24
1400000US26103002100,26103002100,Census Tract 21, Marquette County, Michigan,1293,30,263,652,243,105
1400000US26103002200,26103002200,Census Tract 22, Marquette County, Michigan,1262,34,278,508,281,161
1400000US26103002300,26103002300,Census Tract 23, Marquette County, Michigan,931,60,311,343,169,48
1400000US26103002400,26103002400,Census Tract 24, Marquette County, Michigan,1080,67,535,397,55,26
1400000US26103002500,26103002500,Census Tract 25, Marquette County, Michigan,1052,28,289,503,176,56
1400000US26103002600,26103002600,Census Tract 26, Marquette County, Michigan,938,15,259,450,181,33
1400000US26103002800,26103002800,Census Tract 28, Marquette County, Michigan,1503,80,525,622,220,56
1400000US26103002900,26103002900,Census Tract 29, Marquette County, Michigan,1748,98,521,721,302,106
1400000US26103990000,26103990000,Census Tract 9900, Marquette County, Michigan,0,0,0,0,0,0
1400000US26105950100,26105950100,Census Tract 9501, Mason County, Michigan,1042,23,298,461,161,99
1400000US26105950200,26105950200,Census Tract 9502, Mason County, Michigan,1515,50,353,683,299,130
1400000US26105950300,26105950300,Census Tract 9503, Mason County, Michigan,1599,13,498,727,263,98
1400000US26105950400,26105950400,Census Tract 9504, Mason County, Michigan,2095,275,1004,627,167,22
1400000US26105950500,26105950500,Census Tract 9505, Mason County, Michigan,1523,148,684,551,129,11
1400000US26105950600,26105950600,Census Tract 9506, Mason County, Michigan,2030,101,714,743,308,164
1400000US26105950700,26105950700,Census Tract 9507, Mason County, Michigan,1258,47,439,486,176,110
1400000US26105950800,26105950800,Census Tract 9508, Mason County, Michigan,1124,47,276,508,187,106
1400000US26105990000,26105990000,Census Tract 9900, Mason County, Michigan,0,0,0,0,0,0
1400000US26107960100,26107960100,Census Tract 9601, Mecosta County, Michigan,944,76,363,297,152,56
1400000US26107960200,26107960200,Census Tract 9602, Mecosta County, Michigan,1068,38,268,531,185,46
1400000US26107960300,26107960300,Census Tract 9603, Mecosta County, Michigan,1146,33,316,520,203,74
1400000US26107960400,26107960400,Census Tract 9604, Mecosta County, Michigan,1731,64,608,771,200,88
1400000US26107960500,26107960500,Census Tract 9605, Mecosta County, Michigan,1660,359,720,417,140,24
1400000US26107960600,26107960600,Census Tract 9606, Mecosta County, Michigan,1248,146,511,318,127,146
1400000US26107960700,26107960700,Census Tract 9607, Mecosta County, Michigan,2384,40,905,846,402,191
1400000US26107960800,26107960800,Census Tract 9608, Mecosta County, Michigan,1691,144,507,633,296,111
1400000US26107960900,26107960900,Census Tract 9609, Mecosta County, Michigan,1337,84,561,412,239,41
1400000US26107961000,26107961000,Census Tract 9610, Mecosta County, Michigan,2430,150,585,1190,410,95
1400000US26107981300,26107981300,Census Tract 9813, Mecosta County, Michigan,2,0,2,0,0,0
1400000US26109960100,26109960100,Census Tract 9601, Menominee County, Michigan,1414,63,370,612,252,117
1400000US26109960200,26109960200,Census Tract 9602, Menominee County, Michigan,1584,87,446,723,212,116
1400000US26109960300,26109960300,Census Tract 9603, Menominee County, Michigan,1068,39,319,467,175,68
1400000US26109960400,26109960400,Census Tract 9604, Menominee County, Michigan,1582,55,464,699,272,92
1400000US26109960500,26109960500,Census Tract 9605, Menominee County, Michigan,1502,127,545,545,194,91
1400000US26109960600,26109960600,Census Tract 9606, Menominee County, Michigan,1829,173,835,603,179,39
1400000US26109960700,26109960700,Census Tract 9607, Menominee County, Michigan,1614,236,686,534,120,38
1400000US26109990000,26109990000,Census Tract 9900, Menominee County, Michigan,0,0,0,0,0,0
1400000US26111290100,26111290100,Census Tract 2901, Midland County, Michigan,1538,313,532,514,156,23
1400000US26111290200,26111290200,Census Tract 2902, Midland County, Michigan,2067,532,1047,394,80,14
1400000US26111290300,26111290300,Census Tract 2903, Midland County, Michigan,1651,19,610,723,228,71
1400000US26111290400,26111290400,Census Tract 2904, Midland County, Michigan,715,18,227,328,125,17
1400000US26111290500,26111290500,Census Tract 2905, Midland County, Michigan,768,15,138,361,184,70
1400000US26111290600,26111290600,Census Tract 2906, Midland County, Michigan,1009,92,466,344,58,49
1400000US26111290700,26111290700,Census Tract 2907, Midland County, Michigan,1646,58,727,652,175,34
1400000US26111290800,26111290800,Census Tract 2908, Midland County, Michigan,2026,91,527,1054,332,22
1400000US26111290900,26111290900,Census Tract 2909, Midland County, Michigan,3030,80,794,1442,444,270
1400000US26111291000,26111291000,Census Tract 2910, Midland County, Michigan,2659,110,955,1182,322,90
1400000US26111291101,26111291101,Census Tract 2911.01, Midland County, Michigan,1441,31,325,687,305,93
1400000US26111291102,26111291102,Census Tract 2911.02, Midland County, Michigan,3724,199,876,1572,688,389
1400000US26111291200,26111291200,Census Tract 2912, Midland County, Michigan,2186,91,555,1116,289,135
1400000US26111291300,26111291300,Census Tract 2913, Midland County, Michigan,1657,50,398,685,339,185
1400000US26111291400,26111291400,Census Tract 2914, Midland County, Michigan,1528,77,385,614,298,154
1400000US26111291500,26111291500,Census Tract 2915, Midland County, Michigan,1525,71,411,520,423,100
1400000US26111291601,26111291601,Census Tract 2916.01, Midland County, Michigan,1035,48,244,445,206,92
1400000US26111291602,26111291602,Census Tract 2916.02, Midland County, Michigan,1968,42,546,740,468,172
1400000US26111291700,26111291700,Census Tract 2917, Midland County, Michigan,1813,57,567,781,299,109
1400000US26113960100,26113960100,Census Tract 9601, Missaukee County, Michigan,1608,64,555,667,219,103
1400000US26113960200,26113960200,Census Tract 9602, Missaukee County, Michigan,1328,65,471,674,95,23
1400000US26113960300,26113960300,Census Tract 9603, Missaukee County, Michigan,1842,93,527,763,318,141
1400000US26113960400,26113960400,Census Tract 9604, Missaukee County, Michigan,1163,43,329,518,157,116
1400000US26115830100,26115830100,Census Tract 8301, Monroe County, Michigan,1380,52,328,553,269,178
1400000US26115830200,26115830200,Census Tract 8302, Monroe County, Michigan,2068,10,391,925,559,183
1400000US26115830300,26115830300,Census Tract 8303, Monroe County, Michigan,1414,60,402,498,220,234
1400000US26115830400,26115830400,Census Tract 8304, Monroe County, Michigan,1577,68,447,594,286,182
1400000US26115830500,26115830500,Census Tract 8305, Monroe County, Michigan,1265,40,209,511,287,218
1400000US26115830600,26115830600,Census Tract 8306, Monroe County, Michigan,1076,35,215,370,238,218
1400000US26115830700,26115830700,Census Tract 8307, Monroe County, Michigan,1374,70,486,397,235,186
1400000US26115830800,26115830800,Census Tract 8308, Monroe County, Michigan,2954,301,935,1127,417,174
1400000US26115830900,26115830900,Census Tract 8309, Monroe County, Michigan,884,5,113,383,230,153
1400000US26115831000,26115831000,Census Tract 8310, Monroe County, Michigan,1121,17,260,430,346,68
1400000US26115831100,26115831100,Census Tract 8311, Monroe County, Michigan,925,53,245,402,135,90
1400000US26115831200,26115831200,Census Tract 8312, Monroe County, Michigan,2532,86,1001,948,314,183
1400000US26115831300,26115831300,Census Tract 8313, Monroe County, Michigan,1886,102,630,765,268,121
1400000US26115831400,26115831400,Census Tract 8314, Monroe County, Michigan,3027,243,1181,1312,235,56
1400000US26115831500,26115831500,Census Tract 8315, Monroe County, Michigan,1383,242,495,475,122,49
1400000US26115831600,26115831600,Census Tract 8316, Monroe County, Michigan,1433,197,529,515,152,40
1400000US26115831700,26115831700,Census Tract 8317, Monroe County, Michigan,1473,69,372,770,224,38
1400000US26115831800,26115831800,Census Tract 8318, Monroe County, Michigan,425,83,226,87,10,19
1400000US26115831900,26115831900,Census Tract 8319, Monroe County, Michigan,493,52,146,218,31,46
1400000US26115832000,26115832000,Census Tract 8320, Monroe County, Michigan,638,32,232,255,101,18
1400000US26115832100,26115832100,Census Tract 8321, Monroe County, Michigan,1294,185,516,436,127,30
1400000US26115832200,26115832200,Census Tract 8322, Monroe County, Michigan,709,78,286,230,97,18
1400000US26115832300,26115832300,Census Tract 8323, Monroe County, Michigan,1862,145,673,638,342,64
1400000US26115832400,26115832400,Census Tract 8324, Monroe County, Michigan,1842,205,554,650,330,103
1400000US26115832500,26115832500,Census Tract 8325, Monroe County, Michigan,1916,91,863,636,246,80
1400000US26115832600,26115832600,Census Tract 8326, Monroe County, Michigan,806,19,165,384,177,61
1400000US26115832700,26115832700,Census Tract 8327, Monroe County, Michigan,998,20,210,387,226,155
1400000US26115832800,26115832800,Census Tract 8328, Monroe County, Michigan,1834,65,314,726,508,221
1400000US26115832900,26115832900,Census Tract 8329, Monroe County, Michigan,1644,48,396,620,411,169
1400000US26115833000,26115833000,Census Tract 8330, Monroe County, Michigan,1771,35,374,829,260,273
1400000US26115833100,26115833100,Census Tract 8331, Monroe County, Michigan,1941,15,449,863,375,239
1400000US26115833200,26115833200,Census Tract 8332, Monroe County, Michigan,1528,0,429,600,367,132
1400000US26115833300,26115833300,Census Tract 8333, Monroe County, Michigan,2683,150,512,1352,353,316
1400000US26115833500,26115833500,Census Tract 8335, Monroe County, Michigan,2055,197,680,721,311,146
1400000US26115833600,26115833600,Census Tract 8336, Monroe County, Michigan,1207,50,262,615,191,89
1400000US26115833700,26115833700,Census Tract 8337, Monroe County, Michigan,1148,66,419,350,218,95
1400000US26115833800,26115833800,Census Tract 8338, Monroe County, Michigan,2040,113,752,812,281,82
1400000US26115833900,26115833900,Census Tract 8339, Monroe County, Michigan,2046,72,421,979,371,203
1400000US26115990000,26115990000,Census Tract 9900, Monroe County, Michigan,0,0,0,0,0,0
1400000US26117970100,26117970100,Census Tract 9701, Montcalm County, Michigan,1688,85,481,774,257,91
1400000US26117970200,26117970200,Census Tract 9702, Montcalm County, Michigan,1314,101,469,464,188,92
1400000US26117970300,26117970300,Census Tract 9703, Montcalm County, Michigan,1301,114,431,496,151,109
1400000US26117970400,26117970400,Census Tract 9704, Montcalm County, Michigan,1328,133,469,485,176,65
1400000US26117970500,26117970500,Census Tract 9705, Montcalm County, Michigan,2692,130,771,1051,459,281
1400000US26117970600,26117970600,Census Tract 9706, Montcalm County, Michigan,2071,57,592,904,406,112
1400000US26117970700,26117970700,Census Tract 9707, Montcalm County, Michigan,2130,151,524,997,326,132
1400000US26117970800,26117970800,Census Tract 9708, Montcalm County, Michigan,1776,185,524,696,217,154
1400000US26117970900,26117970900,Census Tract 9709, Montcalm County, Michigan,1350,54,444,427,331,94
1400000US26117971000,26117971000,Census Tract 9710, Montcalm County, Michigan,1689,99,572,598,300,120
1400000US26117971100,26117971100,Census Tract 9711, Montcalm County, Michigan,1986,107,638,820,322,99
1400000US26117971200,26117971200,Census Tract 9712, Montcalm County, Michigan,2131,127,657,945,349,53
1400000US26117971300,26117971300,Census Tract 9713, Montcalm County, Michigan,2100,183,897,748,175,97
1400000US26119910100,26119910100,Census Tract 9101, Montmorency County, Michigan,1025,49,378,428,132,38
1400000US26119910200,26119910200,Census Tract 9102, Montmorency County, Michigan,727,44,236,290,130,27
1400000US26119910300,26119910300,Census Tract 9103, Montmorency County, Michigan,722,23,255,265,153,26
1400000US26119910400,26119910400,Census Tract 9104, Montmorency County, Michigan,992,69,384,296,126,117
1400000US26119910500,26119910500,Census Tract 9105, Montmorency County, Michigan,608,17,207,251,85,48
1400000US26121000100,26121000100,Census Tract 1, Muskegon County, Michigan,1821,493,768,378,147,35
1400000US26121000300,26121000300,Census Tract 3, Muskegon County, Michigan,1142,320,534,202,26,60
1400000US26121000401,26121000401,Census Tract 4.01, Muskegon County, Michigan,1719,217,901,400,176,25
1400000US26121000402,26121000402,Census Tract 4.02, Muskegon County, Michigan,289,46,149,85,0,9
1400000US26121000500,26121000500,Census Tract 5, Muskegon County, Michigan,1693,489,684,322,154,44
1400000US26121000601,26121000601,Census Tract 6.01, Muskegon County, Michigan,592,71,259,243,19,0
1400000US26121000800,26121000800,Census Tract 8, Muskegon County, Michigan,1352,183,560,537,27,45
1400000US26121000900,26121000900,Census Tract 9, Muskegon County, Michigan,1583,30,823,551,163,16
1400000US26121001000,26121001000,Census Tract 10, Muskegon County, Michigan,588,10,205,286,81,6
1400000US26121001200,26121001200,Census Tract 12, Muskegon County, Michigan,803,104,413,180,42,64
1400000US26121001300,26121001300,Census Tract 13, Muskegon County, Michigan,841,208,445,174,14,0
1400000US26121001402,26121001402,Census Tract 14.02, Muskegon County, Michigan,1558,345,714,340,136,23
1400000US26121001500,26121001500,Census Tract 15, Muskegon County, Michigan,1577,186,417,743,146,85
1400000US26121001600,26121001600,Census Tract 16, Muskegon County, Michigan,1040,19,267,350,204,200
1400000US26121001700,26121001700,Census Tract 17, Muskegon County, Michigan,1905,55,509,677,481,183
1400000US26121001800,26121001800,Census Tract 18, Muskegon County, Michigan,1747,61,430,849,263,144
1400000US26121001901,26121001901,Census Tract 19.01, Muskegon County, Michigan,1344,114,338,515,270,107
1400000US26121001902,26121001902,Census Tract 19.02, Muskegon County, Michigan,2074,188,809,711,185,181
1400000US26121002000,26121002000,Census Tract 20, Muskegon County, Michigan,1592,112,587,625,236,32
1400000US26121002100,26121002100,Census Tract 21, Muskegon County, Michigan,1565,186,733,471,121,54
1400000US26121002200,26121002200,Census Tract 22, Muskegon County, Michigan,1620,81,715,632,176,16
1400000US26121002300,26121002300,Census Tract 23, Muskegon County, Michigan,2193,13,569,1062,424,125
1400000US26121002400,26121002400,Census Tract 24, Muskegon County, Michigan,1626,297,531,588,163,47
1400000US26121002500,26121002500,Census Tract 25, Muskegon County, Michigan,2880,59,841,1263,556,161
1400000US26121002601,26121002601,Census Tract 26.01, Muskegon County, Michigan,1535,138,679,515,163,40
1400000US26121002602,26121002602,Census Tract 26.02, Muskegon County, Michigan,1811,63,864,668,158,58
1400000US26121002700,26121002700,Census Tract 27, Muskegon County, Michigan,2856,33,741,1373,480,229
1400000US26121002800,26121002800,Census Tract 28, Muskegon County, Michigan,2440,76,650,1141,405,168
1400000US26121002900,26121002900,Census Tract 29, Muskegon County, Michigan,2015,66,494,829,435,191
1400000US26121003000,26121003000,Census Tract 30, Muskegon County, Michigan,1478,23,302,626,369,158
1400000US26121003100,26121003100,Census Tract 31, Muskegon County, Michigan,1517,53,470,660,287,47
1400000US26121003200,26121003200,Census Tract 32, Muskegon County, Michigan,1832,47,530,746,331,178
1400000US26121003300,26121003300,Census Tract 33, Muskegon County, Michigan,1866,96,541,844,269,116
1400000US26121003400,26121003400,Census Tract 34, Muskegon County, Michigan,1532,0,416,726,302,88
1400000US26121003500,26121003500,Census Tract 35, Muskegon County, Michigan,1494,20,338,776,246,114
1400000US26121003600,26121003600,Census Tract 36, Muskegon County, Michigan,2302,70,356,1155,565,156
1400000US26121003700,26121003700,Census Tract 37, Muskegon County, Michigan,2249,205,656,868,399,121
1400000US26121003800,26121003800,Census Tract 38, Muskegon County, Michigan,1428,100,420,659,175,74
1400000US26121003900,26121003900,Census Tract 39, Muskegon County, Michigan,692,19,175,295,134,69
1400000US26121004000,26121004000,Census Tract 40, Muskegon County, Michigan,696,5,68,311,155,157
1400000US26121004200,26121004200,Census Tract 42, Muskegon County, Michigan,1537,422,758,299,24,34
1400000US26121004300,26121004300,Census Tract 43, Muskegon County, Michigan,792,273,338,149,18,14
1400000US26121990000,26121990000,Census Tract 9900, Muskegon County, Michigan,0,0,0,0,0,0
1400000US26123970100,26123970100,Census Tract 9701, Newaygo County, Michigan,1883,124,582,688,338,151
1400000US26123970300,26123970300,Census Tract 9703, Newaygo County, Michigan,1504,48,473,591,300,92
1400000US26123970400,26123970400,Census Tract 9704, Newaygo County, Michigan,1911,41,475,795,381,219
1400000US26123970500,26123970500,Census Tract 9705, Newaygo County, Michigan,1932,154,784,698,233,63
1400000US26123970600,26123970600,Census Tract 9706, Newaygo County, Michigan,1437,85,339,586,250,177
1400000US26123970700,26123970700,Census Tract 9707, Newaygo County, Michigan,1602,127,536,586,227,126
1400000US26123970800,26123970800,Census Tract 9708, Newaygo County, Michigan,1444,78,609,486,193,78
1400000US26123970900,26123970900,Census Tract 9709, Newaygo County, Michigan,1748,69,556,798,242,83
1400000US26123971000,26123971000,Census Tract 9710, Newaygo County, Michigan,1818,36,444,716,405,217
1400000US26123971100,26123971100,Census Tract 9711, Newaygo County, Michigan,1733,94,533,568,364,174
1400000US26123971200,26123971200,Census Tract 9712, Newaygo County, Michigan,1760,47,576,702,250,185
1400000US26125120000,26125120000,Census Tract 1200, Oakland County, Michigan,1125,24,221,527,210,143
1400000US26125120300,26125120300,Census Tract 1203, Oakland County, Michigan,1263,48,217,573,307,118
1400000US26125121000,26125121000,Census Tract 1210, Oakland County, Michigan,1215,98,386,490,184,57
1400000US26125121400,26125121400,Census Tract 1214, Oakland County, Michigan,1537,93,242,793,323,86
1400000US26125121500,26125121500,Census Tract 1215, Oakland County, Michigan,1505,90,551,582,192,90
1400000US26125121700,26125121700,Census Tract 1217, Oakland County, Michigan,2064,20,426,957,447,214
1400000US26125121800,26125121800,Census Tract 1218, Oakland County, Michigan,1755,22,434,766,390,143
1400000US26125122200,26125122200,Census Tract 1222, Oakland County, Michigan,1298,31,143,499,365,260
1400000US26125122400,26125122400,Census Tract 1224, Oakland County, Michigan,2518,119,908,666,449,376
1400000US26125122700,26125122700,Census Tract 1227, Oakland County, Michigan,1174,52,168,759,130,65
1400000US26125122900,26125122900,Census Tract 1229, Oakland County, Michigan,739,27,240,273,128,71
1400000US26125123000,26125123000,Census Tract 1230, Oakland County, Michigan,826,14,231,282,178,121
1400000US26125123100,26125123100,Census Tract 1231, Oakland County, Michigan,1093,29,132,453,311,168
1400000US26125124000,26125124000,Census Tract 1240, Oakland County, Michigan,1919,17,437,889,338,238
1400000US26125124500,26125124500,Census Tract 1245, Oakland County, Michigan,2459,81,1011,914,410,43
1400000US26125125000,26125125000,Census Tract 1250, Oakland County, Michigan,1394,9,350,638,308,89
1400000US26125125600,26125125600,Census Tract 1256, Oakland County, Michigan,1179,15,273,407,307,177
1400000US26125126200,26125126200,Census Tract 1262, Oakland County, Michigan,957,5,102,500,220,130
1400000US26125126300,26125126300,Census Tract 1263, Oakland County, Michigan,1773,20,614,763,263,113
1400000US26125126400,26125126400,Census Tract 1264, Oakland County, Michigan,1377,8,292,642,286,149
1400000US26125126500,26125126500,Census Tract 1265, Oakland County, Michigan,1078,40,194,347,323,174
1400000US26125127000,26125127000,Census Tract 1270, Oakland County, Michigan,1953,15,520,857,382,179
1400000US26125127100,26125127100,Census Tract 1271, Oakland County, Michigan,1958,12,289,989,490,178
1400000US26125127200,26125127200,Census Tract 1272, Oakland County, Michigan,696,29,172,304,140,51
1400000US26125127300,26125127300,Census Tract 1273, Oakland County, Michigan,2044,112,905,681,251,95
1400000US26125127400,26125127400,Census Tract 1274, Oakland County, Michigan,646,9,146,346,64,81
1400000US26125127500,26125127500,Census Tract 1275, Oakland County, Michigan,2528,104,640,1258,384,142
1400000US26125127600,26125127600,Census Tract 1276, Oakland County, Michigan,1518,18,179,816,303,202
1400000US26125127700,26125127700,Census Tract 1277, Oakland County, Michigan,2563,34,691,1342,360,136
1400000US26125128000,26125128000,Census Tract 1280, Oakland County, Michigan,1191,13,229,611,244,94
1400000US26125128100,26125128100,Census Tract 1281, Oakland County, Michigan,1069,59,240,404,234,132
1400000US26125128200,26125128200,Census Tract 1282, Oakland County, Michigan,1194,10,209,571,306,98
1400000US26125128300,26125128300,Census Tract 1283, Oakland County, Michigan,1862,52,662,734,275,139
1400000US26125128400,26125128400,Census Tract 1284, Oakland County, Michigan,1464,91,591,469,170,143
1400000US26125128500,26125128500,Census Tract 1285, Oakland County, Michigan,1250,24,385,573,187,81
1400000US26125128600,26125128600,Census Tract 1286, Oakland County, Michigan,1143,0,77,625,260,181
1400000US26125128700,26125128700,Census Tract 1287, Oakland County, Michigan,651,0,70,368,154,59
1400000US26125128800,26125128800,Census Tract 1288, Oakland County, Michigan,514,15,77,230,111,81
1400000US26125128900,26125128900,Census Tract 1289, Oakland County, Michigan,2101,27,393,1143,330,208
1400000US26125129000,26125129000,Census Tract 1290, Oakland County, Michigan,1305,97,371,626,115,96
1400000US26125130000,26125130000,Census Tract 1300, Oakland County, Michigan,1383,24,539,581,224,15
1400000US26125130100,26125130100,Census Tract 1301, Oakland County, Michigan,867,41,148,337,217,124
1400000US26125130200,26125130200,Census Tract 1302, Oakland County, Michigan,2031,22,373,951,446,239
1400000US26125130300,26125130300,Census Tract 1303, Oakland County, Michigan,1338,31,310,579,264,154
1400000US26125130400,26125130400,Census Tract 1304, Oakland County, Michigan,1141,12,297,538,162,132
1400000US26125130500,26125130500,Census Tract 1305, Oakland County, Michigan,1243,10,225,530,296,182
1400000US26125130600,26125130600,Census Tract 1306, Oakland County, Michigan,1243,28,283,643,232,57
1400000US26125130700,26125130700,Census Tract 1307, Oakland County, Michigan,2444,252,404,986,480,322
1400000US26125131100,26125131100,Census Tract 1311, Oakland County, Michigan,834,16,112,430,181,95
1400000US26125131300,26125131300,Census Tract 1313, Oakland County, Michigan,1907,45,519,780,258,305
1400000US26125131400,26125131400,Census Tract 1314, Oakland County, Michigan,847,17,172,414,163,81
1400000US26125131500,26125131500,Census Tract 1315, Oakland County, Michigan,1471,34,329,575,300,233
1400000US26125131600,26125131600,Census Tract 1316, Oakland County, Michigan,994,10,130,483,229,142
1400000US26125131800,26125131800,Census Tract 1318, Oakland County, Michigan,1457,108,339,715,258,37
1400000US26125132100,26125132100,Census Tract 1321, Oakland County, Michigan,2356,177,629,962,380,208
1400000US26125132500,26125132500,Census Tract 1325, Oakland County, Michigan,1510,88,575,564,189,94
1400000US26125132600,26125132600,Census Tract 1326, Oakland County, Michigan,1407,37,186,704,317,163
1400000US26125132700,26125132700,Census Tract 1327, Oakland County, Michigan,1185,26,340,484,266,69
1400000US26125133001,26125133001,Census Tract 1330.01, Oakland County, Michigan,951,10,151,460,174,156
1400000US26125133002,26125133002,Census Tract 1330.02, Oakland County, Michigan,1170,10,273,585,213,89
1400000US26125133003,26125133003,Census Tract 1330.03, Oakland County, Michigan,1421,37,550,637,171,26
1400000US26125133100,26125133100,Census Tract 1331, Oakland County, Michigan,2647,252,1738,576,71,10
1400000US26125134000,26125134000,Census Tract 1340, Oakland County, Michigan,1836,48,520,753,303,212
1400000US26125134300,26125134300,Census Tract 1343, Oakland County, Michigan,1797,21,372,829,438,137
1400000US26125134400,26125134400,Census Tract 1344, Oakland County, Michigan,1729,10,309,897,389,124
1400000US26125134500,26125134500,Census Tract 1345, Oakland County, Michigan,1095,9,211,562,265,48
1400000US26125134600,26125134600,Census Tract 1346, Oakland County, Michigan,1696,65,374,757,393,107
1400000US26125134700,26125134700,Census Tract 1347, Oakland County, Michigan,1468,127,541,546,234,20
1400000US26125134800,26125134800,Census Tract 1348, Oakland County, Michigan,1553,36,642,684,160,31
1400000US26125134900,26125134900,Census Tract 1349, Oakland County, Michigan,1974,125,877,713,206,53
1400000US26125135000,26125135000,Census Tract 1350, Oakland County, Michigan,1159,16,409,487,196,51
1400000US26125135100,26125135100,Census Tract 1351, Oakland County, Michigan,1945,0,307,839,501,298
1400000US26125135200,26125135200,Census Tract 1352, Oakland County, Michigan,1331,48,480,614,135,54
1400000US26125135300,26125135300,Census Tract 1353, Oakland County, Michigan,1648,53,157,946,376,116
1400000US26125136000,26125136000,Census Tract 1360, Oakland County, Michigan,1183,159,447,394,169,14
1400000US26125136101,26125136101,Census Tract 1361.01, Oakland County, Michigan,1931,19,530,1031,284,67
1400000US26125136102,26125136102,Census Tract 1361.02, Oakland County, Michigan,2332,99,1348,773,72,40
1400000US26125136300,26125136300,Census Tract 1363, Oakland County, Michigan,1851,89,626,844,177,115
1400000US26125136500,26125136500,Census Tract 1365, Oakland County, Michigan,2168,115,923,893,195,42
1400000US26125136600,26125136600,Census Tract 1366, Oakland County, Michigan,3107,74,892,1671,425,45
1400000US26125136700,26125136700,Census Tract 1367, Oakland County, Michigan,2267,126,648,989,361,143
1400000US26125136800,26125136800,Census Tract 1368, Oakland County, Michigan,2070,334,929,595,143,69
1400000US26125137100,26125137100,Census Tract 1371, Oakland County, Michigan,3250,40,674,1804,514,218
1400000US26125137400,26125137400,Census Tract 1374, Oakland County, Michigan,1986,31,151,977,584,243
1400000US26125137700,26125137700,Census Tract 1377, Oakland County, Michigan,679,17,175,371,95,21
1400000US26125137800,26125137800,Census Tract 1378, Oakland County, Michigan,1403,11,379,639,295,79
1400000US26125138100,26125138100,Census Tract 1381, Oakland County, Michigan,1686,18,225,981,294,168
1400000US26125138301,26125138301,Census Tract 1383.01, Oakland County, Michigan,1460,83,411,599,257,110
1400000US26125138302,26125138302,Census Tract 1383.02, Oakland County, Michigan,2306,176,378,1097,470,185
1400000US26125138600,26125138600,Census Tract 1386, Oakland County, Michigan,831,17,84,411,197,122
1400000US26125139200,26125139200,Census Tract 1392, Oakland County, Michigan,2996,107,1194,1255,374,66
1400000US26125139400,26125139400,Census Tract 1394, Oakland County, Michigan,1920,118,603,819,209,171
1400000US26125140100,26125140100,Census Tract 1401, Oakland County, Michigan,468,0,111,234,101,22
1400000US26125140301,26125140301,Census Tract 1403.01, Oakland County, Michigan,1991,187,1024,624,143,13
1400000US26125140302,26125140302,Census Tract 1403.02, Oakland County, Michigan,1672,71,623,713,234,31
1400000US26125140500,26125140500,Census Tract 1405, Oakland County, Michigan,1097,38,460,423,176,0
1400000US26125140600,26125140600,Census Tract 1406, Oakland County, Michigan,977,77,264,471,103,62
1400000US26125140700,26125140700,Census Tract 1407, Oakland County, Michigan,1040,43,386,455,138,18
1400000US26125140800,26125140800,Census Tract 1408, Oakland County, Michigan,1980,87,760,858,215,60
1400000US26125140900,26125140900,Census Tract 1409, Oakland County, Michigan,1146,70,585,325,100,66
1400000US26125141000,26125141000,Census Tract 1410, Oakland County, Michigan,2331,328,1075,718,171,39
1400000US26125141100,26125141100,Census Tract 1411, Oakland County, Michigan,1242,254,407,442,106,33
1400000US26125141200,26125141200,Census Tract 1412, Oakland County, Michigan,1475,467,593,355,60,0
1400000US26125141300,26125141300,Census Tract 1413, Oakland County, Michigan,1463,76,628,616,64,79
1400000US26125141400,26125141400,Census Tract 1414, Oakland County, Michigan,1666,156,705,564,157,84
1400000US26125141500,26125141500,Census Tract 1415, Oakland County, Michigan,2427,267,1161,763,209,27
1400000US26125141600,26125141600,Census Tract 1416, Oakland County, Michigan,1452,241,677,358,138,38
1400000US26125141700,26125141700,Census Tract 1417, Oakland County, Michigan,936,273,383,152,108,20
1400000US26125142000,26125142000,Census Tract 1420, Oakland County, Michigan,1002,246,441,242,58,15
1400000US26125142100,26125142100,Census Tract 1421, Oakland County, Michigan,561,109,300,74,58,20
1400000US26125142200,26125142200,Census Tract 1422, Oakland County, Michigan,1110,335,494,191,57,33
1400000US26125142300,26125142300,Census Tract 1423, Oakland County, Michigan,1145,308,619,200,18,0
1400000US26125142400,26125142400,Census Tract 1424, Oakland County, Michigan,1289,188,543,401,121,36
1400000US26125142500,26125142500,Census Tract 1425, Oakland County, Michigan,913,85,365,280,152,31
1400000US26125142600,26125142600,Census Tract 1426, Oakland County, Michigan,1520,131,588,560,211,30
1400000US26125142700,26125142700,Census Tract 1427, Oakland County, Michigan,1584,333,716,406,86,43
1400000US26125143500,26125143500,Census Tract 1435, Oakland County, Michigan,2354,47,496,1096,445,270
1400000US26125144100,26125144100,Census Tract 1441, Oakland County, Michigan,1741,44,702,563,323,109
1400000US26125144200,26125144200,Census Tract 1442, Oakland County, Michigan,1735,35,425,721,382,172
1400000US26125144300,26125144300,Census Tract 1443, Oakland County, Michigan,1465,18,483,624,279,61
1400000US26125144400,26125144400,Census Tract 1444, Oakland County, Michigan,1895,126,640,763,240,126
1400000US26125144500,26125144500,Census Tract 1445, Oakland County, Michigan,1355,59,400,455,313,128
1400000US26125144600,26125144600,Census Tract 1446, Oakland County, Michigan,1569,52,514,642,273,88
1400000US26125144701,26125144701,Census Tract 1447.01, Oakland County, Michigan,1791,179,819,633,139,21
1400000US26125144800,26125144800,Census Tract 1448, Oakland County, Michigan,1047,23,360,435,160,69
1400000US26125144900,26125144900,Census Tract 1449, Oakland County, Michigan,1908,189,988,395,202,134
1400000US26125145100,26125145100,Census Tract 1451, Oakland County, Michigan,908,17,300,382,157,52
1400000US26125145200,26125145200,Census Tract 1452, Oakland County, Michigan,1594,99,558,748,109,80
1400000US26125145300,26125145300,Census Tract 1453, Oakland County, Michigan,1867,40,692,774,257,104
1400000US26125145400,26125145400,Census Tract 1454, Oakland County, Michigan,1691,197,577,568,275,74
1400000US26125145501,26125145501,Census Tract 1455.01, Oakland County, Michigan,1519,11,411,837,156,104
1400000US26125145502,26125145502,Census Tract 1455.02, Oakland County, Michigan,1585,47,567,727,157,87
1400000US26125145600,26125145600,Census Tract 1456, Oakland County, Michigan,1902,61,671,724,302,144
1400000US26125145700,26125145700,Census Tract 1457, Oakland County, Michigan,1169,39,452,442,196,40
1400000US26125145900,26125145900,Census Tract 1459, Oakland County, Michigan,1402,172,786,210,200,34
1400000US26125150000,26125150000,Census Tract 1500, Oakland County, Michigan,2386,15,954,1105,216,96
1400000US26125150100,26125150100,Census Tract 1501, Oakland County, Michigan,1564,116,576,588,196,88
1400000US26125150200,26125150200,Census Tract 1502, Oakland County, Michigan,972,16,225,428,217,86
1400000US26125150300,26125150300,Census Tract 1503, Oakland County, Michigan,1939,55,587,934,258,105
1400000US26125150400,26125150400,Census Tract 1504, Oakland County, Michigan,935,8,102,518,226,81
1400000US26125150500,26125150500,Census Tract 1505, Oakland County, Michigan,1079,18,212,444,325,80
1400000US26125150600,26125150600,Census Tract 1506, Oakland County, Michigan,1044,6,127,625,214,72
1400000US26125150700,26125150700,Census Tract 1507, Oakland County, Michigan,1581,28,252,889,255,157
1400000US26125150800,26125150800,Census Tract 1508, Oakland County, Michigan,1707,38,302,899,372,96
1400000US26125150900,26125150900,Census Tract 1509, Oakland County, Michigan,1611,44,452,815,189,111
1400000US26125151000,26125151000,Census Tract 1510, Oakland County, Michigan,1760,18,285,989,363,105
1400000US26125152000,26125152000,Census Tract 1520, Oakland County, Michigan,1292,10,221,540,335,186
1400000US26125152600,26125152600,Census Tract 1526, Oakland County, Michigan,1503,22,315,814,288,64
1400000US26125152700,26125152700,Census Tract 1527, Oakland County, Michigan,1059,8,188,621,152,90
1400000US26125152900,26125152900,Census Tract 1529, Oakland County, Michigan,1879,88,802,801,121,67
1400000US26125153000,26125153000,Census Tract 1530, Oakland County, Michigan,1085,44,542,439,39,21
1400000US26125153100,26125153100,Census Tract 1531, Oakland County, Michigan,919,27,257,425,161,49
1400000US26125153200,26125153200,Census Tract 1532, Oakland County, Michigan,1061,114,411,467,32,37
1400000US26125153300,26125153300,Census Tract 1533, Oakland County, Michigan,1476,47,427,777,191,34
1400000US26125154000,26125154000,Census Tract 1540, Oakland County, Michigan,846,13,359,362,93,19
1400000US26125154100,26125154100,Census Tract 1541, Oakland County, Michigan,1077,9,200,584,220,64
1400000US26125154200,26125154200,Census Tract 1542, Oakland County, Michigan,1512,51,828,457,156,20
1400000US26125154500,26125154500,Census Tract 1545, Oakland County, Michigan,855,18,85,346,308,98
1400000US26125154600,26125154600,Census Tract 1546, Oakland County, Michigan,987,32,172,417,245,121
1400000US26125156000,26125156000,Census Tract 1560, Oakland County, Michigan,1126,16,398,505,118,89
1400000US26125156100,26125156100,Census Tract 1561, Oakland County, Michigan,1525,0,139,800,387,199
1400000US26125156200,26125156200,Census Tract 1562, Oakland County, Michigan,2407,37,478,1245,474,173
1400000US26125156300,26125156300,Census Tract 1563, Oakland County, Michigan,1533,18,329,885,248,53
1400000US26125156400,26125156400,Census Tract 1564, Oakland County, Michigan,1509,52,393,726,266,72
1400000US26125156500,26125156500,Census Tract 1565, Oakland County, Michigan,1650,27,273,900,287,163
1400000US26125156900,26125156900,Census Tract 1569, Oakland County, Michigan,1089,11,243,583,163,89
1400000US26125157000,26125157000,Census Tract 1570, Oakland County, Michigan,794,15,143,426,166,44
1400000US26125157100,26125157100,Census Tract 1571, Oakland County, Michigan,727,5,143,378,128,73
1400000US26125157200,26125157200,Census Tract 1572, Oakland County, Michigan,1352,192,384,473,202,101
1400000US26125157300,26125157300,Census Tract 1573, Oakland County, Michigan,1405,0,630,503,195,77
1400000US26125157400,26125157400,Census Tract 1574, Oakland County, Michigan,856,37,213,366,131,109
1400000US26125157500,26125157500,Census Tract 1575, Oakland County, Michigan,1534,279,586,392,168,109
1400000US26125157600,26125157600,Census Tract 1576, Oakland County, Michigan,1773,0,574,790,283,126
1400000US26125157700,26125157700,Census Tract 1577, Oakland County, Michigan,791,18,126,324,188,135
1400000US26125157800,26125157800,Census Tract 1578, Oakland County, Michigan,1657,41,704,711,150,51
1400000US26125157900,26125157900,Census Tract 1579, Oakland County, Michigan,1030,16,184,587,163,80
1400000US26125158000,26125158000,Census Tract 1580, Oakland County, Michigan,1385,33,153,708,316,175
1400000US26125158100,26125158100,Census Tract 1581, Oakland County, Michigan,1268,29,484,507,173,75
1400000US26125158200,26125158200,Census Tract 1582, Oakland County, Michigan,1489,30,532,662,189,76
1400000US26125159000,26125159000,Census Tract 1590, Oakland County, Michigan,1662,72,365,719,341,165
1400000US26125160000,26125160000,Census Tract 1600, Oakland County, Michigan,1541,6,441,779,194,121
1400000US26125160300,26125160300,Census Tract 1603, Oakland County, Michigan,1878,609,980,264,25,0
1400000US26125160400,26125160400,Census Tract 1604, Oakland County, Michigan,1458,326,727,285,71,49
1400000US26125160500,26125160500,Census Tract 1605, Oakland County, Michigan,1596,117,673,547,218,41
1400000US26125160600,26125160600,Census Tract 1606, Oakland County, Michigan,1710,24,655,661,232,138
1400000US26125160700,26125160700,Census Tract 1607, Oakland County, Michigan,626,43,154,263,125,41
1400000US26125160800,26125160800,Census Tract 1608, Oakland County, Michigan,1686,159,616,689,136,86
1400000US26125160900,26125160900,Census Tract 1609, Oakland County, Michigan,2204,49,1292,621,185,57
1400000US26125161000,26125161000,Census Tract 1610, Oakland County, Michigan,979,125,400,297,120,37
1400000US26125161100,26125161100,Census Tract 1611, Oakland County, Michigan,2142,535,1191,325,46,45
1400000US26125161200,26125161200,Census Tract 1612, Oakland County, Michigan,1828,10,424,989,272,133
1400000US26125161300,26125161300,Census Tract 1613, Oakland County, Michigan,1436,21,620,565,179,51
1400000US26125161400,26125161400,Census Tract 1614, Oakland County, Michigan,1473,326,518,408,160,61
1400000US26125161500,26125161500,Census Tract 1615, Oakland County, Michigan,701,19,171,346,127,38
1400000US26125161600,26125161600,Census Tract 1616, Oakland County, Michigan,1087,35,711,278,31,32
1400000US26125161700,26125161700,Census Tract 1617, Oakland County, Michigan,1078,22,222,558,208,68
1400000US26125161800,26125161800,Census Tract 1618, Oakland County, Michigan,1779,117,793,659,175,35
1400000US26125161900,26125161900,Census Tract 1619, Oakland County, Michigan,854,12,378,247,158,59
1400000US26125162000,26125162000,Census Tract 1620, Oakland County, Michigan,1414,118,500,534,218,44
1400000US26125162100,26125162100,Census Tract 1621, Oakland County, Michigan,1784,278,1044,422,27,13
1400000US26125162200,26125162200,Census Tract 1622, Oakland County, Michigan,676,71,435,150,20,0
1400000US26125162300,26125162300,Census Tract 1623, Oakland County, Michigan,1606,45,572,640,265,84
1400000US26125162400,26125162400,Census Tract 1624, Oakland County, Michigan,853,25,370,276,144,38
1400000US26125162500,26125162500,Census Tract 1625, Oakland County, Michigan,1485,108,788,415,155,19
1400000US26125165000,26125165000,Census Tract 1650, Oakland County, Michigan,1427,93,595,514,148,77
1400000US26125165100,26125165100,Census Tract 1651, Oakland County, Michigan,1744,61,690,674,216,103
1400000US26125165200,26125165200,Census Tract 1652, Oakland County, Michigan,1546,46,858,488,95,59
1400000US26125166000,26125166000,Census Tract 1660, Oakland County, Michigan,1176,112,452,519,79,14
1400000US26125166100,26125166100,Census Tract 1661, Oakland County, Michigan,1581,77,758,551,156,39
1400000US26125166200,26125166200,Census Tract 1662, Oakland County, Michigan,991,8,201,497,178,107
1400000US26125166400,26125166400,Census Tract 1664, Oakland County, Michigan,1153,27,254,698,116,58
1400000US26125166500,26125166500,Census Tract 1665, Oakland County, Michigan,1039,9,287,494,152,97
1400000US26125166600,26125166600,Census Tract 1666, Oakland County, Michigan,2035,396,1009,489,72,69
1400000US26125166700,26125166700,Census Tract 1667, Oakland County, Michigan,842,24,145,411,159,103
1400000US26125166800,26125166800,Census Tract 1668, Oakland County, Michigan,1247,201,225,538,187,96
1400000US26125166900,26125166900,Census Tract 1669, Oakland County, Michigan,1401,0,283,754,289,75
1400000US26125167000,26125167000,Census Tract 1670, Oakland County, Michigan,2110,41,488,976,459,146
1400000US26125167300,26125167300,Census Tract 1673, Oakland County, Michigan,1524,72,622,547,205,78
1400000US26125167400,26125167400,Census Tract 1674, Oakland County, Michigan,2170,184,907,743,268,68
1400000US26125167500,26125167500,Census Tract 1675, Oakland County, Michigan,2216,152,710,948,339,67
1400000US26125167800,26125167800,Census Tract 1678, Oakland County, Michigan,1998,15,871,838,197,77
1400000US26125167900,26125167900,Census Tract 1679, Oakland County, Michigan,1095,0,387,476,146,86
1400000US26125168100,26125168100,Census Tract 1681, Oakland County, Michigan,794,4,137,397,176,80
1400000US26125168400,26125168400,Census Tract 1684, Oakland County, Michigan,1375,38,217,720,256,144
1400000US26125168500,26125168500,Census Tract 1685, Oakland County, Michigan,1499,103,811,419,132,34
1400000US26125168600,26125168600,Census Tract 1686, Oakland County, Michigan,2683,91,1074,1055,287,176
1400000US26125168700,26125168700,Census Tract 1687, Oakland County, Michigan,1683,95,505,832,169,82
1400000US26125168800,26125168800,Census Tract 1688, Oakland County, Michigan,817,9,128,445,137,98
1400000US26125168900,26125168900,Census Tract 1689, Oakland County, Michigan,2948,314,1844,638,141,11
1400000US26125170000,26125170000,Census Tract 1700, Oakland County, Michigan,1012,10,244,580,121,57
1400000US26125170100,26125170100,Census Tract 1701, Oakland County, Michigan,1222,18,421,630,99,54
1400000US26125170200,26125170200,Census Tract 1702, Oakland County, Michigan,1396,8,445,715,157,71
1400000US26125170300,26125170300,Census Tract 1703, Oakland County, Michigan,1088,22,356,487,182,41
1400000US26125170400,26125170400,Census Tract 1704, Oakland County, Michigan,1786,130,703,685,179,89
1400000US26125171000,26125171000,Census Tract 1710, Oakland County, Michigan,1926,338,661,766,90,71
1400000US26125171100,26125171100,Census Tract 1711, Oakland County, Michigan,1484,68,605,630,144,37
1400000US26125171200,26125171200,Census Tract 1712, Oakland County, Michigan,900,0,392,337,98,73
1400000US26125171300,26125171300,Census Tract 1713, Oakland County, Michigan,1166,44,531,413,152,26
1400000US26125171400,26125171400,Census Tract 1714, Oakland County, Michigan,2258,78,855,1040,167,118
1400000US26125171500,26125171500,Census Tract 1715, Oakland County, Michigan,1971,29,909,811,150,72
1400000US26125171600,26125171600,Census Tract 1716, Oakland County, Michigan,830,107,527,164,17,15
1400000US26125172400,26125172400,Census Tract 1724, Oakland County, Michigan,1066,153,732,162,19,0
1400000US26125172500,26125172500,Census Tract 1725, Oakland County, Michigan,1093,287,578,195,27,6
1400000US26125173000,26125173000,Census Tract 1730, Oakland County, Michigan,2220,144,1009,828,222,17
1400000US26125173100,26125173100,Census Tract 1731, Oakland County, Michigan,887,25,418,290,102,52
1400000US26125173200,26125173200,Census Tract 1732, Oakland County, Michigan,1309,59,415,557,234,44
1400000US26125173300,26125173300,Census Tract 1733, Oakland County, Michigan,716,64,224,293,97,38
1400000US26125173400,26125173400,Census Tract 1734, Oakland County, Michigan,2660,189,1233,993,166,79
1400000US26125173500,26125173500,Census Tract 1735, Oakland County, Michigan,1383,95,703,408,124,53
1400000US26125173600,26125173600,Census Tract 1736, Oakland County, Michigan,734,46,290,312,71,15
1400000US26125175000,26125175000,Census Tract 1750, Oakland County, Michigan,1476,176,700,527,54,19
1400000US26125175100,26125175100,Census Tract 1751, Oakland County, Michigan,2424,579,878,656,192,119
1400000US26125175200,26125175200,Census Tract 1752, Oakland County, Michigan,1608,157,657,502,253,39
1400000US26125175300,26125175300,Census Tract 1753, Oakland County, Michigan,1599,156,645,613,105,80
1400000US26125180000,26125180000,Census Tract 1800, Oakland County, Michigan,1177,34,365,546,153,79
1400000US26125180100,26125180100,Census Tract 1801, Oakland County, Michigan,1294,60,485,510,179,60
1400000US26125180200,26125180200,Census Tract 1802, Oakland County, Michigan,1766,39,808,649,193,77
1400000US26125180300,26125180300,Census Tract 1803, Oakland County, Michigan,1415,118,540,623,99,35
1400000US26125181000,26125181000,Census Tract 1810, Oakland County, Michigan,2054,601,896,498,27,32
1400000US26125181100,26125181100,Census Tract 1811, Oakland County, Michigan,1162,51,436,470,161,44
1400000US26125181200,26125181200,Census Tract 1812, Oakland County, Michigan,2672,203,1067,998,330,74
1400000US26125181300,26125181300,Census Tract 1813, Oakland County, Michigan,2321,181,966,722,352,100
1400000US26125181400,26125181400,Census Tract 1814, Oakland County, Michigan,1342,26,572,546,164,34
1400000US26125181500,26125181500,Census Tract 1815, Oakland County, Michigan,1044,65,433,454,74,18
1400000US26125181600,26125181600,Census Tract 1816, Oakland County, Michigan,2273,152,1010,705,387,19
1400000US26125183000,26125183000,Census Tract 1830, Oakland County, Michigan,2094,68,1397,521,65,43
1400000US26125183100,26125183100,Census Tract 1831, Oakland County, Michigan,1837,50,513,950,229,95
1400000US26125183200,26125183200,Census Tract 1832, Oakland County, Michigan,1725,86,770,618,217,34
1400000US26125183300,26125183300,Census Tract 1833, Oakland County, Michigan,1563,61,681,625,190,6
1400000US26125183400,26125183400,Census Tract 1834, Oakland County, Michigan,1241,63,451,570,89,68
1400000US26125183500,26125183500,Census Tract 1835, Oakland County, Michigan,1115,94,523,451,28,19
1400000US26125183600,26125183600,Census Tract 1836, Oakland County, Michigan,2035,137,854,824,160,60
1400000US26125183700,26125183700,Census Tract 1837, Oakland County, Michigan,2569,79,890,1247,278,75
1400000US26125183800,26125183800,Census Tract 1838, Oakland County, Michigan,1940,39,686,1014,138,63
1400000US26125183900,26125183900,Census Tract 1839, Oakland County, Michigan,1199,50,414,593,95,47
1400000US26125184000,26125184000,Census Tract 1840, Oakland County, Michigan,1307,24,419,609,173,82
1400000US26125184100,26125184100,Census Tract 1841, Oakland County, Michigan,1496,64,702,567,120,43
1400000US26125184200,26125184200,Census Tract 1842, Oakland County, Michigan,2093,117,862,825,241,48
1400000US26125184300,26125184300,Census Tract 1843, Oakland County, Michigan,1292,30,620,388,218,36
1400000US26125184400,26125184400,Census Tract 1844, Oakland County, Michigan,1474,270,445,565,159,35
1400000US26125184500,26125184500,Census Tract 1845, Oakland County, Michigan,1329,44,575,535,164,11
1400000US26125184600,26125184600,Census Tract 1846, Oakland County, Michigan,1488,48,649,587,167,37
1400000US26125184700,26125184700,Census Tract 1847, Oakland County, Michigan,751,17,293,317,101,23
1400000US26125187000,26125187000,Census Tract 1870, Oakland County, Michigan,1058,22,324,534,142,36
1400000US26125188000,26125188000,Census Tract 1880, Oakland County, Michigan,1509,9,372,805,278,45
1400000US26125188100,26125188100,Census Tract 1881, Oakland County, Michigan,938,0,217,529,162,30
1400000US26125190200,26125190200,Census Tract 1902, Oakland County, Michigan,1290,0,112,731,277,170
1400000US26125190400,26125190400,Census Tract 1904, Oakland County, Michigan,1239,27,305,526,238,143
1400000US26125190500,26125190500,Census Tract 1905, Oakland County, Michigan,817,5,77,424,206,105
1400000US26125190700,26125190700,Census Tract 1907, Oakland County, Michigan,1627,28,136,776,522,165
1400000US26125190800,26125190800,Census Tract 1908, Oakland County, Michigan,1353,17,356,549,289,142
1400000US26125191000,26125191000,Census Tract 1910, Oakland County, Michigan,840,51,377,311,88,13
1400000US26125191100,26125191100,Census Tract 1911, Oakland County, Michigan,1171,70,475,507,111,8
1400000US26125191200,26125191200,Census Tract 1912, Oakland County, Michigan,2032,199,813,782,169,69
1400000US26125191300,26125191300,Census Tract 1913, Oakland County, Michigan,1418,10,251,799,235,123
1400000US26125192000,26125192000,Census Tract 1920, Oakland County, Michigan,2629,113,949,1222,230,115
1400000US26125192200,26125192200,Census Tract 1922, Oakland County, Michigan,1955,7,238,1032,460,218
1400000US26125192400,26125192400,Census Tract 1924, Oakland County, Michigan,1940,200,381,906,362,91
1400000US26125192500,26125192500,Census Tract 1925, Oakland County, Michigan,1060,0,74,564,291,131
1400000US26125192700,26125192700,Census Tract 1927, Oakland County, Michigan,1151,107,123,618,235,68
1400000US26125192800,26125192800,Census Tract 1928, Oakland County, Michigan,192,4,87,65,29,7
1400000US26125193000,26125193000,Census Tract 1930, Oakland County, Michigan,1222,16,255,677,175,99
1400000US26125193100,26125193100,Census Tract 1931, Oakland County, Michigan,1518,43,494,727,146,108
1400000US26125193300,26125193300,Census Tract 1933, Oakland County, Michigan,2112,113,1120,719,117,43
1400000US26125193400,26125193400,Census Tract 1934, Oakland County, Michigan,1409,16,219,715,314,145
1400000US26125193500,26125193500,Census Tract 1935, Oakland County, Michigan,1027,58,475,411,61,22
1400000US26125193600,26125193600,Census Tract 1936, Oakland County, Michigan,1038,0,367,441,193,37
1400000US26125193700,26125193700,Census Tract 1937, Oakland County, Michigan,1880,152,600,821,166,141
1400000US26125194000,26125194000,Census Tract 1940, Oakland County, Michigan,2363,68,1037,991,228,39
1400000US26125194100,26125194100,Census Tract 1941, Oakland County, Michigan,1092,39,182,636,154,81
1400000US26125194200,26125194200,Census Tract 1942, Oakland County, Michigan,818,14,207,453,113,31
1400000US26125194300,26125194300,Census Tract 1943, Oakland County, Michigan,1477,34,418,625,255,145
1400000US26125194400,26125194400,Census Tract 1944, Oakland County, Michigan,1380,170,305,649,204,52
1400000US26125194500,26125194500,Census Tract 1945, Oakland County, Michigan,598,35,371,122,42,28
1400000US26125194600,26125194600,Census Tract 1946, Oakland County, Michigan,1617,17,434,798,268,100
1400000US26125196000,26125196000,Census Tract 1960, Oakland County, Michigan,2002,26,259,1012,433,272
1400000US26125196100,26125196100,Census Tract 1961, Oakland County, Michigan,2094,27,393,1141,473,60
1400000US26125196200,26125196200,Census Tract 1962, Oakland County, Michigan,1432,61,319,629,317,106
1400000US26125196300,26125196300,Census Tract 1963, Oakland County, Michigan,1355,73,294,612,283,93
1400000US26125196400,26125196400,Census Tract 1964, Oakland County, Michigan,1378,17,168,722,340,131
1400000US26125196500,26125196500,Census Tract 1965, Oakland County, Michigan,1957,16,444,1102,333,62
1400000US26125196600,26125196600,Census Tract 1966, Oakland County, Michigan,784,7,159,384,165,69
1400000US26125196700,26125196700,Census Tract 1967, Oakland County, Michigan,1005,6,225,530,181,63
1400000US26125196800,26125196800,Census Tract 1968, Oakland County, Michigan,1611,98,267,837,300,109
1400000US26125196900,26125196900,Census Tract 1969, Oakland County, Michigan,1342,61,335,645,161,140
1400000US26125197000,26125197000,Census Tract 1970, Oakland County, Michigan,1611,30,235,854,303,189
1400000US26125197100,26125197100,Census Tract 1971, Oakland County, Michigan,919,4,159,511,167,78
1400000US26125197200,26125197200,Census Tract 1972, Oakland County, Michigan,1235,16,202,706,193,118
1400000US26125197300,26125197300,Census Tract 1973, Oakland County, Michigan,1885,38,761,736,281,69
1400000US26125197400,26125197400,Census Tract 1974, Oakland County, Michigan,990,142,487,257,54,50
1400000US26125197500,26125197500,Census Tract 1975, Oakland County, Michigan,1634,81,697,698,120,38
1400000US26125197600,26125197600,Census Tract 1976, Oakland County, Michigan,1009,16,466,435,49,43
1400000US26125197701,26125197701,Census Tract 1977.01, Oakland County, Michigan,2260,116,1109,852,167,16
1400000US26125197702,26125197702,Census Tract 1977.02, Oakland County, Michigan,1035,56,621,325,33,0
1400000US26125197900,26125197900,Census Tract 1979, Oakland County, Michigan,1218,0,177,646,242,153
1400000US26125198000,26125198000,Census Tract 1980, Oakland County, Michigan,1258,0,265,647,213,133
1400000US26125198100,26125198100,Census Tract 1981, Oakland County, Michigan,1506,546,620,199,106,35
1400000US26125981000,26125981000,Census Tract 9810, Oakland County, Michigan,0,0,0,0,0,0
1400000US26127010300,26127010300,Census Tract 103, Oceana County, Michigan,2523,167,829,917,437,173
1400000US26127010400,26127010400,Census Tract 104, Oceana County, Michigan,1493,142,569,478,225,79
1400000US26127010500,26127010500,Census Tract 105, Oceana County, Michigan,1103,59,335,448,155,106
1400000US26127010600,26127010600,Census Tract 106, Oceana County, Michigan,2144,110,644,908,307,175
1400000US26127010800,26127010800,Census Tract 108, Oceana County, Michigan,1196,34,358,533,205,66
1400000US26127010900,26127010900,Census Tract 109, Oceana County, Michigan,1024,4,307,420,224,69
1400000US26127011000,26127011000,Census Tract 110, Oceana County, Michigan,693,9,196,295,141,52
1400000US26127990000,26127990000,Census Tract 9900, Oceana County, Michigan,0,0,0,0,0,0
1400000US26129950100,26129950100,Census Tract 9501, Ogemaw County, Michigan,1039,67,378,394,142,58
1400000US26129950200,26129950200,Census Tract 9502, Ogemaw County, Michigan,1394,42,353,618,261,120
1400000US26129950300,26129950300,Census Tract 9503, Ogemaw County, Michigan,744,28,264,297,114,41
1400000US26129950400,26129950400,Census Tract 9504, Ogemaw County, Michigan,1302,41,375,616,185,85
1400000US26129950500,26129950500,Census Tract 9505, Ogemaw County, Michigan,1984,227,751,610,244,152
1400000US26129950600,26129950600,Census Tract 9506, Ogemaw County, Michigan,1091,72,314,455,171,79
1400000US26129950900,26129950900,Census Tract 9509, Ogemaw County, Michigan,1771,208,667,580,251,65
1400000US26131970100,26131970100,Census Tract 9701, Ontonagon County, Michigan,814,63,263,330,132,26
1400000US26131970200,26131970200,Census Tract 9702, Ontonagon County, Michigan,1243,109,454,530,125,25
1400000US26131970300,26131970300,Census Tract 9703, Ontonagon County, Michigan,888,41,290,381,125,51
1400000US26131990100,26131990100,Census Tract 9901, Ontonagon County, Michigan,0,0,0,0,0,0
1400000US26133970100,26133970100,Census Tract 9701, Osceola County, Michigan,1618,140,468,647,255,108
1400000US26133970200,26133970200,Census Tract 9702, Osceola County, Michigan,1553,62,411,675,298,107
1400000US26133970300,26133970300,Census Tract 9703, Osceola County, Michigan,1191,35,318,571,185,82
1400000US26133970400,26133970400,Census Tract 9704, Osceola County, Michigan,1302,184,488,444,109,77
1400000US26133970500,26133970500,Census Tract 9705, Osceola County, Michigan,1599,100,509,648,231,111
1400000US26133970600,26133970600,Census Tract 9706, Osceola County, Michigan,1747,233,637,622,170,85
1400000US26135970201,26135970201,Census Tract 9702.01, Oscoda County, Michigan,716,44,249,271,100,52
1400000US26135970202,26135970202,Census Tract 9702.02, Oscoda County, Michigan,676,29,217,236,151,43
1400000US26135970300,26135970300,Census Tract 9703, Oscoda County, Michigan,764,92,282,298,66,26
1400000US26135970400,26135970400,Census Tract 9704, Oscoda County, Michigan,855,132,331,303,69,20
1400000US26135970500,26135970500,Census Tract 9705, Oscoda County, Michigan,717,31,276,208,165,37
1400000US26137950100,26137950100,Census Tract 9501, Otsego County, Michigan,1123,66,287,468,209,93
1400000US26137950200,26137950200,Census Tract 9502, Otsego County, Michigan,2227,61,501,992,543,130
1400000US26137950300,26137950300,Census Tract 9503, Otsego County, Michigan,2363,317,1131,782,129,4
1400000US26137950400,26137950400,Census Tract 9504, Otsego County, Michigan,911,17,245,488,135,26
1400000US26137950500,26137950500,Census Tract 9505, Otsego County, Michigan,1290,53,384,685,119,49
1400000US26137950600,26137950600,Census Tract 9506, Otsego County, Michigan,1966,90,472,914,407,83
1400000US26139020100,26139020100,Census Tract 201, Ottawa County, Michigan,1817,32,422,686,416,261
1400000US26139020200,26139020200,Census Tract 202, Ottawa County, Michigan,1615,130,462,727,172,124
1400000US26139020400,26139020400,Census Tract 204, Ottawa County, Michigan,1617,89,381,616,327,204
1400000US26139020501,26139020501,Census Tract 205.01, Ottawa County, Michigan,1189,70,355,509,208,47
1400000US26139020503,26139020503,Census Tract 205.03, Ottawa County, Michigan,1435,53,358,664,245,115
1400000US26139020504,26139020504,Census Tract 205.04, Ottawa County, Michigan,1333,110,484,557,135,47
1400000US26139020600,26139020600,Census Tract 206, Ottawa County, Michigan,1448,46,470,631,216,85
1400000US26139020900,26139020900,Census Tract 209, Ottawa County, Michigan,1889,105,695,837,199,53
1400000US26139021000,26139021000,Census Tract 210, Ottawa County, Michigan,2458,175,767,1093,382,41
1400000US26139021100,26139021100,Census Tract 211, Ottawa County, Michigan,1917,86,499,989,275,68
1400000US26139021201,26139021201,Census Tract 212.01, Ottawa County, Michigan,1749,41,288,882,334,204
1400000US26139021202,26139021202,Census Tract 212.02, Ottawa County, Michigan,3002,233,985,1233,395,156
1400000US26139021301,26139021301,Census Tract 213.01, Ottawa County, Michigan,1116,10,209,544,241,112
1400000US26139021303,26139021303,Census Tract 213.03, Ottawa County, Michigan,890,19,92,418,233,128
1400000US26139021304,26139021304,Census Tract 213.04, Ottawa County, Michigan,1912,9,194,1120,407,182
1400000US26139021400,26139021400,Census Tract 214, Ottawa County, Michigan,2897,44,696,1344,543,270
1400000US26139021500,26139021500,Census Tract 215, Ottawa County, Michigan,3370,151,763,1798,388,270
1400000US26139021603,26139021603,Census Tract 216.03, Ottawa County, Michigan,1827,44,638,911,175,59
1400000US26139021604,26139021604,Census Tract 216.04, Ottawa County, Michigan,2416,79,366,1130,592,249
1400000US26139021605,26139021605,Census Tract 216.05, Ottawa County, Michigan,1334,22,91,774,272,175
1400000US26139021606,26139021606,Census Tract 216.06, Ottawa County, Michigan,2372,515,788,727,263,79
1400000US26139021700,26139021700,Census Tract 217, Ottawa County, Michigan,1504,15,345,707,289,148
1400000US26139021801,26139021801,Census Tract 218.01, Ottawa County, Michigan,1707,83,400,831,301,92
1400000US26139021802,26139021802,Census Tract 218.02, Ottawa County, Michigan,1559,20,378,869,175,117
1400000US26139021901,26139021901,Census Tract 219.01, Ottawa County, Michigan,1594,18,242,762,395,177
1400000US26139021902,26139021902,Census Tract 219.02, Ottawa County, Michigan,2580,13,570,1260,537,200
1400000US26139022001,26139022001,Census Tract 220.01, Ottawa County, Michigan,1866,60,330,805,440,231
1400000US26139022002,26139022002,Census Tract 220.02, Ottawa County, Michigan,1690,45,352,707,356,230
1400000US26139022103,26139022103,Census Tract 221.03, Ottawa County, Michigan,596,4,116,350,76,50
1400000US26139022105,26139022105,Census Tract 221.05, Ottawa County, Michigan,2099,86,629,898,352,134
1400000US26139022106,26139022106,Census Tract 221.06, Ottawa County, Michigan,1316,0,228,591,373,124
1400000US26139022107,26139022107,Census Tract 221.07, Ottawa County, Michigan,533,12,144,279,68,30
1400000US26139022108,26139022108,Census Tract 221.08, Ottawa County, Michigan,2407,49,375,1286,514,183
1400000US26139022203,26139022203,Census Tract 222.03, Ottawa County, Michigan,3537,146,1328,1366,498,199
1400000US26139022206,26139022206,Census Tract 222.06, Ottawa County, Michigan,1781,111,358,939,280,93
1400000US26139022600,26139022600,Census Tract 226, Ottawa County, Michigan,786,31,201,393,106,55
1400000US26139022900,26139022900,Census Tract 229, Ottawa County, Michigan,2314,108,770,907,409,120
1400000US26139023001,26139023001,Census Tract 230.01, Ottawa County, Michigan,1874,20,373,927,423,131
1400000US26139023002,26139023002,Census Tract 230.02, Ottawa County, Michigan,2304,53,434,1086,450,281
1400000US26139023100,26139023100,Census Tract 231, Ottawa County, Michigan,3801,149,1056,1893,644,59
1400000US26139023200,26139023200,Census Tract 232, Ottawa County, Michigan,938,26,204,414,193,101
1400000US26139023500,26139023500,Census Tract 235, Ottawa County, Michigan,1428,0,71,806,378,173
1400000US26139023600,26139023600,Census Tract 236, Ottawa County, Michigan,794,24,107,396,165,102
1400000US26139024300,26139024300,Census Tract 243, Ottawa County, Michigan,1735,27,315,898,290,205
1400000US26139024400,26139024400,Census Tract 244, Ottawa County, Michigan,3096,94,678,1642,441,241
1400000US26139024500,26139024500,Census Tract 245, Ottawa County, Michigan,1939,107,502,608,360,362
1400000US26139024600,26139024600,Census Tract 246, Ottawa County, Michigan,1708,28,316,969,226,169
1400000US26139024900,26139024900,Census Tract 249, Ottawa County, Michigan,1715,263,698,516,159,79
1400000US26139025100,26139025100,Census Tract 251, Ottawa County, Michigan,2804,252,1016,1044,309,183
1400000US26139025200,26139025200,Census Tract 252, Ottawa County, Michigan,2211,228,791,830,300,62
1400000US26139025500,26139025500,Census Tract 255, Ottawa County, Michigan,1573,161,421,790,107,94
1400000US26139025700,26139025700,Census Tract 257, Ottawa County, Michigan,2237,198,734,967,266,72
1400000US26139025800,26139025800,Census Tract 258, Ottawa County, Michigan,2092,224,491,985,225,167
1400000US26139990000,26139990000,Census Tract 9900, Ottawa County, Michigan,0,0,0,0,0,0
1400000US26141950100,26141950100,Census Tract 9501, Presque Isle County, Michigan,881,33,278,379,148,43
1400000US26141950200,26141950200,Census Tract 9502, Presque Isle County, Michigan,1204,75,517,468,101,43
1400000US26141950300,26141950300,Census Tract 9503, Presque Isle County, Michigan,895,38,248,384,160,65
1400000US26141950400,26141950400,Census Tract 9504, Presque Isle County, Michigan,1052,81,303,437,170,61
1400000US26141950500,26141950500,Census Tract 9505, Presque Isle County, Michigan,1184,51,292,570,200,71
1400000US26141950600,26141950600,Census Tract 9506, Presque Isle County, Michigan,713,8,221,369,91,24
1400000US26141990000,26141990000,Census Tract 9900, Presque Isle County, Michigan,0,0,0,0,0,0
1400000US26143970100,26143970100,Census Tract 9701, Roscommon County, Michigan,930,45,428,370,76,11
1400000US26143970200,26143970200,Census Tract 9702, Roscommon County, Michigan,762,42,322,270,78,50
1400000US26143970300,26143970300,Census Tract 9703, Roscommon County, Michigan,1294,75,446,588,125,60
1400000US26143970400,26143970400,Census Tract 9704, Roscommon County, Michigan,974,96,325,447,76,30
1400000US26143970500,26143970500,Census Tract 9705, Roscommon County, Michigan,453,17,212,184,32,8
1400000US26143970600,26143970600,Census Tract 9706, Roscommon County, Michigan,1070,88,447,445,70,20
1400000US26143970700,26143970700,Census Tract 9707, Roscommon County, Michigan,1268,39,535,498,143,53
1400000US26143971000,26143971000,Census Tract 9710, Roscommon County, Michigan,1700,136,718,561,207,78
1400000US26143971100,26143971100,Census Tract 9711, Roscommon County, Michigan,1367,182,411,569,163,42
1400000US26143971200,26143971200,Census Tract 9712, Roscommon County, Michigan,1313,103,654,429,127,0
1400000US26145000100,26145000100,Census Tract 1, Saginaw County, Michigan,337,97,180,54,6,0
1400000US26145000200,26145000200,Census Tract 2, Saginaw County, Michigan,549,48,325,150,23,3
1400000US26145000400,26145000400,Census Tract 4, Saginaw County, Michigan,430,103,243,72,6,6
1400000US26145000600,26145000600,Census Tract 6, Saginaw County, Michigan,683,128,320,183,39,13
1400000US26145000700,26145000700,Census Tract 7, Saginaw County, Michigan,684,164,261,181,45,33
1400000US26145000800,26145000800,Census Tract 8, Saginaw County, Michigan,1177,380,480,248,22,47
1400000US26145000900,26145000900,Census Tract 9, Saginaw County, Michigan,1477,614,545,211,66,41
1400000US26145001000,26145001000,Census Tract 10, Saginaw County, Michigan,1583,425,600,421,92,45
1400000US26145001100,26145001100,Census Tract 11, Saginaw County, Michigan,1124,332,450,290,52,0
1400000US26145001200,26145001200,Census Tract 12, Saginaw County, Michigan,1260,105,625,452,66,12
1400000US26145001300,26145001300,Census Tract 13, Saginaw County, Michigan,885,142,412,272,53,6
1400000US26145001400,26145001400,Census Tract 14, Saginaw County, Michigan,1160,61,525,460,88,26
1400000US26145001500,26145001500,Census Tract 15, Saginaw County, Michigan,1608,188,568,643,124,85
1400000US26145001600,26145001600,Census Tract 16, Saginaw County, Michigan,1362,189,738,326,109,0
1400000US26145001700,26145001700,Census Tract 17, Saginaw County, Michigan,888,318,376,156,17,21
1400000US26145001800,26145001800,Census Tract 18, Saginaw County, Michigan,642,187,250,173,32,0
1400000US26145001900,26145001900,Census Tract 19, Saginaw County, Michigan,660,85,185,263,103,24
1400000US26145002000,26145002000,Census Tract 20, Saginaw County, Michigan,1467,100,752,460,155,0
1400000US26145002100,26145002100,Census Tract 21, Saginaw County, Michigan,1802,155,646,757,209,35
1400000US26145010100,26145010100,Census Tract 101, Saginaw County, Michigan,3198,132,930,1398,469,269
1400000US26145010200,26145010200,Census Tract 102, Saginaw County, Michigan,1212,56,235,496,255,170
1400000US26145010302,26145010302,Census Tract 103.02, Saginaw County, Michigan,3079,116,909,1292,533,229
1400000US26145010303,26145010303,Census Tract 103.03, Saginaw County, Michigan,1559,112,402,803,169,73
1400000US26145010304,26145010304,Census Tract 103.04, Saginaw County, Michigan,2244,172,925,799,199,149
1400000US26145010401,26145010401,Census Tract 104.01, Saginaw County, Michigan,1089,96,495,397,87,14
1400000US26145010402,26145010402,Census Tract 104.02, Saginaw County, Michigan,2507,110,971,932,406,88
1400000US26145010403,26145010403,Census Tract 104.03, Saginaw County, Michigan,2522,187,829,954,338,214
1400000US26145010501,26145010501,Census Tract 105.01, Saginaw County, Michigan,1061,116,240,543,127,35
1400000US26145010502,26145010502,Census Tract 105.02, Saginaw County, Michigan,2720,195,1379,804,290,52
1400000US26145010600,26145010600,Census Tract 106, Saginaw County, Michigan,1132,101,496,411,89,35
1400000US26145010700,26145010700,Census Tract 107, Saginaw County, Michigan,2234,98,863,773,378,122
1400000US26145010800,26145010800,Census Tract 108, Saginaw County, Michigan,998,53,280,467,148,50
1400000US26145011000,26145011000,Census Tract 110, Saginaw County, Michigan,2588,541,1262,625,126,34
1400000US26145011100,26145011100,Census Tract 111, Saginaw County, Michigan,769,43,252,327,62,85
1400000US26145011200,26145011200,Census Tract 112, Saginaw County, Michigan,736,17,140,334,147,98
1400000US26145011300,26145011300,Census Tract 113, Saginaw County, Michigan,2998,153,990,1330,359,166
1400000US26145011500,26145011500,Census Tract 115, Saginaw County, Michigan,1178,230,514,313,78,43
1400000US26145011600,26145011600,Census Tract 116, Saginaw County, Michigan,1383,75,594,480,188,46
1400000US26145011701,26145011701,Census Tract 117.01, Saginaw County, Michigan,720,36,215,326,87,56
1400000US26145011702,26145011702,Census Tract 117.02, Saginaw County, Michigan,956,61,213,446,139,97
1400000US26145011800,26145011800,Census Tract 118, Saginaw County, Michigan,837,22,355,311,103,46
1400000US26145011901,26145011901,Census Tract 119.01, Saginaw County, Michigan,755,14,174,331,145,91
1400000US26145011902,26145011902,Census Tract 119.02, Saginaw County, Michigan,905,20,198,333,252,102
1400000US26145012001,26145012001,Census Tract 120.01, Saginaw County, Michigan,1317,29,474,510,248,56
1400000US26145012002,26145012002,Census Tract 120.02, Saginaw County, Michigan,1414,30,248,750,280,106
1400000US26145012003,26145012003,Census Tract 120.03, Saginaw County, Michigan,1990,186,626,762,267,149
1400000US26145012100,26145012100,Census Tract 121, Saginaw County, Michigan,1598,96,364,657,345,136
1400000US26145012200,26145012200,Census Tract 122, Saginaw County, Michigan,618,31,157,276,106,48
1400000US26145012300,26145012300,Census Tract 123, Saginaw County, Michigan,1160,19,217,526,270,128
1400000US26145012400,26145012400,Census Tract 124, Saginaw County, Michigan,750,13,108,348,181,100
1400000US26145012500,26145012500,Census Tract 125, Saginaw County, Michigan,1538,85,460,604,248,141
1400000US26145012600,26145012600,Census Tract 126, Saginaw County, Michigan,1396,114,506,472,195,109
1400000US26145012700,26145012700,Census Tract 127, Saginaw County, Michigan,1838,55,510,749,297,227
1400000US26145012900,26145012900,Census Tract 129, Saginaw County, Michigan,1683,68,318,729,346,222
1400000US26145013000,26145013000,Census Tract 130, Saginaw County, Michigan,1560,60,385,660,271,184
1400000US26145013100,26145013100,Census Tract 131, Saginaw County, Michigan,2462,55,755,973,396,283
1400000US26147620000,26147620000,Census Tract 6200, St. Clair County, Michigan,1783,302,733,558,112,78
1400000US26147621000,26147621000,Census Tract 6210, St. Clair County, Michigan,1492,193,609,511,124,55
1400000US26147622000,26147622000,Census Tract 6220, St. Clair County, Michigan,1456,83,502,745,101,25
1400000US26147623000,26147623000,Census Tract 6230, St. Clair County, Michigan,1095,237,375,316,155,12
1400000US26147624000,26147624000,Census Tract 6240, St. Clair County, Michigan,970,478,408,61,6,17
1400000US26147625000,26147625000,Census Tract 6250, St. Clair County, Michigan,701,199,339,141,22,0
1400000US26147626000,26147626000,Census Tract 6260, St. Clair County, Michigan,856,90,318,350,82,16
1400000US26147627000,26147627000,Census Tract 6270, St. Clair County, Michigan,1134,59,471,456,105,43
1400000US26147628000,26147628000,Census Tract 6280, St. Clair County, Michigan,1450,94,818,432,83,23
1400000US26147629000,26147629000,Census Tract 6290, St. Clair County, Michigan,1362,183,700,390,63,26
1400000US26147630100,26147630100,Census Tract 6301, St. Clair County, Michigan,642,103,334,136,44,25
1400000US26147630400,26147630400,Census Tract 6304, St. Clair County, Michigan,2046,82,578,869,322,195
1400000US26147631100,26147631100,Census Tract 6311, St. Clair County, Michigan,687,29,197,320,110,31
1400000US26147631600,26147631600,Census Tract 6316, St. Clair County, Michigan,1100,229,333,380,79,79
1400000US26147632000,26147632000,Census Tract 6320, St. Clair County, Michigan,1582,91,526,646,219,100
1400000US26147633100,26147633100,Census Tract 6331, St. Clair County, Michigan,1089,11,242,462,230,144
1400000US26147633200,26147633200,Census Tract 6332, St. Clair County, Michigan,1067,58,292,460,147,110
1400000US26147634100,26147634100,Census Tract 6341, St. Clair County, Michigan,1416,22,354,629,203,208
1400000US26147634600,26147634600,Census Tract 6346, St. Clair County, Michigan,2077,78,695,893,275,136
1400000US26147635000,26147635000,Census Tract 6350, St. Clair County, Michigan,2411,93,674,1099,402,143
1400000US26147636000,26147636000,Census Tract 6360, St. Clair County, Michigan,1592,82,825,526,140,19
1400000US26147637100,26147637100,Census Tract 6371, St. Clair County, Michigan,1480,7,376,689,297,111
1400000US26147637200,26147637200,Census Tract 6372, St. Clair County, Michigan,1592,128,561,660,194,49
1400000US26147637300,26147637300,Census Tract 6373, St. Clair County, Michigan,1119,91,545,346,92,45
1400000US26147640100,26147640100,Census Tract 6401, St. Clair County, Michigan,835,9,247,348,176,55
1400000US26147640200,26147640200,Census Tract 6402, St. Clair County, Michigan,867,3,164,344,232,124
1400000US26147640600,26147640600,Census Tract 6406, St. Clair County, Michigan,833,19,166,326,206,116
1400000US26147641000,26147641000,Census Tract 6410, St. Clair County, Michigan,1286,41,193,485,352,215
1400000US26147642000,26147642000,Census Tract 6420, St. Clair County, Michigan,2385,121,833,949,362,120
1400000US26147643000,26147643000,Census Tract 6430, St. Clair County, Michigan,1627,186,457,695,165,124
1400000US26147644000,26147644000,Census Tract 6440, St. Clair County, Michigan,1930,102,925,667,195,41
1400000US26147645000,26147645000,Census Tract 6450, St. Clair County, Michigan,1251,51,310,467,222,201
1400000US26147646000,26147646000,Census Tract 6460, St. Clair County, Michigan,1865,81,714,521,274,275
1400000US26147647000,26147647000,Census Tract 6470, St. Clair County, Michigan,1564,68,475,811,184,26
1400000US26147648000,26147648000,Census Tract 6480, St. Clair County, Michigan,580,59,173,227,101,20
1400000US26147649000,26147649000,Census Tract 6490, St. Clair County, Michigan,1855,136,693,731,211,84
1400000US26147650100,26147650100,Census Tract 6501, St. Clair County, Michigan,1494,0,462,551,284,197
1400000US26147650200,26147650200,Census Tract 6502, St. Clair County, Michigan,527,30,156,196,118,27
1400000US26147651100,26147651100,Census Tract 6511, St. Clair County, Michigan,705,16,175,244,169,101
1400000US26147651200,26147651200,Census Tract 6512, St. Clair County, Michigan,778,12,221,282,164,99
1400000US26147651600,26147651600,Census Tract 6516, St. Clair County, Michigan,1498,31,290,636,320,221
1400000US26147652100,26147652100,Census Tract 6521, St. Clair County, Michigan,935,6,162,429,175,163
1400000US26147652600,26147652600,Census Tract 6526, St. Clair County, Michigan,1237,45,197,527,327,141
1400000US26147655100,26147655100,Census Tract 6551, St. Clair County, Michigan,1916,135,501,732,346,202
1400000US26147655600,26147655600,Census Tract 6556, St. Clair County, Michigan,1211,34,245,502,271,159
1400000US26147657100,26147657100,Census Tract 6571, St. Clair County, Michigan,735,29,281,294,87,44
1400000US26147657200,26147657200,Census Tract 6572, St. Clair County, Michigan,2000,89,331,677,619,284
1400000US26147658100,26147658100,Census Tract 6581, St. Clair County, Michigan,944,24,231,343,238,108
1400000US26147658500,26147658500,Census Tract 6585, St. Clair County, Michigan,1330,0,244,493,388,205
1400000US26147990000,26147990000,Census Tract 9900, St. Clair County, Michigan,0,0,0,0,0,0
1400000US26149040100,26149040100,Census Tract 401, St. Joseph County, Michigan,1345,91,345,610,273,26
1400000US26149040200,26149040200,Census Tract 402, St. Joseph County, Michigan,663,9,395,152,70,37
1400000US26149040300,26149040300,Census Tract 403, St. Joseph County, Michigan,1266,177,568,432,67,22
1400000US26149040400,26149040400,Census Tract 404, St. Joseph County, Michigan,923,172,331,275,86,59
1400000US26149040500,26149040500,Census Tract 405, St. Joseph County, Michigan,1058,35,362,525,94,42
1400000US26149040600,26149040600,Census Tract 406, St. Joseph County, Michigan,1249,214,607,272,138,18
1400000US26149040700,26149040700,Census Tract 407, St. Joseph County, Michigan,1159,100,361,545,123,30
1400000US26149040800,26149040800,Census Tract 408, St. Joseph County, Michigan,1384,207,478,571,104,24
1400000US26149040900,26149040900,Census Tract 409, St. Joseph County, Michigan,1665,35,411,715,322,182
1400000US26149041000,26149041000,Census Tract 410, St. Joseph County, Michigan,1362,67,396,493,239,167
1400000US26149041101,26149041101,Census Tract 411.01, St. Joseph County, Michigan,1661,131,446,753,245,86
1400000US26149041102,26149041102,Census Tract 411.02, St. Joseph County, Michigan,1236,20,281,588,237,110
1400000US26149041200,26149041200,Census Tract 412, St. Joseph County, Michigan,1191,20,295,558,189,129
1400000US26149041300,26149041300,Census Tract 413, St. Joseph County, Michigan,2606,245,859,1057,211,234
1400000US26149041400,26149041400,Census Tract 414, St. Joseph County, Michigan,1986,119,650,834,232,151
1400000US26149041500,26149041500,Census Tract 415, St. Joseph County, Michigan,1745,57,442,667,354,225
1400000US26149041600,26149041600,Census Tract 416, St. Joseph County, Michigan,1332,123,271,570,215,153
1400000US26151970100,26151970100,Census Tract 9701, Sanilac County, Michigan,759,23,224,347,121,44
1400000US26151970200,26151970200,Census Tract 9702, Sanilac County, Michigan,953,57,240,379,214,63
1400000US26151970300,26151970300,Census Tract 9703, Sanilac County, Michigan,1295,73,294,551,249,128
1400000US26151970400,26151970400,Census Tract 9704, Sanilac County, Michigan,1558,87,495,637,237,102
1400000US26151970500,26151970500,Census Tract 9705, Sanilac County, Michigan,1071,57,403,404,149,58
1400000US26151970600,26151970600,Census Tract 9706, Sanilac County, Michigan,1053,54,469,385,88,57
1400000US26151970700,26151970700,Census Tract 9707, Sanilac County, Michigan,849,68,356,289,114,22
1400000US26151970800,26151970800,Census Tract 9708, Sanilac County, Michigan,2476,85,841,1036,370,144
1400000US26151970900,26151970900,Census Tract 9709, Sanilac County, Michigan,2022,179,729,757,253,104
1400000US26151971000,26151971000,Census Tract 9710, Sanilac County, Michigan,1701,114,580,633,248,126
1400000US26151971100,26151971100,Census Tract 9711, Sanilac County, Michigan,1352,161,358,528,207,98
1400000US26151971200,26151971200,Census Tract 9712, Sanilac County, Michigan,2032,87,675,680,382,208
1400000US26151990000,26151990000,Census Tract 9900, Sanilac County, Michigan,0,0,0,0,0,0
1400000US26153000100,26153000100,Census Tract 1, Schoolcraft County, Michigan,997,51,266,484,157,39
1400000US26153000200,26153000200,Census Tract 2, Schoolcraft County, Michigan,996,26,267,526,135,42
1400000US26153000300,26153000300,Census Tract 3, Schoolcraft County, Michigan,1289,149,629,407,85,19
1400000US26153990000,26153990000,Census Tract 9900, Schoolcraft County, Michigan,0,0,0,0,0,0
1400000US26155030100,26155030100,Census Tract 301, Shiawassee County, Michigan,2318,51,516,969,397,385
1400000US26155030200,26155030200,Census Tract 302, Shiawassee County, Michigan,1381,42,291,552,313,183
1400000US26155030300,26155030300,Census Tract 303, Shiawassee County, Michigan,1964,192,578,770,301,123
1400000US26155030400,26155030400,Census Tract 304, Shiawassee County, Michigan,1246,142,456,506,88,54
1400000US26155030500,26155030500,Census Tract 305, Shiawassee County, Michigan,1460,151,493,625,170,21
1400000US26155030600,26155030600,Census Tract 306, Shiawassee County, Michigan,733,116,342,196,58,21
1400000US26155030700,26155030700,Census Tract 307, Shiawassee County, Michigan,1204,73,667,324,77,63
1400000US26155030800,26155030800,Census Tract 308, Shiawassee County, Michigan,1251,211,433,434,105,68
1400000US26155031301,26155031301,Census Tract 313.01, Shiawassee County, Michigan,1625,13,350,695,410,157
1400000US26155031302,26155031302,Census Tract 313.02, Shiawassee County, Michigan,1576,16,255,696,384,225
1400000US26155031401,26155031401,Census Tract 314.01, Shiawassee County, Michigan,2369,36,516,1145,472,200
1400000US26155031402,26155031402,Census Tract 314.02, Shiawassee County, Michigan,1473,52,313,678,282,148
1400000US26155031500,26155031500,Census Tract 315, Shiawassee County, Michigan,2325,102,625,785,574,239
1400000US26155031600,26155031600,Census Tract 316, Shiawassee County, Michigan,1576,121,674,563,163,55
1400000US26155031700,26155031700,Census Tract 317, Shiawassee County, Michigan,1691,119,612,600,178,182
1400000US26155031800,26155031800,Census Tract 318, Shiawassee County, Michigan,1820,143,615,672,252,138
1400000US26155031900,26155031900,Census Tract 319, Shiawassee County, Michigan,1611,114,542,559,255,141
1400000US26157000100,26157000100,Census Tract 1, Tuscola County, Michigan,1660,92,587,641,231,109
1400000US26157000200,26157000200,Census Tract 2, Tuscola County, Michigan,1303,41,344,577,233,108
1400000US26157000300,26157000300,Census Tract 3, Tuscola County, Michigan,1332,24,370,561,225,152
1400000US26157000400,26157000400,Census Tract 4, Tuscola County, Michigan,1400,99,434,535,227,105
1400000US26157000500,26157000500,Census Tract 5, Tuscola County, Michigan,2014,120,512,868,340,174
1400000US26157000600,26157000600,Census Tract 6, Tuscola County, Michigan,1894,262,726,578,251,77
1400000US26157000700,26157000700,Census Tract 7, Tuscola County, Michigan,1267,27,342,481,293,124
1400000US26157000800,26157000800,Census Tract 8, Tuscola County, Michigan,1679,20,587,734,237,101
1400000US26157000900,26157000900,Census Tract 9, Tuscola County, Michigan,2021,107,701,825,183,205
1400000US26157001000,26157001000,Census Tract 10, Tuscola County, Michigan,2142,154,479,1020,406,83
1400000US26157001100,26157001100,Census Tract 11, Tuscola County, Michigan,1291,43,335,550,281,82
1400000US26157001200,26157001200,Census Tract 12, Tuscola County, Michigan,1805,50,384,824,300,247
1400000US26157001300,26157001300,Census Tract 13, Tuscola County, Michigan,1816,49,494,717,388,168
1400000US26157990000,26157990000,Census Tract 9900, Tuscola County, Michigan,0,0,0,0,0,0
1400000US26159010100,26159010100,Census Tract 101, Van Buren County, Michigan,2729,105,819,1186,413,206
1400000US26159010200,26159010200,Census Tract 102, Van Buren County, Michigan,2321,114,857,864,305,181
1400000US26159010300,26159010300,Census Tract 103, Van Buren County, Michigan,1241,109,613,423,83,13
1400000US26159010400,26159010400,Census Tract 104, Van Buren County, Michigan,1107,146,379,465,77,40
1400000US26159010500,26159010500,Census Tract 105, Van Buren County, Michigan,1484,54,596,507,257,70
1400000US26159010600,26159010600,Census Tract 106, Van Buren County, Michigan,1127,111,377,440,126,73
1400000US26159010900,26159010900,Census Tract 109, Van Buren County, Michigan,2662,48,513,1250,565,286
1400000US26159011002,26159011002,Census Tract 110.02, Van Buren County, Michigan,2528,109,705,892,505,317
1400000US26159011300,26159011300,Census Tract 113, Van Buren County, Michigan,1699,78,495,623,367,136
1400000US26159011400,26159011400,Census Tract 114, Van Buren County, Michigan,1510,113,474,563,267,93
1400000US26159011500,26159011500,Census Tract 115, Van Buren County, Michigan,1314,37,373,562,200,142
1400000US26159011600,26159011600,Census Tract 116, Van Buren County, Michigan,2377,110,735,953,383,196
1400000US26159011800,26159011800,Census Tract 118, Van Buren County, Michigan,2895,257,1146,972,352,168
1400000US26159011900,26159011900,Census Tract 119, Van Buren County, Michigan,1885,21,442,1001,308,113
1400000US26159012000,26159012000,Census Tract 120, Van Buren County, Michigan,2272,208,706,779,400,179
1400000US26159990000,26159990000,Census Tract 9900, Van Buren County, Michigan,0,0,0,0,0,0
1400000US26161400100,26161400100,Census Tract 4001, Washtenaw County, Michigan,1382,592,618,144,28,0
1400000US26161400200,26161400200,Census Tract 4002, Washtenaw County, Michigan,91,20,30,11,13,17
1400000US26161400300,26161400300,Census Tract 4003, Washtenaw County, Michigan,1855,546,628,350,217,114
1400000US26161400400,26161400400,Census Tract 4004, Washtenaw County, Michigan,1149,77,358,476,200,38
1400000US26161400500,26161400500,Census Tract 4005, Washtenaw County, Michigan,2240,522,969,350,158,241
1400000US26161400600,26161400600,Census Tract 4006, Washtenaw County, Michigan,2254,210,1088,853,54,49
1400000US26161400700,26161400700,Census Tract 4007, Washtenaw County, Michigan,1290,244,590,353,60,43
1400000US26161400800,26161400800,Census Tract 4008, Washtenaw County, Michigan,1124,215,540,155,105,109
1400000US26161402100,26161402100,Census Tract 4021, Washtenaw County, Michigan,1590,244,775,485,71,15
1400000US26161402200,26161402200,Census Tract 4022, Washtenaw County, Michigan,1276,392,628,223,33,0
1400000US26161402300,26161402300,Census Tract 4023, Washtenaw County, Michigan,1110,105,413,475,42,75
1400000US26161402500,26161402500,Census Tract 4025, Washtenaw County, Michigan,1132,67,597,408,50,10
1400000US26161402600,26161402600,Census Tract 4026, Washtenaw County, Michigan,638,79,394,156,9,0
1400000US26161402700,26161402700,Census Tract 4027, Washtenaw County, Michigan,2279,27,997,1051,147,57
1400000US26161403100,26161403100,Census Tract 4031, Washtenaw County, Michigan,583,0,141,318,70,54
1400000US26161403200,26161403200,Census Tract 4032, Washtenaw County, Michigan,1368,33,543,679,84,29
1400000US26161403300,26161403300,Census Tract 4033, Washtenaw County, Michigan,1735,99,618,800,190,28
1400000US26161403400,26161403400,Census Tract 4034, Washtenaw County, Michigan,1394,36,518,734,106,0
1400000US26161403500,26161403500,Census Tract 4035, Washtenaw County, Michigan,1336,98,586,541,57,54
1400000US26161403600,26161403600,Census Tract 4036, Washtenaw County, Michigan,2302,437,991,773,89,12
1400000US26161403800,26161403800,Census Tract 4038, Washtenaw County, Michigan,1318,234,520,497,53,14
1400000US26161404100,26161404100,Census Tract 4041, Washtenaw County, Michigan,1366,157,557,461,163,28
1400000US26161404200,26161404200,Census Tract 4042, Washtenaw County, Michigan,1172,133,680,325,25,9
1400000US26161404300,26161404300,Census Tract 4043, Washtenaw County, Michigan,1169,64,399,533,97,76
1400000US26161404400,26161404400,Census Tract 4044, Washtenaw County, Michigan,880,30,221,516,107,6
1400000US26161404500,26161404500,Census Tract 4045, Washtenaw County, Michigan,2320,482,851,857,113,17
1400000US26161404600,26161404600,Census Tract 4046, Washtenaw County, Michigan,2346,207,1078,810,219,32
1400000US26161405100,26161405100,Census Tract 4051, Washtenaw County, Michigan,1018,57,535,374,34,18
1400000US26161405200,26161405200,Census Tract 4052, Washtenaw County, Michigan,2294,144,1142,828,121,59
1400000US26161405300,26161405300,Census Tract 4053, Washtenaw County, Michigan,2042,71,460,1134,295,82
1400000US26161405400,26161405400,Census Tract 4054, Washtenaw County, Michigan,986,34,506,352,78,16
1400000US26161405500,26161405500,Census Tract 4055, Washtenaw County, Michigan,1059,74,478,373,99,35
1400000US26161405600,26161405600,Census Tract 4056, Washtenaw County, Michigan,1896,121,1053,571,151,0
1400000US26161406000,26161406000,Census Tract 4060, Washtenaw County, Michigan,1394,43,492,620,147,92
1400000US26161407000,26161407000,Census Tract 4070, Washtenaw County, Michigan,1764,63,403,714,333,251
1400000US26161407400,26161407400,Census Tract 4074, Washtenaw County, Michigan,2163,380,824,598,231,130
1400000US26161407600,26161407600,Census Tract 4076, Washtenaw County, Michigan,1033,15,267,479,228,44
1400000US26161410100,26161410100,Census Tract 4101, Washtenaw County, Michigan,1625,118,1056,398,49,4
1400000US26161410200,26161410200,Census Tract 4102, Washtenaw County, Michigan,1121,105,407,518,75,16
1400000US26161410300,26161410300,Census Tract 4103, Washtenaw County, Michigan,1773,282,706,588,79,118
1400000US26161410400,26161410400,Census Tract 4104, Washtenaw County, Michigan,1593,131,548,652,198,64
1400000US26161410500,26161410500,Census Tract 4105, Washtenaw County, Michigan,1226,167,610,319,85,45
1400000US26161410600,26161410600,Census Tract 4106, Washtenaw County, Michigan,839,258,454,83,26,18
1400000US26161410700,26161410700,Census Tract 4107, Washtenaw County, Michigan,734,223,345,145,21,0
1400000US26161410800,26161410800,Census Tract 4108, Washtenaw County, Michigan,744,90,324,257,40,33
1400000US26161410900,26161410900,Census Tract 4109, Washtenaw County, Michigan,606,30,218,253,71,34
1400000US26161411000,26161411000,Census Tract 4110, Washtenaw County, Michigan,1364,222,499,419,150,74
1400000US26161411100,26161411100,Census Tract 4111, Washtenaw County, Michigan,59,38,14,7,0,0
1400000US26161411200,26161411200,Census Tract 4112, Washtenaw County, Michigan,1107,146,541,243,134,43
1400000US26161411700,26161411700,Census Tract 4117, Washtenaw County, Michigan,892,43,315,355,113,66
1400000US26161411900,26161411900,Census Tract 4119, Washtenaw County, Michigan,1789,271,785,547,120,66
1400000US26161412000,26161412000,Census Tract 4120, Washtenaw County, Michigan,1546,206,709,481,114,36
1400000US26161412100,26161412100,Census Tract 4121, Washtenaw County, Michigan,1516,202,672,492,114,36
1400000US26161412300,26161412300,Census Tract 4123, Washtenaw County, Michigan,1025,74,435,388,124,4
1400000US26161412600,26161412600,Census Tract 4126, Washtenaw County, Michigan,1563,55,985,481,34,8
1400000US26161412700,26161412700,Census Tract 4127, Washtenaw County, Michigan,2065,144,617,832,260,212
1400000US26161413000,26161413000,Census Tract 4130, Washtenaw County, Michigan,1574,61,703,553,197,60
1400000US26161413200,26161413200,Census Tract 4132, Washtenaw County, Michigan,1588,9,698,535,211,135
1400000US26161413401,26161413401,Census Tract 4134.01, Washtenaw County, Michigan,1441,5,204,726,298,208
1400000US26161413402,26161413402,Census Tract 4134.02, Washtenaw County, Michigan,1839,27,350,1055,296,111
1400000US26161413403,26161413403,Census Tract 4134.03, Washtenaw County, Michigan,737,11,159,277,219,71
1400000US26161414000,26161414000,Census Tract 4140, Washtenaw County, Michigan,1605,339,861,359,46,0
1400000US26161414200,26161414200,Census Tract 4142, Washtenaw County, Michigan,1318,121,617,453,86,41
1400000US26161414300,26161414300,Census Tract 4143, Washtenaw County, Michigan,1512,377,549,475,93,18
1400000US26161414500,26161414500,Census Tract 4145, Washtenaw County, Michigan,927,20,178,451,179,99
1400000US26161414700,26161414700,Census Tract 4147, Washtenaw County, Michigan,929,22,473,384,18,32
1400000US26161414900,26161414900,Census Tract 4149, Washtenaw County, Michigan,1182,0,191,684,226,81
1400000US26161415200,26161415200,Census Tract 4152, Washtenaw County, Michigan,1026,24,565,373,59,5
1400000US26161415400,26161415400,Census Tract 4154, Washtenaw County, Michigan,879,20,399,374,54,32
1400000US26161415600,26161415600,Census Tract 4156, Washtenaw County, Michigan,675,5,52,406,128,84
1400000US26161415800,26161415800,Census Tract 4158, Washtenaw County, Michigan,1234,0,172,782,187,93
1400000US26161416000,26161416000,Census Tract 4160, Washtenaw County, Michigan,1158,40,315,556,170,77
1400000US26161416200,26161416200,Census Tract 4162, Washtenaw County, Michigan,1625,16,322,830,312,145
1400000US26161420000,26161420000,Census Tract 4200, Washtenaw County, Michigan,1166,0,270,455,239,202
1400000US26161420200,26161420200,Census Tract 4202, Washtenaw County, Michigan,1145,10,193,507,303,132
1400000US26161421100,26161421100,Census Tract 4211, Washtenaw County, Michigan,1312,75,331,597,167,142
1400000US26161421900,26161421900,Census Tract 4219, Washtenaw County, Michigan,9,0,0,9,0,0
1400000US26161422200,26161422200,Census Tract 4222, Washtenaw County, Michigan,2387,18,287,1099,597,386
1400000US26161422900,26161422900,Census Tract 4229, Washtenaw County, Michigan,0,0,0,0,0,0
1400000US26161423400,26161423400,Census Tract 4234, Washtenaw County, Michigan,2752,252,874,1071,469,86
1400000US26161423600,26161423600,Census Tract 4236, Washtenaw County, Michigan,1019,29,373,441,166,10
1400000US26161425000,26161425000,Census Tract 4250, Washtenaw County, Michigan,1550,20,204,841,417,68
1400000US26161426000,26161426000,Census Tract 4260, Washtenaw County, Michigan,1504,34,342,675,304,149
1400000US26161431000,26161431000,Census Tract 4310, Washtenaw County, Michigan,1922,85,636,694,319,188
1400000US26161432000,26161432000,Census Tract 4320, Washtenaw County, Michigan,1863,30,291,830,435,277
1400000US26161444000,26161444000,Census Tract 4440, Washtenaw County, Michigan,2211,29,433,935,647,167
1400000US26161445000,26161445000,Census Tract 4450, Washtenaw County, Michigan,994,32,204,390,232,136
1400000US26161446200,26161446200,Census Tract 4462, Washtenaw County, Michigan,1002,102,504,322,53,21
1400000US26161446400,26161446400,Census Tract 4464, Washtenaw County, Michigan,1158,128,308,478,222,22
1400000US26161447000,26161447000,Census Tract 4470, Washtenaw County, Michigan,1144,22,249,517,239,117
1400000US26161448000,26161448000,Census Tract 4480, Washtenaw County, Michigan,1339,9,175,746,258,151
1400000US26161453000,26161453000,Census Tract 4530, Washtenaw County, Michigan,1967,47,243,1075,419,183
1400000US26161454000,26161454000,Census Tract 4540, Washtenaw County, Michigan,1949,47,686,819,287,110
1400000US26161455000,26161455000,Census Tract 4550, Washtenaw County, Michigan,1753,0,622,787,236,108
1400000US26161456000,26161456000,Census Tract 4560, Washtenaw County, Michigan,2125,14,591,1212,223,85
1400000US26161461000,26161461000,Census Tract 4610, Washtenaw County, Michigan,2484,120,258,1296,545,265
1400000US26161464000,26161464000,Census Tract 4640, Washtenaw County, Michigan,2106,11,388,915,527,265
1400000US26161465000,26161465000,Census Tract 4650, Washtenaw County, Michigan,2368,58,925,946,289,150
1400000US26161466000,26161466000,Census Tract 4660, Washtenaw County, Michigan,926,12,147,422,237,108
1400000US26161984000,26161984000,Census Tract 9840, Washtenaw County, Michigan,8,4,0,0,4,0
1400000US26163500100,26163500100,Census Tract 5001, Wayne County, Michigan,1419,154,818,404,32,11
1400000US26163500200,26163500200,Census Tract 5002, Wayne County, Michigan,1002,52,420,387,135,8
1400000US26163500300,26163500300,Census Tract 5003, Wayne County, Michigan,799,139,371,266,23,0
1400000US26163500400,26163500400,Census Tract 5004, Wayne County, Michigan,420,89,173,139,13,6
1400000US26163500500,26163500500,Census Tract 5005, Wayne County, Michigan,600,72,276,225,9,18
1400000US26163500600,26163500600,Census Tract 5006, Wayne County, Michigan,948,222,417,304,5,0
1400000US26163500700,26163500700,Census Tract 5007, Wayne County, Michigan,1516,214,797,340,110,55
1400000US26163500800,26163500800,Census Tract 5008, Wayne County, Michigan,1016,108,487,338,37,46
1400000US26163500900,26163500900,Census Tract 5009, Wayne County, Michigan,1225,354,506,208,145,12
1400000US26163501000,26163501000,Census Tract 5010, Wayne County, Michigan,926,217,488,135,48,38
1400000US26163501100,26163501100,Census Tract 5011, Wayne County, Michigan,1088,317,445,249,68,9
1400000US26163501200,26163501200,Census Tract 5012, Wayne County, Michigan,523,153,258,89,23,0
1400000US26163501300,26163501300,Census Tract 5013, Wayne County, Michigan,1147,277,540,324,6,0
1400000US26163501400,26163501400,Census Tract 5014, Wayne County, Michigan,1288,122,591,370,111,94
1400000US26163501500,26163501500,Census Tract 5015, Wayne County, Michigan,1487,248,813,244,130,52
1400000US26163501600,26163501600,Census Tract 5016, Wayne County, Michigan,761,215,252,237,51,6
1400000US26163501700,26163501700,Census Tract 5017, Wayne County, Michigan,853,246,383,151,73,0
1400000US26163501800,26163501800,Census Tract 5018, Wayne County, Michigan,1737,144,699,634,204,56
1400000US26163501900,26163501900,Census Tract 5019, Wayne County, Michigan,960,190,402,279,83,6
1400000US26163502000,26163502000,Census Tract 5020, Wayne County, Michigan,667,111,282,194,29,51
1400000US26163503100,26163503100,Census Tract 5031, Wayne County, Michigan,1006,133,338,434,98,3
1400000US26163503200,26163503200,Census Tract 5032, Wayne County, Michigan,974,101,541,307,8,17
1400000US26163503300,26163503300,Census Tract 5033, Wayne County, Michigan,1214,108,600,428,64,14
1400000US26163503400,26163503400,Census Tract 5034, Wayne County, Michigan,503,117,190,184,12,0
1400000US26163503500,26163503500,Census Tract 5035, Wayne County, Michigan,1037,227,484,248,46,32
1400000US26163503600,26163503600,Census Tract 5036, Wayne County, Michigan,640,90,252,207,44,47
1400000US26163503900,26163503900,Census Tract 5039, Wayne County, Michigan,592,164,258,154,14,2
1400000US26163504000,26163504000,Census Tract 5040, Wayne County, Michigan,506,152,239,90,25,0
1400000US26163504100,26163504100,Census Tract 5041, Wayne County, Michigan,489,153,275,39,18,4
1400000US26163504200,26163504200,Census Tract 5042, Wayne County, Michigan,595,118,359,99,19,0
1400000US26163504300,26163504300,Census Tract 5043, Wayne County, Michigan,732,202,306,170,32,22
1400000US26163504400,26163504400,Census Tract 5044, Wayne County, Michigan,554,140,262,128,6,18
1400000US26163504700,26163504700,Census Tract 5047, Wayne County, Michigan,660,245,262,153,0,0
1400000US26163504800,26163504800,Census Tract 5048, Wayne County, Michigan,262,56,118,75,13,0
1400000US26163504900,26163504900,Census Tract 5049, Wayne County, Michigan,1256,257,537,282,119,61
1400000US26163505000,26163505000,Census Tract 5050, Wayne County, Michigan,367,118,203,46,0,0
1400000US26163505100,26163505100,Census Tract 5051, Wayne County, Michigan,1411,332,707,280,51,41
1400000US26163505200,26163505200,Census Tract 5052, Wayne County, Michigan,1127,239,514,322,29,23
1400000US26163505400,26163505400,Census Tract 5054, Wayne County, Michigan,841,222,410,157,40,12
1400000US26163505500,26163505500,Census Tract 5055, Wayne County, Michigan,379,134,147,78,20,0
1400000US26163506100,26163506100,Census Tract 5061, Wayne County, Michigan,677,69,405,181,22,0
1400000US26163506200,26163506200,Census Tract 5062, Wayne County, Michigan,673,117,328,174,50,4
1400000US26163506300,26163506300,Census Tract 5063, Wayne County, Michigan,686,161,285,193,41,6
1400000US26163506400,26163506400,Census Tract 5064, Wayne County, Michigan,345,135,144,22,13,31
1400000US26163506500,26163506500,Census Tract 5065, Wayne County, Michigan,776,177,349,165,56,29
1400000US26163506600,26163506600,Census Tract 5066, Wayne County, Michigan,1098,344,489,230,23,12
1400000US26163506700,26163506700,Census Tract 5067, Wayne County, Michigan,384,17,194,168,3,2
1400000US26163506800,26163506800,Census Tract 5068, Wayne County, Michigan,1544,348,856,274,55,11
1400000US26163506900,26163506900,Census Tract 5069, Wayne County, Michigan,1285,160,576,474,55,20
1400000US26163507000,26163507000,Census Tract 5070, Wayne County, Michigan,1031,272,552,135,72,0
1400000US26163507100,26163507100,Census Tract 5071, Wayne County, Michigan,942,185,394,261,93,9
1400000US26163507200,26163507200,Census Tract 5072, Wayne County, Michigan,461,167,148,109,37,0
1400000US26163507300,26163507300,Census Tract 5073, Wayne County, Michigan,785,180,412,103,60,30
1400000US26163507400,26163507400,Census Tract 5074, Wayne County, Michigan,972,186,396,372,18,0
1400000US26163507500,26163507500,Census Tract 5075, Wayne County, Michigan,908,293,440,140,35,0
1400000US26163507800,26163507800,Census Tract 5078, Wayne County, Michigan,172,61,78,26,7,0
1400000US26163507900,26163507900,Census Tract 5079, Wayne County, Michigan,513,139,245,110,19,0
1400000US26163508000,26163508000,Census Tract 5080, Wayne County, Michigan,629,364,209,56,0,0
1400000US26163508100,26163508100,Census Tract 5081, Wayne County, Michigan,473,131,202,128,12,0
1400000US26163510400,26163510400,Census Tract 5104, Wayne County, Michigan,296,89,126,75,6,0
1400000US26163510500,26163510500,Census Tract 5105, Wayne County, Michigan,1121,256,612,200,50,3
1400000US26163510600,26163510600,Census Tract 5106, Wayne County, Michigan,1479,181,748,414,73,63
1400000US26163510700,26163510700,Census Tract 5107, Wayne County, Michigan,504,148,277,63,16,0
1400000US26163511000,26163511000,Census Tract 5110, Wayne County, Michigan,698,273,274,111,31,9
1400000US26163511200,26163511200,Census Tract 5112, Wayne County, Michigan,572,137,248,150,32,5
1400000US26163511300,26163511300,Census Tract 5113, Wayne County, Michigan,708,169,284,205,50,0
1400000US26163511400,26163511400,Census Tract 5114, Wayne County, Michigan,1032,462,309,179,75,7
1400000US26163511900,26163511900,Census Tract 5119, Wayne County, Michigan,701,254,316,68,59,4
1400000US26163512100,26163512100,Census Tract 5121, Wayne County, Michigan,1055,233,507,244,43,28
1400000US26163512200,26163512200,Census Tract 5122, Wayne County, Michigan,435,255,146,30,0,4
1400000US26163512300,26163512300,Census Tract 5123, Wayne County, Michigan,537,275,194,49,19,0
1400000US26163512400,26163512400,Census Tract 5124, Wayne County, Michigan,487,187,221,74,5,0
1400000US26163512600,26163512600,Census Tract 5126, Wayne County, Michigan,517,170,214,98,28,7
1400000US26163512900,26163512900,Census Tract 5129, Wayne County, Michigan,540,238,219,78,5,0
1400000US26163513200,26163513200,Census Tract 5132, Wayne County, Michigan,675,133,360,147,35,0
1400000US26163513300,26163513300,Census Tract 5133, Wayne County, Michigan,1013,95,468,335,78,37
1400000US26163513600,26163513600,Census Tract 5136, Wayne County, Michigan,441,202,178,45,9,7
1400000US26163513700,26163513700,Census Tract 5137, Wayne County, Michigan,1456,490,445,462,53,6
1400000US26163513900,26163513900,Census Tract 5139, Wayne County, Michigan,714,340,232,80,22,40
1400000US26163514100,26163514100,Census Tract 5141, Wayne County, Michigan,915,267,480,168,0,0
1400000US26163514200,26163514200,Census Tract 5142, Wayne County, Michigan,1057,348,539,114,56,0
1400000US26163514300,26163514300,Census Tract 5143, Wayne County, Michigan,1070,443,466,137,10,14
1400000US26163514500,26163514500,Census Tract 5145, Wayne County, Michigan,464,129,244,67,20,4
1400000US26163515200,26163515200,Census Tract 5152, Wayne County, Michigan,590,169,309,85,22,5
1400000US26163515300,26163515300,Census Tract 5153, Wayne County, Michigan,1773,1031,517,190,18,17
1400000US26163515400,26163515400,Census Tract 5154, Wayne County, Michigan,665,134,222,229,50,30
1400000US26163515600,26163515600,Census Tract 5156, Wayne County, Michigan,610,250,306,41,10,3
1400000US26163515700,26163515700,Census Tract 5157, Wayne County, Michigan,2617,937,1237,293,150,0
1400000US26163515900,26163515900,Census Tract 5159, Wayne County, Michigan,471,115,217,65,67,7
1400000US26163516000,26163516000,Census Tract 5160, Wayne County, Michigan,817,371,252,176,5,13
1400000US26163516100,26163516100,Census Tract 5161, Wayne County, Michigan,227,118,72,31,0,6
1400000US26163516200,26163516200,Census Tract 5162, Wayne County, Michigan,266,104,130,3,17,12
1400000US26163516300,26163516300,Census Tract 5163, Wayne County, Michigan,185,48,119,8,0,10
1400000US26163516400,26163516400,Census Tract 5164, Wayne County, Michigan,403,84,216,77,15,11
1400000US26163516500,26163516500,Census Tract 5165, Wayne County, Michigan,1064,103,675,261,13,12
1400000US26163516600,26163516600,Census Tract 5166, Wayne County, Michigan,1087,447,518,91,31,0
1400000US26163516700,26163516700,Census Tract 5167, Wayne County, Michigan,1810,802,827,131,39,11
1400000US26163516800,26163516800,Census Tract 5168, Wayne County, Michigan,280,86,126,36,32,0
1400000US26163516900,26163516900,Census Tract 5169, Wayne County, Michigan,1523,677,688,136,22,0
1400000US26163517000,26163517000,Census Tract 5170, Wayne County, Michigan,2346,365,1595,348,26,12
1400000US26163517100,26163517100,Census Tract 5171, Wayne County, Michigan,818,153,519,134,12,0
1400000US26163517200,26163517200,Census Tract 5172, Wayne County, Michigan,823,254,465,93,6,5
1400000US26163517300,26163517300,Census Tract 5173, Wayne County, Michigan,1164,392,602,114,56,0
1400000US26163517500,26163517500,Census Tract 5175, Wayne County, Michigan,1693,1047,567,73,6,0
1400000US26163518000,26163518000,Census Tract 5180, Wayne County, Michigan,1313,312,609,284,43,65
1400000US26163518400,26163518400,Census Tract 5184, Wayne County, Michigan,156,95,47,14,0,0
1400000US26163518500,26163518500,Census Tract 5185, Wayne County, Michigan,361,115,152,80,14,0
1400000US26163518600,26163518600,Census Tract 5186, Wayne County, Michigan,221,100,97,19,5,0
1400000US26163518800,26163518800,Census Tract 5188, Wayne County, Michigan,288,139,105,40,4,0
1400000US26163518900,26163518900,Census Tract 5189, Wayne County, Michigan,827,369,424,15,19,0
1400000US26163520200,26163520200,Census Tract 5202, Wayne County, Michigan,1025,227,628,145,25,0
1400000US26163520300,26163520300,Census Tract 5203, Wayne County, Michigan,1096,392,528,120,46,10
1400000US26163520400,26163520400,Census Tract 5204, Wayne County, Michigan,1050,407,468,125,32,18
1400000US26163520700,26163520700,Census Tract 5207, Wayne County, Michigan,1831,809,705,317,0,0
1400000US26163520800,26163520800,Census Tract 5208, Wayne County, Michigan,1178,45,869,219,34,11
1400000US26163521100,26163521100,Census Tract 5211, Wayne County, Michigan,827,251,267,243,49,17
1400000US26163521300,26163521300,Census Tract 5213, Wayne County, Michigan,286,53,118,76,22,17
1400000US26163521400,26163521400,Census Tract 5214, Wayne County, Michigan,595,127,253,173,34,8
1400000US26163521500,26163521500,Census Tract 5215, Wayne County, Michigan,755,227,370,138,0,20
1400000US26163521800,26163521800,Census Tract 5218, Wayne County, Michigan,917,543,236,128,10,0
1400000US26163521900,26163521900,Census Tract 5219, Wayne County, Michigan,1412,427,584,323,64,14
1400000US26163522000,26163522000,Census Tract 5220, Wayne County, Michigan,878,326,490,62,0,0
1400000US26163522100,26163522100,Census Tract 5221, Wayne County, Michigan,278,106,117,34,21,0
1400000US26163522200,26163522200,Census Tract 5222, Wayne County, Michigan,170,74,67,25,4,0
1400000US26163522300,26163522300,Census Tract 5223, Wayne County, Michigan,658,422,228,7,1,0
1400000US26163522400,26163522400,Census Tract 5224, Wayne County, Michigan,482,184,274,24,0,0
1400000US26163522500,26163522500,Census Tract 5225, Wayne County, Michigan,862,565,281,16,0,0
1400000US26163523100,26163523100,Census Tract 5231, Wayne County, Michigan,557,107,267,135,37,11
1400000US26163523200,26163523200,Census Tract 5232, Wayne County, Michigan,1186,127,427,443,128,61
1400000US26163523300,26163523300,Census Tract 5233, Wayne County, Michigan,969,162,429,233,84,61
1400000US26163523400,26163523400,Census Tract 5234, Wayne County, Michigan,986,391,331,171,93,0
1400000US26163523800,26163523800,Census Tract 5238, Wayne County, Michigan,1355,203,638,385,50,79
1400000US26163524000,26163524000,Census Tract 5240, Wayne County, Michigan,1004,283,404,254,55,8
1400000US26163524100,26163524100,Census Tract 5241, Wayne County, Michigan,1334,495,515,240,71,13
1400000US26163524200,26163524200,Census Tract 5242, Wayne County, Michigan,1585,373,632,337,182,61
1400000US26163524300,26163524300,Census Tract 5243, Wayne County, Michigan,897,166,392,203,127,9
1400000US26163524500,26163524500,Census Tract 5245, Wayne County, Michigan,45,3,24,10,8,0
1400000US26163524700,26163524700,Census Tract 5247, Wayne County, Michigan,1659,441,769,357,73,19
1400000US26163524800,26163524800,Census Tract 5248, Wayne County, Michigan,1106,207,585,232,77,5
1400000US26163524900,26163524900,Census Tract 5249, Wayne County, Michigan,467,145,103,157,54,8
1400000US26163525000,26163525000,Census Tract 5250, Wayne County, Michigan,333,131,119,52,11,20
1400000US26163525400,26163525400,Census Tract 5254, Wayne County, Michigan,874,292,240,245,72,25
1400000US26163525500,26163525500,Census Tract 5255, Wayne County, Michigan,282,93,88,87,14,0
1400000US26163525600,26163525600,Census Tract 5256, Wayne County, Michigan,431,33,203,138,26,31
1400000US26163525700,26163525700,Census Tract 5257, Wayne County, Michigan,1561,203,650,557,38,113
1400000US26163525800,26163525800,Census Tract 5258, Wayne County, Michigan,627,161,218,118,101,29
1400000US26163526000,26163526000,Census Tract 5260, Wayne County, Michigan,949,136,465,256,74,18
1400000US26163526100,26163526100,Census Tract 5261, Wayne County, Michigan,743,59,434,221,29,0
1400000US26163526200,26163526200,Census Tract 5262, Wayne County, Michigan,837,131,305,276,117,8
1400000US26163526300,26163526300,Census Tract 5263, Wayne County, Michigan,1033,156,385,346,69,77
1400000US26163526400,26163526400,Census Tract 5264, Wayne County, Michigan,454,8,289,97,46,14
1400000US26163526500,26163526500,Census Tract 5265, Wayne County, Michigan,797,301,277,185,34,0
1400000US26163527200,26163527200,Census Tract 5272, Wayne County, Michigan,251,100,73,43,18,17
1400000US26163527300,26163527300,Census Tract 5273, Wayne County, Michigan,307,90,151,66,0,0
1400000US26163530100,26163530100,Census Tract 5301, Wayne County, Michigan,1056,336,455,206,40,19
1400000US26163530200,26163530200,Census Tract 5302, Wayne County, Michigan,1215,251,689,222,39,14
1400000US26163530300,26163530300,Census Tract 5303, Wayne County, Michigan,568,184,213,131,40,0
1400000US26163530400,26163530400,Census Tract 5304, Wayne County, Michigan,507,196,175,102,34,0
1400000US26163530500,26163530500,Census Tract 5305, Wayne County, Michigan,844,134,475,210,25,0
1400000US26163530800,26163530800,Census Tract 5308, Wayne County, Michigan,586,111,372,87,16,0
1400000US26163530900,26163530900,Census Tract 5309, Wayne County, Michigan,653,199,382,56,16,0
1400000US26163531100,26163531100,Census Tract 5311, Wayne County, Michigan,469,270,160,33,6,0
1400000US26163531200,26163531200,Census Tract 5312, Wayne County, Michigan,789,49,303,236,142,59
1400000US26163531300,26163531300,Census Tract 5313, Wayne County, Michigan,396,142,219,35,0,0
1400000US26163531400,26163531400,Census Tract 5314, Wayne County, Michigan,613,144,335,99,22,13
1400000US26163531500,26163531500,Census Tract 5315, Wayne County, Michigan,1000,405,323,265,7,0
1400000US26163531600,26163531600,Census Tract 5316, Wayne County, Michigan,751,213,378,114,36,10
1400000US26163531700,26163531700,Census Tract 5317, Wayne County, Michigan,776,408,311,19,38,0
1400000US26163531800,26163531800,Census Tract 5318, Wayne County, Michigan,740,354,309,56,21,0
1400000US26163531900,26163531900,Census Tract 5319, Wayne County, Michigan,261,95,93,71,2,0
1400000US26163532200,26163532200,Census Tract 5322, Wayne County, Michigan,530,94,292,103,41,0
1400000US26163532300,26163532300,Census Tract 5323, Wayne County, Michigan,364,86,97,95,73,13
1400000US26163532400,26163532400,Census Tract 5324, Wayne County, Michigan,567,235,205,104,23,0
1400000US26163532600,26163532600,Census Tract 5326, Wayne County, Michigan,1019,548,318,134,19,0
1400000US26163532700,26163532700,Census Tract 5327, Wayne County, Michigan,275,158,85,17,8,7
1400000US26163533000,26163533000,Census Tract 5330, Wayne County, Michigan,517,155,196,101,59,6
1400000US26163533100,26163533100,Census Tract 5331, Wayne County, Michigan,665,248,303,104,10,0
1400000US26163533200,26163533200,Census Tract 5332, Wayne County, Michigan,414,88,195,75,39,17
1400000US26163533300,26163533300,Census Tract 5333, Wayne County, Michigan,413,132,260,21,0,0
1400000US26163533400,26163533400,Census Tract 5334, Wayne County, Michigan,937,267,477,127,56,10
1400000US26163533500,26163533500,Census Tract 5335, Wayne County, Michigan,414,108,180,94,32,0
1400000US26163533600,26163533600,Census Tract 5336, Wayne County, Michigan,656,178,264,123,73,18
1400000US26163533700,26163533700,Census Tract 5337, Wayne County, Michigan,412,75,219,87,5,26
1400000US26163533900,26163533900,Census Tract 5339, Wayne County, Michigan,1919,668,908,270,11,62
1400000US26163534100,26163534100,Census Tract 5341, Wayne County, Michigan,799,235,359,184,10,11
1400000US26163534200,26163534200,Census Tract 5342, Wayne County, Michigan,1171,300,465,318,88,0
1400000US26163534300,26163534300,Census Tract 5343, Wayne County, Michigan,598,163,331,60,26,18
1400000US26163534400,26163534400,Census Tract 5344, Wayne County, Michigan,670,226,351,59,30,4
1400000US26163534500,26163534500,Census Tract 5345, Wayne County, Michigan,287,98,125,49,15,0
1400000US26163534600,26163534600,Census Tract 5346, Wayne County, Michigan,678,120,381,118,35,24
1400000US26163534700,26163534700,Census Tract 5347, Wayne County, Michigan,1167,472,424,208,63,0
1400000US26163535000,26163535000,Census Tract 5350, Wayne County, Michigan,998,215,534,229,12,8
1400000US26163535100,26163535100,Census Tract 5351, Wayne County, Michigan,649,100,355,106,80,8
1400000US26163535200,26163535200,Census Tract 5352, Wayne County, Michigan,857,267,369,157,40,24
1400000US26163535300,26163535300,Census Tract 5353, Wayne County, Michigan,1533,332,644,448,37,72
1400000US26163535400,26163535400,Census Tract 5354, Wayne County, Michigan,606,182,290,122,12,0
1400000US26163535500,26163535500,Census Tract 5355, Wayne County, Michigan,1150,242,542,291,24,51
1400000US26163535600,26163535600,Census Tract 5356, Wayne County, Michigan,1497,144,626,538,114,75
1400000US26163535700,26163535700,Census Tract 5357, Wayne County, Michigan,486,140,263,72,6,5
1400000US26163536100,26163536100,Census Tract 5361, Wayne County, Michigan,1222,430,543,163,70,16
1400000US26163536200,26163536200,Census Tract 5362, Wayne County, Michigan,800,102,410,252,31,5
1400000US26163536300,26163536300,Census Tract 5363, Wayne County, Michigan,853,272,283,270,28,0
1400000US26163536400,26163536400,Census Tract 5364, Wayne County, Michigan,882,267,363,213,34,5
1400000US26163536500,26163536500,Census Tract 5365, Wayne County, Michigan,907,211,401,174,111,10
1400000US26163536600,26163536600,Census Tract 5366, Wayne County, Michigan,938,204,342,256,136,0
1400000US26163536700,26163536700,Census Tract 5367, Wayne County, Michigan,409,92,177,130,10,0
1400000US26163536800,26163536800,Census Tract 5368, Wayne County, Michigan,606,99,363,74,47,23
1400000US26163536900,26163536900,Census Tract 5369, Wayne County, Michigan,1022,238,528,215,26,15
1400000US26163537000,26163537000,Census Tract 5370, Wayne County, Michigan,1209,273,538,290,95,13
1400000US26163537100,26163537100,Census Tract 5371, Wayne County, Michigan,682,304,261,55,27,35
1400000US26163537200,26163537200,Census Tract 5372, Wayne County, Michigan,245,72,129,23,14,7
1400000US26163537300,26163537300,Census Tract 5373, Wayne County, Michigan,731,189,341,175,19,7
1400000US26163537500,26163537500,Census Tract 5375, Wayne County, Michigan,890,60,318,312,110,90
1400000US26163537600,26163537600,Census Tract 5376, Wayne County, Michigan,1257,191,665,298,61,42
1400000US26163537700,26163537700,Census Tract 5377, Wayne County, Michigan,1080,340,431,275,34,0
1400000US26163537800,26163537800,Census Tract 5378, Wayne County, Michigan,642,188,278,126,13,37
1400000US26163538100,26163538100,Census Tract 5381, Wayne County, Michigan,982,29,402,382,106,63
1400000US26163538200,26163538200,Census Tract 5382, Wayne County, Michigan,752,29,155,346,163,59
1400000US26163538300,26163538300,Census Tract 5383, Wayne County, Michigan,963,324,393,166,44,36
1400000US26163538400,26163538400,Census Tract 5384, Wayne County, Michigan,1402,45,379,668,149,161
1400000US26163538500,26163538500,Census Tract 5385, Wayne County, Michigan,1876,382,771,408,279,36
1400000US26163538600,26163538600,Census Tract 5386, Wayne County, Michigan,1957,322,782,503,235,115
1400000US26163538700,26163538700,Census Tract 5387, Wayne County, Michigan,1501,343,657,304,169,28
1400000US26163538800,26163538800,Census Tract 5388, Wayne County, Michigan,708,91,382,191,25,19
1400000US26163538900,26163538900,Census Tract 5389, Wayne County, Michigan,1418,273,793,249,89,14
1400000US26163539000,26163539000,Census Tract 5390, Wayne County, Michigan,1043,337,390,298,18,0
1400000US26163539100,26163539100,Census Tract 5391, Wayne County, Michigan,762,185,415,132,9,21
1400000US26163539200,26163539200,Census Tract 5392, Wayne County, Michigan,2199,336,1319,457,51,36
1400000US26163539300,26163539300,Census Tract 5393, Wayne County, Michigan,1540,151,908,332,137,12
1400000US26163539400,26163539400,Census Tract 5394, Wayne County, Michigan,1356,166,786,306,79,19
1400000US26163539500,26163539500,Census Tract 5395, Wayne County, Michigan,1163,158,604,315,86,0
1400000US26163539600,26163539600,Census Tract 5396, Wayne County, Michigan,1114,185,465,341,63,60
1400000US26163539700,26163539700,Census Tract 5397, Wayne County, Michigan,937,281,380,240,36,0
1400000US26163540100,26163540100,Census Tract 5401, Wayne County, Michigan,1212,172,635,260,111,34
1400000US26163540200,26163540200,Census Tract 5402, Wayne County, Michigan,1170,268,535,302,33,32
1400000US26163540300,26163540300,Census Tract 5403, Wayne County, Michigan,1445,251,748,312,134,0
1400000US26163540400,26163540400,Census Tract 5404, Wayne County, Michigan,1103,279,527,185,66,46
1400000US26163540500,26163540500,Census Tract 5405, Wayne County, Michigan,1214,192,565,310,120,27
1400000US26163540600,26163540600,Census Tract 5406, Wayne County, Michigan,1208,191,518,345,154,0
1400000US26163540700,26163540700,Census Tract 5407, Wayne County, Michigan,1197,111,527,380,121,58
1400000US26163540800,26163540800,Census Tract 5408, Wayne County, Michigan,907,176,420,261,48,2
1400000US26163540900,26163540900,Census Tract 5409, Wayne County, Michigan,1374,166,692,399,79,38
1400000US26163541000,26163541000,Census Tract 5410, Wayne County, Michigan,1674,375,819,333,147,0
1400000US26163541100,26163541100,Census Tract 5411, Wayne County, Michigan,955,296,457,156,22,24
1400000US26163541200,26163541200,Census Tract 5412, Wayne County, Michigan,912,233,427,219,8,25
1400000US26163541300,26163541300,Census Tract 5413, Wayne County, Michigan,979,118,576,233,45,7
1400000US26163541400,26163541400,Census Tract 5414, Wayne County, Michigan,1173,377,463,226,107,0
1400000US26163541500,26163541500,Census Tract 5415, Wayne County, Michigan,1592,460,404,538,157,33
1400000US26163541700,26163541700,Census Tract 5417, Wayne County, Michigan,1265,427,685,125,17,11
1400000US26163541800,26163541800,Census Tract 5418, Wayne County, Michigan,1100,198,605,268,20,9
1400000US26163542100,26163542100,Census Tract 5421, Wayne County, Michigan,1629,308,894,297,118,12
1400000US26163542200,26163542200,Census Tract 5422, Wayne County, Michigan,1340,338,557,272,116,57
1400000US26163542300,26163542300,Census Tract 5423, Wayne County, Michigan,793,205,403,111,45,29
1400000US26163542400,26163542400,Census Tract 5424, Wayne County, Michigan,910,209,525,128,30,18
1400000US26163542500,26163542500,Census Tract 5425, Wayne County, Michigan,1000,139,398,351,106,6
1400000US26163542600,26163542600,Census Tract 5426, Wayne County, Michigan,1220,262,584,331,7,36
1400000US26163542700,26163542700,Census Tract 5427, Wayne County, Michigan,320,73,143,81,9,14
1400000US26163542800,26163542800,Census Tract 5428, Wayne County, Michigan,938,90,287,424,91,46
1400000US26163542900,26163542900,Census Tract 5429, Wayne County, Michigan,1383,100,485,606,176,16
1400000US26163543000,26163543000,Census Tract 5430, Wayne County, Michigan,723,25,252,295,131,20
1400000US26163543100,26163543100,Census Tract 5431, Wayne County, Michigan,976,43,356,358,142,77
1400000US26163543200,26163543200,Census Tract 5432, Wayne County, Michigan,1116,196,388,331,175,26
1400000US26163543400,26163543400,Census Tract 5434, Wayne County, Michigan,1329,253,597,400,66,13
1400000US26163543500,26163543500,Census Tract 5435, Wayne County, Michigan,379,134,109,120,0,16
1400000US26163543600,26163543600,Census Tract 5436, Wayne County, Michigan,413,114,209,85,0,5
1400000US26163543700,26163543700,Census Tract 5437, Wayne County, Michigan,794,141,509,117,27,0
1400000US26163543800,26163543800,Census Tract 5438, Wayne County, Michigan,381,136,190,37,18,0
1400000US26163543900,26163543900,Census Tract 5439, Wayne County, Michigan,382,91,249,42,0,0
1400000US26163544000,26163544000,Census Tract 5440, Wayne County, Michigan,1041,123,587,276,49,6
1400000US26163544100,26163544100,Census Tract 5441, Wayne County, Michigan,808,131,440,203,34,0
1400000US26163544200,26163544200,Census Tract 5442, Wayne County, Michigan,828,305,320,169,18,16
1400000US26163544300,26163544300,Census Tract 5443, Wayne County, Michigan,1188,179,743,195,43,28
1400000US26163545100,26163545100,Census Tract 5451, Wayne County, Michigan,382,69,169,101,31,12
1400000US26163545200,26163545200,Census Tract 5452, Wayne County, Michigan,994,247,361,250,79,57
1400000US26163545300,26163545300,Census Tract 5453, Wayne County, Michigan,530,83,278,121,48,0
1400000US26163545400,26163545400,Census Tract 5454, Wayne County, Michigan,602,177,286,109,30,0
1400000US26163545500,26163545500,Census Tract 5455, Wayne County, Michigan,1476,374,618,445,19,20
1400000US26163545600,26163545600,Census Tract 5456, Wayne County, Michigan,1538,203,884,319,49,83
1400000US26163545700,26163545700,Census Tract 5457, Wayne County, Michigan,1143,105,612,308,118,0
1400000US26163545800,26163545800,Census Tract 5458, Wayne County, Michigan,1444,218,580,566,40,40
1400000US26163545900,26163545900,Census Tract 5459, Wayne County, Michigan,1236,265,568,260,143,0
1400000US26163546000,26163546000,Census Tract 5460, Wayne County, Michigan,1088,346,521,193,22,6
1400000US26163546100,26163546100,Census Tract 5461, Wayne County, Michigan,1258,186,730,302,40,0
1400000US26163546200,26163546200,Census Tract 5462, Wayne County, Michigan,1254,125,475,486,78,90
1400000US26163546300,26163546300,Census Tract 5463, Wayne County, Michigan,736,42,299,232,124,39
1400000US26163546400,26163546400,Census Tract 5464, Wayne County, Michigan,418,73,192,132,7,14
1400000US26163546500,26163546500,Census Tract 5465, Wayne County, Michigan,971,313,402,179,71,6
1400000US26163546600,26163546600,Census Tract 5466, Wayne County, Michigan,682,184,296,123,62,17
1400000US26163546700,26163546700,Census Tract 5467, Wayne County, Michigan,1038,165,489,284,93,7
1400000US26163546800,26163546800,Census Tract 5468, Wayne County, Michigan,1437,274,690,407,30,36
1400000US26163546900,26163546900,Census Tract 5469, Wayne County, Michigan,419,56,178,168,17,0
1400000US26163550100,26163550100,Census Tract 5501, Wayne County, Michigan,1459,68,394,630,276,91
1400000US26163550200,26163550200,Census Tract 5502, Wayne County, Michigan,1623,101,612,569,226,115
1400000US26163550300,26163550300,Census Tract 5503, Wayne County, Michigan,1156,0,181,665,183,127
1400000US26163550400,26163550400,Census Tract 5504, Wayne County, Michigan,801,30,401,272,86,12
1400000US26163550500,26163550500,Census Tract 5505, Wayne County, Michigan,1411,45,378,751,166,71
1400000US26163550600,26163550600,Census Tract 5506, Wayne County, Michigan,771,20,177,413,112,49
1400000US26163550700,26163550700,Census Tract 5507, Wayne County, Michigan,1785,12,291,1120,284,78
1400000US26163550800,26163550800,Census Tract 5508, Wayne County, Michigan,557,22,154,238,106,37
1400000US26163550900,26163550900,Census Tract 5509, Wayne County, Michigan,1166,10,240,628,194,94
1400000US26163551100,26163551100,Census Tract 5511, Wayne County, Michigan,1819,68,442,854,340,115
1400000US26163551200,26163551200,Census Tract 5512, Wayne County, Michigan,1533,45,430,835,198,25
1400000US26163551300,26163551300,Census Tract 5513, Wayne County, Michigan,1627,288,720,515,85,19
1400000US26163551400,26163551400,Census Tract 5514, Wayne County, Michigan,1547,90,723,545,144,45
1400000US26163551500,26163551500,Census Tract 5515, Wayne County, Michigan,786,48,268,294,160,16
1400000US26163551600,26163551600,Census Tract 5516, Wayne County, Michigan,1239,51,636,401,127,24
1400000US26163551700,26163551700,Census Tract 5517, Wayne County, Michigan,1258,20,311,554,281,92
1400000US26163551800,26163551800,Census Tract 5518, Wayne County, Michigan,1414,84,353,692,254,31
1400000US26163552000,26163552000,Census Tract 5520, Wayne County, Michigan,862,103,436,228,84,11
1400000US26163552100,26163552100,Census Tract 5521, Wayne County, Michigan,1331,295,655,341,40,0
1400000US26163552200,26163552200,Census Tract 5522, Wayne County, Michigan,1115,118,533,357,78,29
1400000US26163552300,26163552300,Census Tract 5523, Wayne County, Michigan,951,162,553,201,27,8
1400000US26163552400,26163552400,Census Tract 5524, Wayne County, Michigan,677,111,358,153,49,6
1400000US26163552800,26163552800,Census Tract 5528, Wayne County, Michigan,1222,346,537,284,55,0
1400000US26163553000,26163553000,Census Tract 5530, Wayne County, Michigan,563,289,216,52,6,0
1400000US26163553100,26163553100,Census Tract 5531, Wayne County, Michigan,554,86,349,67,31,21
1400000US26163553200,26163553200,Census Tract 5532, Wayne County, Michigan,318,132,103,83,0,0
1400000US26163553300,26163553300,Census Tract 5533, Wayne County, Michigan,451,255,165,21,10,0
1400000US26163553400,26163553400,Census Tract 5534, Wayne County, Michigan,1232,761,446,25,0,0
1400000US26163553600,26163553600,Census Tract 5536, Wayne County, Michigan,859,190,380,181,75,33
1400000US26163553800,26163553800,Census Tract 5538, Wayne County, Michigan,546,191,195,160,0,0
1400000US26163554100,26163554100,Census Tract 5541, Wayne County, Michigan,1507,63,646,521,228,49
1400000US26163554200,26163554200,Census Tract 5542, Wayne County, Michigan,1235,57,529,414,186,49
1400000US26163554300,26163554300,Census Tract 5543, Wayne County, Michigan,1988,23,757,806,322,80
1400000US26163554400,26163554400,Census Tract 5544, Wayne County, Michigan,1155,81,453,439,167,15
1400000US26163554500,26163554500,Census Tract 5545, Wayne County, Michigan,1087,104,312,563,54,54
1400000US26163554600,26163554600,Census Tract 5546, Wayne County, Michigan,1425,61,496,500,296,72
1400000US26163554700,26163554700,Census Tract 5547, Wayne County, Michigan,1127,38,467,419,146,57
1400000US26163554800,26163554800,Census Tract 5548, Wayne County, Michigan,1348,37,502,619,145,45
1400000US26163554900,26163554900,Census Tract 5549, Wayne County, Michigan,1228,96,528,345,144,115
1400000US26163555100,26163555100,Census Tract 5551, Wayne County, Michigan,1722,113,674,689,140,106
1400000US26163555300,26163555300,Census Tract 5553, Wayne County, Michigan,1122,74,460,435,138,15
1400000US26163555400,26163555400,Census Tract 5554, Wayne County, Michigan,984,63,270,384,189,78
1400000US26163555500,26163555500,Census Tract 5555, Wayne County, Michigan,1156,116,433,420,154,33
1400000US26163555600,26163555600,Census Tract 5556, Wayne County, Michigan,1043,34,425,366,146,72
1400000US26163556100,26163556100,Census Tract 5561, Wayne County, Michigan,1302,56,332,725,132,57
1400000US26163556200,26163556200,Census Tract 5562, Wayne County, Michigan,1385,252,640,316,131,46
1400000US26163556300,26163556300,Census Tract 5563, Wayne County, Michigan,1349,75,523,569,101,81
1400000US26163556400,26163556400,Census Tract 5564, Wayne County, Michigan,1666,27,347,911,236,145
1400000US26163556500,26163556500,Census Tract 5565, Wayne County, Michigan,1136,100,574,263,149,50
1400000US26163556600,26163556600,Census Tract 5566, Wayne County, Michigan,1279,18,239,668,272,82
1400000US26163556700,26163556700,Census Tract 5567, Wayne County, Michigan,993,28,282,484,140,59
1400000US26163556800,26163556800,Census Tract 5568, Wayne County, Michigan,667,18,114,341,102,92
1400000US26163556900,26163556900,Census Tract 5569, Wayne County, Michigan,1419,77,303,710,240,89
1400000US26163557000,26163557000,Census Tract 5570, Wayne County, Michigan,1160,103,362,464,144,87
1400000US26163557100,26163557100,Census Tract 5571, Wayne County, Michigan,986,25,354,341,211,55
1400000US26163557200,26163557200,Census Tract 5572, Wayne County, Michigan,784,54,229,302,114,85
1400000US26163557300,26163557300,Census Tract 5573, Wayne County, Michigan,839,50,176,440,107,66
1400000US26163557400,26163557400,Census Tract 5574, Wayne County, Michigan,1211,8,225,570,228,180
1400000US26163557500,26163557500,Census Tract 5575, Wayne County, Michigan,1405,64,308,697,225,111
1400000US26163557600,26163557600,Census Tract 5576, Wayne County, Michigan,1127,92,238,518,195,84
1400000US26163557700,26163557700,Census Tract 5577, Wayne County, Michigan,1719,115,394,791,210,209
1400000US26163557900,26163557900,Census Tract 5579, Wayne County, Michigan,1812,64,538,743,320,147
1400000US26163558000,26163558000,Census Tract 5580, Wayne County, Michigan,1685,56,484,860,185,100
1400000US26163558100,26163558100,Census Tract 5581, Wayne County, Michigan,1316,157,289,553,171,146
1400000US26163558200,26163558200,Census Tract 5582, Wayne County, Michigan,1690,68,450,789,268,115
1400000US26163558300,26163558300,Census Tract 5583, Wayne County, Michigan,788,70,293,246,86,93
1400000US26163558400,26163558400,Census Tract 5584, Wayne County, Michigan,1596,61,476,676,275,108
1400000US26163558500,26163558500,Census Tract 5585, Wayne County, Michigan,1561,12,462,683,282,122
1400000US26163558600,26163558600,Census Tract 5586, Wayne County, Michigan,732,56,153,344,141,38
1400000US26163558700,26163558700,Census Tract 5587, Wayne County, Michigan,1017,8,327,461,171,50
1400000US26163558800,26163558800,Census Tract 5588, Wayne County, Michigan,1082,8,326,518,156,74
1400000US26163558900,26163558900,Census Tract 5589, Wayne County, Michigan,692,11,172,336,123,50
1400000US26163559000,26163559000,Census Tract 5590, Wayne County, Michigan,978,9,265,503,128,73
1400000US26163559100,26163559100,Census Tract 5591, Wayne County, Michigan,988,22,368,464,90,44
1400000US26163559200,26163559200,Census Tract 5592, Wayne County, Michigan,822,23,274,361,125,39
1400000US26163560100,26163560100,Census Tract 5601, Wayne County, Michigan,1147,103,316,498,185,45
1400000US26163560200,26163560200,Census Tract 5602, Wayne County, Michigan,2449,162,1097,874,235,81
1400000US26163560300,26163560300,Census Tract 5603, Wayne County, Michigan,1376,51,522,608,146,49
1400000US26163560400,26163560400,Census Tract 5604, Wayne County, Michigan,2546,176,795,1121,366,88
1400000US26163561200,26163561200,Census Tract 5612, Wayne County, Michigan,2073,0,294,1286,407,86
1400000US26163561300,26163561300,Census Tract 5613, Wayne County, Michigan,2633,40,308,1421,614,250
1400000US26163561600,26163561600,Census Tract 5616, Wayne County, Michigan,1835,181,650,703,210,91
1400000US26163561700,26163561700,Census Tract 5617, Wayne County, Michigan,833,21,325,378,80,29
1400000US26163561900,26163561900,Census Tract 5619, Wayne County, Michigan,2318,14,237,1216,483,368
1400000US26163562300,26163562300,Census Tract 5623, Wayne County, Michigan,847,29,215,372,133,98
1400000US26163562400,26163562400,Census Tract 5624, Wayne County, Michigan,1950,143,385,1042,282,98
1400000US26163562500,26163562500,Census Tract 5625, Wayne County, Michigan,961,178,394,340,24,25
1400000US26163562600,26163562600,Census Tract 5626, Wayne County, Michigan,1662,63,680,691,199,29
1400000US26163562700,26163562700,Census Tract 5627, Wayne County, Michigan,1585,147,581,580,198,79
1400000US26163562800,26163562800,Census Tract 5628, Wayne County, Michigan,1475,81,455,698,165,76
1400000US26163562900,26163562900,Census Tract 5629, Wayne County, Michigan,1559,56,703,502,208,90
1400000US26163563200,26163563200,Census Tract 5632, Wayne County, Michigan,1272,64,575,518,79,36
1400000US26163563300,26163563300,Census Tract 5633, Wayne County, Michigan,1280,102,508,497,138,35
1400000US26163563400,26163563400,Census Tract 5634, Wayne County, Michigan,1814,80,464,814,278,178
1400000US26163563500,26163563500,Census Tract 5635, Wayne County, Michigan,1865,26,252,871,528,188
1400000US26163563600,26163563600,Census Tract 5636, Wayne County, Michigan,755,19,165,447,74,50
1400000US26163563700,26163563700,Census Tract 5637, Wayne County, Michigan,610,9,186,232,137,46
1400000US26163563800,26163563800,Census Tract 5638, Wayne County, Michigan,1095,13,254,562,202,64
1400000US26163563900,26163563900,Census Tract 5639, Wayne County, Michigan,930,11,304,408,130,77
1400000US26163564000,26163564000,Census Tract 5640, Wayne County, Michigan,957,40,565,317,35,0
1400000US26163564100,26163564100,Census Tract 5641, Wayne County, Michigan,1731,81,765,697,133,55
1400000US26163564200,26163564200,Census Tract 5642, Wayne County, Michigan,1543,174,377,746,155,91
1400000US26163564300,26163564300,Census Tract 5643, Wayne County, Michigan,1045,140,371,378,137,19
1400000US26163564401,26163564401,Census Tract 5644.01, Wayne County, Michigan,1637,17,107,870,489,154
1400000US26163564402,26163564402,Census Tract 5644.02, Wayne County, Michigan,1396,17,176,815,345,43
1400000US26163564501,26163564501,Census Tract 5645.01, Wayne County, Michigan,1432,9,209,759,304,151
1400000US26163564502,26163564502,Census Tract 5645.02, Wayne County, Michigan,1255,8,269,653,215,110
1400000US26163564503,26163564503,Census Tract 5645.03, Wayne County, Michigan,1256,7,479,500,207,63
1400000US26163564504,26163564504,Census Tract 5645.04, Wayne County, Michigan,2430,21,683,1197,413,116
1400000US26163564600,26163564600,Census Tract 5646, Wayne County, Michigan,2284,0,405,1245,401,233
1400000US26163564700,26163564700,Census Tract 5647, Wayne County, Michigan,1722,77,485,767,312,81
1400000US26163564800,26163564800,Census Tract 5648, Wayne County, Michigan,1699,36,386,854,258,165
1400000US26163564900,26163564900,Census Tract 5649, Wayne County, Michigan,814,56,408,288,52,10
1400000US26163565000,26163565000,Census Tract 5650, Wayne County, Michigan,1745,62,458,897,242,86
1400000US26163565100,26163565100,Census Tract 5651, Wayne County, Michigan,1519,87,766,529,102,35
1400000US26163565200,26163565200,Census Tract 5652, Wayne County, Michigan,2318,288,909,797,264,60
1400000US26163565300,26163565300,Census Tract 5653, Wayne County, Michigan,2587,403,1390,636,77,81
1400000US26163565600,26163565600,Census Tract 5656, Wayne County, Michigan,814,20,205,382,149,58
1400000US26163565700,26163565700,Census Tract 5657, Wayne County, Michigan,1273,41,325,627,235,45
1400000US26163565800,26163565800,Census Tract 5658, Wayne County, Michigan,1667,144,725,627,126,45
1400000US26163565900,26163565900,Census Tract 5659, Wayne County, Michigan,1050,114,334,435,134,33
1400000US26163566400,26163566400,Census Tract 5664, Wayne County, Michigan,441,91,194,106,26,24
1400000US26163566500,26163566500,Census Tract 5665, Wayne County, Michigan,1066,340,441,137,106,42
1400000US26163566600,26163566600,Census Tract 5666, Wayne County, Michigan,788,47,228,348,119,46
1400000US26163566700,26163566700,Census Tract 5667, Wayne County, Michigan,1429,115,459,425,283,147
1400000US26163566800,26163566800,Census Tract 5668, Wayne County, Michigan,1123,163,379,368,160,53
1400000US26163566900,26163566900,Census Tract 5669, Wayne County, Michigan,1775,110,766,766,84,49
1400000US26163567000,26163567000,Census Tract 5670, Wayne County, Michigan,1245,111,533,397,182,22
1400000US26163567100,26163567100,Census Tract 5671, Wayne County, Michigan,1516,117,735,563,70,31
1400000US26163567201,26163567201,Census Tract 5672.01, Wayne County, Michigan,1377,47,357,691,210,72
1400000US26163567202,26163567202,Census Tract 5672.02, Wayne County, Michigan,1309,76,651,363,100,119
1400000US26163567300,26163567300,Census Tract 5673, Wayne County, Michigan,1900,96,628,826,247,103
1400000US26163567400,26163567400,Census Tract 5674, Wayne County, Michigan,1378,67,652,441,154,64
1400000US26163567800,26163567800,Census Tract 5678, Wayne County, Michigan,2354,318,915,799,139,183
1400000US26163567900,26163567900,Census Tract 5679, Wayne County, Michigan,1261,39,418,555,156,93
1400000US26163568000,26163568000,Census Tract 5680, Wayne County, Michigan,1140,205,456,383,64,32
1400000US26163568200,26163568200,Census Tract 5682, Wayne County, Michigan,1476,36,449,637,220,134
1400000US26163568300,26163568300,Census Tract 5683, Wayne County, Michigan,1737,141,842,577,125,52
1400000US26163568400,26163568400,Census Tract 5684, Wayne County, Michigan,1397,118,503,558,148,70
1400000US26163568500,26163568500,Census Tract 5685, Wayne County, Michigan,1618,344,850,259,146,19
1400000US26163568700,26163568700,Census Tract 5687, Wayne County, Michigan,1235,77,309,607,216,26
1400000US26163568800,26163568800,Census Tract 5688, Wayne County, Michigan,1692,251,996,431,14,0
1400000US26163568900,26163568900,Census Tract 5689, Wayne County, Michigan,1244,25,599,391,160,69
1400000US26163569100,26163569100,Census Tract 5691, Wayne County, Michigan,953,49,285,438,96,85
1400000US26163569200,26163569200,Census Tract 5692, Wayne County, Michigan,1111,196,348,383,97,87
1400000US26163569300,26163569300,Census Tract 5693, Wayne County, Michigan,1476,41,559,525,291,60
1400000US26163569400,26163569400,Census Tract 5694, Wayne County, Michigan,1132,51,450,435,150,46
1400000US26163569500,26163569500,Census Tract 5695, Wayne County, Michigan,1043,35,289,476,193,50
1400000US26163569600,26163569600,Census Tract 5696, Wayne County, Michigan,1248,25,362,493,255,113
1400000US26163569700,26163569700,Census Tract 5697, Wayne County, Michigan,1666,98,633,551,249,135
1400000US26163569800,26163569800,Census Tract 5698, Wayne County, Michigan,946,64,299,419,123,41
1400000US26163569900,26163569900,Census Tract 5699, Wayne County, Michigan,925,31,314,350,183,47
1400000US26163570100,26163570100,Census Tract 5701, Wayne County, Michigan,1617,199,728,461,202,27
1400000US26163570200,26163570200,Census Tract 5702, Wayne County, Michigan,1034,40,408,489,60,37
1400000US26163570400,26163570400,Census Tract 5704, Wayne County, Michigan,1874,391,728,670,43,42
1400000US26163570500,26163570500,Census Tract 5705, Wayne County, Michigan,1347,205,651,362,91,38
1400000US26163570600,26163570600,Census Tract 5706, Wayne County, Michigan,753,89,440,167,38,19
1400000US26163570800,26163570800,Census Tract 5708, Wayne County, Michigan,1041,230,569,176,59,7
1400000US26163570900,26163570900,Census Tract 5709, Wayne County, Michigan,874,52,459,293,56,14
1400000US26163571000,26163571000,Census Tract 5710, Wayne County, Michigan,808,161,371,199,59,18
1400000US26163571500,26163571500,Census Tract 5715, Wayne County, Michigan,1559,115,650,571,128,95
1400000US26163571600,26163571600,Census Tract 5716, Wayne County, Michigan,685,106,262,213,83,21
1400000US26163571700,26163571700,Census Tract 5717, Wayne County, Michigan,792,105,336,233,101,17
1400000US26163571800,26163571800,Census Tract 5718, Wayne County, Michigan,1082,31,413,432,161,45
1400000US26163571900,26163571900,Census Tract 5719, Wayne County, Michigan,1226,137,385,456,203,45
1400000US26163572000,26163572000,Census Tract 5720, Wayne County, Michigan,677,42,170,368,67,30
1400000US26163572100,26163572100,Census Tract 5721, Wayne County, Michigan,2126,67,837,846,323,53
1400000US26163572200,26163572200,Census Tract 5722, Wayne County, Michigan,2341,120,831,948,318,124
1400000US26163572400,26163572400,Census Tract 5724, Wayne County, Michigan,474,19,247,104,82,22
1400000US26163572500,26163572500,Census Tract 5725, Wayne County, Michigan,536,27,148,299,52,10
1400000US26163572600,26163572600,Census Tract 5726, Wayne County, Michigan,1843,67,591,910,196,79
1400000US26163572700,26163572700,Census Tract 5727, Wayne County, Michigan,1755,70,713,642,300,30
1400000US26163572800,26163572800,Census Tract 5728, Wayne County, Michigan,2087,101,710,874,354,48
1400000US26163572900,26163572900,Census Tract 5729, Wayne County, Michigan,968,55,414,339,83,77
1400000US26163573000,26163573000,Census Tract 5730, Wayne County, Michigan,832,41,217,303,188,83
1400000US26163573100,26163573100,Census Tract 5731, Wayne County, Michigan,1500,63,665,532,162,78
1400000US26163573300,26163573300,Census Tract 5733, Wayne County, Michigan,996,65,508,310,79,34
1400000US26163573400,26163573400,Census Tract 5734, Wayne County, Michigan,998,117,469,300,55,57
1400000US26163573500,26163573500,Census Tract 5735, Wayne County, Michigan,1033,252,508,146,46,81
1400000US26163573600,26163573600,Census Tract 5736, Wayne County, Michigan,1762,299,646,544,202,71
1400000US26163573701,26163573701,Census Tract 5737.01, Wayne County, Michigan,495,25,157,224,70,19
1400000US26163573702,26163573702,Census Tract 5737.02, Wayne County, Michigan,1650,176,654,559,190,71
1400000US26163573800,26163573800,Census Tract 5738, Wayne County, Michigan,1191,94,415,519,132,31
1400000US26163573900,26163573900,Census Tract 5739, Wayne County, Michigan,1261,58,506,455,144,98
1400000US26163574000,26163574000,Census Tract 5740, Wayne County, Michigan,1481,134,719,331,251,46
1400000US26163574100,26163574100,Census Tract 5741, Wayne County, Michigan,1193,83,542,393,147,28
1400000US26163574202,26163574202,Census Tract 5742.02, Wayne County, Michigan,1206,150,595,291,95,75
1400000US26163574300,26163574300,Census Tract 5743, Wayne County, Michigan,1076,60,493,417,78,28
1400000US26163574600,26163574600,Census Tract 5746, Wayne County, Michigan,1763,74,548,754,306,81
1400000US26163574700,26163574700,Census Tract 5747, Wayne County, Michigan,1597,89,465,690,227,126
1400000US26163574800,26163574800,Census Tract 5748, Wayne County, Michigan,1433,55,318,727,212,121
1400000US26163574900,26163574900,Census Tract 5749, Wayne County, Michigan,957,225,421,207,79,25
1400000US26163575000,26163575000,Census Tract 5750, Wayne County, Michigan,1864,160,764,669,230,41
1400000US26163575100,26163575100,Census Tract 5751, Wayne County, Michigan,972,37,427,364,84,60
1400000US26163575200,26163575200,Census Tract 5752, Wayne County, Michigan,1576,24,687,599,222,44
1400000US26163575300,26163575300,Census Tract 5753, Wayne County, Michigan,1341,53,379,695,204,10
1400000US26163575400,26163575400,Census Tract 5754, Wayne County, Michigan,1217,32,527,411,159,88
1400000US26163575500,26163575500,Census Tract 5755, Wayne County, Michigan,1432,9,573,609,189,52
1400000US26163575600,26163575600,Census Tract 5756, Wayne County, Michigan,569,4,229,244,55,37
1400000US26163576000,26163576000,Census Tract 5760, Wayne County, Michigan,749,48,269,299,62,71
1400000US26163576100,26163576100,Census Tract 5761, Wayne County, Michigan,2336,129,766,1052,331,58
1400000US26163576200,26163576200,Census Tract 5762, Wayne County, Michigan,983,23,343,494,85,38
1400000US26163576300,26163576300,Census Tract 5763, Wayne County, Michigan,938,54,264,382,191,47
1400000US26163576400,26163576400,Census Tract 5764, Wayne County, Michigan,1432,54,455,658,183,82
1400000US26163576500,26163576500,Census Tract 5765, Wayne County, Michigan,1482,19,398,681,276,108
1400000US26163576600,26163576600,Census Tract 5766, Wayne County, Michigan,1587,65,458,710,272,82
1400000US26163576700,26163576700,Census Tract 5767, Wayne County, Michigan,1421,0,446,736,151,88
1400000US26163577000,26163577000,Census Tract 5770, Wayne County, Michigan,1743,425,800,355,153,10
1400000US26163577100,26163577100,Census Tract 5771, Wayne County, Michigan,943,187,397,281,58,20
1400000US26163577200,26163577200,Census Tract 5772, Wayne County, Michigan,1156,78,551,326,160,41
1400000US26163577300,26163577300,Census Tract 5773, Wayne County, Michigan,1253,125,494,486,113,35
1400000US26163577400,26163577400,Census Tract 5774, Wayne County, Michigan,1310,76,469,556,178,31
1400000US26163577500,26163577500,Census Tract 5775, Wayne County, Michigan,1273,202,398,516,65,92
1400000US26163577600,26163577600,Census Tract 5776, Wayne County, Michigan,1443,157,462,555,226,43
1400000US26163577700,26163577700,Census Tract 5777, Wayne County, Michigan,864,46,228,353,156,81
1400000US26163577800,26163577800,Census Tract 5778, Wayne County, Michigan,1791,85,574,720,318,94
1400000US26163577900,26163577900,Census Tract 5779, Wayne County, Michigan,1617,160,628,592,183,54
1400000US26163578000,26163578000,Census Tract 5780, Wayne County, Michigan,1015,181,451,216,122,45
1400000US26163578500,26163578500,Census Tract 5785, Wayne County, Michigan,1790,77,791,581,284,57
1400000US26163578600,26163578600,Census Tract 5786, Wayne County, Michigan,1979,374,787,591,171,56
1400000US26163579100,26163579100,Census Tract 5791, Wayne County, Michigan,712,170,356,148,33,5
1400000US26163579200,26163579200,Census Tract 5792, Wayne County, Michigan,1148,124,462,375,119,68
1400000US26163579300,26163579300,Census Tract 5793, Wayne County, Michigan,961,424,387,96,44,10
1400000US26163579500,26163579500,Census Tract 5795, Wayne County, Michigan,651,203,307,130,11,0
1400000US26163579600,26163579600,Census Tract 5796, Wayne County, Michigan,1189,244,615,275,5,50
1400000US26163579700,26163579700,Census Tract 5797, Wayne County, Michigan,1274,312,499,338,113,12
1400000US26163579800,26163579800,Census Tract 5798, Wayne County, Michigan,582,132,222,180,32,16
1400000US26163579900,26163579900,Census Tract 5799, Wayne County, Michigan,1751,140,579,749,173,110
1400000US26163580100,26163580100,Census Tract 5801, Wayne County, Michigan,805,75,333,262,114,21
1400000US26163580200,26163580200,Census Tract 5802, Wayne County, Michigan,1190,70,381,509,197,33
1400000US26163580300,26163580300,Census Tract 5803, Wayne County, Michigan,1165,44,394,516,146,65
1400000US26163580400,26163580400,Census Tract 5804, Wayne County, Michigan,1130,26,416,461,197,30
1400000US26163580500,26163580500,Census Tract 5805, Wayne County, Michigan,1268,40,394,526,220,88
1400000US26163580600,26163580600,Census Tract 5806, Wayne County, Michigan,1275,99,450,558,148,20
1400000US26163580700,26163580700,Census Tract 5807, Wayne County, Michigan,1895,327,905,406,218,39
1400000US26163580800,26163580800,Census Tract 5808, Wayne County, Michigan,642,72,281,204,81,4
1400000US26163580900,26163580900,Census Tract 5809, Wayne County, Michigan,1743,180,647,637,202,77
1400000US26163581100,26163581100,Census Tract 5811, Wayne County, Michigan,1670,173,778,484,158,77
1400000US26163581200,26163581200,Census Tract 5812, Wayne County, Michigan,1717,169,839,501,116,92
1400000US26163581500,26163581500,Census Tract 5815, Wayne County, Michigan,974,30,388,462,80,14
1400000US26163581600,26163581600,Census Tract 5816, Wayne County, Michigan,2554,335,981,839,274,125
1400000US26163581800,26163581800,Census Tract 5818, Wayne County, Michigan,1040,107,353,389,168,23
1400000US26163581900,26163581900,Census Tract 5819, Wayne County, Michigan,1695,21,637,822,159,56
1400000US26163582000,26163582000,Census Tract 5820, Wayne County, Michigan,1529,123,772,492,122,20
1400000US26163582100,26163582100,Census Tract 5821, Wayne County, Michigan,1471,66,465,629,189,122
1400000US26163583000,26163583000,Census Tract 5830, Wayne County, Michigan,947,40,355,417,86,49
1400000US26163583100,26163583100,Census Tract 5831, Wayne County, Michigan,1383,69,471,666,113,64
1400000US26163583200,26163583200,Census Tract 5832, Wayne County, Michigan,960,51,470,307,111,21
1400000US26163583300,26163583300,Census Tract 5833, Wayne County, Michigan,1013,33,300,564,82,34
1400000US26163583400,26163583400,Census Tract 5834, Wayne County, Michigan,1949,68,756,650,402,73
1400000US26163583500,26163583500,Census Tract 5835, Wayne County, Michigan,1059,44,443,412,120,40
1400000US26163583600,26163583600,Census Tract 5836, Wayne County, Michigan,1023,41,345,408,167,62
1400000US26163583700,26163583700,Census Tract 5837, Wayne County, Michigan,1490,124,540,478,239,109
1400000US26163583800,26163583800,Census Tract 5838, Wayne County, Michigan,1863,77,805,579,326,76
1400000US26163583900,26163583900,Census Tract 5839, Wayne County, Michigan,1648,199,706,554,124,65
1400000US26163584000,26163584000,Census Tract 5840, Wayne County, Michigan,1470,60,543,503,290,74
1400000US26163584100,26163584100,Census Tract 5841, Wayne County, Michigan,655,19,197,252,141,46
1400000US26163584200,26163584200,Census Tract 5842, Wayne County, Michigan,1290,105,656,389,96,44
1400000US26163584300,26163584300,Census Tract 5843, Wayne County, Michigan,783,19,402,277,66,19
1400000US26163584400,26163584400,Census Tract 5844, Wayne County, Michigan,1232,169,486,341,172,64
1400000US26163584500,26163584500,Census Tract 5845, Wayne County, Michigan,1115,39,438,443,132,63
1400000US26163584600,26163584600,Census Tract 5846, Wayne County, Michigan,774,91,415,223,25,20
1400000US26163584700,26163584700,Census Tract 5847, Wayne County, Michigan,942,38,324,347,162,71
1400000US26163584800,26163584800,Census Tract 5848, Wayne County, Michigan,2070,463,1116,372,69,50
1400000US26163585500,26163585500,Census Tract 5855, Wayne County, Michigan,727,82,364,204,71,6
1400000US26163585600,26163585600,Census Tract 5856, Wayne County, Michigan,1256,115,495,454,174,18
1400000US26163585700,26163585700,Census Tract 5857, Wayne County, Michigan,648,25,288,221,87,27
1400000US26163585800,26163585800,Census Tract 5858, Wayne County, Michigan,1567,70,724,657,97,19
1400000US26163585900,26163585900,Census Tract 5859, Wayne County, Michigan,1341,190,582,448,49,72
1400000US26163586200,26163586200,Census Tract 5862, Wayne County, Michigan,2312,241,747,790,371,163
1400000US26163586300,26163586300,Census Tract 5863, Wayne County, Michigan,730,6,207,340,116,61
1400000US26163587000,26163587000,Census Tract 5870, Wayne County, Michigan,1739,146,843,535,173,42
1400000US26163587900,26163587900,Census Tract 5879, Wayne County, Michigan,2277,137,706,950,441,43
1400000US26163588000,26163588000,Census Tract 5880, Wayne County, Michigan,2548,87,1138,939,266,118
1400000US26163588100,26163588100,Census Tract 5881, Wayne County, Michigan,1080,100,569,278,123,10
1400000US26163588200,26163588200,Census Tract 5882, Wayne County, Michigan,1587,113,948,487,29,10
1400000US26163588300,26163588300,Census Tract 5883, Wayne County, Michigan,1896,53,506,853,393,91
1400000US26163588400,26163588400,Census Tract 5884, Wayne County, Michigan,1857,19,363,993,250,232
1400000US26163589300,26163589300,Census Tract 5893, Wayne County, Michigan,1385,51,216,625,316,177
1400000US26163589400,26163589400,Census Tract 5894, Wayne County, Michigan,2102,148,514,822,513,105
1400000US26163590400,26163590400,Census Tract 5904, Wayne County, Michigan,2337,44,332,1111,530,320
1400000US26163590500,26163590500,Census Tract 5905, Wayne County, Michigan,2357,173,647,949,319,269
1400000US26163590600,26163590600,Census Tract 5906, Wayne County, Michigan,886,9,250,416,148,63
1400000US26163591501,26163591501,Census Tract 5915.01, Wayne County, Michigan,1224,119,571,355,171,8
1400000US26163591502,26163591502,Census Tract 5915.02, Wayne County, Michigan,1213,62,424,500,153,74
1400000US26163591600,26163591600,Census Tract 5916, Wayne County, Michigan,761,22,155,336,208,40
1400000US26163591700,26163591700,Census Tract 5917, Wayne County, Michigan,2510,41,644,1005,657,163
1400000US26163591800,26163591800,Census Tract 5918, Wayne County, Michigan,2286,55,892,830,384,125
1400000US26163591900,26163591900,Census Tract 5919, Wayne County, Michigan,2092,34,510,978,397,173
1400000US26163592000,26163592000,Census Tract 5920, Wayne County, Michigan,1416,34,213,576,414,179
1400000US26163593000,26163593000,Census Tract 5930, Wayne County, Michigan,2236,70,829,778,451,108
1400000US26163593200,26163593200,Census Tract 5932, Wayne County, Michigan,1642,32,725,594,224,67
1400000US26163593300,26163593300,Census Tract 5933, Wayne County, Michigan,1270,35,481,554,165,35
1400000US26163594000,26163594000,Census Tract 5940, Wayne County, Michigan,1332,104,810,295,121,2
1400000US26163594100,26163594100,Census Tract 5941, Wayne County, Michigan,1771,49,627,767,183,145
1400000US26163594200,26163594200,Census Tract 5942, Wayne County, Michigan,979,47,265,413,214,40
1400000US26163594300,26163594300,Census Tract 5943, Wayne County, Michigan,1265,22,369,647,109,118
1400000US26163594400,26163594400,Census Tract 5944, Wayne County, Michigan,1215,40,676,328,142,29
1400000US26163594500,26163594500,Census Tract 5945, Wayne County, Michigan,1279,71,458,528,138,84
1400000US26163595000,26163595000,Census Tract 5950, Wayne County, Michigan,1677,180,628,700,154,15
1400000US26163595100,26163595100,Census Tract 5951, Wayne County, Michigan,2089,32,792,819,311,135
1400000US26163595200,26163595200,Census Tract 5952, Wayne County, Michigan,1301,214,536,442,36,73
1400000US26163596100,26163596100,Census Tract 5961, Wayne County, Michigan,1426,13,380,652,299,82
1400000US26163596200,26163596200,Census Tract 5962, Wayne County, Michigan,1660,68,369,803,291,129
1400000US26163596300,26163596300,Census Tract 5963, Wayne County, Michigan,1002,39,171,520,195,77
1400000US26163597000,26163597000,Census Tract 5970, Wayne County, Michigan,1804,38,628,728,349,61
1400000US26163598000,26163598000,Census Tract 5980, Wayne County, Michigan,1341,52,420,547,256,66
1400000US26163599000,26163599000,Census Tract 5990, Wayne County, Michigan,1995,205,527,750,410,103
1400000US26163599100,26163599100,Census Tract 5991, Wayne County, Michigan,1563,96,437,679,243,108
1400000US26163985000,26163985000,Census Tract 9850, Wayne County, Michigan,0,0,0,0,0,0
1400000US26163985100,26163985100,Census Tract 9851, Wayne County, Michigan,167,30,92,28,17,0
1400000US26163985200,26163985200,Census Tract 9852, Wayne County, Michigan,0,0,0,0,0,0
1400000US26163985300,26163985300,Census Tract 9853, Wayne County, Michigan,72,18,44,0,10,0
1400000US26163985400,26163985400,Census Tract 9854, Wayne County, Michigan,4,0,4,0,0,0
1400000US26163985500,26163985500,Census Tract 9855, Wayne County, Michigan,0,0,0,0,0,0
1400000US26163985600,26163985600,Census Tract 9856, Wayne County, Michigan,0,0,0,0,0,0
1400000US26163985700,26163985700,Census Tract 9857, Wayne County, Michigan,0,0,0,0,0,0
1400000US26163985900,26163985900,Census Tract 9859, Wayne County, Michigan,0,0,0,0,0,0
1400000US26163990100,26163990100,Census Tract 9901, Wayne County, Michigan,0,0,0,0,0,0
1400000US26163990200,26163990200,Census Tract 9902, Wayne County, Michigan,0,0,0,0,0,0
1400000US26165380100,26165380100,Census Tract 3801, Wexford County, Michigan,1884,127,599,770,276,112
1400000US26165380200,26165380200,Census Tract 3802, Wexford County, Michigan,1774,58,498,807,285,126
1400000US26165380300,26165380300,Census Tract 3803, Wexford County, Michigan,1143,43,419,449,172,60
1400000US26165380400,26165380400,Census Tract 3804, Wexford County, Michigan,1856,50,485,900,303,118
1400000US26165380500,26165380500,Census Tract 3805, Wexford County, Michigan,2585,85,803,1169,379,149
1400000US26165380600,26165380600,Census Tract 3806, Wexford County, Michigan,1169,86,473,450,106,54
1400000US26165380700,26165380700,Census Tract 3807, Wexford County, Michigan,1187,194,453,381,134,25
1400000US26165380800,26165380800,Census Tract 3808, Wexford County, Michigan,1507,163,658,590,63,33
