LINKSERIAL,USECOUNT,LOCAL_ID,AADT_YEAR,AADT,AADT_CAR,AADT_TRUCK,AADT_SUT,AADT_MUT,FCLASS,FCLASS_LABEL,AREATYPE,AREATYPE_LABEL,FCLASS_GROUP,COUNTY,CountyName,VOLUME_GROUP_MUT,VOLUME_GROUP_SUT,VOLUME_GROUP_TRUCK,TOD,NumCountsParent,NumCounts,SUT,MUT,PctSUT,PctMUT
12,0,63-5363,2019,9113,9008,105,53,50,5,Major Collector,3,Urban,Other Road,3,Oakland,0-99,0-99,100-199,AM,1,1,13.7596153846154,17.7083333333333,6.51595667175679e-05,5.94420891390772e-05
12,0,63-5363,2019,9113,9008,105,53,50,5,Major Collector,3,Urban,Other Road,3,Oakland,0-99,0-99,100-199,MD,1,1,18.0913461538462,8.07291666666667,8.56727636471726e-05,2.70985994604616e-05
12,0,63-5363,2019,9113,9008,105,53,50,5,Major Collector,3,Urban,Other Road,3,Oakland,0-99,0-99,100-199,PM,1,1,16.5625,19.2708333333333,7.84328117896651e-05,6.4686979357231e-05
12,0,63-5363,2019,9113,9008,105,53,50,5,Major Collector,3,Urban,Other Road,3,Oakland,0-99,0-99,100-199,EV,1,1,3.05769230769231,4.42708333333333,1.44799037150151e-05,1.48605222847693e-05
12,0,63-5363,2019,9113,9008,105,53,50,5,Major Collector,3,Urban,Other Road,3,Oakland,0-99,0-99,100-199,NT,1,1,1.52884615384615,0.520833333333333,7.23995185750755e-06,1.74829673938462e-06
13,0,63-5299,2018,492,484,7,9,0,5,Major Collector,5,Rural,Other Road,3,Oakland,0-99,0-99,0-99,AM,1,1,1.6875,0,7.9912676163055e-06,0
13,0,63-5299,2018,492,484,7,9,0,5,Major Collector,5,Rural,Other Road,3,Oakland,0-99,0-99,0-99,MD,1,1,3.375,0,1.5982535232611e-05,0
13,0,63-5299,2018,492,484,7,9,0,5,Major Collector,5,Rural,Other Road,3,Oakland,0-99,0-99,0-99,PM,1,1,3.09375,0,1.46506572965601e-05,0
13,0,63-5299,2018,492,484,7,9,0,5,Major Collector,5,Rural,Other Road,3,Oakland,0-99,0-99,0-99,EV,1,1,0.84375,0,3.99563380815275e-06,0
13,0,63-5299,2018,492,484,7,9,0,5,Major Collector,5,Rural,Other Road,3,Oakland,0-99,0-99,0-99,NT,1,1,0,0,0,0
16,0,63-6016,2019,1724,1710,14,11,3,5,Major Collector,3,Urban,Other Road,3,Oakland,0-99,0-99,0-99,AM,1,1,1.7906976744186,0.272727272727273,8.47996701402961e-06,9.15471747168675e-07
16,0,63-6016,2019,1724,1710,14,11,3,5,Major Collector,3,Urban,Other Road,3,Oakland,0-99,0-99,0-99,MD,1,1,6.13953488372093,1.63636363636364,2.90741726195301e-05,5.49283048301205e-06
16,0,63-6016,2019,1724,1710,14,11,3,5,Major Collector,3,Urban,Other Road,3,Oakland,0-99,0-99,0-99,PM,1,1,1.7906976744186,0.545454545454545,8.47996701402961e-06,1.83094349433735e-06
16,0,63-6016,2019,1724,1710,14,11,3,5,Major Collector,3,Urban,Other Road,3,Oakland,0-99,0-99,0-99,EV,1,1,0.511627906976744,0.545454545454545,2.42284771829417e-06,1.83094349433735e-06
16,0,63-6016,2019,1724,1710,14,11,3,5,Major Collector,3,Urban,Other Road,3,Oakland,0-99,0-99,0-99,NT,1,1,0.767441860465116,0,3.63427157744126e-06,0
31,0,63-5469,2018,2064,2018,46,43,3,4,Minor Arterial,4,Suburban,Other Road,3,Oakland,0-99,0-99,0-99,AM,1,1,11,3,5.20912259433248e-05,1.00701892188554e-05
31,0,63-5469,2018,2064,2018,46,43,3,4,Minor Arterial,4,Suburban,Other Road,3,Oakland,0-99,0-99,0-99,MD,1,1,15,0,7.10334899227156e-05,0
31,0,63-5469,2018,2064,2018,46,43,3,4,Minor Arterial,4,Suburban,Other Road,3,Oakland,0-99,0-99,0-99,PM,1,1,13.5,0,6.3930140930444e-05,0
31,0,63-5469,2018,2064,2018,46,43,3,4,Minor Arterial,4,Suburban,Other Road,3,Oakland,0-99,0-99,0-99,EV,1,1,1.5,0,7.10334899227156e-06,0
31,0,63-5469,2018,2064,2018,46,43,3,4,Minor Arterial,4,Suburban,Other Road,3,Oakland,0-99,0-99,0-99,NT,1,1,2,0,9.47113198969541e-06,0
80,0,63-5886,2019,2066,2017,49,24,24,5,Major Collector,3,Urban,Other Road,3,Oakland,0-99,0-99,0-99,AM,1,1,5,4.43478260869565,2.36778299742385e-05,1.48863666713515e-05
80,0,63-5886,2019,2066,2017,49,24,24,5,Major Collector,3,Urban,Other Road,3,Oakland,0-99,0-99,0-99,MD,1,1,12.5,10.695652173913,5.91945749355963e-05,3.59024137367889e-05
80,0,63-5886,2019,2066,2017,49,24,24,5,Major Collector,3,Urban,Other Road,3,Oakland,0-99,0-99,0-99,PM,1,1,5.5,8.60869565217391,2.60456129716624e-05,2.88970647149764e-05
80,0,63-5886,2019,2066,2017,49,24,24,5,Major Collector,3,Urban,Other Road,3,Oakland,0-99,0-99,0-99,EV,1,1,0.5,0,2.36778299742385e-06,0
80,0,63-5886,2019,2066,2017,49,24,24,5,Major Collector,3,Urban,Other Road,3,Oakland,0-99,0-99,0-99,NT,1,1,0.5,0.260869565217391,2.36778299742385e-06,8.75668627726559e-07
131,1,63-6039,2019,29806,29235,571,344,122,3,Principal Arterial,3,Urban,Freeway/Prin. Art.,3,Oakland,100-199,200-499,200-499,AM,1,1,77,30.5,0.000364638581603273,0.000102380257058363
131,1,63-6039,2019,29806,29235,571,344,122,3,Principal Arterial,3,Urban,Freeway/Prin. Art.,3,Oakland,100-199,200-499,200-499,MD,1,1,159.5,60.5,0.000755322776178209,0.000203082149246918
131,1,63-6039,2019,29806,29235,571,344,122,3,Principal Arterial,3,Urban,Freeway/Prin. Art.,3,Oakland,100-199,200-499,200-499,PM,1,1,75.5,15,0.000357535232611002,5.03509460942771e-05
131,1,63-6039,2019,29806,29235,571,344,122,3,Principal Arterial,3,Urban,Freeway/Prin. Art.,3,Oakland,100-199,200-499,200-499,EV,1,1,19,4.5,8.99757539021064e-05,1.51052838282831e-05
131,1,63-6039,2019,29806,29235,571,344,122,3,Principal Arterial,3,Urban,Freeway/Prin. Art.,3,Oakland,100-199,200-499,200-499,NT,1,1,13,11.5,6.15623579330202e-05,3.86023920056125e-05
140,0,63-5037,2019,23263,22928,335,238,39,3,Principal Arterial,3,Urban,Freeway/Prin. Art.,3,Oakland,0-99,200-499,200-499,AM,1,1,51,8.5,0.000241513865737233,2.8532202786757e-05
140,0,63-5037,2019,23263,22928,335,238,39,3,Principal Arterial,3,Urban,Freeway/Prin. Art.,3,Oakland,0-99,200-499,200-499,MD,1,1,107.5,15,0.000509073344446128,5.03509460942771e-05
140,0,63-5037,2019,23263,22928,335,238,39,3,Principal Arterial,3,Urban,Freeway/Prin. Art.,3,Oakland,0-99,200-499,200-499,PM,1,1,52.5,8.5,0.000248617214729505,2.8532202786757e-05
140,0,63-5037,2019,23263,22928,335,238,39,3,Principal Arterial,3,Urban,Freeway/Prin. Art.,3,Oakland,0-99,200-499,200-499,EV,1,1,12,2.5,5.68267919381725e-05,8.39182434904618e-06
140,0,63-5037,2019,23263,22928,335,238,39,3,Principal Arterial,3,Urban,Freeway/Prin. Art.,3,Oakland,0-99,200-499,200-499,NT,1,1,15,4.5,7.10334899227156e-05,1.51052838282831e-05
152,1,63-5040,2019,28358,27840,518,408,102,3,Principal Arterial,3,Urban,Freeway/Prin. Art.,3,Oakland,100-199,200-499,500-999,AM,1,1,73.5,23,0.000348064100621306,7.72047840112249e-05
152,1,63-5040,2019,28358,27840,518,408,102,3,Principal Arterial,3,Urban,Freeway/Prin. Art.,3,Oakland,100-199,200-499,500-999,MD,1,1,214,53,0.00101341112289741,0.000177906676199779
152,1,63-5040,2019,28358,27840,518,408,102,3,Principal Arterial,3,Urban,Freeway/Prin. Art.,3,Oakland,100-199,200-499,500-999,PM,1,1,86,17.5,0.000407258675556903,5.87427704433233e-05
152,1,63-5040,2019,28358,27840,518,408,102,3,Principal Arterial,3,Urban,Freeway/Prin. Art.,3,Oakland,100-199,200-499,500-999,EV,1,1,15,1.5,7.10334899227156e-05,5.03509460942771e-06
152,1,63-5040,2019,28358,27840,518,408,102,3,Principal Arterial,3,Urban,Freeway/Prin. Art.,3,Oakland,100-199,200-499,500-999,NT,1,1,19.5,7,9.23435368995302e-05,2.34971081773293e-05
156,1,63-5105,2018,29887,29363,523,289,173,3,Principal Arterial,4,Suburban,Freeway/Prin. Art.,3,Oakland,100-199,200-499,200-499,AM,1,1,53.6872015281757,37.25,0.000254239285915365,0.000125038182800788
156,1,63-5105,2018,29887,29363,523,289,173,3,Principal Arterial,4,Suburban,Freeway/Prin. Art.,3,Oakland,100-199,200-499,200-499,MD,1,1,137.047277936963,69.5,0.000648996429084723,0.000233292716903484
156,1,63-5105,2018,29887,29363,523,289,173,3,Principal Arterial,4,Suburban,Freeway/Prin. Art.,3,Oakland,100-199,200-499,200-499,PM,1,1,51.3409742120344,29.5,0.000243128571620863,9.9023527318745e-05
156,1,63-5105,2018,29887,29363,523,289,173,3,Principal Arterial,4,Suburban,Freeway/Prin. Art.,3,Oakland,100-199,200-499,200-499,EV,1,1,17.5276981852913,13.5,8.30035714942193e-05,4.53158514848494e-05
156,1,63-5105,2018,29887,29363,523,289,173,3,Principal Arterial,4,Suburban,Freeway/Prin. Art.,3,Oakland,100-199,200-499,200-499,NT,1,1,29.3968481375358,23.25,0.000139210714395817,7.80439664461295e-05
160,1,63-5104,2018,25773,25355,417,244,120,3,Principal Arterial,3,Urban,Freeway/Prin. Art.,3,Oakland,100-199,200-499,200-499,AM,1,1,41.0562874251497,20.4149377593361,0.000194424758605232,6.85274287092236e-05
160,1,63-5104,2018,25773,25355,417,244,120,3,Principal Arterial,3,Urban,Freeway/Prin. Art.,3,Oakland,100-199,200-499,200-499,MD,1,1,126.237125748503,54.7717842323652,0.000597804239981924,0.000183854077024746
160,1,63-5104,2018,25773,25355,417,244,120,3,Principal Arterial,3,Urban,Freeway/Prin. Art.,3,Oakland,100-199,200-499,200-499,PM,1,1,40.4718562874252,20.9128630705394,0.000191657146383094,7.01988294094486e-05
160,1,63-5104,2018,25773,25355,417,244,120,3,Principal Arterial,3,Urban,Freeway/Prin. Art.,3,Oakland,100-199,200-499,200-499,EV,1,1,11.2502994011976,5.97510373443983,5.32765352761669e-05,2.00568084026996e-05
160,1,63-5104,2018,25773,25355,417,244,120,3,Principal Arterial,3,Urban,Freeway/Prin. Art.,3,Oakland,100-199,200-499,200-499,NT,1,1,24.9844311377246,17.9253112033195,0.000118315422496423,6.01704252080988e-05
168,1,63-5103,2018,23774,23359,415,224,60,3,Principal Arterial,3,Urban,Freeway/Prin. Art.,3,Oakland,0-99,200-499,200-499,AM,1,1,29.821686746988,9.75,0.000141222565668037,3.27281149612801e-05
168,1,63-5103,2018,23774,23359,415,224,60,3,Principal Arterial,3,Urban,Freeway/Prin. Art.,3,Oakland,0-99,200-499,200-499,MD,1,1,101.069879518072,30.25,0.000478623084549138,0.000101541074623459
168,1,63-5103,2018,23774,23359,415,224,60,3,Principal Arterial,3,Urban,Freeway/Prin. Art.,3,Oakland,0-99,200-499,200-499,PM,1,1,47.9036144578313,6.5,0.000226850727656801,2.18187433075201e-05
168,1,63-5103,2018,23774,23359,415,224,60,3,Principal Arterial,3,Urban,Freeway/Prin. Art.,3,Oakland,0-99,200-499,200-499,EV,1,1,19.7012048192771,4.25,9.32963555996984e-05,1.42661013933785e-05
168,1,63-5103,2018,23774,23359,415,224,60,3,Principal Arterial,3,Urban,Freeway/Prin. Art.,3,Oakland,0-99,200-499,200-499,NT,1,1,25.5036144578313,9.25,0.000120774049372212,3.10497500914709e-05
175,1,63-5106,2018,27968,27483,485,237,52,3,Principal Arterial,3,Urban,Freeway/Prin. Art.,3,Oakland,0-99,200-499,200-499,AM,1,1,25.4103092783505,4,0.00012033219653712,1.34269189584739e-05
175,1,63-5106,2018,27968,27483,485,237,52,3,Principal Arterial,3,Urban,Freeway/Prin. Art.,3,Oakland,0-99,200-499,200-499,MD,1,1,112.147422680412,30,0.000531081521255173,0.000100701892188554
175,1,63-5106,2018,27968,27483,485,237,52,3,Principal Arterial,3,Urban,Freeway/Prin. Art.,3,Oakland,0-99,200-499,200-499,PM,1,1,52.5309278350516,9,0.000248763675533469,3.02105676565663e-05
175,1,63-5106,2018,27968,27483,485,237,52,3,Principal Arterial,3,Urban,Freeway/Prin. Art.,3,Oakland,0-99,200-499,200-499,EV,1,1,21.9896907216495,4,0.000104133631618661,1.34269189584739e-05
175,1,63-5106,2018,27968,27483,485,237,52,3,Principal Arterial,3,Urban,Freeway/Prin. Art.,3,Oakland,0-99,200-499,200-499,NT,1,1,24.9216494845361,5,0.000118018115834483,1.67836486980924e-05
215,1,63-5082,2018,14046,13728,317,155,160,3,Principal Arterial,4,Suburban,Freeway/Prin. Art.,3,Oakland,100-199,100-199,200-499,AM,1,1,34.6116504854369,20.377358490566,0.000163905755064389,6.840128526015e-05
215,1,63-5082,2018,14046,13728,317,155,160,3,Principal Arterial,4,Suburban,Freeway/Prin. Art.,3,Oakland,100-199,100-199,200-499,MD,1,1,62.953074433657,50.8176100628931,0.000298118438559142,0.000170580982994448
215,1,63-5082,2018,14046,13728,317,155,160,3,Principal Arterial,4,Suburban,Freeway/Prin. Art.,3,Oakland,100-199,100-199,200-499,PM,1,1,46.3996763754045,67.1698113207547,0.000219728729615304,0.000225470903264939
215,1,63-5082,2018,14046,13728,317,155,160,3,Principal Arterial,4,Suburban,Freeway/Prin. Art.,3,Oakland,100-199,100-199,200-499,EV,1,1,5.01618122977346,12.8301886792453,2.37544572557085e-05,4.30674759045389e-05
215,1,63-5082,2018,14046,13728,317,155,160,3,Principal Arterial,4,Suburban,Freeway/Prin. Art.,3,Oakland,100-199,100-199,200-499,NT,1,1,6.01941747572816,8.80503144654088,2.85053487068503e-05,2.95561109148796e-05
245,1,63-5319,2018,22087,21772,315,172,60,3,Principal Arterial,4,Suburban,Freeway/Prin. Art.,3,Oakland,0-99,100-199,200-499,AM,1,1,49.6888888888889,19.5,0.000235305012543988,6.54562299225603e-05
245,1,63-5319,2018,22087,21772,315,172,60,3,Principal Arterial,4,Suburban,Freeway/Prin. Art.,3,Oakland,0-99,100-199,200-499,MD,1,1,67.1619047619048,21.5,0.000318049632339676,7.21696894017972e-05
245,1,63-5319,2018,22087,21772,315,172,60,3,Principal Arterial,4,Suburban,Freeway/Prin. Art.,3,Oakland,0-99,100-199,200-499,PM,1,1,34.4,8,0.000162903470222761,2.68538379169478e-05
245,1,63-5319,2018,22087,21772,315,172,60,3,Principal Arterial,4,Suburban,Freeway/Prin. Art.,3,Oakland,0-99,100-199,200-499,EV,1,1,8.19047619047619,1.5,3.87865405292288e-05,5.03509460942771e-06
245,1,63-5319,2018,22087,21772,315,172,60,3,Principal Arterial,4,Suburban,Freeway/Prin. Art.,3,Oakland,0-99,100-199,200-499,NT,1,1,12.5587301587302,9.5,5.94726954781509e-05,3.18889325263755e-05
271,1,63-5395,2018,29659,29076,583,300,117,3,Principal Arterial,4,Suburban,Freeway/Prin. Art.,3,Oakland,100-199,200-499,200-499,AM,1,1,69.8497854077253,21.5,0.000330778268524234,7.21696894017972e-05
271,1,63-5395,2018,29659,29076,583,300,117,3,Principal Arterial,4,Suburban,Freeway/Prin. Art.,3,Oakland,100-199,200-499,200-499,MD,1,1,130.68669527897,52,0.000618875470142114,0.000174549946460161
271,1,63-5395,2018,29659,29076,583,300,117,3,Principal Arterial,4,Suburban,Freeway/Prin. Art.,3,Oakland,100-199,200-499,200-499,PM,1,1,73.068669527897,27.5,0.000346021506705074,9.2310067839508e-05
271,1,63-5395,2018,29659,29076,583,300,117,3,Principal Arterial,4,Suburban,Freeway/Prin. Art.,3,Oakland,100-199,200-499,200-499,EV,1,1,10.6223175965665,5.5,5.03026859967728e-05,1.84620135679016e-05
271,1,63-5395,2018,29659,29076,583,300,117,3,Principal Arterial,4,Suburban,Freeway/Prin. Art.,3,Oakland,100-199,200-499,200-499,NT,1,1,15.7725321888412,10.5,7.46918670861172e-05,3.5245662265994e-05
285,0,63-5243,2019,11490,11269,221,151,35,4,Minor Arterial,3,Urban,Other Road,3,Oakland,0-99,100-199,100-199,AM,1,1,26,7.5,0.00012312471586604,2.51754730471386e-05
285,0,63-5243,2019,11490,11269,221,151,35,4,Minor Arterial,3,Urban,Other Road,3,Oakland,0-99,100-199,100-199,MD,1,1,82.5,17,0.000390684194574936,5.70644055735141e-05
285,0,63-5243,2019,11490,11269,221,151,35,4,Minor Arterial,3,Urban,Other Road,3,Oakland,0-99,100-199,100-199,PM,1,1,32.5,7.5,0.00015390589483255,2.51754730471386e-05
285,0,63-5243,2019,11490,11269,221,151,35,4,Minor Arterial,3,Urban,Other Road,3,Oakland,0-99,100-199,100-199,EV,1,1,7,0.5,3.31489619639339e-05,1.67836486980924e-06
285,0,63-5243,2019,11490,11269,221,151,35,4,Minor Arterial,3,Urban,Other Road,3,Oakland,0-99,100-199,100-199,NT,1,1,3,2.5,1.42066979845431e-05,8.39182434904618e-06
335,1,63-5054,2018,31227,30531,696,344,180,3,Principal Arterial,3,Urban,Freeway/Prin. Art.,3,Oakland,100-199,200-499,500-999,AM,1,1,56.8390804597701,24,0.0002691652166037,8.05615137508434e-05
335,1,63-5054,2018,31227,30531,696,344,180,3,Principal Arterial,3,Urban,Freeway/Prin. Art.,3,Oakland,100-199,200-499,500-999,MD,1,1,168.045977011494,102,0.000795792814306591,0.000342386433441084
335,1,63-5054,2018,31227,30531,696,344,180,3,Principal Arterial,3,Urban,Freeway/Prin. Art.,3,Oakland,100-199,200-499,500-999,PM,1,1,71.6666666666667,34.5,0.000339382229630752,0.000115807176016837
335,1,63-5054,2018,31227,30531,696,344,180,3,Principal Arterial,3,Urban,Freeway/Prin. Art.,3,Oakland,100-199,200-499,500-999,EV,1,1,16.3103448275862,9.5,7.72387143297574e-05,3.18889325263755e-05
335,1,63-5054,2018,31227,30531,696,344,180,3,Principal Arterial,3,Urban,Freeway/Prin. Art.,3,Oakland,100-199,200-499,500-999,NT,1,1,31.1379310344828,10,0.00014745572735681,3.35672973961847e-05
368,1,63-5387,2018,31322,30709,613,346,153,3,Principal Arterial,4,Suburban,Freeway/Prin. Art.,3,Oakland,100-199,200-499,200-499,AM,1,1,64.6869565217391,19.5,0.00030632935161454,6.54562299225603e-05
368,1,63-5387,2018,31322,30709,613,346,153,3,Principal Arterial,4,Suburban,Freeway/Prin. Art.,3,Oakland,100-199,200-499,200-499,MD,1,1,176.760869565217,81,0.000837062763132754,0.000271895108909096
368,1,63-5387,2018,31322,30709,613,346,153,3,Principal Arterial,4,Suburban,Freeway/Prin. Art.,3,Oakland,100-199,200-499,200-499,PM,1,1,69.5760869565218,28.5,0.000329482151445871,9.56667975791265e-05
368,1,63-5387,2018,31322,30709,613,346,153,3,Principal Arterial,4,Suburban,Freeway/Prin. Art.,3,Oakland,100-199,200-499,200-499,EV,1,1,17.6760869565217,3.5,8.37062763132754e-05,1.17485540886647e-05
368,1,63-5387,2018,31322,30709,613,346,153,3,Principal Arterial,4,Suburban,Freeway/Prin. Art.,3,Oakland,100-199,200-499,200-499,NT,1,1,17.3,20.5,8.19252917108653e-05,6.88129596621787e-05
400,1,63-5394,2018,37278,36568,710,393,143,3,Principal Arterial,4,Suburban,Freeway/Prin. Art.,3,Oakland,100-199,200-499,500-999,AM,1,1,61.6878306878307,25,0.000292126793301214,8.39182434904619e-05
400,1,63-5394,2018,37278,36568,710,393,143,3,Principal Arterial,4,Suburban,Freeway/Prin. Art.,3,Oakland,100-199,200-499,500-999,MD,1,1,187.142857142857,71.5,0.000886227350464356,0.000240006176382721
400,1,63-5394,2018,37278,36568,710,393,143,3,Principal Arterial,4,Suburban,Freeway/Prin. Art.,3,Oakland,100-199,200-499,500-999,PM,1,1,91.4920634920635,24,0.000433266704671463,8.05615137508434e-05
400,1,63-5394,2018,37278,36568,710,393,143,3,Principal Arterial,4,Suburban,Freeway/Prin. Art.,3,Oakland,100-199,200-499,500-999,EV,1,1,28.4179894179894,7.5,0.000134575264329773,2.51754730471386e-05
400,1,63-5394,2018,37278,36568,710,393,143,3,Principal Arterial,4,Suburban,Freeway/Prin. Art.,3,Oakland,100-199,200-499,500-999,NT,1,1,24.2592592592593,15,0.000114881323208342,5.03509460942771e-05
488,1,63-5569,2019,13756,12918,838,299,523,3,Principal Arterial,3,Urban,Freeway/Prin. Art.,3,Oakland,500-999,200-499,500-999,AM,1,1,74.0219155844156,122.987476808905,0.000350535666315046,0.00041283572100509
488,1,63-5569,2019,13756,12918,838,299,523,3,Principal Arterial,3,Urban,Freeway/Prin. Art.,3,Oakland,500-999,200-499,500-999,MD,1,1,124.017045454545,175.384508348794,0.000587290903236028,0.000588718395042762
488,1,63-5569,2019,13756,12918,838,299,523,3,Principal Arterial,3,Urban,Freeway/Prin. Art.,3,Oakland,500-999,200-499,500-999,PM,1,1,63.3433441558442,168.107142857143,0.000299966586584351,0.000564290245870863
488,1,63-5569,2019,13756,12918,838,299,523,3,Principal Arterial,3,Urban,Freeway/Prin. Art.,3,Oakland,500-999,200-499,500-999,EV,1,1,30.5795454545455,49.9712430426716,0.000144811455592445,0.000167739957647039
488,1,63-5569,2019,13756,12918,838,299,523,3,Principal Arterial,3,Urban,Freeway/Prin. Art.,3,Oakland,500-999,200-499,500-999,NT,1,1,7.03814935064935,6.54962894248609,3.33296207315945e-05,2.19853342547089e-05
531,1,63-0341,2019,26445,25464,980,496,455,3,Principal Arterial,4,Suburban,Freeway/Prin. Art.,3,Oakland,200-499,200-499,500-999,AM,1,1,96.7472527472527,75.2272727272727,0.000458153000204826,0.000252517623594026
531,1,63-0341,2019,26445,25464,980,496,455,3,Principal Arterial,4,Suburban,Freeway/Prin. Art.,3,Oakland,200-499,200-499,500-999,MD,1,1,240.959706959707,212.727272727273,0.00114108059440686,0.000714067962791566
531,1,63-0341,2019,26445,25464,980,496,455,3,Principal Arterial,4,Suburban,Freeway/Prin. Art.,3,Oakland,200-499,200-499,500-999,PM,1,1,100.608058608059,69.5454545454546,0.000476436101151967,0.000233445295528012
531,1,63-0341,2019,26445,25464,980,496,455,3,Principal Arterial,4,Suburban,Freeway/Prin. Art.,3,Oakland,200-499,200-499,500-999,EV,1,1,14.989010989011,24.5454545454546,7.0981450735959e-05,8.23924572451807e-05
531,1,63-0341,2019,26445,25464,980,496,455,3,Principal Arterial,4,Suburban,Freeway/Prin. Art.,3,Oakland,200-499,200-499,500-999,NT,1,1,42.6959706959707,72.9545454545455,0.000202189586944853,0.000244888692367621
533,1,63-5139,2019,22987,22554,433,299,75,4,Minor Arterial,3,Urban,Other Road,3,Oakland,0-99,200-499,200-499,AM,1,1,48.5,14.5,0.000229674950750114,4.86725812244679e-05
533,1,63-5139,2019,22987,22554,433,299,75,4,Minor Arterial,3,Urban,Other Road,3,Oakland,0-99,200-499,200-499,MD,1,1,148,39.5,0.00070086376723746,0.00013259082471493
533,1,63-5139,2019,22987,22554,433,299,75,4,Minor Arterial,3,Urban,Other Road,3,Oakland,0-99,200-499,200-499,PM,1,1,77.5,16,0.000367006364600697,5.37076758338956e-05
533,1,63-5139,2019,22987,22554,433,299,75,4,Minor Arterial,3,Urban,Other Road,3,Oakland,0-99,200-499,200-499,EV,1,1,10.5,3.5,4.97234429459009e-05,1.17485540886647e-05
533,1,63-5139,2019,22987,22554,433,299,75,4,Minor Arterial,3,Urban,Other Road,3,Oakland,0-99,200-499,200-499,NT,1,1,14.5,1.5,6.86657069252917e-05,5.03509460942771e-06
553,1,63-6041,2019,7627,7395,232,174,57,5,Major Collector,3,Urban,Other Road,3,Oakland,0-99,100-199,200-499,AM,1,1,48.0260115606937,19.2567567567568,0.000227430347214984,6.46397280940044e-05
553,1,63-6041,2019,7627,7395,232,174,57,5,Major Collector,3,Urban,Other Road,3,Oakland,0-99,100-199,200-499,MD,1,1,74.6791907514451,25.9324324324324,0.000353648236245289,8.70481671665926e-05
553,1,63-6041,2019,7627,7395,232,174,57,5,Major Collector,3,Urban,Other Road,3,Oakland,0-99,100-199,200-499,PM,1,1,33.6936416184971,9.24324324324324,0.00015955846349114,3.10270694851221e-05
553,1,63-6041,2019,7627,7395,232,174,57,5,Major Collector,3,Urban,Other Road,3,Oakland,0-99,100-199,200-499,EV,1,1,5.28034682080925,0.256756756756757,2.50054308456265e-05,8.61863041253392e-07
553,1,63-6041,2019,7627,7395,232,174,57,5,Major Collector,3,Urban,Other Road,3,Oakland,0-99,100-199,200-499,NT,1,1,12.3208092485549,2.31081081081081,5.83460053064617e-05,7.75676737128053e-06
556,0,63-5048,2019,1417,1381,21,26,8,5,Major Collector,4,Suburban,Other Road,3,Oakland,0-99,0-99,0-99,AM,1,1,7.09090909090909,0,3.35794679634655e-05,0
556,0,63-5048,2019,1417,1381,21,26,8,5,Major Collector,4,Suburban,Other Road,3,Oakland,0-99,0-99,0-99,MD,1,1,14.1818181818182,8,6.71589359269311e-05,2.68538379169478e-05
556,0,63-5048,2019,1417,1381,21,26,8,5,Major Collector,4,Suburban,Other Road,3,Oakland,0-99,0-99,0-99,PM,1,1,4.72727272727273,0,2.23863119756437e-05,0
556,0,63-5048,2019,1417,1381,21,26,8,5,Major Collector,4,Suburban,Other Road,3,Oakland,0-99,0-99,0-99,EV,1,1,0,0,0,0
556,0,63-5048,2019,1417,1381,21,26,8,5,Major Collector,4,Suburban,Other Road,3,Oakland,0-99,0-99,0-99,NT,1,1,0,0,0,0
564,1,63-4900,2019,17799,17182,617,315,192,3,Principal Arterial,3,Urban,Freeway/Prin. Art.,3,Oakland,100-199,200-499,500-999,AM,1,1,54.4668587896254,38.1276595744681,0.000257931404330322,0.000127984248795666
564,1,63-4900,2019,17799,17182,617,315,192,3,Principal Arterial,3,Urban,Freeway/Prin. Art.,3,Oakland,100-199,200-499,500-999,MD,1,1,149.78386167147,86.0141843971631,0.000709311361908384,0.000288726370794985
564,1,63-4900,2019,17799,17182,617,315,192,3,Principal Arterial,3,Urban,Freeway/Prin. Art.,3,Oakland,100-199,200-499,500-999,PM,1,1,85.7853025936599,34.9503546099291,0.000406241961820257,0.000117318894729361
564,1,63-4900,2019,17799,17182,617,315,192,3,Principal Arterial,3,Urban,Freeway/Prin. Art.,3,Oakland,100-199,200-499,500-999,EV,1,1,11.3472622478386,11.5744680851064,5.37357092354837e-05,3.88523612415415e-05
564,1,63-4900,2019,17799,17182,617,315,192,3,Principal Arterial,3,Urban,Freeway/Prin. Art.,3,Oakland,100-199,200-499,500-999,NT,1,1,13.6167146974063,21.3333333333333,6.44828510825804e-05,7.16102344451941e-05
577,1,63-5238,2018,19587,19071,515,255,259,3,Principal Arterial,4,Suburban,Freeway/Prin. Art.,3,Oakland,200-499,200-499,500-999,AM,1,1,47,38.25,0.000222571601757842,0.000128394912540407
577,1,63-5238,2018,19587,19071,515,255,259,3,Principal Arterial,4,Suburban,Freeway/Prin. Art.,3,Oakland,200-499,200-499,500-999,MD,1,1,128,116.5,0.000606152447340506,0.000391059014665552
577,1,63-5238,2018,19587,19071,515,255,259,3,Principal Arterial,4,Suburban,Freeway/Prin. Art.,3,Oakland,200-499,200-499,500-999,PM,1,1,55.25,63.5,0.000261640021215336,0.000213152338465773
577,1,63-5238,2018,19587,19071,515,255,259,3,Principal Arterial,4,Suburban,Freeway/Prin. Art.,3,Oakland,200-499,200-499,500-999,EV,1,1,11.75,12.5,5.56429004394605e-05,4.19591217452309e-05
577,1,63-5238,2018,19587,19071,515,255,259,3,Principal Arterial,4,Suburban,Freeway/Prin. Art.,3,Oakland,200-499,200-499,500-999,NT,1,1,13,28.25,6.15623579330202e-05,9.48276151442219e-05
580,1,63-0145,2018,37779,37090,688,352,159,3,Principal Arterial,3,Urban,Freeway/Prin. Art.,3,Oakland,100-199,200-499,500-999,AM,1,1,53.6048317515099,34.4956896551724,0.000253849218401983,0.000115792707354167
580,1,63-0145,2018,37779,37090,688,352,159,3,Principal Arterial,3,Urban,Freeway/Prin. Art.,3,Oakland,100-199,200-499,500-999,MD,1,1,164.914581535807,75.3879310344828,0.000780963884375506,0.000253056910111755
580,1,63-0145,2018,37779,37090,688,352,159,3,Principal Arterial,3,Urban,Freeway/Prin. Art.,3,Oakland,100-199,200-499,500-999,PM,1,1,88.9870578084556,31.0689655172414,0.000421404084939269,0.000104290120530905
580,1,63-0145,2018,37779,37090,688,352,159,3,Principal Arterial,3,Urban,Freeway/Prin. Art.,3,Oakland,100-199,200-499,500-999,EV,1,1,22.7782571182053,6.39655172413793,0.000107867939830871,2.14714954034216e-05
580,1,63-0145,2018,37779,37090,688,352,159,3,Principal Arterial,3,Urban,Freeway/Prin. Art.,3,Oakland,100-199,200-499,500-999,NT,1,1,21.7152717860224,11.6508620689655,0.000102834102638764,3.91087951990894e-05
621,0,63-5121,2018,9559,9388,170,129,39,4,Minor Arterial,5,Rural,Other Road,3,Oakland,0-99,100-199,100-199,AM,1,1,18.25,7.34415584415584,8.64240794059706e-05,2.46523463344707e-05
621,0,63-5121,2018,9559,9388,170,129,39,4,Minor Arterial,5,Rural,Other Road,3,Oakland,0-99,100-199,100-199,MD,1,1,59.5,15.7012987012987,0.000281766176693438,5.27050163012823e-05
621,0,63-5121,2018,9559,9388,170,129,39,4,Minor Arterial,5,Rural,Other Road,3,Oakland,0-99,100-199,100-199,PM,1,1,31,9.62337662337662,0.000146802545840279,3.23030745072375e-05
621,0,63-5121,2018,9559,9388,170,129,39,4,Minor Arterial,5,Rural,Other Road,3,Oakland,0-99,100-199,100-199,EV,1,1,14.5,3.54545454545455,6.86657069252917e-05,1.19011327131928e-05
621,0,63-5121,2018,9559,9388,170,129,39,4,Minor Arterial,5,Rural,Other Road,3,Oakland,0-99,100-199,100-199,NT,1,1,5.75,2.78571428571429,2.72295044703743e-05,9.35088998893718e-06
650,1,63-5551,2019,27713,27066,647,431,135,4,Minor Arterial,3,Urban,Other Road,3,Oakland,100-199,200-499,500-999,AM,1,1,68.5,24,0.000324386270647068,8.05615137508434e-05
650,1,63-5551,2019,27713,27066,647,431,135,4,Minor Arterial,3,Urban,Other Road,3,Oakland,100-199,200-499,500-999,MD,1,1,195.5,68,0.000925803151992726,0.000228257622294056
650,1,63-5551,2019,27713,27066,647,431,135,4,Minor Arterial,3,Urban,Other Road,3,Oakland,100-199,200-499,500-999,PM,1,1,116,25,0.000549325655402334,8.39182434904619e-05
650,1,63-5551,2019,27713,27066,647,431,135,4,Minor Arterial,3,Urban,Other Road,3,Oakland,100-199,200-499,500-999,EV,1,1,21.5,5,0.000101814668889226,1.67836486980924e-05
650,1,63-5551,2019,27713,27066,647,431,135,4,Minor Arterial,3,Urban,Other Road,3,Oakland,100-199,200-499,500-999,NT,1,1,29.5,13,0.000139699196848007,4.36374866150402e-05
658,0,63-6010,2019,2087,2053,34,31,2,5,Major Collector,2,Urban Fringe,Other Road,3,Oakland,0-99,0-99,0-99,AM,1,1,6,0,2.84133959690862e-05,0
658,0,63-6010,2019,2087,2053,34,31,2,5,Major Collector,2,Urban Fringe,Other Road,3,Oakland,0-99,0-99,0-99,MD,1,1,21,1,9.94468858918018e-05,3.35672973961847e-06
658,0,63-6010,2019,2087,2053,34,31,2,5,Major Collector,2,Urban Fringe,Other Road,3,Oakland,0-99,0-99,0-99,PM,1,1,3,0,1.42066979845431e-05,0
658,0,63-6010,2019,2087,2053,34,31,2,5,Major Collector,2,Urban Fringe,Other Road,3,Oakland,0-99,0-99,0-99,EV,1,1,0,1,0,3.35672973961847e-06
658,0,63-6010,2019,2087,2053,34,31,2,5,Major Collector,2,Urban Fringe,Other Road,3,Oakland,0-99,0-99,0-99,NT,1,1,1,0,4.7355659948477e-06,0
711,1,63-5479,2018,39362,38581,781,458,199,3,Principal Arterial,3,Urban,Freeway/Prin. Art.,3,Oakland,100-199,200-499,500-999,AM,1,1,81.8066581306018,26.5,0.000387400828395409,8.89533380998896e-05
711,1,63-5479,2018,39362,38581,781,458,199,3,Principal Arterial,3,Urban,Freeway/Prin. Art.,3,Oakland,100-199,200-499,500-999,MD,1,1,219.617157490397,95.5,0.00104001154289664,0.000320567690133564
711,1,63-5479,2018,39362,38581,781,458,199,3,Principal Arterial,3,Urban,Freeway/Prin. Art.,3,Oakland,100-199,200-499,500-999,PM,1,1,85.6184379001281,35,0.000405451763051826,0.000117485540886647
711,1,63-5479,2018,39362,38581,781,458,199,3,Principal Arterial,3,Urban,Freeway/Prin. Art.,3,Oakland,100-199,200-499,500-999,EV,1,1,34.8924455825864,12.5,0.00016523547877797,4.19591217452309e-05
711,1,63-5479,2018,39362,38581,781,458,199,3,Principal Arterial,3,Urban,Freeway/Prin. Art.,3,Oakland,100-199,200-499,500-999,NT,1,1,36.0653008962868,29.5,0.000170789612518406,9.9023527318745e-05
742,1,63-5044,2018,17757,17179,577,246,319,3,Principal Arterial,3,Urban,Freeway/Prin. Art.,3,Oakland,200-499,200-499,500-999,AM,1,1,56.730612244898,103.662480376766,0.00026865155821383,0.000347966930763307
742,1,63-5044,2018,17757,17179,577,246,319,3,Principal Arterial,3,Urban,Freeway/Prin. Art.,3,Oakland,200-499,200-499,500-999,MD,1,1,95.6387755102041,98.6546310832025,0.000452903733094996,0.000331156934108075
742,1,63-5044,2018,17757,17179,577,246,319,3,Principal Arterial,3,Urban,Freeway/Prin. Art.,3,Oakland,200-499,200-499,500-999,PM,1,1,61.7510204081633,75.8689167974882,0.000292426032392045,0.000254671449326768
742,1,63-5044,2018,17757,17179,577,246,319,3,Principal Arterial,3,Urban,Freeway/Prin. Art.,3,Oakland,200-499,200-499,500-999,EV,1,1,16.3163265306122,23.2864992150706,7.72670410791988e-05,7.81664844468299e-05
742,1,63-5044,2018,17757,17179,577,246,319,3,Principal Arterial,3,Urban,Freeway/Prin. Art.,3,Oakland,200-499,200-499,500-999,NT,1,1,15.5632653061225,17.5274725274725,7.37008699524665e-05,5.88349882933128e-05
747,1,63-5517,2018,31129,30606,523,265,84,3,Principal Arterial,4,Suburban,Freeway/Prin. Art.,3,Oakland,0-99,200-499,200-499,AM,1,1,55.736137667304,22.5,0.000263942158221435,7.55264191414157e-05
747,1,63-5517,2018,31129,30606,523,265,84,3,Principal Arterial,4,Suburban,Freeway/Prin. Art.,3,Oakland,0-99,200-499,200-499,MD,1,1,124.646271510516,26,0.000590270644749755,8.72749732300803e-05
747,1,63-5517,2018,31129,30606,523,265,84,3,Principal Arterial,4,Suburban,Freeway/Prin. Art.,3,Oakland,0-99,200-499,200-499,PM,1,1,61.0564053537285,22.5,0.000289136636960754,7.55264191414157e-05
747,1,63-5517,2018,31129,30606,523,265,84,3,Principal Arterial,4,Suburban,Freeway/Prin. Art.,3,Oakland,0-99,200-499,200-499,EV,1,1,9.37380497131931,4.5,4.43902720645141e-05,1.51052838282831e-05
747,1,63-5517,2018,31129,30606,523,265,84,3,Principal Arterial,4,Suburban,Freeway/Prin. Art.,3,Oakland,0-99,200-499,200-499,NT,1,1,14.1873804971319,8.5,6.71852766381835e-05,2.8532202786757e-05
852,0,63-5808,2019,11921,11806,115,71,38,4,Minor Arterial,2,Urban Fringe,Other Road,3,Oakland,0-99,0-99,100-199,AM,1,1,11.1571428571429,6.86111111111111,5.28353863139437e-05,2.30308957134934e-05
852,0,63-5808,2019,11921,11806,115,71,38,4,Minor Arterial,2,Urban Fringe,Other Road,3,Oakland,0-99,0-99,100-199,MD,1,1,39.8107142857143,17.4166666666667,0.000188526264802026,5.84630429650218e-05
852,0,63-5808,2019,11921,11806,115,71,38,4,Minor Arterial,2,Urban Fringe,Other Road,3,Oakland,0-99,0-99,100-199,PM,1,1,17.2428571428571,10.0277777777778,8.16546879397311e-05,3.36605398889519e-05
852,0,63-5808,2019,11921,11806,115,71,38,4,Minor Arterial,2,Urban Fringe,Other Road,3,Oakland,0-99,0-99,100-199,EV,1,1,2.28214285714286,2.11111111111111,1.08072381096703e-05,7.08642945030567e-06
852,0,63-5808,2019,11921,11806,115,71,38,4,Minor Arterial,2,Urban Fringe,Other Road,3,Oakland,0-99,0-99,100-199,NT,1,1,0.507142857142857,1.58333333333333,2.40160846881562e-06,5.31482208772925e-06
860,1,63-5392,2018,23644,23273,370,204,167,3,Principal Arterial,3,Urban,Freeway/Prin. Art.,3,Oakland,100-199,200-499,200-499,AM,1,1,33.9162561576355,29.5885885885886,0.000160612669332643,9.93208952686511e-05
860,1,63-5392,2018,23644,23273,370,204,167,3,Principal Arterial,3,Urban,Freeway/Prin. Art.,3,Oakland,100-199,200-499,200-499,MD,1,1,93.9605911330049,48.3948948948949,0.000444956580225247,0.000162448582939404
860,1,63-5392,2018,23644,23273,370,204,167,3,Principal Arterial,3,Urban,Freeway/Prin. Art.,3,Oakland,100-199,200-499,200-499,PM,1,1,57.0295566502463,64.6936936936937,0.000270067229174147,0.00021715924558739
860,1,63-5392,2018,23644,23273,370,204,167,3,Principal Arterial,3,Urban,Freeway/Prin. Art.,3,Oakland,100-199,200-499,200-499,EV,1,1,6.78325123152709,15.7972972972973,3.21225338665285e-05,5.30272576434324e-05
860,1,63-5392,2018,23644,23273,370,204,167,3,Principal Arterial,3,Urban,Freeway/Prin. Art.,3,Oakland,100-199,200-499,200-499,NT,1,1,12.3103448275862,8.52552552552553,5.82964503503666e-05,2.8617885077408e-05
868,0,63-5065,2019,10309,10130,179,143,35,4,Minor Arterial,3,Urban,Other Road,3,Oakland,0-99,100-199,100-199,AM,1,1,46.5757042253521,7.95454545454546,0.000220562321115662,2.67012592924197e-05
868,0,63-5065,2019,10309,10130,179,143,35,4,Minor Arterial,3,Urban,Other Road,3,Oakland,0-99,100-199,100-199,MD,1,1,46.3239436619718,14.8484848484848,0.000219370092352875,4.98423506791834e-05
868,0,63-5065,2019,10309,10130,179,143,35,4,Minor Arterial,3,Urban,Other Road,3,Oakland,0-99,100-199,100-199,PM,1,1,42.044014084507,9.01515151515152,0.000199102203385489,3.02614271980756e-05
868,0,63-5065,2019,10309,10130,179,143,35,4,Minor Arterial,3,Urban,Other Road,3,Oakland,0-99,100-199,100-199,EV,1,1,5.28697183098592,0.53030303030303,2.50368040185346e-05,1.78008395282798e-06
868,0,63-5065,2019,10309,10130,179,143,35,4,Minor Arterial,3,Urban,Other Road,3,Oakland,0-99,100-199,100-199,NT,1,1,2.7693661971831,2.65151515151515,1.3114516390661e-05,8.90041976413989e-06
931,1,63-5052,2018,20272,19569,702,291,410,3,Principal Arterial,4,Suburban,Freeway/Prin. Art.,3,Oakland,200-499,200-499,500-999,AM,1,1,58.8031088082902,72.1760391198044,0.000278466002463868,0.000242275457001314
931,1,63-5052,2018,20272,19569,702,291,410,3,Principal Arterial,4,Suburban,Freeway/Prin. Art.,3,Oakland,200-499,200-499,500-999,MD,1,1,108.056994818653,161.644254278729,0.000511711030168647,0.000542596075575859
931,1,63-5052,2018,20272,19569,702,291,410,3,Principal Arterial,4,Suburban,Freeway/Prin. Art.,3,Oakland,200-499,200-499,500-999,PM,1,1,62.3212435233161,107.762836185819,0.000295126361585638,0.000361730717050573
931,1,63-5052,2018,20272,19569,702,291,410,3,Principal Arterial,4,Suburban,Freeway/Prin. Art.,3,Oakland,200-499,200-499,500-999,EV,1,1,35.6839378238342,45.3606356968215,0.000168983642520809,0.00015226339485152
931,1,63-5052,2018,20272,19569,702,291,410,3,Principal Arterial,4,Suburban,Freeway/Prin. Art.,3,Oakland,200-499,200-499,500-999,NT,1,1,26.1347150259067,23.0562347188264,0.000123762667761719,7.73935487643086e-05
939,0,63-5472,2018,7256,7059,196,126,37,5,Major Collector,4,Suburban,Other Road,3,Oakland,0-99,100-199,100-199,AM,1,1,26.0602409638554,10.0428571428571,0.000123409990925971,3.37111572421684e-05
939,0,63-5472,2018,7256,7059,196,126,37,5,Major Collector,4,Suburban,Other Road,3,Oakland,0-99,100-199,100-199,MD,1,1,47.8192771084337,13.2142857142857,0.000226451342572898,4.43567858449584e-05
939,0,63-5472,2018,7256,7059,196,126,37,5,Major Collector,4,Suburban,Other Road,3,Oakland,0-99,100-199,100-199,PM,1,1,32.6385542168675,9.25,0.000154562027470391,3.10497500914709e-05
939,0,63-5472,2018,7256,7059,196,126,37,5,Major Collector,4,Suburban,Other Road,3,Oakland,0-99,100-199,100-199,EV,1,1,15.1807228915663,3.43571428571429,7.18893151025073e-05,1.15327643196892e-05
939,0,63-5472,2018,7256,7059,196,126,37,5,Major Collector,4,Suburban,Other Road,3,Oakland,0-99,100-199,100-199,NT,1,1,4.30120481927711,1.05714285714286,2.03686392790437e-05,3.54854286759667e-06
944,1,63-5388,2018,28197,27694,503,265,137,3,Principal Arterial,4,Suburban,Freeway/Prin. Art.,3,Oakland,100-199,200-499,200-499,AM,1,1,60.8196721311476,19,0.000288015571162049,6.3777865052751e-05
944,1,63-5388,2018,28197,27694,503,265,137,3,Principal Arterial,4,Suburban,Freeway/Prin. Art.,3,Oakland,100-199,200-499,200-499,MD,1,1,126.707650273224,75,0.000600032439920935,0.000251754730471386
944,1,63-5388,2018,28197,27694,503,265,137,3,Principal Arterial,4,Suburban,Freeway/Prin. Art.,3,Oakland,100-199,200-499,200-499,PM,1,1,56.1133879781421,20,0.000265728651964986,6.71345947923695e-05
944,1,63-5388,2018,28197,27694,503,265,137,3,Principal Arterial,4,Suburban,Freeway/Prin. Art.,3,Oakland,100-199,200-499,200-499,EV,1,1,9.05054644808743,3,4.28594599943525e-05,1.00701892188554e-05
944,1,63-5388,2018,28197,27694,503,265,137,3,Principal Arterial,4,Suburban,Freeway/Prin. Art.,3,Oakland,100-199,200-499,200-499,NT,1,1,12.3087431693989,20,5.82888655923194e-05,6.71345947923695e-05
956,0,63-5013,2018,5235,5201,34,19,15,5,Major Collector,3,Urban,Other Road,3,Oakland,0-99,0-99,0-99,AM,1,1,1.25,3,5.91945749355963e-06,1.00701892188554e-05
956,0,63-5013,2018,5235,5201,34,19,15,5,Major Collector,3,Urban,Other Road,3,Oakland,0-99,0-99,0-99,MD,1,1,12.25,6,5.80106834368844e-05,2.01403784377108e-05
956,0,63-5013,2018,5235,5201,34,19,15,5,Major Collector,3,Urban,Other Road,3,Oakland,0-99,0-99,0-99,PM,1,1,2.75,5.5,1.30228064858312e-05,1.84620135679016e-05
956,0,63-5013,2018,5235,5201,34,19,15,5,Major Collector,3,Urban,Other Road,3,Oakland,0-99,0-99,0-99,EV,1,1,2,0.5,9.47113198969541e-06,1.67836486980924e-06
956,0,63-5013,2018,5235,5201,34,19,15,5,Major Collector,3,Urban,Other Road,3,Oakland,0-99,0-99,0-99,NT,1,1,0.75,0,3.55167449613578e-06,0
957,1,63-5239,2018,12699,12532,166,73,92,3,Principal Arterial,4,Suburban,Freeway/Prin. Art.,3,Oakland,0-99,0-99,100-199,AM,1,1,13.5,16.5901639344262,6.3930140930444e-05,5.56886966638344e-05
957,1,63-5239,2018,12699,12532,166,73,92,3,Principal Arterial,4,Suburban,Freeway/Prin. Art.,3,Oakland,0-99,0-99,100-199,MD,1,1,29.75,38.4590163934426,0.000140883088346719,0.000129096524084343
957,1,63-5239,2018,12699,12532,166,73,92,3,Principal Arterial,4,Suburban,Freeway/Prin. Art.,3,Oakland,0-99,0-99,100-199,PM,1,1,23.25,25.8907103825137,0.000110101909380209,8.69081175208324e-05
957,1,63-5239,2018,12699,12532,166,73,92,3,Principal Arterial,4,Suburban,Freeway/Prin. Art.,3,Oakland,0-99,0-99,100-199,EV,1,1,4.5,7.54098360655738,2.13100469768147e-05,2.53130439381065e-05
957,1,63-5239,2018,12699,12532,166,73,92,3,Principal Arterial,4,Suburban,Freeway/Prin. Art.,3,Oakland,0-99,0-99,100-199,NT,1,1,2,3.51912568306011,9.47113198969541e-06,1.1812753837783e-05
976,1,63-5932,2019,17915,17351,564,278,278,3,Principal Arterial,2,Urban Fringe,Freeway/Prin. Art.,3,Oakland,200-499,200-499,500-999,AM,1,1,45.5,59,0.000215468252765571,0.00019804705463749
976,1,63-5932,2019,17915,17351,564,278,278,3,Principal Arterial,2,Urban Fringe,Freeway/Prin. Art.,3,Oakland,200-499,200-499,500-999,MD,1,1,121.5,79.5,0.000575371268373996,0.000266860014299669
976,1,63-5932,2019,17915,17351,564,278,278,3,Principal Arterial,2,Urban Fringe,Freeway/Prin. Art.,3,Oakland,200-499,200-499,500-999,PM,1,1,83,106,0.000393051977572359,0.000355813352399558
976,1,63-5932,2019,17915,17351,564,278,278,3,Principal Arterial,2,Urban Fringe,Freeway/Prin. Art.,3,Oakland,200-499,200-499,500-999,EV,1,1,14.5,22.5,6.86657069252917e-05,7.55264191414157e-05
976,1,63-5932,2019,17915,17351,564,278,278,3,Principal Arterial,2,Urban Fringe,Freeway/Prin. Art.,3,Oakland,200-499,200-499,500-999,NT,1,1,13.5,11,6.3930140930444e-05,3.69240271358032e-05
980,0,63-5462,2018,5270,5187,82,62,25,5,Major Collector,4,Suburban,Other Road,3,Oakland,0-99,0-99,0-99,AM,1,1,16.5,5,7.81368389149871e-05,1.67836486980924e-05
980,0,63-5462,2018,5270,5187,82,62,25,5,Major Collector,4,Suburban,Other Road,3,Oakland,0-99,0-99,0-99,MD,1,1,20,12.2222222222222,9.47113198969541e-05,4.10266968175591e-05
980,0,63-5462,2018,5270,5187,82,62,25,5,Major Collector,4,Suburban,Other Road,3,Oakland,0-99,0-99,0-99,PM,1,1,23.25,5.55555555555556,0.000110101909380209,1.8648498553436e-05
980,0,63-5462,2018,5270,5187,82,62,25,5,Major Collector,4,Suburban,Other Road,3,Oakland,0-99,0-99,0-99,EV,1,1,0.75,1.66666666666667,3.55167449613578e-06,5.59454956603079e-06
980,0,63-5462,2018,5270,5187,82,62,25,5,Major Collector,4,Suburban,Other Road,3,Oakland,0-99,0-99,0-99,NT,1,1,1.5,0.555555555555556,7.10334899227156e-06,1.8648498553436e-06
1004,1,63-5323,2018,15699,15395,304,226,62,3,Principal Arterial,2,Urban Fringe,Freeway/Prin. Art.,3,Oakland,0-99,200-499,200-499,AM,1,1,46.0921052631579,9,0.000218272206315151,3.02105676565663e-05
1004,1,63-5323,2018,15699,15395,304,226,62,3,Principal Arterial,2,Urban Fringe,Freeway/Prin. Art.,3,Oakland,0-99,200-499,200-499,MD,1,1,123.407894736842,36.5,0.000584406229811535,0.000122520635496074
1004,1,63-5323,2018,15699,15395,304,226,62,3,Principal Arterial,2,Urban Fringe,Freeway/Prin. Art.,3,Oakland,0-99,200-499,200-499,PM,1,1,38.6578947368421,8.5,0.000183067011748192,2.8532202786757e-05
1004,1,63-5323,2018,15699,15395,304,226,62,3,Principal Arterial,2,Urban Fringe,Freeway/Prin. Art.,3,Oakland,0-99,200-499,200-499,EV,1,1,4.46052631578947,0,2.11231167401759e-05,0
1004,1,63-5323,2018,15699,15395,304,226,62,3,Principal Arterial,2,Urban Fringe,Freeway/Prin. Art.,3,Oakland,0-99,200-499,200-499,NT,1,1,13.3815789473684,8,6.33693502205278e-05,2.68538379169478e-05
1040,1,63-5136,2018,16141,15954,186,114,78,3,Principal Arterial,4,Suburban,Freeway/Prin. Art.,3,Oakland,0-99,100-199,100-199,AM,1,1,21.1858407079646,15.1381578947368,0.000100326946828897,5.08147048083033e-05
1040,1,63-5136,2018,16141,15954,186,114,78,3,Principal Arterial,4,Suburban,Freeway/Prin. Art.,3,Oakland,0-99,100-199,100-199,MD,1,1,40.6061946902655,32.8421052631579,0.000192293314755387,0.000110242071448523
1040,1,63-5136,2018,16141,15954,186,114,78,3,Principal Arterial,4,Suburban,Freeway/Prin. Art.,3,Oakland,0-99,100-199,100-199,PM,1,1,36.0663716814159,21.0394736842105,0.000170794683292051,7.06238270217097e-05
1040,1,63-5136,2018,16141,15954,186,114,78,3,Principal Arterial,4,Suburban,Freeway/Prin. Art.,3,Oakland,0-99,100-199,100-199,EV,1,1,5.04424778761062,6.1578947368421,2.38873682925946e-05,2.0670388396598e-05
1040,1,63-5136,2018,16141,15954,186,114,78,3,Principal Arterial,4,Suburban,Freeway/Prin. Art.,3,Oakland,0-99,100-199,100-199,NT,1,1,11.0973451327434,2.82236842105263,5.25522102437081e-05,9.4739280151074e-06
1053,1,63-5047,2019,22844,22249,595,342,173,3,Principal Arterial,3,Urban,Freeway/Prin. Art.,3,Oakland,100-199,200-499,500-999,AM,1,1,57,26,0.000269927261706319,8.72749732300803e-05
1053,1,63-5047,2019,22844,22249,595,342,173,3,Principal Arterial,3,Urban,Freeway/Prin. Art.,3,Oakland,100-199,200-499,500-999,MD,1,1,168,81.5,0.000795575087134414,0.000273573473778906
1053,1,63-5047,2019,22844,22249,595,342,173,3,Principal Arterial,3,Urban,Freeway/Prin. Art.,3,Oakland,100-199,200-499,500-999,PM,1,1,73,41.5,0.000345696317623882,0.000139304284194167
1053,1,63-5047,2019,22844,22249,595,342,173,3,Principal Arterial,3,Urban,Freeway/Prin. Art.,3,Oakland,100-199,200-499,500-999,EV,1,1,21,8,9.94468858918018e-05,2.68538379169478e-05
1053,1,63-5047,2019,22844,22249,595,342,173,3,Principal Arterial,3,Urban,Freeway/Prin. Art.,3,Oakland,100-199,200-499,500-999,NT,1,1,23,16,0.000108918017881497,5.37076758338956e-05
1061,0,63-5468,2019,3260,3131,129,81,35,5,Major Collector,4,Suburban,Other Road,3,Oakland,0-99,0-99,100-199,AM,1,1,15.8048780487805,4.57207207207207,7.48450430405198e-05,1.53472102960034e-05
1061,0,63-5468,2019,3260,3131,129,81,35,5,Major Collector,4,Suburban,Other Road,3,Oakland,0-99,0-99,100-199,MD,1,1,40.5,18.2882882882883,0.000191790422791332,6.13888411840135e-05
1061,0,63-5468,2019,3260,3131,129,81,35,5,Major Collector,4,Suburban,Other Road,3,Oakland,0-99,0-99,100-199,PM,1,1,19.5091463414634,8.04054054054054,9.23868500031416e-05,2.69899215550404e-05
1061,0,63-5468,2019,3260,3131,129,81,35,5,Major Collector,4,Suburban,Other Road,3,Oakland,0-99,0-99,100-199,EV,1,1,3.21036585365854,2.36486486486487,1.52028993676056e-05,7.93821222207072e-06
1061,0,63-5468,2019,3260,3131,129,81,35,5,Major Collector,4,Suburban,Other Road,3,Oakland,0-99,0-99,100-199,NT,1,1,1.97560975609756,1.73423423423423,9.35563038006498e-06,5.82135562951853e-06
1090,1,63-0145,2018,37779,37090,688,352,159,3,Principal Arterial,3,Urban,Freeway/Prin. Art.,3,Oakland,100-199,200-499,500-999,AM,1,1,53.6048317515099,34.4956896551724,0.000253849218401983,0.000115792707354167
1090,1,63-0145,2018,37779,37090,688,352,159,3,Principal Arterial,3,Urban,Freeway/Prin. Art.,3,Oakland,100-199,200-499,500-999,MD,1,1,164.914581535807,75.3879310344828,0.000780963884375506,0.000253056910111755
1090,1,63-0145,2018,37779,37090,688,352,159,3,Principal Arterial,3,Urban,Freeway/Prin. Art.,3,Oakland,100-199,200-499,500-999,PM,1,1,88.9870578084556,31.0689655172414,0.000421404084939269,0.000104290120530905
1090,1,63-0145,2018,37779,37090,688,352,159,3,Principal Arterial,3,Urban,Freeway/Prin. Art.,3,Oakland,100-199,200-499,500-999,EV,1,1,22.7782571182053,6.39655172413793,0.000107867939830871,2.14714954034216e-05
1090,1,63-0145,2018,37779,37090,688,352,159,3,Principal Arterial,3,Urban,Freeway/Prin. Art.,3,Oakland,100-199,200-499,500-999,NT,1,1,21.7152717860224,11.6508620689655,0.000102834102638764,3.91087951990894e-05
1133,1,63-5366,2018,19947,19524,422,247,175,3,Principal Arterial,3,Urban,Freeway/Prin. Art.,3,Oakland,100-199,200-499,200-499,AM,1,1,50.7052845528455,28.8323782234957,0.000240118221287532,9.67825014467361e-05
1133,1,63-5366,2018,19947,19524,422,247,175,3,Principal Arterial,3,Urban,Freeway/Prin. Art.,3,Oakland,100-199,200-499,200-499,MD,1,1,115.969512195122,85.4942693409742,0.000549181278390296,0.0002869811564638
1133,1,63-5366,2018,19947,19524,422,247,175,3,Principal Arterial,3,Urban,Freeway/Prin. Art.,3,Oakland,100-199,200-499,200-499,PM,1,1,55.474593495935,45.6303724928367,0.000262703598537349,0.000153168828376574
1133,1,63-5366,2018,19947,19524,422,247,175,3,Principal Arterial,3,Urban,Freeway/Prin. Art.,3,Oakland,100-199,200-499,200-499,EV,1,1,2.76117886178862,4.2621776504298,1.30757447235785e-05,1.43069784747349e-05
1133,1,63-5366,2018,19947,19524,422,247,175,3,Principal Arterial,3,Urban,Freeway/Prin. Art.,3,Oakland,100-199,200-499,200-499,NT,1,1,22.0894308943089,10.7808022922636,0.000104605957788628,3.61882396713883e-05
1150,1,63-0230,2019,26451,25622,829,413,363,2,Other Freeway,4,Suburban,Freeway/Prin. Art.,3,Oakland,200-499,200-499,500-999,AM,1,1,65.2452127659575,59.0368802902056,0.000308973010901071,0.000198170851804429
1150,1,63-0230,2019,26451,25622,829,413,363,2,Other Freeway,4,Suburban,Freeway/Prin. Art.,3,Oakland,200-499,200-499,500-999,MD,1,1,195.515957446809,149.89661426844,0.000925878719535197,0.000503162422982992
1150,1,63-0230,2019,26451,25622,829,413,363,2,Other Freeway,4,Suburban,Freeway/Prin. Art.,3,Oakland,200-499,200-499,500-999,PM,1,1,96.4398936170213,56.8422007255139,0.000456697480759496,0.000190803905640695
1150,1,63-0230,2019,26451,25622,829,413,363,2,Other Freeway,4,Suburban,Freeway/Prin. Art.,3,Oakland,200-499,200-499,500-999,EV,1,1,27.0207446808511,42.1378476420798,0.0001279585196661,0.000141445366343682
1150,1,63-0230,2019,26451,25622,829,413,363,2,Other Freeway,4,Suburban,Freeway/Prin. Art.,3,Oakland,200-499,200-499,500-999,NT,1,1,28.7781914893617,55.0864570737606,0.000136281025010237,0.000184910348709709
1188,1,63-5506,2018,34979,34071,908,527,300,3,Principal Arterial,4,Suburban,Freeway/Prin. Art.,3,Oakland,200-499,500-999,500-999,AM,1,1,96.9262114537445,58,0.000459000470969771,0.000194690324897871
1188,1,63-5506,2018,34979,34071,908,527,300,3,Principal Arterial,4,Suburban,Freeway/Prin. Art.,3,Oakland,200-499,500-999,500-999,MD,1,1,243.186123348018,127,0.00115162393614571,0.000426304676931546
1188,1,63-5506,2018,34979,34071,908,527,300,3,Principal Arterial,4,Suburban,Freeway/Prin. Art.,3,Oakland,200-499,500-999,500-999,PM,1,1,109.404735682819,51,0.000518093345974861,0.000171193216720542
1188,1,63-5506,2018,34979,34071,908,527,300,3,Principal Arterial,4,Suburban,Freeway/Prin. Art.,3,Oakland,200-499,500-999,500-999,EV,1,1,18.2824889867841,11,8.65779331469926e-05,3.69240271358032e-05
1188,1,63-5506,2018,34979,34071,908,527,300,3,Principal Arterial,4,Suburban,Freeway/Prin. Art.,3,Oakland,200-499,500-999,500-999,NT,1,1,59.2004405286344,53,0.000280347593047405,0.000177906676199779
1221,1,63-5546,2018,28267,26776,1491,816,651,3,Principal Arterial,4,Suburban,Freeway/Prin. Art.,3,Oakland,500-999,500-999,1000-1999,AM,1,1,183.114285714286,96.5,0.000867149784599398,0.000323924419873183
1221,1,63-5546,2018,28267,26776,1491,816,651,3,Principal Arterial,4,Suburban,Freeway/Prin. Art.,3,Oakland,500-999,500-999,1000-1999,MD,1,1,391.485714285714,315.5,0.00185390643604009,0.00105904823284963
1221,1,63-5546,2018,28267,26776,1491,816,651,3,Principal Arterial,4,Suburban,Freeway/Prin. Art.,3,Oakland,500-999,500-999,1000-1999,PM,1,1,170.971428571429,153.5,0.00080964648323339,0.000515258015031436
1221,1,63-5546,2018,28267,26776,1491,816,651,3,Principal Arterial,4,Suburban,Freeway/Prin. Art.,3,Oakland,500-999,500-999,1000-1999,EV,1,1,22.3428571428571,26,0.000105806074513454,8.72749732300803e-05
1221,1,63-5546,2018,28267,26776,1491,816,651,3,Principal Arterial,4,Suburban,Freeway/Prin. Art.,3,Oakland,500-999,500-999,1000-1999,NT,1,1,48.0857142857143,59.5,0.000227713073409391,0.000199725419507299
1238,1,82-0402,2019,17056,16623.5,432,307,104,3,Principal Arterial,3,Urban,Freeway/Prin. Art.,3,Oakland,100-199,200-499,200-499,AM,1,1,63.3877697841727,24.3404255319149,0.000300176967079163,8.17042302579475e-05
1238,1,82-0402,2019,17056,16623.5,432,307,104,3,Principal Arterial,3,Urban,Freeway/Prin. Art.,3,Oakland,100-199,200-499,200-499,MD,1,1,137.818705035971,41.6,0.000652649573022291,0.000139639957168129
1238,1,82-0402,2019,17056,16623.5,432,307,104,3,Principal Arterial,3,Urban,Freeway/Prin. Art.,3,Oakland,100-199,200-499,200-499,PM,1,1,75.5352517985612,24.5617021276596,0.000357702169829525,8.24469959875652e-05
1238,1,82-0402,2019,17056,16623.5,432,307,104,3,Principal Arterial,3,Urban,Freeway/Prin. Art.,3,Oakland,100-199,200-499,200-499,EV,1,1,12.368345323741,7.74468085106383,5.85711155276415e-05,2.59968005366197e-05
1238,1,82-0402,2019,17056,16623.5,432,307,104,3,Principal Arterial,3,Urban,Freeway/Prin. Art.,3,Oakland,100-199,200-499,200-499,NT,1,1,17.889928057554,5.7531914893617,8.47189349596244e-05,1.93119089700603e-05
1249,0,63-0084,2018,29579,28403,1286,493,625,3,Principal Arterial,4,Suburban,Freeway/Prin. Art.,3,Oakland,500-999,200-499,1000-1999,AM,1,1,95.161394971614,111.040609137056,0.000450643066049846,0.000372733314995706
1249,0,63-0084,2018,29579,28403,1286,493,625,3,Principal Arterial,4,Suburban,Freeway/Prin. Art.,3,Oakland,500-999,200-499,1000-1999,MD,1,1,236.903892944039,295.579526226734,0.00112187401947283,0.000992180586107618
1249,0,63-0084,2018,29579,28403,1286,493,625,3,Principal Arterial,4,Suburban,Freeway/Prin. Art.,3,Oakland,500-999,200-499,1000-1999,PM,1,1,106.156934306569,136.421319796954,0.000502713168219472,0.000457929501280439
1249,0,63-0084,2018,29579,28403,1286,493,625,3,Principal Arterial,4,Suburban,Freeway/Prin. Art.,3,Oakland,500-999,200-499,1000-1999,EV,1,1,23.9902676399027,33.8409475465313,0.000113607495642818,0.00011359491504631
1249,0,63-0084,2018,29579,28403,1286,493,625,3,Principal Arterial,4,Suburban,Freeway/Prin. Art.,3,Oakland,500-999,200-499,1000-1999,NT,1,1,30.7875101378751,48.1175972927242,0.00014579628607495,0.000161517769831473
1259,0,63-5429,2019,15320,14738,582,261,214,3,Principal Arterial,4,Suburban,Freeway/Prin. Art.,3,Oakland,200-499,200-499,200-499,AM,1,1,40.2269417475728,31.8639705882353,0.000190497337416525,0.000106958737695858
1259,0,63-5429,2019,15320,14738,582,261,214,3,Principal Arterial,4,Suburban,Freeway/Prin. Art.,3,Oakland,200-499,200-499,200-499,MD,1,1,133.033980582524,61.1709558823529,0.000629991194605832,0.000205334366811184
1259,0,63-5429,2019,15320,14738,582,261,214,3,Principal Arterial,4,Suburban,Freeway/Prin. Art.,3,Oakland,200-499,200-499,200-499,PM,1,1,55.747572815534,94.0183823529412,0.000263996310120539,0.000315594300114938
1259,0,63-5429,2019,15320,14738,582,261,214,3,Principal Arterial,4,Suburban,Freeway/Prin. Art.,3,Oakland,200-499,200-499,200-499,EV,1,1,11.4029126213592,8.4577205882353,5.39992452519284e-05,2.83902822279129e-05
1259,0,63-5429,2019,15320,14738,582,261,214,3,Principal Arterial,4,Suburban,Freeway/Prin. Art.,3,Oakland,200-499,200-499,200-499,NT,1,1,20.5885922330097,18.4889705882353,9.74986372604263e-05,6.20624774284607e-05
1268,1,63-0129,2018,10581,10225,355,146,191,4,Minor Arterial,4,Suburban,Other Road,3,Oakland,100-199,100-199,200-499,AM,1,1,30.7009345794393,17.1762589928058,0.000145386301804437,5.76560593765403e-05
1268,1,63-0129,2018,10581,10225,355,146,191,4,Minor Arterial,4,Suburban,Other Road,3,Oakland,100-199,100-199,200-499,MD,1,1,70.2710280373832,41.4520383693046,0.000332773090796821,0.000139143289962051
1268,1,63-0129,2018,10581,10225,355,146,191,4,Minor Arterial,4,Suburban,Other Road,3,Oakland,100-199,100-199,200-499,PM,1,1,31.8380062305296,106.263788968825,0.000150770979649045,0.000356698820676196
1268,1,63-0129,2018,10581,10225,355,146,191,4,Minor Arterial,4,Suburban,Other Road,3,Oakland,100-199,100-199,200-499,EV,1,1,5.68535825545171,21.7565947242206,2.69233892230438e-05,7.30310085436178e-05
1268,1,63-0129,2018,10581,10225,355,146,191,4,Minor Arterial,4,Suburban,Other Road,3,Oakland,100-199,100-199,200-499,NT,1,1,7.50467289719626,4.35131894484412,3.55388737744178e-05,1.46062017087236e-05
1276,1,63-0052,2018,15369,14842,526,286,124,4,Minor Arterial,4,Suburban,Other Road,3,Oakland,100-199,200-499,200-499,AM,1,1,46.6378896882494,15.984375,0.000220856804479132,5.36552269317141e-05
1276,1,63-0052,2018,15369,14842,526,286,124,4,Minor Arterial,4,Suburban,Other Road,3,Oakland,100-199,200-499,200-499,MD,1,1,156.717026378897,72.171875,0.000742143820933555,0.000242261479176527
1276,1,63-0052,2018,15369,14842,526,286,124,4,Minor Arterial,4,Suburban,Other Road,3,Oakland,100-199,200-499,200-499,PM,1,1,44.2374100719424,25.1875,0.000209489174836824,8.45476303166403e-05
1276,1,63-0052,2018,15369,14842,526,286,124,4,Minor Arterial,4,Suburban,Other Road,3,Oakland,100-199,200-499,200-499,EV,1,1,10.2877697841727,6.296875,4.87184127527498e-05,2.11369075791601e-05
1276,1,63-0052,2018,15369,14842,526,286,124,4,Minor Arterial,4,Suburban,Other Road,3,Oakland,100-199,200-499,200-499,NT,1,1,28.1199040767386,4.359375,0.000133163661524183,1.46332437086493e-05
1304,1,63-5193,2018,21684,21456,227,104,122,4,Minor Arterial,4,Suburban,Other Road,3,Oakland,100-199,100-199,200-499,AM,1,1,20.75,19.9132231404959,9.82629943930899e-05,6.68433083273613e-05
1304,1,63-5193,2018,21684,21456,227,104,122,4,Minor Arterial,4,Suburban,Other Road,3,Oakland,100-199,100-199,200-499,MD,1,1,47,34.5330578512397,0.000222571601757842,0.000115918142289221
1304,1,63-5193,2018,21684,21456,227,104,122,4,Minor Arterial,4,Suburban,Other Road,3,Oakland,100-199,100-199,200-499,PM,1,1,30.25,49.6570247933884,0.000143250871344143,0.000166685211904939
1304,1,63-5193,2018,21684,21456,227,104,122,4,Minor Arterial,4,Suburban,Other Road,3,Oakland,100-199,100-199,200-499,EV,1,1,3.25,15.6280991735537,1.5390589483255e-05,5.24593052695747e-05
1304,1,63-5193,2018,21684,21456,227,104,122,4,Minor Arterial,4,Suburban,Other Road,3,Oakland,100-199,100-199,200-499,NT,1,1,2.75,2.26859504132231,1.30228064858312e-05,7.61506044235761e-06
1318,0,63-6120,2019,3728,3687,41,38,2,4,Minor Arterial,4,Suburban,Other Road,3,Oakland,0-99,0-99,0-99,AM,1,1,18.2297297297297,0.5,8.63280882033724e-05,1.67836486980924e-06
1318,0,63-6120,2019,3728,3687,41,38,2,4,Minor Arterial,4,Suburban,Other Road,3,Oakland,0-99,0-99,0-99,MD,1,1,5.64864864864865,1,2.6749548457383e-05,3.35672973961847e-06
1318,0,63-6120,2019,3728,3687,41,38,2,4,Minor Arterial,4,Suburban,Other Road,3,Oakland,0-99,0-99,0-99,PM,1,1,11.8108108108108,0,5.59308740472553e-05,0
1318,0,63-6120,2019,3728,3687,41,38,2,4,Minor Arterial,4,Suburban,Other Road,3,Oakland,0-99,0-99,0-99,EV,1,1,0,0,0,0
1318,0,63-6120,2019,3728,3687,41,38,2,4,Minor Arterial,4,Suburban,Other Road,3,Oakland,0-99,0-99,0-99,NT,1,1,2.31081081081081,0.5,1.09429970962021e-05,1.67836486980924e-06
1329,0,63-5050,2019,18729,18616,113,85,28,3,Principal Arterial,4,Suburban,Freeway/Prin. Art.,3,Oakland,0-99,0-99,100-199,AM,1,1,21.75,3.5,0.000102998560387938,1.17485540886647e-05
1329,0,63-5050,2019,18729,18616,113,85,28,3,Principal Arterial,4,Suburban,Freeway/Prin. Art.,3,Oakland,0-99,0-99,100-199,MD,1,1,39.5,9.42307692307692,0.000187054856796484,3.16307225464049e-05
1329,0,63-5050,2019,18729,18616,113,85,28,3,Principal Arterial,4,Suburban,Freeway/Prin. Art.,3,Oakland,0-99,0-99,100-199,PM,1,1,18.5,10.7692307692308,8.76079709046825e-05,3.61493971958913e-05
1329,0,63-5050,2019,18729,18616,113,85,28,3,Principal Arterial,4,Suburban,Freeway/Prin. Art.,3,Oakland,0-99,0-99,100-199,EV,1,1,2.5,2.96153846153846,1.18389149871193e-05,9.9410842288701e-06
1329,0,63-5050,2019,18729,18616,113,85,28,3,Principal Arterial,4,Suburban,Freeway/Prin. Art.,3,Oakland,0-99,0-99,100-199,NT,1,1,2.75,1.34615384615385,1.30228064858312e-05,4.51867464948641e-06
1335,1,63-0082,2019,41259,39767,1492,650,697,3,Principal Arterial,4,Suburban,Freeway/Prin. Art.,3,Oakland,500-999,500-999,1000-1999,AM,1,1,122.386117136659,115.621050384287,0.000579567534553812,0.000388108618350862
1335,1,63-0082,2019,41259,39767,1492,650,697,3,Principal Arterial,4,Suburban,Freeway/Prin. Art.,3,Oakland,500-999,500-999,1000-1999,MD,1,1,311.46420824295,297.906490179334,0.00147495931316748,0.000999991575210329
1335,1,63-0082,2019,41259,39767,1492,650,697,3,Principal Arterial,4,Suburban,Freeway/Prin. Art.,3,Oakland,500-999,500-999,1000-1999,PM,1,1,132.537960954447,154.756618274979,0.000627642260922331,0.000519476142966405
1335,1,63-0082,2019,41259,39767,1492,650,697,3,Principal Arterial,4,Suburban,Freeway/Prin. Art.,3,Oakland,500-999,500-999,1000-1999,EV,1,1,32.8524945770065,43.4508966695132,0.000155575156164791,0.000145852917063644
1335,1,63-0082,2019,41259,39767,1492,650,697,3,Principal Arterial,4,Suburban,Freeway/Prin. Art.,3,Oakland,500-999,500-999,1000-1999,NT,1,1,50.7592190889371,85.2649444918873,0.000240373631842595,0.000286211374922836
1371,1,63-5187,2019,17042,16806,236,109,72,3,Principal Arterial,3,Urban,Freeway/Prin. Art.,3,Oakland,0-99,100-199,100-199,AM,1,1,23,20,0.000108918017881497,6.71345947923695e-05
1371,1,63-5187,2019,17042,16806,236,109,72,3,Principal Arterial,3,Urban,Freeway/Prin. Art.,3,Oakland,0-99,100-199,100-199,MD,1,1,43.5,20.5,0.000205997120775875,6.88129596621787e-05
1371,1,63-5187,2019,17042,16806,236,109,72,3,Principal Arterial,3,Urban,Freeway/Prin. Art.,3,Oakland,0-99,100-199,100-199,PM,1,1,26.5,19.5,0.000125492498863464,6.54562299225603e-05
1371,1,63-5187,2019,17042,16806,236,109,72,3,Principal Arterial,3,Urban,Freeway/Prin. Art.,3,Oakland,0-99,100-199,100-199,EV,1,1,8,4,3.78845279587816e-05,1.34269189584739e-05
1371,1,63-5187,2019,17042,16806,236,109,72,3,Principal Arterial,3,Urban,Freeway/Prin. Art.,3,Oakland,0-99,100-199,100-199,NT,1,1,8,8,3.78845279587816e-05,2.68538379169478e-05
1394,0,63-5389,2018,19334,19008,326,227,38,3,Principal Arterial,3,Urban,Freeway/Prin. Art.,3,Oakland,0-99,200-499,200-499,AM,1,1,39.015625,5.5,0.00018476106701773,1.84620135679016e-05
1394,0,63-5389,2018,19334,19008,326,227,38,3,Principal Arterial,3,Urban,Freeway/Prin. Art.,3,Oakland,0-99,200-499,200-499,MD,1,1,111.923611111111,19,0.000530021646798337,6.3777865052751e-05
1394,0,63-5389,2018,19334,19008,326,227,38,3,Principal Arterial,3,Urban,Freeway/Prin. Art.,3,Oakland,0-99,200-499,200-499,PM,1,1,55.5677083333333,5,0.000263144549994949,1.67836486980924e-05
1394,0,63-5389,2018,19334,19008,326,227,38,3,Principal Arterial,3,Urban,Freeway/Prin. Art.,3,Oakland,0-99,200-499,200-499,EV,1,1,8.27604166666667,3,3.91917414886094e-05,1.00701892188554e-05
1394,0,63-5389,2018,19334,19008,326,227,38,3,Principal Arterial,3,Urban,Freeway/Prin. Art.,3,Oakland,0-99,200-499,200-499,NT,1,1,12.2170138888889,5.5,5.78544755308043e-05,1.84620135679016e-05
1420,0,63-5102,2019,26840,25820,1020,456,376,3,Principal Arterial,3,Urban,Freeway/Prin. Art.,3,Oakland,200-499,200-499,500-999,AM,1,1,86.5650224215247,95.3055555555556,0.000409934376522601,0.000319914992684194
1420,0,63-5102,2019,26840,25820,1020,456,376,3,Principal Arterial,3,Urban,Freeway/Prin. Art.,3,Oakland,200-499,200-499,500-999,MD,1,1,158.134529147982,68.8680555555556,0.000748856498844437,0.000231171450193031
1420,0,63-5102,2019,26840,25820,1020,456,376,3,Principal Arterial,3,Urban,Freeway/Prin. Art.,3,Oakland,200-499,200-499,500-999,PM,1,1,113.488789237668,178.534722222222,0.000537433651110339,0.000599292811637857
1420,0,63-5102,2019,26840,25820,1020,456,376,3,Principal Arterial,3,Urban,Freeway/Prin. Art.,3,Oakland,200-499,200-499,500-999,EV,1,1,54.8699551569507,26.1111111111111,0.000259840293780074,8.7647943201149e-05
1420,0,63-5102,2019,26840,25820,1020,456,376,3,Principal Arterial,3,Urban,Freeway/Prin. Art.,3,Oakland,200-499,200-499,500-999,NT,1,1,42.9417040358744,7.18055555555556,0.000203353273393101,2.4103184380316e-05
1428,0,63-5463,2018,1597,1585,11,9,5,5,Major Collector,4,Suburban,Other Road,3,Oakland,0-99,0-99,0-99,AM,1,1,0.947368421052632,0.714285714285714,4.4863256793294e-06,2.39766409972748e-06
1428,0,63-5463,2018,1597,1585,11,9,5,5,Major Collector,4,Suburban,Other Road,3,Oakland,0-99,0-99,0-99,MD,1,1,5.21052631578947,0.714285714285714,2.46747912363117e-05,2.39766409972748e-06
1428,0,63-5463,2018,1597,1585,11,9,5,5,Major Collector,4,Suburban,Other Road,3,Oakland,0-99,0-99,0-99,PM,1,1,2.36842105263158,3.21428571428571,1.12158141983235e-05,1.07894884487737e-05
1428,0,63-5463,2018,1597,1585,11,9,5,5,Major Collector,4,Suburban,Other Road,3,Oakland,0-99,0-99,0-99,EV,1,1,0.473684210526316,0.357142857142857,2.2431628396647e-06,1.19883204986374e-06
1428,0,63-5463,2018,1597,1585,11,9,5,5,Major Collector,4,Suburban,Other Road,3,Oakland,0-99,0-99,0-99,NT,1,1,0,0,0,0
1432,0,63-5067,2019,18540,17835,705,315,260,3,Principal Arterial,4,Suburban,Freeway/Prin. Art.,3,Oakland,200-499,200-499,500-999,AM,1,1,77.9166666666667,54.3283582089552,0.00036897951709855,0.000182365615704645
1432,0,63-5067,2019,18540,17835,705,315,260,3,Principal Arterial,4,Suburban,Freeway/Prin. Art.,3,Oakland,200-499,200-499,500-999,MD,1,1,141.666666666667,82.2686567164179,0.000670871849270091,0.000276153646638463
1432,0,63-5067,2019,18540,17835,705,315,260,3,Principal Arterial,4,Suburban,Freeway/Prin. Art.,3,Oakland,200-499,200-499,500-999,PM,1,1,80,85.7611940298508,0.000378845279587816,0.00028787715050519
1432,0,63-5067,2019,18540,17835,705,315,260,3,Principal Arterial,4,Suburban,Freeway/Prin. Art.,3,Oakland,200-499,200-499,500-999,EV,1,1,5,22.8955223880597,2.36778299742385e-05,7.68540809041006e-05
1432,0,63-5067,2019,18540,17835,705,315,260,3,Principal Arterial,4,Suburban,Freeway/Prin. Art.,3,Oakland,200-499,200-499,500-999,NT,1,1,10.4166666666667,14.7462686567164,4.93288124463303e-05,4.94992385484038e-05
1500,1,63-5465,2018,15882,15443,438,313,116,4,Minor Arterial,4,Suburban,Other Road,3,Oakland,100-199,200-499,200-499,AM,1,1,56.75,12.2105263157895,0.000268743370207607,4.09874368206045e-05
1500,1,63-5465,2018,15882,15443,438,313,116,4,Minor Arterial,4,Suburban,Other Road,3,Oakland,100-199,200-499,200-499,MD,1,1,120.5,54.1842105263158,0.000570635702379148,0.000181881750891433
1500,1,63-5465,2018,15882,15443,438,313,116,4,Minor Arterial,4,Suburban,Other Road,3,Oakland,100-199,200-499,200-499,PM,1,1,100.5,41.4649122807018,0.000475924382482194,0.000139186504203303
1500,1,63-5465,2018,15882,15443,438,313,116,4,Minor Arterial,4,Suburban,Other Road,3,Oakland,100-199,200-499,200-499,EV,1,1,26,6.6140350877193,0.00012312471586604,2.22015282778275e-05
1500,1,63-5465,2018,15882,15443,438,313,116,4,Minor Arterial,4,Suburban,Other Road,3,Oakland,100-199,200-499,200-499,NT,1,1,9.25,1.52631578947368,4.38039854523413e-05,5.12342960257557e-06
1523,1,63-5390,2018,34244,33444,799,456,315,3,Principal Arterial,4,Suburban,Freeway/Prin. Art.,3,Oakland,200-499,200-499,500-999,AM,1,1,69,58.5287081339713,0.000326754053644492,0.000196465055214751
1523,1,63-5390,2018,34244,33444,799,456,315,3,Principal Arterial,4,Suburban,Freeway/Prin. Art.,3,Oakland,200-499,200-499,500-999,MD,1,1,218.25,107.00956937799,0.00103353727837551,0.000359202203954867
1523,1,63-5390,2018,34244,33444,799,456,315,3,Principal Arterial,4,Suburban,Freeway/Prin. Art.,3,Oakland,200-499,200-499,500-999,PM,1,1,111.5,108.265550239234,0.000528015608425519,0.000363418192264196
1523,1,63-5390,2018,34244,33444,799,456,315,3,Principal Arterial,4,Suburban,Freeway/Prin. Art.,3,Oakland,200-499,200-499,500-999,EV,1,1,31.25,20.8492822966507,0.000147986437338991,6.99854059348684e-05
1523,1,63-5390,2018,34244,33444,799,456,315,3,Principal Arterial,4,Suburban,Freeway/Prin. Art.,3,Oakland,200-499,200-499,500-999,NT,1,1,26,20.3468899521531,0.00012312471586604,6.82990106111367e-05
1527,0,63-5194,2018,10690,10562,127,87,42,4,Minor Arterial,4,Suburban,Other Road,3,Oakland,0-99,0-99,100-199,AM,1,1,26.3023255813954,9.33333333333333,0.000124556398608669,3.13294775697724e-05
1527,0,63-5194,2018,10690,10562,127,87,42,4,Minor Arterial,4,Suburban,Other Road,3,Oakland,0-99,0-99,100-199,MD,1,1,25.5436046511628,9.85185185185185,0.00012096342557188,3.30700041014264e-05
1527,0,63-5194,2018,10690,10562,127,87,42,4,Minor Arterial,4,Suburban,Other Road,3,Oakland,0-99,0-99,100-199,PM,1,1,27.8197674418605,16.5925925925926,0.000131742344682246,5.56968490129288e-05
1527,0,63-5194,2018,10690,10562,127,87,42,4,Minor Arterial,4,Suburban,Other Road,3,Oakland,0-99,0-99,100-199,EV,1,1,2.27616279069767,4.66666666666667,1.07789191103656e-05,1.56647387848862e-05
1527,0,63-5194,2018,10690,10562,127,87,42,4,Minor Arterial,4,Suburban,Other Road,3,Oakland,0-99,0-99,100-199,NT,1,1,5.05813953488372,1.55555555555556,2.39531535785901e-05,5.22157959496207e-06
1536,1,63-5512,2018,13407,13215,191,100,94,4,Minor Arterial,4,Suburban,Other Road,3,Oakland,0-99,100-199,100-199,AM,1,1,24.8730964467005,14.4810810810811,0.000117788189719562,4.86090755266913e-05
1536,1,63-5512,2018,13407,13215,191,100,94,4,Minor Arterial,4,Suburban,Other Road,3,Oakland,0-99,100-199,100-199,MD,1,1,40.6091370558376,17.7837837837838,0.000192307248521734,5.96953559099718e-05
1536,1,63-5512,2018,13407,13215,191,100,94,4,Minor Arterial,4,Suburban,Other Road,3,Oakland,0-99,100-199,100-199,PM,1,1,30.7106598984772,54.6216216216216,0.000145432356694561,0.000183350021723485
1536,1,63-5512,2018,13407,13215,191,100,94,4,Minor Arterial,4,Suburban,Other Road,3,Oakland,0-99,100-199,100-199,EV,1,1,2.28426395939086,6.35135135135135,1.08172827293475e-05,2.13197699678471e-05
1536,1,63-5512,2018,13407,13215,191,100,94,4,Minor Arterial,4,Suburban,Other Road,3,Oakland,0-99,100-199,100-199,NT,1,1,1.52284263959391,0.762162162162162,7.21152181956503e-06,2.55837239614165e-06
1542,1,63-0230,2019,26451,25622,829,413,363,2,Other Freeway,4,Suburban,Freeway/Prin. Art.,3,Oakland,200-499,200-499,500-999,AM,1,1,65.2452127659575,59.0368802902056,0.000308973010901071,0.000198170851804429
1542,1,63-0230,2019,26451,25622,829,413,363,2,Other Freeway,4,Suburban,Freeway/Prin. Art.,3,Oakland,200-499,200-499,500-999,MD,1,1,195.515957446809,149.89661426844,0.000925878719535197,0.000503162422982992
1542,1,63-0230,2019,26451,25622,829,413,363,2,Other Freeway,4,Suburban,Freeway/Prin. Art.,3,Oakland,200-499,200-499,500-999,PM,1,1,96.4398936170213,56.8422007255139,0.000456697480759496,0.000190803905640695
1542,1,63-0230,2019,26451,25622,829,413,363,2,Other Freeway,4,Suburban,Freeway/Prin. Art.,3,Oakland,200-499,200-499,500-999,EV,1,1,27.0207446808511,42.1378476420798,0.0001279585196661,0.000141445366343682
1542,1,63-0230,2019,26451,25622,829,413,363,2,Other Freeway,4,Suburban,Freeway/Prin. Art.,3,Oakland,200-499,200-499,500-999,NT,1,1,28.7781914893617,55.0864570737606,0.000136281025010237,0.000184910348709709
1580,0,63-0047,2018,2059,2023,35,26,13,5,Major Collector,3,Urban,Other Road,3,Oakland,0-99,0-99,0-99,AM,1,1,7.09090909090909,3.59821428571429,3.35794679634655e-05,1.20782329023772e-05
1580,0,63-0047,2018,2059,2023,35,26,13,5,Major Collector,3,Urban,Other Road,3,Oakland,0-99,0-99,0-99,MD,1,1,10.6363636363636,2.78571428571429,5.03692019451983e-05,9.35088998893718e-06
1580,0,63-0047,2018,2059,2023,35,26,13,5,Major Collector,3,Urban,Other Road,3,Oakland,0-99,0-99,0-99,PM,1,1,3.67676767676768,2.55357142857143,1.74115759810562e-05,8.57164915652575e-06
1580,0,63-0047,2018,2059,2023,35,26,13,5,Major Collector,3,Urban,Other Road,3,Oakland,0-99,0-99,0-99,EV,1,1,1.70707070707071,1.39285714285714,8.08394599120467e-06,4.67544499446859e-06
1580,0,63-0047,2018,2059,2023,35,26,13,5,Major Collector,3,Urban,Other Road,3,Oakland,0-99,0-99,0-99,NT,1,1,2.88888888888889,2.66964285714286,1.36805239851156e-05,8.96126957273146e-06
1658,1,63-0037,2018,4730,4600,129,41,87,5,Major Collector,3,Urban,Other Road,3,Oakland,0-99,0-99,100-199,AM,1,1,5.89375,3.30701754385965,2.79102420821337e-05,1.11007641389137e-05
1658,1,63-0037,2018,4730,4600,129,41,87,5,Major Collector,3,Urban,Other Road,3,Oakland,0-99,0-99,100-199,MD,1,1,15.11875,7.12280701754386,7.15958383846037e-05,2.39093381453526e-05
1658,1,63-0037,2018,4730,4600,129,41,87,5,Major Collector,3,Urban,Other Road,3,Oakland,0-99,0-99,100-199,PM,1,1,7.43125,7.37719298245614,3.5191174799212e-05,2.47632430791152e-05
1658,1,63-0037,2018,4730,4600,129,41,87,5,Major Collector,3,Urban,Other Road,3,Oakland,0-99,0-99,100-199,EV,1,1,1.5375,2.28947368421053,7.28093271707835e-06,7.68514440386335e-06
1658,1,63-0037,2018,4730,4600,129,41,87,5,Major Collector,3,Urban,Other Road,3,Oakland,0-99,0-99,100-199,NT,1,1,11.01875,66.9035087719298,5.21800178057281e-05,0.000224576997579562
1731,1,63-4900,2019,17799,17182,617,315,192,3,Principal Arterial,3,Urban,Freeway/Prin. Art.,3,Oakland,100-199,200-499,500-999,AM,1,1,54.4668587896254,38.1276595744681,0.000257931404330322,0.000127984248795666
1731,1,63-4900,2019,17799,17182,617,315,192,3,Principal Arterial,3,Urban,Freeway/Prin. Art.,3,Oakland,100-199,200-499,500-999,MD,1,1,149.78386167147,86.0141843971631,0.000709311361908384,0.000288726370794985
1731,1,63-4900,2019,17799,17182,617,315,192,3,Principal Arterial,3,Urban,Freeway/Prin. Art.,3,Oakland,100-199,200-499,500-999,PM,1,1,85.7853025936599,34.9503546099291,0.000406241961820257,0.000117318894729361
1731,1,63-4900,2019,17799,17182,617,315,192,3,Principal Arterial,3,Urban,Freeway/Prin. Art.,3,Oakland,100-199,200-499,500-999,EV,1,1,11.3472622478386,11.5744680851064,5.37357092354837e-05,3.88523612415415e-05
1731,1,63-4900,2019,17799,17182,617,315,192,3,Principal Arterial,3,Urban,Freeway/Prin. Art.,3,Oakland,100-199,200-499,500-999,NT,1,1,13.6167146974063,21.3333333333333,6.44828510825804e-05,7.16102344451941e-05
1757,1,63-5001,2018,17144,16801,343,177,51,4,Minor Arterial,3,Urban,Other Road,3,Oakland,0-99,100-199,200-499,AM,1,1,33.5422740524781,6,0.000158841652392778,2.01403784377108e-05
1757,1,63-5001,2018,17144,16801,343,177,51,4,Minor Arterial,3,Urban,Other Road,3,Oakland,0-99,100-199,200-499,MD,1,1,71.9868804664723,22,0.000340898623212193,7.38480542716064e-05
1757,1,63-5001,2018,17144,16801,343,177,51,4,Minor Arterial,3,Urban,Other Road,3,Oakland,0-99,100-199,200-499,PM,1,1,53.9256559766764,15,0.000255368502693005,5.03509460942771e-05
1757,1,63-5001,2018,17144,16801,343,177,51,4,Minor Arterial,3,Urban,Other Road,3,Oakland,0-99,100-199,200-499,EV,1,1,6.70845481049563,1,3.17683304785556e-05,3.35672973961847e-06
1757,1,63-5001,2018,17144,16801,343,177,51,4,Minor Arterial,3,Urban,Other Road,3,Oakland,0-99,100-199,200-499,NT,1,1,10.8367346938776,7,5.13180723115129e-05,2.34971081773293e-05
1786,1,63-5359,2018,4368,4211,156,108,53,4,Minor Arterial,4,Suburban,Other Road,3,Oakland,0-99,100-199,100-199,AM,1,1,20.2816901408451,8.15384615384616,9.60452821490239e-05,2.73702578768891e-05
1786,1,63-5359,2018,4368,4211,156,108,53,4,Minor Arterial,4,Suburban,Other Road,3,Oakland,0-99,100-199,100-199,MD,1,1,41.3239436619718,28.0288461538462,0.000195692262378636,9.40852614518063e-05
1786,1,63-5359,2018,4368,4211,156,108,53,4,Minor Arterial,4,Suburban,Other Road,3,Oakland,0-99,100-199,100-199,PM,1,1,34.4788732394366,15.0336538461538,0.000163276979653341,5.04639129605143e-05
1786,1,63-5359,2018,4368,4211,156,108,53,4,Minor Arterial,4,Suburban,Other Road,3,Oakland,0-99,100-199,100-199,EV,1,1,4.30985915492958,1.78365384615385,2.04096224566676e-05,5.98724391056949e-06
1786,1,63-5359,2018,4368,4211,156,108,53,4,Minor Arterial,4,Suburban,Other Road,3,Oakland,0-99,100-199,100-199,NT,1,1,7.6056338028169,0,3.6016980805884e-05,0
1831,0,63-5068,2018,3099,3001,97,73,28,5,Major Collector,5,Rural,Other Road,3,Oakland,0-99,0-99,100-199,AM,1,1,19.6344827586207,4.49056603773585,9.29803888781477e-05,1.50736165665886e-05
1831,0,63-5068,2018,3099,3001,97,73,28,5,Major Collector,5,Rural,Other Road,3,Oakland,0-99,0-99,100-199,MD,1,1,23.4103448275862,7.39622641509434,0.000110861232893176,2.48271331684989e-05
1831,0,63-5068,2018,3099,3001,97,73,28,5,Major Collector,5,Rural,Other Road,3,Oakland,0-99,0-99,100-199,PM,1,1,23.4103448275862,12.6792452830189,0.000110861232893176,4.25607997174267e-05
1831,0,63-5068,2018,3099,3001,97,73,28,5,Major Collector,5,Rural,Other Road,3,Oakland,0-99,0-99,100-199,EV,1,1,3.02068965517241,3.16981132075472,1.43046752120227e-05,1.06401999293567e-05
1831,0,63-5068,2018,3099,3001,97,73,28,5,Major Collector,5,Rural,Other Road,3,Oakland,0-99,0-99,100-199,NT,1,1,3.52413793103448,0.264150943396226,1.66887877473598e-05,8.86683327446389e-07
1836,1,63-5393,2018,32320,31603,717,491,165,3,Principal Arterial,4,Suburban,Freeway/Prin. Art.,3,Oakland,100-199,200-499,500-999,AM,1,1,98.9532775453278,26,0.000468599776222381,8.72749732300803e-05
1836,1,63-5393,2018,32320,31603,717,491,165,3,Principal Arterial,4,Suburban,Freeway/Prin. Art.,3,Oakland,100-199,200-499,500-999,MD,1,1,217.080892608089,73.5,0.00102800089316605,0.000246719635861958
1836,1,63-5393,2018,32320,31603,717,491,165,3,Principal Arterial,4,Suburban,Freeway/Prin. Art.,3,Oakland,100-199,200-499,500-999,PM,1,1,118.470013947001,35.5,0.000561022569456553,0.000119163905756456
1836,1,63-5393,2018,32320,31603,717,491,165,3,Principal Arterial,4,Suburban,Freeway/Prin. Art.,3,Oakland,100-199,200-499,500-999,EV,1,1,21.9135285913529,10,0.000103772960824333,3.35672973961847e-05
1836,1,63-5393,2018,32320,31603,717,491,165,3,Principal Arterial,4,Suburban,Freeway/Prin. Art.,3,Oakland,100-199,200-499,500-999,NT,1,1,34.5822873082287,20,0.000163766703800901,6.71345947923695e-05
1863,0,63-5013,2018,5235,5201,34,19,15,5,Major Collector,3,Urban,Other Road,3,Oakland,0-99,0-99,0-99,AM,1,1,1.25,3,5.91945749355963e-06,1.00701892188554e-05
1863,0,63-5013,2018,5235,5201,34,19,15,5,Major Collector,3,Urban,Other Road,3,Oakland,0-99,0-99,0-99,MD,1,1,12.25,6,5.80106834368844e-05,2.01403784377108e-05
1863,0,63-5013,2018,5235,5201,34,19,15,5,Major Collector,3,Urban,Other Road,3,Oakland,0-99,0-99,0-99,PM,1,1,2.75,5.5,1.30228064858312e-05,1.84620135679016e-05
1863,0,63-5013,2018,5235,5201,34,19,15,5,Major Collector,3,Urban,Other Road,3,Oakland,0-99,0-99,0-99,EV,1,1,2,0.5,9.47113198969541e-06,1.67836486980924e-06
1863,0,63-5013,2018,5235,5201,34,19,15,5,Major Collector,3,Urban,Other Road,3,Oakland,0-99,0-99,0-99,NT,1,1,0.75,0,3.55167449613578e-06,0
1870,0,63-6024,2019,1141,1134,7,6,1,5,Major Collector,3,Urban,Other Road,3,Oakland,0-99,0-99,0-99,AM,1,1,2.4,1,1.13653583876345e-05,3.35672973961847e-06
1870,0,63-6024,2019,1141,1134,7,6,1,5,Major Collector,3,Urban,Other Road,3,Oakland,0-99,0-99,0-99,MD,1,1,3.6,0,1.70480375814517e-05,0
1870,0,63-6024,2019,1141,1134,7,6,1,5,Major Collector,3,Urban,Other Road,3,Oakland,0-99,0-99,0-99,PM,1,1,0,0,0,0
1870,0,63-6024,2019,1141,1134,7,6,1,5,Major Collector,3,Urban,Other Road,3,Oakland,0-99,0-99,0-99,EV,1,1,0,0,0,0
1870,0,63-6024,2019,1141,1134,7,6,1,5,Major Collector,3,Urban,Other Road,3,Oakland,0-99,0-99,0-99,NT,1,1,0,0,0,0
1915,0,63-5184,2018,15977,15697,280,177,45,3,Principal Arterial,4,Suburban,Freeway/Prin. Art.,3,Oakland,0-99,100-199,200-499,AM,1,1,35.7160714285714,6,0.000169135813326695,2.01403784377108e-05
1915,0,63-5184,2018,15977,15697,280,177,45,3,Principal Arterial,4,Suburban,Freeway/Prin. Art.,3,Oakland,0-99,100-199,200-499,MD,1,1,69.5357142857143,22,0.000329290963998874,7.38480542716064e-05
1915,0,63-5184,2018,15977,15697,280,177,45,3,Principal Arterial,4,Suburban,Freeway/Prin. Art.,3,Oakland,0-99,100-199,200-499,PM,1,1,50.2553571428572,8,0.000237987560344641,2.68538379169478e-05
1915,0,63-5184,2018,15977,15697,280,177,45,3,Principal Arterial,4,Suburban,Freeway/Prin. Art.,3,Oakland,0-99,100-199,200-499,EV,1,1,11.6946428571429,2,5.53807530361743e-05,6.71345947923695e-06
1915,0,63-5184,2018,15977,15697,280,177,45,3,Principal Arterial,4,Suburban,Freeway/Prin. Art.,3,Oakland,0-99,100-199,200-499,NT,1,1,9.79821428571429,7,4.64000903816596e-05,2.34971081773293e-05
1917,1,63-5369,2018,36571,35907,664,385,232,3,Principal Arterial,3,Urban,Freeway/Prin. Art.,3,Oakland,200-499,200-499,500-999,AM,1,1,76.6435185185185,42,0.000362950440021777,0.000140982649063976
1917,1,63-5369,2018,36571,35907,664,385,232,3,Principal Arterial,3,Urban,Freeway/Prin. Art.,3,Oakland,200-499,200-499,500-999,MD,1,1,164.427083333333,103,0.000778655304465323,0.000345743163180703
1917,1,63-5369,2018,36571,35907,664,385,232,3,Principal Arterial,3,Urban,Freeway/Prin. Art.,3,Oakland,200-499,200-499,500-999,PM,1,1,94.9131944444444,43.5,0.000449467696073479,0.000146017743673404
1917,1,63-5369,2018,36571,35907,664,385,232,3,Principal Arterial,3,Urban,Freeway/Prin. Art.,3,Oakland,200-499,200-499,500-999,EV,1,1,23.1712962962963,5.5,0.000109729202797281,1.84620135679016e-05
1917,1,63-5369,2018,36571,35907,664,385,232,3,Principal Arterial,3,Urban,Freeway/Prin. Art.,3,Oakland,200-499,200-499,500-999,NT,1,1,25.8449074074074,38,0.000122390264658506,0.000127555730105502
1923,0,63-5241,2018,360,347,12,14,0,5,Major Collector,4,Suburban,Other Road,3,Oakland,0-99,0-99,0-99,AM,1,1,2.15384615384615,0,1.01996806042874e-05,0
1923,0,63-5241,2018,360,347,12,14,0,5,Major Collector,4,Suburban,Other Road,3,Oakland,0-99,0-99,0-99,MD,1,1,7.26923076923077,0,3.44239220394699e-05,0
1923,0,63-5241,2018,360,347,12,14,0,5,Major Collector,4,Suburban,Other Road,3,Oakland,0-99,0-99,0-99,PM,1,1,4.57692307692308,0,2.16743212841107e-05,0
1923,0,63-5241,2018,360,347,12,14,0,5,Major Collector,4,Suburban,Other Road,3,Oakland,0-99,0-99,0-99,EV,1,1,0,0,0,0
1923,0,63-5241,2018,360,347,12,14,0,5,Major Collector,4,Suburban,Other Road,3,Oakland,0-99,0-99,0-99,NT,1,1,0,0,0,0
1971,0,63-5490,2019,14725,14633,92,66,21,4,Minor Arterial,4,Suburban,Other Road,3,Oakland,0-99,0-99,0-99,AM,1,1,10.8339622641509,4.35365853658537,5.13049432875765e-05,1.46140550858999e-05
1971,0,63-5490,2019,14725,14633,92,66,21,4,Minor Arterial,4,Suburban,Other Road,3,Oakland,0-99,0-99,0-99,MD,1,1,33,10.3719512195122,0.000156273677829974,3.48158371164087e-05
1971,0,63-5490,2019,14725,14633,92,66,21,4,Minor Arterial,4,Suburban,Other Road,3,Oakland,0-99,0-99,0-99,PM,1,1,14.3207547169811,3.84146341463415,6.78168790582907e-05,1.28947544875588e-05
1971,0,63-5490,2019,14725,14633,92,66,21,4,Minor Arterial,4,Suburban,Other Road,3,Oakland,0-99,0-99,0-99,EV,1,1,2.49056603773585,1.66463414634146,1.17942398362245e-05,5.5877269446088e-06
1971,0,63-5490,2019,14725,14633,92,66,21,4,Minor Arterial,4,Suburban,Other Road,3,Oakland,0-99,0-99,0-99,NT,1,1,5.35471698113208,0.768292682926829,2.53576156478826e-05,2.57895089751175e-06
1991,1,63-5835,2019,16392,15440,952,332,606,4,Minor Arterial,3,Urban,Other Road,3,Oakland,500-999,200-499,500-999,AM,1,1,55.6691957511381,67.2771285475793,0.00026362515035961,0.000225831138191794
1991,1,63-5835,2019,16392,15440,952,332,606,4,Minor Arterial,3,Urban,Other Road,3,Oakland,500-999,200-499,500-999,MD,1,1,129.726858877087,159.340567612688,0.000614330101516738,0.000534863222033197
1991,1,63-5835,2019,16392,15440,952,332,606,4,Minor Arterial,3,Urban,Other Road,3,Oakland,500-999,200-499,500-999,PM,1,1,83.3778452200304,297.688647746244,0.000394841288547651,0.000999260337036624
1991,1,63-5835,2019,16392,15440,952,332,606,4,Minor Arterial,3,Urban,Other Road,3,Oakland,500-999,200-499,500-999,EV,1,1,37.7845220030349,74.6118530884808,0.000178931097529147,0.000250451826190148
1991,1,63-5835,2019,16392,15440,952,332,606,4,Minor Arterial,3,Urban,Other Road,3,Oakland,500-999,200-499,500-999,NT,1,1,25.4415781487102,7.08180300500835,0.000120480272336292,2.3771698757031e-05
2032,1,63-5069,2018,23275,22477,797,257,537,3,Principal Arterial,4,Suburban,Freeway/Prin. Art.,3,Oakland,500-999,200-499,500-999,AM,1,1,50.8489278752437,133.748130841122,0.000240798453720467,0.000448956328412775
2032,1,63-5069,2018,23275,22477,797,257,537,3,Principal Arterial,4,Suburban,Freeway/Prin. Art.,3,Oakland,500-999,200-499,500-999,MD,1,1,123.991228070175,114.17523364486,0.000587168643308529,0.000383255402303589
2032,1,63-5069,2018,23275,22477,797,257,537,3,Principal Arterial,4,Suburban,Freeway/Prin. Art.,3,Oakland,500-999,200-499,500-999,PM,1,1,63.3732943469786,228.601401869159,0.000300108417691026,0.00076735312417268
2032,1,63-5069,2018,23275,22477,797,257,537,3,Principal Arterial,4,Suburban,Freeway/Prin. Art.,3,Oakland,500-999,200-499,500-999,EV,1,1,6.01169590643275,50.1869158878505,2.84687827058681e-05,0.000168463913100479
2032,1,63-5069,2018,23275,22477,797,257,537,3,Principal Arterial,4,Suburban,Freeway/Prin. Art.,3,Oakland,500-999,200-499,500-999,NT,1,1,12.7748538011696,10.2883177570093,6.04961632499697e-05,3.45351021855981e-05
2072,0,63-5175,2019,5752,5703,49,44,5,4,Minor Arterial,4,Suburban,Other Road,3,Oakland,0-99,0-99,0-99,AM,1,1,10.6206896551724,0.9375,5.02949767728653e-05,3.14693413089232e-06
2072,0,63-5175,2019,5752,5703,49,44,5,4,Minor Arterial,4,Suburban,Other Road,3,Oakland,0-99,0-99,0-99,MD,1,1,14.9195402298851,1.5625,7.0652467371406e-05,5.24489021815387e-06
2072,0,63-5175,2019,5752,5703,49,44,5,4,Minor Arterial,4,Suburban,Other Road,3,Oakland,0-99,0-99,0-99,PM,1,1,16.183908045977,2.1875,7.66399646062709e-05,7.34284630541541e-06
2072,0,63-5175,2019,5752,5703,49,44,5,4,Minor Arterial,4,Suburban,Other Road,3,Oakland,0-99,0-99,0-99,EV,1,1,0.758620689655173,0,3.59249834091895e-06,0
2072,0,63-5175,2019,5752,5703,49,44,5,4,Minor Arterial,4,Suburban,Other Road,3,Oakland,0-99,0-99,0-99,NT,1,1,1.51724137931035,0.3125,7.1849966818379e-06,1.04897804363077e-06
2119,0,63-5214,2019,6670,6409,261,160,74,4,Minor Arterial,4,Suburban,Other Road,3,Oakland,0-99,100-199,200-499,AM,1,1,23.3707865168539,11.0654205607477,0.000110673901902059,3.71436262776474e-05
2119,0,63-5214,2019,6670,6409,261,160,74,4,Minor Arterial,4,Suburban,Other Road,3,Oakland,0-99,100-199,200-499,MD,1,1,80.8988764044944,32.5046728971963,0.000383101968122511,0.000109109402190589
2119,0,63-5214,2019,6670,6409,261,160,74,4,Minor Arterial,4,Suburban,Other Road,3,Oakland,0-99,100-199,200-499,PM,1,1,42.247191011236,17.2897196261682,0.000200064361130645,5.80369160588241e-05
2119,0,63-5214,2019,6670,6409,261,160,74,4,Minor Arterial,4,Suburban,Other Road,3,Oakland,0-99,100-199,200-499,EV,1,1,9.8876404494382,8.29906542056075,4.68235738816402e-05,2.78577197082356e-05
2119,0,63-5214,2019,6670,6409,261,160,74,4,Minor Arterial,4,Suburban,Other Road,3,Oakland,0-99,100-199,200-499,NT,1,1,3.59550561797753,4.8411214953271,1.70267541387783e-05,1.62503364964707e-05
2123,1,63-5043,2018,30828,29645,1183,630,501,3,Principal Arterial,3,Urban,Freeway/Prin. Art.,3,Oakland,500-999,500-999,1000-1999,AM,1,1,112.366863905325,80.5,0.000532120699657739,0.000270216744039287
2123,1,63-5043,2018,30828,29645,1183,630,501,3,Principal Arterial,3,Urban,Freeway/Prin. Art.,3,Oakland,500-999,500-999,1000-1999,MD,1,1,281.449704142012,212,0.00133282364819486,0.000711626704799116
2123,1,63-5043,2018,30828,29645,1183,630,501,3,Principal Arterial,3,Urban,Freeway/Prin. Art.,3,Oakland,500-999,500-999,1000-1999,PM,1,1,124.349112426036,89,0.000588863428294228,0.000298748946826044
2123,1,63-5043,2018,30828,29645,1183,630,501,3,Principal Arterial,3,Urban,Freeway/Prin. Art.,3,Oakland,500-999,500-999,1000-1999,EV,1,1,39.4082840236686,36,0.000186620529737785,0.000120842270626265
2123,1,63-5043,2018,30828,29645,1183,630,501,3,Principal Arterial,3,Urban,Freeway/Prin. Art.,3,Oakland,500-999,500-999,1000-1999,NT,1,1,72.4260355029586,83.5,0.000342978270869443,0.000280286933258143
2138,1,63-5135,2018,29336,28528,808,484,295,3,Principal Arterial,4,Suburban,Freeway/Prin. Art.,3,Oakland,200-499,200-499,500-999,AM,1,1,81.1658415841584,59.5,0.000384366199349136,0.000199725419507299
2138,1,63-5135,2018,29336,28528,808,484,295,3,Principal Arterial,4,Suburban,Freeway/Prin. Art.,3,Oakland,200-499,200-499,500-999,MD,1,1,218.339108910891,120.5,0.00103395925950377,0.000404485933624026
2138,1,63-5135,2018,29336,28528,808,484,295,3,Principal Arterial,4,Suburban,Freeway/Prin. Art.,3,Oakland,200-499,200-499,500-999,PM,1,1,103.029702970297,44.5,0.000487903957845398,0.000149374473413022
2138,1,63-5135,2018,29336,28528,808,484,295,3,Principal Arterial,4,Suburban,Freeway/Prin. Art.,3,Oakland,200-499,200-499,500-999,EV,1,1,13.4777227722772,9,6.38246456483806e-05,3.02105676565663e-05
2138,1,63-5135,2018,29336,28528,808,484,295,3,Principal Arterial,4,Suburban,Freeway/Prin. Art.,3,Oakland,200-499,200-499,500-999,NT,1,1,67.9876237623763,61.5,0.000321959879159609,0.000206438878986536
2150,1,63-5318,2018,20330,20030,299,184,112,3,Principal Arterial,4,Suburban,Freeway/Prin. Art.,3,Oakland,100-199,100-199,200-499,AM,1,1,29.3297002724796,22.9090909090909,0.00013889273124943,7.68996267621687e-05
2150,1,63-5318,2018,20330,20030,299,184,112,3,Principal Arterial,4,Suburban,Freeway/Prin. Art.,3,Oakland,100-199,100-199,200-499,MD,1,1,94.5068119891008,49.6363636363636,0.000447543245137051,0.000166615857984699
2150,1,63-5318,2018,20330,20030,299,184,112,3,Principal Arterial,4,Suburban,Freeway/Prin. Art.,3,Oakland,100-199,100-199,200-499,PM,1,1,38.6049046321526,30.5454545454545,0.00018281607361036,0.000102532835682892
2150,1,63-5318,2018,20330,20030,299,184,112,3,Principal Arterial,4,Suburban,Freeway/Prin. Art.,3,Oakland,100-199,100-199,200-499,EV,1,1,8.2724795640327,5.85454545454545,3.91748729165058e-05,1.96521268392209e-05
2150,1,63-5318,2018,20330,20030,299,184,112,3,Principal Arterial,4,Suburban,Freeway/Prin. Art.,3,Oakland,100-199,100-199,200-499,NT,1,1,13.2861035422343,3.05454545454545,6.29172201386305e-05,1.02532835682892e-05
2157,0,63-5480,2019,7806,7640,166,129,34,4,Minor Arterial,4,Suburban,Other Road,3,Oakland,0-99,100-199,100-199,AM,1,1,33.3793774319066,21.1129032258065,0.000158070244695724,7.08703101477513e-05
2157,0,63-5480,2019,7806,7640,166,129,34,4,Minor Arterial,4,Suburban,Other Road,3,Oakland,0-99,100-199,100-199,MD,1,1,59.9824902723735,8.7741935483871,0.000284051041220135,2.94525964250395e-05
2157,0,63-5480,2019,7806,7640,166,129,34,4,Minor Arterial,4,Suburban,Other Road,3,Oakland,0-99,100-199,100-199,PM,1,1,24.8463035019455,3.29032258064516,0.000117661309961479,1.10447236593898e-05
2157,0,63-5480,2019,7806,7640,166,129,34,4,Minor Arterial,4,Suburban,Other Road,3,Oakland,0-99,100-199,100-199,EV,1,1,4.01556420233463,0,1.90159692867036e-05,0
2157,0,63-5480,2019,7806,7640,166,129,34,4,Minor Arterial,4,Suburban,Other Road,3,Oakland,0-99,100-199,100-199,NT,1,1,6.77626459143969,0.82258064516129,3.20894481713124e-05,2.76118091484745e-06
2192,1,63-0511,2019,15488,15040,448,219,222,3,Principal Arterial,4,Suburban,Freeway/Prin. Art.,3,Oakland,200-499,200-499,200-499,AM,1,1,39.4021406727829,30.2930513595166,0.000186591437494236,0.000101685586402279
2192,1,63-0511,2019,15488,15040,448,219,222,3,Principal Arterial,4,Suburban,Freeway/Prin. Art.,3,Oakland,200-499,200-499,200-499,MD,1,1,99.0076452599389,87.7492447129909,0.000468857238122911,0.000294550499357156
2192,1,63-0511,2019,15488,15040,448,219,222,3,Principal Arterial,4,Suburban,Freeway/Prin. Art.,3,Oakland,200-499,200-499,200-499,PM,1,1,48.4434250764526,50.190332326284,0.000229407036466001,0.000168475381160972
2192,1,63-0511,2019,15488,15040,448,219,222,3,Principal Arterial,4,Suburban,Freeway/Prin. Art.,3,Oakland,200-499,200-499,200-499,EV,1,1,16.8547400611621,21.0151057401813,7.98167338856365e-05,7.05420304192934e-05
2192,1,63-0511,2019,15488,15040,448,219,222,3,Principal Arterial,4,Suburban,Freeway/Prin. Art.,3,Oakland,200-499,200-499,200-499,NT,1,1,15.2920489296636,32.7522658610272,7.24165069028622e-05,0.000109940504855601
2204,0,63-5123,2018,2710,2661,48,37,16,5,Major Collector,5,Rural,Other Road,3,Oakland,0-99,0-99,0-99,AM,1,1,6.16666666666667,1.10344827586207,2.92026569682275e-05,3.70397764371694e-06
2204,0,63-5123,2018,2710,2661,48,37,16,5,Major Collector,5,Rural,Other Road,3,Oakland,0-99,0-99,0-99,MD,1,1,19.0138888888889,6.89655172413793,9.00415256520348e-05,2.31498602732309e-05
2204,0,63-5123,2018,2710,2661,48,37,16,5,Major Collector,5,Rural,Other Road,3,Oakland,0-99,0-99,0-99,PM,1,1,8.73611111111111,4.96551724137931,4.1370430704989e-05,1.66678993967262e-05
2204,0,63-5123,2018,2710,2661,48,37,16,5,Major Collector,5,Rural,Other Road,3,Oakland,0-99,0-99,0-99,EV,1,1,2.05555555555556,1.93103448275862,9.73421898940917e-06,6.48196087650464e-06
2204,0,63-5123,2018,2710,2661,48,37,16,5,Major Collector,5,Rural,Other Road,3,Oakland,0-99,0-99,0-99,NT,1,1,1.02777777777778,1.10344827586207,4.86710949470458e-06,3.70397764371694e-06
2209,1,63-5226,2018,16400,15953,446,206,231,3,Principal Arterial,3,Urban,Freeway/Prin. Art.,3,Oakland,200-499,200-499,200-499,AM,1,1,37.3406326034063,51.4728260869565,0.000176829029982792,0.000172780366108297
2209,1,63-5226,2018,16400,15953,446,206,231,3,Principal Arterial,3,Urban,Freeway/Prin. Art.,3,Oakland,200-499,200-499,200-499,MD,1,1,91.2214111922141,90.3913043478261,0.000431985012843869,0.000303419179507252
2209,1,63-5226,2018,16400,15953,446,206,231,3,Principal Arterial,3,Urban,Freeway/Prin. Art.,3,Oakland,200-499,200-499,200-499,PM,1,1,53.8807785888078,67.7934782608696,0.000255155982861076,0.000227564384630439
2209,1,63-5226,2018,16400,15953,446,206,231,3,Principal Arterial,3,Urban,Freeway/Prin. Art.,3,Oakland,200-499,200-499,200-499,EV,1,1,15.287104622871,14.0608695652174,7.23930928117473e-05,4.71985390344615e-05
2209,1,63-5226,2018,16400,15953,446,206,231,3,Principal Arterial,3,Urban,Freeway/Prin. Art.,3,Oakland,200-499,200-499,200-499,NT,1,1,8.27007299270073,7.28152173913044,3.9163476439142e-05,2.44421005714176e-05
2213,1,63-5229,2018,29010,28532,478,259,65,3,Principal Arterial,3,Urban,Freeway/Prin. Art.,3,Oakland,0-99,200-499,200-499,AM,1,1,43.076359832636,13.5,0.000203990944805255,4.53158514848494e-05
2213,1,63-5229,2018,29010,28532,478,259,65,3,Principal Arterial,3,Urban,Freeway/Prin. Art.,3,Oakland,0-99,200-499,200-499,MD,1,1,116.766736401674,25,0.000552956586233111,8.39182434904619e-05
2213,1,63-5229,2018,29010,28532,478,259,65,3,Principal Arterial,3,Urban,Freeway/Prin. Art.,3,Oakland,0-99,200-499,200-499,PM,1,1,59.331589958159,12.5,0.000280968659826105,4.19591217452309e-05
2213,1,63-5229,2018,29010,28532,478,259,65,3,Principal Arterial,3,Urban,Freeway/Prin. Art.,3,Oakland,0-99,200-499,200-499,EV,1,1,18.9644351464435,3.5,8.98073341909926e-05,1.17485540886647e-05
2213,1,63-5229,2018,29010,28532,478,259,65,3,Principal Arterial,3,Urban,Freeway/Prin. Art.,3,Oakland,0-99,200-499,200-499,NT,1,1,20.8608786610879,10.5,9.87880676100918e-05,3.5245662265994e-05
2217,1,63-5228,2018,35066,34526,540,294,73,3,Principal Arterial,3,Urban,Freeway/Prin. Art.,3,Oakland,0-99,200-499,200-499,AM,1,1,53.6277777777778,12,0.000253957880823694,4.02807568754217e-05
2217,1,63-5228,2018,35066,34526,540,294,73,3,Principal Arterial,3,Urban,Freeway/Prin. Art.,3,Oakland,0-99,200-499,200-499,MD,1,1,124.405555555556,29.5,0.000589130718459026,9.9023527318745e-05
2217,1,63-5228,2018,35066,34526,540,294,73,3,Principal Arterial,3,Urban,Freeway/Prin. Art.,3,Oakland,0-99,200-499,200-499,PM,1,1,72.4111111111111,15,0.000342907595426917,5.03509460942771e-05
2217,1,63-5228,2018,35066,34526,540,294,73,3,Principal Arterial,3,Urban,Freeway/Prin. Art.,3,Oakland,0-99,200-499,200-499,EV,1,1,22.5944444444444,3.5,0.000106997482783587,1.17485540886647e-05
2217,1,63-5228,2018,35066,34526,540,294,73,3,Principal Arterial,3,Urban,Freeway/Prin. Art.,3,Oakland,0-99,200-499,200-499,NT,1,1,20.9611111111111,13,9.92627249920022e-05,4.36374866150402e-05
2226,1,63-5230,2018,31931,31310,621,417,74,3,Principal Arterial,3,Urban,Freeway/Prin. Art.,3,Oakland,0-99,200-499,200-499,AM,1,1,66.8140096618358,7.5,0.000316402152134015,2.51754730471386e-05
2226,1,63-5230,2018,31931,31310,621,417,74,3,Principal Arterial,3,Urban,Freeway/Prin. Art.,3,Oakland,0-99,200-499,200-499,MD,1,1,197.420289855072,30.5,0.000934896811330658,0.000102380257058363
2226,1,63-5230,2018,31931,31310,621,417,74,3,Principal Arterial,3,Urban,Freeway/Prin. Art.,3,Oakland,0-99,200-499,200-499,PM,1,1,89.6449275362319,20,0.000424519470451166,6.71345947923695e-05
2226,1,63-5230,2018,31931,31310,621,417,74,3,Principal Arterial,3,Urban,Freeway/Prin. Art.,3,Oakland,0-99,200-499,200-499,EV,1,1,29.2101449275362,7.5,0.000138326569023414,2.51754730471386e-05
2226,1,63-5230,2018,31931,31310,621,417,74,3,Principal Arterial,3,Urban,Freeway/Prin. Art.,3,Oakland,0-99,200-499,200-499,NT,1,1,33.9106280193237,8.5,0.000160586016912239,2.8532202786757e-05
2250,1,63-5882,2019,4340,4195,145,88,53,5,Major Collector,3,Urban,Other Road,3,Oakland,0-99,0-99,100-199,AM,1,1,12.8228571428571,5.125,6.07234862425043e-05,1.72032399155447e-05
2250,1,63-5882,2019,4340,4195,145,88,53,5,Major Collector,3,Urban,Other Road,3,Oakland,0-99,0-99,100-199,MD,1,1,38.5942857142857,19.125,0.000182765787024008,6.41974562702033e-05
2250,1,63-5882,2019,4340,4195,145,88,53,5,Major Collector,3,Urban,Other Road,3,Oakland,0-99,0-99,100-199,PM,1,1,24.3885714285714,7.25,0.000115493689520057,2.43362906122339e-05
2250,1,63-5882,2019,4340,4195,145,88,53,5,Major Collector,3,Urban,Other Road,3,Oakland,0-99,0-99,100-199,EV,1,1,7.16571428571429,2.625,3.3933712900223e-05,8.8114155664985e-06
2250,1,63-5882,2019,4340,4195,145,88,53,5,Major Collector,3,Urban,Other Road,3,Oakland,0-99,0-99,100-199,NT,1,1,5.02857142857143,18.875,2.38131318598056e-05,6.33582738352987e-05
2423,0,63-5402,2018,1669,1645,23,18,7,5,Major Collector,5,Rural,Other Road,3,Oakland,0-99,0-99,0-99,AM,1,1,2.91176470588235,2.15384615384615,1.37888539261742e-05,7.22987943917825e-06
2423,0,63-5402,2018,1669,1645,23,18,7,5,Major Collector,5,Rural,Other Road,3,Oakland,0-99,0-99,0-99,MD,1,1,8.47058823529412,3.23076923076923,4.01130296034158e-05,1.08448191587674e-05
2423,0,63-5402,2018,1669,1645,23,18,7,5,Major Collector,5,Rural,Other Road,3,Oakland,0-99,0-99,0-99,PM,1,1,5.55882352941176,1.61538461538462,2.63241756772417e-05,5.42240957938369e-06
2423,0,63-5402,2018,1669,1645,23,18,7,5,Major Collector,5,Rural,Other Road,3,Oakland,0-99,0-99,0-99,EV,1,1,0.264705882352941,0,1.25353217510675e-06,0
2423,0,63-5402,2018,1669,1645,23,18,7,5,Major Collector,5,Rural,Other Road,3,Oakland,0-99,0-99,0-99,NT,1,1,0.794117647058824,0,3.76059652532024e-06,0
2433,0,63-5537,2018,382,370,11,10,4,5,Major Collector,5,Rural,Other Road,3,Oakland,0-99,0-99,0-99,AM,1,1,1.11111111111111,0,5.26173999427523e-06,0
2433,0,63-5537,2018,382,370,11,10,4,5,Major Collector,5,Rural,Other Road,3,Oakland,0-99,0-99,0-99,MD,1,1,5.83333333333333,3.42857142857143,2.76241349699449e-05,1.15087876786919e-05
2433,0,63-5537,2018,382,370,11,10,4,5,Major Collector,5,Rural,Other Road,3,Oakland,0-99,0-99,0-99,PM,1,1,1.94444444444444,0,9.20804498998165e-06,0
2433,0,63-5537,2018,382,370,11,10,4,5,Major Collector,5,Rural,Other Road,3,Oakland,0-99,0-99,0-99,EV,1,1,0.555555555555556,0.571428571428571,2.63086999713761e-06,1.91813127978199e-06
2433,0,63-5537,2018,382,370,11,10,4,5,Major Collector,5,Rural,Other Road,3,Oakland,0-99,0-99,0-99,NT,1,1,0.555555555555556,0,2.63086999713761e-06,0
2436,1,63-5986,2019,12468,12191,277,176,99,3,Principal Arterial,4,Suburban,Freeway/Prin. Art.,3,Oakland,0-99,100-199,200-499,AM,1,1,37.9657142857143,20.5181347150259,0.000179789145541532,6.88738329994257e-05
2436,1,63-5986,2019,12468,12191,277,176,99,3,Principal Arterial,4,Suburban,Freeway/Prin. Art.,3,Oakland,0-99,100-199,200-499,MD,1,1,78.9485714285714,45.9093264248705,0.000373866170198948,0.000154105201336215
2436,1,63-5986,2019,12468,12191,277,176,99,3,Principal Arterial,4,Suburban,Freeway/Prin. Art.,3,Oakland,0-99,100-199,200-499,PM,1,1,45.0057142857143,18.2098445595855,0.00021312753014526,6.11255267869903e-05
2436,1,63-5986,2019,12468,12191,277,176,99,3,Principal Arterial,4,Suburban,Freeway/Prin. Art.,3,Oakland,0-99,100-199,200-499,EV,1,1,6.28571428571429,7.18134715025907,2.9766414824757e-05,2.4105841549799e-05
2436,1,63-5986,2019,12468,12191,277,176,99,3,Principal Arterial,4,Suburban,Freeway/Prin. Art.,3,Oakland,0-99,100-199,200-499,NT,1,1,7.79428571428571,7.18134715025907,3.69103543826987e-05,2.4105841549799e-05
2442,0,63-5496,2019,4706,4617,89,58,31,5,Major Collector,4,Suburban,Other Road,3,Oakland,0-99,0-99,0-99,AM,1,1,10.7787610619469,3.81147540983607,5.10435343515443e-05,1.27940928600212e-05
2442,0,63-5496,2019,4706,4617,89,58,31,5,Major Collector,4,Suburban,Other Road,3,Oakland,0-99,0-99,0-99,MD,1,1,28.7433628318584,14.7377049180328,0.000136116091604118,4.94704923920821e-05
2442,0,63-5496,2019,4706,4617,89,58,31,5,Major Collector,4,Suburban,Other Road,3,Oakland,0-99,0-99,0-99,PM,1,1,14.6283185840708,8.38524590163934,6.92733680485244e-05,2.81470042920467e-05
2442,0,63-5496,2019,4706,4617,89,58,31,5,Major Collector,4,Suburban,Other Road,3,Oakland,0-99,0-99,0-99,EV,1,1,1.28318584070796,2.79508196721311,6.0766112323267e-06,9.38233476401557e-06
2442,0,63-5496,2019,4706,4617,89,58,31,5,Major Collector,4,Suburban,Other Road,3,Oakland,0-99,0-99,0-99,NT,1,1,2.56637168141593,1.27049180327869,1.21532224646534e-05,4.26469762000708e-06
2447,0,63-5268,2018,1161,1138,22,19,7,5,Major Collector,5,Rural,Other Road,3,Oakland,0-99,0-99,0-99,AM,1,1,2.90277777777778,0.583333333333333,1.3746295735044e-05,1.95809234811078e-06
2447,0,63-5268,2018,1161,1138,22,19,7,5,Major Collector,5,Rural,Other Road,3,Oakland,0-99,0-99,0-99,MD,1,1,7.91666666666667,1.75,3.7489897459211e-05,5.87427704433233e-06
2447,0,63-5268,2018,1161,1138,22,19,7,5,Major Collector,5,Rural,Other Road,3,Oakland,0-99,0-99,0-99,PM,1,1,5.01388888888889,2.91666666666667,2.3743601724167e-05,9.79046174055388e-06
2447,0,63-5268,2018,1161,1138,22,19,7,5,Major Collector,5,Rural,Other Road,3,Oakland,0-99,0-99,0-99,EV,1,1,1.31944444444444,1.16666666666667,6.24831624320183e-06,3.91618469622155e-06
2447,0,63-5268,2018,1161,1138,22,19,7,5,Major Collector,5,Rural,Other Road,3,Oakland,0-99,0-99,0-99,NT,1,1,1.84722222222222,0.583333333333333,8.74764274048257e-06,1.95809234811078e-06
2467,0,63-6026,2019,589,579,10,8,2,5,Major Collector,2,Urban Fringe,Other Road,3,Oakland,0-99,0-99,0-99,AM,1,1,1.14285714285714,0,5.41207542268309e-06,0
2467,0,63-6026,2019,589,579,10,8,2,5,Major Collector,2,Urban Fringe,Other Road,3,Oakland,0-99,0-99,0-99,MD,1,1,5.42857142857143,2,2.57073582577447e-05,6.71345947923695e-06
2467,0,63-6026,2019,589,579,10,8,2,5,Major Collector,2,Urban Fringe,Other Road,3,Oakland,0-99,0-99,0-99,PM,1,1,1.42857142857143,0,6.76509427835386e-06,0
2467,0,63-6026,2019,589,579,10,8,2,5,Major Collector,2,Urban Fringe,Other Road,3,Oakland,0-99,0-99,0-99,EV,1,1,0,0,0,0
2467,0,63-6026,2019,589,579,10,8,2,5,Major Collector,2,Urban Fringe,Other Road,3,Oakland,0-99,0-99,0-99,NT,1,1,0,0,0,0
2478,0,63-5599,2018,2648,2606,42,18,27,4,Minor Arterial,5,Rural,Other Road,3,Oakland,0-99,0-99,0-99,AM,1,1,1.43478260869565,4.33018867924528,6.79450773173801e-06,1.45352731177819e-05
2478,0,63-5599,2018,2648,2606,42,18,27,4,Minor Arterial,5,Rural,Other Road,3,Oakland,0-99,0-99,0-99,MD,1,1,12,13.627358490566,5.68267919381725e-05,4.57433595177253e-05
2478,0,63-5599,2018,2648,2606,42,18,27,4,Minor Arterial,5,Rural,Other Road,3,Oakland,0-99,0-99,0-99,PM,1,1,3.52173913043478,6.36792452830189,1.66774280688115e-05,2.13754016437969e-05
2478,0,63-5599,2018,2648,2606,42,18,27,4,Minor Arterial,5,Rural,Other Road,3,Oakland,0-99,0-99,0-99,EV,1,1,0.130434782608696,1.91037735849057,6.17682521067092e-07,6.41262049313907e-06
2478,0,63-5599,2018,2648,2606,42,18,27,4,Minor Arterial,5,Rural,Other Road,3,Oakland,0-99,0-99,0-99,NT,1,1,0.91304347826087,0.764150943396226,4.32377764746964e-06,2.56504819725563e-06
2495,1,63-5976,2019,19606,18945,661,331,252,3,Principal Arterial,3,Urban,Freeway/Prin. Art.,3,Oakland,200-499,200-499,500-999,AM,1,1,64,55,0.000303076223670253,0.000184620135679016
2495,1,63-5976,2019,19606,18945,661,331,252,3,Principal Arterial,3,Urban,Freeway/Prin. Art.,3,Oakland,200-499,200-499,500-999,MD,1,1,134.5,99.5,0.000636933626307016,0.000333994609092038
2495,1,63-5976,2019,19606,18945,661,331,252,3,Principal Arterial,3,Urban,Freeway/Prin. Art.,3,Oakland,200-499,200-499,500-999,PM,1,1,93.5,48,0.00044277542051826,0.000161123027501687
2495,1,63-5976,2019,19606,18945,661,331,252,3,Principal Arterial,3,Urban,Freeway/Prin. Art.,3,Oakland,200-499,200-499,500-999,EV,1,1,22,12.5,0.00010418245188665,4.19591217452309e-05
2495,1,63-5976,2019,19606,18945,661,331,252,3,Principal Arterial,3,Urban,Freeway/Prin. Art.,3,Oakland,200-499,200-499,500-999,NT,1,1,17,37,8.0504621912411e-05,0.000124199000365884
2516,0,63-5027,2019,21586,21260,326,223,47,3,Principal Arterial,3,Urban,Freeway/Prin. Art.,3,Oakland,0-99,200-499,200-499,AM,1,1,42,7,0.000198893771783604,2.34971081773293e-05
2516,0,63-5027,2019,21586,21260,326,223,47,3,Principal Arterial,3,Urban,Freeway/Prin. Art.,3,Oakland,0-99,200-499,200-499,MD,1,1,109.5,25,0.000518544476435824,8.39182434904619e-05
2516,0,63-5027,2019,21586,21260,326,223,47,3,Principal Arterial,3,Urban,Freeway/Prin. Art.,3,Oakland,0-99,200-499,200-499,PM,1,1,56.5,8.5,0.000267559478708895,2.8532202786757e-05
2516,0,63-5027,2019,21586,21260,326,223,47,3,Principal Arterial,3,Urban,Freeway/Prin. Art.,3,Oakland,0-99,200-499,200-499,EV,1,1,10,3.5,4.7355659948477e-05,1.17485540886647e-05
2516,0,63-5027,2019,21586,21260,326,223,47,3,Principal Arterial,3,Urban,Freeway/Prin. Art.,3,Oakland,0-99,200-499,200-499,NT,1,1,5,3,2.36778299742385e-05,1.00701892188554e-05
2524,1,63-5005,2018,13691,13290,400,287,104,4,Minor Arterial,4,Suburban,Other Road,3,Oakland,100-199,200-499,200-499,AM,1,1,68.4886363636364,15.6256157635468,0.000324332457397126,5.24509691333488e-05
2524,1,63-5005,2018,13691,13290,400,287,104,4,Minor Arterial,4,Suburban,Other Road,3,Oakland,100-199,200-499,200-499,MD,1,1,115.402097902098,38.423645320197,0.00054649425055926,0.000128977792950858
2524,1,63-5005,2018,13691,13290,400,287,104,4,Minor Arterial,4,Suburban,Other Road,3,Oakland,100-199,200-499,200-499,PM,1,1,71.4991258741259,39.192118226601,0.000338588829150846,0.000131557348809875
2524,1,63-5005,2018,13691,13290,400,287,104,4,Minor Arterial,4,Suburban,Other Road,3,Oakland,100-199,200-499,200-499,EV,1,1,10.2858391608392,6.40394088669951,4.87092701585428e-05,2.14962988251429e-05
2524,1,63-5005,2018,13691,13290,400,287,104,4,Minor Arterial,4,Suburban,Other Road,3,Oakland,100-199,200-499,200-499,NT,1,1,21.3243006993007,4.35467980295567,0.000100982633255516,1.46174832010972e-05
2550,1,63-5149,2018,27730,26752,978,524,362,3,Principal Arterial,3,Urban,Freeway/Prin. Art.,3,Oakland,200-499,500-999,500-999,AM,1,1,80.3680981595092,54,0.000380588432714754,0.000181263405939398
2550,1,63-5149,2018,27730,26752,978,524,362,3,Principal Arterial,3,Urban,Freeway/Prin. Art.,3,Oakland,200-499,500-999,500-999,MD,1,1,241.104294478528,158.5,0.00114176529814426,0.000532041663729528
2550,1,63-5149,2018,27730,26752,978,524,362,3,Principal Arterial,3,Urban,Freeway/Prin. Art.,3,Oakland,200-499,500-999,500-999,PM,1,1,105.550102249489,55,0.000499839474965377,0.000184620135679016
2550,1,63-5149,2018,27730,26752,978,524,362,3,Principal Arterial,3,Urban,Freeway/Prin. Art.,3,Oakland,200-499,500-999,500-999,EV,1,1,44.4703476482618,40.5,0.000210592266102164,0.000135947554454548
2550,1,63-5149,2018,27730,26752,978,524,362,3,Principal Arterial,3,Urban,Freeway/Prin. Art.,3,Oakland,200-499,500-999,500-999,NT,1,1,52.5071574642127,54,0.000248651109373639,0.000181263405939398
2565,0,63-5030,2018,22240,21873,367,155,34,3,Principal Arterial,3,Urban,Freeway/Prin. Art.,3,Oakland,0-99,100-199,100-199,AM,1,1,43.5013623978202,8,0.000206003572500664,2.68538379169478e-05
2565,0,63-5030,2018,22240,21873,367,155,34,3,Principal Arterial,3,Urban,Freeway/Prin. Art.,3,Oakland,0-99,100-199,100-199,MD,1,1,53.6376021798365,15.5,0.000254004404928003,5.20293109640864e-05
2565,0,63-5030,2018,22240,21873,367,155,34,3,Principal Arterial,3,Urban,Freeway/Prin. Art.,3,Oakland,0-99,100-199,100-199,PM,1,1,42.0231607629428,5.5,0.00019900345110501,1.84620135679016e-05
2565,0,63-5030,2018,22240,21873,367,155,34,3,Principal Arterial,3,Urban,Freeway/Prin. Art.,3,Oakland,0-99,100-199,100-199,EV,1,1,6.54632152588556,0,3.10005376093232e-05,0
2565,0,63-5030,2018,22240,21873,367,155,34,3,Principal Arterial,3,Urban,Freeway/Prin. Art.,3,Oakland,0-99,100-199,100-199,NT,1,1,9.29155313351499,5,4.40007630583942e-05,1.67836486980924e-05
2573,1,63-5959,2017,12465,11957,507,236,269,3,Principal Arterial,3,Urban,Freeway/Prin. Art.,3,Oakland,200-499,200-499,500-999,AM,1,1,57.75,40.9785046728972,0.000273478936202455,0.000137553765320609
2573,1,63-5959,2017,12465,11957,507,236,269,3,Principal Arterial,3,Urban,Freeway/Prin. Art.,3,Oakland,200-499,200-499,500-999,MD,1,1,78,66.8728971962617,0.000369374147598121,0.00022447424279314
2573,1,63-5959,2017,12465,11957,507,236,269,3,Principal Arterial,3,Urban,Freeway/Prin. Art.,3,Oakland,200-499,200-499,500-999,PM,1,1,48.5,68.1299065420561,0.000229674950750114,0.000228693683447147
2573,1,63-5959,2017,12465,11957,507,236,269,3,Principal Arterial,3,Urban,Freeway/Prin. Art.,3,Oakland,200-499,200-499,500-999,EV,1,1,28.5,42.4869158878505,0.00013496363085316,0.000142617094105416
2573,1,63-5959,2017,12465,11957,507,236,269,3,Principal Arterial,3,Urban,Freeway/Prin. Art.,3,Oakland,200-499,200-499,500-999,NT,1,1,23.25,50.5317757009346,0.000110101909380209,0.000169621514291057
2578,0,63-5262,2019,7160,6874,286,179,78,5,Major Collector,5,Rural,Other Road,3,Oakland,0-99,100-199,200-499,AM,1,1,28.521978021978,7.22222222222222,0.000135067709226673,2.42430481194668e-05
2578,0,63-5262,2019,7160,6874,286,179,78,5,Major Collector,5,Rural,Other Road,3,Oakland,0-99,100-199,200-499,MD,1,1,71.7967032967033,34.6666666666667,0.000339998026674038,0.00011636663097344
2578,0,63-5262,2019,7160,6874,286,179,78,5,Major Collector,5,Rural,Other Road,3,Oakland,0-99,100-199,200-499,PM,1,1,53.1098901098901,27.4444444444444,0.000251505389594494,9.21235828539737e-05
2578,0,63-5262,2019,7160,6874,286,179,78,5,Major Collector,5,Rural,Other Road,3,Oakland,0-99,100-199,200-499,EV,1,1,8.85164835164835,5.77777777777778,4.19175649324157e-05,1.93944384955734e-05
2578,0,63-5262,2019,7160,6874,286,179,78,5,Major Collector,5,Rural,Other Road,3,Oakland,0-99,100-199,200-499,NT,1,1,16.7197802197802,2.88888888888889,7.91776226501185e-05,9.6972192477867e-06
2598,0,63-5151,2019,18255,18005,250,171,37,3,Principal Arterial,3,Urban,Freeway/Prin. Art.,3,Oakland,0-99,100-199,200-499,AM,1,1,27.5,9,0.000130228064858312,3.02105676565663e-05
2598,0,63-5151,2019,18255,18005,250,171,37,3,Principal Arterial,3,Urban,Freeway/Prin. Art.,3,Oakland,0-99,100-199,200-499,MD,1,1,87.5,17,0.000414362024549174,5.70644055735141e-05
2598,0,63-5151,2019,18255,18005,250,171,37,3,Principal Arterial,3,Urban,Freeway/Prin. Art.,3,Oakland,0-99,100-199,200-499,PM,1,1,41,7,0.000194158205788756,2.34971081773293e-05
2598,0,63-5151,2019,18255,18005,250,171,37,3,Principal Arterial,3,Urban,Freeway/Prin. Art.,3,Oakland,0-99,100-199,200-499,EV,1,1,9.5,3,4.49878769510532e-05,1.00701892188554e-05
2598,0,63-5151,2019,18255,18005,250,171,37,3,Principal Arterial,3,Urban,Freeway/Prin. Art.,3,Oakland,0-99,100-199,200-499,NT,1,1,5.5,1,2.60456129716624e-05,3.35672973961847e-06
2600,0,63-5789,2018,2322,2259,62,42,17,5,Major Collector,4,Suburban,Other Road,3,Oakland,0-99,0-99,0-99,AM,1,1,8.75,5.15151515151515,4.14362024549174e-05,1.72922441131861e-05
2600,0,63-5789,2018,2322,2259,62,42,17,5,Major Collector,4,Suburban,Other Road,3,Oakland,0-99,0-99,0-99,MD,1,1,22.25,7.72727272727273,0.000105366343385361,2.59383661697791e-05
2600,0,63-5789,2018,2322,2259,62,42,17,5,Major Collector,4,Suburban,Other Road,3,Oakland,0-99,0-99,0-99,PM,1,1,8.75,4.12121212121212,4.14362024549174e-05,1.38337952905489e-05
2600,0,63-5789,2018,2322,2259,62,42,17,5,Major Collector,4,Suburban,Other Road,3,Oakland,0-99,0-99,0-99,EV,1,1,0.5,0,2.36778299742385e-06,0
2600,0,63-5789,2018,2322,2259,62,42,17,5,Major Collector,4,Suburban,Other Road,3,Oakland,0-99,0-99,0-99,NT,1,1,1.75,0,8.28724049098348e-06,0
2629,0,63-5025,2018,22339,21985,354,152,37,3,Principal Arterial,3,Urban,Freeway/Prin. Art.,3,Oakland,0-99,100-199,100-199,AM,1,1,32.8474576271186,10,0.000155551303356184,3.35672973961847e-05
2629,0,63-5025,2018,22339,21985,354,152,37,3,Principal Arterial,3,Urban,Freeway/Prin. Art.,3,Oakland,0-99,100-199,100-199,MD,1,1,63.3333333333333,12.5,0.000299919179673688,4.19591217452309e-05
2629,0,63-5025,2018,22339,21985,354,152,37,3,Principal Arterial,3,Urban,Freeway/Prin. Art.,3,Oakland,0-99,100-199,100-199,PM,1,1,39.5028248587571,7.5,0.000187068234101555,2.51754730471386e-05
2629,0,63-5025,2018,22339,21985,354,152,37,3,Principal Arterial,3,Urban,Freeway/Prin. Art.,3,Oakland,0-99,100-199,100-199,EV,1,1,6.22598870056497,0,2.94835803747015e-05,0
2629,0,63-5025,2018,22339,21985,354,152,37,3,Principal Arterial,3,Urban,Freeway/Prin. Art.,3,Oakland,0-99,100-199,100-199,NT,1,1,10.090395480226,7,4.77837337107232e-05,2.34971081773293e-05
2634,0,63-5333,2019,4155,4105,50,47,3,4,Minor Arterial,4,Suburban,Other Road,3,Oakland,0-99,0-99,0-99,AM,1,1,16,1.5,7.57690559175633e-05,5.03509460942771e-06
2634,0,63-5333,2019,4155,4105,50,47,3,4,Minor Arterial,4,Suburban,Other Road,3,Oakland,0-99,0-99,0-99,MD,1,1,15.75,1.5,7.45851644188513e-05,5.03509460942771e-06
2634,0,63-5333,2019,4155,4105,50,47,3,4,Minor Arterial,4,Suburban,Other Road,3,Oakland,0-99,0-99,0-99,PM,1,1,13,0,6.15623579330201e-05,0
2634,0,63-5333,2019,4155,4105,50,47,3,4,Minor Arterial,4,Suburban,Other Road,3,Oakland,0-99,0-99,0-99,EV,1,1,0.25,0,1.18389149871193e-06,0
2634,0,63-5333,2019,4155,4105,50,47,3,4,Minor Arterial,4,Suburban,Other Road,3,Oakland,0-99,0-99,0-99,NT,1,1,2,0,9.47113198969541e-06,0
2649,1,63-8209,2019,58803,55674,3129,718,2346,1,Interstate Freeway,4,Suburban,Interstate,3,Oakland,2000+,500-999,2000+,AM,1,1,124.174911543805,332.535178500214,0.000588038488520064,0.00111623072314101
2649,1,63-8209,2019,58803,55674,3129,718,2346,1,Interstate Freeway,4,Suburban,Interstate,3,Oakland,2000+,500-999,2000+,MD,1,1,310.405326629488,969.402779144984,0.0014699449094062,0.00325402313842477
2649,1,63-8209,2019,58803,55674,3129,718,2346,1,Interstate Freeway,4,Suburban,Interstate,3,Oakland,2000+,500-999,2000+,PM,1,1,152.176502054608,381.339322035754,0.000720641868344675,0.00128005304316336
2649,1,63-8209,2019,58803,55674,3129,718,2346,1,Interstate Freeway,4,Suburban,Interstate,3,Oakland,2000+,500-999,2000+,EV,1,1,44.952805756365,183.72947350908,0.000212876978312836,0.000616730187772373
2649,1,63-8209,2019,58803,55674,3129,718,2346,1,Interstate Freeway,4,Suburban,Interstate,3,Oakland,2000+,500-999,2000+,NT,1,1,86.2904540157335,478.993246809969,0.000408634139716877,0.00160785087664343
2681,1,63-4856,2019,22686,21822,864,432,400,2,Other Freeway,4,Suburban,Freeway/Prin. Art.,3,Oakland,200-499,200-499,500-999,AM,1,1,93.5614973262032,78.150289017341,0.000443066645165002,0.000262329399304288
2681,1,63-4856,2019,22686,21822,864,432,400,2,Other Freeway,4,Suburban,Freeway/Prin. Art.,3,Oakland,200-499,200-499,500-999,MD,1,1,197.980748663102,169.71098265896,0.000937550901003474,0.000569673902631205
2681,1,63-4856,2019,22686,21822,864,432,400,2,Other Freeway,4,Suburban,Freeway/Prin. Art.,3,Oakland,200-499,200-499,500-999,PM,1,1,90.096256684492,71.21387283237,0.00042665676941815,0.000239045724809824
2681,1,63-4856,2019,22686,21822,864,432,400,2,Other Freeway,4,Suburban,Freeway/Prin. Art.,3,Oakland,200-499,200-499,500-999,EV,1,1,15.9401069518717,24.5086705202312,7.54854284355189e-05,8.22689832137707e-05
2681,1,63-4856,2019,22686,21822,864,432,400,2,Other Freeway,4,Suburban,Freeway/Prin. Art.,3,Oakland,200-499,200-499,500-999,NT,1,1,34.4213903743316,56.4161849710983,0.000163004765752063,0.000189373885888302
2719,1,63-4859,2019,12444,11882,562,298,188,3,Principal Arterial,2,Urban Fringe,Freeway/Prin. Art.,3,Oakland,100-199,200-499,200-499,AM,1,1,34.2422360248447,14.8177339901478,0.000162156368506804,4.97391283584846e-05
2719,1,63-4859,2019,12444,11882,562,298,188,3,Principal Arterial,2,Urban Fringe,Freeway/Prin. Art.,3,Oakland,100-199,200-499,200-499,MD,1,1,141.133540372671,70.8472906403941,0.000668347194521286,0.000237815207464004
2719,1,63-4859,2019,12444,11882,562,298,188,3,Principal Arterial,2,Urban Fringe,Freeway/Prin. Art.,3,Oakland,100-199,200-499,200-499,PM,1,1,67.0962732919255,43.5270935960591,0.000317738830182251,0.000146108689553048
2719,1,63-4859,2019,12444,11882,562,298,188,3,Principal Arterial,2,Urban Fringe,Freeway/Prin. Art.,3,Oakland,100-199,200-499,200-499,EV,1,1,27.7639751552795,22.6896551724138,0.000131478136627138,7.61630402989295e-05
2719,1,63-4859,2019,12444,11882,562,298,188,3,Principal Arterial,2,Urban Fringe,Freeway/Prin. Art.,3,Oakland,100-199,200-499,200-499,NT,1,1,27.7639751552795,36.1182266009852,0.000131478136627138,0.000121239125373806
2720,0,63-5987,2019,3613,3571,42,37,4,5,Major Collector,4,Suburban,Other Road,3,Oakland,0-99,0-99,0-99,AM,1,1,4.625,0.666666666666667,2.19019927261706e-05,2.23781982641232e-06
2720,0,63-5987,2019,3613,3571,42,37,4,5,Major Collector,4,Suburban,Other Road,3,Oakland,0-99,0-99,0-99,MD,1,1,16.4444444444444,1.33333333333333,7.78737519152734e-05,4.47563965282463e-06
2720,0,63-5987,2019,3613,3571,42,37,4,5,Major Collector,4,Suburban,Other Road,3,Oakland,0-99,0-99,0-99,PM,1,1,12.5902777777778,2,5.96220913101312e-05,6.71345947923695e-06
2720,0,63-5987,2019,3613,3571,42,37,4,5,Major Collector,4,Suburban,Other Road,3,Oakland,0-99,0-99,0-99,EV,1,1,0.256944444444444,0,1.21677737367615e-06,0
2720,0,63-5987,2019,3613,3571,42,37,4,5,Major Collector,4,Suburban,Other Road,3,Oakland,0-99,0-99,0-99,NT,1,1,3.08333333333333,0,1.46013284841138e-05,0
2746,0,63-5237,2018,663,656,6,6,2,5,Major Collector,5,Rural,Other Road,3,Oakland,0-99,0-99,0-99,AM,1,1,0.5,0,2.36778299742385e-06,0
2746,0,63-5237,2018,663,656,6,6,2,5,Major Collector,5,Rural,Other Road,3,Oakland,0-99,0-99,0-99,MD,1,1,5,1,2.36778299742385e-05,3.35672973961847e-06
2746,0,63-5237,2018,663,656,6,6,2,5,Major Collector,5,Rural,Other Road,3,Oakland,0-99,0-99,0-99,PM,1,1,0.5,1,2.36778299742385e-06,3.35672973961847e-06
2746,0,63-5237,2018,663,656,6,6,2,5,Major Collector,5,Rural,Other Road,3,Oakland,0-99,0-99,0-99,EV,1,1,0,0,0,0
2746,0,63-5237,2018,663,656,6,6,2,5,Major Collector,5,Rural,Other Road,3,Oakland,0-99,0-99,0-99,NT,1,1,0,0,0,0
2784,1,63-4631,2019,20336,19528,808,480,199,3,Principal Arterial,3,Urban,Freeway/Prin. Art.,3,Oakland,100-199,200-499,500-999,AM,1,1,68.4393063583815,30.0813953488372,0.000324098851901716,0.000100975114376663
2784,1,63-4631,2019,20336,19528,808,480,199,3,Principal Arterial,3,Urban,Freeway/Prin. Art.,3,Oakland,100-199,200-499,500-999,MD,1,1,220.578034682081,91.6325581395349,0.0010445618402508,0.000307585733024296
2784,1,63-4631,2019,20336,19528,808,480,199,3,Principal Arterial,3,Urban,Freeway/Prin. Art.,3,Oakland,100-199,200-499,500-999,PM,1,1,98.0346820809249,29.1558139534884,0.000464249706778133,9.78681877804577e-05
2784,1,63-4631,2019,20336,19528,808,480,199,3,Principal Arterial,3,Urban,Freeway/Prin. Art.,3,Oakland,100-199,200-499,500-999,EV,1,1,43.9306358381503,14.346511627907,0.000208036425207182,4.81573622411776e-05
2784,1,63-4631,2019,20336,19528,808,480,199,3,Principal Arterial,3,Urban,Freeway/Prin. Art.,3,Oakland,100-199,200-499,500-999,NT,1,1,49.0173410404624,33.7837209302326,0.000232124853389067,0.000113402820761483
2789,1,63-5536,2018,9326,9086,239,142,98,4,Minor Arterial,5,Rural,Other Road,3,Oakland,0-99,100-199,200-499,AM,1,1,30,20.1614583333333,0.000142066979845431,6.76765667815787e-05
2789,1,63-5536,2018,9326,9086,239,142,98,4,Minor Arterial,5,Rural,Other Road,3,Oakland,0-99,100-199,200-499,MD,1,1,54.75,44.1510416666667,0.000259272238217912,0.000148203114597634
2789,1,63-5536,2018,9326,9086,239,142,98,4,Minor Arterial,5,Rural,Other Road,3,Oakland,0-99,100-199,200-499,PM,1,1,39.25,18.375,0.000185870965297772,6.16799089654895e-05
2789,1,63-5536,2018,9326,9086,239,142,98,4,Minor Arterial,5,Rural,Other Road,3,Oakland,0-99,100-199,200-499,EV,1,1,10.5,9.44270833333333,4.97234429459009e-05,3.16966198850432e-05
2789,1,63-5536,2018,9326,9086,239,142,98,4,Minor Arterial,5,Rural,Other Road,3,Oakland,0-99,100-199,200-499,NT,1,1,7.5,5.86979166666667,3.55167449613578e-05,1.97033042528647e-05
2808,1,63-5984,2019,27859,27174,685,392,183,3,Principal Arterial,3,Urban,Freeway/Prin. Art.,3,Oakland,100-199,200-499,500-999,AM,1,1,61.5,44.5,0.000291237308683134,0.000149374473413022
2808,1,63-5984,2019,27859,27174,685,392,183,3,Principal Arterial,3,Urban,Freeway/Prin. Art.,3,Oakland,100-199,200-499,500-999,MD,1,1,183,51,0.00086660857705713,0.000171193216720542
2808,1,63-5984,2019,27859,27174,685,392,183,3,Principal Arterial,3,Urban,Freeway/Prin. Art.,3,Oakland,100-199,200-499,500-999,PM,1,1,78.5,41.5,0.000371741930595545,0.000139304284194167
2808,1,63-5984,2019,27859,27174,685,392,183,3,Principal Arterial,3,Urban,Freeway/Prin. Art.,3,Oakland,100-199,200-499,500-999,EV,1,1,31.5,17.5,0.000149170328837703,5.87427704433233e-05
2808,1,63-5984,2019,27859,27174,685,392,183,3,Principal Arterial,3,Urban,Freeway/Prin. Art.,3,Oakland,100-199,200-499,500-999,NT,1,1,37.5,28.5,0.000177583724806789,9.56667975791265e-05
2842,1,63-5412,2018,15307,14861,446,304,96,3,Principal Arterial,3,Urban,Freeway/Prin. Art.,3,Oakland,0-99,200-499,200-499,AM,1,1,50.3771428571429,14,0.000238564284631871,4.69942163546586e-05
2842,1,63-5412,2018,15307,14861,446,304,96,3,Principal Arterial,3,Urban,Freeway/Prin. Art.,3,Oakland,0-99,200-499,200-499,MD,1,1,152,44.5,0.000719806031216851,0.000149374473413022
2842,1,63-5412,2018,15307,14861,446,304,96,3,Principal Arterial,3,Urban,Freeway/Prin. Art.,3,Oakland,0-99,200-499,200-499,PM,1,1,79.4742857142857,24,0.000376355724893382,8.05615137508434e-05
2842,1,63-5412,2018,15307,14861,446,304,96,3,Principal Arterial,3,Urban,Freeway/Prin. Art.,3,Oakland,0-99,200-499,200-499,EV,1,1,9.98857142857143,3.5,4.73015391942502e-05,1.17485540886647e-05
2842,1,63-5412,2018,15307,14861,446,304,96,3,Principal Arterial,3,Urban,Freeway/Prin. Art.,3,Oakland,0-99,200-499,200-499,NT,1,1,12.16,10,5.75844824973481e-05,3.35672973961847e-05
2856,1,63-5952,2017,8776,8145,630,226,400,3,Principal Arterial,3,Urban,Freeway/Prin. Art.,3,Oakland,200-499,200-499,500-999,AM,1,1,48.9666666666667,57.7889447236181,0.000231884881547709,0.000193981869374937
2856,1,63-5952,2017,8776,8145,630,226,400,3,Principal Arterial,3,Urban,Freeway/Prin. Art.,3,Oakland,200-499,200-499,500-999,MD,1,1,75.5844444444445,109.045226130653,0.000357935124850567,0.000366035353516185
2856,1,63-5952,2017,8776,8145,630,226,400,3,Principal Arterial,3,Urban,Freeway/Prin. Art.,3,Oakland,200-499,200-499,500-999,PM,1,1,41.9355555555556,102.010050251256,0.000198588590863936,0.000342420169418367
2856,1,63-5952,2017,8776,8145,630,226,400,3,Principal Arterial,3,Urban,Freeway/Prin. Art.,3,Oakland,200-499,200-499,500-999,EV,1,1,31.1377777777778,71.8592964824121,0.000147455001599569,0.000241212237570574
2856,1,63-5952,2017,8776,8145,630,226,400,3,Principal Arterial,3,Urban,Freeway/Prin. Art.,3,Oakland,200-499,200-499,500-999,NT,1,1,28.3755555555556,59.2964824120603,0.000134374315973801,0.000199042265967327
2870,1,63-6116,2019,5032,4879,153,88,64,5,Major Collector,4,Suburban,Other Road,3,Oakland,0-99,0-99,100-199,AM,1,1,13.0742857142857,11.6129032258065,6.19141428354946e-05,3.89813776213758e-05
2870,1,63-6116,2019,5032,4879,153,88,64,5,Major Collector,4,Suburban,Other Road,3,Oakland,0-99,0-99,100-199,MD,1,1,44.5028571428571,37.6774193548387,0.00021074621695928,0.000126472914060464
2870,1,63-6116,2019,5032,4879,153,88,64,5,Major Collector,4,Suburban,Other Road,3,Oakland,0-99,0-99,100-199,PM,1,1,23.3828571428571,9.80645161290323,0.000110731063148096,3.29176077691618e-05
2870,1,63-6116,2019,5032,4879,153,88,64,5,Major Collector,4,Suburban,Other Road,3,Oakland,0-99,0-99,100-199,EV,1,1,1.50857142857143,0,7.14393955794168e-06,0
2870,1,63-6116,2019,5032,4879,153,88,64,5,Major Collector,4,Suburban,Other Road,3,Oakland,0-99,0-99,100-199,NT,1,1,5.53142857142857,4.90322580645161,2.61944450457862e-05,1.64588038845809e-05
2903,0,63-5405,2019,5382,5287,95,54,40,5,Major Collector,4,Suburban,Other Road,3,Oakland,0-99,0-99,0-99,AM,1,1,10.643153526971,6.20689655172414,5.04013559202671e-05,2.08348742459078e-05
2903,0,63-5405,2019,5382,5287,95,54,40,5,Major Collector,4,Suburban,Other Road,3,Oakland,0-99,0-99,0-99,MD,1,1,24.5352697095436,17.2413793103448,0.000116188388910931,5.78746506830771e-05
2903,0,63-5405,2019,5382,5287,95,54,40,5,Major Collector,4,Suburban,Other Road,3,Oakland,0-99,0-99,0-99,PM,1,1,13.7800829875519,9.77011494252874,6.525649240203e-05,3.2795635387077e-05
2903,0,63-5405,2019,5382,5287,95,54,40,5,Major Collector,4,Suburban,Other Road,3,Oakland,0-99,0-99,0-99,EV,1,1,2.01659751037344,1.72413793103448,9.54973059541902e-06,5.78746506830771e-06
2903,0,63-5405,2019,5382,5287,95,54,40,5,Major Collector,4,Suburban,Other Road,3,Oakland,0-99,0-99,0-99,NT,1,1,3.02489626556017,5.05747126436782,1.43245958931285e-05,1.69765642003693e-05
2946,1,63-5288,2018,10377,10121,255,160,95,4,Minor Arterial,4,Suburban,Other Road,3,Oakland,0-99,100-199,200-499,AM,1,1,34.3573667711599,14.906914893617,0.000162701577754015,5.00384845493658e-05
2946,1,63-5288,2018,10377,10121,255,160,95,4,Minor Arterial,4,Suburban,Other Road,3,Oakland,0-99,100-199,200-499,MD,1,1,69.2163009404389,43.4574468085106,0.000327778361022687,0.000145874904110016
2946,1,63-5288,2018,10377,10121,255,160,95,4,Minor Arterial,4,Suburban,Other Road,3,Oakland,0-99,100-199,200-499,PM,1,1,35.8620689655172,20.2127659574468,0.000169827194297987,6.78487926093096e-05
2946,1,63-5288,2018,10377,10121,255,160,95,4,Minor Arterial,4,Suburban,Other Road,3,Oakland,0-99,100-199,200-499,EV,1,1,4.76489028213166,6.06382978723404,2.2564452389243e-05,2.03546377827929e-05
2946,1,63-5288,2018,10377,10121,255,160,95,4,Minor Arterial,4,Suburban,Other Road,3,Oakland,0-99,100-199,200-499,NT,1,1,15.7993730407524,10.3590425531915,7.48189737117004e-05,3.47725062122712e-05
2948,0,63-5455,2018,8134,8044,89,53,30,4,Minor Arterial,4,Suburban,Other Road,3,Oakland,0-99,0-99,0-99,AM,1,1,7.38942307692308,2.63157894736842,3.49931006446198e-05,8.83349931478546e-06
2948,0,63-5455,2018,8134,8044,89,53,30,4,Minor Arterial,4,Suburban,Other Road,3,Oakland,0-99,0-99,0-99,MD,1,1,28.5384615384615,11.5789473684211,0.000135145768006808,3.8867396985056e-05
2948,0,63-5455,2018,8134,8044,89,53,30,4,Minor Arterial,4,Suburban,Other Road,3,Oakland,0-99,0-99,0-99,PM,1,1,12.4855769230769,10.7894736842105,5.91262735029783e-05,3.62173471906204e-05
2948,0,63-5455,2018,8134,8044,89,53,30,4,Minor Arterial,4,Suburban,Other Road,3,Oakland,0-99,0-99,0-99,EV,1,1,3.3125,3.42105263157895,1.5686562357933e-05,1.14835491092211e-05
2948,0,63-5455,2018,8134,8044,89,53,30,4,Minor Arterial,4,Suburban,Other Road,3,Oakland,0-99,0-99,0-99,NT,1,1,1.27403846153846,1.57894736842105,6.03329321458962e-06,5.30009958887128e-06
2951,0,63-5032,2018,16405,16156,249,147,35,3,Principal Arterial,3,Urban,Freeway/Prin. Art.,3,Oakland,0-99,100-199,100-199,AM,1,1,29.5180722891566,5,0.000139784779365986,1.67836486980924e-05
2951,0,63-5032,2018,16405,16156,249,147,35,3,Principal Arterial,3,Urban,Freeway/Prin. Art.,3,Oakland,0-99,100-199,100-199,MD,1,1,65.8253012048193,17.5,0.00031172005798615,5.87427704433233e-05
2951,0,63-5032,2018,16405,16156,249,147,35,3,Principal Arterial,3,Urban,Freeway/Prin. Art.,3,Oakland,0-99,100-199,100-199,PM,1,1,30.4036144578313,8,0.000143978322746966,2.68538379169478e-05
2951,0,63-5032,2018,16405,16156,249,147,35,3,Principal Arterial,3,Urban,Freeway/Prin. Art.,3,Oakland,0-99,100-199,100-199,EV,1,1,10.0361445783133,1.5,4.75268249844354e-05,5.03509460942771e-06
2951,0,63-5032,2018,16405,16156,249,147,35,3,Principal Arterial,3,Urban,Freeway/Prin. Art.,3,Oakland,0-99,100-199,100-199,NT,1,1,11.2168674698795,3,5.31182161590748e-05,1.00701892188554e-05
2976,0,63-5028,2018,19077,18928,149,118,18,3,Principal Arterial,3,Urban,Freeway/Prin. Art.,3,Oakland,0-99,100-199,100-199,AM,1,1,18.6107382550336,3.5,8.81323792195482e-05,1.17485540886647e-05
2976,0,63-5028,2018,19077,18928,149,118,18,3,Principal Arterial,3,Urban,Freeway/Prin. Art.,3,Oakland,0-99,100-199,100-199,MD,1,1,64.9395973154363,10,0.000307525748766083,3.35672973961847e-05
2976,0,63-5028,2018,19077,18928,149,118,18,3,Principal Arterial,3,Urban,Freeway/Prin. Art.,3,Oakland,0-99,100-199,100-199,PM,1,1,21.7785234899329,2,0.000103133635256918,6.71345947923695e-06
2976,0,63-5028,2018,19077,18928,149,118,18,3,Principal Arterial,3,Urban,Freeway/Prin. Art.,3,Oakland,0-99,100-199,100-199,EV,1,1,4.35570469798658,1,2.06267270513836e-05,3.35672973961847e-06
2976,0,63-5028,2018,19077,18928,149,118,18,3,Principal Arterial,3,Urban,Freeway/Prin. Art.,3,Oakland,0-99,100-199,100-199,NT,1,1,8.31543624161074,1.5,3.9378297098096e-05,5.03509460942771e-06
3004,0,63-5414,2019,14660,14102,558,249,206,3,Principal Arterial,3,Urban,Freeway/Prin. Art.,3,Oakland,200-499,200-499,200-499,AM,1,1,46.339222614841,22.9681440443213,0.000219442446842519,7.70978521774144e-05
3004,0,63-5414,2019,14660,14102,558,249,206,3,Principal Arterial,3,Urban,Freeway/Prin. Art.,3,Oakland,200-499,200-499,200-499,MD,1,1,121.420494699647,75.3240997229917,0.000574994765777233,0.000252842645650154
3004,0,63-5414,2019,14660,14102,558,249,206,3,Principal Arterial,3,Urban,Freeway/Prin. Art.,3,Oakland,200-499,200-499,200-499,PM,1,1,57.0441696113074,82.4570637119114,0.000270136429815632,0.000276786078003388
3004,0,63-5414,2019,14660,14102,558,249,206,3,Principal Arterial,3,Urban,Freeway/Prin. Art.,3,Oakland,200-499,200-499,200-499,EV,1,1,9.23851590106007,13.409972299169,4.37496017439199e-05,4.50136528240804e-05
3004,0,63-5414,2019,14660,14102,558,249,206,3,Principal Arterial,3,Urban,Freeway/Prin. Art.,3,Oakland,200-499,200-499,200-499,NT,1,1,14.9575971731449,11.8407202216066,7.0832688537775e-05,3.97460977063689e-05
3008,1,63-5975,2019,4748,4555,193,94,98,3,Principal Arterial,3,Urban,Freeway/Prin. Art.,3,Oakland,0-99,0-99,100-199,AM,1,1,21.3636363636364,13.4559585492228,0.000101168909889928,4.51680162372496e-05
3008,1,63-5975,2019,4748,4555,193,94,98,3,Principal Arterial,3,Urban,Freeway/Prin. Art.,3,Oakland,0-99,0-99,100-199,MD,1,1,35.1871657754011,27.1658031088083,0.000166631145701058,9.11882591959568e-05
3008,1,63-5975,2019,4748,4555,193,94,98,3,Principal Arterial,3,Urban,Freeway/Prin. Art.,3,Oakland,0-99,0-99,100-199,PM,1,1,24.1283422459893,37.3212435233161,0.000114261357052154,0.000125277328054258
3008,1,63-5975,2019,4748,4555,193,94,98,3,Principal Arterial,3,Urban,Freeway/Prin. Art.,3,Oakland,0-99,0-99,100-199,EV,1,1,5.52941176470588,10.6632124352332,2.6184894324452e-05,3.57935223012167e-05
3008,1,63-5975,2019,4748,4555,193,94,98,3,Principal Arterial,3,Urban,Freeway/Prin. Art.,3,Oakland,0-99,0-99,100-199,NT,1,1,7.79144385026738,9.39378238341969,3.68968965480915e-05,3.1532388693929e-05
3019,1,63-5355,2018,14568,14236,331,228,106,3,Principal Arterial,5,Rural,Freeway/Prin. Art.,3,Oakland,100-199,200-499,200-499,AM,1,1,42.843956043956,15.4688995215311,0.000202890381326508,5.19249150630934e-05
3019,1,63-5355,2018,14568,14236,331,228,106,3,Principal Arterial,5,Rural,Freeway/Prin. Art.,3,Oakland,100-199,200-499,200-499,MD,1,1,100.47032967033,45.8995215311005,0.000475783876677952,0.000154072288957703
3019,1,63-5355,2018,14568,14236,331,228,106,3,Principal Arterial,5,Rural,Freeway/Prin. Art.,3,Oakland,100-199,200-499,200-499,PM,1,1,53.8681318681319,34.2344497607656,0.000255096093480697,0.000114915795631436
3019,1,63-5355,2018,14568,14236,331,228,106,3,Principal Arterial,5,Rural,Freeway/Prin. Art.,3,Oakland,100-199,200-499,200-499,EV,1,1,15.5340659340659,7.60765550239234,7.35625943990848e-05,2.55368434736525e-05
3019,1,63-5355,2018,14568,14236,331,228,106,3,Principal Arterial,5,Rural,Freeway/Prin. Art.,3,Oakland,100-199,200-499,200-499,NT,1,1,15.2835164835165,2.78947368421053,7.2376100941035e-05,9.36350927367259e-06
3041,1,63-0115,2019,10920,10382,538,320,150,3,Principal Arterial,4,Suburban,Freeway/Prin. Art.,3,Oakland,100-199,200-499,200-499,AM,1,1,53.6416184971098,24.537037037037,0.000254023424463507,8.23642019443422e-05
3041,1,63-0115,2019,10920,10382,538,320,150,3,Principal Arterial,4,Suburban,Freeway/Prin. Art.,3,Oakland,100-199,200-499,200-499,MD,1,1,137.803468208092,64.8148148148148,0.00065257741801832,0.000217565816456753
3041,1,63-0115,2019,10920,10382,538,320,150,3,Principal Arterial,4,Suburban,Freeway/Prin. Art.,3,Oakland,100-199,200-499,200-499,PM,1,1,84.6242774566474,24.0740740740741,0.000400743850662257,8.08101603982225e-05
3041,1,63-0115,2019,10920,10382,538,320,150,3,Principal Arterial,4,Suburban,Freeway/Prin. Art.,3,Oakland,100-199,200-499,200-499,EV,1,1,14.3352601156069,9.25925925925926,6.78855703307648e-05,3.10808309223933e-05
3041,1,63-0115,2019,10920,10382,538,320,150,3,Principal Arterial,4,Suburban,Freeway/Prin. Art.,3,Oakland,100-199,200-499,200-499,NT,1,1,29.5953757225434,27.3148148148148,0.000140150854876418,9.16884512210602e-05
3044,1,63-5954,2017,13628,12122,1505,456,1049,3,Principal Arterial,3,Urban,Freeway/Prin. Art.,3,Oakland,1000-1999,200-499,1000-1999,AM,1,1,71.8287596048299,123.558893657606,0.000340149831436723,0.000414753812934843
3044,1,63-5954,2017,13628,12122,1505,456,1049,3,Principal Arterial,3,Urban,Freeway/Prin. Art.,3,Oakland,1000-1999,200-499,1000-1999,MD,1,1,142.155872667398,210.600381497377,0.000673188516571632,0.000706928563747242
3044,1,63-5954,2017,13628,12122,1505,456,1049,3,Principal Arterial,3,Urban,Freeway/Prin. Art.,3,Oakland,1000-1999,200-499,1000-1999,PM,1,1,127.890230515917,313.399380066762,0.000605632626704409,0.00105199701944809
3044,1,63-5954,2017,13628,12122,1505,456,1049,3,Principal Arterial,3,Urban,Freeway/Prin. Art.,3,Oakland,1000-1999,200-499,1000-1999,EV,1,1,51.3062568605928,160.326418693372,0.000242964165311945,0.000538172457674563
3044,1,63-5954,2017,13628,12122,1505,456,1049,3,Principal Arterial,3,Urban,Freeway/Prin. Art.,3,Oakland,1000-1999,200-499,1000-1999,NT,1,1,62.8188803512624,241.114926084883,0.000297482953625845,0.000809357643055038
3053,0,63-5132,2019,3400,3266,134,84,36,5,Major Collector,4,Suburban,Other Road,3,Oakland,0-99,0-99,100-199,AM,1,1,5.45454545454546,3.21428571428571,2.58303599718966e-05,1.07894884487737e-05
3053,0,63-5132,2019,3400,3266,134,84,36,5,Major Collector,4,Suburban,Other Road,3,Oakland,0-99,0-99,100-199,MD,1,1,33.8181818181818,14.7857142857143,0.000160148231825759,4.96316468643589e-05
3053,0,63-5132,2019,3400,3266,134,84,36,5,Major Collector,4,Suburban,Other Road,3,Oakland,0-99,0-99,100-199,PM,1,1,37.0909090909091,12.8571428571429,0.000175646447808897,4.31579537950947e-05
3053,0,63-5132,2019,3400,3266,134,84,36,5,Major Collector,4,Suburban,Other Road,3,Oakland,0-99,0-99,100-199,EV,1,1,5.45454545454545,1.92857142857143,2.58303599718966e-05,6.4736930692642e-06
3053,0,63-5132,2019,3400,3266,134,84,36,5,Major Collector,4,Suburban,Other Road,3,Oakland,0-99,0-99,100-199,NT,1,1,2.18181818181818,3.21428571428571,1.03321439887586e-05,1.07894884487737e-05
3054,0,63-5523,2018,7324,7239,84,59,28,5,Major Collector,4,Suburban,Other Road,3,Oakland,0-99,0-99,0-99,AM,1,1,13.2241379310345,4.14814814814815,6.26237778973826e-05,1.39242122532322e-05
3054,0,63-5523,2018,7324,7239,84,59,28,5,Major Collector,4,Suburban,Other Road,3,Oakland,0-99,0-99,0-99,MD,1,1,16.2758620689655,10.3703703703704,7.70754189506247e-05,3.48105306330805e-05
3054,0,63-5523,2018,7324,7239,84,59,28,5,Major Collector,4,Suburban,Other Road,3,Oakland,0-99,0-99,0-99,PM,1,1,25.6853448275862,10.3703703703704,0.000121634645531455,3.48105306330805e-05
3054,0,63-5523,2018,7324,7239,84,59,28,5,Major Collector,4,Suburban,Other Road,3,Oakland,0-99,0-99,0-99,EV,1,1,1.7801724137931,2.59259259259259,8.43012394772458e-06,8.70263265827012e-06
3054,0,63-5523,2018,7324,7239,84,59,28,5,Major Collector,4,Suburban,Other Road,3,Oakland,0-99,0-99,0-99,NT,1,1,2.03448275862069,0.518518518518519,9.63442736882809e-06,1.74052653165402e-06
3066,1,63-5965,2019,25157,24345,812,437,320,3,Principal Arterial,4,Suburban,Freeway/Prin. Art.,3,Oakland,200-499,200-499,500-999,AM,1,1,74.5,59,0.000352799666616154,0.00019804705463749
3066,1,63-5965,2019,25157,24345,812,437,320,3,Principal Arterial,4,Suburban,Freeway/Prin. Art.,3,Oakland,200-499,200-499,500-999,MD,1,1,203.5,126.5,0.000963687679951508,0.000424626312061737
3066,1,63-5965,2019,25157,24345,812,437,320,3,Principal Arterial,4,Suburban,Freeway/Prin. Art.,3,Oakland,200-499,200-499,500-999,PM,1,1,113,46,0.000535118957417791,0.00015440956802245
3066,1,63-5965,2019,25157,24345,812,437,320,3,Principal Arterial,4,Suburban,Freeway/Prin. Art.,3,Oakland,200-499,200-499,500-999,EV,1,1,24.5,23.5,0.000116021366873769,7.88831488810341e-05
3066,1,63-5965,2019,25157,24345,812,437,320,3,Principal Arterial,4,Suburban,Freeway/Prin. Art.,3,Oakland,200-499,200-499,500-999,NT,1,1,21.5,65,0.000101814668889226,0.000218187433075201
3070,0,63-5015,2018,5237,5166,70,62,10,5,Major Collector,5,Rural,Other Road,3,Oakland,0-99,0-99,0-99,AM,1,1,17.0245901639344,3.33333333333333,8.06210702565466e-05,1.11890991320616e-05
3070,0,63-5015,2018,5237,5166,70,62,10,5,Major Collector,5,Rural,Other Road,3,Oakland,0-99,0-99,0-99,MD,1,1,23.1229508196721,3.61111111111111,0.000109500259602175,1.21215240597334e-05
3070,0,63-5015,2018,5237,5166,70,62,10,5,Major Collector,5,Rural,Other Road,3,Oakland,0-99,0-99,0-99,PM,1,1,13.9754098360656,1.38888888888889,6.61814755837323e-05,4.66212463835899e-06
3070,0,63-5015,2018,5237,5166,70,62,10,5,Major Collector,5,Rural,Other Road,3,Oakland,0-99,0-99,0-99,EV,1,1,2.0327868852459,0.555555555555556,9.62639644854287e-06,1.8648498553436e-06
3070,0,63-5015,2018,5237,5166,70,62,10,5,Major Collector,5,Rural,Other Road,3,Oakland,0-99,0-99,0-99,NT,1,1,5.84426229508197,1.11111111111111,2.76758897895608e-05,3.72969971068719e-06
3074,1,63-4632,2019,12851,12445,406,228,133,3,Principal Arterial,3,Urban,Freeway/Prin. Art.,3,Oakland,100-199,200-499,200-499,AM,1,1,20.3076923076923,24.4756944444444,9.6168417126138e-05,8.21582914394813e-05
3074,1,63-4632,2019,12851,12445,406,228,133,3,Principal Arterial,3,Urban,Freeway/Prin. Art.,3,Oakland,100-199,200-499,200-499,MD,1,1,114.461538461538,56.8020833333333,0.000542040169256414,0.000190669242397287
3074,1,63-4632,2019,12851,12445,406,228,133,3,Principal Arterial,3,Urban,Freeway/Prin. Art.,3,Oakland,100-199,200-499,200-499,PM,1,1,60.4615384615385,24.9375,0.000286319605534638,8.37084478817357e-05
3074,1,63-4632,2019,12851,12445,406,228,133,3,Principal Arterial,3,Urban,Freeway/Prin. Art.,3,Oakland,100-199,200-499,200-499,EV,1,1,18.9230769230769,9.69791666666667,8.96114795948104e-05,3.25532852873417e-05
3074,1,63-4632,2019,12851,12445,406,228,133,3,Principal Arterial,3,Urban,Freeway/Prin. Art.,3,Oakland,100-199,200-499,200-499,NT,1,1,13.8461538461538,17.0868055555556,6.55693753132759e-05,5.73557883634115e-05
3085,0,63-5337,2018,1181,1155,25,21,7,5,Major Collector,5,Rural,Other Road,3,Oakland,0-99,0-99,0-99,AM,1,1,4.725,1.25,2.23755493256554e-05,4.19591217452309e-06
3085,0,63-5337,2018,1181,1155,25,21,7,5,Major Collector,5,Rural,Other Road,3,Oakland,0-99,0-99,0-99,MD,1,1,8.925,0.75,4.22649265040158e-05,2.51754730471386e-06
3085,0,63-5337,2018,1181,1155,25,21,7,5,Major Collector,5,Rural,Other Road,3,Oakland,0-99,0-99,0-99,PM,1,1,4.2,2.75,1.98893771783604e-05,9.2310067839508e-06
3085,0,63-5337,2018,1181,1155,25,21,7,5,Major Collector,5,Rural,Other Road,3,Oakland,0-99,0-99,0-99,EV,1,1,0,1,0,3.35672973961847e-06
3085,0,63-5337,2018,1181,1155,25,21,7,5,Major Collector,5,Rural,Other Road,3,Oakland,0-99,0-99,0-99,NT,1,1,3.15,1.25,1.49170328837703e-05,4.19591217452309e-06
3098,1,63-5773,2018,7740,7415,324,94,227,4,Minor Arterial,3,Urban,Other Road,3,Oakland,200-499,0-99,200-499,AM,1,1,13.572192513369,23.9079822616408,6.42720133418368e-05,8.02526350719206e-05
3098,1,63-5773,2018,7740,7415,324,94,227,4,Minor Arterial,3,Urban,Other Road,3,Oakland,200-499,0-99,200-499,MD,1,1,41.7219251336898,57.1274944567628,0.000197576929902683,0.000191761559592905
3098,1,63-5773,2018,7740,7415,324,94,227,4,Minor Arterial,3,Urban,Other Road,3,Oakland,200-499,0-99,200-499,PM,1,1,25.8877005347594,122.308203991131,0.000122592914337207,0.000410555585736352
3098,1,63-5773,2018,7740,7415,324,94,227,4,Minor Arterial,3,Urban,Other Road,3,Oakland,200-499,0-99,200-499,EV,1,1,4.77540106951872,18.3713968957871,2.26142269165722e-05,6.16678143184232e-05
3098,1,63-5773,2018,7740,7415,324,94,227,4,Minor Arterial,3,Urban,Other Road,3,Oakland,200-499,0-99,200-499,NT,1,1,8.0427807486631,5.28492239467849,3.80871190173847e-05,1.7740056173793e-05
3099,0,63-5150,2018,12548,12371,177,108,46,3,Principal Arterial,4,Suburban,Freeway/Prin. Art.,3,Oakland,0-99,100-199,100-199,AM,1,1,19.9830508474576,8.16129032258065,9.46310560665329e-05,2.73952459394669e-05
3099,0,63-5150,2018,12548,12371,177,108,46,3,Principal Arterial,4,Suburban,Freeway/Prin. Art.,3,Oakland,0-99,100-199,100-199,MD,1,1,52.3220338983051,25.7204301075269,0.000247774444510082,8.63365326577139e-05
3099,0,63-5150,2018,12548,12371,177,108,46,3,Principal Arterial,4,Suburban,Freeway/Prin. Art.,3,Oakland,0-99,100-199,100-199,PM,1,1,25.3220338983051,8.65591397849462,0.000119914162649194,2.90555638751922e-05
3099,0,63-5150,2018,12548,12371,177,108,46,3,Principal Arterial,4,Suburban,Freeway/Prin. Art.,3,Oakland,0-99,100-199,100-199,EV,1,1,2.59322033898305,0.741935483870968,1.22803660544356e-05,2.4904769035879e-06
3099,0,63-5150,2018,12548,12371,177,108,46,3,Principal Arterial,4,Suburban,Freeway/Prin. Art.,3,Oakland,0-99,100-199,100-199,NT,1,1,7.77966101694915,2.72043010752688,3.68410981633067e-05,9.13174864648897e-06
3106,1,63-5977,2019,18404,17594,810,472,299,3,Principal Arterial,4,Suburban,Freeway/Prin. Art.,3,Oakland,200-499,200-499,500-999,AM,1,1,76.5,54.5,0.000362270798605849,0.000182941770809207
3106,1,63-5977,2019,18404,17594,810,472,299,3,Principal Arterial,4,Suburban,Freeway/Prin. Art.,3,Oakland,200-499,200-499,500-999,MD,1,1,215.5,140.5,0.00102051447188968,0.000471620528416396
3106,1,63-5977,2019,18404,17594,810,472,299,3,Principal Arterial,4,Suburban,Freeway/Prin. Art.,3,Oakland,200-499,200-499,500-999,PM,1,1,127.5,49.5,0.000603784664343082,0.000166158122111114
3106,1,63-5977,2019,18404,17594,810,472,299,3,Principal Arterial,4,Suburban,Freeway/Prin. Art.,3,Oakland,200-499,200-499,500-999,EV,1,1,28,9,0.000132595847855736,3.02105676565663e-05
3106,1,63-5977,2019,18404,17594,810,472,299,3,Principal Arterial,4,Suburban,Freeway/Prin. Art.,3,Oakland,200-499,200-499,500-999,NT,1,1,24.5,45.5,0.000116021366873769,0.000152731203152641
3107,1,63-5147,2018,36870,35989,881,383,258,3,Principal Arterial,3,Urban,Freeway/Prin. Art.,3,Oakland,200-499,200-499,500-999,AM,1,1,58.4716231555051,39.5,0.00027689623027876,0.00013259082471493
3107,1,63-5147,2018,36870,35989,881,383,258,3,Principal Arterial,3,Urban,Freeway/Prin. Art.,3,Oakland,200-499,200-499,500-999,MD,1,1,175.197502837684,135.5,0.000829659336820373,0.000454836879718303
3107,1,63-5147,2018,36870,35989,881,383,258,3,Principal Arterial,3,Urban,Freeway/Prin. Art.,3,Oakland,200-499,200-499,500-999,PM,1,1,83.0340522133939,46.5,0.000393213234076157,0.000156087932892259
3107,1,63-5147,2018,36870,35989,881,383,258,3,Principal Arterial,3,Urban,Freeway/Prin. Art.,3,Oakland,200-499,200-499,500-999,EV,1,1,19.1282633371169,11,9.05831533997429e-05,3.69240271358032e-05
3107,1,63-5147,2018,36870,35989,881,383,258,3,Principal Arterial,3,Urban,Freeway/Prin. Art.,3,Oakland,200-499,200-499,500-999,NT,1,1,47.1685584562997,25.5,0.000223369821451639,8.55966083602711e-05
3109,1,63-5009,2018,18813,18204,608,342,264,3,Principal Arterial,4,Suburban,Freeway/Prin. Art.,3,Oakland,200-499,200-499,500-999,AM,1,1,88.7595307917889,18.6768642447419,0.000420326615736233,6.2693185653142e-05
3109,1,63-5009,2018,18813,18204,608,342,264,3,Principal Arterial,4,Suburban,Freeway/Prin. Art.,3,Oakland,200-499,200-499,500-999,MD,1,1,114.08357771261,53.0019120458891,0.000540250311186401,0.000177913094421079
3109,1,63-5009,2018,18813,18204,608,342,264,3,Principal Arterial,4,Suburban,Freeway/Prin. Art.,3,Oakland,200-499,200-499,500-999,PM,1,1,115.33724340176,160.015296367113,0.000546187127792845,0.000537128104109352
3109,1,63-5009,2018,18813,18204,608,342,264,3,Principal Arterial,4,Suburban,Freeway/Prin. Art.,3,Oakland,200-499,200-499,500-999,EV,1,1,7.27126099706745,29.2772466539197,3.4433536317375e-05,9.82758045373577e-05
3109,1,63-5009,2018,18813,18204,608,342,264,3,Principal Arterial,4,Suburban,Freeway/Prin. Art.,3,Oakland,200-499,200-499,500-999,NT,1,1,16.5483870967742,3.02868068833652,7.83659792050604e-05,1.01664625383473e-05
3112,1,63-8409,2019,53814,52615,1199,534,644,2,Other Freeway,4,Suburban,Freeway/Prin. Art.,3,Oakland,500-999,500-999,1000-1999,AM,1,1,90.8078303277783,104.480519485235,0.000430026473366127,0.000350712866966876
3112,1,63-8409,2019,53814,52615,1199,534,644,2,Other Freeway,4,Suburban,Freeway/Prin. Art.,3,Oakland,500-999,500-999,1000-1999,MD,1,1,253.350419800651,292.017812900398,0.00119975763278835,0.000980224877061108
3112,1,63-8409,2019,53814,52615,1199,534,644,2,Other Freeway,4,Suburban,Freeway/Prin. Art.,3,Oakland,500-999,500-999,1000-1999,PM,1,1,114.588047682965,124.469566582451,0.000542639262023438,0.000417810695824734
3112,1,63-8409,2019,53814,52615,1199,534,644,2,Other Freeway,4,Suburban,Freeway/Prin. Art.,3,Oakland,500-999,500-999,1000-1999,EV,1,1,23.8428962496829,41.6335364777632,0.00011290960869868,0.000139752530060398
3112,1,63-8409,2019,53814,52615,1199,534,644,2,Other Freeway,4,Suburban,Freeway/Prin. Art.,3,Oakland,500-999,500-999,1000-1999,NT,1,1,51.4108059389225,81.3985645541534,0.000243459264372076,0.000273232982401181
3135,1,63-5504,2018,19866,18992,873,173,699,3,Principal Arterial,4,Suburban,Freeway/Prin. Art.,3,Oakland,500-999,100-199,500-999,AM,1,1,36.104347826087,167.119541875447,0.000170974521831371,0.000560975136284729
3135,1,63-5504,2018,19866,18992,873,173,699,3,Principal Arterial,4,Suburban,Freeway/Prin. Art.,3,Oakland,500-999,100-199,500-999,MD,1,1,58.9202898550725,127.591267000716,0.000279020921044251,0.000428289400456904
3135,1,63-5504,2018,19866,18992,873,173,699,3,Principal Arterial,4,Suburban,Freeway/Prin. Art.,3,Oakland,500-999,100-199,500-999,PM,1,1,59.4217391304348,362.259126700072,0.000281395567180798,0.00121600598404235
3135,1,63-5504,2018,19866,18992,873,173,699,3,Principal Arterial,4,Suburban,Freeway/Prin. Art.,3,Oakland,500-999,100-199,500-999,EV,1,1,11.031884057971,36.5261274158912,5.224221500403e-05,0.000122608338170016
3135,1,63-5504,2018,19866,18992,873,173,699,3,Principal Arterial,4,Suburban,Freeway/Prin. Art.,3,Oakland,500-999,100-199,500-999,NT,1,1,7.52173913043478,5.50393700787402,3.56196920482023e-05,1.84752290393174e-05
3155,1,63-4745,2019,8152,7760,392,178,177,3,Principal Arterial,3,Urban,Freeway/Prin. Art.,3,Oakland,100-199,100-199,200-499,AM,1,1,41.0414507772021,38.71875,0.000194354498679734,0.000129968379605853
3155,1,63-4745,2019,8152,7760,392,178,177,3,Principal Arterial,3,Urban,Freeway/Prin. Art.,3,Oakland,100-199,100-199,200-499,MD,1,1,78.3937823834197,59,0.000371238930062413,0.00019804705463749
3155,1,63-4745,2019,8152,7760,392,178,177,3,Principal Arterial,3,Urban,Freeway/Prin. Art.,3,Oakland,100-199,100-199,200-499,PM,1,1,22.5958549222798,30.421875,0.00010700416219446,0.000102118012547456
3155,1,63-4745,2019,8152,7760,392,178,177,3,Principal Arterial,3,Urban,Freeway/Prin. Art.,3,Oakland,100-199,100-199,200-499,EV,1,1,8.76165803108808,15.671875,4.1491409830505e-05,5.26062488880833e-05
3155,1,63-4745,2019,8152,7760,392,178,177,3,Principal Arterial,3,Urban,Freeway/Prin. Art.,3,Oakland,100-199,100-199,200-499,NT,1,1,27.2072538860104,33.1875,0.000128841746315779,0.000111401468233588
3162,0,63-6119,2019,4906,4885,21,19,2,4,Minor Arterial,4,Suburban,Other Road,3,Oakland,0-99,0-99,0-99,AM,1,1,6.82051282051282,0,3.22989885802433e-05,0
3162,0,63-6119,2019,4906,4885,21,19,2,4,Minor Arterial,4,Suburban,Other Road,3,Oakland,0-99,0-99,0-99,MD,1,1,8.52564102564103,2,4.03737357253041e-05,6.71345947923695e-06
3162,0,63-6119,2019,4906,4885,21,19,2,4,Minor Arterial,4,Suburban,Other Road,3,Oakland,0-99,0-99,0-99,PM,1,1,2.92307692307692,0,1.38424236772471e-05,0
3162,0,63-6119,2019,4906,4885,21,19,2,4,Minor Arterial,4,Suburban,Other Road,3,Oakland,0-99,0-99,0-99,EV,1,1,0.243589743589744,0,1.15353530643726e-06,0
3162,0,63-6119,2019,4906,4885,21,19,2,4,Minor Arterial,4,Suburban,Other Road,3,Oakland,0-99,0-99,0-99,NT,1,1,0.487179487179487,0,2.30707061287452e-06,0
3197,1,63-5286,2018,18839,17702,1136,401,715,3,Principal Arterial,4,Suburban,Freeway/Prin. Art.,3,Oakland,500-999,200-499,1000-1999,AM,1,1,57.1425,90.1260504201681,0.000270602079860585,0.000302528793759732
3197,1,63-5286,2018,18839,17702,1136,401,715,3,Principal Arterial,4,Suburban,Freeway/Prin. Art.,3,Oakland,500-999,200-499,1000-1999,MD,1,1,185.4625,249.84943977591,0.000878269908319442,0.000838677044922813
3197,1,63-5286,2018,18839,17702,1136,401,715,3,Principal Arterial,4,Suburban,Freeway/Prin. Art.,3,Oakland,500-999,200-499,1000-1999,PM,1,1,104.26,275.885854341737,0.000493730110622822,0.000926074252008958
3197,1,63-5286,2018,18839,17702,1136,401,715,3,Principal Arterial,4,Suburban,Freeway/Prin. Art.,3,Oakland,500-999,200-499,1000-1999,EV,1,1,15.0375,42.5595238095238,7.12110736475224e-05,0.000142860819275429
3197,1,63-5286,2018,18839,17702,1136,401,715,3,Principal Arterial,4,Suburban,Freeway/Prin. Art.,3,Oakland,500-999,200-499,1000-1999,NT,1,1,39.0975,56.5791316526611,0.000185148791483558,0.000189920853860276
3203,1,63-5410,2018,13205,12820,384,194,190,3,Principal Arterial,4,Suburban,Freeway/Prin. Art.,3,Oakland,100-199,100-199,200-499,AM,1,1,38.3488372093023,38.1002638522427,0.000181603449430322,0.000127892288760134
3203,1,63-5410,2018,13205,12820,384,194,190,3,Principal Arterial,4,Suburban,Freeway/Prin. Art.,3,Oakland,100-199,100-199,200-499,MD,1,1,95.9974160206718,73.44327176781,0.000454602098900742,0.00024652921451789
3203,1,63-5410,2018,13205,12820,384,194,190,3,Principal Arterial,4,Suburban,Freeway/Prin. Art.,3,Oakland,100-199,100-199,200-499,PM,1,1,40.8552971576227,49.6306068601583,0.000193472955929036,0.000166596534042806
3203,1,63-5410,2018,13205,12820,384,194,190,3,Principal Arterial,4,Suburban,Freeway/Prin. Art.,3,Oakland,100-199,100-199,200-499,EV,1,1,8.02067183462532,10.778364116095,3.79824207958844e-05,3.61800553729326e-05
3203,1,63-5410,2018,13205,12820,384,194,190,3,Principal Arterial,4,Suburban,Freeway/Prin. Art.,3,Oakland,100-199,100-199,200-499,NT,1,1,10.7777777777778,18.0474934036939,5.10388779444697e-05,6.05805578337477e-05
3214,1,63-5955,2019,15066,14401,665,324,231,3,Principal Arterial,3,Urban,Freeway/Prin. Art.,3,Oakland,200-499,200-499,500-999,AM,1,1,49,42.5,0.000232042733747538,0.000142661013933785
3214,1,63-5955,2019,15066,14401,665,324,231,3,Principal Arterial,3,Urban,Freeway/Prin. Art.,3,Oakland,200-499,200-499,500-999,MD,1,1,129.5,81.5,0.000613255796332778,0.000273573473778906
3214,1,63-5955,2019,15066,14401,665,324,231,3,Principal Arterial,3,Urban,Freeway/Prin. Art.,3,Oakland,200-499,200-499,500-999,PM,1,1,75,39,0.000355167449613578,0.00013091245984512
3214,1,63-5955,2019,15066,14401,665,324,231,3,Principal Arterial,3,Urban,Freeway/Prin. Art.,3,Oakland,200-499,200-499,500-999,EV,1,1,26.5,23.5,0.000125492498863464,7.88831488810341e-05
3214,1,63-5955,2019,15066,14401,665,324,231,3,Principal Arterial,3,Urban,Freeway/Prin. Art.,3,Oakland,200-499,200-499,500-999,NT,1,1,44,44.5,0.000208364903773299,0.000149374473413022
3244,0,63-5442,2018,429,409,19,17,0,5,Major Collector,5,Rural,Other Road,3,Oakland,0-99,0-99,0-99,AM,1,1,2,0,9.47113198969541e-06,0
3244,0,63-5442,2018,429,409,19,17,0,5,Major Collector,5,Rural,Other Road,3,Oakland,0-99,0-99,0-99,MD,1,1,8.5,0,4.02523109562055e-05,0
3244,0,63-5442,2018,429,409,19,17,0,5,Major Collector,5,Rural,Other Road,3,Oakland,0-99,0-99,0-99,PM,1,1,6.5,0,3.07811789665101e-05,0
3244,0,63-5442,2018,429,409,19,17,0,5,Major Collector,5,Rural,Other Road,3,Oakland,0-99,0-99,0-99,EV,1,1,0,0,0,0
3244,0,63-5442,2018,429,409,19,17,0,5,Major Collector,5,Rural,Other Road,3,Oakland,0-99,0-99,0-99,NT,1,1,0,0,0,0
3250,1,63-5960,2017,12607,12103,503,205,302,3,Principal Arterial,3,Urban,Freeway/Prin. Art.,3,Oakland,200-499,200-499,500-999,AM,1,1,43.8569682151589,40.1996672212978,0.000207687567316823,0.000134939418484496
3250,1,63-5960,2017,12607,12103,503,205,302,3,Principal Arterial,3,Urban,Freeway/Prin. Art.,3,Oakland,200-499,200-499,500-999,MD,1,1,76.4364303178484,78.6405990016639,0.000361969760180749,0.000263975237410296
3250,1,63-5960,2017,12607,12103,503,205,302,3,Principal Arterial,3,Urban,Freeway/Prin. Art.,3,Oakland,200-499,200-499,500-999,PM,1,1,40.59902200489,79.6455906821964,0.000192259348030431,0.000267348722872409
3250,1,63-5960,2017,12607,12103,503,205,302,3,Principal Arterial,3,Urban,Freeway/Prin. Art.,3,Oakland,200-499,200-499,500-999,EV,1,1,21.3019559902201,51.757071547421,0.000100876818411028,0.000173734501298789
3250,1,63-5960,2017,12607,12103,503,205,302,3,Principal Arterial,3,Urban,Freeway/Prin. Art.,3,Oakland,200-499,200-499,500-999,NT,1,1,22.8056234718826,51.757071547421,0.000107997535004748,0.000173734501298789
3255,0,63-5979,2019,14429,14170,259,143,41,3,Principal Arterial,3,Urban,Freeway/Prin. Art.,3,Oakland,0-99,100-199,100-199,AM,1,1,26,7,0.00012312471586604,2.34971081773293e-05
3255,0,63-5979,2019,14429,14170,259,143,41,3,Principal Arterial,3,Urban,Freeway/Prin. Art.,3,Oakland,0-99,100-199,100-199,MD,1,1,72.5,18,0.000343328534626459,6.04211353131325e-05
3255,0,63-5979,2019,14429,14170,259,143,41,3,Principal Arterial,3,Urban,Freeway/Prin. Art.,3,Oakland,0-99,100-199,100-199,PM,1,1,28.5,5.5,0.00013496363085316,1.84620135679016e-05
3255,0,63-5979,2019,14429,14170,259,143,41,3,Principal Arterial,3,Urban,Freeway/Prin. Art.,3,Oakland,0-99,100-199,100-199,EV,1,1,9,5.5,4.26200939536293e-05,1.84620135679016e-05
3255,0,63-5979,2019,14429,14170,259,143,41,3,Principal Arterial,3,Urban,Freeway/Prin. Art.,3,Oakland,0-99,100-199,100-199,NT,1,1,7,5,3.31489619639339e-05,1.67836486980924e-05
3269,1,63-6089,2017,4283,4113,169,20,151,3,Principal Arterial,3,Urban,Freeway/Prin. Art.,3,Oakland,100-199,0-99,100-199,AM,1,1,3.58974358974359,28.093023255814,1.69994676738123e-05,9.43006866385841e-05
3269,1,63-6089,2017,4283,4113,169,20,151,3,Principal Arterial,3,Urban,Freeway/Prin. Art.,3,Oakland,100-199,0-99,100-199,MD,1,1,2.82051282051282,40.3837209302326,1.33567246008525e-05,0.000135557237042965
3269,1,63-6089,2017,4283,4113,169,20,151,3,Principal Arterial,3,Urban,Freeway/Prin. Art.,3,Oakland,100-199,0-99,100-199,PM,1,1,7.17948717948718,57.9418604651163,3.39989353476245e-05,0.00019449516619208
3269,1,63-6089,2017,4283,4113,169,20,151,3,Principal Arterial,3,Urban,Freeway/Prin. Art.,3,Oakland,100-199,0-99,100-199,EV,1,1,4.87179487179487,19.063122923588,2.30707061287452e-05,6.39897516476106e-05
3269,1,63-6089,2017,4283,4113,169,20,151,3,Principal Arterial,3,Urban,Freeway/Prin. Art.,3,Oakland,100-199,0-99,100-199,NT,1,1,1.53846153846154,5.51827242524917,7.28548614591954e-06,1.85233491611505e-05
3294,1,63-4856,2019,22686,21822,864,432,400,2,Other Freeway,4,Suburban,Freeway/Prin. Art.,3,Oakland,200-499,200-499,500-999,AM,1,1,93.5614973262032,78.150289017341,0.000443066645165002,0.000262329399304288
3294,1,63-4856,2019,22686,21822,864,432,400,2,Other Freeway,4,Suburban,Freeway/Prin. Art.,3,Oakland,200-499,200-499,500-999,MD,1,1,197.980748663102,169.71098265896,0.000937550901003474,0.000569673902631205
3294,1,63-4856,2019,22686,21822,864,432,400,2,Other Freeway,4,Suburban,Freeway/Prin. Art.,3,Oakland,200-499,200-499,500-999,PM,1,1,90.096256684492,71.21387283237,0.00042665676941815,0.000239045724809824
3294,1,63-4856,2019,22686,21822,864,432,400,2,Other Freeway,4,Suburban,Freeway/Prin. Art.,3,Oakland,200-499,200-499,500-999,EV,1,1,15.9401069518717,24.5086705202312,7.54854284355189e-05,8.22689832137707e-05
3294,1,63-4856,2019,22686,21822,864,432,400,2,Other Freeway,4,Suburban,Freeway/Prin. Art.,3,Oakland,200-499,200-499,500-999,NT,1,1,34.4213903743316,56.4161849710983,0.000163004765752063,0.000189373885888302
3320,1,63-5519,2019,18131,17503,628,463,159,3,Principal Arterial,4,Suburban,Freeway/Prin. Art.,3,Oakland,100-199,200-499,500-999,AM,1,1,87,16,0.00041199424155175,5.37076758338956e-05
3320,1,63-5519,2019,18131,17503,628,463,159,3,Principal Arterial,4,Suburban,Freeway/Prin. Art.,3,Oakland,100-199,200-499,500-999,MD,1,1,239.5,82.5,0.00113416805576603,0.000276930203518524
3320,1,63-5519,2019,18131,17503,628,463,159,3,Principal Arterial,4,Suburban,Freeway/Prin. Art.,3,Oakland,100-199,200-499,500-999,PM,1,1,101,36,0.000478292165479618,0.000120842270626265
3320,1,63-5519,2019,18131,17503,628,463,159,3,Principal Arterial,4,Suburban,Freeway/Prin. Art.,3,Oakland,100-199,200-499,500-999,EV,1,1,12.5,8.5,5.91945749355963e-05,2.8532202786757e-05
3320,1,63-5519,2019,18131,17503,628,463,159,3,Principal Arterial,4,Suburban,Freeway/Prin. Art.,3,Oakland,100-199,200-499,500-999,NT,1,1,23,16,0.000108918017881497,5.37076758338956e-05
3364,1,63-5461,2018,12664,12288,375,209,155,4,Minor Arterial,4,Suburban,Other Road,3,Oakland,100-199,200-499,200-499,AM,1,1,30.5468892955169,25.3598701794578,0.000144656810196227,8.51262304242497e-05
3364,1,63-5461,2018,12664,12288,375,209,155,4,Minor Arterial,4,Suburban,Other Road,3,Oakland,100-199,200-499,200-499,MD,1,1,67.403934126258,58.2063764795724,0.000319195778367262,0.00019538307496441
3364,1,63-5461,2018,12664,12288,375,209,155,4,Minor Arterial,4,Suburban,Other Road,3,Oakland,100-199,200-499,200-499,PM,1,1,62.8625343092406,40.0076365024819,0.000297689679824787,0.000134294823259727
3364,1,63-5461,2018,12664,12288,375,209,155,4,Minor Arterial,4,Suburban,Other Road,3,Oakland,100-199,200-499,200-499,EV,1,1,25.7664684354986,18.672203130966,0.000122018811730464,6.26775395539108e-05
3364,1,63-5461,2018,12664,12288,375,209,155,4,Minor Arterial,4,Suburban,Other Road,3,Oakland,100-199,200-499,200-499,NT,1,1,22.4201738334858,12.753913707522,0.00010617221280443,4.28114414385667e-05
3367,1,63-5953,2019,7458,7014,444,184,158,3,Principal Arterial,3,Urban,Freeway/Prin. Art.,3,Oakland,100-199,100-199,200-499,AM,1,1,22,31,0.00010418245188665,0.000104058621928173
3367,1,63-5953,2019,7458,7014,444,184,158,3,Principal Arterial,3,Urban,Freeway/Prin. Art.,3,Oakland,100-199,100-199,200-499,MD,1,1,76.5,32.5,0.000362270798605849,0.0001090937165376
3367,1,63-5953,2019,7458,7014,444,184,158,3,Principal Arterial,3,Urban,Freeway/Prin. Art.,3,Oakland,100-199,100-199,200-499,PM,1,1,46.5,30,0.000220203818760418,0.000100701892188554
3367,1,63-5953,2019,7458,7014,444,184,158,3,Principal Arterial,3,Urban,Freeway/Prin. Art.,3,Oakland,100-199,100-199,200-499,EV,1,1,20,18.5,9.47113198969541e-05,6.20995001829418e-05
3367,1,63-5953,2019,7458,7014,444,184,158,3,Principal Arterial,3,Urban,Freeway/Prin. Art.,3,Oakland,100-199,100-199,200-499,NT,1,1,19,46,8.99757539021064e-05,0.00015440956802245
3379,1,63-4601,2018,25723,24749,973,517,386,3,Principal Arterial,3,Urban,Freeway/Prin. Art.,3,Oakland,200-499,500-999,500-999,AM,1,1,77.7690677966102,62.6731182795699,0.000368280552908633,0.000210376720003658
3379,1,63-4601,2018,25723,24749,973,517,386,3,Principal Arterial,3,Urban,Freeway/Prin. Art.,3,Oakland,200-499,500-999,500-999,MD,1,1,220.528248587571,131.156989247312,0.00104432607491462,0.000440258566365272
3379,1,63-4601,2018,25723,24749,973,517,386,3,Principal Arterial,3,Urban,Freeway/Prin. Art.,3,Oakland,200-499,500-999,500-999,PM,1,1,146.045197740113,66.4086021505376,0.000691606672128888,0.000222915729805201
3379,1,63-4601,2018,25723,24749,973,517,386,3,Principal Arterial,3,Urban,Freeway/Prin. Art.,3,Oakland,200-499,500-999,500-999,EV,1,1,38.7019774011299,39.8451612903226,0.000183275768114155,0.000133749437883121
3379,1,63-4601,2018,25723,24749,973,517,386,3,Principal Arterial,3,Urban,Freeway/Prin. Art.,3,Oakland,200-499,500-999,500-999,NT,1,1,33.9555084745763,85.9161290322581,0.000160798551269966,0.000288397225435479
3408,0,63-5999,2019,1473,1456,17,9,8,5,Major Collector,2,Urban Fringe,Other Road,3,Oakland,0-99,0-99,0-99,AM,1,1,2.84210526315789,2.13333333333333,1.34589770379882e-05,7.16102344451941e-06
3408,0,63-5999,2019,1473,1456,17,9,8,5,Major Collector,2,Urban Fringe,Other Road,3,Oakland,0-99,0-99,0-99,MD,1,1,4.5,0.533333333333333,2.13100469768147e-05,1.79025586112985e-06
3408,0,63-5999,2019,1473,1456,17,9,8,5,Major Collector,2,Urban Fringe,Other Road,3,Oakland,0-99,0-99,0-99,PM,1,1,1.18421052631579,3.46666666666667,5.60790709916175e-06,1.1636663097344e-05
3408,0,63-5999,2019,1473,1456,17,9,8,5,Major Collector,2,Urban Fringe,Other Road,3,Oakland,0-99,0-99,0-99,EV,1,1,0.473684210526316,1.86666666666667,2.2431628396647e-06,6.26589551395449e-06
3408,0,63-5999,2019,1473,1456,17,9,8,5,Major Collector,2,Urban Fringe,Other Road,3,Oakland,0-99,0-99,0-99,NT,1,1,0,0,0,0
3412,0,63-6049,2019,1083,1046,37,30,7,5,Major Collector,4,Suburban,Other Road,3,Oakland,0-99,0-99,0-99,AM,1,1,6.72413793103448,1.90909090909091,3.18425989308725e-05,6.40830223018072e-06
3412,0,63-6049,2019,1083,1046,37,30,7,5,Major Collector,4,Suburban,Other Road,3,Oakland,0-99,0-99,0-99,MD,1,1,10.0862068965517,1.59090909090909,4.77638983963087e-05,5.34025185848394e-06
3412,0,63-6049,2019,1083,1046,37,30,7,5,Major Collector,4,Suburban,Other Road,3,Oakland,0-99,0-99,0-99,PM,1,1,8.53448275862069,3.18181818181818,4.04156063353382e-05,1.06805037169679e-05
3412,0,63-6049,2019,1083,1046,37,30,7,5,Major Collector,4,Suburban,Other Road,3,Oakland,0-99,0-99,0-99,EV,1,1,3.10344827586207,0.318181818181818,1.46965841219412e-05,1.06805037169679e-06
3412,0,63-6049,2019,1083,1046,37,30,7,5,Major Collector,4,Suburban,Other Road,3,Oakland,0-99,0-99,0-99,NT,1,1,1.55172413793103,0,7.34829206097058e-06,0
3431,0,63-5085,2018,2218,2171,46,32,16,5,Major Collector,5,Rural,Other Road,3,Oakland,0-99,0-99,0-99,AM,1,1,4.82539682539683,2.58064516129032,2.28509851179953e-05,8.66252836030574e-06
3431,0,63-5085,2018,2218,2171,46,32,16,5,Major Collector,5,Rural,Other Road,3,Oakland,0-99,0-99,0-99,MD,1,1,16.5079365079365,8.25806451612903,7.81744227720891e-05,2.77200907529784e-05
3431,0,63-5085,2018,2218,2171,46,32,16,5,Major Collector,5,Rural,Other Road,3,Oakland,0-99,0-99,0-99,PM,1,1,8.88888888888889,4.12903225806452,4.20939199542018e-05,1.38600453764892e-05
3431,0,63-5085,2018,2218,2171,46,32,16,5,Major Collector,5,Rural,Other Road,3,Oakland,0-99,0-99,0-99,EV,1,1,1.52380952380952,0.516129032258065,7.21610056357745e-06,1.73250567206115e-06
3431,0,63-5085,2018,2218,2171,46,32,16,5,Major Collector,5,Rural,Other Road,3,Oakland,0-99,0-99,0-99,NT,1,1,0.253968253968254,0.516129032258065,1.20268342726291e-06,1.73250567206115e-06
3442,0,63-5448,2018,721,708,12,9,5,5,Major Collector,4,Suburban,Other Road,3,Oakland,0-99,0-99,0-99,AM,1,1,1.6875,1.94444444444444,7.9912676163055e-06,6.52697449370259e-06
3442,0,63-5448,2018,721,708,12,9,5,5,Major Collector,4,Suburban,Other Road,3,Oakland,0-99,0-99,0-99,MD,1,1,1.6875,0,7.9912676163055e-06,0
3442,0,63-5448,2018,721,708,12,9,5,5,Major Collector,4,Suburban,Other Road,3,Oakland,0-99,0-99,0-99,PM,1,1,4.5,1.11111111111111,2.13100469768147e-05,3.72969971068719e-06
3442,0,63-5448,2018,721,708,12,9,5,5,Major Collector,4,Suburban,Other Road,3,Oakland,0-99,0-99,0-99,EV,1,1,1.125,1.66666666666667,5.32751174420367e-06,5.59454956603079e-06
3442,0,63-5448,2018,721,708,12,9,5,5,Major Collector,4,Suburban,Other Road,3,Oakland,0-99,0-99,0-99,NT,1,1,0,0.277777777777778,0,9.32424927671798e-07
3462,0,63-5580,2019,2700,2643,57,28,28,3,Principal Arterial,5,Rural,Freeway/Prin. Art.,3,Oakland,0-99,0-99,0-99,AM,1,1,4.66666666666667,4.66666666666667,2.20993079759559e-05,1.56647387848862e-05
3462,0,63-5580,2019,2700,2643,57,28,28,3,Principal Arterial,5,Rural,Freeway/Prin. Art.,3,Oakland,0-99,0-99,0-99,MD,1,1,15.2962962962963,14.2592592592593,7.24366205878556e-05,4.78644796204856e-05
3462,0,63-5580,2019,2700,2643,57,28,28,3,Principal Arterial,5,Rural,Freeway/Prin. Art.,3,Oakland,0-99,0-99,0-99,PM,1,1,5.18518518518519,8.03703703703704,2.45547866399511e-05,2.69781612406374e-05
3462,0,63-5580,2019,2700,2643,57,28,28,3,Principal Arterial,5,Rural,Freeway/Prin. Art.,3,Oakland,0-99,0-99,0-99,EV,1,1,0.777777777777778,0,3.68321799599266e-06,0
3462,0,63-5580,2019,2700,2643,57,28,28,3,Principal Arterial,5,Rural,Freeway/Prin. Art.,3,Oakland,0-99,0-99,0-99,NT,1,1,2.07407407407407,1.03703703703704,9.82191465598042e-06,3.48105306330805e-06
3473,1,63-5413,2018,28615,27975,639,357,280,3,Principal Arterial,4,Suburban,Freeway/Prin. Art.,3,Oakland,200-499,200-499,500-999,AM,1,1,53.8253856942497,31.726618705036,0.000254893666153251,0.00010649768454473
3473,1,63-5413,2018,28615,27975,639,357,280,3,Principal Arterial,4,Suburban,Freeway/Prin. Art.,3,Oakland,200-499,200-499,500-999,MD,1,1,178.5,106.762589928058,0.000845298530080315,0.000358373160690203
3473,1,63-5413,2018,28615,27975,639,357,280,3,Principal Arterial,4,Suburban,Freeway/Prin. Art.,3,Oakland,200-499,200-499,500-999,PM,1,1,84.8688639551192,101.223021582734,0.000401902106167219,0.000339778326880805
3473,1,63-5413,2018,28615,27975,639,357,280,3,Principal Arterial,4,Suburban,Freeway/Prin. Art.,3,Oakland,200-499,200-499,500-999,EV,1,1,24.0336605890603,22.158273381295,0.000113812985817265,7.43793352375892e-05
3473,1,63-5413,2018,28615,27975,639,357,280,3,Principal Arterial,4,Suburban,Freeway/Prin. Art.,3,Oakland,200-499,200-499,500-999,NT,1,1,15.7720897615708,18.1294964028777,7.46897719425804e-05,6.08558197398457e-05
3486,1,63-5982,2019,22853,22246,607,357,144,3,Principal Arterial,3,Urban,Freeway/Prin. Art.,3,Oakland,100-199,200-499,500-999,AM,1,1,55.5,21,0.000262823912714048,7.0491324531988e-05
3486,1,63-5982,2019,22853,22246,607,357,144,3,Principal Arterial,3,Urban,Freeway/Prin. Art.,3,Oakland,100-199,200-499,500-999,MD,1,1,139.5,52,0.000660611456281255,0.000174549946460161
3486,1,63-5982,2019,22853,22246,607,357,144,3,Principal Arterial,3,Urban,Freeway/Prin. Art.,3,Oakland,100-199,200-499,500-999,PM,1,1,102,35,0.000483027731474466,0.000117485540886647
3486,1,63-5982,2019,22853,22246,607,357,144,3,Principal Arterial,3,Urban,Freeway/Prin. Art.,3,Oakland,100-199,200-499,500-999,EV,1,1,31.5,9,0.000149170328837703,3.02105676565663e-05
3486,1,63-5982,2019,22853,22246,607,357,144,3,Principal Arterial,3,Urban,Freeway/Prin. Art.,3,Oakland,100-199,200-499,500-999,NT,1,1,28.5,27,0.00013496363085316,9.06317029696988e-05
3501,1,63-5007,2018,9210,9050,159,76,82,4,Minor Arterial,4,Suburban,Other Road,3,Oakland,0-99,0-99,100-199,AM,1,1,18.8869047619048,13.6666666666667,8.94401839384034e-05,4.58753064414525e-05
3501,1,63-5007,2018,9210,9050,159,76,82,4,Minor Arterial,4,Suburban,Other Road,3,Oakland,0-99,0-99,100-199,MD,1,1,32.4583333333333,30.1557971014493,0.000153708579582765,0.000101224860952335
3501,1,63-5007,2018,9210,9050,159,76,82,4,Minor Arterial,4,Suburban,Other Road,3,Oakland,0-99,0-99,100-199,PM,1,1,15.3809523809524,30.304347826087,7.28375150636099e-05,0.000101723505587569
3501,1,63-5007,2018,9210,9050,159,76,82,4,Minor Arterial,4,Suburban,Other Road,3,Oakland,0-99,0-99,100-199,EV,1,1,5.54166666666667,6.68478260869565,2.62429282214477e-05,2.24390085854931e-05
3501,1,63-5007,2018,9210,9050,159,76,82,4,Minor Arterial,4,Suburban,Other Road,3,Oakland,0-99,0-99,100-199,NT,1,1,3.73214285714286,1.18840579710145,1.76738088021995e-05,3.98915708186543e-06
3516,1,63-8209,2019,58803,55674,3129,718,2346,1,Interstate Freeway,4,Suburban,Interstate,3,Oakland,2000+,500-999,2000+,AM,1,1,124.174911543805,332.535178500214,0.000588038488520064,0.00111623072314101
3516,1,63-8209,2019,58803,55674,3129,718,2346,1,Interstate Freeway,4,Suburban,Interstate,3,Oakland,2000+,500-999,2000+,MD,1,1,310.405326629488,969.402779144984,0.0014699449094062,0.00325402313842477
3516,1,63-8209,2019,58803,55674,3129,718,2346,1,Interstate Freeway,4,Suburban,Interstate,3,Oakland,2000+,500-999,2000+,PM,1,1,152.176502054608,381.339322035754,0.000720641868344675,0.00128005304316336
3516,1,63-8209,2019,58803,55674,3129,718,2346,1,Interstate Freeway,4,Suburban,Interstate,3,Oakland,2000+,500-999,2000+,EV,1,1,44.952805756365,183.72947350908,0.000212876978312836,0.000616730187772373
3516,1,63-8209,2019,58803,55674,3129,718,2346,1,Interstate Freeway,4,Suburban,Interstate,3,Oakland,2000+,500-999,2000+,NT,1,1,86.2904540157335,478.993246809969,0.000408634139716877,0.00160785087664343
3524,1,63-5096,2018,25964,25271,692,328,324,4,Minor Arterial,4,Suburban,Other Road,3,Oakland,200-499,200-499,500-999,AM,1,1,50.8274809160305,71.8608964451314,0.000240696890229725,0.000241217608213016
3524,1,63-5096,2018,25964,25271,692,328,324,4,Minor Arterial,4,Suburban,Other Road,3,Oakland,200-499,200-499,500-999,MD,1,1,170.509923664122,124.692426584235,0.000807460996287895,0.000418558776620495
3524,1,63-5096,2018,25964,25271,692,328,324,4,Minor Arterial,4,Suburban,Other Road,3,Oakland,200-499,200-499,500-999,PM,1,1,73.612213740458,89.6383307573416,0.000348595496194774,0.000300891650662926
3524,1,63-5096,2018,25964,25271,692,328,324,4,Minor Arterial,4,Suburban,Other Road,3,Oakland,200-499,200-499,500-999,EV,1,1,15.2732824427481,11.5177743431221,7.23276369655823e-05,3.86620556717726e-05
3524,1,63-5096,2018,25964,25271,692,328,324,4,Minor Arterial,4,Suburban,Other Road,3,Oakland,200-499,200-499,500-999,NT,1,1,17.7770992366412,26.29057187017,8.41846266320713e-05,8.82503444681766e-05
3532,1,63-5031,2018,32538,32050,488,322,81,3,Principal Arterial,4,Suburban,Freeway/Prin. Art.,3,Oakland,0-99,200-499,200-499,AM,1,1,51.8206388206388,13,0.000245400055030302,4.36374866150402e-05
3532,1,63-5031,2018,32538,32050,488,322,81,3,Principal Arterial,4,Suburban,Freeway/Prin. Art.,3,Oakland,0-99,200-499,200-499,MD,1,1,153.48402948403,35.5,0.000726833750776773,0.000119163905756456
3532,1,63-5031,2018,32538,32050,488,322,81,3,Principal Arterial,4,Suburban,Freeway/Prin. Art.,3,Oakland,0-99,200-499,200-499,PM,1,1,85.0491400491401,16.5,0.000402755815507748,5.53860407037048e-05
3532,1,63-5031,2018,32538,32050,488,322,81,3,Principal Arterial,4,Suburban,Freeway/Prin. Art.,3,Oakland,0-99,200-499,200-499,EV,1,1,13.0540540540541,5,6.18183344732822e-05,1.67836486980924e-05
3532,1,63-5031,2018,32538,32050,488,322,81,3,Principal Arterial,4,Suburban,Freeway/Prin. Art.,3,Oakland,0-99,200-499,200-499,NT,1,1,18.5921375921376,11,8.80442945528565e-05,3.69240271358032e-05
3537,1,63-8409,2019,53814,52615,1199,534,644,2,Other Freeway,4,Suburban,Freeway/Prin. Art.,3,Oakland,500-999,500-999,1000-1999,AM,1,1,90.8078303277783,104.480519485235,0.000430026473366127,0.000350712866966876
3537,1,63-8409,2019,53814,52615,1199,534,644,2,Other Freeway,4,Suburban,Freeway/Prin. Art.,3,Oakland,500-999,500-999,1000-1999,MD,1,1,253.350419800651,292.017812900398,0.00119975763278835,0.000980224877061108
3537,1,63-8409,2019,53814,52615,1199,534,644,2,Other Freeway,4,Suburban,Freeway/Prin. Art.,3,Oakland,500-999,500-999,1000-1999,PM,1,1,114.588047682965,124.469566582451,0.000542639262023438,0.000417810695824734
3537,1,63-8409,2019,53814,52615,1199,534,644,2,Other Freeway,4,Suburban,Freeway/Prin. Art.,3,Oakland,500-999,500-999,1000-1999,EV,1,1,23.8428962496829,41.6335364777632,0.00011290960869868,0.000139752530060398
3537,1,63-8409,2019,53814,52615,1199,534,644,2,Other Freeway,4,Suburban,Freeway/Prin. Art.,3,Oakland,500-999,500-999,1000-1999,NT,1,1,51.4108059389225,81.3985645541534,0.000243459264372076,0.000273232982401181
3542,1,63-5029,2018,24526,24204,322,216,60,3,Principal Arterial,3,Urban,Freeway/Prin. Art.,3,Oakland,0-99,200-499,200-499,AM,1,1,48.6335403726708,11.5,0.000230307339997873,3.86023920056125e-05
3542,1,63-5029,2018,24526,24204,322,216,60,3,Principal Arterial,3,Urban,Freeway/Prin. Art.,3,Oakland,0-99,200-499,200-499,MD,1,1,95.9254658385093,23,0.00045426137406477,7.72047840112249e-05
3542,1,63-5029,2018,24526,24204,322,216,60,3,Principal Arterial,3,Urban,Freeway/Prin. Art.,3,Oakland,0-99,200-499,200-499,PM,1,1,41.5900621118012,13.5,0.00019695248386025,4.53158514848494e-05
3542,1,63-5029,2018,24526,24204,322,216,60,3,Principal Arterial,3,Urban,Freeway/Prin. Art.,3,Oakland,0-99,200-499,200-499,EV,1,1,13.416149068323,3.5,6.3533059309758e-05,1.17485540886647e-05
3542,1,63-5029,2018,24526,24204,322,216,60,3,Principal Arterial,3,Urban,Freeway/Prin. Art.,3,Oakland,0-99,200-499,200-499,NT,1,1,16.4347826086957,8.5,7.78279976544536e-05,2.8532202786757e-05
3544,1,63-5033,2018,32433,31770,663,404,203,3,Principal Arterial,3,Urban,Freeway/Prin. Art.,3,Oakland,200-499,200-499,500-999,AM,1,1,70.684766214178,32,0.000334732375237621,0.000107415351667791
3544,1,63-5033,2018,32433,31770,663,404,203,3,Principal Arterial,3,Urban,Freeway/Prin. Art.,3,Oakland,200-499,200-499,500-999,MD,1,1,190.726998491704,93.5,0.000903200288356685,0.000313854230654327
3544,1,63-5033,2018,32433,31770,663,404,203,3,Principal Arterial,3,Urban,Freeway/Prin. Art.,3,Oakland,200-499,200-499,500-999,PM,1,1,63.6772247360483,25.5,0.000301547700106305,8.55966083602711e-05
3544,1,63-5033,2018,32433,31770,663,404,203,3,Principal Arterial,3,Urban,Freeway/Prin. Art.,3,Oakland,200-499,200-499,500-999,EV,1,1,21.0226244343891,11,9.95540253939477e-05,3.69240271358032e-05
3544,1,63-5033,2018,32433,31770,663,404,203,3,Principal Arterial,3,Urban,Freeway/Prin. Art.,3,Oakland,200-499,200-499,500-999,NT,1,1,57.8883861236803,41,0.000274134272823914,0.000137625919324357
3577,1,63-5411,2018,14388,14107,280,165,108,4,Minor Arterial,4,Suburban,Other Road,3,Oakland,100-199,100-199,200-499,AM,1,1,37.112462006079,18.2571428571429,0.000175748513061065,6.12842943890344e-05
3577,1,63-5411,2018,14388,14107,280,165,108,4,Minor Arterial,4,Suburban,Other Road,3,Oakland,100-199,100-199,200-499,MD,1,1,64.9468085106383,47.5714285714286,0.000307559897856864,0.00015968442904185
3577,1,63-5411,2018,14388,14107,280,165,108,4,Minor Arterial,4,Suburban,Other Road,3,Oakland,100-199,100-199,200-499,PM,1,1,37.112462006079,24.4285714285714,0.000175748513061065,8.20001122106799e-05
3577,1,63-5411,2018,14388,14107,280,165,108,4,Minor Arterial,4,Suburban,Other Road,3,Oakland,100-199,100-199,200-499,EV,1,1,12.2872340425532,7.2,5.818700770265e-05,2.4168454125253e-05
3577,1,63-5411,2018,14388,14107,280,165,108,4,Minor Arterial,4,Suburban,Other Road,3,Oakland,100-199,100-199,200-499,NT,1,1,13.5410334346505,10.5428571428571,6.41244574682265e-05,3.53895221119776e-05
3607,1,63-0006,2019,35182,34220,962,519,350,3,Principal Arterial,4,Suburban,Freeway/Prin. Art.,3,Oakland,200-499,500-999,500-999,AM,1,1,106.718804920914,65.625,0.000505373943594266,0.000220285389162462
3607,1,63-0006,2019,35182,34220,962,519,350,3,Principal Arterial,4,Suburban,Freeway/Prin. Art.,3,Oakland,200-499,500-999,500-999,MD,1,1,262.236379613357,171.354166666667,0.00124183768190899,0.000575189627257541
3607,1,63-0006,2019,35182,34220,962,519,350,3,Principal Arterial,4,Suburban,Freeway/Prin. Art.,3,Oakland,200-499,500-999,500-999,PM,1,1,105.806678383128,60.15625,0.00050105450817893,0.000201928273398924
3607,1,63-0006,2019,35182,34220,962,519,350,3,Principal Arterial,4,Suburban,Freeway/Prin. Art.,3,Oakland,200-499,500-999,500-999,EV,1,1,15.0500878734622,7.29166666666667,7.12706843530375e-05,2.44761543513847e-05
3607,1,63-0006,2019,35182,34220,962,519,350,3,Principal Arterial,4,Suburban,Freeway/Prin. Art.,3,Oakland,200-499,500-999,500-999,NT,1,1,29.1880492091388,45.5729166666667,0.000138221933290739,0.000152975964696154
3681,0,63-5294,2019,9127,9025,102,86,15,4,Minor Arterial,4,Suburban,Other Road,3,Oakland,0-99,0-99,100-199,AM,1,1,17.6023391812866,4.6551724137931,8.3357038856676e-05,1.56261556844308e-05
3681,0,63-5294,2019,9127,9025,102,86,15,4,Minor Arterial,4,Suburban,Other Road,3,Oakland,0-99,0-99,100-199,MD,1,1,34.4502923976608,5.94827586206897,0.000163141633190923,1.99667544856616e-05
3681,0,63-5294,2019,9127,9025,102,86,15,4,Minor Arterial,4,Suburban,Other Road,3,Oakland,0-99,0-99,100-199,PM,1,1,29.1695906432749,4.39655172413793,0.00013813452153392,1.47580359241847e-05
3681,0,63-5294,2019,9127,9025,102,86,15,4,Minor Arterial,4,Suburban,Other Road,3,Oakland,0-99,0-99,100-199,EV,1,1,2.26315789473684,0,1.07173335672869e-05,0
3681,0,63-5294,2019,9127,9025,102,86,15,4,Minor Arterial,4,Suburban,Other Road,3,Oakland,0-99,0-99,100-199,NT,1,1,2.51461988304094,0,1.19081484080966e-05,0
3692,0,63-5292,2019,16230,15598,632,389,178,4,Minor Arterial,4,Suburban,Other Road,3,Oakland,100-199,200-499,500-999,AM,1,1,156.704148471616,77.5337423312884,0.000742082836753749,0.000260259818707351
3692,0,63-5292,2019,16230,15598,632,389,178,4,Minor Arterial,4,Suburban,Other Road,3,Oakland,100-199,200-499,500-999,MD,1,1,109.565502183406,38.7668711656442,0.00051885466634815,0.000130129909353676
3692,0,63-5292,2019,16230,15598,632,389,178,4,Minor Arterial,4,Suburban,Other Road,3,Oakland,100-199,200-499,500-999,PM,1,1,86.6331877729258,42.4069529652352,0.000410257178042723,0.000142348680185007
3692,0,63-5292,2019,16230,15598,632,389,178,4,Minor Arterial,4,Suburban,Other Road,3,Oakland,100-199,200-499,500-999,EV,1,1,18.6855895196507,10.5562372188139,8.84868423229403e-05,3.543443541086e-05
3692,0,63-5292,2019,16230,15598,632,389,178,4,Minor Arterial,4,Suburban,Other Road,3,Oakland,100-199,200-499,500-999,NT,1,1,17.4115720524017,8.7361963190184,8.24536485281944e-05,2.93250499951945e-05
3721,0,63-5549,2019,5713,5652,61,55,5,5,Major Collector,4,Suburban,Other Road,3,Oakland,0-99,0-99,0-99,AM,1,1,12.9861111111111,0.625,6.14965861830917e-05,2.09795608726155e-06
3721,0,63-5549,2019,5713,5652,61,55,5,5,Major Collector,4,Suburban,Other Road,3,Oakland,0-99,0-99,0-99,MD,1,1,16.8055555555556,3.125,7.95838174134128e-05,1.04897804363077e-05
3721,0,63-5549,2019,5713,5652,61,55,5,5,Major Collector,4,Suburban,Other Road,3,Oakland,0-99,0-99,0-99,PM,1,1,19.3518518518519,0.625,9.16419715669602e-05,2.09795608726155e-06
3721,0,63-5549,2019,5713,5652,61,55,5,5,Major Collector,4,Suburban,Other Road,3,Oakland,0-99,0-99,0-99,EV,1,1,3.05555555555556,0,1.44697849842569e-05,0
3721,0,63-5549,2019,5713,5652,61,55,5,5,Major Collector,4,Suburban,Other Road,3,Oakland,0-99,0-99,0-99,NT,1,1,2.80092592592593,0.625,1.32639695689021e-05,2.09795608726155e-06
3776,1,63-5328,2018,26201,25226,975,547,316,3,Principal Arterial,3,Urban,Freeway/Prin. Art.,3,Oakland,200-499,500-999,500-999,AM,1,1,81.6292307692308,41,0.000386560609416345,0.000137625919324357
3776,1,63-5328,2018,26201,25226,975,547,316,3,Principal Arterial,3,Urban,Freeway/Prin. Art.,3,Oakland,200-499,500-999,500-999,MD,1,1,265.365128205128,150.5,0.00125665407734661,0.00050518782581258
3776,1,63-5328,2018,26201,25226,975,547,316,3,Principal Arterial,3,Urban,Freeway/Prin. Art.,3,Oakland,200-499,500-999,500-999,PM,1,1,140.25641025641,93.5,0.000664193486969665,0.000313854230654327
3776,1,63-5328,2018,26201,25226,975,547,316,3,Principal Arterial,3,Urban,Freeway/Prin. Art.,3,Oakland,200-499,500-999,500-999,EV,1,1,25.2461538461539,12,0.00011955482765454,4.02807568754217e-05
3776,1,63-5328,2018,26201,25226,975,547,316,3,Principal Arterial,3,Urban,Freeway/Prin. Art.,3,Oakland,200-499,500-999,500-999,NT,1,1,34.5030769230769,19,0.000163391597794538,6.3777865052751e-05
3785,1,63-5326,2018,24636,24004,632,372,166,3,Principal Arterial,3,Urban,Freeway/Prin. Art.,3,Oakland,100-199,200-499,500-999,AM,1,1,51.503164556962,17.5,0.000243896634702995,5.87427704433233e-05
3785,1,63-5326,2018,24636,24004,632,372,166,3,Principal Arterial,3,Urban,Freeway/Prin. Art.,3,Oakland,100-199,200-499,500-999,MD,1,1,187.76582278481,92,0.000889177445374347,0.0003088191360449
3785,1,63-5326,2018,24636,24004,632,372,166,3,Principal Arterial,3,Urban,Freeway/Prin. Art.,3,Oakland,100-199,200-499,500-999,PM,1,1,95.0601265822785,41.5,0.000450163502908956,0.000139304284194167
3785,1,63-5326,2018,24636,24004,632,372,166,3,Principal Arterial,3,Urban,Freeway/Prin. Art.,3,Oakland,100-199,200-499,500-999,EV,1,1,19.7183544303797,6.5,9.33775687148609e-05,2.18187433075201e-05
3785,1,63-5326,2018,24636,24004,632,372,166,3,Principal Arterial,3,Urban,Freeway/Prin. Art.,3,Oakland,100-199,200-499,500-999,NT,1,1,17.9525316455696,8.5,8.50153983821868e-05,2.8532202786757e-05
3789,1,63-5334,2019,23743,23094,649,351,69,3,Principal Arterial,3,Urban,Freeway/Prin. Art.,3,Oakland,0-99,200-499,200-499,AM,1,1,55,8.5,0.000260456129716624,2.8532202786757e-05
3789,1,63-5334,2019,23743,23094,649,351,69,3,Principal Arterial,3,Urban,Freeway/Prin. Art.,3,Oakland,0-99,200-499,200-499,MD,1,1,196.5,39.5,0.000930538717987574,0.00013259082471493
3789,1,63-5334,2019,23743,23094,649,351,69,3,Principal Arterial,3,Urban,Freeway/Prin. Art.,3,Oakland,0-99,200-499,200-499,PM,1,1,64.5,13.5,0.000305444006667677,4.53158514848494e-05
3789,1,63-5334,2019,23743,23094,649,351,69,3,Principal Arterial,3,Urban,Freeway/Prin. Art.,3,Oakland,0-99,200-499,200-499,EV,1,1,14,1,6.62979239278679e-05,3.35672973961847e-06
3789,1,63-5334,2019,23743,23094,649,351,69,3,Principal Arterial,3,Urban,Freeway/Prin. Art.,3,Oakland,0-99,200-499,200-499,NT,1,1,21,6.5,9.94468858918018e-05,2.18187433075201e-05
3797,0,63-5825,2019,18622,18233,389,265,47,3,Principal Arterial,2,Urban Fringe,Freeway/Prin. Art.,3,Oakland,0-99,200-499,200-499,AM,1,1,51.5,11.5,0.000243881648734657,3.86023920056124e-05
3797,0,63-5825,2019,18622,18233,389,265,47,3,Principal Arterial,2,Urban Fringe,Freeway/Prin. Art.,3,Oakland,0-99,200-499,200-499,MD,1,1,149.5,18.5,0.000707967116229732,6.20995001829418e-05
3797,0,63-5825,2019,18622,18233,389,265,47,3,Principal Arterial,2,Urban Fringe,Freeway/Prin. Art.,3,Oakland,0-99,200-499,200-499,PM,1,1,47.5,13,0.000224939384755266,4.36374866150402e-05
3797,0,63-5825,2019,18622,18233,389,265,47,3,Principal Arterial,2,Urban Fringe,Freeway/Prin. Art.,3,Oakland,0-99,200-499,200-499,EV,1,1,8,0.5,3.78845279587816e-05,1.67836486980924e-06
3797,0,63-5825,2019,18622,18233,389,265,47,3,Principal Arterial,2,Urban Fringe,Freeway/Prin. Art.,3,Oakland,0-99,200-499,200-499,NT,1,1,8.5,3.5,4.02523109562055e-05,1.17485540886647e-05
3799,1,63-5332,2019,21495,21178,317,225,83,3,Principal Arterial,3,Urban,Freeway/Prin. Art.,3,Oakland,0-99,200-499,200-499,AM,1,1,61.7745535714286,18.8167701863354,0.000292537475239755,6.31628120880383e-05
3799,1,63-5332,2019,21495,21178,317,225,83,3,Principal Arterial,3,Urban,Freeway/Prin. Art.,3,Oakland,0-99,200-499,200-499,MD,1,1,80.1060267857143,29.6428571428571,0.000379347376428788,9.95030601386905e-05
3799,1,63-5332,2019,21495,21178,317,225,83,3,Principal Arterial,3,Urban,Freeway/Prin. Art.,3,Oakland,0-99,200-499,200-499,PM,1,1,51.7299107142857,25.2608695652174,0.000244970406095079,8.47939121181884e-05
3799,1,63-5332,2019,21495,21178,317,225,83,3,Principal Arterial,3,Urban,Freeway/Prin. Art.,3,Oakland,0-99,200-499,200-499,EV,1,1,14.3136160714286,4.38198757763975,6.77830735311627e-05,1.47091480205021e-05
3799,1,63-5332,2019,21495,21178,317,225,83,3,Principal Arterial,3,Urban,Freeway/Prin. Art.,3,Oakland,0-99,200-499,200-499,NT,1,1,17.0758928571429,4.89751552795031,8.08640175459485e-05,1.64396360229141e-05
3804,1,63-5329,2018,24636,24104,532,283,92,3,Principal Arterial,4,Suburban,Freeway/Prin. Art.,3,Oakland,0-99,200-499,200-499,AM,1,1,62.5046992481203,11.5,0.000295995128277581,3.86023920056125e-05
3804,1,63-5329,2018,24636,24104,532,283,92,3,Principal Arterial,4,Suburban,Freeway/Prin. Art.,3,Oakland,0-99,200-499,200-499,MD,1,1,133.25469924812,54,0.000631036422413057,0.000181263405939398
3804,1,63-5329,2018,24636,24104,532,283,92,3,Principal Arterial,4,Suburban,Freeway/Prin. Art.,3,Oakland,0-99,200-499,200-499,PM,1,1,51.3336466165414,8,0.000243093871308822,2.68538379169478e-05
3804,1,63-5329,2018,24636,24104,532,283,92,3,Principal Arterial,4,Suburban,Freeway/Prin. Art.,3,Oakland,0-99,200-499,200-499,EV,1,1,15.9586466165414,4,7.55732242410846e-05,1.34269189584739e-05
3804,1,63-5329,2018,24636,24104,532,283,92,3,Principal Arterial,4,Suburban,Freeway/Prin. Art.,3,Oakland,0-99,200-499,200-499,NT,1,1,19.9483082706767,14.5,9.44665303013558e-05,4.86725812244679e-05
3904,1,63-0434,2019,17579,16871,708,310,356,3,Principal Arterial,4,Suburban,Freeway/Prin. Art.,3,Oakland,200-499,200-499,500-999,AM,1,1,64.7352941176471,53.3316261203585,0.000306558257489994,0.000179019855460421
3904,1,63-0434,2019,17579,16871,708,310,356,3,Principal Arterial,4,Suburban,Freeway/Prin. Art.,3,Oakland,200-499,200-499,500-999,MD,1,1,144.058823529412,121.933418693982,0.000682200065963649,0.000409297532783441
3904,1,63-0434,2019,17579,16871,708,310,356,3,Principal Arterial,4,Suburban,Freeway/Prin. Art.,3,Oakland,200-499,200-499,500-999,PM,1,1,61.0882352941177,53.7874519846351,0.000289287369744079,0.000180549939695125
3904,1,63-0434,2019,17579,16871,708,310,356,3,Principal Arterial,4,Suburban,Freeway/Prin. Art.,3,Oakland,200-499,200-499,500-999,EV,1,1,14.5882352941176,46.7221510883483,6.90835509836606e-05,0.000156833634057206
3904,1,63-0434,2019,17579,16871,708,310,356,3,Principal Arterial,4,Suburban,Freeway/Prin. Art.,3,Oakland,200-499,200-499,500-999,NT,1,1,25.5294117647059,80.2253521126761,0.000120896214221406,0.000269294825307984
3944,0,63-5581,2018,3265,3235,29,15,16,5,Major Collector,4,Suburban,Other Road,3,Oakland,0-99,0-99,0-99,AM,1,1,4.625,3.40983606557377,2.19019927261706e-05,1.14458981285351e-05
3944,0,63-5581,2018,3265,3235,29,15,16,5,Major Collector,4,Suburban,Other Road,3,Oakland,0-99,0-99,0-99,MD,1,1,6.5,8.65573770491803,3.07811789665101e-05,2.90549721724353e-05
3944,0,63-5581,2018,3265,3235,29,15,16,5,Major Collector,4,Suburban,Other Road,3,Oakland,0-99,0-99,0-99,PM,1,1,2,3.80327868852459,9.47113198969541e-06,1.27665786818276e-05
3944,0,63-5581,2018,3265,3235,29,15,16,5,Major Collector,4,Suburban,Other Road,3,Oakland,0-99,0-99,0-99,EV,1,1,0,0.131147540983607,0,4.40226851097505e-07
3944,0,63-5581,2018,3265,3235,29,15,16,5,Major Collector,4,Suburban,Other Road,3,Oakland,0-99,0-99,0-99,NT,1,1,1.875,0,8.87918624033945e-06,0
3946,1,82-0033,2019,28963,27560,1403,707,550,3,Principal Arterial,3,Urban,Freeway/Prin. Art.,1,Detroit,500-999,500-999,1000-1999,AM,1,1,134.235042735043,98.9224137931035,0.000635678903692997,0.000332055808294155
3946,1,82-0033,2019,28963,27560,1403,707,550,3,Principal Arterial,3,Urban,Freeway/Prin. Art.,1,Detroit,500-999,500-999,1000-1999,MD,1,1,315.517094017094,220.689655172414,0.00149415202122052,0.000740795528743387
3946,1,82-0033,2019,28963,27560,1403,707,550,3,Principal Arterial,3,Urban,Freeway/Prin. Art.,1,Detroit,500-999,500-999,1000-1999,PM,1,1,159.269230769231,106.034482758621,0.000754229953256321,0.000355929101700924
3946,1,82-0033,2019,28963,27560,1403,707,550,3,Principal Arterial,3,Urban,Freeway/Prin. Art.,1,Detroit,500-999,500-999,1000-1999,EV,1,1,35.8247863247863,43.5344827586207,0.000169650639892343,0.00014613349297477
3946,1,82-0033,2019,28963,27560,1403,707,550,3,Principal Arterial,3,Urban,Freeway/Prin. Art.,1,Detroit,500-999,500-999,1000-1999,NT,1,1,62.1538461538462,80.8189655172414,0.00029433364029515,0.000271287425076924
3960,0,63-5321,2018,11718,11607,110,67,43,3,Principal Arterial,4,Suburban,Freeway/Prin. Art.,3,Oakland,0-99,0-99,100-199,AM,1,1,6.44864698646987,5.07014925373134,3.05379933819038e-05,1.70191207843044e-05
3960,0,63-5321,2018,11718,11607,110,67,43,3,Principal Arterial,4,Suburban,Freeway/Prin. Art.,3,Oakland,0-99,0-99,100-199,MD,1,1,23.0956334563346,14.889552238806,0.000109370896425285,4.99802028096028e-05
3960,0,63-5321,2018,11718,11607,110,67,43,3,Principal Arterial,4,Suburban,Freeway/Prin. Art.,3,Oakland,0-99,0-99,100-199,PM,1,1,22.1891143911439,14.4402985074627,0.000105078015566487,4.84721794489683e-05
3960,0,63-5321,2018,11718,11607,110,67,43,3,Principal Arterial,4,Suburban,Freeway/Prin. Art.,3,Oakland,0-99,0-99,100-199,EV,1,1,10.0129151291513,6.22537313432836,4.7416820394905e-05,2.08968951402219e-05
3960,0,63-5321,2018,11718,11607,110,67,43,3,Principal Arterial,4,Suburban,Freeway/Prin. Art.,3,Oakland,0-99,0-99,100-199,NT,1,1,5.25369003690037,2.37462686567164,2.48791958862156e-05,7.97098062049701e-06
3990,0,63-5581,2018,3265,3235,29,15,16,5,Major Collector,4,Suburban,Other Road,3,Oakland,0-99,0-99,0-99,AM,1,1,4.625,3.40983606557377,2.19019927261706e-05,1.14458981285351e-05
3990,0,63-5581,2018,3265,3235,29,15,16,5,Major Collector,4,Suburban,Other Road,3,Oakland,0-99,0-99,0-99,MD,1,1,6.5,8.65573770491803,3.07811789665101e-05,2.90549721724353e-05
3990,0,63-5581,2018,3265,3235,29,15,16,5,Major Collector,4,Suburban,Other Road,3,Oakland,0-99,0-99,0-99,PM,1,1,2,3.80327868852459,9.47113198969541e-06,1.27665786818276e-05
3990,0,63-5581,2018,3265,3235,29,15,16,5,Major Collector,4,Suburban,Other Road,3,Oakland,0-99,0-99,0-99,EV,1,1,0,0.131147540983607,0,4.40226851097505e-07
3990,0,63-5581,2018,3265,3235,29,15,16,5,Major Collector,4,Suburban,Other Road,3,Oakland,0-99,0-99,0-99,NT,1,1,1.875,0,8.87918624033945e-06,0
4016,1,50-5257,2018,31534.5,30673.5,861,473,370,3,Principal Arterial,4,Suburban,Freeway/Prin. Art.,4,Macomb,200-499,200-499,500-999,AM,1,1,80.0387359836901,54.9257759784076,0.000379028716394956,0.000184370985698343
4016,1,50-5257,2018,31534.5,30673.5,861,473,370,3,Principal Arterial,4,Suburban,Freeway/Prin. Art.,4,Macomb,200-499,200-499,500-999,MD,1,1,248.071865443425,159.534412955466,0.00117476069027232,0.000535513908460186
4016,1,50-5257,2018,31534.5,30673.5,861,473,370,3,Principal Arterial,4,Suburban,Freeway/Prin. Art.,4,Macomb,200-499,200-499,500-999,PM,1,1,82.4495412844037,65.9109311740891,0.000390445243997214,0.000221245182838011
4016,1,50-5257,2018,31534.5,30673.5,861,473,370,3,Principal Arterial,4,Suburban,Freeway/Prin. Art.,4,Macomb,200-499,200-499,500-999,EV,1,1,26.2777777777778,30.2091767881242,0.000124440150864609,0.000101404042134088
4016,1,50-5257,2018,31534.5,30673.5,861,473,370,3,Principal Arterial,4,Suburban,Freeway/Prin. Art.,4,Macomb,200-499,200-499,500-999,NT,1,1,36.1620795107034,59.4197031039136,0.000171247914033866,0.000199455884528207
4022,1,50-5316,2018,17355,16948,406,268,80,4,Minor Arterial,3,Urban,Other Road,4,Macomb,0-99,200-499,200-499,AM,1,1,64.3034055727554,10.6329113924051,0.000304513020783241,3.56918098896142e-05
4022,1,50-5316,2018,17355,16948,406,268,80,4,Minor Arterial,3,Urban,Other Road,4,Macomb,0-99,200-499,200-499,MD,1,1,101.22600619195,36.4556962025317,0.000479362432716844,0.000122371919621534
4022,1,50-5316,2018,17355,16948,406,268,80,4,Minor Arterial,3,Urban,Other Road,4,Macomb,0-99,200-499,200-499,PM,1,1,67.6222910216718,26.8354430379747,0.000320229821855924,9.00793297214072e-05
4022,1,50-5316,2018,17355,16948,406,268,80,4,Minor Arterial,3,Urban,Other Road,4,Macomb,0-99,200-499,200-499,EV,1,1,13.6904024767802,3.54430379746835,6.4831804424819e-05,1.18972699632047e-05
4022,1,50-5316,2018,17355,16948,406,268,80,4,Minor Arterial,3,Urban,Other Road,4,Macomb,0-99,200-499,200-499,NT,1,1,21.1578947368421,2.53164556962025,0.000100194606838357,8.49804997371766e-06
4024,1,50-0080,2019,47878,45694,2184,764,1257,3,Principal Arterial,3,Urban,Freeway/Prin. Art.,4,Macomb,1000-1999,500-999,2000+,AM,1,1,116.436107854631,152.757305773343,0.000551390872928809,0.000512764991233373
4024,1,50-0080,2019,47878,45694,2184,764,1257,3,Principal Arterial,3,Urban,Freeway/Prin. Art.,4,Macomb,1000-1999,500-999,2000+,MD,1,1,344.83001172333,426.01817533856,0.00163296527751993,0.00143002787877694
4024,1,50-0080,2019,47878,45694,2184,764,1257,3,Principal Arterial,3,Urban,Freeway/Prin. Art.,4,Macomb,1000-1999,500-999,2000+,PM,1,1,148.232121922626,230.703848895225,0.000701962995920907,0.000774410470631047
4024,1,50-0080,2019,47878,45694,2184,764,1257,3,Principal Arterial,3,Urban,Freeway/Prin. Art.,4,Macomb,1000-1999,500-999,2000+,EV,1,1,57.7702227432591,151.413399857448,0.000273574702337755,0.00050825386227824
4024,1,50-0080,2019,47878,45694,2184,764,1257,3,Principal Arterial,3,Urban,Freeway/Prin. Art.,4,Macomb,1000-1999,500-999,2000+,NT,1,1,96.7315357561548,296.107270135424,0.000458078571356241,0.000993952079780819
4058,1,50-7097,2019,17150,16777,373,184,171,2,Other Freeway,3,Urban,Freeway/Prin. Art.,4,Macomb,100-199,100-199,200-499,AM,1,1,27.6151731720726,28.2383138564274,0.000130773475015497,9.47883879185502e-05
4058,1,50-7097,2019,17150,16777,373,184,171,2,Other Freeway,3,Urban,Freeway/Prin. Art.,4,Macomb,100-199,100-199,200-499,MD,1,1,83.654755360088,60.7349749582638,0.000396152614790536,0.000203870896677387
4058,1,50-7097,2019,17150,16777,373,184,171,2,Other Freeway,3,Urban,Freeway/Prin. Art.,4,Macomb,100-199,100-199,200-499,PM,1,1,40.0065970313359,40.894407345576,0.000189453880471169,0.000137271473320967
4058,1,50-7097,2019,17150,16777,373,184,171,2,Other Freeway,3,Urban,Freeway/Prin. Art.,4,Macomb,100-199,100-199,200-499,EV,1,1,18.5618471687741,19.983305509182,8.79008522540065e-05,6.70785558985528e-05
4058,1,50-7097,2019,17150,16777,373,184,171,2,Other Freeway,3,Urban,Freeway/Prin. Art.,4,Macomb,100-199,100-199,200-499,NT,1,1,14.1616272677295,21.1489983305509,6.70633205207679e-05,7.09914716593017e-05
4066,0,63-6675,2018,29564,29321,242,172,41,3,Principal Arterial,4,Suburban,Freeway/Prin. Art.,3,Oakland,0-99,100-199,200-499,AM,1,1,24.2564102564103,5.01595744680851,0.000114867831567332,1.68372135343629e-05
4066,0,63-6675,2018,29564,29321,242,172,41,3,Principal Arterial,4,Suburban,Freeway/Prin. Art.,3,Oakland,0-99,100-199,200-499,MD,1,1,90.8512820512821,24.2074468085106,0.000430232241870369,8.125785662236e-05
4066,0,63-6675,2018,29564,29321,242,172,41,3,Principal Arterial,4,Suburban,Freeway/Prin. Art.,3,Oakland,0-99,100-199,200-499,PM,1,1,35.7230769230769,8.50531914893617,0.000169168988308252,2.85500577321805e-05
4066,0,63-6675,2018,29564,29321,242,172,41,3,Principal Arterial,4,Suburban,Freeway/Prin. Art.,3,Oakland,0-99,100-199,200-499,EV,1,1,7.93846153846154,0.872340425531915,3.75931085129449e-05,2.92821104945441e-06
4066,0,63-6675,2018,29564,29321,242,172,41,3,Principal Arterial,4,Suburban,Freeway/Prin. Art.,3,Oakland,0-99,100-199,200-499,NT,1,1,13.2307692307692,2.39893617021277,6.26551808549081e-05,8.05258038599964e-06
4111,1,50-5200,2018,20374,19898,475,185,205,3,Principal Arterial,4,Suburban,Freeway/Prin. Art.,4,Macomb,200-499,100-199,200-499,AM,1,1,32.6766304347826,32.141975308642,0.000154742339913162,0.000107891924408601
4111,1,50-5200,2018,20374,19898,475,185,205,3,Principal Arterial,4,Suburban,Freeway/Prin. Art.,4,Macomb,200-499,100-199,200-499,MD,1,1,81.6915760869565,59.7283950617284,0.000386855849782905,0.000200492080003385
4111,1,50-5200,2018,20374,19898,475,185,205,3,Principal Arterial,4,Suburban,Freeway/Prin. Art.,4,Macomb,200-499,100-199,200-499,PM,1,1,45.9986413043478,80.7345679012346,0.000217829601570067,0.000271004125089321
4111,1,50-5200,2018,20374,19898,475,185,205,3,Principal Arterial,4,Suburban,Freeway/Prin. Art.,4,Macomb,200-499,100-199,200-499,EV,1,1,9.04891304347826,26.0679012345679,4.28517248990295e-05,8.75028993235112e-05
4111,1,50-5200,2018,20374,19898,475,185,205,3,Principal Arterial,4,Suburban,Freeway/Prin. Art.,4,Macomb,200-499,100-199,200-499,NT,1,1,15.5842391304348,6.32716049382716,7.38001928816619e-05,2.12385677969687e-05
4119,0,63-5361,2018,12789,12654,134,97,40,3,Principal Arterial,4,Suburban,Freeway/Prin. Art.,3,Oakland,0-99,0-99,100-199,AM,1,1,17.0880829015544,3.63636363636364,8.09217443057395e-05,1.2206289962249e-05
4119,0,63-5361,2018,12789,12654,134,97,40,3,Principal Arterial,4,Suburban,Freeway/Prin. Art.,3,Oakland,0-99,0-99,100-199,MD,1,1,44.7305699481865,14.5454545454545,0.000211824565976789,4.8825159848996e-05
4119,0,63-5361,2018,12789,12654,134,97,40,3,Principal Arterial,4,Suburban,Freeway/Prin. Art.,3,Oakland,0-99,0-99,100-199,PM,1,1,22.3652849740933,12.7272727272727,0.000105912282988394,4.27220148678715e-05
4119,0,63-5361,2018,12789,12654,134,97,40,3,Principal Arterial,4,Suburban,Freeway/Prin. Art.,3,Oakland,0-99,0-99,100-199,EV,1,1,5.27720207253886,7.01298701298701,2.49905386826549e-05,2.35407020700516e-05
4119,0,63-5361,2018,12789,12654,134,97,40,3,Principal Arterial,4,Suburban,Freeway/Prin. Art.,3,Oakland,0-99,0-99,100-199,NT,1,1,7.53886010362694,2.07792207792208,3.57007695466498e-05,6.97502283557086e-06
4131,1,63-0076,2018,36906,35479,1426,614,723,3,Principal Arterial,4,Suburban,Freeway/Prin. Art.,3,Oakland,500-999,500-999,1000-1999,AM,1,1,98.4641460234681,100.111216730038,0.000466283461620454,0.000336046298467109
4131,1,63-0076,2018,36906,35479,1426,614,723,3,Principal Arterial,4,Suburban,Freeway/Prin. Art.,3,Oakland,500-999,500-999,1000-1999,MD,1,1,269.775749674055,280.632129277567,0.001277540866391,0.000942006214238464
4131,1,63-0076,2018,36906,35479,1426,614,723,3,Principal Arterial,4,Suburban,Freeway/Prin. Art.,3,Oakland,500-999,500-999,1000-1999,PM,1,1,144.694263363755,132.87072243346,0.000685209233234936,0.000446011105516987
4131,1,63-0076,2018,36906,35479,1426,614,723,3,Principal Arterial,4,Suburban,Freeway/Prin. Art.,3,Oakland,500-999,500-999,1000-1999,EV,1,1,51.8337679269883,67.1226235741445,0.000245462228779873,0.000225312506752547
4131,1,63-0076,2018,36906,35479,1426,614,723,3,Principal Arterial,4,Suburban,Freeway/Prin. Art.,3,Oakland,500-999,500-999,1000-1999,NT,1,1,49.232073011734,142.263307984791,0.000233141730810227,0.00047753947676905
4132,1,63-5460,2018,11023,10886,136,74,66,4,Minor Arterial,4,Suburban,Other Road,3,Oakland,0-99,0-99,100-199,AM,1,1,9.75,17.2615384615385,4.61717684497651e-05,5.79423195054143e-05
4132,1,63-5460,2018,11023,10886,136,74,66,4,Minor Arterial,4,Suburban,Other Road,3,Oakland,0-99,0-99,100-199,MD,1,1,33.75,21.3230769230769,0.00015982535232611,7.15758064478647e-05
4132,1,63-5460,2018,11023,10886,136,74,66,4,Minor Arterial,4,Suburban,Other Road,3,Oakland,0-99,0-99,100-199,PM,1,1,17.5,22.3384615384615,8.28724049098348e-05,7.49841781834773e-05
4132,1,63-5460,2018,11023,10886,136,74,66,4,Minor Arterial,4,Suburban,Other Road,3,Oakland,0-99,0-99,100-199,EV,1,1,7.75,3.55384615384615,3.67006364600697e-05,1.19293010746441e-05
4132,1,63-5460,2018,11023,10886,136,74,66,4,Minor Arterial,4,Suburban,Other Road,3,Oakland,0-99,0-99,100-199,NT,1,1,5.25,1.52307692307692,2.48617214729505e-05,5.11255760341891e-06
4165,0,50-5309,2018,14299.5,13928,371,185,129,3,Principal Arterial,4,Suburban,Freeway/Prin. Art.,4,Macomb,100-199,100-199,200-499,AM,1,1,30.9552042160738,20.1522388059702,0.000146590412449205,6.76456193198935e-05
4165,0,50-5309,2018,14299.5,13928,371,185,129,3,Principal Arterial,4,Suburban,Freeway/Prin. Art.,4,Macomb,100-199,100-199,200-499,MD,1,1,76.2911725955204,28.4313432835821,0.000361281882650404,9.5436335537302e-05
4165,0,50-5309,2018,14299.5,13928,371,185,129,3,Principal Arterial,4,Suburban,Freeway/Prin. Art.,4,Macomb,100-199,100-199,200-499,PM,1,1,53.6231884057971,59.2373134328358,0.000253936147549804,0.000198843651695101
4165,0,50-5309,2018,14299.5,13928,371,185,129,3,Principal Arterial,4,Suburban,Freeway/Prin. Art.,4,Macomb,100-199,100-199,200-499,EV,1,1,10.9683794466403,14.889552238806,5.19414847260964e-05,4.99802028096028e-05
4165,0,50-5309,2018,14299.5,13928,371,185,129,3,Principal Arterial,4,Suburban,Freeway/Prin. Art.,4,Macomb,100-199,100-199,200-499,NT,1,1,13.1620553359684,6.28955223880597,6.23297816713156e-05,2.1112327048884e-05
4172,1,50-5398,2019,24906,24025,881,481,285,3,Principal Arterial,3,Urban,Freeway/Prin. Art.,4,Macomb,200-499,200-499,500-999,AM,1,1,94,49,0.000445143203515684,0.000164479757241305
4172,1,50-5398,2019,24906,24025,881,481,285,3,Principal Arterial,3,Urban,Freeway/Prin. Art.,4,Macomb,200-499,200-499,500-999,MD,1,1,219.5,100.5,0.00103945673586907,0.000337351338831657
4172,1,50-5398,2019,24906,24025,881,481,285,3,Principal Arterial,3,Urban,Freeway/Prin. Art.,4,Macomb,200-499,200-499,500-999,PM,1,1,102.5,54.5,0.00048539551447189,0.000182941770809207
4172,1,50-5398,2019,24906,24025,881,481,285,3,Principal Arterial,3,Urban,Freeway/Prin. Art.,4,Macomb,200-499,200-499,500-999,EV,1,1,29,19,0.000137331413850583,6.3777865052751e-05
4172,1,50-5398,2019,24906,24025,881,481,285,3,Principal Arterial,3,Urban,Freeway/Prin. Art.,4,Macomb,200-499,200-499,500-999,NT,1,1,36,62,0.000170480375814517,0.000208117243856345
4194,1,50-5038,2018,37275,35769,1506,669,684,3,Principal Arterial,3,Urban,Freeway/Prin. Art.,4,Macomb,500-999,500-999,1000-1999,AM,1,1,113.941605839416,102.5,0.000539577994011479,0.000344064798310894
4194,1,50-5038,2018,37275,35769,1506,669,684,3,Principal Arterial,3,Urban,Freeway/Prin. Art.,4,Macomb,500-999,500-999,1000-1999,MD,1,1,319.036496350365,257.5,0.00151081838323214,0.000864357907951757
4194,1,50-5038,2018,37275,35769,1506,669,684,3,Principal Arterial,3,Urban,Freeway/Prin. Art.,4,Macomb,500-999,500-999,1000-1999,PM,1,1,144.054744525547,105,0.000682180749571656,0.00035245662265994
4194,1,50-5038,2018,37275,35769,1506,669,684,3,Principal Arterial,3,Urban,Freeway/Prin. Art.,4,Macomb,500-999,500-999,1000-1999,EV,1,1,46.3905109489051,60.5,0.000219685326133245,0.000203082149246918
4194,1,50-5038,2018,37275,35769,1506,669,684,3,Principal Arterial,3,Urban,Freeway/Prin. Art.,4,Macomb,500-999,500-999,1000-1999,NT,1,1,45.5766423357664,158.5,0.000215831197604592,0.000532041663729528
4215,1,50-5213,2018,13008,12712,295,220,57,5,Major Collector,4,Suburban,Other Road,4,Macomb,0-99,200-499,200-499,AM,1,1,43.5469107551487,8.55,0.00020621926975275,2.8700039273738e-05
4215,1,50-5213,2018,13008,12712,295,220,57,5,Major Collector,4,Suburban,Other Road,4,Macomb,0-99,200-499,200-499,MD,1,1,93.3867276887872,11.4,0.000442239012013123,3.82667190316506e-05
4215,1,50-5213,2018,13008,12712,295,220,57,5,Major Collector,4,Suburban,Other Road,4,Macomb,0-99,200-499,200-499,PM,1,1,73.5011441647597,31.8681818181818,0.000348069518889035,0.00010697287365666
4215,1,50-5213,2018,13008,12712,295,220,57,5,Major Collector,4,Suburban,Other Road,4,Macomb,0-99,200-499,200-499,EV,1,1,3.77574370709382,4.40454545454545,1.78802835045737e-05,1.47848687167741e-05
4215,1,50-5213,2018,13008,12712,295,220,57,5,Major Collector,4,Suburban,Other Road,4,Macomb,0-99,200-499,200-499,NT,1,1,5.78947368421053,0.777272727272727,2.7416434707013e-05,2.60909447943072e-06
4219,0,50-5059,2018,23417,22978,439,155,29,4,Minor Arterial,4,Suburban,Other Road,4,Macomb,0-99,100-199,100-199,AM,1,1,34.7804878048781,5,0.000164705295332996,1.67836486980924e-05
4219,0,50-5059,2018,23417,22978,439,155,29,4,Minor Arterial,4,Suburban,Other Road,4,Macomb,0-99,100-199,100-199,MD,1,1,72.5853658536585,17,0.000343732790260165,5.70644055735141e-05
4219,0,50-5059,2018,23417,22978,439,155,29,4,Minor Arterial,4,Suburban,Other Road,4,Macomb,0-99,100-199,100-199,PM,1,1,32.1341463414634,3,0.000152173370688094,1.00701892188554e-05
4219,0,50-5059,2018,23417,22978,439,155,29,4,Minor Arterial,4,Suburban,Other Road,4,Macomb,0-99,100-199,100-199,EV,1,1,6.04878048780488,1,2.86443991883471e-05,3.35672973961847e-06
4219,0,50-5059,2018,23417,22978,439,155,29,4,Minor Arterial,4,Suburban,Other Road,4,Macomb,0-99,100-199,100-199,NT,1,1,9.45121951219512,3,4.47568737317923e-05,1.00701892188554e-05
4224,1,50-5265,2019,22171.5,21131,1040,448,532,3,Principal Arterial,4,Suburban,Freeway/Prin. Art.,4,Macomb,500-999,200-499,500-999,AM,1,1,80.75,89.1661971830986,0.000382396954083952,0.000299306825853192
4224,1,50-5265,2019,22171.5,21131,1040,448,532,3,Principal Arterial,4,Suburban,Freeway/Prin. Art.,4,Macomb,500-999,200-499,500-999,MD,1,1,205.25,214.798122065728,0.000971974920442491,0.000721019244352227
4224,1,50-5265,2019,22171.5,21131,1040,448,532,3,Principal Arterial,4,Suburban,Freeway/Prin. Art.,4,Macomb,500-999,200-499,500-999,PM,1,1,86.75,109.646948356808,0.000410810350053038,0.000368055172407707
4224,1,50-5265,2019,22171.5,21131,1040,448,532,3,Principal Arterial,4,Suburban,Freeway/Prin. Art.,4,Macomb,500-999,200-499,500-999,EV,1,1,28,40.7117370892019,0.000132595847855736,0.000136658298638852
4224,1,50-5265,2019,22171.5,21131,1040,448,532,3,Principal Arterial,4,Suburban,Freeway/Prin. Art.,4,Macomb,500-999,200-499,500-999,NT,1,1,47.25,77.6769953051643,0.000223755493256554,0.00026074068022505
4231,0,50-5401,2018,15136,14924,212,134,50,3,Principal Arterial,4,Suburban,Freeway/Prin. Art.,4,Macomb,0-99,100-199,100-199,AM,1,1,27.811320754717,7,0.00013170234483784,2.34971081773293e-05
4231,0,50-5401,2018,15136,14924,212,134,50,3,Principal Arterial,4,Suburban,Freeway/Prin. Art.,4,Macomb,0-99,100-199,100-199,MD,1,1,59.5731132075472,24,0.000282112409112873,8.05615137508434e-05
4231,0,50-5401,2018,15136,14924,212,134,50,3,Principal Arterial,4,Suburban,Freeway/Prin. Art.,4,Macomb,0-99,100-199,100-199,PM,1,1,28.9174528301887,10,0.000136940506280254,3.35672973961847e-05
4231,0,50-5401,2018,15136,14924,212,134,50,3,Principal Arterial,4,Suburban,Freeway/Prin. Art.,4,Macomb,0-99,100-199,100-199,EV,1,1,9.79716981132075,4.5,4.63951442042391e-05,1.51052838282831e-05
4231,0,50-5401,2018,15136,14924,212,134,50,3,Principal Arterial,4,Suburban,Freeway/Prin. Art.,4,Macomb,0-99,100-199,100-199,NT,1,1,7.90094339622642,4.5,3.74154388743863e-05,1.51052838282831e-05
4255,1,50-5034,2018,24276,23694,582,313,154,3,Principal Arterial,3,Urban,Freeway/Prin. Art.,4,Macomb,100-199,200-499,200-499,AM,1,1,69.4742990654206,22,0.000329000128170085,7.38480542716064e-05
4255,1,50-5034,2018,24276,23694,582,313,154,3,Principal Arterial,3,Urban,Freeway/Prin. Art.,4,Macomb,100-199,200-499,200-499,MD,1,1,134.926401869159,57,0.000638952880498745,0.000191333595158253
4255,1,50-5034,2018,24276,23694,582,313,154,3,Principal Arterial,3,Urban,Freeway/Prin. Art.,4,Macomb,100-199,200-499,200-499,PM,1,1,78.6156542056075,41.5,0.000372289618718781,0.000139304284194167
4255,1,50-5034,2018,24276,23694,582,313,154,3,Principal Arterial,3,Urban,Freeway/Prin. Art.,4,Macomb,100-199,200-499,200-499,EV,1,1,10.2383177570093,11.5,4.84842294145389e-05,3.86023920056125e-05
4255,1,50-5034,2018,24276,23694,582,313,154,3,Principal Arterial,3,Urban,Freeway/Prin. Art.,4,Macomb,100-199,200-499,200-499,NT,1,1,19.7453271028037,22,9.35052995851821e-05,7.38480542716064e-05
4261,1,50-5327,2018,13415,13072,342,249,91,3,Principal Arterial,4,Suburban,Freeway/Prin. Art.,4,Macomb,0-99,200-499,200-499,AM,1,1,28.056338028169,15.2513966480447,0.00013286264030615,5.11948166992091e-05
4261,1,50-5327,2018,13415,13072,342,249,91,3,Principal Arterial,4,Suburban,Freeway/Prin. Art.,4,Macomb,0-99,200-499,200-499,MD,1,1,97.6961770623743,34.8240223463687,0.0004626466939232,0.000116894831463194
4261,1,50-5327,2018,13415,13072,342,249,91,3,Principal Arterial,4,Suburban,Freeway/Prin. Art.,4,Macomb,0-99,200-499,200-499,PM,1,1,75.1509054325956,27.4525139664804,0.000355882072248615,9.21506700585764e-05
4261,1,50-5327,2018,13415,13072,342,249,91,3,Principal Arterial,4,Suburban,Freeway/Prin. Art.,4,Macomb,0-99,200-499,200-499,EV,1,1,28.5573440643863,9.91340782122905,0.000135235187454474,3.32766308544859e-05
4261,1,50-5327,2018,13415,13072,342,249,91,3,Principal Arterial,4,Suburban,Freeway/Prin. Art.,4,Macomb,0-99,200-499,200-499,NT,1,1,19.5392354124749,3.55865921787709,9.252933878464e-05,1.19454572298155e-05
4271,1,50-5188,2018,34084,33525,559,327,80,3,Principal Arterial,4,Suburban,Freeway/Prin. Art.,4,Macomb,0-99,200-499,200-499,AM,1,1,49.7227191413238,14,0.000235465217937016,4.69942163546586e-05
4271,1,50-5188,2018,34084,33525,559,327,80,3,Principal Arterial,4,Suburban,Freeway/Prin. Art.,4,Macomb,0-99,200-499,200-499,MD,1,1,155.895348837209,38.5,0.000738252712708409,0.000129234094975311
4271,1,50-5188,2018,34084,33525,559,327,80,3,Principal Arterial,4,Suburban,Freeway/Prin. Art.,4,Macomb,0-99,200-499,200-499,PM,1,1,78.386404293381,15,0.000371203990630119,5.03509460942771e-05
4271,1,50-5188,2018,34084,33525,559,327,80,3,Principal Arterial,4,Suburban,Freeway/Prin. Art.,4,Macomb,0-99,200-499,200-499,EV,1,1,20.1815742397138,3.5,9.5571176692083e-05,1.17485540886647e-05
4271,1,50-5188,2018,34084,33525,559,327,80,3,Principal Arterial,4,Suburban,Freeway/Prin. Art.,4,Macomb,0-99,200-499,200-499,NT,1,1,22.8139534883721,9,0.000108036982347572,3.02105676565663e-05
4274,1,50-5186,2018,15286,14927,358,152,183,3,Principal Arterial,4,Suburban,Freeway/Prin. Art.,4,Macomb,100-199,100-199,200-499,AM,1,1,24.6622516556291,24.198347107438,0.000116789720296774,8.12273113851479e-05
4274,1,50-5186,2018,15286,14927,358,152,183,3,Principal Arterial,4,Suburban,Freeway/Prin. Art.,4,Macomb,100-199,100-199,200-499,MD,1,1,62.4105960264901,67.0495867768595,0.000295549496261224,0.000225067341963014
4274,1,50-5186,2018,15286,14927,358,152,183,3,Principal Arterial,4,Suburban,Freeway/Prin. Art.,4,Macomb,100-199,100-199,200-499,PM,1,1,37.4966887417219,61.7561983471074,0.000177568044124687,0.000207298867597513
4274,1,50-5186,2018,15286,14927,358,152,183,3,Principal Arterial,4,Suburban,Freeway/Prin. Art.,4,Macomb,100-199,100-199,200-499,EV,1,1,17.364238410596,20.9214876033058,8.22294969436469e-05,7.02277796350758e-05
4274,1,50-5186,2018,15286,14927,358,152,183,3,Principal Arterial,4,Suburban,Freeway/Prin. Art.,4,Macomb,100-199,100-199,200-499,NT,1,1,10.0662251655629,9.07438016528926,4.76692735905199e-05,3.04602417694305e-05
4281,1,50-5191,2018,7608,7396,211,94,66,3,Principal Arterial,3,Urban,Freeway/Prin. Art.,4,Macomb,0-99,0-99,100-199,AM,1,1,16.5882352941177,15.6046511627907,7.8554682973356e-05,5.23805966345115e-05
4281,1,50-5191,2018,7608,7396,211,94,66,3,Principal Arterial,3,Urban,Freeway/Prin. Art.,4,Macomb,0-99,0-99,100-199,MD,1,1,46.2459893048128,26.8604651162791,0.000219000934349962,9.01633220757986e-05
4281,1,50-5191,2018,7608,7396,211,94,66,3,Principal Arterial,3,Urban,Freeway/Prin. Art.,4,Macomb,0-99,0-99,100-199,PM,1,1,21.8663101604278,11.7674418604651,0.000103549354828515,3.95001220522546e-05
4281,1,50-5191,2018,7608,7396,211,94,66,3,Principal Arterial,3,Urban,Freeway/Prin. Art.,4,Macomb,0-99,0-99,100-199,EV,1,1,5.78074866310161,7.41860465116279,2.73751167937453e-05,2.49022508590301e-05
4281,1,50-5191,2018,7608,7396,211,94,66,3,Principal Arterial,3,Urban,Freeway/Prin. Art.,4,Macomb,0-99,0-99,100-199,NT,1,1,3.51871657754011,4.34883720930233,1.66631145701058e-05,1.45978711932245e-05
4298,1,50-5266,2019,19346,18079.5,1266,408,844,3,Principal Arterial,3,Urban,Freeway/Prin. Art.,4,Macomb,500-999,200-499,1000-1999,AM,1,1,82.3990208078335,131.75,0.000390206000946325,0.000442249143194734
4298,1,50-5266,2019,19346,18079.5,1266,408,844,3,Principal Arterial,3,Urban,Freeway/Prin. Art.,4,Macomb,500-999,200-499,1000-1999,MD,1,1,164.298653610771,329,0.00077804711703843,0.00110436408433448
4298,1,50-5266,2019,19346,18079.5,1266,408,844,3,Principal Arterial,3,Urban,Freeway/Prin. Art.,4,Macomb,500-999,200-499,1000-1999,PM,1,1,91.3880048959608,176,0.000432773928322288,0.000590784434172852
4298,1,50-5266,2019,19346,18079.5,1266,408,844,3,Principal Arterial,3,Urban,Freeway/Prin. Art.,4,Macomb,500-999,200-499,1000-1999,EV,1,1,21.4736842105263,72,0.000101690048731467,0.00024168454125253
4298,1,50-5266,2019,19346,18079.5,1266,408,844,3,Principal Arterial,3,Urban,Freeway/Prin. Art.,4,Macomb,500-999,200-499,1000-1999,NT,1,1,48.4406364749082,135.25,0.000229393830859355,0.000453997697283399
4349,1,50-5036,2018,9601,9149,451,179,242,3,Principal Arterial,3,Urban,Freeway/Prin. Art.,4,Macomb,200-499,100-199,200-499,AM,1,1,46.2584269662921,49.4083333333333,0.000219059833716719,0.000165850421884983
4349,1,50-5036,2018,9601,9149,451,179,242,3,Principal Arterial,3,Urban,Freeway/Prin. Art.,4,Macomb,200-499,100-199,200-499,MD,1,1,67.125,83.1875,0.000317874867404152,0.000279237955214512
4349,1,50-5036,2018,9601,9149,451,179,242,3,Principal Arterial,3,Urban,Freeway/Prin. Art.,4,Macomb,200-499,100-199,200-499,PM,1,1,50.7837078651685,62.5166666666667,0.000240489600058572,0.000209851554221815
4349,1,50-5036,2018,9601,9149,451,179,242,3,Principal Arterial,3,Urban,Freeway/Prin. Art.,4,Macomb,200-499,100-199,200-499,EV,1,1,4.77668539325843,16.1333333333333,2.26203089164003e-05,5.4155239799178e-05
4349,1,50-5036,2018,9601,9149,451,179,242,3,Principal Arterial,3,Urban,Freeway/Prin. Art.,4,Macomb,200-499,100-199,200-499,NT,1,1,10.0561797752809,30.7541666666667,4.76217029818955e-05,0.000103233425867183
4363,1,50-5035,2018,8857,8551,306,153,133,3,Principal Arterial,3,Urban,Freeway/Prin. Art.,4,Macomb,100-199,100-199,200-499,AM,1,1,30.9537572254335,21.5,0.000146583560129534,7.21696894017972e-05
4363,1,50-5035,2018,8857,8551,306,153,133,3,Principal Arterial,3,Urban,Freeway/Prin. Art.,4,Macomb,100-199,100-199,200-499,MD,1,1,73.8468208092486,68.5,0.000349706493451889,0.000229935987163866
4363,1,50-5035,2018,8857,8551,306,153,133,3,Principal Arterial,3,Urban,Freeway/Prin. Art.,4,Macomb,100-199,100-199,200-499,PM,1,1,35.8179190751445,28,0.000169618119578461,9.39884327093173e-05
4363,1,50-5035,2018,8857,8551,306,153,133,3,Principal Arterial,3,Urban,Freeway/Prin. Art.,4,Macomb,100-199,100-199,200-499,EV,1,1,3.53757225433526,7.5,1.67524068719468e-05,2.51754730471386e-05
4363,1,50-5035,2018,8857,8551,306,153,133,3,Principal Arterial,3,Urban,Freeway/Prin. Art.,4,Macomb,100-199,100-199,200-499,NT,1,1,8.84393063583815,7.5,4.1881017179867e-05,2.51754730471386e-05
4378,1,82-0034,2019,20013.5,19575,438,269,81,3,Principal Arterial,3,Urban,Freeway/Prin. Art.,4,Macomb,0-99,200-499,200-499,AM,1,1,56.8278955954323,12.6972972972973,0.000269112249940485,4.26213954506151e-05
4378,1,82-0034,2019,20013.5,19575,438,269,81,3,Principal Arterial,3,Urban,Freeway/Prin. Art.,4,Macomb,0-99,200-499,200-499,MD,1,1,101.807504078303,40.5,0.000482116154333533,0.000135947554454548
4378,1,82-0034,2019,20013.5,19575,438,269,81,3,Principal Arterial,3,Urban,Freeway/Prin. Art.,4,Macomb,0-99,200-499,200-499,PM,1,1,78.9885807504078,18.827027027027,0.000374055636982913,6.31972415302224e-05
4378,1,82-0034,2019,20013.5,19575,438,269,81,3,Principal Arterial,3,Urban,Freeway/Prin. Art.,4,Macomb,0-99,200-499,200-499,EV,1,1,20.1859706362153,4.15945945945946,9.55919961178556e-05,1.3962181268305e-05
4378,1,82-0034,2019,20013.5,19575,438,269,81,3,Principal Arterial,3,Urban,Freeway/Prin. Art.,4,Macomb,0-99,200-499,200-499,NT,1,1,11.1900489396411,4.81621621621622,5.29912152392461e-05,1.61667362054057e-05
4382,1,50-5169,2019,33921,32763,1158,701,376,3,Principal Arterial,3,Urban,Freeway/Prin. Art.,4,Macomb,200-499,500-999,1000-1999,AM,1,1,90.8703703703704,60.1192411924119,0.000430322635865142,0.000201804044833865
4382,1,50-5169,2019,33921,32763,1158,701,376,3,Principal Arterial,3,Urban,Freeway/Prin. Art.,4,Macomb,200-499,500-999,1000-1999,MD,1,1,361.144814814815,136.542005420054,0.00171022510425261,0.000458334610300643
4382,1,50-5169,2019,33921,32763,1158,701,376,3,Principal Arterial,3,Urban,Freeway/Prin. Art.,4,Macomb,200-499,500-999,1000-1999,PM,1,1,160.97037037037,82.5365853658537,0.000762285812103966,0.00027705301070412
4382,1,50-5169,2019,33921,32763,1158,701,376,3,Principal Arterial,3,Urban,Freeway/Prin. Art.,4,Macomb,200-499,500-999,1000-1999,EV,1,1,42.8388888888889,36.6829268292683,0.000202866385479281,0.000123134671424053
4382,1,50-5169,2019,33921,32763,1158,701,376,3,Principal Arterial,3,Urban,Freeway/Prin. Art.,4,Macomb,200-499,500-999,1000-1999,NT,1,1,45.1755555555556,60.1192411924119,0.000213931824687242,0.000201804044833865
4414,0,50-5199,2018,26313,25950,363,226,45,3,Principal Arterial,3,Urban,Freeway/Prin. Art.,4,Macomb,0-99,200-499,200-499,AM,1,1,34.8238993710692,4,0.000164910873669634,1.34269189584739e-05
4414,0,50-5199,2018,26313,25950,363,226,45,3,Principal Arterial,3,Urban,Freeway/Prin. Art.,4,Macomb,0-99,200-499,200-499,MD,1,1,109.446540880503,20,0.00051829131724742,6.71345947923695e-05
4414,0,50-5199,2018,26313,25950,363,226,45,3,Principal Arterial,3,Urban,Freeway/Prin. Art.,4,Macomb,0-99,200-499,200-499,PM,1,1,55.7893081761006,17,0.000264193950674821,5.70644055735141e-05
4414,0,50-5199,2018,26313,25950,363,226,45,3,Principal Arterial,3,Urban,Freeway/Prin. Art.,4,Macomb,0-99,200-499,200-499,EV,1,1,14.5691823899371,4,6.89933246985202e-05,1.34269189584739e-05
4414,0,50-5199,2018,26313,25950,363,226,45,3,Principal Arterial,3,Urban,Freeway/Prin. Art.,4,Macomb,0-99,200-499,200-499,NT,1,1,11.3710691823899,0,5.38484485451865e-05,0
4429,1,50-5168,2019,38505,37302,1203,728,381,3,Principal Arterial,3,Urban,Freeway/Prin. Art.,4,Macomb,200-499,500-999,1000-1999,AM,1,1,109.5,66,0.000518544476435824,0.000221544162814819
4429,1,50-5168,2019,38505,37302,1203,728,381,3,Principal Arterial,3,Urban,Freeway/Prin. Art.,4,Macomb,200-499,500-999,1000-1999,MD,1,1,358.5,133.5,0.0016977004091529,0.000448123420239066
4429,1,50-5168,2019,38505,37302,1203,728,381,3,Principal Arterial,3,Urban,Freeway/Prin. Art.,4,Macomb,200-499,500-999,1000-1999,PM,1,1,165,75,0.000781368389149871,0.000251754730471386
4429,1,50-5168,2019,38505,37302,1203,728,381,3,Principal Arterial,3,Urban,Freeway/Prin. Art.,4,Macomb,200-499,500-999,1000-1999,EV,1,1,47.5,33.5,0.000224939384755266,0.000112450446277219
4429,1,50-5168,2019,38505,37302,1203,728,381,3,Principal Arterial,3,Urban,Freeway/Prin. Art.,4,Macomb,200-499,500-999,1000-1999,NT,1,1,47.5,73,0.000224939384755266,0.000245041270992149
4465,1,50-5311,2018,33451,32836,615,300,154,3,Principal Arterial,4,Suburban,Freeway/Prin. Art.,4,Macomb,100-199,200-499,200-499,AM,1,1,84.5986984815618,20,0.000400622719737658,6.71345947923695e-05
4465,1,50-5311,2018,33451,32836,615,300,154,3,Principal Arterial,4,Suburban,Freeway/Prin. Art.,4,Macomb,100-199,200-499,200-499,MD,1,1,110.954446854664,59.5,0.000525432105502083,0.000199725419507299
4465,1,50-5311,2018,33451,32836,615,300,154,3,Principal Arterial,4,Suburban,Freeway/Prin. Art.,4,Macomb,100-199,200-499,200-499,PM,1,1,71.2581344902386,29.5,0.000337447598548258,9.9023527318745e-05
4465,1,50-5311,2018,33451,32836,615,300,154,3,Principal Arterial,4,Suburban,Freeway/Prin. Art.,4,Macomb,100-199,200-499,200-499,EV,1,1,13.0151843817787,15,6.16342645750244e-05,5.03509460942771e-05
4465,1,50-5311,2018,33451,32836,615,300,154,3,Principal Arterial,4,Suburban,Freeway/Prin. Art.,4,Macomb,100-199,200-499,200-499,NT,1,1,20.1735357917571,30,9.55331100912877e-05,0.000100701892188554
4476,1,50-5313,2018,40255,39389,866,391,226,3,Principal Arterial,4,Suburban,Freeway/Prin. Art.,4,Macomb,200-499,200-499,500-999,AM,1,1,90.72421875,40.5,0.000429630525221624,0.000135947554454548
4476,1,50-5313,2018,40255,39389,866,391,226,3,Principal Arterial,4,Suburban,Freeway/Prin. Art.,4,Macomb,200-499,200-499,500-999,MD,1,1,175.64453125,83.5,0.000831776269368465,0.000280286933258143
4476,1,50-5313,2018,40255,39389,866,391,226,3,Principal Arterial,4,Suburban,Freeway/Prin. Art.,4,Macomb,200-499,200-499,500-999,PM,1,1,83.0875,32,0.000393466339596909,0.000107415351667791
4476,1,50-5313,2018,40255,39389,866,391,226,3,Principal Arterial,4,Suburban,Freeway/Prin. Art.,4,Macomb,200-499,200-499,500-999,EV,1,1,10.69140625,25.5,5.06298598746022e-05,8.55966083602711e-05
4476,1,50-5313,2018,40255,39389,866,391,226,3,Principal Arterial,4,Suburban,Freeway/Prin. Art.,4,Macomb,200-499,200-499,500-999,NT,1,1,30.85234375,44.5,0.000146103309923852,0.000149374473413022
4494,1,82-0137,2019,20478,20030.5,447,212,69,3,Principal Arterial,3,Urban,Freeway/Prin. Art.,1,Detroit,0-99,200-499,200-499,AM,1,1,34.662447257384,13.1322580645161,0.00016414630653027,4.40814411935058e-05
4494,1,82-0137,2019,20478,20030.5,447,212,69,3,Principal Arterial,3,Urban,Freeway/Prin. Art.,1,Detroit,0-99,200-499,200-499,MD,1,1,97.7257383966245,33.6096774193548,0.000462786683572438,0.000112818603732532
4494,1,82-0137,2019,20478,20030.5,447,212,69,3,Principal Arterial,3,Urban,Freeway/Prin. Art.,1,Detroit,0-99,200-499,200-499,PM,1,1,52.5527426160338,16.2483870967742,0.000248866980868473,5.4541444188575e-05
4494,1,82-0137,2019,20478,20030.5,447,212,69,3,Principal Arterial,3,Urban,Freeway/Prin. Art.,1,Detroit,0-99,200-499,200-499,EV,1,1,13.8649789029536,2.67096774193548,6.56585226121078e-05,8.96571685291644e-06
4494,1,82-0137,2019,20478,20030.5,447,212,69,3,Principal Arterial,3,Urban,Freeway/Prin. Art.,1,Detroit,0-99,200-499,200-499,NT,1,1,13.1940928270042,3.33870967741936,6.24814973244252e-05,1.12071460661456e-05
4508,0,63-6072,2019,14372,14221,151,88,18,5,Major Collector,3,Urban,Other Road,3,Oakland,0-99,0-99,100-199,AM,1,1,20.5,1.5,9.70791028943779e-05,5.03509460942771e-06
4508,0,63-6072,2019,14372,14221,151,88,18,5,Major Collector,3,Urban,Other Road,3,Oakland,0-99,0-99,100-199,MD,1,1,37,11,0.000175215941809365,3.69240271358032e-05
4508,0,63-6072,2019,14372,14221,151,88,18,5,Major Collector,3,Urban,Other Road,3,Oakland,0-99,0-99,100-199,PM,1,1,23,2.5,0.000108918017881497,8.39182434904618e-06
4508,0,63-6072,2019,14372,14221,151,88,18,5,Major Collector,3,Urban,Other Road,3,Oakland,0-99,0-99,100-199,EV,1,1,2,1.5,9.47113198969541e-06,5.03509460942771e-06
4508,0,63-6072,2019,14372,14221,151,88,18,5,Major Collector,3,Urban,Other Road,3,Oakland,0-99,0-99,100-199,NT,1,1,5.5,1.5,2.60456129716624e-05,5.03509460942771e-06
4553,1,82-0032,2019,24897.5,23803,1094,548,484,3,Principal Arterial,3,Urban,Freeway/Prin. Art.,1,Detroit,200-499,500-999,1000-1999,AM,1,1,106.795275590551,88.1371326803206,0.000505736075497003,0.000295852534432731
4553,1,82-0032,2019,24897.5,23803,1094,548,484,3,Principal Arterial,3,Urban,Freeway/Prin. Art.,1,Detroit,200-499,500-999,1000-1999,MD,1,1,249.620472440945,195.884238646483,0.00118209422090916,0.000657530449387171
4553,1,82-0032,2019,24897.5,23803,1094,548,484,3,Principal Arterial,3,Urban,Freeway/Prin. Art.,1,Detroit,200-499,500-999,1000-1999,PM,1,1,117.79842519685,99.3428317008014,0.000557842216608816,0.000333467037587993
4553,1,82-0032,2019,24897.5,23803,1094,548,484,3,Principal Arterial,3,Urban,Freeway/Prin. Art.,1,Detroit,200-499,500-999,1000-1999,EV,1,1,29.5574803149606,37.0650044523598,0.000139971398672908,0.000124417202744327
4553,1,82-0032,2019,24897.5,23803,1094,548,484,3,Principal Arterial,3,Urban,Freeway/Prin. Art.,1,Detroit,200-499,500-999,1000-1999,NT,1,1,44.2283464566929,63.5707925200356,0.000209446253488658,0.000213389969823119
4577,1,50-5312,2018,40532,39633,899,465,215,3,Principal Arterial,3,Urban,Freeway/Prin. Art.,4,Macomb,200-499,200-499,500-999,AM,1,1,101.633771929825,28.5,0.000481293434278984,9.56667975791265e-05
4577,1,50-5312,2018,40532,39633,899,465,215,3,Principal Arterial,3,Urban,Freeway/Prin. Art.,4,Macomb,200-499,200-499,500-999,MD,1,1,205.30701754386,76.5,0.000972244930784303,0.000256789825080813
4577,1,50-5312,2018,40532,39633,899,465,215,3,Principal Arterial,3,Urban,Freeway/Prin. Art.,4,Macomb,200-499,200-499,500-999,PM,1,1,105.032894736842,42.5,0.000497390204656208,0.000142661013933785
4577,1,50-5312,2018,40532,39633,899,465,215,3,Principal Arterial,3,Urban,Freeway/Prin. Art.,4,Macomb,200-499,200-499,500-999,EV,1,1,22.7741228070175,22,0.000107848361527398,7.38480542716064e-05
4577,1,50-5312,2018,40532,39633,899,465,215,3,Principal Arterial,3,Urban,Freeway/Prin. Art.,4,Macomb,200-499,200-499,500-999,NT,1,1,30.2521929824561,45.5,0.00014326125635729,0.000152731203152641
4601,0,50-5053,2018,6137,5991,145,19,26,4,Minor Arterial,4,Suburban,Other Road,4,Macomb,0-99,0-99,0-99,AM,1,1,3.85135135135135,3.52083333333333,1.82383284936702e-05,1.181848595824e-05
4601,0,50-5053,2018,6137,5991,145,19,26,4,Minor Arterial,4,Suburban,Other Road,4,Macomb,0-99,0-99,0-99,MD,1,1,10.2702702702703,11.6458333333333,4.86355426497872e-05,3.90919150926402e-05
4601,0,50-5053,2018,6137,5991,145,19,26,4,Minor Arterial,4,Suburban,Other Road,4,Macomb,0-99,0-99,0-99,PM,1,1,2.05405405405405,7.58333333333333,9.72710852995745e-06,2.54552005254401e-05
4601,0,50-5053,2018,6137,5991,145,19,26,4,Minor Arterial,4,Suburban,Other Road,4,Macomb,0-99,0-99,0-99,EV,1,1,1.54054054054054,2.97916666666667,7.29533139746809e-06,1.000025734928e-05
4601,0,50-5053,2018,6137,5991,145,19,26,4,Minor Arterial,4,Suburban,Other Road,4,Macomb,0-99,0-99,0-99,NT,1,1,1.28378378378378,0.270833333333333,6.07944283122341e-06,9.09114304480003e-07
4621,1,63-5538,2018,13158,12453,704,380,321,3,Principal Arterial,4,Suburban,Freeway/Prin. Art.,3,Oakland,200-499,200-499,500-999,AM,1,1,143,53.5838557993731,0.000677185937263222,0.000179866522325183
4621,1,63-5538,2018,13158,12453,704,380,321,3,Principal Arterial,4,Suburban,Freeway/Prin. Art.,3,Oakland,200-499,200-499,500-999,MD,1,1,98.5,136.349529780564,0.000466453250492499,0.000457688521597415
4621,1,63-5538,2018,13158,12453,704,380,321,3,Principal Arterial,4,Suburban,Freeway/Prin. Art.,3,Oakland,200-499,200-499,500-999,PM,1,1,60.25,78.9921630094044,0.000285317851189574,0.000265155342770458
4621,1,63-5538,2018,13158,12453,704,380,321,3,Principal Arterial,4,Suburban,Freeway/Prin. Art.,3,Oakland,200-499,200-499,500-999,EV,1,1,18.25,18.1128526645768,8.64240794059706e-05,6.07999512085127e-05
4621,1,63-5538,2018,13158,12453,704,380,321,3,Principal Arterial,4,Suburban,Freeway/Prin. Art.,3,Oakland,200-499,200-499,500-999,NT,1,1,60,33.9615987460815,0.000284133959690862,0.000113999908515961
4625,1,82-0034,2019,20013.5,19575,438,269,81,3,Principal Arterial,3,Urban,Freeway/Prin. Art.,1,Detroit,0-99,200-499,200-499,AM,1,1,56.8278955954323,12.6972972972973,0.000269112249940485,4.26213954506151e-05
4625,1,82-0034,2019,20013.5,19575,438,269,81,3,Principal Arterial,3,Urban,Freeway/Prin. Art.,1,Detroit,0-99,200-499,200-499,MD,1,1,101.807504078303,40.5,0.000482116154333533,0.000135947554454548
4625,1,82-0034,2019,20013.5,19575,438,269,81,3,Principal Arterial,3,Urban,Freeway/Prin. Art.,1,Detroit,0-99,200-499,200-499,PM,1,1,78.9885807504078,18.827027027027,0.000374055636982913,6.31972415302224e-05
4625,1,82-0034,2019,20013.5,19575,438,269,81,3,Principal Arterial,3,Urban,Freeway/Prin. Art.,1,Detroit,0-99,200-499,200-499,EV,1,1,20.1859706362153,4.15945945945946,9.55919961178556e-05,1.3962181268305e-05
4625,1,82-0034,2019,20013.5,19575,438,269,81,3,Principal Arterial,3,Urban,Freeway/Prin. Art.,1,Detroit,0-99,200-499,200-499,NT,1,1,11.1900489396411,4.81621621621622,5.29912152392461e-05,1.61667362054057e-05
4627,1,82-0033,2019,28963,27560,1403,707,550,3,Principal Arterial,3,Urban,Freeway/Prin. Art.,4,Macomb,500-999,500-999,1000-1999,AM,1,1,134.235042735043,98.9224137931035,0.000635678903692997,0.000332055808294155
4627,1,82-0033,2019,28963,27560,1403,707,550,3,Principal Arterial,3,Urban,Freeway/Prin. Art.,4,Macomb,500-999,500-999,1000-1999,MD,1,1,315.517094017094,220.689655172414,0.00149415202122052,0.000740795528743387
4627,1,82-0033,2019,28963,27560,1403,707,550,3,Principal Arterial,3,Urban,Freeway/Prin. Art.,4,Macomb,500-999,500-999,1000-1999,PM,1,1,159.269230769231,106.034482758621,0.000754229953256321,0.000355929101700924
4627,1,82-0033,2019,28963,27560,1403,707,550,3,Principal Arterial,3,Urban,Freeway/Prin. Art.,4,Macomb,500-999,500-999,1000-1999,EV,1,1,35.8247863247863,43.5344827586207,0.000169650639892343,0.00014613349297477
4627,1,82-0033,2019,28963,27560,1403,707,550,3,Principal Arterial,3,Urban,Freeway/Prin. Art.,4,Macomb,500-999,500-999,1000-1999,NT,1,1,62.1538461538462,80.8189655172414,0.00029433364029515,0.000271287425076924
4656,1,50-5037,2018,18159,17432,726,296,419,3,Principal Arterial,3,Urban,Freeway/Prin. Art.,4,Macomb,200-499,200-499,500-999,AM,1,1,42.0710659898477,69.8333333333333,0.000199230309468517,0.00023441162681669
4656,1,50-5037,2018,18159,17432,726,296,419,3,Principal Arterial,3,Urban,Freeway/Prin. Art.,4,Macomb,200-499,200-499,500-999,MD,1,1,128.717428087986,145.673835125448,0.000609549875397724,0.00048898769464987
4656,1,50-5037,2018,18159,17432,726,296,419,3,Principal Arterial,3,Urban,Freeway/Prin. Art.,4,Macomb,200-499,200-499,500-999,PM,1,1,74.1252115059222,122.646356033453,0.000351024830968339,0.000411690670753327
4656,1,50-5037,2018,18159,17432,726,296,419,3,Principal Arterial,3,Urban,Freeway/Prin. Art.,4,Macomb,200-499,200-499,500-999,EV,1,1,23.0389170896785,29.5352449223417,0.000109102312327997,9.91418349977399e-05
4656,1,50-5037,2018,18159,17432,726,296,419,3,Principal Arterial,3,Urban,Freeway/Prin. Art.,4,Macomb,200-499,200-499,500-999,NT,1,1,28.0473773265651,51.3112305854241,0.000132820206312344,0.000172237933682514
4746,1,63-5562,2019,5216,4940,276,94,10,5,Major Collector,3,Urban,Other Road,3,Oakland,0-99,0-99,100-199,AM,1,1,21.9097744360902,1.53846153846154,0.000103755182774332,5.16419959941304e-06
4746,1,63-5562,2019,5216,4940,276,94,10,5,Major Collector,3,Urban,Other Road,3,Oakland,0-99,0-99,100-199,MD,1,1,25.0902255639098,3.46153846153846,0.00011881641898351,1.16194490986793e-05
4746,1,63-5562,2019,5216,4940,276,94,10,5,Major Collector,3,Urban,Other Road,3,Oakland,0-99,0-99,100-199,PM,1,1,18.3759398496241,4.61538461538462,8.70204758752465e-05,1.54925987982391e-05
4746,1,63-5562,2019,5216,4940,276,94,10,5,Major Collector,3,Urban,Other Road,3,Oakland,0-99,0-99,100-199,EV,1,1,13.781954887218,0.384615384615385,6.52653569064349e-05,1.29104989985326e-06
4746,1,63-5562,2019,5216,4940,276,94,10,5,Major Collector,3,Urban,Other Road,3,Oakland,0-99,0-99,100-199,NT,1,1,14.8421052631579,0,7.02857689761607e-05,0
4758,0,63-6675,2018,29564,29321,242,172,41,3,Principal Arterial,4,Suburban,Freeway/Prin. Art.,3,Oakland,0-99,100-199,200-499,AM,1,1,24.2564102564103,5.01595744680851,0.000114867831567332,1.68372135343629e-05
4758,0,63-6675,2018,29564,29321,242,172,41,3,Principal Arterial,4,Suburban,Freeway/Prin. Art.,3,Oakland,0-99,100-199,200-499,MD,1,1,90.8512820512821,24.2074468085106,0.000430232241870369,8.125785662236e-05
4758,0,63-6675,2018,29564,29321,242,172,41,3,Principal Arterial,4,Suburban,Freeway/Prin. Art.,3,Oakland,0-99,100-199,200-499,PM,1,1,35.7230769230769,8.50531914893617,0.000169168988308252,2.85500577321805e-05
4758,0,63-6675,2018,29564,29321,242,172,41,3,Principal Arterial,4,Suburban,Freeway/Prin. Art.,3,Oakland,0-99,100-199,200-499,EV,1,1,7.93846153846154,0.872340425531915,3.75931085129449e-05,2.92821104945441e-06
4758,0,63-6675,2018,29564,29321,242,172,41,3,Principal Arterial,4,Suburban,Freeway/Prin. Art.,3,Oakland,0-99,100-199,200-499,NT,1,1,13.2307692307692,2.39893617021277,6.26551808549081e-05,8.05258038599964e-06
4771,1,63-5520,2018,18104,17530,574,364,157,3,Principal Arterial,4,Suburban,Freeway/Prin. Art.,3,Oakland,100-199,200-499,500-999,AM,1,1,83.0731707317073,34.5,0.000393398482401251,0.000115807176016837
4771,1,63-5520,2018,18104,17530,574,364,157,3,Principal Arterial,4,Suburban,Freeway/Prin. Art.,3,Oakland,100-199,200-499,500-999,MD,1,1,162.341463414634,76.5,0.000768778713700154,0.000256789825080813
4771,1,63-5520,2018,18104,17530,574,364,157,3,Principal Arterial,4,Suburban,Freeway/Prin. Art.,3,Oakland,100-199,200-499,500-999,PM,1,1,89.0975609756098,36,0.000421927379979967,0.000120842270626265
4771,1,63-5520,2018,18104,17530,574,364,157,3,Principal Arterial,4,Suburban,Freeway/Prin. Art.,3,Oakland,100-199,200-499,500-999,EV,1,1,7.29268292682927,2.5,3.45349812794991e-05,8.39182434904618e-06
4771,1,63-5520,2018,18104,17530,574,364,157,3,Principal Arterial,4,Suburban,Freeway/Prin. Art.,3,Oakland,100-199,200-499,500-999,NT,1,1,22.1951219512195,7.5,0.000105106464763693,2.51754730471386e-05
4772,1,50-5357,2018,23569,22733,836,459,277,3,Principal Arterial,3,Urban,Freeway/Prin. Art.,4,Macomb,200-499,200-499,500-999,AM,1,1,84.1636851520572,63,0.000398562685407151,0.000211473973595964
4772,1,50-5357,2018,23569,22733,836,459,277,3,Principal Arterial,3,Urban,Freeway/Prin. Art.,4,Macomb,200-499,200-499,500-999,MD,1,1,207.330053667263,120,0.00098182515185664,0.000402807568754217
4772,1,50-5357,2018,23569,22733,836,459,277,3,Principal Arterial,3,Urban,Freeway/Prin. Art.,4,Macomb,200-499,200-499,500-999,PM,1,1,90.3220035778175,62,0.000427725808729625,0.000208117243856345
4772,1,50-5357,2018,23569,22733,836,459,277,3,Principal Arterial,3,Urban,Freeway/Prin. Art.,4,Macomb,200-499,200-499,500-999,EV,1,1,31.6127012522361,13,0.000149704033055369,4.36374866150402e-05
4772,1,50-5357,2018,23569,22733,836,459,277,3,Principal Arterial,3,Urban,Freeway/Prin. Art.,4,Macomb,200-499,200-499,500-999,NT,1,1,45.5715563506261,19,0.000215807112586311,6.3777865052751e-05
4809,1,50-5190,2018,27351,26867,484,265,93,3,Principal Arterial,4,Suburban,Freeway/Prin. Art.,4,Macomb,0-99,200-499,200-499,AM,1,1,40.2427685950413,9,0.000190572286497203,3.02105676565663e-05
4809,1,50-5190,2018,27351,26867,484,265,93,3,Principal Arterial,4,Suburban,Freeway/Prin. Art.,4,Macomb,0-99,200-499,200-499,MD,1,1,129.214876033058,58.5,0.000611905572970611,0.000196368689767681
4809,1,50-5190,2018,27351,26867,484,265,93,3,Principal Arterial,4,Suburban,Freeway/Prin. Art.,4,Macomb,0-99,200-499,200-499,PM,1,1,59.9535123966942,15.5,0.000283913814577465,5.20293109640864e-05
4809,1,50-5190,2018,27351,26867,484,265,93,3,Principal Arterial,4,Suburban,Freeway/Prin. Art.,4,Macomb,0-99,200-499,200-499,EV,1,1,18.3419421487603,4,8.68594775191333e-05,1.34269189584739e-05
4809,1,50-5190,2018,27351,26867,484,265,93,3,Principal Arterial,4,Suburban,Freeway/Prin. Art.,4,Macomb,0-99,200-499,200-499,NT,1,1,17.2469008264463,6,8.16738370702298e-05,2.01403784377108e-05
4853,1,50-5256,2018,28694.5,28033.5,661,392,224,3,Principal Arterial,4,Suburban,Freeway/Prin. Art.,4,Macomb,200-499,200-499,500-999,AM,1,1,73.5560640732265,39,0.000348329595740011,0.00013091245984512
4853,1,50-5256,2018,28694.5,28033.5,661,392,224,3,Principal Arterial,4,Suburban,Freeway/Prin. Art.,4,Macomb,200-499,200-499,500-999,MD,1,1,176.04118993135,85.75,0.000833654672731428,0.000287839575172284
4853,1,50-5256,2018,28694.5,28033.5,661,392,224,3,Principal Arterial,4,Suburban,Freeway/Prin. Art.,4,Macomb,200-499,200-499,500-999,PM,1,1,79.6109839816934,49.25,0.000377003068560072,0.00016531893967621
4853,1,50-5256,2018,28694.5,28033.5,661,392,224,3,Principal Arterial,4,Suburban,Freeway/Prin. Art.,4,Macomb,200-499,200-499,500-999,EV,1,1,29.6018306636156,22,0.000140181422675858,7.38480542716064e-05
4853,1,50-5256,2018,28694.5,28033.5,661,392,224,3,Principal Arterial,4,Suburban,Freeway/Prin. Art.,4,Macomb,200-499,200-499,500-999,NT,1,1,33.1899313501144,28,0.000157173110272932,9.39884327093173e-05
4873,1,50-5302,2019,36401,35825,576,344,90,4,Minor Arterial,3,Urban,Other Road,4,Macomb,0-99,200-499,200-499,AM,1,1,52,14.5,0.000246249431732081,4.86725812244679e-05
4873,1,50-5302,2019,36401,35825,576,344,90,4,Minor Arterial,3,Urban,Other Road,4,Macomb,0-99,200-499,200-499,MD,1,1,155.5,38.5,0.000736380512198818,0.000129234094975311
4873,1,50-5302,2019,36401,35825,576,344,90,4,Minor Arterial,3,Urban,Other Road,4,Macomb,0-99,200-499,200-499,PM,1,1,111,28,0.000525647825428095,9.39884327093173e-05
4873,1,50-5302,2019,36401,35825,576,344,90,4,Minor Arterial,3,Urban,Other Road,4,Macomb,0-99,200-499,200-499,EV,1,1,12.5,5.5,5.91945749355963e-05,1.84620135679016e-05
4873,1,50-5302,2019,36401,35825,576,344,90,4,Minor Arterial,3,Urban,Other Road,4,Macomb,0-99,200-499,200-499,NT,1,1,13,3.5,6.15623579330202e-05,1.17485540886647e-05
4880,0,50-5255,2018,6412.5,6332.5,79,39,40,3,Principal Arterial,4,Suburban,Freeway/Prin. Art.,4,Macomb,0-99,0-99,0-99,AM,1,1,7,4.65408805031447,3.31489619639339e-05,1.56225157692935e-05
4880,0,50-5255,2018,6412.5,6332.5,79,39,40,3,Principal Arterial,4,Suburban,Freeway/Prin. Art.,4,Macomb,0-99,0-99,0-99,MD,1,1,14.25,14.3396226415094,6.74818154265798e-05,4.81342377756611e-05
4880,0,50-5255,2018,6412.5,6332.5,79,39,40,3,Principal Arterial,4,Suburban,Freeway/Prin. Art.,4,Macomb,0-99,0-99,0-99,PM,1,1,11.375,10.188679245283,5.38670631913926e-05,3.4200642630075e-05
4880,0,50-5255,2018,6412.5,6332.5,79,39,40,3,Principal Arterial,4,Suburban,Freeway/Prin. Art.,4,Macomb,0-99,0-99,0-99,EV,1,1,3.625,8.42767295597484,1.71664267313229e-05,2.82894204470991e-05
4880,0,50-5255,2018,6412.5,6332.5,79,39,40,3,Principal Arterial,4,Suburban,Freeway/Prin. Art.,4,Macomb,0-99,0-99,0-99,NT,1,1,2.75,2.38993710691824,1.30228064858312e-05,8.02237296261019e-06
4895,1,50-5299,2019,27239,26699,540,339,77,4,Minor Arterial,3,Urban,Other Road,4,Macomb,0-99,200-499,200-499,AM,1,1,43.5,12.5,0.000205997120775875,4.19591217452309e-05
4895,1,50-5299,2019,27239,26699,540,339,77,4,Minor Arterial,3,Urban,Other Road,4,Macomb,0-99,200-499,200-499,MD,1,1,161,25,0.00076242612517048,8.39182434904619e-05
4895,1,50-5299,2019,27239,26699,540,339,77,4,Minor Arterial,3,Urban,Other Road,4,Macomb,0-99,200-499,200-499,PM,1,1,104.5,27.5,0.000494866646461585,9.2310067839508e-05
4895,1,50-5299,2019,27239,26699,540,339,77,4,Minor Arterial,3,Urban,Other Road,4,Macomb,0-99,200-499,200-499,EV,1,1,17.5,6.5,8.28724049098348e-05,2.18187433075201e-05
4895,1,50-5299,2019,27239,26699,540,339,77,4,Minor Arterial,3,Urban,Other Road,4,Macomb,0-99,200-499,200-499,NT,1,1,12.5,5.5,5.91945749355963e-05,1.84620135679016e-05
4914,1,82-0137,2019,20478,20030.5,447,212,69,3,Principal Arterial,3,Urban,Freeway/Prin. Art.,4,Macomb,0-99,200-499,200-499,AM,1,1,34.662447257384,13.1322580645161,0.00016414630653027,4.40814411935058e-05
4914,1,82-0137,2019,20478,20030.5,447,212,69,3,Principal Arterial,3,Urban,Freeway/Prin. Art.,4,Macomb,0-99,200-499,200-499,MD,1,1,97.7257383966245,33.6096774193548,0.000462786683572438,0.000112818603732532
4914,1,82-0137,2019,20478,20030.5,447,212,69,3,Principal Arterial,3,Urban,Freeway/Prin. Art.,4,Macomb,0-99,200-499,200-499,PM,1,1,52.5527426160338,16.2483870967742,0.000248866980868473,5.4541444188575e-05
4914,1,82-0137,2019,20478,20030.5,447,212,69,3,Principal Arterial,3,Urban,Freeway/Prin. Art.,4,Macomb,0-99,200-499,200-499,EV,1,1,13.8649789029536,2.67096774193548,6.56585226121078e-05,8.96571685291644e-06
4914,1,82-0137,2019,20478,20030.5,447,212,69,3,Principal Arterial,3,Urban,Freeway/Prin. Art.,4,Macomb,0-99,200-499,200-499,NT,1,1,13.1940928270042,3.33870967741936,6.24814973244252e-05,1.12071460661456e-05
4928,1,50-5310,2018,20278,19634,643,192,400,3,Principal Arterial,4,Suburban,Freeway/Prin. Art.,4,Macomb,200-499,100-199,500-999,AM,1,1,55.0600522193212,146.28857381151,0.000260740510964356,0.000491051206279467
4928,1,50-5310,2018,20278,19634,643,192,400,3,Principal Arterial,4,Suburban,Freeway/Prin. Art.,4,Macomb,200-499,100-199,500-999,MD,1,1,71.5195822454308,82.8190158465388,0.000338685701647176,0.00027800105349801
4928,1,50-5310,2018,20278,19634,643,192,400,3,Principal Arterial,4,Suburban,Freeway/Prin. Art.,4,Macomb,200-499,100-199,500-999,PM,1,1,47.3733681462141,108.84070058382,0.000224339711254613,0.000365348816530618
4928,1,50-5310,2018,20278,19634,643,192,400,3,Principal Arterial,4,Suburban,Freeway/Prin. Art.,4,Macomb,200-499,100-199,500-999,EV,1,1,6.93472584856397,32.3603002502085,3.28398519120509e-05,0.000108624782232858
4928,1,50-5310,2018,20278,19634,643,192,400,3,Principal Arterial,4,Suburban,Freeway/Prin. Art.,4,Macomb,200-499,100-199,500-999,NT,1,1,11.11227154047,29.6914095079233,5.26228952325635e-05,9.96660373064367e-05
4948,1,63-0557,2019,31496,30205,1291,656,558,3,Principal Arterial,3,Urban,Freeway/Prin. Art.,3,Oakland,500-999,500-999,1000-1999,AM,1,1,97.624478442281,85.7058823529412,0.000462307160376008,0.00028769148415436
4948,1,63-0557,2019,31496,30205,1291,656,558,3,Principal Arterial,3,Urban,Freeway/Prin. Art.,3,Oakland,500-999,500-999,1000-1999,MD,1,1,318.420027816412,208.794117647059,0.00150789905580586,0.000700865424163281
4948,1,63-0557,2019,31496,30205,1291,656,558,3,Principal Arterial,3,Urban,Freeway/Prin. Art.,3,Oakland,500-999,500-999,1000-1999,PM,1,1,162.859527121001,104.397058823529,0.000771232038571192,0.00035043271208164
4948,1,63-0557,2019,31496,30205,1291,656,558,3,Principal Arterial,3,Urban,Freeway/Prin. Art.,3,Oakland,500-999,500-999,1000-1999,EV,1,1,43.3379694019472,58.8088235294118,0.000205229814185611,0.000197405326893151
4948,1,63-0557,2019,31496,30205,1291,656,558,3,Principal Arterial,3,Urban,Freeway/Prin. Art.,3,Oakland,500-999,500-999,1000-1999,NT,1,1,33.7579972183588,100.294117647059,0.000159863223681423,0.000336660247414676
4961,0,50-5046,2018,6190,5901,288,29,30,5,Major Collector,4,Suburban,Other Road,4,Macomb,0-99,0-99,0-99,AM,1,1,5.4375,3.21428571428571,2.57496400969844e-05,1.07894884487737e-05
4961,0,50-5046,2018,6190,5901,288,29,30,5,Major Collector,4,Suburban,Other Road,4,Macomb,0-99,0-99,0-99,MD,1,1,13.7232142857143,9.375,6.49871869114368e-05,3.14693413089232e-05
4961,0,50-5046,2018,6190,5901,288,29,30,5,Major Collector,4,Suburban,Other Road,4,Macomb,0-99,0-99,0-99,PM,1,1,4.91964285714286,10.1785714285714,2.32972934210811e-05,3.41667134211166e-05
4961,0,50-5046,2018,6190,5901,288,29,30,5,Major Collector,4,Suburban,Other Road,4,Macomb,0-99,0-99,0-99,EV,1,1,4.66071428571429,5.625,2.20711200831295e-05,1.88816047853539e-05
4961,0,50-5046,2018,6190,5901,288,29,30,5,Major Collector,4,Suburban,Other Road,4,Macomb,0-99,0-99,0-99,NT,1,1,0.258928571428571,1.60714285714286,1.22617333795164e-06,5.39474422438683e-06
4972,1,82-0032,2019,24897.5,23803,1094,548,484,3,Principal Arterial,3,Urban,Freeway/Prin. Art.,4,Macomb,200-499,500-999,1000-1999,AM,1,1,106.795275590551,88.1371326803206,0.000505736075497003,0.000295852534432731
4972,1,82-0032,2019,24897.5,23803,1094,548,484,3,Principal Arterial,3,Urban,Freeway/Prin. Art.,4,Macomb,200-499,500-999,1000-1999,MD,1,1,249.620472440945,195.884238646483,0.00118209422090916,0.000657530449387171
4972,1,82-0032,2019,24897.5,23803,1094,548,484,3,Principal Arterial,3,Urban,Freeway/Prin. Art.,4,Macomb,200-499,500-999,1000-1999,PM,1,1,117.79842519685,99.3428317008014,0.000557842216608816,0.000333467037587993
4972,1,82-0032,2019,24897.5,23803,1094,548,484,3,Principal Arterial,3,Urban,Freeway/Prin. Art.,4,Macomb,200-499,500-999,1000-1999,EV,1,1,29.5574803149606,37.0650044523598,0.000139971398672908,0.000124417202744327
4972,1,82-0032,2019,24897.5,23803,1094,548,484,3,Principal Arterial,3,Urban,Freeway/Prin. Art.,4,Macomb,200-499,500-999,1000-1999,NT,1,1,44.2283464566929,63.5707925200356,0.000209446253488658,0.000213389969823119
4975,0,50-0039,2019,13363,12668,695,134,555,2,Other Freeway,3,Urban,Freeway/Prin. Art.,4,Macomb,500-999,100-199,500-999,AM,1,1,23.758865248227,82.9554140127389,0.000112511674345672,0.000278458905278924
4975,0,50-0039,2019,13363,12668,695,134,555,2,Other Freeway,3,Urban,Freeway/Prin. Art.,4,Macomb,500-999,100-199,500-999,MD,1,1,56.1897163120568,166.853503184713,0.000266090109827515,0.000560082116299653
4975,0,50-0039,2019,13363,12668,695,134,555,2,Other Freeway,3,Urban,Freeway/Prin. Art.,4,Macomb,500-999,100-199,500-999,PM,1,1,25.7783687943262,176.751592356688,0.000122075166665055,0.000593307326588616
4975,0,50-0039,2019,13363,12668,695,134,555,2,Other Freeway,3,Urban,Freeway/Prin. Art.,4,Macomb,500-999,100-199,500-999,EV,1,1,10.4539007092199,71.6433121019108,4.95051367120959e-05,0.000240487236377252
4975,0,50-0039,2019,13363,12668,695,134,555,2,Other Freeway,3,Urban,Freeway/Prin. Art.,4,Macomb,500-999,100-199,500-999,NT,1,1,17.8191489361702,56.7961783439491,8.43837557592543e-05,0.000190649420943809
4990,1,50-5262,2019,46723.5,43408,3315,1083,2083,3,Principal Arterial,3,Urban,Freeway/Prin. Art.,4,Macomb,2000+,1000-1999,2000+,AM,1,1,187.5,298.25,0.000887918624033945,0.00100114464484121
4990,1,50-5262,2019,46723.5,43408,3315,1083,2083,3,Principal Arterial,3,Urban,Freeway/Prin. Art.,4,Macomb,2000+,1000-1999,2000+,MD,1,1,484.5,784.5,0.00229438172450371,0.00263335448073069
4990,1,50-5262,2019,46723.5,43408,3315,1083,2083,3,Principal Arterial,3,Urban,Freeway/Prin. Art.,4,Macomb,2000+,1000-1999,2000+,PM,1,1,218.25,360.75,0.00103353727837551,0.00121094025356736
4990,1,50-5262,2019,46723.5,43408,3315,1083,2083,3,Principal Arterial,3,Urban,Freeway/Prin. Art.,4,Macomb,2000+,1000-1999,2000+,EV,1,1,66.75,211.25,0.000316099030156084,0.000709109157494403
4990,1,50-5262,2019,46723.5,43408,3315,1083,2083,3,Principal Arterial,3,Urban,Freeway/Prin. Art.,4,Macomb,2000+,1000-1999,2000+,NT,1,1,126,428.25,0.000596681315350811,0.00143751951099161
5007,1,63-0076,2018,36906,35479,1426,614,723,3,Principal Arterial,4,Suburban,Freeway/Prin. Art.,3,Oakland,500-999,500-999,1000-1999,AM,1,1,98.4641460234681,100.111216730038,0.000466283461620454,0.000336046298467109
5007,1,63-0076,2018,36906,35479,1426,614,723,3,Principal Arterial,4,Suburban,Freeway/Prin. Art.,3,Oakland,500-999,500-999,1000-1999,MD,1,1,269.775749674055,280.632129277567,0.001277540866391,0.000942006214238464
5007,1,63-0076,2018,36906,35479,1426,614,723,3,Principal Arterial,4,Suburban,Freeway/Prin. Art.,3,Oakland,500-999,500-999,1000-1999,PM,1,1,144.694263363755,132.87072243346,0.000685209233234936,0.000446011105516987
5007,1,63-0076,2018,36906,35479,1426,614,723,3,Principal Arterial,4,Suburban,Freeway/Prin. Art.,3,Oakland,500-999,500-999,1000-1999,EV,1,1,51.8337679269883,67.1226235741445,0.000245462228779873,0.000225312506752547
5007,1,63-0076,2018,36906,35479,1426,614,723,3,Principal Arterial,4,Suburban,Freeway/Prin. Art.,3,Oakland,500-999,500-999,1000-1999,NT,1,1,49.232073011734,142.263307984791,0.000233141730810227,0.00047753947676905
5008,1,50-5189,2018,22538,22053,485,209,58,3,Principal Arterial,4,Suburban,Freeway/Prin. Art.,4,Macomb,0-99,200-499,200-499,AM,1,1,49.6803278688525,8,0.000235264471268622,2.68538379169478e-05
5008,1,50-5189,2018,22538,22053,485,209,58,3,Principal Arterial,4,Suburban,Freeway/Prin. Art.,4,Macomb,0-99,200-499,200-499,MD,1,1,74.8875878220141,33.5,0.000354635114326101,0.000112450446277219
5008,1,50-5189,2018,22538,22053,485,209,58,3,Principal Arterial,4,Suburban,Freeway/Prin. Art.,4,Macomb,0-99,200-499,200-499,PM,1,1,60.6932084309134,12.5,0.000287416693963637,4.19591217452309e-05
5008,1,50-5189,2018,22538,22053,485,209,58,3,Principal Arterial,4,Suburban,Freeway/Prin. Art.,4,Macomb,0-99,200-499,200-499,EV,1,1,13.2154566744731,2,6.25826672340178e-05,6.71345947923695e-06
5008,1,50-5189,2018,22538,22053,485,209,58,3,Principal Arterial,4,Suburban,Freeway/Prin. Art.,4,Macomb,0-99,200-499,200-499,NT,1,1,10.5234192037471,2,4.98343461307919e-05,6.71345947923695e-06
5009,1,50-5399,2019,17062,16252.5,809,322,482,3,Principal Arterial,3,Urban,Freeway/Prin. Art.,4,Macomb,200-499,200-499,500-999,AM,1,1,68.6065318818041,107.111111111111,0.000324890759403906,0.000359543052110245
5009,1,50-5399,2019,17062,16252.5,809,322,482,3,Principal Arterial,3,Urban,Freeway/Prin. Art.,4,Macomb,200-499,200-499,500-999,MD,1,1,137.463452566096,186.818795430945,0.000650967251506367,0.000627100206542753
5009,1,50-5399,2019,17062,16252.5,809,322,482,3,Principal Arterial,3,Urban,Freeway/Prin. Art.,4,Macomb,200-499,200-499,500-999,PM,1,1,65.4766718506999,98.6022845275182,0.000310069100671976,0.000330981220867843
5009,1,50-5399,2019,17062,16252.5,809,322,482,3,Principal Arterial,3,Urban,Freeway/Prin. Art.,4,Macomb,200-499,200-499,500-999,EV,1,1,18.1531881804044,34.4106957424714,8.59656206451941e-05,0.000115507405759717
5009,1,50-5399,2019,17062,16252.5,809,322,482,3,Principal Arterial,3,Urban,Freeway/Prin. Art.,4,Macomb,200-499,200-499,500-999,NT,1,1,32.3001555209953,55.0571131879543,0.000152959518113518,0.000184811849215547
5140,0,47-5158,2019,6510,6247,263,163,74,5,Major Collector,5,Rural,Other Road,8,Livingston,0-99,100-199,200-499,AM,1,1,28.5779220779221,15.2826086956522,0.000135332635995615,5.12995871076476e-05
5140,0,47-5158,2019,6510,6247,263,163,74,5,Major Collector,5,Rural,Other Road,8,Livingston,0-99,100-199,200-499,MD,1,1,75.6785714285714,29.7608695652174,0.000358380869395796,9.98991959464716e-05
5140,0,47-5158,2019,6510,6247,263,163,74,5,Major Collector,5,Rural,Other Road,8,Livingston,0-99,100-199,200-499,PM,1,1,43.9253246753247,17.2934782608696,0.000208011273845112,5.80495327797064e-05
5140,0,47-5158,2019,6510,6247,263,163,74,5,Major Collector,5,Rural,Other Road,8,Livingston,0-99,100-199,200-499,EV,1,1,7.40909090909091,9.25,3.50862389618262e-05,3.10497500914709e-05
5140,0,47-5158,2019,6510,6247,263,163,74,5,Major Collector,5,Rural,Other Road,8,Livingston,0-99,100-199,200-499,NT,1,1,7.40909090909091,2.41304347826087,3.50862389618262e-05,8.09993480647067e-06
5144,0,47-5115,2019,7806,7494,312,195,86,5,Major Collector,5,Rural,Other Road,8,Livingston,0-99,100-199,200-499,AM,1,1,56.3532110091743,9.70967741935484,0.000266864349755523,3.25927629556503e-05
5144,0,47-5115,2019,7806,7494,312,195,86,5,Major Collector,5,Rural,Other Road,8,Livingston,0-99,100-199,200-499,MD,1,1,55.4587155963303,43,0.000262628407695912,0.000144339378803594
5144,0,47-5115,2019,7806,7494,312,195,86,5,Major Collector,5,Rural,Other Road,8,Livingston,0-99,100-199,200-499,PM,1,1,67.0871559633028,18.0322580645161,0.000317695654470861,6.05294169176364e-05
5144,0,47-5115,2019,7806,7494,312,195,86,5,Major Collector,5,Rural,Other Road,8,Livingston,0-99,100-199,200-499,EV,1,1,8.05045871559633,8.32258064516129,3.81234785365033e-05,2.7936653961986e-05
5144,0,47-5115,2019,7806,7494,312,195,86,5,Major Collector,5,Rural,Other Road,8,Livingston,0-99,100-199,200-499,NT,1,1,8.05045871559633,6.93548387096774,3.81234785365033e-05,2.32805449683217e-05
5317,0,50-5465,2019,4779,4627,95,96,35,5,Major Collector,3,Urban,Other Road,4,Macomb,0-99,0-99,100-199,AM,1,1,12.3870967741936,8.75,5.86599142587587e-05,2.93713852216617e-05
5317,0,50-5465,2019,4779,4627,95,96,35,5,Major Collector,3,Urban,Other Road,4,Macomb,0-99,0-99,100-199,MD,1,1,58.8387096774194,16.0416666666667,0.000278634592729104,5.38475395730464e-05
5317,0,50-5465,2019,4779,4627,95,96,35,5,Major Collector,3,Urban,Other Road,4,Macomb,0-99,0-99,100-199,PM,1,1,17.8064516129032,10.2083333333333,8.43236267469656e-05,3.42666160919386e-05
5317,0,50-5465,2019,4779,4627,95,96,35,5,Major Collector,3,Urban,Other Road,4,Macomb,0-99,0-99,100-199,EV,1,1,3.87096774193548,0,1.83312232058621e-05,0
5317,0,50-5465,2019,4779,4627,95,96,35,5,Major Collector,3,Urban,Other Road,4,Macomb,0-99,0-99,100-199,NT,1,1,3.09677419354839,0,1.46649785646897e-05,0
5323,0,50-5332,2019,5473,5397,76,61,14,5,Major Collector,3,Urban,Other Road,4,Macomb,0-99,0-99,0-99,AM,1,1,15.6344537815126,5.11538461538462,7.40379876757492e-05,1.71709636680484e-05
5323,0,50-5332,2019,5473,5397,76,61,14,5,Major Collector,3,Urban,Other Road,4,Macomb,0-99,0-99,0-99,MD,1,1,20.2478991596639,3.5,9.58852627276096e-05,1.17485540886647e-05
5323,0,50-5332,2019,5473,5397,76,61,14,5,Major Collector,3,Urban,Other Road,4,Macomb,0-99,0-99,0-99,PM,1,1,22.2983193277311,3.5,0.000105595162750659,1.17485540886647e-05
5323,0,50-5332,2019,5473,5397,76,61,14,5,Major Collector,3,Urban,Other Road,4,Macomb,0-99,0-99,0-99,EV,1,1,1.02521008403361,1.07692307692308,4.85495001152454e-06,3.61493971958913e-06
5323,0,50-5332,2019,5473,5397,76,61,14,5,Major Collector,3,Urban,Other Road,4,Macomb,0-99,0-99,0-99,NT,1,1,1.79411764705882,0.807692307692308,8.49616252016794e-06,2.71120478969185e-06
5347,1,50-5117,2019,23901,23414,487,273,88,4,Minor Arterial,3,Urban,Other Road,4,Macomb,0-99,200-499,200-499,AM,1,1,45.0054347826087,30.6516853932584,0.000213126206539858,0.00010288942392898
5347,1,50-5117,2019,23901,23414,487,273,88,4,Minor Arterial,3,Urban,Other Road,4,Macomb,0-99,200-499,200-499,MD,1,1,142.929347826087,39.0561797752809,0.000676851359230977,0.000131101040167571
5347,1,50-5117,2019,23901,23414,487,273,88,4,Minor Arterial,3,Urban,Other Road,4,Macomb,0-99,200-499,200-499,PM,1,1,48.9619565217391,8.40449438202247,0.00023186257634556,2.82116162385912e-05
5347,1,50-5117,2019,23901,23414,487,273,88,4,Minor Arterial,3,Urban,Other Road,4,Macomb,0-99,200-499,200-499,EV,1,1,13.8478260869565,2.96629213483146,6.55772943199563e-05,9.95704102538514e-06
5347,1,50-5117,2019,23901,23414,487,273,88,4,Minor Arterial,3,Urban,Other Road,4,Macomb,0-99,200-499,200-499,NT,1,1,22.2554347826087,6.92134831460674,0.000105392080157073,2.32330957258987e-05
5412,0,50-5421,2019,273,257,16,13,1,5,Major Collector,4,Suburban,Other Road,4,Macomb,0-99,0-99,0-99,AM,1,1,5.75,0,2.72295044703743e-05,0
5412,0,50-5421,2019,273,257,16,13,1,5,Major Collector,4,Suburban,Other Road,4,Macomb,0-99,0-99,0-99,MD,1,1,2.5,0,1.18389149871193e-05,0
5412,0,50-5421,2019,273,257,16,13,1,5,Major Collector,4,Suburban,Other Road,4,Macomb,0-99,0-99,0-99,PM,1,1,4.5,0.5,2.13100469768147e-05,1.67836486980924e-06
5412,0,50-5421,2019,273,257,16,13,1,5,Major Collector,4,Suburban,Other Road,4,Macomb,0-99,0-99,0-99,EV,1,1,0,0.5,0,1.67836486980924e-06
5412,0,50-5421,2019,273,257,16,13,1,5,Major Collector,4,Suburban,Other Road,4,Macomb,0-99,0-99,0-99,NT,1,1,0.25,0,1.18389149871193e-06,0
5414,1,50-0037,2019,23192,22143,1049,485,177,3,Principal Arterial,4,Suburban,Freeway/Prin. Art.,4,Macomb,100-199,200-499,500-999,AM,1,1,75.1473384030418,19.359375,0.000355865180344758,6.49841898029264e-05
5414,1,50-0037,2019,23192,22143,1049,485,177,3,Principal Arterial,4,Suburban,Freeway/Prin. Art.,4,Macomb,100-199,200-499,500-999,MD,1,1,243.883079847909,84.8125,0.00115492441964648,0.000284692641041392
5414,1,50-0037,2019,23192,22143,1049,485,177,3,Principal Arterial,4,Suburban,Freeway/Prin. Art.,4,Macomb,100-199,200-499,500-999,PM,1,1,123.094106463878,41.484375,0.000582920264736505,0.000139251835291985
5414,1,50-0037,2019,23192,22143,1049,485,177,3,Principal Arterial,4,Suburban,Freeway/Prin. Art.,4,Macomb,100-199,200-499,500-999,EV,1,1,24.8954372623574,10.140625,0.000117893986126484,3.40393375158186e-05
5414,1,50-0037,2019,23192,22143,1049,485,177,3,Principal Arterial,4,Suburban,Freeway/Prin. Art.,4,Macomb,100-199,200-499,500-999,NT,1,1,17.9800380228137,21.203125,8.51456566469053e-05,7.1173160260348e-05
5504,0,50-5335,2019,3594,3510,84,47,4,5,Major Collector,3,Urban,Other Road,4,Macomb,0-99,0-99,0-99,AM,1,1,11.5821428571429,0.857142857142857,5.48480018617539e-05,2.87719691967298e-06
5504,0,50-5335,2019,3594,3510,84,47,4,5,Major Collector,3,Urban,Other Road,4,Macomb,0-99,0-99,0-99,MD,1,1,23.1642857142857,1.57142857142857,0.000109696003723508,5.27486101940046e-06
5504,0,50-5335,2019,3594,3510,84,47,4,5,Major Collector,3,Urban,Other Road,4,Macomb,0-99,0-99,0-99,PM,1,1,9.06428571428571,1.28571428571429,4.29245231961553e-05,4.31579537950947e-06
5504,0,50-5335,2019,3594,3510,84,47,4,5,Major Collector,3,Urban,Other Road,4,Macomb,0-99,0-99,0-99,EV,1,1,1.34285714285714,0.285714285714286,6.35918862165263e-06,9.59065639890993e-07
5504,0,50-5335,2019,3594,3510,84,47,4,5,Major Collector,3,Urban,Other Road,4,Macomb,0-99,0-99,0-99,NT,1,1,1.84642857142857,0,8.74388435477237e-06,0
5512,1,47-5117,2018,15491,15077,413,250,136,4,Minor Arterial,5,Rural,Other Road,8,Livingston,100-199,200-499,200-499,AM,1,1,43.8376753507014,19.1407407407407,0.000207596204683955,6.42502936827714e-05
5512,1,47-5117,2018,15491,15077,413,250,136,4,Minor Arterial,5,Rural,Other Road,8,Livingston,100-199,200-499,200-499,MD,1,1,116.983967935872,64.4740740740741,0.000553985300499468,0.000216422041878809
5512,1,47-5117,2018,15491,15077,413,250,136,4,Minor Arterial,5,Rural,Other Road,8,Livingston,100-199,200-499,200-499,PM,1,1,60.1202404809619,35.762962962963,0.00028470336642371,0.000120046601354652
5512,1,47-5117,2018,15491,15077,413,250,136,4,Minor Arterial,5,Rural,Other Road,8,Livingston,100-199,200-499,200-499,EV,1,1,13.7775551102204,9.06666666666667,6.52445214721001e-05,3.04343496392075e-05
5512,1,47-5117,2018,15491,15077,413,250,136,4,Minor Arterial,5,Rural,Other Road,8,Livingston,100-199,200-499,200-499,NT,1,1,15.2805611222445,7.55555555555556,7.23621056326929e-05,2.53619580326729e-05
5533,1,50-5266,2019,19346,18079.5,1266,408,844,3,Principal Arterial,3,Urban,Freeway/Prin. Art.,4,Macomb,500-999,200-499,1000-1999,AM,1,1,82.3990208078335,131.75,0.000390206000946325,0.000442249143194734
5533,1,50-5266,2019,19346,18079.5,1266,408,844,3,Principal Arterial,3,Urban,Freeway/Prin. Art.,4,Macomb,500-999,200-499,1000-1999,MD,1,1,164.298653610771,329,0.00077804711703843,0.00110436408433448
5533,1,50-5266,2019,19346,18079.5,1266,408,844,3,Principal Arterial,3,Urban,Freeway/Prin. Art.,4,Macomb,500-999,200-499,1000-1999,PM,1,1,91.3880048959608,176,0.000432773928322288,0.000590784434172852
5533,1,50-5266,2019,19346,18079.5,1266,408,844,3,Principal Arterial,3,Urban,Freeway/Prin. Art.,4,Macomb,500-999,200-499,1000-1999,EV,1,1,21.4736842105263,72,0.000101690048731467,0.00024168454125253
5533,1,50-5266,2019,19346,18079.5,1266,408,844,3,Principal Arterial,3,Urban,Freeway/Prin. Art.,4,Macomb,500-999,200-499,1000-1999,NT,1,1,48.4406364749082,135.25,0.000229393830859355,0.000453997697283399
5551,0,50-5255,2018,6412.5,6332.5,79,39,40,3,Principal Arterial,4,Suburban,Freeway/Prin. Art.,4,Macomb,0-99,0-99,0-99,AM,1,1,7,4.65408805031447,3.31489619639339e-05,1.56225157692935e-05
5551,0,50-5255,2018,6412.5,6332.5,79,39,40,3,Principal Arterial,4,Suburban,Freeway/Prin. Art.,4,Macomb,0-99,0-99,0-99,MD,1,1,14.25,14.3396226415094,6.74818154265798e-05,4.81342377756611e-05
5551,0,50-5255,2018,6412.5,6332.5,79,39,40,3,Principal Arterial,4,Suburban,Freeway/Prin. Art.,4,Macomb,0-99,0-99,0-99,PM,1,1,11.375,10.188679245283,5.38670631913926e-05,3.4200642630075e-05
5551,0,50-5255,2018,6412.5,6332.5,79,39,40,3,Principal Arterial,4,Suburban,Freeway/Prin. Art.,4,Macomb,0-99,0-99,0-99,EV,1,1,3.625,8.42767295597484,1.71664267313229e-05,2.82894204470991e-05
5551,0,50-5255,2018,6412.5,6332.5,79,39,40,3,Principal Arterial,4,Suburban,Freeway/Prin. Art.,4,Macomb,0-99,0-99,0-99,NT,1,1,2.75,2.38993710691824,1.30228064858312e-05,8.02237296261019e-06
5562,0,50-5401,2018,15136,14924,212,134,50,3,Principal Arterial,4,Suburban,Freeway/Prin. Art.,4,Macomb,0-99,100-199,100-199,AM,1,1,27.811320754717,7,0.00013170234483784,2.34971081773293e-05
5562,0,50-5401,2018,15136,14924,212,134,50,3,Principal Arterial,4,Suburban,Freeway/Prin. Art.,4,Macomb,0-99,100-199,100-199,MD,1,1,59.5731132075472,24,0.000282112409112873,8.05615137508434e-05
5562,0,50-5401,2018,15136,14924,212,134,50,3,Principal Arterial,4,Suburban,Freeway/Prin. Art.,4,Macomb,0-99,100-199,100-199,PM,1,1,28.9174528301887,10,0.000136940506280254,3.35672973961847e-05
5562,0,50-5401,2018,15136,14924,212,134,50,3,Principal Arterial,4,Suburban,Freeway/Prin. Art.,4,Macomb,0-99,100-199,100-199,EV,1,1,9.79716981132075,4.5,4.63951442042391e-05,1.51052838282831e-05
5562,0,50-5401,2018,15136,14924,212,134,50,3,Principal Arterial,4,Suburban,Freeway/Prin. Art.,4,Macomb,0-99,100-199,100-199,NT,1,1,7.90094339622642,4.5,3.74154388743863e-05,1.51052838282831e-05
5602,0,50-5403,2018,6683,6571,112,73,11,4,Minor Arterial,4,Suburban,Other Road,4,Macomb,0-99,0-99,0-99,AM,1,1,13.3712871287129,3,6.33206126340775e-05,1.00701892188554e-05
5602,0,50-5403,2018,6683,6571,112,73,11,4,Minor Arterial,4,Suburban,Other Road,4,Macomb,0-99,0-99,0-99,MD,1,1,32.1633663366337,3,0.000152311743903592,1.00701892188554e-05
5602,0,50-5403,2018,6683,6571,112,73,11,4,Minor Arterial,4,Suburban,Other Road,4,Macomb,0-99,0-99,0-99,PM,1,1,24.9356435643564,2.5,0.000118084385723009,8.39182434904618e-06
5602,0,50-5403,2018,6683,6571,112,73,11,4,Minor Arterial,4,Suburban,Other Road,4,Macomb,0-99,0-99,0-99,EV,1,1,1.44554455445545,2.5,6.84547163611648e-06,8.39182434904618e-06
5602,0,50-5403,2018,6683,6571,112,73,11,4,Minor Arterial,4,Suburban,Other Road,4,Macomb,0-99,0-99,0-99,NT,1,1,1.08415841584158,0,5.13410372708736e-06,0
5603,1,50-5265,2019,22171.5,21131,1040,448,532,3,Principal Arterial,4,Suburban,Freeway/Prin. Art.,4,Macomb,500-999,200-499,500-999,AM,1,1,80.75,89.1661971830986,0.000382396954083952,0.000299306825853192
5603,1,50-5265,2019,22171.5,21131,1040,448,532,3,Principal Arterial,4,Suburban,Freeway/Prin. Art.,4,Macomb,500-999,200-499,500-999,MD,1,1,205.25,214.798122065728,0.000971974920442491,0.000721019244352227
5603,1,50-5265,2019,22171.5,21131,1040,448,532,3,Principal Arterial,4,Suburban,Freeway/Prin. Art.,4,Macomb,500-999,200-499,500-999,PM,1,1,86.75,109.646948356808,0.000410810350053038,0.000368055172407707
5603,1,50-5265,2019,22171.5,21131,1040,448,532,3,Principal Arterial,4,Suburban,Freeway/Prin. Art.,4,Macomb,500-999,200-499,500-999,EV,1,1,28,40.7117370892019,0.000132595847855736,0.000136658298638852
5603,1,50-5265,2019,22171.5,21131,1040,448,532,3,Principal Arterial,4,Suburban,Freeway/Prin. Art.,4,Macomb,500-999,200-499,500-999,NT,1,1,47.25,77.6769953051643,0.000223755493256554,0.00026074068022505
5611,1,50-5080,2018,15140,14767,372,102,122,4,Minor Arterial,4,Suburban,Other Road,4,Macomb,100-199,100-199,200-499,AM,1,1,19.8472906403941,24.7573221757322,9.39881546465094e-05,8.31036396205963e-05
5611,1,50-5080,2018,15140,14767,372,102,122,4,Minor Arterial,4,Suburban,Other Road,4,Macomb,100-199,100-199,200-499,MD,1,1,44.7192118226601,33.1799163179916,0.000211770778823781,0.000111376011862655
5611,1,50-5080,2018,15140,14767,372,102,122,4,Minor Arterial,4,Suburban,Other Road,4,Macomb,100-199,100-199,200-499,PM,1,1,29.1428571428571,55.3849372384937,0.000138007923278419,0.000185912265955355
5611,1,50-5080,2018,15140,14767,372,102,122,4,Minor Arterial,4,Suburban,Other Road,4,Macomb,100-199,100-199,200-499,EV,1,1,4.01970443349754,7.40167364016736,1.90355756246095e-05,2.48454180308999e-05
5611,1,50-5080,2018,15140,14767,372,102,122,4,Minor Arterial,4,Suburban,Other Road,4,Macomb,100-199,100-199,200-499,NT,1,1,4.27093596059113,1.27615062761506,2.02252991011476e-05,4.28369276394826e-06
5614,1,50-0227,2019,45252,44112.5,1139,590,452,3,Principal Arterial,4,Suburban,Freeway/Prin. Art.,4,Macomb,200-499,500-999,1000-1999,AM,1,1,99.8254931714719,70.7089108910891,0.000472730210881724,0.000237350704044151
5614,1,50-0227,2019,45252,44112.5,1139,590,452,3,Principal Arterial,4,Suburban,Freeway/Prin. Art.,4,Macomb,200-499,500-999,1000-1999,MD,1,1,307.086494688923,205.190099009901,0.00145422836172584,0.000688767707621794
5614,1,50-0227,2019,45252,44112.5,1139,590,452,3,Principal Arterial,4,Suburban,Freeway/Prin. Art.,4,Macomb,200-499,500-999,1000-1999,PM,1,1,118.850531107739,85.4772277227723,0.000562824533583398,0.00028692395235717
5614,1,50-0227,2019,45252,44112.5,1139,590,452,3,Principal Arterial,4,Suburban,Freeway/Prin. Art.,4,Macomb,200-499,500-999,1000-1999,EV,1,1,27.9779969650986,32.4455445544555,0.000132491651031873,0.000108910924324057
5614,1,50-0227,2019,45252,44112.5,1139,590,452,3,Principal Arterial,4,Suburban,Freeway/Prin. Art.,4,Macomb,200-499,500-999,1000-1999,NT,1,1,36.2594840667678,58.1782178217822,0.000171709179737308,0.000195288553960378
5672,1,50-5256,2018,28694.5,28033.5,661,392,224,3,Principal Arterial,4,Suburban,Freeway/Prin. Art.,4,Macomb,200-499,200-499,500-999,AM,1,1,73.5560640732265,39,0.000348329595740011,0.00013091245984512
5672,1,50-5256,2018,28694.5,28033.5,661,392,224,3,Principal Arterial,4,Suburban,Freeway/Prin. Art.,4,Macomb,200-499,200-499,500-999,MD,1,1,176.04118993135,85.75,0.000833654672731428,0.000287839575172284
5672,1,50-5256,2018,28694.5,28033.5,661,392,224,3,Principal Arterial,4,Suburban,Freeway/Prin. Art.,4,Macomb,200-499,200-499,500-999,PM,1,1,79.6109839816934,49.25,0.000377003068560072,0.00016531893967621
5672,1,50-5256,2018,28694.5,28033.5,661,392,224,3,Principal Arterial,4,Suburban,Freeway/Prin. Art.,4,Macomb,200-499,200-499,500-999,EV,1,1,29.6018306636156,22,0.000140181422675858,7.38480542716064e-05
5672,1,50-5256,2018,28694.5,28033.5,661,392,224,3,Principal Arterial,4,Suburban,Freeway/Prin. Art.,4,Macomb,200-499,200-499,500-999,NT,1,1,33.1899313501144,28,0.000157173110272932,9.39884327093173e-05
5713,0,47-0011,2018,2323,2246,76,47,27,4,Minor Arterial,5,Rural,Other Road,8,Livingston,0-99,0-99,0-99,AM,1,1,8.82741116751269,3.73660714285714,4.1802788147412e-05,1.25427803216994e-05
5713,0,47-0011,2018,2323,2246,76,47,27,4,Minor Arterial,5,Rural,Other Road,8,Livingston,0-99,0-99,0-99,MD,1,1,23.261421319797,13.8616071428571,0.000110155995793856,4.65296689353364e-05
5713,0,47-0011,2018,2323,2246,76,47,27,4,Minor Arterial,5,Rural,Other Road,8,Livingston,0-99,0-99,0-99,PM,1,1,9.78172588832487,4.45982142857143,4.63220084876727e-05,1.49704152226735e-05
5713,0,47-0011,2018,2323,2246,76,47,27,4,Minor Arterial,5,Rural,Other Road,8,Livingston,0-99,0-99,0-99,EV,1,1,1.5507614213198,2.89285714285714,7.34373305292372e-06,9.7105396038963e-06
5713,0,47-0011,2018,2323,2246,76,47,27,4,Minor Arterial,5,Rural,Other Road,8,Livingston,0-99,0-99,0-99,NT,1,1,3.57868020304569,2.04910714285714,1.69470762759778e-05,6.87829888609321e-06
5714,0,47-5215,2019,870,853,17,15,0,6,Minor Collector,4,Suburban,Other Road,8,Livingston,0-99,0-99,0-99,AM,1,1,5.5,0,2.60456129716624e-05,0
5714,0,47-5215,2019,870,853,17,15,0,6,Minor Collector,4,Suburban,Other Road,8,Livingston,0-99,0-99,0-99,MD,1,1,4,0,1.89422639793908e-05,0
5714,0,47-5215,2019,870,853,17,15,0,6,Minor Collector,4,Suburban,Other Road,8,Livingston,0-99,0-99,0-99,PM,1,1,4.5,0,2.13100469768147e-05,0
5714,0,47-5215,2019,870,853,17,15,0,6,Minor Collector,4,Suburban,Other Road,8,Livingston,0-99,0-99,0-99,EV,1,1,0.5,0,2.36778299742385e-06,0
5714,0,47-5215,2019,870,853,17,15,0,6,Minor Collector,4,Suburban,Other Road,8,Livingston,0-99,0-99,0-99,NT,1,1,0.5,0,2.36778299742385e-06,0
5721,1,50-5348,2018,15809,15286,522,272,217,4,Minor Arterial,5,Rural,Other Road,4,Macomb,200-499,200-499,200-499,AM,1,1,66.2435424354244,31.9709976798144,0.000313700666935446,0.000107317998717106
5721,1,50-5348,2018,15809,15286,522,272,217,4,Minor Arterial,5,Rural,Other Road,4,Macomb,200-499,200-499,200-499,MD,1,1,112.915129151292,74.5150812064965,0.000534717045912693,0.000250126989135933
5721,1,50-5348,2018,15809,15286,522,272,217,4,Minor Arterial,5,Rural,Other Road,4,Macomb,200-499,200-499,200-499,PM,1,1,66.7453874538746,81.3120649651972,0.000316077187139503,0.000272942626658467
5721,1,50-5348,2018,15809,15286,522,272,217,4,Minor Arterial,5,Rural,Other Road,4,Macomb,200-499,200-499,200-499,EV,1,1,6.5239852398524,17.3700696055684,3.08947626527334e-05,5.83066292242545e-05
5721,1,50-5348,2018,15809,15286,522,272,217,4,Minor Arterial,5,Rural,Other Road,4,Macomb,200-499,200-499,200-499,NT,1,1,19.5719557195572,11.8317865429234,9.26842879582001e-05,3.97161097614487e-05
5732,1,50-5257,2018,31534.5,30673.5,861,473,370,3,Principal Arterial,4,Suburban,Freeway/Prin. Art.,4,Macomb,200-499,200-499,500-999,AM,1,1,80.0387359836901,54.9257759784076,0.000379028716394956,0.000184370985698343
5732,1,50-5257,2018,31534.5,30673.5,861,473,370,3,Principal Arterial,4,Suburban,Freeway/Prin. Art.,4,Macomb,200-499,200-499,500-999,MD,1,1,248.071865443425,159.534412955466,0.00117476069027232,0.000535513908460186
5732,1,50-5257,2018,31534.5,30673.5,861,473,370,3,Principal Arterial,4,Suburban,Freeway/Prin. Art.,4,Macomb,200-499,200-499,500-999,PM,1,1,82.4495412844037,65.9109311740891,0.000390445243997214,0.000221245182838011
5732,1,50-5257,2018,31534.5,30673.5,861,473,370,3,Principal Arterial,4,Suburban,Freeway/Prin. Art.,4,Macomb,200-499,200-499,500-999,EV,1,1,26.2777777777778,30.2091767881242,0.000124440150864609,0.000101404042134088
5732,1,50-5257,2018,31534.5,30673.5,861,473,370,3,Principal Arterial,4,Suburban,Freeway/Prin. Art.,4,Macomb,200-499,200-499,500-999,NT,1,1,36.1620795107034,59.4197031039136,0.000171247914033866,0.000199455884528207
5812,1,50-0007,2018,12657,11873,783,212,571,4,Minor Arterial,5,Rural,Other Road,4,Macomb,500-999,200-499,500-999,AM,1,1,48.0533333333333,119.649377593361,0.000227559731272415,0.000401630624094475
5812,1,50-0007,2018,12657,11873,783,212,571,4,Minor Arterial,5,Rural,Other Road,4,Macomb,500-999,200-499,500-999,MD,1,1,83.6222222222222,257.06846473029,0.000395998551969154,0.000862909360678229
5812,1,50-0007,2018,12657,11873,783,212,571,4,Minor Arterial,5,Rural,Other Road,4,Macomb,500-999,200-499,500-999,PM,1,1,52.0577777777778,102.353526970954,0.000246523042211783,0.000343573127938244
5812,1,50-0007,2018,12657,11873,783,212,571,4,Minor Arterial,5,Rural,Other Road,4,Macomb,500-999,200-499,500-999,EV,1,1,11.3066666666667,24.403734439834,5.35434661817447e-05,8.19167411519424e-05
5812,1,50-0007,2018,12657,11873,783,212,571,4,Minor Arterial,5,Rural,Other Road,4,Macomb,500-999,200-499,500-999,NT,1,1,16.96,67.5248962655602,8.03151992726171e-05,0.000226662827459258
5841,1,50-5262,2019,46723.5,43408,3315,1083,2083,3,Principal Arterial,3,Urban,Freeway/Prin. Art.,4,Macomb,2000+,1000-1999,2000+,AM,1,1,187.5,298.25,0.000887918624033945,0.00100114464484121
5841,1,50-5262,2019,46723.5,43408,3315,1083,2083,3,Principal Arterial,3,Urban,Freeway/Prin. Art.,4,Macomb,2000+,1000-1999,2000+,MD,1,1,484.5,784.5,0.00229438172450371,0.00263335448073069
5841,1,50-5262,2019,46723.5,43408,3315,1083,2083,3,Principal Arterial,3,Urban,Freeway/Prin. Art.,4,Macomb,2000+,1000-1999,2000+,PM,1,1,218.25,360.75,0.00103353727837551,0.00121094025356736
5841,1,50-5262,2019,46723.5,43408,3315,1083,2083,3,Principal Arterial,3,Urban,Freeway/Prin. Art.,4,Macomb,2000+,1000-1999,2000+,EV,1,1,66.75,211.25,0.000316099030156084,0.000709109157494403
5841,1,50-5262,2019,46723.5,43408,3315,1083,2083,3,Principal Arterial,3,Urban,Freeway/Prin. Art.,4,Macomb,2000+,1000-1999,2000+,NT,1,1,126,428.25,0.000596681315350811,0.00143751951099161
5855,1,50-5147,2018,35391,34477,914,545,91,3,Principal Arterial,4,Suburban,Freeway/Prin. Art.,4,Macomb,0-99,500-999,500-999,AM,1,1,101.318347509113,17.5,0.000479799721118318,5.87427704433233e-05
5855,1,50-5147,2018,35391,34477,914,545,91,3,Principal Arterial,4,Suburban,Freeway/Prin. Art.,4,Macomb,0-99,500-999,500-999,MD,1,1,276.804374240583,34,0.0013108253818788,0.000114128811147028
5855,1,50-5147,2018,35391,34477,914,545,91,3,Principal Arterial,4,Suburban,Freeway/Prin. Art.,4,Macomb,0-99,500-999,500-999,PM,1,1,111.58262454435,19,0.000528406882408082,6.3777865052751e-05
5855,1,50-5147,2018,35391,34477,914,545,91,3,Principal Arterial,4,Suburban,Freeway/Prin. Art.,4,Macomb,0-99,500-999,500-999,EV,1,1,23.5085054678007,8,0.000111326079083008,2.68538379169478e-05
5855,1,50-5147,2018,35391,34477,914,545,91,3,Principal Arterial,4,Suburban,Freeway/Prin. Art.,4,Macomb,0-99,500-999,500-999,NT,1,1,31.7861482381531,12.5,0.000150525402703786,4.19591217452309e-05
5862,1,50-5093,2018,11690,11409,280,102,100,3,Principal Arterial,4,Suburban,Freeway/Prin. Art.,4,Macomb,100-199,100-199,200-499,AM,1,1,23.6546052631579,17.38768718802,0.000112017944305756,5.83657666872098e-05
5862,1,50-5093,2018,11690,11409,280,102,100,3,Principal Arterial,4,Suburban,Freeway/Prin. Art.,4,Macomb,100-199,100-199,200-499,MD,1,1,39.3404605263158,35.8569051580699,0.000186299347090069,0.000120361939914772
5862,1,50-5093,2018,11690,11409,280,102,100,3,Principal Arterial,4,Suburban,Freeway/Prin. Art.,4,Macomb,100-199,100-199,200-499,PM,1,1,30.3651315789474,26.7054908485857,0.000143796084534339,8.96431153425566e-05
5862,1,50-5093,2018,11690,11409,280,102,100,3,Principal Arterial,4,Suburban,Freeway/Prin. Art.,4,Macomb,100-199,100-199,200-499,EV,1,1,3.77467105263158,9.98336106489185,1.78752038785781e-05,3.35114449878716e-05
5862,1,50-5093,2018,11690,11409,280,102,100,3,Principal Arterial,4,Suburban,Freeway/Prin. Art.,4,Macomb,100-199,100-199,200-499,NT,1,1,4.86513157894737,10.0665557404326,2.30391516657229e-05,3.37907070294372e-05
5964,1,50-5264,2019,20257.5,19234.5,1023,474,476,3,Principal Arterial,4,Suburban,Freeway/Prin. Art.,4,Macomb,200-499,200-499,500-999,AM,1,1,67.5,74.9213011542497,0.00031965070465222,0.000251490559715382
5964,1,50-5264,2019,20257.5,19234.5,1023,474,476,3,Principal Arterial,4,Suburban,Freeway/Prin. Art.,4,Macomb,200-499,200-499,500-999,MD,1,1,239,193.296956977964,0.0011318002727686,0.000648845644065686
5964,1,50-5264,2019,20257.5,19234.5,1023,474,476,3,Principal Arterial,4,Suburban,Freeway/Prin. Art.,4,Macomb,200-499,200-499,500-999,PM,1,1,88.75,86.1594963273872,0.000420281482042734,0.000289214143672689
5964,1,50-5264,2019,20257.5,19234.5,1023,474,476,3,Principal Arterial,4,Suburban,Freeway/Prin. Art.,4,Macomb,200-499,200-499,500-999,EV,1,1,21.25,43.704092339979,0.000100630777390514,0.00014670282650064
5964,1,50-5264,2019,20257.5,19234.5,1023,474,476,3,Principal Arterial,4,Suburban,Freeway/Prin. Art.,4,Macomb,200-499,200-499,500-999,NT,1,1,57.5,77.9181532004197,0.000272295044703743,0.000261550182103997
5965,0,50-5065,2019,9943,9820,123,106,13,4,Minor Arterial,4,Suburban,Other Road,4,Macomb,0-99,100-199,100-199,AM,1,1,19.8436018957346,2.16666666666667,9.39706863527362e-05,7.27291443584003e-06
5965,0,50-5065,2019,9943,9820,123,106,13,4,Minor Arterial,4,Suburban,Other Road,4,Macomb,0-99,100-199,100-199,MD,1,1,40.1895734597156,5.41666666666667,0.000190320377423263,1.81822860896001e-05
5965,0,50-5065,2019,9943,9820,123,106,13,4,Minor Arterial,4,Suburban,Other Road,4,Macomb,0-99,100-199,100-199,PM,1,1,29.8909952606635,2.97916666666667,0.000141550780708552,1.000025734928e-05
5965,0,50-5065,2019,9943,9820,123,106,13,4,Minor Arterial,4,Suburban,Other Road,4,Macomb,0-99,100-199,100-199,EV,1,1,11.8056872037915,1.35416666666667,5.59066108680836e-05,4.54557152240002e-06
5965,0,50-5065,2019,9943,9820,123,106,13,4,Minor Arterial,4,Suburban,Other Road,4,Macomb,0-99,100-199,100-199,NT,1,1,4.27014218009479,1.08333333333333,2.02215401012217e-05,3.63645721792001e-06
5974,1,50-5315,2018,12398,12120,277,180,85,4,Minor Arterial,4,Suburban,Other Road,4,Macomb,0-99,100-199,200-499,AM,1,1,57.31843575419,15.6174698795181,0.000271435235235405,5.24236256021741e-05
5974,1,50-5315,2018,12398,12120,277,180,85,4,Minor Arterial,4,Suburban,Other Road,4,Macomb,0-99,100-199,200-499,MD,1,1,57.31843575419,25.8584337349398,0.000271435235235405,8.67997735380259e-05
5974,1,50-5315,2018,12398,12120,277,180,85,4,Minor Arterial,4,Suburban,Other Road,4,Macomb,0-99,100-199,200-499,PM,1,1,55.3072625698324,31.7469879518072,0.000261911191893812,0.000106566058601141
5974,1,50-5315,2018,12398,12120,277,180,85,4,Minor Arterial,4,Suburban,Other Road,4,Macomb,0-99,100-199,200-499,EV,1,1,6.03351955307263,7.42469879518072,2.85721300247794e-05,2.49227072534926e-05
5974,1,50-5315,2018,12398,12120,277,180,85,4,Minor Arterial,4,Suburban,Other Road,4,Macomb,0-99,100-199,200-499,NT,1,1,4.02234636871508,4.35240963855422,1.90480866831863e-05,1.4609862872737e-05
5976,1,50-5221,2018,13734,13478,255,96,139,4,Minor Arterial,4,Suburban,Other Road,4,Macomb,100-199,0-99,200-499,AM,1,1,17.6842105263158,17.1854545454545,8.37447460141489e-05,5.76869263615888e-05
5976,1,50-5221,2018,13734,13478,255,96,139,4,Minor Arterial,4,Suburban,Other Road,4,Macomb,100-199,0-99,200-499,MD,1,1,46.7368421052632,41.7,0.000221325400180251,0.00013997563014209
5976,1,50-5221,2018,13734,13478,255,96,139,4,Minor Arterial,4,Suburban,Other Road,4,Macomb,100-199,0-99,200-499,PM,1,1,21.4736842105263,62.1709090909091,0.000101690048731467,0.000208690939484571
5976,1,50-5221,2018,13734,13478,255,96,139,4,Minor Arterial,4,Suburban,Other Road,4,Macomb,100-199,0-99,200-499,EV,1,1,5.55789473684211,10.8672727272727,2.63197773187325e-05,3.64784975521811e-05
5976,1,50-5221,2018,13734,13478,255,96,139,4,Minor Arterial,4,Suburban,Other Road,4,Macomb,100-199,0-99,200-499,NT,1,1,4.54736842105263,7.07636363636364,2.15343632607811e-05,2.37534402665365e-05
5997,0,50-5064,2018,15626,15452,174,112,26,4,Minor Arterial,4,Suburban,Other Road,4,Macomb,0-99,100-199,100-199,AM,1,1,23.4594594594595,2,0.000111093818473725,6.71345947923695e-06
5997,0,50-5064,2018,15626,15452,174,112,26,4,Minor Arterial,4,Suburban,Other Road,4,Macomb,0-99,100-199,100-199,MD,1,1,45.7837837837838,12,0.000216812129601946,4.02807568754217e-05
5997,0,50-5064,2018,15626,15452,174,112,26,4,Minor Arterial,4,Suburban,Other Road,4,Macomb,0-99,100-199,100-199,PM,1,1,32.5405405405405,8,0.000154097877237747,2.68538379169478e-05
5997,0,50-5064,2018,15626,15452,174,112,26,4,Minor Arterial,4,Suburban,Other Road,4,Macomb,0-99,100-199,100-199,EV,1,1,7.18918918918919,2,3.40448798548511e-05,6.71345947923695e-06
5997,0,50-5064,2018,15626,15452,174,112,26,4,Minor Arterial,4,Suburban,Other Road,4,Macomb,0-99,100-199,100-199,NT,1,1,3.02702702702703,2,1.43346862546741e-05,6.71345947923695e-06
6025,1,50-5317,2018,19560.5,19230.5,330,163,68,3,Principal Arterial,4,Suburban,Freeway/Prin. Art.,4,Macomb,0-99,100-199,200-499,AM,1,1,47.2824427480916,8,0.000223909128031196,2.68538379169478e-05
6025,1,50-5317,2018,19560.5,19230.5,330,163,68,3,Principal Arterial,4,Suburban,Freeway/Prin. Art.,4,Macomb,0-99,100-199,200-499,MD,1,1,61.125,42.5,0.000289461471435066,0.000142661013933785
6025,1,50-5317,2018,19560.5,19230.5,330,163,68,3,Principal Arterial,4,Suburban,Freeway/Prin. Art.,4,Macomb,0-99,100-199,200-499,PM,1,1,40.594465648855,12.75,0.000192237771105731,4.27983041801356e-05
6025,1,50-5317,2018,19560.5,19230.5,330,163,68,3,Principal Arterial,4,Suburban,Freeway/Prin. Art.,4,Macomb,0-99,100-199,200-499,EV,1,1,5.59923664122137,1.25,2.65155546352732e-05,4.19591217452309e-06
6025,1,50-5317,2018,19560.5,19230.5,330,163,68,3,Principal Arterial,4,Suburban,Freeway/Prin. Art.,4,Macomb,0-99,100-199,200-499,NT,1,1,8.39885496183206,3.5,3.97733319529098e-05,1.17485540886647e-05
6075,1,47-8229,2019,31027,27853,3174,778,2375,2,Other Freeway,5,Rural,Freeway/Prin. Art.,8,Livingston,2000+,500-999,2000+,AM,1,1,143.164539959704,323.269696302817,0.000677965127101192,0.0010851290034971
6075,1,47-8229,2019,31027,27853,3174,778,2375,2,Other Freeway,5,Rural,Freeway/Prin. Art.,8,Livingston,2000+,500-999,2000+,MD,1,1,300.175285426461,864.230303697183,0.00142149987415925,0.00290098756229984
6075,1,47-8229,2019,31027,27853,3174,778,2375,2,Other Freeway,5,Rural,Freeway/Prin. Art.,8,Livingston,2000+,500-999,2000+,PM,1,1,185.486903962391,467.787191901409,0.00087838547489388,0.00157023517886807
6075,1,47-8229,2019,31027,27853,3174,778,2375,2,Other Freeway,5,Rural,Freeway/Prin. Art.,8,Livingston,2000+,500-999,2000+,EV,1,1,48.8535930154466,243.824273767606,0.000231349413810078,0.000818452190996598
6075,1,47-8229,2019,31027,27853,3174,778,2375,2,Other Freeway,5,Rural,Freeway/Prin. Art.,8,Livingston,2000+,500-999,2000+,NT,1,1,100.319677635997,475.888534330986,0.000475070454027113,0.00159742919593227
6084,1,50-0227,2019,45252,44112.5,1139,590,452,3,Principal Arterial,4,Suburban,Freeway/Prin. Art.,4,Macomb,200-499,500-999,1000-1999,AM,1,1,99.8254931714719,70.7089108910891,0.000472730210881724,0.000237350704044151
6084,1,50-0227,2019,45252,44112.5,1139,590,452,3,Principal Arterial,4,Suburban,Freeway/Prin. Art.,4,Macomb,200-499,500-999,1000-1999,MD,1,1,307.086494688923,205.190099009901,0.00145422836172584,0.000688767707621794
6084,1,50-0227,2019,45252,44112.5,1139,590,452,3,Principal Arterial,4,Suburban,Freeway/Prin. Art.,4,Macomb,200-499,500-999,1000-1999,PM,1,1,118.850531107739,85.4772277227723,0.000562824533583398,0.00028692395235717
6084,1,50-0227,2019,45252,44112.5,1139,590,452,3,Principal Arterial,4,Suburban,Freeway/Prin. Art.,4,Macomb,200-499,500-999,1000-1999,EV,1,1,27.9779969650986,32.4455445544555,0.000132491651031873,0.000108910924324057
6084,1,50-0227,2019,45252,44112.5,1139,590,452,3,Principal Arterial,4,Suburban,Freeway/Prin. Art.,4,Macomb,200-499,500-999,1000-1999,NT,1,1,36.2594840667678,58.1782178217822,0.000171709179737308,0.000195288553960378
6111,0,50-5198,2018,3321,3226,94,88,6,5,Major Collector,4,Suburban,Other Road,4,Macomb,0-99,0-99,0-99,AM,1,1,27.2138728323699,1.90909090909091,0.000128873090773081,6.40830223018072e-06
6111,0,50-5198,2018,3321,3226,94,88,6,5,Major Collector,4,Suburban,Other Road,4,Macomb,0-99,0-99,0-99,MD,1,1,25.4335260115607,2.18181818181818,0.000120442140909421,7.3237739773494e-06
6111,0,50-5198,2018,3321,3226,94,88,6,5,Major Collector,4,Suburban,Other Road,4,Macomb,0-99,0-99,0-99,PM,1,1,30.0115606936416,0.272727272727273,0.000142121726273117,9.15471747168675e-07
6111,0,50-5198,2018,3321,3226,94,88,6,5,Major Collector,4,Suburban,Other Road,4,Macomb,0-99,0-99,0-99,EV,1,1,2.54335260115607,0.818181818181818,1.20442140909421e-05,2.74641524150602e-06
6111,0,50-5198,2018,3321,3226,94,88,6,5,Major Collector,4,Suburban,Other Road,4,Macomb,0-99,0-99,0-99,NT,1,1,2.79768786127168,0.818181818181818,1.32486355000364e-05,2.74641524150602e-06
6118,1,50-5339,2018,24296,23826,470,305,77,3,Principal Arterial,3,Urban,Freeway/Prin. Art.,4,Macomb,0-99,200-499,200-499,AM,1,1,58.9821882951654,13,0.00027931404519229,4.36374866150402e-05
6118,1,50-5339,2018,24296,23826,470,305,77,3,Principal Arterial,3,Urban,Freeway/Prin. Art.,4,Macomb,0-99,200-499,200-499,MD,1,1,148.619592875318,32,0.000703797890188466,0.000107415351667791
6118,1,50-5339,2018,24296,23826,470,305,77,3,Principal Arterial,3,Urban,Freeway/Prin. Art.,4,Macomb,0-99,200-499,200-499,PM,1,1,66.7430025445293,14.5,0.000316065893243907,4.86725812244679e-05
6118,1,50-5339,2018,24296,23826,470,305,77,3,Principal Arterial,3,Urban,Freeway/Prin. Art.,4,Macomb,0-99,200-499,200-499,EV,1,1,10.4770992366412,6.5,4.9614994869683e-05,2.18187433075201e-05
6118,1,50-5339,2018,24296,23826,470,305,77,3,Principal Arterial,3,Urban,Freeway/Prin. Art.,4,Macomb,0-99,200-499,200-499,NT,1,1,20.1781170483461,11,9.55548049342043e-05,3.69240271358032e-05
6127,1,50-5338,2019,12587,12351,236,154,80,3,Principal Arterial,3,Urban,Freeway/Prin. Art.,4,Macomb,0-99,100-199,200-499,AM,1,1,39,18.5,0.00018468707379906,6.20995001829418e-05
6127,1,50-5338,2019,12587,12351,236,154,80,3,Principal Arterial,3,Urban,Freeway/Prin. Art.,4,Macomb,0-99,100-199,200-499,MD,1,1,52,27,0.000246249431732081,9.06317029696988e-05
6127,1,50-5338,2019,12587,12351,236,154,80,3,Principal Arterial,3,Urban,Freeway/Prin. Art.,4,Macomb,0-99,100-199,200-499,PM,1,1,37,22.5,0.000175215941809365,7.55264191414157e-05
6127,1,50-5338,2019,12587,12351,236,154,80,3,Principal Arterial,3,Urban,Freeway/Prin. Art.,4,Macomb,0-99,100-199,200-499,EV,1,1,12,5.5,5.68267919381725e-05,1.84620135679016e-05
6127,1,50-5338,2019,12587,12351,236,154,80,3,Principal Arterial,3,Urban,Freeway/Prin. Art.,4,Macomb,0-99,100-199,200-499,NT,1,1,14,6.5,6.62979239278679e-05,2.18187433075201e-05
6133,0,50-5139,2018,5247,5125,121,62,30,5,Major Collector,4,Suburban,Other Road,4,Macomb,0-99,0-99,0-99,AM,1,1,19.8196721311475,4.83050847457627,9.3857365373293e-05,1.62147114540892e-05
6133,0,50-5139,2018,5247,5125,121,62,30,5,Major Collector,4,Suburban,Other Road,4,Macomb,0-99,0-99,0-99,MD,1,1,13.9754098360656,9.40677966101695,6.61814755837323e-05,3.15760170421738e-05
6133,0,50-5139,2018,5247,5125,121,62,30,5,Major Collector,4,Suburban,Other Road,4,Macomb,0-99,0-99,0-99,PM,1,1,23.1229508196721,13.4745762711864,0.000109500259602175,4.52305108982489e-05
6133,0,50-5139,2018,5247,5125,121,62,30,5,Major Collector,4,Suburban,Other Road,4,Macomb,0-99,0-99,0-99,EV,1,1,3.04918032786885,0.508474576271186,1.44395946728143e-05,1.70681173200939e-06
6133,0,50-5139,2018,5247,5125,121,62,30,5,Major Collector,4,Suburban,Other Road,4,Macomb,0-99,0-99,0-99,NT,1,1,2.0327868852459,1.77966101694915,9.62639644854287e-06,5.97384106203288e-06
6154,0,50-8047,2018,35909,34766.5,1493,364,368,2,Other Freeway,4,Suburban,Freeway/Prin. Art.,4,Macomb,200-499,200-499,500-999,AM,1,1,61.3884592504462,66.4288332315211,0.000290709100102507,0.000222983640076403
6154,0,50-8047,2018,35909,34766.5,1493,364,368,2,Other Freeway,4,Suburban,Freeway/Prin. Art.,4,Macomb,200-499,200-499,500-999,MD,1,1,173.771564544914,162.419059254734,0.000822906711930376,0.000545196886481222
6154,0,50-8047,2018,35909,34766.5,1493,364,368,2,Other Freeway,4,Suburban,Freeway/Prin. Art.,4,Macomb,200-499,200-499,500-999,PM,1,1,77.5205234979179,67.1032376298106,0.000367103554979532,0.000225247433376671
6154,0,50-8047,2018,35909,34766.5,1493,364,368,2,Other Freeway,4,Suburban,Freeway/Prin. Art.,4,Macomb,200-499,200-499,500-999,EV,1,1,18.0809042236764,24.9529627367135,8.56233151977401e-05,8.37603521099178e-05
6154,0,50-8047,2018,35909,34766.5,1493,364,368,2,Other Freeway,4,Suburban,Freeway/Prin. Art.,4,Macomb,200-499,200-499,500-999,NT,1,1,33.2385484830458,47.0959071472205,0.000157403339914408,0.000158088232135385
6173,1,50-4709,2019,15823,15374,449,221,74,3,Principal Arterial,4,Suburban,Freeway/Prin. Art.,4,Macomb,0-99,200-499,200-499,AM,1,1,34.962890625,14.3647058823529,0.00016556907592533,4.82184354361665e-05
6173,1,50-4709,2019,15823,15374,449,221,74,3,Principal Arterial,4,Suburban,Freeway/Prin. Art.,4,Macomb,0-99,200-499,200-499,MD,1,1,104.025390625,23.5058823529412,0.000492619102444499,7.89028943500907e-05
6173,1,50-4709,2019,15823,15374,449,221,74,3,Principal Arterial,4,Suburban,Freeway/Prin. Art.,4,Macomb,0-99,200-499,200-499,PM,1,1,52.228515625,24.3764705882353,0.000247331582555122,8.18252237704644e-05
6173,1,50-4709,2019,15823,15374,449,221,74,3,Principal Arterial,4,Suburban,Freeway/Prin. Art.,4,Macomb,0-99,200-499,200-499,EV,1,1,18.9921875,5.22352941176471,8.99387572927716e-05,1.75339765222424e-05
6173,1,50-4709,2019,15823,15374,449,221,74,3,Principal Arterial,4,Suburban,Freeway/Prin. Art.,4,Macomb,0-99,200-499,200-499,NT,1,1,10.791015625,6.52941176470588,5.11015666436203e-05,2.1917470652803e-05
6190,0,47-0044,2018,5646,5506,139,99,32,4,Minor Arterial,5,Rural,Other Road,8,Livingston,0-99,0-99,100-199,AM,1,1,21.1802884615385,3.968,0.000100300653799527,1.33195036068061e-05
6190,0,47-0044,2018,5646,5506,139,99,32,4,Minor Arterial,5,Rural,Other Road,8,Livingston,0-99,0-99,100-199,MD,1,1,40.8137019230769,14.08,0.000193275978950773,4.72627547338281e-05
6190,0,47-0044,2018,5646,5506,139,99,32,4,Minor Arterial,5,Rural,Other Road,8,Livingston,0-99,0-99,100-199,PM,1,1,27.4867788461539,9.984,0.000130165455211745,3.35135897203508e-05
6190,0,47-0044,2018,5646,5506,139,99,32,4,Minor Arterial,5,Rural,Other Road,8,Livingston,0-99,0-99,100-199,EV,1,1,3.33173076923077,1.792,1.5777630934757e-05,6.01525969339631e-06
6190,0,47-0044,2018,5646,5506,139,99,32,4,Minor Arterial,5,Rural,Other Road,8,Livingston,0-99,0-99,100-199,NT,1,1,6.1875,2.176,2.93013145931202e-05,7.3042439134098e-06
6198,1,50-5293,2018,20580,19752,827,323,477,4,Minor Arterial,4,Suburban,Other Road,4,Macomb,200-499,200-499,500-999,AM,1,1,68.9635093167702,46.1451104100946,0.00032658124960586,0.000154896664451543
6198,1,50-5293,2018,20580,19752,827,323,477,4,Minor Arterial,4,Suburban,Other Road,4,Macomb,200-499,200-499,500-999,MD,1,1,154.478260869565,133.168769716088,0.000731541999117126,0.000447011569694398
6198,1,50-5293,2018,20580,19752,827,323,477,4,Minor Arterial,4,Suburban,Other Road,4,Macomb,200-499,200-499,500-999,PM,1,1,74.7313664596273,247.277602523659,0.000353895317754713,0.000830044082332723
6198,1,50-5293,2018,20580,19752,827,323,477,4,Minor Arterial,4,Suburban,Other Road,4,Macomb,200-499,200-499,500-999,EV,1,1,12.0372670807453,36.3643533123028,5.70032726584773e-05,0.000122065306225401
6198,1,50-5293,2018,20580,19752,827,323,477,4,Minor Arterial,4,Suburban,Other Road,4,Macomb,200-499,200-499,500-999,NT,1,1,12.7895962732919,14.0441640378549,6.05659771996322e-05,4.71424630939478e-05
6211,1,50-0013,2019,32186,31496,690,409,214,4,Minor Arterial,4,Suburban,Other Road,4,Macomb,200-499,200-499,500-999,AM,1,1,56.8055555555556,30.5063829787234,0.000269006457207321,0.000102401682992872
6211,1,50-0013,2019,32186,31496,690,409,214,4,Minor Arterial,4,Suburban,Other Road,4,Macomb,200-499,200-499,500-999,MD,1,1,220.86,108.365957446809,0.00104589710562206,0.000363755232123932
6211,1,50-0013,2019,32186,31496,690,409,214,4,Minor Arterial,4,Suburban,Other Road,4,Macomb,200-499,200-499,500-999,PM,1,1,94.07,52.3617021276596,0.000445474693135324,0.000175764082748959
6211,1,50-0013,2019,32186,31496,690,409,214,4,Minor Arterial,4,Suburban,Other Road,4,Macomb,200-499,200-499,500-999,EV,1,1,15.9055555555556,7.74042553191489,7.53218080180499e-05,2.59825165802809e-05
6211,1,50-0013,2019,32186,31496,690,409,214,4,Minor Arterial,4,Suburban,Other Road,4,Macomb,200-499,200-499,500-999,NT,1,1,21.3588888888889,15.0255319148936,0.000101146427909953,5.04366498323099e-05
6249,1,50-5197,2019,8126,7842,284,105,170,4,Minor Arterial,3,Urban,Other Road,4,Macomb,100-199,100-199,200-499,AM,1,1,19.0636882129278,14.6483001172333,9.02773536375197e-05,4.91703846383738e-05
6249,1,50-5197,2019,8126,7842,284,105,170,4,Minor Arterial,3,Urban,Other Road,4,Macomb,100-199,100-199,200-499,MD,1,1,43.0180608365019,61.7819460726846,0.000203714866061628,0.000207385295753685
6249,1,50-5197,2019,8126,7842,284,105,170,4,Minor Arterial,3,Urban,Other Road,4,Macomb,100-199,100-199,200-499,PM,1,1,30.541825095057,81.0140679953107,0.000144632828340738,0.000271942331367333
6249,1,50-5197,2019,8126,7842,284,105,170,4,Minor Arterial,3,Urban,Other Road,4,Macomb,100-199,100-199,200-499,EV,1,1,6.88688212927757,10.8616647127784,3.26132848219312e-05,3.64596729631479e-05
6249,1,50-5197,2019,8126,7842,284,105,170,4,Minor Arterial,3,Urban,Other Road,4,Macomb,100-199,100-199,200-499,NT,1,1,5.48954372623574,1.69402110199297,2.59960965971915e-05,5.68637101260105e-06
6283,0,50-5062,2019,11853,11638,215,195,9,4,Minor Arterial,4,Suburban,Other Road,4,Macomb,0-99,100-199,200-499,AM,1,1,63.8181818181818,0.794117647058824,0.00030221521167119,2.6656383226382e-06
6283,0,50-5062,2019,11853,11638,215,195,9,4,Minor Arterial,4,Suburban,Other Road,4,Macomb,0-99,100-199,200-499,MD,1,1,50.5227272727273,4.76470588235294,0.000239253709239692,1.59938299358292e-05
6283,0,50-5062,2019,11853,11638,215,195,9,4,Minor Arterial,4,Suburban,Other Road,4,Macomb,0-99,100-199,200-499,PM,1,1,58.7954545454546,1.85294117647059,0.000278429755197068,6.21982275282247e-06
6283,0,50-5062,2019,11853,11638,215,195,9,4,Minor Arterial,4,Suburban,Other Road,4,Macomb,0-99,100-199,200-499,EV,1,1,7.68181818181818,0.794117647058824,3.6377756960421e-05,2.6656383226382e-06
6283,0,50-5062,2019,11853,11638,215,195,9,4,Minor Arterial,4,Suburban,Other Road,4,Macomb,0-99,100-199,200-499,NT,1,1,14.1818181818182,0.794117647058824,6.71589359269311e-05,2.6656383226382e-06
6287,0,50-5134,2018,1283,1234,48,27,25,5,Major Collector,5,Rural,Other Road,4,Macomb,0-99,0-99,0-99,AM,1,1,5.52857142857143,4.625,2.61809148572294e-05,1.55248750457354e-05
6287,0,50-5134,2018,1283,1234,48,27,25,5,Major Collector,5,Rural,Other Road,4,Macomb,0-99,0-99,0-99,MD,1,1,12.7285714285714,14,6.02769900201329e-05,4.69942163546587e-05
6287,0,50-5134,2018,1283,1234,48,27,25,5,Major Collector,5,Rural,Other Road,4,Macomb,0-99,0-99,0-99,PM,1,1,6.94285714285714,5.625,3.28783581927998e-05,1.88816047853539e-05
6287,0,50-5134,2018,1283,1234,48,27,25,5,Major Collector,5,Rural,Other Road,4,Macomb,0-99,0-99,0-99,EV,1,1,1.15714285714286,0.375,5.47972636546663e-06,1.25877365235693e-06
6287,0,50-5134,2018,1283,1234,48,27,25,5,Major Collector,5,Rural,Other Road,4,Macomb,0-99,0-99,0-99,NT,1,1,0.642857142857143,0.375,3.04429242525924e-06,1.25877365235693e-06
6300,1,47-0039,2018,30792,27923,2869,530,2188,2,Other Freeway,5,Rural,Freeway/Prin. Art.,8,Livingston,2000+,500-999,2000+,AM,1,1,92.3501912452189,293.325370675453,0.000437330425278541,0.000984613995130906
6300,1,47-0039,2018,30792,27923,2869,530,2188,2,Other Freeway,5,Rural,Freeway/Prin. Art.,8,Livingston,2000+,500-999,2000+,MD,1,1,213.531661708457,821.288509060956,0.00101119327600989,0.00275684356317183
6300,1,47-0039,2018,30792,27923,2869,530,2188,2,Other Freeway,5,Rural,Freeway/Prin. Art.,8,Livingston,2000+,500-999,2000+,PM,1,1,126.699957501062,442.804159802306,0.000599996010290681,0.00148637389203517
6300,1,47-0039,2018,30792,27923,2869,530,2188,2,Other Freeway,5,Rural,Freeway/Prin. Art.,8,Livingston,2000+,500-999,2000+,EV,1,1,37.2779430514237,224.161861614498,0.000176532159472191,0.000752450787369625
6300,1,47-0039,2018,30792,27923,2869,530,2188,2,Other Freeway,5,Rural,Freeway/Prin. Art.,8,Livingston,2000+,500-999,2000+,NT,1,1,60.1402464938377,406.420098846788,0.000284798106217977,0.00136424243257769
6302,0,47-5159,2018,3987,3883,104,68,32,5,Major Collector,5,Rural,Other Road,8,Livingston,0-99,0-99,100-199,AM,1,1,22.9859154929577,10.2483660130719,0.000108851319768894,3.44009949785736e-05
6302,0,47-5159,2018,3987,3883,104,68,32,5,Major Collector,5,Rural,Other Road,8,Livingston,0-99,0-99,100-199,MD,1,1,17.8380281690141,11.6078431372549,8.44731596123186e-05,3.89643922716497e-05
6302,0,47-5159,2018,3987,3883,104,68,32,5,Major Collector,5,Rural,Other Road,8,Livingston,0-99,0-99,100-199,PM,1,1,11.8521126760563,5.8562091503268,5.61264617558358e-05,1.96577114163278e-05
6302,0,47-5159,2018,3987,3883,104,68,32,5,Major Collector,5,Rural,Other Road,8,Livingston,0-99,0-99,100-199,EV,1,1,9.09859154929577,1.98692810457516,4.30869807418538e-05,6.66958065911122e-06
6302,0,47-5159,2018,3987,3883,104,68,32,5,Major Collector,5,Rural,Other Road,8,Livingston,0-99,0-99,100-199,NT,1,1,6.22535211267606,2.30065359477124,2.94805657707421e-05,7.72267234212878e-06
6308,1,47-5161,2018,15367,15114,252,170,58,4,Minor Arterial,4,Suburban,Other Road,8,Livingston,0-99,100-199,200-499,AM,1,1,28.7178287318671,8.59716312056738,0.00013599517318849,2.88583531231597e-05
6308,1,47-5161,2018,15367,15114,252,170,58,4,Minor Arterial,4,Suburban,Other Road,8,Livingston,0-99,100-199,200-499,MD,1,1,76.2096396817969,29.9460992907801,0.000360895778156714,0.000100520962074929
6308,1,47-5161,2018,15367,15114,252,170,58,4,Minor Arterial,4,Suburban,Other Road,8,Livingston,0-99,100-199,200-499,PM,1,1,47.7702386523163,14.4794326241135,0.000226219117727669,4.86035421021637e-05
6308,1,47-5161,2018,15367,15114,252,170,58,4,Minor Arterial,4,Suburban,Other Road,8,Livingston,0-99,100-199,200-499,EV,1,1,9.50631726719701,2.05673758865248,4.50177927867717e-05,6.90391223042098e-06
6308,1,47-5161,2018,15367,15114,252,170,58,4,Minor Arterial,4,Suburban,Other Road,8,Livingston,0-99,100-199,200-499,NT,1,1,7.79597566682265,2.92056737588652,3.69183572644655e-05,9.80355536719778e-06
6340,1,50-0144,2018,19200,18204,995,349,603,3,Principal Arterial,5,Rural,Freeway/Prin. Art.,4,Macomb,500-999,200-499,500-999,AM,1,1,57.3258869908016,98.4724019794442,0.000271470521058122,0.000330545240256066
6340,1,50-0144,2018,19200,18204,995,349,603,3,Principal Arterial,5,Rural,Freeway/Prin. Art.,4,Macomb,500-999,200-499,500-999,MD,1,1,151.684296977661,273.381423677198,0.000718310998719792,0.00091766755511649
6340,1,50-0144,2018,19200,18204,995,349,603,3,Principal Arterial,5,Rural,Freeway/Prin. Art.,4,Macomb,500-999,200-499,500-999,PM,1,1,72.0013140604468,129.230681385611,0.000340966974449002,0.00043379247147824
6340,1,50-0144,2018,19200,18204,995,349,603,3,Principal Arterial,5,Rural,Freeway/Prin. Art.,4,Macomb,500-999,200-499,500-999,EV,1,1,16.3952036793693,34.4309097830225,7.7640569022623e-05,0.000115575258830792
6340,1,50-0144,2018,19200,18204,995,349,603,3,Principal Arterial,5,Rural,Freeway/Prin. Art.,4,Macomb,500-999,200-499,500-999,NT,1,1,51.5932982917214,67.484583174724,0.00024432346895231,0.000226527507308353
6383,1,50-0038,2019,26428,25338,1090,539,313,3,Principal Arterial,4,Suburban,Freeway/Prin. Art.,4,Macomb,200-499,500-999,500-999,AM,1,1,98.1966292134831,50.5814917127072,0.000465016618112039,0.00016978839750631
6383,1,50-0038,2019,26428,25338,1090,539,313,3,Principal Arterial,4,Suburban,Freeway/Prin. Art.,4,Macomb,200-499,500-999,500-999,MD,1,1,265.606741573034,158.229281767956,0.00125779825339556,0.000531132935788969
6383,1,50-0038,2019,26428,25338,1090,539,313,3,Principal Arterial,4,Suburban,Freeway/Prin. Art.,4,Macomb,200-499,500-999,500-999,PM,1,1,119.393258426966,61.8218232044199,0.000565394654620806,0.000207519152507712
6383,1,50-0038,2019,26428,25338,1090,539,313,3,Principal Arterial,4,Suburban,Freeway/Prin. Art.,4,Macomb,200-499,500-999,500-999,EV,1,1,25.9550561797753,17.725138121547,0.000122911881439306,5.94984982714418e-05
6383,1,50-0038,2019,26428,25338,1090,539,313,3,Principal Arterial,4,Suburban,Freeway/Prin. Art.,4,Macomb,200-499,500-999,500-999,NT,1,1,29.8483146067416,24.6422651933702,0.000141348663655201,8.27174244261508e-05
6401,0,50-5067,2019,6750,6602,148,126,21,4,Minor Arterial,4,Suburban,Other Road,4,Macomb,0-99,100-199,100-199,AM,1,1,36,5.52631578947368,0.000170480375814517,1.85503485610495e-05
6401,0,50-5067,2019,6750,6602,148,126,21,4,Minor Arterial,4,Suburban,Other Road,4,Macomb,0-99,100-199,100-199,MD,1,1,49.25,8.56578947368421,0.000233226625246249,2.87530402696267e-05
6401,0,50-5067,2019,6750,6602,148,126,21,4,Minor Arterial,4,Suburban,Other Road,4,Macomb,0-99,100-199,100-199,PM,1,1,30.25,6.07894736842105,0.000143250871344143,2.04053834171544e-05
6401,0,50-5067,2019,6750,6602,148,126,21,4,Minor Arterial,4,Suburban,Other Road,4,Macomb,0-99,100-199,100-199,EV,1,1,2,0.276315789473684,9.47113198969541e-06,9.27517428052473e-07
6401,0,50-5067,2019,6750,6602,148,126,21,4,Minor Arterial,4,Suburban,Other Road,4,Macomb,0-99,100-199,100-199,NT,1,1,8.5,0.552631578947368,4.02523109562055e-05,1.85503485610495e-06
6412,0,50-5238,2018,3030,2959,70,37,34,5,Major Collector,5,Rural,Other Road,4,Macomb,0-99,0-99,0-99,AM,1,1,7.5,4.12121212121212,3.55167449613578e-05,1.38337952905489e-05
6412,0,50-5238,2018,3030,2959,70,37,34,5,Major Collector,5,Rural,Other Road,4,Macomb,0-99,0-99,0-99,MD,1,1,15.75,17.7727272727273,7.45851644188513e-05,5.9658242190492e-05
6412,0,50-5238,2018,3030,2959,70,37,34,5,Major Collector,5,Rural,Other Road,4,Macomb,0-99,0-99,0-99,PM,1,1,9.5,9.27272727272727,4.49878769510532e-05,3.11260394037349e-05
6412,0,50-5238,2018,3030,2959,70,37,34,5,Major Collector,5,Rural,Other Road,4,Macomb,0-99,0-99,0-99,EV,1,1,1.25,1.28787878787879,5.91945749355963e-06,4.32306102829652e-06
6412,0,50-5238,2018,3030,2959,70,37,34,5,Major Collector,5,Rural,Other Road,4,Macomb,0-99,0-99,0-99,NT,1,1,3,1.54545454545455,1.42066979845431e-05,5.18767323395582e-06
6463,1,50-5457,2018,9143,8874,268,169,104,4,Minor Arterial,3,Urban,Other Road,4,Macomb,100-199,100-199,200-499,AM,1,1,25.2238805970149,20.6470588235294,0.000119449351213323,6.93065963885932e-05
6463,1,50-5457,2018,9143,8874,268,169,104,4,Minor Arterial,3,Urban,Other Road,4,Macomb,100-199,100-199,200-499,MD,1,1,64.5731343283582,33.3921568627451,0.000305790339106106,0.000112088446011182
6463,1,50-5457,2018,9143,8874,268,169,104,4,Minor Arterial,3,Urban,Other Road,4,Macomb,100-199,100-199,200-499,PM,1,1,49.1865671641791,37.4705882352941,0.000232926234865979,0.00012577863789041
6463,1,50-5457,2018,9143,8874,268,169,104,4,Minor Arterial,3,Urban,Other Road,4,Macomb,100-199,100-199,200-499,EV,1,1,16.3955223880597,8.66666666666667,7.76420782886597e-05,2.90916577433601e-05
6463,1,50-5457,2018,9143,8874,268,169,104,4,Minor Arterial,3,Urban,Other Road,4,Macomb,100-199,100-199,200-499,NT,1,1,13.6208955223881,3.82352941176471,6.45026496551943e-05,1.28345548867765e-05
6490,1,47-8229,2019,31027,27853,3174,778,2375,2,Other Freeway,4,Suburban,Freeway/Prin. Art.,8,Livingston,2000+,500-999,2000+,AM,1,1,143.164539959704,323.269696302817,0.000677965127101192,0.0010851290034971
6490,1,47-8229,2019,31027,27853,3174,778,2375,2,Other Freeway,4,Suburban,Freeway/Prin. Art.,8,Livingston,2000+,500-999,2000+,MD,1,1,300.175285426461,864.230303697183,0.00142149987415925,0.00290098756229984
6490,1,47-8229,2019,31027,27853,3174,778,2375,2,Other Freeway,4,Suburban,Freeway/Prin. Art.,8,Livingston,2000+,500-999,2000+,PM,1,1,185.486903962391,467.787191901409,0.00087838547489388,0.00157023517886807
6490,1,47-8229,2019,31027,27853,3174,778,2375,2,Other Freeway,4,Suburban,Freeway/Prin. Art.,8,Livingston,2000+,500-999,2000+,EV,1,1,48.8535930154466,243.824273767606,0.000231349413810078,0.000818452190996598
6490,1,47-8229,2019,31027,27853,3174,778,2375,2,Other Freeway,4,Suburban,Freeway/Prin. Art.,8,Livingston,2000+,500-999,2000+,NT,1,1,100.319677635997,475.888534330986,0.000475070454027113,0.00159742919593227
6498,1,50-0311,2018,16114,15617,496,224,255,4,Minor Arterial,4,Suburban,Other Road,4,Macomb,200-499,200-499,200-499,AM,1,1,51.2286995515695,42.5839920948617,0.000242596887556682,0.0001429429526965
6498,1,50-0311,2018,16114,15617,496,224,255,4,Minor Arterial,4,Suburban,Other Road,4,Macomb,200-499,200-499,200-499,MD,1,1,85.3811659192825,80.6324110671937,0.000404328145927804,0.000270661212206391
6498,1,50-0311,2018,16114,15617,496,224,255,4,Minor Arterial,4,Suburban,Other Road,4,Macomb,200-499,200-499,200-499,PM,1,1,61.7757847533632,88.4436758893281,0.000292543305583058,0.000296881517138885
6498,1,50-0311,2018,16114,15617,496,224,255,4,Minor Arterial,4,Suburban,Other Road,4,Macomb,200-499,200-499,200-499,EV,1,1,9.54260089686099,23.9377470355731,4.51896163095781e-05,8.03525473737723e-05
6498,1,50-0311,2018,16114,15617,496,224,255,4,Minor Arterial,4,Suburban,Other Road,4,Macomb,200-499,200-499,200-499,NT,1,1,16.0717488789238,19.4021739130435,7.61088274687631e-05,6.51278541871628e-05
6545,0,50-5272,2018,1440,1414,25,10,11,4,Minor Arterial,4,Suburban,Other Road,4,Macomb,0-99,0-99,0-99,AM,1,1,1.66666666666667,2.89473684210526,7.89260999141284e-06,9.716849246264e-06
6545,0,50-5272,2018,1440,1414,25,10,11,4,Minor Arterial,4,Suburban,Other Road,4,Macomb,0-99,0-99,0-99,MD,1,1,5,4.63157894736842,2.36778299742385e-05,1.55469587940224e-05
6545,0,50-5272,2018,1440,1414,25,10,11,4,Minor Arterial,4,Suburban,Other Road,4,Macomb,0-99,0-99,0-99,PM,1,1,2.22222222222222,3.18421052631579,1.05234799885505e-05,1.06885341708904e-05
6545,0,50-5272,2018,1440,1414,25,10,11,4,Minor Arterial,4,Suburban,Other Road,4,Macomb,0-99,0-99,0-99,EV,1,1,1.11111111111111,0.289473684210526,5.26173999427523e-06,9.716849246264e-07
6545,0,50-5272,2018,1440,1414,25,10,11,4,Minor Arterial,4,Suburban,Other Road,4,Macomb,0-99,0-99,0-99,NT,1,1,0,0,0,0
6549,0,50-5495,2019,4586,4529,57,46,11,5,Major Collector,3,Urban,Other Road,4,Macomb,0-99,0-99,0-99,AM,1,1,11.7555555555556,1.925,5.56692091394319e-05,6.46170474876556e-06
6549,0,50-5495,2019,4586,4529,57,46,11,5,Major Collector,3,Urban,Other Road,4,Macomb,0-99,0-99,0-99,MD,1,1,20.9555555555556,5.5,9.92364162920308e-05,1.84620135679016e-05
6549,0,50-5495,2019,4586,4529,57,46,11,5,Major Collector,3,Urban,Other Road,4,Macomb,0-99,0-99,0-99,PM,1,1,9.2,3.3,4.35672071525989e-05,1.1077208140741e-05
6549,0,50-5495,2019,4586,4529,57,46,11,5,Major Collector,3,Urban,Other Road,4,Macomb,0-99,0-99,0-99,EV,1,1,1.53333333333333,0,7.26120119209981e-06,0
6549,0,50-5495,2019,4586,4529,57,46,11,5,Major Collector,3,Urban,Other Road,4,Macomb,0-99,0-99,0-99,NT,1,1,2.55555555555556,0.275,1.2102001986833e-05,9.2310067839508e-07
6573,0,50-5222,2018,10638,10517,121,90,16,4,Minor Arterial,4,Suburban,Other Road,4,Macomb,0-99,0-99,100-199,AM,1,1,15,2,7.10334899227156e-05,6.71345947923695e-06
6573,0,50-5222,2018,10638,10517,121,90,16,4,Minor Arterial,4,Suburban,Other Road,4,Macomb,0-99,0-99,100-199,MD,1,1,45,9,0.000213100469768147,3.02105676565663e-05
6573,0,50-5222,2018,10638,10517,121,90,16,4,Minor Arterial,4,Suburban,Other Road,4,Macomb,0-99,0-99,100-199,PM,1,1,21.4285714285714,5,0.000101476414175308,1.67836486980924e-05
6573,0,50-5222,2018,10638,10517,121,90,16,4,Minor Arterial,4,Suburban,Other Road,4,Macomb,0-99,0-99,100-199,EV,1,1,3.85714285714286,0,1.82657545515554e-05,0
6573,0,50-5222,2018,10638,10517,121,90,16,4,Minor Arterial,4,Suburban,Other Road,4,Macomb,0-99,0-99,100-199,NT,1,1,4.71428571428571,0,2.23248111185678e-05,0
6578,0,50-8047,2018,35909,34766.5,1493,364,368,2,Other Freeway,4,Suburban,Freeway/Prin. Art.,4,Macomb,200-499,200-499,500-999,AM,1,1,61.3884592504462,66.4288332315211,0.000290709100102507,0.000222983640076403
6578,0,50-8047,2018,35909,34766.5,1493,364,368,2,Other Freeway,4,Suburban,Freeway/Prin. Art.,4,Macomb,200-499,200-499,500-999,MD,1,1,173.771564544914,162.419059254734,0.000822906711930376,0.000545196886481222
6578,0,50-8047,2018,35909,34766.5,1493,364,368,2,Other Freeway,4,Suburban,Freeway/Prin. Art.,4,Macomb,200-499,200-499,500-999,PM,1,1,77.5205234979179,67.1032376298106,0.000367103554979532,0.000225247433376671
6578,0,50-8047,2018,35909,34766.5,1493,364,368,2,Other Freeway,4,Suburban,Freeway/Prin. Art.,4,Macomb,200-499,200-499,500-999,EV,1,1,18.0809042236764,24.9529627367135,8.56233151977401e-05,8.37603521099178e-05
6578,0,50-8047,2018,35909,34766.5,1493,364,368,2,Other Freeway,4,Suburban,Freeway/Prin. Art.,4,Macomb,200-499,200-499,500-999,NT,1,1,33.2385484830458,47.0959071472205,0.000157403339914408,0.000158088232135385
6588,0,50-5176,2018,4105,3993,111,40,12,5,Major Collector,4,Suburban,Other Road,4,Macomb,0-99,0-99,0-99,AM,1,1,3.07692307692308,0.571428571428571,1.45709722918391e-05,1.91813127978199e-06
6588,0,50-5176,2018,4105,3993,111,40,12,5,Major Collector,4,Suburban,Other Road,4,Macomb,0-99,0-99,0-99,MD,1,1,26.4102564102564,5.42857142857143,0.000125067512171619,1.82222471579289e-05
6588,0,50-5176,2018,4105,3993,111,40,12,5,Major Collector,4,Suburban,Other Road,4,Macomb,0-99,0-99,0-99,PM,1,1,8.46153846153846,3.71428571428571,4.00701738025575e-05,1.24678533185829e-05
6588,0,50-5176,2018,4105,3993,111,40,12,5,Major Collector,4,Suburban,Other Road,4,Macomb,0-99,0-99,0-99,EV,1,1,1.53846153846154,0,7.28548614591954e-06,0
6588,0,50-5176,2018,4105,3993,111,40,12,5,Major Collector,4,Suburban,Other Road,4,Macomb,0-99,0-99,0-99,NT,1,1,0.512820512820513,2.28571428571429,2.42849538197318e-06,7.67252511912794e-06
6640,1,50-5020,2018,20056,19706,350,235,60,3,Principal Arterial,3,Urban,Freeway/Prin. Art.,4,Macomb,0-99,200-499,200-499,AM,1,1,29.1724137931035,15,0.000138147890746247,5.03509460942771e-05
6640,1,50-5020,2018,20056,19706,350,235,60,3,Principal Arterial,3,Urban,Freeway/Prin. Art.,4,Macomb,0-99,200-499,200-499,MD,1,1,115.068965517241,18,0.000544916680165751,6.04211353131325e-05
6640,1,50-5020,2018,20056,19706,350,235,60,3,Principal Arterial,3,Urban,Freeway/Prin. Art.,4,Macomb,0-99,200-499,200-499,PM,1,1,65.2327586206897,20.5,0.000308914033474246,6.88129596621787e-05
6640,1,50-5020,2018,20056,19706,350,235,60,3,Principal Arterial,3,Urban,Freeway/Prin. Art.,4,Macomb,0-99,200-499,200-499,EV,1,1,8.50862068965517,3.5,4.02931348009887e-05,1.17485540886647e-05
6640,1,50-5020,2018,20056,19706,350,235,60,3,Principal Arterial,3,Urban,Freeway/Prin. Art.,4,Macomb,0-99,200-499,200-499,NT,1,1,17.0172413793103,3,8.05862696019773e-05,1.00701892188554e-05
6641,1,50-5019,2018,23228,22767,461,312,93,3,Principal Arterial,3,Urban,Freeway/Prin. Art.,4,Macomb,0-99,200-499,200-499,AM,1,1,41.9673913043478,19,0.000198739351153337,6.3777865052751e-05
6641,1,50-5019,2018,23228,22767,461,312,93,3,Principal Arterial,3,Urban,Freeway/Prin. Art.,4,Macomb,0-99,200-499,200-499,MD,1,1,156.847826086957,34.5,0.000742763231583178,0.000115807176016837
6641,1,50-5019,2018,23228,22767,461,312,93,3,Principal Arterial,3,Urban,Freeway/Prin. Art.,4,Macomb,0-99,200-499,200-499,PM,1,1,75.8804347826087,30.5,0.000359336806630781,0.000102380257058363
6641,1,50-5019,2018,23228,22767,461,312,93,3,Principal Arterial,3,Urban,Freeway/Prin. Art.,4,Macomb,0-99,200-499,200-499,EV,1,1,13.9891304347826,6,6.62464503844456e-05,2.01403784377108e-05
6641,1,50-5019,2018,23228,22767,461,312,93,3,Principal Arterial,3,Urban,Freeway/Prin. Art.,4,Macomb,0-99,200-499,200-499,NT,1,1,23.3152173913044,3,0.000110410750640743,1.00701892188554e-05
6646,1,50-0016,2018,4053,3911,141,24,123,4,Minor Arterial,4,Suburban,Other Road,4,Macomb,100-199,0-99,100-199,AM,1,1,4.53333333333333,53.9074074074074,2.14678991766429e-05,0.000180952597630174
6646,1,50-0016,2018,4053,3911,141,24,123,4,Minor Arterial,4,Suburban,Other Road,4,Macomb,100-199,0-99,100-199,MD,1,1,10.4,20.5,4.92498863464161e-05,6.88129596621787e-05
6646,1,50-0016,2018,4053,3911,141,24,123,4,Minor Arterial,4,Suburban,Other Road,4,Macomb,100-199,0-99,100-199,PM,1,1,4,15.9444444444444,1.89422639793908e-05,5.35211908483612e-05
6646,1,50-0016,2018,4053,3911,141,24,123,4,Minor Arterial,4,Suburban,Other Road,4,Macomb,100-199,0-99,100-199,EV,1,1,1.6,4.55555555555556,7.57690559175633e-06,1.52917688138175e-05
6646,1,50-0016,2018,4053,3911,141,24,123,4,Minor Arterial,4,Suburban,Other Road,4,Macomb,100-199,0-99,100-199,NT,1,1,3.46666666666667,28.0925925925926,1.64166287821387e-05,9.42992410185412e-05
6652,1,50-5023,2018,36803,35890,913,529,306,3,Principal Arterial,3,Urban,Freeway/Prin. Art.,4,Macomb,200-499,500-999,500-999,AM,1,1,82.7924217462932,62,0.000392068977052836,0.000208117243856345
6652,1,50-5023,2018,36803,35890,913,529,306,3,Principal Arterial,3,Urban,Freeway/Prin. Art.,4,Macomb,200-499,500-999,500-999,MD,1,1,239.662273476112,136,0.00113493651252137,0.000456515244588112
6652,1,50-5023,2018,36803,35890,913,529,306,3,Principal Arterial,3,Urban,Freeway/Prin. Art.,4,Macomb,200-499,500-999,500-999,PM,1,1,118.523887973641,49,0.000561277693465112,0.000164479757241305
6652,1,50-5023,2018,36803,35890,913,529,306,3,Principal Arterial,3,Urban,Freeway/Prin. Art.,4,Macomb,200-499,500-999,500-999,EV,1,1,44.4464579901153,15,0.000210479135049417,5.03509460942771e-05
6652,1,50-5023,2018,36803,35890,913,529,306,3,Principal Arterial,3,Urban,Freeway/Prin. Art.,4,Macomb,200-499,500-999,500-999,NT,1,1,43.5749588138386,44,0.000206352093185703,0.000147696108543213
6657,0,50-5307,2018,4542,4440,101,59,42,5,Major Collector,4,Suburban,Other Road,4,Macomb,0-99,0-99,100-199,AM,1,1,11.9012875536481,7.73006134969325,5.635933263396e-05,2.59477268215907e-05
6657,0,50-5307,2018,4542,4440,101,59,42,5,Major Collector,4,Suburban,Other Road,4,Macomb,0-99,0-99,100-199,MD,1,1,21.9034334763949,12.7546012269939,0.000103725154741224,4.28137492556246e-05
6657,0,50-5307,2018,4542,4440,101,59,42,5,Major Collector,4,Suburban,Other Road,4,Macomb,0-99,0-99,100-199,PM,1,1,19.4978540772532,15.0736196319018,9.2333374740743e-05,5.05980673021018e-05
6657,0,50-5307,2018,4542,4440,101,59,42,5,Major Collector,4,Suburban,Other Road,4,Macomb,0-99,0-99,100-199,EV,1,1,1.89914163090129,5.66871165644172,8.99351052669575e-06,1.90283330024998e-05
6657,0,50-5307,2018,4542,4440,101,59,42,5,Major Collector,4,Suburban,Other Road,4,Macomb,0-99,0-99,100-199,NT,1,1,3.79828326180258,0.773006134969325,1.79870210533915e-05,2.59477268215907e-06
6668,1,50-5076,2018,27430,26439,990,435,513,3,Principal Arterial,4,Suburban,Freeway/Prin. Art.,4,Macomb,500-999,200-499,500-999,AM,1,1,93.6075949367089,87.92138671875,0.000443284943441757,0.000295128333547325
6668,1,50-5076,2018,27430,26439,990,435,513,3,Principal Arterial,4,Suburban,Freeway/Prin. Art.,4,Macomb,500-999,200-499,500-999,MD,1,1,196.726121979287,218.17529296875,0.000931609533543371,0.000732355494358177
6668,1,50-5076,2018,27430,26439,990,435,513,3,Principal Arterial,4,Suburban,Freeway/Prin. Art.,4,Macomb,500-999,200-499,500-999,PM,1,1,96.6110471806675,125.99560546875,0.000457507989755396,0.000422933195938189
6668,1,50-5076,2018,27430,26439,990,435,513,3,Principal Arterial,4,Suburban,Freeway/Prin. Art.,4,Macomb,500-999,200-499,500-999,EV,1,1,21.5247410817031,36.5712890625,0.000101931831914415,0.000122759933612278
6668,1,50-5076,2018,27430,26439,990,435,513,3,Principal Arterial,4,Suburban,Freeway/Prin. Art.,4,Macomb,500-999,200-499,500-999,NT,1,1,26.5304948216341,44.33642578125,0.000125636909103813,0.000148825398968309
6686,1,50-5363,2018,14661,14439,221,115,89,3,Principal Arterial,4,Suburban,Freeway/Prin. Art.,4,Macomb,0-99,100-199,200-499,AM,1,1,28.75,17.6988636363636,0.000136147522351871,5.94103019256338e-05
6686,1,50-5363,2018,14661,14439,221,115,89,3,Principal Arterial,4,Suburban,Freeway/Prin. Art.,4,Macomb,0-99,100-199,200-499,MD,1,1,36.5679824561404,26.8011363636364,0.000173170094219486,8.99641714873883e-05
6686,1,50-5363,2018,14661,14439,221,115,89,3,Principal Arterial,4,Suburban,Freeway/Prin. Art.,4,Macomb,0-99,100-199,200-499,PM,1,1,38.5855263157895,28.3181818181818,0.000182724306314354,9.50564830810141e-05
6686,1,50-5363,2018,14661,14439,221,115,89,3,Principal Arterial,4,Suburban,Freeway/Prin. Art.,4,Macomb,0-99,100-199,200-499,EV,1,1,6.05263157894737,9.60795454545454,2.86626362846045e-05,3.22513067596298e-05
6686,1,50-5363,2018,14661,14439,221,115,89,3,Principal Arterial,4,Suburban,Freeway/Prin. Art.,4,Macomb,0-99,100-199,200-499,NT,1,1,5.04385964912281,6.57386363636364,2.38855302371704e-05,2.20666835723783e-05
6713,1,50-5078,2018,32290,31017,1273,655,363,3,Principal Arterial,4,Suburban,Freeway/Prin. Art.,4,Macomb,200-499,500-999,1000-1999,AM,1,1,118.403846153846,63,0.000560709227505333,0.000211473973595964
6713,1,50-5078,2018,32290,31017,1273,655,363,3,Principal Arterial,4,Suburban,Freeway/Prin. Art.,4,Macomb,200-499,500-999,1000-1999,MD,1,1,318.862637362637,175.5,0.00150999506252196,0.000589106069303042
6713,1,50-5078,2018,32290,31017,1273,655,363,3,Principal Arterial,4,Suburban,Freeway/Prin. Art.,4,Macomb,200-499,500-999,1000-1999,PM,1,1,163.75,87,0.000775448931656312,0.000292035487346807
6713,1,50-5078,2018,32290,31017,1273,655,363,3,Principal Arterial,4,Suburban,Freeway/Prin. Art.,4,Macomb,200-499,500-999,1000-1999,EV,1,1,26.9917582417582,18.5,0.000127821252470821,6.20995001829418e-05
6713,1,50-5078,2018,32290,31017,1273,655,363,3,Principal Arterial,4,Suburban,Freeway/Prin. Art.,4,Macomb,200-499,500-999,1000-1999,NT,1,1,26.9917582417582,19,0.000127821252470821,6.3777865052751e-05
6714,1,50-5022,2018,27918,27277,641,374,188,3,Principal Arterial,3,Urban,Freeway/Prin. Art.,4,Macomb,100-199,200-499,500-999,AM,1,1,74.7174392935982,34,0.000353829364740861,0.000114128811147028
6714,1,50-5022,2018,27918,27277,641,374,188,3,Principal Arterial,3,Urban,Freeway/Prin. Art.,4,Macomb,100-199,200-499,500-999,MD,1,1,162.23178807947,103.5,0.000768259338912478,0.000347421528050512
6714,1,50-5022,2018,27918,27277,641,374,188,3,Principal Arterial,3,Urban,Freeway/Prin. Art.,4,Macomb,100-199,200-499,500-999,PM,1,1,77.60706401766,24.5,0.000367513373322,8.22398786206526e-05
6714,1,50-5022,2018,27918,27277,641,374,188,3,Principal Arterial,3,Urban,Freeway/Prin. Art.,4,Macomb,100-199,200-499,500-999,EV,1,1,20.2273730684327,12,9.5788060067968e-05,4.02807568754217e-05
6714,1,50-5022,2018,27918,27277,641,374,188,3,Principal Arterial,3,Urban,Freeway/Prin. Art.,4,Macomb,100-199,200-499,500-999,NT,1,1,39.2163355408389,14,0.000185711545029734,4.69942163546586e-05
6737,1,47-0039,2018,30792,27923,2869,530,2188,2,Other Freeway,5,Rural,Freeway/Prin. Art.,8,Livingston,2000+,500-999,2000+,AM,1,1,92.3501912452189,293.325370675453,0.000437330425278541,0.000984613995130906
6737,1,47-0039,2018,30792,27923,2869,530,2188,2,Other Freeway,5,Rural,Freeway/Prin. Art.,8,Livingston,2000+,500-999,2000+,MD,1,1,213.531661708457,821.288509060956,0.00101119327600989,0.00275684356317183
6737,1,47-0039,2018,30792,27923,2869,530,2188,2,Other Freeway,5,Rural,Freeway/Prin. Art.,8,Livingston,2000+,500-999,2000+,PM,1,1,126.699957501062,442.804159802306,0.000599996010290681,0.00148637389203517
6737,1,47-0039,2018,30792,27923,2869,530,2188,2,Other Freeway,5,Rural,Freeway/Prin. Art.,8,Livingston,2000+,500-999,2000+,EV,1,1,37.2779430514237,224.161861614498,0.000176532159472191,0.000752450787369625
6737,1,47-0039,2018,30792,27923,2869,530,2188,2,Other Freeway,5,Rural,Freeway/Prin. Art.,8,Livingston,2000+,500-999,2000+,NT,1,1,60.1402464938377,406.420098846788,0.000284798106217977,0.00136424243257769
6744,1,50-5018,2018,31216,30550,666,375,188,3,Principal Arterial,3,Urban,Freeway/Prin. Art.,4,Macomb,100-199,200-499,500-999,AM,1,1,64.3305439330544,40,0.000304641536279429,0.000134269189584739
6744,1,50-5018,2018,31216,30550,666,375,188,3,Principal Arterial,3,Urban,Freeway/Prin. Art.,4,Macomb,100-199,200-499,500-999,MD,1,1,171.417364016736,100,0.000811758239964087,0.000335672973961847
6744,1,50-5018,2018,31216,30550,666,375,188,3,Principal Arterial,3,Urban,Freeway/Prin. Art.,4,Macomb,100-199,200-499,500-999,PM,1,1,72.5679916317992,20.5,0.000343650513485941,6.88129596621787e-05
6744,1,50-5018,2018,31216,30550,666,375,188,3,Principal Arterial,3,Urban,Freeway/Prin. Art.,4,Macomb,100-199,200-499,500-999,EV,1,1,25.1046025104603,10.5,0.000118884501962704,3.5245662265994e-05
6744,1,50-5018,2018,31216,30550,666,375,188,3,Principal Arterial,3,Urban,Freeway/Prin. Art.,4,Macomb,100-199,200-499,500-999,NT,1,1,41.5794979079498,17,0.000196902456375728,5.70644055735141e-05
6751,1,50-5024,2018,32794,32181,613,377,154,3,Principal Arterial,3,Urban,Freeway/Prin. Art.,4,Macomb,100-199,200-499,500-999,AM,1,1,68.582788671024,32,0.000324778321862328,0.000107415351667791
6751,1,50-5024,2018,32794,32181,613,377,154,3,Principal Arterial,3,Urban,Freeway/Prin. Art.,4,Macomb,100-199,200-499,500-999,MD,1,1,171.251633986928,67.5,0.000810973414470602,0.000226579257424247
6751,1,50-5024,2018,32794,32181,613,377,154,3,Principal Arterial,3,Urban,Freeway/Prin. Art.,4,Macomb,100-199,200-499,500-999,PM,1,1,69.4041394335512,26.5,0.000328667882603194,8.89533380998896e-05
6751,1,50-5024,2018,32794,32181,613,377,154,3,Principal Arterial,3,Urban,Freeway/Prin. Art.,4,Macomb,100-199,200-499,500-999,EV,1,1,24.640522875817,10,0.000116686822225986,3.35672973961847e-05
6751,1,50-5024,2018,32794,32181,613,377,154,3,Principal Arterial,3,Urban,Freeway/Prin. Art.,4,Macomb,100-199,200-499,500-999,NT,1,1,43.1209150326797,18,0.000204201938895475,6.04211353131325e-05
6754,1,50-5077,2018,19232,18457,774,295,382,3,Principal Arterial,4,Suburban,Freeway/Prin. Art.,4,Macomb,200-499,200-499,500-999,AM,1,1,52.1768707482993,66.4347826086957,0.00024708701483321,0.000223003610527697
6754,1,50-5077,2018,19232,18457,774,295,382,3,Principal Arterial,4,Suburban,Freeway/Prin. Art.,4,Macomb,200-499,200-499,500-999,MD,1,1,144.991496598639,109.969696969697,0.000686616800834594,0.000369138552275013
6754,1,50-5077,2018,19232,18457,774,295,382,3,Principal Arterial,4,Suburban,Freeway/Prin. Art.,4,Macomb,200-499,200-499,500-999,PM,1,1,67.2278911564626,152.749670619236,0.000318362115265867,0.000512739362084515
6754,1,50-5077,2018,19232,18457,774,295,382,3,Principal Arterial,4,Suburban,Freeway/Prin. Art.,4,Macomb,200-499,200-499,500-999,EV,1,1,18.562925170068,32.7140974967062,8.79059572002767e-05,0.000109812383971972
6754,1,50-5077,2018,19232,18457,774,295,382,3,Principal Arterial,4,Suburban,Freeway/Prin. Art.,4,Macomb,200-499,200-499,500-999,NT,1,1,12.0408163265306,20.1317523056653,5.70200803461254e-05,6.75768516750597e-05
6758,0,50-5051,2019,1830,1797,33,33,0,5,Major Collector,4,Suburban,Other Road,4,Macomb,0-99,0-99,0-99,AM,1,1,15.2307692307692,0,7.21263128446035e-05,0
6758,0,50-5051,2019,1830,1797,33,33,0,5,Major Collector,4,Suburban,Other Road,4,Macomb,0-99,0-99,0-99,MD,1,1,6.85384615384615,0,3.24568407800716e-05,0
6758,0,50-5051,2019,1830,1797,33,33,0,5,Major Collector,4,Suburban,Other Road,4,Macomb,0-99,0-99,0-99,PM,1,1,8.88461538461539,0,4.20736824926854e-05,0
6758,0,50-5051,2019,1830,1797,33,33,0,5,Major Collector,4,Suburban,Other Road,4,Macomb,0-99,0-99,0-99,EV,1,1,1.01538461538462,0,4.8084208563069e-06,0
6758,0,50-5051,2019,1830,1797,33,33,0,5,Major Collector,4,Suburban,Other Road,4,Macomb,0-99,0-99,0-99,NT,1,1,1.01538461538462,0,4.8084208563069e-06,0
6769,1,50-5212,2018,14379,14154,224,119,62,5,Major Collector,4,Suburban,Other Road,4,Macomb,0-99,100-199,100-199,AM,1,1,17.5738396624473,7.5609756097561,8.32220775043911e-05,2.53801516897982e-05
6769,1,50-5212,2018,14379,14154,224,119,62,5,Major Collector,4,Suburban,Other Road,4,Macomb,0-99,100-199,100-199,MD,1,1,57.993670886076,16.130081300813,0.000274632855764491,5.41443236049029e-05
6769,1,50-5212,2018,14379,14154,224,119,62,5,Major Collector,4,Suburban,Other Road,4,Macomb,0-99,100-199,100-199,PM,1,1,29.6244725738397,26.9674796747968,0.000140288644935974,9.0522541026947e-05
6769,1,50-5212,2018,14379,14154,224,119,62,5,Major Collector,4,Suburban,Other Road,4,Macomb,0-99,100-199,100-199,EV,1,1,10.2932489451477,9.82926829268293,4.87443596811434e-05,3.29941971967377e-05
6769,1,50-5212,2018,14379,14154,224,119,62,5,Major Collector,4,Suburban,Other Road,4,Macomb,0-99,100-199,100-199,NT,1,1,3.51476793248945,1.51219512195122,1.66444155008782e-05,5.07603033795964e-06
6782,1,63-5160,2018,15279,15019,259,153,106,3,Principal Arterial,4,Suburban,Freeway/Prin. Art.,4,Macomb,100-199,100-199,200-499,AM,1,1,30.7006578947368,36.4375,0.000145384991545769,0.000122310839887348
6782,1,63-5160,2018,15279,15019,259,153,106,3,Principal Arterial,4,Suburban,Freeway/Prin. Art.,4,Macomb,100-199,100-199,200-499,MD,1,1,63.1628289473684,34.1442307692308,0.00029911174490154,0.000114612954859473
6782,1,63-5160,2018,15279,15019,259,153,106,3,Principal Arterial,4,Suburban,Freeway/Prin. Art.,4,Macomb,100-199,100-199,200-499,PM,1,1,48.5674342105263,24.2067307692308,0.000229994289904371,8.12554530720145e-05
6782,1,63-5160,2018,15279,15019,259,153,106,3,Principal Arterial,4,Suburban,Freeway/Prin. Art.,4,Macomb,100-199,100-199,200-499,EV,1,1,4.02631578947368,6.87980769230769,1.906688413715e-05,2.30936550836252e-05
6782,1,63-5160,2018,15279,15019,259,153,106,3,Principal Arterial,4,Suburban,Freeway/Prin. Art.,4,Macomb,100-199,100-199,200-499,NT,1,1,6.54276315789474,4.33173076923077,3.09836867228687e-05,1.45404494970973e-05
6788,0,50-5148,2018,17820,16840,928,319,585,3,Principal Arterial,3,Urban,Freeway/Prin. Art.,4,Macomb,500-999,200-499,500-999,AM,1,1,52.9573490813648,85.4494382022472,0.000250783021486991,0.000286830670447174
6788,0,50-5148,2018,17820,16840,928,319,585,3,Principal Arterial,3,Urban,Freeway/Prin. Art.,4,Macomb,500-999,200-499,500-999,MD,1,1,159.5,182.073033707865,0.000755322776178209,0.000611169967029748
6788,0,50-5148,2018,17820,16840,928,319,585,3,Principal Arterial,3,Urban,Freeway/Prin. Art.,4,Macomb,500-999,200-499,500-999,PM,1,1,70.3307086614173,253.554775280899,0.000333055712330549,0.000851114854807672
6788,0,50-5148,2018,17820,16840,928,319,585,3,Principal Arterial,3,Urban,Freeway/Prin. Art.,4,Macomb,500-999,200-499,500-999,EV,1,1,14.2335958005249,40.9171348314607,6.7404132257373e-05,0.000137347763348743
6788,0,50-5148,2018,17820,16840,928,319,585,3,Principal Arterial,3,Urban,Freeway/Prin. Art.,4,Macomb,500-999,200-499,500-999,NT,1,1,21.9783464566929,23.0056179775281,0.000104079910103296,7.72236420434699e-05
6796,1,50-5121,2018,8782,8561,220,92,74,4,Minor Arterial,5,Rural,Other Road,4,Macomb,0-99,0-99,100-199,AM,1,1,7.95675675675676,9.73684210526316,3.7679746726572e-05,3.26839474647062e-05
6796,1,50-5121,2018,8782,8561,220,92,74,4,Minor Arterial,5,Rural,Other Road,4,Macomb,0-99,0-99,100-199,MD,1,1,52.7135135135135,31.4013157894737,0.00024962832206354,0.000105405730573677
6796,1,50-5121,2018,8782,8561,220,92,74,4,Minor Arterial,5,Rural,Other Road,4,Macomb,0-99,0-99,100-199,PM,1,1,17.1567567567568,18.9868421052632,8.12469538791709e-05,6.37336975561771e-05
6796,1,50-5121,2018,8782,8561,220,92,74,4,Minor Arterial,5,Rural,Other Road,4,Macomb,0-99,0-99,100-199,EV,1,1,3.72972972972973,6.57236842105263,1.76623812780806e-05,2.20616645386767e-05
6796,1,50-5121,2018,8782,8561,220,92,74,4,Minor Arterial,5,Rural,Other Road,4,Macomb,0-99,0-99,100-199,NT,1,1,10.4432432432432,7.30263157894737,4.94546675786258e-05,2.45129605985296e-05
6818,1,47-5174,2018,7158,6708,449,283,158,5,Major Collector,5,Rural,Other Road,8,Livingston,100-199,200-499,200-499,AM,1,1,68.7535273368607,55.5,0.000325586866082269,0.000186298500548825
6818,1,47-5174,2018,7158,6708,449,283,158,5,Major Collector,5,Rural,Other Road,8,Livingston,100-199,200-499,200-499,MD,1,1,73.744708994709,43.875,0.000349222936215284,0.000147276517325761
6818,1,47-5174,2018,7158,6708,449,283,158,5,Major Collector,5,Rural,Other Road,8,Livingston,100-199,200-499,200-499,PM,1,1,46.9171075837742,29.875,0.000222179059250333,0.000100282300971102
6818,1,47-5174,2018,7158,6708,449,283,158,5,Major Collector,5,Rural,Other Road,8,Livingston,100-199,200-499,200-499,EV,1,1,19.3408289241623,9.75,9.15897717654297e-05,3.27281149612801e-05
6818,1,47-5174,2018,7158,6708,449,283,158,5,Major Collector,5,Rural,Other Road,8,Livingston,100-199,200-499,200-499,NT,1,1,74.2438271604938,19,0.000351586543228585,6.3777865052751e-05
6865,1,50-5086,2018,17113,16649,463,227,123,4,Minor Arterial,4,Suburban,Other Road,4,Macomb,100-199,200-499,200-499,AM,1,1,65.1807095343681,10.6296296296296,0.000308667551590999,3.56807938989075e-05
6865,1,50-5086,2018,17113,16649,463,227,123,4,Minor Arterial,4,Suburban,Other Road,4,Macomb,100-199,200-499,200-499,MD,1,1,76.7572062084257,28.3456790123457,0.000363488815580134,9.514878373042e-05
6865,1,50-5086,2018,17113,16649,463,227,123,4,Minor Arterial,4,Suburban,Other Road,4,Macomb,100-199,200-499,200-499,PM,1,1,65.4323725055432,67.5740740740741,0.000309859318199458,0.000226827904071626
6865,1,50-5086,2018,17113,16649,463,227,123,4,Minor Arterial,4,Suburban,Other Road,4,Macomb,100-199,200-499,200-499,EV,1,1,8.30487804878049,12.4012345679012,3.9328298079162e-05,4.16275928820587e-05
6865,1,50-5086,2018,17113,16649,463,227,123,4,Minor Arterial,4,Suburban,Other Road,4,Macomb,100-199,200-499,200-499,NT,1,1,11.3248337028825,4.04938271604938,5.36294973806755e-05,1.359268339006e-05
6885,1,50-5292,2018,28938,28309,629,250,77,3,Principal Arterial,4,Suburban,Freeway/Prin. Art.,4,Macomb,0-99,200-499,200-499,AM,1,1,56.838768115942,11.5,0.000269163737478889,3.86023920056125e-05
6885,1,50-5292,2018,28938,28309,629,250,77,3,Principal Arterial,4,Suburban,Freeway/Prin. Art.,4,Macomb,0-99,200-499,200-499,MD,1,1,117.527173913043,24.5,0.000556557688253161,8.22398786206526e-05
6885,1,50-5292,2018,28938,28309,629,250,77,3,Principal Arterial,4,Suburban,Freeway/Prin. Art.,4,Macomb,0-99,200-499,200-499,PM,1,1,50.2717391304348,22.5,0.000238065138327942,7.55264191414157e-05
6885,1,50-5292,2018,28938,28309,629,250,77,3,Principal Arterial,4,Suburban,Freeway/Prin. Art.,4,Macomb,0-99,200-499,200-499,EV,1,1,11.5489130434783,12,5.46906398861488e-05,4.02807568754217e-05
6885,1,50-5292,2018,28938,28309,629,250,77,3,Principal Arterial,4,Suburban,Freeway/Prin. Art.,4,Macomb,0-99,200-499,200-499,NT,1,1,13.8134057971015,6.5,6.54142947657858e-05,2.18187433075201e-05
6896,0,47-5148,2018,5770,5684,85,66,21,4,Minor Arterial,4,Suburban,Other Road,8,Livingston,0-99,0-99,0-99,AM,1,1,14.2153846153846,4.725,6.73178919882966e-05,1.58605480196973e-05
6896,0,47-5148,2018,5770,5684,85,66,21,4,Minor Arterial,4,Suburban,Other Road,8,Livingston,0-99,0-99,0-99,MD,1,1,19.0384615384615,6.0375,9.01578910557544e-05,2.02662558029465e-05
6896,0,47-5148,2018,5770,5684,85,66,21,4,Minor Arterial,4,Suburban,Other Road,8,Livingston,0-99,0-99,0-99,PM,1,1,29.4461538461539,9.45,0.0001394442048329,3.17210960393946e-05
6896,0,47-5148,2018,5770,5684,85,66,21,4,Minor Arterial,4,Suburban,Other Road,8,Livingston,0-99,0-99,0-99,EV,1,1,0.253846153846154,0.7875,1.20210521407672e-06,2.64342466994955e-06
6896,0,47-5148,2018,5770,5684,85,66,21,4,Minor Arterial,4,Suburban,Other Road,8,Livingston,0-99,0-99,0-99,NT,1,1,3.04615384615385,0,1.44252625689207e-05,0
6962,1,50-5054,2018,18730,17908,821,241,435,3,Principal Arterial,4,Suburban,Freeway/Prin. Art.,4,Macomb,200-499,200-499,500-999,AM,1,1,39.4088050314465,69.4686411149826,0.000186622997004501,0.000233187453601545
6962,1,50-5054,2018,18730,17908,821,241,435,3,Principal Arterial,4,Suburban,Freeway/Prin. Art.,4,Macomb,200-499,200-499,500-999,MD,1,1,87.9119496855346,82.8571428571429,0.00041631283947158,0.000278129035568388
6962,1,50-5054,2018,18730,17908,821,241,435,3,Principal Arterial,4,Suburban,Freeway/Prin. Art.,4,Macomb,200-499,200-499,500-999,PM,1,1,79.3228511530398,223.815331010453,0.000375638596534701,0.00075128757778534
6962,1,50-5054,2018,18730,17908,821,241,435,3,Principal Arterial,4,Suburban,Freeway/Prin. Art.,4,Macomb,200-499,200-499,500-999,EV,1,1,21.2201257861635,46.4808362369338,0.000100489306079347,0.000156023605318852
6962,1,50-5054,2018,18730,17908,821,241,435,3,Principal Arterial,4,Suburban,Freeway/Prin. Art.,4,Macomb,200-499,200-499,500-999,NT,1,1,13.1362683438155,12.3780487804878,6.22076656681671e-05,4.15497644599116e-05
6974,1,50-5399,2019,17062,16252.5,809,322,482,3,Principal Arterial,3,Urban,Freeway/Prin. Art.,4,Macomb,200-499,200-499,500-999,AM,1,1,68.6065318818041,107.111111111111,0.000324890759403906,0.000359543052110245
6974,1,50-5399,2019,17062,16252.5,809,322,482,3,Principal Arterial,3,Urban,Freeway/Prin. Art.,4,Macomb,200-499,200-499,500-999,MD,1,1,137.463452566096,186.818795430945,0.000650967251506367,0.000627100206542753
6974,1,50-5399,2019,17062,16252.5,809,322,482,3,Principal Arterial,3,Urban,Freeway/Prin. Art.,4,Macomb,200-499,200-499,500-999,PM,1,1,65.4766718506999,98.6022845275182,0.000310069100671976,0.000330981220867843
6974,1,50-5399,2019,17062,16252.5,809,322,482,3,Principal Arterial,3,Urban,Freeway/Prin. Art.,4,Macomb,200-499,200-499,500-999,EV,1,1,18.1531881804044,34.4106957424714,8.59656206451941e-05,0.000115507405759717
6974,1,50-5399,2019,17062,16252.5,809,322,482,3,Principal Arterial,3,Urban,Freeway/Prin. Art.,4,Macomb,200-499,200-499,500-999,NT,1,1,32.3001555209953,55.0571131879543,0.000152959518113518,0.000184811849215547
6993,1,47-5206,2019,5543,5118,425,128,269,4,Minor Arterial,3,Urban,Other Road,8,Livingston,200-499,100-199,200-499,AM,1,1,32.3764705882353,36.8871268656716,0.000153320913150834,0.00012382011575908
6993,1,47-5206,2019,5543,5118,425,128,269,4,Minor Arterial,3,Urban,Other Road,8,Livingston,200-499,100-199,200-499,MD,1,1,42.4156862745098,103.384328358209,0.000200862281569697,0.000347033249610482
6993,1,47-5206,2019,5543,5118,425,128,269,4,Minor Arterial,3,Urban,Other Road,8,Livingston,200-499,100-199,200-499,PM,1,1,37.1450980392157,54.2014925373134,0.000175903063149794,0.000181939761931709
6993,1,47-5206,2019,5543,5118,425,128,269,4,Minor Arterial,3,Urban,Other Road,8,Livingston,200-499,100-199,200-499,EV,1,1,4.26666666666667,22.5839552238806,2.02050815780169e-05,7.5808234138212e-05
6993,1,47-5206,2019,5543,5118,425,128,269,4,Minor Arterial,3,Urban,Other Road,8,Livingston,200-499,100-199,200-499,NT,1,1,11.7960784313726,51.9430970149254,5.58611078921643e-05,0.000174358938517888
7012,0,47-5146,2018,17455,17295,159,115,40,4,Minor Arterial,3,Urban,Other Road,8,Livingston,0-99,100-199,100-199,AM,1,1,32.5328947368421,7.43589743589744,0.000154061670029749,2.49602980638297e-05
7012,0,47-5146,2018,17455,17295,159,115,40,4,Minor Arterial,3,Urban,Other Road,8,Livingston,0-99,100-199,100-199,MD,1,1,41.359649122807,11.025641025641,0.000195861347944798,3.70100971291268e-05
7012,0,47-5146,2018,17455,17295,159,115,40,4,Minor Arterial,3,Urban,Other Road,8,Livingston,0-99,100-199,100-199,PM,1,1,32.0285087719298,14.1025641025641,0.000151673117006032,4.73384963279528e-05
7012,0,47-5146,2018,17455,17295,159,115,40,4,Minor Arterial,3,Urban,Other Road,8,Livingston,0-99,100-199,100-199,EV,1,1,4.79166666666667,6.15384615384615,2.26912537253119e-05,2.06567983976521e-05
7012,0,47-5146,2018,17455,17295,159,115,40,4,Minor Arterial,3,Urban,Other Road,8,Livingston,0-99,100-199,100-199,NT,1,1,4.28728070175439,1.28205128205128,2.03027007015949e-05,4.30349966617753e-06
7022,0,47-5087,2018,7975,7851,123,94,26,4,Minor Arterial,4,Suburban,Other Road,8,Livingston,0-99,0-99,100-199,AM,1,1,20.4677419354839,3.71428571428571,9.69263427009957e-05,1.24678533185829e-05
7022,0,47-5087,2018,7975,7851,123,94,26,4,Minor Arterial,4,Suburban,Other Road,8,Livingston,0-99,0-99,100-199,MD,1,1,39.4193548387097,12.469387755102,0.000186672956313029,4.18563647123855e-05
7022,0,47-5087,2018,7975,7851,123,94,26,4,Minor Arterial,4,Suburban,Other Road,8,Livingston,0-99,0-99,100-199,PM,1,1,26.0268817204301,8.75510204081633,0.000123252016027192,2.93885113938026e-05
7022,0,47-5087,2018,7975,7851,123,94,26,4,Minor Arterial,4,Suburban,Other Road,8,Livingston,0-99,0-99,100-199,EV,1,1,2.77956989247312,0.530612244897959,1.31628366630982e-05,1.7811219026547e-06
7022,0,47-5087,2018,7975,7851,123,94,26,4,Minor Arterial,4,Suburban,Other Road,8,Livingston,0-99,0-99,100-199,NT,1,1,5.30645161290323,0.530612244897959,2.51290518113693e-05,1.7811219026547e-06
7030,0,47-5088,2018,2952,2894,57,47,10,5,Major Collector,4,Suburban,Other Road,8,Livingston,0-99,0-99,0-99,AM,1,1,12.4278846153846,0.666666666666667,5.88530677725063e-05,2.23781982641232e-06
7030,0,47-5088,2018,2952,2894,57,47,10,5,Major Collector,4,Suburban,Other Road,8,Livingston,0-99,0-99,0-99,MD,1,1,14.7628205128205,3.88888888888889,6.9910310808553e-05,1.30539489874052e-05
7030,0,47-5088,2018,2952,2894,57,47,10,5,Major Collector,4,Suburban,Other Road,8,Livingston,0-99,0-99,0-99,PM,1,1,14.536858974359,2.55555555555556,6.8840255030871e-05,8.57830933458054e-06
7030,0,47-5088,2018,2952,2894,57,47,10,5,Major Collector,4,Suburban,Other Road,8,Livingston,0-99,0-99,0-99,EV,1,1,1.58173076923077,2.88888888888889,7.49039044377353e-06,9.6972192477867e-06
7030,0,47-5088,2018,2952,2894,57,47,10,5,Major Collector,4,Suburban,Other Road,8,Livingston,0-99,0-99,0-99,NT,1,1,3.69070512820513,0,1.74775777021382e-05,0
7033,0,47-5052,2018,4688,4624,63,50,13,5,Major Collector,4,Suburban,Other Road,8,Livingston,0-99,0-99,0-99,AM,1,1,8.05585392051558,0.966666666666667,3.81490278854541e-05,3.24483874829786e-06
7033,0,47-5052,2018,4688,4624,63,50,13,5,Major Collector,4,Suburban,Other Road,8,Livingston,0-99,0-99,0-99,MD,1,1,23.4425349087003,5.86666666666667,0.000111013671146671,1.96928144724284e-05
7033,0,47-5052,2018,4688,4624,63,50,13,5,Major Collector,4,Suburban,Other Road,8,Livingston,0-99,0-99,0-99,PM,1,1,14.2051557465091,4.56666666666667,6.72694525046841e-05,1.53290658109244e-05
7033,0,47-5052,2018,4688,4624,63,50,13,5,Major Collector,4,Suburban,Other Road,8,Livingston,0-99,0-99,0-99,EV,1,1,3.11493018259936,1.43333333333333,1.47509574490423e-05,4.81131262678648e-06
7033,0,47-5052,2018,4688,4624,63,50,13,5,Major Collector,4,Suburban,Other Road,8,Livingston,0-99,0-99,0-99,NT,1,1,1.18152524167562,0.166666666666667,5.59519075653327e-06,5.59454956603079e-07
7041,0,47-5100,2019,20790,19979,811,499,229,4,Minor Arterial,4,Suburban,Other Road,8,Livingston,200-499,200-499,500-999,AM,1,1,123.348314606742,49.4095607235142,0.000584124084173462,0.000165854541902105
7041,0,47-5100,2019,20790,19979,811,499,229,4,Minor Arterial,4,Suburban,Other Road,8,Livingston,200-499,200-499,500-999,MD,1,1,191.096441947566,101.777777777778,0.00090494981222328,0.000341640493498947
7041,0,47-5100,2019,20790,19979,811,499,229,4,Minor Arterial,4,Suburban,Other Road,8,Livingston,200-499,200-499,500-999,PM,1,1,142.97191011236,54.4392764857881,0.000677052915746513,0.000182737938383158
7041,0,47-5100,2019,20790,19979,811,499,229,4,Minor Arterial,4,Suburban,Other Road,8,Livingston,200-499,200-499,500-999,EV,1,1,24.7631086142322,11.8346253229974,0.000117267335080278,3.97256387789473e-05
7041,0,47-5100,2019,20790,19979,811,499,229,4,Minor Arterial,4,Suburban,Other Road,8,Livingston,200-499,200-499,500-999,NT,1,1,16.8202247191011,11.5387596899225,7.96532842054721e-05,3.87324978094736e-05
7046,0,47-5032,2019,10030,9640,390,240,110,4,Minor Arterial,5,Rural,Other Road,8,Livingston,100-199,200-499,200-499,AM,1,1,46.7458432304038,26.7289719626168,0.000221368025602382,8.97219350963443e-05
7046,0,47-5032,2019,10030,9640,390,240,110,4,Minor Arterial,5,Rural,Other Road,8,Livingston,100-199,200-499,200-499,MD,1,1,96.0570071258907,37.5233644859813,0.000454884296512212,0.000125955793500637
7046,0,47-5032,2019,10030,9640,390,240,110,4,Minor Arterial,5,Rural,Other Road,8,Livingston,100-199,200-499,200-499,PM,1,1,71.8289786223278,27.2429906542056,0.000340150868608538,9.14473569251201e-05
7046,0,47-5032,2019,10030,9640,390,240,110,4,Minor Arterial,5,Rural,Other Road,8,Livingston,100-199,200-499,200-499,EV,1,1,15.6769596199525,12.3364485981308,7.42392768788476e-05,4.14101238906204e-05
7046,0,47-5032,2019,10030,9640,390,240,110,4,Minor Arterial,5,Rural,Other Road,8,Livingston,100-199,200-499,200-499,NT,1,1,9.69121140142518,6.16822429906542,4.58933711614694e-05,2.07050619453102e-05
7052,0,47-5065,2018,7121,7053,67,54,16,5,Major Collector,5,Rural,Other Road,8,Livingston,0-99,0-99,0-99,AM,1,1,13.8475247524752,3.06122448979592,6.55758673306337e-05,1.02757032845463e-05
7052,0,47-5065,2018,7121,7053,67,54,16,5,Major Collector,5,Rural,Other Road,8,Livingston,0-99,0-99,0-99,MD,1,1,20.2366336633663,6.97959183673469,9.58319142264279e-05,2.34286034887657e-05
7052,0,47-5065,2018,7121,7053,67,54,16,5,Major Collector,5,Rural,Other Road,8,Livingston,0-99,0-99,0-99,PM,1,1,12.0831683168317,4,5.72206409912093e-05,1.34269189584739e-05
7052,0,47-5065,2018,7121,7053,67,54,16,5,Major Collector,5,Rural,Other Road,8,Livingston,0-99,0-99,0-99,EV,1,1,3.66237623762376,1.26530612244898,1.73434243712294e-05,4.24729069094582e-06
7052,0,47-5065,2018,7121,7053,67,54,16,5,Major Collector,5,Rural,Other Road,8,Livingston,0-99,0-99,0-99,NT,1,1,4.17029702970297,0.693877551020408,1.97487168022758e-05,2.32915941116384e-06
7055,0,47-5024,2019,469,432,37,17,17,5,Major Collector,3,Urban,Other Road,8,Livingston,0-99,0-99,0-99,AM,1,1,1.54545454545455,2.921875,7.31860199203736e-06,9.80794470794773e-06
7055,0,47-5024,2019,469,432,37,17,17,5,Major Collector,3,Urban,Other Road,8,Livingston,0-99,0-99,0-99,MD,1,1,12.8787878787879,10.625,6.09883499336447e-05,3.56652534834463e-05
7055,0,47-5024,2019,469,432,37,17,17,5,Major Collector,3,Urban,Other Road,8,Livingston,0-99,0-99,0-99,PM,1,1,2.57575757575758,2.65625,1.21976699867289e-05,8.91631337086157e-06
7055,0,47-5024,2019,469,432,37,17,17,5,Major Collector,3,Urban,Other Road,8,Livingston,0-99,0-99,0-99,EV,1,1,0,0.53125,0,1.78326267417231e-06
7055,0,47-5024,2019,469,432,37,17,17,5,Major Collector,3,Urban,Other Road,8,Livingston,0-99,0-99,0-99,NT,1,1,0,0.265625,0,8.91631337086157e-07
7057,0,47-5205,2019,2927,2879,48,21,27,5,Major Collector,3,Urban,Other Road,8,Livingston,0-99,0-99,0-99,AM,1,1,2.75,3.375,1.30228064858312e-05,1.13289628712124e-05
7057,0,47-5205,2019,2927,2879,48,21,27,5,Major Collector,3,Urban,Other Road,8,Livingston,0-99,0-99,0-99,MD,1,1,6.25,13.5,2.95972874677982e-05,4.53158514848494e-05
7057,0,47-5205,2019,2927,2879,48,21,27,5,Major Collector,3,Urban,Other Road,8,Livingston,0-99,0-99,0-99,PM,1,1,8.25,6.75,3.90684194574936e-05,2.26579257424247e-05
7057,0,47-5205,2019,2927,2879,48,21,27,5,Major Collector,3,Urban,Other Road,8,Livingston,0-99,0-99,0-99,EV,1,1,1,2.07692307692308,4.7355659948477e-06,6.9716694592076e-06
7057,0,47-5205,2019,2927,2879,48,21,27,5,Major Collector,3,Urban,Other Road,8,Livingston,0-99,0-99,0-99,NT,1,1,2.75,1.29807692307692,1.30228064858312e-05,4.35729341200475e-06
7067,0,47-5198,2018,4191,4134,56,49,11,5,Major Collector,3,Urban,Other Road,8,Livingston,0-99,0-99,0-99,AM,1,1,7.65625,0.825,3.62566771480527e-05,2.76930203518524e-06
7067,0,47-5198,2018,4191,4134,56,49,11,5,Major Collector,3,Urban,Other Road,8,Livingston,0-99,0-99,0-99,MD,1,1,23.4791666666667,4.4,0.000111187143254028,1.47696108543213e-05
7067,0,47-5198,2018,4191,4134,56,49,11,5,Major Collector,3,Urban,Other Road,8,Livingston,0-99,0-99,0-99,PM,1,1,13.78125,3.025,6.52620188664949e-05,1.01541074623459e-05
7067,0,47-5198,2018,4191,4134,56,49,11,5,Major Collector,3,Urban,Other Road,8,Livingston,0-99,0-99,0-99,EV,1,1,1.02083333333333,1.375,4.83422361974036e-06,4.6155033919754e-06
7067,0,47-5198,2018,4191,4134,56,49,11,5,Major Collector,3,Urban,Other Road,8,Livingston,0-99,0-99,0-99,NT,1,1,3.0625,1.375,1.45026708592211e-05,4.6155033919754e-06
7070,0,47-5195,2019,312,299,13,10,2,5,Major Collector,3,Urban,Other Road,8,Livingston,0-99,0-99,0-99,AM,1,1,2.77777777777778,1,1.31543499856881e-05,3.35672973961847e-06
7070,0,47-5195,2019,312,299,13,10,2,5,Major Collector,3,Urban,Other Road,8,Livingston,0-99,0-99,0-99,MD,1,1,3.05555555555556,1,1.44697849842569e-05,3.35672973961847e-06
7070,0,47-5195,2019,312,299,13,10,2,5,Major Collector,3,Urban,Other Road,8,Livingston,0-99,0-99,0-99,PM,1,1,2.77777777777778,0,1.31543499856881e-05,0
7070,0,47-5195,2019,312,299,13,10,2,5,Major Collector,3,Urban,Other Road,8,Livingston,0-99,0-99,0-99,EV,1,1,0.833333333333333,0,3.94630499570642e-06,0
7070,0,47-5195,2019,312,299,13,10,2,5,Major Collector,3,Urban,Other Road,8,Livingston,0-99,0-99,0-99,NT,1,1,0.555555555555556,0,2.63086999713761e-06,0
7110,1,47-5019,2018,5446,5218,227,120,89,4,Minor Arterial,4,Suburban,Other Road,8,Livingston,0-99,100-199,200-499,AM,1,1,22.8451882845188,13.2988505747126,0.000108184896786061,4.46406472268802e-05
7110,1,47-5019,2018,5446,5218,227,120,89,4,Minor Arterial,4,Suburban,Other Road,8,Livingston,0-99,100-199,200-499,MD,1,1,52.2175732217573,39.8965517241379,0.000247279764082424,0.000133921941680641
7110,1,47-5019,2018,5446,5218,227,120,89,4,Minor Arterial,4,Suburban,Other Road,8,Livingston,0-99,100-199,200-499,PM,1,1,32.1338912133891,26.0862068965517,0.000152172162512261,8.75643464834957e-05
7110,1,47-5019,2018,5446,5218,227,120,89,4,Minor Arterial,4,Suburban,Other Road,8,Livingston,0-99,100-199,200-499,EV,1,1,8.03347280334728,4.60344827586207,3.80430406280652e-05,1.54525317323816e-05
7110,1,47-5019,2018,5446,5218,227,120,89,4,Minor Arterial,4,Suburban,Other Road,8,Livingston,0-99,100-199,200-499,NT,1,1,4.76987447698745,5.11494252873563,2.25880553729137e-05,1.71694797026462e-05
7125,1,47-5073,2018,12909,12402,506,291,157,3,Principal Arterial,4,Suburban,Freeway/Prin. Art.,8,Livingston,100-199,200-499,200-499,AM,1,1,65.839378238342,29.4375,0.000311786720707408,9.88137317100188e-05
7125,1,47-5073,2018,12909,12402,506,291,157,3,Principal Arterial,4,Suburban,Freeway/Prin. Art.,8,Livingston,100-199,200-499,200-499,MD,1,1,133.689119170984,70.7003205128205,0.000633093646627256,0.000237321868465943
7125,1,47-5073,2018,12909,12402,506,291,157,3,Principal Arterial,4,Suburban,Freeway/Prin. Art.,8,Livingston,100-199,200-499,200-499,PM,1,1,57.7979274611399,38.4951923076923,0.000273705899857648,0.000129217956851563
7125,1,47-5073,2018,12909,12402,506,291,157,3,Principal Arterial,4,Suburban,Freeway/Prin. Art.,8,Livingston,100-199,200-499,200-499,EV,1,1,12.5647668393782,5.03205128205128,5.95012825777497e-05,1.68912361897468e-05
7125,1,47-5073,2018,12909,12402,506,291,157,3,Principal Arterial,4,Suburban,Freeway/Prin. Art.,8,Livingston,100-199,200-499,200-499,NT,1,1,21.1088082901554,13.3349358974359,9.99621547306194e-05,4.47617759028291e-05
7128,0,47-5067,2019,19840,19086,754,337,278,3,Principal Arterial,3,Urban,Freeway/Prin. Art.,8,Livingston,200-499,200-499,500-999,AM,1,1,51.1116666666667,53.3270440251572,0.000242042670606658,0.000179004474605189
7128,0,47-5067,2019,19840,19086,754,337,278,3,Principal Arterial,3,Urban,Freeway/Prin. Art.,8,Livingston,200-499,200-499,500-999,MD,1,1,173.555,145.993710691824,0.000821881156235793,0.000490061430476501
7128,0,47-5067,2019,19840,19086,754,337,278,3,Principal Arterial,3,Urban,Freeway/Prin. Art.,8,Livingston,200-499,200-499,500-999,PM,1,1,79.7566666666667,57.6981132075472,0.00037769295852907,0.000193676972523647
7128,0,47-5067,2019,19840,19086,754,337,278,3,Principal Arterial,3,Urban,Freeway/Prin. Art.,8,Livingston,200-499,200-499,500-999,EV,1,1,10.6716666666667,4.37106918238994,5.05363817750164e-05,1.46724979184581e-05
7128,0,47-5067,2019,19840,19086,754,337,278,3,Principal Arterial,3,Urban,Freeway/Prin. Art.,8,Livingston,200-499,200-499,500-999,NT,1,1,21.905,16.6100628930818,0.000103732573117139,5.57554920901408e-05
7136,1,47-5187,2018,29101,28596,505,310,109,3,Principal Arterial,3,Urban,Freeway/Prin. Art.,8,Livingston,100-199,200-499,200-499,AM,1,1,63.4090909090909,24.5,0.000300277934673298,8.22398786206526e-05
7136,1,47-5187,2018,29101,28596,505,310,109,3,Principal Arterial,3,Urban,Freeway/Prin. Art.,8,Livingston,100-199,200-499,200-499,MD,1,1,153.825757575758,42.5,0.000728452026707444,0.000142661013933785
7136,1,47-5187,2018,29101,28596,505,310,109,3,Principal Arterial,3,Urban,Freeway/Prin. Art.,8,Livingston,100-199,200-499,200-499,PM,1,1,56.3636363636364,19,0.000266913719709598,6.3777865052751e-05
7136,1,47-5187,2018,29101,28596,505,310,109,3,Principal Arterial,3,Urban,Freeway/Prin. Art.,8,Livingston,100-199,200-499,200-499,EV,1,1,16.0479797979798,8.5,7.59962674173161e-05,2.8532202786757e-05
7136,1,47-5187,2018,29101,28596,505,310,109,3,Principal Arterial,3,Urban,Freeway/Prin. Art.,8,Livingston,100-199,200-499,200-499,NT,1,1,20.3535353535354,14.5,9.63855098951326e-05,4.86725812244679e-05
7153,1,47-5068,2019,21374,20955,419,278,74,3,Principal Arterial,4,Suburban,Freeway/Prin. Art.,8,Livingston,0-99,200-499,200-499,AM,1,1,46.5,7.5,0.000220203818760418,2.51754730471386e-05
7153,1,47-5068,2019,21374,20955,419,278,74,3,Principal Arterial,4,Suburban,Freeway/Prin. Art.,8,Livingston,0-99,200-499,200-499,MD,1,1,144.5,37,0.000684289286255493,0.000124199000365884
7153,1,47-5068,2019,21374,20955,419,278,74,3,Principal Arterial,4,Suburban,Freeway/Prin. Art.,8,Livingston,0-99,200-499,200-499,PM,1,1,64.5,20,0.000305444006667677,6.71345947923695e-05
7153,1,47-5068,2019,21374,20955,419,278,74,3,Principal Arterial,4,Suburban,Freeway/Prin. Art.,8,Livingston,0-99,200-499,200-499,EV,1,1,11,6,5.20912259433248e-05,2.01403784377108e-05
7153,1,47-5068,2019,21374,20955,419,278,74,3,Principal Arterial,4,Suburban,Freeway/Prin. Art.,8,Livingston,0-99,200-499,200-499,NT,1,1,11.5,3.5,5.44590089407486e-05,1.17485540886647e-05
7159,1,47-0231,2018,20621,20126,494,254,150,3,Principal Arterial,4,Suburban,Freeway/Prin. Art.,8,Livingston,100-199,200-499,200-499,AM,1,1,40.2552594670407,22.2222222222222,0.000190631437845889,7.45939942137439e-05
7159,1,47-0231,2018,20621,20126,494,254,150,3,Principal Arterial,4,Suburban,Freeway/Prin. Art.,8,Livingston,100-199,200-499,200-499,MD,1,1,128.959326788219,77.0833333333333,0.000610695402656742,0.000258747917428924
7159,1,47-0231,2018,20621,20126,494,254,150,3,Principal Arterial,4,Suburban,Freeway/Prin. Art.,8,Livingston,100-199,200-499,200-499,PM,1,1,58.601683029453,34.7222222222222,0.000277512137395122,0.000116553115958975
7159,1,47-0231,2018,20621,20126,494,254,150,3,Principal Arterial,4,Suburban,Freeway/Prin. Art.,8,Livingston,100-199,200-499,200-499,EV,1,1,8.72791023842917,4.16666666666667,4.13315949311883e-05,1.3986373915077e-05
7159,1,47-0231,2018,20621,20126,494,254,150,3,Principal Arterial,4,Suburban,Freeway/Prin. Art.,8,Livingston,100-199,200-499,200-499,NT,1,1,17.4558204768583,11.8055555555556,8.26631898623766e-05,3.96280594260514e-05
7163,1,47-0002,2018,21132,20677,454,220,96,3,Principal Arterial,4,Suburban,Freeway/Prin. Art.,8,Livingston,0-99,200-499,200-499,AM,1,1,44.1979010494753,12.936170212766,0.000209302077253539,4.34232272699581e-05
7163,1,47-0002,2018,21132,20677,454,220,96,3,Principal Arterial,4,Suburban,Freeway/Prin. Art.,8,Livingston,0-99,200-499,200-499,MD,1,1,100.269865067466,50.7234042553192,0.000474834563321461,0.00017026475955852
7163,1,47-0002,2018,21132,20677,454,220,96,3,Principal Arterial,4,Suburban,Freeway/Prin. Art.,8,Livingston,0-99,200-499,200-499,PM,1,1,56.4017991004498,22.468085106383,0.000267094441868322,7.54192894688747e-05
7163,1,47-0002,2018,21132,20677,454,220,96,3,Principal Arterial,4,Suburban,Freeway/Prin. Art.,8,Livingston,0-99,200-499,200-499,EV,1,1,6.26686656671664,3.06382978723404,2.96771602075913e-05,1.02844485639375e-05
7163,1,47-0002,2018,21132,20677,454,220,96,3,Principal Arterial,4,Suburban,Freeway/Prin. Art.,8,Livingston,0-99,200-499,200-499,NT,1,1,12.8635682158921,6.80851063829787,6.09162762155822e-05,2.28543301420832e-05
7166,1,47-3607,2018,14202,13849,352,214,106,3,Principal Arterial,3,Urban,Freeway/Prin. Art.,8,Livingston,100-199,200-499,200-499,AM,1,1,33.8896797153025,16.7833333333333,0.000160486814836067,5.63371141299301e-05
7166,1,47-3607,2018,14202,13849,352,214,106,3,Principal Arterial,3,Urban,Freeway/Prin. Art.,8,Livingston,100-199,200-499,200-499,MD,1,1,113.473309608541,58.3,0.000537360346305032,0.000195697343819757
7166,1,47-3607,2018,14202,13849,352,214,106,3,Principal Arterial,3,Urban,Freeway/Prin. Art.,8,Livingston,100-199,200-499,200-499,PM,1,1,49.8825622775801,22.525,0.000236222165657581,7.56103373849061e-05
7166,1,47-3607,2018,14202,13849,352,214,106,3,Principal Arterial,3,Urban,Freeway/Prin. Art.,8,Livingston,100-199,200-499,200-499,EV,1,1,3.4270462633452,1.325,1.62290037474674e-05,4.44766690499448e-06
7166,1,47-3607,2018,14202,13849,352,214,106,3,Principal Arterial,3,Urban,Freeway/Prin. Art.,8,Livingston,100-199,200-499,200-499,NT,1,1,13.3274021352313,7.06666666666667,6.31127923512621e-05,2.37208901599705e-05
7174,1,47-0001,2018,11989,11620,368,156,83,3,Principal Arterial,4,Suburban,Freeway/Prin. Art.,8,Livingston,0-99,100-199,200-499,AM,1,1,30.1698113207547,11.6994680851064,0.000142871132561537,3.92719524589938e-05
7174,1,47-0001,2018,11989,11620,368,156,83,3,Principal Arterial,4,Suburban,Freeway/Prin. Art.,8,Livingston,0-99,100-199,200-499,MD,1,1,71.5876010781671,43.2659574468085,0.000339007809318491,0.00014523212607477
7174,1,47-0001,2018,11989,11620,368,156,83,3,Principal Arterial,4,Suburban,Freeway/Prin. Art.,8,Livingston,0-99,100-199,200-499,PM,1,1,42.6792452830189,21.8537234042553,0.000202110382648028,7.33570432724601e-05
7174,1,47-0001,2018,11989,11620,368,156,83,3,Principal Arterial,4,Suburban,Freeway/Prin. Art.,8,Livingston,0-99,100-199,200-499,EV,1,1,4.52021563342318,1.54521276595745,2.14057794430178e-05,5.18686164552748e-06
7174,1,47-0001,2018,11989,11620,368,156,83,3,Principal Arterial,4,Suburban,Freeway/Prin. Art.,8,Livingston,0-99,100-199,200-499,NT,1,1,7.04312668463612,4.63563829787234,3.33531912251673e-05,1.55605849365824e-05
7179,1,47-5071,2018,10118,9884,233,114,110,4,Minor Arterial,5,Rural,Other Road,8,Livingston,100-199,100-199,200-499,AM,1,1,20.3100150981379,12.7200656096227,9.61794168535853e-05,4.26978225217189e-05
7179,1,47-5071,2018,10118,9884,233,114,110,4,Minor Arterial,5,Rural,Other Road,8,Livingston,100-199,100-199,200-499,MD,1,1,52.0085556114746,54.4887916894478,0.000246289947394845,0.000182904147539845
7179,1,47-5071,2018,10118,9884,233,114,110,4,Minor Arterial,5,Rural,Other Road,8,Livingston,100-199,100-199,200-499,PM,1,1,29.1454453950679,29.7703663203937,0.000138020180117574,9.99310739870016e-05
7179,1,47-5071,2018,10118,9884,233,114,110,4,Minor Arterial,5,Rural,Other Road,8,Livingston,100-199,100-199,200-499,EV,1,1,5.53648716658279,7.5779114270093,2.62184003569802e-05,2.54370006512368e-05
7179,1,47-5071,2018,10118,9884,233,114,110,4,Minor Arterial,5,Rural,Other Road,8,Livingston,100-199,100-199,200-499,NT,1,1,6.99949672873679,5.44286495352652,3.31465786896537e-05,1.82702266582296e-05
7184,1,47-5069,2018,9013,8723,289,140,129,4,Minor Arterial,4,Suburban,Other Road,8,Livingston,100-199,100-199,200-499,AM,1,1,22.75,24.0294117647059,0.000107734126382785,8.06602410961263e-05
7184,1,47-5069,2018,9013,8723,289,140,129,4,Minor Arterial,4,Suburban,Other Road,8,Livingston,100-199,100-199,200-499,MD,1,1,66.75,62.2235294117647,0.000316099030156084,0.000208867571680495
7184,1,47-5069,2018,9013,8723,289,140,129,4,Minor Arterial,4,Suburban,Other Road,8,Livingston,100-199,100-199,200-499,PM,1,1,34.75,32.1235294117647,0.000164560918320958,0.000107830006517979
7184,1,47-5069,2018,9013,8723,289,140,129,4,Minor Arterial,4,Suburban,Other Road,8,Livingston,100-199,100-199,200-499,EV,1,1,7.5,4.3,3.55167449613578e-05,1.44339378803594e-05
7184,1,47-5069,2018,9013,8723,289,140,129,4,Minor Arterial,4,Suburban,Other Road,8,Livingston,100-199,100-199,200-499,NT,1,1,8.25,6.32352941176471,3.90684194574936e-05,2.12263792358227e-05
7192,0,47-5003,2018,8760,8589,170,113,41,5,Major Collector,4,Suburban,Other Road,8,Livingston,0-99,100-199,100-199,AM,1,1,24.5762331838565,6.91875,0.000116382374146919,2.32243738859853e-05
7192,0,47-5003,2018,8760,8589,170,113,41,5,Major Collector,4,Suburban,Other Road,8,Livingston,0-99,100-199,100-199,MD,1,1,45.3520179372197,16.65625,0.000214767473941221,5.59105297255202e-05
7192,0,47-5003,2018,8760,8589,170,113,41,5,Major Collector,4,Suburban,Other Road,8,Livingston,0-99,100-199,100-199,PM,1,1,36.4843049327354,8.7125,0.000172773833785116,2.9245507856426e-05
7192,0,47-5003,2018,8760,8589,170,113,41,5,Major Collector,4,Suburban,Other Road,8,Livingston,0-99,100-199,100-199,EV,1,1,2.28026905829596,5.89375,1.07983646115698e-05,1.97837259028764e-05
7192,0,47-5003,2018,8760,8589,170,113,41,5,Major Collector,4,Suburban,Other Road,8,Livingston,0-99,100-199,100-199,NT,1,1,4.30717488789238,2.81875,2.03969109329651e-05,9.46178195354957e-06
7205,0,47-5079,2018,11838,11688,149,118,33,4,Minor Arterial,5,Rural,Other Road,8,Livingston,0-99,100-199,100-199,AM,1,1,25.6085106382979,3.09375,0.000121270792157419,1.03848826319447e-05
7205,0,47-5079,2018,11838,11688,149,118,33,4,Minor Arterial,5,Rural,Other Road,8,Livingston,0-99,100-199,100-199,MD,1,1,48.7063829787234,13.921875,0.000230652290966072,4.6731971843751e-05
7205,0,47-5079,2018,11838,11688,149,118,33,4,Minor Arterial,5,Rural,Other Road,8,Livingston,0-99,100-199,100-199,PM,1,1,30.6297872340426,11.6015625,0.000145049378854952,3.89433098697925e-05
7205,0,47-5079,2018,11838,11688,149,118,33,4,Minor Arterial,5,Rural,Other Road,8,Livingston,0-99,100-199,100-199,EV,1,1,3.51489361702128,2.8359375,1.66450106882732e-05,9.51947574594927e-06
7205,0,47-5079,2018,11838,11688,149,118,33,4,Minor Arterial,5,Rural,Other Road,8,Livingston,0-99,100-199,100-199,NT,1,1,9.54042553191489,1.546875,4.5179314725313e-05,5.19244131597233e-06
7215,0,47-5108,2018,3258,3221,36,26,13,5,Major Collector,5,Rural,Other Road,8,Livingston,0-99,0-99,0-99,AM,1,1,4.2433234421365,1.22641509433962,2.00945381977217e-05,4.11674402028681e-06
7215,0,47-5108,2018,3258,3221,36,26,13,5,Major Collector,5,Rural,Other Road,8,Livingston,0-99,0-99,0-99,MD,1,1,12.1513353115727,5.45754716981132,5.75434502934758e-05,1.83195108902763e-05
7215,0,47-5108,2018,3258,3221,36,26,13,5,Major Collector,5,Rural,Other Road,8,Livingston,0-99,0-99,0-99,PM,1,1,7.52225519287834,3.98584905660377,3.56221358959612e-05,1.33794180659321e-05
7215,0,47-5108,2018,3258,3221,36,26,13,5,Major Collector,5,Rural,Other Road,8,Livingston,0-99,0-99,0-99,EV,1,1,1.38872403560831,1.59433962264151,6.57639431925438e-06,5.35176722637285e-06
7215,0,47-5108,2018,3258,3221,36,26,13,5,Major Collector,5,Rural,Other Road,8,Livingston,0-99,0-99,0-99,NT,1,1,0.694362017804154,0.735849056603774,3.28819715962719e-06,2.47004641217209e-06
7218,1,47-5125,2019,6245,6047,198,122,75,4,Minor Arterial,5,Rural,Other Road,8,Livingston,0-99,100-199,100-199,AM,1,1,21.25,14.1891891891892,0.000100630777390514,4.76292733324243e-05
7218,1,47-5125,2019,6245,6047,198,122,75,4,Minor Arterial,5,Rural,Other Road,8,Livingston,0-99,100-199,100-199,MD,1,1,58,26.097972972973,0.000274662827701167,8.76038420221376e-05
7218,1,47-5125,2019,6245,6047,198,122,75,4,Minor Arterial,5,Rural,Other Road,8,Livingston,0-99,100-199,100-199,PM,1,1,27,14.9493243243243,0.000127860281860888,5.01808415466613e-05
7218,1,47-5125,2019,6245,6047,198,122,75,4,Minor Arterial,5,Rural,Other Road,8,Livingston,0-99,100-199,100-199,EV,1,1,6,5.57432432432433,2.84133959690862e-05,1.87115002377381e-05
7218,1,47-5125,2019,6245,6047,198,122,75,4,Minor Arterial,5,Rural,Other Road,8,Livingston,0-99,100-199,100-199,NT,1,1,9.75,14.1891891891892,4.61717684497651e-05,4.76292733324243e-05
7220,0,47-5050,2018,9982,9770,211,159,47,4,Minor Arterial,5,Rural,Other Road,8,Livingston,0-99,100-199,200-499,AM,1,1,44.2784810126582,8.52197802197802,0.000209683668987054,2.86059770667486e-05
7220,0,47-5050,2018,9982,9770,211,159,47,4,Minor Arterial,5,Rural,Other Road,8,Livingston,0-99,100-199,200-499,MD,1,1,62.1408227848101,21.4340659340659,0.000294271967271604,7.19483665618224e-05
7220,0,47-5050,2018,9982,9770,211,159,47,4,Minor Arterial,5,Rural,Other Road,8,Livingston,0-99,100-199,200-499,PM,1,1,42.2658227848101,9.2967032967033,0.000200152593124006,3.12065204364531e-05
7220,0,47-5050,2018,9982,9770,211,159,47,4,Minor Arterial,5,Rural,Other Road,8,Livingston,0-99,100-199,200-499,EV,1,1,5.78639240506329,3.87362637362637,2.74018431062627e-05,1.30027168485221e-05
7220,0,47-5050,2018,9982,9770,211,159,47,4,Minor Arterial,5,Rural,Other Road,8,Livingston,0-99,100-199,200-499,NT,1,1,4.52848101265823,3.87362637362637,2.14449206918578e-05,1.30027168485221e-05
7241,0,47-5059,2019,2098,2076,22,21,1,5,Major Collector,4,Suburban,Other Road,8,Livingston,0-99,0-99,0-99,AM,1,1,4.09756097560976,0,1.94042704179125e-05,0
7241,0,47-5059,2019,2098,2076,22,21,1,5,Major Collector,4,Suburban,Other Road,8,Livingston,0-99,0-99,0-99,MD,1,1,4.60975609756098,0,2.18298042201516e-05,0
7241,0,47-5059,2019,2098,2076,22,21,1,5,Major Collector,4,Suburban,Other Road,8,Livingston,0-99,0-99,0-99,PM,1,1,11.2682926829268,0,5.33617436492595e-05,0
7241,0,47-5059,2019,2098,2076,22,21,1,5,Major Collector,4,Suburban,Other Road,8,Livingston,0-99,0-99,0-99,EV,1,1,0,1,0,3.35672973961847e-06
7241,0,47-5059,2019,2098,2076,22,21,1,5,Major Collector,4,Suburban,Other Road,8,Livingston,0-99,0-99,0-99,NT,1,1,1.02439024390244,0,4.85106760447814e-06,0
7262,1,77-0014,2019,40543,39568,975,438,323,3,Principal Arterial,3,Urban,Freeway/Prin. Art.,7,St Clair,200-499,200-499,500-999,AM,1,1,60.9079754601227,48.45,0.000288433737403976,0.000162633555884515
7262,1,77-0014,2019,40543,39568,975,438,323,3,Principal Arterial,3,Urban,Freeway/Prin. Art.,7,St Clair,200-499,200-499,500-999,MD,1,1,209.59509202454,123.368055555556,0.000992551390478386,0.000414113221002237
7262,1,77-0014,2019,40543,39568,975,438,323,3,Principal Arterial,3,Urban,Freeway/Prin. Art.,7,St Clair,200-499,200-499,500-999,PM,1,1,95.840490797546,61.9083333333333,0.000453858969150373,0.000207809543630214
7262,1,77-0014,2019,40543,39568,975,438,323,3,Principal Arterial,3,Urban,Freeway/Prin. Art.,7,St Clair,200-499,200-499,500-999,EV,1,1,33.1411042944785,21.0847222222222,0.000156941886528634,7.07757141349279e-05
7262,1,77-0014,2019,40543,39568,975,438,323,3,Principal Arterial,3,Urban,Freeway/Prin. Art.,7,St Clair,200-499,200-499,500-999,NT,1,1,38.5153374233129,68.1888888888889,0.000182391922181926,0.000228891671244873
7334,0,47-5214,2018,1197,1170,26,27,0,6,Minor Collector,5,Rural,Other Road,8,Livingston,0-99,0-99,0-99,AM,1,1,7.60909090909091,0,3.60333521607957e-05,0
7334,0,47-5214,2018,1197,1170,26,27,0,6,Minor Collector,5,Rural,Other Road,8,Livingston,0-99,0-99,0-99,MD,1,1,10.8,0,5.11441127443552e-05,0
7334,0,47-5214,2018,1197,1170,26,27,0,6,Minor Collector,5,Rural,Other Road,8,Livingston,0-99,0-99,0-99,PM,1,1,5.89090909090909,0,2.78967887696483e-05,0
7334,0,47-5214,2018,1197,1170,26,27,0,6,Minor Collector,5,Rural,Other Road,8,Livingston,0-99,0-99,0-99,EV,1,1,0,0,0,0
7334,0,47-5214,2018,1197,1170,26,27,0,6,Minor Collector,5,Rural,Other Road,8,Livingston,0-99,0-99,0-99,NT,1,1,2.7,0,1.27860281860888e-05,0
7344,0,47-5049,2018,2412,2324,87,27,34,5,Major Collector,5,Rural,Other Road,8,Livingston,0-99,0-99,0-99,AM,1,1,3.684375,7.93333333333333,1.7447600962267e-05,2.66300559343066e-05
7344,0,47-5049,2018,2412,2324,87,27,34,5,Major Collector,5,Rural,Other Road,8,Livingston,0-99,0-99,0-99,MD,1,1,12.9375,17.553488372093,6.12663850583422e-05,5.89223164526517e-05
7344,0,47-5049,2018,2412,2324,87,27,34,5,Major Collector,5,Rural,Other Road,8,Livingston,0-99,0-99,0-99,PM,1,1,7.48125,5.4031007751938,3.54279530989544e-05,1.81367490582487e-05
7344,0,47-5049,2018,2412,2324,87,27,34,5,Major Collector,5,Rural,Other Road,8,Livingston,0-99,0-99,0-99,EV,1,1,2.19375,0.869767441860465,1.03886479011972e-05,2.91957423864491e-06
7344,0,47-5049,2018,2412,2324,87,27,34,5,Major Collector,5,Rural,Other Road,8,Livingston,0-99,0-99,0-99,NT,1,1,0.703125,2.24031007751938,3.32969484012729e-06,7.52011546317627e-06
7347,1,77-0173,2018,8309,6127,2181,182,1886,1,Interstate Freeway,5,Rural,Interstate,7,St Clair,1000-1999,100-199,2000+,AM,1,1,33.9203084832905,212.303953257086,0.000160631859388215,0.000712646993736631
7347,1,77-0173,2018,8309,6127,2181,182,1886,1,Interstate Freeway,5,Rural,Interstate,7,St Clair,1000-1999,100-199,2000+,MD,1,1,58.4832904884319,626.126678269518,0.000276951481703818,0.00210173804171582
7347,1,77-0173,2018,8309,6127,2181,182,1886,1,Interstate Freeway,5,Rural,Interstate,7,St Clair,1000-1999,100-199,2000+,PM,1,1,49.0089974293059,485.09870711089,0.0002320853416678,0.0016283452568096
7347,1,77-0173,2018,8309,6127,2181,182,1886,1,Interstate Freeway,5,Rural,Interstate,7,St Clair,1000-1999,100-199,2000+,EV,1,1,14.620822622108,282.876553953257,6.92378704259545e-05,0.000949540141295688
7347,1,77-0173,2018,8309,6127,2181,182,1886,1,Interstate Freeway,5,Rural,Interstate,7,St Clair,1000-1999,100-199,2000+,NT,1,1,25.9665809768638,279.594107409249,0.000122966457876495,0.000938521855362709
7354,0,47-5076,2018,4792,4735,56,46,12,5,Major Collector,4,Suburban,Other Road,8,Livingston,0-99,0-99,0-99,AM,1,1,8.86700336700337,1.2396694214876,4.19902796209812e-05,4.16123521440307e-06
7354,0,47-5076,2018,4792,4735,56,46,12,5,Major Collector,4,Suburban,Other Road,8,Livingston,0-99,0-99,0-99,MD,1,1,16.1851851851852,5.25619834710744,7.66460125832758e-05,1.7643637309069e-05
7354,0,47-5076,2018,4792,4735,56,46,12,5,Major Collector,4,Suburban,Other Road,8,Livingston,0-99,0-99,0-99,PM,1,1,15.4107744107744,4.06611570247934,7.29787392539325e-05,1.36488515032421e-05
7354,0,47-5076,2018,4792,4735,56,46,12,5,Major Collector,4,Suburban,Other Road,8,Livingston,0-99,0-99,0-99,EV,1,1,1.93602693602694,1.09090909090909,9.16818332335835e-06,3.6618869886747e-06
7354,0,47-5076,2018,4792,4735,56,46,12,5,Major Collector,4,Suburban,Other Road,8,Livingston,0-99,0-99,0-99,NT,1,1,3.6010101010101,0.347107438016529,1.70528209814465e-05,1.16514586003286e-06
7375,1,77-6369,2019,7382,5906,1476,194,1269,1,Interstate Freeway,5,Rural,Interstate,7,St Clair,1000-1999,100-199,1000-1999,AM,1,1,30.2416139399369,139.565722477375,0.000143211158603277,0.000468484411271145
7375,1,77-6369,2019,7382,5906,1476,194,1269,1,Interstate Freeway,5,Rural,Interstate,7,St Clair,1000-1999,100-199,1000-1999,MD,1,1,70.3383443691439,399.099428908052,0.000333091871728406,0.00133966892208041
7375,1,77-6369,2019,7382,5906,1476,194,1269,1,Interstate Freeway,5,Rural,Interstate,7,St Clair,1000-1999,100-199,1000-1999,PM,1,1,51.2287517793654,316.655132474766,0.000242597134884856,0.00106292570038087
7375,1,77-6369,2019,7382,5906,1476,194,1269,1,Interstate Freeway,5,Rural,Interstate,7,St Clair,1000-1999,100-199,1000-1999,EV,1,1,17.3319624501222,196.312408206374,8.20766520027759e-05,0.000658967698882457
7375,1,77-6369,2019,7382,5906,1476,194,1269,1,Interstate Freeway,5,Rural,Interstate,7,St Clair,1000-1999,100-199,1000-1999,NT,1,1,24.8593274614317,217.367307933433,0.00011772298578114,0.000729643306960962
7376,1,77-0261,2018,7620,5430,2189,157,2016,1,Interstate Freeway,5,Rural,Interstate,7,St Clair,2000+,100-199,2000+,AM,1,1,16.7134166948293,199.036903690369,7.91474877577537e-05,0.00066811309389904
7376,1,77-0261,2018,7620,5430,2189,157,2016,1,Interstate Freeway,5,Rural,Interstate,7,St Clair,2000+,100-199,2000+,MD,1,1,52.9788779993241,635.670567056706,0.000250884973098784,0.00213377429703938
7376,1,77-0261,2018,7620,5430,2189,157,2016,1,Interstate Freeway,5,Rural,Interstate,7,St Clair,2000+,100-199,2000+,PM,1,1,42.1549509969584,519.423942394239,0.000199627552455668,0.00174356579490462
7376,1,77-0261,2018,7620,5430,2189,157,2016,1,Interstate Freeway,5,Rural,Interstate,7,St Clair,2000+,100-199,2000+,EV,1,1,24.0354849611355,315.056705670567,0.000113821625251627,0.00105756021359062
7376,1,77-0261,2018,7620,5430,2189,157,2016,1,Interstate Freeway,5,Rural,Interstate,7,St Clair,2000+,100-199,2000+,NT,1,1,21.1172693477526,346.811881188119,0.000100002222627257,0.00116415375563719
7377,1,77-5073,2018,8346,8112,233,108,132,5,Major Collector,4,Suburban,Other Road,7,St Clair,100-199,100-199,200-499,AM,1,1,24.0845070422535,14.7230769230769,0.000114053772551966,4.94213901663828e-05
7377,1,77-5073,2018,8346,8112,233,108,132,5,Major Collector,4,Suburban,Other Road,7,St Clair,100-199,100-199,200-499,MD,1,1,44.3661971830986,49.2461538461539,0.00021009905470099,0.000165306029177211
7377,1,77-5073,2018,8346,8112,233,108,132,5,Major Collector,4,Suburban,Other Road,7,St Clair,100-199,100-199,200-499,PM,1,1,30.9295774647887,47.9769230769231,0.000146469055277261,0.000161045564507696
7377,1,77-5073,2018,8346,8112,233,108,132,5,Major Collector,4,Suburban,Other Road,7,St Clair,100-199,100-199,200-499,EV,1,1,3.29577464788732,11.4230769230769,1.56073583492164e-05,3.83441820256418e-05
7377,1,77-5073,2018,8346,8112,233,108,132,5,Major Collector,4,Suburban,Other Road,7,St Clair,100-199,100-199,200-499,NT,1,1,5.32394366197183,8.63076923076923,2.52118865641188e-05,2.89711597527071e-05
7387,1,47-5143,2018,4859,4673,185,119,65,5,Major Collector,5,Rural,Other Road,8,Livingston,0-99,100-199,100-199,AM,1,1,15.1271186440678,9.90234375,7.16354686508742e-05,3.32394917575501e-05
7387,1,47-5143,2018,4859,4673,185,119,65,5,Major Collector,5,Rural,Other Road,8,Livingston,0-99,100-199,100-199,MD,1,1,61.7690677966102,33.515625,0.00029251149699107,0.0001125028951794
7387,1,47-5143,2018,4859,4673,185,119,65,5,Major Collector,5,Rural,Other Road,8,Livingston,0-99,100-199,100-199,PM,1,1,34.7923728813559,18.53515625,0.000164761577897011,6.22175102128502e-05
7387,1,47-5143,2018,4859,4673,185,119,65,5,Major Collector,5,Rural,Other Road,8,Livingston,0-99,100-199,100-199,EV,1,1,4.79025423728814,0.76171875,2.26845650727768e-05,2.55688398135001e-06
7387,1,47-5143,2018,4859,4673,185,119,65,5,Major Collector,5,Rural,Other Road,8,Livingston,0-99,100-199,100-199,NT,1,1,2.52118644067797,2.28515625,1.19392447751457e-05,7.67065194405003e-06
7404,1,47-5094,2019,12549,10835,1714,578,1119,3,Principal Arterial,5,Rural,Freeway/Prin. Art.,8,Livingston,1000-1999,500-999,1000-1999,AM,1,1,106,173.5,0.000501969995453857,0.000582392609823805
7404,1,47-5094,2019,12549,10835,1714,578,1119,3,Principal Arterial,5,Rural,Freeway/Prin. Art.,8,Livingston,1000-1999,500-999,1000-1999,MD,1,1,296,447.5,0.00140172753447492,0.00150213655847927
7404,1,47-5094,2019,12549,10835,1714,578,1119,3,Principal Arterial,5,Rural,Freeway/Prin. Art.,8,Livingston,1000-1999,500-999,1000-1999,PM,1,1,122.5,207,0.000580106834368844,0.000694843056101024
7404,1,47-5094,2019,12549,10835,1714,578,1119,3,Principal Arterial,5,Rural,Freeway/Prin. Art.,8,Livingston,1000-1999,500-999,1000-1999,EV,1,1,12.5,69.5,5.91945749355963e-05,0.000233292716903484
7404,1,47-5094,2019,12549,10835,1714,578,1119,3,Principal Arterial,5,Rural,Freeway/Prin. Art.,8,Livingston,1000-1999,500-999,1000-1999,NT,1,1,41,221.5,0.000194158205788756,0.000743515637325492
7431,1,47-5136,2018,10812,10587,224,103,117,4,Minor Arterial,3,Urban,Other Road,8,Livingston,100-199,100-199,200-499,AM,1,1,27.6341463414634,23.9086956521739,0.000130863323711279,8.02550297311391e-05
7431,1,47-5136,2018,10812,10587,224,103,117,4,Minor Arterial,3,Urban,Other Road,8,Livingston,100-199,100-199,200-499,MD,1,1,35.9243902439024,55.7021739130435,0.000170122320824663,0.000186977143735313
7431,1,47-5136,2018,10812,10587,224,103,117,4,Minor Arterial,3,Urban,Other Road,8,Livingston,100-199,100-199,200-499,PM,1,1,25.8756097560976,24.4173913043478,0.000122535657656925,8.19625835552059e-05
7431,1,47-5136,2018,10812,10587,224,103,117,4,Minor Arterial,3,Urban,Other Road,8,Livingston,100-199,100-199,200-499,EV,1,1,6.53170731707317,5.85,3.09313310590296e-05,1.96368689767681e-05
7431,1,47-5136,2018,10812,10587,224,103,117,4,Minor Arterial,3,Urban,Other Road,8,Livingston,100-199,100-199,200-499,NT,1,1,7.03414634146342,7.12173913043478,3.33106642174165e-05,2.3905753536935e-05
7442,0,47-5128,2019,2939,2820,119,74,33,5,Major Collector,5,Rural,Other Road,8,Livingston,0-99,0-99,100-199,AM,1,1,10.2777777777778,0,4.86710949470459e-05,0
7442,0,47-5128,2019,2939,2820,119,74,33,5,Major Collector,5,Rural,Other Road,8,Livingston,0-99,0-99,100-199,MD,1,1,38.0277777777778,16.5,0.00018008305130407,5.53860407037048e-05
7442,0,47-5128,2019,2939,2820,119,74,33,5,Major Collector,5,Rural,Other Road,8,Livingston,0-99,0-99,100-199,PM,1,1,25.6944444444444,9.9,0.000121677737367615,3.32316244222229e-05
7442,0,47-5128,2019,2939,2820,119,74,33,5,Major Collector,5,Rural,Other Road,8,Livingston,0-99,0-99,100-199,EV,1,1,0,6.6,0,2.21544162814819e-05
7442,0,47-5128,2019,2939,2820,119,74,33,5,Major Collector,5,Rural,Other Road,8,Livingston,0-99,0-99,100-199,NT,1,1,0,0,0,0
7445,0,47-5212,2018,2250,2215,34,34,2,6,Minor Collector,4,Suburban,Other Road,8,Livingston,0-99,0-99,0-99,AM,1,1,8.19642857142857,0.666666666666667,3.88147284220553e-05,2.23781982641232e-06
7445,0,47-5212,2018,2250,2215,34,34,2,6,Minor Collector,4,Suburban,Other Road,8,Livingston,0-99,0-99,0-99,MD,1,1,9.10714285714286,0,4.31274760245059e-05,0
7445,0,47-5212,2018,2250,2215,34,34,2,6,Minor Collector,4,Suburban,Other Road,8,Livingston,0-99,0-99,0-99,PM,1,1,11.2321428571429,1.33333333333333,5.31905537635572e-05,4.47563965282463e-06
7445,0,47-5212,2018,2250,2215,34,34,2,6,Minor Collector,4,Suburban,Other Road,8,Livingston,0-99,0-99,0-99,EV,1,1,1.51785714285714,0,7.18791267075098e-06,0
7445,0,47-5212,2018,2250,2215,34,34,2,6,Minor Collector,4,Suburban,Other Road,8,Livingston,0-99,0-99,0-99,NT,1,1,3.94642857142857,0,1.86885729439525e-05,0
7483,1,77-0173,2018,8309,6127,2181,182,1886,1,Interstate Freeway,5,Rural,Interstate,7,St Clair,1000-1999,100-199,2000+,AM,1,1,33.9203084832905,212.303953257086,0.000160631859388215,0.000712646993736631
7483,1,77-0173,2018,8309,6127,2181,182,1886,1,Interstate Freeway,5,Rural,Interstate,7,St Clair,1000-1999,100-199,2000+,MD,1,1,58.4832904884319,626.126678269518,0.000276951481703818,0.00210173804171582
7483,1,77-0173,2018,8309,6127,2181,182,1886,1,Interstate Freeway,5,Rural,Interstate,7,St Clair,1000-1999,100-199,2000+,PM,1,1,49.0089974293059,485.09870711089,0.0002320853416678,0.0016283452568096
7483,1,77-0173,2018,8309,6127,2181,182,1886,1,Interstate Freeway,5,Rural,Interstate,7,St Clair,1000-1999,100-199,2000+,EV,1,1,14.620822622108,282.876553953257,6.92378704259545e-05,0.000949540141295688
7483,1,77-0173,2018,8309,6127,2181,182,1886,1,Interstate Freeway,5,Rural,Interstate,7,St Clair,1000-1999,100-199,2000+,NT,1,1,25.9665809768638,279.594107409249,0.000122966457876495,0.000938521855362709
7501,0,47-5105,2019,13329,13088,241,126,31,4,Minor Arterial,3,Urban,Other Road,8,Livingston,0-99,100-199,100-199,AM,1,1,16.5,9,7.81368389149871e-05,3.02105676565663e-05
7501,0,47-5105,2019,13329,13088,241,126,31,4,Minor Arterial,3,Urban,Other Road,8,Livingston,0-99,100-199,100-199,MD,1,1,77.5,12.5,0.000367006364600697,4.19591217452309e-05
7501,0,47-5105,2019,13329,13088,241,126,31,4,Minor Arterial,3,Urban,Other Road,8,Livingston,0-99,100-199,100-199,PM,1,1,21.5,5.5,0.000101814668889226,1.84620135679016e-05
7501,0,47-5105,2019,13329,13088,241,126,31,4,Minor Arterial,3,Urban,Other Road,8,Livingston,0-99,100-199,100-199,EV,1,1,2,0,9.47113198969541e-06,0
7501,0,47-5105,2019,13329,13088,241,126,31,4,Minor Arterial,3,Urban,Other Road,8,Livingston,0-99,100-199,100-199,NT,1,1,8.5,4,4.02523109562055e-05,1.34269189584739e-05
7508,1,77-6369,2019,7382,5906,1476,194,1269,1,Interstate Freeway,5,Rural,Interstate,7,St Clair,1000-1999,100-199,1000-1999,AM,1,1,30.2416139399369,139.565722477375,0.000143211158603277,0.000468484411271145
7508,1,77-6369,2019,7382,5906,1476,194,1269,1,Interstate Freeway,5,Rural,Interstate,7,St Clair,1000-1999,100-199,1000-1999,MD,1,1,70.3383443691439,399.099428908052,0.000333091871728406,0.00133966892208041
7508,1,77-6369,2019,7382,5906,1476,194,1269,1,Interstate Freeway,5,Rural,Interstate,7,St Clair,1000-1999,100-199,1000-1999,PM,1,1,51.2287517793654,316.655132474766,0.000242597134884856,0.00106292570038087
7508,1,77-6369,2019,7382,5906,1476,194,1269,1,Interstate Freeway,5,Rural,Interstate,7,St Clair,1000-1999,100-199,1000-1999,EV,1,1,17.3319624501222,196.312408206374,8.20766520027759e-05,0.000658967698882457
7508,1,77-6369,2019,7382,5906,1476,194,1269,1,Interstate Freeway,5,Rural,Interstate,7,St Clair,1000-1999,100-199,1000-1999,NT,1,1,24.8593274614317,217.367307933433,0.00011772298578114,0.000729643306960962
7509,1,77-0261,2018,7620,5430,2189,157,2016,1,Interstate Freeway,5,Rural,Interstate,7,St Clair,2000+,100-199,2000+,AM,1,1,16.7134166948293,199.036903690369,7.91474877577537e-05,0.00066811309389904
7509,1,77-0261,2018,7620,5430,2189,157,2016,1,Interstate Freeway,5,Rural,Interstate,7,St Clair,2000+,100-199,2000+,MD,1,1,52.9788779993241,635.670567056706,0.000250884973098784,0.00213377429703938
7509,1,77-0261,2018,7620,5430,2189,157,2016,1,Interstate Freeway,5,Rural,Interstate,7,St Clair,2000+,100-199,2000+,PM,1,1,42.1549509969584,519.423942394239,0.000199627552455668,0.00174356579490462
7509,1,77-0261,2018,7620,5430,2189,157,2016,1,Interstate Freeway,5,Rural,Interstate,7,St Clair,2000+,100-199,2000+,EV,1,1,24.0354849611355,315.056705670567,0.000113821625251627,0.00105756021359062
7509,1,77-0261,2018,7620,5430,2189,157,2016,1,Interstate Freeway,5,Rural,Interstate,7,St Clair,2000+,100-199,2000+,NT,1,1,21.1172693477526,346.811881188119,0.000100002222627257,0.00116415375563719
7540,1,47-8219,2019,42203,38056,4147,1034,3042,1,Interstate Freeway,4,Suburban,Interstate,8,Livingston,2000+,1000-1999,2000+,AM,1,1,161.028542814221,390.019908116386,0.000762561291550904,0.00130919142461754
7540,1,47-8219,2019,42203,38056,4147,1034,3042,1,Interstate Freeway,4,Suburban,Interstate,8,Livingston,2000+,1000-1999,2000+,MD,1,1,444.770155232849,1111.31087289433,0.00210623842264382,0.00373037025700578
7540,1,47-8219,2019,42203,38056,4147,1034,3042,1,Interstate Freeway,4,Suburban,Interstate,8,Livingston,2000+,1000-1999,2000+,PM,1,1,216.948422633951,511.91730474732,0.00102737357286119,0.00171836804107066
7540,1,47-8219,2019,42203,38056,4147,1034,3042,1,Interstate Freeway,4,Suburban,Interstate,8,Livingston,2000+,1000-1999,2000+,EV,1,1,110.804206309464,262.428790199081,0.000524720631485188,0.000880902524593353
7540,1,47-8219,2019,42203,38056,4147,1034,3042,1,Interstate Freeway,4,Suburban,Interstate,8,Livingston,2000+,1000-1999,2000+,NT,1,1,100.448673009514,766.323124042879,0.000475681320131432,0.00257233962063207
7568,0,47-5016,2018,12694,12534,159,129,34,4,Minor Arterial,5,Rural,Other Road,8,Livingston,0-99,100-199,100-199,AM,1,1,17.8404255319149,2.85496183206107,8.44845124825489e-05,9.58333528715503e-06
7568,0,47-5016,2018,12694,12534,159,129,34,4,Minor Arterial,5,Rural,Other Road,8,Livingston,0-99,100-199,100-199,MD,1,1,58.9050736497545,15.5725190839695,0.000278948863699777,5.22727379299365e-05
7568,0,47-5016,2018,12694,12534,159,129,34,4,Minor Arterial,5,Rural,Other Road,8,Livingston,0-99,100-199,100-199,PM,1,1,35.7864157119476,10.7709923664122,0.000169468933322983,3.61553104015394e-05
7568,0,47-5016,2018,12694,12534,159,129,34,4,Minor Arterial,5,Rural,Other Road,8,Livingston,0-99,100-199,100-199,EV,1,1,12.5621931260229,3.24427480916031,5.94890945883037e-05,1.08901537354034e-05
7568,0,47-5016,2018,12694,12534,159,129,34,4,Minor Arterial,5,Rural,Other Road,8,Livingston,0-99,100-199,100-199,NT,1,1,3.90589198036007,1.55725190839695,1.84966092417415e-05,5.22727379299365e-06
7686,0,47-5106,2018,5030,4974,55,51,9,5,Major Collector,5,Rural,Other Road,8,Livingston,0-99,0-99,0-99,AM,1,1,9.18879310344828,5.22972972972973,4.35141361543808e-05,1.75547893139507e-05
7686,0,47-5106,2018,5030,4974,55,51,9,5,Major Collector,5,Rural,Other Road,8,Livingston,0-99,0-99,0-99,MD,1,1,21.0155172413793,1.58108108108108,9.95203688124115e-05,5.30726188561299e-06
7686,0,47-5106,2018,5030,4974,55,51,9,5,Major Collector,5,Rural,Other Road,8,Livingston,0-99,0-99,0-99,PM,1,1,17.1465517241379,1.45945945945946,8.11986272737249e-05,4.89901097133507e-06
7686,0,47-5106,2018,5030,4974,55,51,9,5,Major Collector,5,Rural,Other Road,8,Livingston,0-99,0-99,0-99,EV,1,1,2.02241379310345,0.689189189189189,9.57727398613165e-06,2.31342184757489e-06
7686,0,47-5106,2018,5030,4974,55,51,9,5,Major Collector,5,Rural,Other Road,8,Livingston,0-99,0-99,0-99,NT,1,1,1.62672413793103,0.0405405405405405,7.70345951058415e-06,1.36083638092641e-07
7697,0,77-0023,2018,2026,1982,43,24,22,5,Major Collector,5,Rural,Other Road,7,St Clair,0-99,0-99,0-99,AM,1,1,5.17647058823529,2.11538461538462,2.45135180909764e-05,7.10077444919293e-06
7697,0,77-0023,2018,2026,1982,43,24,22,5,Major Collector,5,Rural,Other Road,7,St Clair,0-99,0-99,0-99,MD,1,1,11.5294117647059,7.61538461538462,5.45982902935382e-05,2.55627880170945e-05
7697,0,77-0023,2018,2026,1982,43,24,22,5,Major Collector,5,Rural,Other Road,7,St Clair,0-99,0-99,0-99,PM,1,1,5.64705882352941,7.40384615384615,2.67420197356106e-05,2.48527105721752e-05
7697,0,77-0023,2018,2026,1982,43,24,22,5,Major Collector,5,Rural,Other Road,7,St Clair,0-99,0-99,0-99,EV,1,1,0.235294117647059,2.32692307692308,1.11425082231711e-06,7.81085189411222e-06
7697,0,77-0023,2018,2026,1982,43,24,22,5,Major Collector,5,Rural,Other Road,7,St Clair,0-99,0-99,0-99,NT,1,1,1.41176470588235,2.53846153846154,6.68550493390264e-06,8.52092933903151e-06
7745,1,47-8219,2019,42203,38056,4147,1034,3042,1,Interstate Freeway,4,Suburban,Interstate,8,Livingston,2000+,1000-1999,2000+,AM,1,1,161.028542814221,390.019908116386,0.000762561291550904,0.00130919142461754
7745,1,47-8219,2019,42203,38056,4147,1034,3042,1,Interstate Freeway,4,Suburban,Interstate,8,Livingston,2000+,1000-1999,2000+,MD,1,1,444.770155232849,1111.31087289433,0.00210623842264382,0.00373037025700578
7745,1,47-8219,2019,42203,38056,4147,1034,3042,1,Interstate Freeway,4,Suburban,Interstate,8,Livingston,2000+,1000-1999,2000+,PM,1,1,216.948422633951,511.91730474732,0.00102737357286119,0.00171836804107066
7745,1,47-8219,2019,42203,38056,4147,1034,3042,1,Interstate Freeway,4,Suburban,Interstate,8,Livingston,2000+,1000-1999,2000+,EV,1,1,110.804206309464,262.428790199081,0.000524720631485188,0.000880902524593353
7745,1,47-8219,2019,42203,38056,4147,1034,3042,1,Interstate Freeway,4,Suburban,Interstate,8,Livingston,2000+,1000-1999,2000+,NT,1,1,100.448673009514,766.323124042879,0.000475681320131432,0.00257233962063207
7757,1,77-6636,2019,26807,26140,667,332,184,3,Principal Arterial,3,Urban,Freeway/Prin. Art.,7,St Clair,100-199,200-499,500-999,AM,1,1,50.6972972972973,26.9268292682927,0.000240080397111766,9.03860885985072e-05
7757,1,77-6636,2019,26807,26140,667,332,184,3,Principal Arterial,3,Urban,Freeway/Prin. Art.,7,St Clair,100-199,200-499,500-999,MD,1,1,147.605405405405,64.6243902439024,0.000698995138493547,0.000216926612636417
7757,1,77-6636,2019,26807,26140,667,332,184,3,Principal Arterial,3,Urban,Freeway/Prin. Art.,7,St Clair,100-199,200-499,500-999,PM,1,1,68.1945945945946,38.1463414634146,0.000322940003194587,0.000128046958847885
7757,1,77-6636,2019,26807,26140,667,332,184,3,Principal Arterial,3,Urban,Freeway/Prin. Art.,7,St Clair,100-199,200-499,500-999,EV,1,1,31.8540540540541,13.0146341463415,0.000150846975176419,4.36866094892785e-05
7757,1,77-6636,2019,26807,26140,667,332,184,3,Principal Arterial,3,Urban,Freeway/Prin. Art.,7,St Clair,100-199,200-499,500-999,NT,1,1,33.6486486486487,41.2878048780488,0.000159345396313119,0.000138592002517711
7761,1,77-5628,2018,15037,14493,543,195,299,3,Principal Arterial,4,Suburban,Freeway/Prin. Art.,7,St Clair,200-499,100-199,200-499,AM,1,1,45.0977198697068,48.1103723404255,0.000213563228660151,0.000161493517619224
7761,1,77-5628,2018,15037,14493,543,195,299,3,Principal Arterial,4,Suburban,Freeway/Prin. Art.,7,St Clair,200-499,100-199,200-499,MD,1,1,81.3029315960912,147.511968085106,0.000385015398147878,0.000495157810220928
7761,1,77-5628,2018,15037,14493,543,195,299,3,Principal Arterial,4,Suburban,Freeway/Prin. Art.,7,St Clair,200-499,100-199,200-499,PM,1,1,39.3811074918567,56.4601063829787,0.000186491833477879,0.000189521318197768
7761,1,77-5628,2018,15037,14493,543,195,299,3,Principal Arterial,4,Suburban,Freeway/Prin. Art.,7,St Clair,200-499,100-199,200-499,EV,1,1,13.9739413680782,16.3018617021277,6.61745215566666e-05,5.47209439866794e-05
7761,1,77-5628,2018,15037,14493,543,195,299,3,Principal Arterial,4,Suburban,Freeway/Prin. Art.,7,St Clair,200-499,100-199,200-499,NT,1,1,15.2442996742671,30.6156914893617,7.21903871527272e-05,0.000102768602121325
7766,0,47-5007,2019,8237,8165,72,62,8,4,Minor Arterial,5,Rural,Other Road,8,Livingston,0-99,0-99,0-99,AM,1,1,21.1008403361345,1.14285714285714,9.99244219585091e-05,3.83626255956397e-06
7766,0,47-5007,2019,8237,8165,72,62,8,4,Minor Arterial,5,Rural,Other Road,8,Livingston,0-99,0-99,0-99,MD,1,1,19.7983193277311,2.57142857142857,9.37562477635394e-05,8.63159075901893e-06
7766,0,47-5007,2019,8237,8165,72,62,8,4,Minor Arterial,5,Rural,Other Road,8,Livingston,0-99,0-99,0-99,PM,1,1,17.453781512605,4.28571428571429,8.2653534212594e-05,1.43859845983649e-05
7766,0,47-5007,2019,8237,8165,72,62,8,4,Minor Arterial,5,Rural,Other Road,8,Livingston,0-99,0-99,0-99,EV,1,1,1.82352941176471,0,8.63544387295758e-06,0
7766,0,47-5007,2019,8237,8165,72,62,8,4,Minor Arterial,5,Rural,Other Road,8,Livingston,0-99,0-99,0-99,NT,1,1,1.82352941176471,0,8.63544387295758e-06,0
7790,0,47-5008,2018,1271,1250,20,19,3,5,Major Collector,5,Rural,Other Road,8,Livingston,0-99,0-99,0-99,AM,1,1,3.48247978436658,0.287671232876712,1.64915128445909e-05,9.65634582629972e-07
7790,0,47-5008,2018,1271,1250,20,19,3,5,Major Collector,5,Rural,Other Road,8,Livingston,0-99,0-99,0-99,MD,1,1,8.3733153638814,1.70547945205479,3.96523875013326e-05,5.72483359702055e-06
7790,0,47-5008,2018,1271,1250,20,19,3,5,Major Collector,5,Rural,Other Road,8,Livingston,0-99,0-99,0-99,PM,1,1,5.99191374663073,0.76027397260274,2.8375102982605e-05,2.5520342540935e-06
7790,0,47-5008,2018,1271,1250,20,19,3,5,Major Collector,5,Rural,Other Road,8,Livingston,0-99,0-99,0-99,EV,1,1,0.537735849056604,0.205479452054795,2.54648360100301e-06,6.89738987592837e-07
7790,0,47-5008,2018,1271,1250,20,19,3,5,Major Collector,5,Rural,Other Road,8,Livingston,0-99,0-99,0-99,NT,1,1,0.61455525606469,0.0410958904109589,2.91026697257487e-06,1.37947797518567e-07
7856,0,47-5093,2018,2521,2493,27,24,6,5,Major Collector,5,Rural,Other Road,8,Livingston,0-99,0-99,0-99,AM,1,1,4.04347826086957,0.875,1.91481581530798e-05,2.93713852216617e-06
7856,0,47-5093,2018,2521,2493,27,24,6,5,Major Collector,5,Rural,Other Road,8,Livingston,0-99,0-99,0-99,MD,1,1,10.9565217391304,2,5.18853317696357e-05,6.71345947923695e-06
7856,0,47-5093,2018,2521,2493,27,24,6,5,Major Collector,5,Rural,Other Road,8,Livingston,0-99,0-99,0-99,PM,1,1,7.04347826086957,2.125,3.3354856137623e-05,7.13305069668926e-06
7856,0,47-5093,2018,2521,2493,27,24,6,5,Major Collector,5,Rural,Other Road,8,Livingston,0-99,0-99,0-99,EV,1,1,0.782608695652174,0.625,3.70609512640255e-06,2.09795608726155e-06
7856,0,47-5093,2018,2521,2493,27,24,6,5,Major Collector,5,Rural,Other Road,8,Livingston,0-99,0-99,0-99,NT,1,1,1.17391304347826,0.375,5.55914268960383e-06,1.25877365235693e-06
7886,1,47-5142,2018,5633,5444,188,116,72,5,Major Collector,4,Suburban,Other Road,8,Livingston,0-99,100-199,100-199,AM,1,1,20.6782608695652,15.3913043478261,9.79232690065029e-05,5.1664449035867e-05
7886,1,47-5142,2018,5633,5444,188,116,72,5,Major Collector,4,Suburban,Other Road,8,Livingston,0-99,100-199,100-199,MD,1,1,53.2086956521739,29.4782608695652,0.000251973289760636,9.89505549331011e-05
7886,1,47-5142,2018,5633,5444,188,116,72,5,Major Collector,4,Suburban,Other Road,8,Livingston,0-99,100-199,100-199,PM,1,1,31.5217391304348,14.6086956521739,0.000149273275924547,4.90374431526873e-05
7886,1,47-5142,2018,5633,5444,188,116,72,5,Major Collector,4,Suburban,Other Road,8,Livingston,0-99,100-199,100-199,EV,1,1,4.53913043478261,4.43478260869565,2.14953517331348e-05,1.48863666713515e-05
7886,1,47-5142,2018,5633,5444,188,116,72,5,Major Collector,4,Suburban,Other Road,8,Livingston,0-99,100-199,100-199,NT,1,1,6.05217391304348,8.08695652173913,2.86604689775131e-05,2.71457274595233e-05
7887,0,47-5062,2019,4140,3975,165,103,45,5,Major Collector,5,Rural,Other Road,8,Livingston,0-99,100-199,100-199,AM,1,1,22.1960476787955,5.86956521739131,0.000105110848607722,1.97025441238476e-05
7887,0,47-5062,2019,4140,3975,165,103,45,5,Major Collector,5,Rural,Other Road,8,Livingston,0-99,100-199,100-199,MD,1,1,38.0595984943538,22.463768115942,0.000180233740407419,7.54047984986759e-05
7887,0,47-5062,2019,4140,3975,165,103,45,5,Major Collector,5,Rural,Other Road,8,Livingston,0-99,100-199,100-199,PM,1,1,30.2085947302384,11.3405797101449,0.000143054793956652,3.80672611775573e-05
7887,0,47-5062,2019,4140,3975,165,103,45,5,Major Collector,5,Rural,Other Road,8,Livingston,0-99,100-199,100-199,EV,1,1,5.26631116687578,2.64492753623188,2.49389640801437e-05,8.87830692000539e-06
7887,0,47-5062,2019,4140,3975,165,103,45,5,Major Collector,5,Rural,Other Road,8,Livingston,0-99,100-199,100-199,NT,1,1,7.26944792973651,2.68115942028986,3.44249504173763e-05,8.99992756274519e-06
7890,0,47-5000,2018,9330,9079,251,149,83,4,Minor Arterial,4,Suburban,Other Road,8,Livingston,0-99,100-199,200-499,AM,1,1,24.8333333333333,10.8538461538462,0.000117599888872051,3.6433428173859e-05
7890,0,47-5000,2018,9330,9079,251,149,83,4,Minor Arterial,4,Suburban,Other Road,8,Livingston,0-99,100-199,200-499,MD,1,1,58.6489361702128,37.0307692307692,0.000277735907761653,0.000124302284357872
7890,0,47-5000,2018,9330,9079,251,149,83,4,Minor Arterial,4,Suburban,Other Road,8,Livingston,0-99,100-199,200-499,PM,1,1,44.3829787234043,17.2384615384615,0.000210178524792602,5.78648565114231e-05
7890,0,47-5000,2018,9330,9079,251,149,83,4,Minor Arterial,4,Suburban,Other Road,8,Livingston,0-99,100-199,200-499,EV,1,1,14.7943262411348,10.8538461538462,7.00595082642008e-05,3.6433428173859e-05
7890,0,47-5000,2018,9330,9079,251,149,83,4,Minor Arterial,4,Suburban,Other Road,8,Livingston,0-99,100-199,200-499,NT,1,1,6.34042553191489,7.02307692307692,3.00255035418003e-05,2.35745711713205e-05
7935,1,47-3600,2019,10744,10234,510,168,339,4,Minor Arterial,3,Urban,Other Road,8,Livingston,200-499,100-199,500-999,AM,1,1,38.6811989100818,41.0489795918367,0.000183177370198523,0.00013779033057691
7935,1,47-3600,2019,10744,10234,510,168,339,4,Minor Arterial,3,Urban,Other Road,8,Livingston,200-499,100-199,500-999,MD,1,1,67.0626702997275,127.528571428571,0.000317579700995073,0.000428078948365345
7935,1,47-3600,2019,10744,10234,510,168,339,4,Minor Arterial,3,Urban,Other Road,8,Livingston,200-499,100-199,500-999,PM,1,1,36.6212534059946,60.4204081632653,0.000173422362318128,0.000202814980961519
7935,1,47-3600,2019,10744,10234,510,168,339,4,Minor Arterial,3,Urban,Other Road,8,Livingston,200-499,100-199,500-999,EV,1,1,7.09536784741145,32.9775510204082,3.36005826991374e-05,0.00011069672624999
7935,1,47-3600,2019,10744,10234,510,168,339,4,Minor Arterial,3,Urban,Other Road,8,Livingston,200-499,100-199,500-999,NT,1,1,18.5395095367847,77.0244897959184,8.77950709235525e-05,0.000258550395576899
7942,0,47-5196,2019,3376,3349,27,20,6,5,Major Collector,3,Urban,Other Road,8,Livingston,0-99,0-99,0-99,AM,1,1,2.10526315789474,0.666666666666667,9.96961262073201e-06,2.23781982641232e-06
7942,0,47-5196,2019,3376,3349,27,20,6,5,Major Collector,3,Urban,Other Road,8,Livingston,0-99,0-99,0-99,MD,1,1,9.73684210526316,3,4.61094583708855e-05,1.00701892188554e-05
7942,0,47-5196,2019,3376,3349,27,20,6,5,Major Collector,3,Urban,Other Road,8,Livingston,0-99,0-99,0-99,PM,1,1,7.10526315789474,2,3.36474425949705e-05,6.71345947923695e-06
7942,0,47-5196,2019,3376,3349,27,20,6,5,Major Collector,3,Urban,Other Road,8,Livingston,0-99,0-99,0-99,EV,1,1,0,0.333333333333333,0,1.11890991320616e-06
7942,0,47-5196,2019,3376,3349,27,20,6,5,Major Collector,3,Urban,Other Road,8,Livingston,0-99,0-99,0-99,NT,1,1,1.05263157894737,0,4.984806310366e-06,0
7958,0,47-5202,2019,1789,1775,14,10,4,5,Major Collector,3,Urban,Other Road,8,Livingston,0-99,0-99,0-99,AM,1,1,5,0.571428571428571,2.36778299742385e-05,1.91813127978199e-06
7958,0,47-5202,2019,1789,1775,14,10,4,5,Major Collector,3,Urban,Other Road,8,Livingston,0-99,0-99,0-99,MD,1,1,2.5,1.42857142857143,1.18389149871193e-05,4.79532819945496e-06
7958,0,47-5202,2019,1789,1775,14,10,4,5,Major Collector,3,Urban,Other Road,8,Livingston,0-99,0-99,0-99,PM,1,1,1.38888888888889,2,6.57717499284403e-06,6.71345947923695e-06
7958,0,47-5202,2019,1789,1775,14,10,4,5,Major Collector,3,Urban,Other Road,8,Livingston,0-99,0-99,0-99,EV,1,1,0,0,0,0
7958,0,47-5202,2019,1789,1775,14,10,4,5,Major Collector,3,Urban,Other Road,8,Livingston,0-99,0-99,0-99,NT,1,1,1.11111111111111,0,5.26173999427523e-06,0
7960,1,77-6630,2018,8594,8312,281,119,163,3,Principal Arterial,4,Suburban,Freeway/Prin. Art.,7,St Clair,100-199,100-199,200-499,AM,1,1,20.1800699300699,21.9423076923077,9.55640529344879e-05,7.36543967866284e-05
7960,1,77-6630,2018,8594,8312,281,119,163,3,Principal Arterial,4,Suburban,Freeway/Prin. Art.,7,St Clair,100-199,100-199,200-499,MD,1,1,58.8758741258741,67.498717948718,0.000278810587427423,0.000226574953924581
7960,1,77-6630,2018,8594,8312,281,119,163,3,Principal Arterial,4,Suburban,Freeway/Prin. Art.,7,St Clair,100-199,100-199,200-499,PM,1,1,27.8776223776224,44.9294871794872,0.000132016320548674,0.000150816145801192
7960,1,77-6630,2018,8594,8312,281,119,163,3,Principal Arterial,4,Suburban,Freeway/Prin. Art.,7,St Clair,100-199,100-199,200-499,EV,1,1,4.36888111888112,12.9564102564103,2.06891248621056e-05,4.34911676263901e-05
7960,1,77-6630,2018,8594,8312,281,119,163,3,Principal Arterial,4,Suburban,Freeway/Prin. Art.,7,St Clair,100-199,100-199,200-499,NT,1,1,7.69755244755245,15.6730769230769,3.64522676141861e-05,5.26102834190203e-05
7981,1,77-0031,2018,7192,6733,458,161,278,4,Minor Arterial,5,Rural,Other Road,7,St Clair,200-499,100-199,200-499,AM,1,1,27.1508875739645,39.2722602739726,0.000128574819925199,0.000131826364003681
7981,1,77-0031,2018,7192,6733,458,161,278,4,Minor Arterial,5,Rural,Other Road,7,St Clair,200-499,100-199,200-499,MD,1,1,60.7322485207101,123.529109589041,0.000287601570885314,0.000414653835866124
7981,1,77-0031,2018,7192,6733,458,161,278,4,Minor Arterial,5,Rural,Other Road,7,St Clair,200-499,100-199,200-499,PM,1,1,46.9186390532544,59.027397260274,0.000222186311625125,0.000198139019835836
7981,1,77-0031,2018,7192,6733,458,161,278,4,Minor Arterial,5,Rural,Other Road,7,St Clair,200-499,100-199,200-499,EV,1,1,11.9082840236686,16.4229452054795,5.63924648794734e-05,5.51273885833575e-05
7981,1,77-0031,2018,7192,6733,458,161,278,4,Minor Arterial,5,Rural,Other Road,7,St Clair,200-499,100-199,200-499,NT,1,1,14.2899408284024,39.7482876712329,6.76709578553681e-05,0.000133424259324938
8021,1,47-5138,2018,7082,6868,213,133,73,4,Minor Arterial,4,Suburban,Other Road,8,Livingston,0-99,100-199,200-499,AM,1,1,32.622641509434,11.9131944444444,0.000154486671794183,3.99893740855243e-05
8021,1,47-5138,2018,7082,6868,213,133,73,4,Minor Arterial,4,Suburban,Other Road,8,Livingston,0-99,100-199,200-499,MD,1,1,55.9603773584906,33.9652777777778,0.000265004060077713,0.000114012258031069
8021,1,47-5138,2018,7082,6868,213,133,73,4,Minor Arterial,4,Suburban,Other Road,8,Livingston,0-99,100-199,200-499,PM,1,1,28.6075471698113,21.0381944444444,0.00013547292757336,7.06195329595428e-05
8021,1,47-5138,2018,7082,6868,213,133,73,4,Minor Arterial,4,Suburban,Other Road,8,Livingston,0-99,100-199,200-499,EV,1,1,8.2811320754717,2.78819444444444,3.92158474554464e-05,9.35921521150568e-06
8021,1,47-5138,2018,7082,6868,213,133,73,4,Minor Arterial,4,Suburban,Other Road,8,Livingston,0-99,100-199,200-499,NT,1,1,7.52830188679245,3.29513888888889,3.56507704140422e-05,1.10608907045067e-05
8123,1,47-5149,2018,4680,4526,153,80,63,4,Minor Arterial,5,Rural,Other Road,8,Livingston,0-99,0-99,100-199,AM,1,1,12.2739018087855,9.48278622898319,5.81238720297845e-05,3.18311505492724e-05
8123,1,47-5149,2018,4680,4526,153,80,63,4,Minor Arterial,5,Rural,Other Road,8,Livingston,0-99,0-99,100-199,MD,1,1,45.8397932816537,33.5428342674139,0.000217077366275448,0.000112594229336522
8123,1,47-5149,2018,4680,4526,153,80,63,4,Minor Arterial,5,Rural,Other Road,8,Livingston,0-99,0-99,100-199,PM,1,1,17.390180878553,15.8382706164932,8.23523492127262e-05,5.31647940025081e-05
8123,1,47-5149,2018,4680,4526,153,80,63,4,Minor Arterial,5,Rural,Other Road,8,Livingston,0-99,0-99,100-199,EV,1,1,2.29974160206718,1.91673338670937,1.08905781276859e-05,6.43395596208697e-06
8123,1,47-5149,2018,4680,4526,153,80,63,4,Minor Arterial,5,Rural,Other Road,8,Livingston,0-99,0-99,100-199,NT,1,1,2.19638242894057,2.21937550040032,1.0401113942172e-05,7.44984374557439e-06
8138,0,47-5095,2018,8977,8734,243,144,81,4,Minor Arterial,5,Rural,Other Road,8,Livingston,0-99,100-199,200-499,AM,1,1,25.5094339622642,13.4241573033708,0.000120801608019511,4.50612680495413e-05
8138,0,47-5095,2018,8977,8734,243,144,81,4,Minor Arterial,5,Rural,Other Road,8,Livingston,0-99,100-199,200-499,MD,1,1,71.8490566037736,43.1393258426966,0.000340245949214718,0.000144807058003272
8138,0,47-5095,2018,8977,8734,243,144,81,4,Minor Arterial,5,Rural,Other Road,8,Livingston,0-99,100-199,200-499,PM,1,1,30.4905660377359,20.8870786516854,0.00014439008769196,7.01122780838625e-05
8138,0,47-5095,2018,8977,8734,243,144,81,4,Minor Arterial,5,Rural,Other Road,8,Livingston,0-99,100-199,200-499,EV,1,1,7.84905660377359,1.22865168539326,3.7169725544465e-05,4.12425165199191e-06
8138,0,47-5095,2018,8977,8734,243,144,81,4,Minor Arterial,5,Rural,Other Road,8,Livingston,0-99,100-199,200-499,NT,1,1,8.30188679245283,2.32078651685393,3.93141327874149e-05,7.79025312042917e-06
8151,1,47-5131,2018,11933,10705,1227,380,786,5,Major Collector,4,Suburban,Other Road,8,Livingston,500-999,200-499,1000-1999,AM,1,1,70.1846965699209,111.63915547025,0.000332364262435222,0.000374742473272877
8151,1,47-5131,2018,11933,10705,1227,380,786,5,Major Collector,4,Suburban,Other Road,8,Livingston,500-999,200-499,1000-1999,MD,1,1,194.76253298153,275.326295585413,0.000922310828257739,0.000924195964490541
8151,1,47-5131,2018,11933,10705,1227,380,786,5,Major Collector,4,Suburban,Other Road,8,Livingston,500-999,200-499,1000-1999,PM,1,1,68.4300791556728,123.20537428023,0.000324055155874341,0.000413567143927274
8151,1,47-5131,2018,11933,10705,1227,380,786,5,Major Collector,4,Suburban,Other Road,8,Livingston,500-999,200-499,1000-1999,EV,1,1,12.532981530343,84.7351247600768,5.93507611491467e-05,0.000284432913272431
8151,1,47-5131,2018,11933,10705,1227,380,786,5,Major Collector,4,Suburban,Other Road,8,Livingston,500-999,200-499,1000-1999,NT,1,1,34.089709762533,191.094049904031,0.000161434070325679,0.000641451080376997
8188,1,77-6469,2019,12884,11269,1615,257,1342,1,Interstate Freeway,5,Rural,Interstate,7,St Clair,1000-1999,200-499,1000-1999,AM,1,1,42.2101124822452,187.257170251732,0.000199888773309617,0.000628571712340787
8188,1,77-6469,2019,12884,11269,1615,257,1342,1,Interstate Freeway,5,Rural,Interstate,7,St Clair,1000-1999,200-499,1000-1999,MD,1,1,104.591103944212,505.34664564998,0.000495298075201791,0.00169631211426972
8188,1,77-6469,2019,12884,11269,1615,257,1342,1,Interstate Freeway,5,Rural,Interstate,7,St Clair,1000-1999,200-499,1000-1999,PM,1,1,63.9165556307658,267.296225253059,0.000302681067352846,0.000897241188594701
8188,1,77-6469,2019,12884,11269,1615,257,1342,1,Interstate Freeway,5,Rural,Interstate,7,St Clair,1000-1999,200-499,1000-1999,EV,1,1,18.6749947427802,144.147670585333,8.84366700578697e-05,0.000483864772750515
8188,1,77-6469,2019,12884,11269,1615,257,1342,1,Interstate Freeway,5,Rural,Interstate,7,St Clair,1000-1999,200-499,1000-1999,NT,1,1,27.6072331999971,237.952288259897,0.000130735874753737,0.000798741522612264
8237,1,77-6469,2019,12884,11269,1615,257,1342,1,Interstate Freeway,5,Rural,Interstate,7,St Clair,1000-1999,200-499,1000-1999,AM,1,1,42.2101124822452,187.257170251732,0.000199888773309617,0.000628571712340787
8237,1,77-6469,2019,12884,11269,1615,257,1342,1,Interstate Freeway,5,Rural,Interstate,7,St Clair,1000-1999,200-499,1000-1999,MD,1,1,104.591103944212,505.34664564998,0.000495298075201791,0.00169631211426972
8237,1,77-6469,2019,12884,11269,1615,257,1342,1,Interstate Freeway,5,Rural,Interstate,7,St Clair,1000-1999,200-499,1000-1999,PM,1,1,63.9165556307658,267.296225253059,0.000302681067352846,0.000897241188594701
8237,1,77-6469,2019,12884,11269,1615,257,1342,1,Interstate Freeway,5,Rural,Interstate,7,St Clair,1000-1999,200-499,1000-1999,EV,1,1,18.6749947427802,144.147670585333,8.84366700578697e-05,0.000483864772750515
8237,1,77-6469,2019,12884,11269,1615,257,1342,1,Interstate Freeway,5,Rural,Interstate,7,St Clair,1000-1999,200-499,1000-1999,NT,1,1,27.6072331999971,237.952288259897,0.000130735874753737,0.000798741522612264
8258,0,77-0046,2019,795,782,13,5,8,6,Minor Collector,5,Rural,Other Road,7,St Clair,0-99,0-99,0-99,AM,1,1,1.25,0,5.91945749355963e-06,0
8258,0,77-0046,2019,795,782,13,5,8,6,Minor Collector,5,Rural,Other Road,7,St Clair,0-99,0-99,0-99,MD,1,1,2.5,5.53846153846154,1.18389149871193e-05,1.85911185578869e-05
8258,0,77-0046,2019,795,782,13,5,8,6,Minor Collector,5,Rural,Other Road,7,St Clair,0-99,0-99,0-99,PM,1,1,1.25,1.84615384615385,5.91945749355963e-06,6.19703951929565e-06
8258,0,77-0046,2019,795,782,13,5,8,6,Minor Collector,5,Rural,Other Road,7,St Clair,0-99,0-99,0-99,EV,1,1,0,0.615384615384615,0,2.06567983976522e-06
8258,0,77-0046,2019,795,782,13,5,8,6,Minor Collector,5,Rural,Other Road,7,St Clair,0-99,0-99,0-99,NT,1,1,0,0,0,0
8260,0,77-5201,2018,1600,1531,68,12,7,5,Major Collector,4,Suburban,Other Road,7,St Clair,0-99,0-99,0-99,AM,1,1,4.57142857142857,0.636363636363636,2.16483016907324e-05,2.13610074339357e-06
8260,0,77-5201,2018,1600,1531,68,12,7,5,Major Collector,4,Suburban,Other Road,7,St Clair,0-99,0-99,0-99,MD,1,1,3.42857142857143,2.54545454545455,1.62362262680493e-05,8.5444029735743e-06
8260,0,77-5201,2018,1600,1531,68,12,7,5,Major Collector,4,Suburban,Other Road,7,St Clair,0-99,0-99,0-99,PM,1,1,4,0.954545454545455,1.89422639793908e-05,3.20415111509036e-06
8260,0,77-5201,2018,1600,1531,68,12,7,5,Major Collector,4,Suburban,Other Road,7,St Clair,0-99,0-99,0-99,EV,1,1,0,2.22727272727273,0,7.47635260187751e-06
8260,0,77-5201,2018,1600,1531,68,12,7,5,Major Collector,4,Suburban,Other Road,7,St Clair,0-99,0-99,0-99,NT,1,1,0,0.636363636363636,0,2.13610074339357e-06
8385,1,77-6791,2019,5982,5809,173,79,88,3,Principal Arterial,3,Urban,Freeway/Prin. Art.,7,St Clair,0-99,0-99,100-199,AM,1,1,14.8692528735632,12.0516795865633,7.04143282768375e-05,4.04542312805699e-05
8385,1,77-6791,2019,5982,5809,173,79,88,3,Principal Arterial,3,Urban,Freeway/Prin. Art.,7,St Clair,0-99,0-99,100-199,MD,1,1,31.6681034482759,36.1550387596899,0.000149966393810975,0.00012136269384171
8385,1,77-6791,2019,5982,5809,173,79,88,3,Principal Arterial,3,Urban,Freeway/Prin. Art.,7,St Clair,0-99,0-99,100-199,PM,1,1,23.2686781609195,20.1240310077519,0.000110190361043906,6.75509333647253e-05
8385,1,77-6791,2019,5982,5809,173,79,88,3,Principal Arterial,3,Urban,Freeway/Prin. Art.,7,St Clair,0-99,0-99,100-199,EV,1,1,3.63218390804598,6.70801033591731,1.72004466019756e-05,2.25169777882418e-05
8385,1,77-6791,2019,5982,5809,173,79,88,3,Principal Arterial,3,Urban,Freeway/Prin. Art.,7,St Clair,0-99,0-99,100-199,NT,1,1,5.5617816091954,12.9612403100775,2.63381838592751e-05,4.3507380811179e-05
8387,1,77-6791,2019,5982,5809,173,79,88,3,Principal Arterial,3,Urban,Freeway/Prin. Art.,7,St Clair,0-99,0-99,100-199,AM,1,1,14.8692528735632,12.0516795865633,7.04143282768375e-05,4.04542312805699e-05
8387,1,77-6791,2019,5982,5809,173,79,88,3,Principal Arterial,3,Urban,Freeway/Prin. Art.,7,St Clair,0-99,0-99,100-199,MD,1,1,31.6681034482759,36.1550387596899,0.000149966393810975,0.00012136269384171
8387,1,77-6791,2019,5982,5809,173,79,88,3,Principal Arterial,3,Urban,Freeway/Prin. Art.,7,St Clair,0-99,0-99,100-199,PM,1,1,23.2686781609195,20.1240310077519,0.000110190361043906,6.75509333647253e-05
8387,1,77-6791,2019,5982,5809,173,79,88,3,Principal Arterial,3,Urban,Freeway/Prin. Art.,7,St Clair,0-99,0-99,100-199,EV,1,1,3.63218390804598,6.70801033591731,1.72004466019756e-05,2.25169777882418e-05
8387,1,77-6791,2019,5982,5809,173,79,88,3,Principal Arterial,3,Urban,Freeway/Prin. Art.,7,St Clair,0-99,0-99,100-199,NT,1,1,5.5617816091954,12.9612403100775,2.63381838592751e-05,4.3507380811179e-05
8399,1,77-6626,2018,6635,6437,197,93,75,3,Principal Arterial,3,Urban,Freeway/Prin. Art.,7,St Clair,0-99,0-99,100-199,AM,1,1,23.5756302521008,8.38509316770186,0.000111643952928952,2.81464916054965e-05
8399,1,77-6626,2018,6635,6437,197,93,75,3,Principal Arterial,3,Urban,Freeway/Prin. Art.,7,St Clair,0-99,0-99,100-199,MD,1,1,37.7731092436975,35.4037267080745,0.000178877051654121,0.000118840742334319
8399,1,77-6626,2018,6635,6437,197,93,75,3,Principal Arterial,3,Urban,Freeway/Prin. Art.,7,St Clair,0-99,0-99,100-199,PM,1,1,20.7100840336134,17.0031055900621,9.80739697000182e-05,5.70748302000346e-05
8399,1,77-6626,2018,6635,6437,197,93,75,3,Principal Arterial,3,Urban,Freeway/Prin. Art.,7,St Clair,0-99,0-99,100-199,EV,1,1,4.55882352941176,6.2888198757764,2.15886096823939e-05,2.11098687041224e-05
8399,1,77-6626,2018,6635,6437,197,93,75,3,Principal Arterial,3,Urban,Freeway/Prin. Art.,7,St Clair,0-99,0-99,100-199,NT,1,1,6.38235294117647,7.91925465838509,3.02240535553515e-05,2.65827976274134e-05
8443,1,58-0039,2019,4227,4005,222,82,139,4,Minor Arterial,5,Rural,Other Road,6,Monroe,100-199,0-99,200-499,AM,1,1,16.7037037037037,22.6575091575092,7.91014912472709e-05,7.60551348146889e-05
8443,1,58-0039,2019,4227,4005,222,82,139,4,Minor Arterial,5,Rural,Other Road,6,Monroe,100-199,0-99,200-499,MD,1,1,37.7098765432099,66.9542124542125,0.00017857760902793,0.000224747196137789
8443,1,58-0039,2019,4227,4005,222,82,139,4,Minor Arterial,5,Rural,Other Road,6,Monroe,100-199,0-99,200-499,PM,1,1,17.462962962963,25.7124542124542,8.26970135766923e-05,8.63097597335234e-05
8443,1,58-0039,2019,4227,4005,222,82,139,4,Minor Arterial,5,Rural,Other Road,6,Monroe,100-199,0-99,200-499,EV,1,1,3.03703703703704,3.56410256410256,1.43820893176856e-05,1.19637290719735e-05
8443,1,58-0039,2019,4227,4005,222,82,139,4,Minor Arterial,5,Rural,Other Road,6,Monroe,100-199,0-99,200-499,NT,1,1,7.08641975308642,20.1117216117216,3.35582084079331e-05,6.75096140489935e-05
8513,1,58-8369,2019,6552,5941,611,142,457,4,Minor Arterial,5,Rural,Other Road,6,Monroe,200-499,100-199,500-999,AM,1,1,24.695652173913,71.5697190426639,0.000116947890655369,0.000240240204366649
8513,1,58-8369,2019,6552,5941,611,142,457,4,Minor Arterial,5,Rural,Other Road,6,Monroe,200-499,100-199,500-999,MD,1,1,54.3779264214047,201.63163371488,0.000257510259231535,0.000676822901338598
8513,1,58-8369,2019,6552,5941,611,142,457,4,Minor Arterial,5,Rural,Other Road,6,Monroe,200-499,100-199,500-999,PM,1,1,41.3177257525084,113.180020811655,0.000195662817058022,0.000379914741789119
8513,1,58-8369,2019,6552,5941,611,142,457,4,Minor Arterial,5,Rural,Other Road,6,Monroe,200-499,100-199,500-999,EV,1,1,6.41137123745819,21.8751300728408,3.03614716124517e-05,7.34288996735271e-05
8513,1,58-8369,2019,6552,5941,611,142,457,4,Minor Arterial,5,Rural,Other Road,6,Monroe,200-499,100-199,500-999,NT,1,1,15.1973244147157,48.7434963579605,7.19679327109966e-05,0.000163618743837751
8723,1,58-5216,2019,1774,1566,208,52,156,5,Major Collector,4,Suburban,Other Road,6,Monroe,100-199,0-99,200-499,AM,1,1,10.1545064377682,28.9982788296041,4.80873353811574e-05,9.7339384945081e-05
8723,1,58-5216,2019,1774,1566,208,52,156,5,Major Collector,4,Suburban,Other Road,6,Monroe,100-199,0-99,200-499,MD,1,1,20.0858369098712,69.9449225473322,9.51178062484432e-05,0.000234786201649941
8723,1,58-5216,2019,1774,1566,208,52,156,5,Major Collector,4,Suburban,Other Road,6,Monroe,100-199,0-99,200-499,PM,1,1,12.4978540772532,30.2065404475043,5.91844127768091e-05,0.000101395192651126
8723,1,58-5216,2019,1774,1566,208,52,156,5,Major Collector,4,Suburban,Other Road,6,Monroe,100-199,0-99,200-499,EV,1,1,1.78540772532189,5.63855421686747,8.45491611097273e-06,1.89271026282102e-05
8723,1,58-5216,2019,1774,1566,208,52,156,5,Major Collector,4,Suburban,Other Road,6,Monroe,100-199,0-99,200-499,NT,1,1,7.47639484978541,21.2117039586919,3.54049612146983e-05,7.12019575061241e-05
8724,0,58-5212,2019,1296,1237,59,52,5,5,Major Collector,3,Urban,Other Road,6,Monroe,0-99,0-99,0-99,AM,1,1,20.3863636363636,1.42857142857143,9.65409703949634e-05,4.79532819945496e-06
8724,0,58-5212,2019,1296,1237,59,52,5,5,Major Collector,3,Urban,Other Road,6,Monroe,0-99,0-99,0-99,MD,1,1,6.64772727272727,1.96428571428571,3.14807512157489e-05,6.59357627425057e-06
8724,0,58-5212,2019,1296,1237,59,52,5,5,Major Collector,3,Urban,Other Road,6,Monroe,0-99,0-99,0-99,PM,1,1,23.7840909090909,1.60714285714286,0.000112631132127457,5.39474422438683e-06
8724,0,58-5212,2019,1296,1237,59,52,5,5,Major Collector,3,Urban,Other Road,6,Monroe,0-99,0-99,0-99,EV,1,1,0.295454545454545,0,1.39914449847773e-06,0
8724,0,58-5212,2019,1296,1237,59,52,5,5,Major Collector,3,Urban,Other Road,6,Monroe,0-99,0-99,0-99,NT,1,1,0.886363636363637,0,4.19743349543319e-06,0
8752,1,58-5192,2019,2453,2309,144,73,71,4,Minor Arterial,4,Suburban,Other Road,6,Monroe,0-99,0-99,100-199,AM,1,1,8.88212927756654,11.5135135135135,4.20619093686853e-05,3.864775321831e-05
8752,1,58-5192,2019,2453,2309,144,73,71,4,Minor Arterial,4,Suburban,Other Road,6,Monroe,0-99,0-99,100-199,MD,1,1,44.8269961977186,39.4577702702703,0.000212281198845084,0.00013244907092525
8752,1,58-5192,2019,2453,2309,144,73,71,4,Minor Arterial,4,Suburban,Other Road,6,Monroe,0-99,0-99,100-199,PM,1,1,13.7395437262357,16.3108108108108,6.50645160546851e-05,5.47509837259392e-05
8752,1,58-5192,2019,2453,2309,144,73,71,4,Minor Arterial,4,Suburban,Other Road,6,Monroe,0-99,0-99,100-199,EV,1,1,2.77566539923954,2.03885135135135,1.31443466777142e-05,6.8438729657424e-06
8752,1,58-5192,2019,2453,2309,144,73,71,4,Minor Arterial,4,Suburban,Other Road,6,Monroe,0-99,0-99,100-199,NT,1,1,2.77566539923954,1.67905405405405,1.31443466777142e-05,5.63613067767021e-06
8758,0,58-5209,2017,2600,2552,47,38,11,4,Minor Arterial,3,Urban,Other Road,6,Monroe,0-99,0-99,0-99,AM,1,1,15.3055555555556,1.73684210526316,7.24804684211413e-05,5.8301095477584e-06
8758,0,58-5209,2017,2600,2552,47,38,11,4,Minor Arterial,3,Urban,Other Road,6,Monroe,0-99,0-99,0-99,MD,1,1,10.8194444444444,6.07894736842105,5.1236193194255e-05,2.04053834171544e-05
8758,0,58-5209,2017,2600,2552,47,38,11,4,Minor Arterial,3,Urban,Other Road,6,Monroe,0-99,0-99,0-99,PM,1,1,9.76388888888889,2.02631578947368,4.62375401996936e-05,6.8017944723848e-06
8758,0,58-5209,2017,2600,2552,47,38,11,4,Minor Arterial,3,Urban,Other Road,6,Monroe,0-99,0-99,0-99,EV,1,1,0.527777777777778,0.578947368421053,2.49932649728073e-06,1.9433698492528e-06
8758,0,58-5209,2017,2600,2552,47,38,11,4,Minor Arterial,3,Urban,Other Road,6,Monroe,0-99,0-99,0-99,NT,1,1,1.58333333333333,0.578947368421053,7.4979794918422e-06,1.9433698492528e-06
8762,0,58-5189,2019,3758,3633,125,56,14,4,Minor Arterial,3,Urban,Other Road,6,Monroe,0-99,0-99,0-99,AM,1,1,8,4,3.78845279587816e-05,1.34269189584739e-05
8762,0,58-5189,2019,3758,3633,125,56,14,4,Minor Arterial,3,Urban,Other Road,6,Monroe,0-99,0-99,0-99,MD,1,1,32,8,0.000151538111835127,2.68538379169478e-05
8762,0,58-5189,2019,3758,3633,125,56,14,4,Minor Arterial,3,Urban,Other Road,6,Monroe,0-99,0-99,0-99,PM,1,1,12,1,5.68267919381725e-05,3.35672973961847e-06
8762,0,58-5189,2019,3758,3633,125,56,14,4,Minor Arterial,3,Urban,Other Road,6,Monroe,0-99,0-99,0-99,EV,1,1,1,0,4.7355659948477e-06,0
8762,0,58-5189,2019,3758,3633,125,56,14,4,Minor Arterial,3,Urban,Other Road,6,Monroe,0-99,0-99,0-99,NT,1,1,3,1,1.42066979845431e-05,3.35672973961847e-06
8763,1,58-5210,2019,5847,5470,377,183,176,4,Minor Arterial,3,Urban,Other Road,6,Monroe,100-199,100-199,200-499,AM,1,1,37.7455858747994,24.8252631578947,0.000178746712924304,8.33316991359601e-05
8763,1,58-5210,2019,5847,5470,377,183,176,4,Minor Arterial,3,Urban,Other Road,6,Monroe,100-199,100-199,200-499,MD,1,1,66.9727126805779,61.1368421052632,0.00031715370075285,0.000205219856081096
8763,1,58-5210,2019,5847,5470,377,183,176,4,Minor Arterial,3,Urban,Other Road,6,Monroe,100-199,100-199,200-499,PM,1,1,55.223113964687,72.6231578947369,0.000261512700620771,0.000243776313890271
8763,1,58-5210,2019,5847,5470,377,183,176,4,Minor Arterial,3,Urban,Other Road,6,Monroe,100-199,100-199,200-499,EV,1,1,17.6243980738363,14.08,8.34615001981184e-05,4.72627547338281e-05
8763,1,58-5210,2019,5847,5470,377,183,176,4,Minor Arterial,3,Urban,Other Road,6,Monroe,100-199,100-199,200-499,NT,1,1,5.43418940609952,3.33473684210526,2.57339625610865e-05,1.11938103316961e-05
8897,1,77-5272,2018,3407,2891,515,83,321,5,Major Collector,4,Suburban,Other Road,7,St Clair,200-499,0-99,200-499,AM,1,1,11.93125,59.04943273906,5.65012217760267e-05,0.000198212986982803
8897,1,77-5272,2018,3407,2891,515,83,321,5,Major Collector,4,Suburban,Other Road,7,St Clair,200-499,0-99,200-499,MD,1,1,37.86875,164.141815235008,0.000179329964767389,0.000550979712714312
8897,1,77-5272,2018,3407,2891,515,83,321,5,Major Collector,4,Suburban,Other Road,7,St Clair,200-499,0-99,200-499,PM,1,1,20.490625,56.7082658022691,9.70347069631762e-05,0.000190354322300666
8897,1,77-5272,2018,3407,2891,515,83,321,5,Major Collector,4,Suburban,Other Road,7,St Clair,200-499,0-99,200-499,EV,1,1,5.446875,14.307131280389,2.57940360281861e-05,4.80251730575074e-05
8897,1,77-5272,2018,3407,2891,515,83,321,5,Major Collector,4,Suburban,Other Road,7,St Clair,200-499,0-99,200-499,NT,1,1,7.2625,26.7933549432739,3.43920480375815e-05,8.99380513622412e-05
8961,1,58-5201,2019,10169,9773,396,153,238,4,Minor Arterial,3,Urban,Other Road,6,Monroe,200-499,100-199,200-499,AM,1,1,33.8316831683168,41.294776119403,0.000160212168360343,0.000138615403090887
8961,1,58-5201,2019,10169,9773,396,153,238,4,Minor Arterial,3,Urban,Other Road,6,Monroe,200-499,100-199,200-499,MD,1,1,65.769801980198,79.3333333333333,0.000311457237745293,0.000266300559343066
8961,1,58-5201,2019,10169,9773,396,153,238,4,Minor Arterial,3,Urban,Other Road,6,Monroe,200-499,100-199,200-499,PM,1,1,38.3762376237624,85.4017412935323,0.000181733205901284,0.000286670564815203
8961,1,58-5201,2019,10169,9773,396,153,238,4,Minor Arterial,3,Urban,Other Road,6,Monroe,200-499,100-199,200-499,EV,1,1,7.4480198019802,14.3569651741294,3.52705893032098e-05,4.81924519706667e-05
8961,1,58-5201,2019,10169,9773,396,153,238,4,Minor Arterial,3,Urban,Other Road,6,Monroe,200-499,100-199,200-499,NT,1,1,7.57425742574257,17.613184079602,3.58683959015692e-05,5.91226988093746e-05
8976,1,58-0025,2019,8876,8423,453,191,256,4,Minor Arterial,5,Rural,Other Road,6,Monroe,200-499,100-199,200-499,AM,1,1,34.240243902439,40.3351548269581,0.000162146934679682,0.000135394213759766
8976,1,58-0025,2019,8876,8423,453,191,256,4,Minor Arterial,5,Rural,Other Road,6,Monroe,200-499,100-199,200-499,MD,1,1,84.5524390243902,102.819672131148,0.000400403655025336,0.000345137851260444
8976,1,58-0025,2019,8876,8423,453,191,256,4,Minor Arterial,5,Rural,Other Road,6,Monroe,200-499,100-199,200-499,PM,1,1,51.0109756097561,56.1894353369763,0.000241565841461567,0.000188612748647998
8976,1,58-0025,2019,8876,8423,453,191,256,4,Minor Arterial,5,Rural,Other Road,6,Monroe,200-499,100-199,200-499,EV,1,1,6.05609756097561,18.6520947176685,2.86790496712362e-05,6.26100410449785e-05
8976,1,58-0025,2019,8876,8423,453,191,256,4,Minor Arterial,5,Rural,Other Road,6,Monroe,200-499,100-199,200-499,NT,1,1,15.140243902439,38.0036429872496,7.16976241780906e-05,0.000127567958629144
8982,0,77-5266,2019,1358,1331,27,23,4,5,Major Collector,4,Suburban,Other Road,7,St Clair,0-99,0-99,0-99,AM,1,1,6.82417582417583,1.64705882352941,3.23163349758288e-05,5.52873133584219e-06
8982,0,77-5266,2019,1358,1331,27,23,4,5,Major Collector,4,Suburban,Other Road,7,St Clair,0-99,0-99,0-99,MD,1,1,6.82417582417583,0.941176470588235,3.23163349758288e-05,3.15927504905268e-06
8982,0,77-5266,2019,1358,1331,27,23,4,5,Major Collector,4,Suburban,Other Road,7,St Clair,0-99,0-99,0-99,PM,1,1,7.70879120879121,1.17647058823529,3.65054895097326e-05,3.94909381131585e-06
8982,0,77-5266,2019,1358,1331,27,23,4,5,Major Collector,4,Suburban,Other Road,7,St Clair,0-99,0-99,0-99,EV,1,1,0.126373626373626,0.235294117647059,5.98450647700534e-07,7.8981876226317e-07
8982,0,77-5266,2019,1358,1331,27,23,4,5,Major Collector,4,Suburban,Other Road,7,St Clair,0-99,0-99,0-99,NT,1,1,1.51648351648352,0,7.18140777240641e-06,0
9133,0,58-5199,2019,429,396.5,54,10,22,5,Major Collector,5,Rural,Other Road,6,Monroe,0-99,0-99,0-99,AM,1,1,1.72413793103448,6.28571428571429,8.16476895663397e-06,2.10994440776018e-05
9133,0,58-5199,2019,429,396.5,54,10,22,5,Major Collector,5,Rural,Other Road,6,Monroe,0-99,0-99,0-99,MD,1,1,3.44827586206897,12.1428571428571,1.63295379132679e-05,4.07602896953672e-05
9133,0,58-5199,2019,429,396.5,54,10,22,5,Major Collector,5,Rural,Other Road,6,Monroe,0-99,0-99,0-99,PM,1,1,3.10344827586207,1.85714285714286,1.46965841219412e-05,6.23392665929145e-06
9133,0,58-5199,2019,429,396.5,54,10,22,5,Major Collector,5,Rural,Other Road,6,Monroe,0-99,0-99,0-99,EV,1,1,1.37931034482759,0.285714285714286,6.53181516530718e-06,9.59065639890993e-07
9133,0,58-5199,2019,429,396.5,54,10,22,5,Major Collector,5,Rural,Other Road,6,Monroe,0-99,0-99,0-99,NT,1,1,0.344827586206897,1.42857142857143,1.63295379132679e-06,4.79532819945496e-06
9136,1,58-8689,2019,17421.5,12695.5,4726,590,4076,2,Other Freeway,5,Rural,Freeway/Prin. Art.,6,Monroe,2000+,500-999,2000+,AM,1,1,78.4487534626039,460.404211490044,0.000371499249235698,0.00154545250895422
9136,1,58-8689,2019,17421.5,12695.5,4726,590,4076,2,Other Freeway,5,Rural,Freeway/Prin. Art.,6,Monroe,2000+,500-999,2000+,MD,1,1,239.081915314602,1282.2047379263,0.00113218818814689,0.00430401477607692
9136,1,58-8689,2019,17421.5,12695.5,4726,590,4076,2,Other Freeway,5,Rural,Freeway/Prin. Art.,6,Monroe,2000+,500-999,2000+,PM,1,1,128.296398891967,808.622796978714,0.000607556063854214,0.00271432819075192
9136,1,58-8689,2019,17421.5,12695.5,4726,590,4076,2,Other Freeway,5,Rural,Freeway/Prin. Art.,6,Monroe,2000+,500-999,2000+,EV,1,1,53.816778789078,525.126688029297,0.000254852907585799,0.00176270837077529
9136,1,58-8689,2019,17421.5,12695.5,4726,590,4076,2,Other Freeway,5,Rural,Freeway/Prin. Art.,6,Monroe,2000+,500-999,2000+,NT,1,1,90.3561535417491,999.641565575647,0.000427887528137545,0.00335552657212654
9139,0,58-8729,2019,23115.3,18778.3,4112,574,3719,2,Other Freeway,5,Rural,Freeway/Prin. Art.,6,Monroe,2000+,500-999,2000+,AM,1,1,90.7059308354035,427.445752859471,0.000429543921595145,0.001434819870697
9139,0,58-8729,2019,23115.3,18778.3,4112,574,3719,2,Other Freeway,5,Rural,Freeway/Prin. Art.,6,Monroe,2000+,500-999,2000+,MD,1,1,222.770520531711,1213.58649105944,0.00105494450168449,0.00407368186613845
9139,0,58-8729,2019,23115.3,18778.3,4112,574,3719,2,Other Freeway,5,Rural,Freeway/Prin. Art.,6,Monroe,2000+,500-999,2000+,PM,1,1,135.258872569265,734.770190014144,0.000640527317440452,0.00246642494860559
9139,0,58-8729,2019,23115.3,18778.3,4112,574,3719,2,Other Freeway,5,Rural,Freeway/Prin. Art.,6,Monroe,2000+,500-999,2000+,EV,1,1,50.4905798343741,456.516520933783,0.000239101472923805,0.00153240258244559
9139,0,58-8729,2019,23115.3,18778.3,4112,574,3719,2,Other Freeway,5,Rural,Freeway/Prin. Art.,6,Monroe,2000+,500-999,2000+,NT,1,1,74.7740962292461,886.681045133163,0.000354097667398688,0.00297634863375448
9151,1,58-8689,2019,17421.5,12695.5,4726,590,4076,2,Other Freeway,5,Rural,Freeway/Prin. Art.,6,Monroe,2000+,500-999,2000+,AM,1,1,78.4487534626039,460.404211490044,0.000371499249235698,0.00154545250895422
9151,1,58-8689,2019,17421.5,12695.5,4726,590,4076,2,Other Freeway,5,Rural,Freeway/Prin. Art.,6,Monroe,2000+,500-999,2000+,MD,1,1,239.081915314602,1282.2047379263,0.00113218818814689,0.00430401477607692
9151,1,58-8689,2019,17421.5,12695.5,4726,590,4076,2,Other Freeway,5,Rural,Freeway/Prin. Art.,6,Monroe,2000+,500-999,2000+,PM,1,1,128.296398891967,808.622796978714,0.000607556063854214,0.00271432819075192
9151,1,58-8689,2019,17421.5,12695.5,4726,590,4076,2,Other Freeway,5,Rural,Freeway/Prin. Art.,6,Monroe,2000+,500-999,2000+,EV,1,1,53.816778789078,525.126688029297,0.000254852907585799,0.00176270837077529
9151,1,58-8689,2019,17421.5,12695.5,4726,590,4076,2,Other Freeway,5,Rural,Freeway/Prin. Art.,6,Monroe,2000+,500-999,2000+,NT,1,1,90.3561535417491,999.641565575647,0.000427887528137545,0.00335552657212654
9168,0,58-8729,2019,23115.3,18778.3,4112,574,3719,2,Other Freeway,5,Rural,Freeway/Prin. Art.,6,Monroe,2000+,500-999,2000+,AM,1,1,90.7059308354035,427.445752859471,0.000429543921595145,0.001434819870697
9168,0,58-8729,2019,23115.3,18778.3,4112,574,3719,2,Other Freeway,5,Rural,Freeway/Prin. Art.,6,Monroe,2000+,500-999,2000+,MD,1,1,222.770520531711,1213.58649105944,0.00105494450168449,0.00407368186613845
9168,0,58-8729,2019,23115.3,18778.3,4112,574,3719,2,Other Freeway,5,Rural,Freeway/Prin. Art.,6,Monroe,2000+,500-999,2000+,PM,1,1,135.258872569265,734.770190014144,0.000640527317440452,0.00246642494860559
9168,0,58-8729,2019,23115.3,18778.3,4112,574,3719,2,Other Freeway,5,Rural,Freeway/Prin. Art.,6,Monroe,2000+,500-999,2000+,EV,1,1,50.4905798343741,456.516520933783,0.000239101472923805,0.00153240258244559
9168,0,58-8729,2019,23115.3,18778.3,4112,574,3719,2,Other Freeway,5,Rural,Freeway/Prin. Art.,6,Monroe,2000+,500-999,2000+,NT,1,1,74.7740962292461,886.681045133163,0.000354097667398688,0.00297634863375448
9227,1,81-5011,2019,19923,19531,392,205,86,3,Principal Arterial,3,Urban,Freeway/Prin. Art.,5,Washtenaw,0-99,200-499,200-499,AM,1,1,31,10.5,0.000146802545840279,3.5245662265994e-05
9227,1,81-5011,2019,19923,19531,392,205,86,3,Principal Arterial,3,Urban,Freeway/Prin. Art.,5,Washtenaw,0-99,200-499,200-499,MD,1,1,105.5,37,0.000499602212456433,0.000124199000365884
9227,1,81-5011,2019,19923,19531,392,205,86,3,Principal Arterial,3,Urban,Freeway/Prin. Art.,5,Washtenaw,0-99,200-499,200-499,PM,1,1,38,11.5,0.000179951507804213,3.86023920056125e-05
9227,1,81-5011,2019,19923,19531,392,205,86,3,Principal Arterial,3,Urban,Freeway/Prin. Art.,5,Washtenaw,0-99,200-499,200-499,EV,1,1,8.5,9.5,4.02523109562055e-05,3.18889325263755e-05
9227,1,81-5011,2019,19923,19531,392,205,86,3,Principal Arterial,3,Urban,Freeway/Prin. Art.,5,Washtenaw,0-99,200-499,200-499,NT,1,1,22,17.5,0.00010418245188665,5.87427704433233e-05
9257,0,58-5031,2019,2049,2023,26,24,2,6,Minor Collector,5,Rural,Other Road,6,Monroe,0-99,0-99,0-99,AM,1,1,8,1,3.78845279587816e-05,3.35672973961847e-06
9257,0,58-5031,2019,2049,2023,26,24,2,6,Minor Collector,5,Rural,Other Road,6,Monroe,0-99,0-99,0-99,MD,1,1,9,1,4.26200939536293e-05,3.35672973961847e-06
9257,0,58-5031,2019,2049,2023,26,24,2,6,Minor Collector,5,Rural,Other Road,6,Monroe,0-99,0-99,0-99,PM,1,1,5.5,0,2.60456129716624e-05,0
9257,0,58-5031,2019,2049,2023,26,24,2,6,Minor Collector,5,Rural,Other Road,6,Monroe,0-99,0-99,0-99,EV,1,1,0.5,0,2.36778299742385e-06,0
9257,0,58-5031,2019,2049,2023,26,24,2,6,Minor Collector,5,Rural,Other Road,6,Monroe,0-99,0-99,0-99,NT,1,1,1,0,4.7355659948477e-06,0
9338,1,58-0270,2019,12065.5,9012.5,3053,333,2705,1,Interstate Freeway,5,Rural,Interstate,6,Monroe,2000+,200-499,2000+,AM,1,1,56.4237683089214,398.504464285714,0.000267198478504894,0.00133767178663859
9338,1,58-0270,2019,12065.5,9012.5,3053,333,2705,1,Interstate Freeway,5,Rural,Interstate,6,Monroe,2000+,200-499,2000+,MD,1,1,128.588548601864,934.053694298821,0.000608939558085809,0.00313536581405335
9338,1,58-0270,2019,12065.5,9012.5,3053,333,2705,1,Interstate Freeway,5,Rural,Interstate,6,Monroe,2000+,200-499,2000+,PM,1,1,76.4880159786951,486.137778505898,0.000362214047482076,0.00163183313866281
9338,1,58-0270,2019,12065.5,9012.5,3053,333,2705,1,Interstate Freeway,5,Rural,Interstate,6,Monroe,2000+,200-499,2000+,EV,1,1,25.939414114514,273.535591415465,0.000122837807406965,0.00091818505454842
9338,1,58-0270,2019,12065.5,9012.5,3053,333,2705,1,Interstate Freeway,5,Rural,Interstate,6,Monroe,2000+,200-499,2000+,NT,1,1,45.5602529960053,612.768471494102,0.000215753584804541,0.00205689815176481
9352,0,58-5203,2019,2616,2569,47,39,7,5,Major Collector,3,Urban,Other Road,6,Monroe,0-99,0-99,0-99,AM,1,1,9.75,1.66666666666667,4.61717684497651e-05,5.59454956603079e-06
9352,0,58-5203,2019,2616,2569,47,39,7,5,Major Collector,3,Urban,Other Road,6,Monroe,0-99,0-99,0-99,MD,1,1,13.5709459459459,2,6.42661101395379e-05,6.71345947923695e-06
9352,0,58-5203,2019,2616,2569,47,39,7,5,Major Collector,3,Urban,Other Road,6,Monroe,0-99,0-99,0-99,PM,1,1,11.5945945945946,1.83333333333333,5.49069678862072e-05,6.15400452263387e-06
9352,0,58-5203,2019,2616,2569,47,39,7,5,Major Collector,3,Urban,Other Road,6,Monroe,0-99,0-99,0-99,EV,1,1,1.71283783783784,1.5,8.11125661955333e-06,5.03509460942771e-06
9352,0,58-5203,2019,2616,2569,47,39,7,5,Major Collector,3,Urban,Other Road,6,Monroe,0-99,0-99,0-99,NT,1,1,2.37162162162162,0,1.12309707039969e-05,0
9384,1,58-6608,2018,17869,17422,446,215,125,4,Minor Arterial,3,Urban,Other Road,6,Monroe,100-199,200-499,200-499,AM,1,1,35.625,26.1194029850746,0.000168704538566449,8.76757767810795e-05
9384,1,58-6608,2018,17869,17422,446,215,125,4,Minor Arterial,3,Urban,Other Road,6,Monroe,100-199,200-499,200-499,MD,1,1,108.75,48.9738805970149,0.000514992801939688,0.000164392081464524
9384,1,58-6608,2018,17869,17422,446,215,125,4,Minor Arterial,3,Urban,Other Road,6,Monroe,100-199,200-499,200-499,PM,1,1,50,26.1194029850746,0.000236778299742385,8.76757767810795e-05
9384,1,58-6608,2018,17869,17422,446,215,125,4,Minor Arterial,3,Urban,Other Road,6,Monroe,100-199,200-499,200-499,EV,1,1,9.375,3.26492537313433,4.43959312016972e-05,1.09594720976349e-05
9384,1,58-6608,2018,17869,17422,446,215,125,4,Minor Arterial,3,Urban,Other Road,6,Monroe,100-199,200-499,200-499,NT,1,1,11.25,20.5223880597015,5.32751174420367e-05,6.88881103279911e-05
9386,1,58-6609,2018,18252,17736,515,228,134,4,Minor Arterial,3,Urban,Other Road,6,Monroe,100-199,200-499,200-499,AM,1,1,39.871921182266,26.7062937062937,0.000188816114099987,8.96458103189018e-05
9386,1,58-6609,2018,18252,17736,515,228,134,4,Minor Arterial,3,Urban,Other Road,6,Monroe,100-199,200-499,200-499,MD,1,1,112.87684729064,56.2237762237762,0.000534535759635174,0.000188728021724004
9386,1,58-6609,2018,18252,17736,515,228,134,4,Minor Arterial,3,Urban,Other Road,6,Monroe,100-199,200-499,200-499,PM,1,1,54.7536945812808,25.7692307692308,0.00025928973415139,8.65003432901684e-05
9386,1,58-6609,2018,18252,17736,515,228,134,4,Minor Arterial,3,Urban,Other Road,6,Monroe,100-199,200-499,200-499,EV,1,1,7.01970443349754,3.27972027972028,3.32422736091526e-05,1.10091346005669e-05
9386,1,58-6609,2018,18252,17736,515,228,134,4,Minor Arterial,3,Urban,Other Road,6,Monroe,100-199,200-499,200-499,NT,1,1,13.4778325123153,22.020979020979,6.3825165329573e-05,7.39184751752348e-05
9399,1,58-0225,2019,8634,8221,413,157,253,4,Minor Arterial,4,Suburban,Other Road,6,Monroe,200-499,100-199,200-499,AM,1,1,35.8993902439024,34.6311787072243,0.000170003931674792,0.000116247507484582
9399,1,58-0225,2019,8634,8221,413,157,253,4,Minor Arterial,4,Suburban,Other Road,6,Monroe,200-499,100-199,200-499,MD,1,1,72.9954268292683,131.309885931559,0.000345674661072077,0.000440771799212373
9399,1,58-0225,2019,8634,8221,413,157,253,4,Minor Arterial,4,Suburban,Other Road,6,Monroe,200-499,100-199,200-499,PM,1,1,28.9588414634146,52.1872623574145,0.000137136504884332,0.000175178535584405
9399,1,58-0225,2019,8634,8221,413,157,253,4,Minor Arterial,4,Suburban,Other Road,6,Monroe,200-499,100-199,200-499,EV,1,1,4.30792682926829,9.37927756653992,2.0400471800975e-05,3.1483699943741e-05
9399,1,58-0225,2019,8634,8221,413,157,253,4,Minor Arterial,4,Suburban,Other Road,6,Monroe,200-499,100-199,200-499,NT,1,1,14.8384146341463,25.4923954372624,7.0268291758914e-05,8.55710818983729e-05
9406,1,58-0019,2019,5999,5535,464,162,299,4,Minor Arterial,5,Rural,Other Road,6,Monroe,200-499,100-199,200-499,AM,1,1,39.5581395348837,45.9094488188976,0.000187330180400836,0.000154105612179886
9406,1,58-0019,2019,5999,5535,464,162,299,4,Minor Arterial,5,Rural,Other Road,6,Monroe,200-499,100-199,200-499,MD,1,1,59.1017441860465,129.488188976378,0.00027988021000363,0.000434656854866345
9406,1,58-0019,2019,5999,5535,464,162,299,4,Minor Arterial,5,Rural,Other Road,6,Monroe,200-499,100-199,200-499,PM,1,1,39.0872093023256,62.8606299212598,0.000185100059205588,0.000211006145907844
9406,1,58-0019,2019,5999,5535,464,162,299,4,Minor Arterial,5,Rural,Other Road,6,Monroe,200-499,100-199,200-499,EV,1,1,7.7703488372093,20.011811023622,3.67969997215928e-05,6.7174241206617e-05
9406,1,58-0019,2019,5999,5535,464,162,299,4,Minor Arterial,5,Rural,Other Road,6,Monroe,200-499,100-199,200-499,NT,1,1,16.4825581395349,40.7299212598425,7.80542418336817e-05,0.000136719337985232
9411,1,58-0072,2019,2564,2335,229,76,152,4,Minor Arterial,5,Rural,Other Road,6,Monroe,100-199,0-99,200-499,AM,1,1,20.2981366459627,19.9382716049383,9.61231656593931e-05,6.69273892528868e-05
9411,1,58-0072,2019,2564,2335,229,76,152,4,Minor Arterial,5,Rural,Other Road,6,Monroe,100-199,0-99,200-499,MD,1,1,32.3354037267081,72.7160493827161,0.00015312643831787,0.000244088125510529
9411,1,58-0072,2019,2564,2335,229,76,152,4,Minor Arterial,5,Rural,Other Road,6,Monroe,100-199,0-99,200-499,PM,1,1,13.4534161490683,37.2962962962963,6.37095400300629e-05,0.0001251935869554
9411,1,58-0072,2019,2564,2335,229,76,152,4,Minor Arterial,5,Rural,Other Road,6,Monroe,100-199,0-99,200-499,EV,1,1,1.88819875776398,9.14814814814815,8.94168982878076e-06,3.07078609513246e-05
9411,1,58-0072,2019,2564,2335,229,76,152,4,Minor Arterial,5,Rural,Other Road,6,Monroe,100-199,0-99,200-499,NT,1,1,8.02484472049689,12.9012345679012,3.80021817723182e-05,4.3305957751868e-05
9565,1,81-0130,2019,12437,11703,734,231,487,2,Other Freeway,4,Suburban,Freeway/Prin. Art.,5,Washtenaw,200-499,200-499,500-999,AM,1,1,47.3955637707948,79.9584063047286,0.000224444820099612,0.00026839876037558
9565,1,81-0130,2019,12437,11703,734,231,487,2,Other Freeway,4,Suburban,Freeway/Prin. Art.,5,Washtenaw,200-499,200-499,500-999,MD,1,1,102.903881700555,204.26707530648,0.000487308122918977,0.000685669366506147
9565,1,81-0130,2019,12437,11703,734,231,487,2,Other Freeway,4,Suburban,Freeway/Prin. Art.,5,Washtenaw,200-499,200-499,500-999,PM,1,1,43.9796672828096,77.6129597197899,0.000208268616849189,0.000260525730071229
9565,1,81-0130,2019,12437,11703,734,231,487,2,Other Freeway,4,Suburban,Freeway/Prin. Art.,5,Washtenaw,200-499,200-499,500-999,EV,1,1,9.39371534195933,29.8511383537653,4.44845589386618e-05,0.00010020220387355
9565,1,81-0130,2019,12437,11703,734,231,487,2,Other Freeway,4,Suburban,Freeway/Prin. Art.,5,Washtenaw,200-499,200-499,500-999,NT,1,1,27.3271719038817,95.3104203152364,0.00012940962600338,0.000319931322367691
9572,1,81-0003,2019,26779,21619,5160,931,4126,1,Interstate Freeway,5,Rural,Interstate,5,Washtenaw,2000+,500-999,2000+,AM,1,1,125.694558521561,462.268798516974,0.000595234877072097,0.00155171142367963
9572,1,81-0003,2019,26779,21619,5160,931,4126,1,Interstate Freeway,5,Rural,Interstate,5,Washtenaw,2000+,500-999,2000+,MD,1,1,344.345739219713,1366.96755879968,0.00163067197311957,0.00458854065771654
9572,1,81-0003,2019,26779,21619,5160,931,4126,1,Interstate Freeway,5,Rural,Interstate,5,Washtenaw,2000+,500-999,2000+,PM,1,1,188.541837782341,847.811493453829,0.000892852315608145,0.00284587405366682
9572,1,81-0003,2019,26779,21619,5160,931,4126,1,Interstate Freeway,5,Rural,Interstate,5,Washtenaw,2000+,500-999,2000+,EV,1,1,106.099589322382,535.887614413162,0.000502441607262379,0.00179882989239386
9572,1,81-0003,2019,26779,21619,5160,931,4126,1,Interstate Freeway,5,Rural,Interstate,5,Washtenaw,2000+,500-999,2000+,NT,1,1,166.318275154004,913.06453481636,0.000787611168141026,0.00306491087820898
9580,1,81-7691,2019,11685,11400,285,114,103,3,Principal Arterial,2,Urban Fringe,Freeway/Prin. Art.,5,Washtenaw,100-199,100-199,200-499,AM,1,1,22.5764705882353,53.0881057268723,0.000106912366401326,0.000178202423313402
9580,1,81-7691,2019,11685,11400,285,114,103,3,Principal Arterial,2,Urban Fringe,Freeway/Prin. Art.,5,Washtenaw,100-199,100-199,200-499,MD,1,1,40.9058823529412,22.0066079295154,0.000193712505459829,7.38702353051281e-05
9580,1,81-7691,2019,11685,11400,285,114,103,3,Principal Arterial,2,Urban Fringe,Freeway/Prin. Art.,5,Washtenaw,100-199,100-199,200-499,PM,1,1,29.2823529411765,20.1916299559471,0.000138668514837364,6.7777844764499e-05
9580,1,81-7691,2019,11685,11400,285,114,103,3,Principal Arterial,2,Urban Fringe,Freeway/Prin. Art.,5,Washtenaw,100-199,100-199,200-499,EV,1,1,14.7529411764706,3.62995594713656,6.98635265592826e-05,1.21847810812583e-05
9580,1,81-7691,2019,11685,11400,285,114,103,3,Principal Arterial,2,Urban Fringe,Freeway/Prin. Art.,5,Washtenaw,100-199,100-199,200-499,NT,1,1,6.48235294117647,4.08370044052863,3.06976101548363e-05,1.37078787164155e-05
9613,0,81-5048,2019,1061,1045,16,10,5,5,Major Collector,2,Urban Fringe,Other Road,5,Washtenaw,0-99,0-99,0-99,AM,1,1,1.05263157894737,1.42857142857143,4.984806310366e-06,4.79532819945496e-06
9613,0,81-5048,2019,1061,1045,16,10,5,5,Major Collector,2,Urban Fringe,Other Road,5,Washtenaw,0-99,0-99,0-99,MD,1,1,6.31578947368421,0.714285714285714,2.9908837862196e-05,2.39766409972748e-06
9613,0,81-5048,2019,1061,1045,16,10,5,5,Major Collector,2,Urban Fringe,Other Road,5,Washtenaw,0-99,0-99,0-99,PM,1,1,2.63157894736842,2.85714285714286,1.2462015775915e-05,9.59065639890992e-06
9613,0,81-5048,2019,1061,1045,16,10,5,5,Major Collector,2,Urban Fringe,Other Road,5,Washtenaw,0-99,0-99,0-99,EV,1,1,0,0,0,0
9613,0,81-5048,2019,1061,1045,16,10,5,5,Major Collector,2,Urban Fringe,Other Road,5,Washtenaw,0-99,0-99,0-99,NT,1,1,0,0,0,0
9632,1,81-5366,2019,4079,3871,208,75,84,4,Minor Arterial,2,Urban Fringe,Other Road,5,Washtenaw,0-99,0-99,100-199,AM,1,1,9.71260387811634,7.77949283351709,4.59946766466337e-05,2.61136549534156e-05
9632,1,81-5366,2019,4079,3871,208,75,84,4,Minor Arterial,2,Urban Fringe,Other Road,5,Washtenaw,0-99,0-99,100-199,MD,1,1,33.7603878116344,25.561190738699,0.000159874544493647,8.58020091326513e-05
9632,1,81-5366,2019,4079,3871,208,75,84,4,Minor Arterial,2,Urban Fringe,Other Road,5,Washtenaw,0-99,0-99,100-199,PM,1,1,21.3469529085873,44.593164277839,0.000101089904287521,0.000149687200715114
9632,1,81-5366,2019,4079,3871,208,75,84,4,Minor Arterial,2,Urban Fringe,Other Road,5,Washtenaw,0-99,0-99,100-199,EV,1,1,7.32340720221607,5.04740904079383,3.46804781132372e-05,1.69427880352518e-05
9632,1,81-5366,2019,4079,3871,208,75,84,4,Minor Arterial,2,Urban Fringe,Other Road,5,Washtenaw,0-99,0-99,100-199,NT,1,1,2.85664819944598,1.01874310915105,1.35278460725393e-05,3.41964529151871e-06
9647,0,81-5371,2019,3218,3180,38,30,5,5,Major Collector,3,Urban,Other Road,5,Washtenaw,0-99,0-99,0-99,AM,1,1,3.51659751037344,0.359477124183007,1.66530795876906e-05,1.20666755345762e-06
9647,0,81-5371,2019,3218,3180,38,30,5,5,Major Collector,3,Urban,Other Road,5,Washtenaw,0-99,0-99,0-99,MD,1,1,12.4170124481328,1.55228758169935,5.88015819069782e-05,5.21060988993064e-06
9647,0,81-5371,2019,3218,3180,38,30,5,5,Major Collector,3,Urban,Other Road,5,Washtenaw,0-99,0-99,0-99,PM,1,1,7.12655601659751,2.18954248366013,3.37482763325765e-05,7.34970237106006e-06
9647,0,81-5371,2019,3218,3180,38,30,5,5,Major Collector,3,Urban,Other Road,5,Washtenaw,0-99,0-99,0-99,EV,1,1,4.35684647302905,0.735294117647059,2.06321340024485e-05,2.46818363207241e-06
9647,0,81-5371,2019,3218,3180,38,30,5,5,Major Collector,3,Urban,Other Road,5,Washtenaw,0-99,0-99,0-99,NT,1,1,2.58298755186722,0.163398692810458,1.22319080157373e-05,5.48485251571646e-07
9691,1,81-5136,2019,12100,11919,181,108,70,4,Minor Arterial,4,Suburban,Other Road,5,Washtenaw,0-99,100-199,100-199,AM,1,1,20.6915887850467,14.7101449275362,9.79863842298394e-05,4.93779809523587e-05
9691,1,81-5136,2019,12100,11919,181,108,70,4,Minor Arterial,4,Suburban,Other Road,5,Washtenaw,0-99,100-199,100-199,MD,1,1,54.7570093457944,35.2536231884058,0.000259305431437502,0.000118336885385825
9691,1,81-5136,2019,12100,11919,181,108,70,4,Minor Arterial,4,Suburban,Other Road,5,Washtenaw,0-99,100-199,100-199,PM,1,1,18.9252336448598,11.9202898550725,8.96216928931458e-05,4.00131914613941e-05
9691,1,81-5136,2019,12100,11919,181,108,70,4,Minor Arterial,4,Suburban,Other Road,5,Washtenaw,0-99,100-199,100-199,EV,1,1,2.01869158878505,4.56521739130435,9.55964724193555e-06,1.53242009852148e-05
9691,1,81-5136,2019,12100,11919,181,108,70,4,Minor Arterial,4,Suburban,Other Road,5,Washtenaw,0-99,100-199,100-199,NT,1,1,11.607476635514,3.55072463768116,5.49679716411294e-05,1.19188229885004e-05
9740,1,81-7657,2018,19385,18833,551,251,130,3,Principal Arterial,2,Urban Fringe,Freeway/Prin. Art.,5,Washtenaw,100-199,200-499,200-499,AM,1,1,47.0625,26.3636363636364,0.00022286757463252,8.84956022263052e-05
9740,1,81-7657,2018,19385,18833,551,251,130,3,Principal Arterial,2,Urban Fringe,Freeway/Prin. Art.,5,Washtenaw,100-199,200-499,200-499,MD,1,1,109.8125,46.8181818181818,0.000520024340809214,0.000157155983263956
9740,1,81-7657,2018,19385,18833,551,251,130,3,Principal Arterial,2,Urban Fringe,Freeway/Prin. Art.,5,Washtenaw,100-199,200-499,200-499,PM,1,1,58.4224137931035,20.9090909090909,0.000276663196095542,7.01861672829317e-05
9740,1,81-7657,2018,19385,18833,551,251,130,3,Principal Arterial,2,Urban Fringe,Freeway/Prin. Art.,5,Washtenaw,100-199,200-499,200-499,EV,1,1,17.8512931034483,10.4545454545455,8.4535976584749e-05,3.50930836414659e-05
9740,1,81-7657,2018,19385,18833,551,251,130,3,Principal Arterial,2,Urban Fringe,Freeway/Prin. Art.,5,Washtenaw,100-199,200-499,200-499,NT,1,1,17.8512931034483,25.4545454545455,8.4535976584749e-05,8.5444029735743e-05
9741,1,81-0080,2019,5319,5085,234,74,159,4,Minor Arterial,5,Rural,Other Road,5,Washtenaw,100-199,0-99,200-499,AM,1,1,15.5204326923077,29.8397260273973,7.34980332830149e-05,0.000100163895778232
9741,1,81-0080,2019,5319,5085,234,74,159,4,Minor Arterial,5,Rural,Other Road,5,Washtenaw,100-199,0-99,200-499,MD,1,1,36.8221153846154,67.9198630136986,0.000174373557473743,0.000227988624088895
9741,1,81-0080,2019,5319,5085,234,74,159,4,Minor Arterial,5,Rural,Other Road,5,Washtenaw,100-199,0-99,200-499,PM,1,1,16.3653846153846,32.5986301369863,7.74993588772192e-05,0.000109424791251645
9741,1,81-0080,2019,5319,5085,234,74,159,4,Minor Arterial,5,Rural,Other Road,5,Washtenaw,100-199,0-99,200-499,EV,1,1,1.33413461538462,12.2335616438356,6.31788251716461e-06,4.10647601913189e-05
9741,1,81-0080,2019,5319,5085,234,74,159,4,Minor Arterial,5,Rural,Other Road,5,Washtenaw,100-199,0-99,200-499,NT,1,1,3.95793269230769,16.4082191780822,1.87430514675883e-05,5.50779572892467e-05
9776,0,81-5351,2017,4592,4505,86,56,37,4,Minor Arterial,3,Urban,Other Road,5,Washtenaw,0-99,0-99,0-99,AM,1,1,10.5321100917431,1.54166666666667,4.98755024044511e-05,5.17495834857848e-06
9776,0,81-5351,2017,4592,4505,86,56,37,4,Minor Arterial,3,Urban,Other Road,5,Washtenaw,0-99,0-99,0-99,MD,1,1,19.9082568807339,6.68055555555556,9.42768643010965e-05,2.24248195105067e-05
9776,0,81-5351,2017,4592,4505,86,56,37,4,Minor Arterial,3,Urban,Other Road,5,Washtenaw,0-99,0-99,0-99,PM,1,1,17.3394495412844,20.9409722222222,8.21121076170841e-05,7.02931842348577e-05
9776,0,81-5351,2017,4592,4505,86,56,37,4,Minor Arterial,3,Urban,Other Road,5,Washtenaw,0-99,0-99,0-99,EV,1,1,4.36697247706422,6.80902777777778,2.06800863628212e-05,2.2856066039555e-05
9776,0,81-5351,2017,4592,4505,86,56,37,4,Minor Arterial,3,Urban,Other Road,5,Washtenaw,0-99,0-99,0-99,NT,1,1,3.85321100917431,1.02777777777778,1.82471350260187e-05,3.44997223238565e-06
9792,1,81-0022,2019,10610,10141,469,184,274,4,Minor Arterial,5,Rural,Other Road,5,Washtenaw,200-499,100-199,200-499,AM,1,1,36.8970976253298,55.8148148148148,0.000174728640823088,0.000187355248800187
9792,1,81-0022,2019,10610,10141,469,184,274,4,Minor Arterial,5,Rural,Other Road,5,Washtenaw,200-499,100-199,200-499,MD,1,1,82.2902374670185,121.777777777778,0.000389690850256755,0.000408775088291316
9792,1,81-0022,2019,10610,10141,469,184,274,4,Minor Arterial,5,Rural,Other Road,5,Washtenaw,200-499,100-199,200-499,PM,1,1,44.179419525066,57.5061728395062,0.000209214556775013,0.000193032680582011
9792,1,81-0022,2019,10610,10141,469,184,274,4,Minor Arterial,5,Rural,Other Road,5,Washtenaw,200-499,100-199,200-499,EV,1,1,11.4089709762533,14.0141093474427,5.40279349913495e-05,4.70415776208261e-05
9792,1,81-0022,2019,10610,10141,469,184,274,4,Minor Arterial,5,Rural,Other Road,5,Washtenaw,200-499,100-199,200-499,NT,1,1,9.22427440633245,24.8871252204586,4.3682160205772e-05,8.35393533611222e-05
9830,0,81-5025,2019,6509,6406,103,94,7,3,Principal Arterial,3,Urban,Freeway/Prin. Art.,5,Washtenaw,0-99,0-99,100-199,AM,1,1,14.0609418282548,0.933333333333333,6.65865179774154e-05,3.13294775697724e-06
9830,0,81-5025,2019,6509,6406,103,94,7,3,Principal Arterial,3,Urban,Freeway/Prin. Art.,5,Washtenaw,0-99,0-99,100-199,MD,1,1,38.797783933518,2.8,0.000183729466271016,9.39884327093173e-06
9830,0,81-5025,2019,6509,6406,103,94,7,3,Principal Arterial,3,Urban,Freeway/Prin. Art.,5,Washtenaw,0-99,0-99,100-199,PM,1,1,24.606648199446,1.4,0.000116526406460477,4.69942163546586e-06
9830,0,81-5025,2019,6509,6406,103,94,7,3,Principal Arterial,3,Urban,Freeway/Prin. Art.,5,Washtenaw,0-99,0-99,100-199,EV,1,1,8.72299168975069,0.7,4.13083028193225e-05,2.34971081773293e-06
9830,0,81-5025,2019,6509,6406,103,94,7,3,Principal Arterial,3,Urban,Freeway/Prin. Art.,5,Washtenaw,0-99,0-99,100-199,NT,1,1,7.81163434903047,1.16666666666667,3.6992509987453e-05,3.91618469622155e-06
9901,0,81-0529,2019,26269,25901,368,158,48,3,Principal Arterial,4,Suburban,Freeway/Prin. Art.,5,Washtenaw,0-99,100-199,200-499,AM,1,1,26.4829545454545,3.11111111111111,0.000125411778988552,1.04431591899241e-05
9901,0,81-0529,2019,26269,25901,368,158,48,3,Principal Arterial,4,Suburban,Freeway/Prin. Art.,5,Washtenaw,0-99,100-199,200-499,MD,1,1,78.5511363636364,31.1111111111111,0.000371984090220281,0.000104431591899241
9901,0,81-0529,2019,26269,25901,368,158,48,3,Principal Arterial,4,Suburban,Freeway/Prin. Art.,5,Washtenaw,0-99,100-199,200-499,PM,1,1,39.0511363636364,6.22222222222222,0.000184929233423797,2.08863183798483e-05
9901,0,81-0529,2019,26269,25901,368,158,48,3,Principal Arterial,4,Suburban,Freeway/Prin. Art.,5,Washtenaw,0-99,100-199,200-499,EV,1,1,6.28409090909091,2.66666666666667,2.97587272176225e-05,8.95127930564926e-06
9901,0,81-0529,2019,26269,25901,368,158,48,3,Principal Arterial,4,Suburban,Freeway/Prin. Art.,5,Washtenaw,0-99,100-199,200-499,NT,1,1,7.63068181818182,4.88888888888889,3.61355973356845e-05,1.64106787270237e-05
9916,1,81-0504,2019,15185,14725,460,218,124,3,Principal Arterial,4,Suburban,Freeway/Prin. Art.,5,Washtenaw,100-199,200-499,200-499,AM,1,1,30.0534979423868,17.9710144927536,0.000142320322882193,6.03238387989407e-05
9916,1,81-0504,2019,15185,14725,460,218,124,3,Principal Arterial,4,Suburban,Freeway/Prin. Art.,5,Washtenaw,100-199,200-499,200-499,MD,1,1,110.345679012346,40.4347826086957,0.000522549245209244,0.000135728637297617
9916,1,81-0504,2019,15185,14725,460,218,124,3,Principal Arterial,4,Suburban,Freeway/Prin. Art.,5,Washtenaw,100-199,200-499,200-499,PM,1,1,43.0617283950617,32.3478260869565,0.000203921656667022,0.000108582909838093
9916,1,81-0504,2019,15185,14725,460,218,124,3,Principal Arterial,4,Suburban,Freeway/Prin. Art.,5,Washtenaw,100-199,200-499,200-499,EV,1,1,10.7654320987654,14.3768115942029,5.09804141667555e-05,4.82590710391526e-05
9916,1,81-0504,2019,15185,14725,460,218,124,3,Principal Arterial,4,Suburban,Freeway/Prin. Art.,5,Washtenaw,100-199,200-499,200-499,NT,1,1,23.7736625514403,18.8695652173913,0.000112581747951585,6.33400307388877e-05
9974,1,81-5380,2019,13011,12651,360,120,231,3,Principal Arterial,3,Urban,Freeway/Prin. Art.,5,Washtenaw,200-499,100-199,200-499,AM,1,1,20.1156069364162,37.125,9.52587841738151e-05,0.000124618591583336
9974,1,81-5380,2019,13011,12651,360,120,231,3,Principal Arterial,3,Urban,Freeway/Prin. Art.,5,Washtenaw,200-499,100-199,200-499,MD,1,1,56.1849710982659,71.2761627906977,0.000266067638554449,0.000239254815365423
9974,1,81-5380,2019,13011,12651,360,120,231,3,Principal Arterial,3,Urban,Freeway/Prin. Art.,5,Washtenaw,200-499,100-199,200-499,PM,1,1,26.5895953757225,70.4127906976744,0.000125916783678031,0.000236356708584415
9974,1,81-5380,2019,13011,12651,360,120,231,3,Principal Arterial,3,Urban,Freeway/Prin. Art.,5,Washtenaw,200-499,100-199,200-499,EV,1,1,9.71098265895954,32.5203488372093,4.59869992563245e-05,0.000109162022084628
9974,1,81-5380,2019,13011,12651,360,120,231,3,Principal Arterial,3,Urban,Freeway/Prin. Art.,5,Washtenaw,200-499,100-199,200-499,NT,1,1,7.39884393063584,19.6656976744186,3.50377137191044e-05,6.60124322340668e-05
9994,0,58-5208,2019,2926,2864,62,52,8,4,Minor Arterial,3,Urban,Other Road,6,Monroe,0-99,0-99,0-99,AM,1,1,13.9009900990099,2.28571428571429,6.58290560075859e-05,7.67252511912794e-06
9994,0,58-5208,2019,2926,2864,62,52,8,4,Minor Arterial,3,Urban,Other Road,6,Monroe,0-99,0-99,0-99,MD,1,1,22.1386138613861,2.85714285714286,0.000104838866975044,9.59065639890992e-06
9994,0,58-5208,2019,2926,2864,62,52,8,4,Minor Arterial,3,Urban,Other Road,6,Monroe,0-99,0-99,0-99,PM,1,1,12.3564356435644,1.14285714285714,5.85147164511875e-05,3.83626255956397e-06
9994,0,58-5208,2019,2926,2864,62,52,8,4,Minor Arterial,3,Urban,Other Road,6,Monroe,0-99,0-99,0-99,EV,1,1,2.57425742574257,1.14285714285714,1.21905659273307e-05,3.83626255956397e-06
9994,0,58-5208,2019,2926,2864,62,52,8,4,Minor Arterial,3,Urban,Other Road,6,Monroe,0-99,0-99,0-99,NT,1,1,1.02970297029703,0.571428571428571,4.87622637093229e-06,1.91813127978199e-06
10006,0,81-5114,2019,12722,12335,386,125,18,3,Principal Arterial,3,Urban,Freeway/Prin. Art.,5,Washtenaw,0-99,100-199,100-199,AM,1,1,16.1852589641434,0.972972972972973,7.66463619684016e-05,3.26600731422338e-06
10006,0,81-5114,2019,12722,12335,386,125,18,3,Principal Arterial,3,Urban,Freeway/Prin. Art.,5,Washtenaw,0-99,100-199,100-199,MD,1,1,67.4800796812749,9.97297297297297,0.000319556370668259,3.34765749707897e-05
10006,0,81-5114,2019,12722,12335,386,125,18,3,Principal Arterial,3,Urban,Freeway/Prin. Art.,5,Washtenaw,0-99,100-199,100-199,PM,1,1,29.6314741035857,5.35135135135135,0.000140321801142151,1.79630402282286e-05
10006,0,81-5114,2019,12722,12335,386,125,18,3,Principal Arterial,3,Urban,Freeway/Prin. Art.,5,Washtenaw,0-99,100-199,100-199,EV,1,1,3.98406374501992,0.243243243243243,1.88667967922219e-05,8.16501828555845e-07
10006,0,81-5114,2019,12722,12335,386,125,18,3,Principal Arterial,3,Urban,Freeway/Prin. Art.,5,Washtenaw,0-99,100-199,100-199,NT,1,1,7.7191235059761,1.45945945945946,3.655441878493e-05,4.89901097133507e-06
10085,1,81-0026,2019,17216,16512,704,281,415,3,Principal Arterial,4,Suburban,Freeway/Prin. Art.,5,Washtenaw,200-499,200-499,500-999,AM,1,1,60.5230769230769,64.2720417633411,0.000286611024980475,0.000215743874013008
10085,1,81-0026,2019,17216,16512,704,281,415,3,Principal Arterial,4,Suburban,Freeway/Prin. Art.,5,Washtenaw,200-499,200-499,500-999,MD,1,1,134.495726495727,165.855568445476,0.0006369133888455,0.000556732319082255
10085,1,81-0026,2019,17216,16512,704,281,415,3,Principal Arterial,4,Suburban,Freeway/Prin. Art.,5,Washtenaw,200-499,200-499,500-999,PM,1,1,59.0820512820513,74.8636890951276,0.00027978695295713,0.000251297171603166
10085,1,81-0026,2019,17216,16512,704,281,415,3,Principal Arterial,4,Suburban,Freeway/Prin. Art.,5,Washtenaw,200-499,200-499,500-999,EV,1,1,11.0478632478632,23.5904872389791,5.23178855123089e-05,7.91868900871713e-05
10085,1,81-0026,2019,17216,16512,704,281,415,3,Principal Arterial,4,Suburban,Freeway/Prin. Art.,5,Washtenaw,200-499,200-499,500-999,NT,1,1,15.8512820512821,86.4182134570766,7.50647922567911e-05,0.000290082587156066
10142,0,81-0037,2019,11649,11042,607,140,467,3,Principal Arterial,5,Rural,Freeway/Prin. Art.,5,Washtenaw,200-499,100-199,500-999,AM,1,1,23.4090909090909,78.6410377358491,0.000110855294879389,0.000263976710122383
10142,0,81-0037,2019,11649,11042,607,140,467,3,Principal Arterial,5,Rural,Freeway/Prin. Art.,5,Washtenaw,200-499,100-199,500-999,MD,1,1,82.5,213.894811320755,0.000390684194574936,0.00071798707431046
10142,0,81-0037,2019,11649,11042,607,140,467,3,Principal Arterial,5,Rural,Freeway/Prin. Art.,5,Washtenaw,200-499,100-199,500-999,PM,1,1,22.2727272727273,90.7566037735849,0.000105473969885244,0.000304645390953563
10142,0,81-0037,2019,11649,11042,607,140,467,3,Principal Arterial,5,Rural,Freeway/Prin. Art.,5,Washtenaw,200-499,100-199,500-999,EV,1,1,5.68181818181818,30.6193396226415,2.69066249707256e-05,0.000102780847918799
10142,0,81-0037,2019,11649,11042,607,140,467,3,Principal Arterial,5,Rural,Freeway/Prin. Art.,5,Washtenaw,200-499,100-199,500-999,NT,1,1,6.13636363636364,53.0882075471698,2.90591549683836e-05,0.000178202765096623
10161,1,81-0142,2019,23932,21715,2217,425,1775,2,Other Freeway,3,Urban,Freeway/Prin. Art.,5,Washtenaw,1000-1999,200-499,2000+,AM,1,1,72.744708994709,213.544837645865,0.000344487370220436,0.000716812307267874
10161,1,81-0142,2019,23932,21715,2217,425,1775,2,Other Freeway,3,Urban,Freeway/Prin. Art.,5,Washtenaw,1000-1999,200-499,2000+,MD,1,1,167.751322751323,634.105466768138,0.000794397459611886,0.00212852067835526
10161,1,81-0142,2019,23932,21715,2217,425,1775,2,Other Freeway,3,Urban,Freeway/Prin. Art.,5,Washtenaw,1000-1999,200-499,2000+,PM,1,1,96.5806878306879,348.966260781329,0.000457364221050007,0.00117138542568814
10161,1,81-0142,2019,23932,21715,2217,425,1775,2,Other Freeway,3,Urban,Freeway/Prin. Art.,5,Washtenaw,1000-1999,200-499,2000+,EV,1,1,27.9960317460317,209.942605276509,0.000132577055927185,0.000704720586744641
10161,1,81-0142,2019,23932,21715,2217,425,1775,2,Other Freeway,3,Urban,Freeway/Prin. Art.,5,Washtenaw,1000-1999,200-499,2000+,NT,1,1,59.9272486772487,368.440829528158,0.000283789441000761,0.00123675628976687
10239,0,81-5100,2019,6567,6500,67,52,13,4,Minor Arterial,3,Urban,Other Road,5,Washtenaw,0-99,0-99,0-99,AM,1,1,12.4901960784314,3.39130434782609,5.91481478179998e-05,1.13836921604453e-05
10239,0,81-5100,2019,6567,6500,67,52,13,4,Minor Arterial,3,Urban,Other Road,5,Washtenaw,0-99,0-99,0-99,MD,1,1,21.921568627451,2.82608695652174,0.000103811034945877,9.48641013370438e-06
10239,0,81-5100,2019,6567,6500,67,52,13,4,Minor Arterial,3,Urban,Other Road,5,Washtenaw,0-99,0-99,0-99,PM,1,1,13.2549019607843,6.21739130434783,6.27694629905304e-05,2.08701022941496e-05
10239,0,81-5100,2019,6567,6500,67,52,13,4,Minor Arterial,3,Urban,Other Road,5,Washtenaw,0-99,0-99,0-99,EV,1,1,3.05882352941176,0.565217391304348,1.44852606901224e-05,1.89728202674088e-06
10239,0,81-5100,2019,6567,6500,67,52,13,4,Minor Arterial,3,Urban,Other Road,5,Washtenaw,0-99,0-99,0-99,NT,1,1,1.27450980392157,0,6.035525287551e-06,0
10243,1,81-5110,2019,22012,21392,620,293,179,3,Principal Arterial,3,Urban,Freeway/Prin. Art.,5,Washtenaw,100-199,200-499,200-499,AM,1,1,33.5,46.5,0.000158641460827398,0.000156087932892259
10243,1,81-5110,2019,22012,21392,620,293,179,3,Principal Arterial,3,Urban,Freeway/Prin. Art.,5,Washtenaw,100-199,200-499,200-499,MD,1,1,157,89.5,0.00074348386119109,0.000300427311695853
10243,1,81-5110,2019,22012,21392,620,293,179,3,Principal Arterial,3,Urban,Freeway/Prin. Art.,5,Washtenaw,100-199,200-499,200-499,PM,1,1,54,35.5,0.000255720563721776,0.000119163905756456
10243,1,81-5110,2019,22012,21392,620,293,179,3,Principal Arterial,3,Urban,Freeway/Prin. Art.,5,Washtenaw,100-199,200-499,200-499,EV,1,1,16,3,7.57690559175633e-05,1.00701892188554e-05
10243,1,81-5110,2019,22012,21392,620,293,179,3,Principal Arterial,3,Urban,Freeway/Prin. Art.,5,Washtenaw,100-199,200-499,200-499,NT,1,1,32.5,4.5,0.00015390589483255,1.51052838282831e-05
10252,1,81-0063,2018,10001,9655,345,109,137,4,Minor Arterial,4,Suburban,Other Road,5,Washtenaw,100-199,100-199,200-499,AM,1,1,25.7677824267782,6.98089171974522,0.000122025034222885,2.34329668447251e-05
10252,1,81-0063,2018,10001,9655,345,109,137,4,Minor Arterial,4,Suburban,Other Road,5,Washtenaw,100-199,100-199,200-499,MD,1,1,47.4309623430962,61.0828025477707,0.000224612452374869,0.000205038459891345
10252,1,81-0063,2018,10001,9655,345,109,137,4,Minor Arterial,4,Suburban,Other Road,5,Washtenaw,100-199,100-199,200-499,PM,1,1,23.7154811715481,34.468152866242,0.000112306226187434,0.00011570027379583
10252,1,81-0063,2018,10001,9655,345,109,137,4,Minor Arterial,4,Suburban,Other Road,5,Washtenaw,100-199,100-199,200-499,EV,1,1,5.92887029288703,18.7611464968153,2.80765565468586e-05,6.29760983951988e-05
10252,1,81-0063,2018,10001,9655,345,109,137,4,Minor Arterial,4,Suburban,Other Road,5,Washtenaw,100-199,100-199,200-499,NT,1,1,6.15690376569038,15.7070063694268,2.91564241063531e-05,5.27241754006316e-05
10393,1,81-0142,2019,23932,21715,2217,425,1775,2,Other Freeway,3,Urban,Freeway/Prin. Art.,5,Washtenaw,1000-1999,200-499,2000+,AM,1,1,72.744708994709,213.544837645865,0.000344487370220436,0.000716812307267874
10393,1,81-0142,2019,23932,21715,2217,425,1775,2,Other Freeway,3,Urban,Freeway/Prin. Art.,5,Washtenaw,1000-1999,200-499,2000+,MD,1,1,167.751322751323,634.105466768138,0.000794397459611886,0.00212852067835526
10393,1,81-0142,2019,23932,21715,2217,425,1775,2,Other Freeway,3,Urban,Freeway/Prin. Art.,5,Washtenaw,1000-1999,200-499,2000+,PM,1,1,96.5806878306879,348.966260781329,0.000457364221050007,0.00117138542568814
10393,1,81-0142,2019,23932,21715,2217,425,1775,2,Other Freeway,3,Urban,Freeway/Prin. Art.,5,Washtenaw,1000-1999,200-499,2000+,EV,1,1,27.9960317460317,209.942605276509,0.000132577055927185,0.000704720586744641
10393,1,81-0142,2019,23932,21715,2217,425,1775,2,Other Freeway,3,Urban,Freeway/Prin. Art.,5,Washtenaw,1000-1999,200-499,2000+,NT,1,1,59.9272486772487,368.440829528158,0.000283789441000761,0.00123675628976687
10400,1,81-0003,2019,26779,21619,5160,931,4126,1,Interstate Freeway,5,Rural,Interstate,5,Washtenaw,2000+,500-999,2000+,AM,1,1,125.694558521561,462.268798516974,0.000595234877072097,0.00155171142367963
10400,1,81-0003,2019,26779,21619,5160,931,4126,1,Interstate Freeway,5,Rural,Interstate,5,Washtenaw,2000+,500-999,2000+,MD,1,1,344.345739219713,1366.96755879968,0.00163067197311957,0.00458854065771654
10400,1,81-0003,2019,26779,21619,5160,931,4126,1,Interstate Freeway,5,Rural,Interstate,5,Washtenaw,2000+,500-999,2000+,PM,1,1,188.541837782341,847.811493453829,0.000892852315608145,0.00284587405366682
10400,1,81-0003,2019,26779,21619,5160,931,4126,1,Interstate Freeway,5,Rural,Interstate,5,Washtenaw,2000+,500-999,2000+,EV,1,1,106.099589322382,535.887614413162,0.000502441607262379,0.00179882989239386
10400,1,81-0003,2019,26779,21619,5160,931,4126,1,Interstate Freeway,5,Rural,Interstate,5,Washtenaw,2000+,500-999,2000+,NT,1,1,166.318275154004,913.06453481636,0.000787611168141026,0.00306491087820898
10498,1,81-0133,2018,36245,30290,5954,849,4841,2,Other Freeway,4,Suburban,Freeway/Prin. Art.,5,Washtenaw,2000+,500-999,2000+,AM,1,1,110.613838120104,561.341268386565,0.000523819130361155,0.00188427092966834
10498,1,81-0133,2018,36245,30290,5954,849,4841,2,Other Freeway,4,Suburban,Freeway/Prin. Art.,5,Washtenaw,2000+,500-999,2000+,MD,1,1,361.988772845953,1670.82490949915,0.00171422172320595,0.00560850766341115
10498,1,81-0133,2018,36245,30290,5954,849,4841,2,Other Freeway,4,Suburban,Freeway/Prin. Art.,5,Washtenaw,2000+,500-999,2000+,PM,1,1,192.077937336815,931.464922329652,0.000909597748412708,0.00312667600619536
10498,1,81-0133,2018,36245,30290,5954,849,4841,2,Other Freeway,4,Suburban,Freeway/Prin. Art.,5,Washtenaw,2000+,500-999,2000+,EV,1,1,71.2672323759791,599.385144114008,0.000337490682186596,0.002011973938733
10498,1,81-0133,2018,36245,30290,5954,849,4841,2,Other Freeway,4,Suburban,Freeway/Prin. Art.,5,Washtenaw,2000+,500-999,2000+,NT,1,1,113.052219321149,1077.98375567062,0.000535366245459297,0.00361850013148519
10514,1,81-8239,2019,36232,33120,3112,861,2203,2,Other Freeway,5,Rural,Freeway/Prin. Art.,5,Washtenaw,2000+,500-999,2000+,AM,1,1,155.41525075221,292.536302733661,0.000735979176542894,0.000981965307304113
10514,1,81-8239,2019,36232,33120,3112,861,2203,2,Other Freeway,5,Rural,Freeway/Prin. Art.,5,Washtenaw,2000+,500-999,2000+,MD,1,1,338.616955172834,774.149744044416,0.00160354293819534,0.00259861146875192
10514,1,81-8239,2019,36232,33120,3112,861,2203,2,Other Freeway,5,Rural,Freeway/Prin. Art.,5,Washtenaw,2000+,500-999,2000+,PM,1,1,209.388436786643,439.444471764966,0.000991572760961146,0.00147509632728439
10514,1,81-8239,2019,36232,33120,3112,861,2203,2,Other Freeway,5,Rural,Freeway/Prin. Art.,5,Washtenaw,2000+,500-999,2000+,EV,1,1,68.5311123845033,238.29859990509,0.00032453360539714,0.000799903997210859
10514,1,81-8239,2019,36232,33120,3112,861,2203,2,Other Freeway,5,Rural,Freeway/Prin. Art.,5,Washtenaw,2000+,500-999,2000+,NT,1,1,89.0482449038101,458.570881551867,0.000421693840467353,0.00153929851582821
10527,1,81-8239,2019,36232,33120,3112,861,2203,2,Other Freeway,5,Rural,Freeway/Prin. Art.,5,Washtenaw,2000+,500-999,2000+,AM,1,1,155.41525075221,292.536302733661,0.000735979176542894,0.000981965307304113
10527,1,81-8239,2019,36232,33120,3112,861,2203,2,Other Freeway,5,Rural,Freeway/Prin. Art.,5,Washtenaw,2000+,500-999,2000+,MD,1,1,338.616955172834,774.149744044416,0.00160354293819534,0.00259861146875192
10527,1,81-8239,2019,36232,33120,3112,861,2203,2,Other Freeway,5,Rural,Freeway/Prin. Art.,5,Washtenaw,2000+,500-999,2000+,PM,1,1,209.388436786643,439.444471764966,0.000991572760961146,0.00147509632728439
10527,1,81-8239,2019,36232,33120,3112,861,2203,2,Other Freeway,5,Rural,Freeway/Prin. Art.,5,Washtenaw,2000+,500-999,2000+,EV,1,1,68.5311123845033,238.29859990509,0.00032453360539714,0.000799903997210859
10527,1,81-8239,2019,36232,33120,3112,861,2203,2,Other Freeway,5,Rural,Freeway/Prin. Art.,5,Washtenaw,2000+,500-999,2000+,NT,1,1,89.0482449038101,458.570881551867,0.000421693840467353,0.00153929851582821
10536,0,81-5059,2019,6520,6469,51,39,8,4,Minor Arterial,3,Urban,Other Road,5,Washtenaw,0-99,0-99,0-99,AM,1,1,8.46710526315789,3.2,4.00965357590065e-05,1.07415351667791e-05
10536,0,81-5059,2019,6520,6469,51,39,8,4,Minor Arterial,3,Urban,Other Road,5,Washtenaw,0-99,0-99,0-99,MD,1,1,18.2171052631579,3.2,8.62683042087717e-05,1.07415351667791e-05
10536,0,81-5059,2019,6520,6469,51,39,8,4,Minor Arterial,3,Urban,Other Road,5,Washtenaw,0-99,0-99,0-99,PM,1,1,8.98026315789474,1.33333333333333,4.252662883531e-05,4.47563965282463e-06
10536,0,81-5059,2019,6520,6469,51,39,8,4,Minor Arterial,3,Urban,Other Road,5,Washtenaw,0-99,0-99,0-99,EV,1,1,1.02631578947368,0.266666666666667,4.86018615260685e-06,8.95127930564926e-07
10536,0,81-5059,2019,6520,6469,51,39,8,4,Minor Arterial,3,Urban,Other Road,5,Washtenaw,0-99,0-99,0-99,NT,1,1,2.30921052631579,0,1.09354188433654e-05,0
10554,0,81-5007,2019,8672,8465,207,176,28,4,Minor Arterial,3,Urban,Other Road,5,Washtenaw,0-99,100-199,200-499,AM,1,1,28.9469197985277,4.80597014925373,0.000137080049053492,1.61323429277186e-05
10554,0,81-5007,2019,8672,8465,207,176,28,4,Minor Arterial,3,Urban,Other Road,5,Washtenaw,0-99,100-199,200-499,MD,1,1,82.7152266563348,13.289552238806,0.000391703414609859,4.46094352262133e-05
10554,0,81-5007,2019,8672,8465,207,176,28,4,Minor Arterial,3,Urban,Other Road,5,Washtenaw,0-99,100-199,200-499,PM,1,1,44.3920960867881,8.44179104477612,0.000210221700668605,2.83368110556449e-05
10554,0,81-5007,2019,8672,8465,207,176,28,4,Minor Arterial,3,Urban,Other Road,5,Washtenaw,0-99,100-199,200-499,EV,1,1,11.5242154203797,0.835820895522388,5.45736826620496e-05,2.80562485699455e-06
10554,0,81-5007,2019,8672,8465,207,176,28,4,Minor Arterial,3,Urban,Other Road,5,Washtenaw,0-99,100-199,200-499,NT,1,1,8.42154203796978,0.626865671641791,3.98807680991901e-05,2.10421864274591e-06
10610,1,81-5117,2019,8087,7921,166,85,65,3,Principal Arterial,3,Urban,Freeway/Prin. Art.,5,Washtenaw,0-99,0-99,100-199,AM,1,1,17.75,8.51190476190476,8.40562964085468e-05,2.85721638550858e-05
10610,1,81-5117,2019,8087,7921,166,85,65,3,Principal Arterial,3,Urban,Freeway/Prin. Art.,5,Washtenaw,0-99,0-99,100-199,MD,1,1,39.75,22.4404761904762,0.000188238748295196,7.53266137997717e-05
10610,1,81-5117,2019,8087,7921,166,85,65,3,Principal Arterial,3,Urban,Freeway/Prin. Art.,5,Washtenaw,0-99,0-99,100-199,PM,1,1,21.5,25.0198412698413,0.000101814668889226,8.39848452710098e-05
10610,1,81-5117,2019,8087,7921,166,85,65,3,Principal Arterial,3,Urban,Freeway/Prin. Art.,5,Washtenaw,0-99,0-99,100-199,EV,1,1,3.25,7.22222222222222,1.5390589483255e-05,2.42430481194668e-05
10610,1,81-5117,2019,8087,7921,166,85,65,3,Principal Arterial,3,Urban,Freeway/Prin. Art.,5,Washtenaw,0-99,0-99,100-199,NT,1,1,2.75,1.80555555555556,1.30228064858312e-05,6.06076202986669e-06
10651,0,81-5012,2019,3813,3667,146,134,10,5,Major Collector,3,Urban,Other Road,5,Washtenaw,0-99,100-199,100-199,AM,1,1,23.6766917293233,1.76470588235294,0.000112122536223875,5.92364071697378e-06
10651,0,81-5012,2019,3813,3667,146,134,10,5,Major Collector,3,Urban,Other Road,5,Washtenaw,0-99,100-199,100-199,MD,1,1,48.109022556391,5.29411764705882,0.000227823451263406,1.77709221509213e-05
10651,0,81-5012,2019,3813,3667,146,134,10,5,Major Collector,3,Urban,Other Road,5,Washtenaw,0-99,100-199,100-199,PM,1,1,36.0187969924812,2.05882352941177,0.000170569390212917,6.91091416980274e-06
10651,0,81-5012,2019,3813,3667,146,134,10,5,Major Collector,3,Urban,Other Road,5,Washtenaw,0-99,100-199,100-199,EV,1,1,16.6240601503759,0.882352941176471,7.87243339444231e-05,2.96182035848689e-06
10651,0,81-5012,2019,3813,3667,146,134,10,5,Major Collector,3,Urban,Other Road,5,Washtenaw,0-99,100-199,100-199,NT,1,1,9.57142857142857,0,4.53261316649709e-05,0
10656,1,81-5427,2019,10668,10466,202,133,67,4,Minor Arterial,3,Urban,Other Road,5,Washtenaw,0-99,100-199,200-499,AM,1,1,33.7537878787879,10.8230769230769,0.000159843290076091,3.63301441818707e-05
10656,1,81-5427,2019,10668,10466,202,133,67,4,Minor Arterial,3,Urban,Other Road,5,Washtenaw,0-99,100-199,200-499,MD,1,1,60.7064393939394,27.3153846153846,0.000287479350062223,9.16903638875785e-05
10656,1,81-5427,2019,10668,10466,202,133,67,4,Minor Arterial,3,Urban,Other Road,5,Washtenaw,0-99,100-199,200-499,PM,1,1,28.967803030303,23.45,0.000137178942975749,7.87153123940532e-05
10656,1,81-5427,2019,10668,10466,202,133,67,4,Minor Arterial,3,Urban,Other Road,5,Washtenaw,0-99,100-199,200-499,EV,1,1,6.04545454545455,4.38076923076923,2.8628648968852e-05,1.47050583593286e-05
10656,1,81-5427,2019,10668,10466,202,133,67,4,Minor Arterial,3,Urban,Other Road,5,Washtenaw,0-99,100-199,200-499,NT,1,1,3.52651515151515,1.03076923076923,1.67000452318304e-05,3.46001373160674e-06
10688,1,81-0130,2019,12437,11703,734,231,487,2,Other Freeway,4,Suburban,Freeway/Prin. Art.,5,Washtenaw,200-499,200-499,500-999,AM,1,1,47.3955637707948,79.9584063047286,0.000224444820099612,0.00026839876037558
10688,1,81-0130,2019,12437,11703,734,231,487,2,Other Freeway,4,Suburban,Freeway/Prin. Art.,5,Washtenaw,200-499,200-499,500-999,MD,1,1,102.903881700555,204.26707530648,0.000487308122918977,0.000685669366506147
10688,1,81-0130,2019,12437,11703,734,231,487,2,Other Freeway,4,Suburban,Freeway/Prin. Art.,5,Washtenaw,200-499,200-499,500-999,PM,1,1,43.9796672828096,77.6129597197899,0.000208268616849189,0.000260525730071229
10688,1,81-0130,2019,12437,11703,734,231,487,2,Other Freeway,4,Suburban,Freeway/Prin. Art.,5,Washtenaw,200-499,200-499,500-999,EV,1,1,9.39371534195933,29.8511383537653,4.44845589386618e-05,0.00010020220387355
10688,1,81-0130,2019,12437,11703,734,231,487,2,Other Freeway,4,Suburban,Freeway/Prin. Art.,5,Washtenaw,200-499,200-499,500-999,NT,1,1,27.3271719038817,95.3104203152364,0.00012940962600338,0.000319931322367691
10773,1,81-5065,2019,6428,6333,95,43,51,5,Major Collector,3,Urban,Other Road,5,Washtenaw,0-99,0-99,0-99,AM,1,1,8.34705882352941,17.4336734693878,3.95280479216994e-05,5.85201302054915e-05
10773,1,81-5065,2019,6428,6333,95,43,51,5,Major Collector,3,Urban,Other Road,5,Washtenaw,0-99,0-99,0-99,MD,1,1,17.7058823529412,11.7091836734694,8.38473743793623e-05,3.93045650633898e-05
10773,1,81-5065,2019,6428,6333,95,43,51,5,Major Collector,3,Urban,Other Road,5,Washtenaw,0-99,0-99,0-99,PM,1,1,12.6470588235294,17.9540816326531,5.98909816995445e-05,6.02669997638643e-05
10773,1,81-5065,2019,6428,6333,95,43,51,5,Major Collector,3,Urban,Other Road,5,Washtenaw,0-99,0-99,0-99,EV,1,1,3.03529411764706,2.08163265306122,1.43738356078907e-05,6.98747823349152e-06
10773,1,81-5065,2019,6428,6333,95,43,51,5,Major Collector,3,Urban,Other Road,5,Washtenaw,0-99,0-99,0-99,NT,1,1,1.26470588235294,1.82142857142857,5.98909816995445e-06,6.11404345430508e-06
10793,0,81-5228,2019,3097,3074,23,20,1,5,Major Collector,4,Suburban,Other Road,5,Washtenaw,0-99,0-99,0-99,AM,1,1,7.10526315789474,0.5,3.36474425949705e-05,1.67836486980924e-06
10793,0,81-5228,2019,3097,3074,23,20,1,5,Major Collector,4,Suburban,Other Road,5,Washtenaw,0-99,0-99,0-99,MD,1,1,5.52631578947368,0.5,2.61702331294215e-05,1.67836486980924e-06
10793,0,81-5228,2019,3097,3074,23,20,1,5,Major Collector,4,Suburban,Other Road,5,Washtenaw,0-99,0-99,0-99,PM,1,1,6.8421052631579,0,3.2401241017379e-05,0
10793,0,81-5228,2019,3097,3074,23,20,1,5,Major Collector,4,Suburban,Other Road,5,Washtenaw,0-99,0-99,0-99,EV,1,1,0.263157894736842,0,1.2462015775915e-06,0
10793,0,81-5228,2019,3097,3074,23,20,1,5,Major Collector,4,Suburban,Other Road,5,Washtenaw,0-99,0-99,0-99,NT,1,1,0.263157894736842,0,1.2462015775915e-06,0
10833,0,81-5230,2019,2909,2866,43,41,2,5,Major Collector,5,Rural,Other Road,5,Washtenaw,0-99,0-99,0-99,AM,1,1,7.26582278481013,0,3.44077833043365e-05,0
10833,0,81-5230,2019,2909,2866,43,41,2,5,Major Collector,5,Rural,Other Road,5,Washtenaw,0-99,0-99,0-99,MD,1,1,9.08227848101266,0,4.30097291304206e-05,0
10833,0,81-5230,2019,2909,2866,43,41,2,5,Major Collector,5,Rural,Other Road,5,Washtenaw,0-99,0-99,0-99,PM,1,1,20.2405063291139,0.5,9.58502534906516e-05,1.67836486980924e-06
10833,0,81-5230,2019,2909,2866,43,41,2,5,Major Collector,5,Rural,Other Road,5,Washtenaw,0-99,0-99,0-99,EV,1,1,0.259493670886076,1.5,1.2288494037263e-06,5.03509460942771e-06
10833,0,81-5230,2019,2909,2866,43,41,2,5,Major Collector,5,Rural,Other Road,5,Washtenaw,0-99,0-99,0-99,NT,1,1,4.15189873417722,0,1.96615904596208e-05,0
10848,0,81-5004,2019,988,934,54,47,5,5,Major Collector,3,Urban,Other Road,5,Washtenaw,0-99,0-99,0-99,AM,1,1,10.8655913978495,0.625,5.14547251375657e-05,2.09795608726155e-06
10848,0,81-5004,2019,988,934,54,47,5,5,Major Collector,3,Urban,Other Road,5,Washtenaw,0-99,0-99,0-99,MD,1,1,15.4139784946237,0.9375,7.29939124044536e-05,3.14693413089232e-06
10848,0,81-5004,2019,988,934,54,47,5,5,Major Collector,3,Urban,Other Road,5,Washtenaw,0-99,0-99,0-99,PM,1,1,13.1397849462366,1.875,6.22243187710096e-05,6.29386826178464e-06
10848,0,81-5004,2019,988,934,54,47,5,5,Major Collector,3,Urban,Other Road,5,Washtenaw,0-99,0-99,0-99,EV,1,1,6.82258064516129,1.5625,3.23087809003319e-05,5.24489021815387e-06
10848,0,81-5004,2019,988,934,54,47,5,5,Major Collector,3,Urban,Other Road,5,Washtenaw,0-99,0-99,0-99,NT,1,1,0.758064516129032,0,3.58986454448132e-06,0
10977,0,82-8839,2019,47070,42692.5,4377,1035,3248,1,Interstate Freeway,4,Suburban,Interstate,2,Other Wayne,2000+,1000-1999,2000+,AM,1,1,163.280297220505,421.63898087978,0.00077322462314605,0.00141532810650158
10977,0,82-8839,2019,47070,42692.5,4377,1035,3248,1,Interstate Freeway,4,Suburban,Interstate,2,Other Wayne,2000+,1000-1999,2000+,MD,1,1,410.159677915633,1145.97912742655,0.00194233822319496,0.00384674221801471
10977,0,82-8839,2019,47070,42692.5,4377,1035,3248,1,Interstate Freeway,4,Suburban,Interstate,2,Other Wayne,2000+,1000-1999,2000+,PM,1,1,226.156512587005,624.274317871,0.00107097909052037,0.00209552016847762
10977,0,82-8839,2019,47070,42692.5,4377,1035,3248,1,Interstate Freeway,4,Suburban,Interstate,2,Other Wayne,2000+,1000-1999,2000+,EV,1,1,87.6180364905301,389.008355441944,0.00041492099413988,0.00130579591567205
10977,0,82-8839,2019,47070,42692.5,4377,1035,3248,1,Interstate Freeway,4,Suburban,Interstate,2,Other Wayne,2000+,1000-1999,2000+,NT,1,1,147.785475786327,667.099218380731,0.000699847873666117,0.00223927178561484
11030,0,81-5006,2019,252,210,42,31,1,5,Major Collector,3,Urban,Other Road,5,Washtenaw,0-99,0-99,0-99,AM,1,1,6.09836065573771,0,2.88791893456286e-05,0
11030,0,81-5006,2019,252,210,42,31,1,5,Major Collector,3,Urban,Other Road,5,Washtenaw,0-99,0-99,0-99,MD,1,1,8.89344262295082,1,4.21154844623751e-05,3.35672973961847e-06
11030,0,81-5006,2019,252,210,42,31,1,5,Major Collector,3,Urban,Other Road,5,Washtenaw,0-99,0-99,0-99,PM,1,1,11.4344262295082,0,5.41484800230537e-05,0
11030,0,81-5006,2019,252,210,42,31,1,5,Major Collector,3,Urban,Other Road,5,Washtenaw,0-99,0-99,0-99,EV,1,1,4.0655737704918,0,1.92527928970857e-05,0
11030,0,81-5006,2019,252,210,42,31,1,5,Major Collector,3,Urban,Other Road,5,Washtenaw,0-99,0-99,0-99,NT,1,1,0.508196721311475,0,2.40659911213572e-06,0
11150,1,81-5145,2019,2423,2230,193,63,127,5,Major Collector,5,Rural,Other Road,5,Washtenaw,100-199,0-99,100-199,AM,1,1,10.584,19.304,5.01212304894681e-05,6.4798310893595e-05
11150,1,81-5145,2019,2423,2230,193,63,127,5,Major Collector,5,Rural,Other Road,5,Washtenaw,100-199,0-99,100-199,MD,1,1,33.516,55.372,0.000158717229883316,0.000185868839142154
11150,1,81-5145,2019,2423,2230,193,63,127,5,Major Collector,5,Rural,Other Road,5,Washtenaw,100-199,0-99,100-199,PM,1,1,16.38,33.528,7.75685709956054e-05,0.000112544434709928
11150,1,81-5145,2019,2423,2230,193,63,127,5,Major Collector,5,Rural,Other Road,5,Washtenaw,100-199,0-99,100-199,EV,1,1,2.52,7.62,1.19336263070162e-05,2.55782806158928e-05
11150,1,81-5145,2019,2423,2230,193,63,127,5,Major Collector,5,Rural,Other Road,5,Washtenaw,100-199,0-99,100-199,NT,1,1,0,11.176,0,3.75148115699761e-05
11401,0,81-5370,2019,9897,9721,176,71,8,5,Major Collector,3,Urban,Other Road,5,Washtenaw,0-99,0-99,0-99,AM,1,1,7.5,2,3.55167449613578e-05,6.71345947923695e-06
11401,0,81-5370,2019,9897,9721,176,71,8,5,Major Collector,3,Urban,Other Road,5,Washtenaw,0-99,0-99,0-99,MD,1,1,40.5,4.5,0.000191790422791332,1.51052838282831e-05
11401,0,81-5370,2019,9897,9721,176,71,8,5,Major Collector,3,Urban,Other Road,5,Washtenaw,0-99,0-99,0-99,PM,1,1,13.5,0.5,6.3930140930444e-05,1.67836486980924e-06
11401,0,81-5370,2019,9897,9721,176,71,8,5,Major Collector,3,Urban,Other Road,5,Washtenaw,0-99,0-99,0-99,EV,1,1,2,0,9.47113198969541e-06,0
11401,0,81-5370,2019,9897,9721,176,71,8,5,Major Collector,3,Urban,Other Road,5,Washtenaw,0-99,0-99,0-99,NT,1,1,7.5,1,3.55167449613578e-05,3.35672973961847e-06
11452,1,81-0133,2018,36245,30290,5954,849,4841,2,Other Freeway,4,Suburban,Freeway/Prin. Art.,5,Washtenaw,2000+,500-999,2000+,AM,1,1,110.613838120104,561.341268386565,0.000523819130361155,0.00188427092966834
11452,1,81-0133,2018,36245,30290,5954,849,4841,2,Other Freeway,4,Suburban,Freeway/Prin. Art.,5,Washtenaw,2000+,500-999,2000+,MD,1,1,361.988772845953,1670.82490949915,0.00171422172320595,0.00560850766341115
11452,1,81-0133,2018,36245,30290,5954,849,4841,2,Other Freeway,4,Suburban,Freeway/Prin. Art.,5,Washtenaw,2000+,500-999,2000+,PM,1,1,192.077937336815,931.464922329652,0.000909597748412708,0.00312667600619536
11452,1,81-0133,2018,36245,30290,5954,849,4841,2,Other Freeway,4,Suburban,Freeway/Prin. Art.,5,Washtenaw,2000+,500-999,2000+,EV,1,1,71.2672323759791,599.385144114008,0.000337490682186596,0.002011973938733
11452,1,81-0133,2018,36245,30290,5954,849,4841,2,Other Freeway,4,Suburban,Freeway/Prin. Art.,5,Washtenaw,2000+,500-999,2000+,NT,1,1,113.052219321149,1077.98375567062,0.000535366245459297,0.00361850013148519
11471,1,81-0143,2019,6592,6404,187,77,109,3,Principal Arterial,5,Rural,Freeway/Prin. Art.,5,Washtenaw,100-199,0-99,100-199,AM,1,1,12.3110465116279,12.4065040650407,5.82997732214536e-05,4.16452811598194e-05
11471,1,81-0143,2019,6592,6404,187,77,109,3,Principal Arterial,5,Rural,Freeway/Prin. Art.,5,Washtenaw,100-199,0-99,100-199,MD,1,1,37.1569767441861,45.1951219512195,0.000175959315541114,0.000151707809939342
11471,1,81-0143,2019,6592,6404,187,77,109,3,Principal Arterial,5,Rural,Freeway/Prin. Art.,5,Washtenaw,100-199,0-99,100-199,PM,1,1,20.1453488372093,29.0223577235772,9.53996289078331e-05,9.74202112845776e-05
11471,1,81-0143,2019,6592,6404,187,77,109,3,Principal Arterial,5,Rural,Freeway/Prin. Art.,5,Washtenaw,100-199,0-99,100-199,EV,1,1,2.68604651162791,9.96951219512195,1.27199505210444e-05,3.34649580748549e-05
11471,1,81-0143,2019,6592,6404,187,77,109,3,Principal Arterial,5,Rural,Freeway/Prin. Art.,5,Washtenaw,100-199,0-99,100-199,NT,1,1,4.70058139534884,12.4065040650407,2.22599134118277e-05,4.16452811598194e-05
11487,1,81-0143,2019,6592,6404,187,77,109,3,Principal Arterial,5,Rural,Freeway/Prin. Art.,5,Washtenaw,100-199,0-99,100-199,AM,1,1,12.3110465116279,12.4065040650407,5.82997732214536e-05,4.16452811598194e-05
11487,1,81-0143,2019,6592,6404,187,77,109,3,Principal Arterial,5,Rural,Freeway/Prin. Art.,5,Washtenaw,100-199,0-99,100-199,MD,1,1,37.1569767441861,45.1951219512195,0.000175959315541114,0.000151707809939342
11487,1,81-0143,2019,6592,6404,187,77,109,3,Principal Arterial,5,Rural,Freeway/Prin. Art.,5,Washtenaw,100-199,0-99,100-199,PM,1,1,20.1453488372093,29.0223577235772,9.53996289078331e-05,9.74202112845776e-05
11487,1,81-0143,2019,6592,6404,187,77,109,3,Principal Arterial,5,Rural,Freeway/Prin. Art.,5,Washtenaw,100-199,0-99,100-199,EV,1,1,2.68604651162791,9.96951219512195,1.27199505210444e-05,3.34649580748549e-05
11487,1,81-0143,2019,6592,6404,187,77,109,3,Principal Arterial,5,Rural,Freeway/Prin. Art.,5,Washtenaw,100-199,0-99,100-199,NT,1,1,4.70058139534884,12.4065040650407,2.22599134118277e-05,4.16452811598194e-05
11668,0,82-2306,2019,3113,3081,32,24,6,5,Major Collector,3,Urban,Other Road,1,Detroit,0-99,0-99,0-99,AM,1,1,3.06382978723404,0.75,1.4508968154427e-05,2.51754730471386e-06
11668,0,82-2306,2019,3113,3081,32,24,6,5,Major Collector,3,Urban,Other Road,1,Detroit,0-99,0-99,0-99,MD,1,1,8.17021276595745,3.375,3.86905817451387e-05,1.13289628712124e-05
11668,0,82-2306,2019,3113,3081,32,24,6,5,Major Collector,3,Urban,Other Road,1,Detroit,0-99,0-99,0-99,PM,1,1,6.63829787234043,1.5,3.14360976679252e-05,5.03509460942771e-06
11668,0,82-2306,2019,3113,3081,32,24,6,5,Major Collector,3,Urban,Other Road,1,Detroit,0-99,0-99,0-99,EV,1,1,3.06382978723404,0.375,1.4508968154427e-05,1.25877365235693e-06
11668,0,82-2306,2019,3113,3081,32,24,6,5,Major Collector,3,Urban,Other Road,1,Detroit,0-99,0-99,0-99,NT,1,1,3.06382978723404,0,1.4508968154427e-05,0
11710,0,82-5227,2019,13909,12266,1643,138,23,3,Principal Arterial,1,Urban Business,Freeway/Prin. Art.,1,Detroit,0-99,100-199,100-199,AM,1,1,28.5,8,0.00013496363085316,2.68538379169478e-05
11710,0,82-5227,2019,13909,12266,1643,138,23,3,Principal Arterial,1,Urban Business,Freeway/Prin. Art.,1,Detroit,0-99,100-199,100-199,MD,1,1,67.5,10.5,0.00031965070465222,3.5245662265994e-05
11710,0,82-5227,2019,13909,12266,1643,138,23,3,Principal Arterial,1,Urban Business,Freeway/Prin. Art.,1,Detroit,0-99,100-199,100-199,PM,1,1,17.5,2.5,8.28724049098348e-05,8.39182434904618e-06
11710,0,82-5227,2019,13909,12266,1643,138,23,3,Principal Arterial,1,Urban Business,Freeway/Prin. Art.,1,Detroit,0-99,100-199,100-199,EV,1,1,7,0,3.31489619639339e-05,0
11710,0,82-5227,2019,13909,12266,1643,138,23,3,Principal Arterial,1,Urban Business,Freeway/Prin. Art.,1,Detroit,0-99,100-199,100-199,NT,1,1,17.5,2,8.28724049098348e-05,6.71345947923695e-06
11862,1,82-7061,2019,34235,32927.5,1307,607,593,3,Principal Arterial,3,Urban,Freeway/Prin. Art.,2,Other Wayne,500-999,500-999,1000-1999,AM,1,1,84.3055555555556,96.7619760479042,0.000399234522065633,0.00032480380266425
11862,1,82-7061,2019,34235,32927.5,1307,607,593,3,Principal Arterial,3,Urban,Freeway/Prin. Art.,2,Other Wayne,500-999,500-999,1000-1999,MD,1,1,265.118786549708,236.134730538922,0.00125548751018008,0.000792640472556795
11862,1,82-7061,2019,34235,32927.5,1307,607,593,3,Principal Arterial,3,Urban,Freeway/Prin. Art.,2,Other Wayne,500-999,500-999,1000-1999,PM,1,1,153.52485380117,118.51122754491,0.000727027077024784,0.000397810161978692
11862,1,82-7061,2019,34235,32927.5,1307,607,593,3,Principal Arterial,3,Urban,Freeway/Prin. Art.,2,Other Wayne,500-999,500-999,1000-1999,EV,1,1,45.0369152046784,44.8300898203593,0.000213275284156114,0.000150482495729767
11862,1,82-7061,2019,34235,32927.5,1307,607,593,3,Principal Arterial,3,Urban,Freeway/Prin. Art.,2,Other Wayne,500-999,500-999,1000-1999,NT,1,1,59.0138888888889,96.7619760479042,0.000279464165445943,0.00032480380266425
11923,1,82-1830,2019,18391,18024,367,247,115,3,Principal Arterial,3,Urban,Freeway/Prin. Art.,2,Other Wayne,100-199,200-499,200-499,AM,1,1,67.75,22.5440528634361,0.000320834596150932,7.56742926982271e-05
11923,1,82-1830,2019,18391,18024,367,247,115,3,Principal Arterial,3,Urban,Freeway/Prin. Art.,2,Other Wayne,100-199,200-499,200-499,MD,1,1,89,46.8612334801762,0.000421465373541446,0.000157300496058112
11923,1,82-1830,2019,18391,18024,367,247,115,3,Principal Arterial,3,Urban,Freeway/Prin. Art.,2,Other Wayne,100-199,200-499,200-499,PM,1,1,67.75,32.4229074889868,0.000320834596150932,0.00010883493781318
11923,1,82-1830,2019,18391,18024,367,247,115,3,Principal Arterial,3,Urban,Freeway/Prin. Art.,2,Other Wayne,100-199,200-499,200-499,EV,1,1,9.75,5.82599118942731,4.61717684497651e-05,1.95562778883059e-05
11923,1,82-1830,2019,18391,18024,367,247,115,3,Principal Arterial,3,Urban,Freeway/Prin. Art.,2,Other Wayne,100-199,200-499,200-499,NT,1,1,12.75,7.34581497797357,6.03784664343082e-05,2.46579155982987e-05
11951,1,82-5859,2017,5375,5161,213,94,88,4,Minor Arterial,3,Urban,Other Road,1,Detroit,0-99,0-99,100-199,AM,1,1,12.9120879120879,9.11242603550296,6.11460444389676e-05,3.05879514734465e-05
11951,1,82-5859,2017,5375,5161,213,94,88,4,Minor Arterial,3,Urban,Other Road,1,Detroit,0-99,0-99,100-199,MD,1,1,31.7637362637363,33.8461538461539,0.00015041926931986,0.000113612391187087
11951,1,82-5859,2017,5375,5161,213,94,88,4,Minor Arterial,3,Urban,Other Road,1,Detroit,0-99,0-99,100-199,PM,1,1,26.5989010989011,33.0650887573965,0.000125960851544273,0.000110990566775077
11951,1,82-5859,2017,5375,5161,213,94,88,4,Minor Arterial,3,Urban,Other Road,1,Detroit,0-99,0-99,100-199,EV,1,1,12.3956043956044,7.02958579881657,5.87002026614089e-05,2.35964197080873e-05
11951,1,82-5859,2017,5375,5161,213,94,88,4,Minor Arterial,3,Urban,Other Road,1,Detroit,0-99,0-99,100-199,NT,1,1,10.3296703296703,4.94674556213018,4.89168355511741e-05,1.66048879427281e-05
11980,1,82-6106,2018,3081,2918,162,84,70,4,Minor Arterial,3,Urban,Other Road,1,Detroit,0-99,0-99,100-199,AM,1,1,19.8682634730539,7.66423357664234,9.40874728796688e-05,2.57267607780978e-05
11980,1,82-6106,2018,3081,2918,162,84,70,4,Minor Arterial,3,Urban,Other Road,1,Detroit,0-99,0-99,100-199,MD,1,1,38.4790419161677,29.3795620437956,0.000182220042412523,9.86192496493749e-05
11980,1,82-6106,2018,3081,2918,162,84,70,4,Minor Arterial,3,Urban,Other Road,1,Detroit,0-99,0-99,100-199,PM,1,1,19.1137724550898,26.5693430656934,9.05145308715801e-05,8.9186104030739e-05
11980,1,82-6106,2018,3081,2918,162,84,70,4,Minor Arterial,3,Urban,Other Road,1,Detroit,0-99,0-99,100-199,EV,1,1,5.2814371257485,1.27737226277372,2.50105940566208e-05,4.2877934630163e-06
11980,1,82-6106,2018,3081,2918,162,84,70,4,Minor Arterial,3,Urban,Other Road,1,Detroit,0-99,0-99,100-199,NT,1,1,1.25748502994012,5.10948905109489,5.95490334681448e-06,1.71511738520652e-05
11981,0,82-5814,2018,345,238,106,28,81,5,Major Collector,3,Urban,Other Road,1,Detroit,0-99,0-99,100-199,AM,1,1,4.83636363636364,12.15,2.29029191750816e-05,4.07842663363645e-05
11981,0,82-5814,2018,345,238,106,28,81,5,Major Collector,3,Urban,Other Road,1,Detroit,0-99,0-99,100-199,MD,1,1,13.4909090909091,43.284375,6.38870903304908e-05,0.000145293948823298
11981,0,82-5814,2018,345,238,106,28,81,5,Major Collector,3,Urban,Other Road,1,Detroit,0-99,0-99,100-199,PM,1,1,5.34545454545455,11.896875,2.53137527724586e-05,3.99345941210235e-05
11981,0,82-5814,2018,345,238,106,28,81,5,Major Collector,3,Urban,Other Road,1,Detroit,0-99,0-99,100-199,EV,1,1,1.01818181818182,4.55625,4.82166719475403e-06,1.52940998761367e-05
11981,0,82-5814,2018,345,238,106,28,81,5,Major Collector,3,Urban,Other Road,1,Detroit,0-99,0-99,100-199,NT,1,1,3.30909090909091,9.1125,1.56704183829506e-05,3.05881997522734e-05
12024,1,82-1628,2019,9543.5,9272.5,271,155,63,3,Principal Arterial,3,Urban,Freeway/Prin. Art.,1,Detroit,0-99,100-199,200-499,AM,1,1,26.084142394822,13.6626506024096,0.000123523177729684,4.58618255991247e-05
12024,1,82-1628,2019,9543.5,9272.5,271,155,63,3,Principal Arterial,3,Urban,Freeway/Prin. Art.,1,Detroit,0-99,100-199,200-499,MD,1,1,61.9498381877023,27.4518072289157,0.000293367547108001,9.21482977315746e-05
12024,1,82-1628,2019,9543.5,9272.5,271,155,63,3,Principal Arterial,3,Urban,Freeway/Prin. Art.,1,Detroit,0-99,100-199,200-499,PM,1,1,30.4733009708738,14.8012048192771,0.000144308327828429,4.96836443990518e-05
12024,1,82-1628,2019,9543.5,9272.5,271,155,63,3,Principal Arterial,3,Urban,Freeway/Prin. Art.,1,Detroit,0-99,100-199,200-499,EV,1,1,15.6755663430421,2.78313253012048,7.42326789240892e-05,9.34222373315503e-06
12024,1,82-1628,2019,9543.5,9272.5,271,155,63,3,Principal Arterial,3,Urban,Freeway/Prin. Art.,1,Detroit,0-99,100-199,200-499,NT,1,1,20.8171521035599,4.30120481927711,9.85809976111905e-05,1.44379821330578e-05
12047,0,82-5903,2018,282,273,8,9,4,4,Minor Arterial,3,Urban,Other Road,1,Detroit,0-99,0-99,0-99,AM,1,1,1.125,0,5.32751174420367e-06,0
12047,0,82-5903,2018,282,273,8,9,4,4,Minor Arterial,3,Urban,Other Road,1,Detroit,0-99,0-99,0-99,MD,1,1,5.90625,2,2.79694366570693e-05,6.71345947923695e-06
12047,0,82-5903,2018,282,273,8,9,4,4,Minor Arterial,3,Urban,Other Road,1,Detroit,0-99,0-99,0-99,PM,1,1,0.84375,2,3.99563380815275e-06,6.71345947923695e-06
12047,0,82-5903,2018,282,273,8,9,4,4,Minor Arterial,3,Urban,Other Road,1,Detroit,0-99,0-99,0-99,EV,1,1,0.5625,0,2.66375587210183e-06,0
12047,0,82-5903,2018,282,273,8,9,4,4,Minor Arterial,3,Urban,Other Road,1,Detroit,0-99,0-99,0-99,NT,1,1,0.5625,0,2.66375587210183e-06,0
12055,0,82-5963,2019,176,144,32,23,3,4,Minor Arterial,1,Urban Business,Other Road,1,Detroit,0-99,0-99,0-99,AM,1,1,3,2,1.42066979845431e-05,6.71345947923695e-06
12055,0,82-5963,2019,176,144,32,23,3,4,Minor Arterial,1,Urban Business,Other Road,1,Detroit,0-99,0-99,0-99,MD,1,1,15.5,0,7.34012729201394e-05,0
12055,0,82-5963,2019,176,144,32,23,3,4,Minor Arterial,1,Urban Business,Other Road,1,Detroit,0-99,0-99,0-99,PM,1,1,2.5,0,1.18389149871193e-05,0
12055,0,82-5963,2019,176,144,32,23,3,4,Minor Arterial,1,Urban Business,Other Road,1,Detroit,0-99,0-99,0-99,EV,1,1,0,0,0,0
12055,0,82-5963,2019,176,144,32,23,3,4,Minor Arterial,1,Urban Business,Other Road,1,Detroit,0-99,0-99,0-99,NT,1,1,2,1,9.47113198969541e-06,3.35672973961847e-06
12065,0,82-5962,2019,1750,1671,79,30,4,4,Minor Arterial,1,Urban Business,Other Road,1,Detroit,0-99,0-99,0-99,AM,1,1,2,1.5,9.47113198969541e-06,5.03509460942771e-06
12065,0,82-5962,2019,1750,1671,79,30,4,4,Minor Arterial,1,Urban Business,Other Road,1,Detroit,0-99,0-99,0-99,MD,1,1,18.5,1.5,8.76079709046825e-05,5.03509460942771e-06
12065,0,82-5962,2019,1750,1671,79,30,4,4,Minor Arterial,1,Urban Business,Other Road,1,Detroit,0-99,0-99,0-99,PM,1,1,1.5,0.5,7.10334899227156e-06,1.67836486980924e-06
12065,0,82-5962,2019,1750,1671,79,30,4,4,Minor Arterial,1,Urban Business,Other Road,1,Detroit,0-99,0-99,0-99,EV,1,1,2,0,9.47113198969541e-06,0
12065,0,82-5962,2019,1750,1671,79,30,4,4,Minor Arterial,1,Urban Business,Other Road,1,Detroit,0-99,0-99,0-99,NT,1,1,6,0.5,2.84133959690862e-05,1.67836486980924e-06
12068,0,82-5983,2018,1288,1234,53,36,17,4,Minor Arterial,3,Urban,Other Road,1,Detroit,0-99,0-99,0-99,AM,1,1,8,3.71875,3.78845279587816e-05,1.24828387192062e-05
12068,0,82-5983,2018,1288,1234,53,36,17,4,Minor Arterial,3,Urban,Other Road,1,Detroit,0-99,0-99,0-99,MD,1,1,17.5,7.171875,8.28724049098348e-05,2.40740461013262e-05
12068,0,82-5983,2018,1288,1234,53,36,17,4,Minor Arterial,3,Urban,Other Road,1,Detroit,0-99,0-99,0-99,PM,1,1,5.25,3.453125,2.48617214729505e-05,1.159120738212e-05
12068,0,82-5983,2018,1288,1234,53,36,17,4,Minor Arterial,3,Urban,Other Road,1,Detroit,0-99,0-99,0-99,EV,1,1,0.25,0.53125,1.18389149871193e-06,1.78326267417231e-06
12068,0,82-5983,2018,1288,1234,53,36,17,4,Minor Arterial,3,Urban,Other Road,1,Detroit,0-99,0-99,0-99,NT,1,1,5,2.125,2.36778299742385e-05,7.13305069668926e-06
12112,0,82-5857,2019,1053,1029,24,18,5,4,Minor Arterial,3,Urban,Other Road,1,Detroit,0-99,0-99,0-99,AM,1,1,0.529411764705882,0.357142857142857,2.50706435021349e-06,1.19883204986374e-06
12112,0,82-5857,2019,1053,1029,24,18,5,4,Minor Arterial,3,Urban,Other Road,1,Detroit,0-99,0-99,0-99,MD,1,1,7.67647058823529,1.42857142857143,3.63524330780956e-05,4.79532819945496e-06
12112,0,82-5857,2019,1053,1029,24,18,5,4,Minor Arterial,3,Urban,Other Road,1,Detroit,0-99,0-99,0-99,PM,1,1,6.08823529411765,2.14285714285714,2.88312400274551e-05,7.19299229918244e-06
12112,0,82-5857,2019,1053,1029,24,18,5,4,Minor Arterial,3,Urban,Other Road,1,Detroit,0-99,0-99,0-99,EV,1,1,2.64705882352941,0.714285714285714,1.25353217510675e-05,2.39766409972748e-06
12112,0,82-5857,2019,1053,1029,24,18,5,4,Minor Arterial,3,Urban,Other Road,1,Detroit,0-99,0-99,0-99,NT,1,1,1.05882352941176,0.357142857142857,5.01412870042698e-06,1.19883204986374e-06
12138,1,82-6159,2019,3660,3295,365,126,192,3,Principal Arterial,3,Urban,Freeway/Prin. Art.,1,Detroit,100-199,100-199,200-499,AM,1,1,13.608,18.798955613577,6.44415820578876e-05,6.31030133818617e-05
12138,1,82-6159,2019,3660,3295,365,126,192,3,Principal Arterial,3,Urban,Freeway/Prin. Art.,1,Detroit,100-199,100-199,200-499,MD,1,1,45.36,68.4281984334204,0.000214805273526292,0.000229694968709976
12138,1,82-6159,2019,3660,3295,365,126,192,3,Principal Arterial,3,Urban,Freeway/Prin. Art.,1,Detroit,100-199,100-199,200-499,PM,1,1,37.296,69.6814621409922,0.00017661766934384,0.000233901836268767
12138,1,82-6159,2019,3660,3295,365,126,192,3,Principal Arterial,3,Urban,Freeway/Prin. Art.,1,Detroit,100-199,100-199,200-499,EV,1,1,14.616,27.822454308094,6.9215032580694e-05,9.33924598051552e-05
12138,1,82-6159,2019,3660,3295,365,126,192,3,Principal Arterial,3,Urban,Freeway/Prin. Art.,1,Detroit,100-199,100-199,200-499,NT,1,1,15.12,7.26892950391645,7.16017578420973e-05,2.43998318409865e-05
12176,1,82-1229,2019,19601,18442.5,1158,416,714,3,Principal Arterial,4,Suburban,Freeway/Prin. Art.,2,Other Wayne,500-999,200-499,1000-1999,AM,1,1,82.5476477683957,126.891578947368,0.00039090983372668,0.000425940736759777
12176,1,82-1229,2019,19601,18442.5,1158,416,714,3,Principal Arterial,4,Suburban,Freeway/Prin. Art.,2,Other Wayne,500-999,200-499,1000-1999,MD,1,1,166.600723763571,253.657894736842,0.000788948722171781,0.00085146099895217
12176,1,82-1229,2019,19601,18442.5,1158,416,714,3,Principal Arterial,4,Suburban,Freeway/Prin. Art.,2,Other Wayne,500-999,200-499,1000-1999,PM,1,1,87.5657418576598,158.708421052632,0.000414673349454746,0.000532741276875259
12176,1,82-1229,2019,19601,18442.5,1158,416,714,3,Principal Arterial,4,Suburban,Freeway/Prin. Art.,2,Other Wayne,500-999,200-499,1000-1999,EV,1,1,30.108564535585,59.1242105263158,0.000142581094368394,0.000198463995805148
12176,1,82-1229,2019,19601,18442.5,1158,416,714,3,Principal Arterial,4,Suburban,Freeway/Prin. Art.,2,Other Wayne,500-999,200-499,1000-1999,NT,1,1,49.1773220747889,115.617894736842,0.000232882454135044,0.000388098025695236
12181,1,82-6158,2017,4250,4107,142,67,56,4,Minor Arterial,3,Urban,Other Road,1,Detroit,0-99,0-99,100-199,AM,1,1,8.31203007518797,10.7889908256881,3.93621669722116e-05,3.6215726365058e-05
12181,1,82-6158,2017,4250,4107,142,67,56,4,Minor Arterial,3,Urban,Other Road,1,Detroit,0-99,0-99,100-199,MD,1,1,26.4473684210526,22.605504587156,0.000125243258547946,7.58805695267883e-05
12181,1,82-6158,2017,4250,4107,142,67,56,4,Minor Arterial,3,Urban,Other Road,1,Detroit,0-99,0-99,100-199,PM,1,1,18.890977443609,17.2110091743119,8.94594703913899e-05,5.77727063442593e-05
12181,1,82-6158,2017,4250,4107,142,67,56,4,Minor Arterial,3,Urban,Other Road,1,Detroit,0-99,0-99,100-199,EV,1,1,7.05263157894737,4.36697247706422,3.33982022794522e-05,1.46587463858568e-05
12181,1,82-6158,2017,4250,4107,142,67,56,4,Minor Arterial,3,Urban,Other Road,1,Detroit,0-99,0-99,100-199,NT,1,1,6.29699248120301,1.02752293577982,2.98198234637966e-05,3.44911679667219e-06
12200,0,82-5875,2018,1352,1328,23,21,3,4,Minor Arterial,3,Urban,Other Road,1,Detroit,0-99,0-99,0-99,AM,1,1,3.70588235294118,0.9,1.75494504514944e-05,3.02105676565663e-06
12200,0,82-5875,2018,1352,1328,23,21,3,4,Minor Arterial,3,Urban,Other Road,1,Detroit,0-99,0-99,0-99,MD,1,1,12.7235294117647,0.3,6.02531132167976e-05,1.00701892188554e-06
12200,0,82-5875,2018,1352,1328,23,21,3,4,Minor Arterial,3,Urban,Other Road,1,Detroit,0-99,0-99,0-99,PM,1,1,1.97647058823529,0.6,9.3597069074637e-06,2.01403784377109e-06
12200,0,82-5875,2018,1352,1328,23,21,3,4,Minor Arterial,3,Urban,Other Road,1,Detroit,0-99,0-99,0-99,EV,1,1,1.11176470588235,0.6,5.26483513544833e-06,2.01403784377109e-06
12200,0,82-5875,2018,1352,1328,23,21,3,4,Minor Arterial,3,Urban,Other Road,1,Detroit,0-99,0-99,0-99,NT,1,1,1.48235294117647,0.6,7.01978018059777e-06,2.01403784377109e-06
12205,0,82-5856,2019,1932,1867,65,43,21,4,Minor Arterial,3,Urban,Other Road,1,Detroit,0-99,0-99,0-99,AM,1,1,5.75,1.88461538461538,2.72295044703743e-05,6.32614450928097e-06
12205,0,82-5856,2019,1932,1867,65,43,21,4,Minor Arterial,3,Urban,Other Road,1,Detroit,0-99,0-99,0-99,MD,1,1,16.75,8.61538461538462,7.9320730413699e-05,2.8919517756713e-05
12205,0,82-5856,2019,1932,1867,65,43,21,4,Minor Arterial,3,Urban,Other Road,1,Detroit,0-99,0-99,0-99,PM,1,1,10.5,7,4.97234429459009e-05,2.34971081773293e-05
12205,0,82-5856,2019,1932,1867,65,43,21,4,Minor Arterial,3,Urban,Other Road,1,Detroit,0-99,0-99,0-99,EV,1,1,7.25,1.61538461538462,3.43328534626459e-05,5.42240957938369e-06
12205,0,82-5856,2019,1932,1867,65,43,21,4,Minor Arterial,3,Urban,Other Road,1,Detroit,0-99,0-99,0-99,NT,1,1,2.75,1.88461538461538,1.30228064858312e-05,6.32614450928097e-06
12218,1,82-2329,2019,8714,7997,717,207,505,5,Major Collector,3,Urban,Other Road,1,Detroit,500-999,200-499,500-999,AM,1,1,27.31598062954,59.4265143992056,0.000129356628985168,0.000199478748205679
12218,1,82-2329,2019,8714,7997,717,207,505,5,Major Collector,3,Urban,Other Road,1,Detroit,500-999,200-499,500-999,MD,1,1,85.7070217917676,248.237338629593,0.000405871257916766,0.000833265657061696
12218,1,82-2329,2019,8714,7997,717,207,505,5,Major Collector,3,Urban,Other Road,1,Detroit,500-999,200-499,500-999,PM,1,1,61.3983050847458,131.390268123138,0.000290755725700607,0.000441041620505383
12218,1,82-2329,2019,8714,7997,717,207,505,5,Major Collector,3,Urban,Other Road,1,Detroit,500-999,200-499,500-999,EV,1,1,16.2893462469734,23.5700099304866,7.71392741654672e-05,7.91181532967671e-05
12218,1,82-2329,2019,8714,7997,717,207,505,5,Major Collector,3,Urban,Other Road,1,Detroit,500-999,200-499,500-999,NT,1,1,16.2893462469734,42.375868917577,7.71392741654672e-05,0.000142244339437805
12260,0,82-5920,2019,2405,2255,150,44,16,3,Principal Arterial,3,Urban,Freeway/Prin. Art.,1,Detroit,0-99,0-99,0-99,AM,1,1,12.5,2,5.91945749355963e-05,6.71345947923695e-06
12260,0,82-5920,2019,2405,2255,150,44,16,3,Principal Arterial,3,Urban,Freeway/Prin. Art.,1,Detroit,0-99,0-99,0-99,MD,1,1,20.5,7.5,9.70791028943779e-05,2.51754730471386e-05
12260,0,82-5920,2019,2405,2255,150,44,16,3,Principal Arterial,3,Urban,Freeway/Prin. Art.,1,Detroit,0-99,0-99,0-99,PM,1,1,6.5,0.5,3.07811789665101e-05,1.67836486980924e-06
12260,0,82-5920,2019,2405,2255,150,44,16,3,Principal Arterial,3,Urban,Freeway/Prin. Art.,1,Detroit,0-99,0-99,0-99,EV,1,1,2,2,9.47113198969541e-06,6.71345947923695e-06
12260,0,82-5920,2019,2405,2255,150,44,16,3,Principal Arterial,3,Urban,Freeway/Prin. Art.,1,Detroit,0-99,0-99,0-99,NT,1,1,2.5,4,1.18389149871193e-05,1.34269189584739e-05
12264,0,82-5919,2019,2077,1956,121,28,2,3,Principal Arterial,3,Urban,Freeway/Prin. Art.,1,Detroit,0-99,0-99,0-99,AM,1,1,5,0,2.36778299742385e-05,0
12264,0,82-5919,2019,2077,1956,121,28,2,3,Principal Arterial,3,Urban,Freeway/Prin. Art.,1,Detroit,0-99,0-99,0-99,MD,1,1,8.5,2,4.02523109562055e-05,6.71345947923695e-06
12264,0,82-5919,2019,2077,1956,121,28,2,3,Principal Arterial,3,Urban,Freeway/Prin. Art.,1,Detroit,0-99,0-99,0-99,PM,1,1,8,0,3.78845279587816e-05,0
12264,0,82-5919,2019,2077,1956,121,28,2,3,Principal Arterial,3,Urban,Freeway/Prin. Art.,1,Detroit,0-99,0-99,0-99,EV,1,1,1.5,0,7.10334899227156e-06,0
12264,0,82-5919,2019,2077,1956,121,28,2,3,Principal Arterial,3,Urban,Freeway/Prin. Art.,1,Detroit,0-99,0-99,0-99,NT,1,1,5,0,2.36778299742385e-05,0
12269,0,82-5918,2019,1344,1256,88,47,10,3,Principal Arterial,3,Urban,Freeway/Prin. Art.,1,Detroit,0-99,0-99,0-99,AM,1,1,11.3709677419355,1.11111111111111,5.38479681672199e-05,3.72969971068719e-06
12269,0,82-5918,2019,1344,1256,88,47,10,3,Principal Arterial,3,Urban,Freeway/Prin. Art.,1,Detroit,0-99,0-99,0-99,MD,1,1,12.8870967741935,3.88888888888889,6.10276972561825e-05,1.30539489874052e-05
12269,0,82-5918,2019,1344,1256,88,47,10,3,Principal Arterial,3,Urban,Freeway/Prin. Art.,1,Detroit,0-99,0-99,0-99,PM,1,1,10.8655913978495,4.16666666666667,5.14547251375657e-05,1.3986373915077e-05
12269,0,82-5918,2019,1344,1256,88,47,10,3,Principal Arterial,3,Urban,Freeway/Prin. Art.,1,Detroit,0-99,0-99,0-99,EV,1,1,5.05376344086022,0.833333333333333,2.39324302965422e-05,2.7972747830154e-06
12269,0,82-5918,2019,1344,1256,88,47,10,3,Principal Arterial,3,Urban,Freeway/Prin. Art.,1,Detroit,0-99,0-99,0-99,NT,1,1,6.82258064516129,0,3.23087809003319e-05,0
12279,0,82-5906,2019,3182,3075,107,56,49,3,Principal Arterial,3,Urban,Freeway/Prin. Art.,1,Detroit,0-99,0-99,100-199,AM,1,1,7.31531531531532,9.44270833333333,3.46421584487958e-05,3.16966198850432e-05
12279,0,82-5906,2019,3182,3075,107,56,49,3,Principal Arterial,3,Urban,Freeway/Prin. Art.,1,Detroit,0-99,0-99,100-199,MD,1,1,24.2162162162162,16.84375,0.000114677490037393,5.65399165516987e-05
12279,0,82-5906,2019,3182,3075,107,56,49,3,Principal Arterial,3,Urban,Freeway/Prin. Art.,1,Detroit,0-99,0-99,100-199,PM,1,1,11.0990990990991,6.63541666666667,5.25605162671385e-05,2.22733004597601e-05
12279,0,82-5906,2019,3182,3075,107,56,49,3,Principal Arterial,3,Urban,Freeway/Prin. Art.,1,Detroit,0-99,0-99,100-199,EV,1,1,4.54054054054054,3.0625,2.15020293820112e-05,1.02799848275816e-05
12279,0,82-5906,2019,3182,3075,107,56,49,3,Principal Arterial,3,Urban,Freeway/Prin. Art.,1,Detroit,0-99,0-99,100-199,NT,1,1,8.82882882882883,13.015625,4.18095015761329e-05,4.36899355172217e-05
12298,1,82-6262,2019,6130,5346,784,607,81,4,Minor Arterial,1,Urban Business,Other Road,1,Detroit,0-99,500-999,500-999,AM,1,1,91.3252267106348,30.4378881987578,0.000432476638082639,0.000102171764527952
12298,1,82-6262,2019,6130,5346,784,607,81,4,Minor Arterial,1,Urban Business,Other Road,1,Detroit,0-99,500-999,500-999,MD,1,1,137.863561417972,20.1242236024845,0.000652861993379546,6.75515798531917e-05
12298,1,82-6262,2019,6130,5346,784,607,81,4,Minor Arterial,1,Urban Business,Other Road,1,Detroit,0-99,500-999,500-999,PM,1,1,156.128606760099,17.1055900621118,0.000739357320996074,5.74188428752129e-05
12298,1,82-6262,2019,6130,5346,784,607,81,4,Minor Arterial,1,Urban Business,Other Road,1,Detroit,0-99,500-999,500-999,EV,1,1,89.3235779060181,6.54037267080745,0.000422997698069869,2.19542634522873e-05
12298,1,82-6262,2019,6130,5346,784,607,81,4,Minor Arterial,1,Urban Business,Other Road,1,Detroit,0-99,500-999,500-999,NT,1,1,132.359027205276,6.79192546583851,0.000626794908344428,2.27986582004522e-05
12306,1,82-0554,2019,10173,9282.5,890,197,689,2,Other Freeway,4,Suburban,Freeway/Prin. Art.,2,Other Wayne,500-999,100-199,500-999,AM,1,1,27.1343784994401,93.864406779661,0.000128496640113275,0.000315077445728934
12306,1,82-0554,2019,10173,9282.5,890,197,689,2,Other Freeway,4,Suburban,Freeway/Prin. Art.,2,Other Wayne,500-999,100-199,500-999,MD,1,1,71.4759238521837,248.652542372881,0.000338478954444725,0.000834659383814794
12306,1,82-0554,2019,10173,9282.5,890,197,689,2,Other Freeway,4,Suburban,Freeway/Prin. Art.,2,Other Wayne,500-999,100-199,500-999,PM,1,1,46.1063829787234,137.822033898305,0.000218339819379468,0.000462631319961146
12306,1,82-0554,2019,10173,9282.5,890,197,689,2,Other Freeway,4,Suburban,Freeway/Prin. Art.,2,Other Wayne,500-999,100-199,500-999,EV,1,1,19.4132138857783,63.0169491525424,9.19325555281969e-05,0.000211530867320364
12306,1,82-0554,2019,10173,9282.5,890,197,689,2,Other Freeway,4,Suburban,Freeway/Prin. Art.,2,Other Wayne,500-999,100-199,500-999,NT,1,1,32.8701007838746,145.64406779661,0.000155658531519333,0.000488887773771891
12328,1,82-5835,2017,13772.5,12481.5,1290,327,909,3,Principal Arterial,3,Urban,Freeway/Prin. Art.,1,Detroit,500-999,200-499,1000-1999,AM,1,1,56.1601890756303,120.984915705413,0.000265950281650772,0.000406113664593593
12328,1,82-5835,2017,13772.5,12481.5,1290,327,909,3,Principal Arterial,3,Urban,Freeway/Prin. Art.,1,Detroit,500-999,200-499,1000-1999,MD,1,1,141.688550420168,415.650399290151,0.000670975481229012,0.00139522605658154
12328,1,82-5835,2017,13772.5,12481.5,1290,327,909,3,Principal Arterial,3,Urban,Freeway/Prin. Art.,1,Detroit,500-999,200-499,1000-1999,PM,1,1,80.5477941176471,250.304347826087,0.000381439394783523,0.000840204048303633
12328,1,82-5835,2017,13772.5,12481.5,1290,327,909,3,Principal Arterial,3,Urban,Freeway/Prin. Art.,1,Detroit,500-999,200-499,1000-1999,EV,1,1,17.8613445378151,60.7613132209406,8.45835758155361e-05,0.000203959307107004
12328,1,82-5835,2017,13772.5,12481.5,1290,327,909,3,Principal Arterial,3,Urban,Freeway/Prin. Art.,1,Detroit,500-999,200-499,1000-1999,NT,1,1,30.7421218487395,61.2990239574091,0.000145581346836355,0.00020576425672742
12373,0,82-0836,2019,13609,13194,415,134,34,3,Principal Arterial,2,Urban Fringe,Freeway/Prin. Art.,1,Detroit,0-99,100-199,100-199,AM,1,1,21.1342281879195,8.94736842105263,0.000100082532334063,3.00338976702706e-05
12373,0,82-0836,2019,13609,13194,415,134,34,3,Principal Arterial,2,Urban Fringe,Freeway/Prin. Art.,1,Detroit,0-99,100-199,100-199,MD,1,1,68.3489932885906,15.6578947368421,0.000323671168399524,5.25593209229735e-05
12373,0,82-0836,2019,13609,13194,415,134,34,3,Principal Arterial,2,Urban Fringe,Freeway/Prin. Art.,1,Detroit,0-99,100-199,100-199,PM,1,1,26.9798657718121,5.81578947368421,0.000127764934894549,1.95220334856759e-05
12373,0,82-0836,2019,13609,13194,415,134,34,3,Principal Arterial,2,Urban Fringe,Freeway/Prin. Art.,1,Detroit,0-99,100-199,100-199,EV,1,1,11.6912751677852,0,5.53648051209712e-05,0
12373,0,82-0836,2019,13609,13194,415,134,34,3,Principal Arterial,2,Urban Fringe,Freeway/Prin. Art.,1,Detroit,0-99,100-199,100-199,NT,1,1,5.84563758389262,3.57894736842105,2.76824025604856e-05,1.20135590681082e-05
12470,0,82-5887,2019,1851,1760.5,90,37,20,3,Principal Arterial,3,Urban,Freeway/Prin. Art.,1,Detroit,0-99,0-99,0-99,AM,1,1,2.22,1.21951219512195,1.05129565085619e-05,4.09357285319326e-06
12470,0,82-5887,2019,1851,1760.5,90,37,20,3,Principal Arterial,3,Urban,Freeway/Prin. Art.,1,Detroit,0-99,0-99,0-99,MD,1,1,13.32,7.5609756097561,6.30777390513714e-05,2.53801516897982e-05
12470,0,82-5887,2019,1851,1760.5,90,37,20,3,Principal Arterial,3,Urban,Freeway/Prin. Art.,1,Detroit,0-99,0-99,0-99,PM,1,1,15.0466666666667,9.02439024390244,7.12544830024751e-05,3.02924391136301e-05
12470,0,82-5887,2019,1851,1760.5,90,37,20,3,Principal Arterial,3,Urban,Freeway/Prin. Art.,1,Detroit,0-99,0-99,0-99,EV,1,1,3.20666666666667,0.975609756097561,1.51853816234783e-05,3.27485828255461e-06
12470,0,82-5887,2019,1851,1760.5,90,37,20,3,Principal Arterial,3,Urban,Freeway/Prin. Art.,1,Detroit,0-99,0-99,0-99,NT,1,1,3.20666666666667,1.21951219512195,1.51853816234783e-05,4.09357285319326e-06
12491,1,82-5837,2018,11074,10693,380,174,177,3,Principal Arterial,3,Urban,Freeway/Prin. Art.,1,Detroit,100-199,100-199,200-499,AM,1,1,27.1572916666667,13.3845297029703,0.000128605146928828,4.49282489047672e-05
12491,1,82-5837,2018,11074,10693,380,174,177,3,Principal Arterial,3,Urban,Freeway/Prin. Art.,1,Detroit,100-199,100-199,200-499,MD,1,1,67.6364583333333,59.1679455445545,0.000320296912095267,0.000198610802441532
12491,1,82-5837,2018,11074,10693,380,174,177,3,Principal Arterial,3,Urban,Freeway/Prin. Art.,1,Detroit,100-199,100-199,200-499,PM,1,1,40.5697916666667,64.7758663366337,0.000192120925834722,0.000217435076941729
12491,1,82-5837,2018,11074,10693,380,174,177,3,Principal Arterial,3,Urban,Freeway/Prin. Art.,1,Detroit,100-199,100-199,200-499,EV,1,1,17.0979166666667,29.9235148514852,8.09683127494065e-05,0.000100445152215895
12491,1,82-5837,2018,11074,10693,380,174,177,3,Principal Arterial,3,Urban,Freeway/Prin. Art.,1,Detroit,100-199,100-199,200-499,NT,1,1,21.5385416666667,9.74814356435644,0.000101997185495277,3.27218834085457e-05
12492,0,82-1541,2019,4285,4216,69,49,11,3,Principal Arterial,3,Urban,Freeway/Prin. Art.,1,Detroit,0-99,0-99,0-99,AM,1,1,9.97345132743363,2.16292134831461,4.72299369574634e-05,7.26034241434333e-06
12492,0,82-1541,2019,4285,4216,69,49,11,3,Principal Arterial,3,Urban,Freeway/Prin. Art.,1,Detroit,0-99,0-99,0-99,MD,1,1,21.0309734513274,3.64606741573034,9.95935627146511e-05,1.22388629270359e-05
12492,0,82-1541,2019,4285,4216,69,49,11,3,Principal Arterial,3,Urban,Freeway/Prin. Art.,1,Detroit,0-99,0-99,0-99,PM,1,1,11.1659292035398,2.03932584269663,5.28769946371601e-05,6.84546570495228e-06
12492,0,82-1541,2019,4285,4216,69,49,11,3,Principal Arterial,3,Urban,Freeway/Prin. Art.,1,Detroit,0-99,0-99,0-99,EV,1,1,3.57743362831858,2.96629213483146,1.69411730390901e-05,9.95704102538514e-06
12492,0,82-1541,2019,4285,4216,69,49,11,3,Principal Arterial,3,Urban,Freeway/Prin. Art.,1,Detroit,0-99,0-99,0-99,NT,1,1,3.25221238938053,0.185393258426966,1.54010663991728e-05,6.22315064086571e-07
12510,1,82-1228,2019,16665.5,16209,456,195,195,3,Principal Arterial,4,Suburban,Freeway/Prin. Art.,2,Other Wayne,100-199,100-199,200-499,AM,1,1,27.9283887468031,27.25,0.000132256728040248,9.14708854046034e-05
12510,1,82-1228,2019,16665.5,16209,456,195,195,3,Principal Arterial,4,Suburban,Freeway/Prin. Art.,2,Other Wayne,100-199,100-199,200-499,MD,1,1,83.7851662404092,82,0.000396770184120744,0.000275251838648715
12510,1,82-1228,2019,16665.5,16209,456,195,195,3,Principal Arterial,4,Suburban,Freeway/Prin. Art.,2,Other Wayne,100-199,100-199,200-499,PM,1,1,45.1342710997443,42.5,0.000213736319422186,0.000142661013933785
12510,1,82-1228,2019,16665.5,16209,456,195,195,3,Principal Arterial,4,Suburban,Freeway/Prin. Art.,2,Other Wayne,100-199,100-199,200-499,EV,1,1,18.2033248081841,14.5,8.62030459548044e-05,4.86725812244679e-05
12510,1,82-1228,2019,16665.5,16209,456,195,195,3,Principal Arterial,4,Suburban,Freeway/Prin. Art.,2,Other Wayne,100-199,100-199,200-499,NT,1,1,19.9488491048593,28.75,9.44690914573199e-05,9.65059800140311e-05
12538,1,82-5944,2017,4164,3797,366,150,81,3,Principal Arterial,1,Urban Business,Freeway/Prin. Art.,1,Detroit,0-99,100-199,200-499,AM,1,1,21.8227424749164,25.120253164557,0.000103343037178533,8.43219008642134e-05
12538,1,82-5944,2017,4164,3797,366,150,81,3,Principal Arterial,1,Urban Business,Freeway/Prin. Art.,1,Detroit,0-99,100-199,200-499,MD,1,1,49.1638795986622,20.5063291139241,0.000232818796402212,6.8834204787113e-05
12538,1,82-5944,2017,4164,3797,366,150,81,3,Principal Arterial,1,Urban Business,Freeway/Prin. Art.,1,Detroit,0-99,100-199,200-499,PM,1,1,43.8963210702341,28.7088607594937,0.000207873925359117,9.63678867019582e-05
12538,1,82-5944,2017,4164,3797,366,150,81,3,Principal Arterial,1,Urban Business,Freeway/Prin. Art.,1,Detroit,0-99,100-199,200-499,EV,1,1,20.819397993311,4.10126582278481,9.85916331703243e-05,1.37668409574226e-05
12538,1,82-5944,2017,4164,3797,366,150,81,3,Principal Arterial,1,Urban Business,Freeway/Prin. Art.,1,Detroit,0-99,100-199,200-499,NT,1,1,14.2976588628763,2.56329113924051,6.77075071169697e-05,8.60427559838913e-06
12590,0,82-5943,2019,3529,3292,237,171,24,3,Principal Arterial,1,Urban Business,Freeway/Prin. Art.,1,Detroit,0-99,100-199,100-199,AM,1,1,29.1705882352941,9.27272727272727,0.000138139245696763,3.11260394037349e-05
12590,0,82-5943,2019,3529,3292,237,171,24,3,Principal Arterial,1,Urban Business,Freeway/Prin. Art.,1,Detroit,0-99,100-199,100-199,MD,1,1,48.5338235294118,7.36363636363636,0.000229835124305822,2.47177371735542e-05
12590,0,82-5943,2019,3529,3292,237,171,24,3,Principal Arterial,1,Urban Business,Freeway/Prin. Art.,1,Detroit,0-99,100-199,100-199,PM,1,1,40.4867647058824,4.09090909090909,0.000191727746182577,1.37320762075301e-05
12590,0,82-5943,2019,3529,3292,237,171,24,3,Principal Arterial,1,Urban Business,Freeway/Prin. Art.,1,Detroit,0-99,100-199,100-199,EV,1,1,25.1470588235294,2.72727272727273,0.000119085556635141,9.15471747168675e-06
12590,0,82-5943,2019,3529,3292,237,171,24,3,Principal Arterial,1,Urban Business,Freeway/Prin. Art.,1,Detroit,0-99,100-199,100-199,NT,1,1,27.6617647058824,0.545454545454545,0.000130994112298655,1.83094349433735e-06
12592,0,82-5942,2019,1322,1280,42,34,7,3,Principal Arterial,1,Urban Business,Freeway/Prin. Art.,1,Detroit,0-99,0-99,0-99,AM,1,1,3.80597014925373,0.7,1.80234228162114e-05,2.34971081773293e-06
12592,0,82-5942,2019,1322,1280,42,34,7,3,Principal Arterial,1,Urban Business,Freeway/Prin. Art.,1,Detroit,0-99,0-99,0-99,MD,1,1,11.1641791044776,3.15,5.28687069275535e-05,1.05736986797982e-05
12592,0,82-5942,2019,1322,1280,42,34,7,3,Principal Arterial,1,Urban Business,Freeway/Prin. Art.,1,Detroit,0-99,0-99,0-99,PM,1,1,11.6716417910448,2.45,5.5271829969715e-05,8.22398786206526e-06
12592,0,82-5942,2019,1322,1280,42,34,7,3,Principal Arterial,1,Urban Business,Freeway/Prin. Art.,1,Detroit,0-99,0-99,0-99,EV,1,1,4.05970149253731,0,1.92249843372922e-05,0
12592,0,82-5942,2019,1322,1280,42,34,7,3,Principal Arterial,1,Urban Business,Freeway/Prin. Art.,1,Detroit,0-99,0-99,0-99,NT,1,1,3.29850746268657,0.7,1.56202997740499e-05,2.34971081773293e-06
12638,0,82-1116,2019,2172,2043,129,104,13,5,Major Collector,3,Urban,Other Road,1,Detroit,0-99,100-199,100-199,AM,1,1,8.28985507246377,2.82608695652174,3.92571557833752e-05,9.48641013370438e-06
12638,0,82-1116,2019,2172,2043,129,104,13,5,Major Collector,3,Urban,Other Road,1,Detroit,0-99,100-199,100-199,MD,1,1,20.0966183574879,6.78260869565217,9.51688625051519e-05,2.27673843208905e-05
12638,0,82-1116,2019,2172,2043,129,104,13,5,Major Collector,3,Urban,Other Road,1,Detroit,0-99,100-199,100-199,PM,1,1,33.1594202898551,1.97826086956522,0.000157028623133501,6.64048709359307e-06
12638,0,82-1116,2019,2172,2043,129,104,13,5,Major Collector,3,Urban,Other Road,1,Detroit,0-99,100-199,100-199,EV,1,1,35.1690821256039,1.41304347826087,0.000166545509384016,4.74320506685219e-06
12638,0,82-1116,2019,2172,2043,129,104,13,5,Major Collector,3,Urban,Other Road,1,Detroit,0-99,100-199,100-199,NT,1,1,7.28502415458937,0,3.44987126581176e-05,0
12659,0,82-1841,2018,3114,3092.5,21,15,7,4,Minor Arterial,3,Urban,Other Road,1,Detroit,0-99,0-99,0-99,AM,1,1,2.75,0,1.30228064858312e-05,0
12659,0,82-1841,2018,3114,3092.5,21,15,7,4,Minor Arterial,3,Urban,Other Road,1,Detroit,0-99,0-99,0-99,MD,1,1,6,2.15384615384615,2.84133959690862e-05,7.22987943917825e-06
12659,0,82-1841,2018,3114,3092.5,21,15,7,4,Minor Arterial,3,Urban,Other Road,1,Detroit,0-99,0-99,0-99,PM,1,1,4.125,3.90384615384615,1.95342097287468e-05,1.31041564835106e-05
12659,0,82-1841,2018,3114,3092.5,21,15,7,4,Minor Arterial,3,Urban,Other Road,1,Detroit,0-99,0-99,0-99,EV,1,1,0.625,0.942307692307692,2.95972874677982e-06,3.16307225464049e-06
12659,0,82-1841,2018,3114,3092.5,21,15,7,4,Minor Arterial,3,Urban,Other Road,1,Detroit,0-99,0-99,0-99,NT,1,1,1.5,0,7.10334899227156e-06,0
12672,0,82-6179,2018,4621,4294,326,247,40,3,Principal Arterial,3,Urban,Freeway/Prin. Art.,1,Detroit,0-99,200-499,200-499,AM,1,1,59.8635437881874,3.63636363636364,0.000283487762294417,1.2206289962249e-05
12672,0,82-6179,2018,4621,4294,326,247,40,3,Principal Arterial,3,Urban,Freeway/Prin. Art.,1,Detroit,0-99,200-499,200-499,MD,1,1,62.1272912423625,11.9480519480519,0.000294207887759332,4.01063813045324e-05
12672,0,82-6179,2018,4621,4294,326,247,40,3,Principal Arterial,3,Urban,Freeway/Prin. Art.,1,Detroit,0-99,200-499,200-499,PM,1,1,69.1700610997963,22.8571428571429,0.000327559389205734,7.67252511912794e-05
12672,0,82-6179,2018,4621,4294,326,247,40,3,Principal Arterial,3,Urban,Freeway/Prin. Art.,1,Detroit,0-99,200-499,200-499,EV,1,1,12.5763747454175,0.51948051948052,5.95562525828606e-05,1.74375570889271e-06
12672,0,82-6179,2018,4621,4294,326,247,40,3,Principal Arterial,3,Urban,Freeway/Prin. Art.,1,Detroit,0-99,200-499,200-499,NT,1,1,43.2627291242363,1.03896103896104,0.000204873508885041,3.48751141778543e-06
12683,0,82-0882,2019,12709,12332,377,148,43,3,Principal Arterial,3,Urban,Freeway/Prin. Art.,1,Detroit,0-99,100-199,100-199,AM,1,1,37.2242424242424,8.0625,0.00017627785660821,2.70636335256739e-05
12683,0,82-0882,2019,12709,12332,377,148,43,3,Principal Arterial,3,Urban,Freeway/Prin. Art.,1,Detroit,0-99,100-199,100-199,MD,1,1,71.7575757575758,23.2916666666667,0.000339812735630284,7.81838301852803e-05
12683,0,82-0882,2019,12709,12332,377,148,43,3,Principal Arterial,3,Urban,Freeway/Prin. Art.,1,Detroit,0-99,100-199,100-199,PM,1,1,25.1151515151515,9.85416666666667,0.000118934457470599,3.3077774309157e-05
12683,0,82-0882,2019,12709,12332,377,148,43,3,Principal Arterial,3,Urban,Freeway/Prin. Art.,1,Detroit,0-99,100-199,100-199,EV,1,1,3.58787878787879,1.79166666666667,1.69906367815142e-05,6.0141407834831e-06
12683,0,82-0882,2019,12709,12332,377,148,43,3,Principal Arterial,3,Urban,Freeway/Prin. Art.,1,Detroit,0-99,100-199,100-199,NT,1,1,10.3151515151515,0,4.88480807468533e-05,0
12763,1,82-6142,2018,3345,3159,185,128,59,5,Major Collector,3,Urban,Other Road,1,Detroit,0-99,100-199,100-199,AM,1,1,15.0167597765363,2.86194029850746,7.11128569505622e-05,9.60676011301257e-06
12763,1,82-6142,2018,3345,3159,185,128,59,5,Major Collector,3,Urban,Other Road,1,Detroit,0-99,100-199,100-199,MD,1,1,36.4692737430168,3.74253731343284,0.000172702652594222,1.25626863016318e-05
12763,1,82-6142,2018,3345,3159,185,128,59,5,Major Collector,3,Urban,Other Road,1,Detroit,0-99,100-199,100-199,PM,1,1,58.9944134078212,50.0839552238806,0.000279371938020066,0.00016811830197772
12763,1,82-6142,2018,3345,3159,185,128,59,5,Major Collector,3,Urban,Other Road,1,Detroit,0-99,100-199,100-199,EV,1,1,12.1564245810056,1.87126865671642,5.75675508647408e-05,6.28134315081591e-06
12763,1,82-6142,2018,3345,3159,185,128,59,5,Major Collector,3,Urban,Other Road,1,Detroit,0-99,100-199,100-199,NT,1,1,5.36312849162011,0.440298507462687,2.53974489109151e-05,1.47796309430963e-06
12802,0,82-3360,2019,15147,14769,378,152,45,3,Principal Arterial,3,Urban,Freeway/Prin. Art.,1,Detroit,0-99,100-199,100-199,AM,1,1,26.5116279069767,6.17647058823529,0.000125547563584335,2.07327425094082e-05
12802,0,82-3360,2019,15147,14769,378,152,45,3,Principal Arterial,3,Urban,Freeway/Prin. Art.,1,Detroit,0-99,100-199,100-199,MD,1,1,71.1395348837209,24.2647058823529,0.000336885962284631,8.14500598583894e-05
12802,0,82-3360,2019,15147,14769,378,152,45,3,Principal Arterial,3,Urban,Freeway/Prin. Art.,1,Detroit,0-99,100-199,100-199,PM,1,1,42.4186046511628,10.5882352941176,0.000200876101734935,3.55418443018427e-05
12802,0,82-3360,2019,15147,14769,378,152,45,3,Principal Arterial,3,Urban,Freeway/Prin. Art.,1,Detroit,0-99,100-199,100-199,EV,1,1,6.62790697674419,2.20588235294118,3.13868908960836e-05,7.40455089621722e-06
12802,0,82-3360,2019,15147,14769,378,152,45,3,Principal Arterial,3,Urban,Freeway/Prin. Art.,1,Detroit,0-99,100-199,100-199,NT,1,1,5.30232558139535,1.76470588235294,2.51095127168669e-05,5.92364071697378e-06
12838,1,82-5855,2017,3592,3166,425,128,302,4,Minor Arterial,3,Urban,Other Road,1,Detroit,200-499,100-199,200-499,AM,1,1,22.6771653543307,41.3422370617696,0.000107389213111507,0.000138774716647599
12838,1,82-5855,2017,3592,3166,425,128,302,4,Minor Arterial,3,Urban,Other Road,1,Detroit,200-499,100-199,200-499,MD,1,1,20.9133858267717,95.5409015025042,9.90367187583898e-05,0.000320704985423415
12838,1,82-5855,2017,3592,3166,425,128,302,4,Minor Arterial,3,Urban,Other Road,1,Detroit,200-499,100-199,200-499,PM,1,1,55.6850393700788,114.447412353923,0.0002637001788627,0.000384169032670793
12838,1,82-5855,2017,3592,3166,425,128,302,4,Minor Arterial,3,Urban,Other Road,1,Detroit,200-499,100-199,200-499,EV,1,1,19.6535433070866,21.4273789649416,9.30706513633061e-05,7.19259202136947e-05
12838,1,82-5855,2017,3592,3166,425,128,302,4,Minor Arterial,3,Urban,Other Road,1,Detroit,200-499,100-199,200-499,NT,1,1,9.07086614173228,29.2420701168614,4.29556852446028e-05,9.81577264092774e-05
12894,1,82-7306,2019,19653,19272,381,145,68,3,Principal Arterial,3,Urban,Freeway/Prin. Art.,1,Detroit,0-99,100-199,200-499,AM,1,1,17.3466257668712,15.8961038961039,8.21460911069441e-05,5.3358924692117e-05
12894,1,82-7306,2019,19653,19272,381,145,68,3,Principal Arterial,3,Urban,Freeway/Prin. Art.,1,Detroit,0-99,100-199,200-499,MD,1,1,70.2760736196319,22.0779220779221,0.000332796984484543,7.41096176279403e-05
12894,1,82-7306,2019,19653,19272,381,145,68,3,Principal Arterial,3,Urban,Freeway/Prin. Art.,1,Detroit,0-99,100-199,200-499,PM,1,1,42.6993865030675,22.0779220779221,0.000202205762724785,7.41096176279404e-05
12894,1,82-7306,2019,19653,19272,381,145,68,3,Principal Arterial,3,Urban,Freeway/Prin. Art.,1,Detroit,0-99,100-199,200-499,EV,1,1,10.6748466257669,6.18181818181818,5.05514406811964e-05,2.07506929358233e-05
12894,1,82-7306,2019,19653,19272,381,145,68,3,Principal Arterial,3,Urban,Freeway/Prin. Art.,1,Detroit,0-99,100-199,200-499,NT,1,1,4.00306748466258,1.76623376623377,1.89567902554486e-05,5.92876941023523e-06
12924,0,82-6084,2017,2850.5,2786.5,63,37,23,3,Principal Arterial,3,Urban,Freeway/Prin. Art.,1,Detroit,0-99,0-99,0-99,AM,1,1,10.9261744966443,8.46703296703297,5.1741620400081e-05,2.84215413667696e-05
12924,0,82-6084,2017,2850.5,2786.5,63,37,23,3,Principal Arterial,3,Urban,Freeway/Prin. Art.,1,Detroit,0-99,0-99,0-99,MD,1,1,13.5335570469799,6.06593406593407,6.40890525410094e-05,2.03617012776857e-05
12924,0,82-6084,2017,2850.5,2786.5,63,37,23,3,Principal Arterial,3,Urban,Freeway/Prin. Art.,1,Detroit,0-99,0-99,0-99,PM,1,1,11.4228187919463,6.6978021978022,5.40935122364483e-05,2.24827118274446e-05
12924,0,82-6084,2017,2850.5,2786.5,63,37,23,3,Principal Arterial,3,Urban,Freeway/Prin. Art.,1,Detroit,0-99,0-99,0-99,EV,1,1,0.124161073825503,0.884615384615385,5.87972959091829e-07,2.9694147696625e-06
12924,0,82-6084,2017,2850.5,2786.5,63,37,23,3,Principal Arterial,3,Urban,Freeway/Prin. Art.,1,Detroit,0-99,0-99,0-99,NT,1,1,0.993288590604027,0.884615384615385,4.70378367273463e-06,2.9694147696625e-06
13077,1,82-6110,2019,2414,2210.5,203,106,73,4,Minor Arterial,3,Urban,Other Road,1,Detroit,0-99,100-199,100-199,AM,1,1,20.6525821596244,19.8639455782313,9.78016657809157e-05,6.66778968686119e-05
13077,1,82-6110,2019,2414,2210.5,203,106,73,4,Minor Arterial,3,Urban,Other Road,1,Detroit,0-99,100-199,100-199,MD,1,1,53.4976525821596,31.2857142857143,0.000253341664372252,0.000105017687568064
13077,1,82-6110,2019,2414,2210.5,203,106,73,4,Minor Arterial,3,Urban,Other Road,1,Detroit,0-99,100-199,100-199,PM,1,1,17.169014084507,9.93197278911565,8.13049992636528e-05,3.33389484343059e-05
13077,1,82-6110,2019,2414,2210.5,203,106,73,4,Minor Arterial,3,Urban,Other Road,1,Detroit,0-99,100-199,100-199,EV,1,1,4.97652582159624,0.993197278911565,2.35666664532327e-05,3.33389484343059e-06
13077,1,82-6110,2019,2414,2210.5,203,106,73,4,Minor Arterial,3,Urban,Other Road,1,Detroit,0-99,100-199,100-199,NT,1,1,9.70422535211268,10.9251700680272,4.59549995838038e-05,3.66728432777365e-05
13078,1,82-7265,2019,22785,21041,1744,603,962,3,Principal Arterial,3,Urban,Freeway/Prin. Art.,1,Detroit,500-999,500-999,1000-1999,AM,1,1,119.428251121076,146.959700093721,0.000565560364833101,0.000493303995830004
13078,1,82-7265,2019,22785,21041,1744,603,962,3,Principal Arterial,3,Urban,Freeway/Prin. Art.,1,Detroit,500-999,500-999,1000-1999,MD,1,1,248.320627802691,355.227741330834,0.00117593872084165,0.00119240352366271
13078,1,82-7265,2019,22785,21041,1744,603,962,3,Principal Arterial,3,Urban,Freeway/Prin. Art.,1,Detroit,500-999,500-999,1000-1999,PM,1,1,150.52466367713,201.055295220244,0.000712819478695304,0.000674888288773564
13078,1,82-7265,2019,22785,21041,1744,603,962,3,Principal Arterial,3,Urban,Freeway/Prin. Art.,1,Detroit,500-999,500-999,1000-1999,EV,1,1,26.5896860986547,83.8481724461106,0.000125917213302464,0.000281455654062518
13078,1,82-7265,2019,22785,21041,1744,603,962,3,Principal Arterial,3,Urban,Freeway/Prin. Art.,1,Detroit,500-999,500-999,1000-1999,NT,1,1,58.1367713004484,174.909090909091,0.000275310517220642,0.000587122547184177
13119,1,82-7341,2019,9594,9123,471,176,131,3,Principal Arterial,3,Urban,Freeway/Prin. Art.,1,Detroit,100-199,100-199,200-499,AM,1,1,25.8556701030928,28.2013888888889,0.000122441232114207,9.46644407818793e-05
13119,1,82-7341,2019,9594,9123,471,176,131,3,Principal Arterial,3,Urban,Freeway/Prin. Art.,1,Detroit,100-199,100-199,200-499,MD,1,1,83.4639175257732,44.1215277777778,0.000395248889631825,0.000148104044449069
13119,1,82-7341,2019,9594,9123,471,176,131,3,Principal Arterial,3,Urban,Freeway/Prin. Art.,1,Detroit,100-199,100-199,200-499,PM,1,1,33.1134020618557,20.9236111111111,0.000156810700777844,7.02349076768782e-05
13119,1,82-7341,2019,9594,9123,471,176,131,3,Principal Arterial,3,Urban,Freeway/Prin. Art.,1,Detroit,100-199,100-199,200-499,EV,1,1,11.340206185567,9.55208333333333,5.37022947869327e-05,3.2063762200314e-05
13119,1,82-7341,2019,9594,9123,471,176,131,3,Principal Arterial,3,Urban,Freeway/Prin. Art.,1,Detroit,100-199,100-199,200-499,NT,1,1,22.2268041237113,28.2013888888889,0.000105256497782388,9.46644407818793e-05
13133,0,82-2320,2019,269,254,15,7,8,5,Major Collector,3,Urban,Other Road,1,Detroit,0-99,0-99,0-99,AM,1,1,0,0.666666666666667,0,2.23781982641232e-06
13133,0,82-2320,2019,269,254,15,7,8,5,Major Collector,3,Urban,Other Road,1,Detroit,0-99,0-99,0-99,MD,1,1,4.03846153846154,3,1.91244011330388e-05,1.00701892188554e-05
13133,0,82-2320,2019,269,254,15,7,8,5,Major Collector,3,Urban,Other Road,1,Detroit,0-99,0-99,0-99,PM,1,1,2.15384615384615,3.33333333333333,1.01996806042874e-05,1.11890991320616e-05
13133,0,82-2320,2019,269,254,15,7,8,5,Major Collector,3,Urban,Other Road,1,Detroit,0-99,0-99,0-99,EV,1,1,0.269230769230769,0.333333333333333,1.27496007553592e-06,1.11890991320616e-06
13133,0,82-2320,2019,269,254,15,7,8,5,Major Collector,3,Urban,Other Road,1,Detroit,0-99,0-99,0-99,NT,1,1,0.538461538461539,0.666666666666667,2.54992015107184e-06,2.23781982641232e-06
13137,1,82-2545,2019,4734,3907,827,353,443,3,Principal Arterial,3,Urban,Freeway/Prin. Art.,1,Detroit,200-499,200-499,500-999,AM,1,1,59.2517780938834,79.699772985244,0.000280590705475656,0.00026753059822041
13137,1,82-2545,2019,4734,3907,827,353,443,3,Principal Arterial,3,Urban,Freeway/Prin. Art.,1,Detroit,200-499,200-499,500-999,MD,1,1,139.091038406828,207.671963677639,0.00065867479166743,0.000697098656561699
13137,1,82-2545,2019,4734,3907,827,353,443,3,Principal Arterial,3,Urban,Freeway/Prin. Art.,1,Detroit,200-499,200-499,500-999,PM,1,1,80.3413940256046,98.5561861520999,0.000380461973526313,0.000330826481080128
13137,1,82-2545,2019,4734,3907,827,353,443,3,Principal Arterial,3,Urban,Freeway/Prin. Art.,1,Detroit,200-499,200-499,500-999,EV,1,1,35.651493598862,19.1078320090806,0.000168830000752302,6.41398279645146e-05
13137,1,82-2545,2019,4734,3907,827,353,443,3,Principal Arterial,3,Urban,Freeway/Prin. Art.,1,Detroit,200-499,200-499,500-999,NT,1,1,38.6642958748222,37.9642451759364,0.000183097324759538,0.000127435710824233
13182,1,82-5813,2019,6415,5348,1067,468,593,3,Principal Arterial,3,Urban,Freeway/Prin. Art.,1,Detroit,500-999,200-499,1000-1999,AM,1,1,84,113,0.000397787543567207,0.000379310460576888
13182,1,82-5813,2019,6415,5348,1067,468,593,3,Principal Arterial,3,Urban,Freeway/Prin. Art.,1,Detroit,500-999,200-499,1000-1999,MD,1,1,201,266.5,0.000951848764964389,0.000894568475608323
13182,1,82-5813,2019,6415,5348,1067,468,593,3,Principal Arterial,3,Urban,Freeway/Prin. Art.,1,Detroit,500-999,200-499,1000-1999,PM,1,1,104.5,95,0.000494866646461585,0.000318889325263755
13182,1,82-5813,2019,6415,5348,1067,468,593,3,Principal Arterial,3,Urban,Freeway/Prin. Art.,1,Detroit,500-999,200-499,1000-1999,EV,1,1,19.5,34.5,9.23435368995302e-05,0.000115807176016837
13182,1,82-5813,2019,6415,5348,1067,468,593,3,Principal Arterial,3,Urban,Freeway/Prin. Art.,1,Detroit,500-999,200-499,1000-1999,NT,1,1,59,84,0.000279398393696015,0.000281965298127952
13191,1,82-0554,2019,10173,9282.5,890,197,689,2,Other Freeway,4,Suburban,Freeway/Prin. Art.,2,Other Wayne,500-999,100-199,500-999,AM,1,1,27.1343784994401,93.864406779661,0.000128496640113275,0.000315077445728934
13191,1,82-0554,2019,10173,9282.5,890,197,689,2,Other Freeway,4,Suburban,Freeway/Prin. Art.,2,Other Wayne,500-999,100-199,500-999,MD,1,1,71.4759238521837,248.652542372881,0.000338478954444725,0.000834659383814794
13191,1,82-0554,2019,10173,9282.5,890,197,689,2,Other Freeway,4,Suburban,Freeway/Prin. Art.,2,Other Wayne,500-999,100-199,500-999,PM,1,1,46.1063829787234,137.822033898305,0.000218339819379468,0.000462631319961146
13191,1,82-0554,2019,10173,9282.5,890,197,689,2,Other Freeway,4,Suburban,Freeway/Prin. Art.,2,Other Wayne,500-999,100-199,500-999,EV,1,1,19.4132138857783,63.0169491525424,9.19325555281969e-05,0.000211530867320364
13191,1,82-0554,2019,10173,9282.5,890,197,689,2,Other Freeway,4,Suburban,Freeway/Prin. Art.,2,Other Wayne,500-999,100-199,500-999,NT,1,1,32.8701007838746,145.64406779661,0.000155658531519333,0.000488887773771891
13203,0,82-5893,2019,2087.5,2025.5,62,36,6,4,Minor Arterial,3,Urban,Other Road,1,Detroit,0-99,0-99,0-99,AM,1,1,6.33103448275862,1.36363636363636,2.998103160876e-05,4.57735873584337e-06
13203,0,82-5893,2019,2087.5,2025.5,62,36,6,4,Minor Arterial,3,Urban,Other Road,1,Detroit,0-99,0-99,0-99,MD,1,1,8.19310344827586,1.36363636363636,3.87989820819246e-05,4.57735873584337e-06
13203,0,82-5893,2019,2087.5,2025.5,62,36,6,4,Minor Arterial,3,Urban,Other Road,1,Detroit,0-99,0-99,0-99,PM,1,1,13.5310344827586,2.18181818181818,6.40771067716634e-05,7.3237739773494e-06
13203,0,82-5893,2019,2087.5,2025.5,62,36,6,4,Minor Arterial,3,Urban,Other Road,1,Detroit,0-99,0-99,0-99,EV,1,1,3.35172413793103,0.818181818181818,1.58723108516964e-05,2.74641524150602e-06
13203,0,82-5893,2019,2087.5,2025.5,62,36,6,4,Minor Arterial,3,Urban,Other Road,1,Detroit,0-99,0-99,0-99,NT,1,1,4.59310344827586,0.272727272727273,2.17509445004729e-05,9.15471747168675e-07
13214,1,82-4922,2019,5167,4105,1062,309,727,4,Minor Arterial,3,Urban,Other Road,1,Detroit,500-999,200-499,1000-1999,AM,1,1,61.0813953488372,107.387515451174,0.000289254978731802,0.000360470866778695
13214,1,82-4922,2019,5167,4105,1062,309,727,4,Minor Arterial,3,Urban,Other Road,1,Detroit,500-999,200-499,1000-1999,MD,1,1,141.924418604651,359.90543881335,0.000672092450582717,0.00120810528991521
13214,1,82-4922,2019,5167,4105,1062,309,727,4,Minor Arterial,3,Urban,Other Road,1,Detroit,500-999,200-499,1000-1999,PM,1,1,48.5058139534884,122.215080346106,0.000229702483110549,0.000410242994827636
13214,1,82-4922,2019,5167,4105,1062,309,727,4,Minor Arterial,3,Urban,Other Road,1,Detroit,500-999,200-499,1000-1999,EV,1,1,19.7616279069767,39.9894932014833,9.35824931191125e-05,0.00013423392110169
13214,1,82-4922,2019,5167,4105,1062,309,727,4,Minor Arterial,3,Urban,Other Road,1,Detroit,500-999,200-499,1000-1999,NT,1,1,37.7267441860465,97.5024721878863,0.00017865748686376,0.000327289448079401
13309,0,82-5840,2019,1841.5,1787.5,54,35,14,3,Principal Arterial,3,Urban,Freeway/Prin. Art.,1,Detroit,0-99,0-99,0-99,AM,1,1,6.40845070422535,4.75471698113208,3.03476412345874e-05,1.5960299894035e-05
13309,0,82-5840,2019,1841.5,1787.5,54,35,14,3,Principal Arterial,3,Urban,Freeway/Prin. Art.,1,Detroit,0-99,0-99,0-99,MD,1,1,12.4471830985916,3.9622641509434,5.89444570133332e-05,1.33002499116958e-05
13309,0,82-5840,2019,1841.5,1787.5,54,35,14,3,Principal Arterial,3,Urban,Freeway/Prin. Art.,1,Detroit,0-99,0-99,0-99,PM,1,1,5.54577464788732,2.64150943396226,2.62623818376237e-05,8.8668332744639e-06
13309,0,82-5840,2019,1841.5,1787.5,54,35,14,3,Principal Arterial,3,Urban,Freeway/Prin. Art.,1,Detroit,0-99,0-99,0-99,EV,1,1,3.69718309859155,0.792452830188679,1.75082545584158e-05,2.66004998233917e-06
13309,0,82-5840,2019,1841.5,1787.5,54,35,14,3,Principal Arterial,3,Urban,Freeway/Prin. Art.,1,Detroit,0-99,0-99,0-99,NT,1,1,6.90140845070423,1.84905660377359,3.26820751757095e-05,6.20678329212473e-06
13335,0,82-1226,2017,1729,1702,26,8,21,5,Major Collector,3,Urban,Other Road,1,Detroit,0-99,0-99,0-99,AM,1,1,0.705882352941176,5.11538461538462,3.34275246695132e-06,1.71709636680483e-05
13335,0,82-1226,2017,1729,1702,26,8,21,5,Major Collector,3,Urban,Other Road,1,Detroit,0-99,0-99,0-99,MD,1,1,4.47058823529412,5.92307692307692,2.1170765624025e-05,1.98821684577402e-05
13335,0,82-1226,2017,1729,1702,26,8,21,5,Major Collector,3,Urban,Other Road,1,Detroit,0-99,0-99,0-99,PM,1,1,1.41176470588235,7.53846153846154,6.68550493390264e-06,2.53045780371239e-05
13335,0,82-1226,2017,1729,1702,26,8,21,5,Major Collector,3,Urban,Other Road,1,Detroit,0-99,0-99,0-99,EV,1,1,0.705882352941176,2.15384615384615,3.34275246695132e-06,7.22987943917825e-06
13335,0,82-1226,2017,1729,1702,26,8,21,5,Major Collector,3,Urban,Other Road,1,Detroit,0-99,0-99,0-99,NT,1,1,0.705882352941176,0.269230769230769,3.34275246695132e-06,9.03734929897282e-07
13351,0,82-5890,2019,939,861.5,77,41,10,4,Minor Arterial,3,Urban,Other Road,1,Detroit,0-99,0-99,0-99,AM,1,1,7.25,0.263157894736842,3.43328534626459e-05,8.83349931478546e-07
13351,0,82-5890,2019,939,861.5,77,41,10,4,Minor Arterial,3,Urban,Other Road,1,Detroit,0-99,0-99,0-99,MD,1,1,17.375,2.36842105263158,8.22804591604789e-05,7.95014938330691e-06
13351,0,82-5890,2019,939,861.5,77,41,10,4,Minor Arterial,3,Urban,Other Road,1,Detroit,0-99,0-99,0-99,PM,1,1,7.75,0.921052631578947,3.67006364600697e-05,3.09172476017491e-06
13351,0,82-5890,2019,939,861.5,77,41,10,4,Minor Arterial,3,Urban,Other Road,1,Detroit,0-99,0-99,0-99,EV,1,1,1.875,3.81578947368421,8.87918624033945e-06,1.28085740064389e-05
13351,0,82-5890,2019,939,861.5,77,41,10,4,Minor Arterial,3,Urban,Other Road,1,Detroit,0-99,0-99,0-99,NT,1,1,6.75,2.63157894736842,3.1965070465222e-05,8.83349931478546e-06
13357,0,82-5889,2018,2051,1957,93,56,8,4,Minor Arterial,3,Urban,Other Road,1,Detroit,0-99,0-99,0-99,AM,1,1,7.81981981981982,0,3.70312728245748e-05,0
13357,0,82-5889,2018,2051,1957,93,56,8,4,Minor Arterial,3,Urban,Other Road,1,Detroit,0-99,0-99,0-99,MD,1,1,16.1441441441441,2.33333333333333,7.64516600249287e-05,7.83236939244311e-06
13357,0,82-5889,2018,2051,1957,93,56,8,4,Minor Arterial,3,Urban,Other Road,1,Detroit,0-99,0-99,0-99,PM,1,1,19.6756756756757,0.333333333333333,9.31754606553818e-05,1.11890991320616e-06
13357,0,82-5889,2018,2051,1957,93,56,8,4,Minor Arterial,3,Urban,Other Road,1,Detroit,0-99,0-99,0-99,EV,1,1,6.55855855855856,4,3.10584868851273e-05,1.34269189584739e-05
13357,0,82-5889,2018,2051,1957,93,56,8,4,Minor Arterial,3,Urban,Other Road,1,Detroit,0-99,0-99,0-99,NT,1,1,5.8018018018018,1.33333333333333,2.74748153214588e-05,4.47563965282463e-06
13358,1,82-1439,2019,20762,19917,845,357,384,3,Principal Arterial,3,Urban,Freeway/Prin. Art.,2,Other Wayne,200-499,200-499,500-999,AM,1,1,58.5,70,0.000277030610698591,0.000234971081773293
13358,1,82-1439,2019,20762,19917,845,357,384,3,Principal Arterial,3,Urban,Freeway/Prin. Art.,2,Other Wayne,200-499,200-499,500-999,MD,1,1,170.5,136.5,0.000807414002121534,0.000458193609457922
13358,1,82-1439,2019,20762,19917,845,357,384,3,Principal Arterial,3,Urban,Freeway/Prin. Art.,2,Other Wayne,200-499,200-499,500-999,PM,1,1,87.5,83,0.000414362024549174,0.000278608568388333
13358,1,82-1439,2019,20762,19917,845,357,384,3,Principal Arterial,3,Urban,Freeway/Prin. Art.,2,Other Wayne,200-499,200-499,500-999,EV,1,1,14,26.5,6.62979239278679e-05,8.89533380998896e-05
13358,1,82-1439,2019,20762,19917,845,357,384,3,Principal Arterial,3,Urban,Freeway/Prin. Art.,2,Other Wayne,200-499,200-499,500-999,NT,1,1,26.5,68,0.000125492498863464,0.000228257622294056
13381,0,82-5893,2019,2087.5,2025.5,62,36,6,4,Minor Arterial,3,Urban,Other Road,1,Detroit,0-99,0-99,0-99,AM,1,1,6.33103448275862,1.36363636363636,2.998103160876e-05,4.57735873584337e-06
13381,0,82-5893,2019,2087.5,2025.5,62,36,6,4,Minor Arterial,3,Urban,Other Road,1,Detroit,0-99,0-99,0-99,MD,1,1,8.19310344827586,1.36363636363636,3.87989820819246e-05,4.57735873584337e-06
13381,0,82-5893,2019,2087.5,2025.5,62,36,6,4,Minor Arterial,3,Urban,Other Road,1,Detroit,0-99,0-99,0-99,PM,1,1,13.5310344827586,2.18181818181818,6.40771067716634e-05,7.3237739773494e-06
13381,0,82-5893,2019,2087.5,2025.5,62,36,6,4,Minor Arterial,3,Urban,Other Road,1,Detroit,0-99,0-99,0-99,EV,1,1,3.35172413793103,0.818181818181818,1.58723108516964e-05,2.74641524150602e-06
13381,0,82-5893,2019,2087.5,2025.5,62,36,6,4,Minor Arterial,3,Urban,Other Road,1,Detroit,0-99,0-99,0-99,NT,1,1,4.59310344827586,0.272727272727273,2.17509445004729e-05,9.15471747168675e-07
13439,1,82-7692,2019,8048,6905,1143,393,633,3,Principal Arterial,3,Urban,Freeway/Prin. Art.,1,Detroit,500-999,200-499,1000-1999,AM,1,1,64.4186320754717,88.0453879941435,0.000305058683491209,0.000295544572316189
13439,1,82-7692,2019,8048,6905,1143,393,633,3,Principal Arterial,3,Urban,Freeway/Prin. Art.,1,Detroit,500-999,200-499,1000-1999,MD,1,1,192.792452830189,329.475109809663,0.000912981383685922,0.00110595889956216
13439,1,82-7692,2019,8048,6905,1143,393,633,3,Principal Arterial,3,Urban,Freeway/Prin. Art.,1,Detroit,500-999,200-499,1000-1999,PM,1,1,64.4186320754717,109.825036603221,0.000305058683491209,0.00036865296652072
13439,1,82-7692,2019,8048,6905,1143,393,633,3,Principal Arterial,3,Urban,Freeway/Prin. Art.,1,Detroit,500-999,200-499,1000-1999,EV,1,1,11.5860849056604,20.389458272328,5.48666696926636e-05,6.84419009574332e-05
13439,1,82-7692,2019,8048,6905,1143,393,633,3,Principal Arterial,3,Urban,Freeway/Prin. Art.,1,Detroit,500-999,200-499,1000-1999,NT,1,1,59.7841981132076,85.2650073206442,0.000283112015614144,0.000286211585821993
13502,0,82-2341,2019,1061,1003,58,34,3,5,Major Collector,3,Urban,Other Road,1,Detroit,0-99,0-99,0-99,AM,1,1,4.05970149253731,0,1.92249843372922e-05,0
13502,0,82-2341,2019,1061,1003,58,34,3,5,Major Collector,3,Urban,Other Road,1,Detroit,0-99,0-99,0-99,MD,1,1,12.9402985074627,1.875,6.12796375751188e-05,6.29386826178464e-06
13502,0,82-2341,2019,1061,1003,58,34,3,5,Major Collector,3,Urban,Other Road,1,Detroit,0-99,0-99,0-99,PM,1,1,7.35820895522388,1.125,3.48452841113421e-05,3.77632095707078e-06
13502,0,82-2341,2019,1061,1003,58,34,3,5,Major Collector,3,Urban,Other Road,1,Detroit,0-99,0-99,0-99,EV,1,1,3.04477611940299,0,1.44187382529691e-05,0
13502,0,82-2341,2019,1061,1003,58,34,3,5,Major Collector,3,Urban,Other Road,1,Detroit,0-99,0-99,0-99,NT,1,1,6.59701492537313,0,3.12405995480998e-05,0
13525,0,82-1382,2018,8158,8049,108,70,22,3,Principal Arterial,3,Urban,Freeway/Prin. Art.,1,Detroit,0-99,0-99,0-99,AM,1,1,16.9927536231884,4.675,8.04703062167961e-05,1.56927115327164e-05
13525,0,82-1382,2018,8158,8049,108,70,22,3,Principal Arterial,3,Urban,Freeway/Prin. Art.,1,Detroit,0-99,0-99,0-99,MD,1,1,27.6449275362319,9.35,0.000130914378770609,3.13854230654327e-05
13525,0,82-1382,2018,8158,8049,108,70,22,3,Principal Arterial,3,Urban,Freeway/Prin. Art.,1,Detroit,0-99,0-99,0-99,PM,1,1,12.1739130434783,3.85,5.76503686329286e-05,1.29234094975311e-05
13525,0,82-1382,2018,8158,8049,108,70,22,3,Principal Arterial,3,Urban,Freeway/Prin. Art.,1,Detroit,0-99,0-99,0-99,EV,1,1,7.35507246376812,2.75,3.4830431049061e-05,9.2310067839508e-06
13525,0,82-1382,2018,8158,8049,108,70,22,3,Principal Arterial,3,Urban,Freeway/Prin. Art.,1,Detroit,0-99,0-99,0-99,NT,1,1,5.83333333333333,1.375,2.76241349699449e-05,4.6155033919754e-06
13528,1,82-1875,2017,7001,6819,181,70,90,3,Principal Arterial,3,Urban,Freeway/Prin. Art.,1,Detroit,0-99,0-99,100-199,AM,1,1,15.863309352518,11.7613636363636,7.51217483355337e-05,3.94797190966491e-05
13528,1,82-1875,2017,7001,6819,181,70,90,3,Principal Arterial,3,Urban,Freeway/Prin. Art.,1,Detroit,0-99,0-99,100-199,MD,1,1,23.9208633093525,25.5681818181818,0.00011327882685517,8.58254762970633e-05
13528,1,82-1875,2017,7001,6819,181,70,90,3,Principal Arterial,3,Urban,Freeway/Prin. Art.,1,Detroit,0-99,0-99,100-199,PM,1,1,16.3669064748201,31.9602272727273,7.7506565743011e-05,0.000107281845371329
13528,1,82-1875,2017,7001,6819,181,70,90,3,Principal Arterial,3,Urban,Freeway/Prin. Art.,1,Detroit,0-99,0-99,100-199,EV,1,1,8.56115107913669,13.0397727272727,4.05418959271134e-05,4.37709929115023e-05
13528,1,82-1875,2017,7001,6819,181,70,90,3,Principal Arterial,3,Urban,Freeway/Prin. Art.,1,Detroit,0-99,0-99,100-199,NT,1,1,5.28776978417266,7.67045454545455,2.50405827785112e-05,2.5747642889119e-05
13531,1,82-5908,2018,7352,7065,286,111,165,3,Principal Arterial,3,Urban,Freeway/Prin. Art.,1,Detroit,100-199,100-199,200-499,AM,1,1,22,18.9220183486239,0.00010418245188665,6.35161017244321e-05
13531,1,82-5908,2018,7352,7065,286,111,165,3,Principal Arterial,3,Urban,Freeway/Prin. Art.,1,Detroit,100-199,100-199,200-499,MD,1,1,40,48.9449541284404,0.000189422639793908,0.000164294983127198
13531,1,82-5908,2018,7352,7065,286,111,165,3,Principal Arterial,3,Urban,Freeway/Prin. Art.,1,Detroit,100-199,100-199,200-499,PM,1,1,22.25,60.5504587155963,0.000105366343385361,0.000203251525518183
13531,1,82-5908,2018,7352,7065,286,111,165,3,Principal Arterial,3,Urban,Freeway/Prin. Art.,1,Detroit,100-199,100-199,200-499,EV,1,1,5.75,19.1743119266055,2.72295044703743e-05,6.43629830807579e-05
13531,1,82-5908,2018,7352,7065,286,111,165,3,Principal Arterial,3,Urban,Freeway/Prin. Art.,1,Detroit,100-199,100-199,200-499,NT,1,1,21,17.4082568807339,9.94468858918018e-05,5.84348135864776e-05
13537,0,82-1225,2019,6572,6399,173,89,18,3,Principal Arterial,3,Urban,Freeway/Prin. Art.,1,Detroit,0-99,0-99,100-199,AM,1,1,15.5,5,7.34012729201394e-05,1.67836486980924e-05
13537,0,82-1225,2019,6572,6399,173,89,18,3,Principal Arterial,3,Urban,Freeway/Prin. Art.,1,Detroit,0-99,0-99,100-199,MD,1,1,35,6,0.00016574480981967,2.01403784377108e-05
13537,0,82-1225,2019,6572,6399,173,89,18,3,Principal Arterial,3,Urban,Freeway/Prin. Art.,1,Detroit,0-99,0-99,100-199,PM,1,1,24.5,5,0.000116021366873769,1.67836486980924e-05
13537,0,82-1225,2019,6572,6399,173,89,18,3,Principal Arterial,3,Urban,Freeway/Prin. Art.,1,Detroit,0-99,0-99,100-199,EV,1,1,1.5,0,7.10334899227156e-06,0
13537,0,82-1225,2019,6572,6399,173,89,18,3,Principal Arterial,3,Urban,Freeway/Prin. Art.,1,Detroit,0-99,0-99,100-199,NT,1,1,12.5,2,5.91945749355963e-05,6.71345947923695e-06
13548,1,82-5907,2018,3328,3207,120,53,63,3,Principal Arterial,3,Urban,Freeway/Prin. Art.,1,Detroit,0-99,0-99,100-199,AM,1,1,7.06666666666667,6.804,3.34646663635904e-05,2.28391891483641e-05
13548,1,82-5907,2018,3328,3207,120,53,63,3,Principal Arterial,3,Urban,Freeway/Prin. Art.,1,Detroit,0-99,0-99,100-199,MD,1,1,25.2380952380952,23.436,0.000119516665584252,7.86683181776986e-05
13548,1,82-5907,2018,3328,3207,120,53,63,3,Principal Arterial,3,Urban,Freeway/Prin. Art.,1,Detroit,0-99,0-99,100-199,PM,1,1,9.59047619047619,8.568,4.54163329220156e-05,2.87604604090511e-05
13548,1,82-5907,2018,3328,3207,120,53,63,3,Principal Arterial,3,Urban,Freeway/Prin. Art.,1,Detroit,0-99,0-99,100-199,EV,1,1,4.03809523809524,8.316,1.91226664934803e-05,2.79145645146672e-05
13548,1,82-5907,2018,3328,3207,120,53,63,3,Principal Arterial,3,Urban,Freeway/Prin. Art.,1,Detroit,0-99,0-99,100-199,NT,1,1,7.06666666666667,15.876,3.34646663635904e-05,5.32914413461829e-05
13564,0,82-1844,2019,8255.5,8112.5,143,42,7,4,Minor Arterial,3,Urban,Other Road,1,Detroit,0-99,0-99,0-99,AM,1,1,4.5,1.5,2.13100469768147e-05,5.03509460942771e-06
13564,0,82-1844,2019,8255.5,8112.5,143,42,7,4,Minor Arterial,3,Urban,Other Road,1,Detroit,0-99,0-99,0-99,MD,1,1,20.5,2.5,9.70791028943779e-05,8.39182434904618e-06
13564,0,82-1844,2019,8255.5,8112.5,143,42,7,4,Minor Arterial,3,Urban,Other Road,1,Detroit,0-99,0-99,0-99,PM,1,1,14.75,3,6.98495984240036e-05,1.00701892188554e-05
13564,0,82-1844,2019,8255.5,8112.5,143,42,7,4,Minor Arterial,3,Urban,Other Road,1,Detroit,0-99,0-99,0-99,EV,1,1,0.75,0,3.55167449613578e-06,0
13564,0,82-1844,2019,8255.5,8112.5,143,42,7,4,Minor Arterial,3,Urban,Other Road,1,Detroit,0-99,0-99,0-99,NT,1,1,1.5,0,7.10334899227156e-06,0
13636,0,82-6057,2019,1129,1110,19,12,5,5,Major Collector,1,Urban Business,Other Road,1,Detroit,0-99,0-99,0-99,AM,1,1,1.56521739130435,0,7.4121902528051e-06,0
13636,0,82-6057,2019,1129,1110,19,12,5,5,Major Collector,1,Urban Business,Other Road,1,Detroit,0-99,0-99,0-99,MD,1,1,7.30434782608696,2.85714285714286,3.45902211797571e-05,9.59065639890992e-06
13636,0,82-6057,2019,1129,1110,19,12,5,5,Major Collector,1,Urban Business,Other Road,1,Detroit,0-99,0-99,0-99,PM,1,1,2.60869565217391,0,1.23536504213418e-05,0
13636,0,82-6057,2019,1129,1110,19,12,5,5,Major Collector,1,Urban Business,Other Road,1,Detroit,0-99,0-99,0-99,EV,1,1,0,0.714285714285714,0,2.39766409972748e-06
13636,0,82-6057,2019,1129,1110,19,12,5,5,Major Collector,1,Urban Business,Other Road,1,Detroit,0-99,0-99,0-99,NT,1,1,0.521739130434783,1.42857142857143,2.47073008426837e-06,4.79532819945496e-06
13657,1,82-5805,2018,10094,9675,418,203,177,3,Principal Arterial,3,Urban,Freeway/Prin. Art.,1,Detroit,100-199,200-499,200-499,AM,1,1,39.0384615384615,19.1623931623932,0.000184869210952708,6.43229750104668e-05
13657,1,82-5805,2018,10094,9675,418,203,177,3,Principal Arterial,3,Urban,Freeway/Prin. Art.,1,Detroit,100-199,200-499,200-499,MD,1,1,65.2320099255583,37.3162393162393,0.000308910487979042,0.000125260530283541
13657,1,82-5805,2018,10094,9675,418,203,177,3,Principal Arterial,3,Urban,Freeway/Prin. Art.,1,Detroit,100-199,200-499,200-499,PM,1,1,52.3870967741936,109.175213675214,0.000248082554052667,0.000366471686572791
13657,1,82-5805,2018,10094,9675,418,203,177,3,Principal Arterial,3,Urban,Freeway/Prin. Art.,1,Detroit,100-199,200-499,200-499,EV,1,1,14.3560794044665,6.80769230769231,6.79841614471251e-05,2.28515832274027e-05
13657,1,82-5805,2018,10094,9675,418,203,177,3,Principal Arterial,3,Urban,Freeway/Prin. Art.,1,Detroit,100-199,200-499,200-499,NT,1,1,31.9863523573201,4.53846153846154,0.000151473482522542,1.52343888182685e-05
13718,1,82-5973,2019,4603,4221,382,268,61,4,Minor Arterial,1,Urban Business,Other Road,1,Detroit,0-99,200-499,200-499,AM,1,1,45.5,14,0.000215468252765571,4.69942163546586e-05
13718,1,82-5973,2019,4603,4221,382,268,61,4,Minor Arterial,1,Urban Business,Other Road,1,Detroit,0-99,200-499,200-499,MD,1,1,118.5,18.5,0.000561164570389453,6.20995001829418e-05
13718,1,82-5973,2019,4603,4221,382,268,61,4,Minor Arterial,1,Urban Business,Other Road,1,Detroit,0-99,200-499,200-499,PM,1,1,59,18,0.000279398393696015,6.04211353131325e-05
13718,1,82-5973,2019,4603,4221,382,268,61,4,Minor Arterial,1,Urban Business,Other Road,1,Detroit,0-99,200-499,200-499,EV,1,1,18.5,8.5,8.76079709046825e-05,2.8532202786757e-05
13718,1,82-5973,2019,4603,4221,382,268,61,4,Minor Arterial,1,Urban Business,Other Road,1,Detroit,0-99,200-499,200-499,NT,1,1,26.5,2,0.000125492498863464,6.71345947923695e-06
13800,1,82-6025,2019,6584,6252,332,166,124,4,Minor Arterial,3,Urban,Other Road,1,Detroit,100-199,100-199,200-499,AM,1,1,22,8,0.00010418245188665,2.68538379169478e-05
13800,1,82-6025,2019,6584,6252,332,166,124,4,Minor Arterial,3,Urban,Other Road,1,Detroit,100-199,100-199,200-499,MD,1,1,65.5,69,0.000310179572662525,0.000231614352033675
13800,1,82-6025,2019,6584,6252,332,166,124,4,Minor Arterial,3,Urban,Other Road,1,Detroit,100-199,100-199,200-499,PM,1,1,30.5,29,0.000144434762842855,9.73451624489357e-05
13800,1,82-6025,2019,6584,6252,332,166,124,4,Minor Arterial,3,Urban,Other Road,1,Detroit,100-199,100-199,200-499,EV,1,1,29,8,0.000137331413850583,2.68538379169478e-05
13800,1,82-6025,2019,6584,6252,332,166,124,4,Minor Arterial,3,Urban,Other Road,1,Detroit,100-199,100-199,200-499,NT,1,1,19,10,8.99757539021064e-05,3.35672973961847e-05
13805,0,82-5820,2018,4136,3972,163,104,49,3,Principal Arterial,3,Urban,Freeway/Prin. Art.,1,Detroit,0-99,100-199,100-199,AM,1,1,17.5024390243902,6.63541666666667,8.28839550707979e-05,2.22733004597601e-05
13805,0,82-5820,2018,4136,3972,163,104,49,3,Principal Arterial,3,Urban,Freeway/Prin. Art.,1,Detroit,0-99,100-199,100-199,MD,1,1,26.8878048780488,12.25,0.000127328974456588,4.11199393103263e-05
13805,0,82-5820,2018,4136,3972,163,104,49,3,Principal Arterial,3,Urban,Freeway/Prin. Art.,1,Detroit,0-99,100-199,100-199,PM,1,1,32.9756097560976,27.3072916666667,0.000156158176220344,9.16631980459357e-05
13805,0,82-5820,2018,4136,3972,163,104,49,3,Principal Arterial,3,Urban,Freeway/Prin. Art.,1,Detroit,0-99,100-199,100-199,EV,1,1,11.6682926829268,2.296875,5.52559700471986e-05,7.70998862068618e-06
13805,0,82-5820,2018,4136,3972,163,104,49,3,Principal Arterial,3,Urban,Freeway/Prin. Art.,1,Detroit,0-99,100-199,100-199,NT,1,1,14.9658536585366,0.510416666666667,7.0871787669233e-05,1.71333080459693e-06
13807,1,82-5807,2019,12460,11821,639,146,361,3,Principal Arterial,3,Urban,Freeway/Prin. Art.,1,Detroit,200-499,100-199,500-999,AM,1,1,20.5,82,9.70791028943779e-05,0.000275251838648715
13807,1,82-5807,2019,12460,11821,639,146,361,3,Principal Arterial,3,Urban,Freeway/Prin. Art.,1,Detroit,200-499,100-199,500-999,MD,1,1,71.5,180,0.000338592968631611,0.000604211353131325
13807,1,82-5807,2019,12460,11821,639,146,361,3,Principal Arterial,3,Urban,Freeway/Prin. Art.,1,Detroit,200-499,100-199,500-999,PM,1,1,35.5,57,0.000168112592817094,0.000191333595158253
13807,1,82-5807,2019,12460,11821,639,146,361,3,Principal Arterial,3,Urban,Freeway/Prin. Art.,1,Detroit,200-499,100-199,500-999,EV,1,1,8,13,3.78845279587816e-05,4.36374866150402e-05
13807,1,82-5807,2019,12460,11821,639,146,361,3,Principal Arterial,3,Urban,Freeway/Prin. Art.,1,Detroit,200-499,100-199,500-999,NT,1,1,10.5,29,4.97234429459009e-05,9.73451624489357e-05
13821,0,82-5956,2019,6368,6088,280,117,14,3,Principal Arterial,1,Urban Business,Freeway/Prin. Art.,1,Detroit,0-99,100-199,100-199,AM,1,1,17.5,6,8.28724049098348e-05,2.01403784377108e-05
13821,0,82-5956,2019,6368,6088,280,117,14,3,Principal Arterial,1,Urban Business,Freeway/Prin. Art.,1,Detroit,0-99,100-199,100-199,MD,1,1,64.5,4,0.000305444006667677,1.34269189584739e-05
13821,0,82-5956,2019,6368,6088,280,117,14,3,Principal Arterial,1,Urban Business,Freeway/Prin. Art.,1,Detroit,0-99,100-199,100-199,PM,1,1,24,3,0.000113653583876345,1.00701892188554e-05
13821,0,82-5956,2019,6368,6088,280,117,14,3,Principal Arterial,1,Urban Business,Freeway/Prin. Art.,1,Detroit,0-99,100-199,100-199,EV,1,1,2.5,0,1.18389149871193e-05,0
13821,0,82-5956,2019,6368,6088,280,117,14,3,Principal Arterial,1,Urban Business,Freeway/Prin. Art.,1,Detroit,0-99,100-199,100-199,NT,1,1,8.5,1,4.02523109562055e-05,3.35672973961847e-06
13830,0,82-5954,2019,7045,6834,211,79,15,3,Principal Arterial,1,Urban Business,Freeway/Prin. Art.,1,Detroit,0-99,0-99,0-99,AM,1,1,15,4.5,7.10334899227156e-05,1.51052838282831e-05
13830,0,82-5954,2019,7045,6834,211,79,15,3,Principal Arterial,1,Urban Business,Freeway/Prin. Art.,1,Detroit,0-99,0-99,0-99,MD,1,1,45,9,0.000213100469768147,3.02105676565663e-05
13830,0,82-5954,2019,7045,6834,211,79,15,3,Principal Arterial,1,Urban Business,Freeway/Prin. Art.,1,Detroit,0-99,0-99,0-99,PM,1,1,13.5,1,6.3930140930444e-05,3.35672973961847e-06
13830,0,82-5954,2019,7045,6834,211,79,15,3,Principal Arterial,1,Urban Business,Freeway/Prin. Art.,1,Detroit,0-99,0-99,0-99,EV,1,1,1.5,0,7.10334899227156e-06,0
13830,0,82-5954,2019,7045,6834,211,79,15,3,Principal Arterial,1,Urban Business,Freeway/Prin. Art.,1,Detroit,0-99,0-99,0-99,NT,1,1,4,0.5,1.89422639793908e-05,1.67836486980924e-06
13868,1,82-7749,2019,10018,9551,467,228,218,3,Principal Arterial,3,Urban,Freeway/Prin. Art.,1,Detroit,200-499,200-499,200-499,AM,1,1,30.4,44.4074074074074,0.00014396120624337,0.000149063665103798
13868,1,82-7749,2019,10018,9551,467,228,218,3,Principal Arterial,3,Urban,Freeway/Prin. Art.,1,Detroit,200-499,200-499,200-499,MD,1,1,107.964705882353,90.6090534979424,0.000511273989820205,0.000304150104555225
13868,1,82-7749,2019,10018,9551,467,228,218,3,Principal Arterial,3,Urban,Freeway/Prin. Art.,1,Detroit,200-499,200-499,200-499,PM,1,1,46.7176470588235,41.2674897119342,0.000221234500771062,0.000138523809995449
13868,1,82-7749,2019,10018,9551,467,228,218,3,Principal Arterial,3,Urban,Freeway/Prin. Art.,1,Detroit,200-499,200-499,200-499,EV,1,1,15.6470588235294,13.9053497942387,7.40976796840876e-05,4.66765011941186e-05
13868,1,82-7749,2019,10018,9551,467,228,218,3,Principal Arterial,3,Urban,Freeway/Prin. Art.,1,Detroit,200-499,200-499,200-499,NT,1,1,27.2705882352941,27.8106995884774,0.000129141670306553,9.33530023882372e-05
13905,1,82-1193,2019,15718,13928,1790,369,1334,3,Principal Arterial,3,Urban,Freeway/Prin. Art.,1,Detroit,1000-1999,200-499,1000-1999,AM,1,1,69,199,0.000326754053644492,0.000667989218184076
13905,1,82-1193,2019,15718,13928,1790,369,1334,3,Principal Arterial,3,Urban,Freeway/Prin. Art.,1,Detroit,1000-1999,200-499,1000-1999,MD,1,1,164,473.5,0.000776632823155024,0.00158941153170935
13905,1,82-1193,2019,15718,13928,1790,369,1334,3,Principal Arterial,3,Urban,Freeway/Prin. Art.,1,Detroit,1000-1999,200-499,1000-1999,PM,1,1,52,172,0.000246249431732081,0.000577357515214378
13905,1,82-1193,2019,15718,13928,1790,369,1334,3,Principal Arterial,3,Urban,Freeway/Prin. Art.,1,Detroit,1000-1999,200-499,1000-1999,EV,1,1,29,168.5,0.000137331413850583,0.000565608961125713
13905,1,82-1193,2019,15718,13928,1790,369,1334,3,Principal Arterial,3,Urban,Freeway/Prin. Art.,1,Detroit,1000-1999,200-499,1000-1999,NT,1,1,55,321,0.000260456129716624,0.00107751024641753
13913,0,82-6500,2017,233,223,9,7,4,5,Major Collector,3,Urban,Other Road,1,Detroit,0-99,0-99,0-99,AM,1,1,0,0,0,0
13913,0,82-6500,2017,233,223,9,7,4,5,Major Collector,3,Urban,Other Road,1,Detroit,0-99,0-99,0-99,MD,1,1,2.42307692307692,2.85714285714286,1.14746406798233e-05,9.59065639890992e-06
13913,0,82-6500,2017,233,223,9,7,4,5,Major Collector,3,Urban,Other Road,1,Detroit,0-99,0-99,0-99,PM,1,1,2.96153846153846,1.14285714285714,1.40245608308951e-05,3.83626255956397e-06
13913,0,82-6500,2017,233,223,9,7,4,5,Major Collector,3,Urban,Other Road,1,Detroit,0-99,0-99,0-99,EV,1,1,1.61538461538462,0,7.64976045321552e-06,0
13913,0,82-6500,2017,233,223,9,7,4,5,Major Collector,3,Urban,Other Road,1,Detroit,0-99,0-99,0-99,NT,1,1,0,0,0,0
13988,1,82-1082,2019,17895,15530,2365,499,1743,3,Principal Arterial,3,Urban,Freeway/Prin. Art.,1,Detroit,1000-1999,200-499,2000+,AM,1,1,51.2408829174664,256.042009884679,0.000242654582689927,0.000859463829171589
13988,1,82-1082,2019,17895,15530,2365,499,1743,3,Principal Arterial,3,Urban,Freeway/Prin. Art.,1,Detroit,1000-1999,200-499,2000+,MD,1,1,264.824376199616,684.373970345964,0.00125409331053766,0.00229725845928107
13988,1,82-1082,2019,17895,15530,2365,499,1743,3,Principal Arterial,3,Urban,Freeway/Prin. Art.,1,Detroit,1000-1999,200-499,2000+,PM,1,1,107.749520153551,306.771828665568,0.000510254963600313,0.00102975012055886
13988,1,82-1082,2019,17895,15530,2365,499,1743,3,Principal Arterial,3,Urban,Freeway/Prin. Art.,1,Detroit,1000-1999,200-499,2000+,EV,1,1,29.6909788867562,149.796540362438,0.000140603589969864,0.000502826501926556
13988,1,82-1082,2019,17895,15530,2365,499,1743,3,Principal Arterial,3,Urban,Freeway/Prin. Art.,1,Detroit,1000-1999,200-499,2000+,NT,1,1,45.4942418426104,346.015650741351,0.000215440984631243,0.00116148102521693
14036,0,82-6543,2017,306,222,83,11,71,5,Major Collector,3,Urban,Other Road,1,Detroit,0-99,0-99,0-99,AM,1,1,0,9.83076923076923,0,3.29992354402493e-05
14036,0,82-6543,2017,306,222,83,11,71,5,Major Collector,3,Urban,Other Road,1,Detroit,0-99,0-99,0-99,MD,1,1,6.05,38.7769230769231,2.86501742688286e-05,0.000130163650903206
14036,0,82-6543,2017,306,222,83,11,71,5,Major Collector,3,Urban,Other Road,1,Detroit,0-99,0-99,0-99,PM,1,1,4.95,12.5615384615385,2.34410516744961e-05,4.21656897292075e-05
14036,0,82-6543,2017,306,222,83,11,71,5,Major Collector,3,Urban,Other Road,1,Detroit,0-99,0-99,0-99,EV,1,1,0,1.09230769230769,0,3.66658171558326e-06
14036,0,82-6543,2017,306,222,83,11,71,5,Major Collector,3,Urban,Other Road,1,Detroit,0-99,0-99,0-99,NT,1,1,0,8.73846153846154,0,2.93326537246661e-05
14116,1,82-5806,2018,10388,9624,763,275,398,3,Principal Arterial,3,Urban,Freeway/Prin. Art.,1,Detroit,200-499,200-499,500-999,AM,1,1,73.9031078610603,127.892676767677,0.000349973044500399,0.000429301151585473
14116,1,82-5806,2018,10388,9624,763,275,398,3,Principal Arterial,3,Urban,Freeway/Prin. Art.,1,Detroit,200-499,200-499,500-999,MD,1,1,87.2257769652651,86.6856060606061,0.00041306342327088,0.000290980151860488
14116,1,82-5806,2018,10388,9624,763,275,398,3,Principal Arterial,3,Urban,Freeway/Prin. Art.,1,Detroit,200-499,200-499,500-999,PM,1,1,79.9360146252285,146.486111111111,0.000378542272622881,0.000491714285607723
14116,1,82-5806,2018,10388,9624,763,275,398,3,Principal Arterial,3,Urban,Freeway/Prin. Art.,1,Detroit,200-499,200-499,500-999,EV,1,1,14.3281535648995,20.1010101010101,6.78519167908938e-05,6.7473658402432e-05
14116,1,82-5806,2018,10388,9624,763,275,398,3,Principal Arterial,3,Urban,Freeway/Prin. Art.,1,Detroit,200-499,200-499,500-999,NT,1,1,19.6069469835466,16.834595959596,9.28499913980651e-05,5.65091889120368e-05
14121,0,82-8839,2019,47070,42692.5,4377,1035,3248,1,Interstate Freeway,4,Suburban,Interstate,2,Other Wayne,2000+,1000-1999,2000+,AM,1,1,163.280297220505,421.63898087978,0.00077322462314605,0.00141532810650158
14121,0,82-8839,2019,47070,42692.5,4377,1035,3248,1,Interstate Freeway,4,Suburban,Interstate,2,Other Wayne,2000+,1000-1999,2000+,MD,1,1,410.159677915633,1145.97912742655,0.00194233822319496,0.00384674221801471
14121,0,82-8839,2019,47070,42692.5,4377,1035,3248,1,Interstate Freeway,4,Suburban,Interstate,2,Other Wayne,2000+,1000-1999,2000+,PM,1,1,226.156512587005,624.274317871,0.00107097909052037,0.00209552016847762
14121,0,82-8839,2019,47070,42692.5,4377,1035,3248,1,Interstate Freeway,4,Suburban,Interstate,2,Other Wayne,2000+,1000-1999,2000+,EV,1,1,87.6180364905301,389.008355441944,0.00041492099413988,0.00130579591567205
14121,0,82-8839,2019,47070,42692.5,4377,1035,3248,1,Interstate Freeway,4,Suburban,Interstate,2,Other Wayne,2000+,1000-1999,2000+,NT,1,1,147.785475786327,667.099218380731,0.000699847873666117,0.00223927178561484
14186,1,82-1792,2018,7454.5,7117,337,141,187,3,Principal Arterial,3,Urban,Freeway/Prin. Art.,1,Detroit,100-199,100-199,200-499,AM,1,1,27.2017699115044,33.5093959731544,0.000128815776592592,0.000112481986019739
14186,1,82-1792,2018,7454.5,7117,337,141,187,3,Principal Arterial,3,Urban,Freeway/Prin. Art.,1,Detroit,100-199,100-199,200-499,MD,1,1,42.424778761062,62.2496644295302,0.000200905339639822,0.000208955299871874
14186,1,82-1792,2018,7454.5,7117,337,141,187,3,Principal Arterial,3,Urban,Freeway/Prin. Art.,1,Detroit,100-199,100-199,200-499,PM,1,1,39.3053097345133,36.0194630872483,0.000186132888195718,0.000120907602950056
14186,1,82-1792,2018,7454.5,7117,337,141,187,3,Principal Arterial,3,Urban,Freeway/Prin. Art.,1,Detroit,100-199,100-199,200-499,EV,1,1,13.1017699115044,21.7120805369128,6.20442960652392e-05,7.28815864472465e-05
14186,1,82-1792,2018,7454.5,7117,337,141,187,3,Principal Arterial,3,Urban,Freeway/Prin. Art.,1,Detroit,100-199,100-199,200-499,NT,1,1,18.9663716814159,33.5093959731544,8.98165047801558e-05,0.000112481986019739
14193,0,82-1721,2019,7319,6983,336,118,27,3,Principal Arterial,1,Urban Business,Freeway/Prin. Art.,1,Detroit,0-99,100-199,100-199,AM,1,1,22,5,0.00010418245188665,1.67836486980924e-05
14193,0,82-1721,2019,7319,6983,336,118,27,3,Principal Arterial,1,Urban Business,Freeway/Prin. Art.,1,Detroit,0-99,100-199,100-199,MD,1,1,56.5,15,0.000267559478708895,5.03509460942771e-05
14193,0,82-1721,2019,7319,6983,336,118,27,3,Principal Arterial,1,Urban Business,Freeway/Prin. Art.,1,Detroit,0-99,100-199,100-199,PM,1,1,20,2,9.47113198969541e-05,6.71345947923695e-06
14193,0,82-1721,2019,7319,6983,336,118,27,3,Principal Arterial,1,Urban Business,Freeway/Prin. Art.,1,Detroit,0-99,100-199,100-199,EV,1,1,3.5,0,1.6574480981967e-05,0
14193,0,82-1721,2019,7319,6983,336,118,27,3,Principal Arterial,1,Urban Business,Freeway/Prin. Art.,1,Detroit,0-99,100-199,100-199,NT,1,1,16,5,7.57690559175633e-05,1.67836486980924e-05
14198,1,82-1484,2019,11767,10558,1209,231,887,3,Principal Arterial,3,Urban,Freeway/Prin. Art.,1,Detroit,500-999,200-499,1000-1999,AM,1,1,45,161.5,0.000213100469768147,0.000542111852948384
14198,1,82-1484,2019,11767,10558,1209,231,887,3,Principal Arterial,3,Urban,Freeway/Prin. Art.,1,Detroit,500-999,200-499,1000-1999,MD,1,1,110.5,407.5,0.000523280042430671,0.00136786736889453
14198,1,82-1484,2019,11767,10558,1209,231,887,3,Principal Arterial,3,Urban,Freeway/Prin. Art.,1,Detroit,500-999,200-499,1000-1999,PM,1,1,41.5,123,0.00019652598878618,0.000412877757973072
14198,1,82-1484,2019,11767,10558,1209,231,887,3,Principal Arterial,3,Urban,Freeway/Prin. Art.,1,Detroit,500-999,200-499,1000-1999,EV,1,1,8,55.5,3.78845279587816e-05,0.000186298500548825
14198,1,82-1484,2019,11767,10558,1209,231,887,3,Principal Arterial,3,Urban,Freeway/Prin. Art.,1,Detroit,500-999,200-499,1000-1999,NT,1,1,26,139.5,0.00012312471586604,0.000468263798676777
14218,0,82-6239,2017,350,340,9,7,4,5,Major Collector,3,Urban,Other Road,1,Detroit,0-99,0-99,0-99,AM,1,1,1.07692307692308,1.33333333333333,5.09984030214368e-06,4.47563965282463e-06
14218,0,82-6239,2017,350,340,9,7,4,5,Major Collector,3,Urban,Other Road,1,Detroit,0-99,0-99,0-99,MD,1,1,3.76923076923077,0.666666666666667,1.78494410575029e-05,2.23781982641232e-06
14218,0,82-6239,2017,350,340,9,7,4,5,Major Collector,3,Urban,Other Road,1,Detroit,0-99,0-99,0-99,PM,1,1,2.15384615384615,2,1.01996806042874e-05,6.71345947923695e-06
14218,0,82-6239,2017,350,340,9,7,4,5,Major Collector,3,Urban,Other Road,1,Detroit,0-99,0-99,0-99,EV,1,1,0,0,0,0
14218,0,82-6239,2017,350,340,9,7,4,5,Major Collector,3,Urban,Other Road,1,Detroit,0-99,0-99,0-99,NT,1,1,0,0,0,0
14242,0,82-6044,2018,4837,4748,88,64,27,4,Minor Arterial,3,Urban,Other Road,1,Detroit,0-99,0-99,0-99,AM,1,1,10.9206349206349,2.07692307692308,5.17153873723051e-05,6.9716694592076e-06
14242,0,82-6044,2018,4837,4748,88,64,27,4,Minor Arterial,3,Urban,Other Road,1,Detroit,0-99,0-99,0-99,MD,1,1,18.2857142857143,8.82692307692308,8.65932067629294e-05,2.96295952016323e-05
14242,0,82-6044,2018,4837,4748,88,64,27,4,Minor Arterial,3,Urban,Other Road,1,Detroit,0-99,0-99,0-99,PM,1,1,19.5555555555556,10.6442307692308,9.2606623899244e-05,3.5729805978439e-05
14242,0,82-6044,2018,4837,4748,88,64,27,4,Minor Arterial,3,Urban,Other Road,1,Detroit,0-99,0-99,0-99,EV,1,1,7.36507936507937,3.89423076923077,3.48778193906244e-05,1.30718802360143e-05
14242,0,82-6044,2018,4837,4748,88,64,27,4,Minor Arterial,3,Urban,Other Road,1,Detroit,0-99,0-99,0-99,NT,1,1,7.87301587301587,1.55769230769231,3.72831862451502e-05,5.2287520944057e-06
14272,1,82-1387,2019,9084,8841,243,127,102,3,Principal Arterial,3,Urban,Freeway/Prin. Art.,2,Other Wayne,100-199,100-199,200-499,AM,1,1,20.625,17.4605911330049,9.76710486437339e-05,5.86104855274763e-05
14272,1,82-1387,2019,9084,8841,243,127,102,3,Principal Arterial,3,Urban,Freeway/Prin. Art.,2,Other Wayne,100-199,100-199,200-499,MD,1,1,57.375,47.3571428571429,0.000271703098954387,0.000158965129811932
14272,1,82-1387,2019,9084,8841,243,127,102,3,Principal Arterial,3,Urban,Freeway/Prin. Art.,2,Other Wayne,100-199,100-199,200-499,PM,1,1,23.375,26.5049261083744,0.000110693855129565,8.89698737143704e-05
14272,1,82-1387,2019,9084,8841,243,127,102,3,Principal Arterial,3,Urban,Freeway/Prin. Art.,2,Other Wayne,100-199,100-199,200-499,EV,1,1,12.75,6.02955665024631,6.03784664343082e-05,2.02395921245961e-05
14272,1,82-1387,2019,9084,8841,243,127,102,3,Principal Arterial,3,Urban,Freeway/Prin. Art.,2,Other Wayne,100-199,100-199,200-499,NT,1,1,12.875,4.64778325123153,6.09704121836642e-05,1.56013522627095e-05
14368,0,82-2393,2018,3704.5,3625,79,43,34,5,Major Collector,3,Urban,Other Road,1,Detroit,0-99,0-99,0-99,AM,1,1,12.09375,3.57894736842105,5.72707512501894e-05,1.20135590681082e-05
14368,0,82-2393,2018,3704.5,3625,79,43,34,5,Major Collector,3,Urban,Other Road,1,Detroit,0-99,0-99,0-99,MD,1,1,16.125,6.26315789473684,7.63610016669192e-05,2.10237283691894e-05
14368,0,82-2393,2018,3704.5,3625,79,43,34,5,Major Collector,3,Urban,Other Road,1,Detroit,0-99,0-99,0-99,PM,1,1,8.734375,7.1578947368421,4.13622092362479e-05,2.40271181362164e-05
14368,0,82-2393,2018,3704.5,3625,79,43,34,5,Major Collector,3,Urban,Other Road,1,Detroit,0-99,0-99,0-99,EV,1,1,0.671875,9.84210526315789,3.1817084027883e-06,3.30372874372976e-05
14368,0,82-2393,2018,3704.5,3625,79,43,34,5,Major Collector,3,Urban,Other Road,1,Detroit,0-99,0-99,0-99,NT,1,1,5.375,7.1578947368421,2.54536672223064e-05,2.40271181362164e-05
14404,1,82-1197,2019,16560,15378,1182,482,682,3,Principal Arterial,3,Urban,Freeway/Prin. Art.,1,Detroit,500-999,200-499,1000-1999,AM,1,1,83,104,0.000393051977572359,0.000349099892920321
14404,1,82-1197,2019,16560,15378,1182,482,682,3,Principal Arterial,3,Urban,Freeway/Prin. Art.,1,Detroit,500-999,200-499,1000-1999,MD,1,1,209.5,268,0.000992101075920594,0.000899603570217751
14404,1,82-1197,2019,16560,15378,1182,482,682,3,Principal Arterial,3,Urban,Freeway/Prin. Art.,1,Detroit,500-999,200-499,1000-1999,PM,1,1,129.5,146.5,0.000613255796332778,0.000491760906854107
14404,1,82-1197,2019,16560,15378,1182,482,682,3,Principal Arterial,3,Urban,Freeway/Prin. Art.,1,Detroit,500-999,200-499,1000-1999,EV,1,1,30,53.5,0.000142066979845431,0.000179585041069588
14404,1,82-1197,2019,16560,15378,1182,482,682,3,Principal Arterial,3,Urban,Freeway/Prin. Art.,1,Detroit,500-999,200-499,1000-1999,NT,1,1,30,110,0.000142066979845431,0.000369240271358032
14418,0,82-1787,2019,7107.5,7012,95,63,22,4,Minor Arterial,3,Urban,Other Road,1,Detroit,0-99,0-99,0-99,AM,1,1,10.836,1.27906976744186,5.13145931201697e-05,4.29349152741898e-06
14418,0,82-1787,2019,7107.5,7012,95,63,22,4,Minor Arterial,3,Urban,Other Road,1,Detroit,0-99,0-99,0-99,MD,1,1,24.57,8.31395348837209,0.000116352856493408,2.79076949282234e-05
14418,0,82-1787,2019,7107.5,7012,95,63,22,4,Minor Arterial,3,Urban,Other Road,1,Detroit,0-99,0-99,0-99,PM,1,1,14.994,8.56976744186047,7.10050765267465e-05,2.87663932337072e-05
14418,0,82-1787,2019,7107.5,7012,95,63,22,4,Minor Arterial,3,Urban,Other Road,1,Detroit,0-99,0-99,0-99,EV,1,1,6.3,2.55813953488372,2.98340657675405e-05,8.58698305483796e-06
14418,0,82-1787,2019,7107.5,7012,95,63,22,4,Minor Arterial,3,Urban,Other Road,1,Detroit,0-99,0-99,0-99,NT,1,1,6.3,1.27906976744186,2.98340657675405e-05,4.29349152741898e-06
14440,1,82-5823,2019,21395,19454,1941,433,1387,3,Principal Arterial,3,Urban,Freeway/Prin. Art.,1,Detroit,1000-1999,200-499,1000-1999,AM,1,1,60.5,227.5,0.000286501742688286,0.000763656015763203
14440,1,82-5823,2019,21395,19454,1941,433,1387,3,Principal Arterial,3,Urban,Freeway/Prin. Art.,1,Detroit,1000-1999,200-499,1000-1999,MD,1,1,222.5,554.5,0.00105366343385361,0.00186130664061844
14440,1,82-5823,2019,21395,19454,1941,433,1387,3,Principal Arterial,3,Urban,Freeway/Prin. Art.,1,Detroit,1000-1999,200-499,1000-1999,PM,1,1,83.5,189,0.000395419760569783,0.000634421920787892
14440,1,82-5823,2019,21395,19454,1941,433,1387,3,Principal Arterial,3,Urban,Freeway/Prin. Art.,1,Detroit,1000-1999,200-499,1000-1999,EV,1,1,25,140.5,0.000118389149871193,0.000471620528416396
14440,1,82-5823,2019,21395,19454,1941,433,1387,3,Principal Arterial,3,Urban,Freeway/Prin. Art.,1,Detroit,1000-1999,200-499,1000-1999,NT,1,1,41.5,275.5,0.00019652598878618,0.00092477904326489
14449,0,82-6020,2017,4411,4299,111,73,39,4,Minor Arterial,3,Urban,Other Road,1,Detroit,0-99,0-99,100-199,AM,1,1,20.8931034482759,4.10526315789474,9.89406702164905e-05,1.37802589310653e-05
14449,0,82-6020,2017,4411,4299,111,73,39,4,Minor Arterial,3,Urban,Other Road,1,Detroit,0-99,0-99,100-199,MD,1,1,25.1724137931035,16.6776315789474,0.000119205626766856,5.59823019074528e-05
14449,0,82-6020,2017,4411,4299,111,73,39,4,Minor Arterial,3,Urban,Other Road,1,Detroit,0-99,0-99,100-199,PM,1,1,21.648275862069,13.8552631578947,0.000102516839019496,4.65083738923454e-05
14449,0,82-6020,2017,4411,4299,111,73,39,4,Minor Arterial,3,Urban,Other Road,1,Detroit,0-99,0-99,100-199,EV,1,1,2.01379310344828,3.33552631578947,9.53645014134848e-06,1.11964603814906e-05
14449,0,82-6020,2017,4411,4299,111,73,39,4,Minor Arterial,3,Urban,Other Road,1,Detroit,0-99,0-99,100-199,NT,1,1,3.27241379310345,1.02631578947368,1.54967314796913e-05,3.44506473276633e-06
14470,0,82-1371,2018,2574,2504,70,41,24,4,Minor Arterial,3,Urban,Other Road,1,Detroit,0-99,0-99,0-99,AM,1,1,8.37323943661972,11.5813953488372,3.96520279427741e-05,3.88756141937209e-05
14470,0,82-1371,2018,2574,2504,70,41,24,4,Minor Arterial,3,Urban,Other Road,1,Detroit,0-99,0-99,0-99,MD,1,1,11.2605633802817,4.25581395348837,5.33251410264893e-05,1.42856172639577e-05
14470,0,82-1371,2018,2574,2504,70,41,24,4,Minor Arterial,3,Urban,Other Road,1,Detroit,0-99,0-99,0-99,PM,1,1,18.7676056338028,6.97674418604651,8.88752350441488e-05,2.34190446950126e-05
14470,0,82-1371,2018,2574,2504,70,41,24,4,Minor Arterial,3,Urban,Other Road,1,Detroit,0-99,0-99,0-99,EV,1,1,1.73239436619718,0.906976744186047,8.20386785022912e-06,3.04447581035164e-06
14470,0,82-1371,2018,2574,2504,70,41,24,4,Minor Arterial,3,Urban,Other Road,1,Detroit,0-99,0-99,0-99,NT,1,1,0.866197183098592,0.27906976744186,4.10193392511456e-06,9.36761787800504e-07
14492,1,82-3611,2019,15272,14465,807,190,54,3,Principal Arterial,1,Urban Business,Freeway/Prin. Art.,1,Detroit,0-99,100-199,200-499,AM,1,1,37.2549019607843,12.1034482758621,0.000176423046866875,4.06280047795202e-05
14492,1,82-3611,2019,15272,14465,807,190,54,3,Principal Arterial,1,Urban Business,Freeway/Prin. Art.,1,Detroit,0-99,100-199,200-499,MD,1,1,100.122549019608,25.6034482758621,0.000474136938454727,8.59438562643696e-05
14492,1,82-3611,2019,15272,14465,807,190,54,3,Principal Arterial,1,Urban Business,Freeway/Prin. Art.,1,Detroit,0-99,100-199,200-499,PM,1,1,33.9950980392157,8.8448275862069,0.000160986030266024,2.96896958004186e-05
14492,1,82-3611,2019,15272,14465,807,190,54,3,Principal Arterial,1,Urban Business,Freeway/Prin. Art.,1,Detroit,0-99,100-199,200-499,EV,1,1,6.51960784313726,3.72413793103448,3.08740332017032e-05,1.25009245475447e-05
14492,1,82-3611,2019,15272,14465,807,190,54,3,Principal Arterial,1,Urban Business,Freeway/Prin. Art.,1,Detroit,0-99,100-199,200-499,NT,1,1,12.1078431372549,3.72413793103448,5.73374902317345e-05,1.25009245475447e-05
14514,1,82-7337,2019,23994,22944,1050,243,65,3,Principal Arterial,2,Urban Fringe,Freeway/Prin. Art.,1,Detroit,0-99,200-499,200-499,AM,1,1,50.625,11.8581081081081,0.000239738028489165,3.98044641420975e-05
14514,1,82-7337,2019,23994,22944,1050,243,65,3,Principal Arterial,2,Urban Fringe,Freeway/Prin. Art.,1,Detroit,0-99,200-499,200-499,MD,1,1,132.065217391304,38.6486486486487,0.000625403552580431,0.000129733068314984
14514,1,82-7337,2019,23994,22944,1050,243,65,3,Principal Arterial,2,Urban Fringe,Freeway/Prin. Art.,1,Detroit,0-99,200-499,200-499,PM,1,1,31.695652173913,7.90540540540541,0.000150096852619303,2.6536309428065e-05
14514,1,82-7337,2019,23994,22944,1050,243,65,3,Principal Arterial,2,Urban Fringe,Freeway/Prin. Art.,1,Detroit,0-99,200-499,200-499,EV,1,1,8.80434782608696,1.75675675675676,4.16935701720287e-05,5.8969576506811e-06
14514,1,82-7337,2019,23994,22944,1050,243,65,3,Principal Arterial,2,Urban Fringe,Freeway/Prin. Art.,1,Detroit,0-99,200-499,200-499,NT,1,1,19.8097826086957,4.83108108108108,9.38105328870646e-05,1.6216633539373e-05
14516,1,82-7338,2019,25975,24668,1307,296,76,3,Principal Arterial,2,Urban Fringe,Freeway/Prin. Art.,1,Detroit,0-99,200-499,200-499,AM,1,1,55.5,16.5641025641026,0.000262823912714048,5.56012156870137e-05
14516,1,82-7338,2019,25975,24668,1307,296,76,3,Principal Arterial,2,Urban Fringe,Freeway/Prin. Art.,1,Detroit,0-99,200-499,200-499,MD,1,1,161.144736842105,39.4615384615385,0.000763111536038156,0.000132461719724944
14516,1,82-7338,2019,25975,24668,1307,296,76,3,Principal Arterial,2,Urban Fringe,Freeway/Prin. Art.,1,Detroit,0-99,200-499,200-499,PM,1,1,48.6842105263158,13.1538461538462,0.000230547291854428,4.41539065749815e-05
14516,1,82-7338,2019,25975,24668,1307,296,76,3,Principal Arterial,2,Urban Fringe,Freeway/Prin. Art.,1,Detroit,0-99,200-499,200-499,EV,1,1,6.32894736842105,0.974358974358974,2.99711479410756e-05,3.27065974629492e-06
14516,1,82-7338,2019,25975,24668,1307,296,76,3,Principal Arterial,2,Urban Fringe,Freeway/Prin. Art.,1,Detroit,0-99,200-499,200-499,NT,1,1,24.3421052631579,5.84615384615385,0.000115273645927214,1.96239584777695e-05
14565,1,82-1233,2017,9537,9313,223,106,88,3,Principal Arterial,3,Urban,Freeway/Prin. Art.,1,Detroit,0-99,100-199,100-199,AM,1,1,26.5,13.4797687861272,0.000125492498863464,4.52479407675739e-05
14565,1,82-1233,2017,9537,9313,223,106,88,3,Principal Arterial,3,Urban,Freeway/Prin. Art.,1,Detroit,0-99,100-199,100-199,MD,1,1,22.2095238095238,16.7861271676301,0.000105174665714141,5.63464922766014e-05
14565,1,82-1233,2017,9537,9313,223,106,88,3,Principal Arterial,3,Urban,Freeway/Prin. Art.,1,Detroit,0-99,100-199,100-199,PM,1,1,38.8666666666667,47.0520231213873,0.000184055664999747,0.000157940925320777
14565,1,82-1233,2017,9537,9313,223,106,88,3,Principal Arterial,3,Urban,Freeway/Prin. Art.,1,Detroit,0-99,100-199,100-199,EV,1,1,9.08571428571429,8.90173410404624,4.30259996103306e-05,2.9880715601228e-05
14565,1,82-1233,2017,9537,9313,223,106,88,3,Principal Arterial,3,Urban,Freeway/Prin. Art.,1,Detroit,0-99,100-199,100-199,NT,1,1,9.33809523809524,1.78034682080925,4.42211662661731e-05,5.97614312024561e-06
14594,0,82-1710,2018,6345,6279,66,49,9,5,Major Collector,3,Urban,Other Road,1,Detroit,0-99,0-99,0-99,AM,1,1,3.34090909090909,0,1.58210954827867e-05,0
14594,0,82-1710,2018,6345,6279,66,49,9,5,Major Collector,3,Urban,Other Road,1,Detroit,0-99,0-99,0-99,MD,1,1,21.1590909090909,5,0.000100200271390982,1.67836486980924e-05
14594,0,82-1710,2018,6345,6279,66,49,9,5,Major Collector,3,Urban,Other Road,1,Detroit,0-99,0-99,0-99,PM,1,1,15.5909090909091,2,7.3831778919671e-05,6.71345947923695e-06
14594,0,82-1710,2018,6345,6279,66,49,9,5,Major Collector,3,Urban,Other Road,1,Detroit,0-99,0-99,0-99,EV,1,1,4.08333333333333,1,1.93368944789615e-05,3.35672973961847e-06
14594,0,82-1710,2018,6345,6279,66,49,9,5,Major Collector,3,Urban,Other Road,1,Detroit,0-99,0-99,0-99,NT,1,1,4.82575757575758,1,2.28526934751363e-05,3.35672973961847e-06
14615,0,82-6148,2018,5432,5365,67,45,10,5,Major Collector,3,Urban,Other Road,1,Detroit,0-99,0-99,0-99,AM,1,1,10.828125,3.22147651006711,5.12773005379603e-05,1.08136260068246e-05
14615,0,82-6148,2018,5432,5365,67,45,10,5,Major Collector,3,Urban,Other Road,1,Detroit,0-99,0-99,0-99,MD,1,1,15.46875,2.5503355704698,7.32532864828004e-05,8.56078725540282e-06
14615,0,82-6148,2018,5432,5365,67,45,10,5,Major Collector,3,Urban,Other Road,1,Detroit,0-99,0-99,0-99,PM,1,1,12.375,2.71812080536913,5.86026291862403e-05,9.12399694325827e-06
14615,0,82-6148,2018,5432,5365,67,45,10,5,Major Collector,3,Urban,Other Road,1,Detroit,0-99,0-99,0-99,EV,1,1,3.9375,1.24161073825503,1.86462911047128e-05,4.16775169013032e-06
14615,0,82-6148,2018,5432,5365,67,45,10,5,Major Collector,3,Urban,Other Road,1,Detroit,0-99,0-99,0-99,NT,1,1,2.390625,0.268456375838926,1.13209624564328e-05,9.01135500568718e-07
14698,1,82-2368,2017,1069,956,112,46,57,5,Major Collector,3,Urban,Other Road,1,Detroit,0-99,0-99,100-199,AM,1,1,4.8021978021978,7.88839285714286,2.27411246126203e-05,2.64792029013654e-05
14698,1,82-2368,2017,1069,956,112,46,57,5,Major Collector,3,Urban,Other Road,1,Detroit,0-99,0-99,100-199,MD,1,1,9.85714285714286,11.7053571428571,4.66791505206417e-05,3.92917204342841e-05
14698,1,82-2368,2017,1069,956,112,46,57,5,Major Collector,3,Urban,Other Road,1,Detroit,0-99,0-99,100-199,PM,1,1,5.05494505494506,7.88839285714286,2.39380259080214e-05,2.64792029013654e-05
14698,1,82-2368,2017,1069,956,112,46,57,5,Major Collector,3,Urban,Other Road,1,Detroit,0-99,0-99,100-199,EV,1,1,3.79120879120879,9.41517857142857,1.7953519431016e-05,3.16042099145329e-05
14698,1,82-2368,2017,1069,956,112,46,57,5,Major Collector,3,Urban,Other Road,1,Detroit,0-99,0-99,100-199,NT,1,1,22.4945054945055,20.1026785714286,0.000106524215290695,6.74792590067053e-05
14702,0,82-2367,2019,162,146,16,3,13,5,Major Collector,3,Urban,Other Road,1,Detroit,0-99,0-99,0-99,AM,1,1,0,2.70833333333333,0,9.09114304480003e-06
14702,0,82-2367,2019,162,146,16,3,13,5,Major Collector,3,Urban,Other Road,1,Detroit,0-99,0-99,0-99,MD,1,1,3,8.39583333333333,1.42066979845431e-05,2.81825434388801e-05
14702,0,82-2367,2019,162,146,16,3,13,5,Major Collector,3,Urban,Other Road,1,Detroit,0-99,0-99,0-99,PM,1,1,0,1.35416666666667,0,4.54557152240002e-06
14702,0,82-2367,2019,162,146,16,3,13,5,Major Collector,3,Urban,Other Road,1,Detroit,0-99,0-99,0-99,EV,1,1,0,0,0,0
14702,0,82-2367,2019,162,146,16,3,13,5,Major Collector,3,Urban,Other Road,1,Detroit,0-99,0-99,0-99,NT,1,1,0,0.541666666666667,0,1.81822860896001e-06
14704,1,82-2547,2019,6207,5300,907,228,657,3,Principal Arterial,3,Urban,Freeway/Prin. Art.,1,Detroit,500-999,200-499,500-999,AM,1,1,42.3428571428571,93.2093558282209,0.000200517394410408,0.000312878616719269
14704,1,82-2547,2019,6207,5300,907,228,657,3,Principal Arterial,3,Urban,Freeway/Prin. Art.,1,Detroit,500-999,200-499,500-999,MD,1,1,94.4571428571429,355.707055214724,0.000447308033684757,0.00119401245083137
14704,1,82-2547,2019,6207,5300,907,228,657,3,Principal Arterial,3,Urban,Freeway/Prin. Art.,1,Detroit,500-999,200-499,500-999,PM,1,1,57.8769230769231,155.936733128834,0.000274079988809493,0.000523437469592508
14704,1,82-2547,2019,6207,5300,907,228,657,3,Principal Arterial,3,Urban,Freeway/Prin. Art.,1,Detroit,500-999,200-499,500-999,EV,1,1,11.5252747252747,22.4206288343558,5.45786990702887e-05,7.52599915892297e-05
14704,1,82-2547,2019,6207,5300,907,228,657,3,Principal Arterial,3,Urban,Freeway/Prin. Art.,1,Detroit,500-999,200-499,500-999,NT,1,1,21.7978021978022,29.726226993865,0.000103224930850329,9.97829101969562e-05
14709,1,82-2546,2018,1646,1260,385,133,219,3,Principal Arterial,3,Urban,Freeway/Prin. Art.,1,Detroit,200-499,100-199,200-499,AM,1,1,19.3639846743295,36.7552447552448,9.16994273485069e-05,0.000123377423156886
14709,1,82-2546,2018,1646,1260,385,133,219,3,Principal Arterial,3,Urban,Freeway/Prin. Art.,1,Detroit,200-499,100-199,200-499,MD,1,1,65.9904214559387,114.86013986014,0.000312501995832412,0.000385554447365269
14709,1,82-2546,2018,1646,1260,385,133,219,3,Principal Arterial,3,Urban,Freeway/Prin. Art.,1,Detroit,200-499,100-199,200-499,PM,1,1,30.3199233716475,34.458041958042,0.000143581998085162,0.000115666334209581
14709,1,82-2546,2018,1646,1260,385,133,219,3,Principal Arterial,3,Urban,Freeway/Prin. Art.,1,Detroit,200-499,100-199,200-499,EV,1,1,11.2107279693487,9.95454545454546,5.30891421491356e-05,3.34147187716566e-05
14709,1,82-2546,2018,1646,1260,385,133,219,3,Principal Arterial,3,Urban,Freeway/Prin. Art.,1,Detroit,200-499,100-199,200-499,NT,1,1,6.11494252873563,22.972027972028,2.89577138995285e-05,7.71108894730538e-05
14721,1,82-5827,2019,9236,8516,720,265,438,4,Minor Arterial,3,Urban,Other Road,1,Detroit,200-499,200-499,500-999,AM,1,1,50,69.5,0.000236778299742385,0.000233292716903484
14721,1,82-5827,2019,9236,8516,720,265,438,4,Minor Arterial,3,Urban,Other Road,1,Detroit,200-499,200-499,500-999,MD,1,1,118.5,210.5,0.000561164570389453,0.000706591610189689
14721,1,82-5827,2019,9236,8516,720,265,438,4,Minor Arterial,3,Urban,Other Road,1,Detroit,200-499,200-499,500-999,PM,1,1,45.5,66.5,0.000215468252765571,0.000223222527684629
14721,1,82-5827,2019,9236,8516,720,265,438,4,Minor Arterial,3,Urban,Other Road,1,Detroit,200-499,200-499,500-999,EV,1,1,10,22,4.7355659948477e-05,7.38480542716064e-05
14721,1,82-5827,2019,9236,8516,720,265,438,4,Minor Arterial,3,Urban,Other Road,1,Detroit,200-499,200-499,500-999,NT,1,1,41,69.5,0.000194158205788756,0.000233292716903484
14733,0,82-6545,2017,216,212,3,4,2,5,Major Collector,3,Urban,Other Road,1,Detroit,0-99,0-99,0-99,AM,1,1,0.666666666666667,0.333333333333333,3.15704399656514e-06,1.11890991320616e-06
14733,0,82-6545,2017,216,212,3,4,2,5,Major Collector,3,Urban,Other Road,1,Detroit,0-99,0-99,0-99,MD,1,1,1.33333333333333,0,6.31408799313027e-06,0
14733,0,82-6545,2017,216,212,3,4,2,5,Major Collector,3,Urban,Other Road,1,Detroit,0-99,0-99,0-99,PM,1,1,1,1.33333333333333,4.7355659948477e-06,4.47563965282463e-06
14733,0,82-6545,2017,216,212,3,4,2,5,Major Collector,3,Urban,Other Road,1,Detroit,0-99,0-99,0-99,EV,1,1,0.333333333333333,0,1.57852199828257e-06,0
14733,0,82-6545,2017,216,212,3,4,2,5,Major Collector,3,Urban,Other Road,1,Detroit,0-99,0-99,0-99,NT,1,1,0.666666666666667,0.333333333333333,3.15704399656514e-06,1.11890991320616e-06
14760,1,82-1838,2019,20655,19958,697,326,329,3,Principal Arterial,3,Urban,Freeway/Prin. Art.,2,Other Wayne,200-499,200-499,500-999,AM,1,1,63.4027565084227,60.907435508346,0.000300247937700895,0.000204449800134759
14760,1,82-1838,2019,20655,19958,697,326,329,3,Principal Arterial,3,Urban,Freeway/Prin. Art.,2,Other Wayne,200-499,200-499,500-999,MD,1,1,152.01684532925,165.498482549317,0.000719885803385218,0.000555533678235022
14760,1,82-1838,2019,20655,19958,697,326,329,3,Principal Arterial,3,Urban,Freeway/Prin. Art.,2,Other Wayne,200-499,200-499,500-999,PM,1,1,63.9019908116386,56.6638846737481,0.000302612094690666,0.000190205346846682
14760,1,82-1838,2019,20655,19958,697,326,329,3,Principal Arterial,3,Urban,Freeway/Prin. Art.,2,Other Wayne,200-499,200-499,500-999,EV,1,1,24.7120980091884,13.9787556904401,0.000117025770993656,4.69229049489611e-05
14760,1,82-1838,2019,20655,19958,697,326,329,3,Principal Arterial,3,Urban,Freeway/Prin. Art.,2,Other Wayne,200-499,200-499,500-999,NT,1,1,21.9663093415008,31.9514415781487,0.000104022907549917,0.000107252354169054
14782,0,82-9799,2019,47538,41358.5,6179,570,5514,1,Interstate Freeway,3,Urban,Interstate,2,Other Wayne,2000+,500-999,2000+,AM,1,1,89.2480777552175,669.650290284738,0.000422640162123132,0.00224783504454292
14782,0,82-9799,2019,47538,41358.5,6179,570,5514,1,Interstate Freeway,3,Urban,Interstate,2,Other Wayne,2000+,500-999,2000+,MD,1,1,229.248410611457,1880.92113400323,0.0010856209776645,0.00631374390838555
14782,0,82-9799,2019,47538,41358.5,6179,570,5514,1,Interstate Freeway,3,Urban,Interstate,2,Other Wayne,2000+,500-999,2000+,PM,1,1,125.286922078354,1124.61568849393,0.000593304487793389,0.00377503092720908
14782,0,82-9799,2019,47538,41358.5,6179,570,5514,1,Interstate Freeway,3,Urban,Interstate,2,Other Wayne,2000+,500-999,2000+,EV,1,1,37.310022301368,688.973583901472,0.000176684072877368,0.00231269811889359
14782,0,82-9799,2019,47538,41358.5,6179,570,5514,1,Interstate Freeway,3,Urban,Interstate,2,Other Wayne,2000+,500-999,2000+,NT,1,1,88.9065672536032,1149.83930331663,0.000421022916604804,0.00385969978522512
14836,1,82-8103,2019,8248,7969.5,278,101,173,3,Principal Arterial,4,Suburban,Freeway/Prin. Art.,2,Other Wayne,100-199,100-199,200-499,AM,1,1,16.7960088691796,26.7791450777202,7.95386084500474e-05,8.98903526839411e-05
14836,1,82-8103,2019,8248,7969.5,278,101,173,3,Principal Arterial,4,Suburban,Freeway/Prin. Art.,2,Other Wayne,100-199,100-199,200-499,MD,1,1,43.7815964523282,73.5025906735751,0.00020733063935979,0.000246728332052993
14836,1,82-8103,2019,8248,7969.5,278,101,173,3,Principal Arterial,4,Suburban,Freeway/Prin. Art.,2,Other Wayne,100-199,100-199,200-499,PM,1,1,24.970066518847,34.2862694300518,0.000118247397895737,0.000115089740256427
14836,1,82-8103,2019,8248,7969.5,278,101,173,3,Principal Arterial,4,Suburban,Freeway/Prin. Art.,2,Other Wayne,100-199,100-199,200-499,EV,1,1,7.39024390243902,11.8769430051813,3.49969877180208e-05,3.98676878012458e-05
14836,1,82-8103,2019,8248,7969.5,278,101,173,3,Principal Arterial,4,Suburban,Freeway/Prin. Art.,2,Other Wayne,100-199,100-199,200-499,NT,1,1,8.06208425720621,26.5550518134715,3.81785320560227e-05,8.91381321593893e-05
14843,1,82-1149,2019,10400.5,10166.5,234,134,97,3,Principal Arterial,4,Suburban,Freeway/Prin. Art.,2,Other Wayne,0-99,100-199,200-499,AM,1,1,25.3445692883895,19.0758354755784,0.000120020880476159,6.40324242489432e-05
14843,1,82-1149,2019,10400.5,10166.5,234,134,97,3,Principal Arterial,4,Suburban,Freeway/Prin. Art.,2,Other Wayne,0-99,100-199,200-499,MD,1,1,64.4906367041199,39.6478149100257,0.000305399666162107,0.000133086999419372
14843,1,82-1149,2019,10400.5,10166.5,234,134,97,3,Principal Arterial,4,Suburban,Freeway/Prin. Art.,2,Other Wayne,0-99,100-199,200-499,PM,1,1,31.9943820224719,25.4344473007712,0.000151511507531785,8.53765656652575e-05
14843,1,82-1149,2019,10400.5,10166.5,234,134,97,3,Principal Arterial,4,Suburban,Freeway/Prin. Art.,2,Other Wayne,0-99,100-199,200-499,EV,1,1,6.39887640449438,4.98714652956298,3.03023015063569e-05,1.67405030716191e-05
14843,1,82-1149,2019,10400.5,10166.5,234,134,97,3,Principal Arterial,4,Suburban,Freeway/Prin. Art.,2,Other Wayne,0-99,100-199,200-499,NT,1,1,5.77153558052434,7.8547557840617,2.73314876331847e-05,2.63662923378001e-05
14884,1,82-0161,2019,14166,13926,240,114,124,3,Principal Arterial,4,Suburban,Freeway/Prin. Art.,2,Other Wayne,100-199,100-199,200-499,AM,1,1,16.2857142857143,24.2169981916817,7.7122074773234e-05,8.12899180343049e-05
14884,1,82-0161,2019,14166,13926,240,114,124,3,Principal Arterial,4,Suburban,Freeway/Prin. Art.,2,Other Wayne,100-199,100-199,200-499,MD,1,1,60.3463796477495,58.8607594936709,0.000285774263372052,0.000197579661888935
14884,1,82-0161,2019,14166,13926,240,114,124,3,Principal Arterial,4,Suburban,Freeway/Prin. Art.,2,Other Wayne,100-199,100-199,200-499,PM,1,1,25.5440313111546,24.3291139240506,0.000120965446048429,8.16662602474267e-05
14884,1,82-0161,2019,14166,13926,240,114,124,3,Principal Arterial,4,Suburban,Freeway/Prin. Art.,2,Other Wayne,100-199,100-199,200-499,EV,1,1,3.34637964774951,6.50271247739602,1.5847001665733e-05,2.18278483610633e-05
14884,1,82-0161,2019,14166,13926,240,114,124,3,Principal Arterial,4,Suburban,Freeway/Prin. Art.,2,Other Wayne,100-199,100-199,200-499,NT,1,1,8.4774951076321,10.0904159132007,4.01457375531903e-05,3.38707991809604e-05
14888,1,82-0161,2019,14166,13926,240,114,124,3,Principal Arterial,4,Suburban,Freeway/Prin. Art.,2,Other Wayne,100-199,100-199,200-499,AM,1,1,16.2857142857143,24.2169981916817,7.7122074773234e-05,8.12899180343049e-05
14888,1,82-0161,2019,14166,13926,240,114,124,3,Principal Arterial,4,Suburban,Freeway/Prin. Art.,2,Other Wayne,100-199,100-199,200-499,MD,1,1,60.3463796477495,58.8607594936709,0.000285774263372052,0.000197579661888935
14888,1,82-0161,2019,14166,13926,240,114,124,3,Principal Arterial,4,Suburban,Freeway/Prin. Art.,2,Other Wayne,100-199,100-199,200-499,PM,1,1,25.5440313111546,24.3291139240506,0.000120965446048429,8.16662602474267e-05
14888,1,82-0161,2019,14166,13926,240,114,124,3,Principal Arterial,4,Suburban,Freeway/Prin. Art.,2,Other Wayne,100-199,100-199,200-499,EV,1,1,3.34637964774951,6.50271247739602,1.5847001665733e-05,2.18278483610633e-05
14888,1,82-0161,2019,14166,13926,240,114,124,3,Principal Arterial,4,Suburban,Freeway/Prin. Art.,2,Other Wayne,100-199,100-199,200-499,NT,1,1,8.4774951076321,10.0904159132007,4.01457375531903e-05,3.38707991809604e-05
14890,0,82-1552,2018,16927,16610,317,189,16,3,Principal Arterial,3,Urban,Freeway/Prin. Art.,1,Detroit,0-99,100-199,200-499,AM,1,1,24.1466876971609,1,0.000114348233146883,3.35672973961847e-06
14890,0,82-1552,2018,16927,16610,317,189,16,3,Principal Arterial,3,Urban,Freeway/Prin. Art.,1,Detroit,0-99,100-199,200-499,MD,1,1,87.3454258675079,9,0.000413630028543661,3.02105676565663e-05
14890,0,82-1552,2018,16927,16610,317,189,16,3,Principal Arterial,3,Urban,Freeway/Prin. Art.,1,Detroit,0-99,100-199,200-499,PM,1,1,46.2066246056782,5,0.000218814520219343,1.67836486980924e-05
14890,0,82-1552,2018,16927,16610,317,189,16,3,Principal Arterial,3,Urban,Freeway/Prin. Art.,1,Detroit,0-99,100-199,200-499,EV,1,1,11.9242902208202,0,5.64682632824111e-05,0
14890,0,82-1552,2018,16927,16610,317,189,16,3,Principal Arterial,3,Urban,Freeway/Prin. Art.,1,Detroit,0-99,100-199,200-499,NT,1,1,19.3769716088328,1,9.17609278339181e-05,3.35672973961847e-06
14908,1,82-1147,2018,17979,17798,180,119,62,3,Principal Arterial,4,Suburban,Freeway/Prin. Art.,2,Other Wayne,0-99,100-199,100-199,AM,1,1,16.135593220339,11.3666666666667,7.64111665609324e-05,3.815482804033e-05
14908,1,82-1147,2018,17979,17798,180,119,62,3,Principal Arterial,4,Suburban,Freeway/Prin. Art.,2,Other Wayne,0-99,100-199,100-199,MD,1,1,72.6101694915254,20.925,0.000343850249524196,7.02395698015166e-05
14908,1,82-1147,2018,17979,17798,180,119,62,3,Principal Arterial,4,Suburban,Freeway/Prin. Art.,2,Other Wayne,0-99,100-199,100-199,PM,1,1,24.4555084745763,20.4083333333333,0.000115810674318913,6.8505259436047e-05
14908,1,82-1147,2018,17979,17798,180,119,62,3,Principal Arterial,4,Suburban,Freeway/Prin. Art.,2,Other Wayne,0-99,100-199,100-199,EV,1,1,3.27754237288136,4.13333333333333,1.55210182076894e-05,1.38744829237564e-05
14908,1,82-1147,2018,17979,17798,180,119,62,3,Principal Arterial,4,Suburban,Freeway/Prin. Art.,2,Other Wayne,0-99,100-199,100-199,NT,1,1,2.52118644067797,5.16666666666667,1.19392447751457e-05,1.73431036546954e-05
14933,1,82-2206,2019,10681,10336,345,148,187,3,Principal Arterial,3,Urban,Freeway/Prin. Art.,2,Other Wayne,100-199,100-199,200-499,AM,1,1,28.5,24.6981132075472,0.00013496363085316,8.29048911162374e-05
14933,1,82-2206,2019,10681,10336,345,148,187,3,Principal Arterial,3,Urban,Freeway/Prin. Art.,2,Other Wayne,100-199,100-199,200-499,MD,1,1,59.25,37.0471698113208,0.000280582285194727,0.000124357336674356
14933,1,82-2206,2019,10681,10336,345,148,187,3,Principal Arterial,3,Urban,Freeway/Prin. Art.,2,Other Wayne,100-199,100-199,200-499,PM,1,1,36.75,104.33692722372,0.000174032050310653,0.000350230866552268
14933,1,82-2206,2019,10681,10336,345,148,187,3,Principal Arterial,3,Urban,Freeway/Prin. Art.,2,Other Wayne,100-199,100-199,200-499,EV,1,1,15,17.3894878706199,7.10334899227156e-05,5.83718110920447e-05
14933,1,82-2206,2019,10681,10336,345,148,187,3,Principal Arterial,3,Urban,Freeway/Prin. Art.,2,Other Wayne,100-199,100-199,200-499,NT,1,1,8.5,3.52830188679245,4.02523109562055e-05,1.18435558737482e-05
14950,1,82-0168,2019,25444.5,24930.5,514,240,157,3,Principal Arterial,3,Urban,Freeway/Prin. Art.,2,Other Wayne,100-199,200-499,200-499,AM,1,1,33.8059701492537,31.4,0.000160090402661643,0.00010540131382402
14950,1,82-0168,2019,25444.5,24930.5,514,240,157,3,Principal Arterial,3,Urban,Freeway/Prin. Art.,2,Other Wayne,100-199,200-499,200-499,MD,1,1,123.805970149254,74.0142857142857,0.000586291342197936,0.000248445954013762
14950,1,82-0168,2019,25444.5,24930.5,514,240,157,3,Principal Arterial,3,Urban,Freeway/Prin. Art.,2,Other Wayne,100-199,200-499,200-499,PM,1,1,58.8805970149254,25.3442857142857,0.000278832952980212,8.50739175865305e-05
14950,1,82-0168,2019,25444.5,24930.5,514,240,157,3,Principal Arterial,3,Urban,Freeway/Prin. Art.,2,Other Wayne,100-199,200-499,200-499,EV,1,1,8.50746268656716,5.60714285714286,4.02876510009432e-05,1.88216631828607e-05
14950,1,82-0168,2019,25444.5,24930.5,514,240,157,3,Principal Arterial,3,Urban,Freeway/Prin. Art.,2,Other Wayne,100-199,200-499,200-499,NT,1,1,15,20.6342857142857,7.10334899227156e-05,6.92637205129275e-05
14966,1,82-2240,2019,4917,4755,162,70,72,5,Major Collector,3,Urban,Other Road,2,Other Wayne,0-99,0-99,100-199,AM,1,1,5.79136690647482,26.2978723404255,2.74254001859885e-05,8.82748501737965e-05
14966,1,82-2240,2019,4917,4755,162,70,72,5,Major Collector,3,Urban,Other Road,2,Other Wayne,0-99,0-99,100-199,MD,1,1,49.3525179856115,28.3404255319149,0.000233712105932772,9.51311492164214e-05
14966,1,82-2240,2019,4917,4755,162,70,72,5,Major Collector,3,Urban,Other Road,2,Other Wayne,0-99,0-99,100-199,PM,1,1,8.56115107913669,13.0212765957447,4.05418959271134e-05,4.37089063967342e-05
14966,1,82-2240,2019,4917,4755,162,70,72,5,Major Collector,3,Urban,Other Road,2,Other Wayne,0-99,0-99,100-199,EV,1,1,2.01438848920863,0.51063829787234,9.53926962990904e-06,1.71407476065624e-06
14966,1,82-2240,2019,4917,4755,162,70,72,5,Major Collector,3,Urban,Other Road,2,Other Wayne,0-99,0-99,100-199,NT,1,1,4.28057553956835,3.82978723404255,2.02709479635567e-05,1.28555607049218e-05
15003,1,82-0855,2019,41986,40272,1714,896,767,3,Principal Arterial,4,Suburban,Freeway/Prin. Art.,2,Other Wayne,500-999,500-999,1000-1999,AM,1,1,172.818991097923,138.609122401848,0.000818395737507212,0.000465273363348699
15003,1,82-0855,2019,41986,40272,1714,896,767,3,Principal Arterial,4,Suburban,Freeway/Prin. Art.,2,Other Wayne,500-999,500-999,1000-1999,MD,1,1,446.227497527201,309.102771362587,0.0021131397632558,0.00103757446523128
15003,1,82-0855,2019,41986,40272,1714,896,767,3,Principal Arterial,4,Suburban,Freeway/Prin. Art.,2,Other Wayne,500-999,500-999,1000-1999,PM,1,1,151.992087042532,128.423787528868,0.000719768558884548,0.000431083946872597
15003,1,82-0855,2019,41986,40272,1714,896,767,3,Principal Arterial,4,Suburban,Freeway/Prin. Art.,2,Other Wayne,500-999,500-999,1000-1999,EV,1,1,39.8813056379822,56.6836027713626,0.000188860554809357,0.000190271535171353
15003,1,82-0855,2019,41986,40272,1714,896,767,3,Principal Arterial,4,Suburban,Freeway/Prin. Art.,2,Other Wayne,500-999,500-999,1000-1999,NT,1,1,85.080118694362,134.180715935335,0.000402902516926627,0.000450408399663437
15013,1,82-5993,2018,5456,5251,204,111,75,4,Minor Arterial,3,Urban,Other Road,1,Detroit,0-99,100-199,100-199,AM,1,1,18.4159090909091,24.5777027027027,8.72097528551158e-05,8.25007055936635e-05
15013,1,82-5993,2018,5456,5251,204,111,75,4,Minor Arterial,3,Urban,Other Road,1,Detroit,0-99,100-199,100-199,MD,1,1,50.9590909090909,32.6858108108108,0.000241320138037444,0.000109717433212192
15013,1,82-5993,2018,5456,5251,204,111,75,4,Minor Arterial,3,Urban,Other Road,1,Detroit,0-99,100-199,100-199,PM,1,1,27.2454545454545,8.61486486486487,0.000129022648059623,2.89177730946862e-05
15013,1,82-5993,2018,5456,5251,204,111,75,4,Minor Arterial,3,Urban,Other Road,1,Detroit,0-99,100-199,100-199,EV,1,1,10.0909090909091,6.84121621621622,4.77861659480086e-05,2.29641139281331e-05
15013,1,82-5993,2018,5456,5251,204,111,75,4,Minor Arterial,3,Urban,Other Road,1,Detroit,0-99,100-199,100-199,NT,1,1,4.28863636363636,2.28040540540541,2.03091205279037e-05,7.65470464271105e-06
15017,1,82-9699,2019,38744.5,31673,7071,756,6239,1,Interstate Freeway,4,Suburban,Interstate,2,Other Wayne,2000+,500-999,2000+,AM,1,1,119.625137507649,771.233402715487,0.000566492733310202,0.00258882209908223
15017,1,82-9699,2019,38744.5,31673,7071,756,6239,1,Interstate Freeway,4,Suburban,Interstate,2,Other Wayne,2000+,500-999,2000+,MD,1,1,280.532781344851,2075.35674119769,0.00132848149977672,0.00696641169349596
15017,1,82-9699,2019,38744.5,31673,7071,756,6239,1,Interstate Freeway,4,Suburban,Interstate,2,Other Wayne,2000+,500-999,2000+,PM,1,1,170.377994619285,1226.66600896011,0.000806836237589429,0.0041175862728555
15017,1,82-9699,2019,38744.5,31673,7071,756,6239,1,Interstate Freeway,4,Suburban,Interstate,2,Other Wayne,2000+,500-999,2000+,EV,1,1,64.7104311698263,790.798278950872,0.000306440517359762,0.0026544961009935
15017,1,82-9699,2019,38744.5,31673,7071,756,6239,1,Interstate Freeway,4,Suburban,Interstate,2,Other Wayne,2000+,500-999,2000+,NT,1,1,120.753655358389,1374.94556817584,0.000571836904068747,0.00461532067905247
15022,0,82-9799,2019,47538,41358.5,6179,570,5514,1,Interstate Freeway,3,Urban,Interstate,2,Other Wayne,2000+,500-999,2000+,AM,1,1,89.2480777552175,669.650290284738,0.000422640162123132,0.00224783504454292
15022,0,82-9799,2019,47538,41358.5,6179,570,5514,1,Interstate Freeway,3,Urban,Interstate,2,Other Wayne,2000+,500-999,2000+,MD,1,1,229.248410611457,1880.92113400323,0.0010856209776645,0.00631374390838555
15022,0,82-9799,2019,47538,41358.5,6179,570,5514,1,Interstate Freeway,3,Urban,Interstate,2,Other Wayne,2000+,500-999,2000+,PM,1,1,125.286922078354,1124.61568849393,0.000593304487793389,0.00377503092720908
15022,0,82-9799,2019,47538,41358.5,6179,570,5514,1,Interstate Freeway,3,Urban,Interstate,2,Other Wayne,2000+,500-999,2000+,EV,1,1,37.310022301368,688.973583901472,0.000176684072877368,0.00231269811889359
15022,0,82-9799,2019,47538,41358.5,6179,570,5514,1,Interstate Freeway,3,Urban,Interstate,2,Other Wayne,2000+,500-999,2000+,NT,1,1,88.9065672536032,1149.83930331663,0.000421022916604804,0.00385969978522512
15130,0,82-6147,2018,3151,3087,63,43,22,5,Major Collector,3,Urban,Other Road,1,Detroit,0-99,0-99,0-99,AM,1,1,4.55294117647059,2.82051282051282,2.1560753411836e-05,9.46769926559057e-06
15130,0,82-6147,2018,3151,3087,63,43,22,5,Major Collector,3,Urban,Other Road,1,Detroit,0-99,0-99,0-99,MD,1,1,19.7294117647059,12.1282051282051,9.34299314512894e-05,4.07111068420394e-05
15130,0,82-6147,2018,3151,3087,63,43,22,5,Major Collector,3,Urban,Other Road,1,Detroit,0-99,0-99,0-99,PM,1,1,12.3941176470588,6.20512820512821,5.86931620655536e-05,2.08289383842993e-05
15130,0,82-6147,2018,3151,3087,63,43,22,5,Major Collector,3,Urban,Other Road,1,Detroit,0-99,0-99,0-99,EV,1,1,2.78235294117647,0.846153846153846,1.31760159738998e-05,2.84030977967717e-06
15130,0,82-6147,2018,3151,3087,63,43,22,5,Major Collector,3,Urban,Other Road,1,Detroit,0-99,0-99,0-99,NT,1,1,3.54117647058824,0,1.67694748758725e-05,0
15145,0,82-1234,2018,6645,6560,84,60,12,3,Principal Arterial,3,Urban,Freeway/Prin. Art.,1,Detroit,0-99,0-99,0-99,AM,1,1,9.70588235294118,2.29787234042553,4.59628464205807e-05,7.71333642295309e-06
15145,0,82-1234,2018,6645,6560,84,60,12,3,Principal Arterial,3,Urban,Freeway/Prin. Art.,1,Detroit,0-99,0-99,0-99,MD,1,1,20.546218487395,3.4468085106383,9.72979735916188e-05,1.15700046344296e-05
15145,0,82-1234,2018,6645,6560,84,60,12,3,Principal Arterial,3,Urban,Freeway/Prin. Art.,1,Detroit,0-99,0-99,0-99,PM,1,1,16.2605042016807,3.4468085106383,7.70026907565572e-05,1.15700046344296e-05
15145,0,82-1234,2018,6645,6560,84,60,12,3,Principal Arterial,3,Urban,Freeway/Prin. Art.,1,Detroit,0-99,0-99,0-99,EV,1,1,8.0672268907563,1.27659574468085,3.82028853365865e-05,4.28518690164061e-06
15145,0,82-1234,2018,6645,6560,84,60,12,3,Principal Arterial,3,Urban,Freeway/Prin. Art.,1,Detroit,0-99,0-99,0-99,NT,1,1,5.42016806722689,1.53191489361702,2.56675635855191e-05,5.14222428196873e-06
15157,0,82-6337,2019,5645,5596,49,31,17,5,Major Collector,3,Urban,Other Road,2,Other Wayne,0-99,0-99,0-99,AM,1,1,6.86065573770492,2.31818181818182,3.24890880138322e-05,7.78150985093374e-06
15157,0,82-6337,2019,5645,5596,49,31,17,5,Major Collector,3,Urban,Other Road,2,Other Wayne,0-99,0-99,0-99,MD,1,1,15.7540983606557,3.86363636363636,7.46045724762073e-05,1.29691830848896e-05
15157,0,82-6337,2019,5645,5596,49,31,17,5,Major Collector,3,Urban,Other Road,2,Other Wayne,0-99,0-99,0-99,PM,1,1,6.60655737704918,7.72727272727273,3.12857884577643e-05,2.59383661697791e-05
15157,0,82-6337,2019,5645,5596,49,31,17,5,Major Collector,3,Urban,Other Road,2,Other Wayne,0-99,0-99,0-99,EV,1,1,1.52459016393443,1.8030303030303,7.21979733640716e-06,6.05228543961513e-06
15157,0,82-6337,2019,5645,5596,49,31,17,5,Major Collector,3,Urban,Other Road,2,Other Wayne,0-99,0-99,0-99,NT,1,1,0.254098360655738,1.28787878787879,1.20329955606786e-06,4.32306102829652e-06
15175,0,82-2239,2019,1603,1522,81,55,12,5,Major Collector,3,Urban,Other Road,2,Other Wayne,0-99,0-99,0-99,AM,1,1,3.05555555555556,1.09090909090909,1.44697849842569e-05,3.6618869886747e-06
15175,0,82-2239,2019,1603,1522,81,55,12,5,Major Collector,3,Urban,Other Road,2,Other Wayne,0-99,0-99,0-99,MD,1,1,39.212962962963,5.45454545454545,0.00018569557396463,1.83094349433735e-05
15175,0,82-2239,2019,1603,1522,81,55,12,5,Major Collector,3,Urban,Other Road,2,Other Wayne,0-99,0-99,0-99,PM,1,1,9.4212962962963,5.45454545454545,4.46151703681254e-05,1.83094349433735e-05
15175,0,82-2239,2019,1603,1522,81,55,12,5,Major Collector,3,Urban,Other Road,2,Other Wayne,0-99,0-99,0-99,EV,1,1,1.27314814814815,0,6.0290770767737e-06,0
15175,0,82-2239,2019,1603,1522,81,55,12,5,Major Collector,3,Urban,Other Road,2,Other Wayne,0-99,0-99,0-99,NT,1,1,2.03703703703704,0,9.64652332283791e-06,0
15191,1,82-1827,2019,32923,32101,822,386,388,3,Principal Arterial,3,Urban,Freeway/Prin. Art.,2,Other Wayne,200-499,200-499,500-999,AM,1,1,53.5,51,0.000253352780724352,0.000171193216720542
15191,1,82-1827,2019,32923,32101,822,386,388,3,Principal Arterial,3,Urban,Freeway/Prin. Art.,2,Other Wayne,200-499,200-499,500-999,MD,1,1,175.5,170,0.000831091832095772,0.000570644055735141
15191,1,82-1827,2019,32923,32101,822,386,388,3,Principal Arterial,3,Urban,Freeway/Prin. Art.,2,Other Wayne,200-499,200-499,500-999,PM,1,1,100,75.5,0.00047355659948477,0.000253433095341195
15191,1,82-1827,2019,32923,32101,822,386,388,3,Principal Arterial,3,Urban,Freeway/Prin. Art.,2,Other Wayne,200-499,200-499,500-999,EV,1,1,15.5,19.5,7.34012729201394e-05,6.54562299225603e-05
15191,1,82-1827,2019,32923,32101,822,386,388,3,Principal Arterial,3,Urban,Freeway/Prin. Art.,2,Other Wayne,200-499,200-499,500-999,NT,1,1,41.5,72,0.00019652598878618,0.00024168454125253
15230,1,82-0058,2019,15066,14687,379,170,206,3,Principal Arterial,4,Suburban,Freeway/Prin. Art.,2,Other Wayne,200-499,100-199,200-499,AM,1,1,26.7592592592593,37.1069868995633,0.000126720238195462,0.000124558126473397
15230,1,82-0058,2019,15066,14687,379,170,206,3,Principal Arterial,4,Suburban,Freeway/Prin. Art.,2,Other Wayne,200-499,100-199,200-499,MD,1,1,77.3544973544974,89.056768558952,0.000366317327220494,0.000298939503536154
15230,1,82-0058,2019,15066,14687,379,170,206,3,Principal Arterial,4,Suburban,Freeway/Prin. Art.,2,Other Wayne,200-499,100-199,200-499,PM,1,1,47.6719576719577,47.2270742358079,0.000225753701659142,0.000158528524602506
15230,1,82-0058,2019,15066,14687,379,170,206,3,Principal Arterial,4,Suburban,Freeway/Prin. Art.,2,Other Wayne,200-499,100-199,200-499,EV,1,1,8.0952380952381,12.1441048034934,3.83355342440052e-05,4.076447775493e-05
15230,1,82-0058,2019,15066,14687,379,170,206,3,Principal Arterial,4,Suburban,Freeway/Prin. Art.,2,Other Wayne,200-499,100-199,200-499,NT,1,1,10.1190476190476,20.4650655021834,4.79194178050065e-05,6.86956939944191e-05
15243,1,82-4747,2019,20589,19891.5,697,316,315,3,Principal Arterial,3,Urban,Freeway/Prin. Art.,2,Other Wayne,200-499,200-499,500-999,AM,1,1,51.5460992907801,53.9935988620199,0.000244099954968462,0.000181241919049172
15243,1,82-4747,2019,20589,19891.5,697,316,315,3,Principal Arterial,3,Urban,Freeway/Prin. Art.,2,Other Wayne,200-499,200-499,500-999,MD,1,1,166.29219858156,155.25960170697,0.000787487680811299,0.000521164522411106
15243,1,82-4747,2019,20589,19891.5,697,316,315,3,Principal Arterial,3,Urban,Freeway/Prin. Art.,2,Other Wayne,200-499,200-499,500-999,PM,1,1,60.5106382978724,52.649359886202,0.000286552121049933,0.00017672967210189
15243,1,82-4747,2019,20589,19891.5,697,316,315,3,Principal Arterial,3,Urban,Freeway/Prin. Art.,2,Other Wayne,200-499,200-499,500-999,EV,1,1,13.8950354609929,12.0981507823613,6.5800857426281e-05,4.06102225255407e-05
15243,1,82-4747,2019,20589,19891.5,697,316,315,3,Principal Arterial,3,Urban,Freeway/Prin. Art.,2,Other Wayne,200-499,200-499,500-999,NT,1,1,23.7560283687943,40.9992887624467,0.0001124982401159,0.00013762353189211
15246,1,82-1838,2019,20655,19958,697,326,329,3,Principal Arterial,3,Urban,Freeway/Prin. Art.,2,Other Wayne,200-499,200-499,500-999,AM,1,1,63.4027565084227,60.907435508346,0.000300247937700895,0.000204449800134759
15246,1,82-1838,2019,20655,19958,697,326,329,3,Principal Arterial,3,Urban,Freeway/Prin. Art.,2,Other Wayne,200-499,200-499,500-999,MD,1,1,152.01684532925,165.498482549317,0.000719885803385218,0.000555533678235022
15246,1,82-1838,2019,20655,19958,697,326,329,3,Principal Arterial,3,Urban,Freeway/Prin. Art.,2,Other Wayne,200-499,200-499,500-999,PM,1,1,63.9019908116386,56.6638846737481,0.000302612094690666,0.000190205346846682
15246,1,82-1838,2019,20655,19958,697,326,329,3,Principal Arterial,3,Urban,Freeway/Prin. Art.,2,Other Wayne,200-499,200-499,500-999,EV,1,1,24.7120980091884,13.9787556904401,0.000117025770993656,4.69229049489611e-05
15246,1,82-1838,2019,20655,19958,697,326,329,3,Principal Arterial,3,Urban,Freeway/Prin. Art.,2,Other Wayne,200-499,200-499,500-999,NT,1,1,21.9663093415008,31.9514415781487,0.000104022907549917,0.000107252354169054
15261,0,82-2303,2019,14646,14423,223,128,29,3,Principal Arterial,3,Urban,Freeway/Prin. Art.,1,Detroit,0-99,100-199,100-199,AM,1,1,25.4488188976378,2.9,0.000120514561380691,9.73451624489357e-06
15261,0,82-2303,2019,14646,14423,223,128,29,3,Principal Arterial,3,Urban,Freeway/Prin. Art.,1,Detroit,0-99,100-199,100-199,MD,1,1,44.3464566929134,12.3909090909091,0.000210005572306947,4.15929330463635e-05
15261,0,82-2303,2019,14646,14423,223,128,29,3,Principal Arterial,3,Urban,Freeway/Prin. Art.,1,Detroit,0-99,100-199,100-199,PM,1,1,34.7716535433071,10.2818181818182,0.000164663460104311,3.4513284868259e-05
15261,0,82-2303,2019,14646,14423,223,128,29,3,Principal Arterial,3,Urban,Freeway/Prin. Art.,1,Detroit,0-99,100-199,100-199,EV,1,1,12.0944881889764,2.63636363636364,5.72742469928037e-05,8.84956022263052e-06
15261,0,82-2303,2019,14646,14423,223,128,29,3,Principal Arterial,3,Urban,Freeway/Prin. Art.,1,Detroit,0-99,100-199,100-199,NT,1,1,11.3385826771654,0.790909090909091,5.36946065557535e-05,2.65486806678916e-06
15352,1,82-3138,2019,17142.5,16073,1069,358,659,2,Other Freeway,3,Urban,Freeway/Prin. Art.,1,Detroit,500-999,200-499,1000-1999,AM,1,1,65.1115335868188,131.164600550964,0.000308339964326123,0.000440284115454599
15352,1,82-3138,2019,17142.5,16073,1069,358,659,2,Other Freeway,3,Urban,Freeway/Prin. Art.,1,Detroit,500-999,200-499,1000-1999,MD,1,1,167.88339670469,277.306473829201,0.000795022904534255,0.000930842887691211
15352,1,82-3138,2019,17142.5,16073,1069,358,659,2,Other Freeway,3,Urban,Freeway/Prin. Art.,1,Detroit,500-999,200-499,1000-1999,PM,1,1,66.2458808618504,132.526170798898,0.000313711740708111,0.000444854538798419
15352,1,82-3138,2019,17142.5,16073,1069,358,659,2,Other Freeway,3,Urban,Freeway/Prin. Art.,1,Detroit,500-999,200-499,1000-1999,EV,1,1,14.5196451204056,37.6701101928375,6.87587376894491e-05,0.000126448379179003
15352,1,82-3138,2019,17142.5,16073,1069,358,659,2,Other Freeway,3,Urban,Freeway/Prin. Art.,1,Detroit,500-999,200-499,1000-1999,NT,1,1,44.2395437262357,80.3326446280992,0.00020949927889754,0.000269654977285343
15423,1,82-3138,2019,17142.5,16073,1069,358,659,2,Other Freeway,3,Urban,Freeway/Prin. Art.,1,Detroit,500-999,200-499,1000-1999,AM,1,1,65.1115335868188,131.164600550964,0.000308339964326123,0.000440284115454599
15423,1,82-3138,2019,17142.5,16073,1069,358,659,2,Other Freeway,3,Urban,Freeway/Prin. Art.,1,Detroit,500-999,200-499,1000-1999,MD,1,1,167.88339670469,277.306473829201,0.000795022904534255,0.000930842887691211
15423,1,82-3138,2019,17142.5,16073,1069,358,659,2,Other Freeway,3,Urban,Freeway/Prin. Art.,1,Detroit,500-999,200-499,1000-1999,PM,1,1,66.2458808618504,132.526170798898,0.000313711740708111,0.000444854538798419
15423,1,82-3138,2019,17142.5,16073,1069,358,659,2,Other Freeway,3,Urban,Freeway/Prin. Art.,1,Detroit,500-999,200-499,1000-1999,EV,1,1,14.5196451204056,37.6701101928375,6.87587376894491e-05,0.000126448379179003
15423,1,82-3138,2019,17142.5,16073,1069,358,659,2,Other Freeway,3,Urban,Freeway/Prin. Art.,1,Detroit,500-999,200-499,1000-1999,NT,1,1,44.2395437262357,80.3326446280992,0.00020949927889754,0.000269654977285343
15558,1,82-0177,2019,17181,16844.5,336,180,130,3,Principal Arterial,4,Suburban,Freeway/Prin. Art.,2,Other Wayne,100-199,100-199,200-499,AM,1,1,25.2631578947368,23.4722222222222,0.000119635351448784,7.8789906388267e-05
15558,1,82-0177,2019,17181,16844.5,336,180,130,3,Principal Arterial,4,Suburban,Freeway/Prin. Art.,2,Other Wayne,100-199,100-199,200-499,MD,1,1,98.3458646616541,63.8715277777778,0.000465723332425624,0.000214399456806534
15558,1,82-0177,2019,17181,16844.5,336,180,130,3,Principal Arterial,4,Suburban,Freeway/Prin. Art.,2,Other Wayne,100-199,100-199,200-499,PM,1,1,39.2481203007519,26.1805555555556,0.000185862063857932,8.7881049433067e-05
15558,1,82-0177,2019,17181,16844.5,336,180,130,3,Principal Arterial,4,Suburban,Freeway/Prin. Art.,2,Other Wayne,100-199,100-199,200-499,EV,1,1,6.76691729323308,2.03125,3.20451834237814e-05,6.81835728360003e-06
15558,1,82-0177,2019,17181,16844.5,336,180,130,3,Principal Arterial,4,Suburban,Freeway/Prin. Art.,2,Other Wayne,100-199,100-199,200-499,NT,1,1,10.3759398496241,14.4444444444444,4.91359479164649e-05,4.84860962389335e-05
15585,1,82-4747,2019,20589,19891.5,697,316,315,3,Principal Arterial,3,Urban,Freeway/Prin. Art.,2,Other Wayne,200-499,200-499,500-999,AM,1,1,51.5460992907801,53.9935988620199,0.000244099954968462,0.000181241919049172
15585,1,82-4747,2019,20589,19891.5,697,316,315,3,Principal Arterial,3,Urban,Freeway/Prin. Art.,2,Other Wayne,200-499,200-499,500-999,MD,1,1,166.29219858156,155.25960170697,0.000787487680811299,0.000521164522411106
15585,1,82-4747,2019,20589,19891.5,697,316,315,3,Principal Arterial,3,Urban,Freeway/Prin. Art.,2,Other Wayne,200-499,200-499,500-999,PM,1,1,60.5106382978724,52.649359886202,0.000286552121049933,0.00017672967210189
15585,1,82-4747,2019,20589,19891.5,697,316,315,3,Principal Arterial,3,Urban,Freeway/Prin. Art.,2,Other Wayne,200-499,200-499,500-999,EV,1,1,13.8950354609929,12.0981507823613,6.5800857426281e-05,4.06102225255407e-05
15585,1,82-4747,2019,20589,19891.5,697,316,315,3,Principal Arterial,3,Urban,Freeway/Prin. Art.,2,Other Wayne,200-499,200-499,500-999,NT,1,1,23.7560283687943,40.9992887624467,0.0001124982401159,0.00013762353189211
15620,1,82-9699,2019,38744.5,31673,7071,756,6239,1,Interstate Freeway,4,Suburban,Interstate,2,Other Wayne,2000+,500-999,2000+,AM,1,1,119.625137507649,771.233402715487,0.000566492733310202,0.00258882209908223
15620,1,82-9699,2019,38744.5,31673,7071,756,6239,1,Interstate Freeway,4,Suburban,Interstate,2,Other Wayne,2000+,500-999,2000+,MD,1,1,280.532781344851,2075.35674119769,0.00132848149977672,0.00696641169349596
15620,1,82-9699,2019,38744.5,31673,7071,756,6239,1,Interstate Freeway,4,Suburban,Interstate,2,Other Wayne,2000+,500-999,2000+,PM,1,1,170.377994619285,1226.66600896011,0.000806836237589429,0.0041175862728555
15620,1,82-9699,2019,38744.5,31673,7071,756,6239,1,Interstate Freeway,4,Suburban,Interstate,2,Other Wayne,2000+,500-999,2000+,EV,1,1,64.7104311698263,790.798278950872,0.000306440517359762,0.0026544961009935
15620,1,82-9699,2019,38744.5,31673,7071,756,6239,1,Interstate Freeway,4,Suburban,Interstate,2,Other Wayne,2000+,500-999,2000+,NT,1,1,120.753655358389,1374.94556817584,0.000571836904068747,0.00461532067905247
15649,0,82-1367,2019,13288,12771,517,318,146,4,Minor Arterial,4,Suburban,Other Road,2,Other Wayne,100-199,200-499,200-499,AM,1,1,57.0769230769231,19.7397959183673,0.000270291536013615,6.6261160013183e-05
15649,0,82-1367,2019,13288,12771,517,318,146,4,Minor Arterial,4,Suburban,Other Road,2,Other Wayne,100-199,200-499,200-499,MD,1,1,136.020979020979,66.2959183673469,0.000644136322837641,0.000222537480798992
15649,0,82-1367,2019,13288,12771,517,318,146,4,Minor Arterial,4,Suburban,Other Road,2,Other Wayne,100-199,200-499,200-499,PM,1,1,91.1748251748252,31.2857142857143,0.000431764401684087,0.000105017687568064
15649,0,82-1367,2019,13288,12771,517,318,146,4,Minor Arterial,4,Suburban,Other Road,2,Other Wayne,100-199,200-499,200-499,EV,1,1,11.4895104895105,11.1734693877551,5.44093351715719e-05,3.75063169885942e-05
15649,0,82-1367,2019,13288,12771,517,318,146,4,Minor Arterial,4,Suburban,Other Road,2,Other Wayne,100-199,200-499,200-499,NT,1,1,22.2377622377622,17.5051020408163,0.000105308390654655,5.87598966154642e-05
15704,1,82-0168,2019,25444.5,24930.5,514,240,157,3,Principal Arterial,3,Urban,Freeway/Prin. Art.,2,Other Wayne,100-199,200-499,200-499,AM,1,1,33.8059701492537,31.4,0.000160090402661643,0.00010540131382402
15704,1,82-0168,2019,25444.5,24930.5,514,240,157,3,Principal Arterial,3,Urban,Freeway/Prin. Art.,2,Other Wayne,100-199,200-499,200-499,MD,1,1,123.805970149254,74.0142857142857,0.000586291342197936,0.000248445954013762
15704,1,82-0168,2019,25444.5,24930.5,514,240,157,3,Principal Arterial,3,Urban,Freeway/Prin. Art.,2,Other Wayne,100-199,200-499,200-499,PM,1,1,58.8805970149254,25.3442857142857,0.000278832952980212,8.50739175865305e-05
15704,1,82-0168,2019,25444.5,24930.5,514,240,157,3,Principal Arterial,3,Urban,Freeway/Prin. Art.,2,Other Wayne,100-199,200-499,200-499,EV,1,1,8.50746268656716,5.60714285714286,4.02876510009432e-05,1.88216631828607e-05
15704,1,82-0168,2019,25444.5,24930.5,514,240,157,3,Principal Arterial,3,Urban,Freeway/Prin. Art.,2,Other Wayne,100-199,200-499,200-499,NT,1,1,15,20.6342857142857,7.10334899227156e-05,6.92637205129275e-05
15717,1,82-0177,2019,17181,16844.5,336,180,130,3,Principal Arterial,4,Suburban,Freeway/Prin. Art.,2,Other Wayne,100-199,100-199,200-499,AM,1,1,25.2631578947368,23.4722222222222,0.000119635351448784,7.8789906388267e-05
15717,1,82-0177,2019,17181,16844.5,336,180,130,3,Principal Arterial,4,Suburban,Freeway/Prin. Art.,2,Other Wayne,100-199,100-199,200-499,MD,1,1,98.3458646616541,63.8715277777778,0.000465723332425624,0.000214399456806534
15717,1,82-0177,2019,17181,16844.5,336,180,130,3,Principal Arterial,4,Suburban,Freeway/Prin. Art.,2,Other Wayne,100-199,100-199,200-499,PM,1,1,39.2481203007519,26.1805555555556,0.000185862063857932,8.7881049433067e-05
15717,1,82-0177,2019,17181,16844.5,336,180,130,3,Principal Arterial,4,Suburban,Freeway/Prin. Art.,2,Other Wayne,100-199,100-199,200-499,EV,1,1,6.76691729323308,2.03125,3.20451834237814e-05,6.81835728360003e-06
15717,1,82-0177,2019,17181,16844.5,336,180,130,3,Principal Arterial,4,Suburban,Freeway/Prin. Art.,2,Other Wayne,100-199,100-199,200-499,NT,1,1,10.3759398496241,14.4444444444444,4.91359479164649e-05,4.84860962389335e-05
15728,1,82-8103,2019,8248,7969.5,278,101,173,3,Principal Arterial,4,Suburban,Freeway/Prin. Art.,2,Other Wayne,100-199,100-199,200-499,AM,1,1,16.7960088691796,26.7791450777202,7.95386084500474e-05,8.98903526839411e-05
15728,1,82-8103,2019,8248,7969.5,278,101,173,3,Principal Arterial,4,Suburban,Freeway/Prin. Art.,2,Other Wayne,100-199,100-199,200-499,MD,1,1,43.7815964523282,73.5025906735751,0.00020733063935979,0.000246728332052993
15728,1,82-8103,2019,8248,7969.5,278,101,173,3,Principal Arterial,4,Suburban,Freeway/Prin. Art.,2,Other Wayne,100-199,100-199,200-499,PM,1,1,24.970066518847,34.2862694300518,0.000118247397895737,0.000115089740256427
15728,1,82-8103,2019,8248,7969.5,278,101,173,3,Principal Arterial,4,Suburban,Freeway/Prin. Art.,2,Other Wayne,100-199,100-199,200-499,EV,1,1,7.39024390243902,11.8769430051813,3.49969877180208e-05,3.98676878012458e-05
15728,1,82-8103,2019,8248,7969.5,278,101,173,3,Principal Arterial,4,Suburban,Freeway/Prin. Art.,2,Other Wayne,100-199,100-199,200-499,NT,1,1,8.06208425720621,26.5550518134715,3.81785320560227e-05,8.91381321593893e-05
15736,0,82-1148,2019,12856,12735,121,86,33,4,Minor Arterial,4,Suburban,Other Road,2,Other Wayne,0-99,0-99,100-199,AM,1,1,13.1529411764706,6.4453125,6.22866209675263e-05,2.16351721498847e-05
15736,0,82-1148,2019,12856,12735,121,86,33,4,Minor Arterial,4,Suburban,Other Road,2,Other Wayne,0-99,0-99,100-199,MD,1,1,49.0705882352941,15.984375,0.000232377008994233,5.36552269317141e-05
15736,0,82-1148,2019,12856,12735,121,86,33,4,Minor Arterial,4,Suburban,Other Road,2,Other Wayne,0-99,0-99,100-199,PM,1,1,17.7058823529412,7.734375,8.38473743793623e-05,2.59622065798616e-05
15736,0,82-1148,2019,12856,12735,121,86,33,4,Minor Arterial,4,Suburban,Other Road,2,Other Wayne,0-99,0-99,100-199,EV,1,1,3.54117647058824,1.546875,1.67694748758725e-05,5.19244131597233e-06
15736,0,82-1148,2019,12856,12735,121,86,33,4,Minor Arterial,4,Suburban,Other Road,2,Other Wayne,0-99,0-99,100-199,NT,1,1,2.52941176470588,1.2890625,1.19781963399089e-05,4.32703442997694e-06
15815,1,82-0765,2019,23749,22332,1417,621,780,3,Principal Arterial,4,Suburban,Freeway/Prin. Art.,2,Other Wayne,500-999,500-999,1000-1999,AM,1,1,111.642717815345,125.22009321595,0.000528691458058724,0.000420330010895778
15815,1,82-0765,2019,23749,22332,1417,621,780,3,Principal Arterial,4,Suburban,Freeway/Prin. Art.,2,Other Wayne,500-999,500-999,1000-1999,MD,1,1,308.481144343303,352.433972035215,0.00146083281720385,0.00118302559518247
15815,1,82-0765,2019,23749,22332,1417,621,780,3,Principal Arterial,4,Suburban,Freeway/Prin. Art.,2,Other Wayne,500-999,500-999,1000-1999,PM,1,1,123.553966189857,134.510616261005,0.00058509796081725,0.000451515785897723
15815,1,82-0765,2019,23749,22332,1417,621,780,3,Principal Arterial,4,Suburban,Freeway/Prin. Art.,2,Other Wayne,500-999,500-999,1000-1999,EV,1,1,34.3205461638492,47.4624546866908,0.000162527211338125,0.000159318633162109
15815,1,82-0765,2019,23749,22332,1417,621,780,3,Principal Arterial,4,Suburban,Freeway/Prin. Art.,2,Other Wayne,500-999,500-999,1000-1999,NT,1,1,43.0016254876463,120.372863801139,0.000203637035382474,0.000404059171764328
15817,0,82-5914,2019,1985,1914,71,26,4,4,Minor Arterial,3,Urban,Other Road,1,Detroit,0-99,0-99,0-99,AM,1,1,3.5,2.5,1.6574480981967e-05,8.39182434904618e-06
15817,0,82-5914,2019,1985,1914,71,26,4,4,Minor Arterial,3,Urban,Other Road,1,Detroit,0-99,0-99,0-99,MD,1,1,15.5,0.5,7.34012729201394e-05,1.67836486980924e-06
15817,0,82-5914,2019,1985,1914,71,26,4,4,Minor Arterial,3,Urban,Other Road,1,Detroit,0-99,0-99,0-99,PM,1,1,2,0.5,9.47113198969541e-06,1.67836486980924e-06
15817,0,82-5914,2019,1985,1914,71,26,4,4,Minor Arterial,3,Urban,Other Road,1,Detroit,0-99,0-99,0-99,EV,1,1,2.5,0,1.18389149871193e-05,0
15817,0,82-5914,2019,1985,1914,71,26,4,4,Minor Arterial,3,Urban,Other Road,1,Detroit,0-99,0-99,0-99,NT,1,1,2.5,0.5,1.18389149871193e-05,1.67836486980924e-06
15830,1,82-0121,2019,10194.5,9643,551,186,361,3,Principal Arterial,4,Suburban,Freeway/Prin. Art.,2,Other Wayne,200-499,100-199,500-999,AM,1,1,34.6204379562044,59.4136420525657,0.000163947368712136,0.000199435539216894
15830,1,82-0121,2019,10194.5,9643,551,186,361,3,Principal Arterial,4,Suburban,Freeway/Prin. Art.,2,Other Wayne,200-499,100-199,500-999,MD,1,1,89.8321167883212,133.5112640801,0.000425405917507961,0.000448161230711728
15830,1,82-0121,2019,10194.5,9643,551,186,361,3,Principal Arterial,4,Suburban,Freeway/Prin. Art.,2,Other Wayne,200-499,100-199,500-999,PM,1,1,34.8467153284672,68.9017521902378,0.000165018920141627,0.000231284560688794
15830,1,82-0121,2019,10194.5,9643,551,186,361,3,Principal Arterial,4,Suburban,Freeway/Prin. Art.,2,Other Wayne,200-499,100-199,500-999,EV,1,1,9.72992700729927,34.3379224030038,4.60767114681167e-05,0.000115263125326874
15830,1,82-0121,2019,10194.5,9643,551,186,361,3,Principal Arterial,4,Suburban,Freeway/Prin. Art.,2,Other Wayne,200-499,100-199,500-999,NT,1,1,16.970802919708,64.8354192740926,8.03663572118315e-05,0.00021763498005798
15876,0,82-1202,2018,5176,5106,69,44,25,4,Minor Arterial,4,Suburban,Other Road,2,Other Wayne,0-99,0-99,0-99,AM,1,1,7.08045977011494,5.10204081632653,3.35299845152435e-05,1.71261721409106e-05
15876,0,82-1202,2018,5176,5106,69,44,25,4,Minor Arterial,4,Suburban,Other Road,2,Other Wayne,0-99,0-99,0-99,MD,1,1,26.0459770114943,9.43877551020408,0.000123342443038217,3.16834184606846e-05
15876,0,82-1202,2018,5176,5106,69,44,25,4,Minor Arterial,4,Suburban,Other Road,2,Other Wayne,0-99,0-99,0-99,PM,1,1,8.85057471264368,8.92857142857143,4.19124806440544e-05,2.99708012465935e-05
15876,0,82-1202,2018,5176,5106,69,44,25,4,Minor Arterial,4,Suburban,Other Road,2,Other Wayne,0-99,0-99,0-99,EV,1,1,1.51724137931035,0.510204081632653,7.1849966818379e-06,1.71261721409106e-06
15876,0,82-1202,2018,5176,5106,69,44,25,4,Minor Arterial,4,Suburban,Other Road,2,Other Wayne,0-99,0-99,0-99,NT,1,1,0.505747126436782,1.02040816326531,2.39499889394597e-06,3.42523442818212e-06
15877,0,82-1201,2018,3368,3330,37,29,14,4,Minor Arterial,4,Suburban,Other Road,2,Other Wayne,0-99,0-99,0-99,AM,1,1,4.74545454545455,0.84,2.247241317555e-05,2.81965298127952e-06
15877,0,82-1201,2018,3368,3330,37,29,14,4,Minor Arterial,4,Suburban,Other Road,2,Other Wayne,0-99,0-99,0-99,MD,1,1,10.2818181818182,5.32,4.8690228547025e-05,1.78578022147703e-05
15877,0,82-1201,2018,3368,3330,37,29,14,4,Minor Arterial,4,Suburban,Other Road,2,Other Wayne,0-99,0-99,0-99,PM,1,1,9.49090909090909,5.6,4.49448263511e-05,1.87976865418635e-05
15877,0,82-1201,2018,3368,3330,37,29,14,4,Minor Arterial,4,Suburban,Other Road,2,Other Wayne,0-99,0-99,0-99,EV,1,1,1.84545454545455,0.84,8.73927179049167e-06,2.81965298127952e-06
15877,0,82-1201,2018,3368,3330,37,29,14,4,Minor Arterial,4,Suburban,Other Road,2,Other Wayne,0-99,0-99,0-99,NT,1,1,2.63636363636364,1.4,1.24846739864167e-05,4.69942163546586e-06
15881,0,82-1203,2018,3388,3320,67,34,33,4,Minor Arterial,4,Suburban,Other Road,2,Other Wayne,0-99,0-99,0-99,AM,1,1,3.86363636363636,2.0952380952381,1.82965049800934e-05,7.03314802586728e-06
15881,0,82-1203,2018,3388,3320,67,34,33,4,Minor Arterial,4,Suburban,Other Road,2,Other Wayne,0-99,0-99,0-99,MD,1,1,16.2272727272727,13.8809523809524,7.68453209163923e-05,4.65946056713707e-05
15881,0,82-1203,2018,3388,3320,67,34,33,4,Minor Arterial,4,Suburban,Other Road,2,Other Wayne,0-99,0-99,0-99,PM,1,1,10.8181818181818,8.64285714285714,5.12302139442615e-05,2.90117356067025e-05
15881,0,82-1203,2018,3388,3320,67,34,33,4,Minor Arterial,4,Suburban,Other Road,2,Other Wayne,0-99,0-99,0-99,EV,1,1,1.28787878787879,4.19047619047619,6.09883499336447e-06,1.40662960517346e-05
15881,0,82-1203,2018,3388,3320,67,34,33,4,Minor Arterial,4,Suburban,Other Road,2,Other Wayne,0-99,0-99,0-99,NT,1,1,1.8030303030303,4.19047619047619,8.53836899071025e-06,1.40662960517346e-05
15884,1,82-0940,2019,7662,7424.5,237,116,98,3,Principal Arterial,4,Suburban,Freeway/Prin. Art.,2,Other Wayne,0-99,100-199,200-499,AM,1,1,18.4235294117647,19.5092592592593,8.72458393874295e-05,6.54873107534827e-05
15884,1,82-0940,2019,7662,7424.5,237,116,98,3,Principal Arterial,4,Suburban,Freeway/Prin. Art.,2,Other Wayne,0-99,100-199,200-499,MD,1,1,59.364705882353,35.6157407407407,0.000281125482470606,0.000119552416142986
15884,1,82-0940,2019,7662,7424.5,237,116,98,3,Principal Arterial,4,Suburban,Freeway/Prin. Art.,2,Other Wayne,0-99,100-199,200-499,PM,1,1,28.6588235294118,22.2314814814815,0.000135715750158224,7.46250750446663e-05
15884,1,82-0940,2019,7662,7424.5,237,116,98,3,Principal Arterial,4,Suburban,Freeway/Prin. Art.,2,Other Wayne,0-99,100-199,200-499,EV,1,1,2.50196078431373,5.6712962962963,1.18482004106386e-05,1.90370089399659e-05
15884,1,82-0940,2019,7662,7424.5,237,116,98,3,Principal Arterial,4,Suburban,Freeway/Prin. Art.,2,Other Wayne,0-99,100-199,200-499,NT,1,1,7.05098039215686,14.9722222222222,3.3390382975436e-05,5.02577036015099e-05
15886,1,82-0940,2019,7662,7424.5,237,116,98,3,Principal Arterial,4,Suburban,Freeway/Prin. Art.,2,Other Wayne,0-99,100-199,200-499,AM,1,1,18.4235294117647,19.5092592592593,8.72458393874295e-05,6.54873107534827e-05
15886,1,82-0940,2019,7662,7424.5,237,116,98,3,Principal Arterial,4,Suburban,Freeway/Prin. Art.,2,Other Wayne,0-99,100-199,200-499,MD,1,1,59.364705882353,35.6157407407407,0.000281125482470606,0.000119552416142986
15886,1,82-0940,2019,7662,7424.5,237,116,98,3,Principal Arterial,4,Suburban,Freeway/Prin. Art.,2,Other Wayne,0-99,100-199,200-499,PM,1,1,28.6588235294118,22.2314814814815,0.000135715750158224,7.46250750446663e-05
15886,1,82-0940,2019,7662,7424.5,237,116,98,3,Principal Arterial,4,Suburban,Freeway/Prin. Art.,2,Other Wayne,0-99,100-199,200-499,EV,1,1,2.50196078431373,5.6712962962963,1.18482004106386e-05,1.90370089399659e-05
15886,1,82-0940,2019,7662,7424.5,237,116,98,3,Principal Arterial,4,Suburban,Freeway/Prin. Art.,2,Other Wayne,0-99,100-199,200-499,NT,1,1,7.05098039215686,14.9722222222222,3.3390382975436e-05,5.02577036015099e-05
16001,0,82-2383,2017,227,224,2,1,1,5,Major Collector,3,Urban,Other Road,1,Detroit,0-99,0-99,0-99,AM,1,1,0,0.5,0,1.67836486980924e-06
16001,0,82-2383,2017,227,224,2,1,1,5,Major Collector,3,Urban,Other Road,1,Detroit,0-99,0-99,0-99,MD,1,1,0.5,0,2.36778299742385e-06,0
16001,0,82-2383,2017,227,224,2,1,1,5,Major Collector,3,Urban,Other Road,1,Detroit,0-99,0-99,0-99,PM,1,1,0.5,0.5,2.36778299742385e-06,1.67836486980924e-06
16001,0,82-2383,2017,227,224,2,1,1,5,Major Collector,3,Urban,Other Road,1,Detroit,0-99,0-99,0-99,EV,1,1,0,0,0,0
16001,0,82-2383,2017,227,224,2,1,1,5,Major Collector,3,Urban,Other Road,1,Detroit,0-99,0-99,0-99,NT,1,1,0,0,0,0
16011,0,82-6322,2019,2004.5,1880,124,63,17,5,Major Collector,3,Urban,Other Road,2,Other Wayne,0-99,0-99,0-99,AM,1,1,12.9262948207171,2.7910447761194,6.12133221923641e-05,9.36878300460679e-06
16011,0,82-6322,2019,2004.5,1880,124,63,17,5,Major Collector,3,Urban,Other Road,2,Other Wayne,0-99,0-99,0-99,MD,1,1,24.0956175298805,6.72388059701493,0.000114106386999358,2.25702499656436e-05
16011,0,82-6322,2019,2004.5,1880,124,63,17,5,Major Collector,3,Urban,Other Road,2,Other Wayne,0-99,0-99,0-99,PM,1,1,16.8167330677291,4.05970149253731,7.96367492599688e-05,1.36273207339735e-05
16011,0,82-6322,2019,2004.5,1880,124,63,17,5,Major Collector,3,Urban,Other Road,2,Other Wayne,0-99,0-99,0-99,EV,1,1,4.76892430278885,1.3955223880597,2.25835557602897e-05,4.68439150230339e-06
16011,0,82-6322,2019,2004.5,1880,124,63,17,5,Major Collector,3,Urban,Other Road,2,Other Wayne,0-99,0-99,0-99,NT,1,1,4.39243027888446,2.02985074626866,2.08006434634247e-05,6.81366036698675e-06
16051,0,82-0480,2018,14637,14441,195,152,41,4,Minor Arterial,4,Suburban,Other Road,2,Other Wayne,0-99,100-199,100-199,AM,1,1,38.8085106382979,12.5795454545455,0.000183780263289409,4.22261343381551e-05
16051,0,82-0480,2018,14637,14441,195,152,41,4,Minor Arterial,4,Suburban,Other Road,2,Other Wayne,0-99,100-199,100-199,MD,1,1,48.9726443768997,12.3465909090909,0.000231913189389016,4.14441688874485e-05
16051,0,82-0480,2018,14637,14441,195,152,41,4,Minor Arterial,4,Suburban,Other Road,2,Other Wayne,0-99,100-199,100-199,PM,1,1,48.5106382978723,11.6477272727273,0.000229725329111761,3.90982725353288e-05
16051,0,82-0480,2018,14637,14441,195,152,41,4,Minor Arterial,4,Suburban,Other Road,2,Other Wayne,0-99,100-199,100-199,EV,1,1,4.1580547112462,2.5625,1.96907424952938e-05,8.60161995777234e-06
16051,0,82-0480,2018,14637,14441,195,152,41,4,Minor Arterial,4,Suburban,Other Road,2,Other Wayne,0-99,100-199,100-199,NT,1,1,11.5501519756839,1.86363636363636,5.46965069313717e-05,6.25572360565261e-06
16080,0,82-5937,2019,433,332,101,83,14,5,Major Collector,2,Urban Fringe,Other Road,1,Detroit,0-99,0-99,0-99,AM,1,1,1.50909090909091,0,7.14639959222472e-06,0
16080,0,82-5937,2019,433,332,101,83,14,5,Major Collector,2,Urban Fringe,Other Road,1,Detroit,0-99,0-99,0-99,MD,1,1,47.5363636363636,7.51851851851852,0.000225111587155079,2.52376347089833e-05
16080,0,82-5937,2019,433,332,101,83,14,5,Major Collector,2,Urban Fringe,Other Road,1,Detroit,0-99,0-99,0-99,PM,1,1,22.6363636363636,5.7037037037037,0.000107195993883371,1.91457918481943e-05
16080,0,82-5937,2019,433,332,101,83,14,5,Major Collector,2,Urban Fringe,Other Road,1,Detroit,0-99,0-99,0-99,EV,1,1,7.29393939393939,0.777777777777778,3.45409313624195e-05,2.61078979748104e-06
16080,0,82-5937,2019,433,332,101,83,14,5,Major Collector,2,Urban Fringe,Other Road,1,Detroit,0-99,0-99,0-99,NT,1,1,4.02424242424242,0,1.90570655792659e-05,0
16115,0,82-1882,2018,1169,1149,19,14,10,4,Minor Arterial,3,Urban,Other Road,1,Detroit,0-99,0-99,0-99,AM,1,1,3.5,3.125,1.6574480981967e-05,1.04897804363077e-05
16115,0,82-1882,2018,1169,1149,19,14,10,4,Minor Arterial,3,Urban,Other Road,1,Detroit,0-99,0-99,0-99,MD,1,1,3.76923076923077,4.375,1.78494410575029e-05,1.46856926108308e-05
16115,0,82-1882,2018,1169,1149,19,14,10,4,Minor Arterial,3,Urban,Other Road,1,Detroit,0-99,0-99,0-99,PM,1,1,3.23076923076923,1.875,1.5299520906431e-05,6.29386826178464e-06
16115,0,82-1882,2018,1169,1149,19,14,10,4,Minor Arterial,3,Urban,Other Road,1,Detroit,0-99,0-99,0-99,EV,1,1,2.15384615384615,0.625,1.01996806042874e-05,2.09795608726155e-06
16115,0,82-1882,2018,1169,1149,19,14,10,4,Minor Arterial,3,Urban,Other Road,1,Detroit,0-99,0-99,0-99,NT,1,1,1.34615384615385,0,6.3748003776796e-06,0
16204,0,82-6272,2019,1418,1347,71,60,10,5,Major Collector,4,Suburban,Other Road,2,Other Wayne,0-99,0-99,0-99,AM,1,1,16.1344537815126,1.875,7.6405770673173e-05,6.29386826178464e-06
16204,0,82-6272,2019,1418,1347,71,60,10,5,Major Collector,4,Suburban,Other Road,2,Other Wayne,0-99,0-99,0-99,MD,1,1,21.6806722689076,1.875,0.000102670254342076,6.29386826178464e-06
16204,0,82-6272,2019,1418,1347,71,60,10,5,Major Collector,4,Suburban,Other Road,2,Other Wayne,0-99,0-99,0-99,PM,1,1,12.6050420168067,3.75,5.96920083384164e-05,1.25877365235693e-05
16204,0,82-6272,2019,1418,1347,71,60,10,5,Major Collector,4,Suburban,Other Road,2,Other Wayne,0-99,0-99,0-99,EV,1,1,6.05042016806723,2.5,2.86521640024399e-05,8.39182434904618e-06
16204,0,82-6272,2019,1418,1347,71,60,10,5,Major Collector,4,Suburban,Other Road,2,Other Wayne,0-99,0-99,0-99,NT,1,1,3.52941176470588,0,1.67137623347566e-05,0
16258,1,82-5850,2019,6397,6119,278,94,155,4,Minor Arterial,3,Urban,Other Road,2,Other Wayne,100-199,0-99,200-499,AM,1,1,15.8342245989305,34.3322475570033,7.49840155654762e-05,0.000115244076402537
16258,1,82-5850,2019,6397,6119,278,94,155,4,Minor Arterial,3,Urban,Other Road,2,Other Wayne,100-199,0-99,200-499,MD,1,1,35.9411764705882,66.3925081433225,0.000170201813108938,0.000222861706572552
16258,1,82-5850,2019,6397,6119,278,94,155,4,Minor Arterial,3,Urban,Other Road,2,Other Wayne,100-199,0-99,200-499,PM,1,1,32.1711229946524,34.0798045602606,0.000152348476069539,0.000114396693487812
16258,1,82-5850,2019,6397,6119,278,94,155,4,Minor Arterial,3,Urban,Other Road,2,Other Wayne,100-199,0-99,200-499,EV,1,1,5.27807486631016,4.54397394136808,2.49946718551587e-05,1.52528924650416e-05
16258,1,82-5850,2019,6397,6119,278,94,155,4,Minor Arterial,3,Urban,Other Road,2,Other Wayne,100-199,0-99,200-499,NT,1,1,4.77540106951872,15.6514657980456,2.26142269165722e-05,5.25377407129211e-05
16261,0,82-6261,2018,1041,977,63,40,5,3,Principal Arterial,3,Urban,Freeway/Prin. Art.,1,Detroit,0-99,0-99,0-99,AM,1,1,5.8974358974359,1.11111111111111,2.79276968926916e-05,3.72969971068719e-06
16261,0,82-6261,2018,1041,977,63,40,5,3,Principal Arterial,3,Urban,Freeway/Prin. Art.,1,Detroit,0-99,0-99,0-99,MD,1,1,15.8974358974359,1.66666666666667,7.52833568411686e-05,5.59454956603079e-06
16261,0,82-6261,2018,1041,977,63,40,5,3,Principal Arterial,3,Urban,Freeway/Prin. Art.,1,Detroit,0-99,0-99,0-99,PM,1,1,7.17948717948718,0.555555555555556,3.39989353476245e-05,1.8648498553436e-06
16261,0,82-6261,2018,1041,977,63,40,5,3,Principal Arterial,3,Urban,Freeway/Prin. Art.,1,Detroit,0-99,0-99,0-99,EV,1,1,6.15384615384615,0.555555555555556,2.91419445836782e-05,1.8648498553436e-06
16261,0,82-6261,2018,1041,977,63,40,5,3,Principal Arterial,3,Urban,Freeway/Prin. Art.,1,Detroit,0-99,0-99,0-99,NT,1,1,4.87179487179487,1.11111111111111,2.30707061287452e-05,3.72969971068719e-06
16273,1,82-1430,2019,9521.5,8924,597,205,365,3,Principal Arterial,3,Urban,Freeway/Prin. Art.,1,Detroit,200-499,200-499,500-999,AM,1,1,43.25,67.1580027359781,0.000204813229277163,0.000225431265037237
16273,1,82-1430,2019,9521.5,8924,597,205,365,3,Principal Arterial,3,Urban,Freeway/Prin. Art.,1,Detroit,200-499,200-499,500-999,MD,1,1,90.25,142.80437756498,0.000427384831035005,0.000479355701120072
16273,1,82-1430,2019,9521.5,8924,597,205,365,3,Principal Arterial,3,Urban,Freeway/Prin. Art.,1,Detroit,200-499,200-499,500-999,PM,1,1,43.5,73.6491108071136,0.000205997120775875,0.000247220160542694
16273,1,82-1430,2019,9521.5,8924,597,205,365,3,Principal Arterial,3,Urban,Freeway/Prin. Art.,1,Detroit,200-499,200-499,500-999,EV,1,1,8.75,30.2086183310534,4.14362024549174e-05,0.000101402167544631
16273,1,82-1430,2019,9521.5,8924,597,205,365,3,Principal Arterial,3,Urban,Freeway/Prin. Art.,1,Detroit,200-499,200-499,500-999,NT,1,1,19.25,51.1798905608755,9.11596454008183e-05,0.00017179706071611
16318,1,82-6258,2019,12696,12362,334,165,82,3,Principal Arterial,3,Urban,Freeway/Prin. Art.,1,Detroit,0-99,100-199,200-499,AM,1,1,26.5,20,0.000125492498863464,6.71345947923695e-05
16318,1,82-6258,2019,12696,12362,334,165,82,3,Principal Arterial,3,Urban,Freeway/Prin. Art.,1,Detroit,0-99,100-199,200-499,MD,1,1,63.5,31.5,0.000300708440672829,0.000105736986797982
16318,1,82-6258,2019,12696,12362,334,165,82,3,Principal Arterial,3,Urban,Freeway/Prin. Art.,1,Detroit,0-99,100-199,200-499,PM,1,1,56,22,0.000265191695711471,7.38480542716064e-05
16318,1,82-6258,2019,12696,12362,334,165,82,3,Principal Arterial,3,Urban,Freeway/Prin. Art.,1,Detroit,0-99,100-199,200-499,EV,1,1,7.5,3.5,3.55167449613578e-05,1.17485540886647e-05
16318,1,82-6258,2019,12696,12362,334,165,82,3,Principal Arterial,3,Urban,Freeway/Prin. Art.,1,Detroit,0-99,100-199,200-499,NT,1,1,11.5,5,5.44590089407486e-05,1.67836486980924e-05
16338,0,82-6549,2018,164,51,112,8,104,5,Major Collector,3,Urban,Other Road,1,Detroit,100-199,0-99,100-199,AM,1,1,1.6,32.25,7.57690559175633e-06,0.000108254534102696
16338,0,82-6549,2018,164,51,112,8,104,5,Major Collector,3,Urban,Other Road,1,Detroit,100-199,0-99,100-199,MD,1,1,5.86666666666667,55,2.77819871697732e-05,0.000184620135679016
16338,0,82-6549,2018,164,51,112,8,104,5,Major Collector,3,Urban,Other Road,1,Detroit,100-199,0-99,100-199,PM,1,1,0.533333333333333,5,2.52563519725211e-06,1.67836486980924e-05
16338,0,82-6549,2018,164,51,112,8,104,5,Major Collector,3,Urban,Other Road,1,Detroit,100-199,0-99,100-199,EV,1,1,0,0,0,0
16338,0,82-6549,2018,164,51,112,8,104,5,Major Collector,3,Urban,Other Road,1,Detroit,100-199,0-99,100-199,NT,1,1,0,11.75,0,3.94415744405171e-05
16394,0,82-2398,2019,6999,6928,71,31,37,5,Major Collector,3,Urban,Other Road,1,Detroit,0-99,0-99,0-99,AM,1,1,4.42857142857143,1.38317757009346,2.0971792262897e-05,4.64295328470593e-06
16394,0,82-2398,2019,6999,6928,71,31,37,5,Major Collector,3,Urban,Other Road,1,Detroit,0-99,0-99,0-99,MD,1,1,11.0714285714286,18.1542056074766,5.24294806572424e-05,6.09387618617653e-05
16394,0,82-2398,2019,6999,6928,71,31,37,5,Major Collector,3,Urban,Other Road,1,Detroit,0-99,0-99,0-99,PM,1,1,6.13186813186813,10.0280373831776,2.9037866210165e-05,3.3661411314118e-05
16394,0,82-2398,2019,6999,6928,71,31,37,5,Major Collector,3,Urban,Other Road,1,Detroit,0-99,0-99,0-99,EV,1,1,5.96153846153846,6.05140186915888,2.82312588154382e-05,2.03129206205884e-05
16394,0,82-2398,2019,6999,6928,71,31,37,5,Major Collector,3,Urban,Other Road,1,Detroit,0-99,0-99,0-99,NT,1,1,3.40659340659341,1.38317757009346,1.61321478945361e-05,4.64295328470593e-06
16488,1,82-9209,2019,55752.5,51792,3960,1374,2512,1,Interstate Freeway,4,Suburban,Interstate,2,Other Wayne,2000+,1000-1999,2000+,AM,1,1,247.861565303016,347.188657923901,0.00117376480007869,0.00116541849331139
16488,1,82-9209,2019,55752.5,51792,3960,1374,2512,1,Interstate Freeway,4,Suburban,Interstate,2,Other Wayne,2000+,1000-1999,2000+,MD,1,1,561.936324408092,996.266719825238,0.00266108654913667,0.00334419812702952
16488,1,82-9209,2019,55752.5,51792,3960,1374,2512,1,Interstate Freeway,4,Suburban,Interstate,2,Other Wayne,2000+,1000-1999,2000+,PM,1,1,313.875143955591,507.691921261898,0.00148637645834403,0.00170418457066386
16488,1,82-9209,2019,55752.5,51792,3960,1374,2512,1,Interstate Freeway,4,Suburban,Interstate,2,Other Wayne,2000+,1000-1999,2000+,EV,1,1,85.8293138003277,215.307661437799,0.000406450379793945,0.000722729630315965
16488,1,82-9209,2019,55752.5,51792,3960,1374,2512,1,Interstate Freeway,4,Suburban,Interstate,2,Other Wayne,2000+,1000-1999,2000+,NT,1,1,164.497652532973,445.545039551163,0.000778989489567422,0.00149557428460088
16493,1,82-9189,2019,28893,25320,3573,823,2682,1,Interstate Freeway,4,Suburban,Interstate,2,Other Wayne,2000+,500-999,2000+,AM,1,1,138.592604802396,370.335883809235,0.000656314426439595,0.00124311747483035
16493,1,82-9189,2019,28893,25320,3573,823,2682,1,Interstate Freeway,4,Suburban,Interstate,2,Other Wayne,2000+,500-999,2000+,MD,1,1,309.009770466859,977.973742452681,0.00146333616109855,0.00328279354585689
16493,1,82-9189,2019,28893,25320,3573,823,2682,1,Interstate Freeway,4,Suburban,Interstate,2,Other Wayne,2000+,500-999,2000+,PM,1,1,184.153257262619,490.254111322485,0.000872069902933298,0.00164565055544641
16493,1,82-9189,2019,28893,25320,3573,823,2682,1,Interstate Freeway,4,Suburban,Interstate,2,Other Wayne,2000+,500-999,2000+,EV,1,1,67.4318360944506,287.82922257627,0.000319327909979024,0.000966164911353032
16493,1,82-9189,2019,28893,25320,3573,823,2682,1,Interstate Freeway,4,Suburban,Interstate,2,Other Wayne,2000+,500-999,2000+,NT,1,1,123.812531373675,555.60703983933,0.000586322413309192,0.00186502267417006
16511,1,82-9189,2019,28893,25320,3573,823,2682,1,Interstate Freeway,5,Rural,Interstate,2,Other Wayne,2000+,500-999,2000+,AM,1,1,138.592604802396,370.335883809235,0.000656314426439595,0.00124311747483035
16511,1,82-9189,2019,28893,25320,3573,823,2682,1,Interstate Freeway,5,Rural,Interstate,2,Other Wayne,2000+,500-999,2000+,MD,1,1,309.009770466859,977.973742452681,0.00146333616109855,0.00328279354585689
16511,1,82-9189,2019,28893,25320,3573,823,2682,1,Interstate Freeway,5,Rural,Interstate,2,Other Wayne,2000+,500-999,2000+,PM,1,1,184.153257262619,490.254111322485,0.000872069902933298,0.00164565055544641
16511,1,82-9189,2019,28893,25320,3573,823,2682,1,Interstate Freeway,5,Rural,Interstate,2,Other Wayne,2000+,500-999,2000+,EV,1,1,67.4318360944506,287.82922257627,0.000319327909979024,0.000966164911353032
16511,1,82-9189,2019,28893,25320,3573,823,2682,1,Interstate Freeway,5,Rural,Interstate,2,Other Wayne,2000+,500-999,2000+,NT,1,1,123.812531373675,555.60703983933,0.000586322413309192,0.00186502267417006
16512,0,82-6091,2018,1520,1498,21,18,6,5,Major Collector,3,Urban,Other Road,1,Detroit,0-99,0-99,0-99,AM,1,1,2.11764705882353,1.63636363636364,1.0028257400854e-05,5.49283048301205e-06
16512,0,82-6091,2018,1520,1498,21,18,6,5,Major Collector,3,Urban,Other Road,1,Detroit,0-99,0-99,0-99,MD,1,1,7.41176470588235,3.27272727272727,3.50989009029889e-05,1.09856609660241e-05
16512,0,82-6091,2018,1520,1498,21,18,6,5,Major Collector,3,Urban,Other Road,1,Detroit,0-99,0-99,0-99,PM,1,1,7.67647058823529,0.272727272727273,3.63524330780956e-05,9.15471747168675e-07
16512,0,82-6091,2018,1520,1498,21,18,6,5,Major Collector,3,Urban,Other Road,1,Detroit,0-99,0-99,0-99,EV,1,1,0.794117647058824,0.818181818181818,3.76059652532024e-06,2.74641524150602e-06
16512,0,82-6091,2018,1520,1498,21,18,6,5,Major Collector,3,Urban,Other Road,1,Detroit,0-99,0-99,0-99,NT,1,1,0,0,0,0
16577,1,82-9209,2019,55752.5,51792,3960,1374,2512,1,Interstate Freeway,4,Suburban,Interstate,2,Other Wayne,2000+,1000-1999,2000+,AM,1,1,247.861565303016,347.188657923901,0.00117376480007869,0.00116541849331139
16577,1,82-9209,2019,55752.5,51792,3960,1374,2512,1,Interstate Freeway,4,Suburban,Interstate,2,Other Wayne,2000+,1000-1999,2000+,MD,1,1,561.936324408092,996.266719825238,0.00266108654913667,0.00334419812702952
16577,1,82-9209,2019,55752.5,51792,3960,1374,2512,1,Interstate Freeway,4,Suburban,Interstate,2,Other Wayne,2000+,1000-1999,2000+,PM,1,1,313.875143955591,507.691921261898,0.00148637645834403,0.00170418457066386
16577,1,82-9209,2019,55752.5,51792,3960,1374,2512,1,Interstate Freeway,4,Suburban,Interstate,2,Other Wayne,2000+,1000-1999,2000+,EV,1,1,85.8293138003277,215.307661437799,0.000406450379793945,0.000722729630315965
16577,1,82-9209,2019,55752.5,51792,3960,1374,2512,1,Interstate Freeway,4,Suburban,Interstate,2,Other Wayne,2000+,1000-1999,2000+,NT,1,1,164.497652532973,445.545039551163,0.000778989489567422,0.00149557428460088
16642,0,82-1103,2019,9608,9488.5,119,72,10,4,Minor Arterial,3,Urban,Other Road,2,Other Wayne,0-99,0-99,0-99,AM,1,1,12.4137931034483,1.66666666666667,5.87863364877646e-05,5.59454956603079e-06
16642,0,82-1103,2019,9608,9488.5,119,72,10,4,Minor Arterial,3,Urban,Other Road,2,Other Wayne,0-99,0-99,0-99,MD,1,1,32.5241379310345,5.47619047619048,0.000154020201597943,1.8382091431244e-05
16642,0,82-1103,2019,9608,9488.5,119,72,10,4,Minor Arterial,3,Urban,Other Road,2,Other Wayne,0-99,0-99,0-99,PM,1,1,18.8689655172414,2.14285714285714,8.93552314614022e-05,7.19299229918244e-06
16642,0,82-1103,2019,9608,9488.5,119,72,10,4,Minor Arterial,3,Urban,Other Road,2,Other Wayne,0-99,0-99,0-99,EV,1,1,4.22068965517241,0,1.998735440584e-05,0
16642,0,82-1103,2019,9608,9488.5,119,72,10,4,Minor Arterial,3,Urban,Other Road,2,Other Wayne,0-99,0-99,0-99,NT,1,1,3.97241379310345,0.714285714285714,1.88116276760847e-05,2.39766409972748e-06
16651,1,82-1835,2018,15069,14447,621,306,295,4,Minor Arterial,5,Rural,Other Road,2,Other Wayne,200-499,200-499,500-999,AM,1,1,54.2660098522168,47.9940374787053,0.000256980270932228,0.000161103012929134
16651,1,82-1835,2018,15069,14447,621,306,295,4,Minor Arterial,5,Rural,Other Road,2,Other Wayne,200-499,200-499,500-999,MD,1,1,129.886699507389,108.049403747871,0.000615087037370194,0.000362692646908521
16651,1,82-1835,2018,15069,14447,621,306,295,4,Minor Arterial,5,Rural,Other Road,2,Other Wayne,200-499,200-499,500-999,PM,1,1,63.8128078817734,65.8347529812606,0.000302189763040676,0.000220989473232634
16651,1,82-1835,2018,15069,14447,621,306,295,4,Minor Arterial,5,Rural,Other Road,2,Other Wayne,200-499,200-499,500-999,EV,1,1,14.8226600985222,23.6201022146508,7.01936851157475e-05,7.92862995567464e-05
16651,1,82-1835,2018,15069,14447,621,306,295,4,Minor Arterial,5,Rural,Other Road,2,Other Wayne,200-499,200-499,500-999,NT,1,1,43.2118226600985,49.5017035775128,0.000204632437964552,0.000166163840560415
16657,1,82-0152,2019,12591,12377,214,127,55,3,Principal Arterial,3,Urban,Freeway/Prin. Art.,2,Other Wayne,0-99,100-199,100-199,AM,1,1,29.5451388888889,10.78,0.000139912955035275,3.61855465930872e-05
16657,1,82-0152,2019,12591,12377,214,127,55,3,Principal Arterial,3,Urban,Freeway/Prin. Art.,2,Other Wayne,0-99,100-199,100-199,MD,1,1,54.9010416666667,26.4,0.000259987505998384,8.86176651259277e-05
16657,1,82-0152,2019,12591,12377,214,127,55,3,Principal Arterial,3,Urban,Freeway/Prin. Art.,2,Other Wayne,0-99,100-199,100-199,PM,1,1,28.8836805555556,12.76,0.000136780575444933,4.28318714775317e-05
16657,1,82-0152,2019,12591,12377,214,127,55,3,Principal Arterial,3,Urban,Freeway/Prin. Art.,2,Other Wayne,0-99,100-199,100-199,EV,1,1,7.49652777777778,2.2,3.55003020238757e-05,7.38480542716064e-06
16657,1,82-0152,2019,12591,12377,214,127,55,3,Principal Arterial,3,Urban,Freeway/Prin. Art.,2,Other Wayne,0-99,100-199,100-199,NT,1,1,6.17361111111111,2.86,2.92355428431917e-05,9.60024705530884e-06
16677,0,82-2438,2018,432,427,4,3,2,5,Major Collector,3,Urban,Other Road,1,Detroit,0-99,0-99,0-99,AM,1,1,1,0,4.7355659948477e-06,0
16677,0,82-2438,2018,432,427,4,3,2,5,Major Collector,3,Urban,Other Road,1,Detroit,0-99,0-99,0-99,MD,1,1,1,0,4.7355659948477e-06,0
16677,0,82-2438,2018,432,427,4,3,2,5,Major Collector,3,Urban,Other Road,1,Detroit,0-99,0-99,0-99,PM,1,1,1,2,4.7355659948477e-06,6.71345947923695e-06
16677,0,82-2438,2018,432,427,4,3,2,5,Major Collector,3,Urban,Other Road,1,Detroit,0-99,0-99,0-99,EV,1,1,0,0,0,0
16677,0,82-2438,2018,432,427,4,3,2,5,Major Collector,3,Urban,Other Road,1,Detroit,0-99,0-99,0-99,NT,1,1,0,0,0,0
16697,0,82-6368,2019,7495,7426,69,59,10,4,Minor Arterial,3,Urban,Other Road,2,Other Wayne,0-99,0-99,0-99,AM,1,1,24.457264957265,1.5625,0.000115818992258604,5.24489021815387e-06
16697,0,82-6368,2019,7495,7426,69,59,10,4,Minor Arterial,3,Urban,Other Road,2,Other Wayne,0-99,0-99,0-99,MD,1,1,17.3974358974359,3.4375,8.23867058334402e-05,1.15387584799385e-05
16697,0,82-6368,2019,7495,7426,69,59,10,4,Minor Arterial,3,Urban,Other Road,2,Other Wayne,0-99,0-99,0-99,PM,1,1,14.1196581196581,3.75,6.68645728503283e-05,1.25877365235693e-05
16697,0,82-6368,2019,7495,7426,69,59,10,4,Minor Arterial,3,Urban,Other Road,2,Other Wayne,0-99,0-99,0-99,EV,1,1,0.756410256410257,0.9375,3.58203068841044e-06,3.14693413089232e-06
16697,0,82-6368,2019,7495,7426,69,59,10,4,Minor Arterial,3,Urban,Other Road,2,Other Wayne,0-99,0-99,0-99,NT,1,1,2.26923076923077,0.3125,1.07460920652313e-05,1.04897804363077e-06
16726,1,82-0152,2019,12591,12377,214,127,55,3,Principal Arterial,3,Urban,Freeway/Prin. Art.,2,Other Wayne,0-99,100-199,100-199,AM,1,1,29.5451388888889,10.78,0.000139912955035275,3.61855465930872e-05
16726,1,82-0152,2019,12591,12377,214,127,55,3,Principal Arterial,3,Urban,Freeway/Prin. Art.,2,Other Wayne,0-99,100-199,100-199,MD,1,1,54.9010416666667,26.4,0.000259987505998384,8.86176651259277e-05
16726,1,82-0152,2019,12591,12377,214,127,55,3,Principal Arterial,3,Urban,Freeway/Prin. Art.,2,Other Wayne,0-99,100-199,100-199,PM,1,1,28.8836805555556,12.76,0.000136780575444933,4.28318714775317e-05
16726,1,82-0152,2019,12591,12377,214,127,55,3,Principal Arterial,3,Urban,Freeway/Prin. Art.,2,Other Wayne,0-99,100-199,100-199,EV,1,1,7.49652777777778,2.2,3.55003020238757e-05,7.38480542716064e-06
16726,1,82-0152,2019,12591,12377,214,127,55,3,Principal Arterial,3,Urban,Freeway/Prin. Art.,2,Other Wayne,0-99,100-199,100-199,NT,1,1,6.17361111111111,2.86,2.92355428431917e-05,9.60024705530884e-06
16737,0,82-2414,2017,295,290,4,4,3,5,Major Collector,3,Urban,Other Road,1,Detroit,0-99,0-99,0-99,AM,1,1,1.14285714285714,0.375,5.41207542268309e-06,1.25877365235693e-06
16737,0,82-2414,2017,295,290,4,4,3,5,Major Collector,3,Urban,Other Road,1,Detroit,0-99,0-99,0-99,MD,1,1,1.71428571428571,1.5,8.11811313402464e-06,5.03509460942771e-06
16737,0,82-2414,2017,295,290,4,4,3,5,Major Collector,3,Urban,Other Road,1,Detroit,0-99,0-99,0-99,PM,1,1,1.14285714285714,0.75,5.41207542268309e-06,2.51754730471386e-06
16737,0,82-2414,2017,295,290,4,4,3,5,Major Collector,3,Urban,Other Road,1,Detroit,0-99,0-99,0-99,EV,1,1,0,0,0,0
16737,0,82-2414,2017,295,290,4,4,3,5,Major Collector,3,Urban,Other Road,1,Detroit,0-99,0-99,0-99,NT,1,1,0,0.375,0,1.25877365235693e-06
16806,0,82-5910,2018,2561,2539,21,18,8,3,Principal Arterial,3,Urban,Freeway/Prin. Art.,1,Detroit,0-99,0-99,0-99,AM,1,1,2.36363636363636,1.46236559139785,1.11931559878218e-05,4.90876607083992e-06
16806,0,82-5910,2018,2561,2539,21,18,8,3,Principal Arterial,3,Urban,Freeway/Prin. Art.,1,Detroit,0-99,0-99,0-99,MD,1,1,6.09090909090909,1.76344086021505,2.88439019686178e-05,5.91939437954226e-06
16806,0,82-5910,2018,2561,2539,21,18,8,3,Principal Arterial,3,Urban,Freeway/Prin. Art.,1,Detroit,0-99,0-99,0-99,PM,1,1,5.36363636363636,2.53763440860215,2.5399853972365e-05,8.51815288763398e-06
16806,0,82-5910,2018,2561,2539,21,18,8,3,Principal Arterial,3,Urban,Freeway/Prin. Art.,1,Detroit,0-99,0-99,0-99,EV,1,1,2.81818181818182,1.72043010752688,1.33456859854799e-05,5.77501890687049e-06
16806,0,82-5910,2018,2561,2539,21,18,8,3,Principal Arterial,3,Urban,Freeway/Prin. Art.,1,Detroit,0-99,0-99,0-99,NT,1,1,1.36363636363636,0.516129032258065,6.45758999297414e-06,1.73250567206115e-06
16838,1,82-6364,2019,12418,12050,368,221,104,4,Minor Arterial,3,Urban,Other Road,2,Other Wayne,100-199,200-499,200-499,AM,1,1,28,11.5,0.000132595847855736,3.86023920056125e-05
16838,1,82-6364,2019,12418,12050,368,221,104,4,Minor Arterial,3,Urban,Other Road,2,Other Wayne,100-199,200-499,200-499,MD,1,1,78,41,0.000369374147598121,0.000137625919324357
16838,1,82-6364,2019,12418,12050,368,221,104,4,Minor Arterial,3,Urban,Other Road,2,Other Wayne,100-199,200-499,200-499,PM,1,1,69.5,28.5,0.000329121836641915,9.56667975791265e-05
16838,1,82-6364,2019,12418,12050,368,221,104,4,Minor Arterial,3,Urban,Other Road,2,Other Wayne,100-199,200-499,200-499,EV,1,1,24.5,11.5,0.000116021366873769,3.86023920056125e-05
16838,1,82-6364,2019,12418,12050,368,221,104,4,Minor Arterial,3,Urban,Other Road,2,Other Wayne,100-199,200-499,200-499,NT,1,1,21,11.5,9.94468858918018e-05,3.86023920056125e-05
16939,0,82-1106,2019,18246,18042,204,148,41,4,Minor Arterial,3,Urban,Other Road,2,Other Wayne,0-99,100-199,100-199,AM,1,1,25.5,11.5,0.000120756932868616,3.86023920056125e-05
16939,0,82-1106,2019,18246,18042,204,148,41,4,Minor Arterial,3,Urban,Other Road,2,Other Wayne,0-99,100-199,100-199,MD,1,1,73.5,21,0.000348064100621306,7.0491324531988e-05
16939,0,82-1106,2019,18246,18042,204,148,41,4,Minor Arterial,3,Urban,Other Road,2,Other Wayne,0-99,100-199,100-199,PM,1,1,27.5,4,0.000130228064858312,1.34269189584739e-05
16939,0,82-1106,2019,18246,18042,204,148,41,4,Minor Arterial,3,Urban,Other Road,2,Other Wayne,0-99,100-199,100-199,EV,1,1,11,1,5.20912259433248e-05,3.35672973961847e-06
16939,0,82-1106,2019,18246,18042,204,148,41,4,Minor Arterial,3,Urban,Other Road,2,Other Wayne,0-99,100-199,100-199,NT,1,1,10.5,3.5,4.97234429459009e-05,1.17485540886647e-05
16952,0,82-5936,2019,278,267,11,6,3,5,Major Collector,2,Urban Fringe,Other Road,1,Detroit,0-99,0-99,0-99,AM,1,1,0,0.6,0,2.01403784377109e-06
16952,0,82-5936,2019,278,267,11,6,3,5,Major Collector,2,Urban Fringe,Other Road,1,Detroit,0-99,0-99,0-99,MD,1,1,4,0.6,1.89422639793908e-05,2.01403784377109e-06
16952,0,82-5936,2019,278,267,11,6,3,5,Major Collector,2,Urban Fringe,Other Road,1,Detroit,0-99,0-99,0-99,PM,1,1,1.75,1.2,8.28724049098348e-06,4.02807568754217e-06
16952,0,82-5936,2019,278,267,11,6,3,5,Major Collector,2,Urban Fringe,Other Road,1,Detroit,0-99,0-99,0-99,EV,1,1,0.25,0.6,1.18389149871193e-06,2.01403784377109e-06
16952,0,82-5936,2019,278,267,11,6,3,5,Major Collector,2,Urban Fringe,Other Road,1,Detroit,0-99,0-99,0-99,NT,1,1,0,0,0,0
16959,0,82-1107,2019,19813,19535,278,169,22,4,Minor Arterial,3,Urban,Other Road,2,Other Wayne,0-99,100-199,100-199,AM,1,1,26,2.5,0.00012312471586604,8.39182434904618e-06
16959,0,82-1107,2019,19813,19535,278,169,22,4,Minor Arterial,3,Urban,Other Road,2,Other Wayne,0-99,100-199,100-199,MD,1,1,76,10,0.000359903015608426,3.35672973961847e-05
16959,0,82-1107,2019,19813,19535,278,169,22,4,Minor Arterial,3,Urban,Other Road,2,Other Wayne,0-99,100-199,100-199,PM,1,1,44,7.5,0.000208364903773299,2.51754730471386e-05
16959,0,82-1107,2019,19813,19535,278,169,22,4,Minor Arterial,3,Urban,Other Road,2,Other Wayne,0-99,100-199,100-199,EV,1,1,10,1.5,4.7355659948477e-05,5.03509460942771e-06
16959,0,82-1107,2019,19813,19535,278,169,22,4,Minor Arterial,3,Urban,Other Road,2,Other Wayne,0-99,100-199,100-199,NT,1,1,13,0.5,6.15623579330202e-05,1.67836486980924e-06
17108,1,82-2741,2019,31862,31162,700,346,118,3,Principal Arterial,2,Urban Fringe,Freeway/Prin. Art.,2,Other Wayne,100-199,200-499,200-499,AM,1,1,47.3427109974425,18.6315789473684,0.000224194532303391,6.25411751486811e-05
17108,1,82-2741,2019,31862,31162,700,346,118,3,Principal Arterial,2,Urban Fringe,Freeway/Prin. Art.,2,Other Wayne,100-199,200-499,200-499,MD,1,1,169.460358056266,52.7894736842105,0.000802490709085969,0.000177199996254596
17108,1,82-2741,2019,31862,31162,700,346,118,3,Principal Arterial,2,Urban Fringe,Freeway/Prin. Art.,2,Other Wayne,100-199,200-499,200-499,PM,1,1,80.5268542199489,27.9473684210526,0.000381340232516048,9.38117627230216e-05
17108,1,82-2741,2019,31862,31162,700,346,118,3,Principal Arterial,2,Urban Fringe,Freeway/Prin. Art.,2,Other Wayne,100-199,200-499,200-499,EV,1,1,19.9104859335038,4.43609022556391,9.42874201275943e-05,1.48907559877812e-05
17108,1,82-2741,2019,31862,31162,700,346,118,3,Principal Arterial,2,Urban Fringe,Freeway/Prin. Art.,2,Other Wayne,100-199,200-499,200-499,NT,1,1,28.7595907928389,14.1954887218045,0.000136192940184303,4.76504191608998e-05
17139,1,82-2634,2019,22959.5,22497.5,462,217,74,3,Principal Arterial,3,Urban,Freeway/Prin. Art.,2,Other Wayne,0-99,200-499,200-499,AM,1,1,38.0095541401274,12.4875,0.00017999675206531,4.19171626234857e-05
17139,1,82-2634,2019,22959.5,22497.5,462,217,74,3,Principal Arterial,3,Urban,Freeway/Prin. Art.,2,Other Wayne,0-99,200-499,200-499,MD,1,1,106.657112526539,36.30625,0.000505081795189325,0.000121870269109023
17139,1,82-2634,2019,22959.5,22497.5,462,217,74,3,Principal Arterial,3,Urban,Freeway/Prin. Art.,2,Other Wayne,0-99,200-499,200-499,PM,1,1,50.4490445859873,17.575,0.000238904780013957,5.89945251737947e-05
17139,1,82-2634,2019,22959.5,22497.5,462,217,74,3,Principal Arterial,3,Urban,Freeway/Prin. Art.,2,Other Wayne,0-99,200-499,200-499,EV,1,1,6.45010615711253,1.61875,3.05449033807799e-05,5.4337062660074e-06
17139,1,82-2634,2019,22959.5,22497.5,462,217,74,3,Principal Arterial,3,Urban,Freeway/Prin. Art.,2,Other Wayne,0-99,200-499,200-499,NT,1,1,15.4341825902335,6.0125,7.30895902325804e-05,2.01823375594561e-05
17274,1,82-1547,2018,19536,18987,549,296,97,3,Principal Arterial,3,Urban,Freeway/Prin. Art.,2,Other Wayne,0-99,200-499,200-499,AM,1,1,45.1858407079646,17,0.000213980530705242,5.70644055735141e-05
17274,1,82-1547,2018,19536,18987,549,296,97,3,Principal Arterial,3,Urban,Freeway/Prin. Art.,2,Other Wayne,0-99,200-499,200-499,MD,1,1,141.451327433628,46.5,0.000669852096120758,0.000156087932892259
17274,1,82-1547,2018,19536,18987,549,296,97,3,Principal Arterial,3,Urban,Freeway/Prin. Art.,2,Other Wayne,0-99,200-499,200-499,PM,1,1,62.8672566371682,22,0.000297712042720337,7.38480542716064e-05
17274,1,82-1547,2018,19536,18987,549,296,97,3,Principal Arterial,3,Urban,Freeway/Prin. Art.,2,Other Wayne,0-99,200-499,200-499,EV,1,1,20.9557522123894,4.5,9.92373475734457e-05,1.51052838282831e-05
17274,1,82-1547,2018,19536,18987,549,296,97,3,Principal Arterial,3,Urban,Freeway/Prin. Art.,2,Other Wayne,0-99,200-499,200-499,NT,1,1,25.5398230088496,7,0.000120945517355137,2.34971081773293e-05
17283,1,82-1553,2018,26612,25909,703,369,152,3,Principal Arterial,3,Urban,Freeway/Prin. Art.,2,Other Wayne,100-199,200-499,500-999,AM,1,1,64.8243243243243,27,0.000306979865909249,9.06317029696988e-05
17283,1,82-1553,2018,26612,25909,703,369,152,3,Principal Arterial,3,Urban,Freeway/Prin. Art.,2,Other Wayne,100-199,200-499,500-999,MD,1,1,166.653627311522,72.5,0.000789199250414467,0.000243362906122339
17283,1,82-1553,2018,26612,25909,703,369,152,3,Principal Arterial,3,Urban,Freeway/Prin. Art.,2,Other Wayne,100-199,200-499,500-999,PM,1,1,82.6706970128023,29.5,0.000391492541544184,9.9023527318745e-05
17283,1,82-1553,2018,26612,25909,703,369,152,3,Principal Arterial,3,Urban,Freeway/Prin. Art.,2,Other Wayne,100-199,200-499,500-999,EV,1,1,27.2944523470839,17,0.000129254680382842,5.70644055735141e-05
17283,1,82-1553,2018,26612,25909,703,369,152,3,Principal Arterial,3,Urban,Freeway/Prin. Art.,2,Other Wayne,100-199,200-499,500-999,NT,1,1,27.5568990042674,6,0.000130497513848061,2.01403784377108e-05
17346,1,82-5841,2017,7610,7047,562,261,304,3,Principal Arterial,3,Urban,Freeway/Prin. Art.,1,Detroit,200-499,200-499,500-999,AM,1,1,46.1769230769231,28.8925619834711,0.000218673866669775,9.69845220636875e-05
17346,1,82-5841,2017,7610,7047,562,261,304,3,Principal Arterial,3,Urban,Freeway/Prin. Art.,1,Detroit,200-499,200-499,500-999,MD,1,1,85.5778846153846,115.067768595041,0.000405259720295616,0.000386251400914512
17346,1,82-5841,2017,7610,7047,562,261,304,3,Principal Arterial,3,Urban,Freeway/Prin. Art.,1,Detroit,200-499,200-499,500-999,PM,1,1,76.2923076923077,119.338842975207,0.00036128725797615,0.000400588243306535
17346,1,82-5841,2017,7610,7047,562,261,304,3,Principal Arterial,3,Urban,Freeway/Prin. Art.,1,Detroit,200-499,200-499,500-999,EV,1,1,14.3048076923077,26.8826446280992,6.77413608705282e-05,9.02377727027353e-05
17346,1,82-5841,2017,7610,7047,562,261,304,3,Principal Arterial,3,Urban,Freeway/Prin. Art.,1,Detroit,200-499,200-499,500-999,NT,1,1,38.6480769230769,13.8181818181818,0.000183020518843181,4.63839018565462e-05
17347,1,82-1865,2017,9290,8634,655,334,322,3,Principal Arterial,3,Urban,Freeway/Prin. Art.,1,Detroit,200-499,200-499,500-999,AM,1,1,53.3298350824588,37.23125,0.000252546953527328,0.00012497524411817
17347,1,82-1865,2017,9290,8634,655,334,322,3,Principal Arterial,3,Urban,Freeway/Prin. Art.,1,Detroit,200-499,200-499,500-999,MD,1,1,101.151424287856,138.1078125,0.000479009245187983,0.000463590601492402
17347,1,82-1865,2017,9290,8634,655,334,322,3,Principal Arterial,3,Urban,Freeway/Prin. Art.,1,Detroit,200-499,200-499,500-999,PM,1,1,107.911544227886,102.8890625,0.000511022239297081,0.000345370775975214
17347,1,82-1865,2017,9290,8634,655,334,322,3,Principal Arterial,3,Urban,Freeway/Prin. Art.,1,Detroit,200-499,200-499,500-999,EV,1,1,38.808095952024,24.15,0.000183778299515192,8.10650232117861e-05
17347,1,82-1865,2017,9290,8634,655,334,322,3,Principal Arterial,3,Urban,Freeway/Prin. Art.,1,Detroit,200-499,200-499,500-999,NT,1,1,32.7991004497751,19.621875,0.000155322304751549,6.58653313595763e-05
17362,0,82-6544,2017,336,279,56,7,54,5,Major Collector,3,Urban,Other Road,1,Detroit,0-99,0-99,0-99,AM,1,1,0.269230769230769,10.6442307692308,1.27496007553592e-06,3.5729805978439e-05
17362,0,82-6544,2017,336,279,56,7,54,5,Major Collector,3,Urban,Other Road,1,Detroit,0-99,0-99,0-99,MD,1,1,2.15384615384615,25.7019230769231,1.01996806042874e-05,8.62744095576941e-05
17362,0,82-6544,2017,336,279,56,7,54,5,Major Collector,3,Urban,Other Road,1,Detroit,0-99,0-99,0-99,PM,1,1,2.15384615384615,7.52884615384615,1.01996806042874e-05,2.52723017896276e-05
17362,0,82-6544,2017,336,279,56,7,54,5,Major Collector,3,Urban,Other Road,1,Detroit,0-99,0-99,0-99,EV,1,1,1.61538461538462,2.59615384615385,7.64976045321552e-06,8.7145868240095e-06
17362,0,82-6544,2017,336,279,56,7,54,5,Major Collector,3,Urban,Other Road,1,Detroit,0-99,0-99,0-99,NT,1,1,0.807692307692308,7.52884615384615,3.82488022660776e-06,2.52723017896276e-05
17388,0,82-6172,2019,1388,1285,103,44,47,5,Major Collector,3,Urban,Other Road,1,Detroit,0-99,0-99,0-99,AM,1,1,5.95294117647059,6.56989247311828,2.81905458046228e-05,2.20533534506117e-05
17388,0,82-6172,2019,1388,1285,103,44,47,5,Major Collector,3,Urban,Other Road,1,Detroit,0-99,0-99,0-99,MD,1,1,20.1882352941177,27.0376344086022,9.56027205548078e-05,9.07580315082866e-05
17388,0,82-6172,2019,1388,1285,103,44,47,5,Major Collector,3,Urban,Other Road,1,Detroit,0-99,0-99,0-99,PM,1,1,8.28235294117647,6.06451612903226,3.92216289455622e-05,2.03569416467185e-05
17388,0,82-6172,2019,1388,1285,103,44,47,5,Major Collector,3,Urban,Other Road,1,Detroit,0-99,0-99,0-99,EV,1,1,5.69411764705882,3.79032258064516,2.6964869900074e-05,1.27230885291991e-05
17388,0,82-6172,2019,1388,1285,103,44,47,5,Major Collector,3,Urban,Other Road,1,Detroit,0-99,0-99,0-99,NT,1,1,3.88235294117647,3.53763440860215,1.83851385682323e-05,1.18748826272525e-05
17427,0,82-1450,2019,10039,9866,173,144,12,3,Principal Arterial,3,Urban,Freeway/Prin. Art.,2,Other Wayne,0-99,100-199,100-199,AM,1,1,27,2,0.000127860281860888,6.71345947923695e-06
17427,0,82-1450,2019,10039,9866,173,144,12,3,Principal Arterial,3,Urban,Freeway/Prin. Art.,2,Other Wayne,0-99,100-199,100-199,MD,1,1,64.5,6,0.000305444006667677,2.01403784377108e-05
17427,0,82-1450,2019,10039,9866,173,144,12,3,Principal Arterial,3,Urban,Freeway/Prin. Art.,2,Other Wayne,0-99,100-199,100-199,PM,1,1,31,3,0.000146802545840279,1.00701892188554e-05
17427,0,82-1450,2019,10039,9866,173,144,12,3,Principal Arterial,3,Urban,Freeway/Prin. Art.,2,Other Wayne,0-99,100-199,100-199,EV,1,1,9.5,0,4.49878769510532e-05,0
17427,0,82-1450,2019,10039,9866,173,144,12,3,Principal Arterial,3,Urban,Freeway/Prin. Art.,2,Other Wayne,0-99,100-199,100-199,NT,1,1,12,1,5.68267919381725e-05,3.35672973961847e-06
17511,1,82-1531,2019,17830,17015,815,519,253,3,Principal Arterial,3,Urban,Freeway/Prin. Art.,2,Other Wayne,200-499,500-999,500-999,AM,1,1,114,42,0.000539854523412638,0.000140982649063976
17511,1,82-1531,2019,17830,17015,815,519,253,3,Principal Arterial,3,Urban,Freeway/Prin. Art.,2,Other Wayne,200-499,500-999,500-999,MD,1,1,194,104,0.000918699803000455,0.000349099892920321
17511,1,82-1531,2019,17830,17015,815,519,253,3,Principal Arterial,3,Urban,Freeway/Prin. Art.,2,Other Wayne,200-499,500-999,500-999,PM,1,1,98,45.5,0.000464085467495075,0.000152731203152641
17511,1,82-1531,2019,17830,17015,815,519,253,3,Principal Arterial,3,Urban,Freeway/Prin. Art.,2,Other Wayne,200-499,500-999,500-999,EV,1,1,30,19.5,0.000142066979845431,6.54562299225603e-05
17511,1,82-1531,2019,17830,17015,815,519,253,3,Principal Arterial,3,Urban,Freeway/Prin. Art.,2,Other Wayne,200-499,500-999,500-999,NT,1,1,83,42,0.000393051977572359,0.000140982649063976
17558,1,82-1397,2019,3637,3364,273,164,86,3,Principal Arterial,3,Urban,Freeway/Prin. Art.,1,Detroit,0-99,100-199,200-499,AM,1,1,24.5485893416928,16,0.000116251464908001,5.37076758338956e-05
17558,1,82-1397,2019,3637,3364,273,164,86,3,Principal Arterial,3,Urban,Freeway/Prin. Art.,1,Detroit,0-99,100-199,200-499,MD,1,1,75.7021943573668,39.4444444444444,0.000358492737334098,0.000132404339729395
17558,1,82-1397,2019,3637,3364,273,164,86,3,Principal Arterial,3,Urban,Freeway/Prin. Art.,1,Detroit,0-99,100-199,200-499,PM,1,1,38.3009404388715,22.2222222222222,0.000181376631113007,7.45939942137439e-05
17558,1,82-1397,2019,3637,3364,273,164,86,3,Principal Arterial,3,Urban,Freeway/Prin. Art.,1,Detroit,0-99,100-199,200-499,EV,1,1,11.4388714733542,2.55555555555556,5.41695307686498e-05,8.57830933458055e-06
17558,1,82-1397,2019,3637,3364,273,164,86,3,Principal Arterial,3,Urban,Freeway/Prin. Art.,1,Detroit,0-99,100-199,200-499,NT,1,1,14.0094043887147,5.77777777777778,6.63424590312677e-05,1.93944384955734e-05
17566,1,82-1113,2019,37714,37219,495,344,118,4,Minor Arterial,3,Urban,Other Road,2,Other Wayne,100-199,200-499,200-499,AM,1,1,71.5,19,0.000338592968631611,6.3777865052751e-05
17566,1,82-1113,2019,37714,37219,495,344,118,4,Minor Arterial,3,Urban,Other Road,2,Other Wayne,100-199,200-499,200-499,MD,1,1,176.5,58.5,0.00083582739809062,0.000196368689767681
17566,1,82-1113,2019,37714,37219,495,344,118,4,Minor Arterial,3,Urban,Other Road,2,Other Wayne,100-199,200-499,200-499,PM,1,1,57,19,0.000269927261706319,6.3777865052751e-05
17566,1,82-1113,2019,37714,37219,495,344,118,4,Minor Arterial,3,Urban,Other Road,2,Other Wayne,100-199,200-499,200-499,EV,1,1,18.5,5.5,8.76079709046825e-05,1.84620135679016e-05
17566,1,82-1113,2019,37714,37219,495,344,118,4,Minor Arterial,3,Urban,Other Road,2,Other Wayne,100-199,200-499,200-499,NT,1,1,20.5,16,9.70791028943779e-05,5.37076758338956e-05
17582,0,82-2302,2019,16545,16358,187,146,29,4,Minor Arterial,3,Urban,Other Road,2,Other Wayne,0-99,100-199,100-199,AM,1,1,23.5,4.5,0.000111285800878921,1.51052838282831e-05
17582,0,82-2302,2019,16545,16358,187,146,29,4,Minor Arterial,3,Urban,Other Road,2,Other Wayne,0-99,100-199,100-199,MD,1,1,67,15.5,0.000317282921654796,5.20293109640864e-05
17582,0,82-2302,2019,16545,16358,187,146,29,4,Minor Arterial,3,Urban,Other Road,2,Other Wayne,0-99,100-199,100-199,PM,1,1,28.5,3,0.00013496363085316,1.00701892188554e-05
17582,0,82-2302,2019,16545,16358,187,146,29,4,Minor Arterial,3,Urban,Other Road,2,Other Wayne,0-99,100-199,100-199,EV,1,1,16.5,3.5,7.81368389149871e-05,1.17485540886647e-05
17582,0,82-2302,2019,16545,16358,187,146,29,4,Minor Arterial,3,Urban,Other Road,2,Other Wayne,0-99,100-199,100-199,NT,1,1,10.5,2.5,4.97234429459009e-05,8.39182434904618e-06
17621,1,82-1460,2019,23770,23061,709,332,355,3,Principal Arterial,3,Urban,Freeway/Prin. Art.,2,Other Wayne,200-499,200-499,500-999,AM,1,1,50.5,49.5,0.000239146082739809,0.000166158122111114
17621,1,82-1460,2019,23770,23061,709,332,355,3,Principal Arterial,3,Urban,Freeway/Prin. Art.,2,Other Wayne,200-499,200-499,500-999,MD,1,1,142.5,140,0.000674818154265798,0.000469942163546586
17621,1,82-1460,2019,23770,23061,709,332,355,3,Principal Arterial,3,Urban,Freeway/Prin. Art.,2,Other Wayne,200-499,200-499,500-999,PM,1,1,85,76.5,0.000402523109562055,0.000256789825080813
17621,1,82-1460,2019,23770,23061,709,332,355,3,Principal Arterial,3,Urban,Freeway/Prin. Art.,2,Other Wayne,200-499,200-499,500-999,EV,1,1,16.5,21.5,7.81368389149871e-05,7.21696894017972e-05
17621,1,82-1460,2019,23770,23061,709,332,355,3,Principal Arterial,3,Urban,Freeway/Prin. Art.,2,Other Wayne,200-499,200-499,500-999,NT,1,1,37.5,67.5,0.000177583724806789,0.000226579257424247
17623,1,82-1444,2018,16059,15859,199,99,96,3,Principal Arterial,4,Suburban,Freeway/Prin. Art.,2,Other Wayne,0-99,0-99,100-199,AM,1,1,17.3375634517767,10.303664921466,8.21031759157479e-05,3.45866184689485e-05
17623,1,82-1444,2018,16059,15859,199,99,96,3,Principal Arterial,4,Suburban,Freeway/Prin. Art.,2,Other Wayne,0-99,0-99,100-199,MD,1,1,53.0177664974619,42.4712041884817,0.000251069132148157,0.000142564354176885
17623,1,82-1444,2018,16059,15859,199,99,96,3,Principal Arterial,4,Suburban,Freeway/Prin. Art.,2,Other Wayne,0-99,0-99,100-199,PM,1,1,20.3527918781726,32.6701570680628,9.63819891184867e-05,0.000109664887828373
17623,1,82-1444,2018,16059,15859,199,99,96,3,Principal Arterial,4,Suburban,Freeway/Prin. Art.,2,Other Wayne,0-99,0-99,100-199,EV,1,1,2.01015228426396,8.79581151832461,9.51920880182584e-06,2.95251621076389e-05
17623,1,82-1444,2018,16059,15859,199,99,96,3,Principal Arterial,4,Suburban,Freeway/Prin. Art.,2,Other Wayne,0-99,0-99,100-199,NT,1,1,6.28172588832487,1.75916230366492,2.97475275057058e-05,5.90503242152779e-06
17627,1,82-1241,2019,28543,27207,1336,635,664,3,Principal Arterial,3,Urban,Freeway/Prin. Art.,2,Other Wayne,500-999,500-999,1000-1999,AM,1,1,114,83.5,0.000539854523412638,0.000280286933258143
17627,1,82-1241,2019,28543,27207,1336,635,664,3,Principal Arterial,3,Urban,Freeway/Prin. Art.,2,Other Wayne,500-999,500-999,1000-1999,MD,1,1,299,282.5,0.00141593423245946,0.000948276151442219
17627,1,82-1241,2019,28543,27207,1336,635,664,3,Principal Arterial,3,Urban,Freeway/Prin. Art.,2,Other Wayne,500-999,500-999,1000-1999,PM,1,1,124,150.5,0.000587210183361115,0.00050518782581258
17627,1,82-1241,2019,28543,27207,1336,635,664,3,Principal Arterial,3,Urban,Freeway/Prin. Art.,2,Other Wayne,500-999,500-999,1000-1999,EV,1,1,31,43,0.000146802545840279,0.000144339378803594
17627,1,82-1241,2019,28543,27207,1336,635,664,3,Principal Arterial,3,Urban,Freeway/Prin. Art.,2,Other Wayne,500-999,500-999,1000-1999,NT,1,1,67,104.5,0.000317282921654796,0.000350778257790131
17631,1,82-1117,2018,11931,11007,923,366,484,3,Principal Arterial,3,Urban,Freeway/Prin. Art.,1,Detroit,200-499,200-499,500-999,AM,1,1,64.4260273972603,81.5842812823165,0.000305093704525592,0.000273856383265751
17631,1,82-1117,2018,11931,11007,923,366,484,3,Principal Arterial,3,Urban,Freeway/Prin. Art.,1,Detroit,200-499,200-499,500-999,MD,1,1,122.083561643836,160.165460186143,0.000578134763050441,0.000537632163466504
17631,1,82-1117,2018,11931,11007,923,366,484,3,Principal Arterial,3,Urban,Freeway/Prin. Art.,1,Detroit,200-499,200-499,500-999,PM,1,1,81.472602739726,134.639089968976,0.000385818887045983,0.00045194703741403
17631,1,82-1117,2018,11931,11007,923,366,484,3,Principal Arterial,3,Urban,Freeway/Prin. Art.,1,Detroit,200-499,200-499,500-999,EV,1,1,46.1260273972603,80.5832471561531,0.000218432846819879,0.000270496182244085
17631,1,82-1117,2018,11931,11007,923,366,484,3,Principal Arterial,3,Urban,Freeway/Prin. Art.,1,Detroit,200-499,200-499,500-999,NT,1,1,51.8917808219178,27.0279214064116,0.000245736952672364,9.07254275849725e-05
17673,1,82-6374,2019,10859,10239,620,186,410,3,Principal Arterial,3,Urban,Freeway/Prin. Art.,2,Other Wayne,200-499,100-199,500-999,AM,1,1,47.377358490566,77.7239263803681,0.000224358607793634,0.000260898215160898
17673,1,82-6374,2019,10859,10239,620,186,410,3,Principal Arterial,3,Urban,Freeway/Prin. Art.,2,Other Wayne,200-499,100-199,500-999,MD,1,1,68.6846361185984,85.7730061349693,0.000325260627171723,0.000287916800549729
17673,1,82-6374,2019,10859,10239,620,186,410,3,Principal Arterial,3,Urban,Freeway/Prin. Art.,2,Other Wayne,200-499,100-199,500-999,PM,1,1,47.377358490566,193.429447852761,0.000224358607793634,0.000649290380125343
17673,1,82-6374,2019,10859,10239,620,186,410,3,Principal Arterial,3,Urban,Freeway/Prin. Art.,2,Other Wayne,200-499,100-199,500-999,EV,1,1,7.77088948787062,49.3006134969325,3.67995600084796e-05,0.000165488835506589
17673,1,82-6374,2019,10859,10239,620,186,410,3,Principal Arterial,3,Urban,Freeway/Prin. Art.,2,Other Wayne,200-499,100-199,500-999,NT,1,1,14.7897574123989,3.77300613496933,7.00378722742031e-05,1.26649619010145e-05
17677,1,82-1276,2019,18611,17812,799,338,196,3,Principal Arterial,3,Urban,Freeway/Prin. Art.,1,Detroit,100-199,200-499,500-999,AM,1,1,46.5,35.5,0.000220203818760418,0.000119163905756456
17677,1,82-1276,2019,18611,17812,799,338,196,3,Principal Arterial,3,Urban,Freeway/Prin. Art.,1,Detroit,100-199,200-499,500-999,MD,1,1,183,87,0.00086660857705713,0.000292035487346807
17677,1,82-1276,2019,18611,17812,799,338,196,3,Principal Arterial,3,Urban,Freeway/Prin. Art.,1,Detroit,100-199,200-499,500-999,PM,1,1,86,45,0.000407258675556903,0.000151052838282831
17677,1,82-1276,2019,18611,17812,799,338,196,3,Principal Arterial,3,Urban,Freeway/Prin. Art.,1,Detroit,100-199,200-499,500-999,EV,1,1,13,9,6.15623579330202e-05,3.02105676565663e-05
17677,1,82-1276,2019,18611,17812,799,338,196,3,Principal Arterial,3,Urban,Freeway/Prin. Art.,1,Detroit,100-199,200-499,500-999,NT,1,1,9.5,19.5,4.49878769510532e-05,6.54562299225603e-05
17704,1,82-1417,2019,31001,30546,455,337,80,3,Principal Arterial,3,Urban,Freeway/Prin. Art.,2,Other Wayne,0-99,200-499,200-499,AM,1,1,55.5,17.5,0.000262823912714048,5.87427704433233e-05
17704,1,82-1417,2019,31001,30546,455,337,80,3,Principal Arterial,3,Urban,Freeway/Prin. Art.,2,Other Wayne,0-99,200-499,200-499,MD,1,1,155,43.5,0.000734012729201394,0.000146017743673404
17704,1,82-1417,2019,31001,30546,455,337,80,3,Principal Arterial,3,Urban,Freeway/Prin. Art.,2,Other Wayne,0-99,200-499,200-499,PM,1,1,82.5,15,0.000390684194574936,5.03509460942771e-05
17704,1,82-1417,2019,31001,30546,455,337,80,3,Principal Arterial,3,Urban,Freeway/Prin. Art.,2,Other Wayne,0-99,200-499,200-499,EV,1,1,28.5,1.5,0.00013496363085316,5.03509460942771e-06
17704,1,82-1417,2019,31001,30546,455,337,80,3,Principal Arterial,3,Urban,Freeway/Prin. Art.,2,Other Wayne,0-99,200-499,200-499,NT,1,1,15.5,2.5,7.34012729201394e-05,8.39182434904618e-06
17741,1,82-1108,2018,23677,23248,429,214,75,3,Principal Arterial,3,Urban,Freeway/Prin. Art.,1,Detroit,0-99,200-499,200-499,AM,1,1,33.6713286713287,10,0.000159452799057285,3.35672973961847e-05
17741,1,82-1108,2018,23677,23248,429,214,75,3,Principal Arterial,3,Urban,Freeway/Prin. Art.,1,Detroit,0-99,200-499,200-499,MD,1,1,96.5244755244755,44,0.000457098023964216,0.000147696108543213
17741,1,82-1108,2018,23677,23248,429,214,75,3,Principal Arterial,3,Urban,Freeway/Prin. Art.,1,Detroit,0-99,200-499,200-499,PM,1,1,45.3939393939394,18,0.000214965995766117,6.04211353131325e-05
17741,1,82-1108,2018,23677,23248,429,214,75,3,Principal Arterial,3,Urban,Freeway/Prin. Art.,1,Detroit,0-99,200-499,200-499,EV,1,1,12.7202797202797,0,6.02377240883075e-05,0
17741,1,82-1108,2018,23677,23248,429,214,75,3,Principal Arterial,3,Urban,Freeway/Prin. Art.,1,Detroit,0-99,200-499,200-499,NT,1,1,25.6899766899767,3,0.000121656580021484,1.00701892188554e-05
17772,0,82-1526,2018,3142,3087,54,11,45,4,Minor Arterial,4,Suburban,Other Road,2,Other Wayne,0-99,0-99,0-99,AM,1,1,1.75,16.25,8.28724049098348e-06,5.45468582688002e-05
17772,0,82-1526,2018,3142,3087,54,11,45,4,Minor Arterial,4,Suburban,Other Road,2,Other Wayne,0-99,0-99,0-99,MD,1,1,4.25,21.5,2.01261554781027e-05,7.21696894017972e-05
17772,0,82-1526,2018,3142,3087,54,11,45,4,Minor Arterial,4,Suburban,Other Road,2,Other Wayne,0-99,0-99,0-99,PM,1,1,4.25,4.25,2.01261554781027e-05,1.42661013933785e-05
17772,0,82-1526,2018,3142,3087,54,11,45,4,Minor Arterial,4,Suburban,Other Road,2,Other Wayne,0-99,0-99,0-99,EV,1,1,0.5,0.25,2.36778299742385e-06,8.39182434904619e-07
17772,0,82-1526,2018,3142,3087,54,11,45,4,Minor Arterial,4,Suburban,Other Road,2,Other Wayne,0-99,0-99,0-99,NT,1,1,0.25,2.75,1.18389149871193e-06,9.2310067839508e-06
17786,0,82-1274,2018,18408,18035,373,137,29,3,Principal Arterial,3,Urban,Freeway/Prin. Art.,1,Detroit,0-99,100-199,100-199,AM,1,1,24.6085790884719,5,0.000116535550312888,1.67836486980924e-05
17786,0,82-1274,2018,18408,18035,373,137,29,3,Principal Arterial,3,Urban,Freeway/Prin. Art.,1,Detroit,0-99,100-199,100-199,MD,1,1,49.2171581769437,15.5,0.000233071100625775,5.20293109640864e-05
17786,0,82-1274,2018,18408,18035,373,137,29,3,Principal Arterial,3,Urban,Freeway/Prin. Art.,1,Detroit,0-99,100-199,100-199,PM,1,1,41.1367292225201,6.5,0.000194805696045424,2.18187433075201e-05
17786,0,82-1274,2018,18408,18035,373,137,29,3,Principal Arterial,3,Urban,Freeway/Prin. Art.,1,Detroit,0-99,100-199,100-199,EV,1,1,11.0187667560322,1,5.21800971550243e-05,3.35672973961847e-06
17786,0,82-1274,2018,18408,18035,373,137,29,3,Principal Arterial,3,Urban,Freeway/Prin. Art.,1,Detroit,0-99,100-199,100-199,NT,1,1,11.0187667560322,1,5.21800971550243e-05,3.35672973961847e-06
17787,0,82-1355,2018,603,571,31,27,5,5,Major Collector,4,Suburban,Other Road,2,Other Wayne,0-99,0-99,0-99,AM,1,1,4.5,0.555555555555556,2.13100469768147e-05,1.8648498553436e-06
17787,0,82-1355,2018,603,571,31,27,5,5,Major Collector,4,Suburban,Other Road,2,Other Wayne,0-99,0-99,0-99,MD,1,1,14.5,2.77777777777778,6.86657069252917e-05,9.32424927671798e-06
17787,0,82-1355,2018,603,571,31,27,5,5,Major Collector,4,Suburban,Other Road,2,Other Wayne,0-99,0-99,0-99,PM,1,1,5,0.833333333333333,2.36778299742385e-05,2.7972747830154e-06
17787,0,82-1355,2018,603,571,31,27,5,5,Major Collector,4,Suburban,Other Road,2,Other Wayne,0-99,0-99,0-99,EV,1,1,3,0.833333333333333,1.42066979845431e-05,2.7972747830154e-06
17787,0,82-1355,2018,603,571,31,27,5,5,Major Collector,4,Suburban,Other Road,2,Other Wayne,0-99,0-99,0-99,NT,1,1,0,0,0,0
17791,1,82-1679,2019,5771,5529,242,172,67,5,Major Collector,3,Urban,Other Road,2,Other Wayne,0-99,100-199,200-499,AM,1,1,47.6384839650146,15.8549618320611,0.000225595184710821,5.32208219021952e-05
17791,1,82-1679,2019,5771,5529,242,172,67,5,Major Collector,3,Urban,Other Road,2,Other Wayne,0-99,100-199,200-499,MD,1,1,54.9096209912537,24.8053435114504,0.000260028133956157,8.32648342663376e-05
17791,1,82-1679,2019,5771,5529,242,172,67,5,Major Collector,3,Urban,Other Road,2,Other Wayne,0-99,100-199,200-499,PM,1,1,33.8483965014577,7.92748091603053,0.000160291315452425,2.66104109510976e-05
17791,1,82-1679,2019,5771,5529,242,172,67,5,Major Collector,3,Urban,Other Road,2,Other Wayne,0-99,100-199,200-499,EV,1,1,14.5422740524781,5.11450381679389,6.88658984906716e-05,1.71680070652243e-05
17791,1,82-1679,2019,5771,5529,242,172,67,5,Major Collector,3,Urban,Other Road,2,Other Wayne,0-99,100-199,200-499,NT,1,1,21.0612244897959,13.2977099236641,9.97368185037312e-05,4.46368183695831e-05
17797,0,82-1392,2018,425,415,9,10,2,5,Major Collector,5,Rural,Other Road,2,Other Wayne,0-99,0-99,0-99,AM,1,1,2.22222222222222,0,1.05234799885505e-05,0
17797,0,82-1392,2018,425,415,9,10,2,5,Major Collector,5,Rural,Other Road,2,Other Wayne,0-99,0-99,0-99,MD,1,1,2.77777777777778,1,1.31543499856881e-05,3.35672973961847e-06
17797,0,82-1392,2018,425,415,9,10,2,5,Major Collector,5,Rural,Other Road,2,Other Wayne,0-99,0-99,0-99,PM,1,1,4.44444444444444,1,2.10469599771009e-05,3.35672973961847e-06
17797,0,82-1392,2018,425,415,9,10,2,5,Major Collector,5,Rural,Other Road,2,Other Wayne,0-99,0-99,0-99,EV,1,1,0.555555555555556,0,2.63086999713761e-06,0
17797,0,82-1392,2018,425,415,9,10,2,5,Major Collector,5,Rural,Other Road,2,Other Wayne,0-99,0-99,0-99,NT,1,1,0,0,0,0
17807,0,82-6514,2019,637,613,24,18,4,5,Major Collector,2,Urban Fringe,Other Road,1,Detroit,0-99,0-99,0-99,AM,1,1,4.37142857142857,0.8,2.07011884917628e-05,2.68538379169478e-06
17807,0,82-6514,2019,637,613,24,18,4,5,Major Collector,2,Urban Fringe,Other Road,1,Detroit,0-99,0-99,0-99,MD,1,1,9.25714285714286,2.4,4.3837810923733e-05,8.05615137508434e-06
17807,0,82-6514,2019,637,613,24,18,4,5,Major Collector,2,Urban Fringe,Other Road,1,Detroit,0-99,0-99,0-99,PM,1,1,2.05714285714286,0.8,9.74173576082956e-06,2.68538379169478e-06
17807,0,82-6514,2019,637,613,24,18,4,5,Major Collector,2,Urban Fringe,Other Road,1,Detroit,0-99,0-99,0-99,EV,1,1,0,0,0,0
17807,0,82-6514,2019,637,613,24,18,4,5,Major Collector,2,Urban Fringe,Other Road,1,Detroit,0-99,0-99,0-99,NT,1,1,2.31428571428571,0,1.09594527309333e-05,0
17822,1,82-1411,2018,8098,7849,248,115,131,4,Minor Arterial,4,Suburban,Other Road,2,Other Wayne,100-199,100-199,200-499,AM,1,1,17.905701754386,19.9019230769231,8.47936323419551e-05,6.68053770679069e-05
17822,1,82-1411,2018,8098,7849,248,115,131,4,Minor Arterial,4,Suburban,Other Road,2,Other Wayne,100-199,100-199,200-499,MD,1,1,50.1864035087719,51.8961538461539,0.000237661025859846,0.0001742013629872
17822,1,82-1411,2018,8098,7849,248,115,131,4,Minor Arterial,4,Suburban,Other Road,2,Other Wayne,100-199,100-199,200-499,PM,1,1,24.7149122807018,35.5211538461538,0.000117039098162135,0.000119234913500948
17822,1,82-1411,2018,8098,7849,248,115,131,4,Minor Arterial,4,Suburban,Other Road,2,Other Wayne,100-199,100-199,200-499,EV,1,1,9.33114035087719,11.3365384615385,4.41882309387653e-05,3.80536957981748e-05
17822,1,82-1411,2018,8098,7849,248,115,131,4,Minor Arterial,4,Suburban,Other Road,2,Other Wayne,100-199,100-199,200-499,NT,1,1,12.8618421052632,12.3442307692308,6.09081021047846e-05,4.14362465357904e-05
17868,0,82-6434,2017,7745,7638,106,88,22,4,Minor Arterial,4,Suburban,Other Road,2,Other Wayne,0-99,0-99,100-199,AM,1,1,20.735632183908,4.4,9.81949546517846e-05,1.47696108543213e-05
17868,0,82-6434,2017,7745,7638,106,88,22,4,Minor Arterial,4,Suburban,Other Road,2,Other Wayne,0-99,0-99,100-199,MD,1,1,29.3333333333333,4.675,0.000138909935848866,1.56927115327164e-05
17868,0,82-6434,2017,7745,7638,106,88,22,4,Minor Arterial,4,Suburban,Other Road,2,Other Wayne,0-99,0-99,100-199,PM,1,1,26.2988505747127,7.7,0.00012453994248519,2.58468189950623e-05
17868,0,82-6434,2017,7745,7638,106,88,22,4,Minor Arterial,4,Suburban,Other Road,2,Other Wayne,0-99,0-99,100-199,EV,1,1,4.55172413793104,4.125,2.15549900455137e-05,1.38465101759262e-05
17868,0,82-6434,2017,7745,7638,106,88,22,4,Minor Arterial,4,Suburban,Other Road,2,Other Wayne,0-99,0-99,100-199,NT,1,1,7.08045977011494,1.1,3.35299845152435e-05,3.69240271358032e-06
17887,0,82-1783,2018,9253,9046,207,77,28,3,Principal Arterial,3,Urban,Freeway/Prin. Art.,1,Detroit,0-99,0-99,100-199,AM,1,1,15.2512077294686,5,7.222310070403e-05,1.67836486980924e-05
17887,0,82-1783,2018,9253,9046,207,77,28,3,Principal Arterial,3,Urban,Freeway/Prin. Art.,1,Detroit,0-99,0-99,100-199,MD,1,1,25.4806763285024,14.5,0.000120665424346977,4.86725812244679e-05
17887,0,82-1783,2018,9253,9046,207,77,28,3,Principal Arterial,3,Urban,Freeway/Prin. Art.,1,Detroit,0-99,0-99,100-199,PM,1,1,22.1328502415459,6.5,0.000104811572972922,2.18187433075201e-05
17887,0,82-1783,2018,9253,9046,207,77,28,3,Principal Arterial,3,Urban,Freeway/Prin. Art.,1,Detroit,0-99,0-99,100-199,EV,1,1,5.95169082125604,2,2.81846246649873e-05,6.71345947923695e-06
17887,0,82-1783,2018,9253,9046,207,77,28,3,Principal Arterial,3,Urban,Freeway/Prin. Art.,1,Detroit,0-99,0-99,100-199,NT,1,1,8.18357487922705,0,3.87538589143575e-05,0
17898,0,82-1510,2018,6658,6553,104,59,50,4,Minor Arterial,5,Rural,Other Road,2,Other Wayne,0-99,0-99,100-199,AM,1,1,7.05982905982906,7.55208333333333,3.34322864251641e-05,2.5350302721077e-05
17898,0,82-1510,2018,6658,6553,104,59,50,4,Minor Arterial,5,Rural,Other Road,2,Other Wayne,0-99,0-99,100-199,MD,1,1,25.2136752136752,23.1770833333333,0.000119401022947015,7.77992049026157e-05
17898,0,82-1510,2018,6658,6553,104,59,50,4,Minor Arterial,5,Rural,Other Road,2,Other Wayne,0-99,0-99,100-199,PM,1,1,18.1538461538462,10.4166666666667,8.59687365218506e-05,3.49659347876924e-05
17898,0,82-1510,2018,6658,6553,104,59,50,4,Minor Arterial,5,Rural,Other Road,2,Other Wayne,0-99,0-99,100-199,EV,1,1,5.04273504273504,5.98958333333333,2.3880204589403e-05,2.01054125029232e-05
17898,0,82-1510,2018,6658,6553,104,59,50,4,Minor Arterial,5,Rural,Other Road,2,Other Wayne,0-99,0-99,100-199,NT,1,1,3.52991452991453,2.86458333333333,1.67161432125821e-05,9.61563206661542e-06
17909,1,82-6329,2019,10848,10458,390,200,140,3,Principal Arterial,3,Urban,Freeway/Prin. Art.,2,Other Wayne,100-199,200-499,200-499,AM,1,1,27.7078085642317,28.2014388489209,0.000131212156028526,9.46646084842044e-05
17909,1,82-6329,2019,10848,10458,390,200,140,3,Principal Arterial,3,Urban,Freeway/Prin. Art.,2,Other Wayne,100-199,200-499,200-499,MD,1,1,83.375314861461,51.6187050359712,0.000394829305867655,0.000173270042314839
17909,1,82-6329,2019,10848,10458,390,200,140,3,Principal Arterial,3,Urban,Freeway/Prin. Art.,2,Other Wayne,100-199,200-499,200-499,PM,1,1,54.911838790932,47.841726618705,0.000260038636492897,0.000160591746535704
17909,1,82-6329,2019,10848,10458,390,200,140,3,Principal Arterial,3,Urban,Freeway/Prin. Art.,2,Other Wayne,100-199,200-499,200-499,EV,1,1,14.8614609571788,7.80575539568345,7.03774291425729e-05,2.6201811276878e-05
17909,1,82-6329,2019,10848,10458,390,200,140,3,Principal Arterial,3,Urban,Freeway/Prin. Art.,2,Other Wayne,100-199,200-499,200-499,NT,1,1,19.1435768261965,4.53237410071943,9.06556714378906e-05,1.52139549349614e-05
17915,0,82-1354,2019,10743,10685,58,42,16,4,Minor Arterial,3,Urban,Other Road,2,Other Wayne,0-99,0-99,0-99,AM,1,1,6.07228915662651,1.6,2.87557260410029e-05,5.37076758338956e-06
17915,0,82-1354,2019,10743,10685,58,42,16,4,Minor Arterial,3,Urban,Other Road,2,Other Wayne,0-99,0-99,0-99,MD,1,1,26.8192771084337,9.6,0.000127004456681096,3.22246055003374e-05
17915,0,82-1354,2019,10743,10685,58,42,16,4,Minor Arterial,3,Urban,Other Road,2,Other Wayne,0-99,0-99,0-99,PM,1,1,5.56626506024097,4,2.6359415537586e-05,1.34269189584739e-05
17915,0,82-1354,2019,10743,10685,58,42,16,4,Minor Arterial,3,Urban,Other Road,2,Other Wayne,0-99,0-99,0-99,EV,1,1,1.51807228915663,0.8,7.18893151025073e-06,2.68538379169478e-06
17915,0,82-1354,2019,10743,10685,58,42,16,4,Minor Arterial,3,Urban,Other Road,2,Other Wayne,0-99,0-99,0-99,NT,1,1,2.02409638554217,0,9.58524201366764e-06,0
17931,1,82-1532,2019,20712,19611,1101,728,331,3,Principal Arterial,3,Urban,Freeway/Prin. Art.,2,Other Wayne,200-499,500-999,1000-1999,AM,1,1,150,54,0.000710334899227156,0.000181263405939398
17931,1,82-1532,2019,20712,19611,1101,728,331,3,Principal Arterial,3,Urban,Freeway/Prin. Art.,2,Other Wayne,200-499,500-999,1000-1999,MD,1,1,289.5,148,0.00137094635550841,0.000496796001463534
17931,1,82-1532,2019,20712,19611,1101,728,331,3,Principal Arterial,3,Urban,Freeway/Prin. Art.,2,Other Wayne,200-499,500-999,1000-1999,PM,1,1,166,62,0.000786103955144719,0.000208117243856345
17931,1,82-1532,2019,20712,19611,1101,728,331,3,Principal Arterial,3,Urban,Freeway/Prin. Art.,2,Other Wayne,200-499,500-999,1000-1999,EV,1,1,33.5,30,0.000158641460827398,0.000100701892188554
17931,1,82-1532,2019,20712,19611,1101,728,331,3,Principal Arterial,3,Urban,Freeway/Prin. Art.,2,Other Wayne,200-499,500-999,1000-1999,NT,1,1,89,37,0.000421465373541446,0.000124199000365884
17976,0,82-1115,2019,14874,14723,151,111,23,3,Principal Arterial,3,Urban,Freeway/Prin. Art.,2,Other Wayne,0-99,100-199,100-199,AM,1,1,21.5,4,0.000101814668889226,1.34269189584739e-05
17976,0,82-1115,2019,14874,14723,151,111,23,3,Principal Arterial,3,Urban,Freeway/Prin. Art.,2,Other Wayne,0-99,100-199,100-199,MD,1,1,61.5,16.5,0.000291237308683134,5.53860407037048e-05
17976,0,82-1115,2019,14874,14723,151,111,23,3,Principal Arterial,3,Urban,Freeway/Prin. Art.,2,Other Wayne,0-99,100-199,100-199,PM,1,1,18.5,2.5,8.76079709046825e-05,8.39182434904618e-06
17976,0,82-1115,2019,14874,14723,151,111,23,3,Principal Arterial,3,Urban,Freeway/Prin. Art.,2,Other Wayne,0-99,100-199,100-199,EV,1,1,7,0,3.31489619639339e-05,0
17976,0,82-1115,2019,14874,14723,151,111,23,3,Principal Arterial,3,Urban,Freeway/Prin. Art.,2,Other Wayne,0-99,100-199,100-199,NT,1,1,2.5,0,1.18389149871193e-05,0
17998,0,82-1271,2018,13561,13343.5,217,117,31,3,Principal Arterial,3,Urban,Freeway/Prin. Art.,2,Other Wayne,0-99,100-199,100-199,AM,1,1,21.3827586206897,7.13492063492063,0.000101259464600175,2.39500002850556e-05
17998,0,82-1271,2018,13561,13343.5,217,117,31,3,Principal Arterial,3,Urban,Freeway/Prin. Art.,2,Other Wayne,0-99,100-199,100-199,MD,1,1,51.9103448275862,15.9920634920635,0.000245824863746336,5.36810351216764e-05
17998,0,82-1271,2018,13561,13343.5,217,117,31,3,Principal Arterial,3,Urban,Freeway/Prin. Art.,2,Other Wayne,0-99,100-199,100-199,PM,1,1,27.3,5.41269841269841,0.000129280951659342,1.81689657334905e-05
17998,0,82-1271,2018,13561,13343.5,217,117,31,3,Principal Arterial,3,Urban,Freeway/Prin. Art.,2,Other Wayne,0-99,100-199,100-199,EV,1,1,8.47241379310345,1.72222222222222,4.01216746528993e-05,5.78103455156515e-06
17998,0,82-1271,2018,13561,13343.5,217,117,31,3,Principal Arterial,3,Urban,Freeway/Prin. Art.,2,Other Wayne,0-99,100-199,100-199,NT,1,1,7.93448275862069,0.738095238095238,3.75742667384295e-05,2.47758623638506e-06
18003,1,82-2560,2018,11139,10513,625,241,353,3,Principal Arterial,3,Urban,Freeway/Prin. Art.,2,Other Wayne,200-499,200-499,500-999,AM,1,1,33.2066805845511,57.2432432432433,0.00015725242737797,0.000192150096986809
18003,1,82-2560,2018,11139,10513,625,241,353,3,Principal Arterial,3,Urban,Freeway/Prin. Art.,2,Other Wayne,200-499,200-499,500-999,MD,1,1,105.909185803758,125.282361308677,0.000501539938834283,0.000420539028054463
18003,1,82-2560,2018,11139,10513,625,241,353,3,Principal Arterial,3,Urban,Freeway/Prin. Art.,2,Other Wayne,200-499,200-499,500-999,PM,1,1,76.4759916492693,131.056899004267,0.000362157105476537,0.000439922590469799
18003,1,82-2560,2018,11139,10513,625,241,353,3,Principal Arterial,3,Urban,Freeway/Prin. Art.,2,Other Wayne,200-499,200-499,500-999,EV,1,1,9.81106471816284,27.8684210526316,4.6460944452582e-05,9.3546757743578e-05
18003,1,82-2560,2018,11139,10513,625,241,353,3,Principal Arterial,3,Urban,Freeway/Prin. Art.,2,Other Wayne,200-499,200-499,500-999,NT,1,1,15.5970772442589,11.5490753911807,7.38609886169253e-05,3.8767124830672e-05
18019,0,82-1798,2019,2691.5,2658,33,25,8,4,Minor Arterial,3,Urban,Other Road,1,Detroit,0-99,0-99,0-99,AM,1,1,2.375,1.33333333333333,1.12469692377633e-05,4.47563965282463e-06
18019,0,82-1798,2019,2691.5,2658,33,25,8,4,Minor Arterial,3,Urban,Other Road,1,Detroit,0-99,0-99,0-99,MD,1,1,10,3.6,4.7355659948477e-05,1.20842270626265e-05
18019,0,82-1798,2019,2691.5,2658,33,25,8,4,Minor Arterial,3,Urban,Other Road,1,Detroit,0-99,0-99,0-99,PM,1,1,7.75,2,3.67006364600697e-05,6.71345947923695e-06
18019,0,82-1798,2019,2691.5,2658,33,25,8,4,Minor Arterial,3,Urban,Other Road,1,Detroit,0-99,0-99,0-99,EV,1,1,3.25,0.8,1.5390589483255e-05,2.68538379169478e-06
18019,0,82-1798,2019,2691.5,2658,33,25,8,4,Minor Arterial,3,Urban,Other Road,1,Detroit,0-99,0-99,0-99,NT,1,1,1.625,0.266666666666667,7.69529474162752e-06,8.95127930564926e-07
18063,0,82-1284,2018,181,177,3,2,3,5,Major Collector,5,Rural,Other Road,2,Other Wayne,0-99,0-99,0-99,AM,1,1,0,0,0,0
18063,0,82-1284,2018,181,177,3,2,3,5,Major Collector,5,Rural,Other Road,2,Other Wayne,0-99,0-99,0-99,MD,1,1,0,1.5,0,5.03509460942771e-06
18063,0,82-1284,2018,181,177,3,2,3,5,Major Collector,5,Rural,Other Road,2,Other Wayne,0-99,0-99,0-99,PM,1,1,1.5,1.5,7.10334899227156e-06,5.03509460942771e-06
18063,0,82-1284,2018,181,177,3,2,3,5,Major Collector,5,Rural,Other Road,2,Other Wayne,0-99,0-99,0-99,EV,1,1,0.5,0,2.36778299742385e-06,0
18063,0,82-1284,2018,181,177,3,2,3,5,Major Collector,5,Rural,Other Road,2,Other Wayne,0-99,0-99,0-99,NT,1,1,0,0,0,0
18095,1,82-1353,2018,11210,10880,329,159,156,4,Minor Arterial,3,Urban,Other Road,2,Other Wayne,100-199,100-199,200-499,AM,1,1,31.4477848101266,15.9545454545455,0.000148923060360124,5.35550972093675e-05
18095,1,82-1353,2018,11210,10880,329,159,156,4,Minor Arterial,3,Urban,Other Road,2,Other Wayne,100-199,100-199,200-499,MD,1,1,61.3860759493671,74.7077922077922,0.000290697813822961,0.000250773867885133
18095,1,82-1353,2018,11210,10880,329,159,156,4,Minor Arterial,3,Urban,Other Road,2,Other Wayne,100-199,100-199,200-499,PM,1,1,38.2405063291139,39.5064935064935,0.00018109044139791,0.000132612621661291
18095,1,82-1353,2018,11210,10880,329,159,156,4,Minor Arterial,3,Urban,Other Road,2,Other Wayne,100-199,100-199,200-499,EV,1,1,10.0632911392405,14.4350649350649,4.76553793152396e-05,4.84546117608563e-05
18095,1,82-1353,2018,11210,10880,329,159,156,4,Minor Arterial,3,Urban,Other Road,2,Other Wayne,100-199,100-199,200-499,NT,1,1,17.8623417721519,11.3961038961039,8.45882982845502e-05,3.82536408638339e-05
18096,0,82-1753,2019,446,432,14,10,1,5,Major Collector,4,Suburban,Other Road,2,Other Wayne,0-99,0-99,0-99,AM,1,1,2.10526315789474,0,9.96961262073201e-06,0
18096,0,82-1753,2019,446,432,14,10,1,5,Major Collector,4,Suburban,Other Road,2,Other Wayne,0-99,0-99,0-99,MD,1,1,3.15789473684211,0.5,1.4954418931098e-05,1.67836486980924e-06
18096,0,82-1753,2019,446,432,14,10,1,5,Major Collector,4,Suburban,Other Road,2,Other Wayne,0-99,0-99,0-99,PM,1,1,3.68421052631579,0.5,1.7446822086281e-05,1.67836486980924e-06
18096,0,82-1753,2019,446,432,14,10,1,5,Major Collector,4,Suburban,Other Road,2,Other Wayne,0-99,0-99,0-99,EV,1,1,0,0,0,0
18096,0,82-1753,2019,446,432,14,10,1,5,Major Collector,4,Suburban,Other Road,2,Other Wayne,0-99,0-99,0-99,NT,1,1,1.05263157894737,0,4.984806310366e-06,0
18110,0,82-1146,2018,3103,3065,37,22,17,4,Minor Arterial,4,Suburban,Other Road,2,Other Wayne,0-99,0-99,0-99,AM,1,1,2.61904761904762,1.64516129032258,1.24026728436487e-05,5.52236182969491e-06
18110,0,82-1146,2018,3103,3065,37,22,17,4,Minor Arterial,4,Suburban,Other Road,2,Other Wayne,0-99,0-99,0-99,MD,1,1,11.7857142857143,8.2258064516129,5.58120277964194e-05,2.76118091484745e-05
18110,0,82-1146,2018,3103,3065,37,22,17,4,Minor Arterial,4,Suburban,Other Road,2,Other Wayne,0-99,0-99,0-99,PM,1,1,5.23809523809524,4.11290322580645,2.48053456872975e-05,1.38059045742373e-05
18110,0,82-1146,2018,3103,3065,37,22,17,4,Minor Arterial,4,Suburban,Other Road,2,Other Wayne,0-99,0-99,0-99,EV,1,1,1.30952380952381,1.91935483870968,6.20133642182437e-06,6.44275546797739e-06
18110,0,82-1146,2018,3103,3065,37,22,17,4,Minor Arterial,4,Suburban,Other Road,2,Other Wayne,0-99,0-99,0-99,NT,1,1,1.04761904761905,1.09677419354839,4.9610691374595e-06,3.68157455312994e-06
18175,0,82-1325,2019,14046,13912,134,84,45,3,Principal Arterial,3,Urban,Freeway/Prin. Art.,2,Other Wayne,0-99,0-99,100-199,AM,1,1,13.75,11.7732558139535,6.51140324291559e-05,3.95196379228338e-05
18175,0,82-1325,2019,14046,13912,134,84,45,3,Principal Arterial,3,Urban,Freeway/Prin. Art.,2,Other Wayne,0-99,0-99,100-199,MD,1,1,34.75,15.1744186046512,0.000164560918320958,5.09364222116524e-05
18175,0,82-1325,2019,14046,13912,134,84,45,3,Principal Arterial,3,Urban,Freeway/Prin. Art.,2,Other Wayne,0-99,0-99,100-199,PM,1,1,24.25,9.68023255813953,0.000114837475375057,3.249392451433e-05
18175,0,82-1325,2019,14046,13912,134,84,45,3,Principal Arterial,3,Urban,Freeway/Prin. Art.,2,Other Wayne,0-99,0-99,100-199,EV,1,1,5.5,4.44767441860465,2.60456129716624e-05,1.49296409930705e-05
18175,0,82-1325,2019,14046,13912,134,84,45,3,Principal Arterial,3,Urban,Freeway/Prin. Art.,2,Other Wayne,0-99,0-99,100-199,NT,1,1,5.75,3.92441860465116,2.72295044703743e-05,1.31732126409446e-05
18180,1,63-5057,2018,15151,14814,336,218,123,3,Principal Arterial,3,Urban,Freeway/Prin. Art.,3,Oakland,100-199,200-499,200-499,AM,1,1,56.258064516129,26.6838842975207,0.000266413777258529,8.9570587990026e-05
18180,1,63-5057,2018,15151,14814,336,218,123,3,Principal Arterial,3,Urban,Freeway/Prin. Art.,3,Oakland,100-199,200-499,200-499,MD,1,1,96.4423963133641,40.1528925619835,0.000456709332443192,0.000134782408594515
18180,1,63-5057,2018,15151,14814,336,218,123,3,Principal Arterial,3,Urban,Freeway/Prin. Art.,3,Oakland,100-199,200-499,200-499,PM,1,1,55.0023041474654,40.1528925619835,0.000260467041159008,0.000134782408594515
18180,1,63-5057,2018,15151,14814,336,218,123,3,Principal Arterial,3,Urban,Freeway/Prin. Art.,3,Oakland,100-199,200-499,200-499,EV,1,1,2.76267281105991,8.6404958677686,1.30828194189456e-05,2.90038094443894e-05
18180,1,63-5057,2018,15151,14814,336,218,123,3,Principal Arterial,3,Urban,Freeway/Prin. Art.,3,Oakland,100-199,200-499,200-499,NT,1,1,7.53456221198157,7.3698347107438,3.56804165971244e-05,2.47385433496262e-05
18229,1,82-1331,2019,16184,15793,391,259,119,3,Principal Arterial,3,Urban,Freeway/Prin. Art.,2,Other Wayne,100-199,200-499,200-499,AM,1,1,53.5,18.5,0.000253352780724352,6.20995001829418e-05
18229,1,82-1331,2019,16184,15793,391,259,119,3,Principal Arterial,3,Urban,Freeway/Prin. Art.,2,Other Wayne,100-199,200-499,200-499,MD,1,1,124.5,41.5,0.000589577966358539,0.000139304284194167
18229,1,82-1331,2019,16184,15793,391,259,119,3,Principal Arterial,3,Urban,Freeway/Prin. Art.,2,Other Wayne,100-199,200-499,200-499,PM,1,1,54,20.5,0.000255720563721776,6.88129596621787e-05
18229,1,82-1331,2019,16184,15793,391,259,119,3,Principal Arterial,3,Urban,Freeway/Prin. Art.,2,Other Wayne,100-199,200-499,200-499,EV,1,1,12.5,14,5.91945749355963e-05,4.69942163546586e-05
18229,1,82-1331,2019,16184,15793,391,259,119,3,Principal Arterial,3,Urban,Freeway/Prin. Art.,2,Other Wayne,100-199,200-499,200-499,NT,1,1,14.5,24.5,6.86657069252917e-05,8.22398786206526e-05
18254,1,82-1571,2019,24468,23888,580,287,282,3,Principal Arterial,4,Suburban,Freeway/Prin. Art.,2,Other Wayne,200-499,200-499,500-999,AM,1,1,37.5,37,0.000177583724806789,0.000124199000365884
18254,1,82-1571,2019,24468,23888,580,287,282,3,Principal Arterial,4,Suburban,Freeway/Prin. Art.,2,Other Wayne,200-499,200-499,500-999,MD,1,1,137,102,0.000648772541294135,0.000342386433441084
18254,1,82-1571,2019,24468,23888,580,287,282,3,Principal Arterial,4,Suburban,Freeway/Prin. Art.,2,Other Wayne,200-499,200-499,500-999,PM,1,1,62.5,51.5,0.000295972874677982,0.000172871581590351
18254,1,82-1571,2019,24468,23888,580,287,282,3,Principal Arterial,4,Suburban,Freeway/Prin. Art.,2,Other Wayne,200-499,200-499,500-999,EV,1,1,19.5,21.5,9.23435368995302e-05,7.21696894017972e-05
18254,1,82-1571,2019,24468,23888,580,287,282,3,Principal Arterial,4,Suburban,Freeway/Prin. Art.,2,Other Wayne,200-499,200-499,500-999,NT,1,1,30.5,70,0.000144434762842855,0.000234971081773293
18262,0,82-1573,2018,601,584,16,7,9,5,Major Collector,5,Rural,Other Road,2,Other Wayne,0-99,0-99,0-99,AM,1,1,1,1.58823529411765,4.7355659948477e-06,5.3312766452764e-06
18262,0,82-1573,2018,601,584,16,7,9,5,Major Collector,5,Rural,Other Road,2,Other Wayne,0-99,0-99,0-99,MD,1,1,4,4.23529411764706,1.89422639793908e-05,1.42167377207371e-05
18262,0,82-1573,2018,601,584,16,7,9,5,Major Collector,5,Rural,Other Road,2,Other Wayne,0-99,0-99,0-99,PM,1,1,1.75,2.64705882352941,8.28724049098348e-06,8.88546107546067e-06
18262,0,82-1573,2018,601,584,16,7,9,5,Major Collector,5,Rural,Other Road,2,Other Wayne,0-99,0-99,0-99,EV,1,1,0.25,0,1.18389149871193e-06,0
18262,0,82-1573,2018,601,584,16,7,9,5,Major Collector,5,Rural,Other Road,2,Other Wayne,0-99,0-99,0-99,NT,1,1,0,0.529411764705882,0,1.77709221509213e-06
18266,0,82-1122,2018,6325,6226,98,59,38,5,Major Collector,4,Suburban,Other Road,2,Other Wayne,0-99,0-99,0-99,AM,1,1,10.6810344827586,5.46575342465753,5.05807436863475e-05,1.83470570699695e-05
18266,0,82-1122,2018,6325,6226,98,59,38,5,Major Collector,4,Suburban,Other Road,2,Other Wayne,0-99,0-99,0-99,MD,1,1,24.6681034482759,20.041095890411,0.000116817431847041,6.72725425898881e-05
18266,0,82-1122,2018,6325,6226,98,59,38,5,Major Collector,4,Suburban,Other Road,2,Other Wayne,0-99,0-99,0-99,PM,1,1,21.3620689655172,8.58904109589041,0.000101161487372695,2.88310896813806e-05
18266,0,82-1122,2018,6325,6226,98,59,38,5,Major Collector,4,Suburban,Other Road,2,Other Wayne,0-99,0-99,0-99,EV,1,1,1.27155172413793,2.6027397260274,6.02151710551756e-06,8.7366938428426e-06
18266,0,82-1122,2018,6325,6226,98,59,38,5,Major Collector,4,Suburban,Other Road,2,Other Wayne,0-99,0-99,0-99,NT,1,1,1.01724137931034,1.3013698630137,4.81721368441404e-06,4.3683469214213e-06
18274,1,82-1272,2019,20487,19911,576,378,112,3,Principal Arterial,3,Urban,Freeway/Prin. Art.,2,Other Wayne,100-199,200-499,200-499,AM,1,1,71,16.5,0.000336225185634187,5.53860407037048e-05
18274,1,82-1272,2019,20487,19911,576,378,112,3,Principal Arterial,3,Urban,Freeway/Prin. Art.,2,Other Wayne,100-199,200-499,200-499,MD,1,1,174,52,0.000823988483103501,0.000174549946460161
18274,1,82-1272,2019,20487,19911,576,378,112,3,Principal Arterial,3,Urban,Freeway/Prin. Art.,2,Other Wayne,100-199,200-499,200-499,PM,1,1,91.5,27.5,0.000433304288528565,9.2310067839508e-05
18274,1,82-1272,2019,20487,19911,576,378,112,3,Principal Arterial,3,Urban,Freeway/Prin. Art.,2,Other Wayne,100-199,200-499,200-499,EV,1,1,19.5,8.5,9.23435368995302e-05,2.8532202786757e-05
18274,1,82-1272,2019,20487,19911,576,378,112,3,Principal Arterial,3,Urban,Freeway/Prin. Art.,2,Other Wayne,100-199,200-499,200-499,NT,1,1,22,7.5,0.00010418245188665,2.51754730471386e-05
18285,1,82-1499,2019,2128,1970,158,94,63,5,Major Collector,4,Suburban,Other Road,2,Other Wayne,0-99,0-99,100-199,AM,1,1,20.8609625668449,13.7177419354839,9.87884649513417e-05,4.60467523152502e-05
18285,1,82-1499,2019,2128,1970,158,94,63,5,Major Collector,4,Suburban,Other Road,2,Other Wayne,0-99,0-99,100-199,MD,1,1,34.1818181818182,23.3709677419355,0.000161870255823885,7.84500224630189e-05
18285,1,82-1499,2019,2128,1970,158,94,63,5,Major Collector,4,Suburban,Other Road,2,Other Wayne,0-99,0-99,100-199,PM,1,1,26.3903743315508,12.4475806451613,0.000124973359275794,4.17831641379122e-05
18285,1,82-1499,2019,2128,1970,158,94,63,5,Major Collector,4,Suburban,Other Road,2,Other Wayne,0-99,0-99,100-199,EV,1,1,7.28877005347594,3.30241935483871,3.45164516095049e-05,1.10853292610788e-05
18285,1,82-1499,2019,2128,1970,158,94,63,5,Major Collector,4,Suburban,Other Road,2,Other Wayne,0-99,0-99,100-199,NT,1,1,5.27807486631016,10.1612903225806,2.49946718551587e-05,3.41087054187038e-05
18301,0,82-1194,2019,13254,12987,267,87,16,3,Principal Arterial,3,Urban,Freeway/Prin. Art.,1,Detroit,0-99,0-99,100-199,AM,1,1,12,5,5.68267919381725e-05,1.67836486980924e-05
18301,0,82-1194,2019,13254,12987,267,87,16,3,Principal Arterial,3,Urban,Freeway/Prin. Art.,1,Detroit,0-99,0-99,100-199,MD,1,1,42,4,0.000198893771783604,1.34269189584739e-05
18301,0,82-1194,2019,13254,12987,267,87,16,3,Principal Arterial,3,Urban,Freeway/Prin. Art.,1,Detroit,0-99,0-99,100-199,PM,1,1,21.5,6,0.000101814668889226,2.01403784377108e-05
18301,0,82-1194,2019,13254,12987,267,87,16,3,Principal Arterial,3,Urban,Freeway/Prin. Art.,1,Detroit,0-99,0-99,100-199,EV,1,1,8.5,1,4.02523109562055e-05,3.35672973961847e-06
18301,0,82-1194,2019,13254,12987,267,87,16,3,Principal Arterial,3,Urban,Freeway/Prin. Art.,1,Detroit,0-99,0-99,100-199,NT,1,1,3,0,1.42066979845431e-05,0
18302,0,82-1118,2018,23303,22958,345,180,36,3,Principal Arterial,3,Urban,Freeway/Prin. Art.,1,Detroit,0-99,100-199,200-499,AM,1,1,20.3478260869565,4,9.63584732864663e-05,1.34269189584739e-05
18302,0,82-1118,2018,23303,22958,345,180,36,3,Principal Arterial,3,Urban,Freeway/Prin. Art.,1,Detroit,0-99,100-199,200-499,MD,1,1,81.3913043478261,22.5,0.000385433893145865,7.55264191414157e-05
18302,0,82-1118,2018,23303,22958,345,180,36,3,Principal Arterial,3,Urban,Freeway/Prin. Art.,1,Detroit,0-99,100-199,200-499,PM,1,1,44.3478260869565,6,0.000210012057162811,2.01403784377108e-05
18302,0,82-1118,2018,23303,22958,345,180,36,3,Principal Arterial,3,Urban,Freeway/Prin. Art.,1,Detroit,0-99,100-199,200-499,EV,1,1,16.1739130434783,3.5,7.65926326123194e-05,1.17485540886647e-05
18302,0,82-1118,2018,23303,22958,345,180,36,3,Principal Arterial,3,Urban,Freeway/Prin. Art.,1,Detroit,0-99,100-199,200-499,NT,1,1,17.7391304347826,0,8.40048228651245e-05,0
18350,1,82-5821,2018,12730,11894,835,233,542,3,Principal Arterial,3,Urban,Freeway/Prin. Art.,1,Detroit,500-999,200-499,500-999,AM,1,1,33.5720430107527,77.3927911275416,0.000158982625259285,0.0002597866836099
18350,1,82-5821,2018,12730,11894,835,233,542,3,Principal Arterial,3,Urban,Freeway/Prin. Art.,1,Detroit,500-999,200-499,500-999,MD,1,1,85.4333333333334,173.069316081331,0.000404575188159822,0.000580946920305633
18350,1,82-5821,2018,12730,11894,835,233,542,3,Principal Arterial,3,Urban,Freeway/Prin. Art.,1,Detroit,500-999,200-499,500-999,PM,1,1,60.6301075268817,167.058225508318,0.000287117875468261,0.00056076931381166
18350,1,82-5821,2018,12730,11894,835,233,542,3,Principal Arterial,3,Urban,Freeway/Prin. Art.,1,Detroit,500-999,200-499,500-999,EV,1,1,24.8032258064516,82.1515711645102,0.000117457312691561,0.000275760622084295
18350,1,82-5821,2018,12730,11894,835,233,542,3,Principal Arterial,3,Urban,Freeway/Prin. Art.,1,Detroit,500-999,200-499,500-999,NT,1,1,28.5612903225807,42.3280961182994,0.000135253875220586,0.000142083979061725
18373,1,82-1150,2018,1964,1813,150,32,120,4,Minor Arterial,4,Suburban,Other Road,2,Other Wayne,100-199,0-99,100-199,AM,1,1,4.38709677419355,10.9090909090909,2.0775386299977e-05,3.6618869886747e-05
18373,1,82-1150,2018,1964,1813,150,32,120,4,Minor Arterial,4,Suburban,Other Road,2,Other Wayne,100-199,0-99,100-199,MD,1,1,13.9354838709677,52.3140495867769,6.59924035411035e-05,0.000175604126047809
18373,1,82-1150,2018,1964,1813,150,32,120,4,Minor Arterial,4,Suburban,Other Road,2,Other Wayne,100-199,0-99,100-199,PM,1,1,3.09677419354839,34.9586776859504,1.46649785646897e-05,0.000117346833046167
18373,1,82-1150,2018,1964,1813,150,32,120,4,Minor Arterial,4,Suburban,Other Road,2,Other Wayne,100-199,0-99,100-199,EV,1,1,5.67741935483871,10.9090909090909,2.68857940352644e-05,3.6618869886747e-05
18373,1,82-1150,2018,1964,1813,150,32,120,4,Minor Arterial,4,Suburban,Other Road,2,Other Wayne,100-199,0-99,100-199,NT,1,1,4.90322580645161,10.9090909090909,2.3219549394092e-05,3.6618869886747e-05
18382,0,82-1864,2019,11833.5,11705.5,128,77,15,3,Principal Arterial,3,Urban,Freeway/Prin. Art.,2,Other Wayne,0-99,0-99,0-99,AM,1,1,11.75,3.38709677419355,5.56429004394605e-05,1.13695684729013e-05
18382,0,82-1864,2019,11833.5,11705.5,128,77,15,3,Principal Arterial,3,Urban,Freeway/Prin. Art.,2,Other Wayne,0-99,0-99,0-99,MD,1,1,37.75,9.67741935483871,0.000178767616305501,3.24844813511465e-05
18382,0,82-1864,2019,11833.5,11705.5,128,77,15,3,Principal Arterial,3,Urban,Freeway/Prin. Art.,2,Other Wayne,0-99,0-99,0-99,PM,1,1,17,1.93548387096774,8.0504621912411e-05,6.49689627022931e-06
18382,0,82-1864,2019,11833.5,11705.5,128,77,15,3,Principal Arterial,3,Urban,Freeway/Prin. Art.,2,Other Wayne,0-99,0-99,0-99,EV,1,1,5.25,0,2.48617214729505e-05,0
18382,0,82-1864,2019,11833.5,11705.5,128,77,15,3,Principal Arterial,3,Urban,Freeway/Prin. Art.,2,Other Wayne,0-99,0-99,0-99,NT,1,1,5.25,0,2.48617214729505e-05,0
18411,1,63-5055,2018,14071,13752,318,200,116,3,Principal Arterial,4,Suburban,Freeway/Prin. Art.,2,Other Wayne,100-199,200-499,200-499,AM,1,1,49.748743718593,16.5350877192982,0.000235588459040162,5.55038206945686e-05
18411,1,63-5055,2018,14071,13752,318,200,116,3,Principal Arterial,4,Suburban,Freeway/Prin. Art.,2,Other Wayne,100-199,200-499,200-499,MD,1,1,77.6381909547739,43.7543859649123,0.00036766077698692,0.000146871648607166
18411,1,63-5055,2018,14071,13752,318,200,116,3,Principal Arterial,4,Suburban,Freeway/Prin. Art.,2,Other Wayne,100-199,200-499,200-499,PM,1,1,52.0100502512563,42.2280701754386,0.00024629702536017,0.000141748219004591
18411,1,63-5055,2018,14071,13752,318,200,116,3,Principal Arterial,4,Suburban,Freeway/Prin. Art.,2,Other Wayne,100-199,200-499,200-499,EV,1,1,5.0251256281407,5.59649122807018,2.37968140444608e-05,1.87859085427771e-05
18411,1,63-5055,2018,14071,13752,318,200,116,3,Principal Arterial,4,Suburban,Freeway/Prin. Art.,2,Other Wayne,100-199,200-499,200-499,NT,1,1,15.5778894472362,7.8859649122807,7.37701235378286e-05,2.64710529466404e-05
18417,1,82-1275,2019,9967,9340,627,247,380,3,Principal Arterial,3,Urban,Freeway/Prin. Art.,2,Other Wayne,200-499,200-499,500-999,AM,1,1,51.6683673469388,57.4535809018568,0.000244678963417463,0.000192856143660839
18417,1,82-1275,2019,9967,9340,627,247,380,3,Principal Arterial,3,Urban,Freeway/Prin. Art.,2,Other Wayne,200-499,200-499,500-999,MD,1,1,109.133673469388,152.705570291777,0.000516809712974446,0.000512591329203808
18417,1,82-1275,2019,9967,9340,627,247,380,3,Principal Arterial,3,Urban,Freeway/Prin. Art.,2,Other Wayne,200-499,200-499,500-999,PM,1,1,62.2540816326531,64.0053050397878,0.000294808312020065,0.000214848510920408
18417,1,82-1275,2019,9967,9340,627,247,380,3,Principal Arterial,3,Urban,Freeway/Prin. Art.,2,Other Wayne,200-499,200-499,500-999,EV,1,1,13.1061224489796,38.3023872679045,6.20649077936979e-05,0.000128570762440559
18417,1,82-1275,2019,9967,9340,627,247,380,3,Principal Arterial,3,Urban,Freeway/Prin. Art.,2,Other Wayne,200-499,200-499,500-999,NT,1,1,10.8377551020408,67.5331564986737,5.13229045217117e-05,0.000226690554829407
18445,1,82-1332,2019,14606,14141,465,310,135,3,Principal Arterial,3,Urban,Freeway/Prin. Art.,2,Other Wayne,100-199,200-499,200-499,AM,1,1,42.5,21.5,0.000201261554781027,7.21696894017972e-05
18445,1,82-1332,2019,14606,14141,465,310,135,3,Principal Arterial,3,Urban,Freeway/Prin. Art.,2,Other Wayne,100-199,200-499,200-499,MD,1,1,126,54,0.000596681315350811,0.000181263405939398
18445,1,82-1332,2019,14606,14141,465,310,135,3,Principal Arterial,3,Urban,Freeway/Prin. Art.,2,Other Wayne,100-199,200-499,200-499,PM,1,1,86,41,0.000407258675556903,0.000137625919324357
18445,1,82-1332,2019,14606,14141,465,310,135,3,Principal Arterial,3,Urban,Freeway/Prin. Art.,2,Other Wayne,100-199,200-499,200-499,EV,1,1,20,6,9.47113198969541e-05,2.01403784377108e-05
18445,1,82-1332,2019,14606,14141,465,310,135,3,Principal Arterial,3,Urban,Freeway/Prin. Art.,2,Other Wayne,100-199,200-499,200-499,NT,1,1,35.5,12.5,0.000168112592817094,4.19591217452309e-05
18478,1,82-1806,2019,19286.5,19026.5,260,181,59,3,Principal Arterial,3,Urban,Freeway/Prin. Art.,2,Other Wayne,0-99,100-199,200-499,AM,1,1,37,8.67647058823529,0.000175215941809365,2.91245668584544e-05
18478,1,82-1806,2019,19286.5,19026.5,260,181,59,3,Principal Arterial,3,Urban,Freeway/Prin. Art.,2,Other Wayne,0-99,100-199,200-499,MD,1,1,80.5,28.7563025210084,0.00038121306258524,9.65271358737346e-05
18478,1,82-1806,2019,19286.5,19026.5,260,181,59,3,Principal Arterial,3,Urban,Freeway/Prin. Art.,2,Other Wayne,0-99,100-199,200-499,PM,1,1,37.75,10.6596638655462,0.000178767616305501,3.57816107118154e-05
18478,1,82-1806,2019,19286.5,19026.5,260,181,59,3,Principal Arterial,3,Urban,Freeway/Prin. Art.,2,Other Wayne,0-99,100-199,200-499,EV,1,1,10.25,3.22268907563025,4.8539551447189e-05,1.08176962617116e-05
18478,1,82-1806,2019,19286.5,19026.5,260,181,59,3,Principal Arterial,3,Urban,Freeway/Prin. Art.,2,Other Wayne,0-99,100-199,200-499,NT,1,1,15.5,7.68487394957983,7.34012729201394e-05,2.57960449317739e-05
18498,0,82-1327,2019,13503,13323,180,130,31,3,Principal Arterial,3,Urban,Freeway/Prin. Art.,2,Other Wayne,0-99,100-199,100-199,AM,1,1,29.5,6,0.000139699196848007,2.01403784377108e-05
18498,0,82-1327,2019,13503,13323,180,130,31,3,Principal Arterial,3,Urban,Freeway/Prin. Art.,2,Other Wayne,0-99,100-199,100-199,MD,1,1,49.5,16.5,0.000234410516744961,5.53860407037048e-05
18498,0,82-1327,2019,13503,13323,180,130,31,3,Principal Arterial,3,Urban,Freeway/Prin. Art.,2,Other Wayne,0-99,100-199,100-199,PM,1,1,36.5,5.5,0.000172848158811941,1.84620135679016e-05
18498,0,82-1327,2019,13503,13323,180,130,31,3,Principal Arterial,3,Urban,Freeway/Prin. Art.,2,Other Wayne,0-99,100-199,100-199,EV,1,1,9,0,4.26200939536293e-05,0
18498,0,82-1327,2019,13503,13323,180,130,31,3,Principal Arterial,3,Urban,Freeway/Prin. Art.,2,Other Wayne,0-99,100-199,100-199,NT,1,1,5.5,3,2.60456129716624e-05,1.00701892188554e-05
18557,0,82-1525,2018,8768,8708,59,40,24,4,Minor Arterial,4,Suburban,Other Road,2,Other Wayne,0-99,0-99,0-99,AM,1,1,5.12820512820513,2.93333333333333,2.42849538197318e-05,9.84640723621419e-06
18557,0,82-1525,2018,8768,8708,59,40,24,4,Minor Arterial,4,Suburban,Other Road,2,Other Wayne,0-99,0-99,0-99,MD,1,1,20.7692307692308,9.6,9.83540629699139e-05,3.22246055003374e-05
18557,0,82-1525,2018,8768,8708,59,40,24,4,Minor Arterial,4,Suburban,Other Road,2,Other Wayne,0-99,0-99,0-99,PM,1,1,8.46153846153846,3.46666666666667,4.00701738025575e-05,1.1636663097344e-05
18557,0,82-1525,2018,8768,8708,59,40,24,4,Minor Arterial,4,Suburban,Other Road,2,Other Wayne,0-99,0-99,0-99,EV,1,1,2.56410256410256,4.53333333333333,1.21424769098659e-05,1.52171748196038e-05
18557,0,82-1525,2018,8768,8708,59,40,24,4,Minor Arterial,4,Suburban,Other Road,2,Other Wayne,0-99,0-99,0-99,NT,1,1,3.07692307692308,3.46666666666667,1.45709722918391e-05,1.1636663097344e-05
18559,1,82-1413,2019,17362,16604,758,336,252,3,Principal Arterial,3,Urban,Freeway/Prin. Art.,2,Other Wayne,200-499,200-499,500-999,AM,1,1,66.5,45.5,0.000314915138657372,0.000152731203152641
18559,1,82-1413,2019,17362,16604,758,336,252,3,Principal Arterial,3,Urban,Freeway/Prin. Art.,2,Other Wayne,200-499,200-499,500-999,MD,1,1,133.5,97,0.000632198060312169,0.000325602784742992
18559,1,82-1413,2019,17362,16604,758,336,252,3,Principal Arterial,3,Urban,Freeway/Prin. Art.,2,Other Wayne,200-499,200-499,500-999,PM,1,1,76,59.5,0.000359903015608426,0.000199725419507299
18559,1,82-1413,2019,17362,16604,758,336,252,3,Principal Arterial,3,Urban,Freeway/Prin. Art.,2,Other Wayne,200-499,200-499,500-999,EV,1,1,25.5,22.5,0.000120756932868616,7.55264191414157e-05
18559,1,82-1413,2019,17362,16604,758,336,252,3,Principal Arterial,3,Urban,Freeway/Prin. Art.,2,Other Wayne,200-499,200-499,500-999,NT,1,1,34.5,27.5,0.000163377026822246,9.2310067839508e-05
18579,1,82-6429,2017,12891,12330,560,301,252,4,Minor Arterial,4,Suburban,Other Road,2,Other Wayne,200-499,200-499,500-999,AM,1,1,57.8460898502496,32.5,0.000273933976029747,0.0001090937165376
18579,1,82-6429,2017,12891,12330,560,301,252,4,Minor Arterial,4,Suburban,Other Road,2,Other Wayne,200-499,200-499,500-999,MD,1,1,111.435108153078,89.5,0.000527708308801893,0.000300427311695853
18579,1,82-6429,2017,12891,12330,560,301,252,4,Minor Arterial,4,Suburban,Other Road,2,Other Wayne,200-499,200-499,500-999,PM,1,1,86.8943427620632,91.25,0.000411493894728667,0.000306301588740186
18579,1,82-6429,2017,12891,12330,560,301,252,4,Minor Arterial,4,Suburban,Other Road,2,Other Wayne,200-499,200-499,500-999,EV,1,1,9.51580698835274,15.25,4.50627319875774e-05,5.11901285291817e-05
18579,1,82-6429,2017,12891,12330,560,301,252,4,Minor Arterial,4,Suburban,Other Road,2,Other Wayne,200-499,200-499,500-999,NT,1,1,35.3086522462562,23.5,0.000167206452901274,7.88831488810341e-05
18656,1,82-6410,2019,4822,4509,313,163,148,4,Minor Arterial,4,Suburban,Other Road,2,Other Wayne,100-199,100-199,200-499,AM,1,1,37.75,26.9319727891157,0.000178767616305501,9.040335400782e-05
18656,1,82-6410,2019,4822,4509,313,163,148,4,Minor Arterial,4,Suburban,Other Road,2,Other Wayne,100-199,100-199,200-499,MD,1,1,65,68.9659863945578,0.000307811789665101,0.000231500177552735
18656,1,82-6410,2019,4822,4509,313,163,148,4,Minor Arterial,4,Suburban,Other Road,2,Other Wayne,100-199,100-199,200-499,PM,1,1,38.25,32.2176870748299,0.000181135399302925,0.000108146068345803
18656,1,82-6410,2019,4822,4509,313,163,148,4,Minor Arterial,4,Suburban,Other Road,2,Other Wayne,100-199,100-199,200-499,EV,1,1,6.25,5.5374149659864,2.95972874677982e-05,1.8587605496935e-05
18656,1,82-6410,2019,4822,4509,313,163,148,4,Minor Arterial,4,Suburban,Other Road,2,Other Wayne,100-199,100-199,200-499,NT,1,1,15.75,14.3469387755102,7.45851644188513e-05,4.81587960602406e-05
18677,0,82-1242,2019,13908,13706.5,201,133,32,3,Principal Arterial,3,Urban,Freeway/Prin. Art.,2,Other Wayne,0-99,100-199,100-199,AM,1,1,22.9138576779026,5.16923076923077,0.000108510085230256,1.73517106540278e-05
18677,0,82-1242,2019,13908,13706.5,201,133,32,3,Principal Arterial,3,Urban,Freeway/Prin. Art.,2,Other Wayne,0-99,100-199,100-199,MD,1,1,62.5149812734082,14.7692307692308,0.000296043819486893,4.95763161543652e-05
18677,0,82-1242,2019,13908,13706.5,201,133,32,3,Principal Arterial,3,Urban,Freeway/Prin. Art.,2,Other Wayne,0-99,100-199,100-199,PM,1,1,29.6385767790262,6.4,0.000140355436330439,2.14830703335582e-05
18677,0,82-1242,2019,13908,13706.5,201,133,32,3,Principal Arterial,3,Urban,Freeway/Prin. Art.,2,Other Wayne,0-99,100-199,100-199,EV,1,1,7.47191011235955,2.46153846153846,3.53837234446486e-05,8.26271935906086e-06
18677,0,82-1242,2019,13908,13706.5,201,133,32,3,Principal Arterial,3,Urban,Freeway/Prin. Art.,2,Other Wayne,0-99,100-199,100-199,NT,1,1,10.4606741573034,3.2,4.9537212822508e-05,1.07415351667791e-05
18718,0,82-6346,2019,15166,14992.5,173,127,31,3,Principal Arterial,3,Urban,Freeway/Prin. Art.,2,Other Wayne,0-99,100-199,100-199,AM,1,1,18.178431372549,12.0555555555556,8.60851614475158e-05,4.0467241860956e-05
18718,0,82-6346,2019,15166,14992.5,173,127,31,3,Principal Arterial,3,Urban,Freeway/Prin. Art.,2,Other Wayne,0-99,100-199,100-199,MD,1,1,70.9705882352941,12.7936507936508,0.000336085904281397,4.29448280973411e-05
18718,0,82-6346,2019,15166,14992.5,173,127,31,3,Principal Arterial,3,Urban,Freeway/Prin. Art.,2,Other Wayne,0-99,100-199,100-199,PM,1,1,26.1470588235294,3.1984126984127,0.000123821122629989,1.07362070243353e-05
18718,0,82-6346,2019,15166,14992.5,173,127,31,3,Principal Arterial,3,Urban,Freeway/Prin. Art.,2,Other Wayne,0-99,100-199,100-199,EV,1,1,6.47450980392157,0.246031746031746,3.06604684607591e-05,8.25862078795021e-07
18718,0,82-6346,2019,15166,14992.5,173,127,31,3,Principal Arterial,3,Urban,Freeway/Prin. Art.,2,Other Wayne,0-99,100-199,100-199,NT,1,1,5.22941176470588,2.70634920634921,2.47642245259977e-05,9.08448286674524e-06
18736,0,82-1588,2018,4125,4072,52,38,17,5,Major Collector,4,Suburban,Other Road,2,Other Wayne,0-99,0-99,0-99,AM,1,1,5.46575342465753,1.8030303030303,2.58834360540306e-05,6.05228543961513e-06
18736,0,82-1588,2018,4125,4072,52,38,17,5,Major Collector,4,Suburban,Other Road,2,Other Wayne,0-99,0-99,0-99,MD,1,1,14.3150684931507,6.18181818181818,6.77899515700802e-05,2.07506929358233e-05
18736,0,82-1588,2018,4125,4072,52,38,17,5,Major Collector,4,Suburban,Other Road,2,Other Wayne,0-99,0-99,0-99,PM,1,1,13.013698630137,4.37878787878788,6.16272287000729e-05,1.46984074962082e-05
18736,0,82-1588,2018,4125,4072,52,38,17,5,Major Collector,4,Suburban,Other Road,2,Other Wayne,0-99,0-99,0-99,EV,1,1,3.9041095890411,2.31818181818182,1.84881686100219e-05,7.78150985093374e-06
18736,0,82-1588,2018,4125,4072,52,38,17,5,Major Collector,4,Suburban,Other Road,2,Other Wayne,0-99,0-99,0-99,NT,1,1,1.3013698630137,2.31818181818182,6.16272287000729e-06,7.78150985093374e-06
18767,0,82-1377,2019,9069,8946,123,80,39,3,Principal Arterial,3,Urban,Freeway/Prin. Art.,2,Other Wayne,0-99,0-99,100-199,AM,1,1,46.0188087774295,14.75,0.000217925105969794,4.95117636593725e-05
18767,0,82-1377,2019,9069,8946,123,80,39,3,Principal Arterial,3,Urban,Freeway/Prin. Art.,2,Other Wayne,0-99,0-99,100-199,MD,1,1,23.6990595611285,13.75,0.000112228460567551,4.6155033919754e-05
18767,0,82-1377,2019,9069,8946,123,80,39,3,Principal Arterial,3,Urban,Freeway/Prin. Art.,2,Other Wayne,0-99,0-99,100-199,PM,1,1,6.64576802507837,7.75,3.14714730692073e-05,2.60146554820432e-05
18767,0,82-1377,2019,9069,8946,123,80,39,3,Principal Arterial,3,Urban,Freeway/Prin. Art.,2,Other Wayne,0-99,0-99,100-199,EV,1,1,1.50470219435737,1.5,7.12561654397147e-06,5.03509460942771e-06
18767,0,82-1377,2019,9069,8946,123,80,39,3,Principal Arterial,3,Urban,Freeway/Prin. Art.,2,Other Wayne,0-99,0-99,100-199,NT,1,1,2.13166144200627,1.25,1.00946234372929e-05,4.19591217452309e-06
18797,0,82-1377,2019,9069,8946,123,80,39,3,Principal Arterial,3,Urban,Freeway/Prin. Art.,2,Other Wayne,0-99,0-99,100-199,AM,1,1,46.0188087774295,14.75,0.000217925105969794,4.95117636593725e-05
18797,0,82-1377,2019,9069,8946,123,80,39,3,Principal Arterial,3,Urban,Freeway/Prin. Art.,2,Other Wayne,0-99,0-99,100-199,MD,1,1,23.6990595611285,13.75,0.000112228460567551,4.6155033919754e-05
18797,0,82-1377,2019,9069,8946,123,80,39,3,Principal Arterial,3,Urban,Freeway/Prin. Art.,2,Other Wayne,0-99,0-99,100-199,PM,1,1,6.64576802507837,7.75,3.14714730692073e-05,2.60146554820432e-05
18797,0,82-1377,2019,9069,8946,123,80,39,3,Principal Arterial,3,Urban,Freeway/Prin. Art.,2,Other Wayne,0-99,0-99,100-199,EV,1,1,1.50470219435737,1.5,7.12561654397147e-06,5.03509460942771e-06
18797,0,82-1377,2019,9069,8946,123,80,39,3,Principal Arterial,3,Urban,Freeway/Prin. Art.,2,Other Wayne,0-99,0-99,100-199,NT,1,1,2.13166144200627,1.25,1.00946234372929e-05,4.19591217452309e-06
18808,1,82-1708,2019,5878,5374,504,204,292,4,Minor Arterial,4,Suburban,Other Road,2,Other Wayne,200-499,200-499,200-499,AM,1,1,35.356608478803,41.9686411149826,0.000167433552805363,0.000140877385762037
18808,1,82-1708,2019,5878,5374,504,204,292,4,Minor Arterial,4,Suburban,Other Road,2,Other Wayne,200-499,200-499,200-499,MD,1,1,91.0623441396509,129.721254355401,0.00043123174031885,0.000435439192355386
18808,1,82-1708,2019,5878,5374,504,204,292,4,Minor Arterial,4,Suburban,Other Road,2,Other Wayne,200-499,200-499,200-499,PM,1,1,46.8029925187032,82.1567944250871,0.000221638659828683,0.000275778155158411
18808,1,82-1708,2019,5878,5374,504,204,292,4,Minor Arterial,4,Suburban,Other Road,2,Other Wayne,200-499,200-499,200-499,EV,1,1,14.7531172069825,12.4634146341463,6.98643601633891e-05,4.18363145596351e-05
18808,1,82-1708,2019,5878,5374,504,204,292,4,Minor Arterial,4,Suburban,Other Road,2,Other Wayne,200-499,200-499,200-499,NT,1,1,16.0249376558604,25.6898954703833,7.58871498326468e-05,8.62340361331255e-05
18811,1,82-1123,2017,15247,14459,787,249,460,3,Principal Arterial,3,Urban,Freeway/Prin. Art.,1,Detroit,200-499,200-499,500-999,AM,1,1,30.9363636363636,29.8473282442748,0.000146501191640607,0.000100189414365712
18811,1,82-1123,2017,15247,14459,787,249,460,3,Principal Arterial,3,Urban,Freeway/Prin. Art.,1,Detroit,200-499,200-499,500-999,MD,1,1,89.0363636363636,145.725190839695,0.000421637575941258,0.000489160081903181
18811,1,82-1123,2017,15247,14459,787,249,460,3,Principal Arterial,3,Urban,Freeway/Prin. Art.,1,Detroit,200-499,200-499,500-999,PM,1,1,56.5909090909091,162.78080697928,0.000267989984708427,0.000546411175826445
18811,1,82-1123,2017,15247,14459,787,249,460,3,Principal Arterial,3,Urban,Freeway/Prin. Art.,1,Detroit,200-499,200-499,500-999,EV,1,1,34.4575757575758,90.7960741548528,0.000163176124022464,0.000304777882356199
18811,1,82-1123,2017,15247,14459,787,249,460,3,Principal Arterial,3,Urban,Freeway/Prin. Art.,1,Detroit,200-499,200-499,500-999,NT,1,1,37.9787878787879,30.8505997818975,0.000179851056404322,0.000103557125772963
18818,0,82-6283,2019,14744,14539,205,147,31,3,Principal Arterial,3,Urban,Freeway/Prin. Art.,2,Other Wayne,0-99,100-199,100-199,AM,1,1,24.5,6,0.000116021366873769,2.01403784377108e-05
18818,0,82-6283,2019,14744,14539,205,147,31,3,Principal Arterial,3,Urban,Freeway/Prin. Art.,2,Other Wayne,0-99,100-199,100-199,MD,1,1,75,12,0.000355167449613578,4.02807568754217e-05
18818,0,82-6283,2019,14744,14539,205,147,31,3,Principal Arterial,3,Urban,Freeway/Prin. Art.,2,Other Wayne,0-99,100-199,100-199,PM,1,1,33.5,12,0.000158641460827398,4.02807568754217e-05
18818,0,82-6283,2019,14744,14539,205,147,31,3,Principal Arterial,3,Urban,Freeway/Prin. Art.,2,Other Wayne,0-99,100-199,100-199,EV,1,1,12.5,0,5.91945749355963e-05,0
18818,0,82-6283,2019,14744,14539,205,147,31,3,Principal Arterial,3,Urban,Freeway/Prin. Art.,2,Other Wayne,0-99,100-199,100-199,NT,1,1,1.5,1,7.10334899227156e-06,3.35672973961847e-06
18835,1,82-6428,2017,11176,10853,322,191,132,4,Minor Arterial,4,Suburban,Other Road,2,Other Wayne,100-199,100-199,200-499,AM,1,1,46.7447368421053,21.2413793103448,0.000221362786227578,7.1301569641551e-05
18835,1,82-6428,2017,11176,10853,322,191,132,4,Minor Arterial,4,Suburban,Other Road,2,Other Wayne,100-199,100-199,200-499,MD,1,1,70.3684210526316,46.7816091954023,0.000333234301847967,0.000157033218853416
18835,1,82-6428,2017,11176,10853,322,191,132,4,Minor Arterial,4,Suburban,Other Road,2,Other Wayne,100-199,100-199,200-499,PM,1,1,49.2578947368421,48.0459770114943,0.000233264011293577,0.000161277359903508
18835,1,82-6428,2017,11176,10853,322,191,132,4,Minor Arterial,4,Suburban,Other Road,2,Other Wayne,100-199,100-199,200-499,EV,1,1,4.52368421052632,7.33333333333333,2.14222051187979e-05,2.46160180905355e-05
18835,1,82-6428,2017,11176,10853,322,191,132,4,Minor Arterial,4,Suburban,Other Road,2,Other Wayne,100-199,100-199,200-499,NT,1,1,20.1052631578947,8.59770114942529,9.52098005279907e-05,2.88601591406278e-05
18937,1,82-1240,2019,24894,24581,313,206,74,3,Principal Arterial,3,Urban,Freeway/Prin. Art.,2,Other Wayne,0-99,200-499,200-499,AM,1,1,30.5,26,0.000144434762842855,8.72749732300803e-05
18937,1,82-1240,2019,24894,24581,313,206,74,3,Principal Arterial,3,Urban,Freeway/Prin. Art.,2,Other Wayne,0-99,200-499,200-499,MD,1,1,103,28.5,0.000487763297469314,9.56667975791265e-05
18937,1,82-1240,2019,24894,24581,313,206,74,3,Principal Arterial,3,Urban,Freeway/Prin. Art.,2,Other Wayne,0-99,200-499,200-499,PM,1,1,54.5,10.5,0.0002580883467192,3.5245662265994e-05
18937,1,82-1240,2019,24894,24581,313,206,74,3,Principal Arterial,3,Urban,Freeway/Prin. Art.,2,Other Wayne,0-99,200-499,200-499,EV,1,1,4.5,1,2.13100469768147e-05,3.35672973961847e-06
18937,1,82-1240,2019,24894,24581,313,206,74,3,Principal Arterial,3,Urban,Freeway/Prin. Art.,2,Other Wayne,0-99,200-499,200-499,NT,1,1,13.5,8,6.3930140930444e-05,2.68538379169478e-05
18946,0,82-1480,2018,5863,5752,110,75,39,4,Minor Arterial,4,Suburban,Other Road,2,Other Wayne,0-99,0-99,100-199,AM,1,1,14.3456375838926,6.06081081081081,6.79347135166911e-05,2.03445038948498e-05
18946,0,82-1480,2018,5863,5752,110,75,39,4,Minor Arterial,4,Suburban,Other Road,2,Other Wayne,0-99,0-99,100-199,MD,1,1,30.2013422818792,14.7567567567568,0.000143020449508823,4.95344442657213e-05
18946,0,82-1480,2018,5863,5752,110,75,39,4,Minor Arterial,4,Suburban,Other Road,2,Other Wayne,0-99,0-99,100-199,PM,1,1,20.6375838926175,12.6486486486486,9.77306404976959e-05,4.24580950849039e-05
18946,0,82-1480,2018,5863,5752,110,75,39,4,Minor Arterial,4,Suburban,Other Road,2,Other Wayne,0-99,0-99,100-199,EV,1,1,4.02684563758389,3.16216216216216,1.90693932678431e-05,1.0614523771226e-05
18946,0,82-1480,2018,5863,5752,110,75,39,4,Minor Arterial,4,Suburban,Other Road,2,Other Wayne,0-99,0-99,100-199,NT,1,1,5.78859060402685,2.37162162162162,2.74122528225245e-05,7.96089282841949e-06
18962,1,82-1707,2018,12072,11956,115,17,101,3,Principal Arterial,3,Urban,Freeway/Prin. Art.,2,Other Wayne,100-199,0-99,100-199,AM,1,1,2.57575757575758,16.2412060301508,1.21976699867289e-05,5.45173392886779e-05
18962,1,82-1707,2018,12072,11956,115,17,101,3,Principal Arterial,3,Urban,Freeway/Prin. Art.,2,Other Wayne,100-199,0-99,100-199,MD,1,1,7.21212121212121,20.8090452261307,3.4153475962841e-05,6.98503409636186e-05
18962,1,82-1707,2018,12072,11956,115,17,101,3,Principal Arterial,3,Urban,Freeway/Prin. Art.,2,Other Wayne,100-199,0-99,100-199,PM,1,1,5.15151515151515,49.2311557788945,2.43953399734579e-05,0.000165255684718805
18962,1,82-1707,2018,12072,11956,115,17,101,3,Principal Arterial,3,Urban,Freeway/Prin. Art.,2,Other Wayne,100-199,0-99,100-199,EV,1,1,2.06060606060606,14.2110552763819,9.75813598938315e-06,4.77026718775932e-05
18962,1,82-1707,2018,12072,11956,115,17,101,3,Principal Arterial,3,Urban,Freeway/Prin. Art.,2,Other Wayne,100-199,0-99,100-199,NT,1,1,0,0.507537688442211,0,1.70366685277119e-06
19067,0,82-1162,2018,1582,1570,11,9,3,5,Major Collector,4,Suburban,Other Road,2,Other Wayne,0-99,0-99,0-99,AM,1,1,1.05882352941176,0,5.01412870042698e-06,0
19067,0,82-1162,2018,1582,1570,11,9,3,5,Major Collector,4,Suburban,Other Road,2,Other Wayne,0-99,0-99,0-99,MD,1,1,5.82352941176471,1.2,2.75777078523484e-05,4.02807568754217e-06
19067,0,82-1162,2018,1582,1570,11,9,3,5,Major Collector,4,Suburban,Other Road,2,Other Wayne,0-99,0-99,0-99,PM,1,1,1.32352941176471,1.5,6.26766087553373e-06,5.03509460942771e-06
19067,0,82-1162,2018,1582,1570,11,9,3,5,Major Collector,4,Suburban,Other Road,2,Other Wayne,0-99,0-99,0-99,EV,1,1,0.794117647058824,0.3,3.76059652532024e-06,1.00701892188554e-06
19067,0,82-1162,2018,1582,1570,11,9,3,5,Major Collector,4,Suburban,Other Road,2,Other Wayne,0-99,0-99,0-99,NT,1,1,0,0,0,0
19071,0,82-1112,2019,15373.5,15173.5,200,148,33,3,Principal Arterial,3,Urban,Freeway/Prin. Art.,2,Other Wayne,0-99,100-199,100-199,AM,1,1,26.25,8,0.000124308607364752,2.68538379169478e-05
19071,0,82-1112,2019,15373.5,15173.5,200,148,33,3,Principal Arterial,3,Urban,Freeway/Prin. Art.,2,Other Wayne,0-99,100-199,100-199,MD,1,1,81,15,0.000383580845582664,5.03509460942771e-05
19071,0,82-1112,2019,15373.5,15173.5,200,148,33,3,Principal Arterial,3,Urban,Freeway/Prin. Art.,2,Other Wayne,0-99,100-199,100-199,PM,1,1,26,4,0.00012312471586604,1.34269189584739e-05
19071,0,82-1112,2019,15373.5,15173.5,200,148,33,3,Principal Arterial,3,Urban,Freeway/Prin. Art.,2,Other Wayne,0-99,100-199,100-199,EV,1,1,6.5,1,3.07811789665101e-05,3.35672973961847e-06
19071,0,82-1112,2019,15373.5,15173.5,200,148,33,3,Principal Arterial,3,Urban,Freeway/Prin. Art.,2,Other Wayne,0-99,100-199,100-199,NT,1,1,8.25,5,3.90684194574936e-05,1.67836486980924e-05
19106,1,82-1410,2018,13221,12547,673,274,378,3,Principal Arterial,4,Suburban,Freeway/Prin. Art.,2,Other Wayne,200-499,200-499,500-999,AM,1,1,49.0895795246801,54.5721854304636,0.000232466943498447,0.000183184077790411
19106,1,82-1410,2018,13221,12547,673,274,378,3,Principal Arterial,4,Suburban,Freeway/Prin. Art.,2,Other Wayne,200-499,200-499,500-999,MD,1,1,103.939670932358,139.684768211921,0.000492213171182936,0.000468884015628667
19106,1,82-1410,2018,13221,12547,673,274,378,3,Principal Arterial,4,Suburban,Freeway/Prin. Art.,2,Other Wayne,200-499,200-499,500-999,PM,1,1,58.6069469835466,85.8635761589404,0.000277537065197126,0.000288220819642711
19106,1,82-1410,2018,13221,12547,673,274,378,3,Principal Arterial,4,Suburban,Freeway/Prin. Art.,2,Other Wayne,200-499,200-499,500-999,EV,1,1,25.7970749542962,40.8039735099338,0.000122163750920102,0.000136967911375399
19106,1,82-1410,2018,13221,12547,673,274,378,3,Principal Arterial,4,Suburban,Freeway/Prin. Art.,2,Other Wayne,200-499,200-499,500-999,NT,1,1,36.5667276051188,57.0754966887417,0.00017316415178966,0.000191587017138595
19108,1,82-1575,2019,22229,21913,316,181,80,3,Principal Arterial,4,Suburban,Freeway/Prin. Art.,2,Other Wayne,0-99,100-199,200-499,AM,1,1,36.5,11,0.000172848158811941,3.69240271358032e-05
19108,1,82-1575,2019,22229,21913,316,181,80,3,Principal Arterial,4,Suburban,Freeway/Prin. Art.,2,Other Wayne,0-99,100-199,200-499,MD,1,1,82,44,0.000388316411577512,0.000147696108543213
19108,1,82-1575,2019,22229,21913,316,181,80,3,Principal Arterial,4,Suburban,Freeway/Prin. Art.,2,Other Wayne,0-99,100-199,200-499,PM,1,1,50,11,0.000236778299742385,3.69240271358032e-05
19108,1,82-1575,2019,22229,21913,316,181,80,3,Principal Arterial,4,Suburban,Freeway/Prin. Art.,2,Other Wayne,0-99,100-199,200-499,EV,1,1,7,6,3.31489619639339e-05,2.01403784377108e-05
19108,1,82-1575,2019,22229,21913,316,181,80,3,Principal Arterial,4,Suburban,Freeway/Prin. Art.,2,Other Wayne,0-99,100-199,200-499,NT,1,1,5.5,8,2.60456129716624e-05,2.68538379169478e-05
19149,0,82-6435,2019,9428,9274,153,134,19,4,Minor Arterial,4,Suburban,Other Road,2,Other Wayne,0-99,100-199,100-199,AM,1,1,38.7894736842105,4.47058823529412,0.000183690112536987,1.50065564830002e-05
19149,0,82-6435,2019,9428,9274,153,134,19,4,Minor Arterial,4,Suburban,Other Road,2,Other Wayne,0-99,100-199,100-199,MD,1,1,41.140350877193,3.91176470588235,0.000194822846630138,1.31307369226252e-05
19149,0,82-6435,2019,9428,9274,153,134,19,4,Minor Arterial,4,Suburban,Other Road,2,Other Wayne,0-99,100-199,100-199,PM,1,1,36.6736842105263,6.70588235294118,0.000173670651853152,2.25098347245004e-05
19149,0,82-6435,2019,9428,9274,153,134,19,4,Minor Arterial,4,Suburban,Other Road,2,Other Wayne,0-99,100-199,100-199,EV,1,1,4.93684210526316,2.79411764705882,2.33787415956166e-05,9.37909780187515e-06
19149,0,82-6435,2019,9428,9274,153,134,19,4,Minor Arterial,4,Suburban,Other Road,2,Other Wayne,0-99,100-199,100-199,NT,1,1,12.459649122807,1.11764705882353,5.90034906936989e-05,3.75163912075006e-06
19158,1,82-1398,2019,12192,11889,303,182,87,3,Principal Arterial,3,Urban,Freeway/Prin. Art.,1,Detroit,0-99,100-199,200-499,AM,1,1,37.707182320442,12.7941176470588,0.000178564850358208,4.29463951980599e-05
19158,1,82-1398,2019,12192,11889,303,182,87,3,Principal Arterial,3,Urban,Freeway/Prin. Art.,1,Detroit,0-99,100-199,200-499,MD,1,1,60.3314917127072,25.0764705882353,0.000285703760573132,8.41749345881974e-05
19158,1,82-1398,2019,12192,11889,303,182,87,3,Principal Arterial,3,Urban,Freeway/Prin. Art.,1,Detroit,0-99,100-199,200-499,PM,1,1,50.7790055248619,35.3117647058824,0.00024046733181572,0.000118532050746645
19158,1,82-1398,2019,12192,11889,303,182,87,3,Principal Arterial,3,Urban,Freeway/Prin. Art.,1,Detroit,0-99,100-199,200-499,EV,1,1,16.0883977900552,12.7941176470588,7.61876694861686e-05,4.29463951980599e-05
19158,1,82-1398,2019,12192,11889,303,182,87,3,Principal Arterial,3,Urban,Freeway/Prin. Art.,1,Detroit,0-99,100-199,200-499,NT,1,1,17.0939226519337,1.02352941176471,8.09493988290541e-05,3.43571161584479e-06
19161,0,82-1114,2019,14112,13942,170,125,24,3,Principal Arterial,3,Urban,Freeway/Prin. Art.,2,Other Wayne,0-99,100-199,100-199,AM,1,1,22,4.5,0.00010418245188665,1.51052838282831e-05
19161,0,82-1114,2019,14112,13942,170,125,24,3,Principal Arterial,3,Urban,Freeway/Prin. Art.,2,Other Wayne,0-99,100-199,100-199,MD,1,1,69.5,9.5,0.000329121836641915,3.18889325263755e-05
19161,0,82-1114,2019,14112,13942,170,125,24,3,Principal Arterial,3,Urban,Freeway/Prin. Art.,2,Other Wayne,0-99,100-199,100-199,PM,1,1,19,7.5,8.99757539021064e-05,2.51754730471386e-05
19161,0,82-1114,2019,14112,13942,170,125,24,3,Principal Arterial,3,Urban,Freeway/Prin. Art.,2,Other Wayne,0-99,100-199,100-199,EV,1,1,5.5,0,2.60456129716624e-05,0
19161,0,82-1114,2019,14112,13942,170,125,24,3,Principal Arterial,3,Urban,Freeway/Prin. Art.,2,Other Wayne,0-99,100-199,100-199,NT,1,1,9,2.5,4.26200939536293e-05,8.39182434904618e-06
19165,0,82-1285,2018,162,156,5,5,1,5,Major Collector,5,Rural,Other Road,2,Other Wayne,0-99,0-99,0-99,AM,1,1,0.25,1,1.18389149871193e-06,3.35672973961847e-06
19165,0,82-1285,2018,162,156,5,5,1,5,Major Collector,5,Rural,Other Road,2,Other Wayne,0-99,0-99,0-99,MD,1,1,4.25,0,2.01261554781027e-05,0
19165,0,82-1285,2018,162,156,5,5,1,5,Major Collector,5,Rural,Other Road,2,Other Wayne,0-99,0-99,0-99,PM,1,1,0.25,0,1.18389149871193e-06,0
19165,0,82-1285,2018,162,156,5,5,1,5,Major Collector,5,Rural,Other Road,2,Other Wayne,0-99,0-99,0-99,EV,1,1,0,0,0,0
19165,0,82-1285,2018,162,156,5,5,1,5,Major Collector,5,Rural,Other Road,2,Other Wayne,0-99,0-99,0-99,NT,1,1,0.25,0,1.18389149871193e-06,0
19169,1,82-1109,2018,14107,13930,176,100,79,4,Minor Arterial,4,Suburban,Other Road,2,Other Wayne,0-99,100-199,100-199,AM,1,1,18.9393939393939,15.6987179487179,8.96887499024186e-05,5.26963534123439e-05
19169,1,82-1109,2018,14107,13930,176,100,79,4,Minor Arterial,4,Suburban,Other Road,2,Other Wayne,0-99,100-199,100-199,MD,1,1,55.0505050505051,30.6378205128205,0.000260695299716364,0.000102842883272478
19169,1,82-1109,2018,14107,13930,176,100,79,4,Minor Arterial,4,Suburban,Other Road,2,Other Wayne,0-99,100-199,100-199,PM,1,1,20.7070707070707,24.0544871794872,9.8059699893311e-05,8.07444124866559e-05
19169,1,82-1109,2018,14107,13930,176,100,79,4,Minor Arterial,4,Suburban,Other Road,2,Other Wayne,0-99,100-199,100-199,EV,1,1,2.52525252525253,5.06410256410256,1.19584999869892e-05,1.69988236814012e-05
19169,1,82-1109,2018,14107,13930,176,100,79,4,Minor Arterial,4,Suburban,Other Road,2,Other Wayne,0-99,100-199,100-199,NT,1,1,2.77777777777778,3.54487179487179,1.31543499856881e-05,1.18991765769809e-05
19195,1,82-7348,2019,25421,24837,584,232,84,3,Principal Arterial,3,Urban,Freeway/Prin. Art.,1,Detroit,0-99,200-499,200-499,AM,1,1,21.1317829457364,12.9574468085106,0.000100070952728332,4.34946470516521e-05
19195,1,82-7348,2019,25421,24837,584,232,84,3,Principal Arterial,3,Urban,Freeway/Prin. Art.,1,Detroit,0-99,200-499,200-499,MD,1,1,116,41.5531914893617,0.000549325655402334,0.000139482833648402
19195,1,82-7348,2019,25421,24837,584,232,84,3,Principal Arterial,3,Urban,Freeway/Prin. Art.,1,Detroit,0-99,200-499,200-499,PM,1,1,62.046511627907,18.7659574468085,0.000293825350564039,6.29922474541169e-05
19195,1,82-7348,2019,25421,24837,584,232,84,3,Principal Arterial,3,Urban,Freeway/Prin. Art.,1,Detroit,0-99,200-499,200-499,EV,1,1,21.5813953488372,4.02127659574468,0.000102200121935318,1.34983387401679e-05
19195,1,82-7348,2019,25421,24837,584,232,84,3,Principal Arterial,3,Urban,Freeway/Prin. Art.,1,Detroit,0-99,200-499,200-499,NT,1,1,11.2403100775194,6.70212765957447,5.32292301746447e-05,2.24972312336132e-05
19226,1,82-6398,2019,2987,2571,416,208,206,4,Minor Arterial,4,Suburban,Other Road,2,Other Wayne,200-499,200-499,200-499,AM,1,1,39.2832929782082,41.2506142506143,0.000186028626393243,0.000138467163632566
19226,1,82-6398,2019,2987,2571,416,208,206,4,Minor Arterial,4,Suburban,Other Road,2,Other Wayne,200-499,200-499,200-499,MD,1,1,81.588377723971,92.1179361179361,0.000386367147124427,0.000309215015719351
19226,1,82-6398,2019,2987,2571,416,208,206,4,Minor Arterial,4,Suburban,Other Road,2,Other Wayne,200-499,200-499,200-499,PM,1,1,50.6150121065375,40.4914004914005,0.000239690730160524,0.000135918688228286
19226,1,82-6398,2019,2987,2571,416,208,206,4,Minor Arterial,4,Suburban,Other Road,2,Other Wayne,200-499,200-499,200-499,EV,1,1,20.9007263922518,14.1719901719902,9.89767691707636e-05,4.75715408799001e-05
19226,1,82-6398,2019,2987,2571,416,208,206,4,Minor Arterial,4,Suburban,Other Road,2,Other Wayne,200-499,200-499,200-499,NT,1,1,15.6125907990315,17.968058968059,7.39344540793656e-05,6.0313917901302e-05
19239,0,82-1322,2018,4664,4619,44,25,17,5,Major Collector,4,Suburban,Other Road,2,Other Wayne,0-99,0-99,0-99,AM,1,1,8.25,1.03030303030303,3.90684194574936e-05,3.45844882263722e-06
19239,0,82-1322,2018,4664,4619,44,25,17,5,Major Collector,4,Suburban,Other Road,2,Other Wayne,0-99,0-99,0-99,MD,1,1,8.75,5.66666666666667,4.14362024549174e-05,1.90214685245047e-05
19239,0,82-1322,2018,4664,4619,44,25,17,5,Major Collector,4,Suburban,Other Road,2,Other Wayne,0-99,0-99,0-99,PM,1,1,4.5,7.98484848484848,2.13100469768147e-05,2.68029783754384e-05
19239,0,82-1322,2018,4664,4619,44,25,17,5,Major Collector,4,Suburban,Other Road,2,Other Wayne,0-99,0-99,0-99,EV,1,1,1.25,2.31818181818182,5.91945749355963e-06,7.78150985093374e-06
19239,0,82-1322,2018,4664,4619,44,25,17,5,Major Collector,4,Suburban,Other Road,2,Other Wayne,0-99,0-99,0-99,NT,1,1,2.25,0,1.06550234884073e-05,0
19262,0,82-1234,2018,6645,6560,84,60,12,3,Principal Arterial,3,Urban,Freeway/Prin. Art.,1,Detroit,0-99,0-99,0-99,AM,1,1,9.70588235294118,2.29787234042553,4.59628464205807e-05,7.71333642295309e-06
19262,0,82-1234,2018,6645,6560,84,60,12,3,Principal Arterial,3,Urban,Freeway/Prin. Art.,1,Detroit,0-99,0-99,0-99,MD,1,1,20.546218487395,3.4468085106383,9.72979735916188e-05,1.15700046344296e-05
19262,0,82-1234,2018,6645,6560,84,60,12,3,Principal Arterial,3,Urban,Freeway/Prin. Art.,1,Detroit,0-99,0-99,0-99,PM,1,1,16.2605042016807,3.4468085106383,7.70026907565572e-05,1.15700046344296e-05
19262,0,82-1234,2018,6645,6560,84,60,12,3,Principal Arterial,3,Urban,Freeway/Prin. Art.,1,Detroit,0-99,0-99,0-99,EV,1,1,8.0672268907563,1.27659574468085,3.82028853365865e-05,4.28518690164061e-06
19262,0,82-1234,2018,6645,6560,84,60,12,3,Principal Arterial,3,Urban,Freeway/Prin. Art.,1,Detroit,0-99,0-99,0-99,NT,1,1,5.42016806722689,1.53191489361702,2.56675635855191e-05,5.14222428196873e-06
19275,0,82-1858,2019,3151,3114,37,28,9,3,Principal Arterial,4,Suburban,Freeway/Prin. Art.,2,Other Wayne,0-99,0-99,0-99,AM,1,1,8.81481481481482,1.85294117647059,4.17431372879168e-05,6.21982275282247e-06
19275,0,82-1858,2019,3151,3114,37,28,9,3,Principal Arterial,4,Suburban,Freeway/Prin. Art.,2,Other Wayne,0-99,0-99,0-99,MD,1,1,9.33333333333333,2.38235294117647,4.41986159519119e-05,7.9969149679146e-06
19275,0,82-1858,2019,3151,3114,37,28,9,3,Principal Arterial,4,Suburban,Freeway/Prin. Art.,2,Other Wayne,0-99,0-99,0-99,PM,1,1,9.33333333333333,3.97058823529412,4.41986159519119e-05,1.3328191613191e-05
19275,0,82-1858,2019,3151,3114,37,28,9,3,Principal Arterial,4,Suburban,Freeway/Prin. Art.,2,Other Wayne,0-99,0-99,0-99,EV,1,1,0.518518518518519,0.529411764705882,2.45547866399511e-06,1.77709221509213e-06
19275,0,82-1858,2019,3151,3114,37,28,9,3,Principal Arterial,4,Suburban,Freeway/Prin. Art.,2,Other Wayne,0-99,0-99,0-99,NT,1,1,0,0.264705882352941,0,8.88546107546067e-07
19281,0,63-5046,2018,12205,12115,89,77,16,4,Minor Arterial,4,Suburban,Other Road,3,Oakland,0-99,0-99,0-99,AM,1,1,17.5897435897436,1.62162162162162,8.32973916016801e-05,5.44334552370563e-06
19281,0,63-5046,2018,12205,12115,89,77,16,4,Minor Arterial,4,Suburban,Other Road,3,Oakland,0-99,0-99,0-99,MD,1,1,30.0641025641026,7.13513513513514,0.000142370541768178,2.39507203043048e-05
19281,0,63-5046,2018,12205,12115,89,77,16,4,Minor Arterial,4,Suburban,Other Road,3,Oakland,0-99,0-99,0-99,PM,1,1,22.0769230769231,4.86486486486487,0.000104546726193945,1.63300365711169e-05
19281,0,63-5046,2018,12205,12115,89,77,16,4,Minor Arterial,4,Suburban,Other Road,3,Oakland,0-99,0-99,0-99,EV,1,1,2.78205128205128,1.62162162162162,1.31745874472045e-05,5.44334552370563e-06
19281,0,63-5046,2018,12205,12115,89,77,16,4,Minor Arterial,4,Suburban,Other Road,3,Oakland,0-99,0-99,0-99,NT,1,1,4.48717948717949,0.756756756756757,2.12493345922653e-05,2.54022791106263e-06
19334,0,50-7144,2017,55960,54225,1735,951,2574,1,Interstate Freeway,3,Urban,Interstate,4,Macomb,2000+,500-999,2000+,AM,1,1,163.935394978567,319.734864300626,0.000776326881812429,0.00107326352779079
19334,0,50-7144,2017,55960,54225,1735,951,2574,1,Interstate Freeway,3,Urban,Interstate,4,Macomb,2000+,500-999,2000+,MD,1,1,423.669626454378,1067.35020876827,0.00200631547608718,0.00358280618836043
19334,0,50-7144,2017,55960,54225,1735,951,2574,1,Interstate Freeway,3,Urban,Interstate,4,Macomb,2000+,500-999,2000+,PM,1,1,210.233312921004,516.546450939457,0.000995573727652884,0.00173390683376285
19334,0,50-7144,2017,55960,54225,1735,951,2574,1,Interstate Freeway,3,Urban,Interstate,4,Macomb,2000+,500-999,2000+,EV,1,1,62.0217391304348,231.068893528184,0.000293708038767402,0.000775635826806789
19334,0,50-7144,2017,55960,54225,1735,951,2574,1,Interstate Freeway,3,Urban,Interstate,4,Macomb,2000+,500-999,2000+,NT,1,1,91.1399265156154,439.299582463466,0.000431599136780267,0.00147460997305709
19336,0,50-7125,2017,59958.5,58247,1711,1199,3357,1,Interstate Freeway,3,Urban,Interstate,4,Macomb,2000+,1000-1999,2000+,AM,1,1,203.844155844156,438.88576585869,0.000965317452664021,0.0014732209025531
19336,0,50-7125,2017,59958.5,58247,1711,1199,3357,1,Interstate Freeway,3,Urban,Interstate,4,Macomb,2000+,1000-1999,2000+,MD,1,1,549.954545454546,1345.2238267148,0.00260434604416647,0.00451555282557694
19336,0,50-7125,2017,59958.5,58247,1711,1199,3357,1,Interstate Freeway,3,Urban,Interstate,4,Macomb,2000+,1000-1999,2000+,PM,1,1,236.756493506494,690.790613718412,0.00112117599970873,0.00231879739691789
19336,0,50-7125,2017,59958.5,58247,1711,1199,3357,1,Interstate Freeway,3,Urban,Interstate,4,Macomb,2000+,1000-1999,2000+,EV,1,1,80.3344155844156,296.053120165034,0.000380428926657522,0.00099377031296481
19336,0,50-7125,2017,59958.5,58247,1711,1199,3357,1,Interstate Freeway,3,Urban,Interstate,4,Macomb,2000+,1000-1999,2000+,NT,1,1,128.11038961039,586.046673543063,0.000606675204625652,0.00196720029788648
19338,0,50-9839,2019,62968.5,60701.5,2267,1007,1259,1,Interstate Freeway,3,Urban,Interstate,4,Macomb,1000-1999,1000-1999,2000+,AM,1,1,179.757943512798,172.147080561715,0.00085125560460296,0.000577851224910005
19338,0,50-9839,2019,62968.5,60701.5,2267,1007,1259,1,Interstate Freeway,3,Urban,Interstate,4,Macomb,1000-1999,1000-1999,2000+,MD,1,1,461.726831421006,518.534922394679,0.0021865378817861,0.00174058159503297
19338,0,50-9839,2019,62968.5,60701.5,2267,1007,1259,1,Interstate Freeway,3,Urban,Interstate,4,Macomb,1000-1999,1000-1999,2000+,PM,1,1,222.864298323036,245.658536585366,0.00105538859260416,0.00082460931554725
19338,0,50-9839,2019,62968.5,60701.5,2267,1007,1259,1,Interstate Freeway,3,Urban,Interstate,4,Macomb,1000-1999,1000-1999,2000+,EV,1,1,56.2160194174757,124.457686622321,0.000266214669919096,0.00041777081800926
19338,0,50-9839,2019,62968.5,60701.5,2267,1007,1259,1,Interstate Freeway,3,Urban,Interstate,4,Macomb,1000-1999,1000-1999,2000+,NT,1,1,86.434907325684,198.20177383592,0.000409318207899322,0.000665309788680168
19375,0,50-7144,2017,55960,54225,1735,951,2574,1,Interstate Freeway,3,Urban,Interstate,4,Macomb,2000+,500-999,2000+,AM,1,1,163.935394978567,319.734864300626,0.000776326881812429,0.00107326352779079
19375,0,50-7144,2017,55960,54225,1735,951,2574,1,Interstate Freeway,3,Urban,Interstate,4,Macomb,2000+,500-999,2000+,MD,1,1,423.669626454378,1067.35020876827,0.00200631547608718,0.00358280618836043
19375,0,50-7144,2017,55960,54225,1735,951,2574,1,Interstate Freeway,3,Urban,Interstate,4,Macomb,2000+,500-999,2000+,PM,1,1,210.233312921004,516.546450939457,0.000995573727652884,0.00173390683376285
19375,0,50-7144,2017,55960,54225,1735,951,2574,1,Interstate Freeway,3,Urban,Interstate,4,Macomb,2000+,500-999,2000+,EV,1,1,62.0217391304348,231.068893528184,0.000293708038767402,0.000775635826806789
19375,0,50-7144,2017,55960,54225,1735,951,2574,1,Interstate Freeway,3,Urban,Interstate,4,Macomb,2000+,500-999,2000+,NT,1,1,91.1399265156154,439.299582463466,0.000431599136780267,0.00147460997305709
19377,0,50-7125,2017,59958.5,58247,1711,1199,3357,1,Interstate Freeway,3,Urban,Interstate,4,Macomb,2000+,1000-1999,2000+,AM,1,1,203.844155844156,438.88576585869,0.000965317452664021,0.0014732209025531
19377,0,50-7125,2017,59958.5,58247,1711,1199,3357,1,Interstate Freeway,3,Urban,Interstate,4,Macomb,2000+,1000-1999,2000+,MD,1,1,549.954545454546,1345.2238267148,0.00260434604416647,0.00451555282557694
19377,0,50-7125,2017,59958.5,58247,1711,1199,3357,1,Interstate Freeway,3,Urban,Interstate,4,Macomb,2000+,1000-1999,2000+,PM,1,1,236.756493506494,690.790613718412,0.00112117599970873,0.00231879739691789
19377,0,50-7125,2017,59958.5,58247,1711,1199,3357,1,Interstate Freeway,3,Urban,Interstate,4,Macomb,2000+,1000-1999,2000+,EV,1,1,80.3344155844156,296.053120165034,0.000380428926657522,0.00099377031296481
19377,0,50-7125,2017,59958.5,58247,1711,1199,3357,1,Interstate Freeway,3,Urban,Interstate,4,Macomb,2000+,1000-1999,2000+,NT,1,1,128.11038961039,586.046673543063,0.000606675204625652,0.00196720029788648
19379,0,50-9839,2019,62968.5,60701.5,2267,1007,1259,1,Interstate Freeway,3,Urban,Interstate,4,Macomb,1000-1999,1000-1999,2000+,AM,1,1,179.757943512798,172.147080561715,0.00085125560460296,0.000577851224910005
19379,0,50-9839,2019,62968.5,60701.5,2267,1007,1259,1,Interstate Freeway,3,Urban,Interstate,4,Macomb,1000-1999,1000-1999,2000+,MD,1,1,461.726831421006,518.534922394679,0.0021865378817861,0.00174058159503297
19379,0,50-9839,2019,62968.5,60701.5,2267,1007,1259,1,Interstate Freeway,3,Urban,Interstate,4,Macomb,1000-1999,1000-1999,2000+,PM,1,1,222.864298323036,245.658536585366,0.00105538859260416,0.00082460931554725
19379,0,50-9839,2019,62968.5,60701.5,2267,1007,1259,1,Interstate Freeway,3,Urban,Interstate,4,Macomb,1000-1999,1000-1999,2000+,EV,1,1,56.2160194174757,124.457686622321,0.000266214669919096,0.00041777081800926
19379,0,50-9839,2019,62968.5,60701.5,2267,1007,1259,1,Interstate Freeway,3,Urban,Interstate,4,Macomb,1000-1999,1000-1999,2000+,NT,1,1,86.434907325684,198.20177383592,0.000409318207899322,0.000665309788680168
19486,1,63-6056,2019,12608,12414,194,118,72,4,Minor Arterial,3,Urban,Other Road,3,Oakland,0-99,100-199,100-199,AM,1,1,15.8846153846154,9.95744680851064,7.52226444566193e-05,3.34244578327967e-05
19486,1,63-6056,2019,12608,12414,194,118,72,4,Minor Arterial,3,Urban,Other Road,3,Oakland,0-99,100-199,100-199,MD,1,1,59.7564102564103,26.5531914893617,0.000282980424384425,8.91318875541246e-05
19486,1,63-6056,2019,12608,12414,194,118,72,4,Minor Arterial,3,Urban,Other Road,3,Oakland,0-99,100-199,100-199,PM,1,1,26.474358974359,18.8936170212766,0.000125371074094366,6.3420766144281e-05
19486,1,63-6056,2019,12608,12414,194,118,72,4,Minor Arterial,3,Urban,Other Road,3,Oakland,0-99,100-199,100-199,EV,1,1,8.57264957264957,6.63829787234043,4.0596347801985e-05,2.22829718885311e-05
19486,1,63-6056,2019,12608,12414,194,118,72,4,Minor Arterial,3,Urban,Other Road,3,Oakland,0-99,100-199,100-199,NT,1,1,7.31196581196581,9.95744680851064,3.46262966546343e-05,3.34244578327967e-05
19517,1,81-5256,2019,5666,5437,229,138,91,5,Major Collector,4,Suburban,Other Road,5,Washtenaw,0-99,100-199,200-499,AM,1,1,58,11.375,0.000274662827701167,3.81828007881601e-05
19517,1,81-5256,2019,5666,5437,229,138,91,5,Major Collector,4,Suburban,Other Road,5,Washtenaw,0-99,100-199,200-499,MD,1,1,43.25,47.775,0.000204813229277163,0.000160367763310273
19517,1,81-5256,2019,5666,5437,229,138,91,5,Major Collector,4,Suburban,Other Road,5,Washtenaw,0-99,100-199,200-499,PM,1,1,28.75,19.9694444444444,0.000136147522351871,6.70320280503256e-05
19517,1,81-5256,2019,5666,5437,229,138,91,5,Major Collector,4,Suburban,Other Road,5,Washtenaw,0-99,100-199,200-499,EV,1,1,4.5,4.04444444444444,2.13100469768147e-05,1.35761069469014e-05
19517,1,81-5256,2019,5666,5437,229,138,91,5,Major Collector,4,Suburban,Other Road,5,Washtenaw,0-99,100-199,200-499,NT,1,1,3.5,7.83611111111111,1.6574480981967e-05,2.63037072096214e-05
19580,1,50-5414,2018,7662.5,7387,275,146,126,4,Minor Arterial,4,Suburban,Other Road,4,Macomb,100-199,100-199,200-499,AM,1,1,30.75,20.8326693227092,0.000145618654341567,6.99296406711753e-05
19580,1,50-5414,2018,7662.5,7387,275,146,126,4,Minor Arterial,4,Suburban,Other Road,4,Macomb,100-199,100-199,200-499,MD,1,1,66.375,56.3486055776892,0.000314323192908016,0.000189147040128661
19580,1,50-5414,2018,7662.5,7387,275,146,126,4,Minor Arterial,4,Suburban,Other Road,4,Macomb,100-199,100-199,200-499,PM,1,1,35.75,35.5159362549801,0.000169296484315805,0.000119217399457486
19580,1,50-5414,2018,7662.5,7387,275,146,126,4,Minor Arterial,4,Suburban,Other Road,4,Macomb,100-199,100-199,200-499,EV,1,1,4.125,6.27490039840637,1.95342097287468e-05,2.10631447804745e-05
19580,1,50-5414,2018,7662.5,7387,275,146,126,4,Minor Arterial,4,Suburban,Other Road,4,Macomb,100-199,100-199,200-499,NT,1,1,9,7.02788844621514,4.26200939536293e-05,2.35907221541314e-05
19584,1,50-5414,2018,7662.5,7387,275,146,126,4,Minor Arterial,4,Suburban,Other Road,4,Macomb,100-199,100-199,200-499,AM,1,1,30.75,20.8326693227092,0.000145618654341567,6.99296406711753e-05
19584,1,50-5414,2018,7662.5,7387,275,146,126,4,Minor Arterial,4,Suburban,Other Road,4,Macomb,100-199,100-199,200-499,MD,1,1,66.375,56.3486055776892,0.000314323192908016,0.000189147040128661
19584,1,50-5414,2018,7662.5,7387,275,146,126,4,Minor Arterial,4,Suburban,Other Road,4,Macomb,100-199,100-199,200-499,PM,1,1,35.75,35.5159362549801,0.000169296484315805,0.000119217399457486
19584,1,50-5414,2018,7662.5,7387,275,146,126,4,Minor Arterial,4,Suburban,Other Road,4,Macomb,100-199,100-199,200-499,EV,1,1,4.125,6.27490039840637,1.95342097287468e-05,2.10631447804745e-05
19584,1,50-5414,2018,7662.5,7387,275,146,126,4,Minor Arterial,4,Suburban,Other Road,4,Macomb,100-199,100-199,200-499,NT,1,1,9,7.02788844621514,4.26200939536293e-05,2.35907221541314e-05
19646,1,82-6518,2019,1248,1058,190,44,127,5,Major Collector,1,Urban Business,Other Road,1,Detroit,100-199,0-99,100-199,AM,1,1,8,12.6005221932115,3.78845279587816e-05,4.22965475806756e-05
19646,1,82-6518,2019,1248,1058,190,44,127,5,Major Collector,1,Urban Business,Other Road,1,Detroit,100-199,0-99,100-199,MD,1,1,14.8333333333333,42.6096605744125,7.02442289235743e-05,0.000143029114845179
19646,1,82-6518,2019,1248,1058,190,44,127,5,Major Collector,1,Urban Business,Other Road,1,Detroit,100-199,0-99,100-199,PM,1,1,7.16666666666667,49.7389033942559,3.39382229630752e-05,0.000166960056239509
19646,1,82-6518,2019,1248,1058,190,44,127,5,Major Collector,1,Urban Business,Other Road,1,Detroit,100-199,0-99,100-199,EV,1,1,5,14.7558746736292,2.36778299742385e-05,4.95314833510543e-05
19646,1,82-6518,2019,1248,1058,190,44,127,5,Major Collector,1,Urban Business,Other Road,1,Detroit,100-199,0-99,100-199,NT,1,1,9,7.29503916449086,4.26200939536293e-05,2.4487474915128e-05
19652,1,47-5185,2019,7532,7362,170,56,103,5,Major Collector,3,Urban,Other Road,8,Livingston,100-199,0-99,100-199,AM,1,1,11.2,8.37192118226601,5.30383391422943e-05,2.81022768102542e-05
19652,1,47-5185,2019,7532,7362,170,56,103,5,Major Collector,3,Urban,Other Road,8,Livingston,100-199,0-99,100-199,MD,1,1,22.4,45.9187192118227,0.000106076678284589,0.000154136730383515
19652,1,47-5185,2019,7532,7362,170,56,103,5,Major Collector,3,Urban,Other Road,8,Livingston,100-199,0-99,100-199,PM,1,1,12.7272727272727,33.487684729064,6.02708399344253e-05,0.000112409107241017
19652,1,47-5185,2019,7532,7362,170,56,103,5,Major Collector,3,Urban,Other Road,8,Livingston,100-199,0-99,100-199,EV,1,1,3.05454545454545,5.32758620689655,1.44650015842621e-05,1.78832670610708e-05
19652,1,47-5185,2019,7532,7362,170,56,103,5,Major Collector,3,Urban,Other Road,8,Livingston,100-199,0-99,100-199,NT,1,1,6.61818181818182,9.89408866995074,3.13408367659012e-05,3.32117816848458e-05
19733,1,82-0402,2019,17056,16623.5,432,307,104,3,Principal Arterial,3,Urban,Freeway/Prin. Art.,2,Other Wayne,100-199,200-499,200-499,AM,1,1,63.3877697841727,24.3404255319149,0.000300176967079163,8.17042302579475e-05
19733,1,82-0402,2019,17056,16623.5,432,307,104,3,Principal Arterial,3,Urban,Freeway/Prin. Art.,2,Other Wayne,100-199,200-499,200-499,MD,1,1,137.818705035971,41.6,0.000652649573022291,0.000139639957168129
19733,1,82-0402,2019,17056,16623.5,432,307,104,3,Principal Arterial,3,Urban,Freeway/Prin. Art.,2,Other Wayne,100-199,200-499,200-499,PM,1,1,75.5352517985612,24.5617021276596,0.000357702169829525,8.24469959875652e-05
19733,1,82-0402,2019,17056,16623.5,432,307,104,3,Principal Arterial,3,Urban,Freeway/Prin. Art.,2,Other Wayne,100-199,200-499,200-499,EV,1,1,12.368345323741,7.74468085106383,5.85711155276415e-05,2.59968005366197e-05
19733,1,82-0402,2019,17056,16623.5,432,307,104,3,Principal Arterial,3,Urban,Freeway/Prin. Art.,2,Other Wayne,100-199,200-499,200-499,NT,1,1,17.889928057554,5.7531914893617,8.47189349596244e-05,1.93119089700603e-05
19742,0,50-5279,2018,5881,5756,124,77,48,5,Major Collector,5,Rural,Other Road,4,Macomb,0-99,0-99,100-199,AM,1,1,16.6078431372549,5.21739130434783,7.86475372085491e-05,1.75133725545312e-05
19742,0,50-5279,2018,5881,5756,124,77,48,5,Major Collector,5,Rural,Other Road,4,Macomb,0-99,0-99,100-199,MD,1,1,26.1699346405229,20.0869565217391,0.000123929452571047,6.7426484334945e-05
19742,0,50-5279,2018,5881,5756,124,77,48,5,Major Collector,5,Rural,Other Road,4,Macomb,0-99,0-99,100-199,PM,1,1,25.1633986928105,12.7826086956522,0.000119162935164468,4.29077627586014e-05
19742,0,50-5279,2018,5881,5756,124,77,48,5,Major Collector,5,Rural,Other Road,4,Macomb,0-99,0-99,100-199,EV,1,1,3.52287581699346,4.69565217391304,1.66828109230256e-05,1.57620352990781e-05
19742,0,50-5279,2018,5881,5756,124,77,48,5,Major Collector,5,Rural,Other Road,4,Macomb,0-99,0-99,100-199,NT,1,1,5.5359477124183,5.21739130434783,2.6215845736183e-05,1.75133725545312e-05
19758,1,50-5277,2018,11070,10576,493,256,230,4,Minor Arterial,5,Rural,Other Road,4,Macomb,200-499,200-499,200-499,AM,1,1,45.6695992179863,42.7644492911668,0.000216271401055019,0.000143548698734066
19758,1,50-5277,2018,11070,10576,493,256,230,4,Minor Arterial,5,Rural,Other Road,4,Macomb,200-499,200-499,200-499,MD,1,1,112.985337243402,104.716466739368,0.000535049520966253,0.000351504878131804
19758,1,50-5277,2018,11070,10576,493,256,230,4,Minor Arterial,5,Rural,Other Road,4,Macomb,200-499,200-499,200-499,PM,1,1,70.9442815249267,54.9291166848419,0.000335961327118345,0.000184382199546982
19758,1,50-5277,2018,11070,10576,493,256,230,4,Minor Arterial,5,Rural,Other Road,4,Macomb,200-499,200-499,200-499,EV,1,1,7.75757575757576,9.40567066521265,3.67365119600307e-05,3.15722944429764e-05
19758,1,50-5277,2018,11070,10576,493,256,230,4,Minor Arterial,5,Rural,Other Road,4,Macomb,200-499,200-499,200-499,NT,1,1,18.6432062561095,18.1842966194111,8.82861335813641e-05,6.1039769256421e-05
19771,1,63-1725,2019,20485,20106,379,240,70,3,Principal Arterial,3,Urban,Freeway/Prin. Art.,3,Oakland,0-99,200-499,200-499,AM,1,1,49.3827160493827,13.3098591549296,0.000233855110856677,4.46776000554853e-05
19771,1,63-1725,2019,20485,20106,379,240,70,3,Principal Arterial,3,Urban,Freeway/Prin. Art.,3,Oakland,0-99,200-499,200-499,MD,1,1,111.111111111111,29.0845070422535,0.000526173999427523,9.76288297508753e-05
19771,1,63-1725,2019,20485,20106,379,240,70,3,Principal Arterial,3,Urban,Freeway/Prin. Art.,3,Oakland,0-99,200-499,200-499,PM,1,1,53.3333333333333,19.7183098591549,0.000252563519725211,6.61890371192375e-05
19771,1,63-1725,2019,20485,20106,379,240,70,3,Principal Arterial,3,Urban,Freeway/Prin. Art.,3,Oakland,0-99,200-499,200-499,EV,1,1,15.3086419753086,4.43661971830986,7.24950843655698e-05,1.48925333518284e-05
19771,1,63-1725,2019,20485,20106,379,240,70,3,Principal Arterial,3,Urban,Freeway/Prin. Art.,3,Oakland,0-99,200-499,200-499,NT,1,1,10.8641975308642,3.45070422535211,5.14481243884689e-05,1.15830814958666e-05
19785,1,63-8672,2019,42127,41070,1057,703,261,4,Minor Arterial,3,Urban,Other Road,3,Oakland,200-499,500-999,500-999,AM,1,1,143.014531043593,46.44128113879,0.000677254749979131,0.000155890829544559
19785,1,63-8672,2019,42127,41070,1057,703,261,4,Minor Arterial,3,Urban,Other Road,3,Oakland,200-499,500-999,500-999,MD,1,1,365.894319682959,138.859430604982,0.00173271669799856,0.000466113580338232
19785,1,63-8672,2019,42127,41070,1057,703,261,4,Minor Arterial,3,Urban,Other Road,3,Oakland,200-499,500-999,500-999,PM,1,1,140.228533685601,40.8683274021352,0.000664061475628888,0.000137183929999212
19785,1,63-8672,2019,42127,41070,1057,703,261,4,Minor Arterial,3,Urban,Other Road,3,Oakland,200-499,500-999,500-999,EV,1,1,24.1453104359313,7.89501779359431,0.000114341711035438,2.6501441022575e-05
19785,1,63-8672,2019,42127,41070,1057,703,261,4,Minor Arterial,3,Urban,Other Road,3,Oakland,200-499,500-999,500-999,NT,1,1,29.7173051519155,26.9359430604982,0.000140728259735923,9.04166811358443e-05
19810,1,63-5220,2018,23972,22469,1502,725,688,4,Minor Arterial,4,Suburban,Other Road,3,Oakland,500-999,500-999,1000-1999,AM,1,1,109.628027681661,119.34693877551,0.000519150759971496,0.00040061541872018
19810,1,63-5220,2018,23972,22469,1502,725,688,4,Minor Arterial,4,Suburban,Other Road,3,Oakland,500-999,500-999,1000-1999,MD,1,1,369.022491349481,319.679300291545,0.00174753036136858,0.00107307701442905
19810,1,63-5220,2018,23972,22469,1502,725,688,4,Minor Arterial,4,Suburban,Other Road,3,Oakland,500-999,500-999,1000-1999,PM,1,1,185.389273356401,147.930029154519,0.0008779231387161,0.000496561128245602
19810,1,63-5220,2018,23972,22469,1502,725,688,4,Minor Arterial,4,Suburban,Other Road,3,Oakland,500-999,500-999,1000-1999,EV,1,1,27.0934256055363,21.8134110787172,0.000128302704981514,7.32217256904531e-05
19810,1,63-5220,2018,23972,22469,1502,725,688,4,Minor Arterial,4,Suburban,Other Road,3,Oakland,500-999,500-999,1000-1999,NT,1,1,33.8667820069204,79.2303206997085,0.000160378381226892,0.000265954773772221
19822,0,47-5070,2019,5000,4805,195,120,55,4,Minor Arterial,4,Suburban,Other Road,8,Livingston,0-99,100-199,100-199,AM,1,1,23.5443037974684,13.2278481012658,0.000111495604435655,4.44023111126748e-05
19822,0,47-5070,2019,5000,4805,195,120,55,4,Minor Arterial,4,Suburban,Other Road,8,Livingston,0-99,100-199,100-199,MD,1,1,64.1772151898734,23.3227848101266,0.000303915437897188,7.82882853828739e-05
19822,0,47-5070,2019,5000,4805,195,120,55,4,Minor Arterial,4,Suburban,Other Road,8,Livingston,0-99,100-199,100-199,PM,1,1,21.6455696202532,12.1835443037975,0.000102504023432779,4.08968654985162e-05
19822,0,47-5070,2019,5000,4805,195,120,55,4,Minor Arterial,4,Suburban,Other Road,8,Livingston,0-99,100-199,100-199,EV,1,1,6.83544303797468,3.48101265822785,3.23696916103514e-05,1.16848187138618e-05
19822,0,47-5070,2019,5000,4805,195,120,55,4,Minor Arterial,4,Suburban,Other Road,8,Livingston,0-99,100-199,100-199,NT,1,1,3.79746835443038,2.78481012658228,1.79831620057508e-05,9.34785497108942e-06
19825,0,63-5131,2019,12410,11939,471,211,173,3,Principal Arterial,4,Suburban,Freeway/Prin. Art.,3,Oakland,100-199,200-499,200-499,AM,1,1,47.3365155131265,13.4892787524366,0.000224165193178543,4.52798631543077e-05
19825,0,63-5131,2019,12410,11939,471,211,173,3,Principal Arterial,4,Suburban,Freeway/Prin. Art.,3,Oakland,100-199,200-499,200-499,MD,1,1,89.63723150358,26.9785575048733,0.000424483025380645,9.05597263086154e-05
19825,0,63-5131,2019,12410,11939,471,211,173,3,Principal Arterial,4,Suburban,Freeway/Prin. Art.,3,Oakland,100-199,200-499,200-499,PM,1,1,58.9188544152745,120.391812865497,0.000279014123424356,0.000404122778652196
19825,0,63-5131,2019,12410,11939,471,211,173,3,Principal Arterial,4,Suburban,Freeway/Prin. Art.,3,Oakland,100-199,200-499,200-499,EV,1,1,4.53221957040573,9.77972709551657,2.14626248787966e-05,3.28279007868731e-05
19825,0,63-5131,2019,12410,11939,471,211,173,3,Principal Arterial,4,Suburban,Freeway/Prin. Art.,3,Oakland,100-199,200-499,200-499,NT,1,1,10.5751789976134,2.36062378167641,5.00794580505255e-05,7.92397605200384e-06
19867,0,47-5152,2018,621,597,23,7,16,5,Major Collector,5,Rural,Other Road,8,Livingston,0-99,0-99,0-99,AM,1,1,1.56896551724138,1.5,7.42993975053691e-06,5.03509460942771e-06
19867,0,47-5152,2018,621,597,23,7,16,5,Major Collector,5,Rural,Other Road,8,Livingston,0-99,0-99,0-99,MD,1,1,2.53448275862069,10.375,1.20022103662519e-05,3.48260710485417e-05
19867,0,47-5152,2018,621,597,23,7,16,5,Major Collector,5,Rural,Other Road,8,Livingston,0-99,0-99,0-99,PM,1,1,2.05172413793103,3.875,9.71607505839443e-06,1.30073277410216e-05
19867,0,47-5152,2018,621,597,23,7,16,5,Major Collector,5,Rural,Other Road,8,Livingston,0-99,0-99,0-99,EV,1,1,0,0.25,0,8.39182434904619e-07
19867,0,47-5152,2018,621,597,23,7,16,5,Major Collector,5,Rural,Other Road,8,Livingston,0-99,0-99,0-99,NT,1,1,0.844827586206897,0,4.00073678875065e-06,0
19978,0,63-5499,2018,588,580,7,6,5,5,Major Collector,5,Rural,Other Road,3,Oakland,0-99,0-99,0-99,AM,1,1,0.6,0,2.84133959690862e-06,0
19978,0,63-5499,2018,588,580,7,6,5,5,Major Collector,5,Rural,Other Road,3,Oakland,0-99,0-99,0-99,MD,1,1,3,3.125,1.42066979845431e-05,1.04897804363077e-05
19978,0,63-5499,2018,588,580,7,6,5,5,Major Collector,5,Rural,Other Road,3,Oakland,0-99,0-99,0-99,PM,1,1,1.8,0.3125,8.52401879072587e-06,1.04897804363077e-06
19978,0,63-5499,2018,588,580,7,6,5,5,Major Collector,5,Rural,Other Road,3,Oakland,0-99,0-99,0-99,EV,1,1,0,1.5625,0,5.24489021815387e-06
19978,0,63-5499,2018,588,580,7,6,5,5,Major Collector,5,Rural,Other Road,3,Oakland,0-99,0-99,0-99,NT,1,1,0.6,0,2.84133959690862e-06,0
20027,1,50-5310,2018,20278,19634,643,192,400,3,Principal Arterial,4,Suburban,Freeway/Prin. Art.,4,Macomb,200-499,100-199,500-999,AM,1,1,55.0600522193212,146.28857381151,0.000260740510964356,0.000491051206279467
20027,1,50-5310,2018,20278,19634,643,192,400,3,Principal Arterial,4,Suburban,Freeway/Prin. Art.,4,Macomb,200-499,100-199,500-999,MD,1,1,71.5195822454308,82.8190158465388,0.000338685701647176,0.00027800105349801
20027,1,50-5310,2018,20278,19634,643,192,400,3,Principal Arterial,4,Suburban,Freeway/Prin. Art.,4,Macomb,200-499,100-199,500-999,PM,1,1,47.3733681462141,108.84070058382,0.000224339711254613,0.000365348816530618
20027,1,50-5310,2018,20278,19634,643,192,400,3,Principal Arterial,4,Suburban,Freeway/Prin. Art.,4,Macomb,200-499,100-199,500-999,EV,1,1,6.93472584856397,32.3603002502085,3.28398519120509e-05,0.000108624782232858
20027,1,50-5310,2018,20278,19634,643,192,400,3,Principal Arterial,4,Suburban,Freeway/Prin. Art.,4,Macomb,200-499,100-199,500-999,NT,1,1,11.11227154047,29.6914095079233,5.26228952325635e-05,9.96660373064367e-05
20030,0,50-5309,2018,14299.5,13928,371,185,129,3,Principal Arterial,4,Suburban,Freeway/Prin. Art.,4,Macomb,100-199,100-199,200-499,AM,1,1,30.9552042160738,20.1522388059702,0.000146590412449205,6.76456193198935e-05
20030,0,50-5309,2018,14299.5,13928,371,185,129,3,Principal Arterial,4,Suburban,Freeway/Prin. Art.,4,Macomb,100-199,100-199,200-499,MD,1,1,76.2911725955204,28.4313432835821,0.000361281882650404,9.5436335537302e-05
20030,0,50-5309,2018,14299.5,13928,371,185,129,3,Principal Arterial,4,Suburban,Freeway/Prin. Art.,4,Macomb,100-199,100-199,200-499,PM,1,1,53.6231884057971,59.2373134328358,0.000253936147549804,0.000198843651695101
20030,0,50-5309,2018,14299.5,13928,371,185,129,3,Principal Arterial,4,Suburban,Freeway/Prin. Art.,4,Macomb,100-199,100-199,200-499,EV,1,1,10.9683794466403,14.889552238806,5.19414847260964e-05,4.99802028096028e-05
20030,0,50-5309,2018,14299.5,13928,371,185,129,3,Principal Arterial,4,Suburban,Freeway/Prin. Art.,4,Macomb,100-199,100-199,200-499,NT,1,1,13.1620553359684,6.28955223880597,6.23297816713156e-05,2.1112327048884e-05
20039,1,50-5317,2018,19560.5,19230.5,330,163,68,3,Principal Arterial,4,Suburban,Freeway/Prin. Art.,4,Macomb,0-99,100-199,200-499,AM,1,1,47.2824427480916,8,0.000223909128031196,2.68538379169478e-05
20039,1,50-5317,2018,19560.5,19230.5,330,163,68,3,Principal Arterial,4,Suburban,Freeway/Prin. Art.,4,Macomb,0-99,100-199,200-499,MD,1,1,61.125,42.5,0.000289461471435066,0.000142661013933785
20039,1,50-5317,2018,19560.5,19230.5,330,163,68,3,Principal Arterial,4,Suburban,Freeway/Prin. Art.,4,Macomb,0-99,100-199,200-499,PM,1,1,40.594465648855,12.75,0.000192237771105731,4.27983041801356e-05
20039,1,50-5317,2018,19560.5,19230.5,330,163,68,3,Principal Arterial,4,Suburban,Freeway/Prin. Art.,4,Macomb,0-99,100-199,200-499,EV,1,1,5.59923664122137,1.25,2.65155546352732e-05,4.19591217452309e-06
20039,1,50-5317,2018,19560.5,19230.5,330,163,68,3,Principal Arterial,4,Suburban,Freeway/Prin. Art.,4,Macomb,0-99,100-199,200-499,NT,1,1,8.39885496183206,3.5,3.97733319529098e-05,1.17485540886647e-05
20099,0,63-5599,2018,2648,2606,42,18,27,3,Principal Arterial,5,Rural,Freeway/Prin. Art.,3,Oakland,0-99,0-99,0-99,AM,1,1,1.43478260869565,4.33018867924528,6.79450773173801e-06,1.45352731177819e-05
20099,0,63-5599,2018,2648,2606,42,18,27,3,Principal Arterial,5,Rural,Freeway/Prin. Art.,3,Oakland,0-99,0-99,0-99,MD,1,1,12,13.627358490566,5.68267919381725e-05,4.57433595177253e-05
20099,0,63-5599,2018,2648,2606,42,18,27,3,Principal Arterial,5,Rural,Freeway/Prin. Art.,3,Oakland,0-99,0-99,0-99,PM,1,1,3.52173913043478,6.36792452830189,1.66774280688115e-05,2.13754016437969e-05
20099,0,63-5599,2018,2648,2606,42,18,27,3,Principal Arterial,5,Rural,Freeway/Prin. Art.,3,Oakland,0-99,0-99,0-99,EV,1,1,0.130434782608696,1.91037735849057,6.17682521067092e-07,6.41262049313907e-06
20099,0,63-5599,2018,2648,2606,42,18,27,3,Principal Arterial,5,Rural,Freeway/Prin. Art.,3,Oakland,0-99,0-99,0-99,NT,1,1,0.91304347826087,0.764150943396226,4.32377764746964e-06,2.56504819725563e-06
20133,1,58-0270,2019,12065.5,9012.5,3053,333,2705,1,Interstate Freeway,5,Rural,Interstate,6,Monroe,2000+,200-499,2000+,AM,1,1,56.4237683089214,398.504464285714,0.000267198478504894,0.00133767178663859
20133,1,58-0270,2019,12065.5,9012.5,3053,333,2705,1,Interstate Freeway,5,Rural,Interstate,6,Monroe,2000+,200-499,2000+,MD,1,1,128.588548601864,934.053694298821,0.000608939558085809,0.00313536581405335
20133,1,58-0270,2019,12065.5,9012.5,3053,333,2705,1,Interstate Freeway,5,Rural,Interstate,6,Monroe,2000+,200-499,2000+,PM,1,1,76.4880159786951,486.137778505898,0.000362214047482076,0.00163183313866281
20133,1,58-0270,2019,12065.5,9012.5,3053,333,2705,1,Interstate Freeway,5,Rural,Interstate,6,Monroe,2000+,200-499,2000+,EV,1,1,25.939414114514,273.535591415465,0.000122837807406965,0.00091818505454842
20133,1,58-0270,2019,12065.5,9012.5,3053,333,2705,1,Interstate Freeway,5,Rural,Interstate,6,Monroe,2000+,200-499,2000+,NT,1,1,45.5602529960053,612.768471494102,0.000215753584804541,0.00205689815176481
20171,1,77-5100,2019,4733,4616,117,40,75,4,Minor Arterial,4,Suburban,Other Road,7,St Clair,0-99,0-99,100-199,AM,1,1,7.43589743589744,9.31208053691275,3.52131830386111e-05,3.12581376759774e-05
20171,1,77-5100,2019,4733,4616,117,40,75,4,Minor Arterial,4,Suburban,Other Road,7,St Clair,0-99,0-99,100-199,MD,1,1,17.4358974358974,43.5402684563758,8.25688429870882e-05,0.000146152913998489
20171,1,77-5100,2019,4733,4616,117,40,75,4,Minor Arterial,4,Suburban,Other Road,7,St Clair,0-99,0-99,100-199,PM,1,1,9.23076923076923,15.3523489932886,4.37129168755173e-05,5.15336864387735e-05
20171,1,77-5100,2019,4733,4616,117,40,75,4,Minor Arterial,4,Suburban,Other Road,7,St Clair,0-99,0-99,100-199,EV,1,1,2.56410256410256,3.02013422818792,1.21424769098659e-05,1.01377743813981e-05
20171,1,77-5100,2019,4733,4616,117,40,75,4,Minor Arterial,4,Suburban,Other Road,7,St Clair,0-99,0-99,100-199,NT,1,1,3.33333333333333,3.7751677852349,1.57852199828257e-05,1.26722179767476e-05
20196,0,63-6016,2019,1724,1710,14,11,3,5,Major Collector,3,Urban,Other Road,3,Oakland,0-99,0-99,0-99,AM,1,1,1.7906976744186,0.272727272727273,8.47996701402961e-06,9.15471747168675e-07
20196,0,63-6016,2019,1724,1710,14,11,3,5,Major Collector,3,Urban,Other Road,3,Oakland,0-99,0-99,0-99,MD,1,1,6.13953488372093,1.63636363636364,2.90741726195301e-05,5.49283048301205e-06
20196,0,63-6016,2019,1724,1710,14,11,3,5,Major Collector,3,Urban,Other Road,3,Oakland,0-99,0-99,0-99,PM,1,1,1.7906976744186,0.545454545454545,8.47996701402961e-06,1.83094349433735e-06
20196,0,63-6016,2019,1724,1710,14,11,3,5,Major Collector,3,Urban,Other Road,3,Oakland,0-99,0-99,0-99,EV,1,1,0.511627906976744,0.545454545454545,2.42284771829417e-06,1.83094349433735e-06
20196,0,63-6016,2019,1724,1710,14,11,3,5,Major Collector,3,Urban,Other Road,3,Oakland,0-99,0-99,0-99,NT,1,1,0.767441860465116,0,3.63427157744126e-06,0
20304,1,63-5211,2018,27891,27391,500,354,98,4,Minor Arterial,4,Suburban,Other Road,3,Oakland,0-99,200-499,200-499,AM,1,1,69.384,23,0.000328572510986513,7.72047840112249e-05
20304,1,63-5211,2018,27891,27391,500,354,98,4,Minor Arterial,4,Suburban,Other Road,3,Oakland,0-99,200-499,200-499,MD,1,1,162.486,49,0.000769463176238824,0.000164479757241305
20304,1,63-5211,2018,27891,27391,500,354,98,4,Minor Arterial,4,Suburban,Other Road,3,Oakland,0-99,200-499,200-499,PM,1,1,77.172,16,0.000365453098954387,5.37076758338956e-05
20304,1,63-5211,2018,27891,27391,500,354,98,4,Minor Arterial,4,Suburban,Other Road,3,Oakland,0-99,200-499,200-499,EV,1,1,23.01,5,0.000108965373541446,1.67836486980924e-05
20304,1,63-5211,2018,27891,27391,500,354,98,4,Minor Arterial,4,Suburban,Other Road,3,Oakland,0-99,200-499,200-499,NT,1,1,21.948,5,0.000103936202454917,1.67836486980924e-05
20340,1,82-1822,2019,4994,4895.5,98,40,57,3,Principal Arterial,4,Suburban,Freeway/Prin. Art.,2,Other Wayne,0-99,0-99,0-99,AM,1,1,3.95061728395062,6.44347826086957,1.87084088685341e-05,2.1629015104846e-05
20340,1,82-1822,2019,4994,4895.5,98,40,57,3,Principal Arterial,4,Suburban,Freeway/Prin. Art.,2,Other Wayne,0-99,0-99,0-99,MD,1,1,21.2345679012346,23.5434782608696,0.000100557697668371,7.90290936523219e-05
20340,1,82-1822,2019,4994,4895.5,98,40,57,3,Principal Arterial,4,Suburban,Freeway/Prin. Art.,2,Other Wayne,0-99,0-99,0-99,PM,1,1,11.8518518518519,15.8608695652174,5.61252266056024e-05,5.32406525657748e-05
20340,1,82-1822,2019,4994,4895.5,98,40,57,3,Principal Arterial,4,Suburban,Freeway/Prin. Art.,2,Other Wayne,0-99,0-99,0-99,EV,1,1,1.97530864197531,2.2304347826087,9.35420443426707e-06,7.48696676706207e-06
20340,1,82-1822,2019,4994,4895.5,98,40,57,3,Principal Arterial,4,Suburban,Freeway/Prin. Art.,2,Other Wayne,0-99,0-99,0-99,NT,1,1,0.987654320987654,8.92173913043478,4.67710221713354e-06,2.99478670682483e-05
20364,1,50-5356,2018,7547,7402,144,80,66,4,Minor Arterial,5,Rural,Other Road,4,Macomb,0-99,0-99,100-199,AM,1,1,12.0754716981132,8.25,5.71841931453308e-05,2.76930203518524e-05
20364,1,50-5356,2018,7547,7402,144,80,66,4,Minor Arterial,5,Rural,Other Road,4,Macomb,0-99,0-99,100-199,MD,1,1,27.9245283018868,19,0.000132238446648577,6.3777865052751e-05
20364,1,50-5356,2018,7547,7402,144,80,66,4,Minor Arterial,5,Rural,Other Road,4,Macomb,0-99,0-99,100-199,PM,1,1,27.6729559748428,23.5,0.000131047109291383,7.88831488810341e-05
20364,1,50-5356,2018,7547,7402,144,80,66,4,Minor Arterial,5,Rural,Other Road,4,Macomb,0-99,0-99,100-199,EV,1,1,6.28930817610063,7,2.97834339298598e-05,2.34971081773293e-05
20364,1,50-5356,2018,7547,7402,144,80,66,4,Minor Arterial,5,Rural,Other Road,4,Macomb,0-99,0-99,100-199,NT,1,1,6.0377358490566,8.25,2.85920965726654e-05,2.76930203518524e-05
20393,0,63-5023,2019,12645,12498,147,96,49,4,Minor Arterial,3,Urban,Other Road,3,Oakland,0-99,0-99,100-199,AM,1,1,16.586387434555,20.5,7.85459323124478e-05,6.88129596621787e-05
20393,0,63-5023,2019,12645,12498,147,96,49,4,Minor Arterial,3,Urban,Other Road,3,Oakland,0-99,0-99,100-199,MD,1,1,46.2408376963351,10.75,0.000218976538568036,3.60848447008986e-05
20393,0,63-5023,2019,12645,12498,147,96,49,4,Minor Arterial,3,Urban,Other Road,3,Oakland,0-99,0-99,100-199,PM,1,1,20.3560209424084,9.25,9.63972805652768e-05,3.10497500914709e-05
20393,0,63-5023,2019,12645,12498,147,96,49,4,Minor Arterial,3,Urban,Other Road,3,Oakland,0-99,0-99,100-199,EV,1,1,4.27225130890052,0.5,2.02315280198729e-05,1.67836486980924e-06
20393,0,63-5023,2019,12645,12498,147,96,49,4,Minor Arterial,3,Urban,Other Road,3,Oakland,0-99,0-99,100-199,NT,1,1,8.54450261780105,8,4.04630560397458e-05,2.68538379169478e-05
20439,1,63-0341,2019,26445,25464,980,496,455,3,Principal Arterial,4,Suburban,Freeway/Prin. Art.,3,Oakland,200-499,200-499,500-999,AM,1,1,96.7472527472527,75.2272727272727,0.000458153000204826,0.000252517623594026
20439,1,63-0341,2019,26445,25464,980,496,455,3,Principal Arterial,4,Suburban,Freeway/Prin. Art.,3,Oakland,200-499,200-499,500-999,MD,1,1,240.959706959707,212.727272727273,0.00114108059440686,0.000714067962791566
20439,1,63-0341,2019,26445,25464,980,496,455,3,Principal Arterial,4,Suburban,Freeway/Prin. Art.,3,Oakland,200-499,200-499,500-999,PM,1,1,100.608058608059,69.5454545454546,0.000476436101151967,0.000233445295528012
20439,1,63-0341,2019,26445,25464,980,496,455,3,Principal Arterial,4,Suburban,Freeway/Prin. Art.,3,Oakland,200-499,200-499,500-999,EV,1,1,14.989010989011,24.5454545454546,7.0981450735959e-05,8.23924572451807e-05
20439,1,63-0341,2019,26445,25464,980,496,455,3,Principal Arterial,4,Suburban,Freeway/Prin. Art.,3,Oakland,200-499,200-499,500-999,NT,1,1,42.6959706959707,72.9545454545455,0.000202189586944853,0.000244888692367621
20453,1,50-5208,2018,15661,15460,200,143,56,4,Minor Arterial,4,Suburban,Other Road,4,Macomb,0-99,100-199,100-199,AM,1,1,42,13.7454545454545,0.000198893771783604,4.61397760573012e-05
20453,1,50-5208,2018,15661,15460,200,143,56,4,Minor Arterial,4,Suburban,Other Road,4,Macomb,0-99,100-199,100-199,MD,1,1,48.25,24.4363636363636,0.000228491059251402,8.20262685463133e-05
20453,1,50-5208,2018,15661,15460,200,143,56,4,Minor Arterial,4,Suburban,Other Road,4,Macomb,0-99,100-199,100-199,PM,1,1,42,11.9636363636364,0.000198893771783604,4.01586939757992e-05
20453,1,50-5208,2018,15661,15460,200,143,56,4,Minor Arterial,4,Suburban,Other Road,4,Macomb,0-99,100-199,100-199,EV,1,1,5.25,3.81818181818182,2.48617214729505e-05,1.28166044603614e-05
20453,1,50-5208,2018,15661,15460,200,143,56,4,Minor Arterial,4,Suburban,Other Road,4,Macomb,0-99,100-199,100-199,NT,1,1,5.5,2.03636363636364,2.60456129716624e-05,6.83552237885944e-06
20479,1,82-1713,2019,5553,4565,988,268,654,3,Principal Arterial,3,Urban,Freeway/Prin. Art.,1,Detroit,500-999,200-499,500-999,AM,1,1,53,127.5,0.000250984997726928,0.000427983041801356
20479,1,82-1713,2019,5553,4565,988,268,654,3,Principal Arterial,3,Urban,Freeway/Prin. Art.,1,Detroit,500-999,200-499,500-999,MD,1,1,151,351,0.000715070465222003,0.00117821213860608
20479,1,82-1713,2019,5553,4565,988,268,654,3,Principal Arterial,3,Urban,Freeway/Prin. Art.,1,Detroit,500-999,200-499,500-999,PM,1,1,40,59,0.000189422639793908,0.00019804705463749
20479,1,82-1713,2019,5553,4565,988,268,654,3,Principal Arterial,3,Urban,Freeway/Prin. Art.,1,Detroit,500-999,200-499,500-999,EV,1,1,4,26,1.89422639793908e-05,8.72749732300803e-05
20479,1,82-1713,2019,5553,4565,988,268,654,3,Principal Arterial,3,Urban,Freeway/Prin. Art.,1,Detroit,500-999,200-499,500-999,NT,1,1,20,90.5,9.47113198969541e-05,0.000303784041435472
20519,1,50-5050,2019,17312.5,16352,960,344,611,5,Major Collector,4,Suburban,Other Road,4,Macomb,500-999,200-499,500-999,AM,1,1,67.1953352769679,82.3173628173628,0.00031820794475,0.000276317139856006
20519,1,50-5050,2019,17312.5,16352,960,344,611,5,Major Collector,4,Suburban,Other Road,4,Macomb,500-999,200-499,500-999,MD,1,1,146.174927113703,244.95045045045,0.000692221014138992,0.000822232461759969
20519,1,50-5050,2019,17312.5,16352,960,344,611,5,Major Collector,4,Suburban,Other Road,4,Macomb,500-999,200-499,500-999,PM,1,1,82.2390670553936,115.844799344799,0.000389448529395522,0.000388859683140823
20519,1,50-5050,2019,17312.5,16352,960,344,611,5,Major Collector,4,Suburban,Other Road,4,Macomb,500-999,200-499,500-999,EV,1,1,15.2944606413994,58.0475020475021,7.24279277229477e-05,0.000194849776433414
20519,1,50-5050,2019,17312.5,16352,960,344,611,5,Major Collector,4,Suburban,Other Road,4,Macomb,500-999,200-499,500-999,NT,1,1,33.0962099125364,109.839885339885,0.000156729286220149,0.000368702809716676
20571,1,50-5173,2019,19904,19143,761,368,367,5,Major Collector,4,Suburban,Other Road,4,Macomb,200-499,200-499,500-999,AM,1,1,80.5,72,0.00038121306258524,0.00024168454125253
20571,1,50-5173,2019,19904,19143,761,368,367,5,Major Collector,4,Suburban,Other Road,4,Macomb,200-499,200-499,500-999,MD,1,1,155.5,160,0.000736380512198818,0.000537076758338956
20571,1,50-5173,2019,19904,19143,761,368,367,5,Major Collector,4,Suburban,Other Road,4,Macomb,200-499,200-499,500-999,PM,1,1,54,57.5,0.000255720563721776,0.000193011960028062
20571,1,50-5173,2019,19904,19143,761,368,367,5,Major Collector,4,Suburban,Other Road,4,Macomb,200-499,200-499,500-999,EV,1,1,17.5,18.5,8.28724049098348e-05,6.20995001829418e-05
20571,1,50-5173,2019,19904,19143,761,368,367,5,Major Collector,4,Suburban,Other Road,4,Macomb,200-499,200-499,500-999,NT,1,1,60.5,59,0.000286501742688286,0.00019804705463749
20577,1,50-5050,2019,17312.5,16352,960,344,611,5,Major Collector,4,Suburban,Other Road,4,Macomb,500-999,200-499,500-999,AM,1,1,67.1953352769679,82.3173628173628,0.00031820794475,0.000276317139856006
20577,1,50-5050,2019,17312.5,16352,960,344,611,5,Major Collector,4,Suburban,Other Road,4,Macomb,500-999,200-499,500-999,MD,1,1,146.174927113703,244.95045045045,0.000692221014138992,0.000822232461759969
20577,1,50-5050,2019,17312.5,16352,960,344,611,5,Major Collector,4,Suburban,Other Road,4,Macomb,500-999,200-499,500-999,PM,1,1,82.2390670553936,115.844799344799,0.000389448529395522,0.000388859683140823
20577,1,50-5050,2019,17312.5,16352,960,344,611,5,Major Collector,4,Suburban,Other Road,4,Macomb,500-999,200-499,500-999,EV,1,1,15.2944606413994,58.0475020475021,7.24279277229477e-05,0.000194849776433414
20577,1,50-5050,2019,17312.5,16352,960,344,611,5,Major Collector,4,Suburban,Other Road,4,Macomb,500-999,200-499,500-999,NT,1,1,33.0962099125364,109.839885339885,0.000156729286220149,0.000368702809716676
20583,1,58-0098,2019,13495,12783,712,313,387,3,Principal Arterial,5,Rural,Freeway/Prin. Art.,6,Monroe,200-499,200-499,500-999,AM,1,1,64.6516768292683,70.2986453201971,0.000306162282302566,0.000235973553401196
20583,1,58-0098,2019,13495,12783,712,313,387,3,Principal Arterial,5,Rural,Freeway/Prin. Art.,6,Monroe,200-499,200-499,500-999,MD,1,1,147.673018292683,169.908251231527,0.000699315323783352,0.000570336079915434
20583,1,58-0098,2019,13495,12783,712,313,387,3,Principal Arterial,5,Rural,Freeway/Prin. Art.,6,Monroe,200-499,200-499,500-999,PM,1,1,62.9817073170732,71.4901477832512,0.000298254031468183,0.000239973105153759
20583,1,58-0098,2019,13495,12783,712,313,387,3,Principal Arterial,5,Rural,Freeway/Prin. Art.,6,Monroe,200-499,200-499,500-999,EV,1,1,13.1211890243902,17.8725369458128,6.21362565558714e-05,5.99932762884398e-05
20583,1,58-0098,2019,13495,12783,712,313,387,3,Principal Arterial,5,Rural,Freeway/Prin. Art.,6,Monroe,200-499,200-499,500-999,NT,1,1,24.5724085365854,57.4304187192118,0.000116364262277359,0.00019277839447352
20608,1,63-5118,2018,17060,16781,278,129,152,3,Principal Arterial,4,Suburban,Freeway/Prin. Art.,3,Oakland,100-199,100-199,200-499,AM,1,1,25.951171875,41.0198675496689,0.000122893487057698,0.000137692609319184
20608,1,63-5118,2018,17060,16781,278,129,152,3,Principal Arterial,4,Suburban,Freeway/Prin. Art.,3,Oakland,100-199,100-199,200-499,MD,1,1,57.193359375,47.3112582781457,0.000270842927787354,0.000158811107681022
20608,1,63-5118,2018,17060,16781,278,129,152,3,Principal Arterial,4,Suburban,Freeway/Prin. Art.,3,Oakland,100-199,100-199,200-499,PM,1,1,34.013671875,40.7682119205298,0.000161073987891158,0.000136847869384711
20608,1,63-5118,2018,17060,16781,278,129,152,3,Principal Arterial,4,Suburban,Freeway/Prin. Art.,3,Oakland,100-199,100-199,200-499,EV,1,1,6.55078125,17.112582781457,3.10216569271859e-05,5.74423155441996e-05
20608,1,63-5118,2018,17060,16781,278,129,152,3,Principal Arterial,4,Suburban,Freeway/Prin. Art.,3,Oakland,100-199,100-199,200-499,NT,1,1,5.291015625,5.78807947019868,2.50559536719579e-05,1.9429018492891e-05
20699,1,50-0144,2018,19200,18204,995,349,603,3,Principal Arterial,5,Rural,Freeway/Prin. Art.,4,Macomb,500-999,200-499,500-999,AM,1,1,57.3258869908016,98.4724019794442,0.000271470521058122,0.000330545240256066
20699,1,50-0144,2018,19200,18204,995,349,603,3,Principal Arterial,5,Rural,Freeway/Prin. Art.,4,Macomb,500-999,200-499,500-999,MD,1,1,151.684296977661,273.381423677198,0.000718310998719792,0.00091766755511649
20699,1,50-0144,2018,19200,18204,995,349,603,3,Principal Arterial,5,Rural,Freeway/Prin. Art.,4,Macomb,500-999,200-499,500-999,PM,1,1,72.0013140604468,129.230681385611,0.000340966974449002,0.00043379247147824
20699,1,50-0144,2018,19200,18204,995,349,603,3,Principal Arterial,5,Rural,Freeway/Prin. Art.,4,Macomb,500-999,200-499,500-999,EV,1,1,16.3952036793693,34.4309097830225,7.7640569022623e-05,0.000115575258830792
20699,1,50-0144,2018,19200,18204,995,349,603,3,Principal Arterial,5,Rural,Freeway/Prin. Art.,4,Macomb,500-999,200-499,500-999,NT,1,1,51.5932982917214,67.484583174724,0.00024432346895231,0.000226527507308353
20713,0,82-1343,2019,6273,6143,130,78,43,3,Principal Arterial,4,Suburban,Freeway/Prin. Art.,2,Other Wayne,0-99,0-99,100-199,AM,1,1,9.75,3.5,4.61717684497651e-05,1.17485540886647e-05
20713,0,82-1343,2019,6273,6143,130,78,43,3,Principal Arterial,4,Suburban,Freeway/Prin. Art.,2,Other Wayne,0-99,0-99,100-199,MD,1,1,33,18,0.000156273677829974,6.04211353131325e-05
20713,0,82-1343,2019,6273,6143,130,78,43,3,Principal Arterial,4,Suburban,Freeway/Prin. Art.,2,Other Wayne,0-99,0-99,100-199,PM,1,1,23.5,12,0.000111285800878921,4.02807568754217e-05
20713,0,82-1343,2019,6273,6143,130,78,43,3,Principal Arterial,4,Suburban,Freeway/Prin. Art.,2,Other Wayne,0-99,0-99,100-199,EV,1,1,10,7,4.7355659948477e-05,2.34971081773293e-05
20713,0,82-1343,2019,6273,6143,130,78,43,3,Principal Arterial,4,Suburban,Freeway/Prin. Art.,2,Other Wayne,0-99,0-99,100-199,NT,1,1,1.75,2.5,8.28724049098348e-06,8.39182434904618e-06
20721,1,63-5882,2019,4340,4195,145,88,53,5,Major Collector,3,Urban,Other Road,3,Oakland,0-99,0-99,100-199,AM,1,1,12.8228571428571,5.125,6.07234862425043e-05,1.72032399155447e-05
20721,1,63-5882,2019,4340,4195,145,88,53,5,Major Collector,3,Urban,Other Road,3,Oakland,0-99,0-99,100-199,MD,1,1,38.5942857142857,19.125,0.000182765787024008,6.41974562702033e-05
20721,1,63-5882,2019,4340,4195,145,88,53,5,Major Collector,3,Urban,Other Road,3,Oakland,0-99,0-99,100-199,PM,1,1,24.3885714285714,7.25,0.000115493689520057,2.43362906122339e-05
20721,1,63-5882,2019,4340,4195,145,88,53,5,Major Collector,3,Urban,Other Road,3,Oakland,0-99,0-99,100-199,EV,1,1,7.16571428571429,2.625,3.3933712900223e-05,8.8114155664985e-06
20721,1,63-5882,2019,4340,4195,145,88,53,5,Major Collector,3,Urban,Other Road,3,Oakland,0-99,0-99,100-199,NT,1,1,5.02857142857143,18.875,2.38131318598056e-05,6.33582738352987e-05
20737,1,50-5093,2018,11690,11409,280,102,100,3,Principal Arterial,4,Suburban,Freeway/Prin. Art.,4,Macomb,100-199,100-199,200-499,AM,1,1,23.6546052631579,17.38768718802,0.000112017944305756,5.83657666872098e-05
20737,1,50-5093,2018,11690,11409,280,102,100,3,Principal Arterial,4,Suburban,Freeway/Prin. Art.,4,Macomb,100-199,100-199,200-499,MD,1,1,39.3404605263158,35.8569051580699,0.000186299347090069,0.000120361939914772
20737,1,50-5093,2018,11690,11409,280,102,100,3,Principal Arterial,4,Suburban,Freeway/Prin. Art.,4,Macomb,100-199,100-199,200-499,PM,1,1,30.3651315789474,26.7054908485857,0.000143796084534339,8.96431153425566e-05
20737,1,50-5093,2018,11690,11409,280,102,100,3,Principal Arterial,4,Suburban,Freeway/Prin. Art.,4,Macomb,100-199,100-199,200-499,EV,1,1,3.77467105263158,9.98336106489185,1.78752038785781e-05,3.35114449878716e-05
20737,1,50-5093,2018,11690,11409,280,102,100,3,Principal Arterial,4,Suburban,Freeway/Prin. Art.,4,Macomb,100-199,100-199,200-499,NT,1,1,4.86513157894737,10.0665557404326,2.30391516657229e-05,3.37907070294372e-05
20744,0,50-5099,2018,3742,3666,75,36,13,4,Minor Arterial,4,Suburban,Other Road,4,Macomb,0-99,0-99,0-99,AM,1,1,6.68571428571429,3.67391304347826,3.16606412226961e-05,1.23323331738157e-05
20744,0,50-5099,2018,3742,3666,75,36,13,4,Minor Arterial,4,Suburban,Other Road,4,Macomb,0-99,0-99,0-99,MD,1,1,17.2285714285714,3.39130434782609,8.15870369969476e-05,1.13836921604453e-05
20744,0,50-5099,2018,3742,3666,75,36,13,4,Minor Arterial,4,Suburban,Other Road,4,Macomb,0-99,0-99,0-99,PM,1,1,11.0571428571429,5.36956521739131,5.23618297144589e-05,1.80241792540383e-05
20744,0,50-5099,2018,3742,3666,75,36,13,4,Minor Arterial,4,Suburban,Other Road,4,Macomb,0-99,0-99,0-99,EV,1,1,0.514285714285714,0.282608695652174,2.43543394020739e-06,9.48641013370438e-07
20744,0,50-5099,2018,3742,3666,75,36,13,4,Minor Arterial,4,Suburban,Other Road,4,Macomb,0-99,0-99,0-99,NT,1,1,0.514285714285714,0.282608695652174,2.43543394020739e-06,9.48641013370438e-07
20766,1,50-5110,2018,2207,2036,170,49,119,5,Major Collector,4,Suburban,Other Road,4,Macomb,100-199,0-99,100-199,AM,1,1,7.76893939393939,14.7256656481886,3.67903252099721e-05,4.94300798169527e-05
20766,1,50-5110,2018,2207,2036,170,49,119,5,Major Collector,4,Suburban,Other Road,4,Macomb,100-199,0-99,100-199,MD,1,1,20.5492424242424,40.3852029681362,9.73122936441242e-05,0.000135562211843671
20766,1,50-5110,2018,2207,2036,170,49,119,5,Major Collector,4,Suburban,Other Road,4,Macomb,100-199,0-99,100-199,PM,1,1,11.030303030303,32.0744216499345,5.22347279431686e-05,0.000107665165033398
20766,1,50-5110,2018,2207,2036,170,49,119,5,Major Collector,4,Suburban,Other Road,4,Macomb,100-199,0-99,100-199,EV,1,1,2.73106060606061,11.7389786119598,1.29331177359288e-05,3.94045786195108e-05
20766,1,50-5110,2018,2207,2036,170,49,119,5,Major Collector,4,Suburban,Other Road,4,Macomb,100-199,0-99,100-199,NT,1,1,6.92045454545455,20.0757311217809,3.27722692143438e-05,6.7388803701066e-05
20781,1,82-1342,2019,6324,6183,141,75,64,3,Principal Arterial,4,Suburban,Freeway/Prin. Art.,2,Other Wayne,0-99,0-99,100-199,AM,1,1,5.8277027027027,8.63492063492063,2.7597470747001e-05,2.89850948944833e-05
20781,1,82-1342,2019,6324,6183,141,75,64,3,Principal Arterial,4,Suburban,Freeway/Prin. Art.,2,Other Wayne,0-99,0-99,100-199,MD,1,1,39.7804054054054,26.6666666666667,0.000188382735099094,8.95127930564926e-05
20781,1,82-1342,2019,6324,6183,141,75,64,3,Principal Arterial,4,Suburban,Freeway/Prin. Art.,2,Other Wayne,0-99,0-99,100-199,PM,1,1,24.5777027027027,18.5396825396825,0.000116389333150395,6.22327037440377e-05
20781,1,82-1342,2019,6324,6183,141,75,64,3,Principal Arterial,4,Suburban,Freeway/Prin. Art.,2,Other Wayne,0-99,0-99,100-199,EV,1,1,4.05405405405405,2.53968253968254,1.91982405196529e-05,8.52502791014216e-06
20781,1,82-1342,2019,6324,6183,141,75,64,3,Principal Arterial,4,Suburban,Freeway/Prin. Art.,2,Other Wayne,0-99,0-99,100-199,NT,1,1,0.760135135135135,7.61904761904762,3.59967009743491e-06,2.55750837304265e-05
20782,1,82-1340,2019,12303,11983,320,157,106,3,Principal Arterial,3,Urban,Freeway/Prin. Art.,2,Other Wayne,100-199,100-199,200-499,AM,1,1,21,22,9.94468858918018e-05,7.38480542716064e-05
20782,1,82-1340,2019,12303,11983,320,157,106,3,Principal Arterial,3,Urban,Freeway/Prin. Art.,2,Other Wayne,100-199,100-199,200-499,MD,1,1,86,53,0.000407258675556903,0.000177906676199779
20782,1,82-1340,2019,12303,11983,320,157,106,3,Principal Arterial,3,Urban,Freeway/Prin. Art.,2,Other Wayne,100-199,100-199,200-499,PM,1,1,28.5,20,0.00013496363085316,6.71345947923695e-05
20782,1,82-1340,2019,12303,11983,320,157,106,3,Principal Arterial,3,Urban,Freeway/Prin. Art.,2,Other Wayne,100-199,100-199,200-499,EV,1,1,9.5,2,4.49878769510532e-05,6.71345947923695e-06
20782,1,82-1340,2019,12303,11983,320,157,106,3,Principal Arterial,3,Urban,Freeway/Prin. Art.,2,Other Wayne,100-199,100-199,200-499,NT,1,1,12,9,5.68267919381725e-05,3.02105676565663e-05
20783,1,82-2543,2017,5286,4470,815,195,601,3,Principal Arterial,3,Urban,Freeway/Prin. Art.,1,Detroit,500-999,100-199,500-999,AM,1,1,24.75,99.7489574645538,0.000117205258372481,0.000334830292017206
20783,1,82-2543,2017,5286,4470,815,195,601,3,Principal Arterial,3,Urban,Freeway/Prin. Art.,1,Detroit,500-999,100-199,500-999,MD,1,1,62.25,237.342368640534,0.00029478898317927,0.000796694187287171
20783,1,82-2543,2017,5286,4470,815,195,601,3,Principal Arterial,3,Urban,Freeway/Prin. Art.,1,Detroit,500-999,100-199,500-999,PM,1,1,80.75,166.665971643036,0.000382396954083952,0.000559452623596588
20783,1,82-2543,2017,5286,4470,815,195,601,3,Principal Arterial,3,Urban,Freeway/Prin. Art.,1,Detroit,500-999,100-199,500-999,EV,1,1,12,22.5562969140951,5.68267919381725e-05,7.57153926672074e-05
20783,1,82-2543,2017,5286,4470,815,195,601,3,Principal Arterial,3,Urban,Freeway/Prin. Art.,1,Detroit,500-999,100-199,500-999,NT,1,1,15.25,74.6864053377815,7.22173814214275e-05,0.000250702077942531
20835,1,82-2544,2017,3098,2809,288,88,202,4,Minor Arterial,3,Urban,Other Road,1,Detroit,200-499,0-99,200-499,AM,1,1,8.3448275862069,32.3300248138958,3.95174817501084e-05,0.000108523155775407
20835,1,82-2544,2017,3098,2809,288,88,202,4,Minor Arterial,3,Urban,Other Road,1,Detroit,200-499,0-99,200-499,MD,1,1,39.1954022988506,73.682382133995,0.000185612414280812,0.000247331843395114
20835,1,82-2544,2017,3098,2809,288,88,202,4,Minor Arterial,3,Urban,Other Road,1,Detroit,200-499,0-99,200-499,PM,1,1,37.4252873563218,73.181141439206,0.000177229918152001,0.000245649313848209
20835,1,82-2544,2017,3098,2809,288,88,202,4,Minor Arterial,3,Urban,Other Road,1,Detroit,200-499,0-99,200-499,EV,1,1,0.758620689655172,5.5136476426799,3.59249834091895e-06,1.85078250159609e-05
20835,1,82-2544,2017,3098,2809,288,88,202,4,Minor Arterial,3,Urban,Other Road,1,Detroit,200-499,0-99,200-499,NT,1,1,2.27586206896552,17.2928039702233,1.07774950227568e-05,5.80472693682411e-05
20856,1,50-5145,2018,16572,16281,290,187,95,4,Minor Arterial,4,Suburban,Other Road,4,Macomb,0-99,100-199,200-499,AM,1,1,42.112600536193,20.1747311827957,0.000199426999053801,6.77211201500985e-05
20856,1,50-5145,2018,16572,16281,290,187,95,4,Minor Arterial,4,Suburban,Other Road,4,Macomb,0-99,100-199,200-499,MD,1,1,66.6782841823056,27.0698924731183,0.000315759415168518,9.08663131127904e-05
20856,1,50-5145,2018,16572,16281,290,187,95,4,Minor Arterial,4,Suburban,Other Road,4,Macomb,0-99,100-199,200-499,PM,1,1,62.1662198391421,30.9005376344086,0.000294392236698468,0.000103724753647619
20856,1,50-5145,2018,16572,16281,290,187,95,4,Minor Arterial,4,Suburban,Other Road,4,Macomb,0-99,100-199,200-499,EV,1,1,4.51206434316354,9.95967741935484,2.13671784700501e-05,3.3431945390555e-05
20856,1,50-5145,2018,16572,16281,290,187,95,4,Minor Arterial,4,Suburban,Other Road,4,Macomb,0-99,100-199,200-499,NT,1,1,11.5308310991957,6.89516129032258,5.46050116456836e-05,2.31451929626919e-05
20947,1,63-0434,2019,17579,16871,708,310,356,3,Principal Arterial,4,Suburban,Freeway/Prin. Art.,3,Oakland,200-499,200-499,500-999,AM,1,1,64.7352941176471,53.3316261203585,0.000306558257489994,0.000179019855460421
20947,1,63-0434,2019,17579,16871,708,310,356,3,Principal Arterial,4,Suburban,Freeway/Prin. Art.,3,Oakland,200-499,200-499,500-999,MD,1,1,144.058823529412,121.933418693982,0.000682200065963649,0.000409297532783441
20947,1,63-0434,2019,17579,16871,708,310,356,3,Principal Arterial,4,Suburban,Freeway/Prin. Art.,3,Oakland,200-499,200-499,500-999,PM,1,1,61.0882352941177,53.7874519846351,0.000289287369744079,0.000180549939695125
20947,1,63-0434,2019,17579,16871,708,310,356,3,Principal Arterial,4,Suburban,Freeway/Prin. Art.,3,Oakland,200-499,200-499,500-999,EV,1,1,14.5882352941176,46.7221510883483,6.90835509836606e-05,0.000156833634057206
20947,1,63-0434,2019,17579,16871,708,310,356,3,Principal Arterial,4,Suburban,Freeway/Prin. Art.,3,Oakland,200-499,200-499,500-999,NT,1,1,25.5294117647059,80.2253521126761,0.000120896214221406,0.000269294825307984
21025,0,63-5376,2018,1009,982,26,19,10,5,Major Collector,5,Rural,Other Road,3,Oakland,0-99,0-99,0-99,AM,1,1,2.75,2.94117647058824,1.30228064858312e-05,9.87273452828963e-06
21025,0,63-5376,2018,1009,982,26,19,10,5,Major Collector,5,Rural,Other Road,3,Oakland,0-99,0-99,0-99,MD,1,1,8,1.76470588235294,3.78845279587816e-05,5.92364071697378e-06
21025,0,63-5376,2018,1009,982,26,19,10,5,Major Collector,5,Rural,Other Road,3,Oakland,0-99,0-99,0-99,PM,1,1,6.25,4.70588235294118,2.95972874677982e-05,1.57963752452634e-05
21025,0,63-5376,2018,1009,982,26,19,10,5,Major Collector,5,Rural,Other Road,3,Oakland,0-99,0-99,0-99,EV,1,1,1.75,0.588235294117647,8.28724049098348e-06,1.97454690565793e-06
21025,0,63-5376,2018,1009,982,26,19,10,5,Major Collector,5,Rural,Other Road,3,Oakland,0-99,0-99,0-99,NT,1,1,0.25,0,1.18389149871193e-06,0
21058,1,63-5178,2018,11181,10942,238,152,86,5,Major Collector,5,Rural,Other Road,3,Oakland,0-99,100-199,200-499,AM,1,1,32.3564356435644,13.4058823529412,0.000153226036348142,4.49999239799441e-05
21058,1,63-5178,2018,11181,10942,238,152,86,5,Major Collector,5,Rural,Other Road,3,Oakland,0-99,100-199,200-499,MD,1,1,52.6732673267327,30.8588235294118,0.000249437733589998,0.000103584730670815
21058,1,63-5178,2018,11181,10942,238,152,86,5,Major Collector,5,Rural,Other Road,3,Oakland,0-99,100-199,200-499,PM,1,1,43.8943894389439,25.0411764705882,0.000207864777991665,8.40564617738579e-05
21058,1,63-5178,2018,11181,10942,238,152,86,5,Major Collector,5,Rural,Other Road,3,Oakland,0-99,100-199,200-499,EV,1,1,10.7854785478548,12.3941176470588,5.10753454493805e-05,4.16037033022125e-05
21058,1,63-5178,2018,11181,10942,238,152,86,5,Major Collector,5,Rural,Other Road,3,Oakland,0-99,100-199,200-499,NT,1,1,12.2904290429043,4.3,5.82021378376662e-05,1.44339378803594e-05
21082,1,63-0511,2019,15488,15040,448,219,222,3,Principal Arterial,4,Suburban,Freeway/Prin. Art.,3,Oakland,200-499,200-499,200-499,AM,1,1,39.4021406727829,30.2930513595166,0.000186591437494236,0.000101685586402279
21082,1,63-0511,2019,15488,15040,448,219,222,3,Principal Arterial,4,Suburban,Freeway/Prin. Art.,3,Oakland,200-499,200-499,200-499,MD,1,1,99.0076452599389,87.7492447129909,0.000468857238122911,0.000294550499357156
21082,1,63-0511,2019,15488,15040,448,219,222,3,Principal Arterial,4,Suburban,Freeway/Prin. Art.,3,Oakland,200-499,200-499,200-499,PM,1,1,48.4434250764526,50.190332326284,0.000229407036466001,0.000168475381160972
21082,1,63-0511,2019,15488,15040,448,219,222,3,Principal Arterial,4,Suburban,Freeway/Prin. Art.,3,Oakland,200-499,200-499,200-499,EV,1,1,16.8547400611621,21.0151057401813,7.98167338856365e-05,7.05420304192934e-05
21082,1,63-0511,2019,15488,15040,448,219,222,3,Principal Arterial,4,Suburban,Freeway/Prin. Art.,3,Oakland,200-499,200-499,200-499,NT,1,1,15.2920489296636,32.7522658610272,7.24165069028622e-05,0.000109940504855601
21094,0,63-5125,2018,576,569,6,5,6,5,Major Collector,4,Suburban,Other Road,3,Oakland,0-99,0-99,0-99,AM,1,1,1.875,2.66666666666667,8.87918624033945e-06,8.95127930564926e-06
21094,0,63-5125,2018,576,569,6,5,6,5,Major Collector,4,Suburban,Other Road,3,Oakland,0-99,0-99,0-99,MD,1,1,3.125,1.66666666666667,1.47986437338991e-05,5.59454956603079e-06
21094,0,63-5125,2018,576,569,6,5,6,5,Major Collector,4,Suburban,Other Road,3,Oakland,0-99,0-99,0-99,PM,1,1,0,1,0,3.35672973961847e-06
21094,0,63-5125,2018,576,569,6,5,6,5,Major Collector,4,Suburban,Other Road,3,Oakland,0-99,0-99,0-99,EV,1,1,0,0.666666666666667,0,2.23781982641232e-06
21094,0,63-5125,2018,576,569,6,5,6,5,Major Collector,4,Suburban,Other Road,3,Oakland,0-99,0-99,0-99,NT,1,1,0,0,0,0
21139,1,63-5105,2018,29887,29363,523,289,173,3,Principal Arterial,4,Suburban,Freeway/Prin. Art.,3,Oakland,100-199,200-499,200-499,AM,1,1,53.6872015281757,37.25,0.000254239285915365,0.000125038182800788
21139,1,63-5105,2018,29887,29363,523,289,173,3,Principal Arterial,4,Suburban,Freeway/Prin. Art.,3,Oakland,100-199,200-499,200-499,MD,1,1,137.047277936963,69.5,0.000648996429084723,0.000233292716903484
21139,1,63-5105,2018,29887,29363,523,289,173,3,Principal Arterial,4,Suburban,Freeway/Prin. Art.,3,Oakland,100-199,200-499,200-499,PM,1,1,51.3409742120344,29.5,0.000243128571620863,9.9023527318745e-05
21139,1,63-5105,2018,29887,29363,523,289,173,3,Principal Arterial,4,Suburban,Freeway/Prin. Art.,3,Oakland,100-199,200-499,200-499,EV,1,1,17.5276981852913,13.5,8.30035714942193e-05,4.53158514848494e-05
21139,1,63-5105,2018,29887,29363,523,289,173,3,Principal Arterial,4,Suburban,Freeway/Prin. Art.,3,Oakland,100-199,200-499,200-499,NT,1,1,29.3968481375358,23.25,0.000139210714395817,7.80439664461295e-05
21142,1,63-5104,2018,25773,25355,417,244,120,3,Principal Arterial,3,Urban,Freeway/Prin. Art.,3,Oakland,100-199,200-499,200-499,AM,1,1,41.0562874251497,20.4149377593361,0.000194424758605232,6.85274287092236e-05
21142,1,63-5104,2018,25773,25355,417,244,120,3,Principal Arterial,3,Urban,Freeway/Prin. Art.,3,Oakland,100-199,200-499,200-499,MD,1,1,126.237125748503,54.7717842323652,0.000597804239981924,0.000183854077024746
21142,1,63-5104,2018,25773,25355,417,244,120,3,Principal Arterial,3,Urban,Freeway/Prin. Art.,3,Oakland,100-199,200-499,200-499,PM,1,1,40.4718562874252,20.9128630705394,0.000191657146383094,7.01988294094486e-05
21142,1,63-5104,2018,25773,25355,417,244,120,3,Principal Arterial,3,Urban,Freeway/Prin. Art.,3,Oakland,100-199,200-499,200-499,EV,1,1,11.2502994011976,5.97510373443983,5.32765352761669e-05,2.00568084026996e-05
21142,1,63-5104,2018,25773,25355,417,244,120,3,Principal Arterial,3,Urban,Freeway/Prin. Art.,3,Oakland,100-199,200-499,200-499,NT,1,1,24.9844311377246,17.9253112033195,0.000118315422496423,6.01704252080988e-05
21151,1,63-5103,2018,23774,23359,415,224,60,3,Principal Arterial,3,Urban,Freeway/Prin. Art.,3,Oakland,0-99,200-499,200-499,AM,1,1,29.821686746988,9.75,0.000141222565668037,3.27281149612801e-05
21151,1,63-5103,2018,23774,23359,415,224,60,3,Principal Arterial,3,Urban,Freeway/Prin. Art.,3,Oakland,0-99,200-499,200-499,MD,1,1,101.069879518072,30.25,0.000478623084549138,0.000101541074623459
21151,1,63-5103,2018,23774,23359,415,224,60,3,Principal Arterial,3,Urban,Freeway/Prin. Art.,3,Oakland,0-99,200-499,200-499,PM,1,1,47.9036144578313,6.5,0.000226850727656801,2.18187433075201e-05
21151,1,63-5103,2018,23774,23359,415,224,60,3,Principal Arterial,3,Urban,Freeway/Prin. Art.,3,Oakland,0-99,200-499,200-499,EV,1,1,19.7012048192771,4.25,9.32963555996984e-05,1.42661013933785e-05
21151,1,63-5103,2018,23774,23359,415,224,60,3,Principal Arterial,3,Urban,Freeway/Prin. Art.,3,Oakland,0-99,200-499,200-499,NT,1,1,25.5036144578313,9.25,0.000120774049372212,3.10497500914709e-05
21159,0,63-5150,2018,12548,12371,177,108,46,3,Principal Arterial,4,Suburban,Freeway/Prin. Art.,3,Oakland,0-99,100-199,100-199,AM,1,1,19.9830508474576,8.16129032258065,9.46310560665329e-05,2.73952459394669e-05
21159,0,63-5150,2018,12548,12371,177,108,46,3,Principal Arterial,4,Suburban,Freeway/Prin. Art.,3,Oakland,0-99,100-199,100-199,MD,1,1,52.3220338983051,25.7204301075269,0.000247774444510082,8.63365326577139e-05
21159,0,63-5150,2018,12548,12371,177,108,46,3,Principal Arterial,4,Suburban,Freeway/Prin. Art.,3,Oakland,0-99,100-199,100-199,PM,1,1,25.3220338983051,8.65591397849462,0.000119914162649194,2.90555638751922e-05
21159,0,63-5150,2018,12548,12371,177,108,46,3,Principal Arterial,4,Suburban,Freeway/Prin. Art.,3,Oakland,0-99,100-199,100-199,EV,1,1,2.59322033898305,0.741935483870968,1.22803660544356e-05,2.4904769035879e-06
21159,0,63-5150,2018,12548,12371,177,108,46,3,Principal Arterial,4,Suburban,Freeway/Prin. Art.,3,Oakland,0-99,100-199,100-199,NT,1,1,7.77966101694915,2.72043010752688,3.68410981633067e-05,9.13174864648897e-06
21173,0,63-5576,2018,1661,1650,10,9,6,4,Minor Arterial,4,Suburban,Other Road,3,Oakland,0-99,0-99,0-99,AM,1,1,1.6875,1.33333333333333,7.9912676163055e-06,4.47563965282463e-06
21173,0,63-5576,2018,1661,1650,10,9,6,4,Minor Arterial,4,Suburban,Other Road,3,Oakland,0-99,0-99,0-99,MD,1,1,4.5,2.66666666666667,2.13100469768147e-05,8.95127930564926e-06
21173,0,63-5576,2018,1661,1650,10,9,6,4,Minor Arterial,4,Suburban,Other Road,3,Oakland,0-99,0-99,0-99,PM,1,1,1.40625,1,6.65938968025458e-06,3.35672973961847e-06
21173,0,63-5576,2018,1661,1650,10,9,6,4,Minor Arterial,4,Suburban,Other Road,3,Oakland,0-99,0-99,0-99,EV,1,1,1.40625,1,6.65938968025458e-06,3.35672973961847e-06
21173,0,63-5576,2018,1661,1650,10,9,6,4,Minor Arterial,4,Suburban,Other Road,3,Oakland,0-99,0-99,0-99,NT,1,1,0,0,0,0
21184,1,77-0017,2018,4782,4628,153,81,63,4,Minor Arterial,5,Rural,Other Road,7,St Clair,0-99,0-99,100-199,AM,1,1,16.425,13.8510638297872,7.77816714653736e-05,4.64942778828006e-05
21184,1,77-0017,2018,4782,4628,153,81,63,4,Minor Arterial,5,Rural,Other Road,7,St Clair,0-99,0-99,100-199,MD,1,1,40.05,31.0531914893617,0.000189659418093651,0.000104237171382408
21184,1,77-0017,2018,4782,4628,153,81,63,4,Minor Arterial,5,Rural,Other Road,7,St Clair,0-99,0-99,100-199,PM,1,1,15.75,9.82978723404255,7.45851644188513e-05,3.29959391426327e-05
21184,1,77-0017,2018,4782,4628,153,81,63,4,Minor Arterial,5,Rural,Other Road,7,St Clair,0-99,0-99,100-199,EV,1,1,1.35,4.24468085106383,6.3930140930444e-06,1.4248246447955e-05
21184,1,77-0017,2018,4782,4628,153,81,63,4,Minor Arterial,5,Rural,Other Road,7,St Clair,0-99,0-99,100-199,NT,1,1,7.425,4.02127659574468,3.51615775117442e-05,1.34983387401679e-05
21240,1,82-7061,2019,34235,32927.5,1307,607,593,3,Principal Arterial,3,Urban,Freeway/Prin. Art.,2,Other Wayne,500-999,500-999,1000-1999,AM,1,1,84.3055555555556,96.7619760479042,0.000399234522065633,0.00032480380266425
21240,1,82-7061,2019,34235,32927.5,1307,607,593,3,Principal Arterial,3,Urban,Freeway/Prin. Art.,2,Other Wayne,500-999,500-999,1000-1999,MD,1,1,265.118786549708,236.134730538922,0.00125548751018008,0.000792640472556795
21240,1,82-7061,2019,34235,32927.5,1307,607,593,3,Principal Arterial,3,Urban,Freeway/Prin. Art.,2,Other Wayne,500-999,500-999,1000-1999,PM,1,1,153.52485380117,118.51122754491,0.000727027077024784,0.000397810161978692
21240,1,82-7061,2019,34235,32927.5,1307,607,593,3,Principal Arterial,3,Urban,Freeway/Prin. Art.,2,Other Wayne,500-999,500-999,1000-1999,EV,1,1,45.0369152046784,44.8300898203593,0.000213275284156114,0.000150482495729767
21240,1,82-7061,2019,34235,32927.5,1307,607,593,3,Principal Arterial,3,Urban,Freeway/Prin. Art.,2,Other Wayne,500-999,500-999,1000-1999,NT,1,1,59.0138888888889,96.7619760479042,0.000279464165445943,0.00032480380266425
21305,1,82-1593,2019,12936,12142,794,447,290,3,Principal Arterial,3,Urban,Freeway/Prin. Art.,2,Other Wayne,200-499,200-499,500-999,AM,1,1,63,54,0.000298340657675405,0.000181263405939398
21305,1,82-1593,2019,12936,12142,794,447,290,3,Principal Arterial,3,Urban,Freeway/Prin. Art.,2,Other Wayne,200-499,200-499,500-999,MD,1,1,171,133,0.000809781785118958,0.000446445055369257
21305,1,82-1593,2019,12936,12142,794,447,290,3,Principal Arterial,3,Urban,Freeway/Prin. Art.,2,Other Wayne,200-499,200-499,500-999,PM,1,1,153.5,65.5,0.000726909380209123,0.00021986579794501
21305,1,82-1593,2019,12936,12142,794,447,290,3,Principal Arterial,3,Urban,Freeway/Prin. Art.,2,Other Wayne,200-499,200-499,500-999,EV,1,1,32.5,6.5,0.00015390589483255,2.18187433075201e-05
21305,1,82-1593,2019,12936,12142,794,447,290,3,Principal Arterial,3,Urban,Freeway/Prin. Art.,2,Other Wayne,200-499,200-499,500-999,NT,1,1,27,31,0.000127860281860888,0.000104058621928173
21339,1,81-5456,2019,18865,18329,536,440,95,3,Principal Arterial,4,Suburban,Freeway/Prin. Art.,5,Washtenaw,0-99,200-499,500-999,AM,1,1,84.7481562843245,14.3538767395626,0.000401330487026086,4.81820849305077e-05
21339,1,81-5456,2019,18865,18329,536,440,95,3,Principal Arterial,4,Suburban,Freeway/Prin. Art.,5,Washtenaw,0-99,200-499,500-999,MD,1,1,188.931429468068,34.6098409542744,0.000894697252746952,0.000116175882414678
21339,1,81-5456,2019,18865,18329,536,440,95,3,Principal Arterial,4,Suburban,Freeway/Prin. Art.,5,Washtenaw,0-99,200-499,500-999,PM,1,1,117.818923583869,37.962226640159,0.000557939288073332,0.000127428935145159
21339,1,81-5456,2019,18865,18329,536,440,95,3,Principal Arterial,4,Suburban,Freeway/Prin. Art.,5,Washtenaw,0-99,200-499,500-999,EV,1,1,28.7211674250745,4.10785288270378,0.000136010983790511,1.37889519373492e-05
21339,1,81-5456,2019,18865,18329,536,440,95,3,Principal Arterial,4,Suburban,Freeway/Prin. Art.,5,Washtenaw,0-99,200-499,500-999,NT,1,1,19.7803232386631,3.9662027833002,9.36710260961088e-05,1.33134708360613e-05
21368,1,81-5031,2019,23531,23030,501,230,69,3,Principal Arterial,3,Urban,Freeway/Prin. Art.,5,Washtenaw,0-99,200-499,200-499,AM,1,1,30,15.5,0.000142066979845431,5.20293109640864e-05
21368,1,81-5031,2019,23531,23030,501,230,69,3,Principal Arterial,3,Urban,Freeway/Prin. Art.,5,Washtenaw,0-99,200-499,200-499,MD,1,1,119.5,40,0.000565900136384301,0.000134269189584739
21368,1,81-5031,2019,23531,23030,501,230,69,3,Principal Arterial,3,Urban,Freeway/Prin. Art.,5,Washtenaw,0-99,200-499,200-499,PM,1,1,51.5,7,0.000243881648734657,2.34971081773293e-05
21368,1,81-5031,2019,23531,23030,501,230,69,3,Principal Arterial,3,Urban,Freeway/Prin. Art.,5,Washtenaw,0-99,200-499,200-499,EV,1,1,13,1,6.15623579330202e-05,3.35672973961847e-06
21368,1,81-5031,2019,23531,23030,501,230,69,3,Principal Arterial,3,Urban,Freeway/Prin. Art.,5,Washtenaw,0-99,200-499,200-499,NT,1,1,16,5.5,7.57690559175633e-05,1.84620135679016e-05
21397,0,63-5490,2019,14725,14633,92,66,21,4,Minor Arterial,4,Suburban,Other Road,3,Oakland,0-99,0-99,0-99,AM,1,1,10.8339622641509,4.35365853658537,5.13049432875765e-05,1.46140550858999e-05
21397,0,63-5490,2019,14725,14633,92,66,21,4,Minor Arterial,4,Suburban,Other Road,3,Oakland,0-99,0-99,0-99,MD,1,1,33,10.3719512195122,0.000156273677829974,3.48158371164087e-05
21397,0,63-5490,2019,14725,14633,92,66,21,4,Minor Arterial,4,Suburban,Other Road,3,Oakland,0-99,0-99,0-99,PM,1,1,14.3207547169811,3.84146341463415,6.78168790582907e-05,1.28947544875588e-05
21397,0,63-5490,2019,14725,14633,92,66,21,4,Minor Arterial,4,Suburban,Other Road,3,Oakland,0-99,0-99,0-99,EV,1,1,2.49056603773585,1.66463414634146,1.17942398362245e-05,5.5877269446088e-06
21397,0,63-5490,2019,14725,14633,92,66,21,4,Minor Arterial,4,Suburban,Other Road,3,Oakland,0-99,0-99,0-99,NT,1,1,5.35471698113208,0.768292682926829,2.53576156478826e-05,2.57895089751175e-06
21398,0,81-5025,2019,6509,6406,103,94,7,3,Principal Arterial,3,Urban,Freeway/Prin. Art.,5,Washtenaw,0-99,0-99,100-199,AM,1,1,14.0609418282548,0.933333333333333,6.65865179774154e-05,3.13294775697724e-06
21398,0,81-5025,2019,6509,6406,103,94,7,3,Principal Arterial,3,Urban,Freeway/Prin. Art.,5,Washtenaw,0-99,0-99,100-199,MD,1,1,38.797783933518,2.8,0.000183729466271016,9.39884327093173e-06
21398,0,81-5025,2019,6509,6406,103,94,7,3,Principal Arterial,3,Urban,Freeway/Prin. Art.,5,Washtenaw,0-99,0-99,100-199,PM,1,1,24.606648199446,1.4,0.000116526406460477,4.69942163546586e-06
21398,0,81-5025,2019,6509,6406,103,94,7,3,Principal Arterial,3,Urban,Freeway/Prin. Art.,5,Washtenaw,0-99,0-99,100-199,EV,1,1,8.72299168975069,0.7,4.13083028193225e-05,2.34971081773293e-06
21398,0,81-5025,2019,6509,6406,103,94,7,3,Principal Arterial,3,Urban,Freeway/Prin. Art.,5,Washtenaw,0-99,0-99,100-199,NT,1,1,7.81163434903047,1.16666666666667,3.6992509987453e-05,3.91618469622155e-06
21463,1,82-1403,2019,25336,24918,418,276,69,3,Principal Arterial,3,Urban,Freeway/Prin. Art.,2,Other Wayne,0-99,200-499,200-499,AM,1,1,57.75,17.1240875912409,0.000273478936202455,5.74809340813499e-05
21463,1,82-1403,2019,25336,24918,418,276,69,3,Principal Arterial,3,Urban,Freeway/Prin. Art.,2,Other Wayne,0-99,200-499,200-499,MD,1,1,125.5,29.463503649635,0.000594313532353387,9.89010189340874e-05
21463,1,82-1403,2019,25336,24918,418,276,69,3,Principal Arterial,3,Urban,Freeway/Prin. Art.,2,Other Wayne,0-99,200-499,200-499,PM,1,1,64.5,14.8576642335766,0.000305444006667677,4.98731633941124e-05
21463,1,82-1403,2019,25336,24918,418,276,69,3,Principal Arterial,3,Urban,Freeway/Prin. Art.,2,Other Wayne,0-99,200-499,200-499,EV,1,1,13,2.01459854014599,6.15623579330202e-05,6.76246283309999e-06
21463,1,82-1403,2019,25336,24918,418,276,69,3,Principal Arterial,3,Urban,Freeway/Prin. Art.,2,Other Wayne,0-99,200-499,200-499,NT,1,1,15.25,5.54014598540146,7.22173814214275e-05,1.8596772791025e-05
21491,0,63-6115,2019,3139,3080,59,41,16,5,Major Collector,4,Suburban,Other Road,3,Oakland,0-99,0-99,0-99,AM,1,1,5.125,3.73333333333333,2.42697757235945e-05,1.2531791027909e-05
21491,0,63-6115,2019,3139,3080,59,41,16,5,Major Collector,4,Suburban,Other Road,3,Oakland,0-99,0-99,0-99,MD,1,1,14.60625,8.53333333333333,6.91688608122443e-05,2.86440937780776e-05
21491,0,63-6115,2019,3139,3080,59,41,16,5,Major Collector,4,Suburban,Other Road,3,Oakland,0-99,0-99,0-99,PM,1,1,12.3,1.6,5.82474617366268e-05,5.37076758338956e-06
21491,0,63-6115,2019,3139,3080,59,41,16,5,Major Collector,4,Suburban,Other Road,3,Oakland,0-99,0-99,0-99,EV,1,1,4.86875,1.6,2.30562869374148e-05,5.37076758338956e-06
21491,0,63-6115,2019,3139,3080,59,41,16,5,Major Collector,4,Suburban,Other Road,3,Oakland,0-99,0-99,0-99,NT,1,1,4.1,0.533333333333333,1.94158205788756e-05,1.79025586112985e-06
21536,0,81-5062,2019,11593,11256,337,114,30,5,Major Collector,3,Urban,Other Road,5,Washtenaw,0-99,100-199,100-199,AM,1,1,11.5,6.5,5.44590089407486e-05,2.18187433075201e-05
21536,0,81-5062,2019,11593,11256,337,114,30,5,Major Collector,3,Urban,Other Road,5,Washtenaw,0-99,100-199,100-199,MD,1,1,56,10,0.000265191695711471,3.35672973961847e-05
21536,0,81-5062,2019,11593,11256,337,114,30,5,Major Collector,3,Urban,Other Road,5,Washtenaw,0-99,100-199,100-199,PM,1,1,33.5,7.5,0.000158641460827398,2.51754730471386e-05
21536,0,81-5062,2019,11593,11256,337,114,30,5,Major Collector,3,Urban,Other Road,5,Washtenaw,0-99,100-199,100-199,EV,1,1,5.5,2.5,2.60456129716624e-05,8.39182434904618e-06
21536,0,81-5062,2019,11593,11256,337,114,30,5,Major Collector,3,Urban,Other Road,5,Washtenaw,0-99,100-199,100-199,NT,1,1,7.5,3.5,3.55167449613578e-05,1.17485540886647e-05
21569,1,82-1591,2018,10810,10509,300,120,180,3,Principal Arterial,3,Urban,Freeway/Prin. Art.,1,Detroit,100-199,100-199,200-499,AM,1,1,23.347280334728,15.4213483146067,0.000110562586825315,5.17652985126557e-05
21569,1,82-1591,2018,10810,10509,300,120,180,3,Principal Arterial,3,Urban,Freeway/Prin. Art.,1,Detroit,100-199,100-199,200-499,MD,1,1,38.4100418410042,56.123595505618,0.000181893288002937,0.000188391742128026
21569,1,82-1591,2018,10810,10509,300,120,180,3,Principal Arterial,3,Urban,Freeway/Prin. Art.,1,Detroit,100-199,100-199,200-499,PM,1,1,37.6569037656904,69.7752808988764,0.000178326752944056,0.000234216760483491
21569,1,82-1591,2018,10810,10509,300,120,180,3,Principal Arterial,3,Urban,Freeway/Prin. Art.,1,Detroit,100-199,100-199,200-499,EV,1,1,8.78661087866109,32.3595505617978,4.16095756869464e-05,0.000108622265731474
21569,1,82-1591,2018,10810,10509,300,120,180,3,Principal Arterial,3,Urban,Freeway/Prin. Art.,1,Detroit,100-199,100-199,200-499,NT,1,1,11.7991631799163,6.32022471910112,5.58757159224708e-05,2.12152862756786e-05
21572,1,82-1406,2019,30928,29479,1449,772,650,3,Principal Arterial,3,Urban,Freeway/Prin. Art.,2,Other Wayne,500-999,500-999,1000-1999,AM,1,1,146.5,96,0.000693760418245189,0.000322246055003374
21572,1,82-1406,2019,30928,29479,1449,772,650,3,Principal Arterial,3,Urban,Freeway/Prin. Art.,2,Other Wayne,500-999,500-999,1000-1999,MD,1,1,333.5,261,0.00157931125928171,0.000876106462040422
21572,1,82-1406,2019,30928,29479,1449,772,650,3,Principal Arterial,3,Urban,Freeway/Prin. Art.,2,Other Wayne,500-999,500-999,1000-1999,PM,1,1,158,140,0.000748219427185937,0.000469942163546586
21572,1,82-1406,2019,30928,29479,1449,772,650,3,Principal Arterial,3,Urban,Freeway/Prin. Art.,2,Other Wayne,500-999,500-999,1000-1999,EV,1,1,55.5,43,0.000262823912714048,0.000144339378803594
21572,1,82-1406,2019,30928,29479,1449,772,650,3,Principal Arterial,3,Urban,Freeway/Prin. Art.,2,Other Wayne,500-999,500-999,1000-1999,NT,1,1,78.5,110,0.000371741930595545,0.000369240271358032
21609,1,82-5849,2019,8114,7690,424,223,172,3,Principal Arterial,3,Urban,Freeway/Prin. Art.,1,Detroit,100-199,200-499,200-499,AM,1,1,31.6866825208086,25.991643454039,0.000150054376235076,8.72469225637325e-05
21609,1,82-5849,2019,8114,7690,424,223,172,3,Principal Arterial,3,Urban,Freeway/Prin. Art.,1,Detroit,100-199,200-499,200-499,MD,1,1,96.3858501783591,58.6908077994429,0.000456441554489123,0.000197009179982622
21609,1,82-5849,2019,8114,7690,424,223,172,3,Principal Arterial,3,Urban,Freeway/Prin. Art.,1,Detroit,100-199,200-499,200-499,PM,1,1,75.9684898929846,65.2785515320334,0.000359753797417149,0.000219122455286794
21609,1,82-5849,2019,8114,7690,424,223,172,3,Principal Arterial,3,Urban,Freeway/Prin. Art.,1,Detroit,100-199,200-499,200-499,EV,1,1,11.4019024970274,12.0974930362117,5.39944617414918e-05,4.06080146494792e-05
21609,1,82-5849,2019,8114,7690,424,223,172,3,Principal Arterial,3,Urban,Freeway/Prin. Art.,1,Detroit,100-199,200-499,200-499,NT,1,1,7.55707491082045,9.94150417827298,3.57870269681981e-05,3.33709427317502e-05
21617,0,81-5073,2019,5311,4870,441,428,13,5,Major Collector,3,Urban,Other Road,5,Washtenaw,0-99,200-499,200-499,AM,1,1,89.2084309133489,3.10869565217391,0.000422452411886976,1.04350511470748e-05
21617,0,81-5073,2019,5311,4870,441,428,13,5,Major Collector,3,Urban,Other Road,5,Washtenaw,0-99,200-499,200-499,MD,1,1,110.007025761124,7.6304347826087,0.000520945530388715,2.56133073610018e-05
21617,0,81-5073,2019,5311,4870,441,428,13,5,Major Collector,3,Urban,Other Road,5,Washtenaw,0-99,200-499,200-499,PM,1,1,123.789227166276,1.1304347826087,0.000586212054697096,3.79456405348175e-06
21617,0,81-5073,2019,5311,4870,441,428,13,5,Major Collector,3,Urban,Other Road,5,Washtenaw,0-99,200-499,200-499,EV,1,1,54.3770491803279,0.847826086956522,0.000257506104998522,2.84592304011131e-06
21617,0,81-5073,2019,5311,4870,441,428,13,5,Major Collector,3,Urban,Other Road,5,Washtenaw,0-99,200-499,200-499,NT,1,1,50.6182669789227,0.282608695652174,0.000239706143823509,9.48641013370438e-07
21629,0,82-1242,2019,13908,13706.5,201,133,32,3,Principal Arterial,3,Urban,Freeway/Prin. Art.,2,Other Wayne,0-99,100-199,100-199,AM,1,1,22.9138576779026,5.16923076923077,0.000108510085230256,1.73517106540278e-05
21629,0,82-1242,2019,13908,13706.5,201,133,32,3,Principal Arterial,3,Urban,Freeway/Prin. Art.,2,Other Wayne,0-99,100-199,100-199,MD,1,1,62.5149812734082,14.7692307692308,0.000296043819486893,4.95763161543652e-05
21629,0,82-1242,2019,13908,13706.5,201,133,32,3,Principal Arterial,3,Urban,Freeway/Prin. Art.,2,Other Wayne,0-99,100-199,100-199,PM,1,1,29.6385767790262,6.4,0.000140355436330439,2.14830703335582e-05
21629,0,82-1242,2019,13908,13706.5,201,133,32,3,Principal Arterial,3,Urban,Freeway/Prin. Art.,2,Other Wayne,0-99,100-199,100-199,EV,1,1,7.47191011235955,2.46153846153846,3.53837234446486e-05,8.26271935906086e-06
21629,0,82-1242,2019,13908,13706.5,201,133,32,3,Principal Arterial,3,Urban,Freeway/Prin. Art.,2,Other Wayne,0-99,100-199,100-199,NT,1,1,10.4606741573034,3.2,4.9537212822508e-05,1.07415351667791e-05
21631,1,82-2556,2019,4570,4370,200,104,74,3,Principal Arterial,3,Urban,Freeway/Prin. Art.,1,Detroit,0-99,100-199,100-199,AM,1,1,18.5893719806763,16.041958041958,8.80311978172655e-05,5.38485176411523e-05
21631,1,82-2556,2019,4570,4370,200,104,74,3,Principal Arterial,3,Urban,Freeway/Prin. Art.,1,Detroit,0-99,100-199,100-199,MD,1,1,44.463768115942,35.1888111888112,0.000210561108292649,0.000118119329019302
21631,1,82-2556,2019,4570,4370,200,104,74,3,Principal Arterial,3,Urban,Freeway/Prin. Art.,1,Detroit,0-99,100-199,100-199,PM,1,1,19.5942028985507,15.2657342657343,9.27896409425231e-05,5.1242944206903e-05
21631,1,82-2556,2019,4570,4370,200,104,74,3,Principal Arterial,3,Urban,Freeway/Prin. Art.,1,Detroit,0-99,100-199,100-199,EV,1,1,7.28502415458937,4.3986013986014,3.44987126581176e-05,1.47649161274127e-05
21631,1,82-2556,2019,4570,4370,200,104,74,3,Principal Arterial,3,Urban,Freeway/Prin. Art.,1,Detroit,0-99,100-199,100-199,NT,1,1,14.0676328502415,3.10489510489511,6.66182037536064e-05,1.04222937369972e-05
21700,1,63-0987,2018,30234,29605,628,377,192,4,Minor Arterial,4,Suburban,Other Road,3,Oakland,100-199,200-499,500-999,AM,1,1,48.602787456446,29.7142857142857,0.000230161707533556,9.97428265486632e-05
21700,1,63-0987,2018,30234,29605,628,377,192,4,Minor Arterial,4,Suburban,Other Road,3,Oakland,100-199,200-499,500-999,MD,1,1,226.594076655052,100.190476190476,0.00107305120404158,0.000336312351055108
21700,1,63-0987,2018,30234,29605,628,377,192,4,Minor Arterial,4,Suburban,Other Road,3,Oakland,100-199,200-499,500-999,PM,1,1,80.4573170731707,33.5238095238095,0.000381010934768387,0.000112530368413876
21700,1,63-0987,2018,30234,29605,628,377,192,4,Minor Arterial,4,Suburban,Other Road,3,Oakland,100-199,200-499,500-999,EV,1,1,11.4939024390244,10.2857142857143,5.4430133538341e-05,3.45263630360757e-05
21700,1,63-0987,2018,30234,29605,628,377,192,4,Minor Arterial,4,Suburban,Other Road,3,Oakland,100-199,200-499,500-999,NT,1,1,9.85191637630662,18.2857142857143,4.66544001757209e-05,6.13802009530235e-05
21719,0,81-1639,2019,18460,18156,304,188,47,3,Principal Arterial,2,Urban Fringe,Freeway/Prin. Art.,5,Washtenaw,0-99,100-199,200-499,AM,1,1,21.5885167464115,8.58653846153846,0.000102233845783506,2.8822689014224e-05
21719,0,81-1639,2019,18460,18156,304,188,47,3,Principal Arterial,2,Urban Fringe,Freeway/Prin. Art.,5,Washtenaw,0-99,100-199,200-499,MD,1,1,103.894736842105,28.0192307692308,0.000492000382833125,9.40529852043099e-05
21719,0,81-1639,2019,18460,18156,304,188,47,3,Principal Arterial,2,Urban Fringe,Freeway/Prin. Art.,5,Washtenaw,0-99,100-199,200-499,PM,1,1,37.3301435406699,4.51923076923077,0.00017677935833398,1.51698363232758e-05
21719,0,81-1639,2019,18460,18156,304,188,47,3,Principal Arterial,2,Urban Fringe,Freeway/Prin. Art.,5,Washtenaw,0-99,100-199,200-499,EV,1,1,6.29665071770335,0.903846153846154,2.98182050201894e-05,3.03396726465516e-06
21719,0,81-1639,2019,18460,18156,304,188,47,3,Principal Arterial,2,Urban Fringe,Freeway/Prin. Art.,5,Washtenaw,0-99,100-199,200-499,NT,1,1,18.8899521531101,4.97115384615385,8.94546150605681e-05,1.66868199556034e-05
21733,1,82-1775,2019,14583.5,13327.5,1256,420,783,3,Principal Arterial,3,Urban,Freeway/Prin. Art.,1,Detroit,500-999,200-499,1000-1999,AM,1,1,70,133.886468952734,0.000331489619639339,0.000449420692066148
21733,1,82-1775,2019,14583.5,13327.5,1256,420,783,3,Principal Arterial,3,Urban,Freeway/Prin. Art.,1,Detroit,500-999,200-499,1000-1999,MD,1,1,177.058823529412,316.030120481928,0.000838473743793623,0.0010608277040369
21733,1,82-1775,2019,14583.5,13327.5,1256,420,783,3,Principal Arterial,3,Urban,Freeway/Prin. Art.,1,Detroit,500-999,200-499,1000-1999,PM,1,1,103.352941176471,140.417516218721,0.000489434673702789,0.00047134365265474
21733,1,82-1775,2019,14583.5,13327.5,1256,420,783,3,Principal Arterial,3,Urban,Freeway/Prin. Art.,1,Detroit,500-999,200-499,1000-1999,EV,1,1,25.1176470588235,57.3280815569972,0.000118946275282351,0.000192434876277646
21733,1,82-1775,2019,14583.5,13327.5,1256,420,783,3,Principal Arterial,3,Urban,Freeway/Prin. Art.,1,Detroit,500-999,200-499,1000-1999,NT,1,1,44.4705882352941,135.33781278962,0.000210593405417933,0.000454292461085835
21762,1,63-5437,2018,52746,51616,1130,629,451,3,Principal Arterial,4,Suburban,Freeway/Prin. Art.,3,Oakland,200-499,500-999,1000-1999,AM,1,1,103.256194690265,71,0.000488976524332595,0.000238327811512912
21762,1,63-5437,2018,52746,51616,1130,629,451,3,Principal Arterial,4,Suburban,Freeway/Prin. Art.,3,Oakland,200-499,500-999,1000-1999,MD,1,1,318.953097345133,208.5,0.00151042344173896,0.000699878150710452
21762,1,63-5437,2018,52746,51616,1130,629,451,3,Principal Arterial,4,Suburban,Freeway/Prin. Art.,3,Oakland,200-499,500-999,1000-1999,PM,1,1,112.440707964602,77.5,0.00053247039307377,0.000260146554820432
21762,1,63-5437,2018,52746,51616,1130,629,451,3,Principal Arterial,4,Suburban,Freeway/Prin. Art.,3,Oakland,200-499,500-999,1000-1999,EV,1,1,31.1716814159292,31,0.0001476155545155,0.000104058621928173
21762,1,63-5437,2018,52746,51616,1130,629,451,3,Principal Arterial,4,Suburban,Freeway/Prin. Art.,3,Oakland,200-499,500-999,1000-1999,NT,1,1,63.1783185840708,63,0.00029918509709838,0.000211473973595964
21771,1,63-5436,2019,50494,49400,1094,628,409,3,Principal Arterial,4,Suburban,Freeway/Prin. Art.,3,Oakland,200-499,500-999,1000-1999,AM,1,1,116.5,76,0.000551693438399758,0.000255111460211004
21771,1,63-5436,2019,50494,49400,1094,628,409,3,Principal Arterial,4,Suburban,Freeway/Prin. Art.,3,Oakland,200-499,500-999,1000-1999,MD,1,1,316.5,183,0.0014988066373693,0.000614281542350181
21771,1,63-5436,2019,50494,49400,1094,628,409,3,Principal Arterial,4,Suburban,Freeway/Prin. Art.,3,Oakland,200-499,500-999,1000-1999,PM,1,1,121,75,0.000573003485376572,0.000251754730471386
21771,1,63-5436,2019,50494,49400,1094,628,409,3,Principal Arterial,4,Suburban,Freeway/Prin. Art.,3,Oakland,200-499,500-999,1000-1999,EV,1,1,36.5,17,0.000172848158811941,5.70644055735141e-05
21771,1,63-5436,2019,50494,49400,1094,628,409,3,Principal Arterial,4,Suburban,Freeway/Prin. Art.,3,Oakland,200-499,500-999,1000-1999,NT,1,1,37.5,58,0.000177583724806789,0.000194690324897871
21817,0,82-6084,2017,2850.5,2786.5,63,37,23,3,Principal Arterial,3,Urban,Freeway/Prin. Art.,1,Detroit,0-99,0-99,0-99,AM,1,1,10.9261744966443,8.46703296703297,5.1741620400081e-05,2.84215413667696e-05
21817,0,82-6084,2017,2850.5,2786.5,63,37,23,3,Principal Arterial,3,Urban,Freeway/Prin. Art.,1,Detroit,0-99,0-99,0-99,MD,1,1,13.5335570469799,6.06593406593407,6.40890525410094e-05,2.03617012776857e-05
21817,0,82-6084,2017,2850.5,2786.5,63,37,23,3,Principal Arterial,3,Urban,Freeway/Prin. Art.,1,Detroit,0-99,0-99,0-99,PM,1,1,11.4228187919463,6.6978021978022,5.40935122364483e-05,2.24827118274446e-05
21817,0,82-6084,2017,2850.5,2786.5,63,37,23,3,Principal Arterial,3,Urban,Freeway/Prin. Art.,1,Detroit,0-99,0-99,0-99,EV,1,1,0.124161073825503,0.884615384615385,5.87972959091829e-07,2.9694147696625e-06
21817,0,82-6084,2017,2850.5,2786.5,63,37,23,3,Principal Arterial,3,Urban,Freeway/Prin. Art.,1,Detroit,0-99,0-99,0-99,NT,1,1,0.993288590604027,0.884615384615385,4.70378367273463e-06,2.9694147696625e-06
21881,1,63-5430,2018,21523,21004,519,364,131,3,Principal Arterial,3,Urban,Freeway/Prin. Art.,3,Oakland,100-199,200-499,200-499,AM,1,1,70.485549132948,23,0.000333788969602156,7.72047840112249e-05
21881,1,63-5430,2018,21523,21004,519,364,131,3,Principal Arterial,3,Urban,Freeway/Prin. Art.,3,Oakland,100-199,200-499,200-499,MD,1,1,167.622350674374,59,0.000793786703830002,0.00019804705463749
21881,1,63-5430,2018,21523,21004,519,364,131,3,Principal Arterial,3,Urban,Freeway/Prin. Art.,3,Oakland,100-199,200-499,200-499,PM,1,1,70.1348747591522,23,0.000332128327962344,7.72047840112249e-05
21881,1,63-5430,2018,21523,21004,519,364,131,3,Principal Arterial,3,Urban,Freeway/Prin. Art.,3,Oakland,100-199,200-499,200-499,EV,1,1,26.6512524084778,15,0.000126208764625691,5.03509460942771e-05
21881,1,63-5430,2018,21523,21004,519,364,131,3,Principal Arterial,3,Urban,Freeway/Prin. Art.,3,Oakland,100-199,200-499,200-499,NT,1,1,29.1059730250482,11,0.000137833256104373,3.69240271358032e-05
21890,0,63-5435,2019,16013,15779,234,194,26,3,Principal Arterial,3,Urban,Freeway/Prin. Art.,3,Oakland,0-99,100-199,200-499,AM,1,1,34.5,6.5,0.000163377026822246,2.18187433075201e-05
21890,0,63-5435,2019,16013,15779,234,194,26,3,Principal Arterial,3,Urban,Freeway/Prin. Art.,3,Oakland,0-99,100-199,200-499,MD,1,1,94.5,9.5,0.000447510986513108,3.18889325263755e-05
21890,0,63-5435,2019,16013,15779,234,194,26,3,Principal Arterial,3,Urban,Freeway/Prin. Art.,3,Oakland,0-99,100-199,200-499,PM,1,1,49.5,8,0.000234410516744961,2.68538379169478e-05
21890,0,63-5435,2019,16013,15779,234,194,26,3,Principal Arterial,3,Urban,Freeway/Prin. Art.,3,Oakland,0-99,100-199,200-499,EV,1,1,6,1.5,2.84133959690862e-05,5.03509460942771e-06
21890,0,63-5435,2019,16013,15779,234,194,26,3,Principal Arterial,3,Urban,Freeway/Prin. Art.,3,Oakland,0-99,100-199,200-499,NT,1,1,9.5,0.5,4.49878769510532e-05,1.67836486980924e-06
21956,1,77-7612,2019,7281,7098,183,115,64,4,Minor Arterial,4,Suburban,Other Road,7,St Clair,0-99,100-199,100-199,AM,1,1,24.0134099616858,11.3333333333333,0.000113717087634897,3.80429370490094e-05
21956,1,77-7612,2019,7281,7098,183,115,64,4,Minor Arterial,4,Suburban,Other Road,7,St Clair,0-99,100-199,100-199,MD,1,1,47.8065134099617,30.2222222222222,0.000226390899236445,0.000101447832130692
21956,1,77-7612,2019,7281,7098,183,115,64,4,Minor Arterial,4,Suburban,Other Road,7,St Clair,0-99,100-199,100-199,PM,1,1,35.0287356321839,11.5555555555556,0.00016588088930228,3.87888769911468e-05
21956,1,77-7612,2019,7281,7098,183,115,64,4,Minor Arterial,4,Suburban,Other Road,7,St Clair,0-99,100-199,100-199,EV,1,1,2.64367816091954,4.88888888888889,1.25193124001721e-05,1.64106787270237e-05
21956,1,77-7612,2019,7281,7098,183,115,64,4,Minor Arterial,4,Suburban,Other Road,7,St Clair,0-99,100-199,100-199,NT,1,1,5.50766283524904,6,2.60819008336919e-05,2.01403784377108e-05
21973,1,63-5534,2018,23346,22583,762,372,305,3,Principal Arterial,4,Suburban,Freeway/Prin. Art.,3,Oakland,200-499,200-499,500-999,AM,1,1,64.345945945946,35.8526490066225,0.00030471447352793,0.000120347653164633
21973,1,63-5534,2018,23346,22583,762,372,305,3,Principal Arterial,4,Suburban,Freeway/Prin. Art.,3,Oakland,200-499,200-499,500-999,MD,1,1,177.705405405405,120.434602649007,0.000841535674938463,0.000404266412391054
21973,1,63-5534,2018,23346,22583,762,372,305,3,Principal Arterial,4,Suburban,Freeway/Prin. Art.,3,Oakland,200-499,200-499,500-999,PM,1,1,83.4486486486487,109.577814569536,0.000395176582856534,0.000367823108967961
21973,1,63-5534,2018,23346,22583,762,372,305,3,Principal Arterial,4,Suburban,Freeway/Prin. Art.,3,Oakland,200-499,200-499,500-999,EV,1,1,23.3756756756757,22.9759933774834,0.000110697054836318,7.71242002674758e-05
21973,1,63-5534,2018,23346,22583,762,372,305,3,Principal Arterial,4,Suburban,Freeway/Prin. Art.,3,Oakland,200-499,200-499,500-999,NT,1,1,23.1243243243243,16.158940397351,0.0001095067639241,5.42411957925104e-05
21986,0,77-5195,2018,1505,1466,38,19,6,5,Major Collector,4,Suburban,Other Road,7,St Clair,0-99,0-99,0-99,AM,1,1,5.80555555555556,0.666666666666667,2.74925914700881e-05,2.23781982641232e-06
21986,0,77-5195,2018,1505,1466,38,19,6,5,Major Collector,4,Suburban,Other Road,7,St Clair,0-99,0-99,0-99,MD,1,1,5.01388888888889,1.33333333333333,2.3743601724167e-05,4.47563965282463e-06
21986,0,77-5195,2018,1505,1466,38,19,6,5,Major Collector,4,Suburban,Other Road,7,St Clair,0-99,0-99,0-99,PM,1,1,6.59722222222222,2.33333333333333,3.12415812160092e-05,7.83236939244311e-06
21986,0,77-5195,2018,1505,1466,38,19,6,5,Major Collector,4,Suburban,Other Road,7,St Clair,0-99,0-99,0-99,EV,1,1,0.527777777777778,1.66666666666667,2.49932649728073e-06,5.59454956603079e-06
21986,0,77-5195,2018,1505,1466,38,19,6,5,Major Collector,4,Suburban,Other Road,7,St Clair,0-99,0-99,0-99,NT,1,1,1.05555555555556,0,4.99865299456147e-06,0
22023,0,82-1433,2018,981,968,12,9,5,5,Major Collector,4,Suburban,Other Road,2,Other Wayne,0-99,0-99,0-99,AM,1,1,2.64705882352941,1.66666666666667,1.25353217510675e-05,5.59454956603079e-06
22023,0,82-1433,2018,981,968,12,9,5,5,Major Collector,4,Suburban,Other Road,2,Other Wayne,0-99,0-99,0-99,MD,1,1,3.17647058823529,1.38888888888889,1.50423861012809e-05,4.66212463835899e-06
22023,0,82-1433,2018,981,968,12,9,5,5,Major Collector,4,Suburban,Other Road,2,Other Wayne,0-99,0-99,0-99,PM,1,1,2.38235294117647,1.66666666666667,1.12817895759607e-05,5.59454956603079e-06
22023,0,82-1433,2018,981,968,12,9,5,5,Major Collector,4,Suburban,Other Road,2,Other Wayne,0-99,0-99,0-99,EV,1,1,0.794117647058824,0.277777777777778,3.76059652532024e-06,9.32424927671798e-07
22023,0,82-1433,2018,981,968,12,9,5,5,Major Collector,4,Suburban,Other Road,2,Other Wayne,0-99,0-99,0-99,NT,1,1,0,0,0,0
22024,0,82-1320,2018,6801,6744,56,43,17,5,Major Collector,4,Suburban,Other Road,2,Other Wayne,0-99,0-99,0-99,AM,1,1,4.35119047619048,1.59375,2.06053496561528e-05,5.34978802251694e-06
22024,0,82-1320,2018,6801,6744,56,43,17,5,Major Collector,4,Suburban,Other Road,2,Other Wayne,0-99,0-99,0-99,MD,1,1,24.827380952381,7.171875,0.000117571700979225,2.40740461013262e-05
22024,0,82-1320,2018,6801,6744,56,43,17,5,Major Collector,4,Suburban,Other Road,2,Other Wayne,0-99,0-99,0-99,PM,1,1,10.2380952380952,4.515625,4.8483175661536e-05,1.51577327304647e-05
22024,0,82-1320,2018,6801,6744,56,43,17,5,Major Collector,4,Suburban,Other Road,2,Other Wayne,0-99,0-99,0-99,EV,1,1,0.767857142857143,1.59375,3.6362381746152e-06,5.34978802251694e-06
22024,0,82-1320,2018,6801,6744,56,43,17,5,Major Collector,4,Suburban,Other Road,2,Other Wayne,0-99,0-99,0-99,NT,1,1,2.81547619047619,2.125,1.33328733069224e-05,7.13305069668926e-06
22045,0,81-5114,2019,12722,12335,386,125,18,3,Principal Arterial,3,Urban,Freeway/Prin. Art.,5,Washtenaw,0-99,100-199,100-199,AM,1,1,16.1852589641434,0.972972972972973,7.66463619684016e-05,3.26600731422338e-06
22045,0,81-5114,2019,12722,12335,386,125,18,3,Principal Arterial,3,Urban,Freeway/Prin. Art.,5,Washtenaw,0-99,100-199,100-199,MD,1,1,67.4800796812749,9.97297297297297,0.000319556370668259,3.34765749707897e-05
22045,0,81-5114,2019,12722,12335,386,125,18,3,Principal Arterial,3,Urban,Freeway/Prin. Art.,5,Washtenaw,0-99,100-199,100-199,PM,1,1,29.6314741035857,5.35135135135135,0.000140321801142151,1.79630402282286e-05
22045,0,81-5114,2019,12722,12335,386,125,18,3,Principal Arterial,3,Urban,Freeway/Prin. Art.,5,Washtenaw,0-99,100-199,100-199,EV,1,1,3.98406374501992,0.243243243243243,1.88667967922219e-05,8.16501828555845e-07
22045,0,81-5114,2019,12722,12335,386,125,18,3,Principal Arterial,3,Urban,Freeway/Prin. Art.,5,Washtenaw,0-99,100-199,100-199,NT,1,1,7.7191235059761,1.45945945945946,3.655441878493e-05,4.89901097133507e-06
22082,0,81-5412,2019,11091,10952,139,96,19,4,Minor Arterial,3,Urban,Other Road,5,Washtenaw,0-99,0-99,100-199,AM,1,1,17.8429319371728,0.575757575757576,8.44963817300575e-05,1.93266257735609e-06
22082,0,81-5412,2019,11091,10952,139,96,19,4,Minor Arterial,3,Urban,Other Road,5,Washtenaw,0-99,0-99,100-199,MD,1,1,38.1989528795812,2.59090909090909,0.000180893662295334,8.69698159810241e-06
22082,0,81-5412,2019,11091,10952,139,96,19,4,Minor Arterial,3,Urban,Other Road,5,Washtenaw,0-99,0-99,100-199,PM,1,1,27.6439790575916,13.530303030303,0.000130909887187413,4.54175705678681e-05
22082,0,81-5412,2019,11091,10952,139,96,19,4,Minor Arterial,3,Urban,Other Road,5,Washtenaw,0-99,0-99,100-199,EV,1,1,7.03664921465969,2.3030303030303,3.33225167386142e-05,7.73065030942437e-06
22082,0,81-5412,2019,11091,10952,139,96,19,4,Minor Arterial,3,Urban,Other Road,5,Washtenaw,0-99,0-99,100-199,NT,1,1,5.27748691099477,0,2.49918875539607e-05,0
22083,0,77-5269,2018,1013,978,34,18,9,5,Major Collector,4,Suburban,Other Road,7,St Clair,0-99,0-99,0-99,AM,1,1,1.58823529411765,0,7.52119305064047e-06,0
22083,0,77-5269,2018,1013,978,34,18,9,5,Major Collector,4,Suburban,Other Road,7,St Clair,0-99,0-99,0-99,MD,1,1,10.3235294117647,3.9,4.88877548291631e-05,1.3091245984512e-05
22083,0,77-5269,2018,1013,978,34,18,9,5,Major Collector,4,Suburban,Other Road,7,St Clair,0-99,0-99,0-99,PM,1,1,2.38235294117647,4.5,1.12817895759607e-05,1.51052838282831e-05
22083,0,77-5269,2018,1013,978,34,18,9,5,Major Collector,4,Suburban,Other Road,7,St Clair,0-99,0-99,0-99,EV,1,1,1.05882352941176,0.6,5.01412870042698e-06,2.01403784377108e-06
22083,0,77-5269,2018,1013,978,34,18,9,5,Major Collector,4,Suburban,Other Road,7,St Clair,0-99,0-99,0-99,NT,1,1,2.64705882352941,0,1.25353217510675e-05,0
22111,1,82-0172,2019,14702,14242,460,227,220,3,Principal Arterial,4,Suburban,Freeway/Prin. Art.,2,Other Wayne,200-499,200-499,200-499,AM,1,1,29.989837398374,37.8991596638656,0.000142018854174752,0.000127217236350246
22111,1,82-0172,2019,14702,14242,460,227,220,3,Principal Arterial,4,Suburban,Freeway/Prin. Art.,2,Other Wayne,200-499,200-499,200-499,MD,1,1,128.264227642276,101.680672268908,0.000607403714778169,0.000341314536549441
22111,1,82-0172,2019,14702,14242,460,227,220,3,Principal Arterial,4,Suburban,Freeway/Prin. Art.,2,Other Wayne,200-499,200-499,200-499,PM,1,1,47.5223577235772,42.0588235294118,0.000225045261230761,0.000141180103754542
22111,1,82-0172,2019,14702,14242,460,227,220,3,Principal Arterial,4,Suburban,Freeway/Prin. Art.,2,Other Wayne,200-499,200-499,200-499,EV,1,1,9.6890243902439,12.4789915966387,4.5883014425689e-05,4.1888602212886e-05
22111,1,82-0172,2019,14702,14242,460,227,220,3,Principal Arterial,4,Suburban,Freeway/Prin. Art.,2,Other Wayne,200-499,200-499,200-499,NT,1,1,11.5345528455285,25.8823529411765,5.46226362210584e-05,8.68800638489488e-05
22116,1,82-1594,2019,23594,23040,554,321,123,3,Principal Arterial,3,Urban,Freeway/Prin. Art.,1,Detroit,100-199,200-499,200-499,AM,1,1,58.6866412213741,20.3517652062952,0.000277914462519766,6.83153755217036e-05
22116,1,82-1594,2019,23594,23040,554,321,123,3,Principal Arterial,3,Urban,Freeway/Prin. Art.,1,Detroit,100-199,200-499,200-499,MD,1,1,127.052290076336,28.0163760102084,0.000601664504453023,9.40434025498002e-05
22116,1,82-1594,2019,23594,23040,554,321,123,3,Principal Arterial,3,Urban,Freeway/Prin. Art.,1,Detroit,100-199,200-499,200-499,PM,1,1,83.5580152671756,58.7271373883454,0.000395694495696202,0.000197131128594119
22116,1,82-1594,2019,23594,23040,554,321,123,3,Principal Arterial,3,Urban,Freeway/Prin. Art.,1,Detroit,100-199,200-499,200-499,EV,1,1,27.3217557251908,11.7715865589111,0.000129383977331749,3.951403468479e-05
22116,1,82-1594,2019,23594,23040,554,321,123,3,Principal Arterial,3,Urban,Freeway/Prin. Art.,1,Detroit,100-199,200-499,200-499,NT,1,1,24.3812977099237,4.1331348362399,0.000115459244345373,1.38738166226596e-05
22149,1,63-5092,2018,20434,19936,498,295,113,3,Principal Arterial,3,Urban,Freeway/Prin. Art.,3,Oakland,100-199,200-499,200-499,AM,1,1,55.5519480519481,19.5,0.000263069916142351,6.54562299225603e-05
22149,1,63-5092,2018,20434,19936,498,295,113,3,Principal Arterial,3,Urban,Freeway/Prin. Art.,3,Oakland,100-199,200-499,200-499,MD,1,1,144.818181818182,55.5,0.000685796057253854,0.000186298500548825
22149,1,63-5092,2018,20434,19936,498,295,113,3,Principal Arterial,3,Urban,Freeway/Prin. Art.,3,Oakland,100-199,200-499,200-499,PM,1,1,75.474025974026,23,0.00035741223089685,7.72047840112249e-05
22149,1,63-5092,2018,20434,19936,498,295,113,3,Principal Arterial,3,Urban,Freeway/Prin. Art.,3,Oakland,100-199,200-499,200-499,EV,1,1,8.81168831168831,6.5,4.17283315260281e-05,2.18187433075201e-05
22149,1,63-5092,2018,20434,19936,498,295,113,3,Principal Arterial,3,Urban,Freeway/Prin. Art.,3,Oakland,100-199,200-499,200-499,NT,1,1,10.3441558441558,8.5,4.89854326609896e-05,2.8532202786757e-05
22168,0,82-5887,2019,1851,1760.5,90,37,20,3,Principal Arterial,3,Urban,Freeway/Prin. Art.,1,Detroit,0-99,0-99,0-99,AM,1,1,2.22,1.21951219512195,1.05129565085619e-05,4.09357285319326e-06
22168,0,82-5887,2019,1851,1760.5,90,37,20,3,Principal Arterial,3,Urban,Freeway/Prin. Art.,1,Detroit,0-99,0-99,0-99,MD,1,1,13.32,7.5609756097561,6.30777390513714e-05,2.53801516897982e-05
22168,0,82-5887,2019,1851,1760.5,90,37,20,3,Principal Arterial,3,Urban,Freeway/Prin. Art.,1,Detroit,0-99,0-99,0-99,PM,1,1,15.0466666666667,9.02439024390244,7.12544830024751e-05,3.02924391136301e-05
22168,0,82-5887,2019,1851,1760.5,90,37,20,3,Principal Arterial,3,Urban,Freeway/Prin. Art.,1,Detroit,0-99,0-99,0-99,EV,1,1,3.20666666666667,0.975609756097561,1.51853816234783e-05,3.27485828255461e-06
22168,0,82-5887,2019,1851,1760.5,90,37,20,3,Principal Arterial,3,Urban,Freeway/Prin. Art.,1,Detroit,0-99,0-99,0-99,NT,1,1,3.20666666666667,1.21951219512195,1.51853816234783e-05,4.09357285319326e-06
22203,0,82-1787,2019,7107.5,7012,95,63,22,4,Minor Arterial,3,Urban,Other Road,1,Detroit,0-99,0-99,0-99,AM,1,1,10.836,1.27906976744186,5.13145931201697e-05,4.29349152741898e-06
22203,0,82-1787,2019,7107.5,7012,95,63,22,4,Minor Arterial,3,Urban,Other Road,1,Detroit,0-99,0-99,0-99,MD,1,1,24.57,8.31395348837209,0.000116352856493408,2.79076949282234e-05
22203,0,82-1787,2019,7107.5,7012,95,63,22,4,Minor Arterial,3,Urban,Other Road,1,Detroit,0-99,0-99,0-99,PM,1,1,14.994,8.56976744186047,7.10050765267465e-05,2.87663932337072e-05
22203,0,82-1787,2019,7107.5,7012,95,63,22,4,Minor Arterial,3,Urban,Other Road,1,Detroit,0-99,0-99,0-99,EV,1,1,6.3,2.55813953488372,2.98340657675405e-05,8.58698305483796e-06
22203,0,82-1787,2019,7107.5,7012,95,63,22,4,Minor Arterial,3,Urban,Other Road,1,Detroit,0-99,0-99,0-99,NT,1,1,6.3,1.27906976744186,2.98340657675405e-05,4.29349152741898e-06
22226,1,82-1387,2019,9084,8841,243,127,102,3,Principal Arterial,3,Urban,Freeway/Prin. Art.,1,Detroit,100-199,100-199,200-499,AM,1,1,20.625,17.4605911330049,9.76710486437339e-05,5.86104855274763e-05
22226,1,82-1387,2019,9084,8841,243,127,102,3,Principal Arterial,3,Urban,Freeway/Prin. Art.,1,Detroit,100-199,100-199,200-499,MD,1,1,57.375,47.3571428571429,0.000271703098954387,0.000158965129811932
22226,1,82-1387,2019,9084,8841,243,127,102,3,Principal Arterial,3,Urban,Freeway/Prin. Art.,1,Detroit,100-199,100-199,200-499,PM,1,1,23.375,26.5049261083744,0.000110693855129565,8.89698737143704e-05
22226,1,82-1387,2019,9084,8841,243,127,102,3,Principal Arterial,3,Urban,Freeway/Prin. Art.,1,Detroit,100-199,100-199,200-499,EV,1,1,12.75,6.02955665024631,6.03784664343082e-05,2.02395921245961e-05
22226,1,82-1387,2019,9084,8841,243,127,102,3,Principal Arterial,3,Urban,Freeway/Prin. Art.,1,Detroit,100-199,100-199,200-499,NT,1,1,12.875,4.64778325123153,6.09704121836642e-05,1.56013522627095e-05
22242,1,82-1229,2019,19601,18442.5,1158,416,714,3,Principal Arterial,4,Suburban,Freeway/Prin. Art.,2,Other Wayne,500-999,200-499,1000-1999,AM,1,1,82.5476477683957,126.891578947368,0.00039090983372668,0.000425940736759777
22242,1,82-1229,2019,19601,18442.5,1158,416,714,3,Principal Arterial,4,Suburban,Freeway/Prin. Art.,2,Other Wayne,500-999,200-499,1000-1999,MD,1,1,166.600723763571,253.657894736842,0.000788948722171781,0.00085146099895217
22242,1,82-1229,2019,19601,18442.5,1158,416,714,3,Principal Arterial,4,Suburban,Freeway/Prin. Art.,2,Other Wayne,500-999,200-499,1000-1999,PM,1,1,87.5657418576598,158.708421052632,0.000414673349454746,0.000532741276875259
22242,1,82-1229,2019,19601,18442.5,1158,416,714,3,Principal Arterial,4,Suburban,Freeway/Prin. Art.,2,Other Wayne,500-999,200-499,1000-1999,EV,1,1,30.108564535585,59.1242105263158,0.000142581094368394,0.000198463995805148
22242,1,82-1229,2019,19601,18442.5,1158,416,714,3,Principal Arterial,4,Suburban,Freeway/Prin. Art.,2,Other Wayne,500-999,200-499,1000-1999,NT,1,1,49.1773220747889,115.617894736842,0.000232882454135044,0.000388098025695236
22261,1,82-6321,2019,12096.5,11932,164,111,51,3,Principal Arterial,3,Urban,Freeway/Prin. Art.,2,Other Wayne,0-99,100-199,100-199,AM,1,1,26.9356659142212,8.75,0.000127555623551964,2.93713852216617e-05
22261,1,82-6321,2019,12096.5,11932,164,111,51,3,Principal Arterial,3,Urban,Freeway/Prin. Art.,2,Other Wayne,0-99,100-199,100-199,MD,1,1,52.8690744920993,25.375,0.000250364991343856,8.51770171428188e-05
22261,1,82-6321,2019,12096.5,11932,164,111,51,3,Principal Arterial,3,Urban,Freeway/Prin. Art.,2,Other Wayne,0-99,100-199,100-199,PM,1,1,21.7990970654628,10.625,0.00010323106278159,3.56652534834463e-05
22261,1,82-6321,2019,12096.5,11932,164,111,51,3,Principal Arterial,3,Urban,Freeway/Prin. Art.,2,Other Wayne,0-99,100-199,100-199,EV,1,1,5.26185101580135,5,2.49178427403837e-05,1.67836486980924e-05
22261,1,82-6321,2019,12096.5,11932,164,111,51,3,Principal Arterial,3,Urban,Freeway/Prin. Art.,2,Other Wayne,0-99,100-199,100-199,NT,1,1,4.13431151241535,1.25,1.95783050103015e-05,4.19591217452309e-06
22273,1,82-6321,2019,12096.5,11932,164,111,51,3,Principal Arterial,3,Urban,Freeway/Prin. Art.,2,Other Wayne,0-99,100-199,100-199,AM,1,1,26.9356659142212,8.75,0.000127555623551964,2.93713852216617e-05
22273,1,82-6321,2019,12096.5,11932,164,111,51,3,Principal Arterial,3,Urban,Freeway/Prin. Art.,2,Other Wayne,0-99,100-199,100-199,MD,1,1,52.8690744920993,25.375,0.000250364991343856,8.51770171428188e-05
22273,1,82-6321,2019,12096.5,11932,164,111,51,3,Principal Arterial,3,Urban,Freeway/Prin. Art.,2,Other Wayne,0-99,100-199,100-199,PM,1,1,21.7990970654628,10.625,0.00010323106278159,3.56652534834463e-05
22273,1,82-6321,2019,12096.5,11932,164,111,51,3,Principal Arterial,3,Urban,Freeway/Prin. Art.,2,Other Wayne,0-99,100-199,100-199,EV,1,1,5.26185101580135,5,2.49178427403837e-05,1.67836486980924e-05
22273,1,82-6321,2019,12096.5,11932,164,111,51,3,Principal Arterial,3,Urban,Freeway/Prin. Art.,2,Other Wayne,0-99,100-199,100-199,NT,1,1,4.13431151241535,1.25,1.95783050103015e-05,4.19591217452309e-06
22302,0,82-1334,2019,18642,18195,447,190,38,3,Principal Arterial,3,Urban,Freeway/Prin. Art.,1,Detroit,0-99,100-199,200-499,AM,1,1,28,6.5,0.000132595847855736,2.18187433075201e-05
22302,0,82-1334,2019,18642,18195,447,190,38,3,Principal Arterial,3,Urban,Freeway/Prin. Art.,1,Detroit,0-99,100-199,200-499,MD,1,1,97,12,0.000459349901500227,4.02807568754217e-05
22302,0,82-1334,2019,18642,18195,447,190,38,3,Principal Arterial,3,Urban,Freeway/Prin. Art.,1,Detroit,0-99,100-199,200-499,PM,1,1,38.5,14.5,0.000182319290801637,4.86725812244679e-05
22302,0,82-1334,2019,18642,18195,447,190,38,3,Principal Arterial,3,Urban,Freeway/Prin. Art.,1,Detroit,0-99,100-199,200-499,EV,1,1,9.5,1.5,4.49878769510532e-05,5.03509460942771e-06
22302,0,82-1334,2019,18642,18195,447,190,38,3,Principal Arterial,3,Urban,Freeway/Prin. Art.,1,Detroit,0-99,100-199,200-499,NT,1,1,17,3.5,8.0504621912411e-05,1.17485540886647e-05
22305,1,82-0890,2019,19720,18760,960,470,443,1,Interstate Freeway,3,Urban,Interstate,1,Detroit,200-499,200-499,500-999,AM,1,1,87.9847182425979,83.3433062880325,0.000416657439775903,0.00027976095481517
22305,1,82-0890,2019,19720,18760,960,470,443,1,Interstate Freeway,3,Urban,Interstate,1,Detroit,200-499,200-499,500-999,MD,1,1,217.268385864374,204.651622718053,0.00102888877985478,0.000686960188238867
22305,1,82-0890,2019,19720,18760,960,470,443,1,Interstate Freeway,3,Urban,Interstate,1,Detroit,200-499,200-499,500-999,PM,1,1,105.49188156638,97.2712981744422,0.000499563767078251,0.000326513459393446
22305,1,82-0890,2019,19720,18760,960,470,443,1,Interstate Freeway,3,Urban,Interstate,1,Detroit,200-499,200-499,500-999,EV,1,1,26.03629417383,17.9716024340771,0.000123296589321441,6.03258123590663e-05
22305,1,82-0890,2019,19720,18760,960,470,443,1,Interstate Freeway,3,Urban,Interstate,1,Detroit,200-499,200-499,500-999,NT,1,1,33.2187201528176,39.7621703853955,0.000157309441548045,0.000133470859844434
22333,1,82-0890,2019,19720,18760,960,470,443,1,Interstate Freeway,3,Urban,Interstate,1,Detroit,200-499,200-499,500-999,AM,1,1,87.9847182425979,83.3433062880325,0.000416657439775903,0.00027976095481517
22333,1,82-0890,2019,19720,18760,960,470,443,1,Interstate Freeway,3,Urban,Interstate,1,Detroit,200-499,200-499,500-999,MD,1,1,217.268385864374,204.651622718053,0.00102888877985478,0.000686960188238867
22333,1,82-0890,2019,19720,18760,960,470,443,1,Interstate Freeway,3,Urban,Interstate,1,Detroit,200-499,200-499,500-999,PM,1,1,105.49188156638,97.2712981744422,0.000499563767078251,0.000326513459393446
22333,1,82-0890,2019,19720,18760,960,470,443,1,Interstate Freeway,3,Urban,Interstate,1,Detroit,200-499,200-499,500-999,EV,1,1,26.03629417383,17.9716024340771,0.000123296589321441,6.03258123590663e-05
22333,1,82-0890,2019,19720,18760,960,470,443,1,Interstate Freeway,3,Urban,Interstate,1,Detroit,200-499,200-499,500-999,NT,1,1,33.2187201528176,39.7621703853955,0.000157309441548045,0.000133470859844434
22335,0,82-6346,2019,15166,14992.5,173,127,31,3,Principal Arterial,3,Urban,Freeway/Prin. Art.,2,Other Wayne,0-99,100-199,100-199,AM,1,1,18.178431372549,12.0555555555556,8.60851614475158e-05,4.0467241860956e-05
22335,0,82-6346,2019,15166,14992.5,173,127,31,3,Principal Arterial,3,Urban,Freeway/Prin. Art.,2,Other Wayne,0-99,100-199,100-199,MD,1,1,70.9705882352941,12.7936507936508,0.000336085904281397,4.29448280973411e-05
22335,0,82-6346,2019,15166,14992.5,173,127,31,3,Principal Arterial,3,Urban,Freeway/Prin. Art.,2,Other Wayne,0-99,100-199,100-199,PM,1,1,26.1470588235294,3.1984126984127,0.000123821122629989,1.07362070243353e-05
22335,0,82-6346,2019,15166,14992.5,173,127,31,3,Principal Arterial,3,Urban,Freeway/Prin. Art.,2,Other Wayne,0-99,100-199,100-199,EV,1,1,6.47450980392157,0.246031746031746,3.06604684607591e-05,8.25862078795021e-07
22335,0,82-6346,2019,15166,14992.5,173,127,31,3,Principal Arterial,3,Urban,Freeway/Prin. Art.,2,Other Wayne,0-99,100-199,100-199,NT,1,1,5.22941176470588,2.70634920634921,2.47642245259977e-05,9.08448286674524e-06
22336,0,82-1112,2019,15373.5,15173.5,200,148,33,3,Principal Arterial,3,Urban,Freeway/Prin. Art.,2,Other Wayne,0-99,100-199,100-199,AM,1,1,26.25,8,0.000124308607364752,2.68538379169478e-05
22336,0,82-1112,2019,15373.5,15173.5,200,148,33,3,Principal Arterial,3,Urban,Freeway/Prin. Art.,2,Other Wayne,0-99,100-199,100-199,MD,1,1,81,15,0.000383580845582664,5.03509460942771e-05
22336,0,82-1112,2019,15373.5,15173.5,200,148,33,3,Principal Arterial,3,Urban,Freeway/Prin. Art.,2,Other Wayne,0-99,100-199,100-199,PM,1,1,26,4,0.00012312471586604,1.34269189584739e-05
22336,0,82-1112,2019,15373.5,15173.5,200,148,33,3,Principal Arterial,3,Urban,Freeway/Prin. Art.,2,Other Wayne,0-99,100-199,100-199,EV,1,1,6.5,1,3.07811789665101e-05,3.35672973961847e-06
22336,0,82-1112,2019,15373.5,15173.5,200,148,33,3,Principal Arterial,3,Urban,Freeway/Prin. Art.,2,Other Wayne,0-99,100-199,100-199,NT,1,1,8.25,5,3.90684194574936e-05,1.67836486980924e-05
22360,0,82-5875,2018,1352,1328,23,21,3,4,Minor Arterial,3,Urban,Other Road,1,Detroit,0-99,0-99,0-99,AM,1,1,3.70588235294118,0.9,1.75494504514944e-05,3.02105676565663e-06
22360,0,82-5875,2018,1352,1328,23,21,3,4,Minor Arterial,3,Urban,Other Road,1,Detroit,0-99,0-99,0-99,MD,1,1,12.7235294117647,0.3,6.02531132167976e-05,1.00701892188554e-06
22360,0,82-5875,2018,1352,1328,23,21,3,4,Minor Arterial,3,Urban,Other Road,1,Detroit,0-99,0-99,0-99,PM,1,1,1.97647058823529,0.6,9.3597069074637e-06,2.01403784377109e-06
22360,0,82-5875,2018,1352,1328,23,21,3,4,Minor Arterial,3,Urban,Other Road,1,Detroit,0-99,0-99,0-99,EV,1,1,1.11176470588235,0.6,5.26483513544833e-06,2.01403784377109e-06
22360,0,82-5875,2018,1352,1328,23,21,3,4,Minor Arterial,3,Urban,Other Road,1,Detroit,0-99,0-99,0-99,NT,1,1,1.48235294117647,0.6,7.01978018059777e-06,2.01403784377109e-06
22394,1,82-6110,2019,2414,2210.5,203,106,73,4,Minor Arterial,3,Urban,Other Road,1,Detroit,0-99,100-199,100-199,AM,1,1,20.6525821596244,19.8639455782313,9.78016657809157e-05,6.66778968686119e-05
22394,1,82-6110,2019,2414,2210.5,203,106,73,4,Minor Arterial,3,Urban,Other Road,1,Detroit,0-99,100-199,100-199,MD,1,1,53.4976525821596,31.2857142857143,0.000253341664372252,0.000105017687568064
22394,1,82-6110,2019,2414,2210.5,203,106,73,4,Minor Arterial,3,Urban,Other Road,1,Detroit,0-99,100-199,100-199,PM,1,1,17.169014084507,9.93197278911565,8.13049992636528e-05,3.33389484343059e-05
22394,1,82-6110,2019,2414,2210.5,203,106,73,4,Minor Arterial,3,Urban,Other Road,1,Detroit,0-99,100-199,100-199,EV,1,1,4.97652582159624,0.993197278911565,2.35666664532327e-05,3.33389484343059e-06
22394,1,82-6110,2019,2414,2210.5,203,106,73,4,Minor Arterial,3,Urban,Other Road,1,Detroit,0-99,100-199,100-199,NT,1,1,9.70422535211268,10.9251700680272,4.59549995838038e-05,3.66728432777365e-05
22415,0,82-6322,2019,2004.5,1880,124,63,17,5,Major Collector,3,Urban,Other Road,2,Other Wayne,0-99,0-99,0-99,AM,1,1,12.9262948207171,2.7910447761194,6.12133221923641e-05,9.36878300460679e-06
22415,0,82-6322,2019,2004.5,1880,124,63,17,5,Major Collector,3,Urban,Other Road,2,Other Wayne,0-99,0-99,0-99,MD,1,1,24.0956175298805,6.72388059701493,0.000114106386999358,2.25702499656436e-05
22415,0,82-6322,2019,2004.5,1880,124,63,17,5,Major Collector,3,Urban,Other Road,2,Other Wayne,0-99,0-99,0-99,PM,1,1,16.8167330677291,4.05970149253731,7.96367492599688e-05,1.36273207339735e-05
22415,0,82-6322,2019,2004.5,1880,124,63,17,5,Major Collector,3,Urban,Other Road,2,Other Wayne,0-99,0-99,0-99,EV,1,1,4.76892430278885,1.3955223880597,2.25835557602897e-05,4.68439150230339e-06
22415,0,82-6322,2019,2004.5,1880,124,63,17,5,Major Collector,3,Urban,Other Road,2,Other Wayne,0-99,0-99,0-99,NT,1,1,4.39243027888446,2.02985074626866,2.08006434634247e-05,6.81366036698675e-06
22418,0,82-2468,2018,136,53,82,26,57,4,Minor Arterial,3,Urban,Other Road,1,Detroit,0-99,0-99,0-99,AM,1,1,1.56,7,7.38748295196242e-06,2.34971081773293e-05
22418,0,82-2468,2018,136,53,82,26,57,4,Minor Arterial,3,Urban,Other Road,1,Detroit,0-99,0-99,0-99,MD,1,1,17.16,15.25,8.12623124715866e-05,5.11901285291817e-05
22418,0,82-2468,2018,136,53,82,26,57,4,Minor Arterial,3,Urban,Other Road,1,Detroit,0-99,0-99,0-99,PM,1,1,5.72,11.25,2.70874374905289e-05,3.77632095707078e-05
22418,0,82-2468,2018,136,53,82,26,57,4,Minor Arterial,3,Urban,Other Road,1,Detroit,0-99,0-99,0-99,EV,1,1,0.52,13.5,2.46249431732081e-06,4.53158514848494e-05
22418,0,82-2468,2018,136,53,82,26,57,4,Minor Arterial,3,Urban,Other Road,1,Detroit,0-99,0-99,0-99,NT,1,1,1.04,10,4.92498863464161e-06,3.35672973961847e-05
22441,0,82-1223,2018,3785,3768,16,6,14,3,Principal Arterial,4,Suburban,Freeway/Prin. Art.,2,Other Wayne,0-99,0-99,0-99,AM,1,1,0.6,0,2.84133959690862e-06,0
22441,0,82-1223,2018,3785,3768,16,6,14,3,Principal Arterial,4,Suburban,Freeway/Prin. Art.,2,Other Wayne,0-99,0-99,0-99,MD,1,1,2.4,4.48,1.13653583876345e-05,1.50381492334908e-05
22441,0,82-1223,2018,3785,3768,16,6,14,3,Principal Arterial,4,Suburban,Freeway/Prin. Art.,2,Other Wayne,0-99,0-99,0-99,PM,1,1,2.4,5.88,1.13653583876345e-05,1.97375708689566e-05
22441,0,82-1223,2018,3785,3768,16,6,14,3,Principal Arterial,4,Suburban,Freeway/Prin. Art.,2,Other Wayne,0-99,0-99,0-99,EV,1,1,0.6,3.64,2.84133959690862e-06,1.22184962522112e-05
22441,0,82-1223,2018,3785,3768,16,6,14,3,Principal Arterial,4,Suburban,Freeway/Prin. Art.,2,Other Wayne,0-99,0-99,0-99,NT,1,1,0,0,0,0
22450,1,82-1792,2018,7454.5,7117,337,141,187,3,Principal Arterial,3,Urban,Freeway/Prin. Art.,1,Detroit,100-199,100-199,200-499,AM,1,1,27.2017699115044,33.5093959731544,0.000128815776592592,0.000112481986019739
22450,1,82-1792,2018,7454.5,7117,337,141,187,3,Principal Arterial,3,Urban,Freeway/Prin. Art.,1,Detroit,100-199,100-199,200-499,MD,1,1,42.424778761062,62.2496644295302,0.000200905339639822,0.000208955299871874
22450,1,82-1792,2018,7454.5,7117,337,141,187,3,Principal Arterial,3,Urban,Freeway/Prin. Art.,1,Detroit,100-199,100-199,200-499,PM,1,1,39.3053097345133,36.0194630872483,0.000186132888195718,0.000120907602950056
22450,1,82-1792,2018,7454.5,7117,337,141,187,3,Principal Arterial,3,Urban,Freeway/Prin. Art.,1,Detroit,100-199,100-199,200-499,EV,1,1,13.1017699115044,21.7120805369128,6.20442960652392e-05,7.28815864472465e-05
22450,1,82-1792,2018,7454.5,7117,337,141,187,3,Principal Arterial,3,Urban,Freeway/Prin. Art.,1,Detroit,100-199,100-199,200-499,NT,1,1,18.9663716814159,33.5093959731544,8.98165047801558e-05,0.000112481986019739
22481,0,82-1103,2019,9608,9488.5,119,72,10,4,Minor Arterial,3,Urban,Other Road,2,Other Wayne,0-99,0-99,0-99,AM,1,1,12.4137931034483,1.66666666666667,5.87863364877646e-05,5.59454956603079e-06
22481,0,82-1103,2019,9608,9488.5,119,72,10,4,Minor Arterial,3,Urban,Other Road,2,Other Wayne,0-99,0-99,0-99,MD,1,1,32.5241379310345,5.47619047619048,0.000154020201597943,1.8382091431244e-05
22481,0,82-1103,2019,9608,9488.5,119,72,10,4,Minor Arterial,3,Urban,Other Road,2,Other Wayne,0-99,0-99,0-99,PM,1,1,18.8689655172414,2.14285714285714,8.93552314614022e-05,7.19299229918244e-06
22481,0,82-1103,2019,9608,9488.5,119,72,10,4,Minor Arterial,3,Urban,Other Road,2,Other Wayne,0-99,0-99,0-99,EV,1,1,4.22068965517241,0,1.998735440584e-05,0
22481,0,82-1103,2019,9608,9488.5,119,72,10,4,Minor Arterial,3,Urban,Other Road,2,Other Wayne,0-99,0-99,0-99,NT,1,1,3.97241379310345,0.714285714285714,1.88116276760847e-05,2.39766409972748e-06
22529,0,82-6286,2019,2903,2821,82,64,13,4,Minor Arterial,3,Urban,Other Road,2,Other Wayne,0-99,0-99,0-99,AM,1,1,8.63492063492063,1.77272727272727,4.08912365269389e-05,5.95056635659639e-06
22529,0,82-6286,2019,2903,2821,82,64,13,4,Minor Arterial,3,Urban,Other Road,2,Other Wayne,0-99,0-99,0-99,MD,1,1,25.3968253968254,6.5,0.000120268342726291,2.18187433075201e-05
22529,0,82-6286,2019,2903,2821,82,64,13,4,Minor Arterial,3,Urban,Other Road,2,Other Wayne,0-99,0-99,0-99,PM,1,1,14.4761904761905,2.36363636363636,6.85529553539858e-05,7.93408847546185e-06
22529,0,82-6286,2019,2903,2821,82,64,13,4,Minor Arterial,3,Urban,Other Road,2,Other Wayne,0-99,0-99,0-99,EV,1,1,9.3968253968254,2.36363636363636,4.44992868087276e-05,7.93408847546185e-06
22529,0,82-6286,2019,2903,2821,82,64,13,4,Minor Arterial,3,Urban,Other Road,2,Other Wayne,0-99,0-99,0-99,NT,1,1,6.0952380952381,0,2.88644022543098e-05,0
22545,0,82-5890,2019,939,861.5,77,41,10,4,Minor Arterial,3,Urban,Other Road,1,Detroit,0-99,0-99,0-99,AM,1,1,7.25,0.263157894736842,3.43328534626459e-05,8.83349931478546e-07
22545,0,82-5890,2019,939,861.5,77,41,10,4,Minor Arterial,3,Urban,Other Road,1,Detroit,0-99,0-99,0-99,MD,1,1,17.375,2.36842105263158,8.22804591604789e-05,7.95014938330691e-06
22545,0,82-5890,2019,939,861.5,77,41,10,4,Minor Arterial,3,Urban,Other Road,1,Detroit,0-99,0-99,0-99,PM,1,1,7.75,0.921052631578947,3.67006364600697e-05,3.09172476017491e-06
22545,0,82-5890,2019,939,861.5,77,41,10,4,Minor Arterial,3,Urban,Other Road,1,Detroit,0-99,0-99,0-99,EV,1,1,1.875,3.81578947368421,8.87918624033945e-06,1.28085740064389e-05
22545,0,82-5890,2019,939,861.5,77,41,10,4,Minor Arterial,3,Urban,Other Road,1,Detroit,0-99,0-99,0-99,NT,1,1,6.75,2.63157894736842,3.1965070465222e-05,8.83349931478546e-06
22580,1,82-2634,2019,22959.5,22497.5,462,217,74,3,Principal Arterial,3,Urban,Freeway/Prin. Art.,2,Other Wayne,0-99,200-499,200-499,AM,1,1,38.0095541401274,12.4875,0.00017999675206531,4.19171626234857e-05
22580,1,82-2634,2019,22959.5,22497.5,462,217,74,3,Principal Arterial,3,Urban,Freeway/Prin. Art.,2,Other Wayne,0-99,200-499,200-499,MD,1,1,106.657112526539,36.30625,0.000505081795189325,0.000121870269109023
22580,1,82-2634,2019,22959.5,22497.5,462,217,74,3,Principal Arterial,3,Urban,Freeway/Prin. Art.,2,Other Wayne,0-99,200-499,200-499,PM,1,1,50.4490445859873,17.575,0.000238904780013957,5.89945251737947e-05
22580,1,82-2634,2019,22959.5,22497.5,462,217,74,3,Principal Arterial,3,Urban,Freeway/Prin. Art.,2,Other Wayne,0-99,200-499,200-499,EV,1,1,6.45010615711253,1.61875,3.05449033807799e-05,5.4337062660074e-06
22580,1,82-2634,2019,22959.5,22497.5,462,217,74,3,Principal Arterial,3,Urban,Freeway/Prin. Art.,2,Other Wayne,0-99,200-499,200-499,NT,1,1,15.4341825902335,6.0125,7.30895902325804e-05,2.01823375594561e-05
22615,1,82-0765,2019,23749,22332,1417,621,780,3,Principal Arterial,4,Suburban,Freeway/Prin. Art.,2,Other Wayne,500-999,500-999,1000-1999,AM,1,1,111.642717815345,125.22009321595,0.000528691458058724,0.000420330010895778
22615,1,82-0765,2019,23749,22332,1417,621,780,3,Principal Arterial,4,Suburban,Freeway/Prin. Art.,2,Other Wayne,500-999,500-999,1000-1999,MD,1,1,308.481144343303,352.433972035215,0.00146083281720385,0.00118302559518247
22615,1,82-0765,2019,23749,22332,1417,621,780,3,Principal Arterial,4,Suburban,Freeway/Prin. Art.,2,Other Wayne,500-999,500-999,1000-1999,PM,1,1,123.553966189857,134.510616261005,0.00058509796081725,0.000451515785897723
22615,1,82-0765,2019,23749,22332,1417,621,780,3,Principal Arterial,4,Suburban,Freeway/Prin. Art.,2,Other Wayne,500-999,500-999,1000-1999,EV,1,1,34.3205461638492,47.4624546866908,0.000162527211338125,0.000159318633162109
22615,1,82-0765,2019,23749,22332,1417,621,780,3,Principal Arterial,4,Suburban,Freeway/Prin. Art.,2,Other Wayne,500-999,500-999,1000-1999,NT,1,1,43.0016254876463,120.372863801139,0.000203637035382474,0.000404059171764328
22623,0,82-1468,2018,1088,1077,10,12,1,5,Major Collector,4,Suburban,Other Road,2,Other Wayne,0-99,0-99,0-99,AM,1,1,3.27272727272727,0.5,1.54982159831379e-05,1.67836486980924e-06
22623,0,82-1468,2018,1088,1077,10,12,1,5,Major Collector,4,Suburban,Other Road,2,Other Wayne,0-99,0-99,0-99,MD,1,1,6,0,2.84133959690862e-05,0
22623,0,82-1468,2018,1088,1077,10,12,1,5,Major Collector,4,Suburban,Other Road,2,Other Wayne,0-99,0-99,0-99,PM,1,1,2.45454545454545,0,1.16236619873535e-05,0
22623,0,82-1468,2018,1088,1077,10,12,1,5,Major Collector,4,Suburban,Other Road,2,Other Wayne,0-99,0-99,0-99,EV,1,1,0.272727272727273,0,1.29151799859483e-06,0
22623,0,82-1468,2018,1088,1077,10,12,1,5,Major Collector,4,Suburban,Other Road,2,Other Wayne,0-99,0-99,0-99,NT,1,1,0,0.5,0,1.67836486980924e-06
22709,0,82-1469,2019,765,686,79,56,15,5,Major Collector,1,Urban Business,Other Road,1,Detroit,0-99,0-99,0-99,AM,1,1,5.6,0,2.65191695711471e-05,0
22709,0,82-1469,2019,765,686,79,56,15,5,Major Collector,1,Urban Business,Other Road,1,Detroit,0-99,0-99,0-99,MD,1,1,22.6545454545455,4.01785714285714,0.000107282095083277,1.34868605609671e-05
22709,0,82-1469,2019,765,686,79,56,15,5,Major Collector,1,Urban Business,Other Road,1,Detroit,0-99,0-99,0-99,PM,1,1,14.2545454545455,5.89285714285714,6.75033407265564e-05,1.97807288227517e-05
22709,0,82-1469,2019,765,686,79,56,15,5,Major Collector,1,Urban Business,Other Road,1,Detroit,0-99,0-99,0-99,EV,1,1,10.4363636363636,4.01785714285714,4.94220887462288e-05,1.34868605609671e-05
22709,0,82-1469,2019,765,686,79,56,15,5,Major Collector,1,Urban Business,Other Road,1,Detroit,0-99,0-99,0-99,NT,1,1,3.05454545454545,1.07142857142857,1.44650015842621e-05,3.59649614959122e-06
22719,0,82-5840,2019,1841.5,1787.5,54,35,14,3,Principal Arterial,3,Urban,Freeway/Prin. Art.,1,Detroit,0-99,0-99,0-99,AM,1,1,6.40845070422535,4.75471698113208,3.03476412345874e-05,1.5960299894035e-05
22719,0,82-5840,2019,1841.5,1787.5,54,35,14,3,Principal Arterial,3,Urban,Freeway/Prin. Art.,1,Detroit,0-99,0-99,0-99,MD,1,1,12.4471830985916,3.9622641509434,5.89444570133332e-05,1.33002499116958e-05
22719,0,82-5840,2019,1841.5,1787.5,54,35,14,3,Principal Arterial,3,Urban,Freeway/Prin. Art.,1,Detroit,0-99,0-99,0-99,PM,1,1,5.54577464788732,2.64150943396226,2.62623818376237e-05,8.8668332744639e-06
22719,0,82-5840,2019,1841.5,1787.5,54,35,14,3,Principal Arterial,3,Urban,Freeway/Prin. Art.,1,Detroit,0-99,0-99,0-99,EV,1,1,3.69718309859155,0.792452830188679,1.75082545584158e-05,2.66004998233917e-06
22719,0,82-5840,2019,1841.5,1787.5,54,35,14,3,Principal Arterial,3,Urban,Freeway/Prin. Art.,1,Detroit,0-99,0-99,0-99,NT,1,1,6.90140845070423,1.84905660377359,3.26820751757095e-05,6.20678329212473e-06
22757,1,82-1489,2019,4367,4177,190,84,90,4,Minor Arterial,3,Urban,Other Road,1,Detroit,0-99,0-99,100-199,AM,1,1,16.8502994011976,12.7118644067797,7.9795704847314e-05,4.26702933002348e-05
22757,1,82-1489,2019,4367,4177,190,84,90,4,Minor Arterial,3,Urban,Other Road,1,Detroit,0-99,0-99,100-199,MD,1,1,34.2035928143713,49.5762711864407,0.000161973371033354,0.000166414143870916
22757,1,82-1489,2019,4367,4177,190,84,90,4,Minor Arterial,3,Urban,Other Road,1,Detroit,0-99,0-99,100-199,PM,1,1,22.8862275449102,19.3220338983051,0.000108379240912023,6.4858845816357e-05
22757,1,82-1489,2019,4367,4177,190,84,90,4,Minor Arterial,3,Urban,Other Road,1,Detroit,0-99,0-99,100-199,EV,1,1,1.25748502994012,3.30508474576271,5.95490334681448e-06,1.10942762580611e-05
22757,1,82-1489,2019,4367,4177,190,84,90,4,Minor Arterial,3,Urban,Other Road,1,Detroit,0-99,0-99,100-199,NT,1,1,8.80239520958084,5.08474576271186,4.16843234277014e-05,1.70681173200939e-05
22780,0,82-1174,2019,18738,18391,347,127,29,3,Principal Arterial,4,Suburban,Freeway/Prin. Art.,2,Other Wayne,0-99,100-199,100-199,AM,1,1,25,8,0.000118389149871193,2.68538379169478e-05
22780,0,82-1174,2019,18738,18391,347,127,29,3,Principal Arterial,4,Suburban,Freeway/Prin. Art.,2,Other Wayne,0-99,100-199,100-199,MD,1,1,53.5,13,0.000253352780724352,4.36374866150402e-05
22780,0,82-1174,2019,18738,18391,347,127,29,3,Principal Arterial,4,Suburban,Freeway/Prin. Art.,2,Other Wayne,0-99,100-199,100-199,PM,1,1,30.5,4,0.000144434762842855,1.34269189584739e-05
22780,0,82-1174,2019,18738,18391,347,127,29,3,Principal Arterial,4,Suburban,Freeway/Prin. Art.,2,Other Wayne,0-99,100-199,100-199,EV,1,1,5,1,2.36778299742385e-05,3.35672973961847e-06
22780,0,82-1174,2019,18738,18391,347,127,29,3,Principal Arterial,4,Suburban,Freeway/Prin. Art.,2,Other Wayne,0-99,100-199,100-199,NT,1,1,13,3,6.15623579330202e-05,1.00701892188554e-05
22781,1,82-6131,2019,8300,7966,334,134,148,5,Major Collector,1,Urban Business,Other Road,1,Detroit,100-199,100-199,200-499,AM,1,1,5.5,28,2.60456129716624e-05,9.39884327093173e-05
22781,1,82-6131,2019,8300,7966,334,134,148,5,Major Collector,1,Urban Business,Other Road,1,Detroit,100-199,100-199,200-499,MD,1,1,52,54.5,0.000246249431732081,0.000182941770809207
22781,1,82-6131,2019,8300,7966,334,134,148,5,Major Collector,1,Urban Business,Other Road,1,Detroit,100-199,100-199,200-499,PM,1,1,21.5,47.5,0.000101814668889226,0.000159444662631878
22781,1,82-6131,2019,8300,7966,334,134,148,5,Major Collector,1,Urban Business,Other Road,1,Detroit,100-199,100-199,200-499,EV,1,1,23.5,10,0.000111285800878921,3.35672973961847e-05
22781,1,82-6131,2019,8300,7966,334,134,148,5,Major Collector,1,Urban Business,Other Road,1,Detroit,100-199,100-199,200-499,NT,1,1,31.5,8,0.000149170328837703,2.68538379169478e-05
22807,1,82-1805,2019,13309,13126,183,121,53,3,Principal Arterial,3,Urban,Freeway/Prin. Art.,2,Other Wayne,0-99,100-199,100-199,AM,1,1,28,11,0.000132595847855736,3.69240271358032e-05
22807,1,82-1805,2019,13309,13126,183,121,53,3,Principal Arterial,3,Urban,Freeway/Prin. Art.,2,Other Wayne,0-99,100-199,100-199,MD,1,1,55,19.5,0.000260456129716624,6.54562299225603e-05
22807,1,82-1805,2019,13309,13126,183,121,53,3,Principal Arterial,3,Urban,Freeway/Prin. Art.,2,Other Wayne,0-99,100-199,100-199,PM,1,1,25,18,0.000118389149871193,6.04211353131325e-05
22807,1,82-1805,2019,13309,13126,183,121,53,3,Principal Arterial,3,Urban,Freeway/Prin. Art.,2,Other Wayne,0-99,100-199,100-199,EV,1,1,6,2.5,2.84133959690862e-05,8.39182434904618e-06
22807,1,82-1805,2019,13309,13126,183,121,53,3,Principal Arterial,3,Urban,Freeway/Prin. Art.,2,Other Wayne,0-99,100-199,100-199,NT,1,1,7,2,3.31489619639339e-05,6.71345947923695e-06
22821,0,82-6112,2019,6089,5995,94,65,29,5,Major Collector,3,Urban,Other Road,2,Other Wayne,0-99,0-99,0-99,AM,1,1,12.0275590551181,4.48181818181818,5.69572996624399e-05,1.50442523784719e-05
22821,0,82-6112,2019,6089,5995,94,65,29,5,Major Collector,3,Urban,Other Road,2,Other Wayne,0-99,0-99,0-99,MD,1,1,22.5196850393701,8.96363636363636,0.000106643454687122,3.00885047569438e-05
22821,0,82-6112,2019,6089,5995,94,65,29,5,Major Collector,3,Urban,Other Road,2,Other Wayne,0-99,0-99,0-99,PM,1,1,14.3307086614173,11.0727272727273,6.78640166190773e-05,3.71681529350482e-05
22821,0,82-6112,2019,6089,5995,94,65,29,5,Major Collector,3,Urban,Other Road,2,Other Wayne,0-99,0-99,0-99,EV,1,1,9.7244094488189,4.21818181818182,4.60505827058025e-05,1.41592963562088e-05
22821,0,82-6112,2019,6089,5995,94,65,29,5,Major Collector,3,Urban,Other Road,2,Other Wayne,0-99,0-99,0-99,NT,1,1,6.39763779527559,0.263636363636364,3.02964359906595e-05,8.84956022263052e-07
22844,1,82-1282,2019,17287,16445,842,274,556,4,Minor Arterial,4,Suburban,Other Road,2,Other Wayne,500-999,200-499,500-999,AM,1,1,58,86,0.000274662827701167,0.000288678757607189
22844,1,82-1282,2019,17287,16445,842,274,556,4,Minor Arterial,4,Suburban,Other Road,2,Other Wayne,500-999,200-499,500-999,MD,1,1,121.5,251.5,0.000575371268373996,0.000844217529514046
22844,1,82-1282,2019,17287,16445,842,274,556,4,Minor Arterial,4,Suburban,Other Road,2,Other Wayne,500-999,200-499,500-999,PM,1,1,60,102.5,0.000284133959690862,0.000344064798310894
22844,1,82-1282,2019,17287,16445,842,274,556,4,Minor Arterial,4,Suburban,Other Road,2,Other Wayne,500-999,200-499,500-999,EV,1,1,12.5,40,5.91945749355963e-05,0.000134269189584739
22844,1,82-1282,2019,17287,16445,842,274,556,4,Minor Arterial,4,Suburban,Other Road,2,Other Wayne,500-999,200-499,500-999,NT,1,1,22,76,0.00010418245188665,0.000255111460211004
22850,1,82-0114,2019,5494,5054,440,187,227,3,Principal Arterial,3,Urban,Freeway/Prin. Art.,1,Detroit,200-499,100-199,200-499,AM,1,1,29.92,35.1725274725275,0.000141688134565843,0.000118064668984581
22850,1,82-0114,2019,5494,5054,440,187,227,3,Principal Arterial,3,Urban,Freeway/Prin. Art.,1,Detroit,200-499,100-199,200-499,MD,1,1,66.0733333333333,73.8373626373627,0.000312894630499571,0.000247852071059829
22850,1,82-0114,2019,5494,5054,440,187,227,3,Principal Arterial,3,Urban,Freeway/Prin. Art.,1,Detroit,200-499,100-199,200-499,PM,1,1,42.8853333333333,40.1615384615385,0.000203086326211042,0.000134811430542677
22850,1,82-0114,2019,5494,5054,440,187,227,3,Principal Arterial,3,Urban,Freeway/Prin. Art.,1,Detroit,200-499,100-199,200-499,EV,1,1,15.2093333333333,22.7,7.2024801737637e-05,7.61977650893394e-05
22850,1,82-0114,2019,5494,5054,440,187,227,3,Principal Arterial,3,Urban,Freeway/Prin. Art.,1,Detroit,200-499,100-199,200-499,NT,1,1,32.912,55.1285714285714,0.000155856948022428,0.000185051715216967
22884,0,82-6089,2019,645,635,10,7,2,4,Minor Arterial,3,Urban,Other Road,1,Detroit,0-99,0-99,0-99,AM,1,1,0.538461538461539,0.333333333333333,2.54992015107184e-06,1.11890991320616e-06
22884,0,82-6089,2019,645,635,10,7,2,4,Minor Arterial,3,Urban,Other Road,1,Detroit,0-99,0-99,0-99,MD,1,1,4.30769230769231,0.666666666666667,2.03993612085747e-05,2.23781982641232e-06
22884,0,82-6089,2019,645,635,10,7,2,4,Minor Arterial,3,Urban,Other Road,1,Detroit,0-99,0-99,0-99,PM,1,1,1.61538461538462,0.333333333333333,7.64976045321552e-06,1.11890991320616e-06
22884,0,82-6089,2019,645,635,10,7,2,4,Minor Arterial,3,Urban,Other Road,1,Detroit,0-99,0-99,0-99,EV,1,1,0.538461538461539,0.333333333333333,2.54992015107184e-06,1.11890991320616e-06
22884,0,82-6089,2019,645,635,10,7,2,4,Minor Arterial,3,Urban,Other Road,1,Detroit,0-99,0-99,0-99,NT,1,1,0,0.333333333333333,0,1.11890991320616e-06
22889,1,82-6170,2019,6278,5649,629,473,99,5,Major Collector,2,Urban Fringe,Other Road,1,Detroit,0-99,200-499,500-999,AM,1,1,51.8287234042553,15.5,0.000245438340109559,5.20293109640864e-05
22889,1,82-6170,2019,6278,5649,629,473,99,5,Major Collector,2,Urban Fringe,Other Road,1,Detroit,0-99,200-499,500-999,MD,1,1,138.377659574468,47,0.000655296539127463,0.000157766297762068
22889,1,82-6170,2019,6278,5649,629,473,99,5,Major Collector,2,Urban Fringe,Other Road,1,Detroit,0-99,200-499,500-999,PM,1,1,65.4148936170213,15,0.000309776545769346,5.03509460942771e-05
22889,1,82-6170,2019,6278,5649,629,473,99,5,Major Collector,2,Urban Fringe,Other Road,1,Detroit,0-99,200-499,500-999,EV,1,1,108.186170212766,2,0.00051232274877238,6.71345947923695e-06
22889,1,82-6170,2019,6278,5649,629,473,99,5,Major Collector,2,Urban Fringe,Other Road,1,Detroit,0-99,200-499,500-999,NT,1,1,109.192553191489,19.5,0.000517088541784216,6.54562299225603e-05
22917,1,82-2548,2019,12850,12474,376,211,103,3,Principal Arterial,3,Urban,Freeway/Prin. Art.,1,Detroit,100-199,200-499,200-499,AM,1,1,38,25,0.000179951507804213,8.39182434904619e-05
22917,1,82-2548,2019,12850,12474,376,211,103,3,Principal Arterial,3,Urban,Freeway/Prin. Art.,1,Detroit,100-199,200-499,200-499,MD,1,1,102.5,49.5,0.00048539551447189,0.000166158122111114
22917,1,82-2548,2019,12850,12474,376,211,103,3,Principal Arterial,3,Urban,Freeway/Prin. Art.,1,Detroit,100-199,200-499,200-499,PM,1,1,44.5,22,0.000210732686770723,7.38480542716064e-05
22917,1,82-2548,2019,12850,12474,376,211,103,3,Principal Arterial,3,Urban,Freeway/Prin. Art.,1,Detroit,100-199,200-499,200-499,EV,1,1,14,2.5,6.62979239278679e-05,8.39182434904618e-06
22917,1,82-2548,2019,12850,12474,376,211,103,3,Principal Arterial,3,Urban,Freeway/Prin. Art.,1,Detroit,100-199,200-499,200-499,NT,1,1,12,4,5.68267919381725e-05,1.34269189584739e-05
22923,0,82-5917,2017,2069,1979,89,41,19,3,Principal Arterial,3,Urban,Freeway/Prin. Art.,1,Detroit,0-99,0-99,0-99,AM,1,1,10.5,7.18918918918919,4.97234429459009e-05,2.4132165155095e-05
22923,0,82-5917,2017,2069,1979,89,41,19,3,Principal Arterial,3,Urban,Freeway/Prin. Art.,1,Detroit,0-99,0-99,0-99,MD,1,1,14.5,3.85135135135135,6.86657069252917e-05,1.29279456188009e-05
22923,0,82-5917,2017,2069,1979,89,41,19,3,Principal Arterial,3,Urban,Freeway/Prin. Art.,1,Detroit,0-99,0-99,0-99,PM,1,1,11.5,6.41891891891892,5.44590089407486e-05,2.15465760313348e-05
22923,0,82-5917,2017,2069,1979,89,41,19,3,Principal Arterial,3,Urban,Freeway/Prin. Art.,1,Detroit,0-99,0-99,0-99,EV,1,1,2.5,1.02702702702703,1.18389149871193e-05,3.44745216501357e-06
22923,0,82-5917,2017,2069,1979,89,41,19,3,Principal Arterial,3,Urban,Freeway/Prin. Art.,1,Detroit,0-99,0-99,0-99,NT,1,1,2,0.513513513513514,9.47113198969541e-06,1.72372608250678e-06
22943,1,82-1156,2018,18084,17575,508,195,301,3,Principal Arterial,4,Suburban,Freeway/Prin. Art.,2,Other Wayne,200-499,100-199,200-499,AM,1,1,30.7364341085271,49.9991652754591,0.000145554412167218,0.000167833685036233
22943,1,82-1156,2018,18084,17575,508,195,301,3,Principal Arterial,4,Suburban,Freeway/Prin. Art.,2,Other Wayne,200-499,100-199,200-499,MD,1,1,96.7441860465116,132.158597662771,0.00045813847764108,0.000443620695120897
22943,1,82-1156,2018,18084,17575,508,195,301,3,Principal Arterial,4,Suburban,Freeway/Prin. Art.,2,Other Wayne,200-499,100-199,200-499,PM,1,1,38.2945736434109,54.0191986644407,0.000181346480732928,0.000181327850667287
22943,1,82-1156,2018,18084,17575,508,195,301,3,Principal Arterial,4,Suburban,Freeway/Prin. Art.,2,Other Wayne,200-499,100-199,200-499,EV,1,1,8.06201550387597,24.3714524207012,3.817820647009e-05,8.18083791382643e-05
22943,1,82-1156,2018,18084,17575,508,195,301,3,Principal Arterial,4,Suburban,Freeway/Prin. Art.,2,Other Wayne,200-499,100-199,200-499,NT,1,1,21.1627906976744,40.4515859766277,0.000100217791983986,0.00013578504166248
22982,1,82-2282,2019,11319,10679,640,273,239,3,Principal Arterial,3,Urban,Freeway/Prin. Art.,2,Other Wayne,200-499,200-499,500-999,AM,1,1,45,24,0.000213100469768147,8.05615137508434e-05
22982,1,82-2282,2019,11319,10679,640,273,239,3,Principal Arterial,3,Urban,Freeway/Prin. Art.,2,Other Wayne,200-499,200-499,500-999,MD,1,1,133.5,70,0.000632198060312169,0.000234971081773293
22982,1,82-2282,2019,11319,10679,640,273,239,3,Principal Arterial,3,Urban,Freeway/Prin. Art.,2,Other Wayne,200-499,200-499,500-999,PM,1,1,54.5,31,0.0002580883467192,0.000104058621928173
22982,1,82-2282,2019,11319,10679,640,273,239,3,Principal Arterial,3,Urban,Freeway/Prin. Art.,2,Other Wayne,200-499,200-499,500-999,EV,1,1,10,24,4.7355659948477e-05,8.05615137508434e-05
22982,1,82-2282,2019,11319,10679,640,273,239,3,Principal Arterial,3,Urban,Freeway/Prin. Art.,2,Other Wayne,200-499,200-499,500-999,NT,1,1,30,90,0.000142066979845431,0.000302105676565663
22984,0,82-1768,2018,11782,11463,319,189,106,4,Minor Arterial,4,Suburban,Other Road,2,Other Wayne,100-199,100-199,200-499,AM,1,1,38.421856639248,9.27714748784441,0.000181949237759736,3.11408768712742e-05
22984,0,82-1768,2018,11782,11463,319,189,106,4,Minor Arterial,4,Suburban,Other Road,2,Other Wayne,100-199,100-199,200-499,MD,1,1,80.0640423031727,40.8881685575365,0.000379148556140953,0.000137250531395616
22984,0,82-1768,2018,11782,11463,319,189,106,4,Minor Arterial,4,Suburban,Other Road,2,Other Wayne,100-199,100-199,200-499,PM,1,1,44.9735605170388,40.3727714748784,0.000212975263851714,0.000135520482680545
22984,0,82-1768,2018,11782,11463,319,189,106,4,Minor Arterial,4,Suburban,Other Road,2,Other Wayne,100-199,100-199,200-499,EV,1,1,13.5475910693302,12.7131280388979,6.41555115800225e-05,4.2674534971746e-05
22984,0,82-1768,2018,11782,11463,319,189,106,4,Minor Arterial,4,Suburban,Other Road,2,Other Wayne,100-199,100-199,200-499,NT,1,1,11.9929494712103,2.74878444084279,5.67934036937905e-05,9.22692648037752e-06
23066,0,82-1798,2019,2691.5,2658,33,25,8,4,Minor Arterial,3,Urban,Other Road,1,Detroit,0-99,0-99,0-99,AM,1,1,2.375,1.33333333333333,1.12469692377633e-05,4.47563965282463e-06
23066,0,82-1798,2019,2691.5,2658,33,25,8,4,Minor Arterial,3,Urban,Other Road,1,Detroit,0-99,0-99,0-99,MD,1,1,10,3.6,4.7355659948477e-05,1.20842270626265e-05
23066,0,82-1798,2019,2691.5,2658,33,25,8,4,Minor Arterial,3,Urban,Other Road,1,Detroit,0-99,0-99,0-99,PM,1,1,7.75,2,3.67006364600697e-05,6.71345947923695e-06
23066,0,82-1798,2019,2691.5,2658,33,25,8,4,Minor Arterial,3,Urban,Other Road,1,Detroit,0-99,0-99,0-99,EV,1,1,3.25,0.8,1.5390589483255e-05,2.68538379169478e-06
23066,0,82-1798,2019,2691.5,2658,33,25,8,4,Minor Arterial,3,Urban,Other Road,1,Detroit,0-99,0-99,0-99,NT,1,1,1.625,0.266666666666667,7.69529474162752e-06,8.95127930564926e-07
23069,0,82-6318,2019,2753,2695,58,50,8,5,Major Collector,3,Urban,Other Road,2,Other Wayne,0-99,0-99,0-99,AM,1,1,4.59183673469388,1.71428571428571,2.17449458947089e-05,5.75439383934596e-06
23069,0,82-6318,2019,2753,2695,58,50,8,5,Major Collector,3,Urban,Other Road,2,Other Wayne,0-99,0-99,0-99,MD,1,1,16.3265306122449,3.42857142857143,7.7315363181187e-05,1.15087876786919e-05
23069,0,82-6318,2019,2753,2695,58,50,8,5,Major Collector,3,Urban,Other Road,2,Other Wayne,0-99,0-99,0-99,PM,1,1,14.2857142857143,1.14285714285714,6.76509427835386e-05,3.83626255956397e-06
23069,0,82-6318,2019,2753,2695,58,50,8,5,Major Collector,3,Urban,Other Road,2,Other Wayne,0-99,0-99,0-99,EV,1,1,8.6734693877551,1.14285714285714,4.10737866900056e-05,3.83626255956397e-06
23069,0,82-6318,2019,2753,2695,58,50,8,5,Major Collector,3,Urban,Other Road,2,Other Wayne,0-99,0-99,0-99,NT,1,1,6.12244897959184,0.571428571428571,2.89932611929451e-05,1.91813127978199e-06
23080,1,82-6317,2019,10720,10483,237,128,54,3,Principal Arterial,3,Urban,Freeway/Prin. Art.,2,Other Wayne,0-99,100-199,100-199,AM,1,1,22,16.5,0.00010418245188665,5.53860407037048e-05
23080,1,82-6317,2019,10720,10483,237,128,54,3,Principal Arterial,3,Urban,Freeway/Prin. Art.,2,Other Wayne,0-99,100-199,100-199,MD,1,1,73.5,16.5,0.000348064100621306,5.53860407037048e-05
23080,1,82-6317,2019,10720,10483,237,128,54,3,Principal Arterial,3,Urban,Freeway/Prin. Art.,2,Other Wayne,0-99,100-199,100-199,PM,1,1,23.5,15,0.000111285800878921,5.03509460942771e-05
23080,1,82-6317,2019,10720,10483,237,128,54,3,Principal Arterial,3,Urban,Freeway/Prin. Art.,2,Other Wayne,0-99,100-199,100-199,EV,1,1,4,1.5,1.89422639793908e-05,5.03509460942771e-06
23080,1,82-6317,2019,10720,10483,237,128,54,3,Principal Arterial,3,Urban,Freeway/Prin. Art.,2,Other Wayne,0-99,100-199,100-199,NT,1,1,5,4.5,2.36778299742385e-05,1.51052838282831e-05
23086,1,82-5802,2019,16929.5,16457.5,472,191,108,3,Principal Arterial,3,Urban,Freeway/Prin. Art.,1,Detroit,100-199,100-199,200-499,AM,1,1,30.420365535248,12.4423963133641,0.000144057648579558,4.17657617371884e-05
23086,1,82-5802,2019,16929.5,16457.5,472,191,108,3,Principal Arterial,3,Urban,Freeway/Prin. Art.,1,Detroit,100-199,100-199,200-499,MD,1,1,86.523498694517,43.0506912442396,0.000409737738173004,0.000144509535610672
23086,1,82-5802,2019,16929.5,16457.5,472,191,108,3,Principal Arterial,3,Urban,Freeway/Prin. Art.,1,Detroit,100-199,100-199,200-499,PM,1,1,43.8851174934726,17.4193548387097,0.000207820870081985,5.84720664320637e-05
23086,1,82-5802,2019,16929.5,16457.5,472,191,108,3,Principal Arterial,3,Urban,Freeway/Prin. Art.,1,Detroit,100-199,100-199,200-499,EV,1,1,14.7114882506527,8.70967741935484,6.96672234933927e-05,2.92360332160319e-05
23086,1,82-5802,2019,16929.5,16457.5,472,191,108,3,Principal Arterial,3,Urban,Freeway/Prin. Art.,1,Detroit,100-199,100-199,200-499,NT,1,1,15.4595300261097,26.3778801843318,7.3209624687972e-05,8.85434148828394e-05
23092,1,82-1130,2019,22905,22494,411,274,128,3,Principal Arterial,4,Suburban,Freeway/Prin. Art.,2,Other Wayne,100-199,200-499,200-499,AM,1,1,33,26.5,0.000156273677829974,8.89533380998896e-05
23092,1,82-1130,2019,22905,22494,411,274,128,3,Principal Arterial,4,Suburban,Freeway/Prin. Art.,2,Other Wayne,100-199,200-499,200-499,MD,1,1,156.5,50,0.000741116078193666,0.000167836486980924
23092,1,82-1130,2019,22905,22494,411,274,128,3,Principal Arterial,4,Suburban,Freeway/Prin. Art.,2,Other Wayne,100-199,200-499,200-499,PM,1,1,55,20.5,0.000260456129716624,6.88129596621787e-05
23092,1,82-1130,2019,22905,22494,411,274,128,3,Principal Arterial,4,Suburban,Freeway/Prin. Art.,2,Other Wayne,100-199,200-499,200-499,EV,1,1,15.5,3.5,7.34012729201394e-05,1.17485540886647e-05
23092,1,82-1130,2019,22905,22494,411,274,128,3,Principal Arterial,4,Suburban,Freeway/Prin. Art.,2,Other Wayne,100-199,200-499,200-499,NT,1,1,14,27.5,6.62979239278679e-05,9.2310067839508e-05
23101,0,82-2484,2017,1380,1352,27,23,7,5,Major Collector,3,Urban,Other Road,1,Detroit,0-99,0-99,0-99,AM,1,1,6.53409090909091,1.07692307692308,3.09426187163344e-05,3.61493971958913e-06
23101,0,82-2484,2017,1380,1352,27,23,7,5,Major Collector,3,Urban,Other Road,1,Detroit,0-99,0-99,0-99,MD,1,1,6.53409090909091,2.15384615384615,3.09426187163344e-05,7.22987943917825e-06
23101,0,82-2484,2017,1380,1352,27,23,7,5,Major Collector,3,Urban,Other Road,1,Detroit,0-99,0-99,0-99,PM,1,1,8.625,2.69230769230769,4.08442567055614e-05,9.03734929897282e-06
23101,0,82-2484,2017,1380,1352,27,23,7,5,Major Collector,3,Urban,Other Road,1,Detroit,0-99,0-99,0-99,EV,1,1,0,1.07692307692308,0,3.61493971958913e-06
23101,0,82-2484,2017,1380,1352,27,23,7,5,Major Collector,3,Urban,Other Road,1,Detroit,0-99,0-99,0-99,NT,1,1,1.30681818181818,0,6.18852374326689e-06,0
23120,0,82-6319,2019,7235,7058,177,134,34,5,Major Collector,3,Urban,Other Road,2,Other Wayne,0-99,100-199,100-199,AM,1,1,24.4323308270677,4.25,0.000115700915039531,1.42661013933785e-05
23120,0,82-6319,2019,7235,7058,177,134,34,5,Major Collector,3,Urban,Other Road,2,Other Wayne,0-99,100-199,100-199,MD,1,1,44.0789473684211,14.875,0.000208738764246576,4.99313548768248e-05
23120,0,82-6319,2019,7235,7058,177,134,34,5,Major Collector,3,Urban,Other Road,2,Other Wayne,0-99,100-199,100-199,PM,1,1,21.1578947368421,6.640625,0.000100194606838357,2.22907834271539e-05
23120,0,82-6319,2019,7235,7058,177,134,34,5,Major Collector,3,Urban,Other Road,2,Other Wayne,0-99,100-199,100-199,EV,1,1,29.4699248120301,7.171875,0.000139556773810568,2.40740461013262e-05
23120,0,82-6319,2019,7235,7058,177,134,34,5,Major Collector,3,Urban,Other Road,2,Other Wayne,0-99,100-199,100-199,NT,1,1,14.8609022556391,1.0625,7.03747833745601e-05,3.56652534834463e-06
23135,1,82-2287,2017,2050,1591,458,103,352,5,Major Collector,3,Urban,Other Road,2,Other Wayne,200-499,100-199,200-499,AM,1,1,15.5756097560976,70.1485714285714,7.37593279099938e-05,0.000235469795906037
23135,1,82-2287,2017,2050,1591,458,103,352,5,Major Collector,3,Urban,Other Road,2,Other Wayne,200-499,100-199,200-499,MD,1,1,51.7512195121951,170.971428571429,0.00024507131531385,0.00057390487891077
23135,1,82-2287,2017,2050,1591,458,103,352,5,Major Collector,3,Urban,Other Road,2,Other Wayne,200-499,100-199,200-499,PM,1,1,21.6048780487805,62.6057142857143,0.000102311325810637,0.000210150463012914
23135,1,82-2287,2017,2050,1591,458,103,352,5,Major Collector,3,Urban,Other Road,2,Other Wayne,200-499,100-199,200-499,EV,1,1,7.03414634146342,10.3085714285714,3.33106642174165e-05,3.4603088287267e-05
23135,1,82-2287,2017,2050,1591,458,103,352,5,Major Collector,3,Urban,Other Road,2,Other Wayne,200-499,100-199,200-499,NT,1,1,7.03414634146342,37.9657142857143,3.33106642174165e-05,0.000127440642228715
23179,0,82-6287,2018,3801,3697,103,58,29,4,Minor Arterial,3,Urban,Other Road,2,Other Wayne,0-99,0-99,0-99,AM,1,1,7.8859649122807,2.37272727272727,3.73445072751587e-05,7.96460420036747e-06
23179,0,82-6287,2018,3801,3697,103,58,29,4,Minor Arterial,3,Urban,Other Road,2,Other Wayne,0-99,0-99,0-99,MD,1,1,30.2719298245614,9.75454545454545,0.000143354721475609,3.27433728237329e-05
23179,0,82-6287,2018,3801,3697,103,58,29,4,Minor Arterial,3,Urban,Other Road,2,Other Wayne,0-99,0-99,0-99,PM,1,1,11.4473684210526,14.7636363636364,5.42097686252303e-05,4.95575372467309e-05
23179,0,82-6287,2018,3801,3697,103,58,29,4,Minor Arterial,3,Urban,Other Road,2,Other Wayne,0-99,0-99,0-99,EV,1,1,5.59649122807018,1.31818181818182,2.65025535501126e-05,4.42478011131526e-06
23179,0,82-6287,2018,3801,3697,103,58,29,4,Minor Arterial,3,Urban,Other Road,2,Other Wayne,0-99,0-99,0-99,NT,1,1,2.79824561403509,0.790909090909091,1.32512767750563e-05,2.65486806678916e-06
23208,1,82-1173,2018,17407,17118,288,194,91,3,Principal Arterial,4,Suburban,Freeway/Prin. Art.,2,Other Wayne,0-99,100-199,200-499,AM,1,1,27.1141732283465,13.0380116959064,0.000128400956718567,4.37650816051426e-05
23208,1,82-1173,2018,17407,17118,288,194,91,3,Principal Arterial,4,Suburban,Freeway/Prin. Art.,2,Other Wayne,0-99,100-199,200-499,MD,1,1,63.3937007874016,36.187134502924,0.000300205053736369,0.000121470430577539
23208,1,82-1173,2018,17407,17118,288,194,91,3,Principal Arterial,4,Suburban,Freeway/Prin. Art.,2,Other Wayne,0-99,100-199,200-499,PM,1,1,65.6850393700788,19.9561403508772,0.000311055838811178,6.69873698037897e-05
23208,1,82-1173,2018,17407,17118,288,194,91,3,Principal Arterial,4,Suburban,Freeway/Prin. Art.,2,Other Wayne,0-99,100-199,200-499,EV,1,1,27.8779527559055,11.9736842105263,0.000132017885076837,4.01924218822738e-05
23208,1,82-1173,2018,17407,17118,288,194,91,3,Principal Arterial,4,Suburban,Freeway/Prin. Art.,2,Other Wayne,0-99,100-199,200-499,NT,1,1,9.92913385826772,9.84502923976608,4.70200686575036e-05,3.30471024365363e-05
23283,1,82-6320,2019,20612,20356,256,164,85,3,Principal Arterial,3,Urban,Freeway/Prin. Art.,2,Other Wayne,0-99,100-199,200-499,AM,1,1,31.441717791411,12.9790419161677,0.000148894329592604,4.35671359917547e-05
23283,1,82-6320,2019,20612,20356,256,164,85,3,Principal Arterial,3,Urban,Freeway/Prin. Art.,2,Other Wayne,0-99,100-199,200-499,MD,1,1,63.638036809816,32.5748502994012,0.000301362123095431,0.00010934496876362
23283,1,82-6320,2019,20612,20356,256,164,85,3,Principal Arterial,3,Urban,Freeway/Prin. Art.,2,Other Wayne,0-99,100-199,200-499,PM,1,1,33.2024539877301,20.3592814371258,0.00015723241204979,6.83406054772624e-05
23283,1,82-6320,2019,20612,20356,256,164,85,3,Principal Arterial,3,Urban,Freeway/Prin. Art.,2,Other Wayne,0-99,100-199,200-499,EV,1,1,15.8466257668712,11.7065868263473,7.50427421146725e-05,3.92958481494259e-05
23283,1,82-6320,2019,20612,20356,256,164,85,3,Principal Arterial,3,Urban,Freeway/Prin. Art.,2,Other Wayne,0-99,100-199,200-499,NT,1,1,19.8711656441718,7.38023952095808,9.41012163025258e-05,2.47734694855076e-05
23345,1,82-2482,2019,3345,3104,241,55,172,4,Minor Arterial,3,Urban,Other Road,1,Detroit,100-199,0-99,200-499,AM,1,1,7.82110091743119,24.2823529411765,3.70373395468593e-05,8.15092962655592e-05
23345,1,82-2482,2019,3345,3104,241,55,172,4,Minor Arterial,3,Urban,Other Road,1,Detroit,100-199,0-99,200-499,MD,1,1,16.651376146789,68.2941176470588,7.88536906481521e-05,0.000229244895746885
23345,1,82-2482,2019,3345,3104,241,55,172,4,Minor Arterial,3,Urban,Other Road,1,Detroit,100-199,0-99,200-499,PM,1,1,24.7247706422018,39.7117647058824,0.00011708578308362,0.000133301661600967
23345,1,82-2482,2019,3345,3104,241,55,172,4,Minor Arterial,3,Urban,Other Road,1,Detroit,100-199,0-99,200-499,EV,1,1,1.51376146788991,17.9588235294118,7.1685173316502e-06,6.02829170297365e-05
23345,1,82-2482,2019,3345,3104,241,55,172,4,Minor Arterial,3,Urban,Other Road,1,Detroit,100-199,0-99,200-499,NT,1,1,4.28899082568807,21.7529411764706,2.03107991063422e-05,7.30187445712301e-05
23360,0,82-1841,2018,3114,3092.5,21,15,7,4,Minor Arterial,3,Urban,Other Road,1,Detroit,0-99,0-99,0-99,AM,1,1,2.75,0,1.30228064858312e-05,0
23360,0,82-1841,2018,3114,3092.5,21,15,7,4,Minor Arterial,3,Urban,Other Road,1,Detroit,0-99,0-99,0-99,MD,1,1,6,2.15384615384615,2.84133959690862e-05,7.22987943917825e-06
23360,0,82-1841,2018,3114,3092.5,21,15,7,4,Minor Arterial,3,Urban,Other Road,1,Detroit,0-99,0-99,0-99,PM,1,1,4.125,3.90384615384615,1.95342097287468e-05,1.31041564835106e-05
23360,0,82-1841,2018,3114,3092.5,21,15,7,4,Minor Arterial,3,Urban,Other Road,1,Detroit,0-99,0-99,0-99,EV,1,1,0.625,0.942307692307692,2.95972874677982e-06,3.16307225464049e-06
23360,0,82-1841,2018,3114,3092.5,21,15,7,4,Minor Arterial,3,Urban,Other Road,1,Detroit,0-99,0-99,0-99,NT,1,1,1.5,0,7.10334899227156e-06,0
23388,0,82-6273,2019,1310,1282,28,23,4,5,Major Collector,3,Urban,Other Road,2,Other Wayne,0-99,0-99,0-99,AM,1,1,6.84831460674157,0.705882352941176,3.24306457737042e-05,2.36945628678951e-06
23388,0,82-6273,2019,1310,1282,28,23,4,5,Major Collector,3,Urban,Other Road,2,Other Wayne,0-99,0-99,0-99,MD,1,1,5.9438202247191,0.705882352941176,2.81473529356678e-05,2.36945628678951e-06
23388,0,82-6273,2019,1310,1282,28,23,4,5,Major Collector,3,Urban,Other Road,2,Other Wayne,0-99,0-99,0-99,PM,1,1,8.39887640449438,2.35294117647059,3.97734334960524e-05,7.8981876226317e-06
23388,0,82-6273,2019,1310,1282,28,23,4,5,Major Collector,3,Urban,Other Road,2,Other Wayne,0-99,0-99,0-99,EV,1,1,1.16292134831461,0.235294117647059,5.50709079176109e-06,7.8981876226317e-07
23388,0,82-6273,2019,1310,1282,28,23,4,5,Major Collector,3,Urban,Other Road,2,Other Wayne,0-99,0-99,0-99,NT,1,1,0.646067415730337,0,3.05949488431172e-06,0
23405,1,82-0121,2019,10194.5,9643,551,186,361,3,Principal Arterial,4,Suburban,Freeway/Prin. Art.,2,Other Wayne,200-499,100-199,500-999,AM,1,1,34.6204379562044,59.4136420525657,0.000163947368712136,0.000199435539216894
23405,1,82-0121,2019,10194.5,9643,551,186,361,3,Principal Arterial,4,Suburban,Freeway/Prin. Art.,2,Other Wayne,200-499,100-199,500-999,MD,1,1,89.8321167883212,133.5112640801,0.000425405917507961,0.000448161230711728
23405,1,82-0121,2019,10194.5,9643,551,186,361,3,Principal Arterial,4,Suburban,Freeway/Prin. Art.,2,Other Wayne,200-499,100-199,500-999,PM,1,1,34.8467153284672,68.9017521902378,0.000165018920141627,0.000231284560688794
23405,1,82-0121,2019,10194.5,9643,551,186,361,3,Principal Arterial,4,Suburban,Freeway/Prin. Art.,2,Other Wayne,200-499,100-199,500-999,EV,1,1,9.72992700729927,34.3379224030038,4.60767114681167e-05,0.000115263125326874
23405,1,82-0121,2019,10194.5,9643,551,186,361,3,Principal Arterial,4,Suburban,Freeway/Prin. Art.,2,Other Wayne,200-499,100-199,500-999,NT,1,1,16.970802919708,64.8354192740926,8.03663572118315e-05,0.00021763498005798
23494,0,82-5911,2019,1241,1158,83,43,4,3,Principal Arterial,3,Urban,Freeway/Prin. Art.,1,Detroit,0-99,0-99,0-99,AM,1,1,9,0,4.26200939536293e-05,0
23494,0,82-5911,2019,1241,1158,83,43,4,3,Principal Arterial,3,Urban,Freeway/Prin. Art.,1,Detroit,0-99,0-99,0-99,MD,1,1,23,0,0.000108918017881497,0
23494,0,82-5911,2019,1241,1158,83,43,4,3,Principal Arterial,3,Urban,Freeway/Prin. Art.,1,Detroit,0-99,0-99,0-99,PM,1,1,8,4,3.78845279587816e-05,1.34269189584739e-05
23494,0,82-5911,2019,1241,1158,83,43,4,3,Principal Arterial,3,Urban,Freeway/Prin. Art.,1,Detroit,0-99,0-99,0-99,EV,1,1,2,0,9.47113198969541e-06,0
23494,0,82-5911,2019,1241,1158,83,43,4,3,Principal Arterial,3,Urban,Freeway/Prin. Art.,1,Detroit,0-99,0-99,0-99,NT,1,1,1,0,4.7355659948477e-06,0
23546,0,82-1844,2019,8255.5,8112.5,143,42,7,4,Minor Arterial,3,Urban,Other Road,1,Detroit,0-99,0-99,0-99,AM,1,1,4.5,1.5,2.13100469768147e-05,5.03509460942771e-06
23546,0,82-1844,2019,8255.5,8112.5,143,42,7,4,Minor Arterial,3,Urban,Other Road,1,Detroit,0-99,0-99,0-99,MD,1,1,20.5,2.5,9.70791028943779e-05,8.39182434904618e-06
23546,0,82-1844,2019,8255.5,8112.5,143,42,7,4,Minor Arterial,3,Urban,Other Road,1,Detroit,0-99,0-99,0-99,PM,1,1,14.75,3,6.98495984240036e-05,1.00701892188554e-05
23546,0,82-1844,2019,8255.5,8112.5,143,42,7,4,Minor Arterial,3,Urban,Other Road,1,Detroit,0-99,0-99,0-99,EV,1,1,0.75,0,3.55167449613578e-06,0
23546,0,82-1844,2019,8255.5,8112.5,143,42,7,4,Minor Arterial,3,Urban,Other Road,1,Detroit,0-99,0-99,0-99,NT,1,1,1.5,0,7.10334899227156e-06,0
23662,1,82-5803,2019,25799,24939,860,293,216,3,Principal Arterial,3,Urban,Freeway/Prin. Art.,1,Detroit,200-499,200-499,500-999,AM,1,1,46.5,26,0.000220203818760418,8.72749732300803e-05
23662,1,82-5803,2019,25799,24939,860,293,216,3,Principal Arterial,3,Urban,Freeway/Prin. Art.,1,Detroit,200-499,200-499,500-999,MD,1,1,143,88,0.000677185937263222,0.000295392217086426
23662,1,82-5803,2019,25799,24939,860,293,216,3,Principal Arterial,3,Urban,Freeway/Prin. Art.,1,Detroit,200-499,200-499,500-999,PM,1,1,58.5,31.5,0.000277030610698591,0.000105736986797982
23662,1,82-5803,2019,25799,24939,860,293,216,3,Principal Arterial,3,Urban,Freeway/Prin. Art.,1,Detroit,200-499,200-499,500-999,EV,1,1,20.5,16.5,9.70791028943779e-05,5.53860407037048e-05
23662,1,82-5803,2019,25799,24939,860,293,216,3,Principal Arterial,3,Urban,Freeway/Prin. Art.,1,Detroit,200-499,200-499,500-999,NT,1,1,24.5,54,0.000116021366873769,0.000181263405939398
23669,1,82-1127,2018,14051,13770,280,95,188,3,Principal Arterial,4,Suburban,Freeway/Prin. Art.,2,Other Wayne,100-199,0-99,200-499,AM,1,1,14.4015957446809,20.4128686327078,6.8199707080054e-05,6.85204832103353e-05
23669,1,82-1127,2018,14051,13770,280,95,188,3,Principal Arterial,4,Suburban,Freeway/Prin. Art.,2,Other Wayne,100-199,0-99,200-499,MD,1,1,53.311170212766,72.3270777479893,0.000252458564805112,0.000242782452856373
23669,1,82-1127,2018,14051,13770,280,95,188,3,Principal Arterial,4,Suburban,Freeway/Prin. Art.,2,Other Wayne,100-199,0-99,200-499,PM,1,1,17.4335106382979,51.9142091152815,8.25575401495391e-05,0.000174261969646038
23669,1,82-1127,2018,14051,13770,280,95,188,3,Principal Arterial,4,Suburban,Freeway/Prin. Art.,2,Other Wayne,100-199,0-99,200-499,EV,1,1,7.57978723404255,19.9088471849866,3.58945826737127e-05,6.6828619427364e-05
23669,1,82-1127,2018,14051,13770,280,95,188,3,Principal Arterial,4,Suburban,Freeway/Prin. Art.,2,Other Wayne,100-199,0-99,200-499,NT,1,1,2.27393617021277,23.4369973190349,1.07683748021138e-05,7.86716659081627e-05
23693,0,82-1271,2018,13561,13343.5,217,117,31,3,Principal Arterial,3,Urban,Freeway/Prin. Art.,2,Other Wayne,0-99,100-199,100-199,AM,1,1,21.3827586206897,7.13492063492063,0.000101259464600175,2.39500002850556e-05
23693,0,82-1271,2018,13561,13343.5,217,117,31,3,Principal Arterial,3,Urban,Freeway/Prin. Art.,2,Other Wayne,0-99,100-199,100-199,MD,1,1,51.9103448275862,15.9920634920635,0.000245824863746336,5.36810351216764e-05
23693,0,82-1271,2018,13561,13343.5,217,117,31,3,Principal Arterial,3,Urban,Freeway/Prin. Art.,2,Other Wayne,0-99,100-199,100-199,PM,1,1,27.3,5.41269841269841,0.000129280951659342,1.81689657334905e-05
23693,0,82-1271,2018,13561,13343.5,217,117,31,3,Principal Arterial,3,Urban,Freeway/Prin. Art.,2,Other Wayne,0-99,100-199,100-199,EV,1,1,8.47241379310345,1.72222222222222,4.01216746528993e-05,5.78103455156515e-06
23693,0,82-1271,2018,13561,13343.5,217,117,31,3,Principal Arterial,3,Urban,Freeway/Prin. Art.,2,Other Wayne,0-99,100-199,100-199,NT,1,1,7.93448275862069,0.738095238095238,3.75742667384295e-05,2.47758623638506e-06
23726,1,82-1806,2019,19286.5,19026.5,260,181,59,3,Principal Arterial,3,Urban,Freeway/Prin. Art.,2,Other Wayne,0-99,100-199,200-499,AM,1,1,37,8.67647058823529,0.000175215941809365,2.91245668584544e-05
23726,1,82-1806,2019,19286.5,19026.5,260,181,59,3,Principal Arterial,3,Urban,Freeway/Prin. Art.,2,Other Wayne,0-99,100-199,200-499,MD,1,1,80.5,28.7563025210084,0.00038121306258524,9.65271358737346e-05
23726,1,82-1806,2019,19286.5,19026.5,260,181,59,3,Principal Arterial,3,Urban,Freeway/Prin. Art.,2,Other Wayne,0-99,100-199,200-499,PM,1,1,37.75,10.6596638655462,0.000178767616305501,3.57816107118154e-05
23726,1,82-1806,2019,19286.5,19026.5,260,181,59,3,Principal Arterial,3,Urban,Freeway/Prin. Art.,2,Other Wayne,0-99,100-199,200-499,EV,1,1,10.25,3.22268907563025,4.8539551447189e-05,1.08176962617116e-05
23726,1,82-1806,2019,19286.5,19026.5,260,181,59,3,Principal Arterial,3,Urban,Freeway/Prin. Art.,2,Other Wayne,0-99,100-199,200-499,NT,1,1,15.5,7.68487394957983,7.34012729201394e-05,2.57960449317739e-05
23738,1,82-1822,2019,4994,4895.5,98,40,57,3,Principal Arterial,4,Suburban,Freeway/Prin. Art.,2,Other Wayne,0-99,0-99,0-99,AM,1,1,3.95061728395062,6.44347826086957,1.87084088685341e-05,2.1629015104846e-05
23738,1,82-1822,2019,4994,4895.5,98,40,57,3,Principal Arterial,4,Suburban,Freeway/Prin. Art.,2,Other Wayne,0-99,0-99,0-99,MD,1,1,21.2345679012346,23.5434782608696,0.000100557697668371,7.90290936523219e-05
23738,1,82-1822,2019,4994,4895.5,98,40,57,3,Principal Arterial,4,Suburban,Freeway/Prin. Art.,2,Other Wayne,0-99,0-99,0-99,PM,1,1,11.8518518518519,15.8608695652174,5.61252266056024e-05,5.32406525657748e-05
23738,1,82-1822,2019,4994,4895.5,98,40,57,3,Principal Arterial,4,Suburban,Freeway/Prin. Art.,2,Other Wayne,0-99,0-99,0-99,EV,1,1,1.97530864197531,2.2304347826087,9.35420443426707e-06,7.48696676706207e-06
23738,1,82-1822,2019,4994,4895.5,98,40,57,3,Principal Arterial,4,Suburban,Freeway/Prin. Art.,2,Other Wayne,0-99,0-99,0-99,NT,1,1,0.987654320987654,8.92173913043478,4.67710221713354e-06,2.99478670682483e-05
23743,0,82-5871,2018,4907,4784,122,53,13,4,Minor Arterial,3,Urban,Other Road,1,Detroit,0-99,0-99,0-99,AM,1,1,10,1.41304347826087,4.7355659948477e-05,4.74320506685219e-06
23743,0,82-5871,2018,4907,4784,122,53,13,4,Minor Arterial,3,Urban,Other Road,1,Detroit,0-99,0-99,0-99,MD,1,1,18.75,5.3695652173913,8.87918624033945e-05,1.80241792540383e-05
23743,0,82-5871,2018,4907,4784,122,53,13,4,Minor Arterial,3,Urban,Other Road,1,Detroit,0-99,0-99,0-99,PM,1,1,12.75,2.54347826086957,6.03784664343082e-05,8.53776912033395e-06
23743,0,82-5871,2018,4907,4784,122,53,13,4,Minor Arterial,3,Urban,Other Road,1,Detroit,0-99,0-99,0-99,EV,1,1,6,1.69565217391304,2.84133959690862e-05,5.69184608022263e-06
23743,0,82-5871,2018,4907,4784,122,53,13,4,Minor Arterial,3,Urban,Other Road,1,Detroit,0-99,0-99,0-99,NT,1,1,5.5,1.97826086956522,2.60456129716624e-05,6.64048709359307e-06
23764,0,82-2518,2019,2361,2341,20,13,6,4,Minor Arterial,3,Urban,Other Road,1,Detroit,0-99,0-99,0-99,AM,1,1,1.04,0,4.92498863464161e-06,0
23764,0,82-2518,2019,2361,2341,20,13,6,4,Minor Arterial,3,Urban,Other Road,1,Detroit,0-99,0-99,0-99,MD,1,1,6.5,2.18181818181818,3.07811789665101e-05,7.3237739773494e-06
23764,0,82-2518,2019,2361,2341,20,13,6,4,Minor Arterial,3,Urban,Other Road,1,Detroit,0-99,0-99,0-99,PM,1,1,4.42,2.72727272727273,2.09312016972269e-05,9.15471747168675e-06
23764,0,82-2518,2019,2361,2341,20,13,6,4,Minor Arterial,3,Urban,Other Road,1,Detroit,0-99,0-99,0-99,EV,1,1,0,1.09090909090909,0,3.6618869886747e-06
23764,0,82-2518,2019,2361,2341,20,13,6,4,Minor Arterial,3,Urban,Other Road,1,Detroit,0-99,0-99,0-99,NT,1,1,1.04,0,4.92498863464161e-06,0
23775,0,82-2177,2018,55,53,1,3,1,4,Minor Arterial,3,Urban,Other Road,1,Detroit,0-99,0-99,0-99,AM,1,1,0.789473684210526,0.285714285714286,3.7386047327745e-06,9.59065639890992e-07
23775,0,82-2177,2018,55,53,1,3,1,4,Minor Arterial,3,Urban,Other Road,1,Detroit,0-99,0-99,0-99,MD,1,1,0.710526315789474,0.642857142857143,3.36474425949705e-06,2.15789768975473e-06
23775,0,82-2177,2018,55,53,1,3,1,4,Minor Arterial,3,Urban,Other Road,1,Detroit,0-99,0-99,0-99,PM,1,1,0.552631578947368,0.0714285714285714,2.61702331294215e-06,2.39766409972748e-07
23775,0,82-2177,2018,55,53,1,3,1,4,Minor Arterial,3,Urban,Other Road,1,Detroit,0-99,0-99,0-99,EV,1,1,0.473684210526316,0,2.2431628396647e-06,0
23775,0,82-2177,2018,55,53,1,3,1,4,Minor Arterial,3,Urban,Other Road,1,Detroit,0-99,0-99,0-99,NT,1,1,0.473684210526316,0,2.2431628396647e-06,0
23776,0,82-6259,2018,1559,1480,78,53,18,3,Principal Arterial,3,Urban,Freeway/Prin. Art.,1,Detroit,0-99,0-99,0-99,AM,1,1,14.0144230769231,3.54545454545455,6.63662253604859e-05,1.19011327131928e-05
23776,0,82-6259,2018,1559,1480,78,53,18,3,Principal Arterial,3,Urban,Freeway/Prin. Art.,1,Detroit,0-99,0-99,0-99,MD,1,1,20.3846153846154,6.54545454545455,9.6532691433434e-05,2.19713219320482e-05
23776,0,82-6259,2018,1559,1480,78,53,18,3,Principal Arterial,3,Urban,Freeway/Prin. Art.,1,Detroit,0-99,0-99,0-99,PM,1,1,12.4855769230769,4.90909090909091,5.91262735029783e-05,1.64784914490361e-05
23776,0,82-6259,2018,1559,1480,78,53,18,3,Principal Arterial,3,Urban,Freeway/Prin. Art.,1,Detroit,0-99,0-99,0-99,EV,1,1,1.27403846153846,2.72727272727273,6.03329321458962e-06,9.15471747168675e-06
23776,0,82-6259,2018,1559,1480,78,53,18,3,Principal Arterial,3,Urban,Freeway/Prin. Art.,1,Detroit,0-99,0-99,0-99,NT,1,1,4.84134615384615,0.272727272727273,2.29265142154406e-05,9.15471747168675e-07
23793,1,82-1228,2019,16665.5,16209,456,195,195,3,Principal Arterial,4,Suburban,Freeway/Prin. Art.,2,Other Wayne,100-199,100-199,200-499,AM,1,1,27.9283887468031,27.25,0.000132256728040248,9.14708854046034e-05
23793,1,82-1228,2019,16665.5,16209,456,195,195,3,Principal Arterial,4,Suburban,Freeway/Prin. Art.,2,Other Wayne,100-199,100-199,200-499,MD,1,1,83.7851662404092,82,0.000396770184120744,0.000275251838648715
23793,1,82-1228,2019,16665.5,16209,456,195,195,3,Principal Arterial,4,Suburban,Freeway/Prin. Art.,2,Other Wayne,100-199,100-199,200-499,PM,1,1,45.1342710997443,42.5,0.000213736319422186,0.000142661013933785
23793,1,82-1228,2019,16665.5,16209,456,195,195,3,Principal Arterial,4,Suburban,Freeway/Prin. Art.,2,Other Wayne,100-199,100-199,200-499,EV,1,1,18.2033248081841,14.5,8.62030459548044e-05,4.86725812244679e-05
23793,1,82-1228,2019,16665.5,16209,456,195,195,3,Principal Arterial,4,Suburban,Freeway/Prin. Art.,2,Other Wayne,100-199,100-199,200-499,NT,1,1,19.9488491048593,28.75,9.44690914573199e-05,9.65059800140311e-05
23840,1,82-1430,2019,9521.5,8924,597,205,365,3,Principal Arterial,3,Urban,Freeway/Prin. Art.,1,Detroit,200-499,200-499,500-999,AM,1,1,43.25,67.1580027359781,0.000204813229277163,0.000225431265037237
23840,1,82-1430,2019,9521.5,8924,597,205,365,3,Principal Arterial,3,Urban,Freeway/Prin. Art.,1,Detroit,200-499,200-499,500-999,MD,1,1,90.25,142.80437756498,0.000427384831035005,0.000479355701120072
23840,1,82-1430,2019,9521.5,8924,597,205,365,3,Principal Arterial,3,Urban,Freeway/Prin. Art.,1,Detroit,200-499,200-499,500-999,PM,1,1,43.5,73.6491108071136,0.000205997120775875,0.000247220160542694
23840,1,82-1430,2019,9521.5,8924,597,205,365,3,Principal Arterial,3,Urban,Freeway/Prin. Art.,1,Detroit,200-499,200-499,500-999,EV,1,1,8.75,30.2086183310534,4.14362024549174e-05,0.000101402167544631
23840,1,82-1430,2019,9521.5,8924,597,205,365,3,Principal Arterial,3,Urban,Freeway/Prin. Art.,1,Detroit,200-499,200-499,500-999,NT,1,1,19.25,51.1798905608755,9.11596454008183e-05,0.00017179706071611
23852,1,82-5815,2019,10347,9644,703,345,328,3,Principal Arterial,3,Urban,Freeway/Prin. Art.,1,Detroit,200-499,200-499,500-999,AM,1,1,53.90625,48.5460122699387,0.000255276604409759,0.000162955843126386
23852,1,82-5815,2019,10347,9644,703,345,328,3,Principal Arterial,3,Urban,Freeway/Prin. Art.,1,Detroit,200-499,200-499,500-999,MD,1,1,137.899709302326,148.153374233129,0.000653033174071477,0.000497310837313169
23852,1,82-5815,2019,10347,9644,703,345,328,3,Principal Arterial,3,Urban,Freeway/Prin. Art.,1,Detroit,200-499,200-499,500-999,PM,1,1,90.2616279069767,75.4601226993865,0.000427439895755876,0.00025329923802029
23852,1,82-5815,2019,10347,9644,703,345,328,3,Principal Arterial,3,Urban,Freeway/Prin. Art.,1,Detroit,200-499,200-499,500-999,EV,1,1,24.5712209302326,19.8711656441718,0.000116358638289099,6.67021326786763e-05
23852,1,82-5815,2019,10347,9644,703,345,328,3,Principal Arterial,3,Urban,Freeway/Prin. Art.,1,Detroit,200-499,200-499,500-999,NT,1,1,38.3611918604651,35.9693251533742,0.000181661955696247,0.000120739303456338
23866,1,82-5802,2019,16929.5,16457.5,472,191,108,3,Principal Arterial,3,Urban,Freeway/Prin. Art.,1,Detroit,100-199,100-199,200-499,AM,1,1,30.420365535248,12.4423963133641,0.000144057648579558,4.17657617371884e-05
23866,1,82-5802,2019,16929.5,16457.5,472,191,108,3,Principal Arterial,3,Urban,Freeway/Prin. Art.,1,Detroit,100-199,100-199,200-499,MD,1,1,86.523498694517,43.0506912442396,0.000409737738173004,0.000144509535610672
23866,1,82-5802,2019,16929.5,16457.5,472,191,108,3,Principal Arterial,3,Urban,Freeway/Prin. Art.,1,Detroit,100-199,100-199,200-499,PM,1,1,43.8851174934726,17.4193548387097,0.000207820870081985,5.84720664320637e-05
23866,1,82-5802,2019,16929.5,16457.5,472,191,108,3,Principal Arterial,3,Urban,Freeway/Prin. Art.,1,Detroit,100-199,100-199,200-499,EV,1,1,14.7114882506527,8.70967741935484,6.96672234933927e-05,2.92360332160319e-05
23866,1,82-5802,2019,16929.5,16457.5,472,191,108,3,Principal Arterial,3,Urban,Freeway/Prin. Art.,1,Detroit,100-199,100-199,200-499,NT,1,1,15.4595300261097,26.3778801843318,7.3209624687972e-05,8.85434148828394e-05
23884,0,82-5169,2019,4074.5,3784.5,290,33,7,3,Principal Arterial,1,Urban Business,Freeway/Prin. Art.,1,Detroit,0-99,0-99,0-99,AM,1,1,4.52054794520548,2.88235294117647,2.14073531273937e-05,9.67527983772384e-06
23884,0,82-5169,2019,4074.5,3784.5,290,33,7,3,Principal Arterial,1,Urban Business,Freeway/Prin. Art.,1,Detroit,0-99,0-99,0-99,MD,1,1,15.5958904109589,2.26470588235294,7.38553682895084e-05,7.60200558678302e-06
23884,0,82-5169,2019,4074.5,3784.5,290,33,7,3,Principal Arterial,1,Urban Business,Freeway/Prin. Art.,1,Detroit,0-99,0-99,0-99,PM,1,1,5.87671232876712,1.02941176470588,2.78295590656118e-05,3.45545708490137e-06
23884,0,82-5169,2019,4074.5,3784.5,290,33,7,3,Principal Arterial,1,Urban Business,Freeway/Prin. Art.,1,Detroit,0-99,0-99,0-99,EV,1,1,2.93835616438356,0,1.39147795328059e-05,0
23884,0,82-5169,2019,4074.5,3784.5,290,33,7,3,Principal Arterial,1,Urban Business,Freeway/Prin. Art.,1,Detroit,0-99,0-99,0-99,NT,1,1,4.06849315068493,0.823529411764706,1.92666178146544e-05,2.7643656679211e-06
23911,1,82-0114,2019,5494,5054,440,187,227,3,Principal Arterial,3,Urban,Freeway/Prin. Art.,1,Detroit,200-499,100-199,200-499,AM,1,1,29.92,35.1725274725275,0.000141688134565843,0.000118064668984581
23911,1,82-0114,2019,5494,5054,440,187,227,3,Principal Arterial,3,Urban,Freeway/Prin. Art.,1,Detroit,200-499,100-199,200-499,MD,1,1,66.0733333333333,73.8373626373627,0.000312894630499571,0.000247852071059829
23911,1,82-0114,2019,5494,5054,440,187,227,3,Principal Arterial,3,Urban,Freeway/Prin. Art.,1,Detroit,200-499,100-199,200-499,PM,1,1,42.8853333333333,40.1615384615385,0.000203086326211042,0.000134811430542677
23911,1,82-0114,2019,5494,5054,440,187,227,3,Principal Arterial,3,Urban,Freeway/Prin. Art.,1,Detroit,200-499,100-199,200-499,EV,1,1,15.2093333333333,22.7,7.2024801737637e-05,7.61977650893394e-05
23911,1,82-0114,2019,5494,5054,440,187,227,3,Principal Arterial,3,Urban,Freeway/Prin. Art.,1,Detroit,200-499,100-199,200-499,NT,1,1,32.912,55.1285714285714,0.000155856948022428,0.000185051715216967
23998,0,82-1864,2019,11833.5,11705.5,128,77,15,3,Principal Arterial,3,Urban,Freeway/Prin. Art.,2,Other Wayne,0-99,0-99,0-99,AM,1,1,11.75,3.38709677419355,5.56429004394605e-05,1.13695684729013e-05
23998,0,82-1864,2019,11833.5,11705.5,128,77,15,3,Principal Arterial,3,Urban,Freeway/Prin. Art.,2,Other Wayne,0-99,0-99,0-99,MD,1,1,37.75,9.67741935483871,0.000178767616305501,3.24844813511465e-05
23998,0,82-1864,2019,11833.5,11705.5,128,77,15,3,Principal Arterial,3,Urban,Freeway/Prin. Art.,2,Other Wayne,0-99,0-99,0-99,PM,1,1,17,1.93548387096774,8.0504621912411e-05,6.49689627022931e-06
23998,0,82-1864,2019,11833.5,11705.5,128,77,15,3,Principal Arterial,3,Urban,Freeway/Prin. Art.,2,Other Wayne,0-99,0-99,0-99,EV,1,1,5.25,0,2.48617214729505e-05,0
23998,0,82-1864,2019,11833.5,11705.5,128,77,15,3,Principal Arterial,3,Urban,Freeway/Prin. Art.,2,Other Wayne,0-99,0-99,0-99,NT,1,1,5.25,0,2.48617214729505e-05,0
24024,0,82-1556,2018,14983,14742,241,119,16,3,Principal Arterial,3,Urban,Freeway/Prin. Art.,2,Other Wayne,0-99,100-199,100-199,AM,1,1,15.0601659751037,2,7.13184098684637e-05,6.71345947923695e-06
24024,0,82-1556,2018,14983,14742,241,119,16,3,Principal Arterial,3,Urban,Freeway/Prin. Art.,2,Other Wayne,0-99,100-199,100-199,MD,1,1,53.0809128630705,7,0.000251368165929831,2.34971081773293e-05
24024,0,82-1556,2018,14983,14742,241,119,16,3,Principal Arterial,3,Urban,Freeway/Prin. Art.,2,Other Wayne,0-99,100-199,100-199,PM,1,1,29.6265560165975,6,0.00014029851121665,2.01403784377108e-05
24024,0,82-1556,2018,14983,14742,241,119,16,3,Principal Arterial,3,Urban,Freeway/Prin. Art.,2,Other Wayne,0-99,100-199,100-199,EV,1,1,9.13485477178423,0,4.32587076251337e-05,0
24024,0,82-1556,2018,14983,14742,241,119,16,3,Principal Arterial,3,Urban,Freeway/Prin. Art.,2,Other Wayne,0-99,100-199,100-199,NT,1,1,12.097510373444,1,5.72885587467987e-05,3.35672973961847e-06
24028,0,82-1554,2018,18477,18265,212,129,20,3,Principal Arterial,3,Urban,Freeway/Prin. Art.,2,Other Wayne,0-99,100-199,100-199,AM,1,1,22.8183962264151,3.5,0.000108058021226773,1.17485540886647e-05
24028,0,82-1554,2018,18477,18265,212,129,20,3,Principal Arterial,3,Urban,Freeway/Prin. Art.,2,Other Wayne,0-99,100-199,100-199,MD,1,1,52.938679245283,9.5,0.000250694609246112,3.18889325263755e-05
24028,0,82-1554,2018,18477,18265,212,129,20,3,Principal Arterial,3,Urban,Freeway/Prin. Art.,2,Other Wayne,0-99,100-199,100-199,PM,1,1,42.2900943396226,5.5,0.000200267532673618,1.84620135679016e-05
24028,0,82-1554,2018,18477,18265,212,129,20,3,Principal Arterial,3,Urban,Freeway/Prin. Art.,2,Other Wayne,0-99,100-199,100-199,EV,1,1,6.99764150943396,1,3.31377931762102e-05,3.35672973961847e-06
24028,0,82-1554,2018,18477,18265,212,129,20,3,Principal Arterial,3,Urban,Freeway/Prin. Art.,2,Other Wayne,0-99,100-199,100-199,NT,1,1,3.95518867924528,0.5,1.87300570126406e-05,1.67836486980924e-06
24034,0,82-1551,2018,19084,18934,150,116,20,3,Principal Arterial,3,Urban,Freeway/Prin. Art.,2,Other Wayne,0-99,100-199,100-199,AM,1,1,18.1733333333333,3.5,8.60610193463656e-05,1.17485540886647e-05
24034,0,82-1551,2018,19084,18934,150,116,20,3,Principal Arterial,3,Urban,Freeway/Prin. Art.,2,Other Wayne,0-99,100-199,100-199,MD,1,1,61.8666666666667,11,0.000292973682881245,3.69240271358032e-05
24034,0,82-1551,2018,19084,18934,150,116,20,3,Principal Arterial,3,Urban,Freeway/Prin. Art.,2,Other Wayne,0-99,100-199,100-199,PM,1,1,22.04,2,0.000104371874526443,6.71345947923695e-06
24034,0,82-1551,2018,19084,18934,150,116,20,3,Principal Arterial,3,Urban,Freeway/Prin. Art.,2,Other Wayne,0-99,100-199,100-199,EV,1,1,5.02666666666667,1,2.38041117341011e-05,3.35672973961847e-06
24034,0,82-1551,2018,19084,18934,150,116,20,3,Principal Arterial,3,Urban,Freeway/Prin. Art.,2,Other Wayne,0-99,100-199,100-199,NT,1,1,8.89333333333333,2.5,4.21149669141789e-05,8.39182434904618e-06
24038,1,82-1557,2018,24693,24375,318,190,52,3,Principal Arterial,3,Urban,Freeway/Prin. Art.,2,Other Wayne,0-99,100-199,200-499,AM,1,1,32.2641509433962,9.5,0.000152789016060181,3.18889325263755e-05
24038,1,82-1557,2018,24693,24375,318,190,52,3,Principal Arterial,3,Urban,Freeway/Prin. Art.,2,Other Wayne,0-99,100-199,200-499,MD,1,1,80.062893081761,15.5,0.000379143113927115,5.20293109640864e-05
24038,1,82-1557,2018,24693,24375,318,190,52,3,Principal Arterial,3,Urban,Freeway/Prin. Art.,2,Other Wayne,0-99,100-199,200-499,PM,1,1,56.4622641509434,19.5,0.000267380778105316,6.54562299225603e-05
24038,1,82-1557,2018,24693,24375,318,190,52,3,Principal Arterial,3,Urban,Freeway/Prin. Art.,2,Other Wayne,0-99,100-199,200-499,EV,1,1,13.4433962264151,4,6.36620900250753e-05,1.34269189584739e-05
24038,1,82-1557,2018,24693,24375,318,190,52,3,Principal Arterial,3,Urban,Freeway/Prin. Art.,2,Other Wayne,0-99,100-199,200-499,NT,1,1,7.76729559748428,3.5,3.67825409033768e-05,1.17485540886647e-05
24039,0,82-1558,2018,25009,24717,292,172,44,3,Principal Arterial,3,Urban,Freeway/Prin. Art.,2,Other Wayne,0-99,100-199,200-499,AM,1,1,32.6917808219178,7.5,0.000154814085571288,2.51754730471386e-05
24039,0,82-1558,2018,25009,24717,292,172,44,3,Principal Arterial,3,Urban,Freeway/Prin. Art.,2,Other Wayne,0-99,100-199,200-499,MD,1,1,72.1575342465753,14.5,0.000341706765450141,4.86725812244679e-05
24039,0,82-1558,2018,25009,24717,292,172,44,3,Principal Arterial,3,Urban,Freeway/Prin. Art.,2,Other Wayne,0-99,100-199,200-499,PM,1,1,44.472602739726,14,0.000210602945236617,4.69942163546586e-05
24039,0,82-1558,2018,25009,24717,292,172,44,3,Principal Arterial,3,Urban,Freeway/Prin. Art.,2,Other Wayne,0-99,100-199,200-499,EV,1,1,12.958904109589,2.5,6.1367745631862e-05,8.39182434904618e-06
24039,0,82-1558,2018,25009,24717,292,172,44,3,Principal Arterial,3,Urban,Freeway/Prin. Art.,2,Other Wayne,0-99,100-199,200-499,NT,1,1,9.71917808219178,5.5,4.60258092238965e-05,1.84620135679016e-05
24055,0,50-5219,2018,13773,13580,193,121,41,3,Principal Arterial,3,Urban,Freeway/Prin. Art.,4,Macomb,0-99,100-199,100-199,AM,1,1,17.5131578947368,14.5,8.29347149887144e-05,4.86725812244679e-05
24055,0,50-5219,2018,13773,13580,193,121,41,3,Principal Arterial,3,Urban,Freeway/Prin. Art.,4,Macomb,0-99,100-199,100-199,MD,1,1,56.1217105263158,11,0.000265768063941108,3.69240271358032e-05
24055,0,50-5219,2018,13773,13580,193,121,41,3,Principal Arterial,3,Urban,Freeway/Prin. Art.,4,Macomb,0-99,100-199,100-199,PM,1,1,29.0559210526316,9.5,0.000137596231685822,3.18889325263755e-05
24055,0,50-5219,2018,13773,13580,193,121,41,3,Principal Arterial,3,Urban,Freeway/Prin. Art.,4,Macomb,0-99,100-199,100-199,EV,1,1,9.55263157894737,2.5,4.52371172665715e-05,8.39182434904618e-06
24055,0,50-5219,2018,13773,13580,193,121,41,3,Principal Arterial,3,Urban,Freeway/Prin. Art.,4,Macomb,0-99,100-199,100-199,NT,1,1,8.75657894736842,3.5,4.14673574943572e-05,1.17485540886647e-05
24066,1,82-1545,2018,15300,15123,176,78,98,4,Minor Arterial,4,Suburban,Other Road,2,Other Wayne,0-99,0-99,100-199,AM,1,1,11.3225806451613,10.6082474226804,5.36188278771466e-05,3.56090196089424e-05
24066,1,82-1545,2018,15300,15123,176,78,98,4,Minor Arterial,4,Suburban,Other Road,2,Other Wayne,0-99,0-99,100-199,MD,1,1,38.4967741935484,37.3814432989691,0.000182304014782298,0.000125479402431511
24066,1,82-1545,2018,15300,15123,176,78,98,4,Minor Arterial,4,Suburban,Other Road,2,Other Wayne,0-99,0-99,100-199,PM,1,1,20.1290322580645,35.360824742268,9.53223606704828e-05,0.000118696732029808
24066,1,82-1545,2018,15300,15123,176,78,98,4,Minor Arterial,4,Suburban,Other Road,2,Other Wayne,0-99,0-99,100-199,EV,1,1,3.7741935483871,10.6082474226804,1.78729426257155e-05,3.56090196089424e-05
24066,1,82-1545,2018,15300,15123,176,78,98,4,Minor Arterial,4,Suburban,Other Road,2,Other Wayne,0-99,0-99,100-199,NT,1,1,4.27741935483871,4.04123711340206,2.02560016424776e-05,1.35653408034066e-05
24067,0,50-5342,2019,4869,4829,40,24,16,5,Major Collector,3,Urban,Other Road,4,Macomb,0-99,0-99,0-99,AM,1,1,6.5,1.5,3.07811789665101e-05,5.03509460942771e-06
24067,0,50-5342,2019,4869,4829,40,24,16,5,Major Collector,3,Urban,Other Road,4,Macomb,0-99,0-99,0-99,MD,1,1,7.5,9,3.55167449613578e-05,3.02105676565663e-05
24067,0,50-5342,2019,4869,4829,40,24,16,5,Major Collector,3,Urban,Other Road,4,Macomb,0-99,0-99,0-99,PM,1,1,8.5,3,4.02523109562055e-05,1.00701892188554e-05
24067,0,50-5342,2019,4869,4829,40,24,16,5,Major Collector,3,Urban,Other Road,4,Macomb,0-99,0-99,0-99,EV,1,1,1,2,4.7355659948477e-06,6.71345947923695e-06
24067,0,50-5342,2019,4869,4829,40,24,16,5,Major Collector,3,Urban,Other Road,4,Macomb,0-99,0-99,0-99,NT,1,1,0.5,0.5,2.36778299742385e-06,1.67836486980924e-06
24134,1,82-2535,2019,4701,4522.5,178,91,81,3,Principal Arterial,1,Urban Business,Freeway/Prin. Art.,1,Detroit,0-99,0-99,100-199,AM,1,1,12.625,25.3125,5.97865206849523e-05,8.49672215340926e-05
24134,1,82-2535,2019,4701,4522.5,178,91,81,3,Principal Arterial,1,Urban Business,Freeway/Prin. Art.,1,Detroit,0-99,0-99,100-199,MD,1,1,47.75,28.4765625,0.000226123276253978,9.55881242258542e-05
24134,1,82-2535,2019,4701,4522.5,178,91,81,3,Principal Arterial,1,Urban Business,Freeway/Prin. Art.,1,Detroit,0-99,0-99,100-199,PM,1,1,20.125,19.8703125,9.53032656463101e-05,6.66992689042627e-05
24134,1,82-2535,2019,4701,4522.5,178,91,81,3,Principal Arterial,1,Urban Business,Freeway/Prin. Art.,1,Detroit,0-99,0-99,100-199,EV,1,1,6.875,5.0625,3.2557016214578e-05,1.69934443068185e-05
24134,1,82-2535,2019,4701,4522.5,178,91,81,3,Principal Arterial,1,Urban Business,Freeway/Prin. Art.,1,Detroit,0-99,0-99,100-199,NT,1,1,3.625,2.278125,1.71664267313229e-05,7.64704993806834e-06
24168,0,50-5220,2019,15884,15607,277,156,41,3,Principal Arterial,3,Urban,Freeway/Prin. Art.,4,Macomb,0-99,100-199,100-199,AM,1,1,28.7142857142857,8.11458333333333,0.000135978394994913,2.72384631996124e-05
24168,0,50-5220,2019,15884,15607,277,156,41,3,Principal Arterial,3,Urban,Freeway/Prin. Art.,4,Macomb,0-99,100-199,100-199,MD,1,1,57.8571428571429,11.1041666666667,0.000273986318273331,3.72736864836801e-05
24168,0,50-5220,2019,15884,15607,277,156,41,3,Principal Arterial,3,Urban,Freeway/Prin. Art.,4,Macomb,0-99,100-199,100-199,PM,1,1,55.2857142857143,15.375,0.000261809148572295,5.1609719746634e-05
24168,0,50-5220,2019,15884,15607,277,156,41,3,Principal Arterial,3,Urban,Freeway/Prin. Art.,4,Macomb,0-99,100-199,100-199,EV,1,1,12,5.97916666666667,5.68267919381725e-05,2.00704465681355e-05
24168,0,50-5220,2019,15884,15607,277,156,41,3,Principal Arterial,3,Urban,Freeway/Prin. Art.,4,Macomb,0-99,100-199,100-199,NT,1,1,2.14285714285714,0.427083333333333,1.01476414175308e-05,1.43360332629539e-06
24229,0,82-5169,2019,4074.5,3784.5,290,33,7,3,Principal Arterial,1,Urban Business,Freeway/Prin. Art.,1,Detroit,0-99,0-99,0-99,AM,1,1,4.52054794520548,2.88235294117647,2.14073531273937e-05,9.67527983772384e-06
24229,0,82-5169,2019,4074.5,3784.5,290,33,7,3,Principal Arterial,1,Urban Business,Freeway/Prin. Art.,1,Detroit,0-99,0-99,0-99,MD,1,1,15.5958904109589,2.26470588235294,7.38553682895084e-05,7.60200558678302e-06
24229,0,82-5169,2019,4074.5,3784.5,290,33,7,3,Principal Arterial,1,Urban Business,Freeway/Prin. Art.,1,Detroit,0-99,0-99,0-99,PM,1,1,5.87671232876712,1.02941176470588,2.78295590656118e-05,3.45545708490137e-06
24229,0,82-5169,2019,4074.5,3784.5,290,33,7,3,Principal Arterial,1,Urban Business,Freeway/Prin. Art.,1,Detroit,0-99,0-99,0-99,EV,1,1,2.93835616438356,0,1.39147795328059e-05,0
24229,0,82-5169,2019,4074.5,3784.5,290,33,7,3,Principal Arterial,1,Urban Business,Freeway/Prin. Art.,1,Detroit,0-99,0-99,0-99,NT,1,1,4.06849315068493,0.823529411764706,1.92666178146544e-05,2.7643656679211e-06
24270,0,82-2540,2017,370,365,4,4,1,5,Major Collector,3,Urban,Other Road,1,Detroit,0-99,0-99,0-99,AM,1,1,0.571428571428571,0.5,2.70603771134155e-06,1.67836486980924e-06
24270,0,82-2540,2017,370,365,4,4,1,5,Major Collector,3,Urban,Other Road,1,Detroit,0-99,0-99,0-99,MD,1,1,1.42857142857143,0,6.76509427835386e-06,0
24270,0,82-2540,2017,370,365,4,4,1,5,Major Collector,3,Urban,Other Road,1,Detroit,0-99,0-99,0-99,PM,1,1,1.71428571428571,0.5,8.11811313402464e-06,1.67836486980924e-06
24270,0,82-2540,2017,370,365,4,4,1,5,Major Collector,3,Urban,Other Road,1,Detroit,0-99,0-99,0-99,EV,1,1,0.285714285714286,0,1.35301885567077e-06,0
24270,0,82-2540,2017,370,365,4,4,1,5,Major Collector,3,Urban,Other Road,1,Detroit,0-99,0-99,0-99,NT,1,1,0,0,0,0
24272,1,82-2535,2019,4701,4522.5,178,91,81,3,Principal Arterial,1,Urban Business,Freeway/Prin. Art.,1,Detroit,0-99,0-99,100-199,AM,1,1,12.625,25.3125,5.97865206849523e-05,8.49672215340926e-05
24272,1,82-2535,2019,4701,4522.5,178,91,81,3,Principal Arterial,1,Urban Business,Freeway/Prin. Art.,1,Detroit,0-99,0-99,100-199,MD,1,1,47.75,28.4765625,0.000226123276253978,9.55881242258542e-05
24272,1,82-2535,2019,4701,4522.5,178,91,81,3,Principal Arterial,1,Urban Business,Freeway/Prin. Art.,1,Detroit,0-99,0-99,100-199,PM,1,1,20.125,19.8703125,9.53032656463101e-05,6.66992689042627e-05
24272,1,82-2535,2019,4701,4522.5,178,91,81,3,Principal Arterial,1,Urban Business,Freeway/Prin. Art.,1,Detroit,0-99,0-99,100-199,EV,1,1,6.875,5.0625,3.2557016214578e-05,1.69934443068185e-05
24272,1,82-2535,2019,4701,4522.5,178,91,81,3,Principal Arterial,1,Urban Business,Freeway/Prin. Art.,1,Detroit,0-99,0-99,100-199,NT,1,1,3.625,2.278125,1.71664267313229e-05,7.64704993806834e-06
24323,1,82-6209,2019,4294,3590,704,330,367,4,Minor Arterial,3,Urban,Other Road,1,Detroit,200-499,200-499,500-999,AM,1,1,58,62,0.000274662827701167,0.000208117243856345
24323,1,82-6209,2019,4294,3590,704,330,367,4,Minor Arterial,3,Urban,Other Road,1,Detroit,200-499,200-499,500-999,MD,1,1,90,96.5,0.000426200939536293,0.000323924419873183
24323,1,82-6209,2019,4294,3590,704,330,367,4,Minor Arterial,3,Urban,Other Road,1,Detroit,200-499,200-499,500-999,PM,1,1,66,68.5,0.000312547355659948,0.000229935987163866
24323,1,82-6209,2019,4294,3590,704,330,367,4,Minor Arterial,3,Urban,Other Road,1,Detroit,200-499,200-499,500-999,EV,1,1,41,31,0.000194158205788756,0.000104058621928173
24323,1,82-6209,2019,4294,3590,704,330,367,4,Minor Arterial,3,Urban,Other Road,1,Detroit,200-499,200-499,500-999,NT,1,1,75,109,0.000355167449613578,0.000365883541618414
24338,1,82-1839,2019,19533,18670,863,307,486,3,Principal Arterial,3,Urban,Freeway/Prin. Art.,2,Other Wayne,200-499,200-499,500-999,AM,1,1,58,102.5,0.000274662827701167,0.000344064798310894
24338,1,82-1839,2019,19533,18670,863,307,486,3,Principal Arterial,3,Urban,Freeway/Prin. Art.,2,Other Wayne,200-499,200-499,500-999,MD,1,1,153,241.5,0.000724541597211699,0.000810650232117862
24338,1,82-1839,2019,19533,18670,863,307,486,3,Principal Arterial,3,Urban,Freeway/Prin. Art.,2,Other Wayne,200-499,200-499,500-999,PM,1,1,64.5,83.5,0.000305444006667677,0.000280286933258143
24338,1,82-1839,2019,19533,18670,863,307,486,3,Principal Arterial,3,Urban,Freeway/Prin. Art.,2,Other Wayne,200-499,200-499,500-999,EV,1,1,12.5,17,5.91945749355963e-05,5.70644055735141e-05
24338,1,82-1839,2019,19533,18670,863,307,486,3,Principal Arterial,3,Urban,Freeway/Prin. Art.,2,Other Wayne,200-499,200-499,500-999,NT,1,1,19,41.5,8.99757539021064e-05,0.000139304284194167
24352,1,82-1563,2018,14862,14192,669,245,420,3,Principal Arterial,4,Suburban,Freeway/Prin. Art.,2,Other Wayne,200-499,200-499,500-999,AM,1,1,49.3507157464213,81.945107398568,0.000233703571310148,0.000275067579021003
24352,1,82-1563,2018,14862,14192,669,245,420,3,Principal Arterial,4,Suburban,Freeway/Prin. Art.,2,Other Wayne,200-499,200-499,500-999,MD,1,1,100.956032719836,173.663484486874,0.000478083955522789,0.00058294138306286
24352,1,82-1563,2018,14862,14192,669,245,420,3,Principal Arterial,4,Suburban,Freeway/Prin. Art.,2,Other Wayne,200-499,200-499,500-999,PM,1,1,46.0940695296524,93.472553699284,0.000218281508228767,0.000313762100840472
24352,1,82-1563,2018,14862,14192,669,245,420,3,Principal Arterial,4,Suburban,Freeway/Prin. Art.,2,Other Wayne,200-499,200-499,500-999,EV,1,1,8.7678936605317,27.5656324582339,4.15209390652547e-05,9.2530378263946e-05
24352,1,82-1563,2018,14862,14192,669,245,420,3,Principal Arterial,4,Suburban,Freeway/Prin. Art.,2,Other Wayne,200-499,200-499,500-999,NT,1,1,39.8312883435583,43.3532219570406,0.000188623694610728,0.000145525049451479
24392,1,82-1861,2019,10454,10261.5,192,131,50,3,Principal Arterial,3,Urban,Freeway/Prin. Art.,2,Other Wayne,0-99,100-199,100-199,AM,1,1,21.2095238095238,5.75,0.000100439099719294,1.93011960028062e-05
24392,1,82-1861,2019,10454,10261.5,192,131,50,3,Principal Arterial,3,Urban,Freeway/Prin. Art.,2,Other Wayne,0-99,100-199,100-199,MD,1,1,47.0352380952381,15.375,0.000222738474083375,5.1609719746634e-05
24392,1,82-1861,2019,10454,10261.5,192,131,50,3,Principal Arterial,3,Urban,Freeway/Prin. Art.,2,Other Wayne,0-99,100-199,100-199,PM,1,1,33.4361904761905,20.625,0.000158339286616298,6.9232550879631e-05
24392,1,82-1861,2019,10454,10261.5,192,131,50,3,Principal Arterial,3,Urban,Freeway/Prin. Art.,2,Other Wayne,0-99,100-199,100-199,EV,1,1,12.3514285714286,5.25,5.84910051306475e-05,1.7622831132997e-05
24392,1,82-1861,2019,10454,10261.5,192,131,50,3,Principal Arterial,3,Urban,Freeway/Prin. Art.,2,Other Wayne,0-99,100-199,100-199,NT,1,1,16.9676190476191,3,8.0351279775435e-05,1.00701892188554e-05
24409,0,50-5230,2019,7864,7793.5,70,45,24,3,Principal Arterial,3,Urban,Freeway/Prin. Art.,4,Macomb,0-99,0-99,0-99,AM,1,1,9.66032608695652,2.44897959183673,4.57471117165315e-05,8.22056262763708e-06
24409,0,50-5230,2019,7864,7793.5,70,45,24,3,Principal Arterial,3,Urban,Freeway/Prin. Art.,4,Macomb,0-99,0-99,0-99,MD,1,1,20.5434782608696,7.95918367346939,9.7284997068067e-05,2.67168285398205e-05
24409,0,50-5230,2019,7864,7793.5,70,45,24,3,Principal Arterial,3,Urban,Freeway/Prin. Art.,4,Macomb,0-99,0-99,0-99,PM,1,1,12.4728260869565,10.7755102040816,5.90658910770407e-05,3.61704755616031e-05
24409,0,50-5230,2019,7864,7793.5,70,45,24,3,Principal Arterial,3,Urban,Freeway/Prin. Art.,4,Macomb,0-99,0-99,0-99,EV,1,1,1.22282608695652,2.81632653061225,5.79077363500399e-06,9.45364702178264e-06
24409,0,50-5230,2019,7864,7793.5,70,45,24,3,Principal Arterial,3,Urban,Freeway/Prin. Art.,4,Macomb,0-99,0-99,0-99,NT,1,1,1.10054347826087,0,5.21169627150359e-06,0
24411,1,82-1561,2018,14864,14222,641,270,350,3,Principal Arterial,4,Suburban,Freeway/Prin. Art.,2,Other Wayne,200-499,200-499,500-999,AM,1,1,55.7063197026022,61.3505747126437,0.000263800953281758,0.000205937298680616
24411,1,82-1561,2018,14864,14222,641,270,350,3,Principal Arterial,4,Suburban,Freeway/Prin. Art.,2,Other Wayne,200-499,200-499,500-999,MD,1,1,105.390334572491,134.26724137931,0.000499082884587109,0.000450698842194463
24411,1,82-1561,2018,14864,14222,641,270,350,3,Principal Arterial,4,Suburban,Freeway/Prin. Art.,2,Other Wayne,200-499,200-499,500-999,PM,1,1,58.7174721189591,86.9971264367816,0.000278060464269961,0.000292025841571693
24411,1,82-1561,2018,14864,14222,641,270,350,3,Principal Arterial,4,Suburban,Freeway/Prin. Art.,2,Other Wayne,200-499,200-499,500-999,EV,1,1,11.542750929368,22.6293103448276,5.4661458788112e-05,7.59604790215388e-05
24411,1,82-1561,2018,14864,14222,641,270,350,3,Principal Arterial,4,Suburban,Freeway/Prin. Art.,2,Other Wayne,200-499,200-499,500-999,NT,1,1,38.6431226765799,44.7557471264368,0.00018299705768194,0.000150232947398154
24420,1,82-1862,2019,12052.5,11832.5,220,115,98,3,Principal Arterial,3,Urban,Freeway/Prin. Art.,2,Other Wayne,0-99,100-199,200-499,AM,1,1,20.0873362445415,12.625,9.51249064467224e-05,4.23787129626832e-05
24420,1,82-1862,2019,12052.5,11832.5,220,115,98,3,Principal Arterial,3,Urban,Freeway/Prin. Art.,2,Other Wayne,0-99,100-199,200-499,MD,1,1,40.9279475982533,35.375,0.000193816996885197,0.000118744314539004
24420,1,82-1862,2019,12052.5,11832.5,220,115,98,3,Principal Arterial,3,Urban,Freeway/Prin. Art.,2,Other Wayne,0-99,100-199,200-499,PM,1,1,30.382096069869,33,0.000143876421000668,0.00011077208140741
24420,1,82-1862,2019,12052.5,11832.5,220,115,98,3,Principal Arterial,3,Urban,Freeway/Prin. Art.,2,Other Wayne,0-99,100-199,200-499,EV,1,1,12.5545851528384,7.375,5.94530665292015e-05,2.47558818296863e-05
24420,1,82-1862,2019,12052.5,11832.5,220,115,98,3,Principal Arterial,3,Urban,Freeway/Prin. Art.,2,Other Wayne,0-99,100-199,200-499,NT,1,1,11.0480349344978,9.625,5.23186985456974e-05,3.23085237438278e-05
24428,0,82-1863,2019,12318,12191.5,126,69,13,3,Principal Arterial,3,Urban,Freeway/Prin. Art.,2,Other Wayne,0-99,0-99,0-99,AM,1,1,7.94244604316547,2.40740740740741,3.76119773979271e-05,8.08101603982225e-06
24428,0,82-1863,2019,12318,12191.5,126,69,13,3,Principal Arterial,3,Urban,Freeway/Prin. Art.,2,Other Wayne,0-99,0-99,0-99,MD,1,1,36.4856115107914,9.14814814814815,0.000172780021171728,3.07078609513246e-05
24428,0,82-1863,2019,12318,12191.5,126,69,13,3,Principal Arterial,3,Urban,Freeway/Prin. Art.,2,Other Wayne,0-99,0-99,0-99,PM,1,1,16.6294964028777,1.44444444444444,7.87500776769099e-05,4.84860962389335e-06
24428,0,82-1863,2019,12318,12191.5,126,69,13,3,Principal Arterial,3,Urban,Freeway/Prin. Art.,2,Other Wayne,0-99,0-99,0-99,EV,1,1,4.46762589928058,0,2.1156737286334e-05,0
24428,0,82-1863,2019,12318,12191.5,126,69,13,3,Principal Arterial,3,Urban,Freeway/Prin. Art.,2,Other Wayne,0-99,0-99,0-99,NT,1,1,3.47482014388489,0,1.64552401115931e-05,0
24429,0,82-1863,2019,12318,12191.5,126,69,13,3,Principal Arterial,3,Urban,Freeway/Prin. Art.,2,Other Wayne,0-99,0-99,0-99,AM,1,1,7.94244604316547,2.40740740740741,3.76119773979271e-05,8.08101603982225e-06
24429,0,82-1863,2019,12318,12191.5,126,69,13,3,Principal Arterial,3,Urban,Freeway/Prin. Art.,2,Other Wayne,0-99,0-99,0-99,MD,1,1,36.4856115107914,9.14814814814815,0.000172780021171728,3.07078609513246e-05
24429,0,82-1863,2019,12318,12191.5,126,69,13,3,Principal Arterial,3,Urban,Freeway/Prin. Art.,2,Other Wayne,0-99,0-99,0-99,PM,1,1,16.6294964028777,1.44444444444444,7.87500776769099e-05,4.84860962389335e-06
24429,0,82-1863,2019,12318,12191.5,126,69,13,3,Principal Arterial,3,Urban,Freeway/Prin. Art.,2,Other Wayne,0-99,0-99,0-99,EV,1,1,4.46762589928058,0,2.1156737286334e-05,0
24429,0,82-1863,2019,12318,12191.5,126,69,13,3,Principal Arterial,3,Urban,Freeway/Prin. Art.,2,Other Wayne,0-99,0-99,0-99,NT,1,1,3.47482014388489,0,1.64552401115931e-05,0
24442,1,82-1862,2019,12052.5,11832.5,220,115,98,3,Principal Arterial,3,Urban,Freeway/Prin. Art.,2,Other Wayne,0-99,100-199,200-499,AM,1,1,20.0873362445415,12.625,9.51249064467224e-05,4.23787129626832e-05
24442,1,82-1862,2019,12052.5,11832.5,220,115,98,3,Principal Arterial,3,Urban,Freeway/Prin. Art.,2,Other Wayne,0-99,100-199,200-499,MD,1,1,40.9279475982533,35.375,0.000193816996885197,0.000118744314539004
24442,1,82-1862,2019,12052.5,11832.5,220,115,98,3,Principal Arterial,3,Urban,Freeway/Prin. Art.,2,Other Wayne,0-99,100-199,200-499,PM,1,1,30.382096069869,33,0.000143876421000668,0.00011077208140741
24442,1,82-1862,2019,12052.5,11832.5,220,115,98,3,Principal Arterial,3,Urban,Freeway/Prin. Art.,2,Other Wayne,0-99,100-199,200-499,EV,1,1,12.5545851528384,7.375,5.94530665292015e-05,2.47558818296863e-05
24442,1,82-1862,2019,12052.5,11832.5,220,115,98,3,Principal Arterial,3,Urban,Freeway/Prin. Art.,2,Other Wayne,0-99,100-199,200-499,NT,1,1,11.0480349344978,9.625,5.23186985456974e-05,3.23085237438278e-05
24470,1,82-1861,2019,10454,10261.5,192,131,50,3,Principal Arterial,3,Urban,Freeway/Prin. Art.,2,Other Wayne,0-99,100-199,100-199,AM,1,1,21.2095238095238,5.75,0.000100439099719294,1.93011960028062e-05
24470,1,82-1861,2019,10454,10261.5,192,131,50,3,Principal Arterial,3,Urban,Freeway/Prin. Art.,2,Other Wayne,0-99,100-199,100-199,MD,1,1,47.0352380952381,15.375,0.000222738474083375,5.1609719746634e-05
24470,1,82-1861,2019,10454,10261.5,192,131,50,3,Principal Arterial,3,Urban,Freeway/Prin. Art.,2,Other Wayne,0-99,100-199,100-199,PM,1,1,33.4361904761905,20.625,0.000158339286616298,6.9232550879631e-05
24470,1,82-1861,2019,10454,10261.5,192,131,50,3,Principal Arterial,3,Urban,Freeway/Prin. Art.,2,Other Wayne,0-99,100-199,100-199,EV,1,1,12.3514285714286,5.25,5.84910051306475e-05,1.7622831132997e-05
24470,1,82-1861,2019,10454,10261.5,192,131,50,3,Principal Arterial,3,Urban,Freeway/Prin. Art.,2,Other Wayne,0-99,100-199,100-199,NT,1,1,16.9676190476191,3,8.0351279775435e-05,1.00701892188554e-05
24491,1,82-2523,2019,1577,1317,260,48,211,5,Major Collector,3,Urban,Other Road,1,Detroit,200-499,0-99,200-499,AM,1,1,3.25,23.3607142857143,1.5390589483255e-05,7.84156043815873e-05
24491,1,82-2523,2019,1577,1317,260,48,211,5,Major Collector,3,Urban,Other Road,1,Detroit,200-499,0-99,200-499,MD,1,1,29,94.447619047619,0.000137331413850583,0.000317035131693299
24491,1,82-2523,2019,1577,1317,260,48,211,5,Major Collector,3,Urban,Other Road,1,Detroit,200-499,0-99,200-499,PM,1,1,9.5,38.4321428571429,4.49878769510532e-05,0.000129006316885837
24491,1,82-2523,2019,1577,1317,260,48,211,5,Major Collector,3,Urban,Other Road,1,Detroit,200-499,0-99,200-499,EV,1,1,0,19.3416666666667,0,6.49247477137873e-05
24491,1,82-2523,2019,1577,1317,260,48,211,5,Major Collector,3,Urban,Other Road,1,Detroit,200-499,0-99,200-499,NT,1,1,6.25,35.4178571428571,2.95972874677982e-05,0.000118888174384987
24495,0,50-5230,2019,7864,7793.5,70,45,24,3,Principal Arterial,3,Urban,Freeway/Prin. Art.,4,Macomb,0-99,0-99,0-99,AM,1,1,9.66032608695652,2.44897959183673,4.57471117165315e-05,8.22056262763708e-06
24495,0,50-5230,2019,7864,7793.5,70,45,24,3,Principal Arterial,3,Urban,Freeway/Prin. Art.,4,Macomb,0-99,0-99,0-99,MD,1,1,20.5434782608696,7.95918367346939,9.7284997068067e-05,2.67168285398205e-05
24495,0,50-5230,2019,7864,7793.5,70,45,24,3,Principal Arterial,3,Urban,Freeway/Prin. Art.,4,Macomb,0-99,0-99,0-99,PM,1,1,12.4728260869565,10.7755102040816,5.90658910770407e-05,3.61704755616031e-05
24495,0,50-5230,2019,7864,7793.5,70,45,24,3,Principal Arterial,3,Urban,Freeway/Prin. Art.,4,Macomb,0-99,0-99,0-99,EV,1,1,1.22282608695652,2.81632653061225,5.79077363500399e-06,9.45364702178264e-06
24495,0,50-5230,2019,7864,7793.5,70,45,24,3,Principal Arterial,3,Urban,Freeway/Prin. Art.,4,Macomb,0-99,0-99,0-99,NT,1,1,1.10054347826087,0,5.21169627150359e-06,0
24499,1,82-2187,2018,6867,6521,345,137,204,3,Principal Arterial,4,Suburban,Freeway/Prin. Art.,2,Other Wayne,200-499,100-199,200-499,AM,1,1,19.8952205882353,35.2592592592593,9.4215130077641e-05,0.000118355804152474
24499,1,82-2187,2018,6867,6521,345,137,204,3,Principal Arterial,4,Suburban,Freeway/Prin. Art.,2,Other Wayne,200-499,100-199,200-499,MD,1,1,55.65625,71.5259259259259,0.000263563844900743,0.000240093202709304
24499,1,82-2187,2018,6867,6521,345,137,204,3,Principal Arterial,4,Suburban,Freeway/Prin. Art.,2,Other Wayne,200-499,100-199,200-499,PM,1,1,41.3014705882353,51.8814814814815,0.00019558583965485,0.000174152111824354
24499,1,82-2187,2018,6867,6521,345,137,204,3,Principal Arterial,4,Suburban,Freeway/Prin. Art.,2,Other Wayne,200-499,100-199,200-499,EV,1,1,13.8511029411765,22.162962962963,6.55928120793703e-05,7.43950768958406e-05
24499,1,82-2187,2018,6867,6521,345,137,204,3,Principal Arterial,4,Suburban,Freeway/Prin. Art.,2,Other Wayne,200-499,100-199,200-499,NT,1,1,6.29595588235294,23.1703703703704,2.9814914581532e-05,7.77766713001969e-05
24500,1,82-1851,2018,4679,4314,364,255,113,3,Principal Arterial,4,Suburban,Freeway/Prin. Art.,2,Other Wayne,100-199,200-499,200-499,AM,1,1,63.1213017751479,23.4575892857143,0.000298915090236911,7.87407875751128e-05
24500,1,82-1851,2018,4679,4314,364,255,113,3,Principal Arterial,4,Suburban,Freeway/Prin. Art.,2,Other Wayne,100-199,200-499,200-499,MD,1,1,89.0236686390533,42.6272321428572,0.000421577457943691,0.000143088097851549
24500,1,82-1851,2018,4679,4314,364,255,113,3,Principal Arterial,4,Suburban,Freeway/Prin. Art.,2,Other Wayne,100-199,200-499,200-499,PM,1,1,58.0917159763314,23.4575892857143,0.000275097154759866,7.87407875751128e-05
24500,1,82-1851,2018,4679,4314,364,255,113,3,Principal Arterial,4,Suburban,Freeway/Prin. Art.,2,Other Wayne,100-199,200-499,200-499,EV,1,1,18.3579881656805,13.1160714285714,8.6935464491213e-05,4.40271070312459e-05
24500,1,82-1851,2018,4679,4314,364,255,113,3,Principal Arterial,4,Suburban,Freeway/Prin. Art.,2,Other Wayne,100-199,200-499,200-499,NT,1,1,26.405325443787,10.3415178571429,0.000125044161254485,3.47136805438669e-05
24523,0,82-6273,2019,1310,1282,28,23,4,5,Major Collector,3,Urban,Other Road,2,Other Wayne,0-99,0-99,0-99,AM,1,1,6.84831460674157,0.705882352941176,3.24306457737042e-05,2.36945628678951e-06
24523,0,82-6273,2019,1310,1282,28,23,4,5,Major Collector,3,Urban,Other Road,2,Other Wayne,0-99,0-99,0-99,MD,1,1,5.9438202247191,0.705882352941176,2.81473529356678e-05,2.36945628678951e-06
24523,0,82-6273,2019,1310,1282,28,23,4,5,Major Collector,3,Urban,Other Road,2,Other Wayne,0-99,0-99,0-99,PM,1,1,8.39887640449438,2.35294117647059,3.97734334960524e-05,7.8981876226317e-06
24523,0,82-6273,2019,1310,1282,28,23,4,5,Major Collector,3,Urban,Other Road,2,Other Wayne,0-99,0-99,0-99,EV,1,1,1.16292134831461,0.235294117647059,5.50709079176109e-06,7.8981876226317e-07
24523,0,82-6273,2019,1310,1282,28,23,4,5,Major Collector,3,Urban,Other Road,2,Other Wayne,0-99,0-99,0-99,NT,1,1,0.646067415730337,0,3.05949488431172e-06,0
24538,0,82-2521,2019,546,396,150,128,22,5,Major Collector,3,Urban,Other Road,1,Detroit,0-99,100-199,100-199,AM,1,1,4.300395256917,4.25,2.03648055430605e-05,1.42661013933785e-05
24538,0,82-2521,2019,546,396,150,128,22,5,Major Collector,3,Urban,Other Road,1,Detroit,0-99,100-199,100-199,MD,1,1,54.6403162055336,10.75,0.000258752823370651,3.60848447008986e-05
24538,0,82-2521,2019,546,396,150,128,22,5,Major Collector,3,Urban,Other Road,1,Detroit,0-99,100-199,100-199,PM,1,1,53.8814229249012,5.5,0.00025515903415717,1.84620135679016e-05
24538,0,82-2521,2019,546,396,150,128,22,5,Major Collector,3,Urban,Other Road,1,Detroit,0-99,100-199,100-199,EV,1,1,13.4071146245059,1.25,6.34902761048356e-05,4.19591217452309e-06
24538,0,82-2521,2019,546,396,150,128,22,5,Major Collector,3,Urban,Other Road,1,Detroit,0-99,100-199,100-199,NT,1,1,1.77075098814229,0.25,8.38550816478961e-06,8.39182434904619e-07
34050,1,81-0003,2019,26779,21619,5160,931,4126,90,External connector,0,External,External,9,External,2000+,500-999,2000+,AM,1,1,125.694558521561,462.268798516974,0.000595234877072097,0.00155171142367963
34050,1,81-0003,2019,26779,21619,5160,931,4126,90,External connector,0,External,External,9,External,2000+,500-999,2000+,MD,1,1,344.345739219713,1366.96755879968,0.00163067197311957,0.00458854065771654
34050,1,81-0003,2019,26779,21619,5160,931,4126,90,External connector,0,External,External,9,External,2000+,500-999,2000+,PM,1,1,188.541837782341,847.811493453829,0.000892852315608145,0.00284587405366682
34050,1,81-0003,2019,26779,21619,5160,931,4126,90,External connector,0,External,External,9,External,2000+,500-999,2000+,EV,1,1,106.099589322382,535.887614413162,0.000502441607262379,0.00179882989239386
34050,1,81-0003,2019,26779,21619,5160,931,4126,90,External connector,0,External,External,9,External,2000+,500-999,2000+,NT,1,1,166.318275154004,913.06453481636,0.000787611168141026,0.00306491087820898
34051,1,81-0003,2019,26779,21619,5160,931,4126,90,External connector,0,External,External,9,External,2000+,500-999,2000+,AM,1,1,125.694558521561,462.268798516974,0.000595234877072097,0.00155171142367963
34051,1,81-0003,2019,26779,21619,5160,931,4126,90,External connector,0,External,External,9,External,2000+,500-999,2000+,MD,1,1,344.345739219713,1366.96755879968,0.00163067197311957,0.00458854065771654
34051,1,81-0003,2019,26779,21619,5160,931,4126,90,External connector,0,External,External,9,External,2000+,500-999,2000+,PM,1,1,188.541837782341,847.811493453829,0.000892852315608145,0.00284587405366682
34051,1,81-0003,2019,26779,21619,5160,931,4126,90,External connector,0,External,External,9,External,2000+,500-999,2000+,EV,1,1,106.099589322382,535.887614413162,0.000502441607262379,0.00179882989239386
34051,1,81-0003,2019,26779,21619,5160,931,4126,90,External connector,0,External,External,9,External,2000+,500-999,2000+,NT,1,1,166.318275154004,913.06453481636,0.000787611168141026,0.00306491087820898
34329,0,63-5330,2019,17780,17104,676,302,250,3,Principal Arterial,3,Urban,Freeway/Prin. Art.,3,Oakland,200-499,200-499,500-999,AM,1,1,57.1553719008265,31.1371841155235,0.000270663035596428,0.000104519111928554
34329,0,63-5330,2019,17780,17104,676,302,250,3,Principal Arterial,3,Urban,Freeway/Prin. Art.,3,Oakland,200-499,200-499,500-999,MD,1,1,141.266115702479,79.8736462093863,0.000668975013744882,0.000268114243642811
34329,0,63-5330,2019,17780,17104,676,302,250,3,Principal Arterial,3,Urban,Freeway/Prin. Art.,3,Oakland,200-499,200-499,500-999,PM,1,1,69.6347107438017,110.108303249097,0.000329759768259403,0.000369603816095175
34329,0,63-5330,2019,17780,17104,676,302,250,3,Principal Arterial,3,Urban,Freeway/Prin. Art.,3,Oakland,200-499,200-499,500-999,EV,1,1,18.2198347107438,10.8303249097473,8.62812296879442e-05,3.63544737142795e-05
34329,0,63-5330,2019,17780,17104,676,302,250,3,Principal Arterial,3,Urban,Freeway/Prin. Art.,3,Oakland,200-499,200-499,500-999,NT,1,1,15.7239669421488,18.0505415162455,7.44618831553491e-05,6.05907895237992e-05
34566,1,50-5264,2019,20257.5,19234.5,1023,474,476,3,Principal Arterial,4,Suburban,Freeway/Prin. Art.,4,Macomb,200-499,200-499,500-999,AM,1,1,67.5,74.9213011542497,0.00031965070465222,0.000251490559715382
34566,1,50-5264,2019,20257.5,19234.5,1023,474,476,3,Principal Arterial,4,Suburban,Freeway/Prin. Art.,4,Macomb,200-499,200-499,500-999,MD,1,1,239,193.296956977964,0.0011318002727686,0.000648845644065686
34566,1,50-5264,2019,20257.5,19234.5,1023,474,476,3,Principal Arterial,4,Suburban,Freeway/Prin. Art.,4,Macomb,200-499,200-499,500-999,PM,1,1,88.75,86.1594963273872,0.000420281482042734,0.000289214143672689
34566,1,50-5264,2019,20257.5,19234.5,1023,474,476,3,Principal Arterial,4,Suburban,Freeway/Prin. Art.,4,Macomb,200-499,200-499,500-999,EV,1,1,21.25,43.704092339979,0.000100630777390514,0.00014670282650064
34566,1,50-5264,2019,20257.5,19234.5,1023,474,476,3,Principal Arterial,4,Suburban,Freeway/Prin. Art.,4,Macomb,200-499,200-499,500-999,NT,1,1,57.5,77.9181532004197,0.000272295044703743,0.000261550182103997
34606,0,63-5245,2019,4106,4058,48,33,15,4,Minor Arterial,4,Suburban,Other Road,3,Oakland,0-99,0-99,0-99,AM,1,1,10.7441860465116,1.93965517241379,5.08798020841777e-05,6.51089820184618e-06
34606,0,63-5245,2019,4106,4058,48,33,15,4,Minor Arterial,4,Suburban,Other Road,3,Oakland,0-99,0-99,0-99,MD,1,1,14.1976744186047,7.88793103448276,6.72340241826634e-05,2.64776526875078e-05
34606,0,63-5245,2019,4106,4058,48,33,15,4,Minor Arterial,4,Suburban,Other Road,3,Oakland,0-99,0-99,0-99,PM,1,1,6.3953488372093,4.13793103448276,3.02855964786772e-05,1.38899161639385e-05
34606,0,63-5245,2019,4106,4058,48,33,15,4,Minor Arterial,4,Suburban,Other Road,3,Oakland,0-99,0-99,0-99,EV,1,1,1.15116279069767,0.387931034482759,5.45140736616189e-06,1.30217964036924e-06
34606,0,63-5245,2019,4106,4058,48,33,15,4,Minor Arterial,4,Suburban,Other Road,3,Oakland,0-99,0-99,0-99,NT,1,1,0.511627906976744,0.646551724137931,2.42284771829417e-06,2.17029940061539e-06
35776,1,63-5444,2019,18263,17750,513,312,198,4,Minor Arterial,4,Suburban,Other Road,3,Oakland,100-199,200-499,500-999,AM,1,1,74,15,0.00035043188361873,5.03509460942771e-05
35776,1,63-5444,2019,18263,17750,513,312,198,4,Minor Arterial,4,Suburban,Other Road,3,Oakland,100-199,200-499,500-999,MD,1,1,131.5,35,0.000622726928322473,0.000117485540886647
35776,1,63-5444,2019,18263,17750,513,312,198,4,Minor Arterial,4,Suburban,Other Road,3,Oakland,100-199,200-499,500-999,PM,1,1,89,125,0.000421465373541446,0.000419591217452309
35776,1,63-5444,2019,18263,17750,513,312,198,4,Minor Arterial,4,Suburban,Other Road,3,Oakland,100-199,200-499,500-999,EV,1,1,5.5,17,2.60456129716624e-05,5.70644055735141e-05
35776,1,63-5444,2019,18263,17750,513,312,198,4,Minor Arterial,4,Suburban,Other Road,3,Oakland,100-199,200-499,500-999,NT,1,1,12,6,5.68267919381725e-05,2.01403784377108e-05
36963,0,58-5183,2019,7343,7158,185,117,39,5,Major Collector,3,Urban,Other Road,6,Monroe,0-99,100-199,100-199,AM,1,1,26.0445205479452,3.33977900552486,0.000123335545858962,1.12107355115987e-05
36963,0,58-5183,2019,7343,7158,185,117,39,5,Major Collector,3,Urban,Other Road,6,Monroe,0-99,100-199,100-199,MD,1,1,41.9383561643836,14.975138121547,0.000198601853331866,5.0267491487491e-05
36963,0,58-5183,2019,7343,7158,185,117,39,5,Major Collector,3,Urban,Other Road,6,Monroe,0-99,100-199,100-199,PM,1,1,35.7945205479452,12.4972375690608,0.000169507314308727,4.19498490111436e-05
36963,0,58-5183,2019,7343,7158,185,117,39,5,Major Collector,3,Urban,Other Road,6,Monroe,0-99,100-199,100-199,EV,1,1,4.54109589041096,5.06353591160221,2.15046592779728e-05,1.69969215821013e-05
36963,0,58-5183,2019,7343,7158,185,117,39,5,Major Collector,3,Urban,Other Road,6,Monroe,0-99,100-199,100-199,NT,1,1,8.68150684931507,3.12430939226519,4.11118486196539e-05,1.04874622527859e-05
36986,1,58-0153,2019,7074,6864,210,130,60,5,Major Collector,5,Rural,Other Road,6,Monroe,0-99,100-199,100-199,AM,1,1,34.1439688715953,9.56896551724138,0.000161691017917465,3.21204311291078e-05
36986,1,58-0153,2019,7074,6864,210,130,60,5,Major Collector,5,Rural,Other Road,6,Monroe,0-99,100-199,100-199,MD,1,1,43.7548638132296,19.1379310344828,0.000207204045183122,6.42408622582156e-05
36986,1,58-0153,2019,7074,6864,210,130,60,5,Major Collector,5,Rural,Other Road,6,Monroe,0-99,100-199,100-199,PM,1,1,36.420233463035,20.6896551724138,0.000172470419111963,6.94495808196926e-05
36986,1,58-0153,2019,7074,6864,210,130,60,5,Major Collector,5,Rural,Other Road,6,Monroe,0-99,100-199,100-199,EV,1,1,7.33463035019455,9.31034482758621,3.47336260711592e-05,3.12523113688617e-05
36986,1,58-0153,2019,7074,6864,210,130,60,5,Major Collector,5,Rural,Other Road,6,Monroe,0-99,100-199,100-199,NT,1,1,8.34630350194552,1.29310344827586,3.95244710464915e-05,4.34059880123079e-06
37025,1,81-5118,2019,14703,14379,323,228,84,3,Principal Arterial,3,Urban,Freeway/Prin. Art.,5,Washtenaw,0-99,200-499,200-499,AM,1,1,60.9418221734358,31.2792792792793,0.000288594020748578,0.000104996086990589
37025,1,81-5118,2019,14703,14379,323,228,84,3,Principal Arterial,3,Urban,Freeway/Prin. Art.,5,Washtenaw,0-99,200-499,200-499,MD,1,1,80.4632272228321,21.4414414414414,0.000381038922672148,7.19731241467745e-05
37025,1,81-5118,2019,14703,14379,323,228,84,3,Principal Arterial,3,Urban,Freeway/Prin. Art.,5,Washtenaw,0-99,200-499,200-499,PM,1,1,49.9297475301866,28,0.000236445614535283,9.39884327093173e-05
37025,1,81-5118,2019,14703,14379,323,228,84,3,Principal Arterial,3,Urban,Freeway/Prin. Art.,5,Washtenaw,0-99,200-499,200-499,EV,1,1,14.5159165751921,3.02702702702703,6.87410809175258e-05,1.01609116442505e-05
37025,1,81-5118,2019,14703,14379,323,228,84,3,Principal Arterial,3,Urban,Freeway/Prin. Art.,5,Washtenaw,0-99,200-499,200-499,NT,1,1,22.1492864983535,0.252252252252252,0.000104889407951742,8.46742637020876e-07
37028,1,81-5118,2019,14703,14379,323,228,84,3,Principal Arterial,3,Urban,Freeway/Prin. Art.,5,Washtenaw,0-99,200-499,200-499,AM,1,1,60.9418221734358,31.2792792792793,0.000288594020748578,0.000104996086990589
37028,1,81-5118,2019,14703,14379,323,228,84,3,Principal Arterial,3,Urban,Freeway/Prin. Art.,5,Washtenaw,0-99,200-499,200-499,MD,1,1,80.4632272228321,21.4414414414414,0.000381038922672148,7.19731241467745e-05
37028,1,81-5118,2019,14703,14379,323,228,84,3,Principal Arterial,3,Urban,Freeway/Prin. Art.,5,Washtenaw,0-99,200-499,200-499,PM,1,1,49.9297475301866,28,0.000236445614535283,9.39884327093173e-05
37028,1,81-5118,2019,14703,14379,323,228,84,3,Principal Arterial,3,Urban,Freeway/Prin. Art.,5,Washtenaw,0-99,200-499,200-499,EV,1,1,14.5159165751921,3.02702702702703,6.87410809175258e-05,1.01609116442505e-05
37028,1,81-5118,2019,14703,14379,323,228,84,3,Principal Arterial,3,Urban,Freeway/Prin. Art.,5,Washtenaw,0-99,200-499,200-499,NT,1,1,22.1492864983535,0.252252252252252,0.000104889407951742,8.46742637020876e-07
37048,0,47-5201,2019,13234,13082,152,119,32,4,Minor Arterial,3,Urban,Other Road,8,Livingston,0-99,100-199,100-199,AM,1,1,44.8771186440678,11.6129032258065,0.000212518556997593,3.89813776213758e-05
37048,0,47-5201,2019,13234,13082,152,119,32,4,Minor Arterial,3,Urban,Other Road,8,Livingston,0-99,100-199,100-199,MD,1,1,32.271186440678,6.96774193548387,0.000152822333121865,2.33888265728255e-05
37048,0,47-5201,2019,13234,13082,152,119,32,4,Minor Arterial,3,Urban,Other Road,8,Livingston,0-99,100-199,100-199,PM,1,1,19.9173728813559,8,9.4320033723651e-05,2.68538379169478e-05
37048,0,47-5201,2019,13234,13082,152,119,32,4,Minor Arterial,3,Urban,Other Road,8,Livingston,0-99,100-199,100-199,EV,1,1,8.82415254237288,2.06451612903226,4.17873567130099e-05,6.93002268824459e-06
37048,0,47-5201,2019,13234,13082,152,119,32,4,Minor Arterial,3,Urban,Other Road,8,Livingston,0-99,100-199,100-199,NT,1,1,13.1101694915254,3.35483870967742,6.20840728307576e-05,1.12612868683975e-05
37081,1,63-5089,2018,17053,16537,515,268,199,3,Principal Arterial,4,Suburban,Freeway/Prin. Art.,3,Oakland,100-199,200-499,200-499,AM,1,1,50.4287099903007,43.1416040100251,0.000238808484194105,0.000144814705195295
37081,1,63-5089,2018,17053,16537,515,268,199,3,Principal Arterial,4,Suburban,Freeway/Prin. Art.,3,Oakland,100-199,200-499,200-499,MD,1,1,104.886517943744,69.3258145363409,0.000496697027692377,0.00023270802337741
37081,1,63-5089,2018,17053,16537,515,268,199,3,Principal Arterial,4,Suburban,Freeway/Prin. Art.,3,Oakland,100-199,200-499,200-499,PM,1,1,59.9165858389913,37.406015037594,0.000283738946426501,0.000125561883117308
37081,1,63-5089,2018,17053,16537,515,268,199,3,Principal Arterial,4,Suburban,Freeway/Prin. Art.,3,Oakland,100-199,200-499,200-499,EV,1,1,16.1163918525703,10.4736842105263,7.63202372166726e-05,3.51573272728461e-05
37081,1,63-5089,2018,17053,16537,515,268,199,3,Principal Arterial,4,Suburban,Freeway/Prin. Art.,3,Oakland,100-199,200-499,200-499,NT,1,1,36.6517943743938,38.6528822055138,0.00017356699108953,0.000129747279221218
37083,1,63-5089,2018,17053,16537,515,268,199,3,Principal Arterial,4,Suburban,Freeway/Prin. Art.,3,Oakland,100-199,200-499,200-499,AM,1,1,50.4287099903007,43.1416040100251,0.000238808484194105,0.000144814705195295
37083,1,63-5089,2018,17053,16537,515,268,199,3,Principal Arterial,4,Suburban,Freeway/Prin. Art.,3,Oakland,100-199,200-499,200-499,MD,1,1,104.886517943744,69.3258145363409,0.000496697027692377,0.00023270802337741
37083,1,63-5089,2018,17053,16537,515,268,199,3,Principal Arterial,4,Suburban,Freeway/Prin. Art.,3,Oakland,100-199,200-499,200-499,PM,1,1,59.9165858389913,37.406015037594,0.000283738946426501,0.000125561883117308
37083,1,63-5089,2018,17053,16537,515,268,199,3,Principal Arterial,4,Suburban,Freeway/Prin. Art.,3,Oakland,100-199,200-499,200-499,EV,1,1,16.1163918525703,10.4736842105263,7.63202372166726e-05,3.51573272728461e-05
37083,1,63-5089,2018,17053,16537,515,268,199,3,Principal Arterial,4,Suburban,Freeway/Prin. Art.,3,Oakland,100-199,200-499,200-499,NT,1,1,36.6517943743938,38.6528822055138,0.00017356699108953,0.000129747279221218
37089,1,63-5769,2019,11100,10687,413,223,185,3,Principal Arterial,4,Suburban,Freeway/Prin. Art.,3,Oakland,100-199,200-499,200-499,AM,1,1,42.4702247191011,32.0482336956522,0.000201120551973316,0.000107577259148439
37089,1,63-5769,2019,11100,10687,413,223,185,3,Principal Arterial,4,Suburban,Freeway/Prin. Art.,3,Oakland,100-199,200-499,200-499,MD,1,1,86.6943820224719,75.15625,0.000410546967449954,0.000252279219493201
37089,1,63-5769,2019,11100,10687,413,223,185,3,Principal Arterial,4,Suburban,Freeway/Prin. Art.,3,Oakland,100-199,200-499,200-499,PM,1,1,53.2443820224719,34.0591032608696,0.000252142284922298,0.000114327204820497
37089,1,63-5769,2019,11100,10687,413,223,185,3,Principal Arterial,4,Suburban,Freeway/Prin. Art.,3,Oakland,100-199,200-499,200-499,EV,1,1,13.6556179775281,11.6881793478261,6.4667080133013e-05,3.92340592188423e-05
37089,1,63-5769,2019,11100,10687,413,223,185,3,Principal Arterial,4,Suburban,Freeway/Prin. Art.,3,Oakland,100-199,200-499,200-499,NT,1,1,26.935393258427,32.0482336956522,0.000127554332372457,0.000107577259148439
37091,1,63-5769,2019,11100,10687,413,223,185,3,Principal Arterial,4,Suburban,Freeway/Prin. Art.,3,Oakland,100-199,200-499,200-499,AM,1,1,42.4702247191011,32.0482336956522,0.000201120551973316,0.000107577259148439
37091,1,63-5769,2019,11100,10687,413,223,185,3,Principal Arterial,4,Suburban,Freeway/Prin. Art.,3,Oakland,100-199,200-499,200-499,MD,1,1,86.6943820224719,75.15625,0.000410546967449954,0.000252279219493201
37091,1,63-5769,2019,11100,10687,413,223,185,3,Principal Arterial,4,Suburban,Freeway/Prin. Art.,3,Oakland,100-199,200-499,200-499,PM,1,1,53.2443820224719,34.0591032608696,0.000252142284922298,0.000114327204820497
37091,1,63-5769,2019,11100,10687,413,223,185,3,Principal Arterial,4,Suburban,Freeway/Prin. Art.,3,Oakland,100-199,200-499,200-499,EV,1,1,13.6556179775281,11.6881793478261,6.4667080133013e-05,3.92340592188423e-05
37091,1,63-5769,2019,11100,10687,413,223,185,3,Principal Arterial,4,Suburban,Freeway/Prin. Art.,3,Oakland,100-199,200-499,200-499,NT,1,1,26.935393258427,32.0482336956522,0.000127554332372457,0.000107577259148439
37234,0,50-5205,2018,3653,3594,58,41,20,5,Major Collector,4,Suburban,Other Road,4,Macomb,0-99,0-99,0-99,AM,1,1,9.7375,3.61111111111111,4.61125738748295e-05,1.21215240597334e-05
37234,0,50-5205,2018,3653,3594,58,41,20,5,Major Collector,4,Suburban,Other Road,4,Macomb,0-99,0-99,0-99,MD,1,1,22.55,10.5555555555556,0.000106787013183816,3.54321472515283e-05
37234,0,50-5205,2018,3653,3594,58,41,20,5,Major Collector,4,Suburban,Other Road,4,Macomb,0-99,0-99,0-99,PM,1,1,7.6875,4.44444444444444,3.64046635853917e-05,1.49187988427488e-05
37234,0,50-5205,2018,3653,3594,58,41,20,5,Major Collector,4,Suburban,Other Road,4,Macomb,0-99,0-99,0-99,EV,1,1,0,0.555555555555556,0,1.8648498553436e-06
37234,0,50-5205,2018,3653,3594,58,41,20,5,Major Collector,4,Suburban,Other Road,4,Macomb,0-99,0-99,0-99,NT,1,1,1.025,0.833333333333333,4.8539551447189e-06,2.7972747830154e-06
37316,0,82-0932,2019,739,732,7,5,2,5,Major Collector,4,Suburban,Other Road,2,Other Wayne,0-99,0-99,0-99,AM,1,1,0.25,0.4,1.18389149871193e-06,1.34269189584739e-06
37316,0,82-0932,2019,739,732,7,5,2,5,Major Collector,4,Suburban,Other Road,2,Other Wayne,0-99,0-99,0-99,MD,1,1,2.75,1.6,1.30228064858312e-05,5.37076758338956e-06
37316,0,82-0932,2019,739,732,7,5,2,5,Major Collector,4,Suburban,Other Road,2,Other Wayne,0-99,0-99,0-99,PM,1,1,0.75,0,3.55167449613578e-06,0
37316,0,82-0932,2019,739,732,7,5,2,5,Major Collector,4,Suburban,Other Road,2,Other Wayne,0-99,0-99,0-99,EV,1,1,0.5,0,2.36778299742385e-06,0
37316,0,82-0932,2019,739,732,7,5,2,5,Major Collector,4,Suburban,Other Road,2,Other Wayne,0-99,0-99,0-99,NT,1,1,0.75,0,3.55167449613578e-06,0
37471,1,47-5102,2019,16150,15836,314,165,120,4,Minor Arterial,4,Suburban,Other Road,8,Livingston,100-199,100-199,200-499,AM,1,1,21.5,17,0.000101814668889226,5.70644055735141e-05
37471,1,47-5102,2019,16150,15836,314,165,120,4,Minor Arterial,4,Suburban,Other Road,8,Livingston,100-199,100-199,200-499,MD,1,1,76,66,0.000359903015608426,0.000221544162814819
37471,1,47-5102,2019,16150,15836,314,165,120,4,Minor Arterial,4,Suburban,Other Road,8,Livingston,100-199,100-199,200-499,PM,1,1,36,23.5,0.000170480375814517,7.88831488810341e-05
37471,1,47-5102,2019,16150,15836,314,165,120,4,Minor Arterial,4,Suburban,Other Road,8,Livingston,100-199,100-199,200-499,EV,1,1,12,2.5,5.68267919381725e-05,8.39182434904618e-06
37471,1,47-5102,2019,16150,15836,314,165,120,4,Minor Arterial,4,Suburban,Other Road,8,Livingston,100-199,100-199,200-499,NT,1,1,19.5,11,9.23435368995302e-05,3.69240271358032e-05
37509,0,50-5058,2019,5576,5507,69,52,16,4,Minor Arterial,4,Suburban,Other Road,4,Macomb,0-99,0-99,0-99,AM,1,1,17.6470588235294,3.72602739726027,8.3568811673783e-05,1.25072669750168e-05
37509,0,50-5058,2019,5576,5507,69,52,16,4,Minor Arterial,4,Suburban,Other Road,4,Macomb,0-99,0-99,0-99,MD,1,1,17.0588235294118,7.78082191780822,8.07831846179903e-05,2.61181163301821e-05
37509,0,50-5058,2019,5576,5507,69,52,16,4,Minor Arterial,4,Suburban,Other Road,4,Macomb,0-99,0-99,0-99,PM,1,1,12.8235294117647,3.28767123287671,6.07266698162823e-05,1.10358238014854e-05
37509,0,50-5058,2019,5576,5507,69,52,16,4,Minor Arterial,4,Suburban,Other Road,4,Macomb,0-99,0-99,0-99,EV,1,1,1.88235294117647,0.10958904109589,8.91400657853686e-06,3.67860793382846e-07
37509,0,50-5058,2019,5576,5507,69,52,16,4,Minor Arterial,4,Suburban,Other Road,4,Macomb,0-99,0-99,0-99,NT,1,1,2.58823529411765,1.0958904109589,1.22567590454882e-05,3.67860793382846e-06
37511,0,50-5058,2019,5576,5507,69,52,16,4,Minor Arterial,4,Suburban,Other Road,4,Macomb,0-99,0-99,0-99,AM,1,1,17.6470588235294,3.72602739726027,8.3568811673783e-05,1.25072669750168e-05
37511,0,50-5058,2019,5576,5507,69,52,16,4,Minor Arterial,4,Suburban,Other Road,4,Macomb,0-99,0-99,0-99,MD,1,1,17.0588235294118,7.78082191780822,8.07831846179903e-05,2.61181163301821e-05
37511,0,50-5058,2019,5576,5507,69,52,16,4,Minor Arterial,4,Suburban,Other Road,4,Macomb,0-99,0-99,0-99,PM,1,1,12.8235294117647,3.28767123287671,6.07266698162823e-05,1.10358238014854e-05
37511,0,50-5058,2019,5576,5507,69,52,16,4,Minor Arterial,4,Suburban,Other Road,4,Macomb,0-99,0-99,0-99,EV,1,1,1.88235294117647,0.10958904109589,8.91400657853686e-06,3.67860793382846e-07
37511,0,50-5058,2019,5576,5507,69,52,16,4,Minor Arterial,4,Suburban,Other Road,4,Macomb,0-99,0-99,0-99,NT,1,1,2.58823529411765,1.0958904109589,1.22567590454882e-05,3.67860793382846e-06
37516,1,50-5477,2019,34085,31820,2265,893,1312,5,Major Collector,4,Suburban,Other Road,4,Macomb,1000-1999,500-999,2000+,AM,1,1,144,175.5,0.000681921503258069,0.000589106069303042
37516,1,50-5477,2019,34085,31820,2265,893,1312,5,Major Collector,4,Suburban,Other Road,4,Macomb,1000-1999,500-999,2000+,MD,1,1,380.5,517,0.00180188286103955,0.00173542927538275
37516,1,50-5477,2019,34085,31820,2265,893,1312,5,Major Collector,4,Suburban,Other Road,4,Macomb,1000-1999,500-999,2000+,PM,1,1,211.5,231.5,0.00100157220791029,0.000777082934721677
37516,1,50-5477,2019,34085,31820,2265,893,1312,5,Major Collector,4,Suburban,Other Road,4,Macomb,1000-1999,500-999,2000+,EV,1,1,55,139.5,0.000260456129716624,0.000468263798676777
37516,1,50-5477,2019,34085,31820,2265,893,1312,5,Major Collector,4,Suburban,Other Road,4,Macomb,1000-1999,500-999,2000+,NT,1,1,102,248.5,0.000483027731474466,0.000834147340295191
37581,0,63-5245,2019,4106,4058,48,33,15,4,Minor Arterial,4,Suburban,Other Road,3,Oakland,0-99,0-99,0-99,AM,1,1,10.7441860465116,1.93965517241379,5.08798020841777e-05,6.51089820184618e-06
37581,0,63-5245,2019,4106,4058,48,33,15,4,Minor Arterial,4,Suburban,Other Road,3,Oakland,0-99,0-99,0-99,MD,1,1,14.1976744186047,7.88793103448276,6.72340241826634e-05,2.64776526875078e-05
37581,0,63-5245,2019,4106,4058,48,33,15,4,Minor Arterial,4,Suburban,Other Road,3,Oakland,0-99,0-99,0-99,PM,1,1,6.3953488372093,4.13793103448276,3.02855964786772e-05,1.38899161639385e-05
37581,0,63-5245,2019,4106,4058,48,33,15,4,Minor Arterial,4,Suburban,Other Road,3,Oakland,0-99,0-99,0-99,EV,1,1,1.15116279069767,0.387931034482759,5.45140736616189e-06,1.30217964036924e-06
37581,0,63-5245,2019,4106,4058,48,33,15,4,Minor Arterial,4,Suburban,Other Road,3,Oakland,0-99,0-99,0-99,NT,1,1,0.511627906976744,0.646551724137931,2.42284771829417e-06,2.17029940061539e-06
37653,0,63-5024,2018,26672,26283,389,198,30,3,Principal Arterial,4,Suburban,Freeway/Prin. Art.,3,Oakland,0-99,100-199,200-499,AM,1,1,38.1748071979435,6.5,0.000180779318826448,2.18187433075201e-05
37653,0,63-5024,2018,26672,26283,389,198,30,3,Principal Arterial,4,Suburban,Freeway/Prin. Art.,3,Oakland,0-99,100-199,200-499,MD,1,1,88.0565552699229,8.5,0.000416997628759674,2.8532202786757e-05
37653,0,63-5024,2018,26672,26283,389,198,30,3,Principal Arterial,4,Suburban,Freeway/Prin. Art.,3,Oakland,0-99,100-199,200-499,PM,1,1,47.5912596401028,7.5,0.000225371550803639,2.51754730471386e-05
37653,0,63-5024,2018,26672,26283,389,198,30,3,Principal Arterial,4,Suburban,Freeway/Prin. Art.,3,Oakland,0-99,100-199,200-499,EV,1,1,9.41645244215938,1,4.45922319771906e-05,3.35672973961847e-06
37653,0,63-5024,2018,26672,26283,389,198,30,3,Principal Arterial,4,Suburban,Freeway/Prin. Art.,3,Oakland,0-99,100-199,200-499,NT,1,1,14.7609254498715,6.5,6.99013366128934e-05,2.18187433075201e-05
37708,1,63-5173,2018,15343,15211,131,79,56,4,Minor Arterial,4,Suburban,Other Road,3,Oakland,0-99,0-99,100-199,AM,1,1,13.0828025477707,11.5596330275229,6.19544748625298e-05,3.88025639625622e-05
37708,1,63-5173,2018,15343,15211,131,79,56,4,Minor Arterial,4,Suburban,Other Road,3,Oakland,0-99,0-99,100-199,MD,1,1,41.5127388535032,14.8990825688073,0.000196586314467643,5.00121935517468e-05
37708,1,63-5173,2018,15343,15211,131,79,56,4,Minor Arterial,4,Suburban,Other Road,3,Oakland,0-99,0-99,100-199,PM,1,1,21.8885350318471,16.954128440367,0.000103654602173848,5.69104271450912e-05
37708,1,63-5173,2018,15343,15211,131,79,56,4,Minor Arterial,4,Suburban,Other Road,3,Oakland,0-99,0-99,100-199,EV,1,1,1.50955414012739,9.76146788990826,7.14859325336883e-06,3.27666095683858e-05
37708,1,63-5173,2018,15343,15211,131,79,56,4,Minor Arterial,4,Suburban,Other Road,3,Oakland,0-99,0-99,100-199,NT,1,1,1.00636942675159,2.8256880733945,4.76572883557922e-06,9.48507119084853e-06
37723,1,63-5327,2018,24376,24001,374,185,128,3,Principal Arterial,4,Suburban,Freeway/Prin. Art.,3,Oakland,100-199,100-199,200-499,AM,1,1,34.8235294117647,30.7368421052632,0.000164909121702932,0.000103175271996694
37723,1,63-5327,2018,24376,24001,374,185,128,3,Principal Arterial,4,Suburban,Freeway/Prin. Art.,3,Oakland,100-199,100-199,200-499,MD,1,1,75.5870098039216,47.6842105263158,0.000357947273279671,0.000160063007583913
37723,1,63-5327,2018,24376,24001,374,185,128,3,Principal Arterial,4,Suburban,Freeway/Prin. Art.,3,Oakland,100-199,100-199,200-499,PM,1,1,43.9828431372549,38.421052631579,0.000208283656317505,0.000128969089995868
37723,1,63-5327,2018,24376,24001,374,185,128,3,Principal Arterial,4,Suburban,Freeway/Prin. Art.,3,Oakland,100-199,100-199,200-499,EV,1,1,21.719362745098,8.73684210526316,0.000102853475645448,2.93272177250877e-05
37723,1,63-5327,2018,24376,24001,374,185,128,3,Principal Arterial,4,Suburban,Freeway/Prin. Art.,3,Oakland,100-199,100-199,200-499,NT,1,1,8.88725490196078,2.42105263157895,4.20861821012691e-05,8.12681936960262e-06
39703,0,82-5735,2017,545,515,29,16,15,5,Major Collector,5,Rural,Other Road,2,Other Wayne,0-99,0-99,0-99,AM,1,1,3.5,1.875,1.6574480981967e-05,6.29386826178464e-06
39703,0,82-5735,2017,545,515,29,16,15,5,Major Collector,5,Rural,Other Road,2,Other Wayne,0-99,0-99,0-99,MD,1,1,6,6.42857142857143,2.84133959690862e-05,2.15789768975473e-05
39703,0,82-5735,2017,545,515,29,16,15,5,Major Collector,5,Rural,Other Road,2,Other Wayne,0-99,0-99,0-99,PM,1,1,5.25,5.35714285714286,2.48617214729505e-05,1.79824807479561e-05
39703,0,82-5735,2017,545,515,29,16,15,5,Major Collector,5,Rural,Other Road,2,Other Wayne,0-99,0-99,0-99,EV,1,1,1.25,0,5.91945749355963e-06,0
39703,0,82-5735,2017,545,515,29,16,15,5,Major Collector,5,Rural,Other Road,2,Other Wayne,0-99,0-99,0-99,NT,1,1,0,1.33928571428571,0,4.49562018698903e-06
39782,1,82-1149,2019,10400.5,10166.5,234,134,97,3,Principal Arterial,4,Suburban,Freeway/Prin. Art.,2,Other Wayne,0-99,100-199,200-499,AM,1,1,25.3445692883895,19.0758354755784,0.000120020880476159,6.40324242489432e-05
39782,1,82-1149,2019,10400.5,10166.5,234,134,97,3,Principal Arterial,4,Suburban,Freeway/Prin. Art.,2,Other Wayne,0-99,100-199,200-499,MD,1,1,64.4906367041199,39.6478149100257,0.000305399666162107,0.000133086999419372
39782,1,82-1149,2019,10400.5,10166.5,234,134,97,3,Principal Arterial,4,Suburban,Freeway/Prin. Art.,2,Other Wayne,0-99,100-199,200-499,PM,1,1,31.9943820224719,25.4344473007712,0.000151511507531785,8.53765656652575e-05
39782,1,82-1149,2019,10400.5,10166.5,234,134,97,3,Principal Arterial,4,Suburban,Freeway/Prin. Art.,2,Other Wayne,0-99,100-199,200-499,EV,1,1,6.39887640449438,4.98714652956298,3.03023015063569e-05,1.67405030716191e-05
39782,1,82-1149,2019,10400.5,10166.5,234,134,97,3,Principal Arterial,4,Suburban,Freeway/Prin. Art.,2,Other Wayne,0-99,100-199,200-499,NT,1,1,5.77153558052434,7.8547557840617,2.73314876331847e-05,2.63662923378001e-05
39841,1,63-5787,2018,14351,14023,327,113,216,3,Principal Arterial,4,Suburban,Freeway/Prin. Art.,3,Oakland,200-499,100-199,200-499,AM,1,1,24.9709821428571,32.0467289719626,0.000118251733893664,0.00010757220819768
39841,1,63-5787,2018,14351,14023,327,113,216,3,Principal Arterial,4,Suburban,Freeway/Prin. Art.,3,Oakland,200-499,100-199,200-499,MD,1,1,53.4732142857143,73.4299065420561,0.000253225935206633,0.000246484351067125
39841,1,63-5787,2018,14351,14023,327,113,216,3,Principal Arterial,4,Suburban,Freeway/Prin. Art.,3,Oakland,200-499,100-199,200-499,PM,1,1,20.1785714285714,72.6728971962617,9.55569566817483e-05,0.000243943275282928
39841,1,63-5787,2018,14351,14023,327,113,216,3,Principal Arterial,4,Suburban,Freeway/Prin. Art.,3,Oakland,200-499,100-199,200-499,EV,1,1,5.54910714285714,27,2.62781630874808e-05,9.06317029696988e-05
39841,1,63-5787,2018,14351,14023,327,113,216,3,Principal Arterial,4,Suburban,Freeway/Prin. Art.,3,Oakland,200-499,100-199,200-499,NT,1,1,8.828125,10.8504672897196,4.18061685482649e-05,3.64220862401593e-05
39877,1,82-1628,2019,9543.5,9272.5,271,155,63,3,Principal Arterial,3,Urban,Freeway/Prin. Art.,1,Detroit,0-99,100-199,200-499,AM,1,1,26.084142394822,13.6626506024096,0.000123523177729684,4.58618255991247e-05
39877,1,82-1628,2019,9543.5,9272.5,271,155,63,3,Principal Arterial,3,Urban,Freeway/Prin. Art.,1,Detroit,0-99,100-199,200-499,MD,1,1,61.9498381877023,27.4518072289157,0.000293367547108001,9.21482977315746e-05
39877,1,82-1628,2019,9543.5,9272.5,271,155,63,3,Principal Arterial,3,Urban,Freeway/Prin. Art.,1,Detroit,0-99,100-199,200-499,PM,1,1,30.4733009708738,14.8012048192771,0.000144308327828429,4.96836443990518e-05
39877,1,82-1628,2019,9543.5,9272.5,271,155,63,3,Principal Arterial,3,Urban,Freeway/Prin. Art.,1,Detroit,0-99,100-199,200-499,EV,1,1,15.6755663430421,2.78313253012048,7.42326789240892e-05,9.34222373315503e-06
39877,1,82-1628,2019,9543.5,9272.5,271,155,63,3,Principal Arterial,3,Urban,Freeway/Prin. Art.,1,Detroit,0-99,100-199,200-499,NT,1,1,20.8171521035599,4.30120481927711,9.85809976111905e-05,1.44379821330578e-05
39987,0,63-5042,2018,881,855,25,17,9,4,Minor Arterial,4,Suburban,Other Road,3,Oakland,0-99,0-99,0-99,AM,1,1,3.09090909090909,2.25,1.46372039840747e-05,7.55264191414157e-06
39987,0,63-5042,2018,881,855,25,17,9,4,Minor Arterial,4,Suburban,Other Road,3,Oakland,0-99,0-99,0-99,MD,1,1,11.3333333333333,4.5,5.36697479416073e-05,1.51052838282831e-05
39987,0,63-5042,2018,881,855,25,17,9,4,Minor Arterial,4,Suburban,Other Road,3,Oakland,0-99,0-99,0-99,PM,1,1,2.57575757575758,1.96875,1.21976699867289e-05,6.60856167487387e-06
39987,0,63-5042,2018,881,855,25,17,9,4,Minor Arterial,4,Suburban,Other Road,3,Oakland,0-99,0-99,0-99,EV,1,1,0,0.28125,0,9.44080239267696e-07
39987,0,63-5042,2018,881,855,25,17,9,4,Minor Arterial,4,Suburban,Other Road,3,Oakland,0-99,0-99,0-99,NT,1,1,0,0,0,0
40169,1,63-5357,2018,14190,13395,795,387,387,3,Principal Arterial,4,Suburban,Freeway/Prin. Art.,3,Oakland,200-499,200-499,500-999,AM,1,1,72.5625,77,0.000343624507501137,0.000258468189950623
40169,1,63-5357,2018,14190,13395,795,387,387,3,Principal Arterial,4,Suburban,Freeway/Prin. Art.,3,Oakland,200-499,200-499,500-999,MD,1,1,208.676470588235,165,0.000988201198042484,0.000553860407037048
40169,1,63-5357,2018,14190,13395,795,387,387,3,Principal Arterial,4,Suburban,Freeway/Prin. Art.,3,Oakland,200-499,200-499,500-999,PM,1,1,67.8198529411765,73,0.000321165389363807,0.000245041270992149
40169,1,63-5357,2018,14190,13395,795,387,387,3,Principal Arterial,4,Suburban,Freeway/Prin. Art.,3,Oakland,200-499,200-499,500-999,EV,1,1,11.8566176470588,21,5.6147795343323e-05,7.0491324531988e-05
40169,1,63-5357,2018,14190,13395,795,387,387,3,Principal Arterial,4,Suburban,Freeway/Prin. Art.,3,Oakland,200-499,200-499,500-999,NT,1,1,26.0845588235294,51,0.000123525149755311,0.000171193216720542
40239,0,63-5227,2018,26657,26205,452,257,33,3,Principal Arterial,3,Urban,Freeway/Prin. Art.,3,Oakland,0-99,200-499,200-499,AM,1,1,53.4469026548673,7,0.000253101334742325,2.34971081773293e-05
40239,0,63-5227,2018,26657,26205,452,257,33,3,Principal Arterial,3,Urban,Freeway/Prin. Art.,3,Oakland,0-99,200-499,200-499,MD,1,1,113.148230088496,12.5,0.000535820910784284,4.19591217452309e-05
40239,0,63-5227,2018,26657,26205,452,257,33,3,Principal Arterial,3,Urban,Freeway/Prin. Art.,3,Oakland,0-99,200-499,200-499,PM,1,1,58.8484513274336,5.5,0.000278680724955645,1.84620135679016e-05
40239,0,63-5227,2018,26657,26205,452,257,33,3,Principal Arterial,3,Urban,Freeway/Prin. Art.,3,Oakland,0-99,200-499,200-499,EV,1,1,12.7931415929204,3,6.05827662947054e-05,1.00701892188554e-05
40239,0,63-5227,2018,26657,26205,452,257,33,3,Principal Arterial,3,Urban,Freeway/Prin. Art.,3,Oakland,0-99,200-499,200-499,NT,1,1,18.7632743362832,5,8.88547238989013e-05,1.67836486980924e-05
40407,1,63-5311,2018,14624,14300,323,200,121,3,Principal Arterial,4,Suburban,Freeway/Prin. Art.,3,Oakland,100-199,200-499,200-499,AM,1,1,57.125,29.875,0.000270519207455675,0.000100282300971102
40407,1,63-5311,2018,14624,14300,323,200,121,3,Principal Arterial,4,Suburban,Freeway/Prin. Art.,3,Oakland,100-199,200-499,200-499,MD,1,1,77.125,31.125,0.000365230527352629,0.000104478213145625
40407,1,63-5311,2018,14624,14300,323,200,121,3,Principal Arterial,4,Suburban,Freeway/Prin. Art.,3,Oakland,100-199,200-499,200-499,PM,1,1,48.625,45.375,0.00023026689649947,0.000152311611935188
40407,1,63-5311,2018,14624,14300,323,200,121,3,Principal Arterial,4,Suburban,Freeway/Prin. Art.,3,Oakland,100-199,200-499,200-499,EV,1,1,5,10.25,2.36778299742385e-05,3.44064798310894e-05
40407,1,63-5311,2018,14624,14300,323,200,121,3,Principal Arterial,4,Suburban,Freeway/Prin. Art.,3,Oakland,100-199,200-499,200-499,NT,1,1,12.125,4.375,5.74187376875284e-05,1.46856926108308e-05
40408,1,63-5311,2018,14624,14300,323,200,121,3,Principal Arterial,4,Suburban,Freeway/Prin. Art.,3,Oakland,100-199,200-499,200-499,AM,1,1,57.125,29.875,0.000270519207455675,0.000100282300971102
40408,1,63-5311,2018,14624,14300,323,200,121,3,Principal Arterial,4,Suburban,Freeway/Prin. Art.,3,Oakland,100-199,200-499,200-499,MD,1,1,77.125,31.125,0.000365230527352629,0.000104478213145625
40408,1,63-5311,2018,14624,14300,323,200,121,3,Principal Arterial,4,Suburban,Freeway/Prin. Art.,3,Oakland,100-199,200-499,200-499,PM,1,1,48.625,45.375,0.00023026689649947,0.000152311611935188
40408,1,63-5311,2018,14624,14300,323,200,121,3,Principal Arterial,4,Suburban,Freeway/Prin. Art.,3,Oakland,100-199,200-499,200-499,EV,1,1,5,10.25,2.36778299742385e-05,3.44064798310894e-05
40408,1,63-5311,2018,14624,14300,323,200,121,3,Principal Arterial,4,Suburban,Freeway/Prin. Art.,3,Oakland,100-199,200-499,200-499,NT,1,1,12.125,4.375,5.74187376875284e-05,1.46856926108308e-05
40436,0,77-0132,2019,15914,12730,3184,321,2848,1,Interstate Freeway,3,Urban,Interstate,7,St Clair,2000+,200-499,2000+,AM,1,1,36.511716950714,307.000575894694,0.000172903645205306,0.00103051796318572
40436,0,77-0132,2019,15914,12730,3184,321,2848,1,Interstate Freeway,3,Urban,Interstate,7,St Clair,2000+,200-499,2000+,MD,1,1,109.359569322893,931.916522692993,0.000517879457696681,0.00312819190656541
40436,0,77-0132,2019,15914,12730,3184,321,2848,1,Interstate Freeway,3,Urban,Interstate,7,St Clair,2000+,200-499,2000+,PM,1,1,78.9470002303086,695.48136569313,0.000373858729685883,0.0023345429835726
40436,0,77-0132,2019,15914,12730,3184,321,2848,1,Interstate Freeway,3,Urban,Interstate,7,St Clair,2000+,200-499,2000+,EV,1,1,41.7237160294795,392.405429864253,0.000197585410807885,0.00131719897641311
40436,0,77-0132,2019,15914,12730,3184,321,2848,1,Interstate Freeway,3,Urban,Interstate,7,St Clair,2000+,200-499,2000+,NT,1,1,54.4579974666053,521.196105854929,0.000257889440950358,0.00174951446869658
40437,0,77-0132,2019,15914,12730,3184,321,2848,1,Interstate Freeway,3,Urban,Interstate,7,St Clair,2000+,200-499,2000+,AM,1,1,36.511716950714,307.000575894694,0.000172903645205306,0.00103051796318572
40437,0,77-0132,2019,15914,12730,3184,321,2848,1,Interstate Freeway,3,Urban,Interstate,7,St Clair,2000+,200-499,2000+,MD,1,1,109.359569322893,931.916522692993,0.000517879457696681,0.00312819190656541
40437,0,77-0132,2019,15914,12730,3184,321,2848,1,Interstate Freeway,3,Urban,Interstate,7,St Clair,2000+,200-499,2000+,PM,1,1,78.9470002303086,695.48136569313,0.000373858729685883,0.0023345429835726
40437,0,77-0132,2019,15914,12730,3184,321,2848,1,Interstate Freeway,3,Urban,Interstate,7,St Clair,2000+,200-499,2000+,EV,1,1,41.7237160294795,392.405429864253,0.000197585410807885,0.00131719897641311
40437,0,77-0132,2019,15914,12730,3184,321,2848,1,Interstate Freeway,3,Urban,Interstate,7,St Clair,2000+,200-499,2000+,NT,1,1,54.4579974666053,521.196105854929,0.000257889440950358,0.00174951446869658
40438,1,77-0026,2019,15210,14577,633,217,372,1,Interstate Freeway,3,Urban,Interstate,7,St Clair,200-499,200-499,500-999,AM,1,1,37.0692590443026,44.3108171941427,0.0001755439225844,0.000148739437862376
40438,1,77-0026,2019,15210,14577,633,217,372,1,Interstate Freeway,3,Urban,Interstate,7,St Clair,200-499,200-499,500-999,MD,1,1,97.1021474172954,148.337269721304,0.000459833627336033,0.000497928124767307
40438,1,77-0026,2019,15210,14577,633,217,372,1,Interstate Freeway,3,Urban,Interstate,7,St Clair,200-499,200-499,500-999,PM,1,1,44.4999032694912,78.6055739253661,0.000210732228697015,0.000263857667695055
40438,1,77-0026,2019,15210,14577,633,217,372,1,Interstate Freeway,3,Urban,Interstate,7,St Clair,200-499,200-499,500-999,EV,1,1,14.8612884503773,41.7335852621634,7.03766122252294e-05,0.000140088366790407
40438,1,77-0026,2019,15210,14577,633,217,372,1,Interstate Freeway,3,Urban,Interstate,7,St Clair,200-499,200-499,500-999,NT,1,1,23.4674018185336,59.0127538970241,0.000111131430039275,0.000198089866022927
40462,0,47-5209,2018,9613,9493,119,80,39,4,Minor Arterial,5,Rural,Other Road,8,Livingston,0-99,0-99,100-199,AM,1,1,14.7717842323651,9.83989941324392,6.99527590940159e-05,3.30298829952902e-05
40462,0,47-5209,2018,9613,9493,119,80,39,4,Minor Arterial,5,Rural,Other Road,8,Livingston,0-99,0-99,100-199,MD,1,1,30.4771784232365,16.4924559932942,0.000144326689759985,5.53607175120396e-05
40462,0,47-5209,2018,9613,9493,119,80,39,4,Minor Arterial,5,Rural,Other Road,8,Livingston,0-99,0-99,100-199,PM,1,1,21.2033195020747,7.79673093042749,0.000100409718811916,2.61715185859692e-05
40462,0,47-5209,2018,9613,9493,119,80,39,4,Minor Arterial,5,Rural,Other Road,8,Livingston,0-99,0-99,100-199,EV,1,1,8.50622406639004,2.19027661357921,4.02817854333518e-05,7.35216664679218e-06
40462,0,47-5209,2018,9613,9493,119,80,39,4,Minor Arterial,5,Rural,Other Road,8,Livingston,0-99,0-99,100-199,NT,1,1,5.04149377593361,2.68063704945516,2.38743264885476e-05,8.99817410502924e-06
40507,1,58-0046,2019,7735,6576,1159,168,987,3,Principal Arterial,5,Rural,Freeway/Prin. Art.,6,Monroe,500-999,100-199,1000-1999,AM,1,1,30.2593659942363,142.593611793612,0.000143295224627956,0.000478648217387228
40507,1,58-0046,2019,7735,6576,1159,168,987,3,Principal Arterial,5,Rural,Freeway/Prin. Art.,6,Monroe,500-999,100-199,1000-1999,MD,1,1,83.7579250720461,392.132432432432,0.000396641181770183,0.00131628259781488
40507,1,58-0046,2019,7735,6576,1159,168,987,3,Principal Arterial,5,Rural,Freeway/Prin. Art.,6,Monroe,500-999,100-199,1000-1999,PM,1,1,32.6801152737752,201.765110565111,0.000154758842598193,0.000677270947051316
40507,1,58-0046,2019,7735,6576,1159,168,987,3,Principal Arterial,5,Rural,Freeway/Prin. Art.,6,Monroe,500-999,100-199,1000-1999,EV,1,1,5.56772334293948,81.72457002457,2.6366321331544e-05,0.000274327294659007
40507,1,58-0046,2019,7735,6576,1159,168,987,3,Principal Arterial,5,Rural,Freeway/Prin. Art.,6,Monroe,500-999,100-199,1000-1999,NT,1,1,15.7348703170029,168.784275184275,7.45135168065374e-05,0.000566563196091005
40529,1,81-5113,2019,28230,27463,767,428,212,3,Principal Arterial,4,Suburban,Freeway/Prin. Art.,5,Washtenaw,200-499,200-499,500-999,AM,1,1,61,32.25,0.00028886952568571,0.000108254534102696
40529,1,81-5113,2019,28230,27463,767,428,212,3,Principal Arterial,4,Suburban,Freeway/Prin. Art.,5,Washtenaw,200-499,200-499,500-999,MD,1,1,215.25,99.5,0.00101933058039097,0.000333994609092038
40529,1,81-5113,2019,28230,27463,767,428,212,3,Principal Arterial,4,Suburban,Freeway/Prin. Art.,5,Washtenaw,200-499,200-499,500-999,PM,1,1,84.25,42.25,0.000398971435065919,0.000141821831498881
40529,1,81-5113,2019,28230,27463,767,428,212,3,Principal Arterial,4,Suburban,Freeway/Prin. Art.,5,Washtenaw,200-499,200-499,500-999,EV,1,1,26,13.25,0.00012312471586604,4.44766690499448e-05
40529,1,81-5113,2019,28230,27463,767,428,212,3,Principal Arterial,4,Suburban,Freeway/Prin. Art.,5,Washtenaw,200-499,200-499,500-999,NT,1,1,41.5,24.75,0.00019652598878618,8.30790610555572e-05
40530,1,81-5113,2019,28230,27463,767,428,212,3,Principal Arterial,4,Suburban,Freeway/Prin. Art.,5,Washtenaw,200-499,200-499,500-999,AM,1,1,61,32.25,0.00028886952568571,0.000108254534102696
40530,1,81-5113,2019,28230,27463,767,428,212,3,Principal Arterial,4,Suburban,Freeway/Prin. Art.,5,Washtenaw,200-499,200-499,500-999,MD,1,1,215.25,99.5,0.00101933058039097,0.000333994609092038
40530,1,81-5113,2019,28230,27463,767,428,212,3,Principal Arterial,4,Suburban,Freeway/Prin. Art.,5,Washtenaw,200-499,200-499,500-999,PM,1,1,84.25,42.25,0.000398971435065919,0.000141821831498881
40530,1,81-5113,2019,28230,27463,767,428,212,3,Principal Arterial,4,Suburban,Freeway/Prin. Art.,5,Washtenaw,200-499,200-499,500-999,EV,1,1,26,13.25,0.00012312471586604,4.44766690499448e-05
40530,1,81-5113,2019,28230,27463,767,428,212,3,Principal Arterial,4,Suburban,Freeway/Prin. Art.,5,Washtenaw,200-499,200-499,500-999,NT,1,1,41.5,24.75,0.00019652598878618,8.30790610555572e-05
40610,0,47-5217,2018,3886,3800,85,55,22,6,Minor Collector,5,Rural,Other Road,8,Livingston,0-99,0-99,0-99,AM,1,1,10.4761904761905,17.906976744186,4.9610691374595e-05,6.01088813838657e-05
40610,0,47-5217,2018,3886,3800,85,55,22,6,Minor Collector,5,Rural,Other Road,8,Livingston,0-99,0-99,0-99,MD,1,1,18.3333333333333,1.27906976744186,8.68187099055412e-05,4.29349152741898e-06
40610,0,47-5217,2018,3886,3800,85,55,22,6,Minor Collector,5,Rural,Other Road,8,Livingston,0-99,0-99,0-99,PM,1,1,21.4761904761905,1.7906976744186,0.00010170191731792,6.01088813838657e-06
40610,0,47-5217,2018,3886,3800,85,55,22,6,Minor Collector,5,Rural,Other Road,8,Livingston,0-99,0-99,0-99,EV,1,1,1.57142857142857,0,7.44160370618925e-06,0
40610,0,47-5217,2018,3886,3800,85,55,22,6,Minor Collector,5,Rural,Other Road,8,Livingston,0-99,0-99,0-99,NT,1,1,3.14285714285714,1.02325581395349,1.48832074123785e-05,3.43479322193518e-06
40612,0,47-5213,2018,2313,2264,48,46,5,6,Minor Collector,5,Rural,Other Road,8,Livingston,0-99,0-99,0-99,AM,1,1,10.8681318681319,1.25,5.14667557022459e-05,4.19591217452309e-06
40612,0,47-5213,2018,2313,2264,48,46,5,6,Minor Collector,5,Rural,Other Road,8,Livingston,0-99,0-99,0-99,MD,1,1,18.1978021978022,1.875,8.61768932688769e-05,6.29386826178464e-06
40612,0,47-5213,2018,2313,2264,48,46,5,6,Minor Collector,5,Rural,Other Road,8,Livingston,0-99,0-99,0-99,PM,1,1,13.3956043956044,1.875,6.34357686562566e-05,6.29386826178464e-06
40612,0,47-5213,2018,2313,2264,48,46,5,6,Minor Collector,5,Rural,Other Road,8,Livingston,0-99,0-99,0-99,EV,1,1,0.758241758241758,0,3.59070388620321e-06,0
40612,0,47-5213,2018,2313,2264,48,46,5,6,Minor Collector,5,Rural,Other Road,8,Livingston,0-99,0-99,0-99,NT,1,1,2.78021978021978,0,1.31659142494118e-05,0
40659,0,63-0250,2019,568,542,26,20,6,6,Minor Collector,5,Rural,Other Road,3,Oakland,0-99,0-99,0-99,AM,1,1,5.40540540540541,0.9,2.55976540262038e-05,3.02105676565663e-06
40659,0,63-0250,2019,568,542,26,20,6,6,Minor Collector,5,Rural,Other Road,3,Oakland,0-99,0-99,0-99,MD,1,1,5.40540540540541,3.9,2.55976540262038e-05,1.30912459845121e-05
40659,0,63-0250,2019,568,542,26,20,6,6,Minor Collector,5,Rural,Other Road,3,Oakland,0-99,0-99,0-99,PM,1,1,7.56756756756757,0.9,3.58367156366853e-05,3.02105676565663e-06
40659,0,63-0250,2019,568,542,26,20,6,6,Minor Collector,5,Rural,Other Road,3,Oakland,0-99,0-99,0-99,EV,1,1,1.08108108108108,0,5.11953080524076e-06,0
40659,0,63-0250,2019,568,542,26,20,6,6,Minor Collector,5,Rural,Other Road,3,Oakland,0-99,0-99,0-99,NT,1,1,0.540540540540541,0.3,2.55976540262038e-06,1.00701892188554e-06
40661,0,63-6460,2019,606,589,17,11,6,6,Minor Collector,5,Rural,Other Road,3,Oakland,0-99,0-99,0-99,AM,1,1,1.1,0.75,5.20912259433248e-06,2.51754730471386e-06
40661,0,63-6460,2019,606,589,17,11,6,6,Minor Collector,5,Rural,Other Road,3,Oakland,0-99,0-99,0-99,MD,1,1,8.525,5.25,4.03707001060767e-05,1.7622831132997e-05
40661,0,63-6460,2019,606,589,17,11,6,6,Minor Collector,5,Rural,Other Road,3,Oakland,0-99,0-99,0-99,PM,1,1,1.375,0,6.51140324291559e-06,0
40661,0,63-6460,2019,606,589,17,11,6,6,Minor Collector,5,Rural,Other Road,3,Oakland,0-99,0-99,0-99,EV,1,1,0,0,0,0
40661,0,63-6460,2019,606,589,17,11,6,6,Minor Collector,5,Rural,Other Road,3,Oakland,0-99,0-99,0-99,NT,1,1,0,0,0,0
40684,1,50-5041,2019,30383,29583,800,475,194,4,Minor Arterial,4,Suburban,Other Road,4,Macomb,100-199,200-499,500-999,AM,1,1,71.5,37,0.000338592968631611,0.000124199000365884
40684,1,50-5041,2019,30383,29583,800,475,194,4,Minor Arterial,4,Suburban,Other Road,4,Macomb,100-199,200-499,500-999,MD,1,1,262,80.5,0.0012407182906501,0.000270216744039287
40684,1,50-5041,2019,30383,29583,800,475,194,4,Minor Arterial,4,Suburban,Other Road,4,Macomb,100-199,200-499,500-999,PM,1,1,95.5,39,0.000452246552507956,0.00013091245984512
40684,1,50-5041,2019,30383,29583,800,475,194,4,Minor Arterial,4,Suburban,Other Road,4,Macomb,100-199,200-499,500-999,EV,1,1,23.5,12.5,0.000111285800878921,4.19591217452309e-05
40684,1,50-5041,2019,30383,29583,800,475,194,4,Minor Arterial,4,Suburban,Other Road,4,Macomb,100-199,200-499,500-999,NT,1,1,22.5,25,0.000106550234884073,8.39182434904619e-05
