LINKSERIAL,USECOUNT,LOCAL_ID,AADT_YEAR,AADT,AADT_CAR,AADT_TRUCK,AADT_SUT,AADT_MUT,FCLASS,FCLASS_LABEL,AREATYPE,AREATYPE_LABEL,FCLASS_GROUP,COUNTY,CountyName,VOLUME_GROUP_MUT,VOLUME_GROUP_SUT,VOLUME_GROUP_TRUCK
6883,0,50-0003,2019,8448,8119,329,203,92,4,Minor Arterial,4,Suburban,Other Road,4,Macomb,0-99,200-499,200-499
6888,0,50-0004,2019,21987,20975,1012,462,176,3,Principal Arterial,4,Suburban,Freeway/Prin. Art.,4,Macomb,100-199,200-499,500-999
5812,1,50-0007,2018,12657,11873,783,212,571,4,Minor Arterial,5,Rural,Other Road,4,Macomb,500-999,200-499,500-999
6655,0,50-0012,2019,30786,30108,678,400,216,3,Principal Arterial,4,Suburban,Freeway/Prin. Art.,4,Macomb,200-499,200-499,500-999
6211,1,50-0013,2019,32186,31496,690,409,214,4,Minor Arterial,4,Suburban,Other Road,4,Macomb,200-499,200-499,500-999
5207,0,50-0015,2019,15030,14445,585,360,165,4,Minor Arterial,3,Urban,Other Road,4,Macomb,100-199,200-499,500-999
6646,1,50-0016,2018,4053,3911,141,24,123,4,Minor Arterial,4,Suburban,Other Road,4,Macomb,100-199,0-99,100-199
5168,0,50-0017,2019,5062,4861,201,126,55,5,Major Collector,3,Urban,Other Road,4,Macomb,0-99,100-199,100-199
5177,0,50-0020,2019,3554,3410,144,89,41,5,Major Collector,3,Urban,Other Road,4,Macomb,0-99,0-99,100-199
6405,0,50-0021,2019,30444,29682.5,761,396,304,3,Principal Arterial,4,Suburban,Freeway/Prin. Art.,4,Macomb,200-499,200-499,500-999
6867,0,50-0021,2019,30444,29682.5,761,396,304,3,Principal Arterial,4,Suburban,Freeway/Prin. Art.,4,Macomb,200-499,200-499,500-999
6043,0,50-0022,2019,31469.5,30683,786,409,314,3,Principal Arterial,4,Suburban,Freeway/Prin. Art.,4,Macomb,200-499,200-499,500-999
6403,0,50-0022,2019,31469.5,30683,786,409,314,3,Principal Arterial,4,Suburban,Freeway/Prin. Art.,4,Macomb,200-499,200-499,500-999
19214,0,50-0028,2018,25518,24651,867,612,255,3,Principal Arterial,4,Suburban,Freeway/Prin. Art.,4,Macomb,200-499,500-999,500-999
40277,0,50-0030,2019,44659,42649,2010,715,1161,3,Principal Arterial,3,Urban,Freeway/Prin. Art.,4,Macomb,1000-1999,500-999,1000-1999
5414,1,50-0037,2019,23192,22143,1049,485,177,3,Principal Arterial,4,Suburban,Freeway/Prin. Art.,4,Macomb,100-199,200-499,500-999
6383,1,50-0038,2019,26428,25338,1090,539,313,3,Principal Arterial,4,Suburban,Freeway/Prin. Art.,4,Macomb,200-499,500-999,500-999
4975,0,50-0039,2019,13363,12668,695,134,555,2,Other Freeway,3,Urban,Freeway/Prin. Art.,4,Macomb,500-999,100-199,500-999
6835,0,50-0051,2019,27433.5,26198.5,1235,439,713,3,Principal Arterial,4,Suburban,Freeway/Prin. Art.,4,Macomb,500-999,200-499,1000-1999
20864,0,50-0051,2019,27433.5,26198.5,1235,439,713,3,Principal Arterial,4,Suburban,Freeway/Prin. Art.,4,Macomb,500-999,200-499,1000-1999
6354,0,50-0060,2019,30237,29481,756,393,302,3,Principal Arterial,4,Suburban,Freeway/Prin. Art.,4,Macomb,200-499,200-499,500-999
20562,0,50-0060,2019,30237,29481,756,393,302,3,Principal Arterial,4,Suburban,Freeway/Prin. Art.,4,Macomb,200-499,200-499,500-999
4032,0,50-0079,2019,46455,44365,2090,743,1208,3,Principal Arterial,3,Urban,Freeway/Prin. Art.,4,Macomb,1000-1999,500-999,1000-1999
4024,1,50-0080,2019,47878,45694,2184,764,1257,3,Principal Arterial,3,Urban,Freeway/Prin. Art.,4,Macomb,1000-1999,500-999,2000+
5162,0,50-0082,2019,2584,2479,105,65,30,5,Major Collector,3,Urban,Other Road,4,Macomb,0-99,0-99,0-99
5204,0,50-0083,2019,4434,4259,175,110,47,5,Major Collector,3,Urban,Other Road,4,Macomb,0-99,100-199,100-199
4710,0,50-0084,2019,45855,43791,2064,734,1192,3,Principal Arterial,3,Urban,Freeway/Prin. Art.,4,Macomb,1000-1999,500-999,1000-1999
4696,0,50-0090,2019,45066,43038,2028,721,1172,3,Principal Arterial,3,Urban,Freeway/Prin. Art.,4,Macomb,1000-1999,500-999,1000-1999
6847,0,50-0092,2019,28231.5,26961.5,1270,451,734,3,Principal Arterial,4,Suburban,Freeway/Prin. Art.,4,Macomb,500-999,200-499,1000-1999
20574,0,50-0092,2019,28231.5,26961.5,1270,451,734,3,Principal Arterial,4,Suburban,Freeway/Prin. Art.,4,Macomb,500-999,200-499,1000-1999
4208,0,50-0102,2019,21740,18632,3108,369,2695,1,Interstate Freeway,5,Rural,Interstate,4,Macomb,2000+,200-499,2000+
5012,0,50-0102,2019,21740,18632,3108,369,2695,1,Interstate Freeway,5,Rural,Interstate,4,Macomb,2000+,200-499,2000+
4204,0,50-0103,2019,17099,14654,2445,290,2120,1,Interstate Freeway,5,Rural,Interstate,4,Macomb,2000+,200-499,2000+
4797,0,50-0103,2019,17099,14654,2445,290,2120,1,Interstate Freeway,5,Rural,Interstate,4,Macomb,2000+,200-499,2000+
4018,0,50-0106,2017,42554.5,39732,2822,893,2468,1,Interstate Freeway,3,Urban,Interstate,4,Macomb,2000+,500-999,2000+
4943,0,50-0106,2017,42554.5,39732,2822,893,2468,1,Interstate Freeway,3,Urban,Interstate,4,Macomb,2000+,500-999,2000+
6041,0,50-0107,2019,14169,13290,879,241,638,4,Minor Arterial,5,Rural,Other Road,4,Macomb,500-999,200-499,500-999
19877,0,50-0111,2017,22487.5,21362.5,1125,0,0,2,Other Freeway,4,Suburban,Freeway/Prin. Art.,4,Macomb,0-99,0-99,0-99
6145,0,50-0116,2018,43654.5,42039,1615,786,786,3,Principal Arterial,3,Urban,Freeway/Prin. Art.,4,Macomb,500-999,500-999,1000-1999
6927,0,50-0116,2018,43654.5,42039,1615,786,786,3,Principal Arterial,3,Urban,Freeway/Prin. Art.,4,Macomb,500-999,500-999,1000-1999
6698,0,50-0120,2017,55993,53977,2016,784,1064,3,Principal Arterial,4,Suburban,Freeway/Prin. Art.,4,Macomb,1000-1999,500-999,1000-1999
5381,0,50-0121,2017,44271,42589,1682,664,885,3,Principal Arterial,4,Suburban,Freeway/Prin. Art.,4,Macomb,500-999,500-999,1000-1999
6340,1,50-0144,2018,19200,18204,995,349,603,3,Principal Arterial,5,Rural,Freeway/Prin. Art.,4,Macomb,500-999,200-499,500-999
20699,1,50-0144,2018,19200,18204,995,349,603,3,Principal Arterial,5,Rural,Freeway/Prin. Art.,4,Macomb,500-999,200-499,500-999
6442,0,50-0169,2019,27601.5,26359.5,1242,441,717,3,Principal Arterial,4,Suburban,Freeway/Prin. Art.,4,Macomb,500-999,200-499,1000-1999
20120,0,50-0169,2019,27601.5,26359.5,1242,441,717,3,Principal Arterial,4,Suburban,Freeway/Prin. Art.,4,Macomb,500-999,200-499,1000-1999
4046,0,50-0187,2017,76180,72811,3369,1523,4265,1,Interstate Freeway,3,Urban,Interstate,4,Macomb,2000+,1000-1999,2000+
4163,0,50-0187,2017,76180,72811,3369,1523,4265,1,Interstate Freeway,3,Urban,Interstate,4,Macomb,2000+,1000-1999,2000+
5118,0,50-0200,2019,2867,2752,115,72,32,5,Major Collector,3,Urban,Other Road,4,Macomb,0-99,0-99,100-199
4041,0,50-0202,2017,61752,58627.5,3124,1297,3767,1,Interstate Freeway,3,Urban,Interstate,4,Macomb,2000+,1000-1999,2000+
5040,0,50-0202,2017,61752,58627.5,3124,1297,3767,1,Interstate Freeway,3,Urban,Interstate,4,Macomb,2000+,1000-1999,2000+
5614,1,50-0227,2019,45252,44112.5,1139,590,452,3,Principal Arterial,4,Suburban,Freeway/Prin. Art.,4,Macomb,200-499,500-999,1000-1999
6084,1,50-0227,2019,45252,44112.5,1139,590,452,3,Principal Arterial,4,Suburban,Freeway/Prin. Art.,4,Macomb,200-499,500-999,1000-1999
6498,1,50-0311,2018,16114,15617,496,224,255,4,Minor Arterial,4,Suburban,Other Road,4,Macomb,200-499,200-499,200-499
6255,0,50-0314,2017,4973,4833,140,70,65,5,Major Collector,4,Suburban,Other Road,4,Macomb,0-99,0-99,100-199
6676,0,50-0315,2017,2686,2591,95,49,43,5,Major Collector,4,Suburban,Other Road,4,Macomb,0-99,0-99,0-99
5153,0,50-0338,2019,3360,3227,133,84,36,5,Major Collector,3,Urban,Other Road,4,Macomb,0-99,0-99,100-199
5133,0,50-0354,2018,16612,15583,1009,283,747,4,Minor Arterial,4,Suburban,Other Road,4,Macomb,500-999,200-499,1000-1999
5126,0,50-0361,2019,17998,17278,720,450,198,5,Major Collector,3,Urban,Other Road,4,Macomb,100-199,200-499,500-999
5408,0,50-0473,2017,17307,16337,970,363,538,3,Principal Arterial,3,Urban,Freeway/Prin. Art.,4,Macomb,500-999,200-499,500-999
4332,0,50-0474,2017,9376,9152,224,113,102,5,Major Collector,3,Urban,Other Road,4,Macomb,100-199,100-199,200-499
6623,0,50-0475,2019,24653,24111,542,320,173,4,Minor Arterial,4,Suburban,Other Road,4,Macomb,100-199,200-499,200-499
3898,0,50-0476,2017,8136,7893,243,146,89,4,Minor Arterial,3,Urban,Other Road,4,Macomb,0-99,100-199,200-499
20050,0,50-0477,2017,4737,4603,134,67,62,5,Major Collector,3,Urban,Other Road,4,Macomb,0-99,0-99,100-199
5135,0,50-0488,2017,5080,4944,136,66,65,5,Major Collector,3,Urban,Other Road,4,Macomb,0-99,0-99,100-199
6730,0,50-0489,2017,6230,6062,168,81,81,5,Major Collector,3,Urban,Other Road,4,Macomb,0-99,0-99,100-199
6143,0,50-0497,2017,4452,4275,177,107,66,4,Minor Arterial,3,Urban,Other Road,4,Macomb,0-99,100-199,100-199
20803,0,50-0511,2017,3679,3571,108,55,49,5,Major Collector,3,Urban,Other Road,4,Macomb,0-99,0-99,100-199
6648,0,50-0519,2019,37729,36900,829,490,264,3,Principal Arterial,4,Suburban,Freeway/Prin. Art.,4,Macomb,200-499,200-499,500-999
5503,0,50-0527,2017,2819,2723,96,48,45,5,Major Collector,3,Urban,Other Road,4,Macomb,0-99,0-99,0-99
3912,0,50-0808,2019,32132.5,29208.5,2924,514,2378,1,Interstate Freeway,4,Suburban,Interstate,4,Macomb,2000+,500-999,2000+
4568,0,50-0808,2019,32132.5,29208.5,2924,514,2378,1,Interstate Freeway,4,Suburban,Interstate,4,Macomb,2000+,500-999,2000+
4412,0,50-1616,2019,27246,25612,1634,572,926,3,Principal Arterial,3,Urban,Freeway/Prin. Art.,4,Macomb,500-999,500-999,1000-1999
40714,0,50-3607,2018,17008,15954,1054,289,765,4,Minor Arterial,4,Suburban,Other Road,4,Macomb,500-999,200-499,1000-1999
6364,0,50-4642,2017,16414,15494,920,344,510,3,Principal Arterial,3,Urban,Freeway/Prin. Art.,4,Macomb,500-999,200-499,500-999
20214,0,50-4664,2019,13848,13447,401,194,69,3,Principal Arterial,3,Urban,Freeway/Prin. Art.,4,Macomb,0-99,100-199,200-499
20167,0,50-4695,2019,9013,8752,261,126,45,3,Principal Arterial,3,Urban,Freeway/Prin. Art.,4,Macomb,0-99,100-199,100-199
6173,1,50-4709,2019,15823,15374,449,221,74,3,Principal Arterial,4,Suburban,Freeway/Prin. Art.,4,Macomb,0-99,200-499,200-499
5248,0,50-5001,2019,18924,18185,739,454,209,4,Minor Arterial,3,Urban,Other Road,4,Macomb,200-499,200-499,500-999
5243,0,50-5003,2019,20256,19466,790,486,223,4,Minor Arterial,3,Urban,Other Road,4,Macomb,200-499,200-499,500-999
5235,0,50-5004,2019,24305,23358,947,583,267,4,Minor Arterial,3,Urban,Other Road,4,Macomb,200-499,500-999,500-999
5259,0,50-5005,2019,26994,25941,1053,648,297,4,Minor Arterial,3,Urban,Other Road,4,Macomb,200-499,500-999,500-999
5253,0,50-5007,2019,25041,24065,976,601,275,4,Minor Arterial,3,Urban,Other Road,4,Macomb,200-499,500-999,500-999
6869,0,50-5010,2019,18885,18148,737,453,208,4,Minor Arterial,3,Urban,Other Road,4,Macomb,200-499,200-499,500-999
6744,1,50-5018,2018,31216,30550,666,375,188,3,Principal Arterial,3,Urban,Freeway/Prin. Art.,4,Macomb,100-199,200-499,500-999
6641,1,50-5019,2018,23228,22767,461,312,93,3,Principal Arterial,3,Urban,Freeway/Prin. Art.,4,Macomb,0-99,200-499,200-499
6640,1,50-5020,2018,20056,19706,350,235,60,3,Principal Arterial,3,Urban,Freeway/Prin. Art.,4,Macomb,0-99,200-499,200-499
6714,1,50-5022,2018,27918,27277,641,374,188,3,Principal Arterial,3,Urban,Freeway/Prin. Art.,4,Macomb,100-199,200-499,500-999
6652,1,50-5023,2018,36803,35890,913,529,306,3,Principal Arterial,3,Urban,Freeway/Prin. Art.,4,Macomb,200-499,500-999,500-999
6751,1,50-5024,2018,32794,32181,613,377,154,3,Principal Arterial,3,Urban,Freeway/Prin. Art.,4,Macomb,100-199,200-499,500-999
5443,0,50-5025,2019,11028.5,10599,429,264,121,4,Minor Arterial,3,Urban,Other Road,4,Macomb,100-199,200-499,200-499
20690,0,50-5025,2019,11028.5,10599,429,264,121,4,Minor Arterial,3,Urban,Other Road,4,Macomb,100-199,200-499,200-499
6450,0,50-5026,2019,26023,25009,1014,624,286,4,Minor Arterial,3,Urban,Other Road,4,Macomb,200-499,500-999,500-999
6547,0,50-5027,2019,24625,23663,962,591,272,4,Minor Arterial,3,Urban,Other Road,4,Macomb,200-499,500-999,500-999
6368,0,50-5030,2019,19189,18440,749,461,211,4,Minor Arterial,3,Urban,Other Road,4,Macomb,200-499,200-499,500-999
6523,0,50-5032,2019,24787,23820,967,595,273,4,Minor Arterial,3,Urban,Other Road,4,Macomb,200-499,500-999,500-999
4255,1,50-5034,2018,24276,23694,582,313,154,3,Principal Arterial,3,Urban,Freeway/Prin. Art.,4,Macomb,100-199,200-499,200-499
4363,1,50-5035,2018,8857,8551,306,153,133,3,Principal Arterial,3,Urban,Freeway/Prin. Art.,4,Macomb,100-199,100-199,200-499
4349,1,50-5036,2018,9601,9149,451,179,242,3,Principal Arterial,3,Urban,Freeway/Prin. Art.,4,Macomb,200-499,100-199,200-499
4656,1,50-5037,2018,18159,17432,726,296,419,3,Principal Arterial,3,Urban,Freeway/Prin. Art.,4,Macomb,200-499,200-499,500-999
4194,1,50-5038,2018,37275,35769,1506,669,684,3,Principal Arterial,3,Urban,Freeway/Prin. Art.,4,Macomb,500-999,500-999,1000-1999
6136,0,50-5039,2019,29709,28549,1160,714,327,4,Minor Arterial,4,Suburban,Other Road,4,Macomb,200-499,500-999,1000-1999
5771,0,50-5040,2019,24450,23497,953,587,268,4,Minor Arterial,4,Suburban,Other Road,4,Macomb,200-499,500-999,500-999
40684,1,50-5041,2019,30383,29583,800,475,194,4,Minor Arterial,4,Suburban,Other Road,4,Macomb,100-199,200-499,500-999
6046,0,50-5042,2019,30719,29520,1199,738,338,4,Minor Arterial,4,Suburban,Other Road,4,Macomb,200-499,500-999,1000-1999
5874,0,50-5043,2019,21834,20981,853,525,241,4,Minor Arterial,4,Suburban,Other Road,4,Macomb,200-499,500-999,500-999
6482,0,50-5044,2019,5535,5311,224,139,63,5,Major Collector,4,Suburban,Other Road,4,Macomb,0-99,100-199,200-499
4961,0,50-5046,2018,6190,5901,288,29,30,5,Major Collector,4,Suburban,Other Road,4,Macomb,0-99,0-99,0-99
5863,0,50-5049,2019,15973,15349,624,384,176,4,Minor Arterial,4,Suburban,Other Road,4,Macomb,100-199,200-499,500-999
20519,1,50-5050,2019,17312.5,16352,960,344,611,5,Major Collector,4,Suburban,Other Road,4,Macomb,500-999,200-499,500-999
20577,1,50-5050,2019,17312.5,16352,960,344,611,5,Major Collector,4,Suburban,Other Road,4,Macomb,500-999,200-499,500-999
6758,0,50-5051,2019,1830,1797,33,33,0,5,Major Collector,4,Suburban,Other Road,4,Macomb,0-99,0-99,0-99
4601,0,50-5053,2018,6137,5991,145,19,26,4,Minor Arterial,4,Suburban,Other Road,4,Macomb,0-99,0-99,0-99
6962,1,50-5054,2018,18730,17908,821,241,435,3,Principal Arterial,4,Suburban,Freeway/Prin. Art.,4,Macomb,200-499,200-499,500-999
37509,0,50-5058,2019,5576,5507,69,52,16,4,Minor Arterial,4,Suburban,Other Road,4,Macomb,0-99,0-99,0-99
37511,0,50-5058,2019,5576,5507,69,52,16,4,Minor Arterial,4,Suburban,Other Road,4,Macomb,0-99,0-99,0-99
4219,0,50-5059,2018,23417,22978,439,155,29,4,Minor Arterial,4,Suburban,Other Road,4,Macomb,0-99,100-199,100-199
4946,0,50-5060,2019,20755,19945,810,498,229,4,Minor Arterial,4,Suburban,Other Road,4,Macomb,200-499,200-499,500-999
6283,0,50-5062,2019,11853,11638,215,195,9,4,Minor Arterial,4,Suburban,Other Road,4,Macomb,0-99,100-199,200-499
5460,0,50-5063,2019,25813,24806,1007,620,284,4,Minor Arterial,4,Suburban,Other Road,4,Macomb,200-499,500-999,500-999
5997,0,50-5064,2018,15626,15452,174,112,26,4,Minor Arterial,4,Suburban,Other Road,4,Macomb,0-99,100-199,100-199
5965,0,50-5065,2019,9943,9820,123,106,13,4,Minor Arterial,4,Suburban,Other Road,4,Macomb,0-99,100-199,100-199
6401,0,50-5067,2019,6750,6602,148,126,21,4,Minor Arterial,4,Suburban,Other Road,4,Macomb,0-99,100-199,100-199
39282,0,50-5068,2019,4779,4588,191,119,53,5,Major Collector,4,Suburban,Other Road,4,Macomb,0-99,100-199,100-199
6773,0,50-5069,2019,14462,13899,563,347,158,4,Minor Arterial,4,Suburban,Other Road,4,Macomb,100-199,200-499,500-999
6780,0,50-5070,2019,17920,17220,700,430,198,4,Minor Arterial,4,Suburban,Other Road,4,Macomb,100-199,200-499,500-999
6795,0,50-5072,2019,9420,9054,366,225,103,4,Minor Arterial,4,Suburban,Other Road,4,Macomb,100-199,200-499,200-499
6352,0,50-5073,2019,17777,17083,694,427,196,4,Minor Arterial,4,Suburban,Other Road,4,Macomb,100-199,200-499,500-999
6356,0,50-5074,2019,19428,18672,756,465,213,4,Minor Arterial,4,Suburban,Other Road,4,Macomb,200-499,200-499,500-999
6784,0,50-5075,2019,9219,8860,359,221,101,4,Minor Arterial,4,Suburban,Other Road,4,Macomb,100-199,200-499,200-499
6668,1,50-5076,2018,27430,26439,990,435,513,3,Principal Arterial,4,Suburban,Freeway/Prin. Art.,4,Macomb,500-999,200-499,500-999
6754,1,50-5077,2018,19232,18457,774,295,382,3,Principal Arterial,4,Suburban,Freeway/Prin. Art.,4,Macomb,200-499,200-499,500-999
6713,1,50-5078,2018,32290,31017,1273,655,363,3,Principal Arterial,4,Suburban,Freeway/Prin. Art.,4,Macomb,200-499,500-999,1000-1999
6454,0,50-5079,2019,4497,4320,177,112,47,5,Major Collector,4,Suburban,Other Road,4,Macomb,0-99,100-199,100-199
5611,1,50-5080,2018,15140,14767,372,102,122,4,Minor Arterial,4,Suburban,Other Road,4,Macomb,100-199,100-199,200-499
6520,0,50-5081,2019,14187,13634,553,340,156,4,Minor Arterial,4,Suburban,Other Road,4,Macomb,100-199,200-499,200-499
20063,0,50-5082,2019,8666,8327,339,208,96,4,Minor Arterial,4,Suburban,Other Road,4,Macomb,0-99,200-499,200-499
5568,0,50-5085,2019,12825,12325,500,308,141,4,Minor Arterial,4,Suburban,Other Road,4,Macomb,100-199,200-499,200-499
6865,1,50-5086,2018,17113,16649,463,227,123,4,Minor Arterial,4,Suburban,Other Road,4,Macomb,100-199,200-499,200-499
6611,0,50-5087,2019,10609,10194,415,255,118,4,Minor Arterial,5,Rural,Other Road,4,Macomb,100-199,200-499,200-499
6656,0,50-5089,2019,17348,16673,675,416,190,4,Minor Arterial,4,Suburban,Other Road,4,Macomb,100-199,200-499,500-999
6157,0,50-5090,2019,11803,11343,460,283,130,4,Minor Arterial,5,Rural,Other Road,4,Macomb,100-199,200-499,200-499
6633,0,50-5091,2019,9917,9529,388,238,110,4,Minor Arterial,4,Suburban,Other Road,4,Macomb,100-199,200-499,200-499
6634,0,50-5092,2019,15275,14680,595,366,168,4,Minor Arterial,5,Rural,Other Road,4,Macomb,100-199,200-499,500-999
5862,1,50-5093,2018,11690,11409,280,102,100,3,Principal Arterial,4,Suburban,Freeway/Prin. Art.,4,Macomb,100-199,100-199,200-499
20737,1,50-5093,2018,11690,11409,280,102,100,3,Principal Arterial,4,Suburban,Freeway/Prin. Art.,4,Macomb,100-199,100-199,200-499
6567,0,50-5094,2019,12286,11808,478,294,135,4,Minor Arterial,5,Rural,Other Road,4,Macomb,100-199,200-499,200-499
6562,0,50-5095,2019,11508,11057,451,277,128,4,Minor Arterial,5,Rural,Other Road,4,Macomb,100-199,200-499,200-499
5843,0,50-5096,2019,2650,2543,107,66,30,5,Major Collector,4,Suburban,Other Road,4,Macomb,0-99,0-99,0-99
20693,0,50-5098,2019,1521,1458,63,38,19,5,Major Collector,5,Rural,Other Road,4,Macomb,0-99,0-99,0-99
20744,0,50-5099,2018,3742,3666,75,36,13,4,Minor Arterial,4,Suburban,Other Road,4,Macomb,0-99,0-99,0-99
5953,0,50-5101,2019,5321,5109,212,133,58,5,Major Collector,4,Suburban,Other Road,4,Macomb,0-99,100-199,100-199
6850,0,50-5102,2019,5193,4985,208,130,57,5,Major Collector,5,Rural,Other Road,4,Macomb,0-99,100-199,100-199
6802,0,50-5105,2019,17225,16554,671,413,189,4,Minor Arterial,4,Suburban,Other Road,4,Macomb,100-199,200-499,500-999
20766,1,50-5110,2018,2207,2036,170,49,119,5,Major Collector,4,Suburban,Other Road,4,Macomb,100-199,0-99,100-199
6066,0,50-5112,2019,2669,2561,108,67,30,5,Major Collector,5,Rural,Other Road,4,Macomb,0-99,0-99,0-99
5980,0,50-5113,2019,1681,1613,68,42,19,5,Major Collector,5,Rural,Other Road,4,Macomb,0-99,0-99,0-99
5372,0,50-5114,2019,14423,13862,561,345,158,4,Minor Arterial,3,Urban,Other Road,4,Macomb,100-199,200-499,500-999
5333,0,50-5115,2019,11022,10593,429,264,121,4,Minor Arterial,3,Urban,Other Road,4,Macomb,100-199,200-499,200-499
5361,0,50-5116,2019,16710,16057,653,402,184,4,Minor Arterial,3,Urban,Other Road,4,Macomb,100-199,200-499,500-999
5347,1,50-5117,2019,23901,23414,487,273,88,4,Minor Arterial,3,Urban,Other Road,4,Macomb,0-99,200-499,200-499
5365,0,50-5119,2019,17514,16829,685,421,194,4,Minor Arterial,3,Urban,Other Road,4,Macomb,100-199,200-499,500-999
6796,1,50-5121,2018,8782,8561,220,92,74,4,Minor Arterial,5,Rural,Other Road,4,Macomb,0-99,0-99,100-199
5972,0,50-5122,2019,4165,3999,166,104,45,5,Major Collector,5,Rural,Other Road,4,Macomb,0-99,100-199,100-199
6407,0,50-5123,2019,2315,2223,92,58,25,5,Major Collector,5,Rural,Other Road,4,Macomb,0-99,0-99,0-99
6428,0,50-5124,2019,2285,2195,90,57,24,5,Major Collector,5,Rural,Other Road,4,Macomb,0-99,0-99,0-99
5518,0,50-5126,2019,7810,7498,312,195,86,5,Major Collector,3,Urban,Other Road,4,Macomb,0-99,100-199,200-499
5522,0,50-5127,2019,5008,4808,200,125,55,5,Major Collector,4,Suburban,Other Road,4,Macomb,0-99,100-199,100-199
6838,0,50-5128,2019,13603,13071,532,327,151,4,Minor Arterial,4,Suburban,Other Road,4,Macomb,100-199,200-499,200-499
6178,0,50-5130,2019,1682,1614,68,42,19,5,Major Collector,3,Urban,Other Road,4,Macomb,0-99,0-99,0-99
6882,0,50-5132,2019,2741,2630,111,69,31,5,Major Collector,5,Rural,Other Road,7,St Clair,0-99,0-99,100-199
6070,0,50-5133,2019,6469,6218,251,155,70,4,Minor Arterial,4,Suburban,Other Road,4,Macomb,0-99,100-199,200-499
6287,0,50-5134,2018,1283,1234,48,27,25,5,Major Collector,5,Rural,Other Road,4,Macomb,0-99,0-99,0-99
5575,0,50-5136,2019,1118,1074,44,28,12,5,Major Collector,5,Rural,Other Road,4,Macomb,0-99,0-99,0-99
6322,0,50-5138,2019,4429,4254,175,110,47,5,Major Collector,4,Suburban,Other Road,4,Macomb,0-99,100-199,100-199
6133,0,50-5139,2018,5247,5125,121,62,30,5,Major Collector,4,Suburban,Other Road,4,Macomb,0-99,0-99,0-99
5833,0,50-5141,2019,9411,9046,365,225,102,4,Minor Arterial,4,Suburban,Other Road,4,Macomb,100-199,200-499,200-499
5848,0,50-5142,2019,11984,11516,468,288,132,4,Minor Arterial,4,Suburban,Other Road,4,Macomb,100-199,200-499,200-499
20445,0,50-5143,2019,6847,6579,268,165,76,4,Minor Arterial,5,Rural,Other Road,4,Macomb,0-99,100-199,200-499
20856,1,50-5145,2018,16572,16281,290,187,95,4,Minor Arterial,4,Suburban,Other Road,4,Macomb,0-99,100-199,200-499
5855,1,50-5147,2018,35391,34477,914,545,91,3,Principal Arterial,4,Suburban,Freeway/Prin. Art.,4,Macomb,0-99,500-999,500-999
6788,0,50-5148,2018,17820,16840,928,319,585,3,Principal Arterial,3,Urban,Freeway/Prin. Art.,4,Macomb,500-999,200-499,500-999
20682,0,50-5149,2019,4164,4003,161,99,45,4,Minor Arterial,3,Urban,Other Road,4,Macomb,0-99,0-99,100-199
6012,0,50-5153,2019,22588,21705,883,543,250,4,Minor Arterial,3,Urban,Other Road,4,Macomb,200-499,500-999,500-999
6786,0,50-5157,2019,8303,7980,323,199,91,4,Minor Arterial,4,Suburban,Other Road,4,Macomb,0-99,100-199,200-499
6600,0,50-5160,2018,4070,3965,105,69,32,5,Major Collector,3,Urban,Other Road,4,Macomb,0-99,0-99,100-199
8691,0,50-5162,2019,9784,9392,392,245,108,5,Major Collector,5,Rural,Other Road,7,St Clair,100-199,200-499,200-499
4429,1,50-5168,2019,38505,37302,1203,728,381,3,Principal Arterial,3,Urban,Freeway/Prin. Art.,4,Macomb,200-499,500-999,1000-1999
4382,1,50-5169,2019,33921,32763,1158,701,376,3,Principal Arterial,3,Urban,Freeway/Prin. Art.,4,Macomb,200-499,500-999,1000-1999
5641,0,50-5172,2019,7028,6748,280,175,77,5,Major Collector,4,Suburban,Other Road,4,Macomb,0-99,100-199,200-499
20571,1,50-5173,2019,19904,19143,761,368,367,5,Major Collector,4,Suburban,Other Road,4,Macomb,200-499,200-499,500-999
6682,0,50-5175,2019,7565,7260,305,190,85,5,Major Collector,4,Suburban,Other Road,4,Macomb,0-99,100-199,200-499
6588,0,50-5176,2018,4105,3993,111,40,12,5,Major Collector,4,Suburban,Other Road,4,Macomb,0-99,0-99,0-99
5933,0,50-5178,2019,10283,9873,410,257,112,5,Major Collector,4,Suburban,Other Road,4,Macomb,100-199,200-499,200-499
6778,0,50-5182,2018,3390,3299,91,54,30,4,Minor Arterial,4,Suburban,Other Road,4,Macomb,0-99,0-99,0-99
4274,1,50-5186,2018,15286,14927,358,152,183,3,Principal Arterial,4,Suburban,Freeway/Prin. Art.,4,Macomb,100-199,100-199,200-499
4799,0,50-5187,2019,17894,17196,698,429,197,4,Minor Arterial,4,Suburban,Other Road,4,Macomb,100-199,200-499,500-999
4271,1,50-5188,2018,34084,33525,559,327,80,3,Principal Arterial,4,Suburban,Freeway/Prin. Art.,4,Macomb,0-99,200-499,200-499
5008,1,50-5189,2018,22538,22053,485,209,58,3,Principal Arterial,4,Suburban,Freeway/Prin. Art.,4,Macomb,0-99,200-499,200-499
4809,1,50-5190,2018,27351,26867,484,265,93,3,Principal Arterial,4,Suburban,Freeway/Prin. Art.,4,Macomb,0-99,200-499,200-499
4281,1,50-5191,2018,7608,7396,211,94,66,3,Principal Arterial,3,Urban,Freeway/Prin. Art.,4,Macomb,0-99,0-99,100-199
6073,0,50-5193,2019,16615,15966,649,399,184,4,Minor Arterial,4,Suburban,Other Road,4,Macomb,100-199,200-499,500-999
5584,0,50-5194,2019,28786,27663,1123,691,317,4,Minor Arterial,4,Suburban,Other Road,4,Macomb,200-499,500-999,1000-1999
6297,0,50-5195,2019,18996,18255,741,456,209,4,Minor Arterial,5,Rural,Other Road,4,Macomb,200-499,200-499,500-999
5858,0,50-5196,2019,7639,7332,307,191,85,5,Major Collector,3,Urban,Other Road,4,Macomb,0-99,100-199,200-499
6249,1,50-5197,2019,8126,7842,284,105,170,4,Minor Arterial,3,Urban,Other Road,4,Macomb,100-199,100-199,200-499
6111,0,50-5198,2018,3321,3226,94,88,6,5,Major Collector,4,Suburban,Other Road,4,Macomb,0-99,0-99,0-99
4414,0,50-5199,2018,26313,25950,363,226,45,3,Principal Arterial,3,Urban,Freeway/Prin. Art.,4,Macomb,0-99,200-499,200-499
4111,1,50-5200,2018,20374,19898,475,185,205,3,Principal Arterial,4,Suburban,Freeway/Prin. Art.,4,Macomb,200-499,100-199,200-499
37234,0,50-5205,2018,3653,3594,58,41,20,5,Major Collector,4,Suburban,Other Road,4,Macomb,0-99,0-99,0-99
20453,1,50-5208,2018,15661,15460,200,143,56,4,Minor Arterial,4,Suburban,Other Road,4,Macomb,0-99,100-199,100-199
6769,1,50-5212,2018,14379,14154,224,119,62,5,Major Collector,4,Suburban,Other Road,4,Macomb,0-99,100-199,100-199
4215,1,50-5213,2018,13008,12712,295,220,57,5,Major Collector,4,Suburban,Other Road,4,Macomb,0-99,200-499,200-499
20902,0,50-5214,2019,10925,10487,438,273,121,5,Major Collector,4,Suburban,Other Road,4,Macomb,100-199,200-499,200-499
4871,0,50-5215,2019,19356,18603,753,464,212,4,Minor Arterial,3,Urban,Other Road,4,Macomb,200-499,200-499,500-999
4617,0,50-5216,2019,21500,20659,841,517,238,4,Minor Arterial,3,Urban,Other Road,4,Macomb,200-499,500-999,500-999
5973,0,50-5217,2019,5389,5175,214,134,58,5,Major Collector,3,Urban,Other Road,4,Macomb,0-99,100-199,100-199
6171,0,50-5218,2019,3120,2996,124,78,34,5,Major Collector,4,Suburban,Other Road,4,Macomb,0-99,0-99,100-199
24055,0,50-5219,2018,13773,13580,193,121,41,3,Principal Arterial,3,Urban,Freeway/Prin. Art.,4,Macomb,0-99,100-199,100-199
24168,0,50-5220,2019,15884,15607,277,156,41,3,Principal Arterial,3,Urban,Freeway/Prin. Art.,4,Macomb,0-99,100-199,100-199
5976,1,50-5221,2018,13734,13478,255,96,139,4,Minor Arterial,4,Suburban,Other Road,4,Macomb,100-199,0-99,200-499
6573,0,50-5222,2018,10638,10517,121,90,16,4,Minor Arterial,4,Suburban,Other Road,4,Macomb,0-99,0-99,100-199
24219,0,50-5223,2019,4040,3883,157,97,44,4,Minor Arterial,4,Suburban,Other Road,4,Macomb,0-99,0-99,100-199
20068,0,50-5225,2019,6327,6075,252,158,69,5,Major Collector,4,Suburban,Other Road,4,Macomb,0-99,100-199,200-499
20066,0,50-5226,2019,4352,4179,173,109,47,5,Major Collector,5,Rural,Other Road,4,Macomb,0-99,100-199,100-199
24409,0,50-5230,2019,7864,7793.5,70,45,24,3,Principal Arterial,3,Urban,Freeway/Prin. Art.,4,Macomb,0-99,0-99,0-99
24495,0,50-5230,2019,7864,7793.5,70,45,24,3,Principal Arterial,3,Urban,Freeway/Prin. Art.,4,Macomb,0-99,0-99,0-99
20575,0,50-5234,2019,19578,18813,765,471,216,4,Minor Arterial,3,Urban,Other Road,4,Macomb,200-499,200-499,500-999
20754,0,50-5235,2019,8237,7916,321,198,90,4,Minor Arterial,3,Urban,Other Road,4,Macomb,0-99,100-199,200-499
6366,0,50-5236,2019,5206,4998,208,130,57,5,Major Collector,4,Suburban,Other Road,4,Macomb,0-99,100-199,100-199
6412,0,50-5238,2018,3030,2959,70,37,34,5,Major Collector,5,Rural,Other Road,4,Macomb,0-99,0-99,0-99
5025,0,50-5245,2019,5153,4948,205,128,56,5,Major Collector,3,Urban,Other Road,4,Macomb,0-99,100-199,100-199
4646,0,50-5247,2019,10977,10548,429,264,121,4,Minor Arterial,3,Urban,Other Road,4,Macomb,100-199,200-499,200-499
4937,0,50-5249,2019,3193,3065,128,80,35,5,Major Collector,3,Urban,Other Road,4,Macomb,0-99,0-99,100-199
5650,0,50-5253,2019,4620,4434,186,116,52,5,Major Collector,4,Suburban,Other Road,4,Macomb,0-99,100-199,100-199
4880,0,50-5255,2018,6412.5,6332.5,79,39,40,3,Principal Arterial,4,Suburban,Freeway/Prin. Art.,4,Macomb,0-99,0-99,0-99
5551,0,50-5255,2018,6412.5,6332.5,79,39,40,3,Principal Arterial,4,Suburban,Freeway/Prin. Art.,4,Macomb,0-99,0-99,0-99
4853,1,50-5256,2018,28694.5,28033.5,661,392,224,3,Principal Arterial,4,Suburban,Freeway/Prin. Art.,4,Macomb,200-499,200-499,500-999
5672,1,50-5256,2018,28694.5,28033.5,661,392,224,3,Principal Arterial,4,Suburban,Freeway/Prin. Art.,4,Macomb,200-499,200-499,500-999
4016,1,50-5257,2018,31534.5,30673.5,861,473,370,3,Principal Arterial,4,Suburban,Freeway/Prin. Art.,4,Macomb,200-499,200-499,500-999
5732,1,50-5257,2018,31534.5,30673.5,861,473,370,3,Principal Arterial,4,Suburban,Freeway/Prin. Art.,4,Macomb,200-499,200-499,500-999
4990,1,50-5262,2019,46723.5,43408,3315,1083,2083,3,Principal Arterial,3,Urban,Freeway/Prin. Art.,4,Macomb,2000+,1000-1999,2000+
5841,1,50-5262,2019,46723.5,43408,3315,1083,2083,3,Principal Arterial,3,Urban,Freeway/Prin. Art.,4,Macomb,2000+,1000-1999,2000+
5964,1,50-5264,2019,20257.5,19234.5,1023,474,476,3,Principal Arterial,4,Suburban,Freeway/Prin. Art.,4,Macomb,200-499,200-499,500-999
34566,1,50-5264,2019,20257.5,19234.5,1023,474,476,3,Principal Arterial,4,Suburban,Freeway/Prin. Art.,4,Macomb,200-499,200-499,500-999
4224,1,50-5265,2019,22171.5,21131,1040,448,532,3,Principal Arterial,4,Suburban,Freeway/Prin. Art.,4,Macomb,500-999,200-499,500-999
5603,1,50-5265,2019,22171.5,21131,1040,448,532,3,Principal Arterial,4,Suburban,Freeway/Prin. Art.,4,Macomb,500-999,200-499,500-999
4298,1,50-5266,2019,19346,18079.5,1266,408,844,3,Principal Arterial,3,Urban,Freeway/Prin. Art.,4,Macomb,500-999,200-499,1000-1999
5533,1,50-5266,2019,19346,18079.5,1266,408,844,3,Principal Arterial,3,Urban,Freeway/Prin. Art.,4,Macomb,500-999,200-499,1000-1999
3903,0,50-5267,2019,18169,17461,708,436,199,4,Minor Arterial,4,Suburban,Other Road,4,Macomb,100-199,200-499,500-999
6004,0,50-5267,2019,18169,17461,708,436,199,4,Minor Arterial,4,Suburban,Other Road,4,Macomb,100-199,200-499,500-999
6928,0,50-5268,2019,8921,8572,349,214,99,4,Minor Arterial,4,Suburban,Other Road,4,Macomb,0-99,200-499,200-499
6517,0,50-5269,2019,5770,5539,231,144,64,5,Major Collector,5,Rural,Other Road,4,Macomb,0-99,100-199,200-499
6933,0,50-5270,2019,6920,6642,278,173,77,5,Major Collector,5,Rural,Other Road,4,Macomb,0-99,100-199,200-499
6545,0,50-5272,2018,1440,1414,25,10,11,4,Minor Arterial,4,Suburban,Other Road,4,Macomb,0-99,0-99,0-99
6039,0,50-5273,2019,4981,4781,200,125,55,5,Major Collector,5,Rural,Other Road,4,Macomb,0-99,100-199,100-199
19758,1,50-5277,2018,11070,10576,493,256,230,4,Minor Arterial,5,Rural,Other Road,4,Macomb,200-499,200-499,200-499
19742,0,50-5279,2018,5881,5756,124,77,48,5,Major Collector,5,Rural,Other Road,4,Macomb,0-99,0-99,100-199
19760,0,50-5280,2019,18276,17564,712,438,201,4,Minor Arterial,4,Suburban,Other Road,4,Macomb,200-499,200-499,500-999
19746,0,50-5285,2019,7974,7654,320,200,88,5,Major Collector,5,Rural,Other Road,4,Macomb,0-99,200-499,200-499
5906,0,50-5287,2019,3306,3175,131,82,36,5,Major Collector,4,Suburban,Other Road,4,Macomb,0-99,0-99,100-199
6885,1,50-5292,2018,28938,28309,629,250,77,3,Principal Arterial,4,Suburban,Freeway/Prin. Art.,4,Macomb,0-99,200-499,200-499
6198,1,50-5293,2018,20580,19752,827,323,477,4,Minor Arterial,4,Suburban,Other Road,4,Macomb,200-499,200-499,500-999
6274,0,50-5296,2019,7428,7140,288,177,81,4,Minor Arterial,5,Rural,Other Road,4,Macomb,0-99,100-199,200-499
6699,0,50-5297,2019,6237,5994,243,150,68,4,Minor Arterial,5,Rural,Other Road,4,Macomb,0-99,100-199,200-499
4895,1,50-5299,2019,27239,26699,540,339,77,4,Minor Arterial,3,Urban,Other Road,4,Macomb,0-99,200-499,200-499
4223,0,50-5300,2019,30950,29742,1208,743,341,4,Minor Arterial,4,Suburban,Other Road,4,Macomb,200-499,500-999,1000-1999
4178,0,50-5301,2019,17663,16973,690,424,195,4,Minor Arterial,3,Urban,Other Road,4,Macomb,100-199,200-499,500-999
4873,1,50-5302,2019,36401,35825,576,344,90,4,Minor Arterial,3,Urban,Other Road,4,Macomb,0-99,200-499,200-499
4800,0,50-5303,2019,20194,19406,788,485,222,4,Minor Arterial,4,Suburban,Other Road,4,Macomb,200-499,200-499,500-999
4822,0,50-5304,2019,13634,13100,534,328,151,4,Minor Arterial,4,Suburban,Other Road,4,Macomb,100-199,200-499,200-499
5806,0,50-5305,2019,8456,8127,329,203,92,4,Minor Arterial,4,Suburban,Other Road,4,Macomb,0-99,200-499,200-499
6657,0,50-5307,2018,4542,4440,101,59,42,5,Major Collector,4,Suburban,Other Road,4,Macomb,0-99,0-99,100-199
4165,0,50-5309,2018,14299.5,13928,371,185,129,3,Principal Arterial,4,Suburban,Freeway/Prin. Art.,4,Macomb,100-199,100-199,200-499
20030,0,50-5309,2018,14299.5,13928,371,185,129,3,Principal Arterial,4,Suburban,Freeway/Prin. Art.,4,Macomb,100-199,100-199,200-499
4928,1,50-5310,2018,20278,19634,643,192,400,3,Principal Arterial,4,Suburban,Freeway/Prin. Art.,4,Macomb,200-499,100-199,500-999
20027,1,50-5310,2018,20278,19634,643,192,400,3,Principal Arterial,4,Suburban,Freeway/Prin. Art.,4,Macomb,200-499,100-199,500-999
4465,1,50-5311,2018,33451,32836,615,300,154,3,Principal Arterial,4,Suburban,Freeway/Prin. Art.,4,Macomb,100-199,200-499,200-499
4577,1,50-5312,2018,40532,39633,899,465,215,3,Principal Arterial,3,Urban,Freeway/Prin. Art.,4,Macomb,200-499,200-499,500-999
4476,1,50-5313,2018,40255,39389,866,391,226,3,Principal Arterial,4,Suburban,Freeway/Prin. Art.,4,Macomb,200-499,200-499,500-999
5974,1,50-5315,2018,12398,12120,277,180,85,4,Minor Arterial,4,Suburban,Other Road,4,Macomb,0-99,100-199,200-499
4022,1,50-5316,2018,17355,16948,406,268,80,4,Minor Arterial,3,Urban,Other Road,4,Macomb,0-99,200-499,200-499
6025,1,50-5317,2018,19560.5,19230.5,330,163,68,3,Principal Arterial,4,Suburban,Freeway/Prin. Art.,4,Macomb,0-99,100-199,200-499
20039,1,50-5317,2018,19560.5,19230.5,330,163,68,3,Principal Arterial,4,Suburban,Freeway/Prin. Art.,4,Macomb,0-99,100-199,200-499
6726,0,50-5324,2019,1565,1503,62,38,18,4,Minor Arterial,4,Suburban,Other Road,4,Macomb,0-99,0-99,0-99
4261,1,50-5327,2018,13415,13072,342,249,91,3,Principal Arterial,4,Suburban,Freeway/Prin. Art.,4,Macomb,0-99,200-499,200-499
5928,0,50-5331,2019,7327,7042,285,176,80,4,Minor Arterial,3,Urban,Other Road,4,Macomb,0-99,100-199,200-499
5323,0,50-5332,2019,5473,5397,76,61,14,5,Major Collector,3,Urban,Other Road,4,Macomb,0-99,0-99,0-99
6387,0,50-5333,2019,4574,4389,185,115,52,5,Major Collector,3,Urban,Other Road,4,Macomb,0-99,100-199,100-199
5504,0,50-5335,2019,3594,3510,84,47,4,5,Major Collector,3,Urban,Other Road,4,Macomb,0-99,0-99,0-99
6127,1,50-5338,2019,12587,12351,236,154,80,3,Principal Arterial,3,Urban,Freeway/Prin. Art.,4,Macomb,0-99,100-199,200-499
6118,1,50-5339,2018,24296,23826,470,305,77,3,Principal Arterial,3,Urban,Freeway/Prin. Art.,4,Macomb,0-99,200-499,200-499
5734,0,50-5340,2019,17901,17202,699,430,197,4,Minor Arterial,4,Suburban,Other Road,4,Macomb,100-199,200-499,500-999
6035,0,50-5341,2019,9124,8760,364,228,100,5,Major Collector,3,Urban,Other Road,4,Macomb,100-199,200-499,200-499
24067,0,50-5342,2019,4869,4829,40,24,16,5,Major Collector,3,Urban,Other Road,4,Macomb,0-99,0-99,0-99
20228,0,50-5343,2019,23671,22747,924,568,261,4,Minor Arterial,4,Suburban,Other Road,4,Macomb,200-499,500-999,500-999
20520,0,50-5345,2019,35967,34563,1404,864,396,4,Minor Arterial,4,Suburban,Other Road,4,Macomb,200-499,500-999,1000-1999
19878,0,50-5346,2019,22738,21851,887,546,250,4,Minor Arterial,4,Suburban,Other Road,4,Macomb,200-499,500-999,500-999
5721,1,50-5348,2018,15809,15286,522,272,217,4,Minor Arterial,5,Rural,Other Road,4,Macomb,200-499,200-499,200-499
5604,0,50-5349,2019,12381,11899,482,297,135,4,Minor Arterial,4,Suburban,Other Road,4,Macomb,100-199,200-499,200-499
4509,0,50-5350,2019,7064,6789,275,170,77,4,Minor Arterial,4,Suburban,Other Road,4,Macomb,0-99,100-199,200-499
20364,1,50-5356,2018,7547,7402,144,80,66,4,Minor Arterial,5,Rural,Other Road,4,Macomb,0-99,0-99,100-199
4772,1,50-5357,2018,23569,22733,836,459,277,3,Principal Arterial,3,Urban,Freeway/Prin. Art.,4,Macomb,200-499,200-499,500-999
6320,0,50-5358,2019,7461,7171,290,179,81,4,Minor Arterial,4,Suburban,Other Road,4,Macomb,0-99,100-199,200-499
5134,0,50-5359,2019,10322,9920,402,248,113,4,Minor Arterial,4,Suburban,Other Road,4,Macomb,100-199,200-499,200-499
20409,0,50-5361,2019,7646,7348.5,297,183,84,4,Minor Arterial,3,Urban,Other Road,4,Macomb,0-99,100-199,200-499
20495,0,50-5361,2019,7646,7348.5,297,183,84,4,Minor Arterial,3,Urban,Other Road,4,Macomb,0-99,100-199,200-499
6266,0,50-5362,2019,17998,17296,702,432,198,4,Minor Arterial,3,Urban,Other Road,4,Macomb,100-199,200-499,500-999
6686,1,50-5363,2018,14661,14439,221,115,89,3,Principal Arterial,4,Suburban,Freeway/Prin. Art.,4,Macomb,0-99,100-199,200-499
5876,0,50-5367,2019,10558,10146,412,253,117,4,Minor Arterial,3,Urban,Other Road,4,Macomb,100-199,200-499,200-499
19307,0,50-5376,2019,618,592,26,16,8,5,Major Collector,3,Urban,Other Road,4,Macomb,0-99,0-99,0-99
20358,0,50-5381,2019,1168,1122,46,28,28,4,Minor Arterial,4,Suburban,Other Road,4,Macomb,0-99,0-99,0-99
20444,0,50-5382,2019,1073,1031,42,27,11,5,Major Collector,5,Rural,Other Road,4,Macomb,0-99,0-99,0-99
6453,0,50-5385,2019,18259,17547,712,438,201,4,Minor Arterial,3,Urban,Other Road,4,Macomb,200-499,200-499,500-999
5895,0,50-5389,2019,8288,7966,322,198,91,4,Minor Arterial,3,Urban,Other Road,4,Macomb,0-99,100-199,200-499
6400,0,50-5392,2019,23363,22454,909,560,256,4,Minor Arterial,3,Urban,Other Road,4,Macomb,200-499,500-999,500-999
20867,0,50-5394,2019,22126,21263,863,531,243,4,Minor Arterial,4,Suburban,Other Road,4,Macomb,200-499,500-999,500-999
4172,1,50-5398,2019,24906,24025,881,481,285,3,Principal Arterial,3,Urban,Freeway/Prin. Art.,4,Macomb,200-499,200-499,500-999
5009,1,50-5399,2019,17062,16252.5,809,322,482,3,Principal Arterial,3,Urban,Freeway/Prin. Art.,4,Macomb,200-499,200-499,500-999
6974,1,50-5399,2019,17062,16252.5,809,322,482,3,Principal Arterial,3,Urban,Freeway/Prin. Art.,4,Macomb,200-499,200-499,500-999
4231,0,50-5401,2018,15136,14924,212,134,50,3,Principal Arterial,4,Suburban,Freeway/Prin. Art.,4,Macomb,0-99,100-199,100-199
5562,0,50-5401,2018,15136,14924,212,134,50,3,Principal Arterial,4,Suburban,Freeway/Prin. Art.,4,Macomb,0-99,100-199,100-199
5810,0,50-5402,2019,12761,12263,498,306,141,4,Minor Arterial,4,Suburban,Other Road,4,Macomb,100-199,200-499,200-499
5602,0,50-5403,2018,6683,6571,112,73,11,4,Minor Arterial,4,Suburban,Other Road,4,Macomb,0-99,0-99,0-99
20674,0,50-5406,2019,7732,7430,302,186,85,4,Minor Arterial,4,Suburban,Other Road,4,Macomb,0-99,100-199,200-499
4927,0,50-5412,2019,9724,9345,379,233,106,4,Minor Arterial,4,Suburban,Other Road,4,Macomb,100-199,200-499,200-499
5622,0,50-5412,2019,9724,9345,379,233,106,4,Minor Arterial,4,Suburban,Other Road,4,Macomb,100-199,200-499,200-499
19580,1,50-5414,2018,7662.5,7387,275,146,126,4,Minor Arterial,4,Suburban,Other Road,4,Macomb,100-199,100-199,200-499
19584,1,50-5414,2018,7662.5,7387,275,146,126,4,Minor Arterial,4,Suburban,Other Road,4,Macomb,100-199,100-199,200-499
6031,0,50-5418,2019,1620,1554,66,41,19,5,Major Collector,4,Suburban,Other Road,4,Macomb,0-99,0-99,0-99
5412,0,50-5421,2019,273,257,16,13,1,5,Major Collector,4,Suburban,Other Road,4,Macomb,0-99,0-99,0-99
6723,0,50-5425,2019,3483,3346,137,87,36,5,Major Collector,3,Urban,Other Road,4,Macomb,0-99,0-99,100-199
6729,0,50-5427,2019,2221,2132,89,56,24,5,Major Collector,4,Suburban,Other Road,4,Macomb,0-99,0-99,0-99
5633,0,50-5429,2019,271,261,10,6,3,4,Minor Arterial,3,Urban,Other Road,4,Macomb,0-99,0-99,0-99
6781,0,50-5440,2019,6977,6697,280,175,77,5,Major Collector,3,Urban,Other Road,4,Macomb,0-99,100-199,200-499
6139,0,50-5443,2019,2093,2011,82,52,22,5,Major Collector,3,Urban,Other Road,4,Macomb,0-99,0-99,0-99
6288,0,50-5444,2019,5080,4878,202,127,55,5,Major Collector,3,Urban,Other Road,4,Macomb,0-99,100-199,100-199
20804,0,50-5447,2017,4408,4281,127,66,57,5,Major Collector,3,Urban,Other Road,4,Macomb,0-99,0-99,100-199
20687,0,50-5448,2017,599,572,27,13,13,5,Major Collector,3,Urban,Other Road,4,Macomb,0-99,0-99,0-99
20052,0,50-5449,2019,4992,4792,200,125,55,5,Major Collector,3,Urban,Other Road,4,Macomb,0-99,100-199,100-199
4312,0,50-5451,2019,8787,8435,352,220,97,5,Major Collector,3,Urban,Other Road,4,Macomb,0-99,200-499,200-499
20072,0,50-5453,2019,2844,2729,115,72,32,5,Major Collector,4,Suburban,Other Road,4,Macomb,0-99,0-99,100-199
5859,0,50-5455,2019,1810,1738,72,45,20,5,Major Collector,4,Suburban,Other Road,4,Macomb,0-99,0-99,0-99
6725,0,50-5456,2019,3307,3176,131,82,36,5,Major Collector,4,Suburban,Other Road,4,Macomb,0-99,0-99,100-199
6463,1,50-5457,2018,9143,8874,268,169,104,4,Minor Arterial,3,Urban,Other Road,4,Macomb,100-199,100-199,200-499
5110,0,50-5459,2019,11977,11509,468,288,132,4,Minor Arterial,3,Urban,Other Road,4,Macomb,100-199,200-499,200-499
5317,0,50-5465,2019,4779,4627,95,96,35,5,Major Collector,3,Urban,Other Road,4,Macomb,0-99,0-99,100-199
5566,0,50-5467,2018,18990,18477,513,304,171,4,Minor Arterial,3,Urban,Other Road,4,Macomb,100-199,200-499,200-499
5171,0,50-5468,2019,7895,7587,308,189,87,4,Minor Arterial,3,Urban,Other Road,4,Macomb,0-99,100-199,200-499
6369,0,50-5469,2019,19794,19022,772,475,218,4,Minor Arterial,3,Urban,Other Road,4,Macomb,200-499,200-499,500-999
6122,0,50-5472,2019,13668,13134,534,328,151,4,Minor Arterial,4,Suburban,Other Road,4,Macomb,100-199,200-499,200-499
5840,0,50-5473,2019,6518,6255,263,163,74,5,Major Collector,4,Suburban,Other Road,4,Macomb,0-99,100-199,200-499
37516,1,50-5477,2019,34085,31820,2265,893,1312,5,Major Collector,4,Suburban,Other Road,4,Macomb,1000-1999,500-999,2000+
20022,0,50-5478,2019,3673,3526.5,146,92,40,5,Major Collector,4,Suburban,Other Road,4,Macomb,0-99,0-99,100-199
20611,0,50-5478,2019,3673,3526.5,146,92,40,5,Major Collector,4,Suburban,Other Road,4,Macomb,0-99,0-99,100-199
5544,0,50-5481,2019,13388,12867,521,321,146,4,Minor Arterial,3,Urban,Other Road,4,Macomb,100-199,200-499,200-499
20801,0,50-5489,2019,1492,1435,57,37,14,5,Major Collector,3,Urban,Other Road,4,Macomb,0-99,0-99,0-99
5222,0,50-5493,2019,5468,5252,216,136,58,5,Major Collector,3,Urban,Other Road,4,Macomb,0-99,100-199,100-199
6549,0,50-5495,2019,4586,4529,57,46,11,5,Major Collector,3,Urban,Other Road,4,Macomb,0-99,0-99,0-99
6674,0,50-5496,2019,3542,3398,144,89,41,5,Major Collector,3,Urban,Other Road,4,Macomb,0-99,0-99,100-199
3917,0,50-5497,2019,1687,1621,53,42,18,5,Major Collector,3,Urban,Other Road,4,Macomb,0-99,0-99,0-99
6880,0,50-5498,2019,9372,8999,373,234,102,5,Major Collector,3,Urban,Other Road,4,Macomb,100-199,200-499,200-499
6512,0,50-5500,2019,8572,8236,336,207,95,4,Minor Arterial,3,Urban,Other Road,4,Macomb,0-99,200-499,200-499
6922,0,50-5501,2019,9454,9086,368,227,103,4,Minor Arterial,3,Urban,Other Road,4,Macomb,100-199,200-499,200-499
6204,0,50-5603,2019,20096,19654,442,261,141,4,Minor Arterial,4,Suburban,Other Road,4,Macomb,100-199,200-499,200-499
6434,0,50-7008,2017,25334,24838.5,495,0,0,3,Principal Arterial,3,Urban,Freeway/Prin. Art.,4,Macomb,0-99,0-99,0-99
4058,1,50-7097,2019,17150,16777,373,184,171,2,Other Freeway,3,Urban,Freeway/Prin. Art.,4,Macomb,100-199,100-199,200-499
19336,0,50-7125,2017,59958.5,58247,1711,1199,3357,1,Interstate Freeway,3,Urban,Interstate,4,Macomb,2000+,1000-1999,2000+
19377,0,50-7125,2017,59958.5,58247,1711,1199,3357,1,Interstate Freeway,3,Urban,Interstate,4,Macomb,2000+,1000-1999,2000+
19334,0,50-7144,2017,55960,54225,1735,951,2574,1,Interstate Freeway,3,Urban,Interstate,4,Macomb,2000+,500-999,2000+
19375,0,50-7144,2017,55960,54225,1735,951,2574,1,Interstate Freeway,3,Urban,Interstate,4,Macomb,2000+,500-999,2000+
6154,0,50-8047,2018,35909,34766.5,1493,364,368,2,Other Freeway,4,Suburban,Freeway/Prin. Art.,4,Macomb,200-499,200-499,500-999
6578,0,50-8047,2018,35909,34766.5,1493,364,368,2,Other Freeway,4,Suburban,Freeway/Prin. Art.,4,Macomb,200-499,200-499,500-999
5196,0,50-9706,2019,15342,14730,612,383,168,5,Major Collector,3,Urban,Other Road,4,Macomb,100-199,200-499,500-999
19340,0,50-9816,2017,76833.5,74134.5,2699,1537,4303,1,Interstate Freeway,3,Urban,Interstate,4,Macomb,2000+,1000-1999,2000+
19381,0,50-9816,2017,76833.5,74134.5,2699,1537,4303,1,Interstate Freeway,3,Urban,Interstate,4,Macomb,2000+,1000-1999,2000+
19337,0,50-9831,2017,51658.5,49550.5,2108,1033,2996,1,Interstate Freeway,3,Urban,Interstate,4,Macomb,2000+,1000-1999,2000+
19378,0,50-9831,2017,51658.5,49550.5,2108,1033,2996,1,Interstate Freeway,3,Urban,Interstate,4,Macomb,2000+,1000-1999,2000+
19345,0,50-9833,2017,89523.5,84681.5,4842,1790,5102,1,Interstate Freeway,3,Urban,Interstate,4,Macomb,2000+,1000-1999,2000+
19386,0,50-9833,2017,89523.5,84681.5,4842,1790,5102,1,Interstate Freeway,3,Urban,Interstate,4,Macomb,2000+,1000-1999,2000+
19338,0,50-9839,2019,62968.5,60701.5,2267,1007,1259,1,Interstate Freeway,3,Urban,Interstate,4,Macomb,1000-1999,1000-1999,2000+
19379,0,50-9839,2019,62968.5,60701.5,2267,1007,1259,1,Interstate Freeway,3,Urban,Interstate,4,Macomb,1000-1999,1000-1999,2000+
6620,0,50-9850,2019,31161.5,29759.5,1402,498,810,2,Other Freeway,4,Suburban,Freeway/Prin. Art.,4,Macomb,500-999,200-499,1000-1999
20323,0,50-9850,2019,31161.5,29759.5,1402,498,810,2,Other Freeway,4,Suburban,Freeway/Prin. Art.,4,Macomb,500-999,200-499,1000-1999
412,0,82-0030,2018,21405.5,20934.5,471,342,107,3,Principal Arterial,3,Urban,Freeway/Prin. Art.,3,Oakland,100-199,200-499,200-499
1238,1,82-0402,2019,17056,16623.5,432,307,104,3,Principal Arterial,3,Urban,Freeway/Prin. Art.,3,Oakland,100-199,200-499,200-499
1728,0,82-0029,2018,15678.5,15333.5,345,251,78,3,Principal Arterial,3,Urban,Freeway/Prin. Art.,3,Oakland,0-99,200-499,200-499
1852,1,82-0096,2018,40281,38909,1371,720,521,3,Principal Arterial,3,Urban,Freeway/Prin. Art.,3,Oakland,500-999,500-999,1000-1999
1885,0,82-0404,2018,19101.5,18681.5,420,305,95,3,Principal Arterial,3,Urban,Freeway/Prin. Art.,3,Oakland,0-99,200-499,200-499
3946,1,82-0033,2019,28963,27560,1403,707,550,3,Principal Arterial,3,Urban,Freeway/Prin. Art.,1,Detroit,500-999,500-999,1000-1999
4378,1,82-0034,2019,20013.5,19575,438,269,81,3,Principal Arterial,3,Urban,Freeway/Prin. Art.,4,Macomb,0-99,200-499,200-499
4494,1,82-0137,2019,20478,20030.5,447,212,69,3,Principal Arterial,3,Urban,Freeway/Prin. Art.,1,Detroit,0-99,200-499,200-499
4553,1,82-0032,2019,24897.5,23803,1094,548,484,3,Principal Arterial,3,Urban,Freeway/Prin. Art.,1,Detroit,200-499,500-999,1000-1999
4625,1,82-0034,2019,20013.5,19575,438,269,81,3,Principal Arterial,3,Urban,Freeway/Prin. Art.,1,Detroit,0-99,200-499,200-499
4627,1,82-0033,2019,28963,27560,1403,707,550,3,Principal Arterial,3,Urban,Freeway/Prin. Art.,4,Macomb,500-999,500-999,1000-1999
4914,1,82-0137,2019,20478,20030.5,447,212,69,3,Principal Arterial,3,Urban,Freeway/Prin. Art.,4,Macomb,0-99,200-499,200-499
4972,1,82-0032,2019,24897.5,23803,1094,548,484,3,Principal Arterial,3,Urban,Freeway/Prin. Art.,4,Macomb,200-499,500-999,1000-1999
10739,0,82-9969,2019,65832,62277,3555,592,2962,1,Interstate Freeway,3,Urban,Interstate,1,Detroit,2000+,500-999,2000+
10943,0,82-9419,2019,71586.5,65788,5798,1575,4223,1,Interstate Freeway,2,Urban Fringe,Interstate,1,Detroit,2000+,1000-1999,2000+
10977,0,82-8839,2019,47070,42692.5,4377,1035,3248,1,Interstate Freeway,4,Suburban,Interstate,2,Other Wayne,2000+,1000-1999,2000+
11457,0,82-9499,2019,70286,64312,5974,1757,4217,1,Interstate Freeway,3,Urban,Interstate,1,Detroit,2000+,1000-1999,2000+
11532,0,82-9489,2019,60734.5,54114,6620,1761,4859,1,Interstate Freeway,3,Urban,Interstate,1,Detroit,2000+,1000-1999,2000+
11599,0,82-6092,2017,2083,2003,80,42,36,5,Major Collector,3,Urban,Other Road,1,Detroit,0-99,0-99,0-99
11602,0,82-6152,2017,2478,2394,84,44,38,5,Major Collector,3,Urban,Other Road,1,Detroit,0-99,0-99,0-99
11606,0,82-2309,2017,2049,1970,79,41,36,5,Major Collector,3,Urban,Other Road,1,Detroit,0-99,0-99,0-99
11610,0,82-2308,2017,1268,1206,62,32,29,5,Major Collector,3,Urban,Other Road,1,Detroit,0-99,0-99,0-99
11615,0,82-2307,2017,2870,2773,97,49,45,5,Major Collector,3,Urban,Other Road,1,Detroit,0-99,0-99,0-99
11628,0,82-0909,2017,10647,10400,247,129,107,5,Major Collector,1,Urban Business,Other Road,1,Detroit,100-199,100-199,200-499
11629,0,82-1277,2017,9901,9672,229,119,100,5,Major Collector,1,Urban Business,Other Road,1,Detroit,100-199,100-199,200-499
11668,0,82-2306,2019,3113,3081,32,24,6,5,Major Collector,3,Urban,Other Road,1,Detroit,0-99,0-99,0-99
11675,0,82-6149,2017,8021,7829,192,96,88,5,Major Collector,3,Urban,Other Road,1,Detroit,0-99,0-99,100-199
11677,0,82-5831,2017,7876,7685,191,95,88,5,Major Collector,3,Urban,Other Road,1,Detroit,0-99,0-99,100-199
11680,0,82-5830,2017,10845,10551,294,173,110,4,Minor Arterial,3,Urban,Other Road,1,Detroit,100-199,100-199,200-499
11683,0,82-1176,2017,8734,8472,262,157,96,4,Minor Arterial,3,Urban,Other Road,1,Detroit,0-99,100-199,200-499
11686,0,82-5829,2017,3423,3322,101,54,44,5,Major Collector,3,Urban,Other Road,1,Detroit,0-99,0-99,0-99
11698,0,82-1384,2017,10276,9989,287,164,113,4,Minor Arterial,3,Urban,Other Road,1,Detroit,100-199,100-199,200-499
11706,0,82-6053,2017,6454,5952,502,187,276,3,Principal Arterial,1,Urban Business,Freeway/Prin. Art.,1,Detroit,200-499,100-199,200-499
11710,0,82-5227,2019,13909,12266,1643,138,23,3,Principal Arterial,1,Urban Business,Freeway/Prin. Art.,1,Detroit,0-99,100-199,100-199
11722,1,82-7605,2018,14380,13354,1025,336,338,3,Principal Arterial,3,Urban,Freeway/Prin. Art.,1,Detroit,200-499,200-499,500-999
11733,1,82-3028,2018,8712.5,8060.5,651,256,265,3,Principal Arterial,3,Urban,Freeway/Prin. Art.,1,Detroit,200-499,200-499,500-999
11734,0,82-7445,2018,19245,17821,1424,558,577,3,Principal Arterial,3,Urban,Freeway/Prin. Art.,1,Detroit,500-999,500-999,1000-1999
11752,1,82-2765,2018,27259,26194,1064,375,351,3,Principal Arterial,2,Urban Fringe,Freeway/Prin. Art.,2,Other Wayne,200-499,200-499,500-999
11755,0,82-2686,2019,21103.666667,20428,675,253,169,3,Principal Arterial,2,Urban Fringe,Freeway/Prin. Art.,2,Other Wayne,100-199,200-499,200-499
11756,0,82-2655,2019,21102,20427,675,253,169,3,Principal Arterial,2,Urban Fringe,Freeway/Prin. Art.,2,Other Wayne,100-199,200-499,200-499
11772,0,82-1477,2017,5464,5316,148,87,55,4,Minor Arterial,3,Urban,Other Road,2,Other Wayne,0-99,0-99,100-199
11775,0,82-1771,2017,23779,23279,500,285,191,4,Minor Arterial,3,Urban,Other Road,2,Other Wayne,100-199,200-499,200-499
11821,0,82-0081,2019,28704.5,28303,401,229,172,3,Principal Arterial,3,Urban,Freeway/Prin. Art.,2,Other Wayne,100-199,200-499,200-499
11831,0,82-0018,2019,23389.5,22501,888,421,397,3,Principal Arterial,3,Urban,Freeway/Prin. Art.,2,Other Wayne,200-499,200-499,500-999
11837,0,82-7077,2019,20941,20145,796,377,356,3,Principal Arterial,3,Urban,Freeway/Prin. Art.,2,Other Wayne,200-499,200-499,500-999
11842,0,82-0017,2019,23329.5,22443,886,420,396,3,Principal Arterial,3,Urban,Freeway/Prin. Art.,2,Other Wayne,200-499,200-499,500-999
11848,0,82-0176,2019,25467,24499,968,458,433,3,Principal Arterial,3,Urban,Freeway/Prin. Art.,2,Other Wayne,200-499,200-499,500-999
11858,0,82-0051,2019,24252.5,23330.5,922,436,412,3,Principal Arterial,3,Urban,Freeway/Prin. Art.,2,Other Wayne,200-499,200-499,500-999
11862,1,82-7061,2019,34235,32927.5,1307,607,593,3,Principal Arterial,3,Urban,Freeway/Prin. Art.,2,Other Wayne,500-999,500-999,1000-1999
11863,0,82-0015,2019,28316,27240,1076,509,481,3,Principal Arterial,4,Suburban,Freeway/Prin. Art.,2,Other Wayne,200-499,500-999,500-999
11867,0,82-0518,2018,34592.5,33001,1591,519,1072,3,Principal Arterial,4,Suburban,Freeway/Prin. Art.,2,Other Wayne,1000-1999,500-999,1000-1999
11870,0,82-0013,2018,34813.5,33212.5,1601,522,1079,3,Principal Arterial,4,Suburban,Freeway/Prin. Art.,2,Other Wayne,1000-1999,500-999,1000-1999
11880,0,82-4050,2018,25276.5,24114,1162,379,783,3,Principal Arterial,4,Suburban,Freeway/Prin. Art.,2,Other Wayne,500-999,200-499,1000-1999
11881,0,82-0075,2018,22441,21409,1032,336,695,3,Principal Arterial,4,Suburban,Freeway/Prin. Art.,2,Other Wayne,500-999,200-499,1000-1999
11913,0,82-0039,2019,10978,10549,429,264,121,4,Minor Arterial,3,Urban,Other Road,1,Detroit,100-199,200-499,200-499
11920,0,82-9109,2019,48247,45400.5,2846,675,2171,2,Other Freeway,2,Urban Fringe,Freeway/Prin. Art.,1,Detroit,2000+,500-999,2000+
11923,1,82-1830,2019,18391,18024,367,247,115,3,Principal Arterial,3,Urban,Freeway/Prin. Art.,2,Other Wayne,100-199,200-499,200-499
11930,0,82-6422,2017,4662,4525,137,70,62,5,Major Collector,4,Suburban,Other Road,2,Other Wayne,0-99,0-99,100-199
11951,1,82-5859,2017,5375,5161,213,94,88,4,Minor Arterial,3,Urban,Other Road,1,Detroit,0-99,0-99,100-199
11980,1,82-6106,2018,3081,2918,162,84,70,4,Minor Arterial,3,Urban,Other Road,1,Detroit,0-99,0-99,100-199
11981,0,82-5814,2018,345,238,106,28,81,5,Major Collector,3,Urban,Other Road,1,Detroit,0-99,0-99,100-199
12003,0,82-5811,2017,6768,6551,217,135,75,4,Minor Arterial,3,Urban,Other Road,1,Detroit,0-99,100-199,200-499
12015,0,82-1774,2017,5839.5,5687.5,152,87,58,4,Minor Arterial,2,Urban Fringe,Other Road,2,Other Wayne,0-99,0-99,100-199
12024,1,82-1628,2019,9543.5,9272.5,271,155,63,3,Principal Arterial,3,Urban,Freeway/Prin. Art.,1,Detroit,0-99,100-199,200-499
12047,0,82-5903,2018,282,273,8,9,4,4,Minor Arterial,3,Urban,Other Road,1,Detroit,0-99,0-99,0-99
12055,0,82-5963,2019,176,144,32,23,3,4,Minor Arterial,1,Urban Business,Other Road,1,Detroit,0-99,0-99,0-99
12065,0,82-5962,2019,1750,1671,79,30,4,4,Minor Arterial,1,Urban Business,Other Road,1,Detroit,0-99,0-99,0-99
12068,0,82-5983,2018,1288,1234,53,36,17,4,Minor Arterial,3,Urban,Other Road,1,Detroit,0-99,0-99,0-99
12089,0,82-1243,2017,5348,5152,196,117,74,4,Minor Arterial,3,Urban,Other Road,1,Detroit,0-99,100-199,100-199
12112,0,82-5857,2019,1053,1029,24,18,5,4,Minor Arterial,3,Urban,Other Road,1,Detroit,0-99,0-99,0-99
12116,0,82-2325,2017,973,927,46,24,21,5,Major Collector,3,Urban,Other Road,1,Detroit,0-99,0-99,0-99
12119,0,82-5006,2019,12999,12479,520,325,143,5,Major Collector,3,Urban,Other Road,1,Detroit,100-199,200-499,200-499
12130,0,82-2312,2017,695,664,31,17,13,5,Major Collector,3,Urban,Other Road,1,Detroit,0-99,0-99,0-99
12138,1,82-6159,2019,3660,3295,365,126,192,3,Principal Arterial,3,Urban,Freeway/Prin. Art.,1,Detroit,100-199,100-199,200-499
12149,0,82-9959,2019,57385.5,53196.5,4189,1205,2984,1,Interstate Freeway,2,Urban Fringe,Interstate,1,Detroit,2000+,1000-1999,2000+
12176,1,82-1229,2019,19601,18442.5,1158,416,714,3,Principal Arterial,4,Suburban,Freeway/Prin. Art.,2,Other Wayne,500-999,200-499,1000-1999
12181,1,82-6158,2017,4250,4107,142,67,56,4,Minor Arterial,3,Urban,Other Road,1,Detroit,0-99,0-99,100-199
12193,0,82-5928,2017,7443,7267,176,89,80,5,Major Collector,1,Urban Business,Other Road,1,Detroit,0-99,0-99,100-199
12194,0,82-5929,2017,5022,4832,190,115,70,4,Minor Arterial,1,Urban Business,Other Road,1,Detroit,0-99,100-199,100-199
12200,0,82-5875,2018,1352,1328,23,21,3,4,Minor Arterial,3,Urban,Other Road,1,Detroit,0-99,0-99,0-99
12202,0,82-1701,2019,13530,13001,529,325,150,4,Minor Arterial,3,Urban,Other Road,1,Detroit,100-199,200-499,200-499
12205,0,82-5856,2019,1932,1867,65,43,21,4,Minor Arterial,3,Urban,Other Road,1,Detroit,0-99,0-99,0-99
12217,0,82-2328,2017,949,910.5,38,20,17,5,Major Collector,3,Urban,Other Road,1,Detroit,0-99,0-99,0-99
12218,1,82-2329,2019,8714,7997,717,207,505,5,Major Collector,3,Urban,Other Road,1,Detroit,500-999,200-499,500-999
12227,0,82-2332,2017,4246,4124,122,63,55,5,Major Collector,3,Urban,Other Road,1,Detroit,0-99,0-99,100-199
12228,0,82-2333,2017,1264,1203,61,32,28,5,Major Collector,3,Urban,Other Road,1,Detroit,0-99,0-99,0-99
12232,0,82-1227,2017,4812,4625,187,115,67,4,Minor Arterial,4,Suburban,Other Road,2,Other Wayne,0-99,100-199,100-199
12244,0,82-1705,2017,6115,5908,207,128,73,4,Minor Arterial,2,Urban Fringe,Other Road,1,Detroit,0-99,100-199,200-499
12253,0,82-6156,2017,6900,6685,215,131,77,4,Minor Arterial,3,Urban,Other Road,1,Detroit,0-99,100-199,200-499
12256,0,82-2311,2017,6075,5869,206,128,72,4,Minor Arterial,3,Urban,Other Road,1,Detroit,0-99,100-199,200-499
12260,0,82-5920,2019,2405,2255,150,44,16,3,Principal Arterial,3,Urban,Freeway/Prin. Art.,1,Detroit,0-99,0-99,0-99
12264,0,82-5919,2019,2077,1956,121,28,2,3,Principal Arterial,3,Urban,Freeway/Prin. Art.,1,Detroit,0-99,0-99,0-99
12266,0,82-1426,2019,9750,9369,381,234,108,4,Minor Arterial,3,Urban,Other Road,1,Detroit,100-199,200-499,200-499
12269,0,82-5918,2019,1344,1256,88,47,10,3,Principal Arterial,3,Urban,Freeway/Prin. Art.,1,Detroit,0-99,0-99,0-99
12279,0,82-5906,2019,3182,3075,107,56,49,3,Principal Arterial,3,Urban,Freeway/Prin. Art.,1,Detroit,0-99,0-99,100-199
12296,0,82-5003,2019,7040,6766,274,169,77,4,Minor Arterial,3,Urban,Other Road,1,Detroit,0-99,100-199,200-499
12298,1,82-6262,2019,6130,5346,784,607,81,4,Minor Arterial,1,Urban Business,Other Road,1,Detroit,0-99,500-999,500-999
12306,1,82-0554,2019,10173,9282.5,890,197,689,2,Other Freeway,4,Suburban,Freeway/Prin. Art.,2,Other Wayne,500-999,100-199,500-999
12328,1,82-5835,2017,13772.5,12481.5,1290,327,909,3,Principal Arterial,3,Urban,Freeway/Prin. Art.,1,Detroit,500-999,200-499,1000-1999
12368,0,82-3334,2019,11880,11523,357,131,36,3,Principal Arterial,2,Urban Fringe,Freeway/Prin. Art.,1,Detroit,0-99,100-199,100-199
12373,0,82-0836,2019,13609,13194,415,134,34,3,Principal Arterial,2,Urban Fringe,Freeway/Prin. Art.,1,Detroit,0-99,100-199,100-199
12421,0,82-2327,2017,5176,5036,140,67,68,5,Major Collector,3,Urban,Other Road,1,Detroit,0-99,0-99,100-199
12462,0,82-0835,2019,7992,7752,240,88,24,3,Principal Arterial,3,Urban,Freeway/Prin. Art.,1,Detroit,0-99,0-99,100-199
12470,0,82-5887,2019,1851,1760.5,90,37,20,3,Principal Arterial,3,Urban,Freeway/Prin. Art.,1,Detroit,0-99,0-99,0-99
12486,0,82-2324,2017,1449,1384,65,35,29,5,Major Collector,3,Urban,Other Road,1,Detroit,0-99,0-99,0-99
12491,1,82-5837,2018,11074,10693,380,174,177,3,Principal Arterial,3,Urban,Freeway/Prin. Art.,1,Detroit,100-199,100-199,200-499
12492,0,82-1541,2019,4285,4216,69,49,11,3,Principal Arterial,3,Urban,Freeway/Prin. Art.,1,Detroit,0-99,0-99,0-99
12510,1,82-1228,2019,16665.5,16209,456,195,195,3,Principal Arterial,4,Suburban,Freeway/Prin. Art.,2,Other Wayne,100-199,100-199,200-499
12524,1,82-1230,2018,24061,22482,1579,594,811,3,Principal Arterial,4,Suburban,Freeway/Prin. Art.,2,Other Wayne,500-999,500-999,1000-1999
12538,1,82-5944,2017,4164,3797,366,150,81,3,Principal Arterial,1,Urban Business,Freeway/Prin. Art.,1,Detroit,0-99,100-199,200-499
12553,0,82-1189,2017,3956,3789,167,103,60,4,Minor Arterial,3,Urban,Other Road,1,Detroit,0-99,100-199,100-199
12570,0,82-2326,2017,2292,2211,81,44,35,5,Major Collector,3,Urban,Other Road,1,Detroit,0-99,0-99,0-99
12572,0,82-6137,2017,4875,4684,191,117,69,4,Minor Arterial,3,Urban,Other Road,1,Detroit,0-99,100-199,100-199
12590,0,82-5943,2019,3529,3292,237,171,24,3,Principal Arterial,1,Urban Business,Freeway/Prin. Art.,1,Detroit,0-99,100-199,100-199
12592,0,82-5942,2019,1322,1280,42,34,7,3,Principal Arterial,1,Urban Business,Freeway/Prin. Art.,1,Detroit,0-99,0-99,0-99
12596,0,82-2318,2017,4877,4739,138,68,65,5,Major Collector,3,Urban,Other Road,1,Detroit,0-99,0-99,100-199
12637,0,82-3041,2017,1997.5,1911.5,86,52,32,4,Minor Arterial,3,Urban,Other Road,1,Detroit,0-99,0-99,0-99
12638,0,82-1116,2019,2172,2043,129,104,13,5,Major Collector,3,Urban,Other Road,1,Detroit,0-99,100-199,100-199
12659,0,82-1841,2018,3114,3092.5,21,15,7,4,Minor Arterial,3,Urban,Other Road,1,Detroit,0-99,0-99,0-99
12672,0,82-6179,2018,4621,4294,326,247,40,3,Principal Arterial,3,Urban,Freeway/Prin. Art.,1,Detroit,0-99,200-499,200-499
12683,0,82-0882,2019,12709,12332,377,148,43,3,Principal Arterial,3,Urban,Freeway/Prin. Art.,1,Detroit,0-99,100-199,100-199
12687,0,82-1437,2017,16033,15665,368,208,144,4,Minor Arterial,3,Urban,Other Road,2,Other Wayne,100-199,200-499,200-499
12763,1,82-6142,2018,3345,3159,185,128,59,5,Major Collector,3,Urban,Other Road,1,Detroit,0-99,100-199,100-199
12796,0,82-1730,2017,4452.5,4323,129,75,49,4,Minor Arterial,2,Urban Fringe,Other Road,1,Detroit,0-99,0-99,100-199
12802,0,82-3360,2019,15147,14769,378,152,45,3,Principal Arterial,3,Urban,Freeway/Prin. Art.,1,Detroit,0-99,100-199,100-199
12837,0,82-5902,2017,7788,7553,235,141,86,4,Minor Arterial,3,Urban,Other Road,1,Detroit,0-99,100-199,200-499
12838,1,82-5855,2017,3592,3166,425,128,302,4,Minor Arterial,3,Urban,Other Road,1,Detroit,200-499,100-199,200-499
12850,0,82-5847,2019,4930,4737,193,118,55,4,Minor Arterial,3,Urban,Other Road,1,Detroit,0-99,100-199,100-199
12853,0,82-1408,2017,12835,12512,323,193,117,4,Minor Arterial,3,Urban,Other Road,1,Detroit,100-199,100-199,200-499
12894,1,82-7306,2019,19653,19272,381,145,68,3,Principal Arterial,3,Urban,Freeway/Prin. Art.,1,Detroit,0-99,100-199,200-499
12897,0,82-9959,2019,57385.5,53196.5,4189,1205,2984,1,Interstate Freeway,2,Urban Fringe,Interstate,1,Detroit,2000+,1000-1999,2000+
12905,0,82-6150,2017,2173,2091,82,49,31,4,Minor Arterial,3,Urban,Other Road,1,Detroit,0-99,0-99,0-99
12924,0,82-6084,2017,2850.5,2786.5,63,37,23,3,Principal Arterial,3,Urban,Freeway/Prin. Art.,1,Detroit,0-99,0-99,0-99
12936,0,82-5848,2017,4219,4042,177,110,63,4,Minor Arterial,3,Urban,Other Road,1,Detroit,0-99,100-199,100-199
12963,0,82-1001,2017,14272,11944.5,2327,342,4367,1,Interstate Freeway,3,Urban,Interstate,1,Detroit,2000+,200-499,2000+
13000,0,82-1512,2017,3049,2928,121,73,45,4,Minor Arterial,1,Urban Business,Other Road,1,Detroit,0-99,0-99,100-199
13010,0,82-5901,2017,7215,6992,223,137,79,4,Minor Arterial,3,Urban,Other Road,1,Detroit,0-99,100-199,200-499
13034,0,82-1001,2017,14272,11944.5,2327,342,4367,1,Interstate Freeway,3,Urban,Interstate,1,Detroit,2000+,200-499,2000+
13051,0,82-1394,2017,2987,2867,120,72,45,4,Minor Arterial,3,Urban,Other Road,1,Detroit,0-99,0-99,100-199
13077,1,82-6110,2019,2414,2210.5,203,106,73,4,Minor Arterial,3,Urban,Other Road,1,Detroit,0-99,100-199,100-199
13078,1,82-7265,2019,22785,21041,1744,603,962,3,Principal Arterial,3,Urban,Freeway/Prin. Art.,1,Detroit,500-999,500-999,1000-1999
13085,0,82-7344,2019,16854,15573,1281,438,708,3,Principal Arterial,3,Urban,Freeway/Prin. Art.,1,Detroit,500-999,200-499,1000-1999
13099,0,82-9109,2019,48247,45400.5,2846,675,2171,2,Other Freeway,2,Urban Fringe,Freeway/Prin. Art.,1,Detroit,2000+,500-999,2000+
13112,0,82-1269,2017,6967,6792.5,174,104,63,4,Minor Arterial,3,Urban,Other Road,1,Detroit,0-99,100-199,100-199
13119,1,82-7341,2019,9594,9123,471,176,131,3,Principal Arterial,3,Urban,Freeway/Prin. Art.,1,Detroit,100-199,100-199,200-499
13133,0,82-2320,2019,269,254,15,7,8,5,Major Collector,3,Urban,Other Road,1,Detroit,0-99,0-99,0-99
13136,0,82-6128,2017,7748,7562,186,93,85,5,Major Collector,1,Urban Business,Other Road,1,Detroit,0-99,0-99,100-199
13137,1,82-2545,2019,4734,3907,827,353,443,3,Principal Arterial,3,Urban,Freeway/Prin. Art.,1,Detroit,200-499,200-499,500-999
13147,0,82-2645,2017,28121,26829,1292,478,730,3,Principal Arterial,3,Urban,Freeway/Prin. Art.,1,Detroit,500-999,200-499,1000-1999
13182,1,82-5813,2019,6415,5348,1067,468,593,3,Principal Arterial,3,Urban,Freeway/Prin. Art.,1,Detroit,500-999,200-499,1000-1999
13191,1,82-0554,2019,10173,9282.5,890,197,689,2,Other Freeway,4,Suburban,Freeway/Prin. Art.,2,Other Wayne,500-999,100-199,500-999
13203,0,82-5893,2019,2087.5,2025.5,62,36,6,4,Minor Arterial,3,Urban,Other Road,1,Detroit,0-99,0-99,0-99
13211,0,82-1774,2017,5839.5,5687.5,152,87,58,4,Minor Arterial,2,Urban Fringe,Other Road,2,Other Wayne,0-99,0-99,100-199
13214,1,82-4922,2019,5167,4105,1062,309,727,4,Minor Arterial,3,Urban,Other Road,1,Detroit,500-999,200-499,1000-1999
13217,0,82-0916,2017,820,781,39,20,18,5,Major Collector,1,Urban Business,Other Road,1,Detroit,0-99,0-99,0-99
13237,0,82-6141,2019,12266,11777,489,306,134,5,Major Collector,3,Urban,Other Road,1,Detroit,100-199,200-499,200-499
13309,0,82-5840,2019,1841.5,1787.5,54,35,14,3,Principal Arterial,3,Urban,Freeway/Prin. Art.,1,Detroit,0-99,0-99,0-99
13325,0,82-1161,2017,2049,1970,79,41,36,5,Major Collector,3,Urban,Other Road,1,Detroit,0-99,0-99,0-99
13329,0,82-1457,2017,3789,3679,110,57,49,5,Major Collector,3,Urban,Other Road,1,Detroit,0-99,0-99,100-199
13335,0,82-1226,2017,1729,1702,26,8,21,5,Major Collector,3,Urban,Other Road,1,Detroit,0-99,0-99,0-99
13338,0,82-2334,2017,1290,1227,63,34,28,5,Major Collector,3,Urban,Other Road,1,Detroit,0-99,0-99,0-99
13351,0,82-5890,2019,939,861.5,77,41,10,4,Minor Arterial,3,Urban,Other Road,1,Detroit,0-99,0-99,0-99
13357,0,82-5889,2018,2051,1957,93,56,8,4,Minor Arterial,3,Urban,Other Road,1,Detroit,0-99,0-99,0-99
13358,1,82-1439,2019,20762,19917,845,357,384,3,Principal Arterial,3,Urban,Freeway/Prin. Art.,2,Other Wayne,200-499,200-499,500-999
13381,0,82-5893,2019,2087.5,2025.5,62,36,6,4,Minor Arterial,3,Urban,Other Road,1,Detroit,0-99,0-99,0-99
13413,0,82-7372,2019,6751,6432,319,149,156,3,Principal Arterial,3,Urban,Freeway/Prin. Art.,1,Detroit,100-199,100-199,200-499
13439,1,82-7692,2019,8048,6905,1143,393,633,3,Principal Arterial,3,Urban,Freeway/Prin. Art.,1,Detroit,500-999,200-499,1000-1999
13487,0,82-1187,2019,6450,6199,251,155,70,4,Minor Arterial,3,Urban,Other Road,1,Detroit,0-99,100-199,200-499
13494,0,82-2342,2017,744,712,32,17,14,5,Major Collector,3,Urban,Other Road,1,Detroit,0-99,0-99,0-99
13502,0,82-2341,2019,1061,1003,58,34,3,5,Major Collector,3,Urban,Other Road,1,Detroit,0-99,0-99,0-99
13525,0,82-1382,2018,8158,8049,108,70,22,3,Principal Arterial,3,Urban,Freeway/Prin. Art.,1,Detroit,0-99,0-99,0-99
13528,1,82-1875,2017,7001,6819,181,70,90,3,Principal Arterial,3,Urban,Freeway/Prin. Art.,1,Detroit,0-99,0-99,100-199
13531,1,82-5908,2018,7352,7065,286,111,165,3,Principal Arterial,3,Urban,Freeway/Prin. Art.,1,Detroit,100-199,100-199,200-499
13537,0,82-1225,2019,6572,6399,173,89,18,3,Principal Arterial,3,Urban,Freeway/Prin. Art.,1,Detroit,0-99,0-99,100-199
13548,1,82-5907,2018,3328,3207,120,53,63,3,Principal Arterial,3,Urban,Freeway/Prin. Art.,1,Detroit,0-99,0-99,100-199
13564,0,82-1844,2019,8255.5,8112.5,143,42,7,4,Minor Arterial,3,Urban,Other Road,1,Detroit,0-99,0-99,0-99
13587,0,82-6123,2018,2007,1953,54,32,18,4,Minor Arterial,3,Urban,Other Road,1,Detroit,0-99,0-99,0-99
13597,0,82-2338,2017,4026,3910,116,60,52,5,Major Collector,3,Urban,Other Road,1,Detroit,0-99,0-99,100-199
13601,0,82-7347,2019,5575,5447,128,50,17,3,Principal Arterial,3,Urban,Freeway/Prin. Art.,1,Detroit,0-99,0-99,0-99
13615,0,82-5926,2018,5312,5169,143,85,47,4,Minor Arterial,1,Urban Business,Other Road,1,Detroit,0-99,0-99,100-199
13619,0,82-2337,2018,224,219,5,3,2,5,Major Collector,1,Urban Business,Other Road,1,Detroit,0-99,0-99,0-99
13622,0,82-6202,2017,825,798,27,17,9,4,Minor Arterial,1,Urban Business,Other Road,1,Detroit,0-99,0-99,0-99
13636,0,82-6057,2019,1129,1110,19,12,5,5,Major Collector,1,Urban Business,Other Road,1,Detroit,0-99,0-99,0-99
13637,0,82-6056,2017,3471,3369,102,55,44,5,Major Collector,1,Urban Business,Other Road,1,Detroit,0-99,0-99,0-99
13657,1,82-5805,2018,10094,9675,418,203,177,3,Principal Arterial,3,Urban,Freeway/Prin. Art.,1,Detroit,100-199,200-499,200-499
13674,0,82-1247,2017,4710,4370,340,123,193,3,Principal Arterial,3,Urban,Freeway/Prin. Art.,1,Detroit,100-199,100-199,200-499
13684,0,82-1435,2017,4913,4725,188,113,70,4,Minor Arterial,3,Urban,Other Road,1,Detroit,0-99,100-199,100-199
13699,0,82-1374,2017,6098.5,5946.5,152,91,54,4,Minor Arterial,3,Urban,Other Road,1,Detroit,0-99,0-99,100-199
13702,0,82-9969,2019,65832,62277,3555,592,2962,1,Interstate Freeway,3,Urban,Interstate,1,Detroit,2000+,500-999,2000+
13718,1,82-5973,2019,4603,4221,382,268,61,4,Minor Arterial,1,Urban Business,Other Road,1,Detroit,0-99,200-499,200-499
13754,0,82-1372,2017,6309,6101,208,126,76,4,Minor Arterial,1,Urban Business,Other Road,1,Detroit,0-99,100-199,200-499
13773,0,82-5958,2017,6373.5,5960,413,153,228,3,Principal Arterial,1,Urban Business,Freeway/Prin. Art.,1,Detroit,200-499,100-199,200-499
13800,1,82-6025,2019,6584,6252,332,166,124,4,Minor Arterial,3,Urban,Other Road,1,Detroit,100-199,100-199,200-499
13802,0,82-1196,2017,6611,6399,212,132,73,4,Minor Arterial,3,Urban,Other Road,1,Detroit,0-99,100-199,200-499
13805,0,82-5820,2018,4136,3972,163,104,49,3,Principal Arterial,3,Urban,Freeway/Prin. Art.,1,Detroit,0-99,100-199,100-199
13807,1,82-5807,2019,12460,11821,639,146,361,3,Principal Arterial,3,Urban,Freeway/Prin. Art.,1,Detroit,200-499,100-199,500-999
13821,0,82-5956,2019,6368,6088,280,117,14,3,Principal Arterial,1,Urban Business,Freeway/Prin. Art.,1,Detroit,0-99,100-199,100-199
13830,0,82-5954,2019,7045,6834,211,79,15,3,Principal Arterial,1,Urban Business,Freeway/Prin. Art.,1,Detroit,0-99,0-99,0-99
13833,0,82-2349,2017,4465,4338,127,66,57,5,Major Collector,3,Urban,Other Road,1,Detroit,0-99,0-99,100-199
13855,0,82-2358,2017,1036,988,48,25,22,5,Major Collector,3,Urban,Other Road,1,Detroit,0-99,0-99,0-99
13868,1,82-7749,2019,10018,9551,467,228,218,3,Principal Arterial,3,Urban,Freeway/Prin. Art.,1,Detroit,200-499,200-499,200-499
13896,0,82-1251,2017,2320,2237,83,44,37,5,Major Collector,3,Urban,Other Road,1,Detroit,0-99,0-99,0-99
13899,0,82-2347,2017,3101,2998,103,50,50,5,Major Collector,3,Urban,Other Road,1,Detroit,0-99,0-99,100-199
13905,1,82-1193,2019,15718,13928,1790,369,1334,3,Principal Arterial,3,Urban,Freeway/Prin. Art.,1,Detroit,1000-1999,200-499,1000-1999
13913,0,82-6500,2017,233,223,9,7,4,5,Major Collector,3,Urban,Other Road,1,Detroit,0-99,0-99,0-99
13928,0,82-2363,2017,3122,3019,103,50,50,5,Major Collector,3,Urban,Other Road,1,Detroit,0-99,0-99,100-199
13979,0,82-6125,2017,3971,3799,172,104,64,4,Minor Arterial,3,Urban,Other Road,1,Detroit,0-99,100-199,100-199
13988,1,82-1082,2019,17895,15530,2365,499,1743,3,Principal Arterial,3,Urban,Freeway/Prin. Art.,1,Detroit,1000-1999,200-499,2000+
14007,0,82-9499,2019,70286,64312,5974,1757,4217,1,Interstate Freeway,3,Urban,Interstate,1,Detroit,2000+,1000-1999,2000+
14036,0,82-6543,2017,306,222,83,11,71,5,Major Collector,3,Urban,Other Road,1,Detroit,0-99,0-99,0-99
14066,0,82-9489,2019,60734.5,54114,6620,1761,4859,1,Interstate Freeway,3,Urban,Interstate,1,Detroit,2000+,1000-1999,2000+
14083,0,82-5958,2017,6373.5,5960,413,153,228,3,Principal Arterial,1,Urban Business,Freeway/Prin. Art.,1,Detroit,200-499,100-199,200-499
14095,0,82-2703,2017,12169,11865,304,183,109,4,Minor Arterial,3,Urban,Other Road,1,Detroit,100-199,100-199,200-499
14099,0,82-6019,2018,2037,1982.5,54,32,18,4,Minor Arterial,3,Urban,Other Road,1,Detroit,0-99,0-99,0-99
14111,0,82-7283,2019,11339,10805,534,250,261,3,Principal Arterial,3,Urban,Freeway/Prin. Art.,1,Detroit,200-499,200-499,500-999
14116,1,82-5806,2018,10388,9624,763,275,398,3,Principal Arterial,3,Urban,Freeway/Prin. Art.,1,Detroit,200-499,200-499,500-999
14121,0,82-8839,2019,47070,42692.5,4377,1035,3248,1,Interstate Freeway,4,Suburban,Interstate,2,Other Wayne,2000+,1000-1999,2000+
14145,0,82-1374,2017,6098.5,5946.5,152,91,54,4,Minor Arterial,3,Urban,Other Road,1,Detroit,0-99,0-99,100-199
14185,0,82-5804,2017,12101.5,11521,580,217,326,3,Principal Arterial,2,Urban Fringe,Freeway/Prin. Art.,1,Detroit,200-499,200-499,500-999
14186,1,82-1792,2018,7454.5,7117,337,141,187,3,Principal Arterial,3,Urban,Freeway/Prin. Art.,1,Detroit,100-199,100-199,200-499
14190,0,82-1425,2017,5007,4867,140,70,65,5,Major Collector,2,Urban Fringe,Other Road,1,Detroit,0-99,0-99,100-199
14193,0,82-1721,2019,7319,6983,336,118,27,3,Principal Arterial,1,Urban Business,Freeway/Prin. Art.,1,Detroit,0-99,100-199,100-199
14196,0,82-6136,2018,10785,10504,281,184,86,5,Major Collector,1,Urban Business,Other Road,1,Detroit,0-99,100-199,200-499
14198,1,82-1484,2019,11767,10558,1209,231,887,3,Principal Arterial,3,Urban,Freeway/Prin. Art.,1,Detroit,500-999,200-499,1000-1999
14199,0,82-2361,2017,640,612,28,14,13,5,Major Collector,3,Urban,Other Road,1,Detroit,0-99,0-99,0-99
14218,0,82-6239,2017,350,340,9,7,4,5,Major Collector,3,Urban,Other Road,1,Detroit,0-99,0-99,0-99
14242,0,82-6044,2018,4837,4748,88,64,27,4,Minor Arterial,3,Urban,Other Road,1,Detroit,0-99,0-99,0-99
14248,0,82-1595,2017,1627,1555,72,38,32,5,Major Collector,1,Urban Business,Other Road,1,Detroit,0-99,0-99,0-99
14272,1,82-1387,2019,9084,8841,243,127,102,3,Principal Arterial,3,Urban,Freeway/Prin. Art.,2,Other Wayne,100-199,100-199,200-499
14284,0,82-5824,2017,26390,25148,1242,475,688,3,Principal Arterial,3,Urban,Freeway/Prin. Art.,1,Detroit,500-999,200-499,1000-1999
14299,0,82-2346,2017,13560,12937,623,230,352,3,Principal Arterial,2,Urban Fringe,Freeway/Prin. Art.,1,Detroit,200-499,200-499,500-999
14317,0,82-5808,2017,12171,11369,802,304,437,3,Principal Arterial,3,Urban,Freeway/Prin. Art.,1,Detroit,200-499,200-499,500-999
14337,0,82-6103,2019,3080,2958,122,77,33,5,Major Collector,3,Urban,Other Road,1,Detroit,0-99,0-99,100-199
14351,0,82-2344,2017,711,679,32,17,14,5,Major Collector,2,Urban Fringe,Other Road,1,Detroit,0-99,0-99,0-99
14364,0,82-9419,2019,71586.5,65788,5798,1575,4223,1,Interstate Freeway,2,Urban Fringe,Interstate,1,Detroit,2000+,1000-1999,2000+
14368,0,82-2393,2018,3704.5,3625,79,43,34,5,Major Collector,3,Urban,Other Road,1,Detroit,0-99,0-99,0-99
14398,0,82-5825,2017,17089,16133,956,359,529,3,Principal Arterial,3,Urban,Freeway/Prin. Art.,1,Detroit,500-999,200-499,500-999
14404,1,82-1197,2019,16560,15378,1182,482,682,3,Principal Arterial,3,Urban,Freeway/Prin. Art.,1,Detroit,500-999,200-499,1000-1999
14406,0,82-5987,2018,1805,1758,47,31,14,5,Major Collector,3,Urban,Other Road,1,Detroit,0-99,0-99,0-99
14418,0,82-1787,2019,7107.5,7012,95,63,22,4,Minor Arterial,3,Urban,Other Road,1,Detroit,0-99,0-99,0-99
14422,0,82-1373,2017,5205,5007,198,120,73,4,Minor Arterial,1,Urban Business,Other Road,1,Detroit,0-99,100-199,100-199
14440,1,82-5823,2019,21395,19454,1941,433,1387,3,Principal Arterial,3,Urban,Freeway/Prin. Art.,1,Detroit,1000-1999,200-499,1000-1999
14449,0,82-6020,2017,4411,4299,111,73,39,4,Minor Arterial,3,Urban,Other Road,1,Detroit,0-99,0-99,100-199
14470,0,82-1371,2018,2574,2504,70,41,24,4,Minor Arterial,3,Urban,Other Road,1,Detroit,0-99,0-99,0-99
14473,0,82-1160,2017,16949,15999,950,356,526,3,Principal Arterial,3,Urban,Freeway/Prin. Art.,1,Detroit,500-999,200-499,500-999
14485,0,82-1590,2017,9069,8345,724,263,407,3,Principal Arterial,1,Urban Business,Freeway/Prin. Art.,1,Detroit,200-499,200-499,500-999
14492,1,82-3611,2019,15272,14465,807,190,54,3,Principal Arterial,1,Urban Business,Freeway/Prin. Art.,1,Detroit,0-99,100-199,200-499
14514,1,82-7337,2019,23994,22944,1050,243,65,3,Principal Arterial,2,Urban Fringe,Freeway/Prin. Art.,1,Detroit,0-99,200-499,200-499
14516,1,82-7338,2019,25975,24668,1307,296,76,3,Principal Arterial,2,Urban Fringe,Freeway/Prin. Art.,1,Detroit,0-99,200-499,200-499
14527,0,82-5025,2019,17497,16623,874,192,52,3,Principal Arterial,3,Urban,Freeway/Prin. Art.,1,Detroit,0-99,100-199,200-499
14554,0,82-5846,2018,8609,8386,223,111,78,3,Principal Arterial,3,Urban,Freeway/Prin. Art.,1,Detroit,0-99,100-199,100-199
14555,0,82-0735,2017,17891,16888,1003,376,555,3,Principal Arterial,4,Suburban,Freeway/Prin. Art.,2,Other Wayne,500-999,200-499,500-999
14564,0,82-0527,2019,29978,28778,1200,630,540,3,Principal Arterial,3,Urban,Freeway/Prin. Art.,2,Other Wayne,500-999,500-999,1000-1999
14565,1,82-1233,2017,9537,9313,223,106,88,3,Principal Arterial,3,Urban,Freeway/Prin. Art.,1,Detroit,0-99,100-199,100-199
14594,0,82-1710,2018,6345,6279,66,49,9,5,Major Collector,3,Urban,Other Road,1,Detroit,0-99,0-99,0-99
14615,0,82-6148,2018,5432,5365,67,45,10,5,Major Collector,3,Urban,Other Road,1,Detroit,0-99,0-99,0-99
14648,0,82-1309,2017,5315,5114,201,122,74,4,Minor Arterial,3,Urban,Other Road,1,Detroit,0-99,100-199,100-199
14694,0,82-0885,2017,4882,4744,138,68,65,5,Major Collector,1,Urban Business,Other Road,1,Detroit,0-99,0-99,100-199
14698,1,82-2368,2017,1069,956,112,46,57,5,Major Collector,3,Urban,Other Road,1,Detroit,0-99,0-99,100-199
14702,0,82-2367,2019,162,146,16,3,13,5,Major Collector,3,Urban,Other Road,1,Detroit,0-99,0-99,0-99
14704,1,82-2547,2019,6207,5300,907,228,657,3,Principal Arterial,3,Urban,Freeway/Prin. Art.,1,Detroit,500-999,200-499,500-999
14709,1,82-2546,2018,1646,1260,385,133,219,3,Principal Arterial,3,Urban,Freeway/Prin. Art.,1,Detroit,200-499,100-199,200-499
14713,0,82-1560,2017,2125,2043,82,43,37,5,Major Collector,3,Urban,Other Road,1,Detroit,0-99,0-99,0-99
14718,0,82-2366,2017,2087,2005,82,42,38,5,Major Collector,3,Urban,Other Road,1,Detroit,0-99,0-99,0-99
14721,1,82-5827,2019,9236,8516,720,265,438,4,Minor Arterial,3,Urban,Other Road,1,Detroit,200-499,200-499,500-999
14724,0,82-1577,2017,6163,5955,208,129,73,4,Minor Arterial,3,Urban,Other Road,1,Detroit,0-99,100-199,200-499
14726,0,82-2365,2017,3911,3796,115,59,52,5,Major Collector,3,Urban,Other Road,1,Detroit,0-99,0-99,100-199
14733,0,82-6545,2017,216,212,3,4,2,5,Major Collector,3,Urban,Other Road,1,Detroit,0-99,0-99,0-99
14760,1,82-1838,2019,20655,19958,697,326,329,3,Principal Arterial,3,Urban,Freeway/Prin. Art.,2,Other Wayne,200-499,200-499,500-999
14776,0,82-2381,2017,777,742,35,18,16,5,Major Collector,3,Urban,Other Road,1,Detroit,0-99,0-99,0-99
14782,0,82-9799,2019,47538,41358.5,6179,570,5514,1,Interstate Freeway,3,Urban,Interstate,2,Other Wayne,2000+,500-999,2000+
14813,0,82-6207,2017,1055.5,1006,49,26,22,5,Major Collector,3,Urban,Other Road,1,Detroit,0-99,0-99,0-99
14823,0,82-2237,2017,918,876,42,22,19,5,Major Collector,3,Urban,Other Road,2,Other Wayne,0-99,0-99,0-99
14836,1,82-8103,2019,8248,7969.5,278,101,173,3,Principal Arterial,4,Suburban,Freeway/Prin. Art.,2,Other Wayne,100-199,100-199,200-499
14837,0,82-0165,2019,18018,17658,360,180,144,3,Principal Arterial,3,Urban,Freeway/Prin. Art.,2,Other Wayne,100-199,100-199,200-499
14843,1,82-1149,2019,10400.5,10166.5,234,134,97,3,Principal Arterial,4,Suburban,Freeway/Prin. Art.,2,Other Wayne,0-99,100-199,200-499
14851,0,82-4698,2019,15537,15226.5,310,140,93,3,Principal Arterial,3,Urban,Freeway/Prin. Art.,2,Other Wayne,0-99,100-199,200-499
14884,1,82-0161,2019,14166,13926,240,114,124,3,Principal Arterial,4,Suburban,Freeway/Prin. Art.,2,Other Wayne,100-199,100-199,200-499
14888,1,82-0161,2019,14166,13926,240,114,124,3,Principal Arterial,4,Suburban,Freeway/Prin. Art.,2,Other Wayne,100-199,100-199,200-499
14890,0,82-1552,2018,16927,16610,317,189,16,3,Principal Arterial,3,Urban,Freeway/Prin. Art.,1,Detroit,0-99,100-199,200-499
14895,0,82-0159,2019,7911,7784.5,126,63,63,3,Principal Arterial,4,Suburban,Freeway/Prin. Art.,2,Other Wayne,0-99,0-99,100-199
14904,0,82-0126,2019,28386,27251,1135,596,511,3,Principal Arterial,3,Urban,Freeway/Prin. Art.,2,Other Wayne,500-999,500-999,1000-1999
14908,1,82-1147,2018,17979,17798,180,119,62,3,Principal Arterial,4,Suburban,Freeway/Prin. Art.,2,Other Wayne,0-99,100-199,100-199
14933,1,82-2206,2019,10681,10336,345,148,187,3,Principal Arterial,3,Urban,Freeway/Prin. Art.,2,Other Wayne,100-199,100-199,200-499
14935,0,82-1132,2017,25545,25006,539,307,206,4,Minor Arterial,3,Urban,Other Road,2,Other Wayne,200-499,200-499,500-999
14937,0,82-4709,2019,17763,17407.5,355,160,106,3,Principal Arterial,3,Urban,Freeway/Prin. Art.,2,Other Wayne,100-199,100-199,200-499
14947,0,82-0174,2019,3413.5,3300.5,113,41,72,2,Other Freeway,4,Suburban,Freeway/Prin. Art.,2,Other Wayne,0-99,0-99,100-199
14950,1,82-0168,2019,25444.5,24930.5,514,240,157,3,Principal Arterial,3,Urban,Freeway/Prin. Art.,2,Other Wayne,100-199,200-499,200-499
14966,1,82-2240,2019,4917,4755,162,70,72,5,Major Collector,3,Urban,Other Road,2,Other Wayne,0-99,0-99,100-199
14975,0,82-0736,2017,16395,16036,359,213,130,4,Minor Arterial,4,Suburban,Other Road,2,Other Wayne,100-199,200-499,200-499
15003,1,82-0855,2019,41986,40272,1714,896,767,3,Principal Arterial,4,Suburban,Freeway/Prin. Art.,2,Other Wayne,500-999,500-999,1000-1999
15006,0,82-0327,2019,33857,32976,881,406,475,3,Principal Arterial,4,Suburban,Freeway/Prin. Art.,2,Other Wayne,200-499,200-499,500-999
15013,1,82-5993,2018,5456,5251,204,111,75,4,Minor Arterial,3,Urban,Other Road,1,Detroit,0-99,100-199,100-199
15017,1,82-9699,2019,38744.5,31673,7071,756,6239,1,Interstate Freeway,4,Suburban,Interstate,2,Other Wayne,2000+,500-999,2000+
15019,0,82-9834,2018,16957,16515,442,153,289,3,Principal Arterial,4,Suburban,Freeway/Prin. Art.,2,Other Wayne,200-499,100-199,200-499
15022,0,82-9799,2019,47538,41358.5,6179,570,5514,1,Interstate Freeway,3,Urban,Interstate,2,Other Wayne,2000+,500-999,2000+
15036,0,82-1513,2017,7244,7070,174,87,80,5,Major Collector,3,Urban,Other Road,1,Detroit,0-99,0-99,100-199
15046,0,82-7912,2019,25596,24571,1025,538,461,3,Principal Arterial,3,Urban,Freeway/Prin. Art.,2,Other Wayne,200-499,500-999,500-999
15130,0,82-6147,2018,3151,3087,63,43,22,5,Major Collector,3,Urban,Other Road,1,Detroit,0-99,0-99,0-99
15145,0,82-1234,2018,6645,6560,84,60,12,3,Principal Arterial,3,Urban,Freeway/Prin. Art.,1,Detroit,0-99,0-99,0-99
15157,0,82-6337,2019,5645,5596,49,31,17,5,Major Collector,3,Urban,Other Road,2,Other Wayne,0-99,0-99,0-99
15175,0,82-2239,2019,1603,1522,81,55,12,5,Major Collector,3,Urban,Other Road,2,Other Wayne,0-99,0-99,0-99
15183,0,82-1879,2017,3302,3201,101,53,45,5,Major Collector,3,Urban,Other Road,1,Detroit,0-99,0-99,0-99
15191,1,82-1827,2019,32923,32101,822,386,388,3,Principal Arterial,3,Urban,Freeway/Prin. Art.,2,Other Wayne,200-499,200-499,500-999
15218,0,82-0124,2019,28096,27366,730,337,393,3,Principal Arterial,4,Suburban,Freeway/Prin. Art.,2,Other Wayne,200-499,200-499,500-999
15230,1,82-0058,2019,15066,14687,379,170,206,3,Principal Arterial,4,Suburban,Freeway/Prin. Art.,2,Other Wayne,200-499,100-199,200-499
15235,0,82-4753,2019,25119,23486.5,1632,527,1105,3,Principal Arterial,3,Urban,Freeway/Prin. Art.,2,Other Wayne,1000-1999,500-999,1000-1999
15243,1,82-4747,2019,20589,19891.5,697,316,315,3,Principal Arterial,3,Urban,Freeway/Prin. Art.,2,Other Wayne,200-499,200-499,500-999
15246,1,82-1838,2019,20655,19958,697,326,329,3,Principal Arterial,3,Urban,Freeway/Prin. Art.,2,Other Wayne,200-499,200-499,500-999
15255,0,82-9809,2019,71127,69989,1138,640,498,2,Other Freeway,3,Urban,Freeway/Prin. Art.,1,Detroit,200-499,500-999,1000-1999
15261,0,82-2303,2019,14646,14423,223,128,29,3,Principal Arterial,3,Urban,Freeway/Prin. Art.,1,Detroit,0-99,100-199,100-199
15266,0,82-0820,2018,1145,1116,29,20,8,5,Major Collector,4,Suburban,Other Road,2,Other Wayne,0-99,0-99,0-99
15291,0,82-2249,2017,8576.5,8371.5,205,103,93,5,Major Collector,3,Urban,Other Road,2,Other Wayne,0-99,100-199,100-199
15352,1,82-3138,2019,17142.5,16073,1069,358,659,2,Other Freeway,3,Urban,Freeway/Prin. Art.,1,Detroit,500-999,200-499,1000-1999
15371,0,82-7258,2019,10569.5,10358,211,95,63,3,Principal Arterial,3,Urban,Freeway/Prin. Art.,1,Detroit,0-99,0-99,100-199
15415,0,82-0324,2019,1363,1310,53,34,14,5,Major Collector,3,Urban,Other Road,1,Detroit,0-99,0-99,0-99
15422,0,82-9809,2019,71127,69989,1138,640,498,2,Other Freeway,3,Urban,Freeway/Prin. Art.,1,Detroit,200-499,500-999,1000-1999
15423,1,82-3138,2019,17142.5,16073,1069,358,659,2,Other Freeway,3,Urban,Freeway/Prin. Art.,1,Detroit,500-999,200-499,1000-1999
15425,0,82-0166,2019,13333,13066.5,266,133,106,3,Principal Arterial,3,Urban,Freeway/Prin. Art.,2,Other Wayne,100-199,100-199,200-499
15436,0,82-2238,2017,1181,1124,57,31,25,5,Major Collector,3,Urban,Other Road,2,Other Wayne,0-99,0-99,0-99
15461,0,82-5844,2017,18393,17362,1031,386,571,3,Principal Arterial,3,Urban,Freeway/Prin. Art.,1,Detroit,500-999,200-499,500-999
15462,0,82-0125,2019,33327,31994,1333,700,600,3,Principal Arterial,3,Urban,Freeway/Prin. Art.,2,Other Wayne,500-999,500-999,1000-1999
15504,0,82-0596,2019,1028,1014,14,10,2,2,Other Freeway,1,Urban Business,Freeway/Prin. Art.,1,Detroit,0-99,0-99,0-99
15509,0,82-1137,2017,3002,2900,102,51,48,5,Major Collector,2,Urban Fringe,Other Road,1,Detroit,0-99,0-99,0-99
15516,0,82-2378,2017,4625,4488,137,70,62,5,Major Collector,2,Urban Fringe,Other Road,1,Detroit,0-99,0-99,100-199
15524,0,82-0166,2019,13333,13066.5,266,133,106,3,Principal Arterial,3,Urban,Freeway/Prin. Art.,2,Other Wayne,100-199,100-199,200-499
15540,0,82-7910,2019,24759,23768,991,520,446,3,Principal Arterial,3,Urban,Freeway/Prin. Art.,2,Other Wayne,200-499,500-999,500-999
15558,1,82-0177,2019,17181,16844.5,336,180,130,3,Principal Arterial,4,Suburban,Freeway/Prin. Art.,2,Other Wayne,100-199,100-199,200-499
15578,0,82-2243,2017,7270,7091,179,90,81,5,Major Collector,3,Urban,Other Road,2,Other Wayne,0-99,0-99,100-199
15583,0,82-4753,2019,25119,23486.5,1632,527,1105,3,Principal Arterial,3,Urban,Freeway/Prin. Art.,2,Other Wayne,1000-1999,500-999,1000-1999
15585,1,82-4747,2019,20589,19891.5,697,316,315,3,Principal Arterial,3,Urban,Freeway/Prin. Art.,2,Other Wayne,200-499,200-499,500-999
15597,0,82-7423,2019,10246,9837,409,256,112,5,Major Collector,3,Urban,Other Road,1,Detroit,100-199,200-499,200-499
15620,1,82-9699,2019,38744.5,31673,7071,756,6239,1,Interstate Freeway,4,Suburban,Interstate,2,Other Wayne,2000+,500-999,2000+
15640,0,82-0162,2019,13360.5,13146,214,107,107,3,Principal Arterial,4,Suburban,Freeway/Prin. Art.,2,Other Wayne,100-199,100-199,200-499
15649,0,82-1367,2019,13288,12771,517,318,146,4,Minor Arterial,4,Suburban,Other Road,2,Other Wayne,100-199,200-499,200-499
15654,0,82-0930,2019,10476,10069,407,251,114,4,Minor Arterial,4,Suburban,Other Road,2,Other Wayne,100-199,200-499,200-499
15667,0,82-6146,2019,7782,7470,312,195,86,5,Major Collector,3,Urban,Other Road,1,Detroit,0-99,100-199,200-499
15674,0,82-0821,2018,8288,8074,214,140,66,5,Major Collector,4,Suburban,Other Road,2,Other Wayne,0-99,100-199,200-499
15682,0,82-1006,2017,8735,8525,210,105,96,5,Major Collector,3,Urban,Other Road,2,Other Wayne,0-99,100-199,200-499
15696,0,82-4709,2019,17763,17407.5,355,160,106,3,Principal Arterial,3,Urban,Freeway/Prin. Art.,2,Other Wayne,100-199,100-199,200-499
15704,1,82-0168,2019,25444.5,24930.5,514,240,157,3,Principal Arterial,3,Urban,Freeway/Prin. Art.,2,Other Wayne,100-199,200-499,200-499
15711,0,82-1350,2017,4377,4199,178,109,65,4,Minor Arterial,3,Urban,Other Road,1,Detroit,0-99,100-199,100-199
15713,0,82-0165,2019,18018,17658,360,180,144,3,Principal Arterial,3,Urban,Freeway/Prin. Art.,2,Other Wayne,100-199,100-199,200-499
15717,1,82-0177,2019,17181,16844.5,336,180,130,3,Principal Arterial,4,Suburban,Freeway/Prin. Art.,2,Other Wayne,100-199,100-199,200-499
15719,0,82-0162,2019,13360.5,13146,214,107,107,3,Principal Arterial,4,Suburban,Freeway/Prin. Art.,2,Other Wayne,100-199,100-199,200-499
15728,1,82-8103,2019,8248,7969.5,278,101,173,3,Principal Arterial,4,Suburban,Freeway/Prin. Art.,2,Other Wayne,100-199,100-199,200-499
15732,0,82-1235,2018,5084,4951.5,132,66,45,3,Principal Arterial,3,Urban,Freeway/Prin. Art.,2,Other Wayne,0-99,0-99,100-199
15736,0,82-1148,2019,12856,12735,121,86,33,4,Minor Arterial,4,Suburban,Other Road,2,Other Wayne,0-99,0-99,100-199
15743,0,82-0174,2019,3413.5,3300.5,113,41,72,2,Other Freeway,4,Suburban,Freeway/Prin. Art.,2,Other Wayne,0-99,0-99,100-199
15747,0,82-7258,2019,10569.5,10358,211,95,63,3,Principal Arterial,3,Urban,Freeway/Prin. Art.,1,Detroit,0-99,0-99,100-199
15751,0,82-4698,2019,15537,15226.5,310,140,93,3,Principal Arterial,3,Urban,Freeway/Prin. Art.,2,Other Wayne,0-99,100-199,200-499
15775,0,82-0159,2019,7911,7784.5,126,63,63,3,Principal Arterial,4,Suburban,Freeway/Prin. Art.,2,Other Wayne,0-99,0-99,100-199
15783,0,82-1352,2017,7336,7110,226,139,80,4,Minor Arterial,3,Urban,Other Road,2,Other Wayne,0-99,100-199,200-499
15811,0,82-0440,2019,18941.5,17710.5,1231,625,606,3,Principal Arterial,4,Suburban,Freeway/Prin. Art.,2,Other Wayne,500-999,500-999,1000-1999
15813,0,82-0730,2019,15930.5,14975,955,414,525,3,Principal Arterial,4,Suburban,Freeway/Prin. Art.,2,Other Wayne,500-999,200-499,500-999
15815,1,82-0765,2019,23749,22332,1417,621,780,3,Principal Arterial,4,Suburban,Freeway/Prin. Art.,2,Other Wayne,500-999,500-999,1000-1999
15817,0,82-5914,2019,1985,1914,71,26,4,4,Minor Arterial,3,Urban,Other Road,1,Detroit,0-99,0-99,0-99
15828,0,82-0674,2019,14495.5,13625.5,870,377,478,3,Principal Arterial,4,Suburban,Freeway/Prin. Art.,2,Other Wayne,200-499,200-499,500-999
15830,1,82-0121,2019,10194.5,9643,551,186,361,3,Principal Arterial,4,Suburban,Freeway/Prin. Art.,2,Other Wayne,200-499,100-199,500-999
15847,0,82-1538,2017,11007,10710,297,176,110,4,Minor Arterial,3,Urban,Other Road,2,Other Wayne,100-199,100-199,200-499
15876,0,82-1202,2018,5176,5106,69,44,25,4,Minor Arterial,4,Suburban,Other Road,2,Other Wayne,0-99,0-99,0-99
15877,0,82-1201,2018,3368,3330,37,29,14,4,Minor Arterial,4,Suburban,Other Road,2,Other Wayne,0-99,0-99,0-99
15881,0,82-1203,2018,3388,3320,67,34,33,4,Minor Arterial,4,Suburban,Other Road,2,Other Wayne,0-99,0-99,0-99
15884,1,82-0940,2019,7662,7424.5,237,116,98,3,Principal Arterial,4,Suburban,Freeway/Prin. Art.,2,Other Wayne,0-99,100-199,200-499
15886,1,82-0940,2019,7662,7424.5,237,116,98,3,Principal Arterial,4,Suburban,Freeway/Prin. Art.,2,Other Wayne,0-99,100-199,200-499
15955,0,82-6054,2017,3421,3278,143,89,51,4,Minor Arterial,1,Urban Business,Other Road,1,Detroit,0-99,0-99,100-199
16001,0,82-2383,2017,227,224,2,1,1,5,Major Collector,3,Urban,Other Road,1,Detroit,0-99,0-99,0-99
16011,0,82-6322,2019,2004.5,1880,124,63,17,5,Major Collector,3,Urban,Other Road,2,Other Wayne,0-99,0-99,0-99
16014,0,82-2214,2017,2725,2628,97,49,45,5,Major Collector,3,Urban,Other Road,2,Other Wayne,0-99,0-99,0-99
16047,0,82-0062,2018,17008.5,16600,408,367,40,4,Minor Arterial,4,Suburban,Other Road,2,Other Wayne,0-99,200-499,200-499
16048,0,82-0267,2018,13064.333333,12750.666667,313,287,26,4,Minor Arterial,4,Suburban,Other Road,2,Other Wayne,0-99,200-499,200-499
16051,0,82-0480,2018,14637,14441,195,152,41,4,Minor Arterial,4,Suburban,Other Road,2,Other Wayne,0-99,100-199,100-199
16080,0,82-5937,2019,433,332,101,83,14,5,Major Collector,2,Urban Fringe,Other Road,1,Detroit,0-99,0-99,0-99
16102,0,82-1102,2017,10909,10613,296,175,110,4,Minor Arterial,3,Urban,Other Road,2,Other Wayne,100-199,100-199,200-499
16112,0,82-6508,2017,1192,1135,57,31,25,5,Major Collector,3,Urban,Other Road,1,Detroit,0-99,0-99,0-99
16115,0,82-1882,2018,1169,1149,19,14,10,4,Minor Arterial,3,Urban,Other Road,1,Detroit,0-99,0-99,0-99
16141,0,82-1515,2019,9390,9025,365,225,102,4,Minor Arterial,3,Urban,Other Road,2,Other Wayne,100-199,200-499,200-499
16180,0,82-1096,2018,1640,1594,46,27,16,4,Minor Arterial,3,Urban,Other Road,1,Detroit,0-99,0-99,0-99
16204,0,82-6272,2019,1418,1347,71,60,10,5,Major Collector,4,Suburban,Other Road,2,Other Wayne,0-99,0-99,0-99
16258,1,82-5850,2019,6397,6119,278,94,155,4,Minor Arterial,3,Urban,Other Road,2,Other Wayne,100-199,0-99,200-499
16261,0,82-6261,2018,1041,977,63,40,5,3,Principal Arterial,3,Urban,Freeway/Prin. Art.,1,Detroit,0-99,0-99,0-99
16273,1,82-1430,2019,9521.5,8924,597,205,365,3,Principal Arterial,3,Urban,Freeway/Prin. Art.,1,Detroit,200-499,200-499,500-999
16293,0,82-1797,2018,4782,4658,124,62,43,3,Principal Arterial,3,Urban,Freeway/Prin. Art.,1,Detroit,0-99,0-99,100-199
16310,0,82-1764,2018,2458.5,2394,64,32,22,3,Principal Arterial,3,Urban,Freeway/Prin. Art.,1,Detroit,0-99,0-99,0-99
16318,1,82-6258,2019,12696,12362,334,165,82,3,Principal Arterial,3,Urban,Freeway/Prin. Art.,1,Detroit,0-99,100-199,200-499
16338,0,82-6549,2018,164,51,112,8,104,5,Major Collector,3,Urban,Other Road,1,Detroit,100-199,0-99,100-199
16390,0,82-5851,2019,6320,6074,246,152,69,4,Minor Arterial,3,Urban,Other Road,1,Detroit,0-99,100-199,200-499
16394,0,82-2398,2019,6999,6928,71,31,37,5,Major Collector,3,Urban,Other Road,1,Detroit,0-99,0-99,0-99
16435,0,82-1315,2017,2037,1959,78,40,36,5,Major Collector,5,Rural,Other Road,2,Other Wayne,0-99,0-99,0-99
16445,0,82-1834,2018,800,779,21,14,6,5,Major Collector,5,Rural,Other Road,2,Other Wayne,0-99,0-99,0-99
16488,1,82-9209,2019,55752.5,51792,3960,1374,2512,1,Interstate Freeway,4,Suburban,Interstate,2,Other Wayne,2000+,1000-1999,2000+
16493,1,82-9189,2019,28893,25320,3573,823,2682,1,Interstate Freeway,4,Suburban,Interstate,2,Other Wayne,2000+,500-999,2000+
16511,1,82-9189,2019,28893,25320,3573,823,2682,1,Interstate Freeway,5,Rural,Interstate,2,Other Wayne,2000+,500-999,2000+
16512,0,82-6091,2018,1520,1498,21,18,6,5,Major Collector,3,Urban,Other Road,1,Detroit,0-99,0-99,0-99
16513,0,82-0452,2019,24575.5,21553.5,3022,688,2285,1,Interstate Freeway,5,Rural,Interstate,2,Other Wayne,2000+,500-999,2000+
16531,0,82-6118,2017,3793,3633,160,99,57,4,Minor Arterial,3,Urban,Other Road,1,Detroit,0-99,0-99,100-199
16540,0,82-0451,2018,26704,22725.5,3978,908,2910,1,Interstate Freeway,5,Rural,Interstate,2,Other Wayne,2000+,500-999,2000+
16564,1,82-8850,2018,14365,13983,381,215,81,3,Principal Arterial,3,Urban,Freeway/Prin. Art.,2,Other Wayne,0-99,200-499,200-499
16577,1,82-9209,2019,55752.5,51792,3960,1374,2512,1,Interstate Freeway,4,Suburban,Interstate,2,Other Wayne,2000+,1000-1999,2000+
16610,0,82-0452,2019,24575.5,21553.5,3022,688,2285,1,Interstate Freeway,5,Rural,Interstate,2,Other Wayne,2000+,500-999,2000+
16633,0,82-0828,2019,9105.5,8932.5,173,63,27,3,Principal Arterial,3,Urban,Freeway/Prin. Art.,1,Detroit,0-99,0-99,0-99
16634,0,82-0003,2018,6313,6142.5,170,94,38,3,Principal Arterial,3,Urban,Freeway/Prin. Art.,2,Other Wayne,0-99,0-99,100-199
16640,0,82-7302,2019,8939,8795.5,143,89,36,3,Principal Arterial,3,Urban,Freeway/Prin. Art.,1,Detroit,0-99,0-99,100-199
16642,0,82-1103,2019,9608,9488.5,119,72,10,4,Minor Arterial,3,Urban,Other Road,2,Other Wayne,0-99,0-99,0-99
16645,0,82-6255,2017,140,134,6,3,3,5,Major Collector,2,Urban Fringe,Other Road,1,Detroit,0-99,0-99,0-99
16651,1,82-1835,2018,15069,14447,621,306,295,4,Minor Arterial,5,Rural,Other Road,2,Other Wayne,200-499,200-499,500-999
16657,1,82-0152,2019,12591,12377,214,127,55,3,Principal Arterial,3,Urban,Freeway/Prin. Art.,2,Other Wayne,0-99,100-199,100-199
16677,0,82-2438,2018,432,427,4,3,2,5,Major Collector,3,Urban,Other Road,1,Detroit,0-99,0-99,0-99
16681,0,82-0004,2019,10942,10766.5,175,109,44,3,Principal Arterial,3,Urban,Freeway/Prin. Art.,2,Other Wayne,0-99,100-199,100-199
16697,0,82-6368,2019,7495,7426,69,59,10,4,Minor Arterial,3,Urban,Other Road,2,Other Wayne,0-99,0-99,0-99
16716,0,82-0828,2019,9105.5,8932.5,173,63,27,3,Principal Arterial,3,Urban,Freeway/Prin. Art.,1,Detroit,0-99,0-99,0-99
16720,0,82-7302,2019,8939,8795.5,143,89,36,3,Principal Arterial,3,Urban,Freeway/Prin. Art.,1,Detroit,0-99,0-99,100-199
16726,1,82-0152,2019,12591,12377,214,127,55,3,Principal Arterial,3,Urban,Freeway/Prin. Art.,2,Other Wayne,0-99,100-199,100-199
16731,0,82-0004,2019,10942,10766.5,175,109,44,3,Principal Arterial,3,Urban,Freeway/Prin. Art.,2,Other Wayne,0-99,100-199,100-199
16737,0,82-2414,2017,295,290,4,4,3,5,Major Collector,3,Urban,Other Road,1,Detroit,0-99,0-99,0-99
16778,0,82-0065,2018,17666,17207,459,159,300,3,Principal Arterial,3,Urban,Freeway/Prin. Art.,2,Other Wayne,200-499,100-199,200-499
16783,0,82-5646,2018,25500,24837,663,229,434,3,Principal Arterial,3,Urban,Freeway/Prin. Art.,2,Other Wayne,200-499,200-499,500-999
16806,0,82-5910,2018,2561,2539,21,18,8,3,Principal Arterial,3,Urban,Freeway/Prin. Art.,1,Detroit,0-99,0-99,0-99
16829,0,82-6257,2017,13331,12477,854,320,467,3,Principal Arterial,3,Urban,Freeway/Prin. Art.,1,Detroit,200-499,200-499,500-999
16838,1,82-6364,2019,12418,12050,368,221,104,4,Minor Arterial,3,Urban,Other Road,2,Other Wayne,100-199,200-499,200-499
16914,0,82-0325,2019,12055.5,11585.5,470,289,132,4,Minor Arterial,4,Suburban,Other Road,2,Other Wayne,100-199,200-499,200-499
16921,0,82-0451,2018,26704,22725.5,3978,908,2910,1,Interstate Freeway,5,Rural,Interstate,2,Other Wayne,2000+,500-999,2000+
16924,0,82-1218,2019,19767,18995,772,475,218,4,Minor Arterial,4,Suburban,Other Road,2,Other Wayne,200-499,200-499,500-999
16934,0,82-0323,2019,24032,23096,936,576,264,4,Minor Arterial,4,Suburban,Other Road,2,Other Wayne,200-499,500-999,500-999
16939,0,82-1106,2019,18246,18042,204,148,41,4,Minor Arterial,3,Urban,Other Road,2,Other Wayne,0-99,100-199,100-199
16942,0,82-5645,2018,20527,19993,534,185,349,3,Principal Arterial,3,Urban,Freeway/Prin. Art.,2,Other Wayne,200-499,100-199,500-999
16952,0,82-5936,2019,278,267,11,6,3,5,Major Collector,2,Urban Fringe,Other Road,1,Detroit,0-99,0-99,0-99
16959,0,82-1107,2019,19813,19535,278,169,22,4,Minor Arterial,3,Urban,Other Road,2,Other Wayne,0-99,100-199,100-199
17026,0,82-2650,2019,13439.5,13170.5,269,134,40,3,Principal Arterial,3,Urban,Freeway/Prin. Art.,2,Other Wayne,0-99,100-199,100-199
17070,0,82-1312,2017,7452,7230,222,134,81,4,Minor Arterial,4,Suburban,Other Road,2,Other Wayne,0-99,100-199,200-499
17087,0,82-1138,2018,1978,1926,52,34,16,5,Major Collector,4,Suburban,Other Road,2,Other Wayne,0-99,0-99,0-99
17108,1,82-2741,2019,31862,31162,700,346,118,3,Principal Arterial,2,Urban Fringe,Freeway/Prin. Art.,2,Other Wayne,100-199,200-499,200-499
17131,0,82-2217,2018,3307,3216,91,49,38,5,Major Collector,3,Urban,Other Road,2,Other Wayne,0-99,0-99,0-99
17138,0,82-0063,2018,28116,27442,674,618,56,3,Principal Arterial,3,Urban,Freeway/Prin. Art.,2,Other Wayne,0-99,500-999,500-999
17139,1,82-2634,2019,22959.5,22497.5,462,217,74,3,Principal Arterial,3,Urban,Freeway/Prin. Art.,2,Other Wayne,0-99,200-499,200-499
17144,0,82-8834,2018,27104,26454,650,596,54,3,Principal Arterial,3,Urban,Freeway/Prin. Art.,2,Other Wayne,0-99,500-999,500-999
17206,0,82-1191,2017,11458,11163,295,171,113,4,Minor Arterial,2,Urban Fringe,Other Road,2,Other Wayne,100-199,100-199,200-499
17210,0,82-1192,2017,7815,7580,235,141,86,4,Minor Arterial,3,Urban,Other Road,2,Other Wayne,0-99,100-199,200-499
17213,0,82-2450,2019,760,729,31,19,9,5,Major Collector,3,Urban,Other Road,1,Detroit,0-99,0-99,0-99
17221,0,82-1884,2017,4905,4550,355,128,202,3,Principal Arterial,3,Urban,Freeway/Prin. Art.,1,Detroit,200-499,100-199,200-499
17226,0,82-2553,2017,4115,3777,338,127,186,3,Principal Arterial,2,Urban Fringe,Freeway/Prin. Art.,1,Detroit,100-199,100-199,200-499
17237,0,82-2552,2017,6418,5918,500,186,275,3,Principal Arterial,3,Urban,Freeway/Prin. Art.,1,Detroit,200-499,100-199,200-499
17242,0,82-2551,2017,11921,11121,800,310,430,3,Principal Arterial,3,Urban,Freeway/Prin. Art.,1,Detroit,200-499,200-499,500-999
17251,0,82-2550,2017,6632,6108,524,193,291,3,Principal Arterial,3,Urban,Freeway/Prin. Art.,1,Detroit,200-499,100-199,200-499
17265,0,82-2549,2017,8340,7640,700,267,383,3,Principal Arterial,3,Urban,Freeway/Prin. Art.,1,Detroit,200-499,200-499,500-999
17274,1,82-1547,2018,19536,18987,549,296,97,3,Principal Arterial,3,Urban,Freeway/Prin. Art.,2,Other Wayne,0-99,200-499,200-499
17283,1,82-1553,2018,26612,25909,703,369,152,3,Principal Arterial,3,Urban,Freeway/Prin. Art.,2,Other Wayne,100-199,200-499,500-999
17303,0,82-6191,2019,2930,2812,118,73,33,5,Major Collector,1,Urban Business,Other Road,1,Detroit,0-99,0-99,100-199
17304,0,82-6190,2019,4050,3893,157,97,44,4,Minor Arterial,1,Urban Business,Other Road,1,Detroit,0-99,0-99,100-199
17346,1,82-5841,2017,7610,7047,562,261,304,3,Principal Arterial,3,Urban,Freeway/Prin. Art.,1,Detroit,200-499,200-499,500-999
17347,1,82-1865,2017,9290,8634,655,334,322,3,Principal Arterial,3,Urban,Freeway/Prin. Art.,1,Detroit,200-499,200-499,500-999
17362,0,82-6544,2017,336,279,56,7,54,5,Major Collector,3,Urban,Other Road,1,Detroit,0-99,0-99,0-99
17388,0,82-6172,2019,1388,1285,103,44,47,5,Major Collector,3,Urban,Other Road,1,Detroit,0-99,0-99,0-99
17401,0,82-5934,2019,980,940,40,25,11,5,Major Collector,3,Urban,Other Road,1,Detroit,0-99,0-99,0-99
17427,0,82-1450,2019,10039,9866,173,144,12,3,Principal Arterial,3,Urban,Freeway/Prin. Art.,2,Other Wayne,0-99,100-199,100-199
17456,0,82-2541,2017,5276,4886,390,142,222,3,Principal Arterial,3,Urban,Freeway/Prin. Art.,1,Detroit,200-499,100-199,200-499
17493,0,82-1630,2019,5369,5156,213,134,58,5,Major Collector,3,Urban,Other Road,2,Other Wayne,0-99,100-199,100-199
17505,0,82-6424,2017,3919,3804,115,59,52,5,Major Collector,3,Urban,Other Road,2,Other Wayne,0-99,0-99,100-199
17511,1,82-1531,2019,17830,17015,815,519,253,3,Principal Arterial,3,Urban,Freeway/Prin. Art.,2,Other Wayne,200-499,500-999,500-999
17521,0,82-1738,2017,5454,5308,146,71,70,4,Minor Arterial,3,Urban,Other Road,2,Other Wayne,0-99,0-99,100-199
17558,1,82-1397,2019,3637,3364,273,164,86,3,Principal Arterial,3,Urban,Freeway/Prin. Art.,1,Detroit,0-99,100-199,200-499
17566,1,82-1113,2019,37714,37219,495,344,118,4,Minor Arterial,3,Urban,Other Road,2,Other Wayne,100-199,200-499,200-499
17582,0,82-2302,2019,16545,16358,187,146,29,4,Minor Arterial,3,Urban,Other Road,2,Other Wayne,0-99,100-199,100-199
17621,1,82-1460,2019,23770,23061,709,332,355,3,Principal Arterial,3,Urban,Freeway/Prin. Art.,2,Other Wayne,200-499,200-499,500-999
17623,1,82-1444,2018,16059,15859,199,99,96,3,Principal Arterial,4,Suburban,Freeway/Prin. Art.,2,Other Wayne,0-99,0-99,100-199
17627,1,82-1241,2019,28543,27207,1336,635,664,3,Principal Arterial,3,Urban,Freeway/Prin. Art.,2,Other Wayne,500-999,500-999,1000-1999
17631,1,82-1117,2018,11931,11007,923,366,484,3,Principal Arterial,3,Urban,Freeway/Prin. Art.,1,Detroit,200-499,200-499,500-999
17638,0,82-1511,2017,2007,1933,74,44,28,4,Minor Arterial,5,Rural,Other Road,2,Other Wayne,0-99,0-99,0-99
17673,1,82-6374,2019,10859,10239,620,186,410,3,Principal Arterial,3,Urban,Freeway/Prin. Art.,2,Other Wayne,200-499,100-199,500-999
17677,1,82-1276,2019,18611,17812,799,338,196,3,Principal Arterial,3,Urban,Freeway/Prin. Art.,1,Detroit,100-199,200-499,500-999
17704,1,82-1417,2019,31001,30546,455,337,80,3,Principal Arterial,3,Urban,Freeway/Prin. Art.,2,Other Wayne,0-99,200-499,200-499
17724,0,82-1296,2017,1808,1732,76,39,35,5,Major Collector,4,Suburban,Other Road,2,Other Wayne,0-99,0-99,0-99
17741,1,82-1108,2018,23677,23248,429,214,75,3,Principal Arterial,3,Urban,Freeway/Prin. Art.,1,Detroit,0-99,200-499,200-499
17750,0,82-1119,2017,10268,9981,287,164,113,4,Minor Arterial,4,Suburban,Other Road,2,Other Wayne,100-199,100-199,200-499
17772,0,82-1526,2018,3142,3087,54,11,45,4,Minor Arterial,4,Suburban,Other Road,2,Other Wayne,0-99,0-99,0-99
17786,0,82-1274,2018,18408,18035,373,137,29,3,Principal Arterial,3,Urban,Freeway/Prin. Art.,1,Detroit,0-99,100-199,100-199
17787,0,82-1355,2018,603,571,31,27,5,5,Major Collector,4,Suburban,Other Road,2,Other Wayne,0-99,0-99,0-99
17788,0,82-7350,2019,18279,17858,421,165,55,3,Principal Arterial,3,Urban,Freeway/Prin. Art.,1,Detroit,0-99,100-199,200-499
17791,1,82-1679,2019,5771,5529,242,172,67,5,Major Collector,3,Urban,Other Road,2,Other Wayne,0-99,100-199,200-499
17797,0,82-1392,2018,425,415,9,10,2,5,Major Collector,5,Rural,Other Road,2,Other Wayne,0-99,0-99,0-99
17801,0,82-1536,2017,11779,11472,307,177,118,4,Minor Arterial,4,Suburban,Other Road,2,Other Wayne,100-199,100-199,200-499
17802,0,82-0333,2019,9729,9349,380,234,107,4,Minor Arterial,4,Suburban,Other Road,2,Other Wayne,100-199,200-499,200-499
17807,0,82-6514,2019,637,613,24,18,4,5,Major Collector,2,Urban Fringe,Other Road,1,Detroit,0-99,0-99,0-99
17822,1,82-1411,2018,8098,7849,248,115,131,4,Minor Arterial,4,Suburban,Other Road,2,Other Wayne,100-199,100-199,200-499
17832,0,82-6276,2019,3666,3518,148,92,41,5,Major Collector,3,Urban,Other Road,2,Other Wayne,0-99,0-99,100-199
17868,0,82-6434,2017,7745,7638,106,88,22,4,Minor Arterial,4,Suburban,Other Road,2,Other Wayne,0-99,0-99,100-199
17887,0,82-1783,2018,9253,9046,207,77,28,3,Principal Arterial,3,Urban,Freeway/Prin. Art.,1,Detroit,0-99,0-99,100-199
17898,0,82-1510,2018,6658,6553,104,59,50,4,Minor Arterial,5,Rural,Other Road,2,Other Wayne,0-99,0-99,100-199
17909,1,82-6329,2019,10848,10458,390,200,140,3,Principal Arterial,3,Urban,Freeway/Prin. Art.,2,Other Wayne,100-199,200-499,200-499
17915,0,82-1354,2019,10743,10685,58,42,16,4,Minor Arterial,3,Urban,Other Road,2,Other Wayne,0-99,0-99,0-99
17931,1,82-1532,2019,20712,19611,1101,728,331,3,Principal Arterial,3,Urban,Freeway/Prin. Art.,2,Other Wayne,200-499,500-999,1000-1999
17976,0,82-1115,2019,14874,14723,151,111,23,3,Principal Arterial,3,Urban,Freeway/Prin. Art.,2,Other Wayne,0-99,100-199,100-199
17983,0,82-1239,2017,12178,11874,304,183,109,4,Minor Arterial,3,Urban,Other Road,2,Other Wayne,100-199,100-199,200-499
17985,0,82-1533,2017,23153,22668,485,278,184,4,Minor Arterial,3,Urban,Other Road,2,Other Wayne,100-199,200-499,200-499
17998,0,82-1271,2018,13561,13343.5,217,117,31,3,Principal Arterial,3,Urban,Freeway/Prin. Art.,2,Other Wayne,0-99,100-199,100-199
18003,1,82-2560,2018,11139,10513,625,241,353,3,Principal Arterial,3,Urban,Freeway/Prin. Art.,2,Other Wayne,200-499,200-499,500-999
18019,0,82-1798,2019,2691.5,2658,33,25,8,4,Minor Arterial,3,Urban,Other Road,1,Detroit,0-99,0-99,0-99
18049,0,82-1528,2017,13985,13635,350,210,126,4,Minor Arterial,3,Urban,Other Road,2,Other Wayne,100-199,200-499,200-499
18063,0,82-1284,2018,181,177,3,2,3,5,Major Collector,5,Rural,Other Road,2,Other Wayne,0-99,0-99,0-99
18095,1,82-1353,2018,11210,10880,329,159,156,4,Minor Arterial,3,Urban,Other Road,2,Other Wayne,100-199,100-199,200-499
18096,0,82-1753,2019,446,432,14,10,1,5,Major Collector,4,Suburban,Other Road,2,Other Wayne,0-99,0-99,0-99
18110,0,82-1146,2018,3103,3065,37,22,17,4,Minor Arterial,4,Suburban,Other Road,2,Other Wayne,0-99,0-99,0-99
18175,0,82-1325,2019,14046,13912,134,84,45,3,Principal Arterial,3,Urban,Freeway/Prin. Art.,2,Other Wayne,0-99,0-99,100-199
18177,0,82-1524,2017,7278,7053,225,138,80,4,Minor Arterial,3,Urban,Other Road,2,Other Wayne,0-99,100-199,200-499
18229,1,82-1331,2019,16184,15793,391,259,119,3,Principal Arterial,3,Urban,Freeway/Prin. Art.,2,Other Wayne,100-199,200-499,200-499
18254,1,82-1571,2019,24468,23888,580,287,282,3,Principal Arterial,4,Suburban,Freeway/Prin. Art.,2,Other Wayne,200-499,200-499,500-999
18262,0,82-1573,2018,601,584,16,7,9,5,Major Collector,5,Rural,Other Road,2,Other Wayne,0-99,0-99,0-99
18266,0,82-1122,2018,6325,6226,98,59,38,5,Major Collector,4,Suburban,Other Road,2,Other Wayne,0-99,0-99,0-99
18274,1,82-1272,2019,20487,19911,576,378,112,3,Principal Arterial,3,Urban,Freeway/Prin. Art.,2,Other Wayne,100-199,200-499,200-499
18285,1,82-1499,2019,2128,1970,158,94,63,5,Major Collector,4,Suburban,Other Road,2,Other Wayne,0-99,0-99,100-199
18301,0,82-1194,2019,13254,12987,267,87,16,3,Principal Arterial,3,Urban,Freeway/Prin. Art.,1,Detroit,0-99,0-99,100-199
18302,0,82-1118,2018,23303,22958,345,180,36,3,Principal Arterial,3,Urban,Freeway/Prin. Art.,1,Detroit,0-99,100-199,200-499
18331,0,82-1814,2017,8196,7951,245,147,90,4,Minor Arterial,3,Urban,Other Road,2,Other Wayne,0-99,100-199,200-499
18350,1,82-5821,2018,12730,11894,835,233,542,3,Principal Arterial,3,Urban,Freeway/Prin. Art.,1,Detroit,500-999,200-499,500-999
18373,1,82-1150,2018,1964,1813,150,32,120,4,Minor Arterial,4,Suburban,Other Road,2,Other Wayne,100-199,0-99,100-199
18374,0,82-1443,2017,12572,12256,316,189,114,4,Minor Arterial,4,Suburban,Other Road,2,Other Wayne,100-199,100-199,200-499
18382,0,82-1864,2019,11833.5,11705.5,128,77,15,3,Principal Arterial,3,Urban,Freeway/Prin. Art.,2,Other Wayne,0-99,0-99,0-99
18417,1,82-1275,2019,9967,9340,627,247,380,3,Principal Arterial,3,Urban,Freeway/Prin. Art.,2,Other Wayne,200-499,200-499,500-999
18445,1,82-1332,2019,14606,14141,465,310,135,3,Principal Arterial,3,Urban,Freeway/Prin. Art.,2,Other Wayne,100-199,200-499,200-499
18462,0,82-6430,2017,15196,14832,364,213,136,4,Minor Arterial,4,Suburban,Other Road,2,Other Wayne,100-199,200-499,200-499
18466,0,82-6423,2017,16711,16360,351,167,167,5,Major Collector,3,Urban,Other Road,2,Other Wayne,100-199,100-199,200-499
18478,1,82-1806,2019,19286.5,19026.5,260,181,59,3,Principal Arterial,3,Urban,Freeway/Prin. Art.,2,Other Wayne,0-99,100-199,200-499
18481,0,82-2226,2017,4429,4302,127,66,57,5,Major Collector,3,Urban,Other Road,2,Other Wayne,0-99,0-99,100-199
18498,0,82-1327,2019,13503,13323,180,130,31,3,Principal Arterial,3,Urban,Freeway/Prin. Art.,2,Other Wayne,0-99,100-199,100-199
18502,0,82-1356,2017,10006,9726,280,160,110,4,Minor Arterial,3,Urban,Other Road,2,Other Wayne,100-199,100-199,200-499
18515,0,82-1459,2017,13746,13402,344,207,123,4,Minor Arterial,3,Urban,Other Road,2,Other Wayne,100-199,200-499,200-499
18523,0,82-6058,2018,666,659,7,7,0,5,Major Collector,3,Urban,Other Road,1,Detroit,0-99,0-99,0-99
18531,0,82-2456,2018,701,684,17,17,0,5,Major Collector,3,Urban,Other Road,1,Detroit,0-99,0-99,0-99
18541,0,82-1482,2018,4229,4116,113,67,38,4,Minor Arterial,4,Suburban,Other Road,2,Other Wayne,0-99,0-99,100-199
18557,0,82-1525,2018,8768,8708,59,40,24,4,Minor Arterial,4,Suburban,Other Road,2,Other Wayne,0-99,0-99,0-99
18559,1,82-1413,2019,17362,16604,758,336,252,3,Principal Arterial,3,Urban,Freeway/Prin. Art.,2,Other Wayne,200-499,200-499,500-999
18563,0,82-6432,2017,7540,7312,228,136,84,4,Minor Arterial,4,Suburban,Other Road,2,Other Wayne,0-99,100-199,200-499
18579,1,82-6429,2017,12891,12330,560,301,252,4,Minor Arterial,4,Suburban,Other Road,2,Other Wayne,200-499,200-499,500-999
18604,0,82-6064,2019,1289,1276,13,13,0,5,Major Collector,3,Urban,Other Road,1,Detroit,0-99,0-99,0-99
18624,1,82-1855,2018,7672,7133,539,168,351,3,Principal Arterial,3,Urban,Freeway/Prin. Art.,2,Other Wayne,200-499,100-199,500-999
18646,0,82-0334,2019,11916,11451,465,286,131,4,Minor Arterial,4,Suburban,Other Road,2,Other Wayne,100-199,200-499,200-499
18656,1,82-6410,2019,4822,4509,313,163,148,4,Minor Arterial,4,Suburban,Other Road,2,Other Wayne,100-199,100-199,200-499
18677,0,82-1242,2019,13908,13706.5,201,133,32,3,Principal Arterial,3,Urban,Freeway/Prin. Art.,2,Other Wayne,0-99,100-199,100-199
18711,0,82-1238,2017,5091,4955,136,66,65,5,Major Collector,3,Urban,Other Road,2,Other Wayne,0-99,0-99,100-199
18718,0,82-6346,2019,15166,14992.5,173,127,31,3,Principal Arterial,3,Urban,Freeway/Prin. Art.,2,Other Wayne,0-99,100-199,100-199
18728,0,82-1584,2017,3022,2920,102,51,48,5,Major Collector,5,Rural,Other Road,2,Other Wayne,0-99,0-99,0-99
18736,0,82-1588,2018,4125,4072,52,38,17,5,Major Collector,4,Suburban,Other Road,2,Other Wayne,0-99,0-99,0-99
18767,0,82-1377,2019,9069,8946,123,80,39,3,Principal Arterial,3,Urban,Freeway/Prin. Art.,2,Other Wayne,0-99,0-99,100-199
18774,0,82-6437,2017,11737,11431,306,177,117,4,Minor Arterial,3,Urban,Other Road,2,Other Wayne,100-199,100-199,200-499
18797,0,82-1377,2019,9069,8946,123,80,39,3,Principal Arterial,3,Urban,Freeway/Prin. Art.,2,Other Wayne,0-99,0-99,100-199
18808,1,82-1708,2019,5878,5374,504,204,292,4,Minor Arterial,4,Suburban,Other Road,2,Other Wayne,200-499,200-499,200-499
18811,1,82-1123,2017,15247,14459,787,249,460,3,Principal Arterial,3,Urban,Freeway/Prin. Art.,1,Detroit,200-499,200-499,500-999
18818,0,82-6283,2019,14744,14539,205,147,31,3,Principal Arterial,3,Urban,Freeway/Prin. Art.,2,Other Wayne,0-99,100-199,100-199
18835,1,82-6428,2017,11176,10853,322,191,132,4,Minor Arterial,4,Suburban,Other Road,2,Other Wayne,100-199,100-199,200-499
18937,1,82-1240,2019,24894,24581,313,206,74,3,Principal Arterial,3,Urban,Freeway/Prin. Art.,2,Other Wayne,0-99,200-499,200-499
18946,0,82-1480,2018,5863,5752,110,75,39,4,Minor Arterial,4,Suburban,Other Road,2,Other Wayne,0-99,0-99,100-199
18962,1,82-1707,2018,12072,11956,115,17,101,3,Principal Arterial,3,Urban,Freeway/Prin. Art.,2,Other Wayne,100-199,0-99,100-199
18995,1,82-1111,2018,6146.5,5821.5,325,155,126,3,Principal Arterial,3,Urban,Freeway/Prin. Art.,2,Other Wayne,100-199,100-199,200-499
19002,0,82-6306,2017,10679,10379,300,171,118,4,Minor Arterial,3,Urban,Other Road,2,Other Wayne,100-199,100-199,200-499
19067,0,82-1162,2018,1582,1570,11,9,3,5,Major Collector,4,Suburban,Other Road,2,Other Wayne,0-99,0-99,0-99
19071,0,82-1112,2019,15373.5,15173.5,200,148,33,3,Principal Arterial,3,Urban,Freeway/Prin. Art.,2,Other Wayne,0-99,100-199,100-199
19073,0,82-1766,2017,27934,26648,1286,475,727,3,Principal Arterial,3,Urban,Freeway/Prin. Art.,2,Other Wayne,500-999,200-499,1000-1999
19106,1,82-1410,2018,13221,12547,673,274,378,3,Principal Arterial,4,Suburban,Freeway/Prin. Art.,2,Other Wayne,200-499,200-499,500-999
19108,1,82-1575,2019,22229,21913,316,181,80,3,Principal Arterial,4,Suburban,Freeway/Prin. Art.,2,Other Wayne,0-99,100-199,200-499
19134,0,82-1100,2017,7243,7069,174,87,80,5,Major Collector,4,Suburban,Other Road,2,Other Wayne,0-99,0-99,100-199
19149,0,82-6435,2019,9428,9274,153,134,19,4,Minor Arterial,4,Suburban,Other Road,2,Other Wayne,0-99,100-199,100-199
19158,1,82-1398,2019,12192,11889,303,182,87,3,Principal Arterial,3,Urban,Freeway/Prin. Art.,1,Detroit,0-99,100-199,200-499
19161,0,82-1114,2019,14112,13942,170,125,24,3,Principal Arterial,3,Urban,Freeway/Prin. Art.,2,Other Wayne,0-99,100-199,100-199
19165,0,82-1285,2018,162,156,5,5,1,5,Major Collector,5,Rural,Other Road,2,Other Wayne,0-99,0-99,0-99
19169,1,82-1109,2018,14107,13930,176,100,79,4,Minor Arterial,4,Suburban,Other Road,2,Other Wayne,0-99,100-199,100-199
19195,1,82-7348,2019,25421,24837,584,232,84,3,Principal Arterial,3,Urban,Freeway/Prin. Art.,1,Detroit,0-99,200-499,200-499
19207,0,82-6085,2018,2423,2358,65,39,21,4,Minor Arterial,3,Urban,Other Road,1,Detroit,0-99,0-99,0-99
19226,1,82-6398,2019,2987,2571,416,208,206,4,Minor Arterial,4,Suburban,Other Road,2,Other Wayne,200-499,200-499,200-499
19239,0,82-1322,2018,4664,4619,44,25,17,5,Major Collector,4,Suburban,Other Road,2,Other Wayne,0-99,0-99,0-99
19262,0,82-1234,2018,6645,6560,84,60,12,3,Principal Arterial,3,Urban,Freeway/Prin. Art.,1,Detroit,0-99,0-99,0-99
19268,0,82-1235,2018,5084,4951.5,132,66,45,3,Principal Arterial,3,Urban,Freeway/Prin. Art.,2,Other Wayne,0-99,0-99,100-199
19275,0,82-1858,2019,3151,3114,37,28,9,3,Principal Arterial,4,Suburban,Freeway/Prin. Art.,2,Other Wayne,0-99,0-99,0-99
19447,0,82-6108,2017,7376,7200,176,89,80,5,Major Collector,3,Urban,Other Road,1,Detroit,0-99,0-99,100-199
19531,0,82-1756,2019,2589,2516,73,52,21,3,Principal Arterial,3,Urban,Freeway/Prin. Art.,2,Other Wayne,0-99,0-99,0-99
19532,0,82-1755,2019,2016,1960,56,40,16,3,Principal Arterial,3,Urban,Freeway/Prin. Art.,2,Other Wayne,0-99,0-99,0-99
19558,0,82-1292,2017,1050,1016,34,21,12,4,Minor Arterial,3,Urban,Other Road,2,Other Wayne,0-99,0-99,0-99
19646,1,82-6518,2019,1248,1058,190,44,127,5,Major Collector,1,Urban Business,Other Road,1,Detroit,100-199,0-99,100-199
19702,1,82-0096,2018,40281,38909,1371,720,521,3,Principal Arterial,3,Urban,Freeway/Prin. Art.,1,Detroit,500-999,500-999,1000-1999
19727,0,82-0030,2018,21405.5,20934.5,471,342,107,3,Principal Arterial,3,Urban,Freeway/Prin. Art.,1,Detroit,100-199,200-499,200-499
19730,0,82-0404,2018,19101.5,18681.5,420,305,95,3,Principal Arterial,3,Urban,Freeway/Prin. Art.,2,Other Wayne,0-99,200-499,200-499
19733,1,82-0402,2019,17056,16623.5,432,307,104,3,Principal Arterial,3,Urban,Freeway/Prin. Art.,2,Other Wayne,100-199,200-499,200-499
19735,0,82-0029,2018,15678.5,15333.5,345,251,78,3,Principal Arterial,3,Urban,Freeway/Prin. Art.,2,Other Wayne,0-99,200-499,200-499
20340,1,82-1822,2019,4994,4895.5,98,40,57,3,Principal Arterial,4,Suburban,Freeway/Prin. Art.,2,Other Wayne,0-99,0-99,0-99
20427,0,82-1344,2017,9813,9541.5,271,160,102,4,Minor Arterial,4,Suburban,Other Road,2,Other Wayne,100-199,100-199,200-499
20479,1,82-1713,2019,5553,4565,988,268,654,3,Principal Arterial,3,Urban,Freeway/Prin. Art.,1,Detroit,500-999,200-499,500-999
20713,0,82-1343,2019,6273,6143,130,78,43,3,Principal Arterial,4,Suburban,Freeway/Prin. Art.,2,Other Wayne,0-99,0-99,100-199
20781,1,82-1342,2019,6324,6183,141,75,64,3,Principal Arterial,4,Suburban,Freeway/Prin. Art.,2,Other Wayne,0-99,0-99,100-199
20782,1,82-1340,2019,12303,11983,320,157,106,3,Principal Arterial,3,Urban,Freeway/Prin. Art.,2,Other Wayne,100-199,100-199,200-499
20783,1,82-2543,2017,5286,4470,815,195,601,3,Principal Arterial,3,Urban,Freeway/Prin. Art.,1,Detroit,500-999,100-199,500-999
20835,1,82-2544,2017,3098,2809,288,88,202,4,Minor Arterial,3,Urban,Other Road,1,Detroit,200-499,0-99,200-499
20914,1,82-1125,2018,19461,18969,492,359,92,3,Principal Arterial,3,Urban,Freeway/Prin. Art.,2,Other Wayne,0-99,200-499,200-499
20925,1,82-1142,2018,22544,22082,462,323,101,3,Principal Arterial,3,Urban,Freeway/Prin. Art.,2,Other Wayne,100-199,200-499,200-499
21034,0,82-0081,2019,28704.5,28303,401,229,172,3,Principal Arterial,3,Urban,Freeway/Prin. Art.,2,Other Wayne,100-199,200-499,200-499
21036,0,82-0017,2019,23329.5,22443,886,420,396,3,Principal Arterial,3,Urban,Freeway/Prin. Art.,2,Other Wayne,200-499,200-499,500-999
21240,1,82-7061,2019,34235,32927.5,1307,607,593,3,Principal Arterial,3,Urban,Freeway/Prin. Art.,2,Other Wayne,500-999,500-999,1000-1999
21245,0,82-7820,2018,18414,17715,699,239,460,3,Principal Arterial,4,Suburban,Freeway/Prin. Art.,2,Other Wayne,200-499,200-499,500-999
21275,0,82-4923,2019,8286,7101,1185,406,655,3,Principal Arterial,3,Urban,Freeway/Prin. Art.,1,Detroit,500-999,200-499,1000-1999
21277,0,82-2557,2017,6220,5746,474,174,269,3,Principal Arterial,3,Urban,Freeway/Prin. Art.,1,Detroit,200-499,100-199,200-499
21299,0,82-0332,2019,21976,21141,835,286,549,3,Principal Arterial,4,Suburban,Freeway/Prin. Art.,2,Other Wayne,500-999,200-499,500-999
21305,1,82-1593,2019,12936,12142,794,447,290,3,Principal Arterial,3,Urban,Freeway/Prin. Art.,2,Other Wayne,200-499,200-499,500-999
21349,0,82-4050,2018,25276.5,24114,1162,379,783,3,Principal Arterial,4,Suburban,Freeway/Prin. Art.,2,Other Wayne,500-999,200-499,1000-1999
21369,0,82-2553,2017,4115,3777,338,127,186,3,Principal Arterial,2,Urban Fringe,Freeway/Prin. Art.,1,Detroit,100-199,100-199,200-499
21405,0,82-0051,2019,24252.5,23330.5,922,436,412,3,Principal Arterial,3,Urban,Freeway/Prin. Art.,2,Other Wayne,200-499,200-499,500-999
21408,0,82-9413,2019,11238,10889,349,169,169,3,Principal Arterial,4,Suburban,Freeway/Prin. Art.,2,Other Wayne,100-199,100-199,200-499
21452,0,82-0018,2019,23389.5,22501,888,421,397,3,Principal Arterial,3,Urban,Freeway/Prin. Art.,2,Other Wayne,200-499,200-499,500-999
21455,0,82-0015,2019,28316,27240,1076,509,481,3,Principal Arterial,4,Suburban,Freeway/Prin. Art.,2,Other Wayne,200-499,500-999,500-999
21457,0,82-0075,2018,22441,21409,1032,336,695,3,Principal Arterial,4,Suburban,Freeway/Prin. Art.,2,Other Wayne,500-999,200-499,1000-1999
21458,0,82-7819,2018,21945,21111,834,285,549,3,Principal Arterial,4,Suburban,Freeway/Prin. Art.,2,Other Wayne,500-999,200-499,500-999
21463,1,82-1403,2019,25336,24918,418,276,69,3,Principal Arterial,3,Urban,Freeway/Prin. Art.,2,Other Wayne,0-99,200-499,200-499
21513,0,82-0013,2018,34813.5,33212.5,1601,522,1079,3,Principal Arterial,4,Suburban,Freeway/Prin. Art.,2,Other Wayne,1000-1999,500-999,1000-1999
21515,0,82-0083,2019,20639,19855,784,268,516,3,Principal Arterial,4,Suburban,Freeway/Prin. Art.,2,Other Wayne,500-999,200-499,500-999
21565,0,82-7077,2019,20941,20145,796,377,356,3,Principal Arterial,3,Urban,Freeway/Prin. Art.,2,Other Wayne,200-499,200-499,500-999
21569,1,82-1591,2018,10810,10509,300,120,180,3,Principal Arterial,3,Urban,Freeway/Prin. Art.,1,Detroit,100-199,100-199,200-499
21572,1,82-1406,2019,30928,29479,1449,772,650,3,Principal Arterial,3,Urban,Freeway/Prin. Art.,2,Other Wayne,500-999,500-999,1000-1999
21609,1,82-5849,2019,8114,7690,424,223,172,3,Principal Arterial,3,Urban,Freeway/Prin. Art.,1,Detroit,100-199,200-499,200-499
21629,0,82-1242,2019,13908,13706.5,201,133,32,3,Principal Arterial,3,Urban,Freeway/Prin. Art.,2,Other Wayne,0-99,100-199,100-199
21631,1,82-2556,2019,4570,4370,200,104,74,3,Principal Arterial,3,Urban,Freeway/Prin. Art.,1,Detroit,0-99,100-199,100-199
21632,0,82-1549,2017,11212,10416,796,291,449,3,Principal Arterial,3,Urban,Freeway/Prin. Art.,1,Detroit,200-499,200-499,500-999
21733,1,82-1775,2019,14583.5,13327.5,1256,420,783,3,Principal Arterial,3,Urban,Freeway/Prin. Art.,1,Detroit,500-999,200-499,1000-1999
21817,0,82-6084,2017,2850.5,2786.5,63,37,23,3,Principal Arterial,3,Urban,Freeway/Prin. Art.,1,Detroit,0-99,0-99,0-99
21843,0,82-0176,2019,25467,24499,968,458,433,3,Principal Arterial,3,Urban,Freeway/Prin. Art.,2,Other Wayne,200-499,200-499,500-999
21919,0,82-0518,2018,34592.5,33001,1591,519,1072,3,Principal Arterial,4,Suburban,Freeway/Prin. Art.,2,Other Wayne,1000-1999,500-999,1000-1999
22012,0,82-1404,2018,14171,13802,369,185,127,3,Principal Arterial,3,Urban,Freeway/Prin. Art.,2,Other Wayne,100-199,100-199,200-499
22023,0,82-1433,2018,981,968,12,9,5,5,Major Collector,4,Suburban,Other Road,2,Other Wayne,0-99,0-99,0-99
22024,0,82-1320,2018,6801,6744,56,43,17,5,Major Collector,4,Suburban,Other Road,2,Other Wayne,0-99,0-99,0-99
22111,1,82-0172,2019,14702,14242,460,227,220,3,Principal Arterial,4,Suburban,Freeway/Prin. Art.,2,Other Wayne,200-499,200-499,200-499
22116,1,82-1594,2019,23594,23040,554,321,123,3,Principal Arterial,3,Urban,Freeway/Prin. Art.,1,Detroit,100-199,200-499,200-499
22129,0,82-1254,2017,13870,13522,348,208,126,4,Minor Arterial,4,Suburban,Other Road,2,Other Wayne,100-199,200-499,200-499
22168,0,82-5887,2019,1851,1760.5,90,37,20,3,Principal Arterial,3,Urban,Freeway/Prin. Art.,1,Detroit,0-99,0-99,0-99
22169,0,82-3041,2017,1997.5,1911.5,86,52,32,4,Minor Arterial,3,Urban,Other Road,1,Detroit,0-99,0-99,0-99
22180,0,82-1760,2019,1591,1546,45,32,13,3,Principal Arterial,3,Urban,Freeway/Prin. Art.,2,Other Wayne,0-99,0-99,0-99
22183,0,82-1758,2019,2090,2031,59,42,17,3,Principal Arterial,3,Urban,Freeway/Prin. Art.,2,Other Wayne,0-99,0-99,0-99
22203,0,82-1787,2019,7107.5,7012,95,63,22,4,Minor Arterial,3,Urban,Other Road,1,Detroit,0-99,0-99,0-99
22226,1,82-1387,2019,9084,8841,243,127,102,3,Principal Arterial,3,Urban,Freeway/Prin. Art.,1,Detroit,100-199,100-199,200-499
22242,1,82-1229,2019,19601,18442.5,1158,416,714,3,Principal Arterial,4,Suburban,Freeway/Prin. Art.,2,Other Wayne,500-999,200-499,1000-1999
22261,1,82-6321,2019,12096.5,11932,164,111,51,3,Principal Arterial,3,Urban,Freeway/Prin. Art.,2,Other Wayne,0-99,100-199,100-199
22266,0,82-8451,2019,9402,9205,197,94,28,3,Principal Arterial,3,Urban,Freeway/Prin. Art.,2,Other Wayne,0-99,0-99,100-199
22273,1,82-6321,2019,12096.5,11932,164,111,51,3,Principal Arterial,3,Urban,Freeway/Prin. Art.,2,Other Wayne,0-99,100-199,100-199
22277,0,82-8451,2019,9402,9205,197,94,28,3,Principal Arterial,3,Urban,Freeway/Prin. Art.,2,Other Wayne,0-99,0-99,100-199
22285,0,82-9999,2019,41929,39916,2013,1006,922,2,Other Freeway,3,Urban,Freeway/Prin. Art.,2,Other Wayne,500-999,1000-1999,1000-1999
22295,0,82-0997,2019,19147.5,18228.5,919,459,421,3,Principal Arterial,3,Urban,Freeway/Prin. Art.,1,Detroit,200-499,200-499,500-999
22302,0,82-1334,2019,18642,18195,447,190,38,3,Principal Arterial,3,Urban,Freeway/Prin. Art.,1,Detroit,0-99,100-199,200-499
22305,1,82-0890,2019,19720,18760,960,470,443,1,Interstate Freeway,3,Urban,Interstate,1,Detroit,200-499,200-499,500-999
22313,0,82-9999,2019,41929,39916,2013,1006,922,2,Other Freeway,3,Urban,Freeway/Prin. Art.,2,Other Wayne,500-999,1000-1999,1000-1999
22319,0,82-1003,2019,39036,37162,1874,937,859,3,Principal Arterial,3,Urban,Freeway/Prin. Art.,1,Detroit,500-999,500-999,1000-1999
22327,0,82-0997,2019,19147.5,18228.5,919,459,421,3,Principal Arterial,3,Urban,Freeway/Prin. Art.,1,Detroit,200-499,200-499,500-999
22333,1,82-0890,2019,19720,18760,960,470,443,1,Interstate Freeway,3,Urban,Interstate,1,Detroit,200-499,200-499,500-999
22335,0,82-6346,2019,15166,14992.5,173,127,31,3,Principal Arterial,3,Urban,Freeway/Prin. Art.,2,Other Wayne,0-99,100-199,100-199
22336,0,82-1112,2019,15373.5,15173.5,200,148,33,3,Principal Arterial,3,Urban,Freeway/Prin. Art.,2,Other Wayne,0-99,100-199,100-199
22360,0,82-5875,2018,1352,1328,23,21,3,4,Minor Arterial,3,Urban,Other Road,1,Detroit,0-99,0-99,0-99
22394,1,82-6110,2019,2414,2210.5,203,106,73,4,Minor Arterial,3,Urban,Other Road,1,Detroit,0-99,100-199,100-199
22414,1,82-3028,2018,8712.5,8060.5,651,256,265,3,Principal Arterial,3,Urban,Freeway/Prin. Art.,1,Detroit,200-499,200-499,500-999
22415,0,82-6322,2019,2004.5,1880,124,63,17,5,Major Collector,3,Urban,Other Road,2,Other Wayne,0-99,0-99,0-99
22418,0,82-2468,2018,136,53,82,26,57,4,Minor Arterial,3,Urban,Other Road,1,Detroit,0-99,0-99,0-99
22441,0,82-1223,2018,3785,3768,16,6,14,3,Principal Arterial,4,Suburban,Freeway/Prin. Art.,2,Other Wayne,0-99,0-99,0-99
22445,0,82-1222,2017,7735,7503,232,139,85,4,Minor Arterial,3,Urban,Other Road,2,Other Wayne,0-99,100-199,200-499
22450,1,82-1792,2018,7454.5,7117,337,141,187,3,Principal Arterial,3,Urban,Freeway/Prin. Art.,1,Detroit,100-199,100-199,200-499
22461,0,82-1487,2017,2942,2841,101,50,48,5,Major Collector,3,Urban,Other Road,1,Detroit,0-99,0-99,0-99
22478,1,82-1111,2018,6146.5,5821.5,325,155,126,3,Principal Arterial,3,Urban,Freeway/Prin. Art.,2,Other Wayne,100-199,100-199,200-499
22481,0,82-1103,2019,9608,9488.5,119,72,10,4,Minor Arterial,3,Urban,Other Road,2,Other Wayne,0-99,0-99,0-99
22529,0,82-6286,2019,2903,2821,82,64,13,4,Minor Arterial,3,Urban,Other Road,2,Other Wayne,0-99,0-99,0-99
22545,0,82-5890,2019,939,861.5,77,41,10,4,Minor Arterial,3,Urban,Other Road,1,Detroit,0-99,0-99,0-99
22557,0,82-1856,2018,6056.5,5899.5,157,78,54,3,Principal Arterial,3,Urban,Freeway/Prin. Art.,2,Other Wayne,0-99,0-99,100-199
22564,0,82-1477,2017,5464,5316,148,87,55,4,Minor Arterial,3,Urban,Other Road,2,Other Wayne,0-99,0-99,100-199
22580,1,82-2634,2019,22959.5,22497.5,462,217,74,3,Principal Arterial,3,Urban,Freeway/Prin. Art.,2,Other Wayne,0-99,200-499,200-499
22581,0,82-2487,2018,320,312,8,6,2,5,Major Collector,3,Urban,Other Road,1,Detroit,0-99,0-99,0-99
22615,1,82-0765,2019,23749,22332,1417,621,780,3,Principal Arterial,4,Suburban,Freeway/Prin. Art.,2,Other Wayne,500-999,500-999,1000-1999
22618,0,82-1900,2018,5409,5271,138,91,42,5,Major Collector,1,Urban Business,Other Road,1,Detroit,0-99,0-99,100-199
22623,0,82-1468,2018,1088,1077,10,12,1,5,Major Collector,4,Suburban,Other Road,2,Other Wayne,0-99,0-99,0-99
22624,0,82-1095,2018,1073,1045,28,17,9,4,Minor Arterial,3,Urban,Other Road,1,Detroit,0-99,0-99,0-99
22691,0,82-2328,2017,949,910.5,38,20,17,5,Major Collector,3,Urban,Other Road,1,Detroit,0-99,0-99,0-99
22709,0,82-1469,2019,765,686,79,56,15,5,Major Collector,1,Urban Business,Other Road,1,Detroit,0-99,0-99,0-99
22719,0,82-5840,2019,1841.5,1787.5,54,35,14,3,Principal Arterial,3,Urban,Freeway/Prin. Art.,1,Detroit,0-99,0-99,0-99
22746,0,82-5992,2017,1995,1913,82,42,38,5,Major Collector,3,Urban,Other Road,1,Detroit,0-99,0-99,0-99
22757,1,82-1489,2019,4367,4177,190,84,90,4,Minor Arterial,3,Urban,Other Road,1,Detroit,0-99,0-99,100-199
22764,0,82-1245,2017,8873,8615,258,151,98,4,Minor Arterial,3,Urban,Other Road,2,Other Wayne,0-99,100-199,200-499
22780,0,82-1174,2019,18738,18391,347,127,29,3,Principal Arterial,4,Suburban,Freeway/Prin. Art.,2,Other Wayne,0-99,100-199,100-199
22781,1,82-6131,2019,8300,7966,334,134,148,5,Major Collector,1,Urban Business,Other Road,1,Detroit,100-199,100-199,200-499
22802,0,82-6427,2017,6447,6288,159,84,69,5,Major Collector,3,Urban,Other Road,2,Other Wayne,0-99,0-99,100-199
22807,1,82-1805,2019,13309,13126,183,121,53,3,Principal Arterial,3,Urban,Freeway/Prin. Art.,2,Other Wayne,0-99,100-199,100-199
22821,0,82-6112,2019,6089,5995,94,65,29,5,Major Collector,3,Urban,Other Road,2,Other Wayne,0-99,0-99,0-99
22844,1,82-1282,2019,17287,16445,842,274,556,4,Minor Arterial,4,Suburban,Other Road,2,Other Wayne,500-999,200-499,500-999
22850,1,82-0114,2019,5494,5054,440,187,227,3,Principal Arterial,3,Urban,Freeway/Prin. Art.,1,Detroit,200-499,100-199,200-499
22856,0,82-2495,2017,1679,1606,73,39,32,5,Major Collector,3,Urban,Other Road,1,Detroit,0-99,0-99,0-99
22880,0,82-1396,2017,6039,5581,458,169,259,3,Principal Arterial,3,Urban,Freeway/Prin. Art.,1,Detroit,200-499,100-199,200-499
22884,0,82-6089,2019,645,635,10,7,2,4,Minor Arterial,3,Urban,Other Road,1,Detroit,0-99,0-99,0-99
22889,1,82-6170,2019,6278,5649,629,473,99,5,Major Collector,2,Urban Fringe,Other Road,1,Detroit,0-99,200-499,500-999
22894,0,82-0440,2019,18941.5,17710.5,1231,625,606,3,Principal Arterial,4,Suburban,Freeway/Prin. Art.,2,Other Wayne,500-999,500-999,1000-1999
22917,1,82-2548,2019,12850,12474,376,211,103,3,Principal Arterial,3,Urban,Freeway/Prin. Art.,1,Detroit,100-199,200-499,200-499
22921,1,82-1155,2018,15812,14703,1108,345,750,3,Principal Arterial,4,Suburban,Freeway/Prin. Art.,2,Other Wayne,500-999,200-499,1000-1999
22923,0,82-5917,2017,2069,1979,89,41,19,3,Principal Arterial,3,Urban,Freeway/Prin. Art.,1,Detroit,0-99,0-99,0-99
22943,1,82-1156,2018,18084,17575,508,195,301,3,Principal Arterial,4,Suburban,Freeway/Prin. Art.,2,Other Wayne,200-499,100-199,200-499
22946,0,82-0003,2018,6313,6142.5,170,94,38,3,Principal Arterial,3,Urban,Freeway/Prin. Art.,2,Other Wayne,0-99,0-99,100-199
22979,0,82-0846,2017,18405,18002,403,239,146,4,Minor Arterial,4,Suburban,Other Road,2,Other Wayne,100-199,200-499,200-499
22980,0,82-0957,2017,16994,16620,374,221,136,4,Minor Arterial,3,Urban,Other Road,2,Other Wayne,100-199,200-499,200-499
22982,1,82-2282,2019,11319,10679,640,273,239,3,Principal Arterial,3,Urban,Freeway/Prin. Art.,2,Other Wayne,200-499,200-499,500-999
22984,0,82-1768,2018,11782,11463,319,189,106,4,Minor Arterial,4,Suburban,Other Road,2,Other Wayne,100-199,100-199,200-499
22987,0,82-1856,2018,6056.5,5899.5,157,78,54,3,Principal Arterial,3,Urban,Freeway/Prin. Art.,2,Other Wayne,0-99,0-99,100-199
23035,0,82-2650,2019,13439.5,13170.5,269,134,40,3,Principal Arterial,3,Urban,Freeway/Prin. Art.,2,Other Wayne,0-99,100-199,100-199
23066,0,82-1798,2019,2691.5,2658,33,25,8,4,Minor Arterial,3,Urban,Other Road,1,Detroit,0-99,0-99,0-99
23069,0,82-6318,2019,2753,2695,58,50,8,5,Major Collector,3,Urban,Other Road,2,Other Wayne,0-99,0-99,0-99
23080,1,82-6317,2019,10720,10483,237,128,54,3,Principal Arterial,3,Urban,Freeway/Prin. Art.,2,Other Wayne,0-99,100-199,100-199
23086,1,82-5802,2019,16929.5,16457.5,472,191,108,3,Principal Arterial,3,Urban,Freeway/Prin. Art.,1,Detroit,100-199,100-199,200-499
23092,1,82-1130,2019,22905,22494,411,274,128,3,Principal Arterial,4,Suburban,Freeway/Prin. Art.,2,Other Wayne,100-199,200-499,200-499
23098,0,82-1291,2017,16183,15812,371,210,145,4,Minor Arterial,4,Suburban,Other Road,2,Other Wayne,100-199,200-499,200-499
23099,0,82-1286,2017,10858,10563,295,174,110,4,Minor Arterial,4,Suburban,Other Road,2,Other Wayne,100-199,100-199,200-499
23101,0,82-2484,2017,1380,1352,27,23,7,5,Major Collector,3,Urban,Other Road,1,Detroit,0-99,0-99,0-99
23120,0,82-6319,2019,7235,7058,177,134,34,5,Major Collector,3,Urban,Other Road,2,Other Wayne,0-99,100-199,100-199
23123,0,82-2698,2019,13142,12643,499,224,183,3,Principal Arterial,2,Urban Fringe,Freeway/Prin. Art.,2,Other Wayne,100-199,200-499,200-499
23135,1,82-2287,2017,2050,1591,458,103,352,5,Major Collector,3,Urban,Other Road,2,Other Wayne,200-499,100-199,200-499
23179,0,82-6287,2018,3801,3697,103,58,29,4,Minor Arterial,3,Urban,Other Road,2,Other Wayne,0-99,0-99,0-99
23208,1,82-1173,2018,17407,17118,288,194,91,3,Principal Arterial,4,Suburban,Freeway/Prin. Art.,2,Other Wayne,0-99,100-199,200-499
23212,0,82-0847,2017,23588,23091,497,283,190,4,Minor Arterial,4,Suburban,Other Road,2,Other Wayne,100-199,200-499,200-499
23231,0,82-4999,2017,3619.5,3329.5,290,105,163,5,Major Collector,3,Urban,Other Road,1,Detroit,100-199,100-199,200-499
23282,0,82-0730,2019,15930.5,14975,955,414,525,3,Principal Arterial,4,Suburban,Freeway/Prin. Art.,2,Other Wayne,500-999,200-499,500-999
23283,1,82-6320,2019,20612,20356,256,164,85,3,Principal Arterial,3,Urban,Freeway/Prin. Art.,2,Other Wayne,0-99,100-199,200-499
23288,0,82-1004,2017,1249,1189,60,32,27,5,Major Collector,3,Urban,Other Road,2,Other Wayne,0-99,0-99,0-99
23326,0,82-1337,2018,14225,14010,215,152,26,3,Principal Arterial,3,Urban,Freeway/Prin. Art.,2,Other Wayne,0-99,100-199,100-199
23341,0,82-2489,2018,587,570,17,10,6,5,Major Collector,3,Urban,Other Road,1,Detroit,0-99,0-99,0-99
23345,1,82-2482,2019,3345,3104,241,55,172,4,Minor Arterial,3,Urban,Other Road,1,Detroit,100-199,0-99,200-499
23360,0,82-1841,2018,3114,3092.5,21,15,7,4,Minor Arterial,3,Urban,Other Road,1,Detroit,0-99,0-99,0-99
23383,0,82-1022,2018,13700,13342,358,234,110,5,Major Collector,3,Urban,Other Road,2,Other Wayne,100-199,200-499,200-499
23388,0,82-6273,2019,1310,1282,28,23,4,5,Major Collector,3,Urban,Other Road,2,Other Wayne,0-99,0-99,0-99
23394,0,82-1019,2018,14649,14267,382,249,118,5,Major Collector,3,Urban,Other Road,2,Other Wayne,100-199,200-499,200-499
23396,0,82-1016,2018,15505,15098,407,265,126,5,Major Collector,3,Urban,Other Road,2,Other Wayne,100-199,200-499,200-499
23405,1,82-0121,2019,10194.5,9643,551,186,361,3,Principal Arterial,4,Suburban,Freeway/Prin. Art.,2,Other Wayne,200-499,100-199,500-999
23462,0,82-6123,2018,2007,1953,54,32,18,4,Minor Arterial,3,Urban,Other Road,1,Detroit,0-99,0-99,0-99
23472,0,82-6019,2018,2037,1982.5,54,32,18,4,Minor Arterial,3,Urban,Other Road,1,Detroit,0-99,0-99,0-99
23477,0,82-2697,2019,10850,10437,413,184,153,3,Principal Arterial,2,Urban Fringe,Freeway/Prin. Art.,2,Other Wayne,100-199,100-199,200-499
23494,0,82-5911,2019,1241,1158,83,43,4,3,Principal Arterial,3,Urban,Freeway/Prin. Art.,1,Detroit,0-99,0-99,0-99
23499,0,82-0674,2019,14495.5,13625.5,870,377,478,3,Principal Arterial,4,Suburban,Freeway/Prin. Art.,2,Other Wayne,200-499,200-499,500-999
23518,0,82-1540,2018,467,456,11,7,3,4,Minor Arterial,3,Urban,Other Road,1,Detroit,0-99,0-99,0-99
23546,0,82-1844,2019,8255.5,8112.5,143,42,7,4,Minor Arterial,3,Urban,Other Road,1,Detroit,0-99,0-99,0-99
23561,1,82-1154,2018,14254,13387,867,298,533,3,Principal Arterial,4,Suburban,Freeway/Prin. Art.,2,Other Wayne,500-999,200-499,500-999
23581,0,82-1167,2018,1208,1176,32,19,11,4,Minor Arterial,3,Urban,Other Road,1,Detroit,0-99,0-99,0-99
23602,0,82-6023,2019,6272,6165,107,63,44,4,Minor Arterial,5,Rural,Other Road,1,Detroit,0-99,0-99,100-199
23611,0,82-6522,2017,5086,4894,192,117,70,4,Minor Arterial,3,Urban,Other Road,1,Detroit,0-99,100-199,100-199
23634,0,82-2285,2017,21097,20001,1096,401,611,3,Principal Arterial,3,Urban,Freeway/Prin. Art.,2,Other Wayne,500-999,200-499,1000-1999
23662,1,82-5803,2019,25799,24939,860,293,216,3,Principal Arterial,3,Urban,Freeway/Prin. Art.,1,Detroit,200-499,200-499,500-999
23663,0,82-5801,2017,29064,27728,1336,494,755,3,Principal Arterial,3,Urban,Freeway/Prin. Art.,1,Detroit,500-999,200-499,1000-1999
23669,1,82-1127,2018,14051,13770,280,95,188,3,Principal Arterial,4,Suburban,Freeway/Prin. Art.,2,Other Wayne,100-199,0-99,200-499
23680,0,82-5971,2017,1888,1820,68,41,25,4,Minor Arterial,3,Urban,Other Road,1,Detroit,0-99,0-99,0-99
23684,0,82-1730,2017,4452.5,4323,129,75,49,4,Minor Arterial,2,Urban Fringe,Other Road,1,Detroit,0-99,0-99,100-199
23693,0,82-1271,2018,13561,13343.5,217,117,31,3,Principal Arterial,3,Urban,Freeway/Prin. Art.,2,Other Wayne,0-99,100-199,100-199
23726,1,82-1806,2019,19286.5,19026.5,260,181,59,3,Principal Arterial,3,Urban,Freeway/Prin. Art.,2,Other Wayne,0-99,100-199,200-499
23738,1,82-1822,2019,4994,4895.5,98,40,57,3,Principal Arterial,4,Suburban,Freeway/Prin. Art.,2,Other Wayne,0-99,0-99,0-99
23743,0,82-5871,2018,4907,4784,122,53,13,4,Minor Arterial,3,Urban,Other Road,1,Detroit,0-99,0-99,0-99
23764,0,82-2518,2019,2361,2341,20,13,6,4,Minor Arterial,3,Urban,Other Road,1,Detroit,0-99,0-99,0-99
23775,0,82-2177,2018,55,53,1,3,1,4,Minor Arterial,3,Urban,Other Road,1,Detroit,0-99,0-99,0-99
23776,0,82-6259,2018,1559,1480,78,53,18,3,Principal Arterial,3,Urban,Freeway/Prin. Art.,1,Detroit,0-99,0-99,0-99
23793,1,82-1228,2019,16665.5,16209,456,195,195,3,Principal Arterial,4,Suburban,Freeway/Prin. Art.,2,Other Wayne,100-199,100-199,200-499
23825,0,82-5804,2017,12101.5,11521,580,217,326,3,Principal Arterial,2,Urban Fringe,Freeway/Prin. Art.,1,Detroit,200-499,200-499,500-999
23828,0,82-2346,2017,13560,12937,623,230,352,3,Principal Arterial,2,Urban Fringe,Freeway/Prin. Art.,1,Detroit,200-499,200-499,500-999
23840,1,82-1430,2019,9521.5,8924,597,205,365,3,Principal Arterial,3,Urban,Freeway/Prin. Art.,1,Detroit,200-499,200-499,500-999
23847,0,82-1797,2018,4782,4658,124,62,43,3,Principal Arterial,3,Urban,Freeway/Prin. Art.,1,Detroit,0-99,0-99,100-199
23852,1,82-5815,2019,10347,9644,703,345,328,3,Principal Arterial,3,Urban,Freeway/Prin. Art.,1,Detroit,200-499,200-499,500-999
23860,0,82-1764,2018,2458.5,2394,64,32,22,3,Principal Arterial,3,Urban,Freeway/Prin. Art.,1,Detroit,0-99,0-99,0-99
23866,1,82-5802,2019,16929.5,16457.5,472,191,108,3,Principal Arterial,3,Urban,Freeway/Prin. Art.,1,Detroit,100-199,100-199,200-499
23884,0,82-5169,2019,4074.5,3784.5,290,33,7,3,Principal Arterial,1,Urban Business,Freeway/Prin. Art.,1,Detroit,0-99,0-99,0-99
23888,0,82-3442,2018,4690.5,4113.5,577,192,384,3,Principal Arterial,1,Urban Business,Freeway/Prin. Art.,1,Detroit,200-499,100-199,500-999
23911,1,82-0114,2019,5494,5054,440,187,227,3,Principal Arterial,3,Urban,Freeway/Prin. Art.,1,Detroit,200-499,100-199,200-499
23912,0,82-4999,2017,3619.5,3329.5,290,105,163,3,Principal Arterial,3,Urban,Freeway/Prin. Art.,1,Detroit,100-199,100-199,200-499
23948,0,82-6031,2019,7830,7525,305,188,86,4,Minor Arterial,3,Urban,Other Road,1,Detroit,0-99,100-199,200-499
23975,0,82-1568,2017,24918,23722,1196,448,673,3,Principal Arterial,3,Urban,Freeway/Prin. Art.,2,Other Wayne,500-999,200-499,1000-1999
23998,0,82-1864,2019,11833.5,11705.5,128,77,15,3,Principal Arterial,3,Urban,Freeway/Prin. Art.,2,Other Wayne,0-99,0-99,0-99
24000,1,82-1569,2018,17386,16858,528,263,160,3,Principal Arterial,3,Urban,Freeway/Prin. Art.,2,Other Wayne,100-199,200-499,200-499
24013,0,82-1567,2018,32739,31888,851,426,294,3,Principal Arterial,3,Urban,Freeway/Prin. Art.,2,Other Wayne,200-499,200-499,500-999
24017,1,82-1855,2018,7672,7133,539,168,351,3,Principal Arterial,3,Urban,Freeway/Prin. Art.,2,Other Wayne,200-499,100-199,500-999
24024,0,82-1556,2018,14983,14742,241,119,16,3,Principal Arterial,3,Urban,Freeway/Prin. Art.,2,Other Wayne,0-99,100-199,100-199
24028,0,82-1554,2018,18477,18265,212,129,20,3,Principal Arterial,3,Urban,Freeway/Prin. Art.,2,Other Wayne,0-99,100-199,100-199
24034,0,82-1551,2018,19084,18934,150,116,20,3,Principal Arterial,3,Urban,Freeway/Prin. Art.,2,Other Wayne,0-99,100-199,100-199
24038,1,82-1557,2018,24693,24375,318,190,52,3,Principal Arterial,3,Urban,Freeway/Prin. Art.,2,Other Wayne,0-99,100-199,200-499
24039,0,82-1558,2018,25009,24717,292,172,44,3,Principal Arterial,3,Urban,Freeway/Prin. Art.,2,Other Wayne,0-99,100-199,200-499
24042,0,82-1550,2017,28624,28022,602,343,230,4,Minor Arterial,3,Urban,Other Road,2,Other Wayne,200-499,200-499,500-999
24053,0,82-1042,2018,5683,5535,148,74,51,3,Principal Arterial,4,Suburban,Freeway/Prin. Art.,2,Other Wayne,0-99,0-99,100-199
24066,1,82-1545,2018,15300,15123,176,78,98,4,Minor Arterial,4,Suburban,Other Road,2,Other Wayne,0-99,0-99,100-199
24105,0,82-3442,2018,4690.5,4113.5,577,192,384,3,Principal Arterial,1,Urban Business,Freeway/Prin. Art.,1,Detroit,200-499,100-199,500-999
24134,1,82-2535,2019,4701,4522.5,178,91,81,3,Principal Arterial,1,Urban Business,Freeway/Prin. Art.,1,Detroit,0-99,0-99,100-199
24137,0,82-2530,2017,1654,1582,72,38,32,5,Major Collector,3,Urban,Other Road,1,Detroit,0-99,0-99,0-99
24203,0,82-2231,2017,2462,2371,91,56,33,4,Minor Arterial,3,Urban,Other Road,2,Other Wayne,0-99,0-99,0-99
24204,0,82-2230,2017,2512,2414,98,58,37,4,Minor Arterial,3,Urban,Other Road,2,Other Wayne,0-99,0-99,0-99
24209,0,82-6267,2017,2127,1993,134,51,72,3,Principal Arterial,1,Urban Business,Freeway/Prin. Art.,1,Detroit,0-99,0-99,100-199
24229,0,82-5169,2019,4074.5,3784.5,290,33,7,3,Principal Arterial,1,Urban Business,Freeway/Prin. Art.,1,Detroit,0-99,0-99,0-99
24270,0,82-2540,2017,370,365,4,4,1,5,Major Collector,3,Urban,Other Road,1,Detroit,0-99,0-99,0-99
24272,1,82-2535,2019,4701,4522.5,178,91,81,3,Principal Arterial,1,Urban Business,Freeway/Prin. Art.,1,Detroit,0-99,0-99,100-199
24274,0,82-5985,2017,2551,2460,91,46,42,5,Major Collector,3,Urban,Other Road,2,Other Wayne,0-99,0-99,0-99
24292,0,82-6193,2018,1215,1183,32,19,11,4,Minor Arterial,3,Urban,Other Road,1,Detroit,0-99,0-99,0-99
24323,1,82-6209,2019,4294,3590,704,330,367,4,Minor Arterial,3,Urban,Other Road,1,Detroit,200-499,200-499,500-999
24338,1,82-1839,2019,19533,18670,863,307,486,3,Principal Arterial,3,Urban,Freeway/Prin. Art.,2,Other Wayne,200-499,200-499,500-999
24345,0,82-5868,2018,2062,2007,55,33,18,4,Minor Arterial,3,Urban,Other Road,1,Detroit,0-99,0-99,0-99
24352,1,82-1563,2018,14862,14192,669,245,420,3,Principal Arterial,4,Suburban,Freeway/Prin. Art.,2,Other Wayne,200-499,200-499,500-999
24392,1,82-1861,2019,10454,10261.5,192,131,50,3,Principal Arterial,3,Urban,Freeway/Prin. Art.,2,Other Wayne,0-99,100-199,100-199
24411,1,82-1561,2018,14864,14222,641,270,350,3,Principal Arterial,4,Suburban,Freeway/Prin. Art.,2,Other Wayne,200-499,200-499,500-999
24413,0,82-6252,2017,10032,9271,761,281,430,3,Principal Arterial,1,Urban Business,Freeway/Prin. Art.,1,Detroit,200-499,200-499,500-999
24420,1,82-1862,2019,12052.5,11832.5,220,115,98,3,Principal Arterial,3,Urban,Freeway/Prin. Art.,2,Other Wayne,0-99,100-199,200-499
24423,0,82-5984,2017,2387,2305,82,42,38,5,Major Collector,3,Urban,Other Road,2,Other Wayne,0-99,0-99,0-99
24428,0,82-1863,2019,12318,12191.5,126,69,13,3,Principal Arterial,3,Urban,Freeway/Prin. Art.,2,Other Wayne,0-99,0-99,0-99
24429,0,82-1863,2019,12318,12191.5,126,69,13,3,Principal Arterial,3,Urban,Freeway/Prin. Art.,2,Other Wayne,0-99,0-99,0-99
24442,1,82-1862,2019,12052.5,11832.5,220,115,98,3,Principal Arterial,3,Urban,Freeway/Prin. Art.,2,Other Wayne,0-99,100-199,200-499
24470,1,82-1861,2019,10454,10261.5,192,131,50,3,Principal Arterial,3,Urban,Freeway/Prin. Art.,2,Other Wayne,0-99,100-199,100-199
24484,0,82-1837,2017,6421,6211,210,128,76,4,Minor Arterial,4,Suburban,Other Road,2,Other Wayne,0-99,100-199,200-499
24491,1,82-2523,2019,1577,1317,260,48,211,5,Major Collector,3,Urban,Other Road,1,Detroit,200-499,0-99,200-499
24496,0,82-1269,2017,6967,6792.5,174,104,63,4,Minor Arterial,3,Urban,Other Road,1,Detroit,0-99,100-199,100-199
24499,1,82-2187,2018,6867,6521,345,137,204,3,Principal Arterial,4,Suburban,Freeway/Prin. Art.,2,Other Wayne,200-499,100-199,200-499
24500,1,82-1851,2018,4679,4314,364,255,113,3,Principal Arterial,4,Suburban,Freeway/Prin. Art.,2,Other Wayne,100-199,200-499,200-499
24523,0,82-6273,2019,1310,1282,28,23,4,5,Major Collector,3,Urban,Other Road,2,Other Wayne,0-99,0-99,0-99
24538,0,82-2521,2019,546,396,150,128,22,5,Major Collector,3,Urban,Other Road,1,Detroit,0-99,100-199,100-199
24542,0,82-2531,2017,6256,5780,476,175,270,3,Principal Arterial,1,Urban Business,Freeway/Prin. Art.,1,Detroit,200-499,100-199,200-499
36676,0,82-5938,2017,1880.5,1801,79,49,28,4,Minor Arterial,2,Urban Fringe,Other Road,1,Detroit,0-99,0-99,0-99
36677,0,82-5938,2017,1880.5,1801,79,49,28,4,Minor Arterial,2,Urban Fringe,Other Road,1,Detroit,0-99,0-99,0-99
37315,0,82-0182,2019,10696,10365,331,160,160,3,Principal Arterial,4,Suburban,Freeway/Prin. Art.,2,Other Wayne,100-199,100-199,200-499
37316,0,82-0932,2019,739,732,7,5,2,5,Major Collector,4,Suburban,Other Road,2,Other Wayne,0-99,0-99,0-99
37758,0,82-2275,2017,7157.5,6727.5,430,164,237,3,Principal Arterial,3,Urban,Freeway/Prin. Art.,2,Other Wayne,200-499,100-199,200-499
37759,0,82-2275,2017,7157.5,6727.5,430,164,237,3,Principal Arterial,3,Urban,Freeway/Prin. Art.,2,Other Wayne,200-499,100-199,200-499
37841,0,82-1319,2017,1193,1136,57,31,25,5,Major Collector,3,Urban,Other Road,1,Detroit,0-99,0-99,0-99
37891,0,82-1905,2017,736,704,32,17,14,5,Major Collector,3,Urban,Other Road,1,Detroit,0-99,0-99,0-99
39322,0,82-1110,2017,6253,6085,168,81,81,5,Major Collector,4,Suburban,Other Road,2,Other Wayne,0-99,0-99,100-199
39703,0,82-5735,2017,545,515,29,16,15,5,Major Collector,5,Rural,Other Road,2,Other Wayne,0-99,0-99,0-99
39782,1,82-1149,2019,10400.5,10166.5,234,134,97,3,Principal Arterial,4,Suburban,Freeway/Prin. Art.,2,Other Wayne,0-99,100-199,200-499
39877,1,82-1628,2019,9543.5,9272.5,271,155,63,3,Principal Arterial,3,Urban,Freeway/Prin. Art.,1,Detroit,0-99,100-199,200-499
39890,0,82-0325,2019,12055.5,11585.5,470,289,132,4,Minor Arterial,4,Suburban,Other Road,2,Other Wayne,100-199,200-499,200-499
39950,0,82-1378,2019,601,595,6,6,0,5,Major Collector,3,Urban,Other Road,1,Detroit,0-99,0-99,0-99
39951,0,82-6060,2018,1103,1092,11,11,0,5,Major Collector,3,Urban,Other Road,1,Detroit,0-99,0-99,0-99
39956,0,82-6062,2018,1688,1659,29,17,12,5,Major Collector,3,Urban,Other Road,1,Detroit,0-99,0-99,0-99
39958,0,82-6532,2018,321,300,21,21,0,5,Major Collector,3,Urban,Other Road,1,Detroit,0-99,0-99,0-99
39959,0,82-6530,2018,148,140,8,8,0,5,Major Collector,3,Urban,Other Road,1,Detroit,0-99,0-99,0-99
39960,0,82-1622,2018,400,378,22,22,0,5,Major Collector,3,Urban,Other Road,1,Detroit,0-99,0-99,0-99
40638,0,82-2374,2018,6255,6093,162,106,50,5,Major Collector,3,Urban,Other Road,1,Detroit,0-99,100-199,100-199
7376,1,77-0261,2018,7620,5430,2189,157,2016,1,Interstate Freeway,5,Rural,Interstate,7,St Clair,2000+,100-199,2000+
7508,1,77-6369,2019,7382,5906,1476,194,1269,1,Interstate Freeway,5,Rural,Interstate,7,St Clair,1000-1999,100-199,1000-1999
21335,0,77-0233,2017,3016,2914,102,51,48,5,Major Collector,5,Rural,Other Road,7,St Clair,0-99,0-99,0-99
21199,0,77-0069,2018,10698,10420,278,129,149,4,Minor Arterial,5,Rural,Other Road,7,St Clair,100-199,100-199,200-499
7981,1,77-0031,2018,7192,6733,458,161,278,4,Minor Arterial,5,Rural,Other Road,7,St Clair,200-499,100-199,200-499
7486,0,77-0285,2018,8031,6007,2023,176,1823,1,Interstate Freeway,5,Rural,Interstate,7,St Clair,1000-1999,100-199,1000-1999
8258,0,77-0046,2019,795,782,13,5,8,6,Minor Collector,5,Rural,Other Road,7,St Clair,0-99,0-99,0-99
37004,0,77-0142,2019,427,412,15,10,3,5,Major Collector,4,Suburban,Other Road,7,St Clair,0-99,0-99,0-99
21184,1,77-0017,2018,4782,4628,153,81,63,4,Minor Arterial,5,Rural,Other Road,7,St Clair,0-99,0-99,100-199
40657,0,77-5275,2017,2592,2499,93,48,42,5,Major Collector,4,Suburban,Other Road,7,St Clair,0-99,0-99,0-99
40658,0,77-5276,2017,3186,3084,102,51,48,5,Major Collector,4,Suburban,Other Road,7,St Clair,0-99,0-99,0-99
20171,1,77-5100,2019,4733,4616,117,40,75,4,Minor Arterial,4,Suburban,Other Road,7,St Clair,0-99,0-99,100-199
9032,0,77-5265,2019,5979,5745,234,144,66,4,Minor Arterial,4,Suburban,Other Road,7,St Clair,0-99,100-199,200-499
21956,1,77-7612,2019,7281,7098,183,115,64,4,Minor Arterial,4,Suburban,Other Road,7,St Clair,0-99,100-199,100-199
21955,0,77-7616,2019,7221,7027,194,122,65,4,Minor Arterial,4,Suburban,Other Road,7,St Clair,0-99,100-199,100-199
21906,0,77-7615,2019,7466,7266,200,127,66,4,Minor Arterial,4,Suburban,Other Road,7,St Clair,0-99,100-199,100-199
8285,0,77-7613,2019,10674,10385,289,181,97,4,Minor Arterial,4,Suburban,Other Road,7,St Clair,0-99,100-199,200-499
8284,0,77-7617,2019,9990,9720,270,170,90,4,Minor Arterial,4,Suburban,Other Road,7,St Clair,0-99,100-199,200-499
8982,0,77-5266,2019,1358,1331,27,23,4,5,Major Collector,4,Suburban,Other Road,7,St Clair,0-99,0-99,0-99
8283,0,77-7621,2019,9705,9442,263,165,88,4,Minor Arterial,4,Suburban,Other Road,7,St Clair,0-99,100-199,200-499
8281,0,77-0078,2019,8900,8658,242,152,81,4,Minor Arterial,4,Suburban,Other Road,7,St Clair,0-99,100-199,200-499
7483,1,77-0173,2018,8309,6127,2181,182,1886,1,Interstate Freeway,5,Rural,Interstate,7,St Clair,1000-1999,100-199,2000+
8279,0,77-5650,2019,7529,7324,205,128,69,4,Minor Arterial,4,Suburban,Other Road,7,St Clair,0-99,100-199,100-199
7586,0,77-0011,2018,16895,16286,609,220,338,3,Principal Arterial,5,Rural,Freeway/Prin. Art.,7,St Clair,200-499,200-499,500-999
8897,1,77-5272,2018,3407,2891,515,83,321,5,Major Collector,4,Suburban,Other Road,7,St Clair,200-499,0-99,200-499
8275,0,77-5638,2019,8367,8143,224,142,74,4,Minor Arterial,4,Suburban,Other Road,7,St Clair,0-99,100-199,200-499
22083,0,77-5269,2018,1013,978,34,18,9,5,Major Collector,4,Suburban,Other Road,7,St Clair,0-99,0-99,0-99
7377,1,77-5073,2018,8346,8112,233,108,132,5,Major Collector,4,Suburban,Other Road,7,St Clair,100-199,100-199,200-499
7761,1,77-5628,2018,15037,14493,543,195,299,3,Principal Arterial,4,Suburban,Freeway/Prin. Art.,7,St Clair,200-499,100-199,200-499
21986,0,77-5195,2018,1505,1466,38,19,6,5,Major Collector,4,Suburban,Other Road,7,St Clair,0-99,0-99,0-99
8260,0,77-5201,2018,1600,1531,68,12,7,5,Major Collector,4,Suburban,Other Road,7,St Clair,0-99,0-99,0-99
7382,0,77-5198,2018,2849,2774,75,48,24,5,Major Collector,4,Suburban,Other Road,7,St Clair,0-99,0-99,0-99
8271,0,77-5635,2019,8758,8521,237,149,79,4,Minor Arterial,4,Suburban,Other Road,7,St Clair,0-99,100-199,200-499
8237,1,77-6469,2019,12884,11269,1615,257,1342,1,Interstate Freeway,5,Rural,Interstate,7,St Clair,1000-1999,200-499,1000-1999
7656,0,77-0127,2019,14391,10764,3627,316,3267,1,Interstate Freeway,5,Rural,Interstate,7,St Clair,2000+,200-499,2000+
8234,0,77-0139,2019,10930,9564,1366,218,1137,1,Interstate Freeway,5,Rural,Interstate,7,St Clair,1000-1999,200-499,1000-1999
7544,0,77-5602,2018,7602,7328,274,99,152,3,Principal Arterial,4,Suburban,Freeway/Prin. Art.,7,St Clair,100-199,0-99,200-499
7960,1,77-6630,2018,8594,8312,281,119,163,3,Principal Arterial,4,Suburban,Freeway/Prin. Art.,7,St Clair,100-199,100-199,200-499
7321,0,77-6628,2018,8310,8036,274,116,158,3,Principal Arterial,4,Suburban,Freeway/Prin. Art.,7,St Clair,100-199,100-199,200-499
7350,0,77-6627,2018,6905,6676,229,97,132,3,Principal Arterial,4,Suburban,Freeway/Prin. Art.,7,St Clair,100-199,0-99,200-499
7594,0,77-6629,2018,6481,6269,212,90,122,3,Principal Arterial,4,Suburban,Freeway/Prin. Art.,7,St Clair,100-199,0-99,200-499
19605,0,77-5157,2017,3610,3499,111,68,39,4,Minor Arterial,3,Urban,Other Road,7,St Clair,0-99,0-99,100-199
7394,0,77-6746,2018,4425,4280,145,62,83,3,Principal Arterial,3,Urban,Freeway/Prin. Art.,7,St Clair,0-99,0-99,100-199
7646,0,77-6778,2018,4468,3183,1285,111,1161,3,Principal Arterial,3,Urban,Freeway/Prin. Art.,7,St Clair,1000-1999,100-199,1000-1999
7290,0,77-6669,2018,4905,3492,1413,122,1276,3,Principal Arterial,3,Urban,Freeway/Prin. Art.,7,St Clair,1000-1999,100-199,1000-1999
8034,0,77-6634,2018,12264,12031,233,208,25,3,Principal Arterial,2,Urban Fringe,Freeway/Prin. Art.,7,St Clair,0-99,200-499,200-499
7467,0,77-6802,2018,1559,1110,449,39,405,3,Principal Arterial,3,Urban,Freeway/Prin. Art.,7,St Clair,200-499,0-99,200-499
7025,0,77-6801,2018,8529,8246,283,120,163,3,Principal Arterial,3,Urban,Freeway/Prin. Art.,7,St Clair,100-199,100-199,200-499
7270,0,77-6657,2018,1558,1109,449,39,405,3,Principal Arterial,3,Urban,Freeway/Prin. Art.,7,St Clair,200-499,0-99,200-499
7017,0,77-6651,2018,10924,10716,208,186,22,3,Principal Arterial,3,Urban,Freeway/Prin. Art.,7,St Clair,0-99,100-199,200-499
40653,0,77-5277,2017,1486,1453,33,19,14,5,Major Collector,2,Urban Fringe,Other Road,7,St Clair,0-99,0-99,0-99
7697,0,77-0023,2018,2026,1982,43,24,22,5,Major Collector,5,Rural,Other Road,7,St Clair,0-99,0-99,0-99
7704,0,77-0004,2019,5459,5089,370,103,267,4,Minor Arterial,5,Rural,Other Road,7,St Clair,200-499,100-199,200-499
7679,0,77-0036,2019,4664,4346,318,89,229,4,Minor Arterial,4,Suburban,Other Road,7,St Clair,200-499,0-99,200-499
7689,0,77-8602,2019,5526,5150,376,105,271,4,Minor Arterial,5,Rural,Other Road,7,St Clair,200-499,100-199,200-499
7895,0,77-0029,2018,6058,5926,132,66,66,4,Minor Arterial,5,Rural,Other Road,7,St Clair,0-99,0-99,100-199
7802,0,77-0030,2017,5741,5585,156,75,75,5,Major Collector,5,Rural,Other Road,7,St Clair,0-99,0-99,100-199
8352,0,77-0515,2018,5563,5440,123,62,61,4,Minor Arterial,5,Rural,Other Road,7,St Clair,0-99,0-99,100-199
7254,0,77-0019,2018,4863,4755,108,54,54,4,Minor Arterial,3,Urban,Other Road,7,St Clair,0-99,0-99,100-199
7262,1,77-0014,2019,40543,39568,975,438,323,3,Principal Arterial,3,Urban,Freeway/Prin. Art.,7,St Clair,200-499,200-499,500-999
8366,0,77-0015,2019,27447,26788,659,302,220,3,Principal Arterial,3,Urban,Freeway/Prin. Art.,7,St Clair,200-499,200-499,500-999
7739,0,77-0059,2018,3601,3521,80,40,40,4,Minor Arterial,3,Urban,Other Road,7,St Clair,0-99,0-99,0-99
8364,0,77-0520,2019,26999,26351,648,297,216,3,Principal Arterial,3,Urban,Freeway/Prin. Art.,7,St Clair,200-499,200-499,500-999
8362,0,77-0012,2019,23445,22882,563,258,188,3,Principal Arterial,4,Suburban,Freeway/Prin. Art.,7,St Clair,100-199,200-499,200-499
8336,0,77-0013,2019,15692,15190,502,157,345,3,Principal Arterial,4,Suburban,Freeway/Prin. Art.,7,St Clair,200-499,100-199,500-999
40437,0,77-0132,2019,15914,12730,3184,321,2848,1,Interstate Freeway,3,Urban,Interstate,7,St Clair,2000+,200-499,2000+
40438,1,77-0026,2019,15210,14577,633,217,372,1,Interstate Freeway,3,Urban,Interstate,7,St Clair,200-499,200-499,500-999
40604,0,77-6758,2018,27454,26806,648,412,171,3,Principal Arterial,3,Urban,Freeway/Prin. Art.,7,St Clair,100-199,200-499,500-999
8388,0,77-6734,2018,7268,7050,218,102,80,2,Other Freeway,3,Urban,Freeway/Prin. Art.,7,St Clair,0-99,100-199,100-199
8399,1,77-6626,2018,6635,6437,197,93,75,3,Principal Arterial,3,Urban,Freeway/Prin. Art.,7,St Clair,0-99,0-99,100-199
8387,1,77-6791,2019,5982,5809,173,79,88,3,Principal Arterial,3,Urban,Freeway/Prin. Art.,7,St Clair,0-99,0-99,100-199
7271,0,77-6637,2019,34828,33992,836,383,279,3,Principal Arterial,3,Urban,Freeway/Prin. Art.,7,St Clair,200-499,200-499,500-999
7757,1,77-6636,2019,26807,26140,667,332,184,3,Principal Arterial,3,Urban,Freeway/Prin. Art.,7,St Clair,100-199,200-499,500-999
7518,0,77-6761,2018,11345,11129,216,193,23,3,Principal Arterial,3,Urban,Freeway/Prin. Art.,7,St Clair,0-99,100-199,200-499
8029,0,77-6624,2018,18147,17803,344,308,36,3,Principal Arterial,3,Urban,Freeway/Prin. Art.,7,St Clair,0-99,200-499,200-499
8195,0,77-6109,2019,6302,4487,1815,158,1638,1,Interstate Freeway,2,Urban Fringe,Interstate,7,St Clair,1000-1999,100-199,1000-1999
7509,1,77-0261,2018,7620,5430,2189,157,2016,1,Interstate Freeway,5,Rural,Interstate,7,St Clair,2000+,100-199,2000+
7375,1,77-6369,2019,7382,5906,1476,194,1269,1,Interstate Freeway,5,Rural,Interstate,7,St Clair,1000-1999,100-199,1000-1999
7349,0,77-0285,2018,8031,6007,2023,176,1823,1,Interstate Freeway,5,Rural,Interstate,7,St Clair,1000-1999,100-199,1000-1999
7347,1,77-0173,2018,8309,6127,2181,182,1886,1,Interstate Freeway,5,Rural,Interstate,7,St Clair,1000-1999,100-199,2000+
8188,1,77-6469,2019,12884,11269,1615,257,1342,1,Interstate Freeway,5,Rural,Interstate,7,St Clair,1000-1999,200-499,1000-1999
7532,0,77-0127,2019,14391,10764,3627,316,3267,1,Interstate Freeway,5,Rural,Interstate,7,St Clair,2000+,200-499,2000+
8184,0,77-0139,2019,10930,9564,1366,218,1137,1,Interstate Freeway,5,Rural,Interstate,7,St Clair,1000-1999,200-499,1000-1999
7630,0,77-5602,2018,7602,7328,274,99,152,3,Principal Arterial,4,Suburban,Freeway/Prin. Art.,7,St Clair,100-199,0-99,200-499
8934,0,77-5157,2017,3610,3499,111,68,39,4,Minor Arterial,3,Urban,Other Road,7,St Clair,0-99,0-99,100-199
40436,0,77-0132,2019,15914,12730,3184,321,2848,1,Interstate Freeway,3,Urban,Interstate,7,St Clair,2000+,200-499,2000+
8386,0,77-6734,2018,7268,7050,218,102,80,2,Other Freeway,3,Urban,Freeway/Prin. Art.,7,St Clair,0-99,100-199,100-199
8385,1,77-6791,2019,5982,5809,173,79,88,3,Principal Arterial,3,Urban,Freeway/Prin. Art.,7,St Clair,0-99,0-99,100-199
21381,0,77-6109,2019,6302,4487,1815,158,1638,1,Interstate Freeway,3,Urban,Interstate,7,St Clair,1000-1999,100-199,1000-1999
19968,0,81-5125,2017,5894,5733,161,77,78,5,Major Collector,5,Rural,Other Road,5,Washtenaw,0-99,0-99,100-199
24548,0,81-0098,2019,5732,5532,200,57,143,4,Minor Arterial,5,Rural,Other Road,5,Washtenaw,100-199,0-99,200-499
9872,0,81-0101,2019,6707,6472,235,67,168,4,Minor Arterial,5,Rural,Other Road,5,Washtenaw,100-199,0-99,200-499
10142,0,81-0037,2019,11649,11042,607,140,467,3,Principal Arterial,5,Rural,Freeway/Prin. Art.,5,Washtenaw,200-499,100-199,500-999
9590,0,81-0044,2019,27439,22994,4445,549,3841,1,Interstate Freeway,5,Rural,Interstate,5,Washtenaw,2000+,500-999,2000+
9575,0,81-0002,2019,28270,23690,4580,565,3958,1,Interstate Freeway,5,Rural,Interstate,5,Washtenaw,2000+,500-999,2000+
9792,1,81-0022,2019,10610,10141,469,184,274,4,Minor Arterial,5,Rural,Other Road,5,Washtenaw,200-499,100-199,200-499
9697,0,81-5137,2019,6322,6070,252,158,69,5,Major Collector,5,Rural,Other Road,5,Washtenaw,0-99,100-199,200-499
9694,0,81-2610,2019,9991,9591,400,250,110,5,Major Collector,4,Suburban,Other Road,5,Washtenaw,100-199,200-499,200-499
9788,0,81-2609,2019,14536,13882,654,261,378,4,Minor Arterial,5,Rural,Other Road,5,Washtenaw,200-499,200-499,500-999
9783,0,81-0076,2019,16145,15435,710,226,484,4,Minor Arterial,4,Suburban,Other Road,5,Washtenaw,200-499,200-499,500-999
9693,0,81-2608,2019,14328,13770,558,344,157,4,Minor Arterial,4,Suburban,Other Road,5,Washtenaw,100-199,200-499,500-999
9780,0,81-2603,2019,14033,13416,617,196,421,4,Minor Arterial,4,Suburban,Other Road,5,Washtenaw,200-499,100-199,500-999
11150,1,81-5145,2019,2423,2230,193,63,127,5,Major Collector,5,Rural,Other Road,5,Washtenaw,100-199,0-99,100-199
9770,0,81-0077,2019,12052,11523,529,168,361,4,Minor Arterial,5,Rural,Other Road,5,Washtenaw,200-499,100-199,500-999
40622,0,81-5512,2019,3332,3236,96,73,16,6,Minor Collector,5,Rural,Other Road,5,Washtenaw,0-99,0-99,0-99
9741,1,81-0080,2019,5319,5085,234,74,159,4,Minor Arterial,5,Rural,Other Road,5,Washtenaw,100-199,0-99,200-499
9748,0,81-0122,2018,4955,4796,159,35,124,4,Minor Arterial,5,Rural,Other Road,5,Washtenaw,100-199,0-99,100-199
9572,1,81-0003,2019,26779,21619,5160,931,4126,1,Interstate Freeway,5,Rural,Interstate,5,Washtenaw,2000+,500-999,2000+
9691,1,81-5136,2019,12100,11919,181,108,70,4,Minor Arterial,4,Suburban,Other Road,5,Washtenaw,0-99,100-199,100-199
9556,0,81-0127,2019,33291,26899,6392,1132,5127,1,Interstate Freeway,5,Rural,Interstate,5,Washtenaw,2000+,1000-1999,2000+
9618,0,81-0081,2019,11945,11322,623,144,479,3,Principal Arterial,5,Rural,Freeway/Prin. Art.,5,Washtenaw,200-499,100-199,500-999
9606,0,81-6606,2019,19999,18959,1040,240,800,3,Principal Arterial,4,Suburban,Freeway/Prin. Art.,5,Washtenaw,500-999,200-499,1000-1999
10816,0,81-6604,2017,5543,5347,196,117,73,4,Minor Arterial,5,Rural,Other Road,5,Washtenaw,0-99,100-199,100-199
10812,0,81-6603,2017,8755,8491,264,158,97,4,Minor Arterial,4,Suburban,Other Road,5,Washtenaw,0-99,100-199,200-499
10833,0,81-5230,2019,2909,2866,43,41,2,5,Major Collector,5,Rural,Other Road,5,Washtenaw,0-99,0-99,0-99
10793,0,81-5228,2019,3097,3074,23,20,1,5,Major Collector,4,Suburban,Other Road,5,Washtenaw,0-99,0-99,0-99
10800,0,81-5469,2019,10729,10310,419,258,118,4,Minor Arterial,4,Suburban,Other Road,5,Washtenaw,100-199,200-499,200-499
21207,0,81-5227,2019,12175,11700,475,292,134,4,Minor Arterial,4,Suburban,Other Road,5,Washtenaw,100-199,200-499,200-499
19241,0,81-5257,2019,3573,3428,145,90,41,5,Major Collector,4,Suburban,Other Road,5,Washtenaw,0-99,0-99,100-199
21864,0,81-5255,2019,5101,4897,204,128,56,5,Major Collector,5,Rural,Other Road,5,Washtenaw,0-99,100-199,100-199
10108,0,81-6622,2019,24277,22602,1675,558,1117,3,Principal Arterial,4,Suburban,Freeway/Prin. Art.,5,Washtenaw,1000-1999,500-999,1000-1999
19518,0,81-6627,2019,6768,6497,271,169,75,5,Major Collector,4,Suburban,Other Road,5,Washtenaw,0-99,100-199,200-499
10374,0,81-6626,2019,23615,21986,1629,543,1086,3,Principal Arterial,4,Suburban,Freeway/Prin. Art.,5,Washtenaw,1000-1999,500-999,1000-1999
19517,1,81-5256,2019,5666,5437,229,138,91,5,Major Collector,4,Suburban,Other Road,5,Washtenaw,0-99,100-199,200-499
10874,0,81-5240,2019,5259,5054,205,126,58,4,Minor Arterial,4,Suburban,Other Road,5,Washtenaw,0-99,100-199,100-199
10506,0,81-0064,2019,21925,18614,3311,504,2806,2,Other Freeway,4,Suburban,Freeway/Prin. Art.,5,Washtenaw,2000+,500-999,2000+
10503,0,81-0131,2019,28411,24121,4290,653,3636,2,Other Freeway,5,Rural,Freeway/Prin. Art.,5,Washtenaw,2000+,500-999,2000+
10359,0,81-0138,2019,24354,22674,1680,560,1120,3,Principal Arterial,4,Suburban,Freeway/Prin. Art.,5,Washtenaw,1000-1999,500-999,1000-1999
10500,0,81-0132,2019,31809,27006,4803,731,4071,2,Other Freeway,4,Suburban,Freeway/Prin. Art.,5,Washtenaw,2000+,500-999,2000+
11567,0,81-5410,2019,8849,8503,346,213,98,4,Minor Arterial,3,Urban,Other Road,5,Washtenaw,0-99,200-499,200-499
9630,0,81-5016,2019,7698,7397,301,185,85,4,Minor Arterial,3,Urban,Other Road,5,Washtenaw,0-99,100-199,200-499
10651,0,81-5012,2019,3813,3667,146,134,10,5,Major Collector,3,Urban,Other Road,5,Washtenaw,0-99,100-199,100-199
10863,0,81-0161,2018,36236,35295,941,471,325,3,Principal Arterial,3,Urban,Freeway/Prin. Art.,5,Washtenaw,200-499,200-499,500-999
10857,0,81-5024,2018,31197,30386,811,406,280,3,Principal Arterial,3,Urban,Freeway/Prin. Art.,5,Washtenaw,200-499,200-499,500-999
21398,0,81-5025,2019,6509,6406,103,94,7,3,Principal Arterial,3,Urban,Freeway/Prin. Art.,5,Washtenaw,0-99,0-99,100-199
10852,0,81-0103,2018,19942,19423,519,259,180,3,Principal Arterial,3,Urban,Freeway/Prin. Art.,5,Washtenaw,100-199,200-499,200-499
22070,0,81-1738,2019,21135,20714,421,274,126,3,Principal Arterial,3,Urban,Freeway/Prin. Art.,5,Washtenaw,100-199,200-499,200-499
21802,0,81-1776,2019,21996,21556,440,286,132,3,Principal Arterial,3,Urban,Freeway/Prin. Art.,5,Washtenaw,100-199,200-499,200-499
21527,0,81-1826,2019,9825,9627,197,128,59,3,Principal Arterial,3,Urban,Freeway/Prin. Art.,5,Washtenaw,0-99,100-199,100-199
11557,0,81-5408,2019,11673,11217,456,280,129,4,Minor Arterial,3,Urban,Other Road,5,Washtenaw,100-199,200-499,200-499
22124,0,81-0004,2018,26311,25311,1000,473,501,3,Principal Arterial,3,Urban,Freeway/Prin. Art.,5,Washtenaw,500-999,200-499,500-999
11281,0,81-5009,2018,24137,23486,651,386,217,4,Minor Arterial,3,Urban,Other Road,5,Washtenaw,200-499,200-499,500-999
22028,0,81-5010,2019,13976,13430,546,336,154,4,Minor Arterial,3,Urban,Other Road,5,Washtenaw,100-199,200-499,200-499
9227,1,81-5011,2019,19923,19531,392,205,86,3,Principal Arterial,3,Urban,Freeway/Prin. Art.,5,Washtenaw,0-99,200-499,200-499
21858,0,81-0372,2018,15493,14904,589,279,295,3,Principal Arterial,3,Urban,Freeway/Prin. Art.,5,Washtenaw,200-499,200-499,500-999
21616,0,81-0383,2018,15086,14514,572,271,286,3,Principal Arterial,3,Urban,Freeway/Prin. Art.,5,Washtenaw,200-499,200-499,500-999
21419,0,81-0384,2018,13963,13432,531,251,266,3,Principal Arterial,3,Urban,Freeway/Prin. Art.,5,Washtenaw,200-499,200-499,500-999
22082,0,81-5412,2019,11091,10952,139,96,19,4,Minor Arterial,3,Urban,Other Road,5,Washtenaw,0-99,0-99,100-199
21934,0,81-0471,2018,14030,13618,411,220,176,3,Principal Arterial,3,Urban,Freeway/Prin. Art.,5,Washtenaw,100-199,200-499,200-499
11049,0,81-1795,2018,5872,5713,159,94,53,4,Minor Arterial,3,Urban,Other Road,5,Washtenaw,0-99,0-99,100-199
21683,0,81-1606,2018,18719,18008,711,337,355,3,Principal Arterial,3,Urban,Freeway/Prin. Art.,5,Washtenaw,200-499,200-499,500-999
10386,0,81-5041,2019,7834,7527,307,189,87,4,Minor Arterial,2,Urban Fringe,Other Road,5,Washtenaw,0-99,100-199,200-499
21469,0,81-1720,2019,16243,15921,322,210,96,3,Principal Arterial,3,Urban,Freeway/Prin. Art.,5,Washtenaw,0-99,200-499,200-499
9887,0,81-1719,2019,8722,8381,341,210,96,4,Minor Arterial,2,Urban Fringe,Other Road,5,Washtenaw,0-99,200-499,200-499
22018,0,81-1718,2019,14503,14210,293,189,89,3,Principal Arterial,2,Urban Fringe,Freeway/Prin. Art.,5,Washtenaw,0-99,100-199,200-499
21582,0,81-5050,2019,6282,6038,244,150,69,4,Minor Arterial,2,Urban Fringe,Other Road,5,Washtenaw,0-99,100-199,200-499
10549,0,81-5051,2019,8302,7979,323,199,91,4,Minor Arterial,2,Urban Fringe,Other Road,5,Washtenaw,0-99,100-199,200-499
10554,0,81-5007,2019,8672,8465,207,176,28,4,Minor Arterial,3,Urban,Other Road,5,Washtenaw,0-99,100-199,200-499
10544,0,81-5005,2019,2791,2679,112,70,31,5,Major Collector,3,Urban,Other Road,5,Washtenaw,0-99,0-99,100-199
11030,0,81-5006,2019,252,210,42,31,1,5,Major Collector,3,Urban,Other Road,5,Washtenaw,0-99,0-99,0-99
10393,1,81-0142,2019,23932,21715,2217,425,1775,2,Other Freeway,3,Urban,Freeway/Prin. Art.,5,Washtenaw,1000-1999,200-499,2000+
10848,0,81-5004,2019,988,934,54,47,5,5,Major Collector,3,Urban,Other Road,5,Washtenaw,0-99,0-99,0-99
10527,1,81-8239,2019,36232,33120,3112,861,2203,2,Other Freeway,5,Rural,Freeway/Prin. Art.,5,Washtenaw,2000+,500-999,2000+
40530,1,81-5113,2019,28230,27463,767,428,212,3,Principal Arterial,4,Suburban,Freeway/Prin. Art.,5,Washtenaw,200-499,200-499,500-999
10265,0,81-0163,2018,19367,18865,502,251,174,3,Principal Arterial,4,Suburban,Freeway/Prin. Art.,5,Washtenaw,100-199,200-499,200-499
10656,1,81-5427,2019,10668,10466,202,133,67,4,Minor Arterial,3,Urban,Other Road,5,Washtenaw,0-99,100-199,200-499
19633,0,81-5026,2018,1117,1089,28,19,8,5,Major Collector,3,Urban,Other Road,5,Washtenaw,0-99,0-99,0-99
10249,0,81-0164,2018,39504,38476,1028,514,356,3,Principal Arterial,3,Urban,Freeway/Prin. Art.,5,Washtenaw,200-499,500-999,500-999
10243,1,81-5110,2019,22012,21392,620,293,179,3,Principal Arterial,3,Urban,Freeway/Prin. Art.,5,Washtenaw,100-199,200-499,200-499
21368,1,81-5031,2019,23531,23030,501,230,69,3,Principal Arterial,3,Urban,Freeway/Prin. Art.,5,Washtenaw,0-99,200-499,200-499
22045,0,81-5114,2019,12722,12335,386,125,18,3,Principal Arterial,3,Urban,Freeway/Prin. Art.,5,Washtenaw,0-99,100-199,100-199
11232,0,81-5428,2019,14605,14034,571,351,162,4,Minor Arterial,3,Urban,Other Road,5,Washtenaw,100-199,200-499,500-999
21339,1,81-5456,2019,18865,18329,536,440,95,3,Principal Arterial,4,Suburban,Freeway/Prin. Art.,5,Washtenaw,0-99,200-499,500-999
10776,0,81-5116,2019,10019,9619,400,250,110,5,Major Collector,3,Urban,Other Road,5,Washtenaw,100-199,200-499,200-499
10610,1,81-5117,2019,8087,7921,166,85,65,3,Principal Arterial,3,Urban,Freeway/Prin. Art.,5,Washtenaw,0-99,0-99,100-199
37025,1,81-5118,2019,14703,14379,323,228,84,3,Principal Arterial,3,Urban,Freeway/Prin. Art.,5,Washtenaw,0-99,200-499,200-499
9951,0,81-0020,2019,15540,12883,2657,404,2222,3,Principal Arterial,3,Urban,Freeway/Prin. Art.,5,Washtenaw,2000+,200-499,2000+
10170,0,81-0019,2019,30496,25283,5213,792,4360,3,Principal Arterial,3,Urban,Freeway/Prin. Art.,5,Washtenaw,2000+,500-999,2000+
9940,0,81-0206,2019,31131,25809,5322,809,4451,3,Principal Arterial,3,Urban,Freeway/Prin. Art.,5,Washtenaw,2000+,500-999,2000+
10018,0,81-5071,2019,2376,2282,94,59,25,5,Major Collector,3,Urban,Other Road,5,Washtenaw,0-99,0-99,0-99
20286,0,81-5424,2019,17941,17240,701,431,198,4,Minor Arterial,3,Urban,Other Road,5,Washtenaw,100-199,200-499,500-999
9674,0,81-5070,2019,1573,1508,65,40,19,5,Major Collector,3,Urban,Other Road,5,Washtenaw,0-99,0-99,0-99
10153,0,81-1688,2019,32315,26787,5528,841,4622,3,Principal Arterial,3,Urban,Freeway/Prin. Art.,5,Washtenaw,2000+,500-999,2000+
10151,0,81-0074,2018,33303,27605,5698,867,4764,3,Principal Arterial,3,Urban,Freeway/Prin. Art.,5,Washtenaw,2000+,500-999,2000+
9735,0,81-5423,2019,13599,13067,532,327,151,4,Minor Arterial,3,Urban,Other Road,5,Washtenaw,100-199,200-499,200-499
10637,0,81-5035,2019,2730,2619,111,69,31,5,Major Collector,2,Urban Fringe,Other Road,5,Washtenaw,0-99,0-99,100-199
10282,0,81-5046,2019,1274,1225,49,31,13,5,Major Collector,1,Urban Business,Other Road,5,Washtenaw,0-99,0-99,0-99
9613,0,81-5048,2019,1061,1045,16,10,5,5,Major Collector,2,Urban Fringe,Other Road,5,Washtenaw,0-99,0-99,0-99
9946,0,81-5107,2019,8583,8247,336,207,95,4,Minor Arterial,1,Urban Business,Other Road,5,Washtenaw,0-99,200-499,200-499
41317,0,81-5084,2019,11136,10702,434,267,122,4,Minor Arterial,1,Urban Business,Other Road,5,Washtenaw,100-199,200-499,200-499
21719,0,81-1639,2019,18460,18156,304,188,47,3,Principal Arterial,2,Urban Fringe,Freeway/Prin. Art.,5,Washtenaw,0-99,100-199,200-499
10570,0,81-0021,2019,12012,11808,204,120,36,3,Principal Arterial,3,Urban,Freeway/Prin. Art.,5,Washtenaw,0-99,100-199,100-199
9954,0,81-1634,2019,16420,13613,2807,427,2347,3,Principal Arterial,2,Urban Fringe,Freeway/Prin. Art.,5,Washtenaw,2000+,200-499,2000+
10536,0,81-5059,2019,6520,6469,51,39,8,4,Minor Arterial,3,Urban,Other Road,5,Washtenaw,0-99,0-99,0-99
10388,0,81-0114,2019,32939,30830,2108,362,1746,2,Other Freeway,3,Urban,Freeway/Prin. Art.,5,Washtenaw,1000-1999,200-499,2000+
10239,0,81-5100,2019,6567,6500,67,52,13,4,Minor Arterial,3,Urban,Other Road,5,Washtenaw,0-99,0-99,0-99
21935,0,81-5422,2019,7514,7219,295,181,84,4,Minor Arterial,3,Urban,Other Road,5,Washtenaw,0-99,100-199,200-499
21617,0,81-5073,2019,5311,4870,441,428,13,5,Major Collector,3,Urban,Other Road,5,Washtenaw,0-99,200-499,200-499
22029,0,81-5074,2019,7210,6922,288,180,79,5,Major Collector,3,Urban,Other Road,5,Washtenaw,0-99,100-199,200-499
21536,0,81-5062,2019,11593,11256,337,114,30,5,Major Collector,3,Urban,Other Road,5,Washtenaw,0-99,100-199,100-199
10498,1,81-0133,2018,36245,30290,5954,849,4841,2,Other Freeway,4,Suburban,Freeway/Prin. Art.,5,Washtenaw,2000+,500-999,2000+
10353,0,81-0025,2019,22827,21915,912,365,547,3,Principal Arterial,4,Suburban,Freeway/Prin. Art.,5,Washtenaw,500-999,200-499,500-999
10085,1,81-0026,2019,17216,16512,704,281,415,3,Principal Arterial,4,Suburban,Freeway/Prin. Art.,5,Washtenaw,200-499,200-499,500-999
9914,0,81-0018,2018,32420,31868,552,195,357,3,Principal Arterial,3,Urban,Freeway/Prin. Art.,5,Washtenaw,200-499,100-199,500-999
10137,0,81-0012,2018,22200,21823,377,133,244,3,Principal Arterial,3,Urban,Freeway/Prin. Art.,5,Washtenaw,200-499,100-199,200-499
9974,1,81-5380,2019,13011,12651,360,120,231,3,Principal Arterial,3,Urban,Freeway/Prin. Art.,5,Washtenaw,200-499,100-199,200-499
9901,0,81-0529,2019,26269,25901,368,158,48,3,Principal Arterial,4,Suburban,Freeway/Prin. Art.,5,Washtenaw,0-99,100-199,200-499
10132,0,81-7601,2019,19271,19000,271,116,39,3,Principal Arterial,3,Urban,Freeway/Prin. Art.,5,Washtenaw,0-99,100-199,100-199
9647,0,81-5371,2019,3218,3180,38,30,5,5,Major Collector,3,Urban,Other Road,5,Washtenaw,0-99,0-99,0-99
9851,0,81-5372,2017,3718,3609,109,56,49,5,Major Collector,3,Urban,Other Road,5,Washtenaw,0-99,0-99,100-199
10773,1,81-5065,2019,6428,6333,95,43,51,5,Major Collector,3,Urban,Other Road,5,Washtenaw,0-99,0-99,0-99
11488,0,81-0566,2019,7647,7434,213,91,122,3,Principal Arterial,5,Rural,Freeway/Prin. Art.,5,Washtenaw,100-199,0-99,200-499
11487,1,81-0143,2019,6592,6404,187,77,109,3,Principal Arterial,5,Rural,Freeway/Prin. Art.,5,Washtenaw,100-199,0-99,100-199
9650,0,81-0212,2019,7106,6829,277,171,78,4,Minor Arterial,5,Rural,Other Road,5,Washtenaw,0-99,100-199,200-499
21701,0,81-5282,2019,1180,1133,47,29,13,5,Major Collector,5,Rural,Other Road,5,Washtenaw,0-99,0-99,0-99
9972,0,81-5381,2017,6345,6176,169,82,81,5,Major Collector,3,Urban,Other Road,5,Washtenaw,0-99,0-99,100-199
21318,0,81-7719,2018,10992,10673,319,143,77,3,Principal Arterial,3,Urban,Freeway/Prin. Art.,5,Washtenaw,0-99,100-199,200-499
9966,0,81-5382,2017,11706,11401,305,176,117,4,Minor Arterial,3,Urban,Other Road,5,Washtenaw,100-199,100-199,200-499
21426,0,81-7722,2018,14925,14493,432,194,104,3,Principal Arterial,3,Urban,Freeway/Prin. Art.,5,Washtenaw,100-199,100-199,200-499
9765,0,81-5452,2017,11353,11059,294,170,113,4,Minor Arterial,3,Urban,Other Road,5,Washtenaw,100-199,100-199,200-499
9776,0,81-5351,2017,4592,4505,86,56,37,4,Minor Arterial,3,Urban,Other Road,5,Washtenaw,0-99,0-99,0-99
9950,0,81-5352,2017,6873,6660,213,130,76,4,Minor Arterial,3,Urban,Other Road,5,Washtenaw,0-99,100-199,200-499
10252,1,81-0063,2018,10001,9655,345,109,137,4,Minor Arterial,4,Suburban,Other Road,5,Washtenaw,100-199,100-199,200-499
9742,0,81-7637,2017,14085,13226,859,324,479,3,Principal Arterial,2,Urban Fringe,Freeway/Prin. Art.,5,Washtenaw,200-499,200-499,500-999
9866,0,81-7613,2018,9020,8741,279,108,171,3,Principal Arterial,2,Urban Fringe,Freeway/Prin. Art.,5,Washtenaw,100-199,100-199,200-499
9580,1,81-7691,2019,11685,11400,285,114,103,3,Principal Arterial,2,Urban Fringe,Freeway/Prin. Art.,5,Washtenaw,100-199,100-199,200-499
9844,0,81-5365,2017,1855,1779,76,39,35,5,Major Collector,2,Urban Fringe,Other Road,5,Washtenaw,0-99,0-99,0-99
9632,1,81-5366,2019,4079,3871,208,75,84,4,Minor Arterial,2,Urban Fringe,Other Road,5,Washtenaw,0-99,0-99,100-199
11420,0,81-5432,2017,5499,5304,195,120,70,4,Minor Arterial,3,Urban,Other Road,5,Washtenaw,0-99,100-199,100-199
9740,1,81-7657,2018,19385,18833,551,251,130,3,Principal Arterial,2,Urban Fringe,Freeway/Prin. Art.,5,Washtenaw,100-199,200-499,200-499
9826,0,81-7651,2018,11619,11259,360,139,221,3,Principal Arterial,2,Urban Fringe,Freeway/Prin. Art.,5,Washtenaw,200-499,100-199,200-499
9929,0,81-7622,2019,19651,19062,589,275,157,3,Principal Arterial,2,Urban Fringe,Freeway/Prin. Art.,5,Washtenaw,100-199,200-499,200-499
10013,0,81-5361,2017,4498,4321,177,107,66,4,Minor Arterial,3,Urban,Other Road,5,Washtenaw,0-99,100-199,100-199
9843,0,81-5369,2019,5120,4921,199,123,56,4,Minor Arterial,3,Urban,Other Road,5,Washtenaw,0-99,100-199,100-199
9554,0,81-5360,2017,3091,2991,100,49,48,5,Major Collector,3,Urban,Other Road,5,Washtenaw,0-99,0-99,0-99
11401,0,81-5370,2019,9897,9721,176,71,8,5,Major Collector,3,Urban,Other Road,5,Washtenaw,0-99,0-99,0-99
10146,0,81-5356,2017,665,636,29,15,13,5,Major Collector,3,Urban,Other Road,5,Washtenaw,0-99,0-99,0-99
10425,0,81-5357,2017,8185,7940,245,147,90,4,Minor Arterial,3,Urban,Other Road,5,Washtenaw,0-99,100-199,200-499
9480,0,81-7671,2019,8088,7805,283,89,113,4,Minor Arterial,3,Urban,Other Road,5,Washtenaw,100-199,0-99,200-499
9744,0,81-5321,2019,5750,5525,225,138,64,4,Minor Arterial,4,Suburban,Other Road,5,Washtenaw,0-99,100-199,200-499
10688,1,81-0130,2019,12437,11703,734,231,487,2,Other Freeway,4,Suburban,Freeway/Prin. Art.,5,Washtenaw,200-499,200-499,500-999
10152,0,81-0550,2019,9114,8795,319,100,128,4,Minor Arterial,4,Suburban,Other Road,5,Washtenaw,100-199,100-199,200-499
11554,0,81-0211,2019,10280,9871,409,256,112,5,Major Collector,4,Suburban,Other Road,5,Washtenaw,100-199,200-499,200-499
11555,0,81-0079,2019,8561,8217,344,214,96,5,Major Collector,4,Suburban,Other Road,5,Washtenaw,0-99,200-499,200-499
10686,0,81-0031,2019,8747,8283,463,157,306,3,Principal Arterial,4,Suburban,Freeway/Prin. Art.,5,Washtenaw,200-499,100-199,200-499
9916,1,81-0504,2019,15185,14725,460,218,124,3,Principal Arterial,4,Suburban,Freeway/Prin. Art.,5,Washtenaw,100-199,200-499,200-499
9913,0,81-0506,2019,11236,10887,349,169,146,3,Principal Arterial,4,Suburban,Freeway/Prin. Art.,5,Washtenaw,100-199,100-199,200-499
10276,0,81-0209,2019,9627,9250,377,231,107,4,Minor Arterial,5,Rural,Other Road,5,Washtenaw,100-199,200-499,200-499
11217,0,81-0319,2019,14563,14184,379,174,205,3,Principal Arterial,5,Rural,Freeway/Prin. Art.,5,Washtenaw,200-499,100-199,200-499
11210,0,81-0089,2019,12271,11952,319,148,171,3,Principal Arterial,5,Rural,Freeway/Prin. Art.,5,Washtenaw,100-199,100-199,200-499
9481,0,81-5301,2019,3803,3651,152,95,42,5,Major Collector,5,Rural,Other Road,5,Washtenaw,0-99,0-99,100-199
3200,0,81-5290,2018,9335,9084,251,149,83,4,Minor Arterial,5,Rural,Other Road,3,Oakland,0-99,100-199,200-499
10411,0,81-0044,2019,27439,22994,4445,549,3841,1,Interstate Freeway,5,Rural,Interstate,5,Washtenaw,2000+,500-999,2000+
10402,0,81-0002,2019,28270,23690,4580,565,3958,1,Interstate Freeway,5,Rural,Interstate,5,Washtenaw,2000+,500-999,2000+
10400,1,81-0003,2019,26779,21619,5160,931,4126,1,Interstate Freeway,5,Rural,Interstate,5,Washtenaw,2000+,500-999,2000+
10398,0,81-0127,2019,33291,26899,6392,1132,5127,1,Interstate Freeway,5,Rural,Interstate,5,Washtenaw,2000+,1000-1999,2000+
11469,0,81-0064,2019,21925,18614,3311,504,2806,2,Other Freeway,4,Suburban,Freeway/Prin. Art.,5,Washtenaw,2000+,500-999,2000+
11463,0,81-0131,2019,28411,24121,4290,653,3636,2,Other Freeway,5,Rural,Freeway/Prin. Art.,5,Washtenaw,2000+,500-999,2000+
11459,0,81-0132,2019,31809,27006,4803,731,4071,2,Other Freeway,4,Suburban,Freeway/Prin. Art.,5,Washtenaw,2000+,500-999,2000+
9830,0,81-5025,2019,6509,6406,103,94,7,3,Principal Arterial,3,Urban,Freeway/Prin. Art.,5,Washtenaw,0-99,0-99,100-199
21805,0,81-1826,2019,9825,9627,197,128,59,3,Principal Arterial,3,Urban,Freeway/Prin. Art.,5,Washtenaw,0-99,100-199,100-199
10161,1,81-0142,2019,23932,21715,2217,425,1775,2,Other Freeway,3,Urban,Freeway/Prin. Art.,5,Washtenaw,1000-1999,200-499,2000+
10514,1,81-8239,2019,36232,33120,3112,861,2203,2,Other Freeway,5,Rural,Freeway/Prin. Art.,5,Washtenaw,2000+,500-999,2000+
40529,1,81-5113,2019,28230,27463,767,428,212,3,Principal Arterial,4,Suburban,Freeway/Prin. Art.,5,Washtenaw,200-499,200-499,500-999
10006,0,81-5114,2019,12722,12335,386,125,18,3,Principal Arterial,3,Urban,Freeway/Prin. Art.,5,Washtenaw,0-99,100-199,100-199
37028,1,81-5118,2019,14703,14379,323,228,84,3,Principal Arterial,3,Urban,Freeway/Prin. Art.,5,Washtenaw,0-99,200-499,200-499
10573,0,81-0021,2019,12012,11808,204,120,36,3,Principal Arterial,3,Urban,Freeway/Prin. Art.,5,Washtenaw,0-99,100-199,100-199
10429,0,81-0114,2019,32939,30830,2108,362,1746,2,Other Freeway,3,Urban,Freeway/Prin. Art.,5,Washtenaw,1000-1999,200-499,2000+
11452,1,81-0133,2018,36245,30290,5954,849,4841,2,Other Freeway,4,Suburban,Freeway/Prin. Art.,5,Washtenaw,2000+,500-999,2000+
11473,0,81-0566,2019,7647,7434,213,91,122,3,Principal Arterial,5,Rural,Freeway/Prin. Art.,5,Washtenaw,100-199,0-99,200-499
11471,1,81-0143,2019,6592,6404,187,77,109,3,Principal Arterial,5,Rural,Freeway/Prin. Art.,5,Washtenaw,100-199,0-99,100-199
9565,1,81-0130,2019,12437,11703,734,231,487,2,Other Freeway,4,Suburban,Freeway/Prin. Art.,5,Washtenaw,200-499,200-499,500-999
10695,0,81-0031,2019,8747,8283,463,157,306,3,Principal Arterial,4,Suburban,Freeway/Prin. Art.,5,Washtenaw,200-499,100-199,200-499
20303,0,63-5059,2018,7067,6884,183,120,56,5,Major Collector,4,Suburban,Other Road,3,Oakland,0-99,100-199,100-199
3412,0,63-6049,2019,1083,1046,37,30,7,5,Major Collector,4,Suburban,Other Road,3,Oakland,0-99,0-99,0-99
3501,1,63-5007,2018,9210,9050,159,76,82,4,Minor Arterial,4,Suburban,Other Road,3,Oakland,0-99,0-99,100-199
939,0,63-5472,2018,7256,7059,196,126,37,5,Major Collector,4,Suburban,Other Road,3,Oakland,0-99,100-199,100-199
2524,1,63-5005,2018,13691,13290,400,287,104,4,Minor Arterial,4,Suburban,Other Road,3,Oakland,100-199,200-499,200-499
20442,0,63-5058,2018,626,608,18,11,6,5,Major Collector,5,Rural,Other Road,3,Oakland,0-99,0-99,0-99
3139,0,63-5006,2018,15221,14811,410,243,137,3,Principal Arterial,5,Rural,Freeway/Prin. Art.,3,Oakland,100-199,200-499,200-499
1786,1,63-5359,2018,4368,4211,156,108,53,4,Minor Arterial,4,Suburban,Other Road,3,Oakland,0-99,100-199,100-199
3030,0,63-5095,2019,18607,17880,727,447,206,4,Minor Arterial,4,Suburban,Other Road,3,Oakland,200-499,200-499,500-999
18411,1,63-5055,2018,14071,13752,318,200,116,3,Principal Arterial,4,Suburban,Freeway/Prin. Art.,2,Other Wayne,100-199,200-499,200-499
1318,0,63-6120,2019,3728,3687,41,38,2,4,Minor Arterial,4,Suburban,Other Road,3,Oakland,0-99,0-99,0-99
3109,1,63-5009,2018,18813,18204,608,342,264,3,Principal Arterial,4,Suburban,Freeway/Prin. Art.,3,Oakland,200-499,200-499,500-999
18180,1,63-5057,2018,15151,14814,336,218,123,3,Principal Arterial,3,Urban,Freeway/Prin. Art.,3,Oakland,100-199,200-499,200-499
22153,0,63-5091,2018,14623,14243,380,190,132,3,Principal Arterial,3,Urban,Freeway/Prin. Art.,3,Oakland,100-199,100-199,200-499
22149,1,63-5092,2018,20434,19936,498,295,113,3,Principal Arterial,3,Urban,Freeway/Prin. Art.,3,Oakland,100-199,200-499,200-499
1133,1,63-5366,2018,19947,19524,422,247,175,3,Principal Arterial,3,Urban,Freeway/Prin. Art.,3,Oakland,100-199,200-499,200-499
868,0,63-5065,2019,10309,10130,179,143,35,4,Minor Arterial,3,Urban,Other Road,3,Oakland,0-99,100-199,100-199
1693,0,63-5851,2019,5956,5717,239,149,66,5,Major Collector,3,Urban,Other Road,3,Oakland,0-99,100-199,200-499
981,0,63-5844,2019,1313,1261,52,33,14,5,Major Collector,3,Urban,Other Road,3,Oakland,0-99,0-99,0-99
19776,0,63-1731,2019,8903,8742,161,107,27,4,Minor Arterial,3,Urban,Other Road,3,Oakland,0-99,100-199,100-199
3046,0,63-5459,2018,6491,6326,165,109,50,5,Major Collector,4,Suburban,Other Road,3,Oakland,0-99,100-199,100-199
2946,1,63-5288,2018,10377,10121,255,160,95,4,Minor Arterial,4,Suburban,Other Road,3,Oakland,0-99,100-199,200-499
3577,1,63-5411,2018,14388,14107,280,165,108,4,Minor Arterial,4,Suburban,Other Road,3,Oakland,100-199,100-199,200-499
3070,0,63-5015,2018,5237,5166,70,62,10,5,Major Collector,5,Rural,Other Road,3,Oakland,0-99,0-99,0-99
3085,0,63-5337,2018,1181,1155,25,21,7,5,Major Collector,5,Rural,Other Road,3,Oakland,0-99,0-99,0-99
3364,1,63-5461,2018,12664,12288,375,209,155,4,Minor Arterial,4,Suburban,Other Road,3,Oakland,100-199,200-499,200-499
19817,0,63-5217,2018,8620,8386,234,139,78,4,Minor Arterial,4,Suburban,Other Road,3,Oakland,0-99,100-199,200-499
21007,0,63-0299,2017,14315,13971,366,264,73,4,Minor Arterial,5,Rural,Other Road,3,Oakland,0-99,200-499,200-499
21005,0,63-0344,2017,8986,8770,216,108,99,5,Major Collector,5,Rural,Other Road,3,Oakland,0-99,100-199,200-499
21004,0,63-5252,2018,7769,7567,202,132,62,5,Major Collector,5,Rural,Other Road,3,Oakland,0-99,100-199,100-199
2202,0,63-5344,2018,1493,1458,35,24,10,5,Major Collector,5,Rural,Other Road,3,Oakland,0-99,0-99,0-99
2204,0,63-5123,2018,2710,2661,48,37,16,5,Major Collector,5,Rural,Other Road,3,Oakland,0-99,0-99,0-99
19980,0,63-5200,2018,6682,6507,175,114,54,5,Major Collector,5,Rural,Other Road,3,Oakland,0-99,100-199,100-199
2667,0,63-5441,2018,945,920,25,16,8,5,Major Collector,5,Rural,Other Road,3,Oakland,0-99,0-99,0-99
2663,0,63-5066,2019,3070,2948,122,77,33,5,Major Collector,5,Rural,Other Road,3,Oakland,0-99,0-99,100-199
3506,0,63-5874,2019,3565,3420,145,90,41,5,Major Collector,4,Suburban,Other Road,3,Oakland,0-99,0-99,100-199
2571,0,63-5879,2019,6685,6424,261,160,74,4,Minor Arterial,4,Suburban,Other Road,3,Oakland,0-99,100-199,200-499
2662,0,63-5223,2019,13340,12821,519,320,146,4,Minor Arterial,5,Rural,Other Road,3,Oakland,100-199,200-499,200-499
19978,0,63-5499,2018,588,580,7,6,5,5,Major Collector,5,Rural,Other Road,3,Oakland,0-99,0-99,0-99
3019,1,63-5355,2018,14568,14236,331,228,106,3,Principal Arterial,5,Rural,Freeway/Prin. Art.,3,Oakland,100-199,200-499,200-499
40169,1,63-5357,2018,14190,13395,795,387,387,3,Principal Arterial,4,Suburban,Freeway/Prin. Art.,3,Oakland,200-499,200-499,500-999
2649,1,63-8209,2019,58803,55674,3129,718,2346,1,Interstate Freeway,4,Suburban,Interstate,3,Oakland,2000+,500-999,2000+
21907,0,63-5177,2018,8112,7902,210,138,64,5,Major Collector,4,Suburban,Other Road,3,Oakland,0-99,100-199,200-499
19810,1,63-5220,2018,23972,22469,1502,725,688,4,Minor Arterial,4,Suburban,Other Road,3,Oakland,500-999,500-999,1000-1999
1221,1,63-5546,2018,28267,26776,1491,816,651,3,Principal Arterial,4,Suburban,Freeway/Prin. Art.,3,Oakland,500-999,500-999,1000-1999
3885,0,63-6114,2019,8110,7786,324,203,89,5,Major Collector,4,Suburban,Other Road,3,Oakland,0-99,200-499,200-499
3115,0,63-5596,2018,8761,8523,238,141,79,4,Minor Arterial,4,Suburban,Other Road,3,Oakland,0-99,100-199,200-499
3524,1,63-5096,2018,25964,25271,692,328,324,4,Minor Arterial,4,Suburban,Other Road,3,Oakland,200-499,200-499,500-999
2040,0,63-5097,2019,14322,13764,558,344,157,4,Minor Arterial,4,Suburban,Other Road,3,Oakland,100-199,200-499,500-999
3009,0,63-5416,2019,18580,17873,707,316,261,3,Principal Arterial,4,Suburban,Freeway/Prin. Art.,3,Oakland,200-499,200-499,500-999
2634,0,63-5333,2019,4155,4105,50,47,3,4,Minor Arterial,4,Suburban,Other Road,3,Oakland,0-99,0-99,0-99
1061,0,63-5468,2019,3260,3131,129,81,35,5,Major Collector,4,Suburban,Other Road,3,Oakland,0-99,0-99,100-199
3926,0,63-5320,2019,3740,3589,151,94,42,5,Major Collector,4,Suburban,Other Road,3,Oakland,0-99,0-99,100-199
2119,0,63-5214,2019,6670,6409,261,160,74,4,Minor Arterial,4,Suburban,Other Road,3,Oakland,0-99,100-199,200-499
3428,0,63-5324,2019,12230,11754,476,293,134,4,Minor Arterial,4,Suburban,Other Road,3,Oakland,100-199,200-499,200-499
2500,0,63-5522,2018,4308,4197,111,73,34,5,Major Collector,4,Suburban,Other Road,3,Oakland,0-99,0-99,100-199
21957,0,63-5247,2018,6709,6528,181,107,61,4,Minor Arterial,4,Suburban,Other Road,3,Oakland,0-99,100-199,100-199
3054,0,63-5523,2018,7324,7239,84,59,28,5,Major Collector,4,Suburban,Other Road,3,Oakland,0-99,0-99,0-99
21058,1,63-5178,2018,11181,10942,238,152,86,5,Major Collector,5,Rural,Other Road,3,Oakland,0-99,100-199,200-499
3244,0,63-5442,2018,429,409,19,17,0,5,Major Collector,5,Rural,Other Road,3,Oakland,0-99,0-99,0-99
21055,0,63-5179,2018,7215,7028,187,122,58,5,Major Collector,4,Suburban,Other Road,3,Oakland,0-99,100-199,100-199
3053,0,63-5132,2019,3400,3266,134,84,36,5,Major Collector,4,Suburban,Other Road,3,Oakland,0-99,0-99,100-199
2192,1,63-0511,2019,15488,15040,448,219,222,3,Principal Arterial,4,Suburban,Freeway/Prin. Art.,3,Oakland,200-499,200-499,200-499
2107,0,63-5115,2018,6019,5863,156,102,48,5,Major Collector,4,Suburban,Other Road,3,Oakland,0-99,100-199,100-199
741,0,63-5134,2019,10740,10321,419,258,118,4,Minor Arterial,4,Suburban,Other Road,3,Oakland,100-199,200-499,200-499
2789,1,63-5536,2018,9326,9086,239,142,98,4,Minor Arterial,5,Rural,Other Road,3,Oakland,0-99,100-199,200-499
1917,1,63-5369,2018,36571,35907,664,385,232,3,Principal Arterial,3,Urban,Freeway/Prin. Art.,3,Oakland,200-499,200-499,500-999
2595,0,63-0136,2017,80873,76242,4631,1617,4529,1,Interstate Freeway,3,Urban,Interstate,3,Oakland,2000+,1000-1999,2000+
20543,0,63-5368,2019,9489,9121,368,227,103,4,Minor Arterial,4,Suburban,Other Road,3,Oakland,100-199,200-499,200-499
19281,0,63-5046,2018,12205,12115,89,77,16,4,Minor Arterial,4,Suburban,Other Road,3,Oakland,0-99,0-99,0-99
2588,0,63-8664,2018,11593,11454,139,46,93,2,Other Freeway,3,Urban,Freeway/Prin. Art.,3,Oakland,0-99,0-99,100-199
957,1,63-5239,2018,12699,12532,166,73,92,3,Principal Arterial,4,Suburban,Freeway/Prin. Art.,3,Oakland,0-99,0-99,100-199
3162,0,63-6119,2019,4906,4885,21,19,2,4,Minor Arterial,4,Suburban,Other Road,3,Oakland,0-99,0-99,0-99
931,1,63-5052,2018,20272,19569,702,291,410,3,Principal Arterial,4,Suburban,Freeway/Prin. Art.,3,Oakland,200-499,200-499,500-999
2842,1,63-5412,2018,15307,14861,446,304,96,3,Principal Arterial,3,Urban,Freeway/Prin. Art.,3,Oakland,0-99,200-499,200-499
34329,0,63-5330,2019,17780,17104,676,302,250,3,Principal Arterial,3,Urban,Freeway/Prin. Art.,3,Oakland,200-499,200-499,500-999
3004,0,63-5414,2019,14660,14102,558,249,206,3,Principal Arterial,3,Urban,Freeway/Prin. Art.,3,Oakland,200-499,200-499,200-499
3766,0,63-5447,2019,13190,12675,515,317,145,4,Minor Arterial,4,Suburban,Other Road,3,Oakland,100-199,200-499,200-499
1603,0,63-5446,2019,11040,10610,430,265,121,4,Minor Arterial,4,Suburban,Other Road,3,Oakland,100-199,200-499,200-499
39841,1,63-5787,2018,14351,14023,327,113,216,3,Principal Arterial,4,Suburban,Freeway/Prin. Art.,3,Oakland,200-499,100-199,200-499
3473,1,63-5413,2018,28615,27975,639,357,280,3,Principal Arterial,4,Suburban,Freeway/Prin. Art.,3,Oakland,200-499,200-499,500-999
409,0,63-5428,2019,6330,6084,246,152,69,4,Minor Arterial,4,Suburban,Other Road,3,Oakland,0-99,100-199,200-499
1188,1,63-5506,2018,34979,34071,908,527,300,3,Principal Arterial,4,Suburban,Freeway/Prin. Art.,3,Oakland,200-499,500-999,500-999
577,1,63-5238,2018,19587,19071,515,255,259,3,Principal Arterial,4,Suburban,Freeway/Prin. Art.,3,Oakland,200-499,200-499,500-999
1259,0,63-5429,2019,15320,14738,582,261,214,3,Principal Arterial,4,Suburban,Freeway/Prin. Art.,3,Oakland,200-499,200-499,200-499
19789,0,63-0636,2019,29987,29237,750,510,180,4,Minor Arterial,3,Urban,Other Road,3,Oakland,100-199,500-999,500-999
2475,0,63-8665,2018,25280,24977,303,101,202,2,Other Freeway,3,Urban,Freeway/Prin. Art.,3,Oakland,200-499,100-199,200-499
20604,0,63-5846,2019,14064,13516,548,338,154,4,Minor Arterial,3,Urban,Other Road,3,Oakland,100-199,200-499,200-499
19785,1,63-8672,2019,42127,41070,1057,703,261,4,Minor Arterial,3,Urban,Other Road,3,Oakland,200-499,500-999,500-999
285,0,63-5243,2019,11490,11269,221,151,35,4,Minor Arterial,3,Urban,Other Road,3,Oakland,0-99,100-199,100-199
2054,0,63-0214,2017,7935,7696,239,143,88,4,Minor Arterial,3,Urban,Other Road,3,Oakland,0-99,100-199,200-499
2072,0,63-5175,2019,5752,5703,49,44,5,4,Minor Arterial,4,Suburban,Other Road,3,Oakland,0-99,0-99,0-99
1000,0,63-5174,2019,7145,6867,278,171,78,4,Minor Arterial,4,Suburban,Other Road,3,Oakland,0-99,100-199,200-499
1329,0,63-5050,2019,18729,18616,113,85,28,3,Principal Arterial,4,Suburban,Freeway/Prin. Art.,3,Oakland,0-99,0-99,100-199
19780,0,63-1723,2019,15386,15001,385,262,92,4,Minor Arterial,3,Urban,Other Road,3,Oakland,0-99,200-499,200-499
19779,0,63-1749,2019,14529,14267,262,174,44,4,Minor Arterial,3,Urban,Other Road,3,Oakland,0-99,100-199,200-499
1308,0,63-5010,2019,8424,8097,327,201,92,4,Minor Arterial,3,Urban,Other Road,3,Oakland,0-99,200-499,200-499
724,0,63-5843,2019,3174,3047,127,79,35,5,Major Collector,4,Suburban,Other Road,3,Oakland,0-99,0-99,100-199
3532,1,63-5031,2018,32538,32050,488,322,81,3,Principal Arterial,4,Suburban,Freeway/Prin. Art.,3,Oakland,0-99,200-499,200-499
94,0,63-5039,2019,14918,14335,583,358,165,4,Minor Arterial,4,Suburban,Other Road,3,Oakland,100-199,200-499,500-999
1923,0,63-5241,2018,360,347,12,14,0,5,Major Collector,4,Suburban,Other Road,3,Oakland,0-99,0-99,0-99
37708,1,63-5173,2018,15343,15211,131,79,56,4,Minor Arterial,4,Suburban,Other Road,3,Oakland,0-99,0-99,100-199
1536,1,63-5512,2018,13407,13215,191,100,94,4,Minor Arterial,4,Suburban,Other Road,3,Oakland,0-99,100-199,100-199
3203,1,63-5410,2018,13205,12820,384,194,190,3,Principal Arterial,4,Suburban,Freeway/Prin. Art.,3,Oakland,100-199,100-199,200-499
19825,0,63-5131,2019,12410,11939,471,211,173,3,Principal Arterial,4,Suburban,Freeway/Prin. Art.,3,Oakland,100-199,200-499,200-499
1304,1,63-5193,2018,21684,21456,227,104,122,4,Minor Arterial,4,Suburban,Other Road,3,Oakland,100-199,100-199,200-499
37723,1,63-5327,2018,24376,24001,374,185,128,3,Principal Arterial,4,Suburban,Freeway/Prin. Art.,3,Oakland,100-199,100-199,200-499
1527,0,63-5194,2018,10690,10562,127,87,42,4,Minor Arterial,4,Suburban,Other Road,3,Oakland,0-99,0-99,100-199
3069,0,63-5912,2019,7642,7335,307,191,85,5,Major Collector,4,Suburban,Other Road,3,Oakland,0-99,100-199,200-499
1469,0,63-5116,2018,10086,9825,261,171,80,5,Major Collector,4,Suburban,Other Road,3,Oakland,0-99,100-199,200-499
2024,0,63-5541,2019,10360,9958,402,248,113,4,Minor Arterial,4,Suburban,Other Road,3,Oakland,100-199,200-499,200-499
2184,0,63-0091,2019,27917,27163,754,363,391,3,Principal Arterial,4,Suburban,Freeway/Prin. Art.,3,Oakland,200-499,200-499,500-999
2138,1,63-5135,2018,29336,28528,808,484,295,3,Principal Arterial,4,Suburban,Freeway/Prin. Art.,3,Oakland,200-499,200-499,500-999
1215,0,63-5539,2018,19327,18825,502,251,174,3,Principal Arterial,4,Suburban,Freeway/Prin. Art.,3,Oakland,100-199,200-499,200-499
3960,0,63-5321,2018,11718,11607,110,67,43,3,Principal Arterial,4,Suburban,Freeway/Prin. Art.,3,Oakland,0-99,0-99,100-199
4119,0,63-5361,2018,12789,12654,134,97,40,3,Principal Arterial,4,Suburban,Freeway/Prin. Art.,3,Oakland,0-99,0-99,100-199
21973,1,63-5534,2018,23346,22583,762,372,305,3,Principal Arterial,4,Suburban,Freeway/Prin. Art.,3,Oakland,200-499,200-499,500-999
3610,0,63-0535,2019,27737,26961,776,416,277,3,Principal Arterial,4,Suburban,Freeway/Prin. Art.,3,Oakland,200-499,200-499,500-999
1040,1,63-5136,2018,16141,15954,186,114,78,3,Principal Arterial,4,Suburban,Freeway/Prin. Art.,3,Oakland,0-99,100-199,100-199
3589,0,63-0713,2019,28749,27973,776,374,402,3,Principal Arterial,4,Suburban,Freeway/Prin. Art.,3,Oakland,200-499,200-499,500-999
3443,0,63-8489,2019,34456,33527,929,447,482,3,Principal Arterial,4,Suburban,Freeway/Prin. Art.,3,Oakland,200-499,200-499,500-999
4621,1,63-5538,2018,13158,12453,704,380,321,3,Principal Arterial,4,Suburban,Freeway/Prin. Art.,3,Oakland,200-499,200-499,500-999
3609,0,63-0817,2019,25328,24619,709,380,253,3,Principal Arterial,4,Suburban,Freeway/Prin. Art.,3,Oakland,200-499,200-499,500-999
3607,1,63-0006,2019,35182,34220,962,519,350,3,Principal Arterial,4,Suburban,Freeway/Prin. Art.,3,Oakland,200-499,500-999,500-999
3270,0,63-5335,2019,7470,7173,297,187,80,5,Major Collector,5,Rural,Other Road,3,Oakland,0-99,100-199,200-499
2578,0,63-5262,2019,7160,6874,286,179,78,5,Major Collector,5,Rural,Other Road,3,Oakland,0-99,100-199,200-499
2655,0,63-5224,2019,11230,10793,437,269,123,4,Minor Arterial,4,Suburban,Other Road,3,Oakland,100-199,200-499,200-499
1999,0,63-0150,2017,27053,25627,1426,568,1650,1,Interstate Freeway,5,Rural,Interstate,3,Oakland,1000-1999,500-999,2000+
909,0,63-0151,2017,30378,28860,1517,607,1732,1,Interstate Freeway,5,Rural,Interstate,3,Oakland,1000-1999,500-999,2000+
2926,0,63-5371,2018,576,559,17,10,6,5,Major Collector,5,Rural,Other Road,3,Oakland,0-99,0-99,0-99
2637,0,63-5222,2019,11390,10947,443,273,124,4,Minor Arterial,5,Rural,Other Road,3,Oakland,100-199,200-499,200-499
2433,0,63-5537,2018,382,370,11,10,4,5,Major Collector,5,Rural,Other Road,3,Oakland,0-99,0-99,0-99
3462,0,63-5580,2019,2700,2643,57,28,28,3,Principal Arterial,5,Rural,Freeway/Prin. Art.,3,Oakland,0-99,0-99,0-99
20099,0,63-5599,2018,2648,2606,42,18,27,3,Principal Arterial,5,Rural,Freeway/Prin. Art.,3,Oakland,0-99,0-99,0-99
2417,0,63-5233,2019,530,507,23,13,8,5,Major Collector,5,Rural,Other Road,3,Oakland,0-99,0-99,0-99
1873,0,63-0152,2017,31582,30025,1556,631,1768,1,Interstate Freeway,5,Rural,Interstate,3,Oakland,1000-1999,500-999,2000+
3613,0,63-0816,2019,26133,25402,731,392,261,3,Principal Arterial,5,Rural,Freeway/Prin. Art.,3,Oakland,200-499,200-499,500-999
3569,0,63-5778,2019,2023,1943,80,50,22,5,Major Collector,4,Suburban,Other Road,3,Oakland,0-99,0-99,0-99
324,0,63-1614,2018,13481,13171,310,270,40,3,Principal Arterial,4,Suburban,Freeway/Prin. Art.,3,Oakland,0-99,200-499,200-499
1997,0,63-8629,2019,38871,37433,1438,544,894,1,Interstate Freeway,4,Suburban,Interstate,3,Oakland,500-999,500-999,1000-1999
4252,0,63-5450,2018,21963,21369,594,352,198,4,Minor Arterial,5,Rural,Other Road,3,Oakland,100-199,200-499,500-999
2746,0,63-5237,2018,663,656,6,6,2,5,Major Collector,5,Rural,Other Road,3,Oakland,0-99,0-99,0-99
4237,0,63-5449,2018,713,693,20,13,6,5,Major Collector,5,Rural,Other Road,3,Oakland,0-99,0-99,0-99
19771,1,63-1725,2019,20485,20106,379,240,70,3,Principal Arterial,3,Urban,Freeway/Prin. Art.,3,Oakland,0-99,200-499,200-499
1394,0,63-5389,2018,19334,19008,326,227,38,3,Principal Arterial,3,Urban,Freeway/Prin. Art.,3,Oakland,0-99,200-499,200-499
860,1,63-5392,2018,23644,23273,370,204,167,3,Principal Arterial,3,Urban,Freeway/Prin. Art.,3,Oakland,100-199,200-499,200-499
576,0,63-5848,2019,3438,3302,136,86,36,5,Major Collector,3,Urban,Other Road,3,Oakland,0-99,0-99,100-199
1845,0,63-6080,2019,7730,7428,302,186,85,4,Minor Arterial,4,Suburban,Other Road,3,Oakland,0-99,100-199,200-499
3721,0,63-5549,2019,5713,5652,61,55,5,5,Major Collector,4,Suburban,Other Road,3,Oakland,0-99,0-99,0-99
3749,0,63-6062,2019,5650,5428,222,136,63,4,Minor Arterial,4,Suburban,Other Road,3,Oakland,0-99,100-199,100-199
3748,0,63-6063,2019,6716,6453,263,162,74,4,Minor Arterial,4,Suburban,Other Road,3,Oakland,0-99,100-199,200-499
3747,0,63-6064,2019,7194,6913,281,173,79,4,Minor Arterial,4,Suburban,Other Road,3,Oakland,0-99,100-199,200-499
3712,0,63-5296,2018,17523,17048,475,281,159,4,Minor Arterial,3,Urban,Other Road,3,Oakland,100-199,200-499,200-499
3269,1,63-6089,2017,4283,4113,169,20,151,3,Principal Arterial,3,Urban,Freeway/Prin. Art.,3,Oakland,100-199,0-99,100-199
3651,0,63-5358,2019,5999,5759,240,150,66,5,Major Collector,3,Urban,Other Road,3,Oakland,0-99,100-199,200-499
4746,1,63-5562,2019,5216,4940,276,94,10,5,Major Collector,3,Urban,Other Road,3,Oakland,0-99,0-99,100-199
650,1,63-5551,2019,27713,27066,647,431,135,4,Minor Arterial,3,Urban,Other Road,3,Oakland,100-199,200-499,500-999
7,0,63-5911,2019,8105,7797,308,138,113,3,Principal Arterial,3,Urban,Freeway/Prin. Art.,1,Detroit,100-199,100-199,200-499
3098,1,63-5773,2018,7740,7415,324,94,227,4,Minor Arterial,3,Urban,Other Road,3,Oakland,200-499,0-99,200-499
1096,0,63-5860,2019,3698,3558,140,62,52,3,Principal Arterial,3,Urban,Freeway/Prin. Art.,3,Oakland,0-99,0-99,100-199
2328,0,63-0649,2019,10875,10439,436,272,120,5,Major Collector,3,Urban,Other Road,3,Oakland,100-199,200-499,200-499
4531,0,63-3111,2019,5307,4967,340,101,239,1,Interstate Freeway,3,Urban,Interstate,3,Oakland,200-499,100-199,200-499
400,1,63-5394,2018,37278,36568,710,393,143,3,Principal Arterial,4,Suburban,Freeway/Prin. Art.,3,Oakland,100-199,200-499,500-999
3135,1,63-5504,2018,19866,18992,873,173,699,3,Principal Arterial,4,Suburban,Freeway/Prin. Art.,3,Oakland,500-999,100-199,500-999
368,1,63-5387,2018,31322,30709,613,346,153,3,Principal Arterial,4,Suburban,Freeway/Prin. Art.,3,Oakland,100-199,200-499,200-499
944,1,63-5388,2018,28197,27694,503,265,137,3,Principal Arterial,4,Suburban,Freeway/Prin. Art.,3,Oakland,100-199,200-499,200-499
3878,0,63-0608,2018,21968,21792,176,132,22,3,Principal Arterial,4,Suburban,Freeway/Prin. Art.,3,Oakland,0-99,100-199,100-199
39987,0,63-5042,2018,881,855,25,17,9,4,Minor Arterial,4,Suburban,Other Road,3,Oakland,0-99,0-99,0-99
4066,0,63-6675,2018,29564,29321,242,172,41,3,Principal Arterial,4,Suburban,Freeway/Prin. Art.,3,Oakland,0-99,100-199,200-499
4899,0,63-6720,2018,28395,28168,227,170,28,3,Principal Arterial,4,Suburban,Freeway/Prin. Art.,3,Oakland,0-99,100-199,100-199
37653,0,63-5024,2018,26672,26283,389,198,30,3,Principal Arterial,4,Suburban,Freeway/Prin. Art.,3,Oakland,0-99,100-199,200-499
271,1,63-5395,2018,29659,29076,583,300,117,3,Principal Arterial,4,Suburban,Freeway/Prin. Art.,3,Oakland,100-199,200-499,200-499
1392,0,63-5276,2019,5560,5336,224,139,63,5,Major Collector,4,Suburban,Other Road,3,Oakland,0-99,100-199,200-499
1382,0,63-5513,2019,7390,7096,294,184,80,5,Major Collector,4,Suburban,Other Road,3,Oakland,0-99,100-199,200-499
3660,0,63-6053,2019,10790,10358,432,270,119,5,Major Collector,4,Suburban,Other Road,3,Oakland,100-199,200-499,200-499
4005,0,63-8459,2019,36885,35963,922,442,479,3,Principal Arterial,3,Urban,Freeway/Prin. Art.,3,Oakland,200-499,200-499,500-999
5014,0,63-0018,2018,48671,46772,1898,827,973,3,Principal Arterial,3,Urban,Freeway/Prin. Art.,3,Oakland,500-999,500-999,1000-1999
20432,0,63-6094,2019,6638,6371,267,166,74,5,Major Collector,3,Urban,Other Road,3,Oakland,0-99,100-199,200-499
4676,0,63-6776,2018,38463,36962,1500,654,769,3,Principal Arterial,4,Suburban,Freeway/Prin. Art.,3,Oakland,500-999,500-999,1000-1999
5010,0,63-6775,2018,32699,31424,1275,556,654,3,Principal Arterial,4,Suburban,Freeway/Prin. Art.,3,Oakland,500-999,500-999,1000-1999
39978,0,63-5045,2019,4260,4094,166,102,47,4,Minor Arterial,4,Suburban,Other Road,3,Oakland,0-99,100-199,100-199
5007,1,63-0076,2018,36906,35479,1426,614,723,3,Principal Arterial,4,Suburban,Freeway/Prin. Art.,3,Oakland,500-999,500-999,1000-1999
3978,0,63-0501,2018,34621,33271,1350,588,692,3,Principal Arterial,4,Suburban,Freeway/Prin. Art.,3,Oakland,500-999,500-999,1000-1999
2629,0,63-5025,2018,22339,21985,354,152,37,3,Principal Arterial,3,Urban,Freeway/Prin. Art.,3,Oakland,0-99,100-199,100-199
4508,0,63-6072,2019,14372,14221,151,88,18,5,Major Collector,3,Urban,Other Road,3,Oakland,0-99,0-99,100-199
19896,0,63-5021,2019,9040,8679,361,226,99,5,Major Collector,3,Urban,Other Road,3,Oakland,0-99,200-499,200-499
20482,0,63-6077,2019,4728,4537,191,119,53,5,Major Collector,3,Urban,Other Road,3,Oakland,0-99,100-199,100-199
4502,0,63-0048,2019,8563,8218,345,215,96,5,Major Collector,3,Urban,Other Road,3,Oakland,0-99,200-499,200-499
4501,0,63-6073,2019,7544,7240,304,189,85,5,Major Collector,3,Urban,Other Road,3,Oakland,0-99,100-199,200-499
20356,0,63-6074,2019,8205,7877,328,205,90,5,Major Collector,3,Urban,Other Road,3,Oakland,0-99,200-499,200-499
2640,0,63-5189,2019,21475,20639,836,515,235,4,Minor Arterial,3,Urban,Other Road,3,Oakland,200-499,500-999,500-999
2565,0,63-5030,2018,22240,21873,367,155,34,3,Principal Arterial,3,Urban,Freeway/Prin. Art.,3,Oakland,0-99,100-199,100-199
2639,0,63-6091,2019,10798,10377,421,259,119,4,Minor Arterial,3,Urban,Other Road,3,Oakland,100-199,200-499,200-499
3219,0,63-6092,2019,9422,9056,366,225,103,4,Minor Arterial,3,Urban,Other Road,3,Oakland,100-199,200-499,200-499
3804,1,63-5329,2018,24636,24104,532,283,92,3,Principal Arterial,4,Suburban,Freeway/Prin. Art.,3,Oakland,0-99,200-499,200-499
3692,0,63-5292,2019,16230,15598,632,389,178,4,Minor Arterial,4,Suburban,Other Road,3,Oakland,100-199,200-499,500-999
3961,0,63-8470,2019,31937,30691,1246,543,639,3,Principal Arterial,4,Suburban,Freeway/Prin. Art.,3,Oakland,500-999,500-999,1000-1999
3681,0,63-5294,2019,9127,9025,102,86,15,4,Minor Arterial,4,Suburban,Other Road,3,Oakland,0-99,0-99,100-199
1389,0,63-5144,2019,7050,6776,274,169,77,4,Minor Arterial,4,Suburban,Other Road,3,Oakland,0-99,100-199,200-499
1399,0,63-5145,2019,6940,6668,272,167,77,4,Minor Arterial,4,Suburban,Other Road,3,Oakland,0-99,100-199,200-499
3799,1,63-5332,2019,21495,21178,317,225,83,3,Principal Arterial,3,Urban,Freeway/Prin. Art.,3,Oakland,0-99,200-499,200-499
1112,0,63-5317,2019,5740,5509,231,144,64,5,Major Collector,4,Suburban,Other Road,3,Oakland,0-99,100-199,200-499
1158,0,63-0002,2018,14195,13939,256,128,57,3,Principal Arterial,4,Suburban,Freeway/Prin. Art.,3,Oakland,0-99,100-199,100-199
2150,1,63-5318,2018,20330,20030,299,184,112,3,Principal Arterial,4,Suburban,Freeway/Prin. Art.,3,Oakland,100-199,100-199,200-499
286,0,63-1507,2018,28692,28176,516,258,115,3,Principal Arterial,4,Suburban,Freeway/Prin. Art.,3,Oakland,100-199,200-499,200-499
20608,1,63-5118,2018,17060,16781,278,129,152,3,Principal Arterial,4,Suburban,Freeway/Prin. Art.,3,Oakland,100-199,100-199,200-499
1836,1,63-5393,2018,32320,31603,717,491,165,3,Principal Arterial,4,Suburban,Freeway/Prin. Art.,3,Oakland,100-199,200-499,500-999
3409,0,63-0561,2019,32826,31940,886,426,460,3,Principal Arterial,4,Suburban,Freeway/Prin. Art.,3,Oakland,200-499,200-499,500-999
1915,0,63-5184,2018,15977,15697,280,177,45,3,Principal Arterial,4,Suburban,Freeway/Prin. Art.,3,Oakland,0-99,100-199,200-499
1523,1,63-5390,2018,34244,33444,799,456,315,3,Principal Arterial,4,Suburban,Freeway/Prin. Art.,3,Oakland,200-499,200-499,500-999
20947,1,63-0434,2019,17579,16871,708,310,356,3,Principal Arterial,4,Suburban,Freeway/Prin. Art.,3,Oakland,200-499,200-499,500-999
1572,0,63-5991,2019,8381,8055,326,201,91,4,Minor Arterial,4,Suburban,Other Road,3,Oakland,0-99,200-499,200-499
1253,0,63-5483,2019,10700,10281,419,258,118,4,Minor Arterial,4,Suburban,Other Road,3,Oakland,100-199,200-499,200-499
4920,0,63-8480,2019,23624,22679,944,425,472,3,Principal Arterial,4,Suburban,Freeway/Prin. Art.,3,Oakland,200-499,200-499,500-999
3381,0,63-0033,2019,23116,22493,623,300,323,3,Principal Arterial,4,Suburban,Freeway/Prin. Art.,3,Oakland,200-499,200-499,500-999
4942,0,63-4760,2019,29951,28753,1198,539,599,3,Principal Arterial,3,Urban,Freeway/Prin. Art.,3,Oakland,500-999,500-999,1000-1999
3379,1,63-4601,2018,25723,24749,973,517,386,3,Principal Arterial,3,Urban,Freeway/Prin. Art.,3,Oakland,200-499,500-999,500-999
3922,0,63-4854,2019,25692,24639,1053,540,462,3,Principal Arterial,3,Urban,Freeway/Prin. Art.,3,Oakland,200-499,500-999,1000-1999
4948,1,63-0557,2019,31496,30205,1291,656,558,3,Principal Arterial,3,Urban,Freeway/Prin. Art.,3,Oakland,500-999,500-999,1000-1999
1371,1,63-5187,2019,17042,16806,236,109,72,3,Principal Arterial,3,Urban,Freeway/Prin. Art.,3,Oakland,0-99,100-199,100-199
3949,0,63-5767,2018,2383,2321,62,31,21,3,Principal Arterial,4,Suburban,Freeway/Prin. Art.,3,Oakland,0-99,0-99,0-99
3990,0,63-5581,2018,3265,3235,29,15,16,5,Major Collector,4,Suburban,Other Road,3,Oakland,0-99,0-99,0-99
2600,0,63-5789,2018,2322,2259,62,42,17,5,Major Collector,4,Suburban,Other Road,3,Oakland,0-99,0-99,0-99
424,0,63-5957,2017,1517,1444,73,37,34,5,Major Collector,3,Urban,Other Road,3,Oakland,0-99,0-99,0-99
3155,1,63-4745,2019,8152,7760,392,178,177,3,Principal Arterial,3,Urban,Freeway/Prin. Art.,3,Oakland,100-199,100-199,200-499
3265,0,63-5950,2017,623,595,28,14,13,5,Major Collector,2,Urban Fringe,Other Road,3,Oakland,0-99,0-99,0-99
2856,1,63-5952,2017,8776,8145,630,226,400,3,Principal Arterial,3,Urban,Freeway/Prin. Art.,3,Oakland,200-499,200-499,500-999
2784,1,63-4631,2019,20336,19528,808,480,199,3,Principal Arterial,3,Urban,Freeway/Prin. Art.,3,Oakland,100-199,200-499,500-999
3074,1,63-4632,2019,12851,12445,406,228,133,3,Principal Arterial,3,Urban,Freeway/Prin. Art.,3,Oakland,100-199,200-499,200-499
3367,1,63-5953,2019,7458,7014,444,184,158,3,Principal Arterial,3,Urban,Freeway/Prin. Art.,3,Oakland,100-199,100-199,200-499
2573,1,63-5959,2017,12465,11957,507,236,269,3,Principal Arterial,3,Urban,Freeway/Prin. Art.,3,Oakland,200-499,200-499,500-999
3250,1,63-5960,2017,12607,12103,503,205,302,3,Principal Arterial,3,Urban,Freeway/Prin. Art.,3,Oakland,200-499,200-499,500-999
3044,1,63-5954,2017,13628,12122,1505,456,1049,3,Principal Arterial,3,Urban,Freeway/Prin. Art.,3,Oakland,1000-1999,200-499,1000-1999
2949,0,63-5961,2017,11915,11116,799,310,429,3,Principal Arterial,3,Urban,Freeway/Prin. Art.,3,Oakland,200-499,200-499,500-999
2687,0,63-5962,2017,17591,16606,985,370,545,3,Principal Arterial,3,Urban,Freeway/Prin. Art.,3,Oakland,500-999,200-499,500-999
4771,1,63-5520,2018,18104,17530,574,364,157,3,Principal Arterial,4,Suburban,Freeway/Prin. Art.,3,Oakland,100-199,200-499,500-999
4968,0,63-0031,2019,28105,26953,1152,590,506,3,Principal Arterial,4,Suburban,Freeway/Prin. Art.,3,Oakland,500-999,500-999,1000-1999
4999,0,63-0005,2019,30910,30044,866,464,309,3,Principal Arterial,4,Suburban,Freeway/Prin. Art.,3,Oakland,200-499,200-499,500-999
4132,1,63-5460,2018,11023,10886,136,74,66,4,Minor Arterial,4,Suburban,Other Road,3,Oakland,0-99,0-99,100-199
20541,0,63-0140,2019,9347,8973,374,196,131,3,Principal Arterial,4,Suburban,Freeway/Prin. Art.,3,Oakland,100-199,100-199,200-499
21446,0,63-5788,2019,7386,7105,281,125,104,3,Principal Arterial,4,Suburban,Freeway/Prin. Art.,3,Oakland,100-199,100-199,200-499
3320,1,63-5519,2019,18131,17503,628,463,159,3,Principal Arterial,4,Suburban,Freeway/Prin. Art.,3,Oakland,100-199,200-499,500-999
3050,0,63-5964,2017,17334,16362,972,364,539,3,Principal Arterial,3,Urban,Freeway/Prin. Art.,3,Oakland,500-999,200-499,500-999
3066,1,63-5965,2019,25157,24345,812,437,320,3,Principal Arterial,4,Suburban,Freeway/Prin. Art.,3,Oakland,200-499,200-499,500-999
37081,1,63-5089,2018,17053,16537,515,268,199,3,Principal Arterial,4,Suburban,Freeway/Prin. Art.,3,Oakland,100-199,200-499,200-499
37089,1,63-5769,2019,11100,10687,413,223,185,3,Principal Arterial,4,Suburban,Freeway/Prin. Art.,3,Oakland,100-199,200-499,200-499
1485,0,63-0156,2017,39092,37705,1387,781,2228,1,Interstate Freeway,4,Suburban,Interstate,3,Oakland,2000+,500-999,2000+
531,1,63-0341,2019,26445,25464,980,496,455,3,Principal Arterial,4,Suburban,Freeway/Prin. Art.,3,Oakland,200-499,200-499,500-999
1083,0,63-5928,2017,7195,6973,222,136,79,4,Minor Arterial,3,Urban,Other Road,3,Oakland,0-99,100-199,200-499
1029,0,63-5966,2019,8940,8590,350,215,99,4,Minor Arterial,3,Urban,Other Road,3,Oakland,0-99,200-499,200-499
1731,1,63-4900,2019,17799,17182,617,315,192,3,Principal Arterial,3,Urban,Freeway/Prin. Art.,3,Oakland,100-199,200-499,500-999
3679,0,63-5291,2019,7310,7026,284,175,80,4,Minor Arterial,4,Suburban,Other Road,3,Oakland,0-99,100-199,200-499
1744,0,63-0003,2019,14908,14386,522,268,164,3,Principal Arterial,4,Suburban,Freeway/Prin. Art.,3,Oakland,100-199,200-499,200-499
2436,1,63-5986,2019,12468,12191,277,176,99,3,Principal Arterial,4,Suburban,Freeway/Prin. Art.,3,Oakland,0-99,100-199,200-499
3405,0,63-5978,2017,9838,9089,749,275,425,3,Principal Arterial,3,Urban,Freeway/Prin. Art.,3,Oakland,200-499,200-499,500-999
24562,0,63-4615,2019,15122,14441,681,363,227,3,Principal Arterial,2,Urban Fringe,Freeway/Prin. Art.,3,Oakland,200-499,200-499,500-999
3350,0,63-4613,2018,28367,26778,1589,596,993,3,Principal Arterial,2,Urban Fringe,Freeway/Prin. Art.,3,Oakland,500-999,500-999,1000-1999
1348,0,63-4747,2019,19792,18901,891,475,297,3,Principal Arterial,2,Urban Fringe,Freeway/Prin. Art.,3,Oakland,200-499,200-499,500-999
3601,0,63-5936,2017,4234,4112,122,63,55,5,Major Collector,2,Urban Fringe,Other Road,3,Oakland,0-99,0-99,100-199
2871,0,63-5967,2017,1124,1069,55,29,25,5,Major Collector,2,Urban Fringe,Other Road,3,Oakland,0-99,0-99,0-99
976,1,63-5932,2019,17915,17351,564,278,278,3,Principal Arterial,2,Urban Fringe,Freeway/Prin. Art.,3,Oakland,200-499,200-499,500-999
421,0,63-5968,2017,3235,3136,99,51,45,5,Major Collector,2,Urban Fringe,Other Road,3,Oakland,0-99,0-99,0-99
708,0,63-5937,2017,3564,3459,105,54,47,5,Major Collector,2,Urban Fringe,Other Road,3,Oakland,0-99,0-99,100-199
2587,0,63-5971,2017,2435,2351,84,44,38,5,Major Collector,2,Urban Fringe,Other Road,3,Oakland,0-99,0-99,0-99
2601,0,63-5941,2017,1057,1008,49,26,22,5,Major Collector,2,Urban Fringe,Other Road,3,Oakland,0-99,0-99,0-99
3307,0,63-5933,2017,1252,1191,61,32,28,5,Major Collector,2,Urban Fringe,Other Road,3,Oakland,0-99,0-99,0-99
3495,0,63-5973,2017,1519,1446,73,37,34,5,Major Collector,2,Urban Fringe,Other Road,3,Oakland,0-99,0-99,0-99
3336,0,63-4725,2018,19560,18464,1096,411,685,3,Principal Arterial,2,Urban Fringe,Freeway/Prin. Art.,3,Oakland,500-999,200-499,1000-1999
2977,0,63-4730,2019,16108,15382,726,387,242,3,Principal Arterial,2,Urban Fringe,Freeway/Prin. Art.,3,Oakland,200-499,200-499,500-999
990,0,63-4761,2019,11849,11316,533,284,178,3,Principal Arterial,2,Urban Fringe,Freeway/Prin. Art.,3,Oakland,100-199,200-499,200-499
1459,0,63-4820,2019,21481,20514,967,516,322,3,Principal Arterial,2,Urban Fringe,Freeway/Prin. Art.,3,Oakland,200-499,500-999,500-999
3276,0,63-5969,2017,6459,6300,159,84,69,5,Major Collector,2,Urban Fringe,Other Road,3,Oakland,0-99,0-99,100-199
1903,0,63-5943,2017,3410,3309,101,54,44,5,Major Collector,2,Urban Fringe,Other Road,3,Oakland,0-99,0-99,0-99
2816,0,63-5974,2017,11252,10993,259,135,113,5,Major Collector,2,Urban Fringe,Other Road,3,Oakland,100-199,100-199,200-499
2788,0,63-4823,2019,21892,20908,984,525,328,3,Principal Arterial,2,Urban Fringe,Freeway/Prin. Art.,3,Oakland,200-499,500-999,500-999
1799,0,63-5944,2017,12807,12512,295,154,128,5,Major Collector,2,Urban Fringe,Other Road,3,Oakland,100-199,100-199,200-499
2719,1,63-4859,2019,12444,11882,562,298,188,3,Principal Arterial,2,Urban Fringe,Freeway/Prin. Art.,3,Oakland,100-199,200-499,200-499
3008,1,63-5975,2019,4748,4555,193,94,98,3,Principal Arterial,3,Urban,Freeway/Prin. Art.,3,Oakland,0-99,0-99,100-199
3214,1,63-5955,2019,15066,14401,665,324,231,3,Principal Arterial,3,Urban,Freeway/Prin. Art.,3,Oakland,200-499,200-499,500-999
3297,0,63-4855,2018,19654,18554,1100,412,688,2,Other Freeway,3,Urban,Freeway/Prin. Art.,3,Oakland,500-999,200-499,1000-1999
1162,0,63-5946,2017,8153,7486,667,253,365,3,Principal Arterial,3,Urban,Freeway/Prin. Art.,3,Oakland,200-499,200-499,500-999
3255,0,63-5979,2019,14429,14170,259,143,41,3,Principal Arterial,3,Urban,Freeway/Prin. Art.,3,Oakland,0-99,100-199,100-199
1547,0,63-5078,2017,10495,10204,291,167,114,4,Minor Arterial,3,Urban,Other Road,3,Oakland,100-199,100-199,200-499
2742,0,63-5981,2017,22386,21243,1143,425,628,3,Principal Arterial,3,Urban,Freeway/Prin. Art.,3,Oakland,500-999,200-499,1000-1999
2808,1,63-5984,2019,27859,27174,685,392,183,3,Principal Arterial,3,Urban,Freeway/Prin. Art.,3,Oakland,100-199,200-499,500-999
3294,1,63-4856,2019,22686,21822,864,432,400,2,Other Freeway,4,Suburban,Freeway/Prin. Art.,3,Oakland,200-499,200-499,500-999
3486,1,63-5982,2019,22853,22246,607,357,144,3,Principal Arterial,3,Urban,Freeway/Prin. Art.,3,Oakland,100-199,200-499,500-999
3503,0,63-4813,2019,12871,12241,630,373,180,3,Principal Arterial,3,Urban,Freeway/Prin. Art.,3,Oakland,100-199,200-499,500-999
3176,0,63-4642,2019,19095,18159,936,554,267,3,Principal Arterial,3,Urban,Freeway/Prin. Art.,3,Oakland,200-499,500-999,500-999
1624,0,63-5947,2017,5421,5010,411,152,232,3,Principal Arterial,3,Urban,Freeway/Prin. Art.,3,Oakland,200-499,100-199,200-499
2938,0,63-5948,2017,6832,6613,219,137,75,4,Minor Arterial,4,Suburban,Other Road,3,Oakland,0-99,100-199,200-499
1758,0,63-0021,2019,25667,24846,821,410,359,3,Principal Arterial,4,Suburban,Freeway/Prin. Art.,3,Oakland,200-499,200-499,500-999
866,0,63-5379,2019,16880,16221,659,405,186,4,Minor Arterial,4,Suburban,Other Road,3,Oakland,100-199,200-499,500-999
1150,1,63-0230,2019,26451,25622,829,413,363,2,Other Freeway,4,Suburban,Freeway/Prin. Art.,3,Oakland,200-499,200-499,500-999
3166,0,63-5949,2017,6227,6016,211,131,74,4,Minor Arterial,4,Suburban,Other Road,3,Oakland,0-99,100-199,200-499
1024,0,63-5198,2017,6294,6087,207,126,75,4,Minor Arterial,4,Suburban,Other Road,3,Oakland,0-99,100-199,200-499
36145,0,63-0450,2018,12078,11437,641,242,399,1,Interstate Freeway,4,Suburban,Interstate,3,Oakland,200-499,200-499,500-999
2495,1,63-5976,2019,19606,18945,661,331,252,3,Principal Arterial,3,Urban,Freeway/Prin. Art.,3,Oakland,200-499,200-499,500-999
3106,1,63-5977,2019,18404,17594,810,472,299,3,Principal Arterial,4,Suburban,Freeway/Prin. Art.,3,Oakland,200-499,200-499,500-999
3197,1,63-5286,2018,18839,17702,1136,401,715,3,Principal Arterial,4,Suburban,Freeway/Prin. Art.,3,Oakland,500-999,200-499,1000-1999
2442,0,63-5496,2019,4706,4617,89,58,31,5,Major Collector,4,Suburban,Other Road,3,Oakland,0-99,0-99,0-99
21491,0,63-6115,2019,3139,3080,59,41,16,5,Major Collector,4,Suburban,Other Road,3,Oakland,0-99,0-99,0-99
2870,1,63-6116,2019,5032,4879,153,88,64,5,Major Collector,4,Suburban,Other Road,3,Oakland,0-99,0-99,100-199
417,0,63-5464,2018,2696,2625,71,46,22,5,Major Collector,4,Suburban,Other Road,3,Oakland,0-99,0-99,0-99
20304,1,63-5211,2018,27891,27391,500,354,98,4,Minor Arterial,4,Suburban,Other Road,3,Oakland,0-99,200-499,200-499
2720,0,63-5987,2019,3613,3571,42,37,4,5,Major Collector,4,Suburban,Other Road,3,Oakland,0-99,0-99,0-99
3041,1,63-0115,2019,10920,10382,538,320,150,3,Principal Arterial,4,Suburban,Freeway/Prin. Art.,3,Oakland,100-199,200-499,200-499
2903,0,63-5405,2019,5382,5287,95,54,40,5,Major Collector,4,Suburban,Other Road,3,Oakland,0-99,0-99,0-99
1131,0,63-0025,2019,14173,13478,694,411,198,3,Principal Arterial,4,Suburban,Freeway/Prin. Art.,3,Oakland,100-199,200-499,500-999
970,0,63-5466,2018,8293,8069,224,133,74,4,Minor Arterial,4,Suburban,Other Road,3,Oakland,0-99,100-199,200-499
697,0,63-0081,2019,20597,19835,762,329,350,3,Principal Arterial,4,Suburban,Freeway/Prin. Art.,3,Oakland,200-499,200-499,500-999
20988,0,63-5880,2019,13630,13097,533,327,151,4,Minor Arterial,3,Urban,Other Road,3,Oakland,100-199,200-499,200-499
711,1,63-5479,2018,39362,38581,781,458,199,3,Principal Arterial,3,Urban,Freeway/Prin. Art.,3,Oakland,100-199,200-499,500-999
1757,1,63-5001,2018,17144,16801,343,177,51,4,Minor Arterial,3,Urban,Other Road,3,Oakland,0-99,100-199,200-499
4779,0,63-9829,2019,78830,75519,3311,552,2759,1,Interstate Freeway,3,Urban,Interstate,3,Oakland,2000+,500-999,2000+
2226,1,63-5230,2018,31931,31310,621,417,74,3,Principal Arterial,3,Urban,Freeway/Prin. Art.,3,Oakland,0-99,200-499,200-499
20393,0,63-5023,2019,12645,12498,147,96,49,4,Minor Arterial,3,Urban,Other Road,3,Oakland,0-99,0-99,100-199
19486,1,63-6056,2019,12608,12414,194,118,72,4,Minor Arterial,3,Urban,Other Road,3,Oakland,0-99,100-199,100-199
40239,0,63-5227,2018,26657,26205,452,257,33,3,Principal Arterial,3,Urban,Freeway/Prin. Art.,3,Oakland,0-99,200-499,200-499
2217,1,63-5228,2018,35066,34526,540,294,73,3,Principal Arterial,3,Urban,Freeway/Prin. Art.,3,Oakland,0-99,200-499,200-499
126,0,63-5041,2019,19802,19030,772,475,218,4,Minor Arterial,3,Urban,Other Road,3,Oakland,200-499,200-499,500-999
556,0,63-5048,2019,1417,1381,21,26,8,5,Major Collector,4,Suburban,Other Road,3,Oakland,0-99,0-99,0-99
2951,0,63-5032,2018,16405,16156,249,147,35,3,Principal Arterial,3,Urban,Freeway/Prin. Art.,3,Oakland,0-99,100-199,100-199
2213,1,63-5229,2018,29010,28532,478,259,65,3,Principal Arterial,3,Urban,Freeway/Prin. Art.,3,Oakland,0-99,200-499,200-499
742,1,63-5044,2018,17757,17179,577,246,319,3,Principal Arterial,3,Urban,Freeway/Prin. Art.,3,Oakland,200-499,200-499,500-999
2209,1,63-5226,2018,16400,15953,446,206,231,3,Principal Arterial,3,Urban,Freeway/Prin. Art.,3,Oakland,200-499,200-499,200-499
580,1,63-0145,2018,37779,37090,688,352,159,3,Principal Arterial,3,Urban,Freeway/Prin. Art.,3,Oakland,100-199,200-499,500-999
19476,0,63-3954,2018,7114,6815,299,50,249,1,Interstate Freeway,3,Urban,Interstate,3,Oakland,200-499,0-99,200-499
3301,0,63-5305,2019,6113,5869,244,153,67,5,Major Collector,3,Urban,Other Road,3,Oakland,0-99,100-199,200-499
533,1,63-5139,2019,22987,22554,433,299,75,4,Minor Arterial,3,Urban,Other Road,3,Oakland,0-99,200-499,200-499
19687,0,63-3959,2018,10165,9738,427,71,356,1,Interstate Freeway,3,Urban,Interstate,3,Oakland,200-499,0-99,200-499
1938,0,63-5008,2018,3054,2975,79,52,24,5,Major Collector,3,Urban,Other Road,3,Oakland,0-99,0-99,0-99
40258,0,63-5140,2019,8045,7732,313,193,88,4,Minor Arterial,3,Urban,Other Road,3,Oakland,0-99,100-199,200-499
131,1,63-6039,2019,29806,29235,571,344,122,3,Principal Arterial,3,Urban,Freeway/Prin. Art.,3,Oakland,100-199,200-499,200-499
298,0,63-0144,2018,34974,34344,630,315,140,3,Principal Arterial,3,Urban,Freeway/Prin. Art.,3,Oakland,100-199,200-499,200-499
12,0,63-5363,2019,9113,9008,105,53,50,5,Major Collector,3,Urban,Other Road,3,Oakland,0-99,0-99,100-199
553,1,63-6041,2019,7627,7395,232,174,57,5,Major Collector,3,Urban,Other Road,3,Oakland,0-99,100-199,200-499
1698,0,63-5477,2019,16311,15676,635,391,179,4,Minor Arterial,3,Urban,Other Road,3,Oakland,100-199,200-499,500-999
852,0,63-5808,2019,11921,11806,115,71,38,4,Minor Arterial,2,Urban Fringe,Other Road,3,Oakland,0-99,0-99,100-199
3797,0,63-5825,2019,18622,18233,389,265,47,3,Principal Arterial,2,Urban Fringe,Freeway/Prin. Art.,3,Oakland,0-99,200-499,200-499
326,0,63-0001,2019,31974,31398,576,288,128,3,Principal Arterial,4,Suburban,Freeway/Prin. Art.,3,Oakland,100-199,200-499,200-499
2142,0,63-0555,2018,32303,31722,581,290,129,3,Principal Arterial,4,Suburban,Freeway/Prin. Art.,3,Oakland,100-199,200-499,200-499
1815,0,63-5563,2019,11551,11087,464,289,129,5,Major Collector,3,Urban,Other Road,3,Oakland,100-199,200-499,200-499
1420,0,63-5102,2019,26840,25820,1020,456,376,3,Principal Arterial,3,Urban,Freeway/Prin. Art.,3,Oakland,200-499,200-499,500-999
1720,0,63-5832,2019,2226,2137,89,56,24,5,Major Collector,2,Urban Fringe,Other Road,3,Oakland,0-99,0-99,0-99
513,0,63-1213,2018,26234,25762,472,236,105,3,Principal Arterial,3,Urban,Freeway/Prin. Art.,3,Oakland,100-199,200-499,200-499
3789,1,63-5334,2019,23743,23094,649,351,69,3,Principal Arterial,3,Urban,Freeway/Prin. Art.,3,Oakland,0-99,200-499,200-499
488,1,63-5569,2019,13756,12918,838,299,523,3,Principal Arterial,3,Urban,Freeway/Prin. Art.,3,Oakland,500-999,200-499,500-999
2130,0,63-5528,2019,4470,4297,173,107,48,4,Minor Arterial,4,Suburban,Other Road,3,Oakland,0-99,100-199,100-199
1745,0,63-6103,2019,1508,1445,63,38,19,5,Major Collector,4,Suburban,Other Road,3,Oakland,0-99,0-99,0-99
40363,0,63-6110,2019,11579,11128,451,277,127,4,Minor Arterial,3,Urban,Other Road,3,Oakland,100-199,200-499,200-499
175,1,63-5106,2018,27968,27483,485,237,52,3,Principal Arterial,3,Urban,Freeway/Prin. Art.,3,Oakland,0-99,200-499,200-499
4885,0,63-5552,2019,9991,9601,390,240,110,4,Minor Arterial,3,Urban,Other Road,3,Oakland,100-199,200-499,200-499
3785,1,63-5326,2018,24636,24004,632,372,166,3,Principal Arterial,3,Urban,Freeway/Prin. Art.,3,Oakland,100-199,200-499,500-999
3107,1,63-5147,2018,36870,35989,881,383,258,3,Principal Arterial,3,Urban,Freeway/Prin. Art.,3,Oakland,200-499,200-499,500-999
2550,1,63-5149,2018,27730,26752,978,524,362,3,Principal Arterial,3,Urban,Freeway/Prin. Art.,3,Oakland,200-499,500-999,500-999
168,1,63-5103,2018,23774,23359,415,224,60,3,Principal Arterial,3,Urban,Freeway/Prin. Art.,3,Oakland,0-99,200-499,200-499
40472,0,63-5141,2019,4566,4388,178,109,50,4,Minor Arterial,4,Suburban,Other Road,3,Oakland,0-99,100-199,100-199
19515,0,63-6106,2019,8092,7770,322,202,88,5,Major Collector,4,Suburban,Other Road,3,Oakland,0-99,200-499,200-499
1863,0,63-5013,2018,5235,5201,34,19,15,5,Major Collector,3,Urban,Other Road,3,Oakland,0-99,0-99,0-99
1860,0,63-5618,2018,26768,26286,482,241,107,3,Principal Arterial,2,Urban Fringe,Freeway/Prin. Art.,3,Oakland,100-199,200-499,200-499
3408,0,63-5999,2019,1473,1456,17,9,8,5,Major Collector,2,Urban Fringe,Other Road,3,Oakland,0-99,0-99,0-99
2172,0,63-0143,2018,33399,32798,601,300,133,3,Principal Arterial,2,Urban Fringe,Freeway/Prin. Art.,3,Oakland,100-199,200-499,200-499
2467,0,63-6026,2019,589,579,10,8,2,5,Major Collector,2,Urban Fringe,Other Road,3,Oakland,0-99,0-99,0-99
1006,0,63-5914,2019,1952,1873,79,49,22,5,Major Collector,3,Urban,Other Road,3,Oakland,0-99,0-99,0-99
1580,0,63-0047,2018,2059,2023,35,26,13,5,Major Collector,3,Urban,Other Road,3,Oakland,0-99,0-99,0-99
658,0,63-6010,2019,2087,2053,34,31,2,5,Major Collector,2,Urban Fringe,Other Road,3,Oakland,0-99,0-99,0-99
1004,1,63-5323,2018,15699,15395,304,226,62,3,Principal Arterial,2,Urban Fringe,Freeway/Prin. Art.,3,Oakland,0-99,200-499,200-499
2598,0,63-5151,2019,18255,18005,250,171,37,3,Principal Arterial,3,Urban,Freeway/Prin. Art.,3,Oakland,0-99,100-199,200-499
2516,0,63-5027,2019,21586,21260,326,223,47,3,Principal Arterial,3,Urban,Freeway/Prin. Art.,3,Oakland,0-99,200-499,200-499
21890,0,63-5435,2019,16013,15779,234,194,26,3,Principal Arterial,3,Urban,Freeway/Prin. Art.,3,Oakland,0-99,100-199,200-499
1870,0,63-6024,2019,1141,1134,7,6,1,5,Major Collector,3,Urban,Other Road,3,Oakland,0-99,0-99,0-99
140,0,63-5037,2019,23263,22928,335,238,39,3,Principal Arterial,3,Urban,Freeway/Prin. Art.,3,Oakland,0-99,200-499,200-499
19653,0,63-2695,2018,3450,3312,138,24,114,1,Interstate Freeway,3,Urban,Interstate,3,Oakland,100-199,0-99,100-199
1658,1,63-0037,2018,4730,4600,129,41,87,5,Major Collector,3,Urban,Other Road,3,Oakland,0-99,0-99,100-199
1683,0,63-5012,2019,2080,1998,82,52,22,5,Major Collector,3,Urban,Other Road,3,Oakland,0-99,0-99,0-99
16,0,63-6016,2019,1724,1710,14,11,3,5,Major Collector,3,Urban,Other Road,3,Oakland,0-99,0-99,0-99
2297,0,63-9989,2019,69123,66012,3110,1313,1797,1,Interstate Freeway,3,Urban,Interstate,3,Oakland,1000-1999,1000-1999,2000+
20484,0,63-5888,2019,13420,12898,522,321,147,4,Minor Arterial,3,Urban,Other Road,3,Oakland,100-199,200-499,200-499
2976,0,63-5028,2018,19077,18928,149,118,18,3,Principal Arterial,3,Urban,Freeway/Prin. Art.,3,Oakland,0-99,100-199,100-199
3544,1,63-5033,2018,32433,31770,663,404,203,3,Principal Arterial,3,Urban,Freeway/Prin. Art.,3,Oakland,200-499,200-499,500-999
1053,1,63-5047,2019,22844,22249,595,342,173,3,Principal Arterial,3,Urban,Freeway/Prin. Art.,3,Oakland,100-199,200-499,500-999
1991,1,63-5835,2019,16392,15440,952,332,606,4,Minor Arterial,3,Urban,Other Road,3,Oakland,500-999,200-499,500-999
21881,1,63-5430,2018,21523,21004,519,364,131,3,Principal Arterial,3,Urban,Freeway/Prin. Art.,3,Oakland,100-199,200-499,200-499
160,1,63-5104,2018,25773,25355,417,244,120,3,Principal Arterial,3,Urban,Freeway/Prin. Art.,3,Oakland,100-199,200-499,200-499
2287,0,63-9979,2019,51939,49601,2337,987,1350,1,Interstate Freeway,4,Suburban,Interstate,3,Oakland,1000-1999,500-999,2000+
335,1,63-5054,2018,31227,30531,696,344,180,3,Principal Arterial,3,Urban,Freeway/Prin. Art.,3,Oakland,100-199,200-499,500-999
3776,1,63-5328,2018,26201,25226,975,547,316,3,Principal Arterial,3,Urban,Freeway/Prin. Art.,3,Oakland,200-499,500-999,500-999
156,1,63-5105,2018,29887,29363,523,289,173,3,Principal Arterial,4,Suburban,Freeway/Prin. Art.,3,Oakland,100-199,200-499,200-499
21771,1,63-5436,2019,50494,49400,1094,628,409,3,Principal Arterial,4,Suburban,Freeway/Prin. Art.,3,Oakland,200-499,500-999,1000-1999
245,1,63-5319,2018,22087,21772,315,172,60,3,Principal Arterial,4,Suburban,Freeway/Prin. Art.,3,Oakland,0-99,100-199,200-499
411,0,63-5181,2019,4930,4732,198,123,55,5,Major Collector,4,Suburban,Other Road,3,Oakland,0-99,100-199,100-199
2157,0,63-5480,2019,7806,7640,166,129,34,4,Minor Arterial,4,Suburban,Other Road,3,Oakland,0-99,100-199,100-199
2010,0,63-6102,2019,808,776,32,20,9,5,Major Collector,4,Suburban,Other Road,3,Oakland,0-99,0-99,0-99
1432,0,63-5067,2019,18540,17835,705,315,260,3,Principal Arterial,4,Suburban,Freeway/Prin. Art.,3,Oakland,200-499,200-499,500-999
1971,0,63-5490,2019,14725,14633,92,66,21,4,Minor Arterial,4,Suburban,Other Road,3,Oakland,0-99,0-99,0-99
4834,0,63-6112,2019,5739,5515,224,138,63,4,Minor Arterial,4,Suburban,Other Road,3,Oakland,0-99,100-199,200-499
3099,0,63-5150,2018,12548,12371,177,108,46,3,Principal Arterial,4,Suburban,Freeway/Prin. Art.,3,Oakland,0-99,100-199,100-199
1276,1,63-0052,2018,15369,14842,526,286,124,4,Minor Arterial,4,Suburban,Other Road,3,Oakland,100-199,200-499,200-499
37581,0,63-5245,2019,4106,4058,48,33,15,4,Minor Arterial,4,Suburban,Other Road,3,Oakland,0-99,0-99,0-99
2828,0,63-5148,2019,16050,15425,625,385,176,4,Minor Arterial,4,Suburban,Other Road,3,Oakland,100-199,200-499,500-999
1500,1,63-5465,2018,15882,15443,438,313,116,4,Minor Arterial,4,Suburban,Other Road,3,Oakland,100-199,200-499,200-499
2032,1,63-5069,2018,23275,22477,797,257,537,3,Principal Arterial,4,Suburban,Freeway/Prin. Art.,3,Oakland,500-999,200-499,500-999
747,1,63-5517,2018,31129,30606,523,265,84,3,Principal Arterial,4,Suburban,Freeway/Prin. Art.,3,Oakland,0-99,200-499,200-499
980,0,63-5462,2018,5270,5187,82,62,25,5,Major Collector,4,Suburban,Other Road,3,Oakland,0-99,0-99,0-99
1921,0,63-0035,2018,14781,14264,517,281,118,4,Minor Arterial,4,Suburban,Other Road,3,Oakland,100-199,200-499,200-499
1130,0,63-5482,2019,11392,10949,443,273,124,4,Minor Arterial,4,Suburban,Other Road,3,Oakland,100-199,200-499,200-499
21762,1,63-5437,2018,52746,51616,1130,629,451,3,Principal Arterial,4,Suburban,Freeway/Prin. Art.,3,Oakland,200-499,500-999,1000-1999
3112,1,63-8409,2019,53814,52615,1199,534,644,2,Other Freeway,4,Suburban,Freeway/Prin. Art.,3,Oakland,500-999,500-999,1000-1999
21712,0,63-0040,2018,35744,35030,714,429,214,3,Principal Arterial,4,Suburban,Freeway/Prin. Art.,3,Oakland,200-499,200-499,500-999
21711,0,63-0041,2018,35403,34695,708,425,212,3,Principal Arterial,4,Suburban,Freeway/Prin. Art.,3,Oakland,200-499,200-499,500-999
185,0,63-5998,2019,13284,12767,517,318,146,4,Minor Arterial,4,Suburban,Other Road,3,Oakland,100-199,200-499,200-499
40407,1,63-5311,2018,14624,14300,323,200,121,3,Principal Arterial,4,Suburban,Freeway/Prin. Art.,3,Oakland,100-199,200-499,200-499
21700,1,63-0987,2018,30234,29605,628,377,192,4,Minor Arterial,4,Suburban,Other Road,3,Oakland,100-199,200-499,500-999
21649,0,63-8256,2018,22400,21952,448,269,134,4,Minor Arterial,3,Urban,Other Road,3,Oakland,100-199,200-499,200-499
21647,0,63-8255,2018,26401,25873,528,317,158,4,Minor Arterial,3,Urban,Other Road,3,Oakland,100-199,200-499,200-499
3052,0,63-5996,2019,7976,7656,320,200,88,5,Major Collector,3,Urban,Other Road,3,Oakland,0-99,200-499,200-499
21646,0,63-0106,2018,22405,21957,448,269,134,4,Minor Arterial,4,Suburban,Other Road,3,Oakland,100-199,200-499,200-499
1428,0,63-5463,2018,1597,1585,11,9,5,5,Major Collector,4,Suburban,Other Road,3,Oakland,0-99,0-99,0-99
1295,0,63-5992,2019,10399,9985,414,259,113,5,Major Collector,3,Urban,Other Road,3,Oakland,100-199,200-499,200-499
215,1,63-5082,2018,14046,13728,317,155,160,3,Principal Arterial,4,Suburban,Freeway/Prin. Art.,3,Oakland,100-199,100-199,200-499
35776,1,63-5444,2019,18263,17750,513,312,198,4,Minor Arterial,4,Suburban,Other Road,3,Oakland,100-199,200-499,500-999
621,0,63-5121,2018,9559,9388,170,129,39,4,Minor Arterial,5,Rural,Other Road,3,Oakland,0-99,100-199,100-199
2447,0,63-5268,2018,1161,1138,22,19,7,5,Major Collector,5,Rural,Other Road,3,Oakland,0-99,0-99,0-99
3060,0,63-5087,2018,16414,15972,442,262,147,4,Minor Arterial,4,Suburban,Other Road,3,Oakland,100-199,200-499,200-499
37625,0,63-5270,2019,12675,12180,495,304,140,4,Minor Arterial,5,Rural,Other Road,3,Oakland,100-199,200-499,200-499
2984,0,63-5086,2018,10218,9943,275,163,92,4,Minor Arterial,5,Rural,Other Road,3,Oakland,0-99,100-199,200-499
1514,0,63-5170,2018,906,881,25,16,8,5,Major Collector,5,Rural,Other Road,3,Oakland,0-99,0-99,0-99
21094,0,63-5125,2018,576,569,6,5,6,5,Major Collector,4,Suburban,Other Road,3,Oakland,0-99,0-99,0-99
3442,0,63-5448,2018,721,708,12,9,5,5,Major Collector,4,Suburban,Other Road,3,Oakland,0-99,0-99,0-99
2948,0,63-5455,2018,8134,8044,89,53,30,4,Minor Arterial,4,Suburban,Other Road,3,Oakland,0-99,0-99,0-99
21087,0,63-5126,2018,386,378,8,6,2,5,Major Collector,5,Rural,Other Road,3,Oakland,0-99,0-99,0-99
40661,0,63-6460,2019,606,589,17,11,6,6,Minor Collector,5,Rural,Other Road,3,Oakland,0-99,0-99,0-99
1163,0,63-0050,2019,20284,19533,750,324,345,3,Principal Arterial,4,Suburban,Freeway/Prin. Art.,3,Oakland,200-499,200-499,500-999
1335,1,63-0082,2019,41259,39767,1492,650,697,3,Principal Arterial,4,Suburban,Freeway/Prin. Art.,3,Oakland,500-999,500-999,1000-1999
1529,0,63-3552,2019,35118,33819,1299,562,597,3,Principal Arterial,4,Suburban,Freeway/Prin. Art.,3,Oakland,500-999,500-999,1000-1999
1675,0,63-0562,2019,18702,17992,710,299,374,3,Principal Arterial,4,Suburban,Freeway/Prin. Art.,3,Oakland,200-499,200-499,500-999
3323,0,63-5202,2019,8688,8348,340,209,96,4,Minor Arterial,4,Suburban,Other Road,3,Oakland,0-99,200-499,200-499
522,0,63-5171,2018,7889,7683,206,134,64,5,Major Collector,4,Suburban,Other Road,3,Oakland,0-99,100-199,100-199
1380,0,63-0317,2019,26120,25128,992,418,522,3,Principal Arterial,3,Urban,Freeway/Prin. Art.,3,Oakland,500-999,200-499,500-999
40659,0,63-0250,2019,568,542,26,20,6,6,Minor Collector,5,Rural,Other Road,3,Oakland,0-99,0-99,0-99
1249,0,63-0084,2018,29579,28403,1286,493,625,3,Principal Arterial,4,Suburban,Freeway/Prin. Art.,3,Oakland,500-999,200-499,1000-1999
2423,0,63-5402,2018,1669,1645,23,18,7,5,Major Collector,5,Rural,Other Road,3,Oakland,0-99,0-99,0-99
3431,0,63-5085,2018,2218,2171,46,32,16,5,Major Collector,5,Rural,Other Road,3,Oakland,0-99,0-99,0-99
21025,0,63-5376,2018,1009,982,26,19,10,5,Major Collector,5,Rural,Other Road,3,Oakland,0-99,0-99,0-99
1831,0,63-5068,2018,3099,3001,97,73,28,5,Major Collector,5,Rural,Other Road,3,Oakland,0-99,0-99,100-199
13,0,63-5299,2018,492,484,7,9,0,5,Major Collector,5,Rural,Other Road,3,Oakland,0-99,0-99,0-99
31,0,63-5469,2018,2064,2018,46,43,3,4,Minor Arterial,4,Suburban,Other Road,3,Oakland,0-99,0-99,0-99
21173,0,63-5576,2018,1661,1650,10,9,6,4,Minor Arterial,4,Suburban,Other Road,3,Oakland,0-99,0-99,0-99
20983,0,63-5439,2018,10744,10454,290,172,97,4,Minor Arterial,5,Rural,Other Road,3,Oakland,0-99,100-199,200-499
21497,0,63-5881,2019,3985,3833,152,68,56,4,Minor Arterial,5,Rural,Other Road,3,Oakland,0-99,0-99,100-199
80,0,63-5886,2019,2066,2017,49,24,24,5,Major Collector,3,Urban,Other Road,3,Oakland,0-99,0-99,0-99
3542,1,63-5029,2018,24526,24204,322,216,60,3,Principal Arterial,3,Urban,Freeway/Prin. Art.,3,Oakland,0-99,200-499,200-499
152,1,63-5040,2019,28358,27840,518,408,102,3,Principal Arterial,3,Urban,Freeway/Prin. Art.,3,Oakland,100-199,200-499,500-999
2250,1,63-5882,2019,4340,4195,145,88,53,5,Major Collector,3,Urban,Other Road,3,Oakland,0-99,0-99,100-199
2123,1,63-5043,2018,30828,29645,1183,630,501,3,Principal Arterial,3,Urban,Freeway/Prin. Art.,3,Oakland,500-999,500-999,1000-1999
1268,1,63-0129,2018,10581,10225,355,146,191,4,Minor Arterial,4,Suburban,Other Road,3,Oakland,100-199,100-199,200-499
6782,1,63-5160,2018,15279,15019,259,153,106,3,Principal Arterial,4,Suburban,Freeway/Prin. Art.,4,Macomb,100-199,100-199,200-499
3516,1,63-8209,2019,58803,55674,3129,718,2346,1,Interstate Freeway,4,Suburban,Interstate,3,Oakland,2000+,500-999,2000+
21082,1,63-0511,2019,15488,15040,448,219,222,3,Principal Arterial,4,Suburban,Freeway/Prin. Art.,3,Oakland,200-499,200-499,200-499
2858,0,63-0136,2017,80873,76242,4631,1617,4529,1,Interstate Freeway,3,Urban,Interstate,3,Oakland,2000+,1000-1999,2000+
3547,0,63-8665,2018,25280,24977,303,101,202,2,Other Freeway,3,Urban,Freeway/Prin. Art.,3,Oakland,200-499,100-199,200-499
2254,0,63-0150,2017,27053,25627,1426,568,1650,1,Interstate Freeway,5,Rural,Interstate,3,Oakland,1000-1999,500-999,2000+
2256,0,63-0151,2017,30378,28860,1517,607,1732,1,Interstate Freeway,5,Rural,Interstate,3,Oakland,1000-1999,500-999,2000+
2478,0,63-5599,2018,2648,2606,42,18,27,4,Minor Arterial,5,Rural,Other Road,3,Oakland,0-99,0-99,0-99
2258,0,63-0152,2017,31582,30025,1556,631,1768,1,Interstate Freeway,5,Rural,Interstate,3,Oakland,1000-1999,500-999,2000+
2264,0,63-8629,2019,38871,37433,1438,544,894,1,Interstate Freeway,4,Suburban,Interstate,3,Oakland,500-999,500-999,1000-1999
4760,0,63-0608,2018,21968,21792,176,132,22,3,Principal Arterial,4,Suburban,Freeway/Prin. Art.,3,Oakland,0-99,100-199,100-199
4758,0,63-6675,2018,29564,29321,242,172,41,3,Principal Arterial,4,Suburban,Freeway/Prin. Art.,3,Oakland,0-99,100-199,200-499
37649,0,63-6720,2018,28395,28168,227,170,28,3,Principal Arterial,4,Suburban,Freeway/Prin. Art.,3,Oakland,0-99,100-199,100-199
4408,0,63-8459,2019,36885,35963,922,442,479,3,Principal Arterial,3,Urban,Freeway/Prin. Art.,3,Oakland,200-499,200-499,500-999
4238,0,63-0018,2018,48671,46772,1898,827,973,3,Principal Arterial,3,Urban,Freeway/Prin. Art.,3,Oakland,500-999,500-999,1000-1999
4233,0,63-6776,2018,38463,36962,1500,654,769,3,Principal Arterial,4,Suburban,Freeway/Prin. Art.,3,Oakland,500-999,500-999,1000-1999
4737,0,63-6775,2018,32699,31424,1275,556,654,3,Principal Arterial,4,Suburban,Freeway/Prin. Art.,3,Oakland,500-999,500-999,1000-1999
4131,1,63-0076,2018,36906,35479,1426,614,723,3,Principal Arterial,4,Suburban,Freeway/Prin. Art.,3,Oakland,500-999,500-999,1000-1999
4055,0,63-0501,2018,34621,33271,1350,588,692,3,Principal Arterial,4,Suburban,Freeway/Prin. Art.,3,Oakland,500-999,500-999,1000-1999
3915,0,63-8470,2019,31937,30691,1246,543,639,3,Principal Arterial,4,Suburban,Freeway/Prin. Art.,3,Oakland,500-999,500-999,1000-1999
2038,0,63-0002,2018,14195,13939,256,128,57,3,Principal Arterial,4,Suburban,Freeway/Prin. Art.,3,Oakland,0-99,100-199,100-199
1522,0,63-1507,2018,28692,28176,516,258,115,3,Principal Arterial,4,Suburban,Freeway/Prin. Art.,3,Oakland,100-199,200-499,200-499
3904,1,63-0434,2019,17579,16871,708,310,356,3,Principal Arterial,4,Suburban,Freeway/Prin. Art.,3,Oakland,200-499,200-499,500-999
20943,0,63-8480,2019,23624,22679,944,425,472,3,Principal Arterial,4,Suburban,Freeway/Prin. Art.,3,Oakland,200-499,200-499,500-999
3944,0,63-5581,2018,3265,3235,29,15,16,5,Major Collector,4,Suburban,Other Road,3,Oakland,0-99,0-99,0-99
3158,0,63-0140,2019,9347,8973,374,196,131,3,Principal Arterial,4,Suburban,Freeway/Prin. Art.,3,Oakland,100-199,100-199,200-499
21384,0,63-5788,2019,7386,7105,281,125,104,3,Principal Arterial,4,Suburban,Freeway/Prin. Art.,3,Oakland,100-199,100-199,200-499
37083,1,63-5089,2018,17053,16537,515,268,199,3,Principal Arterial,4,Suburban,Freeway/Prin. Art.,3,Oakland,100-199,200-499,200-499
37091,1,63-5769,2019,11100,10687,413,223,185,3,Principal Arterial,4,Suburban,Freeway/Prin. Art.,3,Oakland,100-199,200-499,200-499
2269,0,63-0156,2017,39092,37705,1387,781,2228,1,Interstate Freeway,4,Suburban,Interstate,3,Oakland,2000+,500-999,2000+
20439,1,63-0341,2019,26445,25464,980,496,455,3,Principal Arterial,4,Suburban,Freeway/Prin. Art.,3,Oakland,200-499,200-499,500-999
564,1,63-4900,2019,17799,17182,617,315,192,3,Principal Arterial,3,Urban,Freeway/Prin. Art.,3,Oakland,100-199,200-499,500-999
2110,0,63-0003,2019,14908,14386,522,268,164,3,Principal Arterial,4,Suburban,Freeway/Prin. Art.,3,Oakland,100-199,200-499,200-499
3245,0,63-4855,2018,19654,18554,1100,412,688,2,Other Freeway,3,Urban,Freeway/Prin. Art.,3,Oakland,500-999,200-499,1000-1999
2681,1,63-4856,2019,22686,21822,864,432,400,2,Other Freeway,4,Suburban,Freeway/Prin. Art.,3,Oakland,200-499,200-499,500-999
1421,0,63-0021,2019,25667,24846,821,410,359,3,Principal Arterial,4,Suburban,Freeway/Prin. Art.,3,Oakland,200-499,200-499,500-999
1542,1,63-0230,2019,26451,25622,829,413,363,2,Other Freeway,4,Suburban,Freeway/Prin. Art.,3,Oakland,200-499,200-499,500-999
602,0,63-0025,2019,14173,13478,694,411,198,3,Principal Arterial,4,Suburban,Freeway/Prin. Art.,3,Oakland,100-199,200-499,500-999
2166,0,63-0081,2019,20597,19835,762,329,350,3,Principal Arterial,4,Suburban,Freeway/Prin. Art.,3,Oakland,200-499,200-499,500-999
4402,0,63-9829,2019,78830,75519,3311,552,2759,1,Interstate Freeway,3,Urban,Interstate,3,Oakland,2000+,500-999,2000+
1090,1,63-0145,2018,37779,37090,688,352,159,3,Principal Arterial,3,Urban,Freeway/Prin. Art.,3,Oakland,100-199,200-499,500-999
764,0,63-5008,2018,3054,2975,79,52,24,5,Major Collector,3,Urban,Other Road,3,Oakland,0-99,0-99,0-99
427,0,63-5140,2019,8045,7732,313,193,88,4,Minor Arterial,3,Urban,Other Road,3,Oakland,0-99,100-199,200-499
955,0,63-0144,2018,34974,34344,630,315,140,3,Principal Arterial,3,Urban,Freeway/Prin. Art.,3,Oakland,100-199,200-499,200-499
224,0,63-0001,2019,31974,31398,576,288,128,3,Principal Arterial,4,Suburban,Freeway/Prin. Art.,3,Oakland,100-199,200-499,200-499
715,0,63-0555,2018,32303,31722,581,290,129,3,Principal Arterial,4,Suburban,Freeway/Prin. Art.,3,Oakland,100-199,200-499,200-499
1503,0,63-1213,2018,26234,25762,472,236,105,3,Principal Arterial,3,Urban,Freeway/Prin. Art.,3,Oakland,100-199,200-499,200-499
4906,0,63-6110,2019,11579,11128,451,277,127,4,Minor Arterial,3,Urban,Other Road,3,Oakland,100-199,200-499,200-499
40275,0,63-5552,2019,9991,9601,390,240,110,4,Minor Arterial,3,Urban,Other Road,3,Oakland,100-199,200-499,200-499
21151,1,63-5103,2018,23774,23359,415,224,60,3,Principal Arterial,3,Urban,Freeway/Prin. Art.,3,Oakland,0-99,200-499,200-499
4852,0,63-5141,2019,4566,4388,178,109,50,4,Minor Arterial,4,Suburban,Other Road,3,Oakland,0-99,100-199,100-199
956,0,63-5013,2018,5235,5201,34,19,15,5,Major Collector,3,Urban,Other Road,3,Oakland,0-99,0-99,0-99
2175,0,63-5618,2018,26768,26286,482,241,107,3,Principal Arterial,2,Urban Fringe,Freeway/Prin. Art.,3,Oakland,100-199,200-499,200-499
1865,0,63-0143,2018,33399,32798,601,300,133,3,Principal Arterial,2,Urban Fringe,Freeway/Prin. Art.,3,Oakland,100-199,200-499,200-499
20196,0,63-6016,2019,1724,1710,14,11,3,5,Major Collector,3,Urban,Other Road,3,Oakland,0-99,0-99,0-99
905,0,63-9989,2019,69123,66012,3110,1313,1797,1,Interstate Freeway,3,Urban,Interstate,3,Oakland,1000-1999,1000-1999,2000+
21142,1,63-5104,2018,25773,25355,417,244,120,3,Principal Arterial,3,Urban,Freeway/Prin. Art.,3,Oakland,100-199,200-499,200-499
662,0,63-9979,2019,51939,49601,2337,987,1350,1,Interstate Freeway,4,Suburban,Interstate,3,Oakland,1000-1999,500-999,2000+
21139,1,63-5105,2018,29887,29363,523,289,173,3,Principal Arterial,4,Suburban,Freeway/Prin. Art.,3,Oakland,100-199,200-499,200-499
21397,0,63-5490,2019,14725,14633,92,66,21,4,Minor Arterial,4,Suburban,Other Road,3,Oakland,0-99,0-99,0-99
21159,0,63-5150,2018,12548,12371,177,108,46,3,Principal Arterial,4,Suburban,Freeway/Prin. Art.,3,Oakland,0-99,100-199,100-199
34606,0,63-5245,2019,4106,4058,48,33,15,4,Minor Arterial,4,Suburban,Other Road,3,Oakland,0-99,0-99,0-99
3537,1,63-8409,2019,53814,52615,1199,534,644,2,Other Freeway,4,Suburban,Freeway/Prin. Art.,3,Oakland,500-999,500-999,1000-1999
40408,1,63-5311,2018,14624,14300,323,200,121,3,Principal Arterial,4,Suburban,Freeway/Prin. Art.,3,Oakland,100-199,200-499,200-499
1015,0,63-0050,2019,20284,19533,750,324,345,3,Principal Arterial,4,Suburban,Freeway/Prin. Art.,3,Oakland,200-499,200-499,500-999
21114,0,63-0562,2019,18702,17992,710,299,374,3,Principal Arterial,4,Suburban,Freeway/Prin. Art.,3,Oakland,200-499,200-499,500-999
20721,1,63-5882,2019,4340,4195,145,88,53,5,Major Collector,3,Urban,Other Road,3,Oakland,0-99,0-99,100-199
7174,1,47-0001,2018,11989,11620,368,156,83,3,Principal Arterial,4,Suburban,Freeway/Prin. Art.,8,Livingston,0-99,100-199,200-499
7163,1,47-0002,2018,21132,20677,454,220,96,3,Principal Arterial,4,Suburban,Freeway/Prin. Art.,8,Livingston,0-99,200-499,200-499
5713,0,47-0011,2018,2323,2246,76,47,27,4,Minor Arterial,5,Rural,Other Road,8,Livingston,0-99,0-99,0-99
6484,0,47-0012,2019,7682,7482,200,115,85,4,Minor Arterial,5,Rural,Other Road,8,Livingston,0-99,100-199,200-499
7093,0,47-0013,2018,21741,21024,717,326,391,3,Principal Arterial,5,Rural,Freeway/Prin. Art.,8,Livingston,200-499,200-499,500-999
7083,0,47-0014,2018,23906,23117,789,359,431,3,Principal Arterial,5,Rural,Freeway/Prin. Art.,8,Livingston,200-499,200-499,500-999
6907,0,47-0016,2019,1318,1284,34,25,9,4,Minor Arterial,5,Rural,Other Road,8,Livingston,0-99,0-99,0-99
7092,0,47-0022,2018,19642,18993,649,295,354,3,Principal Arterial,5,Rural,Freeway/Prin. Art.,8,Livingston,200-499,200-499,500-999
7158,0,47-0027,2018,24431,23868,563,318,147,3,Principal Arterial,4,Suburban,Freeway/Prin. Art.,8,Livingston,100-199,200-499,200-499
6300,1,47-0039,2018,30792,27923,2869,530,2188,2,Other Freeway,5,Rural,Freeway/Prin. Art.,8,Livingston,2000+,500-999,2000+
6737,1,47-0039,2018,30792,27923,2869,530,2188,2,Other Freeway,5,Rural,Freeway/Prin. Art.,8,Livingston,2000+,500-999,2000+
6190,0,47-0044,2018,5646,5506,139,99,32,4,Minor Arterial,5,Rural,Other Road,8,Livingston,0-99,0-99,100-199
7176,0,47-0075,2019,8769,8498,271,114,61,3,Principal Arterial,4,Suburban,Freeway/Prin. Art.,8,Livingston,0-99,100-199,100-199
7023,0,47-0084,2018,9359,9108,251,149,83,4,Minor Arterial,4,Suburban,Other Road,8,Livingston,0-99,100-199,200-499
7148,0,47-0085,2018,29418,28652,766,383,265,3,Principal Arterial,4,Suburban,Freeway/Prin. Art.,8,Livingston,200-499,200-499,500-999
7103,0,47-0087,2019,17522,16804,718,245,473,3,Principal Arterial,4,Suburban,Freeway/Prin. Art.,8,Livingston,200-499,200-499,500-999
7099,0,47-0116,2018,7502,7255,247,112,135,3,Principal Arterial,4,Suburban,Freeway/Prin. Art.,8,Livingston,100-199,100-199,200-499
37226,0,47-0116,2018,7502,7255,247,112,135,3,Principal Arterial,5,Rural,Freeway/Prin. Art.,8,Livingston,100-199,100-199,200-499
7794,0,47-0127,2019,1336,1284,52,33,14,5,Major Collector,5,Rural,Other Road,8,Livingston,0-99,0-99,0-99
7147,0,47-0136,2018,33609,32736,873,436,303,3,Principal Arterial,3,Urban,Freeway/Prin. Art.,8,Livingston,200-499,200-499,500-999
7144,0,47-0157,2018,34784,33879,905,452,314,3,Principal Arterial,3,Urban,Freeway/Prin. Art.,8,Livingston,200-499,200-499,500-999
6990,0,47-0161,2017,3450,3307,143,89,51,4,Minor Arterial,5,Rural,Other Road,8,Livingston,0-99,0-99,100-199
7336,0,47-0165,2017,3290,3190,100,52,45,5,Major Collector,5,Rural,Other Road,8,Livingston,0-99,0-99,0-99
7159,1,47-0231,2018,20621,20126,494,254,150,3,Principal Arterial,4,Suburban,Freeway/Prin. Art.,8,Livingston,100-199,200-499,200-499
7935,1,47-3600,2019,10744,10234,510,168,339,4,Minor Arterial,3,Urban,Other Road,8,Livingston,200-499,100-199,500-999
7166,1,47-3607,2018,14202,13849,352,214,106,3,Principal Arterial,3,Urban,Freeway/Prin. Art.,8,Livingston,100-199,200-499,200-499
8022,0,47-3610,2019,11549,11006,543,185,358,4,Minor Arterial,3,Urban,Other Road,8,Livingston,200-499,100-199,500-999
7173,0,47-3625,2018,11061,10718,343,144,77,3,Principal Arterial,3,Urban,Freeway/Prin. Art.,8,Livingston,0-99,100-199,200-499
7097,0,47-3646,2018,9698,9378,320,145,174,3,Principal Arterial,3,Urban,Freeway/Prin. Art.,8,Livingston,100-199,100-199,200-499
37228,0,47-3646,2018,9698,9378,320,145,174,3,Principal Arterial,3,Urban,Freeway/Prin. Art.,8,Livingston,100-199,100-199,200-499
5712,0,47-4605,2018,8589,8366,223,129,94,4,Minor Arterial,4,Suburban,Other Road,8,Livingston,0-99,100-199,200-499
7890,0,47-5000,2018,9330,9079,251,149,83,4,Minor Arterial,4,Suburban,Other Road,8,Livingston,0-99,100-199,200-499
6734,0,47-5001,2019,8744,8403,341,210,96,4,Minor Arterial,5,Rural,Other Road,8,Livingston,0-99,200-499,200-499
7192,0,47-5003,2018,8760,8589,170,113,41,5,Major Collector,4,Suburban,Other Road,8,Livingston,0-99,100-199,100-199
6986,0,47-5005,2019,3808,3660,148,91,42,4,Minor Arterial,5,Rural,Other Road,8,Livingston,0-99,0-99,100-199
7966,0,47-5006,2019,1060,1019,41,26,11,5,Major Collector,5,Rural,Other Road,8,Livingston,0-99,0-99,0-99
7766,0,47-5007,2019,8237,8165,72,62,8,4,Minor Arterial,5,Rural,Other Road,8,Livingston,0-99,0-99,0-99
7790,0,47-5008,2018,1271,1250,20,19,3,5,Major Collector,5,Rural,Other Road,8,Livingston,0-99,0-99,0-99
7024,0,47-5009,2019,5200,4992,208,130,57,5,Major Collector,4,Suburban,Other Road,8,Livingston,0-99,100-199,100-199
7817,0,47-5010,2019,1920,1842,78,48,22,5,Major Collector,5,Rural,Other Road,8,Livingston,0-99,0-99,0-99
7258,0,47-5011,2019,1710,1640,70,43,20,5,Major Collector,5,Rural,Other Road,8,Livingston,0-99,0-99,0-99
8104,0,47-5012,2019,3684,3536,148,92,41,5,Major Collector,5,Rural,Other Road,8,Livingston,0-99,0-99,100-199
19983,0,47-5013,2019,1320,1268,52,33,14,5,Major Collector,5,Rural,Other Road,8,Livingston,0-99,0-99,0-99
6741,0,47-5015,2019,900,863,37,22,11,5,Major Collector,5,Rural,Other Road,8,Livingston,0-99,0-99,0-99
7568,0,47-5016,2018,12694,12534,159,129,34,4,Minor Arterial,5,Rural,Other Road,8,Livingston,0-99,100-199,100-199
7751,0,47-5017,2019,3220,3091,129,81,35,5,Major Collector,5,Rural,Other Road,8,Livingston,0-99,0-99,100-199
8105,0,47-5018,2019,2044,1963,81,51,22,5,Major Collector,5,Rural,Other Road,8,Livingston,0-99,0-99,0-99
7110,1,47-5019,2018,5446,5218,227,120,89,4,Minor Arterial,4,Suburban,Other Road,8,Livingston,0-99,100-199,200-499
8109,0,47-5023,2019,582,557,25,15,8,5,Major Collector,5,Rural,Other Road,8,Livingston,0-99,0-99,0-99
7055,0,47-5024,2019,469,432,37,17,17,5,Major Collector,3,Urban,Other Road,8,Livingston,0-99,0-99,0-99
19918,0,47-5026,2019,9505,9135,371,228,105,4,Minor Arterial,3,Urban,Other Road,8,Livingston,100-199,200-499,200-499
7440,0,47-5027,2019,3241,3112,129,81,35,5,Major Collector,5,Rural,Other Road,8,Livingston,0-99,0-99,100-199
7044,0,47-5030,2019,2835,2721,114,71,32,5,Major Collector,5,Rural,Other Road,8,Livingston,0-99,0-99,100-199
7046,0,47-5032,2019,10030,9640,390,240,110,4,Minor Arterial,5,Rural,Other Road,8,Livingston,100-199,200-499,200-499
7638,0,47-5034,2018,10471,10190,281,167,93,4,Minor Arterial,5,Rural,Other Road,8,Livingston,0-99,100-199,200-499
7422,0,47-5041,2019,3680,3532,148,92,41,5,Major Collector,5,Rural,Other Road,8,Livingston,0-99,0-99,100-199
7789,0,47-5046,2019,1825,1752,73,46,20,5,Major Collector,5,Rural,Other Road,8,Livingston,0-99,0-99,0-99
7344,0,47-5049,2018,2412,2324,87,27,34,5,Major Collector,5,Rural,Other Road,8,Livingston,0-99,0-99,0-99
7220,0,47-5050,2018,9982,9770,211,159,47,4,Minor Arterial,5,Rural,Other Road,8,Livingston,0-99,100-199,200-499
7033,0,47-5052,2018,4688,4624,63,50,13,5,Major Collector,4,Suburban,Other Road,8,Livingston,0-99,0-99,0-99
19934,0,47-5058,2019,761,730,31,19,9,5,Major Collector,5,Rural,Other Road,8,Livingston,0-99,0-99,0-99
7241,0,47-5059,2019,2098,2076,22,21,1,5,Major Collector,4,Suburban,Other Road,8,Livingston,0-99,0-99,0-99
7810,0,47-5061,2019,3906,3749,157,97,44,5,Major Collector,5,Rural,Other Road,8,Livingston,0-99,0-99,100-199
7887,0,47-5062,2019,4140,3975,165,103,45,5,Major Collector,5,Rural,Other Road,8,Livingston,0-99,100-199,100-199
7320,0,47-5063,2019,2346,2253,93,59,25,5,Major Collector,5,Rural,Other Road,8,Livingston,0-99,0-99,0-99
8063,0,47-5064,2019,580,555,25,15,8,5,Major Collector,5,Rural,Other Road,8,Livingston,0-99,0-99,0-99
7052,0,47-5065,2018,7121,7053,67,54,16,5,Major Collector,5,Rural,Other Road,8,Livingston,0-99,0-99,0-99
7128,0,47-5067,2019,19840,19086,754,337,278,3,Principal Arterial,3,Urban,Freeway/Prin. Art.,8,Livingston,200-499,200-499,500-999
7153,1,47-5068,2019,21374,20955,419,278,74,3,Principal Arterial,4,Suburban,Freeway/Prin. Art.,8,Livingston,0-99,200-499,200-499
7184,1,47-5069,2018,9013,8723,289,140,129,4,Minor Arterial,4,Suburban,Other Road,8,Livingston,100-199,100-199,200-499
19822,0,47-5070,2019,5000,4805,195,120,55,4,Minor Arterial,4,Suburban,Other Road,8,Livingston,0-99,100-199,100-199
7179,1,47-5071,2018,10118,9884,233,114,110,4,Minor Arterial,5,Rural,Other Road,8,Livingston,100-199,100-199,200-499
7125,1,47-5073,2018,12909,12402,506,291,157,3,Principal Arterial,4,Suburban,Freeway/Prin. Art.,8,Livingston,100-199,200-499,200-499
19931,0,47-5074,2019,1080,1038,42,27,11,5,Major Collector,5,Rural,Other Road,8,Livingston,0-99,0-99,0-99
7354,0,47-5076,2018,4792,4735,56,46,12,5,Major Collector,4,Suburban,Other Road,8,Livingston,0-99,0-99,0-99
7341,0,47-5077,2019,3750,3599,151,94,42,5,Major Collector,5,Rural,Other Road,8,Livingston,0-99,0-99,100-199
7205,0,47-5079,2018,11838,11688,149,118,33,4,Minor Arterial,5,Rural,Other Road,8,Livingston,0-99,100-199,100-199
7201,0,47-5080,2019,4333,4161,172,108,47,5,Major Collector,5,Rural,Other Road,8,Livingston,0-99,100-199,100-199
7845,0,47-5081,2019,2902,2785,117,72,33,5,Major Collector,5,Rural,Other Road,8,Livingston,0-99,0-99,100-199
40178,0,47-5084,2019,6960,6681,279,174,77,5,Major Collector,5,Rural,Other Road,8,Livingston,0-99,100-199,200-499
6991,0,47-5086,2019,4820,4632,188,116,53,4,Minor Arterial,3,Urban,Other Road,8,Livingston,0-99,100-199,100-199
7022,0,47-5087,2018,7975,7851,123,94,26,4,Minor Arterial,4,Suburban,Other Road,8,Livingston,0-99,0-99,100-199
7030,0,47-5088,2018,2952,2894,57,47,10,5,Major Collector,4,Suburban,Other Road,8,Livingston,0-99,0-99,0-99
5425,0,47-5089,2019,5550,5326,224,139,63,5,Major Collector,4,Suburban,Other Road,8,Livingston,0-99,100-199,200-499
7443,0,47-5090,2019,5110,4906,204,128,56,5,Major Collector,4,Suburban,Other Road,8,Livingston,0-99,100-199,100-199
7856,0,47-5093,2018,2521,2493,27,24,6,5,Major Collector,5,Rural,Other Road,8,Livingston,0-99,0-99,0-99
7404,1,47-5094,2019,12549,10835,1714,578,1119,3,Principal Arterial,5,Rural,Freeway/Prin. Art.,8,Livingston,1000-1999,500-999,1000-1999
8138,0,47-5095,2018,8977,8734,243,144,81,4,Minor Arterial,5,Rural,Other Road,8,Livingston,0-99,100-199,200-499
7312,0,47-5096,2019,2381,2287,94,59,25,5,Major Collector,5,Rural,Other Road,8,Livingston,0-99,0-99,0-99
7040,0,47-5099,2019,15772,15156,616,379,174,4,Minor Arterial,5,Rural,Other Road,8,Livingston,100-199,200-499,500-999
7041,0,47-5100,2019,20790,19979,811,499,229,4,Minor Arterial,4,Suburban,Other Road,8,Livingston,200-499,200-499,500-999
19947,0,47-5101,2019,11366,10925,441,272,124,4,Minor Arterial,4,Suburban,Other Road,8,Livingston,100-199,200-499,200-499
37471,1,47-5102,2019,16150,15836,314,165,120,4,Minor Arterial,4,Suburban,Other Road,8,Livingston,100-199,100-199,200-499
19984,0,47-5103,2019,4850,4655,195,122,54,5,Major Collector,5,Rural,Other Road,8,Livingston,0-99,100-199,100-199
7329,0,47-5104,2019,4850,4655,195,122,54,5,Major Collector,5,Rural,Other Road,8,Livingston,0-99,100-199,100-199
7501,0,47-5105,2019,13329,13088,241,126,31,4,Minor Arterial,3,Urban,Other Road,8,Livingston,0-99,100-199,100-199
7686,0,47-5106,2018,5030,4974,55,51,9,5,Major Collector,5,Rural,Other Road,8,Livingston,0-99,0-99,0-99
7215,0,47-5108,2018,3258,3221,36,26,13,5,Major Collector,5,Rural,Other Road,8,Livingston,0-99,0-99,0-99
19856,0,47-5109,2019,7370,7077,293,184,80,5,Major Collector,5,Rural,Other Road,8,Livingston,0-99,100-199,200-499
7343,0,47-5110,2019,2500,2397,103,63,30,5,Major Collector,5,Rural,Other Road,8,Livingston,0-99,0-99,0-99
37046,0,47-5111,2019,8111,7795,316,195,89,4,Minor Arterial,5,Rural,Other Road,8,Livingston,0-99,100-199,200-499
7986,0,47-5112,2019,4130,3965,165,103,45,5,Major Collector,5,Rural,Other Road,8,Livingston,0-99,100-199,100-199
7314,0,47-5113,2019,2218,2130,88,55,24,5,Major Collector,5,Rural,Other Road,8,Livingston,0-99,0-99,0-99
19936,0,47-5114,2019,3213,3085,128,80,35,5,Major Collector,5,Rural,Other Road,8,Livingston,0-99,0-99,100-199
5144,0,47-5115,2019,7806,7494,312,195,86,5,Major Collector,5,Rural,Other Road,8,Livingston,0-99,100-199,200-499
5991,0,47-5116,2019,3130,3005,125,78,34,5,Major Collector,5,Rural,Other Road,8,Livingston,0-99,0-99,100-199
5512,1,47-5117,2018,15491,15077,413,250,136,4,Minor Arterial,5,Rural,Other Road,8,Livingston,100-199,200-499,200-499
6396,0,47-5118,2019,1710,1640,70,43,20,5,Major Collector,5,Rural,Other Road,8,Livingston,0-99,0-99,0-99
7209,0,47-5121,2019,7207,6926,281,173,79,4,Minor Arterial,5,Rural,Other Road,8,Livingston,0-99,100-199,200-499
7218,1,47-5125,2019,6245,6047,198,122,75,4,Minor Arterial,5,Rural,Other Road,8,Livingston,0-99,100-199,100-199
19909,0,47-5127,2019,2946,2827,119,74,33,5,Major Collector,5,Rural,Other Road,8,Livingston,0-99,0-99,100-199
7442,0,47-5128,2019,2939,2820,119,74,33,5,Major Collector,5,Rural,Other Road,8,Livingston,0-99,0-99,100-199
19916,0,47-5130,2019,7164,6886,278,171,78,4,Minor Arterial,4,Suburban,Other Road,8,Livingston,0-99,100-199,200-499
8151,1,47-5131,2018,11933,10705,1227,380,786,5,Major Collector,4,Suburban,Other Road,8,Livingston,500-999,200-499,1000-1999
7397,0,47-5132,2019,4243,4074,169,106,46,5,Major Collector,5,Rural,Other Road,8,Livingston,0-99,100-199,100-199
19910,0,47-5134,2019,2843,2729,114,71,32,5,Major Collector,5,Rural,Other Road,8,Livingston,0-99,0-99,100-199
7431,1,47-5136,2018,10812,10587,224,103,117,4,Minor Arterial,3,Urban,Other Road,8,Livingston,100-199,100-199,200-499
8021,1,47-5138,2018,7082,6868,213,133,73,4,Minor Arterial,4,Suburban,Other Road,8,Livingston,0-99,100-199,200-499
7886,1,47-5142,2018,5633,5444,188,116,72,5,Major Collector,4,Suburban,Other Road,8,Livingston,0-99,100-199,100-199
7387,1,47-5143,2018,4859,4673,185,119,65,5,Major Collector,5,Rural,Other Road,8,Livingston,0-99,100-199,100-199
7012,0,47-5146,2018,17455,17295,159,115,40,4,Minor Arterial,3,Urban,Other Road,8,Livingston,0-99,100-199,100-199
7008,0,47-5147,2019,13426,12904,522,321,147,4,Minor Arterial,4,Suburban,Other Road,8,Livingston,100-199,200-499,200-499
6896,0,47-5148,2018,5770,5684,85,66,21,4,Minor Arterial,4,Suburban,Other Road,8,Livingston,0-99,0-99,0-99
8123,1,47-5149,2018,4680,4526,153,80,63,4,Minor Arterial,5,Rural,Other Road,8,Livingston,0-99,0-99,100-199
19867,0,47-5152,2018,621,597,23,7,16,5,Major Collector,5,Rural,Other Road,8,Livingston,0-99,0-99,0-99
6909,0,47-5154,2019,1483,1426,57,37,14,5,Major Collector,5,Rural,Other Road,8,Livingston,0-99,0-99,0-99
7457,0,47-5155,2019,1160,1114,46,29,12,5,Major Collector,5,Rural,Other Road,8,Livingston,0-99,0-99,0-99
5140,0,47-5158,2019,6510,6247,263,163,74,5,Major Collector,5,Rural,Other Road,8,Livingston,0-99,100-199,200-499
6302,0,47-5159,2018,3987,3883,104,68,32,5,Major Collector,5,Rural,Other Road,8,Livingston,0-99,0-99,100-199
6308,1,47-5161,2018,15367,15114,252,170,58,4,Minor Arterial,4,Suburban,Other Road,8,Livingston,0-99,100-199,200-499
19943,0,47-5165,2019,4361,4188,173,109,47,5,Major Collector,5,Rural,Other Road,8,Livingston,0-99,100-199,100-199
19940,0,47-5166,2019,843,809,34,21,10,5,Major Collector,5,Rural,Other Road,8,Livingston,0-99,0-99,0-99
19768,0,47-5167,2019,884,848,36,22,10,5,Major Collector,5,Rural,Other Road,8,Livingston,0-99,0-99,0-99
19767,0,47-5168,2019,529,506,23,13,8,5,Major Collector,5,Rural,Other Road,8,Livingston,0-99,0-99,0-99
19766,0,47-5169,2019,1350,1297,53,34,14,5,Major Collector,5,Rural,Other Road,8,Livingston,0-99,0-99,0-99
20912,0,47-5170,2019,1995,1915,80,50,22,5,Major Collector,5,Rural,Other Road,8,Livingston,0-99,0-99,0-99
20320,0,47-5171,2019,1054,1013,41,26,11,5,Major Collector,5,Rural,Other Road,8,Livingston,0-99,0-99,0-99
19944,0,47-5173,2019,600,574,26,16,8,5,Major Collector,5,Rural,Other Road,8,Livingston,0-99,0-99,0-99
6818,1,47-5174,2018,7158,6708,449,283,158,5,Major Collector,5,Rural,Other Road,8,Livingston,100-199,200-499,200-499
7222,0,47-5175,2019,7130,6852,278,171,78,4,Minor Arterial,5,Rural,Other Road,8,Livingston,0-99,100-199,200-499
19948,0,47-5176,2019,3480,3343,137,87,36,5,Major Collector,5,Rural,Other Road,8,Livingston,0-99,0-99,100-199
7764,0,47-5177,2019,4737,4546,191,119,53,5,Major Collector,5,Rural,Other Road,8,Livingston,0-99,100-199,100-199
19939,0,47-5178,2019,1609,1543,66,41,19,5,Major Collector,5,Rural,Other Road,8,Livingston,0-99,0-99,0-99
19652,1,47-5185,2019,7532,7362,170,56,103,5,Major Collector,3,Urban,Other Road,8,Livingston,100-199,0-99,100-199
7136,1,47-5187,2018,29101,28596,505,310,109,3,Principal Arterial,3,Urban,Freeway/Prin. Art.,8,Livingston,100-199,200-499,200-499
7749,0,47-5188,2019,3259,3130,129,81,35,5,Major Collector,3,Urban,Other Road,8,Livingston,0-99,0-99,100-199
7070,0,47-5195,2019,312,299,13,10,2,5,Major Collector,3,Urban,Other Road,8,Livingston,0-99,0-99,0-99
7942,0,47-5196,2019,3376,3349,27,20,6,5,Major Collector,3,Urban,Other Road,8,Livingston,0-99,0-99,0-99
7067,0,47-5198,2018,4191,4134,56,49,11,5,Major Collector,3,Urban,Other Road,8,Livingston,0-99,0-99,0-99
37048,0,47-5201,2019,13234,13082,152,119,32,4,Minor Arterial,3,Urban,Other Road,8,Livingston,0-99,100-199,100-199
7958,0,47-5202,2019,1789,1775,14,10,4,5,Major Collector,3,Urban,Other Road,8,Livingston,0-99,0-99,0-99
7057,0,47-5205,2019,2927,2879,48,21,27,5,Major Collector,3,Urban,Other Road,8,Livingston,0-99,0-99,0-99
6993,1,47-5206,2019,5543,5118,425,128,269,4,Minor Arterial,3,Urban,Other Road,8,Livingston,200-499,100-199,200-499
6493,0,47-5208,2019,2360,2267,93,59,25,5,Major Collector,5,Rural,Other Road,8,Livingston,0-99,0-99,0-99
40462,0,47-5209,2018,9613,9493,119,80,39,4,Minor Arterial,5,Rural,Other Road,8,Livingston,0-99,0-99,100-199
7445,0,47-5212,2018,2250,2215,34,34,2,6,Minor Collector,4,Suburban,Other Road,8,Livingston,0-99,0-99,0-99
40612,0,47-5213,2018,2313,2264,48,46,5,6,Minor Collector,5,Rural,Other Road,8,Livingston,0-99,0-99,0-99
7334,0,47-5214,2018,1197,1170,26,27,0,6,Minor Collector,5,Rural,Other Road,8,Livingston,0-99,0-99,0-99
5714,0,47-5215,2019,870,853,17,15,0,6,Minor Collector,4,Suburban,Other Road,8,Livingston,0-99,0-99,0-99
7217,0,47-5216,2019,1940,1883,57,43,10,6,Minor Collector,5,Rural,Other Road,8,Livingston,0-99,0-99,0-99
40610,0,47-5217,2018,3886,3800,85,55,22,6,Minor Collector,5,Rural,Other Road,8,Livingston,0-99,0-99,0-99
7888,0,47-5220,2019,4806,4614,192,120,53,5,Major Collector,5,Rural,Other Road,8,Livingston,0-99,100-199,100-199
19932,0,47-5231,2018,1552,1509,43,27,14,5,Major Collector,5,Rural,Other Road,8,Livingston,0-99,0-99,0-99
19920,0,47-5233,2018,3426,3339,87,58,26,5,Major Collector,5,Rural,Other Road,8,Livingston,0-99,0-99,0-99
7745,1,47-8219,2019,42203,38056,4147,1034,3042,1,Interstate Freeway,4,Suburban,Interstate,8,Livingston,2000+,1000-1999,2000+
7540,1,47-8219,2019,42203,38056,4147,1034,3042,1,Interstate Freeway,4,Suburban,Interstate,8,Livingston,2000+,1000-1999,2000+
6075,1,47-8229,2019,31027,27853,3174,778,2375,2,Other Freeway,5,Rural,Freeway/Prin. Art.,8,Livingston,2000+,500-999,2000+
6490,1,47-8229,2019,31027,27853,3174,778,2375,2,Other Freeway,4,Suburban,Freeway/Prin. Art.,8,Livingston,2000+,500-999,2000+
8431,0,58-5038,2019,1570,1507,63,39,18,4,Minor Arterial,5,Rural,Other Road,6,Monroe,0-99,0-99,0-99
8443,1,58-0039,2019,4227,4005,222,82,139,4,Minor Arterial,5,Rural,Other Road,6,Monroe,100-199,0-99,200-499
8507,0,58-0116,2019,21811,15944.5,5866,719,5081,2,Other Freeway,5,Rural,Freeway/Prin. Art.,6,Monroe,2000+,500-999,2000+
8513,1,58-8369,2019,6552,5941,611,142,457,4,Minor Arterial,5,Rural,Other Road,6,Monroe,200-499,100-199,500-999
8515,0,58-5105,2019,440,429,11,9,1,6,Minor Collector,5,Rural,Other Road,6,Monroe,0-99,0-99,0-99
8520,0,58-5202,2017,3719,3610,109,56,49,5,Major Collector,4,Suburban,Other Road,6,Monroe,0-99,0-99,100-199
8526,0,58-0116,2019,21811,15944.5,5866,719,5081,2,Other Freeway,5,Rural,Freeway/Prin. Art.,6,Monroe,2000+,500-999,2000+
8552,0,58-5197,2017,7731,7499,232,139,85,4,Minor Arterial,3,Urban,Other Road,6,Monroe,0-99,100-199,200-499
8557,0,58-5195,2017,4404,4230,174,105,65,4,Minor Arterial,3,Urban,Other Road,6,Monroe,0-99,100-199,100-199
8608,0,58-5215,2017,3677,3521,156,96,56,4,Minor Arterial,4,Suburban,Other Road,6,Monroe,0-99,0-99,100-199
8630,0,58-5187,2017,5340,5198,142,69,68,5,Major Collector,3,Urban,Other Road,6,Monroe,0-99,0-99,100-199
8660,0,58-5060,2018,3968,3864,104,68,32,5,Major Collector,5,Rural,Other Road,6,Monroe,0-99,0-99,100-199
8723,1,58-5216,2019,1774,1566,208,52,156,5,Major Collector,4,Suburban,Other Road,6,Monroe,100-199,0-99,200-499
8724,0,58-5212,2019,1296,1237,59,52,5,5,Major Collector,3,Urban,Other Road,6,Monroe,0-99,0-99,0-99
8737,0,58-5081,2019,1200,1152,48,30,13,5,Major Collector,5,Rural,Other Road,6,Monroe,0-99,0-99,0-99
8744,0,58-5128,2018,747,727,20,13,6,5,Major Collector,5,Rural,Other Road,6,Monroe,0-99,0-99,0-99
8751,0,58-0509,2017,6961,6786,175,91,77,5,Major Collector,5,Rural,Other Road,6,Monroe,0-99,0-99,100-199
8752,1,58-5192,2019,2453,2309,144,73,71,4,Minor Arterial,4,Suburban,Other Road,6,Monroe,0-99,0-99,100-199
8758,0,58-5209,2017,2600,2552,47,38,11,4,Minor Arterial,3,Urban,Other Road,6,Monroe,0-99,0-99,0-99
8762,0,58-5189,2019,3758,3633,125,56,14,4,Minor Arterial,3,Urban,Other Road,6,Monroe,0-99,0-99,0-99
8763,1,58-5210,2019,5847,5470,377,183,176,4,Minor Arterial,3,Urban,Other Road,6,Monroe,100-199,100-199,200-499
8778,0,58-0208,2018,6863,6643.5,219,75,144,4,Minor Arterial,4,Suburban,Other Road,6,Monroe,100-199,0-99,200-499
8783,0,58-5074,2019,790,765,25,18,5,6,Minor Collector,4,Suburban,Other Road,6,Monroe,0-99,0-99,0-99
8809,0,58-0078,2019,7612,7354,258,91,167,4,Minor Arterial,5,Rural,Other Road,6,Monroe,100-199,0-99,200-499
8813,0,58-5043,2019,1520,1459,61,37,18,4,Minor Arterial,5,Rural,Other Road,6,Monroe,0-99,0-99,0-99
8815,0,58-0040,2019,3311,3139,172,66,106,4,Minor Arterial,5,Rural,Other Road,6,Monroe,100-199,0-99,100-199
8821,0,58-5072,2017,2121,2039,82,42,38,5,Major Collector,5,Rural,Other Road,6,Monroe,0-99,0-99,0-99
8827,0,58-5104,2019,1530,1467,63,38,19,5,Major Collector,5,Rural,Other Road,6,Monroe,0-99,0-99,0-99
8842,0,58-5106,2018,2838,2763,75,48,24,5,Major Collector,5,Rural,Other Road,6,Monroe,0-99,0-99,0-99
8907,0,58-0885,2019,23433,19807,6303,696,7233,2,Other Freeway,4,Suburban,Freeway/Prin. Art.,6,Monroe,2000+,500-999,2000+
8932,0,58-0885,2019,23433,17129.5,6303,773,5460,2,Other Freeway,5,Rural,Freeway/Prin. Art.,6,Monroe,2000+,500-999,2000+
8942,0,58-0082,2017,4979,4789,190,115,70,4,Minor Arterial,5,Rural,Other Road,6,Monroe,0-99,100-199,100-199
8961,1,58-5201,2019,10169,9773,396,153,238,4,Minor Arterial,3,Urban,Other Road,6,Monroe,200-499,100-199,200-499
8976,1,58-0025,2019,8876,8423,453,191,256,4,Minor Arterial,5,Rural,Other Road,6,Monroe,200-499,100-199,200-499
9124,0,58-0118,2019,23109,19619.5,3489,531,2958,2,Other Freeway,4,Suburban,Freeway/Prin. Art.,6,Monroe,2000+,500-999,2000+
9127,0,58-0884,2019,22594,16516.5,6077,745,5264,2,Other Freeway,5,Rural,Freeway/Prin. Art.,6,Monroe,2000+,500-999,2000+
9133,0,58-5199,2019,429,396.5,54,10,22,5,Major Collector,5,Rural,Other Road,6,Monroe,0-99,0-99,0-99
9136,1,58-8689,2019,17421.5,12695.5,4726,590,4076,2,Other Freeway,5,Rural,Freeway/Prin. Art.,6,Monroe,2000+,500-999,2000+
9139,0,58-8729,2019,23115.3,18778.3,4112,574,3719,2,Other Freeway,5,Rural,Freeway/Prin. Art.,6,Monroe,2000+,500-999,2000+
9140,0,58-0112,2019,26246,21312.5,4933,656,4225,2,Other Freeway,5,Rural,Freeway/Prin. Art.,6,Monroe,2000+,500-999,2000+
9141,0,58-0052,2017,1796,1732,64,38,24,4,Minor Arterial,4,Suburban,Other Road,6,Monroe,0-99,0-99,0-99
9144,0,58-6678,2017,3234,3105,129,78,48,4,Minor Arterial,4,Suburban,Other Road,6,Monroe,0-99,0-99,100-199
9148,0,58-0118,2019,23109,19619.5,3489,531,2958,2,Other Freeway,4,Suburban,Freeway/Prin. Art.,6,Monroe,2000+,500-999,2000+
9149,0,58-0884,2019,22594,16516.5,6077,745,5264,2,Other Freeway,5,Rural,Freeway/Prin. Art.,6,Monroe,2000+,500-999,2000+
9151,1,58-8689,2019,17421.5,12695.5,4726,590,4076,2,Other Freeway,5,Rural,Freeway/Prin. Art.,6,Monroe,2000+,500-999,2000+
9168,0,58-8729,2019,23115.3,18778.3,4112,574,3719,2,Other Freeway,5,Rural,Freeway/Prin. Art.,6,Monroe,2000+,500-999,2000+
9169,0,58-0112,2019,26246,21312.5,4933,656,4225,2,Other Freeway,5,Rural,Freeway/Prin. Art.,6,Monroe,2000+,500-999,2000+
9207,0,58-5166,2018,1573,1530,43,27,14,5,Major Collector,5,Rural,Other Road,6,Monroe,0-99,0-99,0-99
9214,0,58-5141,2018,856,833,23,14,8,5,Major Collector,5,Rural,Other Road,6,Monroe,0-99,0-99,0-99
9215,0,58-5082,2018,736,716,20,13,6,5,Major Collector,5,Rural,Other Road,6,Monroe,0-99,0-99,0-99
9236,0,58-5114,2019,710,689,21,16,4,6,Minor Collector,5,Rural,Other Road,6,Monroe,0-99,0-99,0-99
9253,0,58-5168,2019,1390,1336,54,34,14,5,Major Collector,5,Rural,Other Road,6,Monroe,0-99,0-99,0-99
9257,0,58-5031,2019,2049,2023,26,24,2,6,Minor Collector,5,Rural,Other Road,6,Monroe,0-99,0-99,0-99
9278,0,58-5267,2018,1224,1203,21,17,3,6,Minor Collector,5,Rural,Other Road,6,Monroe,0-99,0-99,0-99
9284,0,58-5184,2017,2467,2378,100,44,42,5,Major Collector,3,Urban,Other Road,6,Monroe,0-99,0-99,0-99
9291,0,58-5213,2017,1418,1353,65,33,31,5,Major Collector,3,Urban,Other Road,6,Monroe,0-99,0-99,0-99
9298,0,58-5165,2019,7500,7197,303,188,85,5,Major Collector,5,Rural,Other Road,6,Monroe,0-99,100-199,200-499
9302,0,58-0269,2017,8049,7857,192,96,88,5,Major Collector,5,Rural,Other Road,6,Monroe,0-99,0-99,100-199
9303,0,58-5064,2017,1496,1431,65,35,29,5,Major Collector,5,Rural,Other Road,6,Monroe,0-99,0-99,0-99
9335,0,58-0271,2019,16961.5,14875.5,2086,474,1577,1,Interstate Freeway,5,Rural,Interstate,6,Monroe,1000-1999,200-499,2000+
9338,1,58-0270,2019,12065.5,9012.5,3053,333,2705,1,Interstate Freeway,5,Rural,Interstate,6,Monroe,2000+,200-499,2000+
9352,0,58-5203,2019,2616,2569,47,39,7,5,Major Collector,3,Urban,Other Road,6,Monroe,0-99,0-99,0-99
9354,0,58-5220,2017,3017,2897,120,72,45,4,Minor Arterial,3,Urban,Other Road,6,Monroe,0-99,0-99,100-199
9378,0,58-0023,2018,7225,7036,189,87,51,4,Minor Arterial,5,Rural,Other Road,6,Monroe,0-99,0-99,100-199
9380,0,58-0302,2018,13464,13114,350,162,94,4,Minor Arterial,4,Suburban,Other Road,6,Monroe,0-99,100-199,200-499
9383,0,58-0076,2018,16533,16103,430,198,116,4,Minor Arterial,3,Urban,Other Road,6,Monroe,100-199,100-199,200-499
9384,1,58-6608,2018,17869,17422,446,215,125,4,Minor Arterial,3,Urban,Other Road,6,Monroe,100-199,200-499,200-499
9386,1,58-6609,2018,18252,17736,515,228,134,4,Minor Arterial,3,Urban,Other Road,6,Monroe,100-199,200-499,200-499
9388,0,58-6718,2019,15859,15083,776,301,475,4,Minor Arterial,3,Urban,Other Road,6,Monroe,200-499,200-499,500-999
9395,0,58-0507,2019,14738,14016,722,280,442,4,Minor Arterial,3,Urban,Other Road,6,Monroe,200-499,200-499,500-999
9398,0,58-0093,2019,8638,8215,423,164,259,4,Minor Arterial,4,Suburban,Other Road,6,Monroe,200-499,100-199,200-499
9399,1,58-0225,2019,8634,8221,413,157,253,4,Minor Arterial,4,Suburban,Other Road,6,Monroe,200-499,100-199,200-499
9405,0,58-0020,2019,5739,5458,281,109,172,4,Minor Arterial,5,Rural,Other Road,6,Monroe,100-199,100-199,200-499
9406,1,58-0019,2019,5999,5535,464,162,299,4,Minor Arterial,5,Rural,Other Road,6,Monroe,200-499,100-199,200-499
9409,0,58-0073,2019,2764,2515,249,83,166,4,Minor Arterial,5,Rural,Other Road,6,Monroe,100-199,0-99,200-499
9411,1,58-0072,2019,2564,2335,229,76,152,4,Minor Arterial,5,Rural,Other Road,6,Monroe,100-199,0-99,200-499
9413,0,58-0212,2019,3600,3277,323,108,215,4,Minor Arterial,5,Rural,Other Road,6,Monroe,200-499,100-199,200-499
9414,0,58-0017,2019,6304,5735,569,190,379,4,Minor Arterial,4,Suburban,Other Road,6,Monroe,200-499,100-199,500-999
9438,0,58-8249,2019,27819.5,19807,8012,696,7233,1,Interstate Freeway,5,Rural,Interstate,6,Monroe,2000+,500-999,2000+
9463,0,58-8249,2019,27819.5,19807,8012,696,7233,1,Interstate Freeway,5,Rural,Interstate,6,Monroe,2000+,500-999,2000+
9939,0,58-0154,2019,764,733,31,19,9,5,Major Collector,5,Rural,Other Road,6,Monroe,0-99,0-99,0-99
9957,0,58-5008,2019,1090,1048,42,27,11,5,Major Collector,5,Rural,Other Road,6,Monroe,0-99,0-99,0-99
9986,0,58-5120,2018,1304,1271,33,22,10,5,Major Collector,5,Rural,Other Road,6,Monroe,0-99,0-99,0-99
9994,0,58-5208,2019,2926,2864,62,52,8,4,Minor Arterial,3,Urban,Other Road,6,Monroe,0-99,0-99,0-99
10005,0,58-5047,2017,10443,10153,290,166,114,4,Minor Arterial,4,Suburban,Other Road,6,Monroe,100-199,100-199,200-499
10012,0,58-0151,2017,12272,11966,306,183,111,4,Minor Arterial,4,Suburban,Other Road,6,Monroe,100-199,100-199,200-499
10187,0,58-5009,2019,1090,1048,42,27,11,5,Major Collector,5,Rural,Other Road,6,Monroe,0-99,0-99,0-99
10220,0,58-5006,2019,1020,980,40,25,11,5,Major Collector,5,Rural,Other Road,6,Monroe,0-99,0-99,0-99
10274,0,58-5152,2019,880,844,36,22,10,5,Major Collector,5,Rural,Other Road,6,Monroe,0-99,0-99,0-99
10320,0,58-5172,2017,2901,2801,100,49,48,5,Major Collector,4,Suburban,Other Road,6,Monroe,0-99,0-99,0-99
19533,0,58-5219,2017,1727,1654,73,38,33,5,Major Collector,3,Urban,Other Road,6,Monroe,0-99,0-99,0-99
20133,1,58-0270,2019,12065.5,9012.5,3053,333,2705,1,Interstate Freeway,5,Rural,Interstate,6,Monroe,2000+,200-499,2000+
20134,0,58-5173,2017,2297,2212,85,52,31,4,Minor Arterial,5,Rural,Other Road,6,Monroe,0-99,0-99,0-99
20278,0,58-6745,2019,26697,25309,1388,614,747,3,Principal Arterial,3,Urban,Freeway/Prin. Art.,6,Monroe,500-999,500-999,1000-1999
20329,0,58-8169,2019,3628,3544.5,83,29,54,3,Principal Arterial,5,Rural,Freeway/Prin. Art.,6,Monroe,0-99,0-99,0-99
20330,0,58-0065,2019,21804,20669,1135,502,611,3,Principal Arterial,4,Suburban,Freeway/Prin. Art.,6,Monroe,500-999,500-999,1000-1999
20383,0,58-0271,2019,16961.5,14875.5,2086,474,1577,1,Interstate Freeway,5,Rural,Interstate,6,Monroe,1000-1999,200-499,2000+
20416,0,58-0009,2018,10151,9695,456,153,293,3,Principal Arterial,4,Suburban,Freeway/Prin. Art.,6,Monroe,200-499,100-199,200-499
20523,0,58-0064,2019,27945,26491,1454,643,783,3,Principal Arterial,3,Urban,Freeway/Prin. Art.,6,Monroe,500-999,500-999,1000-1999
20528,0,58-5044,2019,5910,5679,231,142,65,4,Minor Arterial,4,Suburban,Other Road,6,Monroe,0-99,100-199,200-499
20583,1,58-0098,2019,13495,12783,712,313,387,3,Principal Arterial,5,Rural,Freeway/Prin. Art.,6,Monroe,200-499,200-499,500-999
20585,0,58-0208,2018,6863,6643.5,219,75,144,4,Minor Arterial,4,Suburban,Other Road,6,Monroe,100-199,0-99,200-499
20589,0,58-5174,2017,237,231,6,4,2,4,Minor Arterial,4,Suburban,Other Road,6,Monroe,0-99,0-99,0-99
20703,0,58-0062,2019,24644,23361,1283,567,691,3,Principal Arterial,3,Urban,Freeway/Prin. Art.,6,Monroe,500-999,500-999,1000-1999
20705,0,58-8169,2019,3628,3544.5,83,29,54,3,Principal Arterial,5,Rural,Freeway/Prin. Art.,6,Monroe,0-99,0-99,0-99
20826,0,58-5236,2019,1220,1186,34,27,5,6,Minor Collector,5,Rural,Other Road,6,Monroe,0-99,0-99,0-99
20872,0,58-5045,2019,3660,3516,144,88,41,4,Minor Arterial,4,Suburban,Other Road,6,Monroe,0-99,0-99,100-199
36960,0,58-5164,2019,6540,6276,264,164,74,5,Major Collector,5,Rural,Other Road,6,Monroe,0-99,100-199,200-499
36963,0,58-5183,2019,7343,7158,185,117,39,5,Major Collector,3,Urban,Other Road,6,Monroe,0-99,100-199,100-199
36986,1,58-0153,2019,7074,6864,210,130,60,5,Major Collector,5,Rural,Other Road,6,Monroe,0-99,100-199,100-199
36988,0,58-5234,2017,1105,1050,55,29,25,5,Major Collector,3,Urban,Other Road,6,Monroe,0-99,0-99,0-99
40507,1,58-0046,2019,7735,6576,1159,168,987,3,Principal Arterial,5,Rural,Freeway/Prin. Art.,6,Monroe,500-999,100-199,1000-1999
40583,1,312,2015,7596,7411,,139,39,4,Minor Arterial,4,Suburban,Other Road,5,Washtenaw,0-99,100-199,100-199
40582,1,314,2015,2814,2566,,210,32,5,Major Collector,5,Rural,Other Road,5,Washtenaw,0-99,200-499,200-499
36998,1,868,2015,1916,1244,,231,368,5,Major Collector,4,Suburban,Other Road,2,Other Wayne,200-499,200-499,500-999
36981,1,890,2015,4721,4467,,141,27,5,Major Collector,5,Rural,Other Road,6,Monroe,0-99,100-199,100-199
36951,1,894,2015,3718,3012,,351,285,4,Minor Arterial,5,Rural,Other Road,6,Monroe,200-499,200-499,500-999
34177,1,130,2015,16236,15556,,389,116,3,Principal Arterial,3,Urban,Freeway/Prin. Art.,1,Detroit,100-199,200-499,500-999
34116,1,822,2015,11382,10746,,515,87,90,External connector,0,External,External,9,External,0-99,500-999,500-999
34113,1,772,2015,369,335,,29,1,90,External connector,0,External,External,9,External,0-99,0-99,0-99
34111,1,794,2015,130,112,,13,3,90,External connector,0,External,External,9,External,0-99,0-99,0-99
34109,1,810,2015,533,496,,33,0,90,External connector,0,External,External,9,External,0-99,0-99,0-99
34108,1,764,2015,535,504,,31,0,90,External connector,0,External,External,9,External,0-99,0-99,0-99
34107,1,914,2015,791,724,,46,14,90,External connector,0,External,External,9,External,0-99,0-99,0-99
34106,1,912,2015,2854,2665,,117,2,90,External connector,0,External,External,9,External,0-99,100-199,100-199
34105,1,754,2015,2504,2395,,99,2,90,External connector,0,External,External,9,External,0-99,0-99,100-199
34104,1,742,2015,103,88,,13,0,90,External connector,0,External,External,9,External,0-99,0-99,0-99
34103,1,740,2015,440,395,,43,0,90,External connector,0,External,External,9,External,0-99,0-99,0-99
34102,1,732,2015,145,123,,20,1,90,External connector,0,External,External,9,External,0-99,0-99,0-99
34101,1,910,2015,552,508,,36,1,90,External connector,0,External,External,9,External,0-99,0-99,0-99
34100,1,722,2015,714,670,,35,3,90,External connector,0,External,External,9,External,0-99,0-99,0-99
34099,1,716,2015,301,277,,15,5,90,External connector,0,External,External,9,External,0-99,0-99,0-99
34098,1,714,2015,153,139,,9,2,90,External connector,0,External,External,9,External,0-99,0-99,0-99
34097,1,712,2015,763,712,,37,13,90,External connector,0,External,External,9,External,0-99,0-99,0-99
34096,1,706,2015,625,587,,32,1,90,External connector,0,External,External,9,External,0-99,0-99,0-99
34095,1,704,2015,5643,5037,,370,204,90,External connector,0,External,External,9,External,200-499,200-499,500-999
34094,1,702,2015,1498,1397,,88,7,90,External connector,0,External,External,9,External,0-99,0-99,0-99
34093,1,700,2015,6179,5439,,402,288,90,External connector,0,External,External,9,External,200-499,200-499,500-999
34092,1,698,2015,2163,2026,,118,15,90,External connector,0,External,External,9,External,0-99,100-199,100-199
34091,1,696,2015,7485,6917,,400,146,90,External connector,0,External,External,9,External,100-199,200-499,500-999
34090,1,692,2015,161,151,,9,1,90,External connector,0,External,External,9,External,0-99,0-99,0-99
34089,1,694,2015,109,86,,21,2,90,External connector,0,External,External,9,External,0-99,0-99,0-99
34088,1,686,2015,211,192,,18,0,90,External connector,0,External,External,9,External,0-99,0-99,0-99
34087,1,682,2015,363,314,,30,18,90,External connector,0,External,External,9,External,0-99,0-99,0-99
34086,1,678,2015,1014,935,,58,20,90,External connector,0,External,External,9,External,0-99,0-99,0-99
34085,1,672,2015,490,441,,35,12,90,External connector,0,External,External,9,External,0-99,0-99,0-99
34084,1,668,2015,2289,2037,,158,87,90,External connector,0,External,External,9,External,0-99,100-199,200-499
34083,1,676,2015,439,400,,33,3,90,External connector,0,External,External,9,External,0-99,0-99,0-99
34082,1,654,2015,14415,13099,,1197,84,90,External connector,0,External,External,9,External,0-99,1000-1999,1000-1999
34081,1,766,2015,7722,7297,,356,48,90,External connector,0,External,External,9,External,0-99,200-499,200-499
34080,1,774,2015,13715,12985,,624,69,90,External connector,0,External,External,9,External,0-99,500-999,500-999
34079,1,776,2015,2529,2332,,182,11,90,External connector,0,External,External,9,External,0-99,100-199,100-199
34078,1,778,2015,1148,1064,,80,4,90,External connector,0,External,External,9,External,0-99,0-99,0-99
34076,1,782,2015,476,439,,37,0,90,External connector,0,External,External,9,External,0-99,0-99,0-99
34075,1,786,2015,3728,3497,,200,25,90,External connector,0,External,External,9,External,0-99,200-499,200-499
34074,1,788,2015,19348,17468,,1302,457,90,External connector,0,External,External,9,External,200-499,1000-1999,1000-1999
34073,1,790,2015,1771,1647,,92,11,90,External connector,0,External,External,9,External,0-99,0-99,100-199
34072,1,792,2015,1027,893,,104,27,90,External connector,0,External,External,9,External,0-99,100-199,100-199
34070,1,798,2015,3649,3305,,267,66,90,External connector,0,External,External,9,External,0-99,200-499,200-499
34069,1,800,2015,138,126,,7,0,90,External connector,0,External,External,9,External,0-99,0-99,0-99
34066,1,762,2015,13988,13144,,673,112,90,External connector,0,External,External,9,External,100-199,500-999,500-999
34065,1,760,2015,5168,4876,,249,15,90,External connector,0,External,External,9,External,0-99,200-499,200-499
34064,1,758,2015,2751,2607,,122,6,90,External connector,0,External,External,9,External,0-99,100-199,100-199
34063,1,748,2015,3474,3210,,216,29,90,External connector,0,External,External,9,External,0-99,200-499,200-499
34062,1,750,2015,4721,4430,,242,22,90,External connector,0,External,External,9,External,0-99,200-499,200-499
34061,1,746,2015,1726,1601,,102,20,90,External connector,0,External,External,9,External,0-99,100-199,100-199
34060,1,744,2015,1705,1628,,63,9,90,External connector,0,External,External,9,External,0-99,0-99,0-99
34059,1,738,2015,5561,4948,,412,175,90,External connector,0,External,External,9,External,100-199,200-499,500-999
34056,1,734,2015,2595,2379,,161,54,90,External connector,0,External,External,9,External,0-99,100-199,200-499
34055,1,730,2015,983,879,,70,31,90,External connector,0,External,External,9,External,0-99,0-99,100-199
34054,1,728,2015,1763,1598,,122,24,90,External connector,0,External,External,9,External,0-99,100-199,100-199
34053,1,726,2015,5187,4709,,309,160,90,External connector,0,External,External,9,External,100-199,200-499,200-499
34052,1,724,2015,834,774,,54,4,90,External connector,0,External,External,9,External,0-99,0-99,0-99
34049,1,718,2015,5190,4870,,261,45,90,External connector,0,External,External,9,External,0-99,200-499,200-499
34048,1,708,2015,653,615,,33,3,90,External connector,0,External,External,9,External,0-99,0-99,0-99
34047,1,710,2015,1906,1744,,127,24,90,External connector,0,External,External,9,External,0-99,100-199,100-199
34046,1,690,2015,1858,1792,,50,15,90,External connector,0,External,External,9,External,0-99,0-99,0-99
34045,1,688,2015,6174,5934,,215,10,90,External connector,0,External,External,9,External,0-99,200-499,200-499
34044,1,684,2015,6397,5412,,490,461,90,External connector,0,External,External,9,External,200-499,200-499,500-999
34043,1,680,2015,1952,1736,,160,46,90,External connector,0,External,External,9,External,0-99,100-199,200-499
34042,1,674,2015,8823,6935,,671,1157,90,External connector,0,External,External,9,External,1000-1999,500-999,1000-1999
34041,1,670,2015,892,852,,34,1,90,External connector,0,External,External,9,External,0-99,0-99,0-99
34040,1,666,2015,3535,3336,,184,11,90,External connector,0,External,External,9,External,0-99,100-199,100-199
34039,1,664,2015,1949,1864,,78,5,90,External connector,0,External,External,9,External,0-99,0-99,0-99
34036,1,660,2015,4499,4356,,131,6,90,External connector,0,External,External,9,External,0-99,100-199,100-199
34035,1,658,2015,1177,1140,,36,1,90,External connector,0,External,External,9,External,0-99,0-99,0-99
34034,1,656,2015,2503,2380,,110,5,90,External connector,0,External,External,9,External,0-99,100-199,100-199
34033,1,652,2015,6408,6198,,197,7,90,External connector,0,External,External,9,External,0-99,100-199,200-499
34032,1,650,2015,7172,6870,,277,11,90,External connector,0,External,External,9,External,0-99,200-499,200-499
34031,1,648,2015,13870,13212,,561,61,90,External connector,0,External,External,9,External,0-99,500-999,500-999
34030,1,646,2015,12050,11044,,708,229,90,External connector,0,External,External,9,External,200-499,500-999,500-999
34029,1,908,2015,5731,4944,,431,301,90,External connector,0,External,External,9,External,200-499,200-499,500-999
34028,1,640,2015,1238,1153,,61,19,90,External connector,0,External,External,9,External,0-99,0-99,0-99
34025,1,636,2015,3313,3126,,144,24,90,External connector,0,External,External,9,External,0-99,100-199,100-199
34021,1,816,2015,7866,7194,,452,181,90,External connector,0,External,External,9,External,100-199,200-499,500-999
34020,1,814,2015,3611,3325,,151,118,90,External connector,0,External,External,9,External,100-199,100-199,200-499
34019,1,812,2015,676,625,,41,4,90,External connector,0,External,External,9,External,0-99,0-99,0-99
34018,1,808,2015,3682,3317,,258,79,90,External connector,0,External,External,9,External,0-99,200-499,200-499
34017,1,806,2015,782,722,,52,5,90,External connector,0,External,External,9,External,0-99,0-99,0-99
34016,1,802,2015,196,164,,31,1,90,External connector,0,External,External,9,External,0-99,0-99,0-99
34015,1,804,2015,847,736,,103,3,90,External connector,0,External,External,9,External,0-99,100-199,100-199
24550,1,440,2015,5699,5250,,391,36,4,Minor Arterial,3,Urban,Other Road,3,Oakland,0-99,200-499,200-499
24517,1,54,2015,3006,2619,,338,10,4,Minor Arterial,3,Urban,Other Road,1,Detroit,0-99,200-499,200-499
24344,1,104,2015,1704,1612,,60,22,4,Minor Arterial,3,Urban,Other Road,1,Detroit,0-99,0-99,0-99
24054,1,476,2015,17465,15820,,1477,119,3,Principal Arterial,3,Urban,Freeway/Prin. Art.,4,Macomb,100-199,1000-1999,1000-1999
24032,1,162,2015,18193,16573,,1446,107,3,Principal Arterial,3,Urban,Freeway/Prin. Art.,2,Other Wayne,100-199,1000-1999,1000-1999
23754,1,120,2015,11160,10340,,720,22,4,Minor Arterial,3,Urban,Other Road,1,Detroit,0-99,500-999,500-999
23403,1,12,2015,4731,4286,,384,17,5,Major Collector,1,Urban Business,Other Road,1,Detroit,0-99,200-499,200-499
23102,1,2,2015,2232,2085,,123,6,4,Minor Arterial,1,Urban Business,Other Road,1,Detroit,0-99,100-199,100-199
22922,1,52,2015,2317,1955,,339,7,5,Major Collector,1,Urban Business,Other Road,1,Detroit,0-99,200-499,200-499
22869,1,36,2015,12578,11210,,848,229,3,Principal Arterial,1,Urban Business,Freeway/Prin. Art.,1,Detroit,200-499,500-999,1000-1999
22423,1,114,2015,4648,4246,,319,32,4,Minor Arterial,3,Urban,Other Road,1,Detroit,0-99,200-499,200-499
22379,1,9,2015,5272,4648,,483,37,4,Minor Arterial,1,Urban Business,Other Road,1,Detroit,0-99,200-499,500-999
22155,1,186,2015,21244,18924,,1947,291,3,Principal Arterial,3,Urban,Freeway/Prin. Art.,2,Other Wayne,200-499,1000-1999,2000+
22142,1,434,2015,5859,5421,,397,5,4,Minor Arterial,3,Urban,Other Road,3,Oakland,0-99,200-499,200-499
22016,1,298,2015,581,484,,73,13,5,Major Collector,4,Suburban,Other Road,5,Washtenaw,0-99,0-99,0-99
21562,1,306,2015,3161,2630,,252,244,5,Major Collector,4,Suburban,Other Road,5,Washtenaw,200-499,200-499,200-499
21023,1,414,2015,2078,1949,,116,3,5,Major Collector,3,Urban,Other Road,3,Oakland,0-99,100-199,100-199
20831,1,292,2015,2534,2266,,198,56,4,Minor Arterial,5,Rural,Other Road,6,Monroe,0-99,100-199,200-499
20824,1,282,2015,10559,9584,,693,194,3,Principal Arterial,5,Rural,Freeway/Prin. Art.,6,Monroe,100-199,500-999,500-999
20751,1,847,2015,3409,3213,,167,22,4,Minor Arterial,4,Suburban,Other Road,4,Macomb,0-99,100-199,100-199
20548,1,332,2015,9017,8637,,287,37,5,Major Collector,4,Suburban,Other Road,3,Oakland,0-99,200-499,200-499
20531,1,892,2015,5259,4857,,262,76,5,Major Collector,5,Rural,Other Road,6,Monroe,0-99,200-499,200-499
20429,1,82,2015,3036,2452,,242,286,3,Principal Arterial,3,Urban,Freeway/Prin. Art.,2,Other Wayne,200-499,200-499,500-999
20363,1,606,2015,5904,5486,,363,34,4,Minor Arterial,5,Rural,Other Road,7,St Clair,0-99,200-499,200-499
20281,1,888,2015,702,653,,47,0,5,Major Collector,5,Rural,Other Road,6,Monroe,0-99,0-99,0-99
20165,1,602,2015,6806,6128,,411,240,4,Minor Arterial,5,Rural,Other Road,7,St Clair,200-499,200-499,500-999
20086,1,290,2015,2146,1859,,184,90,4,Minor Arterial,5,Rural,Other Road,6,Monroe,0-99,100-199,200-499
20058,1,568,2015,6351,6009,,267,58,7,Local Road,4,Suburban,Other Road,4,Macomb,0-99,200-499,200-499
19873,1,352,2015,1800,1678,,100,10,5,Major Collector,5,Rural,Other Road,8,Livingston,0-99,100-199,100-199
19870,1,354,2015,654,623,,30,1,5,Major Collector,5,Rural,Other Road,8,Livingston,0-99,0-99,0-99
19868,1,356,2015,365,339,,18,0,5,Major Collector,5,Rural,Other Road,8,Livingston,0-99,0-99,0-99
19863,1,362,2015,2853,2746,,96,4,5,Major Collector,5,Rural,Other Road,8,Livingston,0-99,0-99,100-199
19858,1,900,2015,794,751,,37,2,7,Local Road,5,Rural,Other Road,8,Livingston,0-99,0-99,0-99
19854,1,344,2015,1909,1795,,86,13,5,Major Collector,5,Rural,Other Road,3,Oakland,0-99,0-99,0-99
19821,1,338,2015,4407,4091,,261,41,4,Minor Arterial,4,Suburban,Other Road,3,Oakland,0-99,200-499,200-499
19761,1,370,2015,2923,2805,,103,6,5,Major Collector,5,Rural,Other Road,8,Livingston,0-99,100-199,100-199
19600,1,878,2015,10250,9921,,278,38,3,Principal Arterial,4,Suburban,Freeway/Prin. Art.,4,Macomb,0-99,200-499,200-499
18990,1,178,2015,2601,2361,,213,2,5,Major Collector,3,Urban,Other Road,2,Other Wayne,0-99,200-499,200-499
18966,1,182,2015,13897,12468,,1327,51,3,Principal Arterial,3,Urban,Freeway/Prin. Art.,2,Other Wayne,0-99,1000-1999,1000-1999
18963,1,122,2015,22801,21046,,1285,316,3,Principal Arterial,3,Urban,Freeway/Prin. Art.,1,Detroit,200-499,1000-1999,1000-1999
18675,1,866,2015,8238,7075,,620,443,4,Minor Arterial,4,Suburban,Other Road,2,Other Wayne,200-499,500-999,1000-1999
18667,1,98,2015,9592,8665,,765,55,4,Minor Arterial,3,Urban,Other Road,1,Detroit,0-99,500-999,500-999
18476,1,88,2015,2028,1930,,66,25,5,Major Collector,2,Urban Fringe,Other Road,2,Other Wayne,0-99,0-99,0-99
18353,1,136,2015,5637,4828,,363,269,4,Minor Arterial,4,Suburban,Other Road,2,Other Wayne,200-499,200-499,500-999
18351,1,138,2015,8604,6168,,798,1395,4,Minor Arterial,4,Suburban,Other Road,2,Other Wayne,1000-1999,500-999,2000+
18305,1,152,2015,2946,2834,,96,1,5,Major Collector,3,Urban,Other Road,2,Other Wayne,0-99,0-99,0-99
18292,1,144,2015,2058,1550,,232,260,5,Major Collector,4,Suburban,Other Road,2,Other Wayne,200-499,200-499,200-499
18158,1,164,2015,9546,9372,,160,4,3,Principal Arterial,3,Urban,Freeway/Prin. Art.,2,Other Wayne,0-99,100-199,100-199
18139,1,864,2015,7974,7500,,350,81,4,Minor Arterial,4,Suburban,Other Road,2,Other Wayne,0-99,200-499,200-499
18115,1,184,2015,17352,15632,,1576,95,3,Principal Arterial,3,Urban,Freeway/Prin. Art.,2,Other Wayne,0-99,1000-1999,1000-1999
18007,1,168,2015,11533,10526,,921,60,4,Minor Arterial,3,Urban,Other Road,2,Other Wayne,0-99,500-999,500-999
17804,1,856,2015,7388,6990,,322,41,5,Major Collector,5,Rural,Other Road,2,Other Wayne,0-99,200-499,200-499
17770,1,148,2015,1388,1328,,44,2,5,Major Collector,3,Urban,Other Road,2,Other Wayne,0-99,0-99,0-99
17556,1,146,2015,18929,17684,,865,231,3,Principal Arterial,3,Urban,Freeway/Prin. Art.,2,Other Wayne,200-499,500-999,1000-1999
17472,1,170,2015,4264,4160,,81,2,5,Major Collector,3,Urban,Other Road,2,Other Wayne,0-99,0-99,0-99
17442,1,858,2015,736,677,,50,1,5,Major Collector,5,Rural,Other Road,2,Other Wayne,0-99,0-99,0-99
17356,1,76,2015,9567,7993,,597,941,3,Principal Arterial,3,Urban,Freeway/Prin. Art.,2,Other Wayne,500-999,500-999,1000-1999
17295,1,50,2015,1027,976,,46,4,5,Major Collector,1,Urban Business,Other Road,1,Detroit,0-99,0-99,0-99
17278,1,94,2015,21701,19577,,1683,274,3,Principal Arterial,3,Urban,Freeway/Prin. Art.,2,Other Wayne,200-499,1000-1999,1000-1999
17057,1,854,2015,3378,3194,,146,19,5,Major Collector,5,Rural,Other Road,2,Other Wayne,0-99,100-199,100-199
16937,1,180,2015,15372,13508,,1722,82,4,Minor Arterial,3,Urban,Other Road,2,Other Wayne,0-99,1000-1999,1000-1999
16898,1,142,2015,12464,10585,,949,749,3,Principal Arterial,4,Suburban,Freeway/Prin. Art.,2,Other Wayne,500-999,500-999,1000-1999
16860,1,172,2015,20310,18927,,823,400,3,Principal Arterial,3,Urban,Freeway/Prin. Art.,2,Other Wayne,200-499,500-999,1000-1999
16719,1,96,2015,6302,5895,,332,10,4,Minor Arterial,3,Urban,Other Road,2,Other Wayne,0-99,200-499,200-499
16660,1,860,2015,6392,6102,,249,16,5,Major Collector,5,Rural,Other Road,2,Other Wayne,0-99,200-499,200-499
16475,1,128,2015,5980,5529,,307,4,5,Major Collector,3,Urban,Other Road,1,Detroit,0-99,200-499,200-499
16385,1,862,2015,12532,11599,,589,258,4,Minor Arterial,5,Rural,Other Road,2,Other Wayne,200-499,500-999,500-999
16346,1,154,2015,17146,15702,,1312,83,4,Minor Arterial,3,Urban,Other Road,2,Other Wayne,0-99,1000-1999,1000-1999
16329,1,102,2015,7263,6739,,411,33,3,Principal Arterial,3,Urban,Freeway/Prin. Art.,1,Detroit,0-99,200-499,200-499
16303,1,166,2015,8895,8037,,795,8,4,Minor Arterial,3,Urban,Other Road,2,Other Wayne,0-99,500-999,500-999
16297,1,116,2015,5162,4854,,257,29,4,Minor Arterial,3,Urban,Other Road,1,Detroit,0-99,200-499,200-499
15627,1,92,2015,48352,43704,,3948,521,3,Principal Arterial,2,Urban Fringe,Freeway/Prin. Art.,2,Other Wayne,500-999,2000+,2000+
14984,1,158,2015,30149,26720,,2943,336,3,Principal Arterial,3,Urban,Freeway/Prin. Art.,2,Other Wayne,200-499,2000+,2000+
13446,1,78,2015,6446,5781,,364,203,3,Principal Arterial,3,Urban,Freeway/Prin. Art.,1,Detroit,200-499,200-499,500-999
13419,1,8,2015,8720,7949,,512,80,3,Principal Arterial,1,Urban Business,Freeway/Prin. Art.,1,Detroit,0-99,500-999,500-999
13145,1,99,2015,6510,6070,,297,31,4,Minor Arterial,3,Urban,Other Road,1,Detroit,0-99,200-499,200-499
12782,1,106,2015,12451,11061,,1040,167,3,Principal Arterial,3,Urban,Freeway/Prin. Art.,1,Detroit,100-199,1000-1999,1000-1999
12520,1,845,2015,16251,14929,,857,303,3,Principal Arterial,4,Suburban,Freeway/Prin. Art.,2,Other Wayne,200-499,500-999,1000-1999
12184,1,118,2015,8873,8237,,515,34,4,Minor Arterial,3,Urban,Other Road,1,Detroit,0-99,500-999,500-999
11766,1,84,2015,9269,8484,,414,304,4,Minor Arterial,3,Urban,Other Road,2,Other Wayne,200-499,200-499,500-999
11754,1,90,2015,24981,22634,,1770,358,3,Principal Arterial,2,Urban Fringe,Freeway/Prin. Art.,2,Other Wayne,200-499,1000-1999,2000+
11715,1,16,2015,11633,10948,,468,79,3,Principal Arterial,1,Urban Business,Freeway/Prin. Art.,1,Detroit,0-99,200-499,500-999
11571,1,870,2015,3433,3291,,120,6,7,Local Road,4,Suburban,Other Road,5,Washtenaw,0-99,100-199,100-199
11243,1,316,2015,657,611,,44,1,5,Major Collector,5,Rural,Other Road,5,Washtenaw,0-99,0-99,0-99
11237,1,320,2015,7975,7259,,643,34,4,Minor Arterial,5,Rural,Other Road,5,Washtenaw,0-99,500-999,500-999
11205,1,318,2015,13631,12268,,1212,85,3,Principal Arterial,5,Rural,Freeway/Prin. Art.,5,Washtenaw,0-99,1000-1999,1000-1999
11178,1,326,2015,3861,3357,,383,109,5,Major Collector,5,Rural,Other Road,5,Washtenaw,100-199,200-499,200-499
11041,1,300,2015,9779,9166,,336,228,4,Minor Arterial,4,Suburban,Other Road,5,Washtenaw,200-499,200-499,500-999
11036,1,328,2015,4291,4042,,221,18,7,Local Road,5,Rural,Other Road,5,Washtenaw,0-99,200-499,200-499
10475,1,294,2015,2293,2086,,182,11,5,Major Collector,5,Rural,Other Road,5,Washtenaw,0-99,100-199,100-199
10317,1,886,2015,6197,5953,,211,19,5,Major Collector,5,Rural,Other Road,6,Monroe,0-99,200-499,200-499
10275,1,896,2015,1192,1075,,88,23,5,Major Collector,5,Rural,Other Road,6,Monroe,0-99,0-99,100-199
10260,1,898,2015,1536,1320,,140,71,5,Major Collector,5,Rural,Other Road,6,Monroe,0-99,100-199,200-499
10251,1,274,2015,1685,1477,,120,79,5,Major Collector,5,Rural,Other Road,6,Monroe,0-99,100-199,100-199
10247,1,276,2015,868,769,,72,10,5,Major Collector,5,Rural,Other Road,6,Monroe,0-99,0-99,0-99
10232,1,278,2015,2136,1922,,124,75,5,Major Collector,5,Rural,Other Road,6,Monroe,0-99,100-199,100-199
10039,1,296,2015,4343,4020,,261,20,4,Minor Arterial,5,Rural,Other Road,5,Washtenaw,0-99,200-499,200-499
9827,1,324,2015,5763,5413,,285,29,4,Minor Arterial,5,Rural,Other Road,5,Washtenaw,0-99,200-499,200-499
9736,1,302,2015,8149,7463,,615,14,4,Minor Arterial,4,Suburban,Other Road,5,Washtenaw,0-99,500-999,500-999
9315,1,852,2015,11697,10681,,716,213,4,Minor Arterial,5,Rural,Other Road,6,Monroe,200-499,500-999,500-999
9117,1,612,2015,613,564,,44,3,5,Major Collector,5,Rural,Other Road,7,St Clair,0-99,0-99,0-99
8808,1,284,2015,3731,3509,,189,9,5,Major Collector,5,Rural,Other Road,6,Monroe,0-99,100-199,100-199
8781,1,1045,2015,14776,13094,,1202,384,4,Minor Arterial,5,Rural,Other Road,7,St Clair,200-499,1000-1999,1000-1999
8646,1,288,2015,2371,2125,,164,69,5,Major Collector,5,Rural,Other Road,6,Monroe,0-99,100-199,200-499
8582,1,608,2015,2547,2389,,133,13,5,Major Collector,5,Rural,Other Road,7,St Clair,0-99,100-199,100-199
8580,1,610,2015,1814,1662,,127,14,5,Major Collector,5,Rural,Other Road,7,St Clair,0-99,100-199,100-199
8228,1,1044,2015,753,698,,45,7,5,Major Collector,5,Rural,Other Road,7,St Clair,0-99,0-99,0-99
8130,1,1046,2015,7994,7359,,385,208,4,Minor Arterial,5,Rural,Other Road,7,St Clair,200-499,200-499,500-999
7734,1,614,2015,7127,6440,,453,193,4,Minor Arterial,5,Rural,Other Road,7,St Clair,100-199,200-499,500-999
7538,1,904,2015,1546,1402,,104,29,7,Local Road,5,Rural,Other Road,8,Livingston,0-99,100-199,100-199
7446,1,820,2015,311,284,,18,1,6,Minor Collector,5,Rural,Other Road,8,Livingston,0-99,0-99,0-99
7257,1,372,2015,941,897,,33,1,5,Major Collector,4,Suburban,Other Road,3,Oakland,0-99,0-99,0-99
7221,1,358,2015,6336,6032,,251,34,4,Minor Arterial,5,Rural,Other Road,8,Livingston,0-99,200-499,200-499
7216,1,360,2015,5107,4920,,156,18,5,Major Collector,5,Rural,Other Road,8,Livingston,0-99,100-199,100-199
7199,1,364,2015,5186,5037,,132,10,5,Major Collector,5,Rural,Other Road,8,Livingston,0-99,100-199,100-199
7198,1,902,2015,2836,2699,,117,9,7,Local Road,5,Rural,Other Road,8,Livingston,0-99,100-199,100-199
6969,1,558,2015,9893,9598,,219,51,4,Minor Arterial,4,Suburban,Other Road,4,Macomb,0-99,200-499,200-499
6904,1,366,2015,2517,2357,,126,27,5,Major Collector,5,Rural,Other Road,8,Livingston,0-99,100-199,100-199
6860,1,542,2015,26316,23853,,2155,198,3,Principal Arterial,3,Urban,Freeway/Prin. Art.,4,Macomb,100-199,2000+,2000+
6859,1,534,2015,2588,2487,,70,4,5,Major Collector,3,Urban,Other Road,4,Macomb,0-99,0-99,0-99
6842,1,454,2015,4450,3696,,395,335,5,Major Collector,3,Urban,Other Road,4,Macomb,200-499,200-499,500-999
6757,1,570,2015,10832,10310,,399,63,3,Principal Arterial,4,Suburban,Freeway/Prin. Art.,4,Macomb,0-99,200-499,200-499
6602,1,590,2015,16543,15629,,709,157,4,Minor Arterial,4,Suburban,Other Road,4,Macomb,100-199,500-999,500-999
6474,1,882,2015,889,832,,53,2,5,Major Collector,5,Rural,Other Road,4,Macomb,0-99,0-99,0-99
6435,1,564,2015,3222,3031,,152,16,5,Major Collector,4,Suburban,Other Road,4,Macomb,0-99,100-199,100-199
6429,1,566,2015,11692,11024,,520,116,4,Minor Arterial,4,Suburban,Other Road,4,Macomb,100-199,500-999,500-999
6415,1,849,2015,9103,8458,,516,71,4,Minor Arterial,5,Rural,Other Road,4,Macomb,0-99,500-999,500-999
6377,1,884,2015,353,298,,48,2,6,Minor Collector,5,Rural,Other Road,4,Macomb,0-99,0-99,0-99
6267,1,906,2015,17340,15861,,1350,59,4,Minor Arterial,3,Urban,Other Road,4,Macomb,0-99,1000-1999,1000-1999
6146,1,550,2015,24630,22022,,2129,344,4,Minor Arterial,4,Suburban,Other Road,4,Macomb,200-499,2000+,2000+
5946,1,556,2015,18775,17373,,1262,77,3,Principal Arterial,4,Suburban,Freeway/Prin. Art.,4,Macomb,0-99,1000-1999,1000-1999
5908,1,468,2015,3400,3165,,216,6,5,Major Collector,3,Urban,Other Road,4,Macomb,0-99,200-499,200-499
5645,1,560,2015,7190,6999,,136,36,5,Major Collector,4,Suburban,Other Road,4,Macomb,0-99,100-199,100-199
5637,1,572,2015,10264,9412,,805,19,4,Minor Arterial,4,Suburban,Other Road,4,Macomb,0-99,500-999,500-999
5605,1,574,2015,13175,12647,,450,37,4,Minor Arterial,4,Suburban,Other Road,4,Macomb,0-99,200-499,200-499
5536,1,544,2015,17645,15909,,1598,82,3,Principal Arterial,3,Urban,Freeway/Prin. Art.,4,Macomb,0-99,1000-1999,1000-1999
5530,1,880,2015,286,266,,18,0,6,Minor Collector,5,Rural,Other Road,4,Macomb,0-99,0-99,0-99
5483,1,546,2015,4648,4481,,158,4,4,Minor Arterial,3,Urban,Other Road,4,Macomb,0-99,100-199,100-199
5390,1,554,2015,17083,16449,,351,226,4,Minor Arterial,4,Suburban,Other Road,4,Macomb,200-499,200-499,500-999
5313,1,460,2015,17542,15596,,1139,626,3,Principal Arterial,3,Urban,Freeway/Prin. Art.,4,Macomb,500-999,1000-1999,1000-1999
5266,1,536,2015,17920,16336,,1006,460,4,Minor Arterial,3,Urban,Other Road,4,Macomb,200-499,1000-1999,1000-1999
5122,1,604,2015,1910,1762,,110,19,5,Major Collector,5,Rural,Other Road,7,St Clair,0-99,100-199,100-199
5071,1,456,2015,19884,17342,,1769,599,3,Principal Arterial,3,Urban,Freeway/Prin. Art.,4,Macomb,500-999,1000-1999,2000+
4675,1,462,2015,10363,9675,,577,73,4,Minor Arterial,3,Urban,Other Road,4,Macomb,0-99,500-999,500-999
4524,1,458,2015,10580,9185,,786,529,4,Minor Arterial,3,Urban,Other Road,4,Macomb,500-999,500-999,1000-1999
4430,1,472,2015,20852,18709,,1912,125,3,Principal Arterial,3,Urban,Freeway/Prin. Art.,4,Macomb,100-199,1000-1999,2000+
4376,1,532,2015,10878,10106,,544,167,4,Minor Arterial,3,Urban,Other Road,4,Macomb,100-199,500-999,500-999
4176,1,448,2015,15754,14150,,1326,171,3,Principal Arterial,3,Urban,Freeway/Prin. Art.,4,Macomb,100-199,1000-1999,1000-1999
4160,1,548,2015,30978,26862,,3509,445,3,Principal Arterial,3,Urban,Freeway/Prin. Art.,4,Macomb,200-499,2000+,2000+
3895,1,450,2015,13087,11909,,1015,102,4,Minor Arterial,3,Urban,Other Road,4,Macomb,100-199,1000-1999,1000-1999
3722,1,408,2015,6015,5558,,435,11,5,Major Collector,4,Suburban,Other Road,3,Oakland,0-99,200-499,200-499
3663,1,410,2015,2458,2301,,136,1,5,Major Collector,4,Suburban,Other Road,3,Oakland,0-99,100-199,100-199
3514,1,334,2015,9776,9340,,351,31,4,Minor Arterial,4,Suburban,Other Road,3,Oakland,0-99,200-499,200-499
3403,1,876,2015,694,662,,27,0,7,Local Road,4,Suburban,Other Road,3,Oakland,0-99,0-99,0-99
3369,1,336,2015,4852,4409,,295,114,5,Major Collector,4,Suburban,Other Road,3,Oakland,100-199,200-499,200-499
3247,1,874,2015,2510,2330,,148,19,5,Major Collector,4,Suburban,Other Road,5,Washtenaw,0-99,100-199,100-199
3195,1,330,2015,7529,7117,,329,67,4,Minor Arterial,5,Rural,Other Road,5,Washtenaw,0-99,200-499,200-499
3056,1,342,2015,5948,5596,,294,41,4,Minor Arterial,5,Rural,Other Road,3,Oakland,0-99,200-499,200-499
3040,1,382,2015,19311,18426,,717,92,4,Minor Arterial,4,Suburban,Other Road,3,Oakland,0-99,500-999,500-999
3011,1,384,2015,6855,6405,,392,6,5,Major Collector,3,Urban,Other Road,3,Oakland,0-99,200-499,200-499
2993,1,388,2015,7305,6645,,595,25,4,Minor Arterial,3,Urban,Other Road,3,Oakland,0-99,500-999,500-999
2971,1,418,2015,8807,8180,,586,17,4,Minor Arterial,3,Urban,Other Road,3,Oakland,0-99,500-999,500-999
2669,1,350,2015,1028,944,,64,16,5,Major Collector,5,Rural,Other Road,3,Oakland,0-99,0-99,0-99
2541,1,432,2015,6240,5712,,483,24,4,Minor Arterial,3,Urban,Other Road,3,Oakland,0-99,200-499,500-999
2505,1,374,2015,17974,16996,,767,122,4,Minor Arterial,4,Suburban,Other Road,3,Oakland,100-199,500-999,500-999
2385,1,442,2015,9349,8872,,321,52,4,Minor Arterial,3,Urban,Other Road,3,Oakland,0-99,200-499,200-499
2235,1,428,2015,32492,30239,,1816,223,3,Principal Arterial,3,Urban,Freeway/Prin. Art.,3,Oakland,200-499,1000-1999,2000+
2206,1,348,2015,605,559,,44,0,5,Major Collector,5,Rural,Other Road,3,Oakland,0-99,0-99,0-99
2164,1,398,2015,21172,18817,,2131,155,4,Minor Arterial,3,Urban,Other Road,3,Oakland,100-199,2000+,2000+
1792,1,380,2015,3468,3181,,229,39,4,Minor Arterial,5,Rural,Other Road,3,Oakland,0-99,200-499,200-499
1254,1,378,2015,1883,1755,,93,15,5,Major Collector,5,Rural,Other Road,3,Oakland,0-99,0-99,100-199
1189,1,376,2015,3510,3285,,174,24,5,Major Collector,4,Suburban,Other Road,3,Oakland,0-99,100-199,100-199
1028,1,386,2015,13633,12498,,1015,59,3,Principal Arterial,3,Urban,Freeway/Prin. Art.,3,Oakland,0-99,1000-1999,1000-1999
917,1,406,2015,7674,6979,,669,17,4,Minor Arterial,3,Urban,Other Road,3,Oakland,0-99,500-999,500-999
833,1,396,2015,3628,3275,,320,7,5,Major Collector,3,Urban,Other Road,3,Oakland,0-99,200-499,200-499
794,1,394,2015,12119,10983,,1051,40,4,Minor Arterial,3,Urban,Other Road,3,Oakland,0-99,1000-1999,1000-1999
647,1,436,2015,5321,5002,,299,11,4,Minor Arterial,3,Urban,Other Road,3,Oakland,0-99,200-499,200-499
530,1,430,2015,22398,19987,,1978,274,4,Minor Arterial,3,Urban,Other Road,3,Oakland,200-499,1000-1999,2000+
517,1,404,2015,19087,16849,,1976,193,4,Minor Arterial,3,Urban,Other Road,3,Oakland,100-199,1000-1999,2000+
410,1,400,2015,12112,10809,,1189,53,4,Minor Arterial,3,Urban,Other Road,3,Oakland,0-99,1000-1999,1000-1999
362,1,390,2015,27302,24924,,2111,186,3,Principal Arterial,3,Urban,Freeway/Prin. Art.,3,Oakland,100-199,2000+,2000+
296,1,402,2015,2492,2296,,179,3,5,Major Collector,3,Urban,Other Road,3,Oakland,0-99,100-199,100-199
40442,1,415,2015,6839,6354,,442,17,4,Minor Arterial,3,Urban,Other Road,3,Oakland,0-99,200-499,200-499
40441,1,416,2015,6739,6177,,520,12,4,Minor Arterial,3,Urban,Other Road,3,Oakland,0-99,500-999,500-999
34115,1,823,2015,24554,22941,,521,1092,90,External connector,0,External,External,9,External,1000-1999,500-999,1000-1999
34114,1,824,2015,25900,24050,,549,1301,90,External connector,0,External,External,9,External,1000-1999,500-999,1000-1999
34112,1,779,2015,9242,8429,,618,150,90,External connector,0,External,External,9,External,100-199,500-999,500-999
34110,1,795,2015,7018,4911,,130,1961,90,External connector,0,External,External,9,External,1000-1999,100-199,2000+
34077,1,780,2015,9179,8314,,662,154,90,External connector,0,External,External,9,External,100-199,500-999,500-999
34071,1,796,2015,7151,5165,,136,1838,90,External connector,0,External,External,9,External,1000-1999,100-199,1000-1999
34068,1,756,2015,31531.5,28637.5,,491,2383,90,External connector,0,External,External,9,External,2000+,200-499,2000+
34067,1,755,2015,31531.5,28637.5,,491,2383,90,External connector,0,External,External,9,External,2000+,200-499,2000+
34051,1,81-0003,2019,26779,21619,5160,931,4126,90,External connector,0,External,External,9,External,2000+,500-999,2000+
34050,1,81-0003,2019,26779,21619,5160,931,4126,90,External connector,0,External,External,9,External,2000+,500-999,2000+
34038,1,662,2015,29096,21843.5,,821,6358,90,External connector,0,External,External,9,External,2000+,500-999,2000+
34037,1,661,2015,29096,21843.5,,821,6358,90,External connector,0,External,External,9,External,2000+,500-999,2000+
34027,1,638,2015,45037,32157.5,,1061,11841,90,External connector,0,External,External,9,External,2000+,1000-1999,2000+
34026,1,637,2015,45037,32157.5,,1061,11841,90,External connector,0,External,External,9,External,2000+,1000-1999,2000+
24522,1,160,2015,1199,1171,,23,1,5,Major Collector,3,Urban,Other Road,2,Other Wayne,0-99,0-99,0-99
24422,1,40,2015,9490,9012,,427,31,5,Major Collector,1,Urban Business,Other Road,1,Detroit,0-99,200-499,200-499
24262,1,156,2015,716,678,,12,0,5,Major Collector,3,Urban,Other Road,2,Other Wayne,0-99,0-99,0-99
23490,1,173,2015,5195,4830,,298,49,5,Major Collector,3,Urban,Other Road,2,Other Wayne,0-99,200-499,200-499
23452,1,132,2015,4771,4494,,258,6,4,Minor Arterial,3,Urban,Other Road,1,Detroit,0-99,200-499,200-499
23387,1,159,2015,1248,1217,,26,1,5,Major Collector,3,Urban,Other Road,2,Other Wayne,0-99,0-99,0-99
23303,0,33,2015,0,0,,0,0,1,Interstate Freeway,1,Urban Business,Interstate,1,Detroit,0-99,0-99,0-99
23249,0,17,2015,0,0,,0,0,2,Other Freeway,1,Urban Business,Freeway/Prin. Art.,1,Detroit,0-99,0-99,0-99
23087,1,45,2015,12061,11273,,420,227,3,Principal Arterial,1,Urban Business,Freeway/Prin. Art.,1,Detroit,200-499,200-499,500-999
23033,1,176,2015,4574,4293,,218,47,5,Major Collector,3,Urban,Other Road,2,Other Wayne,0-99,200-499,200-499
22919,1,150,2015,17565,15733,,1597,114,3,Principal Arterial,3,Urban,Freeway/Prin. Art.,2,Other Wayne,100-199,1000-1999,1000-1999
22192,1,48,2015,10258,9680,,348,115,3,Principal Arterial,1,Urban Business,Freeway/Prin. Art.,1,Detroit,100-199,200-499,200-499
22040,1,426,2015,6578,6095,,296,8,5,Major Collector,3,Urban,Other Road,3,Oakland,0-99,200-499,200-499
21759,1,872,2015,7603,6832,,631,82,3,Principal Arterial,4,Suburban,Freeway/Prin. Art.,5,Washtenaw,0-99,500-999,500-999
21071,1,346,2015,14675,13294,,671,633,3,Principal Arterial,5,Rural,Freeway/Prin. Art.,3,Oakland,500-999,500-999,1000-1999
20876,1,279,2015,21850,18645,,561,2607,1,Interstate Freeway,5,Rural,Interstate,6,Monroe,2000+,500-999,2000+
20456,1,465,2015,6225,6032,,165,18,4,Minor Arterial,3,Urban,Other Road,4,Macomb,0-99,100-199,100-199
20452,1,466,2015,6396,6223,,152,11,4,Minor Arterial,3,Urban,Other Road,4,Macomb,0-99,100-199,100-199
20317,1,463,2015,17613,16218,,1163,111,3,Principal Arterial,3,Urban,Freeway/Prin. Art.,4,Macomb,100-199,1000-1999,1000-1999
19690,1,133,2015,28048,24801,,2531,495,3,Principal Arterial,3,Urban,Freeway/Prin. Art.,1,Detroit,200-499,2000+,2000+
19385,1,538,2015,122681,116397,,2373,3911,1,Interstate Freeway,3,Urban,Interstate,4,Macomb,2000+,2000+,2000+
19344,1,539,2015,122029,115919,,2299,3811,1,Interstate Freeway,3,Urban,Interstate,4,Macomb,2000+,2000+,2000+
17601,1,155,2015,696,676,,18,0,5,Major Collector,3,Urban,Other Road,2,Other Wayne,0-99,0-99,0-99
17287,1,39,2015,2637,2446,,178,5,5,Major Collector,1,Urban Business,Other Road,1,Detroit,0-99,100-199,100-199
17006,1,174,2015,87786,83229,,1835,2722,1,Interstate Freeway,3,Urban,Interstate,2,Other Wayne,2000+,1000-1999,2000+
16978,1,107,2015,779,703,,69,4,5,Major Collector,3,Urban,Other Road,1,Detroit,0-99,0-99,0-99
16589,1,175,2015,87965,83504,,1740,2721,1,Interstate Freeway,3,Urban,Interstate,2,Other Wayne,2000+,1000-1999,2000+
15894,1,112,2015,1085,1003,,66,7,5,Major Collector,3,Urban,Other Road,1,Detroit,0-99,0-99,0-99
15794,1,149,2015,17148,15418,,1491,111,3,Principal Arterial,3,Urban,Freeway/Prin. Art.,2,Other Wayne,100-199,1000-1999,1000-1999
14612,1,123,2015,5407,5048,,315,16,5,Major Collector,3,Urban,Other Road,1,Detroit,0-99,200-499,200-499
14590,1,126,2015,4609,4232,,322,20,5,Major Collector,3,Urban,Other Road,1,Detroit,0-99,200-499,200-499
14469,0,18,2015,0,0,,0,0,2,Other Freeway,1,Urban Business,Freeway/Prin. Art.,1,Detroit,0-99,0-99,0-99
14387,0,6,2015,0,0,,0,0,2,Other Freeway,1,Urban Business,Freeway/Prin. Art.,1,Detroit,0-99,0-99,0-99
14214,1,86,2015,45458,39731,,1291,4436,1,Interstate Freeway,3,Urban,Interstate,2,Other Wayne,2000+,1000-1999,2000+
14089,1,44,2015,5516,4980,,364,74,3,Principal Arterial,1,Urban Business,Freeway/Prin. Art.,1,Detroit,0-99,200-499,200-499
13806,1,43,2015,4341,4015,,241,8,3,Principal Arterial,1,Urban Business,Freeway/Prin. Art.,1,Detroit,0-99,200-499,200-499
13764,1,41,2015,5838,5344,,381,31,4,Minor Arterial,1,Urban Business,Other Road,1,Detroit,0-99,200-499,200-499
13748,1,42,2015,3279,3000,,206,17,4,Minor Arterial,1,Urban Business,Other Road,1,Detroit,0-99,200-499,200-499
13736,0,34,2015,0,0,,0,0,1,Interstate Freeway,1,Urban Business,Interstate,1,Detroit,0-99,0-99,0-99
13583,1,131,2015,3750,3524,,209,4,4,Minor Arterial,3,Urban,Other Road,1,Detroit,0-99,200-499,200-499
13410,0,5,2015,0,0,,0,0,2,Other Freeway,1,Urban Business,Freeway/Prin. Art.,1,Detroit,0-99,0-99,0-99
12971,1,47,2015,11538,11364,,120,54,1,Interstate Freeway,1,Urban Business,Interstate,1,Detroit,0-99,100-199,100-199
12536,1,46,2015,12466,12290,,133,43,1,Interstate Freeway,1,Urban Business,Interstate,1,Detroit,0-99,100-199,100-199
11590,1,321,2015,33237,31157,,411,1635,2,Other Freeway,5,Rural,Freeway/Prin. Art.,5,Washtenaw,1000-1999,200-499,2000+
11559,1,322,2015,32789,30675,,386,1701,2,Other Freeway,5,Rural,Freeway/Prin. Art.,5,Washtenaw,1000-1999,200-499,2000+
11550,1,85,2015,50689,44856,,1422,4411,1,Interstate Freeway,3,Urban,Interstate,2,Other Wayne,2000+,1000-1999,2000+
10690,1,308,2015,14102,12778,,688,535,3,Principal Arterial,4,Suburban,Freeway/Prin. Art.,5,Washtenaw,500-999,500-999,1000-1999
10680,1,307,2015,12991,11816,,590,508,3,Principal Arterial,4,Suburban,Freeway/Prin. Art.,5,Washtenaw,500-999,500-999,1000-1999
10201,1,304,2015,41933,36879,,915,4139,1,Interstate Freeway,4,Suburban,Interstate,5,Washtenaw,2000+,500-999,2000+
9909,1,871,2015,7812,7005,,646,112,3,Principal Arterial,4,Suburban,Freeway/Prin. Art.,5,Washtenaw,100-199,500-999,500-999
9891,1,303,2015,40767,35798,,855,4114,1,Interstate Freeway,4,Suburban,Interstate,5,Washtenaw,2000+,500-999,2000+
9445,1,285,2015,40201,30676,,726,8799,1,Interstate Freeway,5,Rural,Interstate,6,Monroe,2000+,500-999,2000+
9419,1,286,2015,39136,29833,,700,8603,1,Interstate Freeway,5,Rural,Interstate,6,Monroe,2000+,500-999,2000+
9333,1,280,2015,21579,18345,,575,2622,1,Interstate Freeway,5,Rural,Interstate,6,Monroe,2000+,500-999,2000+
9120,1,268,2015,29403,22144,,627,6562,2,Other Freeway,5,Rural,Freeway/Prin. Art.,6,Monroe,2000+,500-999,2000+
8921,1,267,2015,27433,21641,,510,5242,2,Other Freeway,5,Rural,Freeway/Prin. Art.,6,Monroe,2000+,500-999,2000+
8243,1,595,2015,17871,15453,,248,2145,1,Interstate Freeway,5,Rural,Interstate,7,St Clair,2000+,200-499,2000+
8194,1,596,2015,18428,15987,,272,2147,1,Interstate Freeway,5,Rural,Interstate,7,St Clair,2000+,200-499,2000+
7783,1,735,2015,28011,24608,,693,2648,1,Interstate Freeway,5,Rural,Interstate,8,Livingston,2000+,500-999,2000+
7608,1,736,2015,29542,25733,,767,2973,1,Interstate Freeway,5,Rural,Interstate,8,Livingston,2000+,500-999,2000+
6844,1,451,2015,15779,13944,,1319,440,3,Principal Arterial,3,Urban,Freeway/Prin. Art.,4,Macomb,200-499,1000-1999,1000-1999
6819,1,367,2015,32952,29552,,668,2732,2,Other Freeway,5,Rural,Freeway/Prin. Art.,8,Livingston,2000+,500-999,2000+
6621,1,464,2015,17493,16166,,1077,130,3,Principal Arterial,3,Urban,Freeway/Prin. Art.,4,Macomb,100-199,1000-1999,1000-1999
6569,1,562,2015,70160,68073,,1217,870,2,Other Freeway,4,Suburban,Freeway/Prin. Art.,4,Macomb,500-999,1000-1999,2000+
6389,1,368,2015,34614,31045,,728,2841,2,Other Freeway,5,Rural,Freeway/Prin. Art.,8,Livingston,2000+,500-999,2000+
6164,1,561,2015,69922,67831,,1206,885,2,Other Freeway,4,Suburban,Freeway/Prin. Art.,4,Macomb,500-999,1000-1999,2000+
5752,1,551,2015,23663,21285,,2081,217,3,Principal Arterial,4,Suburban,Freeway/Prin. Art.,4,Macomb,200-499,2000+,2000+
5205,1,537,2015,7605,6990,,499,92,4,Minor Arterial,3,Urban,Other Road,4,Macomb,0-99,200-499,500-999
5164,1,540,2015,8052,7323,,634,71,4,Minor Arterial,3,Urban,Other Road,4,Macomb,0-99,500-999,500-999
4833,1,420,2015,50184,48998,,675,511,2,Other Freeway,3,Urban,Freeway/Prin. Art.,3,Oakland,500-999,500-999,1000-1999
4735,1,424,2015,45130,44410,,440,280,2,Other Freeway,3,Urban,Freeway/Prin. Art.,3,Oakland,200-499,200-499,500-999
4707,1,412,2015,33054,29176,,3317,358,3,Principal Arterial,3,Urban,Freeway/Prin. Art.,3,Oakland,200-499,2000+,2000+
4681,1,452,2015,15099,13356,,1272,392,3,Principal Arterial,3,Urban,Freeway/Prin. Art.,4,Macomb,200-499,1000-1999,1000-1999
4679,1,423,2015,10056,9437,,511,40,5,Major Collector,3,Urban,Other Road,3,Oakland,0-99,500-999,500-999
4504,1,411,2015,30791,26987,,3201,375,3,Principal Arterial,3,Urban,Freeway/Prin. Art.,3,Oakland,200-499,2000+,2000+
4493,1,529,2015,29304,25860,,2432,836,3,Principal Arterial,3,Urban,Freeway/Prin. Art.,1,Detroit,500-999,2000+,2000+
4394,1,421,2015,50494,49289,,684,521,2,Other Freeway,3,Urban,Freeway/Prin. Art.,3,Oakland,500-999,500-999,1000-1999
4379,1,530,2015,30843,26850,,2856,888,3,Principal Arterial,3,Urban,Freeway/Prin. Art.,4,Macomb,500-999,2000+,2000+
4235,1,552,2015,24712,22306,,2142,187,3,Principal Arterial,4,Suburban,Freeway/Prin. Art.,4,Macomb,100-199,2000+,2000+
4177,1,469,2015,76555,72662,,1133,2760,1,Interstate Freeway,3,Urban,Interstate,4,Macomb,2000+,1000-1999,2000+
4062,1,470,2015,74172,70226,,1037,2909,1,Interstate Freeway,3,Urban,Interstate,4,Macomb,2000+,1000-1999,2000+
4048,1,425,2015,45361,44686,,409,266,2,Other Freeway,3,Urban,Freeway/Prin. Art.,3,Oakland,200-499,200-499,500-999
3667,1,422,2015,3741,3498,,228,8,5,Major Collector,3,Urban,Other Road,3,Oakland,0-99,200-499,200-499
3292,1,419,2015,4986,4626,,319,27,5,Major Collector,3,Urban,Other Road,3,Oakland,0-99,200-499,200-499
2407,1,443,2015,1312,1199,,102,9,5,Major Collector,3,Urban,Other Road,3,Oakland,0-99,100-199,100-199
2327,1,446,2015,1943,1768,,165,5,5,Major Collector,3,Urban,Other Road,3,Oakland,0-99,100-199,100-199
2303,1,445,2015,103287,96313,,2168,4806,1,Interstate Freeway,3,Urban,Interstate,3,Oakland,2000+,2000+,2000+
2200,1,345,2015,15702,14482,,647,504,3,Principal Arterial,5,Rural,Freeway/Prin. Art.,3,Oakland,500-999,500-999,1000-1999
2041,1,134,2015,29117,25829,,2591,468,3,Principal Arterial,3,Urban,Freeway/Prin. Art.,3,Oakland,200-499,2000+,2000+
1762,1,392,2015,96304,90711,,2018,3575,1,Interstate Freeway,3,Urban,Interstate,3,Oakland,2000+,2000+,2000+
504,1,438,2015,18076,16642,,1160,149,3,Principal Arterial,3,Urban,Freeway/Prin. Art.,3,Oakland,100-199,1000-1999,1000-1999
443,1,444,2015,99983,93776,,1829,4378,1,Interstate Freeway,3,Urban,Interstate,3,Oakland,2000+,1000-1999,2000+
435,1,187,2015,19613,17466,,1911,146,3,Principal Arterial,3,Urban,Freeway/Prin. Art.,3,Oakland,100-199,1000-1999,2000+
418,1,437,2015,18609,16946,,1284,242,3,Principal Arterial,3,Urban,Freeway/Prin. Art.,3,Oakland,200-499,1000-1999,1000-1999
321,1,188,2015,20444,18123,,2046,169,3,Principal Arterial,3,Urban,Freeway/Prin. Art.,3,Oakland,100-199,2000+,2000+
312,1,391,2015,92972,87465,,2011,3496,1,Interstate Freeway,3,Urban,Interstate,3,Oakland,2000+,2000+,2000+
34023,1,,2015,6596,4359.5,2196,0,2196,90,External connector,0,External,External,9,External,2000+,0-99,2000+
34022,1,,2015,6596,4359.5,2196,0,2196,90,External connector,0,External,External,9,External,2000+,0-99,2000+
34014,1,,2015,11455,11253,80,0,80,90,External connector,0,External,External,9,External,0-99,0-99,0-99
34024,1,,2015,18984,12237,6747,0,6747,90,External connector,0,External,External,9,External,2000+,0-99,2000+
34057,1,736,2015,28776.5,25170.5,,730,2810,90,External connector,0,External,External,9,External,2000+,500-999,2000+
34058,1,735,2015,28776.5,25170.5,,730,2810,90,External connector,0,External,External,9,External,2000+,500-999,2000+
