OTAZ,DTAZ,trips,xx_movement_num
2812,2812,0,0
2812,2813,0,0
2812,2814,0,0
2812,2815,0,0
2812,2816,0,0
2812,2817,0,0
2812,2818,0,0
2812,2819,0,0
2812,2820,0,0
2812,2821,0,0
2812,2822,0,0
2812,2823,0,0
2812,2824,0,0
2812,2825,0,0
2812,2826,0,0
2812,2827,0,0
2812,2828,0,0
2812,2829,0,0
2812,2830,0,0
2812,2831,0,0
2812,2832,0,0
2812,2833,0,0
2812,2834,0,0
2812,2835,0,0
2812,2836,0,0
2812,2837,0,0
2812,2838,0,0
2812,2839,0,0
2812,2840,0,0
2812,2841,0,0
2812,2842,0,0
2812,2843,0,0
2812,2844,0,0
2812,2845,0,0
2812,2846,0,0
2812,2847,0,0
2812,2848,0,0
2812,2849,0,0
2812,2850,0,0
2812,2851,0,0
2812,2852,0,0
2812,2853,0,0
2812,2854,0,0
2812,2855,0,0
2812,2856,0,0
2812,2857,1,6
2812,2858,0,0
2812,2859,0,0
2812,2860,0,0
2812,2861,0,0
2812,2862,0,0
2812,2863,0,0
2812,2864,0,0
2812,2865,0,0
2812,2866,0,0
2812,2867,0,0
2812,2868,0,0
2812,2869,0,0
2812,2870,0,0
2812,2871,0,0
2812,2872,0,0
2812,2873,0,0
2812,2874,0,0
2812,2875,0,0
2812,2876,0,0
2812,2877,0,0
2812,2878,0,0
2812,2879,0,0
2812,2880,0,0
2812,2881,0,0
2812,2882,0,0
2812,2883,0,0
2812,2884,0,0
2812,2885,0,0
2812,2886,0,0
2812,2887,0,0
2812,2888,0,0
2812,2889,0,0
2812,2890,0,0
2812,2891,0,0
2812,2892,0,0
2812,2893,0,0
2812,2894,0,0
2812,2895,0,0
2812,2896,0,0
2812,2897,0,0
2812,2898,0,0
2812,2899,0,0
2813,2812,0,0
2813,2813,0,0
2813,2814,0,0
2813,2815,0,0
2813,2816,0,0
2813,2817,0,0
2813,2818,0,0
2813,2819,0,0
2813,2820,0,0
2813,2821,0,0
2813,2822,0,0
2813,2823,0,0
2813,2824,0,0
2813,2825,0,0
2813,2826,0,0
2813,2827,0,0
2813,2828,55,6
2813,2829,5,6
2813,2830,1,6
2813,2831,4,6
2813,2832,0,0
2813,2833,0,0
2813,2834,0,0
2813,2835,0,0
2813,2836,1,6
2813,2837,1,6
2813,2838,0,0
2813,2839,0,0
2813,2840,7,6
2813,2841,0,0
2813,2842,0,0
2813,2843,0,0
2813,2844,0,0
2813,2845,0,0
2813,2846,0,0
2813,2847,0,0
2813,2848,107,6
2813,2849,0,0
2813,2850,0,0
2813,2851,1,6
2813,2852,0,0
2813,2853,0,0
2813,2854,0,0
2813,2855,0,0
2813,2856,1,6
2813,2857,69,6
2813,2858,1,6
2813,2859,0,0
2813,2860,0,0
2813,2861,0,0
2813,2862,0,0
2813,2863,3,6
2813,2864,0,0
2813,2865,0,0
2813,2866,76,6
2813,2867,0,0
2813,2868,0,0
2813,2869,0,0
2813,2870,0,0
2813,2871,1,6
2813,2872,39,6
2813,2873,1,6
2813,2874,0,0
2813,2875,2,6
2813,2876,0,0
2813,2877,0,0
2813,2878,7,6
2813,2879,0,0
2813,2880,0,0
2813,2881,16,6
2813,2882,0,0
2813,2883,0,0
2813,2884,0,0
2813,2885,0,0
2813,2886,0,0
2813,2887,0,0
2813,2888,0,0
2813,2889,0,0
2813,2890,0,0
2813,2891,2,6
2813,2892,0,0
2813,2893,0,0
2813,2894,6,6
2813,2895,12,6
2813,2896,120,1
2813,2897,11,1
2813,2898,1929,1
2813,2899,0,0
2814,2812,0,0
2814,2813,0,0
2814,2814,0,0
2814,2815,0,0
2814,2816,0,0
2814,2817,0,0
2814,2818,0,0
2814,2819,0,0
2814,2820,0,0
2814,2821,0,0
2814,2822,0,0
2814,2823,0,0
2814,2824,0,0
2814,2825,0,0
2814,2826,0,0
2814,2827,0,0
2814,2828,0,0
2814,2829,0,0
2814,2830,0,0
2814,2831,0,0
2814,2832,0,0
2814,2833,0,0
2814,2834,0,0
2814,2835,0,0
2814,2836,0,0
2814,2837,0,0
2814,2838,0,0
2814,2839,0,0
2814,2840,0,0
2814,2841,0,0
2814,2842,0,0
2814,2843,0,0
2814,2844,0,0
2814,2845,0,0
2814,2846,0,0
2814,2847,0,0
2814,2848,0,0
2814,2849,0,0
2814,2850,0,0
2814,2851,0,0
2814,2852,0,0
2814,2853,0,0
2814,2854,0,0
2814,2855,0,0
2814,2856,0,0
2814,2857,0,0
2814,2858,0,0
2814,2859,0,0
2814,2860,0,0
2814,2861,0,0
2814,2862,0,0
2814,2863,0,0
2814,2864,0,0
2814,2865,0,0
2814,2866,0,0
2814,2867,0,0
2814,2868,0,0
2814,2869,0,0
2814,2870,0,0
2814,2871,0,0
2814,2872,0,0
2814,2873,0,0
2814,2874,0,0
2814,2875,0,0
2814,2876,0,0
2814,2877,0,0
2814,2878,0,0
2814,2879,0,0
2814,2880,0,0
2814,2881,0,0
2814,2882,0,0
2814,2883,0,0
2814,2884,0,0
2814,2885,0,0
2814,2886,0,0
2814,2887,0,0
2814,2888,0,0
2814,2889,0,0
2814,2890,0,0
2814,2891,0,0
2814,2892,0,0
2814,2893,0,0
2814,2894,0,0
2814,2895,0,0
2814,2896,0,0
2814,2897,0,0
2814,2898,2,1
2814,2899,0,0
2815,2812,0,0
2815,2813,0,0
2815,2814,0,0
2815,2815,0,0
2815,2816,0,0
2815,2817,0,0
2815,2818,0,0
2815,2819,0,0
2815,2820,0,0
2815,2821,0,0
2815,2822,0,0
2815,2823,0,0
2815,2824,0,0
2815,2825,0,0
2815,2826,0,0
2815,2827,0,0
2815,2828,4,6
2815,2829,0,0
2815,2830,0,0
2815,2831,1,6
2815,2832,0,0
2815,2833,0,0
2815,2834,0,0
2815,2835,0,0
2815,2836,0,0
2815,2837,0,0
2815,2838,0,0
2815,2839,0,0
2815,2840,0,0
2815,2841,0,0
2815,2842,0,0
2815,2843,0,0
2815,2844,0,0
2815,2845,0,0
2815,2846,0,0
2815,2847,0,0
2815,2848,2,6
2815,2849,0,0
2815,2850,0,0
2815,2851,0,0
2815,2852,0,0
2815,2853,0,0
2815,2854,0,0
2815,2855,0,0
2815,2856,0,0
2815,2857,1,6
2815,2858,0,0
2815,2859,0,0
2815,2860,0,0
2815,2861,0,0
2815,2862,0,0
2815,2863,0,0
2815,2864,0,0
2815,2865,0,0
2815,2866,1,6
2815,2867,0,0
2815,2868,0,0
2815,2869,0,0
2815,2870,0,0
2815,2871,0,0
2815,2872,0,6
2815,2873,0,0
2815,2874,0,0
2815,2875,0,0
2815,2876,0,0
2815,2877,0,0
2815,2878,0,0
2815,2879,0,0
2815,2880,0,0
2815,2881,0,0
2815,2882,0,0
2815,2883,0,0
2815,2884,0,0
2815,2885,0,0
2815,2886,0,0
2815,2887,0,0
2815,2888,0,0
2815,2889,0,0
2815,2890,0,0
2815,2891,0,0
2815,2892,0,0
2815,2893,0,0
2815,2894,0,0
2815,2895,0,0
2815,2896,0,0
2815,2897,0,0
2815,2898,4,1
2815,2899,0,0
2816,2812,0,0
2816,2813,0,0
2816,2814,0,0
2816,2815,0,0
2816,2816,0,0
2816,2817,0,0
2816,2818,0,0
2816,2819,0,0
2816,2820,0,0
2816,2821,0,0
2816,2822,0,0
2816,2823,0,0
2816,2824,0,0
2816,2825,0,0
2816,2826,0,0
2816,2827,0,0
2816,2828,1,6
2816,2829,0,0
2816,2830,0,0
2816,2831,0,0
2816,2832,0,0
2816,2833,0,0
2816,2834,0,0
2816,2835,0,0
2816,2836,0,0
2816,2837,0,0
2816,2838,0,0
2816,2839,0,0
2816,2840,0,0
2816,2841,0,0
2816,2842,0,0
2816,2843,0,0
2816,2844,0,0
2816,2845,0,0
2816,2846,0,0
2816,2847,0,0
2816,2848,1,6
2816,2849,0,0
2816,2850,0,0
2816,2851,0,0
2816,2852,0,0
2816,2853,0,0
2816,2854,0,0
2816,2855,0,0
2816,2856,0,0
2816,2857,0,0
2816,2858,0,0
2816,2859,0,0
2816,2860,0,0
2816,2861,0,0
2816,2862,0,0
2816,2863,0,0
2816,2864,0,0
2816,2865,0,0
2816,2866,0,0
2816,2867,0,0
2816,2868,0,0
2816,2869,0,0
2816,2870,0,0
2816,2871,0,0
2816,2872,0,0
2816,2873,0,0
2816,2874,0,0
2816,2875,0,0
2816,2876,0,0
2816,2877,0,0
2816,2878,0,0
2816,2879,0,0
2816,2880,0,0
2816,2881,0,0
2816,2882,0,0
2816,2883,0,0
2816,2884,0,0
2816,2885,0,0
2816,2886,0,0
2816,2887,0,0
2816,2888,0,0
2816,2889,0,0
2816,2890,0,0
2816,2891,0,0
2816,2892,0,0
2816,2893,0,0
2816,2894,0,0
2816,2895,0,0
2816,2896,0,0
2816,2897,0,0
2816,2898,0,0
2816,2899,0,0
2817,2812,0,0
2817,2813,0,0
2817,2814,0,0
2817,2815,0,0
2817,2816,0,0
2817,2817,0,0
2817,2818,0,0
2817,2819,0,0
2817,2820,0,0
2817,2821,0,0
2817,2822,0,0
2817,2823,0,0
2817,2824,0,0
2817,2825,0,0
2817,2826,0,0
2817,2827,0,0
2817,2828,0,0
2817,2829,0,0
2817,2830,0,0
2817,2831,0,0
2817,2832,0,0
2817,2833,0,0
2817,2834,0,0
2817,2835,0,0
2817,2836,0,0
2817,2837,0,0
2817,2838,0,0
2817,2839,0,0
2817,2840,0,0
2817,2841,0,0
2817,2842,0,0
2817,2843,0,0
2817,2844,0,0
2817,2845,0,0
2817,2846,0,0
2817,2847,0,0
2817,2848,1,6
2817,2849,0,0
2817,2850,0,0
2817,2851,0,0
2817,2852,0,0
2817,2853,0,0
2817,2854,0,0
2817,2855,0,0
2817,2856,0,0
2817,2857,0,0
2817,2858,0,0
2817,2859,0,0
2817,2860,0,0
2817,2861,0,0
2817,2862,0,0
2817,2863,0,0
2817,2864,0,0
2817,2865,0,0
2817,2866,1,6
2817,2867,0,0
2817,2868,0,0
2817,2869,0,0
2817,2870,0,0
2817,2871,0,0
2817,2872,0,0
2817,2873,0,0
2817,2874,0,0
2817,2875,0,0
2817,2876,0,0
2817,2877,0,0
2817,2878,0,0
2817,2879,0,0
2817,2880,0,0
2817,2881,0,0
2817,2882,0,0
2817,2883,0,0
2817,2884,0,0
2817,2885,0,0
2817,2886,0,0
2817,2887,0,0
2817,2888,0,0
2817,2889,0,0
2817,2890,0,0
2817,2891,0,0
2817,2892,0,0
2817,2893,0,0
2817,2894,0,0
2817,2895,0,0
2817,2896,0,0
2817,2897,0,0
2817,2898,0,0
2817,2899,0,0
2818,2812,0,0
2818,2813,0,0
2818,2814,0,0
2818,2815,0,0
2818,2816,0,0
2818,2817,0,0
2818,2818,0,0
2818,2819,0,0
2818,2820,0,0
2818,2821,0,0
2818,2822,0,0
2818,2823,0,0
2818,2824,0,0
2818,2825,0,0
2818,2826,0,0
2818,2827,0,0
2818,2828,0,0
2818,2829,0,0
2818,2830,0,0
2818,2831,0,0
2818,2832,0,0
2818,2833,0,0
2818,2834,0,0
2818,2835,0,0
2818,2836,0,0
2818,2837,0,0
2818,2838,0,0
2818,2839,0,0
2818,2840,0,0
2818,2841,0,0
2818,2842,0,0
2818,2843,0,0
2818,2844,0,0
2818,2845,0,0
2818,2846,0,0
2818,2847,0,0
2818,2848,1,6
2818,2849,0,0
2818,2850,0,0
2818,2851,0,0
2818,2852,0,0
2818,2853,0,0
2818,2854,0,0
2818,2855,0,0
2818,2856,0,0
2818,2857,0,0
2818,2858,0,0
2818,2859,0,0
2818,2860,0,0
2818,2861,0,0
2818,2862,0,0
2818,2863,0,0
2818,2864,0,0
2818,2865,0,0
2818,2866,1,6
2818,2867,0,0
2818,2868,0,0
2818,2869,0,0
2818,2870,0,0
2818,2871,0,0
2818,2872,0,0
2818,2873,0,0
2818,2874,0,0
2818,2875,0,0
2818,2876,0,0
2818,2877,0,0
2818,2878,0,0
2818,2879,0,0
2818,2880,0,0
2818,2881,0,0
2818,2882,0,0
2818,2883,0,0
2818,2884,0,0
2818,2885,0,0
2818,2886,0,0
2818,2887,0,0
2818,2888,0,0
2818,2889,0,0
2818,2890,0,0
2818,2891,0,0
2818,2892,0,0
2818,2893,0,0
2818,2894,0,0
2818,2895,0,0
2818,2896,0,0
2818,2897,0,0
2818,2898,0,0
2818,2899,0,0
2819,2812,0,0
2819,2813,0,0
2819,2814,0,0
2819,2815,0,0
2819,2816,0,0
2819,2817,0,0
2819,2818,0,0
2819,2819,0,0
2819,2820,0,0
2819,2821,0,0
2819,2822,0,0
2819,2823,0,0
2819,2824,0,0
2819,2825,0,0
2819,2826,0,0
2819,2827,0,0
2819,2828,0,0
2819,2829,0,0
2819,2830,0,0
2819,2831,0,0
2819,2832,0,0
2819,2833,0,0
2819,2834,0,0
2819,2835,0,0
2819,2836,0,0
2819,2837,0,0
2819,2838,0,0
2819,2839,0,0
2819,2840,0,0
2819,2841,0,0
2819,2842,0,0
2819,2843,0,0
2819,2844,0,0
2819,2845,0,0
2819,2846,0,0
2819,2847,0,0
2819,2848,0,0
2819,2849,0,0
2819,2850,0,0
2819,2851,0,0
2819,2852,0,0
2819,2853,0,0
2819,2854,0,0
2819,2855,0,0
2819,2856,0,0
2819,2857,0,0
2819,2858,0,0
2819,2859,0,0
2819,2860,0,0
2819,2861,0,0
2819,2862,0,0
2819,2863,0,0
2819,2864,0,0
2819,2865,0,0
2819,2866,0,0
2819,2867,0,0
2819,2868,0,0
2819,2869,0,0
2819,2870,0,0
2819,2871,0,0
2819,2872,0,0
2819,2873,0,0
2819,2874,0,0
2819,2875,0,0
2819,2876,0,0
2819,2877,0,0
2819,2878,0,0
2819,2879,0,0
2819,2880,0,0
2819,2881,0,0
2819,2882,0,0
2819,2883,0,0
2819,2884,0,0
2819,2885,0,0
2819,2886,0,0
2819,2887,0,0
2819,2888,0,0
2819,2889,0,0
2819,2890,0,0
2819,2891,0,0
2819,2892,0,0
2819,2893,0,0
2819,2894,0,0
2819,2895,0,0
2819,2896,0,0
2819,2897,0,0
2819,2898,0,0
2819,2899,0,0
2820,2812,0,0
2820,2813,0,0
2820,2814,0,0
2820,2815,0,0
2820,2816,0,0
2820,2817,0,0
2820,2818,0,0
2820,2819,0,0
2820,2820,0,0
2820,2821,0,0
2820,2822,0,0
2820,2823,0,0
2820,2824,0,0
2820,2825,0,0
2820,2826,0,0
2820,2827,0,0
2820,2828,1,6
2820,2829,0,0
2820,2830,0,0
2820,2831,0,0
2820,2832,0,0
2820,2833,0,0
2820,2834,0,0
2820,2835,0,0
2820,2836,0,0
2820,2837,0,0
2820,2838,0,0
2820,2839,0,0
2820,2840,0,0
2820,2841,0,0
2820,2842,0,0
2820,2843,0,0
2820,2844,0,0
2820,2845,0,0
2820,2846,0,0
2820,2847,0,0
2820,2848,2,6
2820,2849,0,0
2820,2850,0,0
2820,2851,0,0
2820,2852,0,0
2820,2853,0,0
2820,2854,0,0
2820,2855,0,0
2820,2856,0,0
2820,2857,1,6
2820,2858,0,0
2820,2859,0,0
2820,2860,0,0
2820,2861,0,0
2820,2862,0,0
2820,2863,0,0
2820,2864,0,0
2820,2865,0,0
2820,2866,2,6
2820,2867,0,0
2820,2868,0,0
2820,2869,0,0
2820,2870,0,0
2820,2871,0,0
2820,2872,1,6
2820,2873,0,0
2820,2874,0,0
2820,2875,0,0
2820,2876,0,0
2820,2877,0,0
2820,2878,0,0
2820,2879,0,0
2820,2880,0,0
2820,2881,0,0
2820,2882,0,0
2820,2883,0,0
2820,2884,0,0
2820,2885,0,0
2820,2886,0,0
2820,2887,0,0
2820,2888,0,0
2820,2889,0,0
2820,2890,0,0
2820,2891,0,0
2820,2892,0,0
2820,2893,0,0
2820,2894,0,0
2820,2895,0,0
2820,2896,0,0
2820,2897,0,0
2820,2898,1,1
2820,2899,0,0
2821,2812,0,0
2821,2813,0,0
2821,2814,0,0
2821,2815,0,0
2821,2816,0,0
2821,2817,0,0
2821,2818,0,0
2821,2819,0,0
2821,2820,0,0
2821,2821,0,0
2821,2822,0,0
2821,2823,0,0
2821,2824,0,0
2821,2825,0,0
2821,2826,0,0
2821,2827,0,0
2821,2828,0,0
2821,2829,0,0
2821,2830,0,0
2821,2831,0,0
2821,2832,0,0
2821,2833,0,0
2821,2834,0,0
2821,2835,0,0
2821,2836,0,0
2821,2837,0,0
2821,2838,0,0
2821,2839,0,0
2821,2840,0,0
2821,2841,0,0
2821,2842,0,0
2821,2843,0,0
2821,2844,0,0
2821,2845,0,0
2821,2846,0,0
2821,2847,0,0
2821,2848,0,0
2821,2849,0,0
2821,2850,0,0
2821,2851,0,0
2821,2852,0,0
2821,2853,0,0
2821,2854,0,0
2821,2855,0,0
2821,2856,0,0
2821,2857,0,0
2821,2858,0,0
2821,2859,0,0
2821,2860,0,0
2821,2861,0,0
2821,2862,0,0
2821,2863,0,0
2821,2864,0,0
2821,2865,0,0
2821,2866,0,0
2821,2867,0,0
2821,2868,0,0
2821,2869,0,0
2821,2870,0,0
2821,2871,0,0
2821,2872,0,0
2821,2873,0,0
2821,2874,0,0
2821,2875,0,0
2821,2876,0,0
2821,2877,0,0
2821,2878,0,0
2821,2879,0,0
2821,2880,0,0
2821,2881,0,0
2821,2882,0,0
2821,2883,0,0
2821,2884,0,0
2821,2885,0,0
2821,2886,0,0
2821,2887,0,0
2821,2888,0,0
2821,2889,0,0
2821,2890,0,0
2821,2891,0,0
2821,2892,0,0
2821,2893,0,0
2821,2894,0,0
2821,2895,0,0
2821,2896,0,0
2821,2897,0,0
2821,2898,0,0
2821,2899,0,0
2822,2812,0,0
2822,2813,0,0
2822,2814,0,0
2822,2815,0,0
2822,2816,0,0
2822,2817,0,0
2822,2818,0,0
2822,2819,0,0
2822,2820,0,0
2822,2821,0,0
2822,2822,0,0
2822,2823,0,0
2822,2824,0,0
2822,2825,0,0
2822,2826,0,0
2822,2827,0,0
2822,2828,0,0
2822,2829,0,0
2822,2830,0,0
2822,2831,0,0
2822,2832,0,0
2822,2833,0,0
2822,2834,0,0
2822,2835,0,0
2822,2836,0,0
2822,2837,0,0
2822,2838,0,0
2822,2839,0,0
2822,2840,0,0
2822,2841,0,0
2822,2842,0,0
2822,2843,0,0
2822,2844,0,0
2822,2845,0,0
2822,2846,0,0
2822,2847,0,0
2822,2848,0,0
2822,2849,0,0
2822,2850,0,0
2822,2851,0,0
2822,2852,0,0
2822,2853,0,0
2822,2854,0,0
2822,2855,0,0
2822,2856,0,0
2822,2857,0,0
2822,2858,0,0
2822,2859,0,0
2822,2860,0,0
2822,2861,0,0
2822,2862,0,0
2822,2863,0,0
2822,2864,0,0
2822,2865,0,0
2822,2866,0,0
2822,2867,0,0
2822,2868,0,0
2822,2869,0,0
2822,2870,0,0
2822,2871,0,0
2822,2872,0,0
2822,2873,0,0
2822,2874,0,0
2822,2875,0,0
2822,2876,0,0
2822,2877,0,0
2822,2878,0,0
2822,2879,0,0
2822,2880,0,0
2822,2881,0,0
2822,2882,0,0
2822,2883,0,0
2822,2884,0,0
2822,2885,0,0
2822,2886,0,0
2822,2887,0,0
2822,2888,0,0
2822,2889,0,0
2822,2890,0,0
2822,2891,0,0
2822,2892,0,0
2822,2893,0,0
2822,2894,0,0
2822,2895,0,0
2822,2896,0,0
2822,2897,0,0
2822,2898,0,0
2822,2899,0,0
2823,2812,0,0
2823,2813,0,0
2823,2814,0,0
2823,2815,0,0
2823,2816,0,0
2823,2817,0,0
2823,2818,0,0
2823,2819,0,0
2823,2820,0,0
2823,2821,0,0
2823,2822,0,0
2823,2823,0,0
2823,2824,0,0
2823,2825,0,0
2823,2826,0,0
2823,2827,7,6
2823,2828,286,6
2823,2829,9,6
2823,2830,2,6
2823,2831,48,6
2823,2832,0,0
2823,2833,0,0
2823,2834,1,6
2823,2835,0,0
2823,2836,2,6
2823,2837,0,0
2823,2838,31,6
2823,2839,0,0
2823,2840,4,6
2823,2841,0,0
2823,2842,0,0
2823,2843,0,0
2823,2844,0,0
2823,2845,0,0
2823,2846,0,0
2823,2847,1,6
2823,2848,592,6
2823,2849,1,6
2823,2850,0,0
2823,2851,14,6
2823,2852,2,6
2823,2853,0,0
2823,2854,1,6
2823,2855,0,0
2823,2856,3,6
2823,2857,642,6
2823,2858,12,6
2823,2859,0,0
2823,2860,0,0
2823,2861,0,0
2823,2862,0,0
2823,2863,4,6
2823,2864,6,6
2823,2865,1,6
2823,2866,886,6
2823,2867,0,0
2823,2868,0,0
2823,2869,2,6
2823,2870,0,0
2823,2871,0,0
2823,2872,45,6
2823,2873,0,0
2823,2874,0,0
2823,2875,0,0
2823,2876,0,0
2823,2877,0,0
2823,2878,0,0
2823,2879,0,0
2823,2880,0,0
2823,2881,0,0
2823,2882,0,0
2823,2883,0,0
2823,2884,0,0
2823,2885,0,0
2823,2886,0,0
2823,2887,0,0
2823,2888,0,0
2823,2889,0,0
2823,2890,0,0
2823,2891,0,0
2823,2892,0,0
2823,2893,0,0
2823,2894,0,0
2823,2895,0,0
2823,2896,6,1
2823,2897,0,0
2823,2898,52,1
2823,2899,0,0
2824,2812,0,0
2824,2813,0,0
2824,2814,0,0
2824,2815,0,0
2824,2816,0,0
2824,2817,0,0
2824,2818,0,0
2824,2819,0,0
2824,2820,0,0
2824,2821,0,0
2824,2822,0,0
2824,2823,0,0
2824,2824,0,0
2824,2825,0,0
2824,2826,0,0
2824,2827,0,0
2824,2828,5,6
2824,2829,0,0
2824,2830,0,0
2824,2831,0,0
2824,2832,0,0
2824,2833,0,0
2824,2834,0,0
2824,2835,0,0
2824,2836,0,0
2824,2837,0,0
2824,2838,0,0
2824,2839,0,0
2824,2840,0,0
2824,2841,0,0
2824,2842,0,0
2824,2843,0,0
2824,2844,0,0
2824,2845,0,0
2824,2846,0,0
2824,2847,0,0
2824,2848,0,0
2824,2849,0,0
2824,2850,0,0
2824,2851,0,0
2824,2852,0,0
2824,2853,0,0
2824,2854,0,0
2824,2855,0,0
2824,2856,0,0
2824,2857,0,0
2824,2858,0,0
2824,2859,0,0
2824,2860,0,0
2824,2861,0,0
2824,2862,0,0
2824,2863,0,0
2824,2864,0,0
2824,2865,0,0
2824,2866,0,0
2824,2867,0,0
2824,2868,0,0
2824,2869,0,0
2824,2870,0,0
2824,2871,0,0
2824,2872,0,0
2824,2873,0,0
2824,2874,0,0
2824,2875,0,0
2824,2876,0,0
2824,2877,0,0
2824,2878,0,0
2824,2879,0,0
2824,2880,0,0
2824,2881,0,0
2824,2882,0,0
2824,2883,0,0
2824,2884,0,0
2824,2885,0,0
2824,2886,0,0
2824,2887,0,0
2824,2888,0,0
2824,2889,0,0
2824,2890,0,0
2824,2891,0,0
2824,2892,0,0
2824,2893,0,0
2824,2894,0,0
2824,2895,0,0
2824,2896,0,0
2824,2897,0,0
2824,2898,0,0
2824,2899,0,0
2825,2812,0,0
2825,2813,0,0
2825,2814,0,0
2825,2815,0,0
2825,2816,0,0
2825,2817,0,0
2825,2818,0,0
2825,2819,0,0
2825,2820,0,0
2825,2821,0,0
2825,2822,0,0
2825,2823,0,0
2825,2824,0,0
2825,2825,0,0
2825,2826,0,0
2825,2827,0,0
2825,2828,19,6
2825,2829,0,0
2825,2830,0,0
2825,2831,1,6
2825,2832,0,0
2825,2833,0,0
2825,2834,0,0
2825,2835,0,0
2825,2836,0,0
2825,2837,0,0
2825,2838,0,0
2825,2839,0,0
2825,2840,0,0
2825,2841,0,0
2825,2842,0,0
2825,2843,0,0
2825,2844,0,0
2825,2845,0,0
2825,2846,0,0
2825,2847,0,0
2825,2848,0,0
2825,2849,0,0
2825,2850,0,0
2825,2851,0,0
2825,2852,0,0
2825,2853,0,0
2825,2854,0,0
2825,2855,0,0
2825,2856,0,0
2825,2857,0,0
2825,2858,0,0
2825,2859,0,0
2825,2860,0,0
2825,2861,0,0
2825,2862,0,0
2825,2863,0,0
2825,2864,0,0
2825,2865,0,0
2825,2866,0,0
2825,2867,0,0
2825,2868,0,0
2825,2869,0,0
2825,2870,0,0
2825,2871,0,0
2825,2872,0,0
2825,2873,0,0
2825,2874,0,0
2825,2875,0,0
2825,2876,0,0
2825,2877,0,0
2825,2878,0,0
2825,2879,0,0
2825,2880,0,0
2825,2881,0,0
2825,2882,0,0
2825,2883,0,0
2825,2884,0,0
2825,2885,0,0
2825,2886,0,0
2825,2887,0,0
2825,2888,0,0
2825,2889,0,0
2825,2890,0,0
2825,2891,0,0
2825,2892,0,0
2825,2893,0,0
2825,2894,0,0
2825,2895,0,0
2825,2896,0,0
2825,2897,0,0
2825,2898,0,0
2825,2899,0,0
2826,2812,0,0
2826,2813,0,0
2826,2814,0,0
2826,2815,0,0
2826,2816,0,0
2826,2817,0,0
2826,2818,0,0
2826,2819,0,0
2826,2820,0,0
2826,2821,0,0
2826,2822,0,0
2826,2823,0,0
2826,2824,0,0
2826,2825,0,0
2826,2826,0,0
2826,2827,0,0
2826,2828,0,0
2826,2829,0,0
2826,2830,0,0
2826,2831,0,0
2826,2832,0,0
2826,2833,0,0
2826,2834,0,0
2826,2835,0,0
2826,2836,0,0
2826,2837,0,0
2826,2838,0,0
2826,2839,0,0
2826,2840,0,0
2826,2841,0,0
2826,2842,0,0
2826,2843,0,0
2826,2844,0,0
2826,2845,0,0
2826,2846,0,0
2826,2847,0,0
2826,2848,0,0
2826,2849,0,0
2826,2850,0,0
2826,2851,0,0
2826,2852,0,0
2826,2853,0,0
2826,2854,0,0
2826,2855,0,0
2826,2856,0,0
2826,2857,0,0
2826,2858,0,0
2826,2859,0,0
2826,2860,0,0
2826,2861,0,0
2826,2862,0,0
2826,2863,0,0
2826,2864,0,0
2826,2865,0,0
2826,2866,0,0
2826,2867,0,0
2826,2868,0,0
2826,2869,0,0
2826,2870,0,0
2826,2871,0,0
2826,2872,0,0
2826,2873,0,0
2826,2874,0,0
2826,2875,0,0
2826,2876,0,0
2826,2877,0,0
2826,2878,0,0
2826,2879,0,0
2826,2880,0,0
2826,2881,0,0
2826,2882,0,0
2826,2883,0,0
2826,2884,0,0
2826,2885,0,0
2826,2886,0,0
2826,2887,0,0
2826,2888,0,0
2826,2889,0,0
2826,2890,0,0
2826,2891,0,0
2826,2892,0,0
2826,2893,0,0
2826,2894,0,0
2826,2895,0,0
2826,2896,0,0
2826,2897,0,0
2826,2898,0,0
2826,2899,0,0
2827,2812,0,0
2827,2813,0,0
2827,2814,0,0
2827,2815,0,0
2827,2816,0,0
2827,2817,0,0
2827,2818,0,0
2827,2819,0,0
2827,2820,0,0
2827,2821,0,0
2827,2822,0,0
2827,2823,7,5
2827,2824,0,0
2827,2825,0,0
2827,2826,0,0
2827,2827,0,0
2827,2828,0,0
2827,2829,0,0
2827,2830,0,0
2827,2831,0,0
2827,2832,0,0
2827,2833,0,0
2827,2834,0,0
2827,2835,0,0
2827,2836,0,0
2827,2837,0,0
2827,2838,0,0
2827,2839,0,0
2827,2840,0,0
2827,2841,0,0
2827,2842,0,0
2827,2843,0,0
2827,2844,0,0
2827,2845,0,0
2827,2846,0,0
2827,2847,0,0
2827,2848,0,0
2827,2849,0,0
2827,2850,0,0
2827,2851,0,0
2827,2852,0,0
2827,2853,0,0
2827,2854,0,0
2827,2855,0,0
2827,2856,0,0
2827,2857,0,0
2827,2858,0,0
2827,2859,0,0
2827,2860,0,0
2827,2861,0,0
2827,2862,0,0
2827,2863,0,0
2827,2864,0,0
2827,2865,0,0
2827,2866,0,0
2827,2867,0,0
2827,2868,0,0
2827,2869,0,0
2827,2870,0,0
2827,2871,0,0
2827,2872,0,0
2827,2873,0,0
2827,2874,0,0
2827,2875,0,0
2827,2876,0,0
2827,2877,0,0
2827,2878,0,0
2827,2879,0,0
2827,2880,0,0
2827,2881,0,0
2827,2882,0,0
2827,2883,0,0
2827,2884,0,0
2827,2885,0,0
2827,2886,0,0
2827,2887,0,0
2827,2888,0,0
2827,2889,0,0
2827,2890,0,0
2827,2891,0,0
2827,2892,0,0
2827,2893,0,0
2827,2894,0,0
2827,2895,0,0
2827,2896,0,0
2827,2897,0,0
2827,2898,0,0
2827,2899,0,0
2828,2812,0,0
2828,2813,17,5
2828,2814,0,0
2828,2815,5,5
2828,2816,1,5
2828,2817,1,5
2828,2818,0,0
2828,2819,0,0
2828,2820,2,5
2828,2821,0,0
2828,2822,0,0
2828,2823,251,5
2828,2824,4,5
2828,2825,15,5
2828,2826,0,0
2828,2827,0,0
2828,2828,0,0
2828,2829,0,0
2828,2830,0,0
2828,2831,0,0
2828,2832,0,0
2828,2833,0,0
2828,2834,0,0
2828,2835,0,0
2828,2836,0,0
2828,2837,0,0
2828,2838,0,0
2828,2839,0,0
2828,2840,0,0
2828,2841,0,0
2828,2842,0,0
2828,2843,0,0
2828,2844,0,0
2828,2845,0,0
2828,2846,0,0
2828,2847,0,0
2828,2848,0,0
2828,2849,0,0
2828,2850,0,0
2828,2851,0,0
2828,2852,0,0
2828,2853,0,0
2828,2854,0,0
2828,2855,0,0
2828,2856,0,0
2828,2857,0,0
2828,2858,0,0
2828,2859,0,0
2828,2860,0,0
2828,2861,0,0
2828,2862,0,0
2828,2863,0,0
2828,2864,0,0
2828,2865,0,0
2828,2866,0,0
2828,2867,0,0
2828,2868,0,0
2828,2869,0,0
2828,2870,0,0
2828,2871,0,0
2828,2872,0,0
2828,2873,0,0
2828,2874,0,0
2828,2875,0,0
2828,2876,0,0
2828,2877,0,0
2828,2878,0,0
2828,2879,0,0
2828,2880,0,0
2828,2881,0,0
2828,2882,0,0
2828,2883,0,0
2828,2884,0,0
2828,2885,0,0
2828,2886,0,0
2828,2887,0,0
2828,2888,0,0
2828,2889,0,0
2828,2890,0,0
2828,2891,0,0
2828,2892,0,0
2828,2893,0,0
2828,2894,0,0
2828,2895,0,0
2828,2896,0,0
2828,2897,0,0
2828,2898,0,0
2828,2899,0,0
2829,2812,0,0
2829,2813,0,0
2829,2814,0,0
2829,2815,0,0
2829,2816,0,0
2829,2817,1,5
2829,2818,0,0
2829,2819,0,0
2829,2820,1,5
2829,2821,0,0
2829,2822,0,0
2829,2823,10,5
2829,2824,0,0
2829,2825,4,5
2829,2826,0,0
2829,2827,0,0
2829,2828,0,0
2829,2829,0,0
2829,2830,0,0
2829,2831,0,0
2829,2832,0,0
2829,2833,0,0
2829,2834,0,0
2829,2835,0,0
2829,2836,0,0
2829,2837,0,0
2829,2838,0,0
2829,2839,0,0
2829,2840,0,0
2829,2841,0,0
2829,2842,0,0
2829,2843,0,0
2829,2844,0,0
2829,2845,0,0
2829,2846,0,0
2829,2847,0,0
2829,2848,0,0
2829,2849,0,0
2829,2850,0,0
2829,2851,0,0
2829,2852,0,0
2829,2853,0,0
2829,2854,0,0
2829,2855,0,0
2829,2856,0,0
2829,2857,0,0
2829,2858,0,0
2829,2859,0,0
2829,2860,0,0
2829,2861,0,0
2829,2862,0,0
2829,2863,0,0
2829,2864,0,0
2829,2865,0,0
2829,2866,0,0
2829,2867,0,0
2829,2868,0,0
2829,2869,0,0
2829,2870,0,0
2829,2871,0,0
2829,2872,0,0
2829,2873,0,0
2829,2874,0,0
2829,2875,0,0
2829,2876,0,0
2829,2877,0,0
2829,2878,0,0
2829,2879,0,0
2829,2880,0,0
2829,2881,0,0
2829,2882,0,0
2829,2883,0,0
2829,2884,0,0
2829,2885,0,0
2829,2886,0,0
2829,2887,0,0
2829,2888,0,0
2829,2889,0,0
2829,2890,0,0
2829,2891,0,0
2829,2892,0,0
2829,2893,0,0
2829,2894,0,0
2829,2895,0,0
2829,2896,0,0
2829,2897,0,0
2829,2898,0,0
2829,2899,0,0
2830,2812,0,0
2830,2813,0,0
2830,2814,0,0
2830,2815,0,0
2830,2816,0,0
2830,2817,0,0
2830,2818,0,0
2830,2819,0,0
2830,2820,0,0
2830,2821,0,0
2830,2822,0,0
2830,2823,2,5
2830,2824,0,0
2830,2825,0,0
2830,2826,0,0
2830,2827,0,0
2830,2828,0,0
2830,2829,0,0
2830,2830,0,0
2830,2831,0,0
2830,2832,0,0
2830,2833,0,0
2830,2834,0,0
2830,2835,0,0
2830,2836,0,0
2830,2837,0,0
2830,2838,0,0
2830,2839,0,0
2830,2840,0,0
2830,2841,0,0
2830,2842,0,0
2830,2843,0,0
2830,2844,0,0
2830,2845,0,0
2830,2846,0,0
2830,2847,0,0
2830,2848,0,0
2830,2849,0,0
2830,2850,0,0
2830,2851,0,0
2830,2852,0,0
2830,2853,0,0
2830,2854,0,0
2830,2855,0,0
2830,2856,0,0
2830,2857,0,0
2830,2858,0,0
2830,2859,0,0
2830,2860,0,0
2830,2861,0,0
2830,2862,0,0
2830,2863,0,0
2830,2864,0,0
2830,2865,0,0
2830,2866,0,0
2830,2867,0,0
2830,2868,0,0
2830,2869,0,0
2830,2870,0,0
2830,2871,0,0
2830,2872,0,0
2830,2873,0,0
2830,2874,0,0
2830,2875,0,0
2830,2876,0,0
2830,2877,0,0
2830,2878,0,0
2830,2879,0,0
2830,2880,0,0
2830,2881,0,0
2830,2882,0,0
2830,2883,0,0
2830,2884,0,0
2830,2885,0,0
2830,2886,0,0
2830,2887,0,0
2830,2888,0,0
2830,2889,0,0
2830,2890,0,0
2830,2891,0,0
2830,2892,0,0
2830,2893,0,0
2830,2894,0,0
2830,2895,0,0
2830,2896,0,0
2830,2897,0,0
2830,2898,0,0
2830,2899,0,0
2831,2812,0,0
2831,2813,3,5
2831,2814,0,0
2831,2815,1,5
2831,2816,0,0
2831,2817,0,0
2831,2818,0,0
2831,2819,0,0
2831,2820,0,0
2831,2821,0,0
2831,2822,0,0
2831,2823,49,5
2831,2824,0,0
2831,2825,0,0
2831,2826,0,0
2831,2827,0,0
2831,2828,0,0
2831,2829,0,0
2831,2830,0,0
2831,2831,0,0
2831,2832,0,0
2831,2833,0,0
2831,2834,0,0
2831,2835,0,0
2831,2836,0,0
2831,2837,0,0
2831,2838,0,0
2831,2839,0,0
2831,2840,0,0
2831,2841,0,0
2831,2842,0,0
2831,2843,0,0
2831,2844,0,0
2831,2845,0,0
2831,2846,0,0
2831,2847,0,0
2831,2848,0,0
2831,2849,0,0
2831,2850,0,0
2831,2851,0,0
2831,2852,0,0
2831,2853,0,0
2831,2854,0,0
2831,2855,0,0
2831,2856,0,0
2831,2857,0,0
2831,2858,0,0
2831,2859,0,0
2831,2860,0,0
2831,2861,0,0
2831,2862,0,0
2831,2863,0,0
2831,2864,0,0
2831,2865,0,0
2831,2866,0,0
2831,2867,0,0
2831,2868,0,0
2831,2869,0,0
2831,2870,0,0
2831,2871,0,0
2831,2872,0,0
2831,2873,0,0
2831,2874,0,0
2831,2875,0,0
2831,2876,0,0
2831,2877,0,0
2831,2878,0,0
2831,2879,0,0
2831,2880,0,0
2831,2881,0,0
2831,2882,0,0
2831,2883,0,0
2831,2884,0,0
2831,2885,0,0
2831,2886,0,0
2831,2887,0,0
2831,2888,0,0
2831,2889,0,0
2831,2890,0,0
2831,2891,0,0
2831,2892,0,0
2831,2893,0,0
2831,2894,0,0
2831,2895,0,0
2831,2896,0,0
2831,2897,0,0
2831,2898,0,0
2831,2899,0,0
2832,2812,0,0
2832,2813,0,0
2832,2814,0,0
2832,2815,0,0
2832,2816,0,0
2832,2817,0,0
2832,2818,0,0
2832,2819,0,0
2832,2820,0,0
2832,2821,0,0
2832,2822,0,0
2832,2823,0,0
2832,2824,0,0
2832,2825,0,0
2832,2826,0,0
2832,2827,0,0
2832,2828,0,0
2832,2829,0,0
2832,2830,0,0
2832,2831,0,0
2832,2832,0,0
2832,2833,0,0
2832,2834,0,0
2832,2835,0,0
2832,2836,0,0
2832,2837,0,0
2832,2838,0,0
2832,2839,0,0
2832,2840,0,0
2832,2841,0,0
2832,2842,0,0
2832,2843,0,0
2832,2844,0,0
2832,2845,0,0
2832,2846,0,0
2832,2847,0,0
2832,2848,0,0
2832,2849,0,0
2832,2850,0,0
2832,2851,0,0
2832,2852,0,0
2832,2853,0,0
2832,2854,0,0
2832,2855,0,0
2832,2856,0,0
2832,2857,0,0
2832,2858,0,0
2832,2859,0,0
2832,2860,0,0
2832,2861,0,0
2832,2862,0,0
2832,2863,0,0
2832,2864,0,0
2832,2865,0,0
2832,2866,0,0
2832,2867,0,0
2832,2868,0,0
2832,2869,0,0
2832,2870,0,0
2832,2871,0,0
2832,2872,0,0
2832,2873,0,0
2832,2874,0,0
2832,2875,0,0
2832,2876,0,0
2832,2877,0,0
2832,2878,0,0
2832,2879,0,0
2832,2880,0,0
2832,2881,0,0
2832,2882,0,0
2832,2883,0,0
2832,2884,0,0
2832,2885,0,0
2832,2886,0,0
2832,2887,0,0
2832,2888,0,0
2832,2889,0,0
2832,2890,0,0
2832,2891,0,0
2832,2892,0,0
2832,2893,0,0
2832,2894,0,0
2832,2895,0,0
2832,2896,0,0
2832,2897,0,0
2832,2898,0,0
2832,2899,0,0
2833,2812,0,0
2833,2813,0,0
2833,2814,0,0
2833,2815,0,0
2833,2816,0,0
2833,2817,0,0
2833,2818,0,0
2833,2819,0,0
2833,2820,0,0
2833,2821,0,0
2833,2822,0,0
2833,2823,0,0
2833,2824,0,0
2833,2825,0,0
2833,2826,0,0
2833,2827,0,0
2833,2828,0,0
2833,2829,0,0
2833,2830,0,0
2833,2831,0,0
2833,2832,0,0
2833,2833,0,0
2833,2834,0,0
2833,2835,0,0
2833,2836,0,0
2833,2837,0,0
2833,2838,0,0
2833,2839,0,0
2833,2840,0,0
2833,2841,0,0
2833,2842,0,0
2833,2843,0,0
2833,2844,0,0
2833,2845,0,0
2833,2846,0,0
2833,2847,0,0
2833,2848,0,0
2833,2849,0,0
2833,2850,0,0
2833,2851,0,0
2833,2852,0,0
2833,2853,0,0
2833,2854,0,0
2833,2855,0,0
2833,2856,0,0
2833,2857,0,0
2833,2858,0,0
2833,2859,0,0
2833,2860,0,0
2833,2861,0,0
2833,2862,0,0
2833,2863,0,0
2833,2864,0,0
2833,2865,0,0
2833,2866,0,0
2833,2867,0,0
2833,2868,0,0
2833,2869,0,0
2833,2870,0,0
2833,2871,0,0
2833,2872,0,0
2833,2873,0,0
2833,2874,0,0
2833,2875,0,0
2833,2876,0,0
2833,2877,0,0
2833,2878,0,0
2833,2879,0,0
2833,2880,0,0
2833,2881,0,0
2833,2882,0,0
2833,2883,0,0
2833,2884,0,0
2833,2885,0,0
2833,2886,0,0
2833,2887,0,0
2833,2888,0,0
2833,2889,0,0
2833,2890,0,0
2833,2891,0,0
2833,2892,0,0
2833,2893,0,0
2833,2894,0,0
2833,2895,0,0
2833,2896,0,0
2833,2897,0,0
2833,2898,0,0
2833,2899,0,0
2834,2812,0,0
2834,2813,0,0
2834,2814,0,0
2834,2815,0,0
2834,2816,0,0
2834,2817,0,0
2834,2818,0,0
2834,2819,0,0
2834,2820,0,0
2834,2821,0,0
2834,2822,0,0
2834,2823,1,5
2834,2824,0,0
2834,2825,0,0
2834,2826,0,0
2834,2827,0,0
2834,2828,0,0
2834,2829,0,0
2834,2830,0,0
2834,2831,0,0
2834,2832,0,0
2834,2833,0,0
2834,2834,0,0
2834,2835,0,0
2834,2836,0,0
2834,2837,0,0
2834,2838,0,0
2834,2839,0,0
2834,2840,0,0
2834,2841,0,0
2834,2842,0,0
2834,2843,0,0
2834,2844,0,0
2834,2845,0,0
2834,2846,0,0
2834,2847,0,0
2834,2848,0,0
2834,2849,0,0
2834,2850,0,0
2834,2851,0,0
2834,2852,0,0
2834,2853,0,0
2834,2854,0,0
2834,2855,0,0
2834,2856,0,0
2834,2857,0,0
2834,2858,0,0
2834,2859,0,0
2834,2860,0,0
2834,2861,0,0
2834,2862,0,0
2834,2863,0,0
2834,2864,0,0
2834,2865,0,0
2834,2866,0,0
2834,2867,0,0
2834,2868,0,0
2834,2869,0,0
2834,2870,0,0
2834,2871,0,0
2834,2872,0,0
2834,2873,0,0
2834,2874,0,0
2834,2875,0,0
2834,2876,0,0
2834,2877,0,0
2834,2878,0,0
2834,2879,0,0
2834,2880,0,0
2834,2881,0,0
2834,2882,0,0
2834,2883,0,0
2834,2884,0,0
2834,2885,0,0
2834,2886,0,0
2834,2887,0,0
2834,2888,0,0
2834,2889,0,0
2834,2890,0,0
2834,2891,0,0
2834,2892,0,0
2834,2893,0,0
2834,2894,0,0
2834,2895,0,0
2834,2896,0,0
2834,2897,0,0
2834,2898,0,0
2834,2899,0,0
2835,2812,0,0
2835,2813,0,0
2835,2814,0,0
2835,2815,0,0
2835,2816,0,0
2835,2817,0,0
2835,2818,0,0
2835,2819,0,0
2835,2820,0,0
2835,2821,0,0
2835,2822,0,0
2835,2823,0,0
2835,2824,0,0
2835,2825,0,0
2835,2826,0,0
2835,2827,0,0
2835,2828,0,0
2835,2829,0,0
2835,2830,0,0
2835,2831,0,0
2835,2832,0,0
2835,2833,0,0
2835,2834,0,0
2835,2835,0,0
2835,2836,0,0
2835,2837,0,0
2835,2838,0,0
2835,2839,0,0
2835,2840,0,0
2835,2841,0,0
2835,2842,0,0
2835,2843,0,0
2835,2844,0,0
2835,2845,0,0
2835,2846,0,0
2835,2847,0,0
2835,2848,0,0
2835,2849,0,0
2835,2850,0,0
2835,2851,0,0
2835,2852,0,0
2835,2853,0,0
2835,2854,0,0
2835,2855,0,0
2835,2856,0,0
2835,2857,0,0
2835,2858,0,0
2835,2859,0,0
2835,2860,0,0
2835,2861,0,0
2835,2862,0,0
2835,2863,0,0
2835,2864,0,0
2835,2865,0,0
2835,2866,0,0
2835,2867,0,0
2835,2868,0,0
2835,2869,0,0
2835,2870,0,0
2835,2871,0,0
2835,2872,0,0
2835,2873,0,0
2835,2874,0,0
2835,2875,0,0
2835,2876,0,0
2835,2877,0,0
2835,2878,0,0
2835,2879,0,0
2835,2880,0,0
2835,2881,0,0
2835,2882,0,0
2835,2883,0,0
2835,2884,0,0
2835,2885,0,0
2835,2886,0,0
2835,2887,0,0
2835,2888,0,0
2835,2889,0,0
2835,2890,0,0
2835,2891,0,0
2835,2892,0,0
2835,2893,0,0
2835,2894,0,0
2835,2895,0,0
2835,2896,0,0
2835,2897,0,0
2835,2898,0,0
2835,2899,0,0
2836,2812,0,0
2836,2813,1,5
2836,2814,0,0
2836,2815,0,0
2836,2816,0,0
2836,2817,0,0
2836,2818,0,0
2836,2819,0,0
2836,2820,0,0
2836,2821,0,0
2836,2822,0,0
2836,2823,7,5
2836,2824,0,0
2836,2825,0,0
2836,2826,0,0
2836,2827,0,0
2836,2828,0,0
2836,2829,0,0
2836,2830,0,0
2836,2831,0,0
2836,2832,0,0
2836,2833,0,0
2836,2834,0,0
2836,2835,0,0
2836,2836,0,0
2836,2837,0,0
2836,2838,0,0
2836,2839,0,0
2836,2840,0,0
2836,2841,0,0
2836,2842,0,0
2836,2843,0,0
2836,2844,0,0
2836,2845,0,0
2836,2846,0,0
2836,2847,0,0
2836,2848,0,0
2836,2849,0,0
2836,2850,0,0
2836,2851,0,0
2836,2852,0,0
2836,2853,0,0
2836,2854,0,0
2836,2855,0,0
2836,2856,0,0
2836,2857,0,0
2836,2858,0,0
2836,2859,0,0
2836,2860,0,0
2836,2861,0,0
2836,2862,0,0
2836,2863,0,0
2836,2864,0,0
2836,2865,0,0
2836,2866,0,0
2836,2867,0,0
2836,2868,0,0
2836,2869,0,0
2836,2870,0,0
2836,2871,0,0
2836,2872,0,0
2836,2873,0,0
2836,2874,0,0
2836,2875,0,0
2836,2876,0,0
2836,2877,0,0
2836,2878,0,0
2836,2879,0,0
2836,2880,0,0
2836,2881,0,0
2836,2882,0,0
2836,2883,0,0
2836,2884,0,0
2836,2885,0,0
2836,2886,0,0
2836,2887,0,0
2836,2888,0,0
2836,2889,0,0
2836,2890,0,0
2836,2891,0,0
2836,2892,0,0
2836,2893,0,0
2836,2894,0,0
2836,2895,0,0
2836,2896,0,0
2836,2897,0,0
2836,2898,0,0
2836,2899,0,0
2837,2812,0,0
2837,2813,0,0
2837,2814,0,0
2837,2815,0,0
2837,2816,0,0
2837,2817,0,0
2837,2818,0,0
2837,2819,0,0
2837,2820,0,0
2837,2821,0,0
2837,2822,0,0
2837,2823,0,0
2837,2824,0,0
2837,2825,0,0
2837,2826,0,0
2837,2827,0,0
2837,2828,0,0
2837,2829,0,0
2837,2830,0,0
2837,2831,0,0
2837,2832,0,0
2837,2833,0,0
2837,2834,0,0
2837,2835,0,0
2837,2836,0,0
2837,2837,0,0
2837,2838,0,0
2837,2839,0,0
2837,2840,0,0
2837,2841,0,0
2837,2842,0,0
2837,2843,1,7
2837,2844,0,0
2837,2845,0,0
2837,2846,0,0
2837,2847,0,0
2837,2848,0,0
2837,2849,0,0
2837,2850,0,0
2837,2851,0,0
2837,2852,0,0
2837,2853,0,0
2837,2854,0,0
2837,2855,0,0
2837,2856,0,0
2837,2857,0,0
2837,2858,0,0
2837,2859,0,0
2837,2860,0,0
2837,2861,0,0
2837,2862,0,0
2837,2863,0,0
2837,2864,0,0
2837,2865,0,0
2837,2866,0,0
2837,2867,0,0
2837,2868,0,0
2837,2869,0,0
2837,2870,0,0
2837,2871,0,0
2837,2872,0,0
2837,2873,0,0
2837,2874,0,0
2837,2875,0,0
2837,2876,0,0
2837,2877,0,0
2837,2878,0,0
2837,2879,0,0
2837,2880,0,0
2837,2881,0,0
2837,2882,0,0
2837,2883,0,0
2837,2884,0,0
2837,2885,0,0
2837,2886,0,0
2837,2887,0,0
2837,2888,0,0
2837,2889,0,0
2837,2890,0,0
2837,2891,0,0
2837,2892,0,0
2837,2893,0,0
2837,2894,0,0
2837,2895,0,0
2837,2896,0,0
2837,2897,0,0
2837,2898,0,0
2837,2899,0,0
2838,2812,0,0
2838,2813,16,5
2838,2814,0,0
2838,2815,0,0
2838,2816,0,0
2838,2817,0,0
2838,2818,0,0
2838,2819,0,0
2838,2820,0,0
2838,2821,0,0
2838,2822,0,0
2838,2823,22,5
2838,2824,0,0
2838,2825,0,0
2838,2826,0,0
2838,2827,0,0
2838,2828,0,0
2838,2829,0,0
2838,2830,0,0
2838,2831,0,0
2838,2832,0,0
2838,2833,0,0
2838,2834,0,0
2838,2835,0,0
2838,2836,0,0
2838,2837,0,0
2838,2838,0,0
2838,2839,0,0
2838,2840,0,0
2838,2841,0,0
2838,2842,0,0
2838,2843,0,0
2838,2844,1,7
2838,2845,0,0
2838,2846,0,0
2838,2847,0,0
2838,2848,0,0
2838,2849,0,0
2838,2850,0,0
2838,2851,0,0
2838,2852,0,0
2838,2853,0,0
2838,2854,0,0
2838,2855,0,0
2838,2856,0,0
2838,2857,0,0
2838,2858,0,0
2838,2859,0,0
2838,2860,0,0
2838,2861,0,0
2838,2862,0,0
2838,2863,0,0
2838,2864,0,0
2838,2865,0,0
2838,2866,0,0
2838,2867,0,0
2838,2868,0,0
2838,2869,0,0
2838,2870,0,0
2838,2871,0,0
2838,2872,0,0
2838,2873,0,0
2838,2874,0,0
2838,2875,0,0
2838,2876,0,0
2838,2877,0,0
2838,2878,0,0
2838,2879,0,0
2838,2880,0,0
2838,2881,0,0
2838,2882,0,0
2838,2883,0,0
2838,2884,0,0
2838,2885,0,0
2838,2886,0,0
2838,2887,0,0
2838,2888,0,0
2838,2889,0,0
2838,2890,0,0
2838,2891,0,0
2838,2892,0,0
2838,2893,0,0
2838,2894,0,0
2838,2895,0,0
2838,2896,0,0
2838,2897,0,0
2838,2898,0,0
2838,2899,0,0
2839,2812,0,0
2839,2813,0,0
2839,2814,0,0
2839,2815,0,0
2839,2816,0,0
2839,2817,0,0
2839,2818,0,0
2839,2819,0,0
2839,2820,0,0
2839,2821,0,0
2839,2822,0,0
2839,2823,0,0
2839,2824,0,0
2839,2825,0,0
2839,2826,0,0
2839,2827,0,0
2839,2828,0,0
2839,2829,0,0
2839,2830,0,0
2839,2831,0,0
2839,2832,0,0
2839,2833,0,0
2839,2834,0,0
2839,2835,0,0
2839,2836,0,0
2839,2837,0,0
2839,2838,0,0
2839,2839,0,0
2839,2840,0,0
2839,2841,0,0
2839,2842,0,0
2839,2843,0,0
2839,2844,0,0
2839,2845,0,0
2839,2846,0,0
2839,2847,0,0
2839,2848,0,0
2839,2849,0,0
2839,2850,0,0
2839,2851,0,0
2839,2852,0,0
2839,2853,0,0
2839,2854,0,0
2839,2855,0,0
2839,2856,0,0
2839,2857,0,0
2839,2858,0,0
2839,2859,0,0
2839,2860,0,0
2839,2861,0,0
2839,2862,0,0
2839,2863,0,0
2839,2864,0,0
2839,2865,0,0
2839,2866,0,0
2839,2867,0,0
2839,2868,0,0
2839,2869,0,0
2839,2870,0,0
2839,2871,0,0
2839,2872,0,0
2839,2873,0,0
2839,2874,0,0
2839,2875,0,0
2839,2876,0,0
2839,2877,0,0
2839,2878,0,0
2839,2879,0,0
2839,2880,0,0
2839,2881,0,0
2839,2882,0,0
2839,2883,0,0
2839,2884,0,0
2839,2885,0,0
2839,2886,0,0
2839,2887,0,0
2839,2888,0,0
2839,2889,0,0
2839,2890,0,0
2839,2891,0,0
2839,2892,0,0
2839,2893,0,0
2839,2894,0,0
2839,2895,0,0
2839,2896,0,0
2839,2897,0,0
2839,2898,0,0
2839,2899,0,0
2840,2812,0,0
2840,2813,6,5
2840,2814,0,0
2840,2815,0,0
2840,2816,0,0
2840,2817,0,0
2840,2818,0,0
2840,2819,0,0
2840,2820,0,0
2840,2821,0,0
2840,2822,0,0
2840,2823,8,5
2840,2824,0,0
2840,2825,0,0
2840,2826,0,0
2840,2827,0,0
2840,2828,0,0
2840,2829,0,0
2840,2830,0,0
2840,2831,0,0
2840,2832,0,0
2840,2833,0,0
2840,2834,0,0
2840,2835,0,0
2840,2836,0,0
2840,2837,0,0
2840,2838,0,0
2840,2839,0,0
2840,2840,0,0
2840,2841,0,0
2840,2842,0,0
2840,2843,0,0
2840,2844,0,0
2840,2845,0,0
2840,2846,0,0
2840,2847,0,0
2840,2848,0,0
2840,2849,0,0
2840,2850,0,0
2840,2851,0,0
2840,2852,0,0
2840,2853,0,0
2840,2854,0,0
2840,2855,0,0
2840,2856,0,0
2840,2857,0,0
2840,2858,0,0
2840,2859,0,0
2840,2860,0,0
2840,2861,0,0
2840,2862,0,0
2840,2863,0,0
2840,2864,0,0
2840,2865,0,0
2840,2866,0,0
2840,2867,0,0
2840,2868,0,0
2840,2869,0,0
2840,2870,0,0
2840,2871,0,0
2840,2872,0,0
2840,2873,0,0
2840,2874,0,0
2840,2875,0,0
2840,2876,0,0
2840,2877,0,0
2840,2878,0,0
2840,2879,0,0
2840,2880,0,0
2840,2881,0,0
2840,2882,0,0
2840,2883,0,0
2840,2884,0,0
2840,2885,0,0
2840,2886,0,0
2840,2887,0,0
2840,2888,0,0
2840,2889,0,0
2840,2890,0,0
2840,2891,0,0
2840,2892,0,0
2840,2893,0,0
2840,2894,0,0
2840,2895,0,0
2840,2896,0,0
2840,2897,0,0
2840,2898,0,0
2840,2899,0,0
2841,2812,0,0
2841,2813,0,0
2841,2814,0,0
2841,2815,0,0
2841,2816,0,0
2841,2817,0,0
2841,2818,0,0
2841,2819,0,0
2841,2820,0,0
2841,2821,0,0
2841,2822,0,0
2841,2823,0,0
2841,2824,0,0
2841,2825,0,0
2841,2826,0,0
2841,2827,0,0
2841,2828,0,0
2841,2829,0,0
2841,2830,0,0
2841,2831,0,0
2841,2832,0,0
2841,2833,0,0
2841,2834,0,0
2841,2835,0,0
2841,2836,0,0
2841,2837,0,0
2841,2838,0,0
2841,2839,0,0
2841,2840,0,0
2841,2841,0,0
2841,2842,0,0
2841,2843,0,0
2841,2844,0,0
2841,2845,0,0
2841,2846,0,0
2841,2847,0,0
2841,2848,0,0
2841,2849,0,0
2841,2850,0,0
2841,2851,0,0
2841,2852,0,0
2841,2853,0,0
2841,2854,0,0
2841,2855,0,0
2841,2856,0,0
2841,2857,0,0
2841,2858,0,0
2841,2859,0,0
2841,2860,0,0
2841,2861,0,0
2841,2862,0,0
2841,2863,0,0
2841,2864,0,0
2841,2865,0,0
2841,2866,0,0
2841,2867,0,0
2841,2868,0,0
2841,2869,0,0
2841,2870,0,0
2841,2871,0,0
2841,2872,0,0
2841,2873,0,0
2841,2874,0,0
2841,2875,0,0
2841,2876,0,0
2841,2877,0,0
2841,2878,0,0
2841,2879,0,0
2841,2880,0,0
2841,2881,0,0
2841,2882,0,0
2841,2883,0,0
2841,2884,0,0
2841,2885,0,0
2841,2886,0,0
2841,2887,0,0
2841,2888,0,0
2841,2889,0,0
2841,2890,0,0
2841,2891,0,0
2841,2892,0,0
2841,2893,0,0
2841,2894,0,0
2841,2895,0,0
2841,2896,0,0
2841,2897,0,0
2841,2898,0,0
2841,2899,0,0
2842,2812,0,0
2842,2813,0,0
2842,2814,0,0
2842,2815,0,0
2842,2816,0,0
2842,2817,0,0
2842,2818,0,0
2842,2819,0,0
2842,2820,0,0
2842,2821,0,0
2842,2822,0,0
2842,2823,0,0
2842,2824,0,0
2842,2825,0,0
2842,2826,0,0
2842,2827,0,0
2842,2828,0,0
2842,2829,0,0
2842,2830,0,0
2842,2831,0,0
2842,2832,0,0
2842,2833,0,0
2842,2834,0,0
2842,2835,0,0
2842,2836,0,0
2842,2837,0,0
2842,2838,0,0
2842,2839,0,0
2842,2840,0,0
2842,2841,0,0
2842,2842,0,0
2842,2843,0,0
2842,2844,0,0
2842,2845,0,0
2842,2846,0,0
2842,2847,0,0
2842,2848,0,0
2842,2849,0,0
2842,2850,0,0
2842,2851,0,0
2842,2852,0,0
2842,2853,0,0
2842,2854,0,0
2842,2855,0,0
2842,2856,0,0
2842,2857,0,0
2842,2858,0,0
2842,2859,0,0
2842,2860,0,0
2842,2861,0,0
2842,2862,0,0
2842,2863,0,0
2842,2864,0,0
2842,2865,0,0
2842,2866,0,0
2842,2867,0,0
2842,2868,0,0
2842,2869,0,0
2842,2870,0,0
2842,2871,0,0
2842,2872,0,0
2842,2873,0,0
2842,2874,0,0
2842,2875,0,0
2842,2876,0,0
2842,2877,0,0
2842,2878,0,0
2842,2879,0,0
2842,2880,0,0
2842,2881,0,0
2842,2882,0,0
2842,2883,0,0
2842,2884,0,0
2842,2885,0,0
2842,2886,0,0
2842,2887,0,0
2842,2888,0,0
2842,2889,0,0
2842,2890,0,0
2842,2891,0,0
2842,2892,0,0
2842,2893,0,0
2842,2894,0,0
2842,2895,0,0
2842,2896,0,0
2842,2897,0,0
2842,2898,0,0
2842,2899,0,0
2843,2812,0,0
2843,2813,0,0
2843,2814,0,0
2843,2815,0,0
2843,2816,0,0
2843,2817,0,0
2843,2818,0,0
2843,2819,0,0
2843,2820,0,0
2843,2821,0,0
2843,2822,0,0
2843,2823,6,5
2843,2824,0,0
2843,2825,0,0
2843,2826,0,0
2843,2827,0,0
2843,2828,0,0
2843,2829,0,0
2843,2830,0,0
2843,2831,0,0
2843,2832,0,0
2843,2833,0,0
2843,2834,0,0
2843,2835,0,0
2843,2836,0,0
2843,2837,0,0
2843,2838,0,0
2843,2839,0,0
2843,2840,0,0
2843,2841,0,0
2843,2842,0,0
2843,2843,0,0
2843,2844,1,7
2843,2845,0,0
2843,2846,0,0
2843,2847,0,0
2843,2848,0,0
2843,2849,0,0
2843,2850,0,0
2843,2851,0,0
2843,2852,0,0
2843,2853,0,0
2843,2854,0,0
2843,2855,0,0
2843,2856,0,0
2843,2857,0,0
2843,2858,0,0
2843,2859,0,0
2843,2860,0,0
2843,2861,0,0
2843,2862,0,0
2843,2863,0,0
2843,2864,0,0
2843,2865,0,0
2843,2866,0,0
2843,2867,0,0
2843,2868,0,0
2843,2869,0,0
2843,2870,0,0
2843,2871,0,0
2843,2872,0,0
2843,2873,0,0
2843,2874,0,0
2843,2875,0,0
2843,2876,0,0
2843,2877,0,0
2843,2878,0,0
2843,2879,0,0
2843,2880,0,0
2843,2881,0,0
2843,2882,0,0
2843,2883,0,0
2843,2884,0,0
2843,2885,0,0
2843,2886,0,0
2843,2887,0,0
2843,2888,0,0
2843,2889,0,0
2843,2890,0,0
2843,2891,0,0
2843,2892,0,0
2843,2893,0,0
2843,2894,0,0
2843,2895,0,0
2843,2896,0,0
2843,2897,0,0
2843,2898,0,0
2843,2899,0,0
2844,2812,0,0
2844,2813,0,0
2844,2814,0,0
2844,2815,0,0
2844,2816,0,0
2844,2817,0,0
2844,2818,0,0
2844,2819,0,0
2844,2820,0,0
2844,2821,0,0
2844,2822,0,0
2844,2823,0,0
2844,2824,0,0
2844,2825,0,0
2844,2826,0,0
2844,2827,0,0
2844,2828,0,0
2844,2829,0,0
2844,2830,0,0
2844,2831,0,0
2844,2832,0,0
2844,2833,0,0
2844,2834,0,0
2844,2835,0,0
2844,2836,0,0
2844,2837,0,0
2844,2838,0,0
2844,2839,0,0
2844,2840,0,0
2844,2841,0,0
2844,2842,0,0
2844,2843,0,0
2844,2844,0,0
2844,2845,0,0
2844,2846,0,0
2844,2847,1,7
2844,2848,0,0
2844,2849,0,0
2844,2850,0,0
2844,2851,0,0
2844,2852,0,0
2844,2853,0,0
2844,2854,0,0
2844,2855,0,0
2844,2856,0,0
2844,2857,0,0
2844,2858,0,0
2844,2859,0,0
2844,2860,0,0
2844,2861,0,0
2844,2862,0,0
2844,2863,0,0
2844,2864,0,0
2844,2865,0,0
2844,2866,0,0
2844,2867,0,0
2844,2868,0,0
2844,2869,0,0
2844,2870,0,0
2844,2871,0,0
2844,2872,0,0
2844,2873,0,0
2844,2874,0,0
2844,2875,0,0
2844,2876,0,0
2844,2877,0,0
2844,2878,0,0
2844,2879,0,0
2844,2880,0,0
2844,2881,0,0
2844,2882,0,0
2844,2883,0,0
2844,2884,0,0
2844,2885,0,0
2844,2886,0,0
2844,2887,0,0
2844,2888,0,0
2844,2889,0,0
2844,2890,0,0
2844,2891,0,0
2844,2892,0,0
2844,2893,0,0
2844,2894,0,0
2844,2895,0,0
2844,2896,0,0
2844,2897,0,0
2844,2898,0,0
2844,2899,0,0
2845,2812,0,0
2845,2813,0,0
2845,2814,0,0
2845,2815,0,0
2845,2816,0,0
2845,2817,0,0
2845,2818,0,0
2845,2819,0,0
2845,2820,0,0
2845,2821,0,0
2845,2822,0,0
2845,2823,0,0
2845,2824,0,0
2845,2825,0,0
2845,2826,0,0
2845,2827,0,0
2845,2828,0,0
2845,2829,0,0
2845,2830,0,0
2845,2831,0,0
2845,2832,0,0
2845,2833,0,0
2845,2834,0,0
2845,2835,0,0
2845,2836,0,0
2845,2837,0,0
2845,2838,0,0
2845,2839,0,0
2845,2840,0,0
2845,2841,0,0
2845,2842,0,0
2845,2843,0,0
2845,2844,0,0
2845,2845,0,0
2845,2846,0,0
2845,2847,0,0
2845,2848,0,0
2845,2849,0,0
2845,2850,0,0
2845,2851,0,0
2845,2852,0,0
2845,2853,0,0
2845,2854,0,0
2845,2855,0,0
2845,2856,0,0
2845,2857,0,0
2845,2858,0,0
2845,2859,0,0
2845,2860,0,0
2845,2861,0,0
2845,2862,0,0
2845,2863,0,0
2845,2864,0,0
2845,2865,0,0
2845,2866,0,0
2845,2867,0,0
2845,2868,0,0
2845,2869,0,0
2845,2870,0,0
2845,2871,0,0
2845,2872,0,0
2845,2873,0,0
2845,2874,0,0
2845,2875,0,0
2845,2876,0,0
2845,2877,0,0
2845,2878,0,0
2845,2879,0,0
2845,2880,0,0
2845,2881,0,0
2845,2882,0,0
2845,2883,0,0
2845,2884,0,0
2845,2885,0,0
2845,2886,0,0
2845,2887,0,0
2845,2888,0,0
2845,2889,0,0
2845,2890,0,0
2845,2891,0,0
2845,2892,0,0
2845,2893,0,0
2845,2894,0,0
2845,2895,0,0
2845,2896,0,0
2845,2897,0,0
2845,2898,0,0
2845,2899,0,0
2846,2812,0,0
2846,2813,0,0
2846,2814,0,0
2846,2815,0,0
2846,2816,0,0
2846,2817,0,0
2846,2818,0,0
2846,2819,0,0
2846,2820,0,0
2846,2821,0,0
2846,2822,0,0
2846,2823,0,0
2846,2824,0,0
2846,2825,0,0
2846,2826,0,0
2846,2827,0,0
2846,2828,0,0
2846,2829,0,0
2846,2830,0,0
2846,2831,0,0
2846,2832,0,0
2846,2833,0,0
2846,2834,0,0
2846,2835,0,0
2846,2836,0,0
2846,2837,0,0
2846,2838,0,0
2846,2839,0,0
2846,2840,0,0
2846,2841,0,0
2846,2842,0,0
2846,2843,0,0
2846,2844,0,0
2846,2845,0,0
2846,2846,0,0
2846,2847,0,0
2846,2848,0,0
2846,2849,0,0
2846,2850,0,0
2846,2851,0,0
2846,2852,0,0
2846,2853,0,0
2846,2854,0,0
2846,2855,0,0
2846,2856,0,0
2846,2857,0,0
2846,2858,0,0
2846,2859,0,0
2846,2860,0,0
2846,2861,0,0
2846,2862,0,0
2846,2863,0,0
2846,2864,0,0
2846,2865,0,0
2846,2866,0,0
2846,2867,0,0
2846,2868,0,0
2846,2869,0,0
2846,2870,0,0
2846,2871,0,0
2846,2872,0,0
2846,2873,0,0
2846,2874,0,0
2846,2875,0,0
2846,2876,0,0
2846,2877,0,0
2846,2878,0,0
2846,2879,0,0
2846,2880,0,0
2846,2881,0,0
2846,2882,0,0
2846,2883,0,0
2846,2884,0,0
2846,2885,0,0
2846,2886,0,0
2846,2887,0,0
2846,2888,0,0
2846,2889,0,0
2846,2890,0,0
2846,2891,0,0
2846,2892,0,0
2846,2893,0,0
2846,2894,0,0
2846,2895,0,0
2846,2896,0,0
2846,2897,0,0
2846,2898,0,0
2846,2899,0,0
2847,2812,0,0
2847,2813,0,0
2847,2814,0,0
2847,2815,0,0
2847,2816,0,0
2847,2817,0,0
2847,2818,0,0
2847,2819,0,0
2847,2820,0,0
2847,2821,0,0
2847,2822,0,0
2847,2823,0,0
2847,2824,0,0
2847,2825,0,0
2847,2826,0,0
2847,2827,0,0
2847,2828,0,0
2847,2829,0,0
2847,2830,0,0
2847,2831,0,0
2847,2832,0,0
2847,2833,0,0
2847,2834,0,0
2847,2835,0,0
2847,2836,0,0
2847,2837,0,0
2847,2838,0,0
2847,2839,0,0
2847,2840,0,0
2847,2841,0,0
2847,2842,0,0
2847,2843,3,7
2847,2844,0,0
2847,2845,0,0
2847,2846,0,0
2847,2847,0,0
2847,2848,0,0
2847,2849,0,0
2847,2850,0,0
2847,2851,0,0
2847,2852,0,0
2847,2853,0,0
2847,2854,0,0
2847,2855,0,0
2847,2856,0,0
2847,2857,0,0
2847,2858,0,0
2847,2859,0,0
2847,2860,0,0
2847,2861,0,0
2847,2862,0,0
2847,2863,0,0
2847,2864,0,0
2847,2865,0,0
2847,2866,0,0
2847,2867,0,0
2847,2868,0,0
2847,2869,0,0
2847,2870,0,0
2847,2871,0,0
2847,2872,0,0
2847,2873,0,0
2847,2874,0,0
2847,2875,0,0
2847,2876,0,0
2847,2877,0,0
2847,2878,0,0
2847,2879,0,0
2847,2880,0,0
2847,2881,0,0
2847,2882,0,0
2847,2883,0,0
2847,2884,0,0
2847,2885,0,0
2847,2886,0,0
2847,2887,0,0
2847,2888,0,0
2847,2889,0,0
2847,2890,0,0
2847,2891,0,0
2847,2892,0,0
2847,2893,0,0
2847,2894,0,0
2847,2895,0,0
2847,2896,0,0
2847,2897,0,0
2847,2898,0,0
2847,2899,0,0
2848,2812,0,0
2848,2813,129,5
2848,2814,0,0
2848,2815,1,5
2848,2816,1,5
2848,2817,1,5
2848,2818,0,0
2848,2819,0,0
2848,2820,2,5
2848,2821,0,0
2848,2822,1,5
2848,2823,430,5
2848,2824,0,0
2848,2825,0,0
2848,2826,0,0
2848,2827,0,0
2848,2828,0,0
2848,2829,0,0
2848,2830,0,0
2848,2831,0,0
2848,2832,0,0
2848,2833,0,0
2848,2834,0,0
2848,2835,0,0
2848,2836,0,0
2848,2837,0,0
2848,2838,0,0
2848,2839,0,0
2848,2840,0,0
2848,2841,0,0
2848,2842,0,0
2848,2843,0,0
2848,2844,0,0
2848,2845,0,0
2848,2846,0,0
2848,2847,0,0
2848,2848,0,0
2848,2849,0,0
2848,2850,0,0
2848,2851,0,0
2848,2852,0,0
2848,2853,0,0
2848,2854,0,0
2848,2855,0,0
2848,2856,0,0
2848,2857,0,0
2848,2858,0,0
2848,2859,0,0
2848,2860,0,0
2848,2861,0,0
2848,2862,0,0
2848,2863,0,0
2848,2864,0,0
2848,2865,0,0
2848,2866,0,0
2848,2867,0,0
2848,2868,0,0
2848,2869,0,0
2848,2870,0,0
2848,2871,0,0
2848,2872,0,0
2848,2873,0,0
2848,2874,0,0
2848,2875,0,0
2848,2876,0,0
2848,2877,0,0
2848,2878,0,0
2848,2879,0,0
2848,2880,0,0
2848,2881,0,0
2848,2882,0,0
2848,2883,0,0
2848,2884,0,0
2848,2885,0,0
2848,2886,0,0
2848,2887,0,0
2848,2888,0,0
2848,2889,0,0
2848,2890,0,0
2848,2891,0,0
2848,2892,0,0
2848,2893,0,0
2848,2894,0,0
2848,2895,0,0
2848,2896,0,0
2848,2897,0,0
2848,2898,0,0
2848,2899,0,0
2849,2812,0,0
2849,2813,0,0
2849,2814,0,0
2849,2815,0,0
2849,2816,0,0
2849,2817,0,0
2849,2818,0,0
2849,2819,0,0
2849,2820,0,0
2849,2821,0,0
2849,2822,0,0
2849,2823,0,0
2849,2824,0,0
2849,2825,0,0
2849,2826,0,0
2849,2827,0,0
2849,2828,0,0
2849,2829,0,0
2849,2830,0,0
2849,2831,0,0
2849,2832,0,0
2849,2833,0,0
2849,2834,0,0
2849,2835,0,0
2849,2836,0,0
2849,2837,0,0
2849,2838,0,0
2849,2839,0,0
2849,2840,0,0
2849,2841,0,0
2849,2842,0,0
2849,2843,0,0
2849,2844,0,0
2849,2845,0,0
2849,2846,0,0
2849,2847,0,0
2849,2848,0,0
2849,2849,0,0
2849,2850,0,0
2849,2851,0,0
2849,2852,0,0
2849,2853,0,0
2849,2854,0,0
2849,2855,0,0
2849,2856,0,0
2849,2857,0,0
2849,2858,0,0
2849,2859,0,0
2849,2860,0,0
2849,2861,0,0
2849,2862,0,0
2849,2863,0,0
2849,2864,0,0
2849,2865,0,0
2849,2866,0,0
2849,2867,0,0
2849,2868,0,0
2849,2869,0,0
2849,2870,0,0
2849,2871,0,0
2849,2872,0,0
2849,2873,0,0
2849,2874,0,0
2849,2875,0,0
2849,2876,0,0
2849,2877,0,0
2849,2878,0,0
2849,2879,0,0
2849,2880,0,0
2849,2881,0,0
2849,2882,0,0
2849,2883,0,0
2849,2884,0,0
2849,2885,0,0
2849,2886,0,0
2849,2887,0,0
2849,2888,0,0
2849,2889,0,0
2849,2890,0,0
2849,2891,0,0
2849,2892,0,0
2849,2893,0,0
2849,2894,0,0
2849,2895,0,0
2849,2896,0,0
2849,2897,0,0
2849,2898,0,0
2849,2899,0,0
2850,2812,0,0
2850,2813,0,0
2850,2814,0,0
2850,2815,0,0
2850,2816,0,0
2850,2817,0,0
2850,2818,0,0
2850,2819,0,0
2850,2820,0,0
2850,2821,0,0
2850,2822,0,0
2850,2823,0,0
2850,2824,0,0
2850,2825,0,0
2850,2826,0,0
2850,2827,0,0
2850,2828,0,0
2850,2829,0,0
2850,2830,0,0
2850,2831,0,0
2850,2832,0,0
2850,2833,0,0
2850,2834,0,0
2850,2835,0,0
2850,2836,0,0
2850,2837,0,0
2850,2838,0,0
2850,2839,0,0
2850,2840,0,0
2850,2841,0,0
2850,2842,0,0
2850,2843,0,0
2850,2844,0,0
2850,2845,0,0
2850,2846,0,0
2850,2847,0,0
2850,2848,0,0
2850,2849,0,0
2850,2850,0,0
2850,2851,0,0
2850,2852,0,0
2850,2853,0,0
2850,2854,0,0
2850,2855,0,0
2850,2856,0,0
2850,2857,0,0
2850,2858,0,0
2850,2859,0,0
2850,2860,0,0
2850,2861,0,0
2850,2862,0,0
2850,2863,0,0
2850,2864,0,0
2850,2865,0,0
2850,2866,0,0
2850,2867,0,0
2850,2868,0,0
2850,2869,0,0
2850,2870,0,0
2850,2871,0,0
2850,2872,0,0
2850,2873,0,0
2850,2874,0,0
2850,2875,0,0
2850,2876,0,0
2850,2877,0,0
2850,2878,0,0
2850,2879,0,0
2850,2880,0,0
2850,2881,0,0
2850,2882,0,0
2850,2883,0,0
2850,2884,0,0
2850,2885,0,0
2850,2886,0,0
2850,2887,0,0
2850,2888,0,0
2850,2889,0,0
2850,2890,0,0
2850,2891,0,0
2850,2892,0,0
2850,2893,0,0
2850,2894,0,0
2850,2895,0,0
2850,2896,0,0
2850,2897,0,0
2850,2898,0,0
2850,2899,0,0
2851,2812,0,0
2851,2813,2,5
2851,2814,0,0
2851,2815,0,0
2851,2816,0,0
2851,2817,0,0
2851,2818,0,0
2851,2819,0,0
2851,2820,0,0
2851,2821,0,0
2851,2822,0,0
2851,2823,17,5
2851,2824,0,0
2851,2825,0,0
2851,2826,0,0
2851,2827,0,0
2851,2828,0,0
2851,2829,0,0
2851,2830,0,0
2851,2831,0,0
2851,2832,0,0
2851,2833,0,0
2851,2834,0,0
2851,2835,0,0
2851,2836,0,0
2851,2837,0,0
2851,2838,0,0
2851,2839,0,0
2851,2840,0,0
2851,2841,0,0
2851,2842,0,0
2851,2843,0,0
2851,2844,0,0
2851,2845,0,0
2851,2846,0,0
2851,2847,0,0
2851,2848,0,0
2851,2849,0,0
2851,2850,0,0
2851,2851,0,0
2851,2852,0,0
2851,2853,0,0
2851,2854,0,0
2851,2855,0,0
2851,2856,0,0
2851,2857,0,0
2851,2858,0,0
2851,2859,0,0
2851,2860,0,0
2851,2861,0,0
2851,2862,0,0
2851,2863,0,0
2851,2864,0,0
2851,2865,0,0
2851,2866,0,0
2851,2867,0,0
2851,2868,0,0
2851,2869,0,0
2851,2870,0,0
2851,2871,0,0
2851,2872,0,0
2851,2873,0,0
2851,2874,0,0
2851,2875,0,0
2851,2876,0,0
2851,2877,0,0
2851,2878,0,0
2851,2879,0,0
2851,2880,0,0
2851,2881,0,0
2851,2882,0,0
2851,2883,0,0
2851,2884,0,0
2851,2885,0,0
2851,2886,0,0
2851,2887,0,0
2851,2888,0,0
2851,2889,0,0
2851,2890,0,0
2851,2891,0,0
2851,2892,0,0
2851,2893,0,0
2851,2894,0,0
2851,2895,0,0
2851,2896,0,0
2851,2897,0,0
2851,2898,0,0
2851,2899,0,0
2852,2812,0,0
2852,2813,0,0
2852,2814,0,0
2852,2815,0,0
2852,2816,0,0
2852,2817,0,0
2852,2818,0,0
2852,2819,0,0
2852,2820,0,0
2852,2821,0,0
2852,2822,0,0
2852,2823,2,5
2852,2824,0,0
2852,2825,0,0
2852,2826,0,0
2852,2827,0,0
2852,2828,0,0
2852,2829,0,0
2852,2830,0,0
2852,2831,0,0
2852,2832,0,0
2852,2833,0,0
2852,2834,0,0
2852,2835,0,0
2852,2836,0,0
2852,2837,0,0
2852,2838,0,0
2852,2839,0,0
2852,2840,0,0
2852,2841,0,0
2852,2842,0,0
2852,2843,0,0
2852,2844,0,0
2852,2845,0,0
2852,2846,0,0
2852,2847,0,0
2852,2848,0,0
2852,2849,0,0
2852,2850,0,0
2852,2851,0,0
2852,2852,0,0
2852,2853,0,0
2852,2854,0,0
2852,2855,0,0
2852,2856,0,0
2852,2857,0,0
2852,2858,0,0
2852,2859,0,0
2852,2860,0,0
2852,2861,0,0
2852,2862,0,0
2852,2863,0,0
2852,2864,0,0
2852,2865,0,0
2852,2866,0,0
2852,2867,0,0
2852,2868,0,0
2852,2869,0,0
2852,2870,0,0
2852,2871,0,0
2852,2872,0,0
2852,2873,0,0
2852,2874,0,0
2852,2875,0,0
2852,2876,0,0
2852,2877,0,0
2852,2878,0,0
2852,2879,0,0
2852,2880,0,0
2852,2881,0,0
2852,2882,0,0
2852,2883,0,0
2852,2884,0,0
2852,2885,0,0
2852,2886,0,0
2852,2887,0,0
2852,2888,0,0
2852,2889,0,0
2852,2890,0,0
2852,2891,0,0
2852,2892,0,0
2852,2893,0,0
2852,2894,0,0
2852,2895,0,0
2852,2896,0,0
2852,2897,0,0
2852,2898,0,0
2852,2899,0,0
2853,2812,0,0
2853,2813,0,0
2853,2814,0,0
2853,2815,0,0
2853,2816,0,0
2853,2817,0,0
2853,2818,0,0
2853,2819,0,0
2853,2820,0,0
2853,2821,0,0
2853,2822,0,0
2853,2823,0,0
2853,2824,0,0
2853,2825,0,0
2853,2826,0,0
2853,2827,0,0
2853,2828,0,0
2853,2829,0,0
2853,2830,0,0
2853,2831,0,0
2853,2832,0,0
2853,2833,0,0
2853,2834,0,0
2853,2835,0,0
2853,2836,0,0
2853,2837,0,0
2853,2838,0,0
2853,2839,0,0
2853,2840,0,0
2853,2841,0,0
2853,2842,0,0
2853,2843,0,0
2853,2844,0,0
2853,2845,0,0
2853,2846,0,0
2853,2847,0,0
2853,2848,0,0
2853,2849,0,0
2853,2850,0,0
2853,2851,0,0
2853,2852,0,0
2853,2853,0,0
2853,2854,0,0
2853,2855,0,0
2853,2856,0,0
2853,2857,0,0
2853,2858,0,0
2853,2859,0,0
2853,2860,0,0
2853,2861,0,0
2853,2862,0,0
2853,2863,0,0
2853,2864,0,0
2853,2865,0,0
2853,2866,0,0
2853,2867,0,0
2853,2868,0,0
2853,2869,0,0
2853,2870,0,0
2853,2871,0,0
2853,2872,0,0
2853,2873,0,0
2853,2874,0,0
2853,2875,0,0
2853,2876,0,0
2853,2877,0,0
2853,2878,0,0
2853,2879,0,0
2853,2880,0,0
2853,2881,0,0
2853,2882,0,0
2853,2883,0,0
2853,2884,0,0
2853,2885,0,0
2853,2886,0,0
2853,2887,0,0
2853,2888,0,0
2853,2889,0,0
2853,2890,0,0
2853,2891,0,0
2853,2892,0,0
2853,2893,0,0
2853,2894,0,0
2853,2895,0,0
2853,2896,0,0
2853,2897,0,0
2853,2898,0,0
2853,2899,0,0
2854,2812,0,0
2854,2813,0,0
2854,2814,0,0
2854,2815,0,0
2854,2816,0,0
2854,2817,0,0
2854,2818,0,0
2854,2819,0,0
2854,2820,0,0
2854,2821,0,0
2854,2822,0,0
2854,2823,1,5
2854,2824,0,0
2854,2825,0,0
2854,2826,0,0
2854,2827,0,0
2854,2828,0,0
2854,2829,0,0
2854,2830,0,0
2854,2831,0,0
2854,2832,0,0
2854,2833,0,0
2854,2834,0,0
2854,2835,0,0
2854,2836,0,0
2854,2837,0,0
2854,2838,0,0
2854,2839,0,0
2854,2840,0,0
2854,2841,0,0
2854,2842,0,0
2854,2843,0,0
2854,2844,0,0
2854,2845,0,0
2854,2846,0,0
2854,2847,0,0
2854,2848,0,0
2854,2849,0,0
2854,2850,0,0
2854,2851,0,0
2854,2852,0,0
2854,2853,0,0
2854,2854,0,0
2854,2855,0,0
2854,2856,0,0
2854,2857,0,0
2854,2858,0,0
2854,2859,0,0
2854,2860,0,0
2854,2861,0,0
2854,2862,0,0
2854,2863,0,0
2854,2864,0,0
2854,2865,0,0
2854,2866,0,0
2854,2867,0,0
2854,2868,0,0
2854,2869,0,0
2854,2870,0,0
2854,2871,0,0
2854,2872,0,0
2854,2873,0,0
2854,2874,0,0
2854,2875,0,0
2854,2876,0,0
2854,2877,0,0
2854,2878,0,0
2854,2879,0,0
2854,2880,0,0
2854,2881,0,0
2854,2882,0,0
2854,2883,0,0
2854,2884,0,0
2854,2885,0,0
2854,2886,0,0
2854,2887,0,0
2854,2888,0,0
2854,2889,0,0
2854,2890,0,0
2854,2891,0,0
2854,2892,0,0
2854,2893,0,0
2854,2894,0,0
2854,2895,0,0
2854,2896,0,0
2854,2897,0,0
2854,2898,0,0
2854,2899,0,0
2855,2812,0,0
2855,2813,0,0
2855,2814,0,0
2855,2815,0,0
2855,2816,0,0
2855,2817,0,0
2855,2818,0,0
2855,2819,0,0
2855,2820,0,0
2855,2821,0,0
2855,2822,0,0
2855,2823,0,0
2855,2824,0,0
2855,2825,0,0
2855,2826,0,0
2855,2827,0,0
2855,2828,0,0
2855,2829,0,0
2855,2830,0,0
2855,2831,0,0
2855,2832,0,0
2855,2833,0,0
2855,2834,0,0
2855,2835,0,0
2855,2836,0,0
2855,2837,0,0
2855,2838,0,0
2855,2839,0,0
2855,2840,0,0
2855,2841,0,0
2855,2842,0,0
2855,2843,0,0
2855,2844,0,0
2855,2845,0,0
2855,2846,0,0
2855,2847,0,0
2855,2848,0,0
2855,2849,0,0
2855,2850,0,0
2855,2851,0,0
2855,2852,0,0
2855,2853,0,0
2855,2854,0,0
2855,2855,0,0
2855,2856,0,0
2855,2857,0,0
2855,2858,0,0
2855,2859,0,0
2855,2860,0,0
2855,2861,0,0
2855,2862,0,0
2855,2863,0,0
2855,2864,0,0
2855,2865,0,0
2855,2866,0,0
2855,2867,0,0
2855,2868,0,0
2855,2869,0,0
2855,2870,0,0
2855,2871,0,0
2855,2872,0,0
2855,2873,0,0
2855,2874,0,0
2855,2875,0,0
2855,2876,0,0
2855,2877,0,0
2855,2878,0,0
2855,2879,0,0
2855,2880,0,0
2855,2881,0,0
2855,2882,0,0
2855,2883,0,0
2855,2884,0,0
2855,2885,0,0
2855,2886,0,0
2855,2887,0,0
2855,2888,0,0
2855,2889,0,0
2855,2890,0,0
2855,2891,0,0
2855,2892,0,0
2855,2893,0,0
2855,2894,0,0
2855,2895,0,0
2855,2896,0,0
2855,2897,0,0
2855,2898,0,0
2855,2899,0,0
2856,2812,0,0
2856,2813,0,0
2856,2814,0,0
2856,2815,0,0
2856,2816,0,0
2856,2817,0,0
2856,2818,0,0
2856,2819,0,0
2856,2820,0,0
2856,2821,0,0
2856,2822,0,0
2856,2823,4,5
2856,2824,0,0
2856,2825,0,0
2856,2826,0,0
2856,2827,0,0
2856,2828,0,0
2856,2829,0,0
2856,2830,0,0
2856,2831,0,0
2856,2832,0,0
2856,2833,0,0
2856,2834,0,0
2856,2835,0,0
2856,2836,0,0
2856,2837,0,0
2856,2838,0,0
2856,2839,0,0
2856,2840,0,0
2856,2841,0,0
2856,2842,0,0
2856,2843,0,0
2856,2844,0,0
2856,2845,0,0
2856,2846,0,0
2856,2847,0,0
2856,2848,0,0
2856,2849,0,0
2856,2850,0,0
2856,2851,0,0
2856,2852,0,0
2856,2853,0,0
2856,2854,0,0
2856,2855,0,0
2856,2856,0,0
2856,2857,0,0
2856,2858,0,0
2856,2859,0,0
2856,2860,0,0
2856,2861,0,0
2856,2862,0,0
2856,2863,0,0
2856,2864,0,0
2856,2865,0,0
2856,2866,0,0
2856,2867,0,0
2856,2868,0,0
2856,2869,0,0
2856,2870,0,0
2856,2871,0,0
2856,2872,0,0
2856,2873,0,0
2856,2874,0,0
2856,2875,0,0
2856,2876,0,0
2856,2877,0,0
2856,2878,0,0
2856,2879,0,0
2856,2880,0,0
2856,2881,0,0
2856,2882,0,0
2856,2883,0,0
2856,2884,0,0
2856,2885,0,0
2856,2886,0,0
2856,2887,0,0
2856,2888,0,0
2856,2889,0,0
2856,2890,0,0
2856,2891,0,0
2856,2892,0,0
2856,2893,0,0
2856,2894,0,0
2856,2895,0,0
2856,2896,0,0
2856,2897,0,0
2856,2898,0,0
2856,2899,0,0
2857,2812,0,0
2857,2813,67,5
2857,2814,0,0
2857,2815,1,5
2857,2816,0,0
2857,2817,0,0
2857,2818,0,0
2857,2819,0,0
2857,2820,1,5
2857,2821,0,0
2857,2822,0,0
2857,2823,553,5
2857,2824,0,0
2857,2825,0,0
2857,2826,0,0
2857,2827,0,0
2857,2828,0,0
2857,2829,0,0
2857,2830,0,0
2857,2831,0,0
2857,2832,0,0
2857,2833,0,0
2857,2834,0,0
2857,2835,0,0
2857,2836,0,0
2857,2837,0,0
2857,2838,0,0
2857,2839,0,0
2857,2840,0,0
2857,2841,0,0
2857,2842,0,0
2857,2843,0,0
2857,2844,0,0
2857,2845,0,0
2857,2846,0,0
2857,2847,0,0
2857,2848,0,0
2857,2849,0,0
2857,2850,0,0
2857,2851,0,0
2857,2852,0,0
2857,2853,0,0
2857,2854,0,0
2857,2855,0,0
2857,2856,0,0
2857,2857,0,0
2857,2858,0,0
2857,2859,0,0
2857,2860,0,0
2857,2861,2,7
2857,2862,0,0
2857,2863,0,0
2857,2864,0,0
2857,2865,0,0
2857,2866,0,0
2857,2867,0,0
2857,2868,0,0
2857,2869,0,0
2857,2870,0,0
2857,2871,0,0
2857,2872,0,0
2857,2873,0,0
2857,2874,0,0
2857,2875,0,0
2857,2876,0,0
2857,2877,0,0
2857,2878,0,0
2857,2879,0,0
2857,2880,0,0
2857,2881,0,0
2857,2882,0,0
2857,2883,0,0
2857,2884,0,0
2857,2885,0,0
2857,2886,1,7
2857,2887,0,0
2857,2888,0,0
2857,2889,0,0
2857,2890,0,0
2857,2891,0,0
2857,2892,0,0
2857,2893,0,0
2857,2894,0,0
2857,2895,0,0
2857,2896,0,0
2857,2897,0,0
2857,2898,0,0
2857,2899,0,0
2858,2812,0,0
2858,2813,0,0
2858,2814,0,0
2858,2815,0,0
2858,2816,0,0
2858,2817,0,0
2858,2818,0,0
2858,2819,0,0
2858,2820,0,0
2858,2821,0,0
2858,2822,0,0
2858,2823,12,5
2858,2824,0,0
2858,2825,0,0
2858,2826,0,0
2858,2827,0,0
2858,2828,0,0
2858,2829,0,0
2858,2830,0,0
2858,2831,0,0
2858,2832,0,0
2858,2833,0,0
2858,2834,0,0
2858,2835,0,0
2858,2836,0,0
2858,2837,0,0
2858,2838,0,0
2858,2839,0,0
2858,2840,0,0
2858,2841,0,0
2858,2842,0,0
2858,2843,0,0
2858,2844,0,0
2858,2845,0,0
2858,2846,0,0
2858,2847,0,0
2858,2848,0,0
2858,2849,0,0
2858,2850,0,0
2858,2851,0,0
2858,2852,0,0
2858,2853,0,0
2858,2854,0,0
2858,2855,0,0
2858,2856,0,0
2858,2857,0,0
2858,2858,0,0
2858,2859,0,0
2858,2860,0,0
2858,2861,0,0
2858,2862,0,0
2858,2863,0,0
2858,2864,0,0
2858,2865,0,0
2858,2866,0,0
2858,2867,0,0
2858,2868,0,0
2858,2869,0,0
2858,2870,0,0
2858,2871,0,0
2858,2872,0,0
2858,2873,0,0
2858,2874,0,0
2858,2875,0,0
2858,2876,0,0
2858,2877,0,0
2858,2878,0,0
2858,2879,0,0
2858,2880,0,0
2858,2881,0,0
2858,2882,0,0
2858,2883,0,0
2858,2884,0,0
2858,2885,0,0
2858,2886,0,0
2858,2887,0,0
2858,2888,0,0
2858,2889,0,0
2858,2890,0,0
2858,2891,0,0
2858,2892,0,0
2858,2893,0,0
2858,2894,0,0
2858,2895,0,0
2858,2896,0,0
2858,2897,0,0
2858,2898,0,0
2858,2899,0,0
2859,2812,0,0
2859,2813,0,0
2859,2814,0,0
2859,2815,0,0
2859,2816,0,0
2859,2817,0,0
2859,2818,0,0
2859,2819,0,0
2859,2820,0,0
2859,2821,0,0
2859,2822,0,0
2859,2823,0,0
2859,2824,0,0
2859,2825,0,0
2859,2826,0,0
2859,2827,0,0
2859,2828,0,0
2859,2829,0,0
2859,2830,0,0
2859,2831,0,0
2859,2832,0,0
2859,2833,0,0
2859,2834,0,0
2859,2835,0,0
2859,2836,0,0
2859,2837,0,0
2859,2838,0,0
2859,2839,0,0
2859,2840,0,0
2859,2841,0,0
2859,2842,0,0
2859,2843,0,0
2859,2844,0,0
2859,2845,0,0
2859,2846,0,0
2859,2847,0,0
2859,2848,0,0
2859,2849,0,0
2859,2850,0,0
2859,2851,0,0
2859,2852,0,0
2859,2853,0,0
2859,2854,0,0
2859,2855,0,0
2859,2856,0,0
2859,2857,0,0
2859,2858,0,0
2859,2859,0,0
2859,2860,0,0
2859,2861,0,0
2859,2862,0,0
2859,2863,0,0
2859,2864,0,0
2859,2865,0,0
2859,2866,0,0
2859,2867,0,0
2859,2868,0,0
2859,2869,0,0
2859,2870,0,0
2859,2871,0,0
2859,2872,0,0
2859,2873,0,0
2859,2874,0,0
2859,2875,0,0
2859,2876,0,0
2859,2877,0,0
2859,2878,0,0
2859,2879,0,0
2859,2880,0,0
2859,2881,0,0
2859,2882,0,0
2859,2883,0,0
2859,2884,0,0
2859,2885,0,0
2859,2886,0,0
2859,2887,0,0
2859,2888,0,0
2859,2889,0,0
2859,2890,0,0
2859,2891,0,0
2859,2892,0,0
2859,2893,0,0
2859,2894,0,0
2859,2895,0,0
2859,2896,0,0
2859,2897,0,0
2859,2898,0,0
2859,2899,0,0
2860,2812,0,0
2860,2813,0,0
2860,2814,0,0
2860,2815,0,0
2860,2816,0,0
2860,2817,0,0
2860,2818,0,0
2860,2819,0,0
2860,2820,0,0
2860,2821,0,0
2860,2822,0,0
2860,2823,0,0
2860,2824,0,0
2860,2825,0,0
2860,2826,0,0
2860,2827,0,0
2860,2828,0,0
2860,2829,0,0
2860,2830,0,0
2860,2831,0,0
2860,2832,0,0
2860,2833,0,0
2860,2834,0,0
2860,2835,0,0
2860,2836,0,0
2860,2837,0,0
2860,2838,0,0
2860,2839,0,0
2860,2840,0,0
2860,2841,0,0
2860,2842,0,0
2860,2843,0,0
2860,2844,0,0
2860,2845,0,0
2860,2846,0,0
2860,2847,0,0
2860,2848,0,0
2860,2849,0,0
2860,2850,0,0
2860,2851,0,0
2860,2852,0,0
2860,2853,0,0
2860,2854,0,0
2860,2855,0,0
2860,2856,0,0
2860,2857,0,0
2860,2858,0,0
2860,2859,0,0
2860,2860,0,0
2860,2861,0,0
2860,2862,0,0
2860,2863,0,0
2860,2864,0,0
2860,2865,0,0
2860,2866,0,0
2860,2867,0,0
2860,2868,0,0
2860,2869,0,0
2860,2870,0,0
2860,2871,0,0
2860,2872,0,0
2860,2873,0,0
2860,2874,0,0
2860,2875,0,0
2860,2876,0,0
2860,2877,0,0
2860,2878,0,0
2860,2879,0,0
2860,2880,0,0
2860,2881,0,0
2860,2882,0,0
2860,2883,0,0
2860,2884,0,0
2860,2885,0,0
2860,2886,0,0
2860,2887,0,0
2860,2888,0,0
2860,2889,0,0
2860,2890,0,0
2860,2891,0,0
2860,2892,0,0
2860,2893,0,0
2860,2894,0,0
2860,2895,0,0
2860,2896,0,0
2860,2897,0,0
2860,2898,0,0
2860,2899,0,0
2861,2812,0,0
2861,2813,0,0
2861,2814,0,0
2861,2815,0,0
2861,2816,0,0
2861,2817,0,0
2861,2818,0,0
2861,2819,0,0
2861,2820,0,0
2861,2821,0,0
2861,2822,0,0
2861,2823,0,0
2861,2824,0,0
2861,2825,0,0
2861,2826,0,0
2861,2827,0,0
2861,2828,0,0
2861,2829,0,0
2861,2830,0,0
2861,2831,0,0
2861,2832,0,0
2861,2833,0,0
2861,2834,0,0
2861,2835,0,0
2861,2836,0,0
2861,2837,0,0
2861,2838,0,0
2861,2839,0,0
2861,2840,0,0
2861,2841,0,0
2861,2842,0,0
2861,2843,0,0
2861,2844,0,0
2861,2845,0,0
2861,2846,0,0
2861,2847,0,0
2861,2848,0,0
2861,2849,0,0
2861,2850,0,0
2861,2851,0,0
2861,2852,0,0
2861,2853,0,0
2861,2854,0,0
2861,2855,0,0
2861,2856,0,0
2861,2857,2,7
2861,2858,0,0
2861,2859,0,0
2861,2860,0,0
2861,2861,0,0
2861,2862,0,0
2861,2863,0,0
2861,2864,0,0
2861,2865,0,0
2861,2866,0,0
2861,2867,0,0
2861,2868,0,0
2861,2869,0,0
2861,2870,0,0
2861,2871,0,0
2861,2872,0,0
2861,2873,0,0
2861,2874,0,0
2861,2875,0,0
2861,2876,0,0
2861,2877,0,0
2861,2878,0,0
2861,2879,0,0
2861,2880,0,0
2861,2881,0,0
2861,2882,0,0
2861,2883,0,0
2861,2884,0,0
2861,2885,0,0
2861,2886,0,0
2861,2887,0,0
2861,2888,0,0
2861,2889,0,0
2861,2890,0,0
2861,2891,0,0
2861,2892,0,0
2861,2893,0,0
2861,2894,0,0
2861,2895,0,0
2861,2896,0,0
2861,2897,0,0
2861,2898,0,0
2861,2899,0,0
2862,2812,0,0
2862,2813,0,0
2862,2814,0,0
2862,2815,0,0
2862,2816,0,0
2862,2817,0,0
2862,2818,0,0
2862,2819,0,0
2862,2820,0,0
2862,2821,0,0
2862,2822,0,0
2862,2823,0,0
2862,2824,0,0
2862,2825,0,0
2862,2826,0,0
2862,2827,0,0
2862,2828,0,0
2862,2829,0,0
2862,2830,0,0
2862,2831,0,0
2862,2832,0,0
2862,2833,0,0
2862,2834,0,0
2862,2835,0,0
2862,2836,0,0
2862,2837,0,0
2862,2838,0,0
2862,2839,0,0
2862,2840,0,0
2862,2841,0,0
2862,2842,0,0
2862,2843,0,0
2862,2844,0,0
2862,2845,0,0
2862,2846,0,0
2862,2847,0,0
2862,2848,0,0
2862,2849,0,0
2862,2850,0,0
2862,2851,0,0
2862,2852,0,0
2862,2853,0,0
2862,2854,0,0
2862,2855,0,0
2862,2856,0,0
2862,2857,0,0
2862,2858,0,0
2862,2859,0,0
2862,2860,0,0
2862,2861,0,0
2862,2862,0,0
2862,2863,0,0
2862,2864,0,0
2862,2865,0,0
2862,2866,0,0
2862,2867,0,0
2862,2868,0,0
2862,2869,0,0
2862,2870,0,0
2862,2871,0,0
2862,2872,0,0
2862,2873,0,0
2862,2874,0,0
2862,2875,0,0
2862,2876,0,0
2862,2877,0,0
2862,2878,0,0
2862,2879,0,0
2862,2880,0,0
2862,2881,0,0
2862,2882,0,0
2862,2883,0,0
2862,2884,0,0
2862,2885,0,0
2862,2886,0,0
2862,2887,0,0
2862,2888,0,0
2862,2889,0,0
2862,2890,0,0
2862,2891,0,0
2862,2892,0,0
2862,2893,0,0
2862,2894,0,0
2862,2895,0,0
2862,2896,0,0
2862,2897,0,0
2862,2898,0,0
2862,2899,0,0
2863,2812,0,0
2863,2813,4,5
2863,2814,0,0
2863,2815,0,0
2863,2816,0,0
2863,2817,0,0
2863,2818,0,0
2863,2819,0,0
2863,2820,0,0
2863,2821,0,0
2863,2822,0,0
2863,2823,2,5
2863,2824,0,0
2863,2825,0,0
2863,2826,0,0
2863,2827,0,0
2863,2828,0,0
2863,2829,0,0
2863,2830,0,0
2863,2831,0,0
2863,2832,0,0
2863,2833,0,0
2863,2834,0,0
2863,2835,0,0
2863,2836,0,0
2863,2837,0,0
2863,2838,0,0
2863,2839,0,0
2863,2840,0,0
2863,2841,0,0
2863,2842,0,0
2863,2843,0,0
2863,2844,0,0
2863,2845,0,0
2863,2846,0,0
2863,2847,0,0
2863,2848,0,0
2863,2849,0,0
2863,2850,0,0
2863,2851,0,0
2863,2852,0,0
2863,2853,0,0
2863,2854,0,0
2863,2855,0,0
2863,2856,0,0
2863,2857,0,0
2863,2858,0,0
2863,2859,0,0
2863,2860,0,0
2863,2861,0,0
2863,2862,0,0
2863,2863,0,0
2863,2864,0,0
2863,2865,0,0
2863,2866,0,0
2863,2867,0,0
2863,2868,0,0
2863,2869,0,0
2863,2870,0,0
2863,2871,0,0
2863,2872,0,0
2863,2873,0,0
2863,2874,0,0
2863,2875,0,0
2863,2876,0,0
2863,2877,0,0
2863,2878,0,0
2863,2879,0,0
2863,2880,0,0
2863,2881,0,0
2863,2882,0,0
2863,2883,0,0
2863,2884,0,0
2863,2885,0,0
2863,2886,0,0
2863,2887,0,0
2863,2888,0,0
2863,2889,0,0
2863,2890,0,0
2863,2891,0,0
2863,2892,0,0
2863,2893,0,0
2863,2894,0,0
2863,2895,0,0
2863,2896,0,0
2863,2897,0,0
2863,2898,0,0
2863,2899,0,0
2864,2812,0,0
2864,2813,0,0
2864,2814,0,0
2864,2815,0,0
2864,2816,0,0
2864,2817,0,0
2864,2818,0,0
2864,2819,0,0
2864,2820,0,0
2864,2821,0,0
2864,2822,0,0
2864,2823,5,5
2864,2824,0,0
2864,2825,0,0
2864,2826,0,0
2864,2827,0,0
2864,2828,0,0
2864,2829,0,0
2864,2830,0,0
2864,2831,0,0
2864,2832,0,0
2864,2833,0,0
2864,2834,0,0
2864,2835,0,0
2864,2836,0,0
2864,2837,0,0
2864,2838,0,0
2864,2839,0,0
2864,2840,0,0
2864,2841,0,0
2864,2842,0,0
2864,2843,0,0
2864,2844,0,0
2864,2845,0,0
2864,2846,0,0
2864,2847,0,0
2864,2848,0,0
2864,2849,0,0
2864,2850,0,0
2864,2851,0,0
2864,2852,0,0
2864,2853,0,0
2864,2854,0,0
2864,2855,0,0
2864,2856,0,0
2864,2857,0,0
2864,2858,0,0
2864,2859,0,0
2864,2860,0,0
2864,2861,0,0
2864,2862,0,0
2864,2863,0,0
2864,2864,0,0
2864,2865,0,0
2864,2866,0,0
2864,2867,0,0
2864,2868,0,0
2864,2869,0,0
2864,2870,0,0
2864,2871,0,0
2864,2872,0,0
2864,2873,0,0
2864,2874,0,0
2864,2875,0,0
2864,2876,0,0
2864,2877,0,0
2864,2878,0,0
2864,2879,0,0
2864,2880,0,0
2864,2881,0,0
2864,2882,0,0
2864,2883,0,0
2864,2884,0,0
2864,2885,0,0
2864,2886,0,0
2864,2887,0,0
2864,2888,0,0
2864,2889,0,0
2864,2890,0,0
2864,2891,0,0
2864,2892,0,0
2864,2893,0,0
2864,2894,0,0
2864,2895,0,0
2864,2896,0,0
2864,2897,0,0
2864,2898,0,0
2864,2899,0,0
2865,2812,0,0
2865,2813,0,0
2865,2814,0,0
2865,2815,0,0
2865,2816,0,0
2865,2817,0,0
2865,2818,0,0
2865,2819,0,0
2865,2820,0,0
2865,2821,0,0
2865,2822,0,0
2865,2823,1,5
2865,2824,0,0
2865,2825,0,0
2865,2826,0,0
2865,2827,0,0
2865,2828,0,0
2865,2829,0,0
2865,2830,0,0
2865,2831,0,0
2865,2832,0,0
2865,2833,0,0
2865,2834,0,0
2865,2835,0,0
2865,2836,0,0
2865,2837,0,0
2865,2838,0,0
2865,2839,0,0
2865,2840,0,0
2865,2841,0,0
2865,2842,0,0
2865,2843,0,0
2865,2844,0,0
2865,2845,0,0
2865,2846,0,0
2865,2847,0,0
2865,2848,0,0
2865,2849,0,0
2865,2850,0,0
2865,2851,0,0
2865,2852,0,0
2865,2853,0,0
2865,2854,0,0
2865,2855,0,0
2865,2856,0,0
2865,2857,0,0
2865,2858,0,0
2865,2859,0,0
2865,2860,0,0
2865,2861,0,0
2865,2862,0,0
2865,2863,0,0
2865,2864,0,0
2865,2865,0,0
2865,2866,0,0
2865,2867,0,0
2865,2868,0,0
2865,2869,0,0
2865,2870,0,0
2865,2871,0,0
2865,2872,0,0
2865,2873,0,0
2865,2874,0,0
2865,2875,0,0
2865,2876,0,0
2865,2877,0,0
2865,2878,0,0
2865,2879,0,0
2865,2880,0,0
2865,2881,0,0
2865,2882,0,0
2865,2883,0,0
2865,2884,0,0
2865,2885,0,0
2865,2886,0,0
2865,2887,0,0
2865,2888,0,0
2865,2889,0,0
2865,2890,0,0
2865,2891,0,0
2865,2892,0,0
2865,2893,0,0
2865,2894,0,0
2865,2895,0,0
2865,2896,0,0
2865,2897,0,0
2865,2898,0,0
2865,2899,0,0
2866,2812,0,0
2866,2813,65,5
2866,2814,0,0
2866,2815,1,5
2866,2816,0,0
2866,2817,0,0
2866,2818,1,5
2866,2819,0,0
2866,2820,4,5
2866,2821,0,0
2866,2822,0,0
2866,2823,835,5
2866,2824,1,5
2866,2825,1,5
2866,2826,0,0
2866,2827,0,0
2866,2828,0,0
2866,2829,0,0
2866,2830,0,0
2866,2831,0,0
2866,2832,0,0
2866,2833,0,0
2866,2834,0,0
2866,2835,0,0
2866,2836,0,0
2866,2837,0,0
2866,2838,0,0
2866,2839,0,0
2866,2840,0,0
2866,2841,0,0
2866,2842,0,0
2866,2843,0,0
2866,2844,0,0
2866,2845,0,0
2866,2846,0,0
2866,2847,0,0
2866,2848,0,0
2866,2849,0,0
2866,2850,0,0
2866,2851,0,0
2866,2852,0,0
2866,2853,0,0
2866,2854,0,0
2866,2855,0,0
2866,2856,0,0
2866,2857,0,0
2866,2858,0,0
2866,2859,0,0
2866,2860,0,0
2866,2861,0,0
2866,2862,0,0
2866,2863,0,0
2866,2864,0,0
2866,2865,0,0
2866,2866,0,0
2866,2867,0,0
2866,2868,0,0
2866,2869,0,0
2866,2870,0,0
2866,2871,0,0
2866,2872,0,0
2866,2873,0,0
2866,2874,0,0
2866,2875,0,0
2866,2876,0,0
2866,2877,0,0
2866,2878,0,0
2866,2879,0,0
2866,2880,0,0
2866,2881,0,0
2866,2882,0,0
2866,2883,0,0
2866,2884,0,0
2866,2885,0,0
2866,2886,0,0
2866,2887,0,0
2866,2888,0,0
2866,2889,0,0
2866,2890,0,0
2866,2891,0,0
2866,2892,0,0
2866,2893,0,0
2866,2894,0,0
2866,2895,0,0
2866,2896,0,0
2866,2897,0,0
2866,2898,0,0
2866,2899,0,0
2867,2812,0,0
2867,2813,0,0
2867,2814,0,0
2867,2815,0,0
2867,2816,0,0
2867,2817,0,0
2867,2818,0,0
2867,2819,0,0
2867,2820,0,0
2867,2821,0,0
2867,2822,0,0
2867,2823,0,0
2867,2824,0,0
2867,2825,0,0
2867,2826,0,0
2867,2827,0,0
2867,2828,0,0
2867,2829,0,0
2867,2830,0,0
2867,2831,0,0
2867,2832,0,0
2867,2833,0,0
2867,2834,0,0
2867,2835,0,0
2867,2836,0,0
2867,2837,0,0
2867,2838,0,0
2867,2839,0,0
2867,2840,0,0
2867,2841,0,0
2867,2842,0,0
2867,2843,0,0
2867,2844,0,0
2867,2845,0,0
2867,2846,0,0
2867,2847,0,0
2867,2848,0,0
2867,2849,0,0
2867,2850,0,0
2867,2851,0,0
2867,2852,0,0
2867,2853,0,0
2867,2854,0,0
2867,2855,0,0
2867,2856,0,0
2867,2857,0,0
2867,2858,0,0
2867,2859,0,0
2867,2860,0,0
2867,2861,0,0
2867,2862,0,0
2867,2863,0,0
2867,2864,0,0
2867,2865,0,0
2867,2866,0,0
2867,2867,0,0
2867,2868,0,0
2867,2869,0,0
2867,2870,0,0
2867,2871,0,0
2867,2872,0,0
2867,2873,0,0
2867,2874,0,0
2867,2875,0,0
2867,2876,0,0
2867,2877,0,0
2867,2878,0,0
2867,2879,0,0
2867,2880,0,0
2867,2881,0,0
2867,2882,0,0
2867,2883,0,0
2867,2884,0,0
2867,2885,0,0
2867,2886,0,0
2867,2887,0,0
2867,2888,0,0
2867,2889,0,0
2867,2890,0,0
2867,2891,0,0
2867,2892,0,0
2867,2893,0,0
2867,2894,0,0
2867,2895,0,0
2867,2896,0,0
2867,2897,0,0
2867,2898,0,0
2867,2899,0,0
2868,2812,0,0
2868,2813,0,0
2868,2814,0,0
2868,2815,0,0
2868,2816,0,0
2868,2817,0,0
2868,2818,0,0
2868,2819,0,0
2868,2820,0,0
2868,2821,0,0
2868,2822,0,0
2868,2823,0,0
2868,2824,0,0
2868,2825,0,0
2868,2826,0,0
2868,2827,0,0
2868,2828,0,0
2868,2829,0,0
2868,2830,0,0
2868,2831,0,0
2868,2832,0,0
2868,2833,0,0
2868,2834,0,0
2868,2835,0,0
2868,2836,0,0
2868,2837,0,0
2868,2838,0,0
2868,2839,0,0
2868,2840,0,0
2868,2841,0,0
2868,2842,0,0
2868,2843,0,0
2868,2844,0,0
2868,2845,0,0
2868,2846,0,0
2868,2847,0,0
2868,2848,0,0
2868,2849,0,0
2868,2850,0,0
2868,2851,0,0
2868,2852,0,0
2868,2853,0,0
2868,2854,0,0
2868,2855,0,0
2868,2856,0,0
2868,2857,0,0
2868,2858,0,0
2868,2859,0,0
2868,2860,0,0
2868,2861,0,0
2868,2862,0,0
2868,2863,0,0
2868,2864,0,0
2868,2865,0,0
2868,2866,0,0
2868,2867,0,0
2868,2868,0,0
2868,2869,0,0
2868,2870,0,0
2868,2871,0,0
2868,2872,0,0
2868,2873,0,0
2868,2874,0,0
2868,2875,0,0
2868,2876,0,0
2868,2877,0,0
2868,2878,0,0
2868,2879,0,0
2868,2880,0,0
2868,2881,0,0
2868,2882,0,0
2868,2883,0,0
2868,2884,0,0
2868,2885,0,0
2868,2886,0,0
2868,2887,0,0
2868,2888,0,0
2868,2889,0,0
2868,2890,0,0
2868,2891,0,0
2868,2892,0,0
2868,2893,0,0
2868,2894,0,0
2868,2895,0,0
2868,2896,0,0
2868,2897,0,0
2868,2898,0,0
2868,2899,0,0
2869,2812,0,0
2869,2813,0,0
2869,2814,0,0
2869,2815,0,0
2869,2816,0,0
2869,2817,0,0
2869,2818,0,0
2869,2819,0,0
2869,2820,0,0
2869,2821,0,0
2869,2822,0,0
2869,2823,3,5
2869,2824,0,0
2869,2825,0,0
2869,2826,0,0
2869,2827,0,0
2869,2828,0,0
2869,2829,0,0
2869,2830,0,0
2869,2831,0,0
2869,2832,0,0
2869,2833,0,0
2869,2834,0,0
2869,2835,0,0
2869,2836,0,0
2869,2837,0,0
2869,2838,0,0
2869,2839,0,0
2869,2840,0,0
2869,2841,0,0
2869,2842,0,0
2869,2843,0,0
2869,2844,0,0
2869,2845,0,0
2869,2846,0,0
2869,2847,0,0
2869,2848,0,0
2869,2849,0,0
2869,2850,0,0
2869,2851,0,0
2869,2852,0,0
2869,2853,0,0
2869,2854,0,0
2869,2855,0,0
2869,2856,0,0
2869,2857,0,0
2869,2858,0,0
2869,2859,0,0
2869,2860,0,0
2869,2861,0,0
2869,2862,0,0
2869,2863,0,0
2869,2864,0,0
2869,2865,0,0
2869,2866,0,0
2869,2867,0,0
2869,2868,0,0
2869,2869,0,0
2869,2870,0,0
2869,2871,0,0
2869,2872,0,0
2869,2873,0,0
2869,2874,0,0
2869,2875,0,0
2869,2876,0,0
2869,2877,0,0
2869,2878,0,0
2869,2879,0,0
2869,2880,0,0
2869,2881,0,0
2869,2882,0,0
2869,2883,0,0
2869,2884,0,0
2869,2885,0,0
2869,2886,0,0
2869,2887,0,0
2869,2888,0,0
2869,2889,0,0
2869,2890,0,0
2869,2891,0,0
2869,2892,0,0
2869,2893,0,0
2869,2894,0,0
2869,2895,0,0
2869,2896,0,0
2869,2897,0,0
2869,2898,0,0
2869,2899,0,0
2870,2812,0,0
2870,2813,0,0
2870,2814,0,0
2870,2815,0,0
2870,2816,0,0
2870,2817,0,0
2870,2818,0,0
2870,2819,0,0
2870,2820,0,0
2870,2821,0,0
2870,2822,0,0
2870,2823,0,0
2870,2824,0,0
2870,2825,0,0
2870,2826,0,0
2870,2827,0,0
2870,2828,0,0
2870,2829,0,0
2870,2830,0,0
2870,2831,0,0
2870,2832,0,0
2870,2833,0,0
2870,2834,0,0
2870,2835,0,0
2870,2836,0,0
2870,2837,0,0
2870,2838,0,0
2870,2839,0,0
2870,2840,0,0
2870,2841,0,0
2870,2842,0,0
2870,2843,0,0
2870,2844,0,0
2870,2845,0,0
2870,2846,0,0
2870,2847,0,0
2870,2848,0,0
2870,2849,0,0
2870,2850,0,0
2870,2851,0,0
2870,2852,0,0
2870,2853,0,0
2870,2854,0,0
2870,2855,0,0
2870,2856,0,0
2870,2857,0,0
2870,2858,0,0
2870,2859,0,0
2870,2860,0,0
2870,2861,0,0
2870,2862,0,0
2870,2863,0,0
2870,2864,0,0
2870,2865,0,0
2870,2866,0,0
2870,2867,0,0
2870,2868,0,0
2870,2869,0,0
2870,2870,0,0
2870,2871,0,0
2870,2872,0,0
2870,2873,0,0
2870,2874,0,0
2870,2875,0,0
2870,2876,0,0
2870,2877,0,0
2870,2878,0,0
2870,2879,0,0
2870,2880,0,0
2870,2881,0,0
2870,2882,0,0
2870,2883,0,0
2870,2884,0,0
2870,2885,0,0
2870,2886,0,0
2870,2887,0,0
2870,2888,0,0
2870,2889,0,0
2870,2890,0,0
2870,2891,0,0
2870,2892,0,0
2870,2893,0,0
2870,2894,0,0
2870,2895,0,0
2870,2896,0,0
2870,2897,0,0
2870,2898,0,0
2870,2899,0,0
2871,2812,0,0
2871,2813,0,0
2871,2814,0,0
2871,2815,0,0
2871,2816,0,0
2871,2817,0,0
2871,2818,0,0
2871,2819,0,0
2871,2820,0,0
2871,2821,0,0
2871,2822,0,0
2871,2823,0,0
2871,2824,0,0
2871,2825,0,0
2871,2826,0,0
2871,2827,0,0
2871,2828,0,0
2871,2829,0,0
2871,2830,0,0
2871,2831,0,0
2871,2832,0,0
2871,2833,0,0
2871,2834,0,0
2871,2835,0,0
2871,2836,0,0
2871,2837,0,0
2871,2838,0,0
2871,2839,0,0
2871,2840,0,0
2871,2841,0,0
2871,2842,0,0
2871,2843,0,0
2871,2844,0,0
2871,2845,0,0
2871,2846,0,0
2871,2847,0,0
2871,2848,0,0
2871,2849,0,0
2871,2850,0,0
2871,2851,0,0
2871,2852,0,0
2871,2853,0,0
2871,2854,0,0
2871,2855,0,0
2871,2856,0,0
2871,2857,0,0
2871,2858,0,0
2871,2859,0,0
2871,2860,0,0
2871,2861,0,0
2871,2862,0,0
2871,2863,0,0
2871,2864,0,0
2871,2865,0,0
2871,2866,0,0
2871,2867,0,0
2871,2868,0,0
2871,2869,0,0
2871,2870,0,0
2871,2871,0,0
2871,2872,0,0
2871,2873,0,0
2871,2874,0,0
2871,2875,0,0
2871,2876,0,0
2871,2877,0,0
2871,2878,0,0
2871,2879,0,0
2871,2880,0,0
2871,2881,0,0
2871,2882,0,0
2871,2883,0,0
2871,2884,0,0
2871,2885,0,0
2871,2886,0,0
2871,2887,0,0
2871,2888,0,0
2871,2889,0,0
2871,2890,0,0
2871,2891,0,0
2871,2892,0,0
2871,2893,0,0
2871,2894,0,0
2871,2895,0,0
2871,2896,0,0
2871,2897,0,0
2871,2898,0,0
2871,2899,0,0
2872,2812,0,0
2872,2813,24,5
2872,2814,0,0
2872,2815,0,0
2872,2816,0,0
2872,2817,0,0
2872,2818,0,0
2872,2819,0,0
2872,2820,0,0
2872,2821,0,0
2872,2822,0,0
2872,2823,23,5
2872,2824,0,0
2872,2825,0,0
2872,2826,0,0
2872,2827,0,0
2872,2828,0,0
2872,2829,0,0
2872,2830,0,0
2872,2831,0,0
2872,2832,0,0
2872,2833,0,0
2872,2834,0,0
2872,2835,0,0
2872,2836,0,0
2872,2837,0,0
2872,2838,0,0
2872,2839,0,0
2872,2840,0,0
2872,2841,0,0
2872,2842,0,0
2872,2843,0,0
2872,2844,0,0
2872,2845,0,0
2872,2846,0,0
2872,2847,0,0
2872,2848,0,0
2872,2849,0,0
2872,2850,0,0
2872,2851,0,0
2872,2852,0,0
2872,2853,0,0
2872,2854,0,0
2872,2855,0,0
2872,2856,0,0
2872,2857,0,0
2872,2858,0,0
2872,2859,0,0
2872,2860,0,0
2872,2861,0,0
2872,2862,0,0
2872,2863,0,0
2872,2864,0,0
2872,2865,0,0
2872,2866,0,0
2872,2867,0,0
2872,2868,0,0
2872,2869,0,0
2872,2870,0,0
2872,2871,0,0
2872,2872,0,0
2872,2873,0,0
2872,2874,0,0
2872,2875,0,0
2872,2876,0,0
2872,2877,0,0
2872,2878,0,0
2872,2879,0,0
2872,2880,0,0
2872,2881,0,0
2872,2882,0,0
2872,2883,0,0
2872,2884,0,0
2872,2885,0,0
2872,2886,0,0
2872,2887,0,0
2872,2888,0,0
2872,2889,0,0
2872,2890,0,0
2872,2891,0,0
2872,2892,0,0
2872,2893,0,0
2872,2894,0,0
2872,2895,0,0
2872,2896,0,0
2872,2897,0,0
2872,2898,0,0
2872,2899,0,0
2873,2812,0,0
2873,2813,0,0
2873,2814,0,0
2873,2815,0,0
2873,2816,0,0
2873,2817,0,0
2873,2818,0,0
2873,2819,0,0
2873,2820,0,0
2873,2821,0,0
2873,2822,0,0
2873,2823,0,0
2873,2824,0,0
2873,2825,0,0
2873,2826,0,0
2873,2827,0,0
2873,2828,0,0
2873,2829,0,0
2873,2830,0,0
2873,2831,0,0
2873,2832,0,0
2873,2833,0,0
2873,2834,0,0
2873,2835,0,0
2873,2836,0,0
2873,2837,0,0
2873,2838,0,0
2873,2839,0,0
2873,2840,0,0
2873,2841,0,0
2873,2842,0,0
2873,2843,0,0
2873,2844,0,0
2873,2845,0,0
2873,2846,0,0
2873,2847,0,0
2873,2848,0,0
2873,2849,0,0
2873,2850,0,0
2873,2851,0,0
2873,2852,0,0
2873,2853,0,0
2873,2854,0,0
2873,2855,0,0
2873,2856,0,0
2873,2857,0,0
2873,2858,0,0
2873,2859,0,0
2873,2860,0,0
2873,2861,0,0
2873,2862,0,0
2873,2863,0,0
2873,2864,0,0
2873,2865,0,0
2873,2866,0,0
2873,2867,0,0
2873,2868,0,0
2873,2869,0,0
2873,2870,0,0
2873,2871,0,0
2873,2872,0,0
2873,2873,0,0
2873,2874,0,0
2873,2875,0,0
2873,2876,0,0
2873,2877,0,0
2873,2878,0,0
2873,2879,0,0
2873,2880,0,0
2873,2881,0,0
2873,2882,0,0
2873,2883,0,0
2873,2884,0,0
2873,2885,0,0
2873,2886,0,0
2873,2887,0,0
2873,2888,0,0
2873,2889,0,0
2873,2890,0,0
2873,2891,0,0
2873,2892,0,0
2873,2893,0,0
2873,2894,0,0
2873,2895,0,0
2873,2896,0,0
2873,2897,0,0
2873,2898,0,0
2873,2899,0,0
2874,2812,0,0
2874,2813,0,0
2874,2814,0,0
2874,2815,0,0
2874,2816,0,0
2874,2817,0,0
2874,2818,0,0
2874,2819,0,0
2874,2820,0,0
2874,2821,0,0
2874,2822,0,0
2874,2823,0,0
2874,2824,0,0
2874,2825,0,0
2874,2826,0,0
2874,2827,0,0
2874,2828,0,0
2874,2829,0,0
2874,2830,0,0
2874,2831,0,0
2874,2832,0,0
2874,2833,0,0
2874,2834,0,0
2874,2835,0,0
2874,2836,0,0
2874,2837,0,0
2874,2838,0,0
2874,2839,0,0
2874,2840,0,0
2874,2841,0,0
2874,2842,0,0
2874,2843,0,0
2874,2844,0,0
2874,2845,0,0
2874,2846,0,0
2874,2847,0,0
2874,2848,0,0
2874,2849,0,0
2874,2850,0,0
2874,2851,0,0
2874,2852,0,0
2874,2853,0,0
2874,2854,0,0
2874,2855,0,0
2874,2856,0,0
2874,2857,0,0
2874,2858,0,0
2874,2859,0,0
2874,2860,0,0
2874,2861,0,0
2874,2862,0,0
2874,2863,0,0
2874,2864,0,0
2874,2865,0,0
2874,2866,0,0
2874,2867,0,0
2874,2868,0,0
2874,2869,0,0
2874,2870,0,0
2874,2871,0,0
2874,2872,0,0
2874,2873,0,0
2874,2874,0,0
2874,2875,0,0
2874,2876,0,0
2874,2877,0,0
2874,2878,0,0
2874,2879,0,0
2874,2880,0,0
2874,2881,0,0
2874,2882,0,0
2874,2883,0,0
2874,2884,0,0
2874,2885,0,0
2874,2886,0,0
2874,2887,0,0
2874,2888,0,0
2874,2889,0,0
2874,2890,0,0
2874,2891,0,0
2874,2892,0,0
2874,2893,0,0
2874,2894,0,0
2874,2895,0,0
2874,2896,0,0
2874,2897,0,0
2874,2898,0,0
2874,2899,0,0
2875,2812,0,0
2875,2813,2,5
2875,2814,0,0
2875,2815,0,0
2875,2816,0,0
2875,2817,0,0
2875,2818,0,0
2875,2819,0,0
2875,2820,0,0
2875,2821,0,0
2875,2822,0,0
2875,2823,0,0
2875,2824,0,0
2875,2825,0,0
2875,2826,0,0
2875,2827,0,0
2875,2828,0,0
2875,2829,0,0
2875,2830,0,0
2875,2831,0,0
2875,2832,0,0
2875,2833,0,0
2875,2834,0,0
2875,2835,0,0
2875,2836,0,0
2875,2837,0,0
2875,2838,0,0
2875,2839,0,0
2875,2840,0,0
2875,2841,0,0
2875,2842,0,0
2875,2843,0,0
2875,2844,0,0
2875,2845,0,0
2875,2846,0,0
2875,2847,0,0
2875,2848,0,0
2875,2849,0,0
2875,2850,0,0
2875,2851,0,0
2875,2852,0,0
2875,2853,0,0
2875,2854,0,0
2875,2855,0,0
2875,2856,0,0
2875,2857,0,0
2875,2858,0,0
2875,2859,0,0
2875,2860,0,0
2875,2861,0,0
2875,2862,0,0
2875,2863,0,0
2875,2864,0,0
2875,2865,0,0
2875,2866,0,0
2875,2867,0,0
2875,2868,0,0
2875,2869,0,0
2875,2870,0,0
2875,2871,0,0
2875,2872,0,0
2875,2873,0,0
2875,2874,0,0
2875,2875,0,0
2875,2876,0,0
2875,2877,0,0
2875,2878,0,0
2875,2879,0,0
2875,2880,0,0
2875,2881,0,0
2875,2882,0,0
2875,2883,0,0
2875,2884,0,0
2875,2885,0,0
2875,2886,0,0
2875,2887,0,0
2875,2888,0,0
2875,2889,0,0
2875,2890,0,0
2875,2891,0,0
2875,2892,0,0
2875,2893,0,0
2875,2894,0,0
2875,2895,0,0
2875,2896,0,0
2875,2897,0,0
2875,2898,0,0
2875,2899,0,0
2876,2812,0,0
2876,2813,0,0
2876,2814,0,0
2876,2815,0,0
2876,2816,0,0
2876,2817,0,0
2876,2818,0,0
2876,2819,0,0
2876,2820,0,0
2876,2821,0,0
2876,2822,0,0
2876,2823,0,0
2876,2824,0,0
2876,2825,0,0
2876,2826,0,0
2876,2827,0,0
2876,2828,0,0
2876,2829,0,0
2876,2830,0,0
2876,2831,0,0
2876,2832,0,0
2876,2833,0,0
2876,2834,0,0
2876,2835,0,0
2876,2836,0,0
2876,2837,0,0
2876,2838,0,0
2876,2839,0,0
2876,2840,0,0
2876,2841,0,0
2876,2842,0,0
2876,2843,0,0
2876,2844,0,0
2876,2845,0,0
2876,2846,0,0
2876,2847,0,0
2876,2848,0,0
2876,2849,0,0
2876,2850,0,0
2876,2851,0,0
2876,2852,0,0
2876,2853,0,0
2876,2854,0,0
2876,2855,0,0
2876,2856,0,0
2876,2857,0,0
2876,2858,0,0
2876,2859,0,0
2876,2860,0,0
2876,2861,0,0
2876,2862,0,0
2876,2863,0,0
2876,2864,0,0
2876,2865,0,0
2876,2866,0,0
2876,2867,0,0
2876,2868,0,0
2876,2869,0,0
2876,2870,0,0
2876,2871,0,0
2876,2872,0,0
2876,2873,0,0
2876,2874,0,0
2876,2875,0,0
2876,2876,0,0
2876,2877,0,0
2876,2878,0,0
2876,2879,0,0
2876,2880,0,0
2876,2881,0,0
2876,2882,0,0
2876,2883,0,0
2876,2884,0,0
2876,2885,0,0
2876,2886,0,0
2876,2887,0,0
2876,2888,0,0
2876,2889,0,0
2876,2890,0,0
2876,2891,0,0
2876,2892,0,0
2876,2893,0,0
2876,2894,0,0
2876,2895,0,0
2876,2896,0,0
2876,2897,0,0
2876,2898,0,0
2876,2899,0,0
2877,2812,0,0
2877,2813,0,0
2877,2814,0,0
2877,2815,0,0
2877,2816,0,0
2877,2817,0,0
2877,2818,0,0
2877,2819,0,0
2877,2820,0,0
2877,2821,0,0
2877,2822,0,0
2877,2823,0,0
2877,2824,0,0
2877,2825,0,0
2877,2826,0,0
2877,2827,0,0
2877,2828,0,0
2877,2829,0,0
2877,2830,0,0
2877,2831,0,0
2877,2832,0,0
2877,2833,0,0
2877,2834,0,0
2877,2835,0,0
2877,2836,0,0
2877,2837,0,0
2877,2838,0,0
2877,2839,0,0
2877,2840,0,0
2877,2841,0,0
2877,2842,0,0
2877,2843,0,0
2877,2844,0,0
2877,2845,0,0
2877,2846,0,0
2877,2847,0,0
2877,2848,0,0
2877,2849,0,0
2877,2850,0,0
2877,2851,0,0
2877,2852,0,0
2877,2853,0,0
2877,2854,0,0
2877,2855,0,0
2877,2856,0,0
2877,2857,0,0
2877,2858,0,0
2877,2859,0,0
2877,2860,0,0
2877,2861,0,0
2877,2862,0,0
2877,2863,0,0
2877,2864,0,0
2877,2865,0,0
2877,2866,0,0
2877,2867,0,0
2877,2868,0,0
2877,2869,0,0
2877,2870,0,0
2877,2871,0,0
2877,2872,0,0
2877,2873,0,0
2877,2874,0,0
2877,2875,0,0
2877,2876,0,0
2877,2877,0,0
2877,2878,0,0
2877,2879,0,0
2877,2880,0,0
2877,2881,0,0
2877,2882,0,0
2877,2883,0,0
2877,2884,0,0
2877,2885,0,0
2877,2886,0,0
2877,2887,0,0
2877,2888,0,0
2877,2889,0,0
2877,2890,0,0
2877,2891,0,0
2877,2892,0,0
2877,2893,0,0
2877,2894,0,0
2877,2895,0,0
2877,2896,0,0
2877,2897,0,0
2877,2898,0,0
2877,2899,0,0
2878,2812,0,0
2878,2813,6,5
2878,2814,0,0
2878,2815,0,0
2878,2816,0,0
2878,2817,0,0
2878,2818,0,0
2878,2819,0,0
2878,2820,0,0
2878,2821,0,0
2878,2822,0,0
2878,2823,0,0
2878,2824,0,0
2878,2825,0,0
2878,2826,0,0
2878,2827,0,0
2878,2828,0,0
2878,2829,0,0
2878,2830,0,0
2878,2831,0,0
2878,2832,0,0
2878,2833,0,0
2878,2834,0,0
2878,2835,0,0
2878,2836,0,0
2878,2837,0,0
2878,2838,0,0
2878,2839,0,0
2878,2840,0,0
2878,2841,0,0
2878,2842,0,0
2878,2843,0,0
2878,2844,0,0
2878,2845,0,0
2878,2846,0,0
2878,2847,0,0
2878,2848,0,0
2878,2849,0,0
2878,2850,0,0
2878,2851,0,0
2878,2852,0,0
2878,2853,0,0
2878,2854,0,0
2878,2855,0,0
2878,2856,0,0
2878,2857,0,0
2878,2858,0,0
2878,2859,0,0
2878,2860,0,0
2878,2861,0,0
2878,2862,0,0
2878,2863,0,0
2878,2864,0,0
2878,2865,0,0
2878,2866,0,0
2878,2867,0,0
2878,2868,0,0
2878,2869,0,0
2878,2870,0,0
2878,2871,0,0
2878,2872,0,0
2878,2873,0,0
2878,2874,0,0
2878,2875,0,0
2878,2876,0,0
2878,2877,0,0
2878,2878,0,0
2878,2879,0,0
2878,2880,0,0
2878,2881,0,0
2878,2882,0,0
2878,2883,0,0
2878,2884,0,0
2878,2885,0,0
2878,2886,0,0
2878,2887,0,0
2878,2888,0,0
2878,2889,0,0
2878,2890,0,0
2878,2891,0,0
2878,2892,0,0
2878,2893,0,0
2878,2894,0,0
2878,2895,0,0
2878,2896,0,0
2878,2897,0,0
2878,2898,0,0
2878,2899,0,0
2879,2812,0,0
2879,2813,0,0
2879,2814,0,0
2879,2815,0,0
2879,2816,0,0
2879,2817,0,0
2879,2818,0,0
2879,2819,0,0
2879,2820,0,0
2879,2821,0,0
2879,2822,0,0
2879,2823,0,0
2879,2824,0,0
2879,2825,0,0
2879,2826,0,0
2879,2827,0,0
2879,2828,0,0
2879,2829,0,0
2879,2830,0,0
2879,2831,0,0
2879,2832,0,0
2879,2833,0,0
2879,2834,0,0
2879,2835,0,0
2879,2836,0,0
2879,2837,0,0
2879,2838,0,0
2879,2839,0,0
2879,2840,0,0
2879,2841,0,0
2879,2842,0,0
2879,2843,0,0
2879,2844,0,0
2879,2845,0,0
2879,2846,0,0
2879,2847,0,0
2879,2848,0,0
2879,2849,0,0
2879,2850,0,0
2879,2851,0,0
2879,2852,0,0
2879,2853,0,0
2879,2854,0,0
2879,2855,0,0
2879,2856,0,0
2879,2857,0,0
2879,2858,0,0
2879,2859,0,0
2879,2860,0,0
2879,2861,0,0
2879,2862,0,0
2879,2863,0,0
2879,2864,0,0
2879,2865,0,0
2879,2866,0,0
2879,2867,0,0
2879,2868,0,0
2879,2869,0,0
2879,2870,0,0
2879,2871,0,0
2879,2872,0,0
2879,2873,0,0
2879,2874,0,0
2879,2875,0,0
2879,2876,0,0
2879,2877,0,0
2879,2878,0,0
2879,2879,0,0
2879,2880,0,0
2879,2881,0,0
2879,2882,0,0
2879,2883,0,0
2879,2884,0,0
2879,2885,0,0
2879,2886,0,0
2879,2887,0,0
2879,2888,0,0
2879,2889,0,0
2879,2890,0,0
2879,2891,0,0
2879,2892,0,0
2879,2893,0,0
2879,2894,0,0
2879,2895,0,0
2879,2896,0,0
2879,2897,0,0
2879,2898,0,0
2879,2899,0,0
2880,2812,0,0
2880,2813,0,0
2880,2814,0,0
2880,2815,0,0
2880,2816,0,0
2880,2817,0,0
2880,2818,0,0
2880,2819,0,0
2880,2820,0,0
2880,2821,0,0
2880,2822,0,0
2880,2823,0,0
2880,2824,0,0
2880,2825,0,0
2880,2826,0,0
2880,2827,0,0
2880,2828,0,0
2880,2829,0,0
2880,2830,0,0
2880,2831,0,0
2880,2832,0,0
2880,2833,0,0
2880,2834,0,0
2880,2835,0,0
2880,2836,0,0
2880,2837,0,0
2880,2838,0,0
2880,2839,0,0
2880,2840,0,0
2880,2841,0,0
2880,2842,0,0
2880,2843,0,0
2880,2844,0,0
2880,2845,0,0
2880,2846,0,0
2880,2847,0,0
2880,2848,0,0
2880,2849,0,0
2880,2850,0,0
2880,2851,0,0
2880,2852,0,0
2880,2853,0,0
2880,2854,0,0
2880,2855,0,0
2880,2856,0,0
2880,2857,0,0
2880,2858,0,0
2880,2859,0,0
2880,2860,0,0
2880,2861,0,0
2880,2862,0,0
2880,2863,0,0
2880,2864,0,0
2880,2865,0,0
2880,2866,0,0
2880,2867,0,0
2880,2868,0,0
2880,2869,0,0
2880,2870,0,0
2880,2871,0,0
2880,2872,0,0
2880,2873,0,0
2880,2874,0,0
2880,2875,0,0
2880,2876,0,0
2880,2877,0,0
2880,2878,0,0
2880,2879,0,0
2880,2880,0,0
2880,2881,0,0
2880,2882,0,0
2880,2883,0,0
2880,2884,0,0
2880,2885,0,0
2880,2886,0,0
2880,2887,0,0
2880,2888,0,0
2880,2889,0,0
2880,2890,0,0
2880,2891,0,0
2880,2892,0,0
2880,2893,0,0
2880,2894,0,0
2880,2895,0,0
2880,2896,0,0
2880,2897,0,0
2880,2898,0,0
2880,2899,0,0
2881,2812,0,0
2881,2813,8,5
2881,2814,0,0
2881,2815,0,0
2881,2816,0,0
2881,2817,0,0
2881,2818,0,0
2881,2819,0,0
2881,2820,0,0
2881,2821,0,0
2881,2822,0,0
2881,2823,0,0
2881,2824,0,0
2881,2825,0,0
2881,2826,0,0
2881,2827,0,0
2881,2828,0,0
2881,2829,0,0
2881,2830,0,0
2881,2831,0,0
2881,2832,0,0
2881,2833,0,0
2881,2834,0,0
2881,2835,0,0
2881,2836,0,0
2881,2837,0,0
2881,2838,0,0
2881,2839,0,0
2881,2840,0,0
2881,2841,0,0
2881,2842,0,0
2881,2843,0,0
2881,2844,0,0
2881,2845,0,0
2881,2846,0,0
2881,2847,0,0
2881,2848,0,0
2881,2849,0,0
2881,2850,0,0
2881,2851,0,0
2881,2852,0,0
2881,2853,0,0
2881,2854,0,0
2881,2855,0,0
2881,2856,0,0
2881,2857,0,0
2881,2858,0,0
2881,2859,0,0
2881,2860,0,0
2881,2861,0,0
2881,2862,0,0
2881,2863,0,0
2881,2864,0,0
2881,2865,0,0
2881,2866,0,0
2881,2867,0,0
2881,2868,0,0
2881,2869,0,0
2881,2870,0,0
2881,2871,0,0
2881,2872,0,0
2881,2873,0,0
2881,2874,0,0
2881,2875,0,0
2881,2876,0,0
2881,2877,0,0
2881,2878,0,0
2881,2879,0,0
2881,2880,0,0
2881,2881,0,0
2881,2882,0,0
2881,2883,0,0
2881,2884,0,0
2881,2885,0,0
2881,2886,0,0
2881,2887,0,0
2881,2888,0,0
2881,2889,0,0
2881,2890,0,0
2881,2891,0,0
2881,2892,0,0
2881,2893,0,0
2881,2894,0,0
2881,2895,0,0
2881,2896,0,0
2881,2897,0,0
2881,2898,0,0
2881,2899,0,0
2882,2812,0,0
2882,2813,0,0
2882,2814,0,0
2882,2815,0,0
2882,2816,0,0
2882,2817,0,0
2882,2818,0,0
2882,2819,0,0
2882,2820,0,0
2882,2821,0,0
2882,2822,0,0
2882,2823,0,0
2882,2824,0,0
2882,2825,0,0
2882,2826,0,0
2882,2827,0,0
2882,2828,0,0
2882,2829,0,0
2882,2830,0,0
2882,2831,0,0
2882,2832,0,0
2882,2833,0,0
2882,2834,0,0
2882,2835,0,0
2882,2836,0,0
2882,2837,0,0
2882,2838,0,0
2882,2839,0,0
2882,2840,0,0
2882,2841,0,0
2882,2842,0,0
2882,2843,0,0
2882,2844,0,0
2882,2845,0,0
2882,2846,0,0
2882,2847,0,0
2882,2848,0,0
2882,2849,0,0
2882,2850,0,0
2882,2851,0,0
2882,2852,0,0
2882,2853,0,0
2882,2854,0,0
2882,2855,0,0
2882,2856,0,0
2882,2857,0,0
2882,2858,0,0
2882,2859,0,0
2882,2860,0,0
2882,2861,0,0
2882,2862,0,0
2882,2863,0,0
2882,2864,0,0
2882,2865,0,0
2882,2866,0,0
2882,2867,0,0
2882,2868,0,0
2882,2869,0,0
2882,2870,0,0
2882,2871,0,0
2882,2872,0,0
2882,2873,0,0
2882,2874,0,0
2882,2875,0,0
2882,2876,0,0
2882,2877,0,0
2882,2878,0,0
2882,2879,0,0
2882,2880,0,0
2882,2881,0,0
2882,2882,0,0
2882,2883,0,0
2882,2884,0,0
2882,2885,0,0
2882,2886,0,0
2882,2887,0,0
2882,2888,0,0
2882,2889,0,0
2882,2890,0,0
2882,2891,0,0
2882,2892,0,0
2882,2893,0,0
2882,2894,0,0
2882,2895,0,0
2882,2896,0,0
2882,2897,0,0
2882,2898,0,0
2882,2899,0,0
2883,2812,0,0
2883,2813,0,0
2883,2814,0,0
2883,2815,0,0
2883,2816,0,0
2883,2817,0,0
2883,2818,0,0
2883,2819,0,0
2883,2820,0,0
2883,2821,0,0
2883,2822,0,0
2883,2823,0,0
2883,2824,0,0
2883,2825,0,0
2883,2826,0,0
2883,2827,0,0
2883,2828,0,0
2883,2829,0,0
2883,2830,0,0
2883,2831,0,0
2883,2832,0,0
2883,2833,0,0
2883,2834,0,0
2883,2835,0,0
2883,2836,0,0
2883,2837,0,0
2883,2838,0,0
2883,2839,0,0
2883,2840,0,0
2883,2841,0,0
2883,2842,0,0
2883,2843,0,0
2883,2844,0,0
2883,2845,0,0
2883,2846,0,0
2883,2847,0,0
2883,2848,0,0
2883,2849,0,0
2883,2850,0,0
2883,2851,0,0
2883,2852,0,0
2883,2853,0,0
2883,2854,0,0
2883,2855,0,0
2883,2856,0,0
2883,2857,0,0
2883,2858,0,0
2883,2859,0,0
2883,2860,0,0
2883,2861,0,0
2883,2862,0,0
2883,2863,0,0
2883,2864,0,0
2883,2865,0,0
2883,2866,0,0
2883,2867,0,0
2883,2868,0,0
2883,2869,0,0
2883,2870,0,0
2883,2871,0,0
2883,2872,0,0
2883,2873,0,0
2883,2874,0,0
2883,2875,0,0
2883,2876,0,0
2883,2877,0,0
2883,2878,0,0
2883,2879,0,0
2883,2880,0,0
2883,2881,0,0
2883,2882,0,0
2883,2883,0,0
2883,2884,0,0
2883,2885,0,0
2883,2886,0,0
2883,2887,0,0
2883,2888,0,0
2883,2889,0,0
2883,2890,0,0
2883,2891,0,0
2883,2892,0,0
2883,2893,0,0
2883,2894,0,0
2883,2895,0,0
2883,2896,0,0
2883,2897,0,0
2883,2898,0,0
2883,2899,0,0
2884,2812,0,0
2884,2813,0,0
2884,2814,0,0
2884,2815,0,0
2884,2816,0,0
2884,2817,0,0
2884,2818,0,0
2884,2819,0,0
2884,2820,0,0
2884,2821,0,0
2884,2822,0,0
2884,2823,0,0
2884,2824,0,0
2884,2825,0,0
2884,2826,0,0
2884,2827,0,0
2884,2828,0,0
2884,2829,0,0
2884,2830,0,0
2884,2831,0,0
2884,2832,0,0
2884,2833,0,0
2884,2834,0,0
2884,2835,0,0
2884,2836,0,0
2884,2837,0,0
2884,2838,0,0
2884,2839,0,0
2884,2840,0,0
2884,2841,0,0
2884,2842,0,0
2884,2843,0,0
2884,2844,0,0
2884,2845,0,0
2884,2846,0,0
2884,2847,0,0
2884,2848,0,0
2884,2849,0,0
2884,2850,0,0
2884,2851,0,0
2884,2852,0,0
2884,2853,0,0
2884,2854,0,0
2884,2855,0,0
2884,2856,0,0
2884,2857,0,0
2884,2858,0,0
2884,2859,0,0
2884,2860,0,0
2884,2861,0,0
2884,2862,0,0
2884,2863,0,0
2884,2864,0,0
2884,2865,0,0
2884,2866,0,0
2884,2867,0,0
2884,2868,0,0
2884,2869,0,0
2884,2870,0,0
2884,2871,0,0
2884,2872,0,0
2884,2873,0,0
2884,2874,0,0
2884,2875,0,0
2884,2876,0,0
2884,2877,0,0
2884,2878,0,0
2884,2879,0,0
2884,2880,0,0
2884,2881,0,0
2884,2882,0,0
2884,2883,0,0
2884,2884,0,0
2884,2885,0,0
2884,2886,0,0
2884,2887,0,0
2884,2888,0,0
2884,2889,0,0
2884,2890,0,0
2884,2891,0,0
2884,2892,0,0
2884,2893,0,0
2884,2894,0,0
2884,2895,0,0
2884,2896,0,0
2884,2897,0,0
2884,2898,0,0
2884,2899,0,0
2885,2812,0,0
2885,2813,0,0
2885,2814,0,0
2885,2815,0,0
2885,2816,0,0
2885,2817,0,0
2885,2818,0,0
2885,2819,0,0
2885,2820,0,0
2885,2821,0,0
2885,2822,0,0
2885,2823,0,0
2885,2824,0,0
2885,2825,0,0
2885,2826,0,0
2885,2827,0,0
2885,2828,0,0
2885,2829,0,0
2885,2830,0,0
2885,2831,0,0
2885,2832,0,0
2885,2833,0,0
2885,2834,0,0
2885,2835,0,0
2885,2836,0,0
2885,2837,0,0
2885,2838,0,0
2885,2839,0,0
2885,2840,0,0
2885,2841,0,0
2885,2842,0,0
2885,2843,0,0
2885,2844,0,0
2885,2845,0,0
2885,2846,0,0
2885,2847,0,0
2885,2848,0,0
2885,2849,0,0
2885,2850,0,0
2885,2851,0,0
2885,2852,0,0
2885,2853,0,0
2885,2854,0,0
2885,2855,0,0
2885,2856,0,0
2885,2857,0,0
2885,2858,0,0
2885,2859,0,0
2885,2860,0,0
2885,2861,0,0
2885,2862,0,0
2885,2863,0,0
2885,2864,0,0
2885,2865,0,0
2885,2866,0,0
2885,2867,0,0
2885,2868,0,0
2885,2869,0,0
2885,2870,0,0
2885,2871,0,0
2885,2872,0,0
2885,2873,0,0
2885,2874,0,0
2885,2875,0,0
2885,2876,0,0
2885,2877,0,0
2885,2878,0,0
2885,2879,0,0
2885,2880,0,0
2885,2881,0,0
2885,2882,0,0
2885,2883,0,0
2885,2884,0,0
2885,2885,0,0
2885,2886,0,0
2885,2887,0,0
2885,2888,0,0
2885,2889,1,7
2885,2890,1,7
2885,2891,9,7
2885,2892,0,0
2885,2893,1,7
2885,2894,12,7
2885,2895,21,7
2885,2896,1306,3
2885,2897,0,0
2885,2898,9,3
2885,2899,0,0
2886,2812,0,0
2886,2813,3,5
2886,2814,0,0
2886,2815,0,0
2886,2816,0,0
2886,2817,0,0
2886,2818,0,0
2886,2819,0,0
2886,2820,0,0
2886,2821,0,0
2886,2822,0,0
2886,2823,0,0
2886,2824,0,0
2886,2825,0,0
2886,2826,0,0
2886,2827,0,0
2886,2828,0,0
2886,2829,0,0
2886,2830,0,0
2886,2831,0,0
2886,2832,0,0
2886,2833,0,0
2886,2834,0,0
2886,2835,0,0
2886,2836,0,0
2886,2837,0,0
2886,2838,0,0
2886,2839,0,0
2886,2840,0,0
2886,2841,0,0
2886,2842,0,0
2886,2843,0,0
2886,2844,0,0
2886,2845,0,0
2886,2846,0,0
2886,2847,0,0
2886,2848,0,0
2886,2849,0,0
2886,2850,0,0
2886,2851,0,0
2886,2852,0,0
2886,2853,0,0
2886,2854,0,0
2886,2855,0,0
2886,2856,0,0
2886,2857,0,0
2886,2858,0,0
2886,2859,0,0
2886,2860,0,0
2886,2861,0,0
2886,2862,0,0
2886,2863,0,0
2886,2864,0,0
2886,2865,0,0
2886,2866,0,0
2886,2867,0,0
2886,2868,0,0
2886,2869,0,0
2886,2870,0,0
2886,2871,0,0
2886,2872,0,0
2886,2873,0,0
2886,2874,0,0
2886,2875,0,0
2886,2876,0,0
2886,2877,0,0
2886,2878,0,0
2886,2879,0,0
2886,2880,0,0
2886,2881,0,0
2886,2882,1,7
2886,2883,0,0
2886,2884,0,0
2886,2885,0,0
2886,2886,0,0
2886,2887,0,0
2886,2888,0,0
2886,2889,0,0
2886,2890,0,0
2886,2891,0,0
2886,2892,0,0
2886,2893,0,0
2886,2894,0,0
2886,2895,0,0
2886,2896,0,0
2886,2897,0,0
2886,2898,0,0
2886,2899,0,0
2887,2812,0,0
2887,2813,0,0
2887,2814,0,0
2887,2815,0,0
2887,2816,0,0
2887,2817,0,0
2887,2818,0,0
2887,2819,0,0
2887,2820,0,0
2887,2821,0,0
2887,2822,0,0
2887,2823,0,0
2887,2824,0,0
2887,2825,0,0
2887,2826,0,0
2887,2827,0,0
2887,2828,0,0
2887,2829,0,0
2887,2830,0,0
2887,2831,0,0
2887,2832,0,0
2887,2833,0,0
2887,2834,0,0
2887,2835,0,0
2887,2836,0,0
2887,2837,0,0
2887,2838,0,0
2887,2839,0,0
2887,2840,0,0
2887,2841,0,0
2887,2842,0,0
2887,2843,0,0
2887,2844,0,0
2887,2845,0,0
2887,2846,0,0
2887,2847,0,0
2887,2848,0,0
2887,2849,0,0
2887,2850,0,0
2887,2851,0,0
2887,2852,0,0
2887,2853,0,0
2887,2854,0,0
2887,2855,0,0
2887,2856,0,0
2887,2857,0,0
2887,2858,0,0
2887,2859,0,0
2887,2860,0,0
2887,2861,0,0
2887,2862,0,0
2887,2863,0,0
2887,2864,0,0
2887,2865,0,0
2887,2866,0,0
2887,2867,0,0
2887,2868,0,0
2887,2869,0,0
2887,2870,0,0
2887,2871,0,0
2887,2872,0,0
2887,2873,0,0
2887,2874,0,0
2887,2875,0,0
2887,2876,0,0
2887,2877,0,0
2887,2878,0,0
2887,2879,0,0
2887,2880,0,0
2887,2881,0,0
2887,2882,0,0
2887,2883,0,0
2887,2884,0,0
2887,2885,0,0
2887,2886,0,0
2887,2887,0,0
2887,2888,0,0
2887,2889,0,0
2887,2890,0,0
2887,2891,0,0
2887,2892,0,0
2887,2893,0,0
2887,2894,0,0
2887,2895,0,0
2887,2896,0,0
2887,2897,0,0
2887,2898,0,0
2887,2899,0,0
2888,2812,0,0
2888,2813,0,0
2888,2814,0,0
2888,2815,0,0
2888,2816,0,0
2888,2817,0,0
2888,2818,0,0
2888,2819,0,0
2888,2820,0,0
2888,2821,0,0
2888,2822,0,0
2888,2823,0,0
2888,2824,0,0
2888,2825,0,0
2888,2826,0,0
2888,2827,0,0
2888,2828,0,0
2888,2829,0,0
2888,2830,0,0
2888,2831,0,0
2888,2832,0,0
2888,2833,0,0
2888,2834,0,0
2888,2835,0,0
2888,2836,0,0
2888,2837,0,0
2888,2838,0,0
2888,2839,0,0
2888,2840,0,0
2888,2841,0,0
2888,2842,0,0
2888,2843,0,0
2888,2844,0,0
2888,2845,0,0
2888,2846,0,0
2888,2847,0,0
2888,2848,0,0
2888,2849,0,0
2888,2850,0,0
2888,2851,0,0
2888,2852,0,0
2888,2853,0,0
2888,2854,0,0
2888,2855,0,0
2888,2856,0,0
2888,2857,0,0
2888,2858,0,0
2888,2859,0,0
2888,2860,0,0
2888,2861,0,0
2888,2862,0,0
2888,2863,0,0
2888,2864,0,0
2888,2865,0,0
2888,2866,0,0
2888,2867,0,0
2888,2868,0,0
2888,2869,0,0
2888,2870,0,0
2888,2871,0,0
2888,2872,0,0
2888,2873,0,0
2888,2874,0,0
2888,2875,0,0
2888,2876,0,0
2888,2877,0,0
2888,2878,0,0
2888,2879,0,0
2888,2880,0,0
2888,2881,0,0
2888,2882,0,0
2888,2883,0,0
2888,2884,0,0
2888,2885,0,0
2888,2886,0,0
2888,2887,0,0
2888,2888,0,0
2888,2889,0,0
2888,2890,0,0
2888,2891,0,0
2888,2892,0,0
2888,2893,0,0
2888,2894,0,0
2888,2895,0,0
2888,2896,0,0
2888,2897,0,0
2888,2898,0,0
2888,2899,0,0
2889,2812,0,0
2889,2813,0,0
2889,2814,0,0
2889,2815,0,0
2889,2816,0,0
2889,2817,0,0
2889,2818,0,0
2889,2819,0,0
2889,2820,0,0
2889,2821,0,0
2889,2822,0,0
2889,2823,0,0
2889,2824,0,0
2889,2825,0,0
2889,2826,0,0
2889,2827,0,0
2889,2828,0,0
2889,2829,0,0
2889,2830,0,0
2889,2831,0,0
2889,2832,0,0
2889,2833,0,0
2889,2834,0,0
2889,2835,0,0
2889,2836,0,0
2889,2837,0,0
2889,2838,0,0
2889,2839,0,0
2889,2840,0,0
2889,2841,0,0
2889,2842,0,0
2889,2843,0,0
2889,2844,0,0
2889,2845,0,0
2889,2846,0,0
2889,2847,0,0
2889,2848,0,0
2889,2849,0,0
2889,2850,0,0
2889,2851,0,0
2889,2852,0,0
2889,2853,0,0
2889,2854,0,0
2889,2855,0,0
2889,2856,0,0
2889,2857,0,0
2889,2858,0,0
2889,2859,0,0
2889,2860,0,0
2889,2861,0,0
2889,2862,0,0
2889,2863,0,0
2889,2864,0,0
2889,2865,0,0
2889,2866,0,0
2889,2867,0,0
2889,2868,0,0
2889,2869,0,0
2889,2870,0,0
2889,2871,0,0
2889,2872,0,0
2889,2873,0,0
2889,2874,0,0
2889,2875,0,0
2889,2876,0,0
2889,2877,0,0
2889,2878,0,0
2889,2879,0,0
2889,2880,0,0
2889,2881,0,0
2889,2882,0,0
2889,2883,0,0
2889,2884,0,0
2889,2885,0,0
2889,2886,0,0
2889,2887,0,0
2889,2888,0,0
2889,2889,0,0
2889,2890,0,0
2889,2891,0,0
2889,2892,0,0
2889,2893,0,0
2889,2894,0,0
2889,2895,0,0
2889,2896,0,0
2889,2897,0,0
2889,2898,0,0
2889,2899,0,0
2890,2812,0,0
2890,2813,0,0
2890,2814,0,0
2890,2815,0,0
2890,2816,0,0
2890,2817,0,0
2890,2818,0,0
2890,2819,0,0
2890,2820,0,0
2890,2821,0,0
2890,2822,0,0
2890,2823,0,0
2890,2824,0,0
2890,2825,0,0
2890,2826,0,0
2890,2827,0,0
2890,2828,0,0
2890,2829,0,0
2890,2830,0,0
2890,2831,0,0
2890,2832,0,0
2890,2833,0,0
2890,2834,0,0
2890,2835,0,0
2890,2836,0,0
2890,2837,0,0
2890,2838,0,0
2890,2839,0,0
2890,2840,0,0
2890,2841,0,0
2890,2842,0,0
2890,2843,0,0
2890,2844,0,0
2890,2845,0,0
2890,2846,0,0
2890,2847,0,0
2890,2848,0,0
2890,2849,0,0
2890,2850,0,0
2890,2851,0,0
2890,2852,0,0
2890,2853,0,0
2890,2854,0,0
2890,2855,0,0
2890,2856,0,0
2890,2857,0,0
2890,2858,0,0
2890,2859,0,0
2890,2860,0,0
2890,2861,0,0
2890,2862,0,0
2890,2863,0,0
2890,2864,0,0
2890,2865,0,0
2890,2866,0,0
2890,2867,0,0
2890,2868,0,0
2890,2869,0,0
2890,2870,0,0
2890,2871,0,0
2890,2872,0,0
2890,2873,0,0
2890,2874,0,0
2890,2875,0,0
2890,2876,0,0
2890,2877,0,0
2890,2878,0,0
2890,2879,0,0
2890,2880,0,0
2890,2881,0,0
2890,2882,0,0
2890,2883,0,0
2890,2884,0,0
2890,2885,1,7
2890,2886,0,0
2890,2887,0,0
2890,2888,0,0
2890,2889,0,0
2890,2890,0,0
2890,2891,0,0
2890,2892,0,0
2890,2893,0,0
2890,2894,0,0
2890,2895,0,0
2890,2896,0,0
2890,2897,0,0
2890,2898,0,0
2890,2899,0,0
2891,2812,0,0
2891,2813,1,5
2891,2814,0,0
2891,2815,0,0
2891,2816,0,0
2891,2817,0,0
2891,2818,0,0
2891,2819,0,0
2891,2820,0,0
2891,2821,0,0
2891,2822,0,0
2891,2823,0,0
2891,2824,0,0
2891,2825,0,0
2891,2826,0,0
2891,2827,0,0
2891,2828,0,0
2891,2829,0,0
2891,2830,0,0
2891,2831,0,0
2891,2832,0,0
2891,2833,0,0
2891,2834,0,0
2891,2835,0,0
2891,2836,0,0
2891,2837,0,0
2891,2838,0,0
2891,2839,0,0
2891,2840,0,0
2891,2841,0,0
2891,2842,0,0
2891,2843,0,0
2891,2844,0,0
2891,2845,0,0
2891,2846,0,0
2891,2847,0,0
2891,2848,0,0
2891,2849,0,0
2891,2850,0,0
2891,2851,0,0
2891,2852,0,0
2891,2853,0,0
2891,2854,0,0
2891,2855,0,0
2891,2856,0,0
2891,2857,0,0
2891,2858,0,0
2891,2859,0,0
2891,2860,0,0
2891,2861,0,0
2891,2862,0,0
2891,2863,0,0
2891,2864,0,0
2891,2865,0,0
2891,2866,0,0
2891,2867,0,0
2891,2868,0,0
2891,2869,0,0
2891,2870,0,0
2891,2871,0,0
2891,2872,0,0
2891,2873,0,0
2891,2874,0,0
2891,2875,0,0
2891,2876,0,0
2891,2877,0,0
2891,2878,0,0
2891,2879,0,0
2891,2880,0,0
2891,2881,0,0
2891,2882,0,0
2891,2883,0,0
2891,2884,0,0
2891,2885,9,7
2891,2886,1,7
2891,2887,0,0
2891,2888,0,0
2891,2889,0,0
2891,2890,0,0
2891,2891,0,0
2891,2892,0,0
2891,2893,0,0
2891,2894,0,0
2891,2895,0,0
2891,2896,0,0
2891,2897,0,0
2891,2898,0,0
2891,2899,0,0
2892,2812,0,0
2892,2813,0,0
2892,2814,0,0
2892,2815,0,0
2892,2816,0,0
2892,2817,0,0
2892,2818,0,0
2892,2819,0,0
2892,2820,0,0
2892,2821,0,0
2892,2822,0,0
2892,2823,0,0
2892,2824,0,0
2892,2825,0,0
2892,2826,0,0
2892,2827,0,0
2892,2828,0,0
2892,2829,0,0
2892,2830,0,0
2892,2831,0,0
2892,2832,0,0
2892,2833,0,0
2892,2834,0,0
2892,2835,0,0
2892,2836,0,0
2892,2837,0,0
2892,2838,0,0
2892,2839,0,0
2892,2840,0,0
2892,2841,0,0
2892,2842,0,0
2892,2843,0,0
2892,2844,0,0
2892,2845,0,0
2892,2846,0,0
2892,2847,0,0
2892,2848,0,0
2892,2849,0,0
2892,2850,0,0
2892,2851,0,0
2892,2852,0,0
2892,2853,0,0
2892,2854,0,0
2892,2855,0,0
2892,2856,0,0
2892,2857,0,0
2892,2858,0,0
2892,2859,0,0
2892,2860,0,0
2892,2861,0,0
2892,2862,0,0
2892,2863,0,0
2892,2864,0,0
2892,2865,0,0
2892,2866,0,0
2892,2867,0,0
2892,2868,0,0
2892,2869,0,0
2892,2870,0,0
2892,2871,0,0
2892,2872,0,0
2892,2873,0,0
2892,2874,0,0
2892,2875,0,0
2892,2876,0,0
2892,2877,0,0
2892,2878,0,0
2892,2879,0,0
2892,2880,0,0
2892,2881,0,0
2892,2882,0,0
2892,2883,0,0
2892,2884,0,0
2892,2885,0,0
2892,2886,0,0
2892,2887,0,0
2892,2888,0,0
2892,2889,0,0
2892,2890,0,0
2892,2891,0,0
2892,2892,0,0
2892,2893,0,0
2892,2894,0,0
2892,2895,0,0
2892,2896,0,0
2892,2897,0,0
2892,2898,0,0
2892,2899,0,0
2893,2812,0,0
2893,2813,0,0
2893,2814,0,0
2893,2815,0,0
2893,2816,0,0
2893,2817,0,0
2893,2818,0,0
2893,2819,0,0
2893,2820,0,0
2893,2821,0,0
2893,2822,0,0
2893,2823,0,0
2893,2824,0,0
2893,2825,0,0
2893,2826,0,0
2893,2827,0,0
2893,2828,0,0
2893,2829,0,0
2893,2830,0,0
2893,2831,0,0
2893,2832,0,0
2893,2833,0,0
2893,2834,0,0
2893,2835,0,0
2893,2836,0,0
2893,2837,0,0
2893,2838,0,0
2893,2839,0,0
2893,2840,0,0
2893,2841,0,0
2893,2842,0,0
2893,2843,0,0
2893,2844,0,0
2893,2845,0,0
2893,2846,0,0
2893,2847,0,0
2893,2848,0,0
2893,2849,0,0
2893,2850,0,0
2893,2851,0,0
2893,2852,0,0
2893,2853,0,0
2893,2854,0,0
2893,2855,0,0
2893,2856,0,0
2893,2857,0,0
2893,2858,0,0
2893,2859,0,0
2893,2860,0,0
2893,2861,0,0
2893,2862,0,0
2893,2863,0,0
2893,2864,0,0
2893,2865,0,0
2893,2866,0,0
2893,2867,0,0
2893,2868,0,0
2893,2869,0,0
2893,2870,0,0
2893,2871,0,0
2893,2872,0,0
2893,2873,0,0
2893,2874,0,0
2893,2875,0,0
2893,2876,0,0
2893,2877,0,0
2893,2878,0,0
2893,2879,0,0
2893,2880,0,0
2893,2881,0,0
2893,2882,0,0
2893,2883,0,0
2893,2884,0,0
2893,2885,1,7
2893,2886,0,0
2893,2887,0,0
2893,2888,0,0
2893,2889,0,0
2893,2890,0,0
2893,2891,0,0
2893,2892,0,0
2893,2893,0,0
2893,2894,0,0
2893,2895,0,0
2893,2896,0,0
2893,2897,0,0
2893,2898,0,0
2893,2899,0,0
2894,2812,0,0
2894,2813,9,5
2894,2814,0,0
2894,2815,1,5
2894,2816,0,0
2894,2817,0,0
2894,2818,0,0
2894,2819,0,0
2894,2820,0,0
2894,2821,0,0
2894,2822,0,0
2894,2823,0,0
2894,2824,0,0
2894,2825,0,0
2894,2826,0,0
2894,2827,0,0
2894,2828,0,0
2894,2829,0,0
2894,2830,0,0
2894,2831,0,0
2894,2832,0,0
2894,2833,0,0
2894,2834,0,0
2894,2835,0,0
2894,2836,0,0
2894,2837,0,0
2894,2838,0,0
2894,2839,0,0
2894,2840,0,0
2894,2841,0,0
2894,2842,0,0
2894,2843,0,0
2894,2844,0,0
2894,2845,0,0
2894,2846,0,0
2894,2847,0,0
2894,2848,0,0
2894,2849,0,0
2894,2850,0,0
2894,2851,0,0
2894,2852,0,0
2894,2853,0,0
2894,2854,0,0
2894,2855,0,0
2894,2856,0,0
2894,2857,0,0
2894,2858,0,0
2894,2859,0,0
2894,2860,0,0
2894,2861,0,0
2894,2862,0,0
2894,2863,0,0
2894,2864,0,0
2894,2865,0,0
2894,2866,0,0
2894,2867,0,0
2894,2868,0,0
2894,2869,0,0
2894,2870,0,0
2894,2871,0,0
2894,2872,0,0
2894,2873,0,0
2894,2874,0,0
2894,2875,0,0
2894,2876,0,0
2894,2877,0,0
2894,2878,0,0
2894,2879,0,0
2894,2880,0,0
2894,2881,0,0
2894,2882,0,0
2894,2883,0,0
2894,2884,0,0
2894,2885,4,7
2894,2886,5,7
2894,2887,0,0
2894,2888,0,0
2894,2889,0,0
2894,2890,0,0
2894,2891,0,0
2894,2892,0,0
2894,2893,0,0
2894,2894,0,0
2894,2895,0,0
2894,2896,0,0
2894,2897,0,0
2894,2898,0,0
2894,2899,0,0
2895,2812,0,0
2895,2813,7,5
2895,2814,0,0
2895,2815,0,0
2895,2816,0,0
2895,2817,0,0
2895,2818,0,0
2895,2819,0,0
2895,2820,0,0
2895,2821,0,0
2895,2822,0,0
2895,2823,0,0
2895,2824,0,0
2895,2825,0,0
2895,2826,0,0
2895,2827,0,0
2895,2828,0,0
2895,2829,0,0
2895,2830,0,0
2895,2831,0,0
2895,2832,0,0
2895,2833,0,0
2895,2834,0,0
2895,2835,0,0
2895,2836,0,0
2895,2837,0,0
2895,2838,0,0
2895,2839,0,0
2895,2840,0,0
2895,2841,0,0
2895,2842,0,0
2895,2843,0,0
2895,2844,0,0
2895,2845,0,0
2895,2846,0,0
2895,2847,0,0
2895,2848,0,0
2895,2849,0,0
2895,2850,0,0
2895,2851,0,0
2895,2852,0,0
2895,2853,0,0
2895,2854,0,0
2895,2855,0,0
2895,2856,0,0
2895,2857,0,0
2895,2858,0,0
2895,2859,0,0
2895,2860,0,0
2895,2861,0,0
2895,2862,0,0
2895,2863,0,0
2895,2864,0,0
2895,2865,0,0
2895,2866,0,0
2895,2867,0,0
2895,2868,0,0
2895,2869,0,0
2895,2870,0,0
2895,2871,0,0
2895,2872,0,0
2895,2873,0,0
2895,2874,0,0
2895,2875,0,0
2895,2876,0,0
2895,2877,0,0
2895,2878,0,0
2895,2879,0,0
2895,2880,0,0
2895,2881,0,0
2895,2882,0,0
2895,2883,0,0
2895,2884,0,0
2895,2885,14,7
2895,2886,0,0
2895,2887,0,0
2895,2888,0,0
2895,2889,0,0
2895,2890,0,0
2895,2891,0,0
2895,2892,0,0
2895,2893,0,0
2895,2894,0,0
2895,2895,0,0
2895,2896,0,0
2895,2897,0,0
2895,2898,0,0
2895,2899,0,0
2896,2812,0,0
2896,2813,113,2
2896,2814,0,0
2896,2815,0,0
2896,2816,0,0
2896,2817,0,0
2896,2818,0,0
2896,2819,0,0
2896,2820,0,0
2896,2821,0,0
2896,2822,0,0
2896,2823,4,2
2896,2824,0,0
2896,2825,0,0
2896,2826,0,0
2896,2827,0,0
2896,2828,0,0
2896,2829,0,0
2896,2830,0,0
2896,2831,0,0
2896,2832,0,0
2896,2833,0,0
2896,2834,0,0
2896,2835,0,0
2896,2836,0,0
2896,2837,0,0
2896,2838,0,0
2896,2839,0,0
2896,2840,0,0
2896,2841,0,0
2896,2842,0,0
2896,2843,0,0
2896,2844,0,0
2896,2845,0,0
2896,2846,0,0
2896,2847,0,0
2896,2848,0,0
2896,2849,0,0
2896,2850,0,0
2896,2851,0,0
2896,2852,0,0
2896,2853,0,0
2896,2854,0,0
2896,2855,0,0
2896,2856,0,0
2896,2857,0,0
2896,2858,0,0
2896,2859,0,0
2896,2860,0,0
2896,2861,0,0
2896,2862,0,0
2896,2863,0,0
2896,2864,0,0
2896,2865,0,0
2896,2866,0,0
2896,2867,0,0
2896,2868,0,0
2896,2869,0,0
2896,2870,0,0
2896,2871,0,0
2896,2872,0,0
2896,2873,0,0
2896,2874,0,0
2896,2875,0,0
2896,2876,0,0
2896,2877,0,0
2896,2878,0,0
2896,2879,0,0
2896,2880,0,0
2896,2881,0,0
2896,2882,0,0
2896,2883,0,0
2896,2884,0,0
2896,2885,1277,4
2896,2886,0,0
2896,2887,0,0
2896,2888,0,0
2896,2889,0,0
2896,2890,0,0
2896,2891,0,0
2896,2892,0,0
2896,2893,0,0
2896,2894,0,0
2896,2895,0,0
2896,2896,0,0
2896,2897,0,0
2896,2898,0,0
2896,2899,0,0
2897,2812,0,0
2897,2813,8,2
2897,2814,0,0
2897,2815,0,0
2897,2816,0,0
2897,2817,0,0
2897,2818,0,0
2897,2819,0,0
2897,2820,0,0
2897,2821,0,0
2897,2822,0,0
2897,2823,0,0
2897,2824,0,0
2897,2825,0,0
2897,2826,0,0
2897,2827,0,0
2897,2828,0,0
2897,2829,0,0
2897,2830,0,0
2897,2831,0,0
2897,2832,0,0
2897,2833,0,0
2897,2834,0,0
2897,2835,0,0
2897,2836,0,0
2897,2837,0,0
2897,2838,0,0
2897,2839,0,0
2897,2840,0,0
2897,2841,0,0
2897,2842,0,0
2897,2843,0,0
2897,2844,0,0
2897,2845,0,0
2897,2846,0,0
2897,2847,0,0
2897,2848,0,0
2897,2849,0,0
2897,2850,0,0
2897,2851,0,0
2897,2852,0,0
2897,2853,0,0
2897,2854,0,0
2897,2855,0,0
2897,2856,0,0
2897,2857,0,0
2897,2858,0,0
2897,2859,0,0
2897,2860,0,0
2897,2861,0,0
2897,2862,0,0
2897,2863,0,0
2897,2864,0,0
2897,2865,0,0
2897,2866,0,0
2897,2867,0,0
2897,2868,0,0
2897,2869,0,0
2897,2870,0,0
2897,2871,0,0
2897,2872,0,0
2897,2873,0,0
2897,2874,0,0
2897,2875,0,0
2897,2876,0,0
2897,2877,0,0
2897,2878,0,0
2897,2879,0,0
2897,2880,0,0
2897,2881,0,0
2897,2882,0,0
2897,2883,0,0
2897,2884,0,0
2897,2885,4,4
2897,2886,0,0
2897,2887,0,0
2897,2888,0,0
2897,2889,0,0
2897,2890,0,0
2897,2891,0,0
2897,2892,0,0
2897,2893,0,0
2897,2894,0,0
2897,2895,0,0
2897,2896,0,0
2897,2897,0,0
2897,2898,0,0
2897,2899,0,0
2898,2812,0,0
2898,2813,1898,2
2898,2814,2,2
2898,2815,2,2
2898,2816,0,0
2898,2817,0,0
2898,2818,0,0
2898,2819,0,0
2898,2820,0,0
2898,2821,0,0
2898,2822,0,0
2898,2823,106,2
2898,2824,0,0
2898,2825,0,0
2898,2826,0,0
2898,2827,0,0
2898,2828,0,0
2898,2829,0,0
2898,2830,0,0
2898,2831,0,0
2898,2832,0,0
2898,2833,0,0
2898,2834,0,0
2898,2835,0,0
2898,2836,0,0
2898,2837,0,0
2898,2838,0,0
2898,2839,0,0
2898,2840,0,0
2898,2841,0,0
2898,2842,0,0
2898,2843,0,0
2898,2844,0,0
2898,2845,0,0
2898,2846,0,0
2898,2847,0,0
2898,2848,0,0
2898,2849,0,0
2898,2850,0,0
2898,2851,0,0
2898,2852,0,0
2898,2853,0,0
2898,2854,0,0
2898,2855,0,0
2898,2856,0,0
2898,2857,0,0
2898,2858,0,0
2898,2859,0,0
2898,2860,0,0
2898,2861,0,0
2898,2862,0,0
2898,2863,0,0
2898,2864,0,0
2898,2865,0,0
2898,2866,0,0
2898,2867,0,0
2898,2868,0,0
2898,2869,0,0
2898,2870,0,0
2898,2871,0,0
2898,2872,0,0
2898,2873,0,0
2898,2874,0,0
2898,2875,0,0
2898,2876,0,0
2898,2877,0,0
2898,2878,0,0
2898,2879,0,0
2898,2880,0,0
2898,2881,0,0
2898,2882,0,0
2898,2883,0,0
2898,2884,0,0
2898,2885,7,4
2898,2886,0,0
2898,2887,0,0
2898,2888,0,0
2898,2889,0,0
2898,2890,0,0
2898,2891,0,0
2898,2892,0,0
2898,2893,0,0
2898,2894,0,0
2898,2895,0,0
2898,2896,0,0
2898,2897,0,0
2898,2898,0,0
2898,2899,0,0
2899,2812,0,0
2899,2813,0,0
2899,2814,0,0
2899,2815,0,0
2899,2816,0,0
2899,2817,0,0
2899,2818,0,0
2899,2819,0,0
2899,2820,0,0
2899,2821,0,0
2899,2822,0,0
2899,2823,0,0
2899,2824,0,0
2899,2825,0,0
2899,2826,0,0
2899,2827,0,0
2899,2828,0,0
2899,2829,0,0
2899,2830,0,0
2899,2831,0,0
2899,2832,0,0
2899,2833,0,0
2899,2834,0,0
2899,2835,0,0
2899,2836,0,0
2899,2837,0,0
2899,2838,0,0
2899,2839,0,0
2899,2840,0,0
2899,2841,0,0
2899,2842,0,0
2899,2843,0,0
2899,2844,0,0
2899,2845,0,0
2899,2846,0,0
2899,2847,0,0
2899,2848,0,0
2899,2849,0,0
2899,2850,0,0
2899,2851,0,0
2899,2852,0,0
2899,2853,0,0
2899,2854,0,0
2899,2855,0,0
2899,2856,0,0
2899,2857,0,0
2899,2858,0,0
2899,2859,0,0
2899,2860,0,0
2899,2861,0,0
2899,2862,0,0
2899,2863,0,0
2899,2864,0,0
2899,2865,0,0
2899,2866,0,0
2899,2867,0,0
2899,2868,0,0
2899,2869,0,0
2899,2870,0,0
2899,2871,0,0
2899,2872,0,0
2899,2873,0,0
2899,2874,0,0
2899,2875,0,0
2899,2876,0,0
2899,2877,0,0
2899,2878,0,0
2899,2879,0,0
2899,2880,0,0
2899,2881,0,0
2899,2882,0,0
2899,2883,0,0
2899,2884,0,0
2899,2885,0,0
2899,2886,0,0
2899,2887,0,0
2899,2888,0,0
2899,2889,0,0
2899,2890,0,0
2899,2891,0,0
2899,2892,0,0
2899,2893,0,0
2899,2894,0,0
2899,2895,0,0
2899,2896,0,0
2899,2897,0,0
2899,2898,0,0
2899,2899,0,0
