TAZ,ID,TAZ_MDOT,TAZ_TYPE,TAZ_IE,INTERNAL,SEMCOG,BUFFER,EXTERNAL,CountyCode,CountyName,FIPS,STATE_PROV,COUNTRY,DISTRICT,SUPER_DIST,AREA,ZCTA5CE10,SummaryGeog,StationGroup,StationName,StationType,AIRPORT,DistInterstate
1,1,,SEMCOG,INTERNAL,TRUE,TRUE,FALSE,0,1,Detroit,26163,Michigan,US,5,3,0.120861,48234,Detroit,,,,FALSE,2.5471911799895
2,2,,SEMCOG,INTERNAL,TRUE,TRUE,FALSE,0,1,Detroit,26163,Michigan,US,5,3,0.242074,48234,Detroit,,,,FALSE,2.63421170898183
3,3,,SEMCOG,INTERNAL,TRUE,TRUE,FALSE,0,1,Detroit,26163,Michigan,US,5,3,0.124638,48234,Detroit,,,,FALSE,2.49850503557933
4,4,,SEMCOG,INTERNAL,TRUE,TRUE,FALSE,0,1,Detroit,26163,Michigan,US,5,3,0.247168,48234,Detroit,,,,FALSE,2.78390987244257
5,5,,SEMCOG,INTERNAL,TRUE,TRUE,FALSE,0,1,Detroit,26163,Michigan,US,5,3,0.132406,48234,Detroit,,,,FALSE,2.19141794427047
6,6,,SEMCOG,INTERNAL,TRUE,TRUE,FALSE,0,1,Detroit,26163,Michigan,US,5,3,0.242572,48234,Detroit,,,,FALSE,2.51857393089016
7,7,,SEMCOG,INTERNAL,TRUE,TRUE,FALSE,0,1,Detroit,26163,Michigan,US,5,3,0.125123,48212,Detroit,,,,FALSE,1.9607011065595
8,8,,SEMCOG,INTERNAL,TRUE,TRUE,FALSE,0,1,Detroit,26163,Michigan,US,5,3,0.248377,48212,Detroit,,,,FALSE,2.31426513994487
9,9,,SEMCOG,INTERNAL,TRUE,TRUE,FALSE,0,1,Detroit,26163,Michigan,US,5,3,0.479809,48234,Detroit,,,,FALSE,2.94083295805897
10,10,,SEMCOG,INTERNAL,TRUE,TRUE,FALSE,0,1,Detroit,26163,Michigan,US,5,3,0.211397,48234,Detroit,,,,FALSE,3.16012155229359
11,11,,SEMCOG,INTERNAL,TRUE,TRUE,FALSE,0,1,Detroit,26163,Michigan,US,5,3,0.136651,48234,Detroit,,,,FALSE,2.74592628814801
12,12,,SEMCOG,INTERNAL,TRUE,TRUE,FALSE,0,1,Detroit,26163,Michigan,US,8,3,0.29224,48234,Detroit,,,,FALSE,3.07050926491981
13,13,,SEMCOG,INTERNAL,TRUE,TRUE,FALSE,0,1,Detroit,26163,Michigan,US,8,3,0.245661,48234,Detroit,,,,FALSE,2.56503576546983
14,14,,SEMCOG,INTERNAL,TRUE,TRUE,FALSE,0,1,Detroit,26163,Michigan,US,8,3,0.24899,48234,Detroit,,,,FALSE,2.11828646206875
15,15,,SEMCOG,INTERNAL,TRUE,TRUE,FALSE,0,1,Detroit,26163,Michigan,US,8,3,0.490065,48205,Detroit,,,,FALSE,3.21608859110068
16,16,,SEMCOG,INTERNAL,TRUE,TRUE,FALSE,0,1,Detroit,26163,Michigan,US,8,3,0.500409,48205,Detroit,,,,FALSE,2.76074481789545
17,17,,SEMCOG,INTERNAL,TRUE,TRUE,FALSE,0,1,Detroit,26163,Michigan,US,8,3,0.498557,48205,Detroit,,,,FALSE,2.28815770930512
18,18,,SEMCOG,INTERNAL,TRUE,TRUE,FALSE,0,1,Detroit,26163,Michigan,US,8,3,0.12984,48205,Detroit,,,,FALSE,2.12160146169657
19,19,,SEMCOG,INTERNAL,TRUE,TRUE,FALSE,0,1,Detroit,26163,Michigan,US,8,3,0.279057,48205,Detroit,,,,FALSE,1.93787468034856
20,20,,SEMCOG,INTERNAL,TRUE,TRUE,FALSE,0,1,Detroit,26163,Michigan,US,8,3,0.183126,48205,Detroit,,,,FALSE,2.98465764270116
21,21,,SEMCOG,INTERNAL,TRUE,TRUE,FALSE,0,1,Detroit,26163,Michigan,US,8,3,0.194844,48205,Detroit,,,,FALSE,2.65038007934419
22,22,,SEMCOG,INTERNAL,TRUE,TRUE,FALSE,0,1,Detroit,26163,Michigan,US,8,3,0.258373,48205,Detroit,,,,FALSE,2.53133342665175
23,23,,SEMCOG,INTERNAL,TRUE,TRUE,FALSE,0,1,Detroit,26163,Michigan,US,9,3,0.360347,48205,Detroit,,,,FALSE,2.30309586116697
24,24,,SEMCOG,INTERNAL,TRUE,TRUE,FALSE,0,1,Detroit,26163,Michigan,US,9,3,0.497123,48205,Detroit,,,,FALSE,2.03434805081404
25,25,,SEMCOG,INTERNAL,TRUE,TRUE,FALSE,0,1,Detroit,26163,Michigan,US,9,3,0.464114,48205,Detroit,,,,FALSE,1.59503633039672
26,26,,SEMCOG,INTERNAL,TRUE,TRUE,FALSE,0,1,Detroit,26163,Michigan,US,9,3,0.3808,48205,Detroit,,,,FALSE,1.70378173942732
27,27,,SEMCOG,INTERNAL,TRUE,TRUE,FALSE,0,1,Detroit,26163,Michigan,US,9,3,0.503182,48205,Detroit,,,,FALSE,1.63888298010788
28,28,,SEMCOG,INTERNAL,TRUE,TRUE,FALSE,0,1,Detroit,26163,Michigan,US,9,3,0.383825,48205,Detroit,,,,FALSE,1.46596080049347
29,29,,SEMCOG,INTERNAL,TRUE,TRUE,FALSE,0,1,Detroit,26163,Michigan,US,7,3,0.410902,48205,Detroit,,,,FALSE,1.40191035121482
30,30,,SEMCOG,INTERNAL,TRUE,TRUE,FALSE,0,1,Detroit,26163,Michigan,US,7,3,0.535896,48205,Detroit,,,,FALSE,1.47256781294737
31,31,,SEMCOG,INTERNAL,TRUE,TRUE,FALSE,0,1,Detroit,26163,Michigan,US,7,3,0.39286,48213,Detroit,,,,FALSE,1.00915727144218
32,32,,SEMCOG,INTERNAL,TRUE,TRUE,FALSE,0,1,Detroit,26163,Michigan,US,7,3,0.423819,48213,Detroit,,,,FALSE,1.0382926828658
33,33,,SEMCOG,INTERNAL,TRUE,TRUE,FALSE,0,1,Detroit,26163,Michigan,US,7,3,0.49675,48213,Detroit,,,,FALSE,0.429862322005842
34,34,,SEMCOG,INTERNAL,TRUE,TRUE,FALSE,0,1,Detroit,26163,Michigan,US,7,3,0.368735,48213,Detroit,,,,FALSE,0.389669158986377
35,35,,SEMCOG,INTERNAL,TRUE,TRUE,FALSE,0,1,Detroit,26163,Michigan,US,7,3,0.363949,48213,Detroit,,,,FALSE,0.367655437310936
36,36,,SEMCOG,INTERNAL,TRUE,TRUE,FALSE,0,1,Detroit,26163,Michigan,US,10,3,0.454829,48224,Detroit,,,,FALSE,0.510996151638454
37,37,,SEMCOG,INTERNAL,TRUE,TRUE,FALSE,0,1,Detroit,26163,Michigan,US,10,3,0.299608,48224,Detroit,,,,FALSE,0.214675060646099
38,38,,SEMCOG,INTERNAL,TRUE,TRUE,FALSE,0,1,Detroit,26163,Michigan,US,10,3,0.37128,48224,Detroit,,,,FALSE,1.0480328578064
39,39,,SEMCOG,INTERNAL,TRUE,TRUE,FALSE,0,1,Detroit,26163,Michigan,US,10,3,0.422913,48224,Detroit,,,,FALSE,0.864236077328008
40,40,,SEMCOG,INTERNAL,TRUE,TRUE,FALSE,0,1,Detroit,26163,Michigan,US,10,3,0.407804,48224,Detroit,,,,FALSE,0.364570653822118
41,41,,SEMCOG,INTERNAL,TRUE,TRUE,FALSE,0,1,Detroit,26163,Michigan,US,10,3,0.375087,48224,Detroit,,,,FALSE,0.271469331016469
42,42,,SEMCOG,INTERNAL,TRUE,TRUE,FALSE,0,1,Detroit,26163,Michigan,US,11,2,0.039875,48236,Detroit,,,,FALSE,0.819052388795875
43,43,,SEMCOG,INTERNAL,TRUE,TRUE,FALSE,0,1,Detroit,26163,Michigan,US,11,2,0.605092,48224,Detroit,,,,FALSE,0.307529349337447
44,44,,SEMCOG,INTERNAL,TRUE,TRUE,FALSE,0,1,Detroit,26163,Michigan,US,11,2,0.440487,48224,Detroit,,,,FALSE,0.768597780629278
45,45,,SEMCOG,INTERNAL,TRUE,TRUE,FALSE,0,1,Detroit,26163,Michigan,US,11,2,0.265571,48224,Detroit,,,,FALSE,1.22159703551077
46,46,,SEMCOG,INTERNAL,TRUE,TRUE,FALSE,0,1,Detroit,26163,Michigan,US,11,2,0.196829,48224,Detroit,,,,FALSE,1.15086394606252
47,47,,SEMCOG,INTERNAL,TRUE,TRUE,FALSE,0,1,Detroit,26163,Michigan,US,11,2,0.216506,48224,Detroit,,,,FALSE,1.03734218147496
48,48,,SEMCOG,INTERNAL,TRUE,TRUE,FALSE,0,1,Detroit,26163,Michigan,US,11,2,0.338698,48224,Detroit,,,,FALSE,1.14764419640752
49,49,,SEMCOG,INTERNAL,TRUE,TRUE,FALSE,0,1,Detroit,26163,Michigan,US,11,2,0.238674,48224,Detroit,,,,FALSE,0.176281298470163
50,50,,SEMCOG,INTERNAL,TRUE,TRUE,FALSE,0,1,Detroit,26163,Michigan,US,11,2,0.24484,48224,Detroit,,,,FALSE,0.529714418863472
51,51,,SEMCOG,INTERNAL,TRUE,TRUE,FALSE,0,1,Detroit,26163,Michigan,US,11,2,0.469136,48224,Detroit,,,,FALSE,0.280317319910715
52,52,,SEMCOG,INTERNAL,TRUE,TRUE,FALSE,0,1,Detroit,26163,Michigan,US,11,2,0.292968,48224,Detroit,,,,FALSE,0.995475181209933
53,53,,SEMCOG,INTERNAL,TRUE,TRUE,FALSE,0,1,Detroit,26163,Michigan,US,11,2,0.338061,48224,Detroit,,,,FALSE,1.00275249482115
54,54,,SEMCOG,INTERNAL,TRUE,TRUE,FALSE,0,1,Detroit,26163,Michigan,US,1,3,0.330245,48203,Detroit,,,,FALSE,1.05977758503779
55,55,,SEMCOG,INTERNAL,TRUE,TRUE,FALSE,0,1,Detroit,26163,Michigan,US,1,3,0.357721,48203,Detroit,,,,FALSE,0.796454122728669
56,56,,SEMCOG,INTERNAL,TRUE,TRUE,FALSE,0,1,Detroit,26163,Michigan,US,1,3,0.296407,48203,Detroit,,,,FALSE,0.658744101672971
57,57,,SEMCOG,INTERNAL,TRUE,TRUE,FALSE,0,1,Detroit,26163,Michigan,US,1,3,0.133849,48203,Detroit,,,,FALSE,0.627714623336865
58,58,,SEMCOG,INTERNAL,TRUE,TRUE,FALSE,0,1,Detroit,26163,Michigan,US,1,3,0.215621,48203,Detroit,,,,FALSE,0.186230636228178
59,59,,SEMCOG,INTERNAL,TRUE,TRUE,FALSE,0,1,Detroit,26163,Michigan,US,1,3,0.27493,48203,Detroit,,,,FALSE,0.244624810757703
60,60,,SEMCOG,INTERNAL,TRUE,TRUE,FALSE,0,1,Detroit,26163,Michigan,US,2,3,0.391253,48203,Detroit,,,,FALSE,0.372841482168602
61,61,,SEMCOG,INTERNAL,TRUE,TRUE,FALSE,0,1,Detroit,26163,Michigan,US,2,3,0.231718,48203,Detroit,,,,FALSE,0.221984797608353
62,62,,SEMCOG,INTERNAL,TRUE,TRUE,FALSE,0,1,Detroit,26163,Michigan,US,2,3,0.344393,48203,Detroit,,,,FALSE,0.332839791049723
63,63,,SEMCOG,INTERNAL,TRUE,TRUE,FALSE,0,1,Detroit,26163,Michigan,US,2,3,0.470911,48203,Detroit,,,,FALSE,0.468387705674993
64,64,,SEMCOG,INTERNAL,TRUE,TRUE,FALSE,0,1,Detroit,26163,Michigan,US,2,3,0.604081,48234,Detroit,,,,FALSE,0.576433969626598
65,65,,SEMCOG,INTERNAL,TRUE,TRUE,FALSE,0,1,Detroit,26163,Michigan,US,2,3,0.609912,48212,Detroit,,,,FALSE,0.528304313140982
66,66,,SEMCOG,INTERNAL,TRUE,TRUE,FALSE,0,1,Detroit,26163,Michigan,US,4,3,0.360483,48234,Detroit,,,,FALSE,2.45705826854144
67,67,,SEMCOG,INTERNAL,TRUE,TRUE,FALSE,0,1,Detroit,26163,Michigan,US,4,3,0.281954,48234,Detroit,,,,FALSE,0.970382149070458
68,68,,SEMCOG,INTERNAL,TRUE,TRUE,FALSE,0,1,Detroit,26163,Michigan,US,4,3,0.392182,48234,Detroit,,,,FALSE,1.67577556829994
69,69,,SEMCOG,INTERNAL,TRUE,TRUE,FALSE,0,1,Detroit,26163,Michigan,US,4,3,0.329056,48234,Detroit,,,,FALSE,1.26680777378776
70,70,,SEMCOG,INTERNAL,TRUE,TRUE,FALSE,0,1,Detroit,26163,Michigan,US,4,3,0.266074,48234,Detroit,,,,FALSE,1.85030995579361
71,71,,SEMCOG,INTERNAL,TRUE,TRUE,FALSE,0,1,Detroit,26163,Michigan,US,4,3,0.347436,48234,Detroit,,,,FALSE,2.17130844807337
72,72,,SEMCOG,INTERNAL,TRUE,TRUE,FALSE,0,1,Detroit,26163,Michigan,US,4,3,0.457173,48234,Detroit,,,,FALSE,1.3142177088009
73,73,,SEMCOG,INTERNAL,TRUE,TRUE,FALSE,0,1,Detroit,26163,Michigan,US,4,3,0.368491,48234,Detroit,,,,FALSE,1.79677653812524
74,74,,SEMCOG,INTERNAL,TRUE,TRUE,FALSE,0,1,Detroit,26163,Michigan,US,3,3,0.703327,48212,Detroit,,,,FALSE,1.22389476232101
75,75,,SEMCOG,INTERNAL,TRUE,TRUE,FALSE,0,1,Detroit,26163,Michigan,US,3,3,0.345353,48212,Detroit,,,,FALSE,0.899315172732932
76,76,,SEMCOG,INTERNAL,TRUE,TRUE,FALSE,0,1,Detroit,26163,Michigan,US,3,3,0.238208,48212,Detroit,,,,FALSE,1.47807478992788
77,77,,SEMCOG,INTERNAL,TRUE,TRUE,FALSE,0,1,Detroit,26163,Michigan,US,3,3,0.419479,48212,Detroit,,,,FALSE,1.21938690534955
78,78,,SEMCOG,INTERNAL,TRUE,TRUE,FALSE,0,1,Detroit,26163,Michigan,US,6,3,0.350438,48211,Detroit,,,,FALSE,1.08124583451372
79,79,,SEMCOG,INTERNAL,TRUE,TRUE,FALSE,0,1,Detroit,26163,Michigan,US,3,3,0.367367,48212,Detroit,,,,FALSE,0.155563313908743
80,80,,SEMCOG,INTERNAL,TRUE,TRUE,FALSE,0,1,Detroit,26163,Michigan,US,3,3,0.221052,48212,Detroit,,,,FALSE,0.428672905242262
81,81,,SEMCOG,INTERNAL,TRUE,TRUE,FALSE,0,1,Detroit,26163,Michigan,US,3,3,0.45524,48212,Detroit,,,,FALSE,0.227399396061112
82,82,,SEMCOG,INTERNAL,TRUE,TRUE,FALSE,0,1,Detroit,26163,Michigan,US,3,3,0.126293,48212,Detroit,,,,FALSE,0.393446810574566
83,83,,SEMCOG,INTERNAL,TRUE,TRUE,FALSE,0,1,Detroit,26163,Michigan,US,8,3,0.372291,48234,Detroit,,,,FALSE,2.34517571874224
84,84,,SEMCOG,INTERNAL,TRUE,TRUE,FALSE,0,1,Detroit,26163,Michigan,US,6,3,0.513167,48234,Detroit,,,,FALSE,1.4172953199896
85,85,,SEMCOG,INTERNAL,TRUE,TRUE,FALSE,0,1,Detroit,26163,Michigan,US,6,3,0.70474,48213,Detroit,,,,FALSE,1.03803515267962
86,86,,SEMCOG,INTERNAL,TRUE,TRUE,FALSE,0,1,Detroit,26163,Michigan,US,6,3,0.751125,48234,Detroit,,,,FALSE,1.80911112170981
87,87,,SEMCOG,INTERNAL,TRUE,TRUE,FALSE,0,1,Detroit,26163,Michigan,US,6,3,0.318276,48234,Detroit,,,,FALSE,1.17476075534688
88,88,,SEMCOG,INTERNAL,TRUE,TRUE,FALSE,0,1,Detroit,26163,Michigan,US,6,3,0.431277,48211,Detroit,,,,FALSE,0.695550973288158
89,89,,SEMCOG,INTERNAL,TRUE,TRUE,FALSE,0,1,Detroit,26163,Michigan,US,6,3,0.432751,48211,Detroit,,,,FALSE,0.189461867007155
90,90,,SEMCOG,INTERNAL,TRUE,TRUE,FALSE,0,1,Detroit,26163,Michigan,US,6,3,0.51182,48213,Detroit,,,,FALSE,0.405154006546149
91,91,,SEMCOG,INTERNAL,TRUE,TRUE,FALSE,0,1,Detroit,26163,Michigan,US,6,3,0.313113,48213,Detroit,,,,FALSE,0.33018228688344
92,92,,SEMCOG,INTERNAL,TRUE,TRUE,FALSE,0,1,Detroit,26163,Michigan,US,6,3,0.432412,48213,Detroit,,,,FALSE,0.294204797799996
93,93,,SEMCOG,INTERNAL,TRUE,TRUE,FALSE,0,1,Detroit,26163,Michigan,US,16,2,0.378652,48213,Detroit,,,,FALSE,0.550524062684819
94,94,,SEMCOG,INTERNAL,TRUE,TRUE,FALSE,0,1,Detroit,26163,Michigan,US,16,2,0.275447,48214,Detroit,,,,FALSE,1.13857762497042
95,95,,SEMCOG,INTERNAL,TRUE,TRUE,FALSE,0,1,Detroit,26163,Michigan,US,16,2,0.480661,48213,Detroit,,,,FALSE,0.246216503808931
96,96,,SEMCOG,INTERNAL,TRUE,TRUE,FALSE,0,1,Detroit,26163,Michigan,US,16,2,0.518033,48211,Detroit,,,,FALSE,0.445259303096725
97,97,,SEMCOG,INTERNAL,TRUE,TRUE,FALSE,0,1,Detroit,26163,Michigan,US,16,2,0.217876,48207,Detroit,,,,FALSE,1.15192068280821
98,98,,SEMCOG,INTERNAL,TRUE,TRUE,FALSE,0,1,Detroit,26163,Michigan,US,16,2,0.495514,48214,Detroit,,,,FALSE,1.14837132115074
99,99,,SEMCOG,INTERNAL,TRUE,TRUE,FALSE,0,1,Detroit,26163,Michigan,US,14,2,0.244787,48213,Detroit,,,,FALSE,0.271242727297282
100,100,,SEMCOG,INTERNAL,TRUE,TRUE,FALSE,0,1,Detroit,26163,Michigan,US,14,2,0.308534,48214,Detroit,,,,FALSE,0.862083747065694
101,101,,SEMCOG,INTERNAL,TRUE,TRUE,FALSE,0,1,Detroit,26163,Michigan,US,14,2,0.523381,48213,Detroit,,,,FALSE,0.286471232595387
102,102,,SEMCOG,INTERNAL,TRUE,TRUE,FALSE,0,1,Detroit,26163,Michigan,US,14,2,0.620476,48214,Detroit,,,,FALSE,0.894979493056673
103,103,,SEMCOG,INTERNAL,TRUE,TRUE,FALSE,0,1,Detroit,26163,Michigan,US,12,2,0.506377,48213,Detroit,,,,FALSE,0.338596933957391
104,104,,SEMCOG,INTERNAL,TRUE,TRUE,FALSE,0,1,Detroit,26163,Michigan,US,12,2,0.453983,48213,Detroit,,,,FALSE,0.306409107244525
105,105,,SEMCOG,INTERNAL,TRUE,TRUE,FALSE,0,1,Detroit,26163,Michigan,US,12,2,0.204421,48215,Detroit,,,,FALSE,0.966892811034691
106,106,,SEMCOG,INTERNAL,TRUE,TRUE,FALSE,0,1,Detroit,26163,Michigan,US,12,2,0.487679,48215,Detroit,,,,FALSE,0.968624193405429
107,107,,SEMCOG,INTERNAL,TRUE,TRUE,FALSE,0,1,Detroit,26163,Michigan,US,12,2,0.682373,48215,Detroit,,,,FALSE,1.59619931934548
108,108,,SEMCOG,INTERNAL,TRUE,TRUE,FALSE,0,1,Detroit,26163,Michigan,US,12,2,0.434936,48215,Detroit,,,,FALSE,2.12281600620887
109,109,,SEMCOG,INTERNAL,TRUE,TRUE,FALSE,0,1,Detroit,26163,Michigan,US,13,2,0.579964,48215,Detroit,,,,FALSE,2.55973272565501
110,110,,SEMCOG,INTERNAL,TRUE,TRUE,FALSE,0,1,Detroit,26163,Michigan,US,13,2,0.837698,48215,Detroit,,,,FALSE,3.14277272171291
111,111,,SEMCOG,INTERNAL,TRUE,TRUE,FALSE,0,1,Detroit,26163,Michigan,US,13,2,0.818714,48214,Detroit,,,,FALSE,2.56052248625563
112,112,,SEMCOG,INTERNAL,TRUE,TRUE,FALSE,0,1,Detroit,26163,Michigan,US,14,2,0.6305,48215,Detroit,,,,FALSE,1.61820280943613
113,113,,SEMCOG,INTERNAL,TRUE,TRUE,FALSE,0,1,Detroit,26163,Michigan,US,14,2,0.495835,48214,Detroit,,,,FALSE,1.4888283535023
114,114,,SEMCOG,INTERNAL,TRUE,TRUE,FALSE,0,1,Detroit,26163,Michigan,US,14,2,0.377346,48214,Detroit,,,,FALSE,1.97344347748174
115,115,,SEMCOG,INTERNAL,TRUE,TRUE,FALSE,0,1,Detroit,26163,Michigan,US,14,2,0.152729,48214,Detroit,,,,FALSE,1.67033568676499
116,116,,SEMCOG,INTERNAL,TRUE,TRUE,FALSE,0,1,Detroit,26163,Michigan,US,14,2,0.18067,48214,Detroit,,,,FALSE,2.17368482562555
117,117,,SEMCOG,INTERNAL,TRUE,TRUE,FALSE,0,1,Detroit,26163,Michigan,US,15,2,0.144457,48214,Detroit,,,,FALSE,1.74687661519562
118,118,,SEMCOG,INTERNAL,TRUE,TRUE,FALSE,0,1,Detroit,26163,Michigan,US,15,2,0.203422,48214,Detroit,,,,FALSE,2.3333988029566
119,119,,SEMCOG,INTERNAL,TRUE,TRUE,FALSE,0,1,Detroit,26163,Michigan,US,15,2,0.345138,48214,Detroit,,,,FALSE,2.5300602099493
120,120,,SEMCOG,INTERNAL,TRUE,TRUE,FALSE,0,1,Detroit,26163,Michigan,US,15,2,0.147478,48214,Detroit,,,,FALSE,2.3498533412579
121,121,,SEMCOG,INTERNAL,TRUE,TRUE,FALSE,0,1,Detroit,26163,Michigan,US,16,2,0.238673,48207,Detroit,,,,FALSE,1.60805660923119
122,122,,SEMCOG,INTERNAL,TRUE,TRUE,FALSE,0,1,Detroit,26163,Michigan,US,16,2,0.358304,48214,Detroit,,,,FALSE,1.81573908970604
123,123,,SEMCOG,INTERNAL,TRUE,TRUE,FALSE,0,1,Detroit,26163,Michigan,US,16,2,0.205556,48214,Detroit,,,,FALSE,2.08060180909134
124,124,,SEMCOG,INTERNAL,TRUE,TRUE,FALSE,0,1,Detroit,26163,Michigan,US,16,2,0.100946,48214,Detroit,,,,FALSE,2.10924806728415
125,125,,SEMCOG,INTERNAL,TRUE,TRUE,FALSE,0,1,Detroit,26163,Michigan,US,16,2,0.280352,48207,Detroit,,,,FALSE,1.57381144046759
126,126,,SEMCOG,INTERNAL,TRUE,TRUE,FALSE,0,1,Detroit,26163,Michigan,US,16,2,0.116883,48207,Detroit,,,,FALSE,1.67546515748253
127,127,,SEMCOG,INTERNAL,TRUE,TRUE,FALSE,0,1,Detroit,26163,Michigan,US,18,2,0.623462,48211,Detroit,,,,FALSE,0.172642697574295
128,128,,SEMCOG,INTERNAL,TRUE,TRUE,FALSE,0,1,Detroit,26163,Michigan,US,18,2,0.496405,48211,Detroit,,,,FALSE,0.264319547859736
129,129,,SEMCOG,INTERNAL,TRUE,TRUE,FALSE,0,1,Detroit,26163,Michigan,US,18,2,0.310727,48211,Detroit,,,,FALSE,0.314245634072012
130,130,,SEMCOG,INTERNAL,TRUE,TRUE,FALSE,0,1,Detroit,26163,Michigan,US,18,2,0.285871,48207,Detroit,,,,FALSE,0.960075841063128
131,131,,SEMCOG,INTERNAL,TRUE,TRUE,FALSE,0,1,Detroit,26163,Michigan,US,18,2,0.546753,48207,Detroit,,,,FALSE,0.745386659493805
132,132,,SEMCOG,INTERNAL,TRUE,TRUE,FALSE,0,1,Detroit,26163,Michigan,US,18,2,0.406246,48211,Detroit,,,,FALSE,0.311678916623901
133,133,,SEMCOG,INTERNAL,TRUE,TRUE,FALSE,0,1,Detroit,26163,Michigan,US,18,2,0.241047,48211,Detroit,,,,FALSE,0.188861033871175
134,134,,SEMCOG,INTERNAL,TRUE,TRUE,FALSE,0,1,Detroit,26163,Michigan,US,18,2,0.311104,48207,Detroit,,,,FALSE,0.212777403077478
135,135,,SEMCOG,INTERNAL,TRUE,TRUE,FALSE,0,1,Detroit,26163,Michigan,US,17,2,0.160728,48207,Detroit,,,,FALSE,0.0753670160466944
136,136,,SEMCOG,INTERNAL,TRUE,TRUE,FALSE,0,1,Detroit,26163,Michigan,US,17,2,0.238017,48207,Detroit,,,,FALSE,0.35915919072687
137,137,,SEMCOG,INTERNAL,TRUE,TRUE,FALSE,0,1,Detroit,26163,Michigan,US,17,2,0.238608,48207,Detroit,,,,FALSE,0.488758600844729
138,138,,SEMCOG,INTERNAL,TRUE,TRUE,FALSE,0,1,Detroit,26163,Michigan,US,17,2,0.455703,48207,Detroit,,,,FALSE,0.989698239748177
139,139,,SEMCOG,INTERNAL,TRUE,TRUE,FALSE,0,1,Detroit,26163,Michigan,US,17,2,0.077093,48207,Detroit,,,,FALSE,0.600348780447914
140,140,,SEMCOG,INTERNAL,TRUE,TRUE,FALSE,0,1,Detroit,26163,Michigan,US,17,2,0.089855,48207,Detroit,,,,FALSE,0.93919871675657
141,141,,SEMCOG,INTERNAL,TRUE,TRUE,FALSE,0,1,Detroit,26163,Michigan,US,17,2,0.094542,48207,Detroit,,,,FALSE,1.30017663092859
142,142,,SEMCOG,INTERNAL,TRUE,TRUE,FALSE,0,1,Detroit,26163,Michigan,US,17,2,0.223571,48207,Detroit,,,,FALSE,0.242878382404768
143,143,,SEMCOG,INTERNAL,TRUE,TRUE,FALSE,0,1,Detroit,26163,Michigan,US,17,2,0.113119,48207,Detroit,,,,FALSE,0.215023091227361
144,144,,SEMCOG,INTERNAL,TRUE,TRUE,FALSE,0,1,Detroit,26163,Michigan,US,18,2,0.379025,48207,Detroit,,,,FALSE,1.05206406057306
145,145,,SEMCOG,INTERNAL,TRUE,TRUE,FALSE,0,1,Detroit,26163,Michigan,US,248,2,1.452292,48207,Detroit,,,,FALSE,3.09624282225029
146,146,,SEMCOG,INTERNAL,TRUE,TRUE,FALSE,0,1,Detroit,26163,Michigan,US,21,2,0.292008,48207,Detroit,,,,FALSE,1.4032608627876
147,147,,SEMCOG,INTERNAL,TRUE,TRUE,FALSE,0,1,Detroit,26163,Michigan,US,21,2,0.114499,48207,Detroit,,,,FALSE,0.758855545497551
148,148,,SEMCOG,INTERNAL,TRUE,TRUE,FALSE,0,1,Detroit,26163,Michigan,US,21,2,0.110115,48207,Detroit,,,,FALSE,0.395190893745731
149,149,,SEMCOG,INTERNAL,TRUE,TRUE,FALSE,0,1,Detroit,26163,Michigan,US,21,1,0.021672,48207,Detroit,,,,FALSE,0.0345432975389569
150,150,,SEMCOG,INTERNAL,TRUE,TRUE,FALSE,0,1,Detroit,26163,Michigan,US,21,1,0.075023,48207,Detroit,,,,FALSE,0.208522372952574
151,151,,SEMCOG,INTERNAL,TRUE,TRUE,FALSE,0,1,Detroit,26163,Michigan,US,19,3,0.758824,48202,Detroit,,,,FALSE,0.387013708924827
152,152,,SEMCOG,INTERNAL,TRUE,TRUE,FALSE,0,1,Detroit,26163,Michigan,US,19,3,0.484091,48202,Detroit,,,,FALSE,0.29273984007618
153,153,,SEMCOG,INTERNAL,TRUE,TRUE,FALSE,0,1,Detroit,26163,Michigan,US,19,3,0.341134,48202,Detroit,,,,FALSE,0.233443728048249
154,154,,SEMCOG,INTERNAL,TRUE,TRUE,FALSE,0,1,Detroit,26163,Michigan,US,19,3,0.18612,48202,Detroit,,,,FALSE,0.166292804652394
155,155,,SEMCOG,INTERNAL,TRUE,TRUE,FALSE,0,1,Detroit,26163,Michigan,US,19,3,0.094861,48202,Detroit,,,,FALSE,0.363342309533223
156,156,,SEMCOG,INTERNAL,TRUE,TRUE,FALSE,0,1,Detroit,26163,Michigan,US,19,3,0.136665,48202,Detroit,,,,FALSE,0.5346228596598
157,157,,SEMCOG,INTERNAL,TRUE,TRUE,FALSE,0,1,Detroit,26163,Michigan,US,19,3,0.148886,48202,Detroit,,,,FALSE,0.791638589169621
158,158,,SEMCOG,INTERNAL,TRUE,TRUE,FALSE,0,1,Detroit,26163,Michigan,US,19,3,0.110638,48202,Detroit,,,,FALSE,0.546388078855895
159,159,,SEMCOG,INTERNAL,TRUE,TRUE,FALSE,0,1,Detroit,26163,Michigan,US,19,3,0.390607,48202,Detroit,,,,FALSE,1.18811760762761
160,160,,SEMCOG,INTERNAL,TRUE,TRUE,FALSE,0,1,Detroit,26163,Michigan,US,20,1,0.136574,48202,Detroit,,,,FALSE,0.237319438969266
161,161,,SEMCOG,INTERNAL,TRUE,TRUE,FALSE,0,1,Detroit,26163,Michigan,US,20,1,0.184193,48202,Detroit,,,,FALSE,0.126554044148587
162,162,,SEMCOG,INTERNAL,TRUE,TRUE,FALSE,0,1,Detroit,26163,Michigan,US,20,1,0.041492,48201,Detroit,,,,FALSE,0.50059123857674
163,163,,SEMCOG,INTERNAL,TRUE,TRUE,FALSE,0,1,Detroit,26163,Michigan,US,20,1,0.043217,48201,Detroit,,,,FALSE,0.368803540048019
164,164,,SEMCOG,INTERNAL,TRUE,TRUE,FALSE,0,1,Detroit,26163,Michigan,US,20,1,0.013903,48201,Detroit,,,,FALSE,0.209232221951612
165,165,,SEMCOG,INTERNAL,TRUE,TRUE,FALSE,0,1,Detroit,26163,Michigan,US,20,1,0.03684,48201,Detroit,,,,FALSE,0.23275148381853
166,166,,SEMCOG,INTERNAL,TRUE,TRUE,FALSE,0,1,Detroit,26163,Michigan,US,20,1,0.048029,48201,Detroit,,,,FALSE,0.5000316739478
167,167,,SEMCOG,INTERNAL,TRUE,TRUE,FALSE,0,1,Detroit,26163,Michigan,US,20,1,0.096417,48201,Detroit,,,,FALSE,0.318986295131047
168,168,,SEMCOG,INTERNAL,TRUE,TRUE,FALSE,0,1,Detroit,26163,Michigan,US,20,1,0.146,48201,Detroit,,,,FALSE,0.0873669269065004
169,169,,SEMCOG,INTERNAL,TRUE,TRUE,FALSE,0,1,Detroit,26163,Michigan,US,20,1,0.186523,48201,Detroit,,,,FALSE,0.149481540853191
170,170,,SEMCOG,INTERNAL,TRUE,TRUE,FALSE,0,1,Detroit,26163,Michigan,US,20,1,0.149752,48201,Detroit,,,,FALSE,0.280145279783518
171,171,,SEMCOG,INTERNAL,TRUE,TRUE,FALSE,0,1,Detroit,26163,Michigan,US,20,1,0.116063,48201,Detroit,,,,FALSE,0.263778323338005
172,172,,SEMCOG,INTERNAL,TRUE,TRUE,FALSE,0,1,Detroit,26163,Michigan,US,20,1,0.25992,48201,Detroit,,,,FALSE,0.219036550906651
173,173,,SEMCOG,INTERNAL,TRUE,TRUE,FALSE,0,1,Detroit,26163,Michigan,US,20,1,0.165392,48201,Detroit,,,,FALSE,0.648048428648839
174,174,,SEMCOG,INTERNAL,TRUE,TRUE,FALSE,0,1,Detroit,26163,Michigan,US,20,1,0.171864,48201,Detroit,,,,FALSE,0.713482146150765
175,175,,SEMCOG,INTERNAL,TRUE,TRUE,FALSE,0,1,Detroit,26163,Michigan,US,20,1,0.16787,48202,Detroit,,,,FALSE,0.165546789558747
176,176,,SEMCOG,INTERNAL,TRUE,TRUE,FALSE,0,1,Detroit,26163,Michigan,US,20,1,0.059926,48202,Detroit,,,,FALSE,0.254533299228938
177,177,,SEMCOG,INTERNAL,TRUE,TRUE,FALSE,0,1,Detroit,26163,Michigan,US,20,1,0.043451,48201,Detroit,,,,FALSE,0.266657600712631
178,178,,SEMCOG,INTERNAL,TRUE,TRUE,FALSE,0,1,Detroit,26163,Michigan,US,20,1,0.045368,48201,Detroit,,,,FALSE,0.443390191814593
179,179,,SEMCOG,INTERNAL,TRUE,TRUE,FALSE,0,1,Detroit,26163,Michigan,US,48,1,0.03111,48226,Detroit,,,,FALSE,0.367442791550045
180,180,,SEMCOG,INTERNAL,TRUE,TRUE,FALSE,0,1,Detroit,26163,Michigan,US,48,1,0.039765,48226,Detroit,,,,FALSE,0.247513887507142
181,181,,SEMCOG,INTERNAL,TRUE,TRUE,FALSE,0,1,Detroit,26163,Michigan,US,48,1,0.028822,48226,Detroit,,,,FALSE,0.0905898324096862
182,182,,SEMCOG,INTERNAL,TRUE,TRUE,FALSE,0,1,Detroit,26163,Michigan,US,48,1,0.065966,48226,Detroit,,,,FALSE,0.0582819062092508
183,183,,SEMCOG,INTERNAL,TRUE,TRUE,FALSE,0,1,Detroit,26163,Michigan,US,48,1,0.054618,48226,Detroit,,,,FALSE,0.108779662831235
184,184,,SEMCOG,INTERNAL,TRUE,TRUE,FALSE,0,1,Detroit,26163,Michigan,US,21,1,0.041461,48226,Detroit,,,,FALSE,0.072901659309915
185,185,,SEMCOG,INTERNAL,TRUE,TRUE,FALSE,0,1,Detroit,26163,Michigan,US,48,1,0.032445,48226,Detroit,,,,FALSE,0.158895117911639
186,186,,SEMCOG,INTERNAL,TRUE,TRUE,FALSE,0,1,Detroit,26163,Michigan,US,48,1,0.058568,48226,Detroit,,,,FALSE,0.0906822581543652
187,187,,SEMCOG,INTERNAL,TRUE,TRUE,FALSE,0,1,Detroit,26163,Michigan,US,48,1,0.044581,48226,Detroit,,,,FALSE,0.172842507526518
188,188,,SEMCOG,INTERNAL,TRUE,TRUE,FALSE,0,1,Detroit,26163,Michigan,US,48,1,0.048257,48226,Detroit,,,,FALSE,0.104887903663335
189,189,,SEMCOG,INTERNAL,TRUE,TRUE,FALSE,0,1,Detroit,26163,Michigan,US,21,1,0.027413,48226,Detroit,,,,FALSE,0.246936527029166
190,190,,SEMCOG,INTERNAL,TRUE,TRUE,FALSE,0,1,Detroit,26163,Michigan,US,48,1,0.007738,48226,Detroit,,,,FALSE,0.244443449227553
191,191,,SEMCOG,INTERNAL,TRUE,TRUE,FALSE,0,1,Detroit,26163,Michigan,US,48,1,0.009302,48226,Detroit,,,,FALSE,0.258235384068697
192,192,,SEMCOG,INTERNAL,TRUE,TRUE,FALSE,0,1,Detroit,26163,Michigan,US,48,1,0.010886,48226,Detroit,,,,FALSE,0.30226605907378
193,193,,SEMCOG,INTERNAL,TRUE,TRUE,FALSE,0,1,Detroit,26163,Michigan,US,48,1,0.02799,48226,Detroit,,,,FALSE,0.350684418526331
194,194,,SEMCOG,INTERNAL,TRUE,TRUE,FALSE,0,1,Detroit,26163,Michigan,US,50,1,0.093409,48226,Detroit,,,,FALSE,0.568996813619395
195,195,,SEMCOG,INTERNAL,TRUE,TRUE,FALSE,0,1,Detroit,26163,Michigan,US,50,1,0.011949,48226,Detroit,,,,FALSE,0.425015281137077
196,196,,SEMCOG,INTERNAL,TRUE,TRUE,FALSE,0,1,Detroit,26163,Michigan,US,50,1,0.013041,48226,Detroit,,,,FALSE,0.43204224519098
197,197,,SEMCOG,INTERNAL,TRUE,TRUE,FALSE,0,1,Detroit,26163,Michigan,US,50,1,0.014777,48226,Detroit,,,,FALSE,0.451157671616898
198,198,,SEMCOG,INTERNAL,TRUE,TRUE,FALSE,0,1,Detroit,26163,Michigan,US,51,1,0.077735,48226,Detroit,,,,FALSE,0.614850586306877
199,199,,SEMCOG,INTERNAL,TRUE,TRUE,FALSE,0,1,Detroit,26163,Michigan,US,51,4,0.07702,48226,Detroit,,,,FALSE,0.511229808164922
200,200,,SEMCOG,INTERNAL,TRUE,TRUE,FALSE,0,1,Detroit,26163,Michigan,US,51,1,0.093362,48226,Detroit,,,,FALSE,0.299756407341108
201,201,,SEMCOG,INTERNAL,TRUE,TRUE,FALSE,0,1,Detroit,26163,Michigan,US,51,4,0.244709,48216,Detroit,,,,FALSE,0.597422507751121
202,202,,SEMCOG,INTERNAL,TRUE,TRUE,FALSE,0,1,Detroit,26163,Michigan,US,50,1,0.037378,48226,Detroit,,,,FALSE,0.555187045441252
203,203,,SEMCOG,INTERNAL,TRUE,TRUE,FALSE,0,1,Detroit,26163,Michigan,US,50,1,0.02029,48226,Detroit,,,,FALSE,0.505936431791303
204,204,,SEMCOG,INTERNAL,TRUE,TRUE,FALSE,0,1,Detroit,26163,Michigan,US,50,1,0.016854,48226,Detroit,,,,FALSE,0.503549602723945
205,205,,SEMCOG,INTERNAL,TRUE,TRUE,FALSE,0,1,Detroit,26163,Michigan,US,50,1,0.027997,48226,Detroit,,,,FALSE,0.378612222841845
206,206,,SEMCOG,INTERNAL,TRUE,TRUE,FALSE,0,1,Detroit,26163,Michigan,US,50,1,0.021334,48226,Detroit,,,,FALSE,0.369039525688633
207,207,,SEMCOG,INTERNAL,TRUE,TRUE,FALSE,0,1,Detroit,26163,Michigan,US,50,1,0.022864,48226,Detroit,,,,FALSE,0.197175733987344
208,208,,SEMCOG,INTERNAL,TRUE,TRUE,FALSE,0,1,Detroit,26163,Michigan,US,49,1,0.02094,48226,Detroit,,,,FALSE,0.352522112227338
209,209,,SEMCOG,INTERNAL,TRUE,TRUE,FALSE,0,1,Detroit,26163,Michigan,US,49,1,0.072152,48226,Detroit,,,,FALSE,0.0817176937301519
210,210,,SEMCOG,INTERNAL,TRUE,TRUE,FALSE,0,1,Detroit,26163,Michigan,US,49,1,0.037051,48201,Detroit,,,,FALSE,0.164760839841124
211,211,,SEMCOG,INTERNAL,TRUE,TRUE,FALSE,0,1,Detroit,26163,Michigan,US,49,1,0.022819,48226,Detroit,,,,FALSE,0.254336923393518
212,212,,SEMCOG,INTERNAL,TRUE,TRUE,FALSE,0,1,Detroit,26163,Michigan,US,49,1,0.027027,48226,Detroit,,,,FALSE,0.369723705534093
213,213,,SEMCOG,INTERNAL,TRUE,TRUE,FALSE,0,1,Detroit,26163,Michigan,US,49,1,0.025999,48226,Detroit,,,,FALSE,0.500499638476055
214,214,,SEMCOG,INTERNAL,TRUE,TRUE,FALSE,0,1,Detroit,26163,Michigan,US,49,1,0.019057,48226,Detroit,,,,FALSE,0.332573162799525
215,215,,SEMCOG,INTERNAL,TRUE,TRUE,FALSE,0,1,Detroit,26163,Michigan,US,49,1,0.070285,48201,Detroit,,,,FALSE,0.0894578358367884
216,216,,SEMCOG,INTERNAL,TRUE,TRUE,FALSE,0,1,Detroit,26163,Michigan,US,29,4,0.35352,48204,Detroit,,,,FALSE,0.255152724778604
217,217,,SEMCOG,INTERNAL,TRUE,TRUE,FALSE,0,1,Detroit,26163,Michigan,US,29,4,0.687886,48210,Detroit,,,,FALSE,0.268617756097083
218,218,,SEMCOG,INTERNAL,TRUE,TRUE,FALSE,0,1,Detroit,26163,Michigan,US,29,4,0.401503,48210,Detroit,,,,FALSE,0.489006915145249
219,219,,SEMCOG,INTERNAL,TRUE,TRUE,FALSE,0,1,Detroit,26163,Michigan,US,29,4,0.78089,48204,Detroit,,,,FALSE,0.47298741717337
220,220,,SEMCOG,INTERNAL,TRUE,TRUE,FALSE,0,1,Detroit,26163,Michigan,US,29,4,0.517923,48204,Detroit,,,,FALSE,0.343929151419708
221,221,,SEMCOG,INTERNAL,TRUE,TRUE,FALSE,0,1,Detroit,26163,Michigan,US,29,4,0.374536,48210,Detroit,,,,FALSE,1.00632147977047
222,222,,SEMCOG,INTERNAL,TRUE,TRUE,FALSE,0,1,Detroit,26163,Michigan,US,25,4,0.225825,48210,Detroit,,,,FALSE,0.156908144249546
223,223,,SEMCOG,INTERNAL,TRUE,TRUE,FALSE,0,1,Detroit,26163,Michigan,US,25,4,0.525712,48210,Detroit,,,,FALSE,0.594671787038441
224,224,,SEMCOG,INTERNAL,TRUE,TRUE,FALSE,0,1,Detroit,26163,Michigan,US,25,4,0.671959,48210,Detroit,,,,FALSE,0.344334161902653
225,225,,SEMCOG,INTERNAL,TRUE,TRUE,FALSE,0,1,Detroit,26163,Michigan,US,25,4,0.523784,48210,Detroit,,,,FALSE,0.310651248063231
226,226,,SEMCOG,INTERNAL,TRUE,TRUE,FALSE,0,1,Detroit,26163,Michigan,US,25,4,0.60123,48210,Detroit,,,,FALSE,0.383376910735559
227,227,,SEMCOG,INTERNAL,TRUE,TRUE,FALSE,0,1,Detroit,26163,Michigan,US,26,4,0.402794,48216,Detroit,,,,FALSE,0.151399001970209
228,228,,SEMCOG,INTERNAL,TRUE,TRUE,FALSE,0,1,Detroit,26163,Michigan,US,26,4,0.422312,48208,Detroit,,,,FALSE,0.280667994586648
229,229,,SEMCOG,INTERNAL,TRUE,TRUE,FALSE,0,1,Detroit,26163,Michigan,US,26,4,0.82045,48210,Detroit,,,,FALSE,0.387508155308511
230,230,,SEMCOG,INTERNAL,TRUE,TRUE,FALSE,0,1,Detroit,26163,Michigan,US,26,4,0.306231,48210,Detroit,,,,FALSE,0.878546742095808
231,231,,SEMCOG,INTERNAL,TRUE,TRUE,FALSE,0,1,Detroit,26163,Michigan,US,27,4,0.083997,48201,Detroit,,,,FALSE,0.606752001419009
232,232,,SEMCOG,INTERNAL,TRUE,TRUE,FALSE,0,1,Detroit,26163,Michigan,US,27,4,0.210848,48208,Detroit,,,,FALSE,0.237435424662838
233,233,,SEMCOG,INTERNAL,TRUE,TRUE,FALSE,0,1,Detroit,26163,Michigan,US,27,4,0.440509,48208,Detroit,,,,FALSE,0.384346970733615
234,234,,SEMCOG,INTERNAL,TRUE,TRUE,FALSE,0,1,Detroit,26163,Michigan,US,27,4,0.646343,48208,Detroit,,,,FALSE,0.335885654971345
235,235,,SEMCOG,INTERNAL,TRUE,TRUE,FALSE,0,1,Detroit,26163,Michigan,US,27,4,0.287007,48216,Detroit,,,,FALSE,0.180520065947193
236,236,,SEMCOG,INTERNAL,TRUE,TRUE,FALSE,0,1,Detroit,26163,Michigan,US,27,4,0.262597,48216,Detroit,,,,FALSE,0.24733442229328
237,237,,SEMCOG,INTERNAL,TRUE,TRUE,FALSE,0,1,Detroit,26163,Michigan,US,22,4,0.250336,48216,Detroit,,,,FALSE,0.149390299197332
238,238,,SEMCOG,INTERNAL,TRUE,TRUE,FALSE,0,1,Detroit,26163,Michigan,US,22,4,0.216753,48216,Detroit,,,,FALSE,0.202500450313344
239,239,,SEMCOG,INTERNAL,TRUE,TRUE,FALSE,0,1,Detroit,26163,Michigan,US,22,4,0.178484,48216,Detroit,,,,FALSE,0.177842251475895
240,240,,SEMCOG,INTERNAL,TRUE,TRUE,FALSE,0,1,Detroit,26163,Michigan,US,22,4,0.159659,48216,Detroit,,,,FALSE,0.0268111260222474
241,241,,SEMCOG,INTERNAL,TRUE,TRUE,FALSE,0,1,Detroit,26163,Michigan,US,22,4,0.209503,48216,Detroit,,,,FALSE,0.145209826419499
242,242,,SEMCOG,INTERNAL,TRUE,TRUE,FALSE,0,1,Detroit,26163,Michigan,US,22,4,0.282695,48209,Detroit,,,,FALSE,0.359824564529453
243,243,,SEMCOG,INTERNAL,TRUE,TRUE,FALSE,0,1,Detroit,26163,Michigan,US,22,4,0.55894,48209,Detroit,,,,FALSE,0.819780183648105
244,244,,SEMCOG,INTERNAL,TRUE,TRUE,FALSE,0,1,Detroit,26163,Michigan,US,22,4,0.329898,48209,Detroit,,,,FALSE,0.357638325068687
245,245,,SEMCOG,INTERNAL,TRUE,TRUE,FALSE,0,1,Detroit,26163,Michigan,US,22,4,0.264324,48209,Detroit,,,,FALSE,0.376846799465489
246,246,,SEMCOG,INTERNAL,TRUE,TRUE,FALSE,0,1,Detroit,26163,Michigan,US,23,4,0.457928,48209,Detroit,,,,FALSE,0.253298247304941
247,247,,SEMCOG,INTERNAL,TRUE,TRUE,FALSE,0,1,Detroit,26163,Michigan,US,23,4,0.719755,48209,Detroit,,,,FALSE,1.06900183471708
248,248,,SEMCOG,INTERNAL,TRUE,TRUE,FALSE,0,1,Detroit,26163,Michigan,US,23,4,0.360365,48209,Detroit,,,,FALSE,1.00673130297266
249,249,,SEMCOG,INTERNAL,TRUE,TRUE,FALSE,0,1,Detroit,26163,Michigan,US,23,4,0.257511,48209,Detroit,,,,FALSE,0.712346648754487
250,250,,SEMCOG,INTERNAL,TRUE,TRUE,FALSE,0,1,Detroit,26163,Michigan,US,23,4,0.370955,48209,Detroit,,,,FALSE,0.632200792219241
251,251,,SEMCOG,INTERNAL,TRUE,TRUE,FALSE,0,1,Detroit,26163,Michigan,US,23,4,0.333467,48209,Detroit,,,,FALSE,0.429501869672633
252,252,,SEMCOG,INTERNAL,TRUE,TRUE,FALSE,0,1,Detroit,26163,Michigan,US,23,4,0.281574,48209,Detroit,,,,FALSE,0.458462931587809
253,253,,SEMCOG,INTERNAL,TRUE,TRUE,FALSE,0,1,Detroit,26163,Michigan,US,249,6,1.104136,48217,Detroit,,,,FALSE,0.32524390243202
254,254,,SEMCOG,INTERNAL,TRUE,TRUE,FALSE,0,1,Detroit,26163,Michigan,US,22,4,0.217806,48216,Detroit,,,,FALSE,0.376336237852731
255,255,,SEMCOG,INTERNAL,TRUE,TRUE,FALSE,0,1,Detroit,26163,Michigan,US,23,4,0.549451,48209,Detroit,,,,FALSE,0.243777146314603
256,256,,SEMCOG,INTERNAL,TRUE,TRUE,FALSE,0,1,Detroit,26163,Michigan,US,23,4,0.582575,48209,Detroit,,,,FALSE,0.727705432240242
257,257,,SEMCOG,INTERNAL,TRUE,TRUE,FALSE,0,1,Detroit,26163,Michigan,US,23,4,0.660593,48209,Detroit,,,,FALSE,0.317187181535488
258,258,,SEMCOG,INTERNAL,TRUE,TRUE,FALSE,0,1,Detroit,26163,Michigan,US,23,4,1.290685,48209,Detroit,,,,FALSE,0.161492639491019
259,259,,SEMCOG,INTERNAL,TRUE,TRUE,FALSE,0,1,Detroit,26163,Michigan,US,24,6,0.77477,48217,Detroit,,,,FALSE,0.215133140728476
260,260,,SEMCOG,INTERNAL,TRUE,TRUE,FALSE,0,1,Detroit,26163,Michigan,US,24,6,0.430505,48217,Detroit,,,,FALSE,0.406416366563408
261,261,,SEMCOG,INTERNAL,TRUE,TRUE,FALSE,0,1,Detroit,26163,Michigan,US,28,4,0.358614,48208,Detroit,,,,FALSE,0.270276522414392
262,262,,SEMCOG,INTERNAL,TRUE,TRUE,FALSE,0,1,Detroit,26163,Michigan,US,28,4,0.310916,48208,Detroit,,,,FALSE,0.16135636194655
263,263,,SEMCOG,INTERNAL,TRUE,TRUE,FALSE,0,1,Detroit,26163,Michigan,US,28,4,0.338601,48208,Detroit,,,,FALSE,0.340648487572825
264,264,,SEMCOG,INTERNAL,TRUE,TRUE,FALSE,0,1,Detroit,26163,Michigan,US,28,4,0.266661,48206,Detroit,,,,FALSE,0.689085325404343
265,265,,SEMCOG,INTERNAL,TRUE,TRUE,FALSE,0,1,Detroit,26163,Michigan,US,28,4,0.220706,48206,Detroit,,,,FALSE,1.15394069519307
266,266,,SEMCOG,INTERNAL,TRUE,TRUE,FALSE,0,1,Detroit,26163,Michigan,US,28,4,0.235234,48206,Detroit,,,,FALSE,1.14370250752465
267,267,,SEMCOG,INTERNAL,TRUE,TRUE,FALSE,0,1,Detroit,26163,Michigan,US,28,4,0.280374,48206,Detroit,,,,FALSE,0.884026574901164
268,268,,SEMCOG,INTERNAL,TRUE,TRUE,FALSE,0,1,Detroit,26163,Michigan,US,28,4,0.241444,48206,Detroit,,,,FALSE,0.730679910756593
269,269,,SEMCOG,INTERNAL,TRUE,TRUE,FALSE,0,1,Detroit,26163,Michigan,US,28,4,0.26607,48206,Detroit,,,,FALSE,0.445513670303107
270,270,,SEMCOG,INTERNAL,TRUE,TRUE,FALSE,0,1,Detroit,26163,Michigan,US,28,4,0.302007,48204,Detroit,,,,FALSE,0.26705007338344
271,271,,SEMCOG,INTERNAL,TRUE,TRUE,FALSE,0,1,Detroit,26163,Michigan,US,28,4,0.156217,48204,Detroit,,,,FALSE,0.131521589814567
272,272,,SEMCOG,INTERNAL,TRUE,TRUE,FALSE,0,1,Detroit,26163,Michigan,US,31,4,0.240461,48206,Detroit,,,,FALSE,1.00293246518368
273,273,,SEMCOG,INTERNAL,TRUE,TRUE,FALSE,0,1,Detroit,26163,Michigan,US,31,4,0.226551,48206,Detroit,,,,FALSE,1.39501455742449
274,274,,SEMCOG,INTERNAL,TRUE,TRUE,FALSE,0,1,Detroit,26163,Michigan,US,31,4,0.186383,48206,Detroit,,,,FALSE,1.53013906943579
275,275,,SEMCOG,INTERNAL,TRUE,TRUE,FALSE,0,1,Detroit,26163,Michigan,US,31,4,0.273151,48206,Detroit,,,,FALSE,1.43554490928069
276,276,,SEMCOG,INTERNAL,TRUE,TRUE,FALSE,0,1,Detroit,26163,Michigan,US,31,4,0.558316,48206,Detroit,,,,FALSE,1.69875043249727
277,277,,SEMCOG,INTERNAL,TRUE,TRUE,FALSE,0,1,Detroit,26163,Michigan,US,31,4,0.527328,48206,Detroit,,,,FALSE,1.23346050235665
278,278,,SEMCOG,INTERNAL,TRUE,TRUE,FALSE,0,1,Detroit,26163,Michigan,US,31,4,0.510744,48238,Detroit,,,,FALSE,1.41386400142568
279,279,,SEMCOG,INTERNAL,TRUE,TRUE,FALSE,0,1,Detroit,26163,Michigan,US,30,4,0.486645,48204,Detroit,,,,FALSE,0.763042935462117
280,280,,SEMCOG,INTERNAL,TRUE,TRUE,FALSE,0,1,Detroit,26163,Michigan,US,30,4,0.444454,48204,Detroit,,,,FALSE,0.357947580881327
281,281,,SEMCOG,INTERNAL,TRUE,TRUE,FALSE,0,1,Detroit,26163,Michigan,US,30,4,0.461063,48238,Detroit,,,,FALSE,0.568813414488488
282,282,,SEMCOG,INTERNAL,TRUE,TRUE,FALSE,0,1,Detroit,26163,Michigan,US,30,4,0.294208,48204,Detroit,,,,FALSE,0.198472777075998
283,283,,SEMCOG,INTERNAL,TRUE,TRUE,FALSE,0,1,Detroit,26163,Michigan,US,30,4,0.483362,48238,Detroit,,,,FALSE,0.169768402306925
284,284,,SEMCOG,INTERNAL,TRUE,TRUE,FALSE,0,1,Detroit,26163,Michigan,US,34,4,0.662574,48238,Detroit,,,,FALSE,0.292200604809557
285,285,,SEMCOG,INTERNAL,TRUE,TRUE,FALSE,0,1,Detroit,26163,Michigan,US,34,4,0.703084,48204,Detroit,,,,FALSE,0.28879399721411
286,286,,SEMCOG,INTERNAL,TRUE,TRUE,FALSE,0,1,Detroit,26163,Michigan,US,34,4,0.651614,48204,Detroit,,,,FALSE,0.728576814807119
287,287,,SEMCOG,INTERNAL,TRUE,TRUE,FALSE,0,1,Detroit,26163,Michigan,US,34,4,0.413973,48204,Detroit,,,,FALSE,0.863961492351251
288,288,,SEMCOG,INTERNAL,TRUE,TRUE,FALSE,0,1,Detroit,26163,Michigan,US,34,4,0.622137,48228,Detroit,,,,FALSE,1.4094625024127
289,289,,SEMCOG,INTERNAL,TRUE,TRUE,FALSE,0,1,Detroit,26163,Michigan,US,34,4,0.621322,48228,Detroit,,,,FALSE,1.66807712944161
290,290,,SEMCOG,INTERNAL,TRUE,TRUE,FALSE,0,1,Detroit,26163,Michigan,US,34,4,0.940823,48227,Detroit,,,,FALSE,0.553913323885475
291,291,,SEMCOG,INTERNAL,TRUE,TRUE,FALSE,0,1,Detroit,26163,Michigan,US,34,4,0.440217,48227,Detroit,,,,FALSE,0.268972313783582
292,292,,SEMCOG,INTERNAL,TRUE,TRUE,FALSE,0,1,Detroit,26163,Michigan,US,47,3,1.112114,48203,Detroit,,,,FALSE,1.81774466897124
293,293,,SEMCOG,INTERNAL,TRUE,TRUE,FALSE,0,1,Detroit,26163,Michigan,US,47,3,1.057679,48203,Detroit,,,,FALSE,1.3594002193296
294,294,,SEMCOG,INTERNAL,TRUE,TRUE,FALSE,0,1,Detroit,26163,Michigan,US,47,3,0.504042,48221,Detroit,,,,FALSE,2.14641476274851
295,295,,SEMCOG,INTERNAL,TRUE,TRUE,FALSE,0,1,Detroit,26163,Michigan,US,45,4,0.504093,48221,Detroit,,,,FALSE,2.2056908152009
296,296,,SEMCOG,INTERNAL,TRUE,TRUE,FALSE,0,1,Detroit,26163,Michigan,US,45,4,0.495728,48221,Detroit,,,,FALSE,2.70843706427557
297,297,,SEMCOG,INTERNAL,TRUE,TRUE,FALSE,0,1,Detroit,26163,Michigan,US,45,4,0.494712,48221,Detroit,,,,FALSE,2.48225960290223
298,298,,SEMCOG,INTERNAL,TRUE,TRUE,FALSE,0,1,Detroit,26163,Michigan,US,45,4,0.714662,48235,Detroit,,,,FALSE,2.40318166341903
299,299,,SEMCOG,INTERNAL,TRUE,TRUE,FALSE,0,1,Detroit,26163,Michigan,US,45,4,0.491471,48235,Detroit,,,,FALSE,2.49185254301978
300,300,,SEMCOG,INTERNAL,TRUE,TRUE,FALSE,0,1,Detroit,26163,Michigan,US,46,4,0.492449,48221,Detroit,,,,FALSE,2.86828528881425
301,301,,SEMCOG,INTERNAL,TRUE,TRUE,FALSE,0,1,Detroit,26163,Michigan,US,46,4,0.49662,48221,Detroit,,,,FALSE,2.38836001393933
302,302,,SEMCOG,INTERNAL,TRUE,TRUE,FALSE,0,1,Detroit,26163,Michigan,US,46,4,0.498224,48221,Detroit,,,,FALSE,2.63732628320051
303,303,,SEMCOG,INTERNAL,TRUE,TRUE,FALSE,0,1,Detroit,26163,Michigan,US,46,4,0.460301,48235,Detroit,,,,FALSE,2.80993243070136
304,304,,SEMCOG,INTERNAL,TRUE,TRUE,FALSE,0,1,Detroit,26163,Michigan,US,44,4,0.089881,48235,Detroit,,,,FALSE,2.48725686615901
305,305,,SEMCOG,INTERNAL,TRUE,TRUE,FALSE,0,1,Detroit,26163,Michigan,US,44,4,0.045668,48235,Detroit,,,,FALSE,2.3706135026792
306,306,,SEMCOG,INTERNAL,TRUE,TRUE,FALSE,0,1,Detroit,26163,Michigan,US,44,4,0.464319,48235,Detroit,,,,FALSE,2.53910243409737
307,307,,SEMCOG,INTERNAL,TRUE,TRUE,FALSE,0,1,Detroit,26163,Michigan,US,44,4,0.286764,48235,Detroit,,,,FALSE,2.76362339825501
308,308,,SEMCOG,INTERNAL,TRUE,TRUE,FALSE,0,1,Detroit,26163,Michigan,US,44,4,0.423661,48235,Detroit,,,,FALSE,3.03099807625339
309,309,,SEMCOG,INTERNAL,TRUE,TRUE,FALSE,0,1,Detroit,26163,Michigan,US,44,4,0.473825,48235,Detroit,,,,FALSE,2.50958875768596
310,310,,SEMCOG,INTERNAL,TRUE,TRUE,FALSE,0,1,Detroit,26163,Michigan,US,44,4,0.489402,48235,Detroit,,,,FALSE,2.98754959245206
311,311,,SEMCOG,INTERNAL,TRUE,TRUE,FALSE,0,1,Detroit,26163,Michigan,US,44,4,0.493548,48235,Detroit,,,,FALSE,2.71228516800586
312,312,,SEMCOG,INTERNAL,TRUE,TRUE,FALSE,0,1,Detroit,26163,Michigan,US,44,4,0.495564,48235,Detroit,,,,FALSE,2.80149229104258
313,313,,SEMCOG,INTERNAL,TRUE,TRUE,FALSE,0,1,Detroit,26163,Michigan,US,40,4,0.366371,48235,Detroit,,,,FALSE,2.11432345681577
314,314,,SEMCOG,INTERNAL,TRUE,TRUE,FALSE,0,1,Detroit,26163,Michigan,US,40,4,0.362342,48227,Detroit,,,,FALSE,1.63471052458181
315,315,,SEMCOG,INTERNAL,TRUE,TRUE,FALSE,0,1,Detroit,26163,Michigan,US,40,4,0.496656,48235,Detroit,,,,FALSE,2.01266577955847
316,316,,SEMCOG,INTERNAL,TRUE,TRUE,FALSE,0,1,Detroit,26163,Michigan,US,40,4,0.497011,48227,Detroit,,,,FALSE,1.53458585742115
317,317,,SEMCOG,INTERNAL,TRUE,TRUE,FALSE,0,1,Detroit,26163,Michigan,US,40,4,0.319287,48227,Detroit,,,,FALSE,1.18757734753266
318,318,,SEMCOG,INTERNAL,TRUE,TRUE,FALSE,0,1,Detroit,26163,Michigan,US,39,4,0.671873,48227,Detroit,,,,FALSE,0.705937708957556
319,319,,SEMCOG,INTERNAL,TRUE,TRUE,FALSE,0,1,Detroit,26163,Michigan,US,39,4,0.319043,48227,Detroit,,,,FALSE,0.693378173018211
320,320,,SEMCOG,INTERNAL,TRUE,TRUE,FALSE,0,1,Detroit,26163,Michigan,US,39,4,0.364147,48227,Detroit,,,,FALSE,1.16153218134593
321,321,,SEMCOG,INTERNAL,TRUE,TRUE,FALSE,0,1,Detroit,26163,Michigan,US,39,4,0.487048,48227,Detroit,,,,FALSE,0.347896325680926
322,322,,SEMCOG,INTERNAL,TRUE,TRUE,FALSE,0,1,Detroit,26163,Michigan,US,39,4,0.516815,48227,Detroit,,,,FALSE,0.256007454836255
323,323,,SEMCOG,INTERNAL,TRUE,TRUE,FALSE,0,1,Detroit,26163,Michigan,US,33,4,0.499226,48221,Detroit,,,,FALSE,1.88925346079175
324,324,,SEMCOG,INTERNAL,TRUE,TRUE,FALSE,0,1,Detroit,26163,Michigan,US,33,4,0.49515,48238,Detroit,,,,FALSE,1.39111251951585
325,325,,SEMCOG,INTERNAL,TRUE,TRUE,FALSE,0,1,Detroit,26163,Michigan,US,33,4,0.745253,48238,Detroit,,,,FALSE,0.897256662538791
326,326,,SEMCOG,INTERNAL,TRUE,TRUE,FALSE,0,1,Detroit,26163,Michigan,US,33,4,0.505645,48221,Detroit,,,,FALSE,1.65286975398797
327,327,,SEMCOG,INTERNAL,TRUE,TRUE,FALSE,0,1,Detroit,26163,Michigan,US,33,4,0.374056,48235,Detroit,,,,FALSE,1.94354636818735
328,328,,SEMCOG,INTERNAL,TRUE,TRUE,FALSE,0,1,Detroit,26163,Michigan,US,33,4,0.388064,48227,Detroit,,,,FALSE,1.45137350286703
329,329,,SEMCOG,INTERNAL,TRUE,TRUE,FALSE,0,1,Detroit,26163,Michigan,US,33,4,0.438157,48227,Detroit,,,,FALSE,0.919364614127803
330,330,,SEMCOG,INTERNAL,TRUE,TRUE,FALSE,0,1,Detroit,26163,Michigan,US,32,4,0.130984,48221,Detroit,,,,FALSE,1.9402717455535
331,331,,SEMCOG,INTERNAL,TRUE,TRUE,FALSE,0,1,Detroit,26163,Michigan,US,32,4,0.424531,48238,Detroit,,,,FALSE,1.78241213034428
332,332,,SEMCOG,INTERNAL,TRUE,TRUE,FALSE,0,1,Detroit,26163,Michigan,US,32,4,0.504156,48238,Detroit,,,,FALSE,1.73336226542452
333,333,,SEMCOG,INTERNAL,TRUE,TRUE,FALSE,0,1,Detroit,26163,Michigan,US,32,4,0.603236,48238,Detroit,,,,FALSE,1.26249421117033
334,334,,SEMCOG,INTERNAL,TRUE,TRUE,FALSE,0,1,Detroit,26163,Michigan,US,43,5,0.492717,48219,Detroit,,,,FALSE,2.8502575615545
335,335,,SEMCOG,INTERNAL,TRUE,TRUE,FALSE,0,1,Detroit,26163,Michigan,US,43,5,0.497872,48219,Detroit,,,,FALSE,3.29090800679634
336,336,,SEMCOG,INTERNAL,TRUE,TRUE,FALSE,0,1,Detroit,26163,Michigan,US,43,5,0.49804,48219,Detroit,,,,FALSE,2.43556155773249
337,337,,SEMCOG,INTERNAL,TRUE,TRUE,FALSE,0,1,Detroit,26163,Michigan,US,43,5,0.500292,48219,Detroit,,,,FALSE,2.90887321721212
338,338,,SEMCOG,INTERNAL,TRUE,TRUE,FALSE,0,1,Detroit,26163,Michigan,US,43,5,0.654346,48219,Detroit,,,,FALSE,2.3315218423129
339,339,,SEMCOG,INTERNAL,TRUE,TRUE,FALSE,0,1,Detroit,26163,Michigan,US,43,5,0.347647,48219,Detroit,,,,FALSE,2.83107758423893
340,340,,SEMCOG,INTERNAL,TRUE,TRUE,FALSE,0,1,Detroit,26163,Michigan,US,43,5,0.488813,48219,Detroit,,,,FALSE,3.33372972623372
341,341,,SEMCOG,INTERNAL,TRUE,TRUE,FALSE,0,1,Detroit,26163,Michigan,US,43,5,0.492947,48219,Detroit,,,,FALSE,3.41505154049097
342,342,,SEMCOG,INTERNAL,TRUE,TRUE,FALSE,0,1,Detroit,26163,Michigan,US,42,5,0.463807,48219,Detroit,,,,FALSE,3.44652651719038
343,343,,SEMCOG,INTERNAL,TRUE,TRUE,FALSE,0,1,Detroit,26163,Michigan,US,42,5,0.493284,48219,Detroit,,,,FALSE,3.36707978753695
344,344,,SEMCOG,INTERNAL,TRUE,TRUE,FALSE,0,1,Detroit,26163,Michigan,US,42,5,0.477633,48219,Detroit,,,,FALSE,3.31574553165107
345,345,,SEMCOG,INTERNAL,TRUE,TRUE,FALSE,0,1,Detroit,26163,Michigan,US,42,5,0.980953,48219,Detroit,,,,FALSE,2.49006637029389
346,346,,SEMCOG,INTERNAL,TRUE,TRUE,FALSE,0,1,Detroit,26163,Michigan,US,42,5,0.494863,48219,Detroit,,,,FALSE,2.4835681108818
347,347,,SEMCOG,INTERNAL,TRUE,TRUE,FALSE,0,1,Detroit,26163,Michigan,US,42,5,1.226716,48219,Detroit,,,,FALSE,1.5404938526038
348,348,,SEMCOG,INTERNAL,TRUE,TRUE,FALSE,0,1,Detroit,26163,Michigan,US,41,5,0.483273,48219,Detroit,,,,FALSE,1.75743816336727
349,349,,SEMCOG,INTERNAL,TRUE,TRUE,FALSE,0,1,Detroit,26163,Michigan,US,41,5,0.732,48219,Detroit,,,,FALSE,1.86519575361247
350,350,,SEMCOG,INTERNAL,TRUE,TRUE,FALSE,0,1,Detroit,26163,Michigan,US,41,5,0.413914,48223,Detroit,,,,FALSE,1.15699929319009
351,351,,SEMCOG,INTERNAL,TRUE,TRUE,FALSE,0,1,Detroit,26163,Michigan,US,41,5,0.836416,48223,Detroit,,,,FALSE,0.900218508513359
352,352,,SEMCOG,INTERNAL,TRUE,TRUE,FALSE,0,1,Detroit,26163,Michigan,US,38,5,0.532244,48223,Detroit,,,,FALSE,0.300008292684675
353,353,,SEMCOG,INTERNAL,TRUE,TRUE,FALSE,0,1,Detroit,26163,Michigan,US,38,5,0.901395,48223,Detroit,,,,FALSE,0.956389460618781
354,354,,SEMCOG,INTERNAL,TRUE,TRUE,FALSE,0,1,Detroit,26163,Michigan,US,38,5,0.896056,48223,Detroit,,,,FALSE,0.253480445050652
355,355,,SEMCOG,INTERNAL,TRUE,TRUE,FALSE,0,1,Detroit,26163,Michigan,US,38,5,0.710844,48223,Detroit,,,,FALSE,0.494435135287739
356,356,,SEMCOG,INTERNAL,TRUE,TRUE,FALSE,0,1,Detroit,26163,Michigan,US,37,5,0.460039,48228,Detroit,,,,FALSE,0.157107109599278
357,357,,SEMCOG,INTERNAL,TRUE,TRUE,FALSE,0,1,Detroit,26163,Michigan,US,37,5,0.498177,48228,Detroit,,,,FALSE,0.614009653713505
358,358,,SEMCOG,INTERNAL,TRUE,TRUE,FALSE,0,1,Detroit,26163,Michigan,US,37,5,0.497752,48228,Detroit,,,,FALSE,0.994101720867492
359,359,,SEMCOG,INTERNAL,TRUE,TRUE,FALSE,0,1,Detroit,26163,Michigan,US,37,5,0.250743,48228,Detroit,,,,FALSE,0.38894587208993
360,360,,SEMCOG,INTERNAL,TRUE,TRUE,FALSE,0,1,Detroit,26163,Michigan,US,37,5,0.533907,48228,Detroit,,,,FALSE,1.03660476805115
361,361,,SEMCOG,INTERNAL,TRUE,TRUE,FALSE,0,1,Detroit,26163,Michigan,US,37,5,0.875247,48223,Detroit,,,,FALSE,0.204729208234604
362,362,,SEMCOG,INTERNAL,TRUE,TRUE,FALSE,0,1,Detroit,26163,Michigan,US,37,5,0.514422,48239,Detroit,,,,FALSE,0.68120296592583
363,363,,SEMCOG,INTERNAL,TRUE,TRUE,FALSE,0,1,Detroit,26163,Michigan,US,37,5,0.998045,48239,Detroit,,,,FALSE,1.41748370491175
364,364,,SEMCOG,INTERNAL,TRUE,TRUE,FALSE,0,1,Detroit,26163,Michigan,US,36,5,0.553501,48228,Detroit,,,,FALSE,2.42626798417622
365,365,,SEMCOG,INTERNAL,TRUE,TRUE,FALSE,0,1,Detroit,26163,Michigan,US,36,5,0.421551,48228,Detroit,,,,FALSE,2.8640585859736
366,366,,SEMCOG,INTERNAL,TRUE,TRUE,FALSE,0,1,Detroit,26163,Michigan,US,36,5,0.49815,48228,Detroit,,,,FALSE,1.44911664670214
367,367,,SEMCOG,INTERNAL,TRUE,TRUE,FALSE,0,1,Detroit,26163,Michigan,US,36,5,0.492535,48228,Detroit,,,,FALSE,1.92513446156768
368,368,,SEMCOG,INTERNAL,TRUE,TRUE,FALSE,0,1,Detroit,26163,Michigan,US,36,5,0.924323,48239,Detroit,,,,FALSE,2.32774908073298
369,369,,SEMCOG,INTERNAL,TRUE,TRUE,FALSE,0,1,Detroit,26163,Michigan,US,36,5,0.624959,48228,Detroit,,,,FALSE,1.92935765256001
370,370,,SEMCOG,INTERNAL,TRUE,TRUE,FALSE,0,1,Detroit,26163,Michigan,US,35,4,0.774131,48227,Detroit,,,,FALSE,0.429896403743911
371,371,,SEMCOG,INTERNAL,TRUE,TRUE,FALSE,0,1,Detroit,26163,Michigan,US,35,4,0.379719,48228,Detroit,,,,FALSE,1.18739323108308
372,372,,SEMCOG,INTERNAL,TRUE,TRUE,FALSE,0,1,Detroit,26163,Michigan,US,35,4,0.458408,48227,Detroit,,,,FALSE,0.189871816466677
373,373,,SEMCOG,INTERNAL,TRUE,TRUE,FALSE,0,1,Detroit,26163,Michigan,US,35,4,0.483593,48227,Detroit,,,,FALSE,0.619398813610804
374,374,,SEMCOG,INTERNAL,TRUE,TRUE,FALSE,0,1,Detroit,26163,Michigan,US,35,4,0.489635,48228,Detroit,,,,FALSE,0.996397325261827
375,375,,SEMCOG,INTERNAL,TRUE,TRUE,FALSE,0,1,Detroit,26163,Michigan,US,35,4,0.377015,48228,Detroit,,,,FALSE,1.68554949262388
376,376,,SEMCOG,INTERNAL,TRUE,TRUE,FALSE,0,1,Detroit,26163,Michigan,US,35,4,0.498607,48228,Detroit,,,,FALSE,1.45114339990328
377,377,,SEMCOG,INTERNAL,TRUE,TRUE,FALSE,0,1,Detroit,26163,Michigan,US,35,4,0.503385,48228,Detroit,,,,FALSE,1.92813014323018
378,378,,SEMCOG,INTERNAL,TRUE,TRUE,FALSE,0,1,Detroit,26163,Michigan,US,35,4,0.512338,48228,Detroit,,,,FALSE,2.31319669337846
379,379,,SEMCOG,INTERNAL,TRUE,TRUE,FALSE,0,2,Other Wayne,26163,Michigan,US,52,3,0.573446,48203,Other Wayne,,,,FALSE,0.415589582876107
380,380,,SEMCOG,INTERNAL,TRUE,TRUE,FALSE,0,2,Other Wayne,26163,Michigan,US,52,3,0.518814,48203,Other Wayne,,,,FALSE,0.436204464829876
381,381,,SEMCOG,INTERNAL,TRUE,TRUE,FALSE,0,2,Other Wayne,26163,Michigan,US,52,3,0.273444,48203,Other Wayne,,,,FALSE,0.174696065662374
382,382,,SEMCOG,INTERNAL,TRUE,TRUE,FALSE,0,2,Other Wayne,26163,Michigan,US,52,3,0.2406,48203,Other Wayne,,,,FALSE,0.882134233121379
383,383,,SEMCOG,INTERNAL,TRUE,TRUE,FALSE,0,2,Other Wayne,26163,Michigan,US,52,3,0.262558,48203,Other Wayne,,,,FALSE,0.680154397250546
384,384,,SEMCOG,INTERNAL,TRUE,TRUE,FALSE,0,2,Other Wayne,26163,Michigan,US,52,3,0.198603,48203,Other Wayne,,,,FALSE,0.772332426169676
385,385,,SEMCOG,INTERNAL,TRUE,TRUE,FALSE,0,2,Other Wayne,26163,Michigan,US,52,3,0.573633,48203,Other Wayne,,,,FALSE,1.20451714192327
386,386,,SEMCOG,INTERNAL,TRUE,TRUE,FALSE,0,2,Other Wayne,26163,Michigan,US,52,3,0.324858,48203,Other Wayne,,,,FALSE,1.08033589497813
387,387,,SEMCOG,INTERNAL,TRUE,TRUE,FALSE,0,2,Other Wayne,26163,Michigan,US,53,3,0.312471,48211,Other Wayne,,,,FALSE,0.71635252130036
388,388,,SEMCOG,INTERNAL,TRUE,TRUE,FALSE,0,2,Other Wayne,26163,Michigan,US,53,3,0.396007,48212,Other Wayne,,,,FALSE,0.715490927603702
389,389,,SEMCOG,INTERNAL,TRUE,TRUE,FALSE,0,2,Other Wayne,26163,Michigan,US,53,3,0.301443,48212,Other Wayne,,,,FALSE,0.252281636139819
390,390,,SEMCOG,INTERNAL,TRUE,TRUE,FALSE,0,2,Other Wayne,26163,Michigan,US,53,3,0.191327,48212,Other Wayne,,,,FALSE,0.710415414636649
391,391,,SEMCOG,INTERNAL,TRUE,TRUE,FALSE,0,2,Other Wayne,26163,Michigan,US,53,3,0.335099,48212,Other Wayne,,,,FALSE,0.134162162528116
392,392,,SEMCOG,INTERNAL,TRUE,TRUE,FALSE,0,2,Other Wayne,26163,Michigan,US,53,3,0.207932,48212,Other Wayne,,,,FALSE,0.672730357541225
393,393,,SEMCOG,INTERNAL,TRUE,TRUE,FALSE,0,2,Other Wayne,26163,Michigan,US,53,3,0.337992,48212,Other Wayne,,,,FALSE,1.11487300716042
394,394,,SEMCOG,INTERNAL,TRUE,TRUE,FALSE,0,1,Detroit,26163,Michigan,US,19,3,0.358487,48202,Detroit,,,,FALSE,0.962053687600896
395,395,,SEMCOG,INTERNAL,TRUE,TRUE,FALSE,0,2,Other Wayne,26163,Michigan,US,55,2,0.92067,48230,Other Wayne,,,,FALSE,2.74591647711715
396,396,,SEMCOG,INTERNAL,TRUE,TRUE,FALSE,0,2,Other Wayne,26163,Michigan,US,55,2,0.29536,48230,Other Wayne,,,,FALSE,1.63331160011392
397,397,,SEMCOG,INTERNAL,TRUE,TRUE,FALSE,0,2,Other Wayne,26163,Michigan,US,55,2,0.277502,48230,Other Wayne,,,,FALSE,2.07166863897558
398,398,,SEMCOG,INTERNAL,TRUE,TRUE,FALSE,0,2,Other Wayne,26163,Michigan,US,55,2,0.294801,48230,Other Wayne,,,,FALSE,1.69967691810995
399,399,,SEMCOG,INTERNAL,TRUE,TRUE,FALSE,0,2,Other Wayne,26163,Michigan,US,55,2,0.383788,48230,Other Wayne,,,,FALSE,2.17267440900193
400,400,,SEMCOG,INTERNAL,TRUE,TRUE,FALSE,0,2,Other Wayne,26163,Michigan,US,55,2,0.238665,48230,Other Wayne,,,,FALSE,1.83905459474523
401,401,,SEMCOG,INTERNAL,TRUE,TRUE,FALSE,0,2,Other Wayne,26163,Michigan,US,55,2,0.41252,48230,Other Wayne,,,,FALSE,2.4189771219943
402,402,,SEMCOG,INTERNAL,TRUE,TRUE,FALSE,0,2,Other Wayne,26163,Michigan,US,55,2,0.137575,48230,Other Wayne,,,,FALSE,2.77027961905203
403,403,,SEMCOG,INTERNAL,TRUE,TRUE,FALSE,0,2,Other Wayne,26163,Michigan,US,55,2,0.270981,48230,Other Wayne,,,,FALSE,1.77079699279552
404,404,,SEMCOG,INTERNAL,TRUE,TRUE,FALSE,0,2,Other Wayne,26163,Michigan,US,55,2,0.458929,48236,Other Wayne,,,,FALSE,1.43331860701919
405,405,,SEMCOG,INTERNAL,TRUE,TRUE,FALSE,0,2,Other Wayne,26163,Michigan,US,55,2,0.551713,48236,Other Wayne,,,,FALSE,1.94549909534285
406,406,,SEMCOG,INTERNAL,TRUE,TRUE,FALSE,0,2,Other Wayne,26163,Michigan,US,55,2,0.843385,48236,Other Wayne,,,,FALSE,2.4856740742022
407,407,,SEMCOG,INTERNAL,TRUE,TRUE,FALSE,0,2,Other Wayne,26163,Michigan,US,55,2,0.879376,48236,Other Wayne,,,,FALSE,1.67250090342632
408,408,,SEMCOG,INTERNAL,TRUE,TRUE,FALSE,0,2,Other Wayne,26163,Michigan,US,54,2,0.295446,48236,Other Wayne,,,,FALSE,0.455489708797138
409,409,,SEMCOG,INTERNAL,TRUE,TRUE,FALSE,0,2,Other Wayne,26163,Michigan,US,54,2,0.304026,48236,Other Wayne,,,,FALSE,0.596201363005233
410,410,,SEMCOG,INTERNAL,TRUE,TRUE,FALSE,0,2,Other Wayne,26163,Michigan,US,54,2,0.774809,48236,Other Wayne,,,,FALSE,1.21195855112494
411,411,,SEMCOG,INTERNAL,TRUE,TRUE,FALSE,0,2,Other Wayne,26163,Michigan,US,54,2,0.766693,48236,Other Wayne,,,,FALSE,1.31316929518993
412,412,,SEMCOG,INTERNAL,TRUE,TRUE,FALSE,0,2,Other Wayne,26163,Michigan,US,54,2,0.500729,48236,Other Wayne,,,,FALSE,0.717358460270129
413,413,,SEMCOG,INTERNAL,TRUE,TRUE,FALSE,0,2,Other Wayne,26163,Michigan,US,54,2,0.603614,48236,Other Wayne,,,,FALSE,1.51065754280768
414,414,,SEMCOG,INTERNAL,TRUE,TRUE,FALSE,0,2,Other Wayne,26163,Michigan,US,54,2,0.997464,48236,Other Wayne,,,,FALSE,2.03963344680015
415,415,,SEMCOG,INTERNAL,TRUE,TRUE,FALSE,0,2,Other Wayne,26163,Michigan,US,56,2,0.607095,48225,Other Wayne,,,,FALSE,0.367398890087246
416,416,,SEMCOG,INTERNAL,TRUE,TRUE,FALSE,0,2,Other Wayne,26163,Michigan,US,56,2,0.458921,48225,Other Wayne,,,,FALSE,1.06363173242824
417,417,,SEMCOG,INTERNAL,TRUE,TRUE,FALSE,0,2,Other Wayne,26163,Michigan,US,56,2,0.624266,48225,Other Wayne,,,,FALSE,0.160848471486679
418,418,,SEMCOG,INTERNAL,TRUE,TRUE,FALSE,0,2,Other Wayne,26163,Michigan,US,56,2,0.702848,48225,Other Wayne,,,,FALSE,0.482416575899848
419,419,,SEMCOG,INTERNAL,TRUE,TRUE,FALSE,0,2,Other Wayne,26163,Michigan,US,56,2,0.212248,48225,Other Wayne,,,,FALSE,0.795023733180391
420,420,,SEMCOG,INTERNAL,TRUE,TRUE,FALSE,0,2,Other Wayne,26163,Michigan,US,57,4,0.432599,48126,Other Wayne,,,,FALSE,1.00965523562389
421,421,,SEMCOG,INTERNAL,TRUE,TRUE,FALSE,0,2,Other Wayne,26163,Michigan,US,57,4,0.50285,48126,Other Wayne,,,,FALSE,0.585889613762924
422,422,,SEMCOG,INTERNAL,TRUE,TRUE,FALSE,0,2,Other Wayne,26163,Michigan,US,57,4,0.50347,48126,Other Wayne,,,,FALSE,1.37643571352697
423,423,,SEMCOG,INTERNAL,TRUE,TRUE,FALSE,0,2,Other Wayne,26163,Michigan,US,57,4,0.509062,48126,Other Wayne,,,,FALSE,0.80581468797132
424,424,,SEMCOG,INTERNAL,TRUE,TRUE,FALSE,0,2,Other Wayne,26163,Michigan,US,58,4,0.474931,48126,Other Wayne,,,,FALSE,1.52236070036642
425,425,,SEMCOG,INTERNAL,TRUE,TRUE,FALSE,0,2,Other Wayne,26163,Michigan,US,58,4,0.433614,48126,Other Wayne,,,,FALSE,1.88846809551286
426,426,,SEMCOG,INTERNAL,TRUE,TRUE,FALSE,0,2,Other Wayne,26163,Michigan,US,58,4,0.273284,48126,Other Wayne,,,,FALSE,1.00432936764512
427,427,,SEMCOG,INTERNAL,TRUE,TRUE,FALSE,0,2,Other Wayne,26163,Michigan,US,58,4,0.31573,48126,Other Wayne,,,,FALSE,1.4331181904389
428,428,,SEMCOG,INTERNAL,TRUE,TRUE,FALSE,0,2,Other Wayne,26163,Michigan,US,57,4,0.602952,48126,Other Wayne,,,,FALSE,0.0777669239701518
429,429,,SEMCOG,INTERNAL,TRUE,TRUE,FALSE,0,2,Other Wayne,26163,Michigan,US,57,4,1.153838,48120,Other Wayne,,,,FALSE,1.08902365830121
430,430,,SEMCOG,INTERNAL,TRUE,TRUE,FALSE,0,2,Other Wayne,26163,Michigan,US,57,4,1.880569,48126,Other Wayne,,,,FALSE,0.440998100105582
431,431,,SEMCOG,INTERNAL,TRUE,TRUE,FALSE,0,2,Other Wayne,26163,Michigan,US,60,4,1.008542,48120,Other Wayne,,,,FALSE,0.583244625045751
432,432,,SEMCOG,INTERNAL,TRUE,TRUE,FALSE,0,2,Other Wayne,26163,Michigan,US,60,4,0.61346,48120,Other Wayne,,,,FALSE,0.292183897837467
433,433,,SEMCOG,INTERNAL,TRUE,TRUE,FALSE,0,2,Other Wayne,26163,Michigan,US,57,4,0.202675,48126,Other Wayne,,,,FALSE,0.318132653974315
434,434,,SEMCOG,INTERNAL,TRUE,TRUE,FALSE,0,2,Other Wayne,26163,Michigan,US,57,4,0.252716,48126,Other Wayne,,,,FALSE,0.21859881595172
435,435,,SEMCOG,INTERNAL,TRUE,TRUE,FALSE,0,2,Other Wayne,26163,Michigan,US,58,4,0.261046,48126,Other Wayne,,,,FALSE,1.05286972540577
436,436,,SEMCOG,INTERNAL,TRUE,TRUE,FALSE,0,2,Other Wayne,26163,Michigan,US,58,4,0.264771,48126,Other Wayne,,,,FALSE,0.782598843464887
437,437,,SEMCOG,INTERNAL,TRUE,TRUE,FALSE,0,2,Other Wayne,26163,Michigan,US,58,4,0.164842,48126,Other Wayne,,,,FALSE,1.28482364641339
438,438,,SEMCOG,INTERNAL,TRUE,TRUE,FALSE,0,2,Other Wayne,26163,Michigan,US,58,4,0.346696,48126,Other Wayne,,,,FALSE,0.654482129564026
439,439,,SEMCOG,INTERNAL,TRUE,TRUE,FALSE,0,2,Other Wayne,26163,Michigan,US,58,4,0.183881,48126,Other Wayne,,,,FALSE,1.15484592480853
440,440,,SEMCOG,INTERNAL,TRUE,TRUE,FALSE,0,2,Other Wayne,26163,Michigan,US,58,5,0.296317,48126,Other Wayne,,,,FALSE,2.05292599859498
441,441,,SEMCOG,INTERNAL,TRUE,TRUE,FALSE,0,2,Other Wayne,26163,Michigan,US,58,5,0.288767,48126,Other Wayne,,,,FALSE,1.6278061359319
442,442,,SEMCOG,INTERNAL,TRUE,TRUE,FALSE,0,2,Other Wayne,26163,Michigan,US,58,5,0.110008,48126,Other Wayne,,,,FALSE,1.6565981714706
443,443,,SEMCOG,INTERNAL,TRUE,TRUE,FALSE,0,2,Other Wayne,26163,Michigan,US,58,5,0.206721,48126,Other Wayne,,,,FALSE,1.62579631389901
444,444,,SEMCOG,INTERNAL,TRUE,TRUE,FALSE,0,2,Other Wayne,26163,Michigan,US,58,5,0.187227,48126,Other Wayne,,,,FALSE,1.36410590287418
445,445,,SEMCOG,INTERNAL,TRUE,TRUE,FALSE,0,2,Other Wayne,26163,Michigan,US,58,5,0.169852,48126,Other Wayne,,,,FALSE,2.31932595658139
446,446,,SEMCOG,INTERNAL,TRUE,TRUE,FALSE,0,2,Other Wayne,26163,Michigan,US,58,5,0.203965,48126,Other Wayne,,,,FALSE,2.08310103283427
447,447,,SEMCOG,INTERNAL,TRUE,TRUE,FALSE,0,2,Other Wayne,26163,Michigan,US,58,5,0.122904,48126,Other Wayne,,,,FALSE,1.83989146172901
448,448,,SEMCOG,INTERNAL,TRUE,TRUE,FALSE,0,2,Other Wayne,26163,Michigan,US,59,5,0.556608,48126,Other Wayne,,,,FALSE,2.65385605222099
449,449,,SEMCOG,INTERNAL,TRUE,TRUE,FALSE,0,2,Other Wayne,26163,Michigan,US,59,5,0.580704,48126,Other Wayne,,,,FALSE,2.11880306162162
450,450,,SEMCOG,INTERNAL,TRUE,TRUE,FALSE,0,2,Other Wayne,26163,Michigan,US,59,5,0.658419,48128,Other Wayne,,,,FALSE,2.90241449357649
451,451,,SEMCOG,INTERNAL,TRUE,TRUE,FALSE,0,2,Other Wayne,26163,Michigan,US,60,6,0.583934,48124,Other Wayne,,,,FALSE,1.73994385289052
452,452,,SEMCOG,INTERNAL,TRUE,TRUE,FALSE,0,2,Other Wayne,26163,Michigan,US,60,6,0.578342,48124,Other Wayne,,,,FALSE,1.3363573306889
453,453,,SEMCOG,INTERNAL,TRUE,TRUE,FALSE,0,2,Other Wayne,26163,Michigan,US,60,6,0.208328,48120,Other Wayne,,,,FALSE,1.12916284482997
454,454,,SEMCOG,INTERNAL,TRUE,TRUE,FALSE,0,2,Other Wayne,26163,Michigan,US,60,6,0.474911,48124,Other Wayne,,,,FALSE,1.83435117317445
455,455,,SEMCOG,INTERNAL,TRUE,TRUE,FALSE,0,2,Other Wayne,26163,Michigan,US,60,6,0.101543,48124,Other Wayne,,,,FALSE,0.737329067120155
456,456,,SEMCOG,INTERNAL,TRUE,TRUE,FALSE,0,2,Other Wayne,26163,Michigan,US,60,6,0.245248,48124,Other Wayne,,,,FALSE,0.99795013290384
457,457,,SEMCOG,INTERNAL,TRUE,TRUE,FALSE,0,2,Other Wayne,26163,Michigan,US,60,6,0.278856,48124,Other Wayne,,,,FALSE,0.550452105324112
458,458,,SEMCOG,INTERNAL,TRUE,TRUE,FALSE,0,2,Other Wayne,26163,Michigan,US,59,5,1.27792,48124,Other Wayne,,,,FALSE,3.26762761321608
459,459,,SEMCOG,INTERNAL,TRUE,TRUE,FALSE,0,2,Other Wayne,26163,Michigan,US,59,5,0.224966,48124,Other Wayne,,,,FALSE,2.65211285276328
460,460,,SEMCOG,INTERNAL,TRUE,TRUE,FALSE,0,2,Other Wayne,26163,Michigan,US,59,5,0.178426,48124,Other Wayne,,,,FALSE,2.31912706417962
461,461,,SEMCOG,INTERNAL,TRUE,TRUE,FALSE,0,2,Other Wayne,26163,Michigan,US,59,5,0.209096,48124,Other Wayne,,,,FALSE,2.73634580745353
462,462,,SEMCOG,INTERNAL,TRUE,TRUE,FALSE,0,2,Other Wayne,26163,Michigan,US,59,5,0.707465,48128,Other Wayne,,,,FALSE,3.63516379437172
463,463,,SEMCOG,INTERNAL,TRUE,TRUE,FALSE,0,2,Other Wayne,26163,Michigan,US,59,5,0.728391,48128,Other Wayne,,,,FALSE,3.65714536398683
464,464,,SEMCOG,INTERNAL,TRUE,TRUE,FALSE,0,2,Other Wayne,26163,Michigan,US,59,5,0.536997,48124,Other Wayne,,,,FALSE,2.79108786066766
465,465,,SEMCOG,INTERNAL,TRUE,TRUE,FALSE,0,2,Other Wayne,26163,Michigan,US,59,5,0.422233,48124,Other Wayne,,,,FALSE,2.68678906595999
466,466,,SEMCOG,INTERNAL,TRUE,TRUE,FALSE,0,2,Other Wayne,26163,Michigan,US,59,5,0.276549,48124,Other Wayne,,,,FALSE,2.24861202703372
467,467,,SEMCOG,INTERNAL,TRUE,TRUE,FALSE,0,2,Other Wayne,26163,Michigan,US,60,6,0.726419,48124,Other Wayne,,,,FALSE,1.55826625724902
468,468,,SEMCOG,INTERNAL,TRUE,TRUE,FALSE,0,2,Other Wayne,26163,Michigan,US,60,6,0.424973,48124,Other Wayne,,,,FALSE,1.91511299906032
469,469,,SEMCOG,INTERNAL,TRUE,TRUE,FALSE,0,2,Other Wayne,26163,Michigan,US,60,6,0.672245,48124,Other Wayne,,,,FALSE,1.43049644029252
470,470,,SEMCOG,INTERNAL,TRUE,TRUE,FALSE,0,2,Other Wayne,26163,Michigan,US,60,6,0.611184,48124,Other Wayne,,,,FALSE,2.25739076592691
471,471,,SEMCOG,INTERNAL,TRUE,TRUE,FALSE,0,2,Other Wayne,26163,Michigan,US,60,6,0.601154,48124,Other Wayne,,,,FALSE,1.40845056782673
472,472,,SEMCOG,INTERNAL,TRUE,TRUE,FALSE,0,2,Other Wayne,26163,Michigan,US,60,6,0.600678,48124,Other Wayne,,,,FALSE,0.854760814133296
473,473,,SEMCOG,INTERNAL,TRUE,TRUE,FALSE,0,2,Other Wayne,26163,Michigan,US,61,5,1.218621,48127,Other Wayne,,,,FALSE,3.11437622303422
474,474,,SEMCOG,INTERNAL,TRUE,TRUE,FALSE,0,2,Other Wayne,26163,Michigan,US,61,5,0.681721,48127,Other Wayne,,,,FALSE,3.41917708869528
475,475,,SEMCOG,INTERNAL,TRUE,TRUE,FALSE,0,2,Other Wayne,26163,Michigan,US,61,5,0.963369,48127,Other Wayne,,,,FALSE,2.60635446530633
476,476,,SEMCOG,INTERNAL,TRUE,TRUE,FALSE,0,2,Other Wayne,26163,Michigan,US,61,5,0.588723,48127,Other Wayne,,,,FALSE,2.26359300594865
477,477,,SEMCOG,INTERNAL,TRUE,TRUE,FALSE,0,2,Other Wayne,26163,Michigan,US,61,5,1.013705,48127,Other Wayne,,,,FALSE,2.50041918141738
478,478,,SEMCOG,INTERNAL,TRUE,TRUE,FALSE,0,2,Other Wayne,26163,Michigan,US,61,5,0.499391,48127,Other Wayne,,,,FALSE,3.2589242838733
479,479,,SEMCOG,INTERNAL,TRUE,TRUE,FALSE,0,2,Other Wayne,26163,Michigan,US,61,5,0.492215,48127,Other Wayne,,,,FALSE,3.75560286445958
480,480,,SEMCOG,INTERNAL,TRUE,TRUE,FALSE,0,2,Other Wayne,26163,Michigan,US,61,5,0.490165,48127,Other Wayne,,,,FALSE,3.27099084591266
481,481,,SEMCOG,INTERNAL,TRUE,TRUE,FALSE,0,2,Other Wayne,26163,Michigan,US,61,5,0.488531,48127,Other Wayne,,,,FALSE,3.7657079089826
482,482,,SEMCOG,INTERNAL,TRUE,TRUE,FALSE,0,2,Other Wayne,26163,Michigan,US,61,5,0.500725,48127,Other Wayne,,,,FALSE,3.98635467772034
483,483,,SEMCOG,INTERNAL,TRUE,TRUE,FALSE,0,2,Other Wayne,26163,Michigan,US,61,5,0.751541,48127,Other Wayne,,,,FALSE,3.80013579522878
484,484,,SEMCOG,INTERNAL,TRUE,TRUE,FALSE,0,2,Other Wayne,26163,Michigan,US,61,6,0.294777,48125,Other Wayne,,,,FALSE,2.66483181447954
485,485,,SEMCOG,INTERNAL,TRUE,TRUE,FALSE,0,2,Other Wayne,26163,Michigan,US,62,6,0.22437,48125,Other Wayne,,,,FALSE,1.66654610896707
486,486,,SEMCOG,INTERNAL,TRUE,TRUE,FALSE,0,2,Other Wayne,26163,Michigan,US,62,6,0.498417,48125,Other Wayne,,,,FALSE,0.88188955087855
487,487,,SEMCOG,INTERNAL,TRUE,TRUE,FALSE,0,2,Other Wayne,26163,Michigan,US,62,6,0.361685,48125,Other Wayne,,,,FALSE,0.955955036035573
488,488,,SEMCOG,INTERNAL,TRUE,TRUE,FALSE,0,2,Other Wayne,26163,Michigan,US,62,6,0.483681,48125,Other Wayne,,,,FALSE,0.539065236027739
489,489,,SEMCOG,INTERNAL,TRUE,TRUE,FALSE,0,2,Other Wayne,26163,Michigan,US,62,6,0.383567,48125,Other Wayne,,,,FALSE,0.942774037554945
490,490,,SEMCOG,INTERNAL,TRUE,TRUE,FALSE,0,2,Other Wayne,26163,Michigan,US,62,6,0.508532,48125,Other Wayne,,,,FALSE,0.506126088617807
491,491,,SEMCOG,INTERNAL,TRUE,TRUE,FALSE,0,2,Other Wayne,26163,Michigan,US,62,6,0.867776,48125,Other Wayne,,,,FALSE,0.68265021676424
492,492,,SEMCOG,INTERNAL,TRUE,TRUE,FALSE,0,2,Other Wayne,26163,Michigan,US,62,6,0.421017,48125,Other Wayne,,,,FALSE,0.33447636772375
493,493,,SEMCOG,INTERNAL,TRUE,TRUE,FALSE,0,2,Other Wayne,26163,Michigan,US,67,6,1.485864,48218,Other Wayne,,,,FALSE,1.21177728308319
494,494,,SEMCOG,INTERNAL,TRUE,TRUE,FALSE,0,2,Other Wayne,26163,Michigan,US,67,6,0.339847,48218,Other Wayne,,,,FALSE,0.837960270926572
495,495,,SEMCOG,INTERNAL,TRUE,TRUE,FALSE,0,2,Other Wayne,26163,Michigan,US,67,6,0.719276,48218,Other Wayne,,,,FALSE,0.816741652873026
496,496,,SEMCOG,INTERNAL,TRUE,TRUE,FALSE,0,2,Other Wayne,26163,Michigan,US,67,6,0.27377,48218,Other Wayne,,,,FALSE,1.29517207041712
497,497,,SEMCOG,INTERNAL,TRUE,TRUE,FALSE,0,2,Other Wayne,26163,Michigan,US,67,6,1.102349,48229,Other Wayne,,,,FALSE,1.98431098634312
498,498,,SEMCOG,INTERNAL,TRUE,TRUE,FALSE,0,2,Other Wayne,26163,Michigan,US,67,6,0.807225,48229,Other Wayne,,,,FALSE,1.22943509198758
499,499,,SEMCOG,INTERNAL,TRUE,TRUE,FALSE,0,2,Other Wayne,26163,Michigan,US,67,6,0.805791,48229,Other Wayne,,,,FALSE,1.72792891259831
500,500,,SEMCOG,INTERNAL,TRUE,TRUE,FALSE,0,2,Other Wayne,26163,Michigan,US,65,6,0.252215,48146,Other Wayne,,,,FALSE,0.671800940125324
501,501,,SEMCOG,INTERNAL,TRUE,TRUE,FALSE,0,2,Other Wayne,26163,Michigan,US,65,6,0.333931,48146,Other Wayne,,,,FALSE,0.871379150955323
502,502,,SEMCOG,INTERNAL,TRUE,TRUE,FALSE,0,2,Other Wayne,26163,Michigan,US,65,6,0.549828,48146,Other Wayne,,,,FALSE,0.190041299407258
503,503,,SEMCOG,INTERNAL,TRUE,TRUE,FALSE,0,2,Other Wayne,26163,Michigan,US,65,6,0.591987,48146,Other Wayne,,,,FALSE,0.320172975371938
504,504,,SEMCOG,INTERNAL,TRUE,TRUE,FALSE,0,2,Other Wayne,26163,Michigan,US,65,6,0.083585,48146,Other Wayne,,,,FALSE,0.47839622547287
505,505,,SEMCOG,INTERNAL,TRUE,TRUE,FALSE,0,2,Other Wayne,26163,Michigan,US,65,6,0.335286,48146,Other Wayne,,,,FALSE,0.271839817674416
506,506,,SEMCOG,INTERNAL,TRUE,TRUE,FALSE,0,2,Other Wayne,26163,Michigan,US,65,6,0.19377,48146,Other Wayne,,,,FALSE,0.122355066001574
507,507,,SEMCOG,INTERNAL,TRUE,TRUE,FALSE,0,2,Other Wayne,26163,Michigan,US,66,6,0.225779,48146,Other Wayne,,,,FALSE,0.197573929718609
508,508,,SEMCOG,INTERNAL,TRUE,TRUE,FALSE,0,2,Other Wayne,26163,Michigan,US,66,6,0.34906,48146,Other Wayne,,,,FALSE,0.291290558997876
509,509,,SEMCOG,INTERNAL,TRUE,TRUE,FALSE,0,2,Other Wayne,26163,Michigan,US,66,6,0.375492,48146,Other Wayne,,,,FALSE,0.943002855091359
510,510,,SEMCOG,INTERNAL,TRUE,TRUE,FALSE,0,2,Other Wayne,26163,Michigan,US,66,6,0.547927,48146,Other Wayne,,,,FALSE,1.21921005048098
511,511,,SEMCOG,INTERNAL,TRUE,TRUE,FALSE,0,2,Other Wayne,26163,Michigan,US,66,6,0.72603,48146,Other Wayne,,,,FALSE,1.31345245597625
512,512,,SEMCOG,INTERNAL,TRUE,TRUE,FALSE,0,2,Other Wayne,26163,Michigan,US,66,6,0.257911,48146,Other Wayne,,,,FALSE,0.301093786173901
513,513,,SEMCOG,INTERNAL,TRUE,TRUE,FALSE,0,2,Other Wayne,26163,Michigan,US,66,6,0.413267,48146,Other Wayne,,,,FALSE,0.515437255000591
514,514,,SEMCOG,INTERNAL,TRUE,TRUE,FALSE,0,2,Other Wayne,26163,Michigan,US,66,6,0.132441,48146,Other Wayne,,,,FALSE,0.821419852064921
515,515,,SEMCOG,INTERNAL,TRUE,TRUE,FALSE,0,2,Other Wayne,26163,Michigan,US,66,6,0.510651,48146,Other Wayne,,,,FALSE,0.983125484816375
516,516,,SEMCOG,INTERNAL,TRUE,TRUE,FALSE,0,2,Other Wayne,26163,Michigan,US,68,6,0.579738,48192,Other Wayne,,,,FALSE,2.97609482428461
517,517,,SEMCOG,INTERNAL,TRUE,TRUE,FALSE,0,2,Other Wayne,26163,Michigan,US,68,6,0.290149,48192,Other Wayne,,,,FALSE,3.05928086219591
518,518,,SEMCOG,INTERNAL,TRUE,TRUE,FALSE,0,2,Other Wayne,26163,Michigan,US,68,6,0.286568,48192,Other Wayne,,,,FALSE,3.19049795215347
519,519,,SEMCOG,INTERNAL,TRUE,TRUE,FALSE,0,2,Other Wayne,26163,Michigan,US,68,6,0.085209,48192,Other Wayne,,,,FALSE,3.45549729422412
520,520,,SEMCOG,INTERNAL,TRUE,TRUE,FALSE,0,2,Other Wayne,26163,Michigan,US,68,6,0.728137,48192,Other Wayne,,,,FALSE,3.44438303407947
521,521,,SEMCOG,INTERNAL,TRUE,TRUE,FALSE,0,2,Other Wayne,26163,Michigan,US,68,6,0.760611,48192,Other Wayne,,,,FALSE,2.82675594848388
522,522,,SEMCOG,INTERNAL,TRUE,TRUE,FALSE,0,2,Other Wayne,26163,Michigan,US,68,6,0.574455,48192,Other Wayne,,,,FALSE,2.10101322590171
523,523,,SEMCOG,INTERNAL,TRUE,TRUE,FALSE,0,2,Other Wayne,26163,Michigan,US,68,6,0.591744,48192,Other Wayne,,,,FALSE,2.38790431656797
524,524,,SEMCOG,INTERNAL,TRUE,TRUE,FALSE,0,2,Other Wayne,26163,Michigan,US,68,6,0.394135,48192,Other Wayne,,,,FALSE,1.88796972449638
525,525,,SEMCOG,INTERNAL,TRUE,TRUE,FALSE,0,2,Other Wayne,26163,Michigan,US,68,6,0.480359,48192,Other Wayne,,,,FALSE,2.1860566582393
526,526,,SEMCOG,INTERNAL,TRUE,TRUE,FALSE,0,2,Other Wayne,26163,Michigan,US,68,6,0.520077,48192,Other Wayne,,,,FALSE,2.64627798791058
527,527,,SEMCOG,INTERNAL,TRUE,TRUE,FALSE,0,2,Other Wayne,26163,Michigan,US,69,6,0.335988,48195,Other Wayne,,,,FALSE,1.39636517023309
528,528,,SEMCOG,INTERNAL,TRUE,TRUE,FALSE,0,2,Other Wayne,26163,Michigan,US,69,6,0.652596,48195,Other Wayne,,,,FALSE,1.67528177901267
529,529,,SEMCOG,INTERNAL,TRUE,TRUE,FALSE,0,2,Other Wayne,26163,Michigan,US,69,6,0.2173,48195,Other Wayne,,,,FALSE,2.01654668874608
530,530,,SEMCOG,INTERNAL,TRUE,TRUE,FALSE,0,2,Other Wayne,26163,Michigan,US,69,6,0.119355,48195,Other Wayne,,,,FALSE,2.29182731731518
531,531,,SEMCOG,INTERNAL,TRUE,TRUE,FALSE,0,2,Other Wayne,26163,Michigan,US,69,6,0.183384,48195,Other Wayne,,,,FALSE,2.33086623839615
532,532,,SEMCOG,INTERNAL,TRUE,TRUE,FALSE,0,2,Other Wayne,26163,Michigan,US,69,6,0.135136,48195,Other Wayne,,,,FALSE,2.61674621808576
533,533,,SEMCOG,INTERNAL,TRUE,TRUE,FALSE,0,2,Other Wayne,26163,Michigan,US,69,6,0.403327,48195,Other Wayne,,,,FALSE,1.57415996105173
534,534,,SEMCOG,INTERNAL,TRUE,TRUE,FALSE,0,2,Other Wayne,26163,Michigan,US,69,6,0.427112,48195,Other Wayne,,,,FALSE,1.94395688402066
535,535,,SEMCOG,INTERNAL,TRUE,TRUE,FALSE,0,2,Other Wayne,26163,Michigan,US,69,6,0.449627,48195,Other Wayne,,,,FALSE,0.791149055745412
536,536,,SEMCOG,INTERNAL,TRUE,TRUE,FALSE,0,2,Other Wayne,26163,Michigan,US,69,6,0.544988,48195,Other Wayne,,,,FALSE,1.24832491589604
537,537,,SEMCOG,INTERNAL,TRUE,TRUE,FALSE,0,2,Other Wayne,26163,Michigan,US,69,6,0.507416,48195,Other Wayne,,,,FALSE,0.260028912574328
538,538,,SEMCOG,INTERNAL,TRUE,TRUE,FALSE,0,2,Other Wayne,26163,Michigan,US,69,6,0.837946,48195,Other Wayne,,,,FALSE,0.67416153531664
539,539,,SEMCOG,INTERNAL,TRUE,TRUE,FALSE,0,2,Other Wayne,26163,Michigan,US,69,6,0.465775,48195,Other Wayne,,,,FALSE,1.25852968823855
540,540,,SEMCOG,INTERNAL,TRUE,TRUE,FALSE,0,2,Other Wayne,26163,Michigan,US,69,6,0.849444,48195,Other Wayne,,,,FALSE,0.411469852945465
541,541,,SEMCOG,INTERNAL,TRUE,TRUE,FALSE,0,2,Other Wayne,26163,Michigan,US,69,6,0.710364,48195,Other Wayne,,,,FALSE,0.383657906975972
542,542,,SEMCOG,INTERNAL,TRUE,TRUE,FALSE,0,2,Other Wayne,26163,Michigan,US,63,6,0.886973,48101,Other Wayne,,,,FALSE,0.112817190267346
543,543,,SEMCOG,INTERNAL,TRUE,TRUE,FALSE,0,2,Other Wayne,26163,Michigan,US,63,6,0.515846,48101,Other Wayne,,,,FALSE,0.629426079080678
544,544,,SEMCOG,INTERNAL,TRUE,TRUE,FALSE,0,2,Other Wayne,26163,Michigan,US,63,6,0.192321,48101,Other Wayne,,,,FALSE,1.03265629055772
545,545,,SEMCOG,INTERNAL,TRUE,TRUE,FALSE,0,2,Other Wayne,26163,Michigan,US,63,6,0.665727,48101,Other Wayne,,,,FALSE,0.78027516885401
546,546,,SEMCOG,INTERNAL,TRUE,TRUE,FALSE,0,2,Other Wayne,26163,Michigan,US,63,6,0.295754,48101,Other Wayne,,,,FALSE,0.794143814536799
547,547,,SEMCOG,INTERNAL,TRUE,TRUE,FALSE,0,2,Other Wayne,26163,Michigan,US,63,6,0.607496,48101,Other Wayne,,,,FALSE,0.233087942158955
548,548,,SEMCOG,INTERNAL,TRUE,TRUE,FALSE,0,2,Other Wayne,26163,Michigan,US,63,6,0.651828,48101,Other Wayne,,,,FALSE,1.0047380421518
549,549,,SEMCOG,INTERNAL,TRUE,TRUE,FALSE,0,2,Other Wayne,26163,Michigan,US,63,6,0.854719,48101,Other Wayne,,,,FALSE,0.222659722373249
550,550,,SEMCOG,INTERNAL,TRUE,TRUE,FALSE,0,2,Other Wayne,26163,Michigan,US,63,6,0.560067,48101,Other Wayne,,,,FALSE,0.803868667104103
551,551,,SEMCOG,INTERNAL,TRUE,TRUE,FALSE,0,2,Other Wayne,26163,Michigan,US,63,6,1.078671,48101,Other Wayne,,,,FALSE,0.289049141350882
552,552,,SEMCOG,INTERNAL,TRUE,TRUE,FALSE,0,2,Other Wayne,26163,Michigan,US,63,6,0.729977,48101,Other Wayne,,,,FALSE,0.253851443077266
553,553,,SEMCOG,INTERNAL,TRUE,TRUE,FALSE,0,2,Other Wayne,26163,Michigan,US,64,6,0.874706,48122,Other Wayne,,,,FALSE,0.332564846400228
554,554,,SEMCOG,INTERNAL,TRUE,TRUE,FALSE,0,2,Other Wayne,26163,Michigan,US,64,6,0.317128,48122,Other Wayne,,,,FALSE,0.318119952626343
555,555,,SEMCOG,INTERNAL,TRUE,TRUE,FALSE,0,2,Other Wayne,26163,Michigan,US,64,6,0.694931,48122,Other Wayne,,,,FALSE,0.710992945981127
556,556,,SEMCOG,INTERNAL,TRUE,TRUE,FALSE,0,2,Other Wayne,26163,Michigan,US,64,6,0.86744,48122,Other Wayne,,,,FALSE,0.599754366635249
557,557,,SEMCOG,INTERNAL,TRUE,TRUE,FALSE,0,2,Other Wayne,26163,Michigan,US,77,6,0.537049,48180,Other Wayne,,,,FALSE,0.0121867336683412
558,558,,SEMCOG,INTERNAL,TRUE,TRUE,FALSE,0,2,Other Wayne,26163,Michigan,US,77,6,0.892269,48180,Other Wayne,,,,FALSE,0.151170586079521
559,559,,SEMCOG,INTERNAL,TRUE,TRUE,FALSE,0,2,Other Wayne,26163,Michigan,US,77,6,0.606081,48180,Other Wayne,,,,FALSE,1.1130893956353
560,560,,SEMCOG,INTERNAL,TRUE,TRUE,FALSE,0,2,Other Wayne,26163,Michigan,US,77,6,0.495043,48180,Other Wayne,,,,FALSE,1.01263279521464
561,561,,SEMCOG,INTERNAL,TRUE,TRUE,FALSE,0,2,Other Wayne,26163,Michigan,US,77,6,0.355224,48180,Other Wayne,,,,FALSE,0.453220171725201
562,562,,SEMCOG,INTERNAL,TRUE,TRUE,FALSE,0,2,Other Wayne,26163,Michigan,US,77,6,0.348314,48180,Other Wayne,,,,FALSE,1.13271330793027
563,563,,SEMCOG,INTERNAL,TRUE,TRUE,FALSE,0,2,Other Wayne,26163,Michigan,US,77,6,0.624041,48180,Other Wayne,,,,FALSE,1.15090999947442
564,564,,SEMCOG,INTERNAL,TRUE,TRUE,FALSE,0,2,Other Wayne,26163,Michigan,US,77,6,0.663951,48180,Other Wayne,,,,FALSE,1.82880517546949
565,565,,SEMCOG,INTERNAL,TRUE,TRUE,FALSE,0,2,Other Wayne,26163,Michigan,US,77,6,0.585472,48180,Other Wayne,,,,FALSE,1.28316747377354
566,566,,SEMCOG,INTERNAL,TRUE,TRUE,FALSE,0,2,Other Wayne,26163,Michigan,US,77,6,0.435861,48180,Other Wayne,,,,FALSE,1.84859492617571
567,567,,SEMCOG,INTERNAL,TRUE,TRUE,FALSE,0,2,Other Wayne,26163,Michigan,US,77,6,0.344779,48180,Other Wayne,,,,FALSE,2.15681259286057
568,568,,SEMCOG,INTERNAL,TRUE,TRUE,FALSE,0,2,Other Wayne,26163,Michigan,US,77,6,0.769704,48180,Other Wayne,,,,FALSE,1.75371707593374
569,569,,SEMCOG,INTERNAL,TRUE,TRUE,FALSE,0,2,Other Wayne,26163,Michigan,US,77,6,1.265103,48180,Other Wayne,,,,FALSE,0.949065521682835
570,570,,SEMCOG,INTERNAL,TRUE,TRUE,FALSE,0,2,Other Wayne,26163,Michigan,US,76,6,0.640442,48180,Other Wayne,,,,FALSE,1.19130638224066
571,571,,SEMCOG,INTERNAL,TRUE,TRUE,FALSE,0,2,Other Wayne,26163,Michigan,US,76,6,0.314366,48180,Other Wayne,,,,FALSE,0.786010133281581
572,572,,SEMCOG,INTERNAL,TRUE,TRUE,FALSE,0,2,Other Wayne,26163,Michigan,US,76,6,0.246414,48180,Other Wayne,,,,FALSE,0.641259684964659
573,573,,SEMCOG,INTERNAL,TRUE,TRUE,FALSE,0,2,Other Wayne,26163,Michigan,US,76,6,0.845759,48180,Other Wayne,,,,FALSE,0.179520945589043
574,574,,SEMCOG,INTERNAL,TRUE,TRUE,FALSE,0,2,Other Wayne,26163,Michigan,US,76,6,0.668824,48180,Other Wayne,,,,FALSE,0.341115392280683
575,575,,SEMCOG,INTERNAL,TRUE,TRUE,FALSE,0,2,Other Wayne,26163,Michigan,US,76,6,0.700906,48180,Other Wayne,,,,FALSE,0.863274074102236
576,576,,SEMCOG,INTERNAL,TRUE,TRUE,FALSE,0,2,Other Wayne,26163,Michigan,US,76,6,0.589583,48180,Other Wayne,,,,FALSE,0.259125505163012
577,577,,SEMCOG,INTERNAL,TRUE,TRUE,FALSE,0,2,Other Wayne,26163,Michigan,US,70,7,1.070962,48193,Other Wayne,,,,FALSE,3.2236476558662
578,578,,SEMCOG,INTERNAL,TRUE,TRUE,FALSE,0,2,Other Wayne,26163,Michigan,US,70,7,0.410929,48193,Other Wayne,,,,FALSE,3.73727943685809
579,579,,SEMCOG,INTERNAL,TRUE,TRUE,FALSE,0,2,Other Wayne,26163,Michigan,US,71,7,0.717196,48138,Other Wayne,,,,FALSE,4.27715802954632
580,580,,SEMCOG,INTERNAL,TRUE,TRUE,FALSE,0,2,Other Wayne,26163,Michigan,US,71,7,1.612847,48138,Other Wayne,,,,FALSE,4.71472755847671
581,581,,SEMCOG,INTERNAL,TRUE,TRUE,FALSE,0,2,Other Wayne,26163,Michigan,US,71,7,1.447352,48138,Other Wayne,,,,FALSE,4.40673277915856
582,582,,SEMCOG,INTERNAL,TRUE,TRUE,FALSE,0,2,Other Wayne,26163,Michigan,US,71,7,1.293482,48138,Other Wayne,,,,FALSE,4.34354029308847
583,583,,SEMCOG,INTERNAL,TRUE,TRUE,FALSE,0,2,Other Wayne,26163,Michigan,US,71,7,3.847689,48138,Other Wayne,,,,FALSE,4.22691488324392
584,584,,SEMCOG,INTERNAL,TRUE,TRUE,FALSE,0,2,Other Wayne,26163,Michigan,US,72,7,1.548851,48183,Other Wayne,,,,FALSE,3.2946338208503
585,585,,SEMCOG,INTERNAL,TRUE,TRUE,FALSE,0,2,Other Wayne,26163,Michigan,US,72,7,0.456207,48183,Other Wayne,,,,FALSE,3.04027066928069
586,586,,SEMCOG,INTERNAL,TRUE,TRUE,FALSE,0,2,Other Wayne,26163,Michigan,US,72,7,0.360957,48183,Other Wayne,,,,FALSE,3.03877472170804
587,587,,SEMCOG,INTERNAL,TRUE,TRUE,FALSE,0,2,Other Wayne,26163,Michigan,US,72,7,0.439731,48183,Other Wayne,,,,FALSE,2.91012930408202
588,588,,SEMCOG,INTERNAL,TRUE,TRUE,FALSE,0,2,Other Wayne,26163,Michigan,US,72,7,1.574908,48183,Other Wayne,,,,FALSE,2.3429076818141
589,589,,SEMCOG,INTERNAL,TRUE,TRUE,FALSE,0,2,Other Wayne,26163,Michigan,US,72,7,2.268261,48173,Other Wayne,,,,FALSE,1.38401995957073
590,590,,SEMCOG,INTERNAL,TRUE,TRUE,FALSE,0,2,Other Wayne,26163,Michigan,US,72,7,1.446349,48173,Other Wayne,,,,FALSE,2.24127787511498
591,591,,SEMCOG,INTERNAL,TRUE,TRUE,FALSE,0,2,Other Wayne,26163,Michigan,US,72,7,1.831023,48173,Other Wayne,,,,FALSE,1.59878487708467
592,592,,SEMCOG,INTERNAL,TRUE,TRUE,FALSE,0,2,Other Wayne,26163,Michigan,US,72,7,2.983814,48173,Other Wayne,,,,FALSE,2.58457196109445
593,593,,SEMCOG,INTERNAL,TRUE,TRUE,FALSE,0,2,Other Wayne,26163,Michigan,US,74,7,0.746398,48173,Other Wayne,,,,FALSE,0.405736902261892
594,594,,SEMCOG,INTERNAL,TRUE,TRUE,FALSE,0,2,Other Wayne,26163,Michigan,US,74,7,1.897948,48173,Other Wayne,,,,FALSE,0.638000642037344
595,595,,SEMCOG,INTERNAL,TRUE,TRUE,FALSE,0,2,Other Wayne,26163,Michigan,US,74,7,0.890491,48183,Other Wayne,,,,FALSE,0.426319949227432
596,596,,SEMCOG,INTERNAL,TRUE,TRUE,FALSE,0,2,Other Wayne,26163,Michigan,US,74,7,0.230949,48183,Other Wayne,,,,FALSE,1.0273087037109
597,597,,SEMCOG,INTERNAL,TRUE,TRUE,FALSE,0,2,Other Wayne,26163,Michigan,US,74,7,0.82536,48173,Other Wayne,,,,FALSE,0.383796874405095
598,598,,SEMCOG,INTERNAL,TRUE,TRUE,FALSE,0,2,Other Wayne,26163,Michigan,US,74,7,1.167812,48134,Other Wayne,,,,FALSE,0.663621077986683
599,599,,SEMCOG,INTERNAL,TRUE,TRUE,FALSE,0,2,Other Wayne,26163,Michigan,US,74,7,1.053834,48134,Other Wayne,,,,FALSE,1.51875123921174
600,600,,SEMCOG,INTERNAL,TRUE,TRUE,FALSE,0,2,Other Wayne,26163,Michigan,US,74,7,0.929632,48134,Other Wayne,,,,FALSE,0.470133182433195
601,601,,SEMCOG,INTERNAL,TRUE,TRUE,FALSE,0,2,Other Wayne,26163,Michigan,US,74,7,0.692196,48134,Other Wayne,,,,FALSE,2.35591876754509
602,602,,SEMCOG,INTERNAL,TRUE,TRUE,FALSE,0,2,Other Wayne,26163,Michigan,US,74,7,1.230783,48134,Other Wayne,,,,FALSE,1.3419807401765
603,603,,SEMCOG,INTERNAL,TRUE,TRUE,FALSE,0,2,Other Wayne,26163,Michigan,US,74,7,1.005937,48134,Other Wayne,,,,FALSE,2.72474607344961
604,604,,SEMCOG,INTERNAL,TRUE,TRUE,FALSE,0,2,Other Wayne,26163,Michigan,US,74,7,0.583971,48134,Other Wayne,,,,FALSE,1.7598033088779
605,605,,SEMCOG,INTERNAL,TRUE,TRUE,FALSE,0,2,Other Wayne,26163,Michigan,US,72,7,0.945262,48183,Other Wayne,,,,FALSE,1.5850271040956
606,606,,SEMCOG,INTERNAL,TRUE,TRUE,FALSE,0,2,Other Wayne,26163,Michigan,US,72,7,0.54798,48183,Other Wayne,,,,FALSE,1.85990309519852
607,607,,SEMCOG,INTERNAL,TRUE,TRUE,FALSE,0,2,Other Wayne,26163,Michigan,US,72,7,0.728323,48183,Other Wayne,,,,FALSE,2.01353577381639
608,608,,SEMCOG,INTERNAL,TRUE,TRUE,FALSE,0,2,Other Wayne,26163,Michigan,US,72,7,0.712673,48183,Other Wayne,,,,FALSE,1.8987105749093
609,609,,SEMCOG,INTERNAL,TRUE,TRUE,FALSE,0,2,Other Wayne,26163,Michigan,US,70,7,1.49303,48193,Other Wayne,,,,FALSE,2.00736852662352
610,610,,SEMCOG,INTERNAL,TRUE,TRUE,FALSE,0,2,Other Wayne,26163,Michigan,US,70,7,0.733614,48193,Other Wayne,,,,FALSE,1.6164971852933
611,611,,SEMCOG,INTERNAL,TRUE,TRUE,FALSE,0,2,Other Wayne,26163,Michigan,US,70,7,0.337424,48193,Other Wayne,,,,FALSE,2.3792709630121
612,612,,SEMCOG,INTERNAL,TRUE,TRUE,FALSE,0,2,Other Wayne,26163,Michigan,US,70,7,0.393062,48193,Other Wayne,,,,FALSE,2.28513455871226
613,613,,SEMCOG,INTERNAL,TRUE,TRUE,FALSE,0,2,Other Wayne,26163,Michigan,US,73,7,0.848855,48193,Other Wayne,,,,FALSE,0.804354742864905
614,614,,SEMCOG,INTERNAL,TRUE,TRUE,FALSE,0,2,Other Wayne,26163,Michigan,US,73,7,0.808532,48183,Other Wayne,,,,FALSE,0.40069259542483
615,615,,SEMCOG,INTERNAL,TRUE,TRUE,FALSE,0,2,Other Wayne,26163,Michigan,US,73,7,0.48517,48183,Other Wayne,,,,FALSE,1.03384564248832
616,616,,SEMCOG,INTERNAL,TRUE,TRUE,FALSE,0,2,Other Wayne,26163,Michigan,US,75,7,0.482763,48183,Other Wayne,,,,FALSE,1.03607015456741
617,617,,SEMCOG,INTERNAL,TRUE,TRUE,FALSE,0,2,Other Wayne,26163,Michigan,US,75,7,0.443219,48183,Other Wayne,,,,FALSE,0.980559835789275
618,618,,SEMCOG,INTERNAL,TRUE,TRUE,FALSE,0,2,Other Wayne,26163,Michigan,US,75,7,1.345409,48183,Other Wayne,,,,FALSE,0.642207453189965
619,619,,SEMCOG,INTERNAL,TRUE,TRUE,FALSE,0,2,Other Wayne,26163,Michigan,US,75,7,0.850454,48183,Other Wayne,,,,FALSE,0.382131381850619
620,620,,SEMCOG,INTERNAL,TRUE,TRUE,FALSE,0,2,Other Wayne,26163,Michigan,US,75,7,0.811509,48183,Other Wayne,,,,FALSE,0.380917909613479
621,621,,SEMCOG,INTERNAL,TRUE,TRUE,FALSE,0,2,Other Wayne,26163,Michigan,US,75,7,0.967817,48183,Other Wayne,,,,FALSE,0.517734477577175
622,622,,SEMCOG,INTERNAL,TRUE,TRUE,FALSE,0,2,Other Wayne,26163,Michigan,US,75,7,0.792534,48183,Other Wayne,,,,FALSE,0.365565803618556
623,623,,SEMCOG,INTERNAL,TRUE,TRUE,FALSE,0,2,Other Wayne,26163,Michigan,US,75,7,0.740871,48183,Other Wayne,,,,FALSE,0.372779314303168
624,624,,SEMCOG,INTERNAL,TRUE,TRUE,FALSE,0,2,Other Wayne,26163,Michigan,US,73,7,0.514567,48183,Other Wayne,,,,FALSE,0.984130773389308
625,625,,SEMCOG,INTERNAL,TRUE,TRUE,FALSE,0,2,Other Wayne,26163,Michigan,US,73,7,0.770154,48183,Other Wayne,,,,FALSE,1.14389138134264
626,626,,SEMCOG,INTERNAL,TRUE,TRUE,FALSE,0,2,Other Wayne,26163,Michigan,US,73,7,0.327579,48134,Other Wayne,,,,FALSE,1.56091694316701
627,627,,SEMCOG,INTERNAL,TRUE,TRUE,FALSE,0,2,Other Wayne,26163,Michigan,US,73,7,0.999558,48174,Other Wayne,,,,FALSE,2.65762244634144
628,628,,SEMCOG,INTERNAL,TRUE,TRUE,FALSE,0,2,Other Wayne,26163,Michigan,US,73,7,0.962239,48134,Other Wayne,,,,FALSE,1.91415071352361
629,629,,SEMCOG,INTERNAL,TRUE,TRUE,FALSE,0,2,Other Wayne,26163,Michigan,US,73,7,0.678412,48134,Other Wayne,,,,FALSE,2.55338263692834
630,630,,SEMCOG,INTERNAL,TRUE,TRUE,FALSE,0,2,Other Wayne,26163,Michigan,US,73,7,0.98028,48134,Other Wayne,,,,FALSE,1.68357257951735
631,631,,SEMCOG,INTERNAL,TRUE,TRUE,FALSE,0,2,Other Wayne,26163,Michigan,US,73,7,0.755345,48134,Other Wayne,,,,FALSE,2.77652636451196
632,632,,SEMCOG,INTERNAL,TRUE,TRUE,FALSE,0,2,Other Wayne,26163,Michigan,US,73,7,1.102577,48174,Other Wayne,,,,FALSE,1.61834331939955
633,633,,SEMCOG,INTERNAL,TRUE,TRUE,FALSE,0,2,Other Wayne,26163,Michigan,US,73,7,2.010489,48174,Other Wayne,,,,FALSE,2.1793750735959
634,634,,SEMCOG,INTERNAL,TRUE,TRUE,FALSE,0,2,Other Wayne,26163,Michigan,US,73,7,1.033334,48174,Other Wayne,,,,FALSE,2.60118067690205
635,635,,SEMCOG,INTERNAL,TRUE,TRUE,FALSE,0,2,Other Wayne,26163,Michigan,US,73,7,1.255174,48193,Other Wayne,,,,FALSE,0.597874206832564
636,636,,SEMCOG,INTERNAL,TRUE,TRUE,FALSE,0,2,Other Wayne,26163,Michigan,US,73,7,0.495966,48193,Other Wayne,,,,FALSE,0.261910036453963
637,637,,SEMCOG,INTERNAL,TRUE,TRUE,FALSE,0,2,Other Wayne,26163,Michigan,US,73,7,1.251257,48183,Other Wayne,,,,FALSE,0.599514404069227
638,638,,SEMCOG,INTERNAL,TRUE,TRUE,FALSE,0,2,Other Wayne,26163,Michigan,US,78,6,1.385007,48180,Other Wayne,,,,FALSE,0.170807432165688
639,639,,SEMCOG,INTERNAL,TRUE,TRUE,FALSE,0,2,Other Wayne,26163,Michigan,US,78,6,0.443024,48180,Other Wayne,,,,FALSE,0.144238383637388
640,640,,SEMCOG,INTERNAL,TRUE,TRUE,FALSE,0,2,Other Wayne,26163,Michigan,US,78,6,0.751026,48180,Other Wayne,,,,FALSE,0.421836532850564
641,641,,SEMCOG,INTERNAL,TRUE,TRUE,FALSE,0,2,Other Wayne,26163,Michigan,US,78,6,0.504903,48180,Other Wayne,,,,FALSE,0.501755043176868
642,642,,SEMCOG,INTERNAL,TRUE,TRUE,FALSE,0,2,Other Wayne,26163,Michigan,US,78,6,0.761366,48180,Other Wayne,,,,FALSE,0.962479269707308
643,643,,SEMCOG,INTERNAL,TRUE,TRUE,FALSE,0,2,Other Wayne,26163,Michigan,US,78,6,0.982025,48180,Other Wayne,,,,FALSE,1.12393758754779
644,644,,SEMCOG,INTERNAL,TRUE,TRUE,FALSE,0,2,Other Wayne,26163,Michigan,US,78,6,0.964519,48180,Other Wayne,,,,FALSE,1.64409280889348
645,645,,SEMCOG,INTERNAL,TRUE,TRUE,FALSE,0,2,Other Wayne,26163,Michigan,US,78,6,0.97953,48180,Other Wayne,,,,FALSE,2.05913936824421
646,646,,SEMCOG,INTERNAL,TRUE,TRUE,FALSE,0,2,Other Wayne,26163,Michigan,US,78,6,0.965472,48180,Other Wayne,,,,FALSE,2.39610175396596
647,647,,SEMCOG,INTERNAL,TRUE,TRUE,FALSE,0,2,Other Wayne,26163,Michigan,US,76,6,0.985265,48180,Other Wayne,,,,FALSE,2.8899096792414
648,648,,SEMCOG,INTERNAL,TRUE,TRUE,FALSE,0,2,Other Wayne,26163,Michigan,US,76,6,0.962501,48180,Other Wayne,,,,FALSE,1.93604928821192
649,649,,SEMCOG,INTERNAL,TRUE,TRUE,FALSE,0,2,Other Wayne,26163,Michigan,US,76,6,1.007479,48180,Other Wayne,,,,FALSE,2.69739169403037
650,650,,SEMCOG,INTERNAL,TRUE,TRUE,FALSE,0,2,Other Wayne,26163,Michigan,US,76,6,0.975555,48180,Other Wayne,,,,FALSE,1.71526250856095
651,651,,SEMCOG,INTERNAL,TRUE,TRUE,FALSE,0,2,Other Wayne,26163,Michigan,US,79,10,3.099803,48111,Other Wayne,,,,FALSE,4.63765494938888
652,652,,SEMCOG,INTERNAL,TRUE,TRUE,FALSE,0,2,Other Wayne,26163,Michigan,US,79,10,6.474936,48111,Other Wayne,,,,FALSE,3.18342062493899
653,653,,SEMCOG,INTERNAL,TRUE,TRUE,FALSE,0,2,Other Wayne,26163,Michigan,US,79,10,6.130277,48111,Other Wayne,,,,FALSE,3.42741975283383
654,654,,SEMCOG,INTERNAL,TRUE,TRUE,FALSE,0,2,Other Wayne,26163,Michigan,US,79,10,6.170244,48111,Other Wayne,,,,FALSE,6.6584333393577
655,655,,SEMCOG,INTERNAL,TRUE,TRUE,FALSE,0,2,Other Wayne,26163,Michigan,US,79,10,6.081128,48164,Other Wayne,,,,FALSE,3.6277253317237
656,656,,SEMCOG,INTERNAL,TRUE,TRUE,FALSE,0,2,Other Wayne,26163,Michigan,US,79,10,3.315248,48111,Other Wayne,,,,FALSE,3.58216265991927
657,657,,SEMCOG,INTERNAL,TRUE,TRUE,FALSE,0,2,Other Wayne,26163,Michigan,US,79,10,3.226552,48111,Other Wayne,,,,FALSE,6.10493034964362
658,658,,SEMCOG,INTERNAL,TRUE,TRUE,FALSE,0,2,Other Wayne,26163,Michigan,US,79,10,2.886512,48111,Other Wayne,,,,FALSE,5.69170858354219
659,659,,SEMCOG,INTERNAL,TRUE,TRUE,FALSE,0,2,Other Wayne,26163,Michigan,US,79,10,1.944101,48164,Other Wayne,,,,FALSE,1.13560234029732
660,660,,SEMCOG,INTERNAL,TRUE,TRUE,FALSE,0,2,Other Wayne,26163,Michigan,US,79,10,1.423571,48164,Other Wayne,,,,FALSE,1.50814063418071
661,661,,SEMCOG,INTERNAL,TRUE,TRUE,FALSE,0,2,Other Wayne,26163,Michigan,US,79,10,1.499803,48164,Other Wayne,,,,FALSE,1.21268772804259
662,662,,SEMCOG,INTERNAL,TRUE,TRUE,FALSE,0,2,Other Wayne,26163,Michigan,US,79,10,0.78832,48164,Other Wayne,,,,FALSE,0.371750321941149
663,663,,SEMCOG,INTERNAL,TRUE,TRUE,FALSE,0,2,Other Wayne,26163,Michigan,US,79,10,1.373492,48164,Other Wayne,,,,FALSE,0.347018918800031
664,664,,SEMCOG,INTERNAL,TRUE,TRUE,FALSE,0,2,Other Wayne,26163,Michigan,US,79,10,1.661879,48164,Other Wayne,,,,FALSE,0.489720414268885
665,665,,SEMCOG,INTERNAL,TRUE,TRUE,FALSE,0,2,Other Wayne,26163,Michigan,US,79,10,3.430707,48164,Other Wayne,,,,FALSE,1.11451804410799
666,666,,SEMCOG,INTERNAL,TRUE,TRUE,FALSE,0,2,Other Wayne,26163,Michigan,US,79,10,2.777169,48164,Other Wayne,,,,FALSE,0.511908557287479
667,667,,SEMCOG,INTERNAL,TRUE,TRUE,FALSE,0,2,Other Wayne,26163,Michigan,US,79,10,3.918862,48164,Other Wayne,,,,FALSE,1.74261307048874
668,668,,SEMCOG,INTERNAL,TRUE,TRUE,FALSE,0,2,Other Wayne,26163,Michigan,US,79,10,2.738508,48164,Other Wayne,,,,FALSE,3.1975834616896
669,669,,SEMCOG,INTERNAL,TRUE,TRUE,FALSE,0,2,Other Wayne,26163,Michigan,US,79,10,5.923736,48134,Other Wayne,,,,FALSE,1.81420652415525
670,670,,SEMCOG,INTERNAL,TRUE,TRUE,FALSE,0,2,Other Wayne,26163,Michigan,US,79,10,2.328322,48164,Other Wayne,,,,FALSE,0.475202416201442
671,671,,SEMCOG,INTERNAL,TRUE,TRUE,FALSE,0,2,Other Wayne,26163,Michigan,US,79,10,3.981784,48174,Other Wayne,,,,FALSE,2.06002413584875
672,672,,SEMCOG,INTERNAL,TRUE,TRUE,FALSE,0,2,Other Wayne,26163,Michigan,US,79,10,1.987324,48174,Other Wayne,,,,FALSE,3.56205864569176
673,673,,SEMCOG,INTERNAL,TRUE,TRUE,FALSE,0,2,Other Wayne,26163,Michigan,US,80,10,0.99514,48174,Other Wayne,,,,FALSE,1.19311413758101
674,674,,SEMCOG,INTERNAL,TRUE,TRUE,FALSE,0,2,Other Wayne,26163,Michigan,US,80,10,1.028729,48174,Other Wayne,,,,FALSE,0.737686578719147
675,675,,SEMCOG,INTERNAL,TRUE,TRUE,FALSE,0,2,Other Wayne,26163,Michigan,US,80,10,2.136572,48174,Other Wayne,,,,FALSE,1.64719011030411
676,676,,SEMCOG,INTERNAL,TRUE,TRUE,FALSE,0,2,Other Wayne,26163,Michigan,US,80,10,1.003922,48174,Other Wayne,,,,FALSE,0.0762579596216722
677,677,,SEMCOG,INTERNAL,TRUE,TRUE,FALSE,0,2,Other Wayne,26163,Michigan,US,80,10,0.935153,48174,Other Wayne,,,,FALSE,0.322059643935454
678,678,,SEMCOG,INTERNAL,TRUE,TRUE,FALSE,0,2,Other Wayne,26163,Michigan,US,80,10,1.973402,48174,Other Wayne,,,,FALSE,0.644212129902024
679,679,,SEMCOG,INTERNAL,TRUE,TRUE,FALSE,0,2,Other Wayne,26163,Michigan,US,80,10,1.344882,48174,Other Wayne,,,,FALSE,0.0185428607116041
680,680,,SEMCOG,INTERNAL,TRUE,TRUE,FALSE,0,2,Other Wayne,26163,Michigan,US,80,10,1.013292,48174,Other Wayne,,,,FALSE,0.821322424945589
681,681,,SEMCOG,INTERNAL,TRUE,TRUE,FALSE,0,2,Other Wayne,26163,Michigan,US,80,10,0.004031,48242,Other Wayne,,,,FALSE,0.14637915537996
682,682,,SEMCOG,INTERNAL,TRUE,TRUE,FALSE,0,2,Other Wayne,26163,Michigan,US,80,10,4.325919,48242,Other Wayne,,,,TRUE,0.994844955648538
683,683,,SEMCOG,INTERNAL,TRUE,TRUE,FALSE,0,2,Other Wayne,26163,Michigan,US,80,10,3.242105,48242,Other Wayne,,,,FALSE,1.57826887345421
684,684,,SEMCOG,INTERNAL,TRUE,TRUE,FALSE,0,2,Other Wayne,26163,Michigan,US,80,10,1.010227,48174,Other Wayne,,,,FALSE,1.72705030523398
685,685,,SEMCOG,INTERNAL,TRUE,TRUE,FALSE,0,2,Other Wayne,26163,Michigan,US,80,10,0.993737,48174,Other Wayne,,,,FALSE,2.65900579695325
686,686,,SEMCOG,INTERNAL,TRUE,TRUE,FALSE,0,2,Other Wayne,26163,Michigan,US,80,10,2.504357,48174,Other Wayne,,,,FALSE,0.269856908324763
687,687,,SEMCOG,INTERNAL,TRUE,TRUE,FALSE,0,2,Other Wayne,26163,Michigan,US,80,10,0.997924,48174,Other Wayne,,,,FALSE,1.21959576369688
688,688,,SEMCOG,INTERNAL,TRUE,TRUE,FALSE,0,2,Other Wayne,26163,Michigan,US,80,10,2.039834,48174,Other Wayne,,,,FALSE,1.25109222810774
689,689,,SEMCOG,INTERNAL,TRUE,TRUE,FALSE,0,2,Other Wayne,26163,Michigan,US,80,10,0.882074,48174,Other Wayne,,,,FALSE,2.07434808898442
690,690,,SEMCOG,INTERNAL,TRUE,TRUE,FALSE,0,2,Other Wayne,26163,Michigan,US,81,10,5.424917,48111,Other Wayne,,,,FALSE,2.03430768148301
691,691,,SEMCOG,INTERNAL,TRUE,TRUE,FALSE,0,2,Other Wayne,26163,Michigan,US,81,10,1.990292,48111,Other Wayne,,,,FALSE,0.629146768599268
692,692,,SEMCOG,INTERNAL,TRUE,TRUE,FALSE,0,2,Other Wayne,26163,Michigan,US,81,10,0.861812,48111,Other Wayne,,,,FALSE,0.222444228642369
693,693,,SEMCOG,INTERNAL,TRUE,TRUE,FALSE,0,2,Other Wayne,26163,Michigan,US,81,10,4.032571,48111,Other Wayne,,,,FALSE,2.04437030917824
694,694,,SEMCOG,INTERNAL,TRUE,TRUE,FALSE,0,2,Other Wayne,26163,Michigan,US,81,10,1.67523,48111,Other Wayne,,,,FALSE,2.14674655891372
695,695,,SEMCOG,INTERNAL,TRUE,TRUE,FALSE,0,2,Other Wayne,26163,Michigan,US,81,10,0.456541,48111,Other Wayne,,,,FALSE,1.05429537838668
696,696,,SEMCOG,INTERNAL,TRUE,TRUE,FALSE,0,2,Other Wayne,26163,Michigan,US,81,10,0.320855,48111,Other Wayne,,,,FALSE,0.794398156861046
697,697,,SEMCOG,INTERNAL,TRUE,TRUE,FALSE,0,2,Other Wayne,26163,Michigan,US,81,10,0.421132,48111,Other Wayne,,,,FALSE,1.51280918938852
698,698,,SEMCOG,INTERNAL,TRUE,TRUE,FALSE,0,2,Other Wayne,26163,Michigan,US,81,10,3.411712,48111,Other Wayne,,,,FALSE,0.611649304268275
699,699,,SEMCOG,INTERNAL,TRUE,TRUE,FALSE,0,2,Other Wayne,26163,Michigan,US,81,10,1.127612,48184,Other Wayne,,,,FALSE,0.219605098152563
700,700,,SEMCOG,INTERNAL,TRUE,TRUE,FALSE,0,2,Other Wayne,26163,Michigan,US,81,10,2.07006,48111,Other Wayne,,,,FALSE,0.0824802767632613
701,701,,SEMCOG,INTERNAL,TRUE,TRUE,FALSE,0,2,Other Wayne,26163,Michigan,US,81,10,1.076339,48111,Other Wayne,,,,FALSE,0.791371911332859
702,702,,SEMCOG,INTERNAL,TRUE,TRUE,FALSE,0,2,Other Wayne,26163,Michigan,US,81,10,2.03238,48111,Other Wayne,,,,FALSE,0.487139990507751
703,703,,SEMCOG,INTERNAL,TRUE,TRUE,FALSE,0,2,Other Wayne,26163,Michigan,US,81,10,1.023918,48111,Other Wayne,,,,FALSE,1.42146975312223
704,704,,SEMCOG,INTERNAL,TRUE,TRUE,FALSE,0,2,Other Wayne,26163,Michigan,US,81,10,1.079386,48111,Other Wayne,,,,FALSE,1.77558902182565
705,705,,SEMCOG,INTERNAL,TRUE,TRUE,FALSE,0,2,Other Wayne,26163,Michigan,US,81,10,1.131468,48111,Other Wayne,,,,FALSE,0.805624746957731
706,706,,SEMCOG,INTERNAL,TRUE,TRUE,FALSE,0,2,Other Wayne,26163,Michigan,US,81,10,1.007118,48111,Other Wayne,,,,FALSE,2.42510611361527
707,707,,SEMCOG,INTERNAL,TRUE,TRUE,FALSE,0,2,Other Wayne,26163,Michigan,US,81,10,2.052975,48111,Other Wayne,,,,FALSE,2.50373111610491
708,708,,SEMCOG,INTERNAL,TRUE,TRUE,FALSE,0,2,Other Wayne,26163,Michigan,US,81,10,4.193384,48111,Other Wayne,,,,FALSE,0.976457549503622
709,709,,SEMCOG,INTERNAL,TRUE,TRUE,FALSE,0,2,Other Wayne,26163,Michigan,US,81,10,1.810049,48111,Other Wayne,,,,FALSE,0.989700934424803
710,710,,SEMCOG,INTERNAL,TRUE,TRUE,FALSE,0,2,Other Wayne,26163,Michigan,US,80,10,2.493153,48174,Other Wayne,,,,FALSE,1.10158326574089
711,711,,SEMCOG,INTERNAL,TRUE,TRUE,FALSE,0,2,Other Wayne,26163,Michigan,US,80,10,1.255238,48174,Other Wayne,,,,FALSE,0.448582281886035
712,712,,SEMCOG,INTERNAL,TRUE,TRUE,FALSE,0,2,Other Wayne,26163,Michigan,US,80,10,1.011118,48174,Other Wayne,,,,FALSE,0.260849957539612
713,713,,SEMCOG,INTERNAL,TRUE,TRUE,FALSE,0,2,Other Wayne,26163,Michigan,US,80,10,2.703782,48174,Other Wayne,,,,FALSE,0.623692269097369
714,714,,SEMCOG,INTERNAL,TRUE,TRUE,FALSE,0,2,Other Wayne,26163,Michigan,US,80,10,0.994011,48174,Other Wayne,,,,FALSE,2.60206337027035
715,715,,SEMCOG,INTERNAL,TRUE,TRUE,FALSE,0,2,Other Wayne,26163,Michigan,US,80,10,1.007468,48174,Other Wayne,,,,FALSE,3.58633671440715
716,716,,SEMCOG,INTERNAL,TRUE,TRUE,FALSE,0,2,Other Wayne,26163,Michigan,US,84,9,0.498984,48135,Other Wayne,,,,FALSE,4.23563843335732
717,717,,SEMCOG,INTERNAL,TRUE,TRUE,FALSE,0,2,Other Wayne,26163,Michigan,US,84,9,0.498879,48135,Other Wayne,,,,FALSE,4.00839584083037
718,718,,SEMCOG,INTERNAL,TRUE,TRUE,FALSE,0,2,Other Wayne,26163,Michigan,US,84,9,0.974517,48135,Other Wayne,,,,FALSE,4.47418564769965
719,719,,SEMCOG,INTERNAL,TRUE,TRUE,FALSE,0,2,Other Wayne,26163,Michigan,US,84,9,0.709329,48135,Other Wayne,,,,FALSE,3.81293501456224
720,720,,SEMCOG,INTERNAL,TRUE,TRUE,FALSE,0,2,Other Wayne,26163,Michigan,US,84,9,0.626302,48135,Other Wayne,,,,FALSE,3.96951058260223
721,721,,SEMCOG,INTERNAL,TRUE,TRUE,FALSE,0,2,Other Wayne,26163,Michigan,US,84,9,0.377273,48135,Other Wayne,,,,FALSE,3.22591332225772
722,722,,SEMCOG,INTERNAL,TRUE,TRUE,FALSE,0,2,Other Wayne,26163,Michigan,US,84,9,0.360974,48135,Other Wayne,,,,FALSE,3.72238656411915
723,723,,SEMCOG,INTERNAL,TRUE,TRUE,FALSE,0,2,Other Wayne,26163,Michigan,US,84,9,0.320863,48135,Other Wayne,,,,FALSE,3.26071304615263
724,724,,SEMCOG,INTERNAL,TRUE,TRUE,FALSE,0,2,Other Wayne,26163,Michigan,US,84,9,0.505529,48135,Other Wayne,,,,FALSE,3.72959174095055
725,725,,SEMCOG,INTERNAL,TRUE,TRUE,FALSE,0,2,Other Wayne,26163,Michigan,US,84,9,0.488688,48135,Other Wayne,,,,FALSE,3.2451275251271
726,726,,SEMCOG,INTERNAL,TRUE,TRUE,FALSE,0,2,Other Wayne,26163,Michigan,US,84,9,0.498488,48135,Other Wayne,,,,FALSE,3.73713452334281
727,727,,SEMCOG,INTERNAL,TRUE,TRUE,FALSE,0,2,Other Wayne,26163,Michigan,US,87,9,0.379956,48185,Other Wayne,,,,FALSE,2.18636637427626
728,728,,SEMCOG,INTERNAL,TRUE,TRUE,FALSE,0,2,Other Wayne,26163,Michigan,US,87,9,0.627859,48185,Other Wayne,,,,FALSE,2.68552368040341
729,729,,SEMCOG,INTERNAL,TRUE,TRUE,FALSE,0,2,Other Wayne,26163,Michigan,US,87,9,0.511648,48185,Other Wayne,,,,FALSE,2.23347052741334
730,730,,SEMCOG,INTERNAL,TRUE,TRUE,FALSE,0,2,Other Wayne,26163,Michigan,US,87,9,0.62854,48185,Other Wayne,,,,FALSE,2.84814199396533
731,731,,SEMCOG,INTERNAL,TRUE,TRUE,FALSE,0,2,Other Wayne,26163,Michigan,US,87,9,0.770695,48185,Other Wayne,,,,FALSE,2.31434698879449
732,732,,SEMCOG,INTERNAL,TRUE,TRUE,FALSE,0,2,Other Wayne,26163,Michigan,US,87,9,0.677375,48185,Other Wayne,,,,FALSE,2.47168775817824
733,733,,SEMCOG,INTERNAL,TRUE,TRUE,FALSE,0,2,Other Wayne,26163,Michigan,US,87,9,0.341457,48185,Other Wayne,,,,FALSE,2.82282884260587
734,734,,SEMCOG,INTERNAL,TRUE,TRUE,FALSE,0,2,Other Wayne,26163,Michigan,US,88,9,0.795886,48185,Other Wayne,,,,FALSE,1.81487504065514
735,735,,SEMCOG,INTERNAL,TRUE,TRUE,FALSE,0,2,Other Wayne,26163,Michigan,US,88,9,0.355556,48185,Other Wayne,,,,FALSE,2.30962172970539
736,736,,SEMCOG,INTERNAL,TRUE,TRUE,FALSE,0,2,Other Wayne,26163,Michigan,US,88,9,0.040963,48185,Other Wayne,,,,FALSE,2.24435269801198
737,737,,SEMCOG,INTERNAL,TRUE,TRUE,FALSE,0,2,Other Wayne,26163,Michigan,US,88,9,0.128651,48185,Other Wayne,,,,FALSE,2.57070607141792
738,738,,SEMCOG,INTERNAL,TRUE,TRUE,FALSE,0,2,Other Wayne,26163,Michigan,US,87,9,0.507699,48185,Other Wayne,,,,FALSE,3.2137506229718
739,739,,SEMCOG,INTERNAL,TRUE,TRUE,FALSE,0,2,Other Wayne,26163,Michigan,US,87,9,0.586841,48185,Other Wayne,,,,FALSE,3.19332776855459
740,740,,SEMCOG,INTERNAL,TRUE,TRUE,FALSE,0,2,Other Wayne,26163,Michigan,US,88,9,0.39279,48185,Other Wayne,,,,FALSE,1.83175725320362
741,741,,SEMCOG,INTERNAL,TRUE,TRUE,FALSE,0,2,Other Wayne,26163,Michigan,US,88,9,0.378015,48185,Other Wayne,,,,FALSE,2.48675572721007
742,742,,SEMCOG,INTERNAL,TRUE,TRUE,FALSE,0,2,Other Wayne,26163,Michigan,US,88,9,0.288134,48185,Other Wayne,,,,FALSE,2.31886281916253
743,743,,SEMCOG,INTERNAL,TRUE,TRUE,FALSE,0,2,Other Wayne,26163,Michigan,US,88,9,0.73986,48185,Other Wayne,,,,FALSE,0.820635547890537
744,744,,SEMCOG,INTERNAL,TRUE,TRUE,FALSE,0,2,Other Wayne,26163,Michigan,US,88,9,0.676765,48185,Other Wayne,,,,FALSE,1.29649541325025
745,745,,SEMCOG,INTERNAL,TRUE,TRUE,FALSE,0,2,Other Wayne,26163,Michigan,US,88,9,0.323232,48185,Other Wayne,,,,FALSE,0.830333287910257
746,746,,SEMCOG,INTERNAL,TRUE,TRUE,FALSE,0,2,Other Wayne,26163,Michigan,US,88,9,0.316245,48185,Other Wayne,,,,FALSE,1.32680610964508
747,747,,SEMCOG,INTERNAL,TRUE,TRUE,FALSE,0,2,Other Wayne,26163,Michigan,US,86,9,1.030713,48185,Other Wayne,,,,FALSE,1.12719196078359
748,748,,SEMCOG,INTERNAL,TRUE,TRUE,FALSE,0,2,Other Wayne,26163,Michigan,US,86,9,0.497459,48185,Other Wayne,,,,FALSE,2.04321028544402
749,749,,SEMCOG,INTERNAL,TRUE,TRUE,FALSE,0,2,Other Wayne,26163,Michigan,US,86,9,0.498425,48185,Other Wayne,,,,FALSE,2.15913472654886
750,750,,SEMCOG,INTERNAL,TRUE,TRUE,FALSE,0,2,Other Wayne,26163,Michigan,US,85,9,0.66053,48185,Other Wayne,,,,FALSE,2.91361907875417
751,751,,SEMCOG,INTERNAL,TRUE,TRUE,FALSE,0,2,Other Wayne,26163,Michigan,US,85,9,0.357348,48186,Other Wayne,,,,FALSE,3.10256438835761
752,752,,SEMCOG,INTERNAL,TRUE,TRUE,FALSE,0,2,Other Wayne,26163,Michigan,US,85,9,0.416618,48186,Other Wayne,,,,FALSE,3.23077697716696
753,753,,SEMCOG,INTERNAL,TRUE,TRUE,FALSE,0,2,Other Wayne,26163,Michigan,US,86,9,0.993901,48186,Other Wayne,,,,FALSE,2.27302020406996
754,754,,SEMCOG,INTERNAL,TRUE,TRUE,FALSE,0,2,Other Wayne,26163,Michigan,US,86,9,1.031611,48186,Other Wayne,,,,FALSE,1.26465674543694
755,755,,SEMCOG,INTERNAL,TRUE,TRUE,FALSE,0,2,Other Wayne,26163,Michigan,US,86,9,0.512818,48186,Other Wayne,,,,FALSE,1.31708497606894
756,756,,SEMCOG,INTERNAL,TRUE,TRUE,FALSE,0,2,Other Wayne,26163,Michigan,US,86,9,0.740678,48186,Other Wayne,,,,FALSE,2.47544611027883
757,757,,SEMCOG,INTERNAL,TRUE,TRUE,FALSE,0,2,Other Wayne,26163,Michigan,US,85,9,0.646376,48186,Other Wayne,,,,FALSE,4.06582045048447
758,758,,SEMCOG,INTERNAL,TRUE,TRUE,FALSE,0,2,Other Wayne,26163,Michigan,US,85,9,0.558844,48186,Other Wayne,,,,FALSE,4.0302317662371
759,759,,SEMCOG,INTERNAL,TRUE,TRUE,FALSE,0,2,Other Wayne,26163,Michigan,US,85,9,0.496213,48186,Other Wayne,,,,FALSE,3.93516535284396
760,760,,SEMCOG,INTERNAL,TRUE,TRUE,FALSE,0,2,Other Wayne,26163,Michigan,US,85,9,0.363496,48186,Other Wayne,,,,FALSE,3.19620875727224
761,761,,SEMCOG,INTERNAL,TRUE,TRUE,FALSE,0,2,Other Wayne,26163,Michigan,US,85,9,0.749506,48186,Other Wayne,,,,FALSE,3.58150469730573
762,762,,SEMCOG,INTERNAL,TRUE,TRUE,FALSE,0,2,Other Wayne,26163,Michigan,US,83,9,0.695526,48141,Other Wayne,,,,FALSE,2.85101095868147
763,763,,SEMCOG,INTERNAL,TRUE,TRUE,FALSE,0,2,Other Wayne,26163,Michigan,US,83,9,0.651253,48141,Other Wayne,,,,FALSE,2.75052807036742
764,764,,SEMCOG,INTERNAL,TRUE,TRUE,FALSE,0,2,Other Wayne,26163,Michigan,US,83,9,1.165747,48141,Other Wayne,,,,FALSE,1.61475247616373
765,765,,SEMCOG,INTERNAL,TRUE,TRUE,FALSE,0,2,Other Wayne,26163,Michigan,US,83,9,0.959508,48141,Other Wayne,,,,FALSE,2.00552744460215
766,766,,SEMCOG,INTERNAL,TRUE,TRUE,FALSE,0,2,Other Wayne,26163,Michigan,US,83,9,0.409373,48141,Other Wayne,,,,FALSE,2.30634324032811
767,767,,SEMCOG,INTERNAL,TRUE,TRUE,FALSE,0,2,Other Wayne,26163,Michigan,US,83,9,0.500059,48141,Other Wayne,,,,FALSE,3.55971319267943
768,768,,SEMCOG,INTERNAL,TRUE,TRUE,FALSE,0,2,Other Wayne,26163,Michigan,US,83,9,0.603039,48141,Other Wayne,,,,FALSE,3.0863306240884
769,769,,SEMCOG,INTERNAL,TRUE,TRUE,FALSE,0,2,Other Wayne,26163,Michigan,US,83,9,0.431491,48141,Other Wayne,,,,FALSE,2.61522321910401
770,770,,SEMCOG,INTERNAL,TRUE,TRUE,FALSE,0,2,Other Wayne,26163,Michigan,US,83,9,0.827568,48141,Other Wayne,,,,FALSE,3.40541922259138
771,771,,SEMCOG,INTERNAL,TRUE,TRUE,FALSE,0,2,Other Wayne,26163,Michigan,US,85,9,0.885069,48186,Other Wayne,,,,FALSE,2.19513833494917
772,772,,SEMCOG,INTERNAL,TRUE,TRUE,FALSE,0,2,Other Wayne,26163,Michigan,US,85,9,0.499391,48186,Other Wayne,,,,FALSE,1.36993308984075
773,773,,SEMCOG,INTERNAL,TRUE,TRUE,FALSE,0,2,Other Wayne,26163,Michigan,US,82,9,0.751822,48184,Other Wayne,,,,FALSE,3.13609168072517
774,774,,SEMCOG,INTERNAL,TRUE,TRUE,FALSE,0,2,Other Wayne,26163,Michigan,US,82,9,0.817708,48184,Other Wayne,,,,FALSE,2.32761452924662
775,775,,SEMCOG,INTERNAL,TRUE,TRUE,FALSE,0,2,Other Wayne,26163,Michigan,US,82,9,0.711818,48184,Other Wayne,,,,FALSE,2.53807799429528
776,776,,SEMCOG,INTERNAL,TRUE,TRUE,FALSE,0,2,Other Wayne,26163,Michigan,US,82,9,0.759792,48184,Other Wayne,,,,FALSE,2.70568671554691
777,777,,SEMCOG,INTERNAL,TRUE,TRUE,FALSE,0,2,Other Wayne,26163,Michigan,US,82,9,0.386203,48184,Other Wayne,,,,FALSE,2.59837666504092
778,778,,SEMCOG,INTERNAL,TRUE,TRUE,FALSE,0,2,Other Wayne,26163,Michigan,US,82,9,0.291983,48184,Other Wayne,,,,FALSE,2.54431507866296
779,779,,SEMCOG,INTERNAL,TRUE,TRUE,FALSE,0,2,Other Wayne,26163,Michigan,US,82,9,1.482622,48184,Other Wayne,,,,FALSE,1.30779433463986
780,780,,SEMCOG,INTERNAL,TRUE,TRUE,FALSE,0,2,Other Wayne,26163,Michigan,US,82,9,0.808715,48184,Other Wayne,,,,FALSE,1.56136288441006
781,781,,SEMCOG,INTERNAL,TRUE,TRUE,FALSE,0,2,Other Wayne,26163,Michigan,US,89,5,0.70809,48239,Other Wayne,,,,FALSE,1.20602139244118
782,782,,SEMCOG,INTERNAL,TRUE,TRUE,FALSE,0,2,Other Wayne,26163,Michigan,US,89,5,0.481706,48239,Other Wayne,,,,FALSE,1.21491448483564
783,783,,SEMCOG,INTERNAL,TRUE,TRUE,FALSE,0,2,Other Wayne,26163,Michigan,US,89,5,0.484152,48239,Other Wayne,,,,FALSE,1.71178814459237
784,784,,SEMCOG,INTERNAL,TRUE,TRUE,FALSE,0,2,Other Wayne,26163,Michigan,US,89,5,0.479594,48239,Other Wayne,,,,FALSE,1.24856910467257
785,785,,SEMCOG,INTERNAL,TRUE,TRUE,FALSE,0,2,Other Wayne,26163,Michigan,US,89,5,0.475887,48239,Other Wayne,,,,FALSE,1.73722322774603
786,786,,SEMCOG,INTERNAL,TRUE,TRUE,FALSE,0,2,Other Wayne,26163,Michigan,US,89,5,0.487607,48239,Other Wayne,,,,FALSE,0.719184125367705
787,787,,SEMCOG,INTERNAL,TRUE,TRUE,FALSE,0,2,Other Wayne,26163,Michigan,US,89,5,0.468051,48239,Other Wayne,,,,FALSE,0.750655794674925
788,788,,SEMCOG,INTERNAL,TRUE,TRUE,FALSE,0,2,Other Wayne,26163,Michigan,US,89,5,0.491479,48239,Other Wayne,,,,FALSE,0.249263044929828
789,789,,SEMCOG,INTERNAL,TRUE,TRUE,FALSE,0,2,Other Wayne,26163,Michigan,US,89,5,0.50385,48239,Other Wayne,,,,FALSE,0.228476865529915
790,790,,SEMCOG,INTERNAL,TRUE,TRUE,FALSE,0,2,Other Wayne,26163,Michigan,US,91,8,0.501631,48150,Other Wayne,,,,FALSE,1.24354874089483
791,791,,SEMCOG,INTERNAL,TRUE,TRUE,FALSE,0,2,Other Wayne,26163,Michigan,US,91,8,0.498707,48150,Other Wayne,,,,FALSE,1.74363719065356
792,792,,SEMCOG,INTERNAL,TRUE,TRUE,FALSE,0,2,Other Wayne,26163,Michigan,US,91,8,0.149594,48150,Other Wayne,,,,FALSE,1.08703707550441
793,793,,SEMCOG,INTERNAL,TRUE,TRUE,FALSE,0,2,Other Wayne,26163,Michigan,US,91,8,0.445662,48150,Other Wayne,,,,FALSE,1.75143022630029
794,794,,SEMCOG,INTERNAL,TRUE,TRUE,FALSE,0,2,Other Wayne,26163,Michigan,US,91,8,0.397131,48150,Other Wayne,,,,FALSE,1.31092187129574
795,795,,SEMCOG,INTERNAL,TRUE,TRUE,FALSE,0,2,Other Wayne,26163,Michigan,US,91,8,0.507017,48150,Other Wayne,,,,FALSE,1.23038533552993
796,796,,SEMCOG,INTERNAL,TRUE,TRUE,FALSE,0,2,Other Wayne,26163,Michigan,US,91,8,0.495997,48150,Other Wayne,,,,FALSE,1.72841229882856
797,797,,SEMCOG,INTERNAL,TRUE,TRUE,FALSE,0,2,Other Wayne,26163,Michigan,US,93,8,0.500654,48150,Other Wayne,,,,FALSE,0.72997128987759
798,798,,SEMCOG,INTERNAL,TRUE,TRUE,FALSE,0,2,Other Wayne,26163,Michigan,US,94,8,0.495605,48150,Other Wayne,,,,FALSE,0.727006832903704
799,799,,SEMCOG,INTERNAL,TRUE,TRUE,FALSE,0,2,Other Wayne,26163,Michigan,US,94,8,0.50295,48150,Other Wayne,,,,FALSE,0.742512471495264
800,800,,SEMCOG,INTERNAL,TRUE,TRUE,FALSE,0,2,Other Wayne,26163,Michigan,US,94,8,0.497327,48150,Other Wayne,,,,FALSE,0.2427085858421
801,801,,SEMCOG,INTERNAL,TRUE,TRUE,FALSE,0,2,Other Wayne,26163,Michigan,US,94,8,0.492312,48150,Other Wayne,,,,FALSE,0.231458903306497
802,802,,SEMCOG,INTERNAL,TRUE,TRUE,FALSE,0,2,Other Wayne,26163,Michigan,US,93,8,0.495469,48150,Other Wayne,,,,FALSE,0.233562756231417
803,803,,SEMCOG,INTERNAL,TRUE,TRUE,FALSE,0,2,Other Wayne,26163,Michigan,US,90,5,1.036128,48239,Other Wayne,,,,FALSE,0.502662084396884
804,804,,SEMCOG,INTERNAL,TRUE,TRUE,FALSE,0,2,Other Wayne,26163,Michigan,US,90,5,0.950193,48239,Other Wayne,,,,FALSE,0.479404537810934
805,805,,SEMCOG,INTERNAL,TRUE,TRUE,FALSE,0,2,Other Wayne,26163,Michigan,US,90,5,0.763262,48239,Other Wayne,,,,FALSE,1.41762809499368
806,806,,SEMCOG,INTERNAL,TRUE,TRUE,FALSE,0,2,Other Wayne,26163,Michigan,US,90,5,0.977105,48239,Other Wayne,,,,FALSE,1.46797107549337
807,807,,SEMCOG,INTERNAL,TRUE,TRUE,FALSE,0,2,Other Wayne,26163,Michigan,US,90,5,0.490343,48240,Other Wayne,,,,FALSE,2.47522176000497
808,808,,SEMCOG,INTERNAL,TRUE,TRUE,FALSE,0,2,Other Wayne,26163,Michigan,US,90,5,0.495165,48240,Other Wayne,,,,FALSE,2.46528307518201
809,809,,SEMCOG,INTERNAL,TRUE,TRUE,FALSE,0,2,Other Wayne,26163,Michigan,US,90,5,0.479942,48240,Other Wayne,,,,FALSE,2.46237092699944
810,810,,SEMCOG,INTERNAL,TRUE,TRUE,FALSE,0,2,Other Wayne,26163,Michigan,US,90,5,0.485127,48240,Other Wayne,,,,FALSE,3.45771966812509
811,811,,SEMCOG,INTERNAL,TRUE,TRUE,FALSE,0,2,Other Wayne,26163,Michigan,US,90,5,0.966395,48240,Other Wayne,,,,FALSE,3.45330096411888
812,812,,SEMCOG,INTERNAL,TRUE,TRUE,FALSE,0,2,Other Wayne,26163,Michigan,US,95,8,0.52603,48154,Other Wayne,,,,FALSE,0.726903090506061
813,813,,SEMCOG,INTERNAL,TRUE,TRUE,FALSE,0,2,Other Wayne,26163,Michigan,US,95,8,0.468442,48154,Other Wayne,,,,FALSE,0.231346618126033
814,814,,SEMCOG,INTERNAL,TRUE,TRUE,FALSE,0,2,Other Wayne,26163,Michigan,US,95,8,1.010668,48154,Other Wayne,,,,FALSE,0.50425472782947
815,815,,SEMCOG,INTERNAL,TRUE,TRUE,FALSE,0,2,Other Wayne,26163,Michigan,US,95,8,1.002529,48154,Other Wayne,,,,FALSE,0.500840439654312
816,816,,SEMCOG,INTERNAL,TRUE,TRUE,FALSE,0,2,Other Wayne,26163,Michigan,US,95,8,1.004534,48154,Other Wayne,,,,FALSE,1.49320713736854
817,817,,SEMCOG,INTERNAL,TRUE,TRUE,FALSE,0,2,Other Wayne,26163,Michigan,US,95,8,0.996908,48154,Other Wayne,,,,FALSE,1.50864071203155
818,818,,SEMCOG,INTERNAL,TRUE,TRUE,FALSE,0,2,Other Wayne,26163,Michigan,US,95,8,1.003789,48154,Other Wayne,,,,FALSE,1.50341751544505
819,819,,SEMCOG,INTERNAL,TRUE,TRUE,FALSE,0,2,Other Wayne,26163,Michigan,US,96,8,0.548296,48154,Other Wayne,,,,FALSE,1.23404148094376
820,820,,SEMCOG,INTERNAL,TRUE,TRUE,FALSE,0,2,Other Wayne,26163,Michigan,US,96,8,0.946869,48154,Other Wayne,,,,FALSE,1.51204228299692
821,821,,SEMCOG,INTERNAL,TRUE,TRUE,FALSE,0,2,Other Wayne,26163,Michigan,US,96,8,0.69284,48154,Other Wayne,,,,FALSE,0.491285354028123
822,822,,SEMCOG,INTERNAL,TRUE,TRUE,FALSE,0,2,Other Wayne,26163,Michigan,US,96,8,0.835598,48154,Other Wayne,,,,FALSE,0.501053386890031
823,823,,SEMCOG,INTERNAL,TRUE,TRUE,FALSE,0,2,Other Wayne,26163,Michigan,US,97,8,1.002988,48152,Other Wayne,,,,FALSE,2.49526424789401
824,824,,SEMCOG,INTERNAL,TRUE,TRUE,FALSE,0,2,Other Wayne,26163,Michigan,US,97,8,0.396096,48152,Other Wayne,,,,FALSE,3.5656178626658
825,825,,SEMCOG,INTERNAL,TRUE,TRUE,FALSE,0,2,Other Wayne,26163,Michigan,US,97,8,0.609235,48152,Other Wayne,,,,FALSE,3.43286631858547
826,826,,SEMCOG,INTERNAL,TRUE,TRUE,FALSE,0,2,Other Wayne,26163,Michigan,US,97,8,0.838284,48152,Other Wayne,,,,FALSE,3.5621101084671
827,827,,SEMCOG,INTERNAL,TRUE,TRUE,FALSE,0,2,Other Wayne,26163,Michigan,US,97,8,0.154983,48152,Other Wayne,,,,FALSE,3.14421007594749
828,828,,SEMCOG,INTERNAL,TRUE,TRUE,FALSE,0,2,Other Wayne,26163,Michigan,US,97,8,0.994085,48152,Other Wayne,,,,FALSE,2.50740401867796
829,829,,SEMCOG,INTERNAL,TRUE,TRUE,FALSE,0,2,Other Wayne,26163,Michigan,US,97,8,1.000832,48152,Other Wayne,,,,FALSE,2.50643514797856
830,830,,SEMCOG,INTERNAL,TRUE,TRUE,FALSE,0,2,Other Wayne,26163,Michigan,US,97,8,0.996023,48152,Other Wayne,,,,FALSE,2.92271018789201
831,831,,SEMCOG,INTERNAL,TRUE,TRUE,FALSE,0,2,Other Wayne,26163,Michigan,US,98,8,1.480844,48152,Other Wayne,,,,FALSE,1.21605209912047
832,832,,SEMCOG,INTERNAL,TRUE,TRUE,FALSE,0,2,Other Wayne,26163,Michigan,US,98,8,0.497227,48152,Other Wayne,,,,FALSE,2.18223680959465
833,833,,SEMCOG,INTERNAL,TRUE,TRUE,FALSE,0,2,Other Wayne,26163,Michigan,US,98,8,0.367215,48152,Other Wayne,,,,FALSE,0.410071184888675
834,834,,SEMCOG,INTERNAL,TRUE,TRUE,FALSE,0,2,Other Wayne,26163,Michigan,US,98,8,0.30418,48152,Other Wayne,,,,FALSE,0.112147358031624
835,835,,SEMCOG,INTERNAL,TRUE,TRUE,FALSE,0,2,Other Wayne,26163,Michigan,US,98,8,0.280623,48152,Other Wayne,,,,FALSE,0.186741678740895
836,836,,SEMCOG,INTERNAL,TRUE,TRUE,FALSE,0,2,Other Wayne,26163,Michigan,US,98,8,0.43163,48152,Other Wayne,,,,FALSE,0.217286627282157
837,837,,SEMCOG,INTERNAL,TRUE,TRUE,FALSE,0,2,Other Wayne,26163,Michigan,US,98,8,0.129495,48152,Other Wayne,,,,FALSE,0.276564007264531
838,838,,SEMCOG,INTERNAL,TRUE,TRUE,FALSE,0,2,Other Wayne,26163,Michigan,US,98,8,0.303699,48152,Other Wayne,,,,FALSE,0.164195831949678
839,839,,SEMCOG,INTERNAL,TRUE,TRUE,FALSE,0,2,Other Wayne,26163,Michigan,US,98,8,0.104242,48152,Other Wayne,,,,FALSE,0.300603894995288
840,840,,SEMCOG,INTERNAL,TRUE,TRUE,FALSE,0,2,Other Wayne,26163,Michigan,US,98,8,1.002737,48152,Other Wayne,,,,FALSE,1.01402004428612
841,841,,SEMCOG,INTERNAL,TRUE,TRUE,FALSE,0,2,Other Wayne,26163,Michigan,US,98,8,0.995758,48152,Other Wayne,,,,FALSE,1.94976931367516
842,842,,SEMCOG,INTERNAL,TRUE,TRUE,FALSE,0,2,Other Wayne,26163,Michigan,US,96,8,0.297367,48154,Other Wayne,,,,FALSE,0.143264522294337
843,843,,SEMCOG,INTERNAL,TRUE,TRUE,FALSE,0,2,Other Wayne,26163,Michigan,US,96,8,0.67367,48154,Other Wayne,,,,FALSE,0.299065710892366
844,844,,SEMCOG,INTERNAL,TRUE,TRUE,FALSE,0,2,Other Wayne,26163,Michigan,US,96,8,0.492483,48154,Other Wayne,,,,FALSE,0.75527767756817
845,845,,SEMCOG,INTERNAL,TRUE,TRUE,FALSE,0,2,Other Wayne,26163,Michigan,US,96,8,0.511472,48154,Other Wayne,,,,FALSE,0.482235914189173
846,846,,SEMCOG,INTERNAL,TRUE,TRUE,FALSE,0,2,Other Wayne,26163,Michigan,US,96,8,0.902526,48154,Other Wayne,,,,FALSE,0.451536401753598
847,847,,SEMCOG,INTERNAL,TRUE,TRUE,FALSE,0,2,Other Wayne,26163,Michigan,US,92,8,0.272381,48150,Other Wayne,,,,FALSE,0.0701081846107774
848,848,,SEMCOG,INTERNAL,TRUE,TRUE,FALSE,0,2,Other Wayne,26163,Michigan,US,93,8,0.579746,48150,Other Wayne,,,,FALSE,0.232544825843128
849,849,,SEMCOG,INTERNAL,TRUE,TRUE,FALSE,0,2,Other Wayne,26163,Michigan,US,93,8,0.318835,48150,Other Wayne,,,,FALSE,0.210590227709953
850,850,,SEMCOG,INTERNAL,TRUE,TRUE,FALSE,0,2,Other Wayne,26163,Michigan,US,92,8,0.224723,48150,Other Wayne,,,,FALSE,0.724369054484013
851,851,,SEMCOG,INTERNAL,TRUE,TRUE,FALSE,0,2,Other Wayne,26163,Michigan,US,92,8,0.52628,48150,Other Wayne,,,,FALSE,0.719681740813456
852,852,,SEMCOG,INTERNAL,TRUE,TRUE,FALSE,0,2,Other Wayne,26163,Michigan,US,92,8,0.298362,48150,Other Wayne,,,,FALSE,0.648099494797562
853,853,,SEMCOG,INTERNAL,TRUE,TRUE,FALSE,0,2,Other Wayne,26163,Michigan,US,92,8,0.591282,48150,Other Wayne,,,,FALSE,0.497944507631841
854,854,,SEMCOG,INTERNAL,TRUE,TRUE,FALSE,0,2,Other Wayne,26163,Michigan,US,91,8,0.75662,48150,Other Wayne,,,,FALSE,1.47445610121606
855,855,,SEMCOG,INTERNAL,TRUE,TRUE,FALSE,0,2,Other Wayne,26163,Michigan,US,91,8,0.50805,48150,Other Wayne,,,,FALSE,1.24604577419253
856,856,,SEMCOG,INTERNAL,TRUE,TRUE,FALSE,0,2,Other Wayne,26163,Michigan,US,91,8,0.747845,48150,Other Wayne,,,,FALSE,1.60745505295614
857,857,,SEMCOG,INTERNAL,TRUE,TRUE,FALSE,0,2,Other Wayne,26163,Michigan,US,92,8,0.697496,48150,Other Wayne,,,,FALSE,0.673330341994164
858,858,,SEMCOG,INTERNAL,TRUE,TRUE,FALSE,0,2,Other Wayne,26163,Michigan,US,92,8,0.49033,48150,Other Wayne,,,,FALSE,0.729324077581077
859,859,,SEMCOG,INTERNAL,TRUE,TRUE,FALSE,0,2,Other Wayne,26163,Michigan,US,104,9,1.971197,48187,Other Wayne,,,,FALSE,4.17034886844516
860,860,,SEMCOG,INTERNAL,TRUE,TRUE,FALSE,0,2,Other Wayne,26163,Michigan,US,104,9,2.019912,48188,Other Wayne,,,,FALSE,3.66494968841037
861,861,,SEMCOG,INTERNAL,TRUE,TRUE,FALSE,0,2,Other Wayne,26163,Michigan,US,104,9,0.997107,48188,Other Wayne,,,,FALSE,3.46747147421271
862,862,,SEMCOG,INTERNAL,TRUE,TRUE,FALSE,0,2,Other Wayne,26163,Michigan,US,104,9,0.980372,48188,Other Wayne,,,,FALSE,3.54008921532915
863,863,,SEMCOG,INTERNAL,TRUE,TRUE,FALSE,0,2,Other Wayne,26163,Michigan,US,104,9,1.970307,48188,Other Wayne,,,,FALSE,4.66104879883296
864,864,,SEMCOG,INTERNAL,TRUE,TRUE,FALSE,0,2,Other Wayne,26163,Michigan,US,102,9,1.962687,48187,Other Wayne,,,,FALSE,4.73861833260413
865,865,,SEMCOG,INTERNAL,TRUE,TRUE,FALSE,0,2,Other Wayne,26163,Michigan,US,102,9,1.02508,48187,Other Wayne,,,,FALSE,3.84879577203526
866,866,,SEMCOG,INTERNAL,TRUE,TRUE,FALSE,0,2,Other Wayne,26163,Michigan,US,102,9,1.033421,48187,Other Wayne,,,,FALSE,3.67405710131287
867,867,,SEMCOG,INTERNAL,TRUE,TRUE,FALSE,0,2,Other Wayne,26163,Michigan,US,102,9,0.495671,48187,Other Wayne,,,,FALSE,2.73303005884224
868,868,,SEMCOG,INTERNAL,TRUE,TRUE,FALSE,0,2,Other Wayne,26163,Michigan,US,102,9,0.475944,48187,Other Wayne,,,,FALSE,2.64873093120416
869,869,,SEMCOG,INTERNAL,TRUE,TRUE,FALSE,0,2,Other Wayne,26163,Michigan,US,102,9,0.522963,48187,Other Wayne,,,,FALSE,2.65386855989856
870,870,,SEMCOG,INTERNAL,TRUE,TRUE,FALSE,0,2,Other Wayne,26163,Michigan,US,102,9,0.393788,48187,Other Wayne,,,,FALSE,2.81047066538064
871,871,,SEMCOG,INTERNAL,TRUE,TRUE,FALSE,0,2,Other Wayne,26163,Michigan,US,102,9,0.592448,48187,Other Wayne,,,,FALSE,2.90184647106366
872,872,,SEMCOG,INTERNAL,TRUE,TRUE,FALSE,0,2,Other Wayne,26163,Michigan,US,102,9,0.49156,48187,Other Wayne,,,,FALSE,2.74495487999332
873,873,,SEMCOG,INTERNAL,TRUE,TRUE,FALSE,0,2,Other Wayne,26163,Michigan,US,104,9,0.876606,48188,Other Wayne,,,,FALSE,2.71304440246611
874,874,,SEMCOG,INTERNAL,TRUE,TRUE,FALSE,0,2,Other Wayne,26163,Michigan,US,104,9,1.136568,48188,Other Wayne,,,,FALSE,2.6560638531091
875,875,,SEMCOG,INTERNAL,TRUE,TRUE,FALSE,0,2,Other Wayne,26163,Michigan,US,104,9,0.940965,48188,Other Wayne,,,,FALSE,2.71282484300232
876,876,,SEMCOG,INTERNAL,TRUE,TRUE,FALSE,0,2,Other Wayne,26163,Michigan,US,104,9,0.674379,48188,Other Wayne,,,,FALSE,1.89266706563521
877,877,,SEMCOG,INTERNAL,TRUE,TRUE,FALSE,0,2,Other Wayne,26163,Michigan,US,104,9,1.192446,48188,Other Wayne,,,,FALSE,1.16863227495248
878,878,,SEMCOG,INTERNAL,TRUE,TRUE,FALSE,0,2,Other Wayne,26163,Michigan,US,104,9,0.735594,48188,Other Wayne,,,,FALSE,0.336026578612706
879,879,,SEMCOG,INTERNAL,TRUE,TRUE,FALSE,0,2,Other Wayne,26163,Michigan,US,104,9,0.381305,48188,Other Wayne,,,,FALSE,2.01460538871486
880,880,,SEMCOG,INTERNAL,TRUE,TRUE,FALSE,0,2,Other Wayne,26163,Michigan,US,104,9,0.389654,48188,Other Wayne,,,,FALSE,1.49201417634889
881,881,,SEMCOG,INTERNAL,TRUE,TRUE,FALSE,0,2,Other Wayne,26163,Michigan,US,104,9,1.132679,48188,Other Wayne,,,,FALSE,0.602323882608777
882,882,,SEMCOG,INTERNAL,TRUE,TRUE,FALSE,0,2,Other Wayne,26163,Michigan,US,104,9,0.499846,48188,Other Wayne,,,,FALSE,1.97893080582633
883,883,,SEMCOG,INTERNAL,TRUE,TRUE,FALSE,0,2,Other Wayne,26163,Michigan,US,104,9,1.005432,48188,Other Wayne,,,,FALSE,1.23251445165556
884,884,,SEMCOG,INTERNAL,TRUE,TRUE,FALSE,0,2,Other Wayne,26163,Michigan,US,104,9,0.493888,48188,Other Wayne,,,,FALSE,0.490512174152081
885,885,,SEMCOG,INTERNAL,TRUE,TRUE,FALSE,0,2,Other Wayne,26163,Michigan,US,104,9,0.247462,48188,Other Wayne,,,,FALSE,0.127301549793546
886,886,,SEMCOG,INTERNAL,TRUE,TRUE,FALSE,0,2,Other Wayne,26163,Michigan,US,103,9,0.24977,48187,Other Wayne,,,,FALSE,1.91166948155434
887,887,,SEMCOG,INTERNAL,TRUE,TRUE,FALSE,0,2,Other Wayne,26163,Michigan,US,103,9,0.486669,48187,Other Wayne,,,,FALSE,1.18115099835415
888,888,,SEMCOG,INTERNAL,TRUE,TRUE,FALSE,0,2,Other Wayne,26163,Michigan,US,103,9,0.495617,48187,Other Wayne,,,,FALSE,0.525828099707141
889,889,,SEMCOG,INTERNAL,TRUE,TRUE,FALSE,0,2,Other Wayne,26163,Michigan,US,103,9,0.27831,48187,Other Wayne,,,,FALSE,0.139289567465587
890,890,,SEMCOG,INTERNAL,TRUE,TRUE,FALSE,0,2,Other Wayne,26163,Michigan,US,103,9,0.250085,48187,Other Wayne,,,,FALSE,2.02096934398128
891,891,,SEMCOG,INTERNAL,TRUE,TRUE,FALSE,0,2,Other Wayne,26163,Michigan,US,103,9,0.512163,48187,Other Wayne,,,,FALSE,1.26064084194401
892,892,,SEMCOG,INTERNAL,TRUE,TRUE,FALSE,0,2,Other Wayne,26163,Michigan,US,104,9,0.821966,48188,Other Wayne,,,,FALSE,0.408059249125766
893,893,,SEMCOG,INTERNAL,TRUE,TRUE,FALSE,0,2,Other Wayne,26163,Michigan,US,104,9,0.739627,48188,Other Wayne,,,,FALSE,0.339905056983013
894,894,,SEMCOG,INTERNAL,TRUE,TRUE,FALSE,0,2,Other Wayne,26163,Michigan,US,103,9,0.752106,48187,Other Wayne,,,,FALSE,0.350559251471983
895,895,,SEMCOG,INTERNAL,TRUE,TRUE,FALSE,0,2,Other Wayne,26163,Michigan,US,104,9,0.786419,48188,Other Wayne,,,,FALSE,0.360408014111026
896,896,,SEMCOG,INTERNAL,TRUE,TRUE,FALSE,0,2,Other Wayne,26163,Michigan,US,103,9,0.222491,48187,Other Wayne,,,,FALSE,2.02226478820665
897,897,,SEMCOG,INTERNAL,TRUE,TRUE,FALSE,0,2,Other Wayne,26163,Michigan,US,103,9,0.282583,48187,Other Wayne,,,,FALSE,1.92569792835885
898,898,,SEMCOG,INTERNAL,TRUE,TRUE,FALSE,0,2,Other Wayne,26163,Michigan,US,103,9,0.513512,48187,Other Wayne,,,,FALSE,1.30386487261101
899,899,,SEMCOG,INTERNAL,TRUE,TRUE,FALSE,0,2,Other Wayne,26163,Michigan,US,103,9,0.486901,48187,Other Wayne,,,,FALSE,1.15527568751347
900,900,,SEMCOG,INTERNAL,TRUE,TRUE,FALSE,0,2,Other Wayne,26163,Michigan,US,103,9,0.297556,48187,Other Wayne,,,,FALSE,0.488541002037578
901,901,,SEMCOG,INTERNAL,TRUE,TRUE,FALSE,0,2,Other Wayne,26163,Michigan,US,103,9,0.422393,48187,Other Wayne,,,,FALSE,0.302160200980723
902,902,,SEMCOG,INTERNAL,TRUE,TRUE,FALSE,0,2,Other Wayne,26163,Michigan,US,103,9,0.403278,48187,Other Wayne,,,,FALSE,0.30843826160913
903,903,,SEMCOG,INTERNAL,TRUE,TRUE,FALSE,0,2,Other Wayne,26163,Michigan,US,103,9,1.060923,48187,Other Wayne,,,,FALSE,0.430538295762447
904,904,,SEMCOG,INTERNAL,TRUE,TRUE,FALSE,0,2,Other Wayne,26163,Michigan,US,103,9,0.876349,48187,Other Wayne,,,,FALSE,0.309482245352002
905,905,,SEMCOG,INTERNAL,TRUE,TRUE,FALSE,0,2,Other Wayne,26163,Michigan,US,103,9,0.497845,48187,Other Wayne,,,,FALSE,2.12794041907544
906,906,,SEMCOG,INTERNAL,TRUE,TRUE,FALSE,0,2,Other Wayne,26163,Michigan,US,103,9,0.504504,48187,Other Wayne,,,,FALSE,1.63732850891117
907,907,,SEMCOG,INTERNAL,TRUE,TRUE,FALSE,0,2,Other Wayne,26163,Michigan,US,103,9,0.500439,48187,Other Wayne,,,,FALSE,1.1545502261056
908,908,,SEMCOG,INTERNAL,TRUE,TRUE,FALSE,0,2,Other Wayne,26163,Michigan,US,101,8,0.502238,48170,Other Wayne,,,,FALSE,1.59606444918459
909,909,,SEMCOG,INTERNAL,TRUE,TRUE,FALSE,0,2,Other Wayne,26163,Michigan,US,101,8,0.541014,48170,Other Wayne,,,,FALSE,0.736634382476733
910,910,,SEMCOG,INTERNAL,TRUE,TRUE,FALSE,0,2,Other Wayne,26163,Michigan,US,101,8,0.375259,48170,Other Wayne,,,,FALSE,0.730483631640668
911,911,,SEMCOG,INTERNAL,TRUE,TRUE,FALSE,0,2,Other Wayne,26163,Michigan,US,101,8,0.446412,48170,Other Wayne,,,,FALSE,0.230772222849704
912,912,,SEMCOG,INTERNAL,TRUE,TRUE,FALSE,0,2,Other Wayne,26163,Michigan,US,101,8,0.209844,48170,Other Wayne,,,,FALSE,0.195350283204811
913,913,,SEMCOG,INTERNAL,TRUE,TRUE,FALSE,0,2,Other Wayne,26163,Michigan,US,101,8,0.427439,48170,Other Wayne,,,,FALSE,0.0723544864534868
914,914,,SEMCOG,INTERNAL,TRUE,TRUE,FALSE,0,2,Other Wayne,26163,Michigan,US,101,8,0.293313,48170,Other Wayne,,,,FALSE,0.605657113519226
915,915,,SEMCOG,INTERNAL,TRUE,TRUE,FALSE,0,2,Other Wayne,26163,Michigan,US,101,8,0.396544,48170,Other Wayne,,,,FALSE,0.280250973543124
916,916,,SEMCOG,INTERNAL,TRUE,TRUE,FALSE,0,2,Other Wayne,26163,Michigan,US,101,8,0.212835,48170,Other Wayne,,,,FALSE,0.127969055932433
917,917,,SEMCOG,INTERNAL,TRUE,TRUE,FALSE,0,2,Other Wayne,26163,Michigan,US,101,8,1.144562,48170,Other Wayne,,,,FALSE,0.322484410237492
918,918,,SEMCOG,INTERNAL,TRUE,TRUE,FALSE,0,2,Other Wayne,26163,Michigan,US,101,8,0.386754,48170,Other Wayne,,,,FALSE,0.928096561210044
919,919,,SEMCOG,INTERNAL,TRUE,TRUE,FALSE,0,2,Other Wayne,26163,Michigan,US,101,8,0.42461,48170,Other Wayne,,,,FALSE,1.87971821106045
920,920,,SEMCOG,INTERNAL,TRUE,TRUE,FALSE,0,2,Other Wayne,26163,Michigan,US,101,8,0.35499,48170,Other Wayne,,,,FALSE,1.36810489371867
921,921,,SEMCOG,INTERNAL,TRUE,TRUE,FALSE,0,2,Other Wayne,26163,Michigan,US,101,8,0.389814,48170,Other Wayne,,,,FALSE,1.56450877757861
922,922,,SEMCOG,INTERNAL,TRUE,TRUE,FALSE,0,2,Other Wayne,26163,Michigan,US,101,8,0.392021,48170,Other Wayne,,,,FALSE,1.99655159758239
923,923,,SEMCOG,INTERNAL,TRUE,TRUE,FALSE,0,2,Other Wayne,26163,Michigan,US,101,8,0.657375,48170,Other Wayne,,,,FALSE,1.0827683547225
924,924,,SEMCOG,INTERNAL,TRUE,TRUE,FALSE,0,2,Other Wayne,26163,Michigan,US,100,8,0.91677,48170,Other Wayne,,,,FALSE,3.01826903453548
925,925,,SEMCOG,INTERNAL,TRUE,TRUE,FALSE,0,2,Other Wayne,26163,Michigan,US,100,8,1.047496,48170,Other Wayne,,,,FALSE,2.75011610324457
926,926,,SEMCOG,INTERNAL,TRUE,TRUE,FALSE,0,2,Other Wayne,26163,Michigan,US,100,8,0.755732,48170,Other Wayne,,,,FALSE,2.79326612999705
927,927,,SEMCOG,INTERNAL,TRUE,TRUE,FALSE,0,2,Other Wayne,26163,Michigan,US,100,8,1.784643,48170,Other Wayne,,,,FALSE,5.10107047474577
928,928,,SEMCOG,INTERNAL,TRUE,TRUE,FALSE,0,2,Other Wayne,26163,Michigan,US,100,8,1.806802,48170,Other Wayne,,,,FALSE,4.10312042050697
929,929,,SEMCOG,INTERNAL,TRUE,TRUE,FALSE,0,2,Other Wayne,26163,Michigan,US,100,8,1.250698,48170,Other Wayne,,,,FALSE,4.94338033451145
930,930,,SEMCOG,INTERNAL,TRUE,TRUE,FALSE,0,2,Other Wayne,26163,Michigan,US,100,8,1.167095,48170,Other Wayne,,,,FALSE,3.94255688435625
931,931,,SEMCOG,INTERNAL,TRUE,TRUE,FALSE,0,2,Other Wayne,26163,Michigan,US,100,8,0.700765,48170,Other Wayne,,,,FALSE,2.38724193874324
932,932,,SEMCOG,INTERNAL,TRUE,TRUE,FALSE,0,2,Other Wayne,26163,Michigan,US,100,8,0.609252,48170,Other Wayne,,,,FALSE,2.79258257333851
933,933,,SEMCOG,INTERNAL,TRUE,TRUE,FALSE,0,2,Other Wayne,26163,Michigan,US,100,8,0.404678,48170,Other Wayne,,,,FALSE,1.72465330678285
934,934,,SEMCOG,INTERNAL,TRUE,TRUE,FALSE,0,2,Other Wayne,26163,Michigan,US,100,8,0.619499,48170,Other Wayne,,,,FALSE,2.61915965509011
935,935,,SEMCOG,INTERNAL,TRUE,TRUE,FALSE,0,2,Other Wayne,26163,Michigan,US,99,8,1.088096,48168,Other Wayne,,,,FALSE,1.44779342077468
936,936,,SEMCOG,INTERNAL,TRUE,TRUE,FALSE,0,2,Other Wayne,26163,Michigan,US,99,8,0.974094,48168,Other Wayne,,,,FALSE,0.647705959746885
937,937,,SEMCOG,INTERNAL,TRUE,TRUE,FALSE,0,2,Other Wayne,26163,Michigan,US,99,8,3.456338,48168,Other Wayne,,,,FALSE,3.85648988255276
938,938,,SEMCOG,INTERNAL,TRUE,TRUE,FALSE,0,2,Other Wayne,26163,Michigan,US,99,8,0.596383,48168,Other Wayne,,,,FALSE,2.0225438085573
939,939,,SEMCOG,INTERNAL,TRUE,TRUE,FALSE,0,2,Other Wayne,26163,Michigan,US,99,8,3.916745,48167,Other Wayne,,,,FALSE,4.92370621708277
940,940,,SEMCOG,INTERNAL,TRUE,TRUE,FALSE,0,2,Other Wayne,26163,Michigan,US,99,8,2.458196,48168,Other Wayne,,,,FALSE,3.39518716114207
941,941,,SEMCOG,INTERNAL,TRUE,TRUE,FALSE,0,2,Other Wayne,26163,Michigan,US,99,8,2.024756,48168,Other Wayne,,,,FALSE,1.48572247447747
942,942,,SEMCOG,INTERNAL,TRUE,TRUE,FALSE,0,2,Other Wayne,26163,Michigan,US,99,8,0.702767,48167,Other Wayne,,,,FALSE,1.38852036304157
943,943,,SEMCOG,INTERNAL,TRUE,TRUE,FALSE,0,2,Other Wayne,26163,Michigan,US,99,8,0.971606,48167,Other Wayne,,,,FALSE,0.641271010162404
944,944,,SEMCOG,INTERNAL,TRUE,TRUE,FALSE,0,2,Other Wayne,26163,Michigan,US,99,8,0.354724,48167,Other Wayne,,,,FALSE,1.79774901284134
945,945,,SEMCOG,INTERNAL,TRUE,TRUE,FALSE,0,2,Other Wayne,26163,Michigan,US,99,8,0.425086,48167,Other Wayne,,,,FALSE,2.26742131855702
946,946,,SEMCOG,INTERNAL,TRUE,TRUE,FALSE,0,2,Other Wayne,26163,Michigan,US,99,8,0.635604,48167,Other Wayne,,,,FALSE,2.82457885025282
947,947,,SEMCOG,INTERNAL,TRUE,TRUE,FALSE,0,3,Oakland,26125,Michigan,US,105,19,0.625096,48030,Oakland,,,,FALSE,0.360751660728636
948,948,,SEMCOG,INTERNAL,TRUE,TRUE,FALSE,0,3,Oakland,26125,Michigan,US,105,19,0.728425,48030,Oakland,,,,FALSE,0.215154044820759
949,949,,SEMCOG,INTERNAL,TRUE,TRUE,FALSE,0,3,Oakland,26125,Michigan,US,105,19,0.428861,48030,Oakland,,,,FALSE,0.0342078532980413
950,950,,SEMCOG,INTERNAL,TRUE,TRUE,FALSE,0,3,Oakland,26125,Michigan,US,105,19,0.518347,48030,Oakland,,,,FALSE,0.303914395522379
951,951,,SEMCOG,INTERNAL,TRUE,TRUE,FALSE,0,3,Oakland,26125,Michigan,US,105,19,0.512198,48030,Oakland,,,,FALSE,0.544154864370869
952,952,,SEMCOG,INTERNAL,TRUE,TRUE,FALSE,0,3,Oakland,26125,Michigan,US,110,19,0.36512,48220,Oakland,,,,FALSE,1.13320277247669
953,953,,SEMCOG,INTERNAL,TRUE,TRUE,FALSE,0,3,Oakland,26125,Michigan,US,110,19,0.636288,48220,Oakland,,,,FALSE,0.705700246472969
954,954,,SEMCOG,INTERNAL,TRUE,TRUE,FALSE,0,3,Oakland,26125,Michigan,US,110,19,0.633151,48220,Oakland,,,,FALSE,0.548271227944402
955,955,,SEMCOG,INTERNAL,TRUE,TRUE,FALSE,0,3,Oakland,26125,Michigan,US,110,19,0.566115,48220,Oakland,,,,FALSE,0.432398495036082
956,956,,SEMCOG,INTERNAL,TRUE,TRUE,FALSE,0,3,Oakland,26125,Michigan,US,110,19,0.595337,48220,Oakland,,,,FALSE,1.41590553676843
957,957,,SEMCOG,INTERNAL,TRUE,TRUE,FALSE,0,3,Oakland,26125,Michigan,US,110,19,0.636101,48220,Oakland,,,,FALSE,1.56058429692559
958,958,,SEMCOG,INTERNAL,TRUE,TRUE,FALSE,0,3,Oakland,26125,Michigan,US,110,19,0.440933,48220,Oakland,,,,FALSE,0.770233983713533
959,959,,SEMCOG,INTERNAL,TRUE,TRUE,FALSE,0,3,Oakland,26125,Michigan,US,112,19,0.567879,48069,Oakland,,,,FALSE,0.242834241489549
960,960,,SEMCOG,INTERNAL,TRUE,TRUE,FALSE,0,3,Oakland,26125,Michigan,US,111,19,0.551814,48220,Oakland,,,,FALSE,1.69010470752097
961,961,,SEMCOG,INTERNAL,TRUE,TRUE,FALSE,0,3,Oakland,26125,Michigan,US,111,19,0.331374,48237,Oakland,,,,FALSE,1.66965426257496
962,962,,SEMCOG,INTERNAL,TRUE,TRUE,FALSE,0,3,Oakland,26125,Michigan,US,111,19,0.480074,48237,Oakland,,,,FALSE,1.21163049563252
963,963,,SEMCOG,INTERNAL,TRUE,TRUE,FALSE,0,3,Oakland,26125,Michigan,US,111,19,0.473976,48237,Oakland,,,,FALSE,1.27549605248382
964,964,,SEMCOG,INTERNAL,TRUE,TRUE,FALSE,0,3,Oakland,26125,Michigan,US,111,19,0.502213,48237,Oakland,,,,FALSE,1.76143059680821
965,965,,SEMCOG,INTERNAL,TRUE,TRUE,FALSE,0,3,Oakland,26125,Michigan,US,111,19,0.801427,48237,Oakland,,,,FALSE,0.303630384924323
966,966,,SEMCOG,INTERNAL,TRUE,TRUE,FALSE,0,3,Oakland,26125,Michigan,US,111,19,0.606827,48237,Oakland,,,,FALSE,0.804342148981318
967,967,,SEMCOG,INTERNAL,TRUE,TRUE,FALSE,0,3,Oakland,26125,Michigan,US,111,19,0.524597,48237,Oakland,,,,FALSE,0.343280008030473
968,968,,SEMCOG,INTERNAL,TRUE,TRUE,FALSE,0,3,Oakland,26125,Michigan,US,111,19,0.449,48237,Oakland,,,,FALSE,0.81516224927218
969,969,,SEMCOG,INTERNAL,TRUE,TRUE,FALSE,0,3,Oakland,26125,Michigan,US,111,19,0.146478,48237,Oakland,,,,FALSE,0.030311441447547
970,970,,SEMCOG,INTERNAL,TRUE,TRUE,FALSE,0,3,Oakland,26125,Michigan,US,111,19,0.492997,48237,Oakland,,,,FALSE,0.540924130427207
971,971,,SEMCOG,INTERNAL,TRUE,TRUE,FALSE,0,3,Oakland,26125,Michigan,US,111,19,0.34695,48237,Oakland,,,,FALSE,0.132474791797482
972,972,,SEMCOG,INTERNAL,TRUE,TRUE,FALSE,0,3,Oakland,26125,Michigan,US,112,19,0.503117,48070,Oakland,,,,FALSE,0.458802774224353
973,973,,SEMCOG,INTERNAL,TRUE,TRUE,FALSE,0,3,Oakland,26125,Michigan,US,112,19,0.963082,48070,Oakland,,,,FALSE,0.484715079126994
974,974,,SEMCOG,INTERNAL,TRUE,TRUE,FALSE,0,3,Oakland,26125,Michigan,US,112,19,0.240853,48072,Oakland,,,,FALSE,1.48493559978749
975,975,,SEMCOG,INTERNAL,TRUE,TRUE,FALSE,0,3,Oakland,26125,Michigan,US,112,19,0.254237,48072,Oakland,,,,FALSE,1.75545936434439
976,976,,SEMCOG,INTERNAL,TRUE,TRUE,FALSE,0,3,Oakland,26125,Michigan,US,112,19,0.242187,48072,Oakland,,,,FALSE,1.06340340348075
977,977,,SEMCOG,INTERNAL,TRUE,TRUE,FALSE,0,3,Oakland,26125,Michigan,US,112,19,0.245269,48072,Oakland,,,,FALSE,1.4057231625556
978,978,,SEMCOG,INTERNAL,TRUE,TRUE,FALSE,0,3,Oakland,26125,Michigan,US,112,19,0.247156,48072,Oakland,,,,FALSE,0.720612344377057
979,979,,SEMCOG,INTERNAL,TRUE,TRUE,FALSE,0,3,Oakland,26125,Michigan,US,112,19,0.23568,48072,Oakland,,,,FALSE,1.08984683629482
980,980,,SEMCOG,INTERNAL,TRUE,TRUE,FALSE,0,3,Oakland,26125,Michigan,US,112,19,0.212909,48073,Oakland,,,,FALSE,2.07073239132505
981,981,,SEMCOG,INTERNAL,TRUE,TRUE,FALSE,0,3,Oakland,26125,Michigan,US,112,19,0.382433,48072,Oakland,,,,FALSE,1.7022171378344
982,982,,SEMCOG,INTERNAL,TRUE,TRUE,FALSE,0,3,Oakland,26125,Michigan,US,112,19,0.549859,48072,Oakland,,,,FALSE,1.2187674385862
983,983,,SEMCOG,INTERNAL,TRUE,TRUE,FALSE,0,3,Oakland,26125,Michigan,US,109,19,0.73785,48067,Oakland,,,,FALSE,0.21184145378784
984,984,,SEMCOG,INTERNAL,TRUE,TRUE,FALSE,0,3,Oakland,26125,Michigan,US,109,19,0.226827,48067,Oakland,,,,FALSE,0.760789317214986
985,985,,SEMCOG,INTERNAL,TRUE,TRUE,FALSE,0,3,Oakland,26125,Michigan,US,109,19,0.252277,48067,Oakland,,,,FALSE,0.694315534397142
986,986,,SEMCOG,INTERNAL,TRUE,TRUE,FALSE,0,3,Oakland,26125,Michigan,US,109,19,0.300354,48067,Oakland,,,,FALSE,0.25709599976773
987,987,,SEMCOG,INTERNAL,TRUE,TRUE,FALSE,0,3,Oakland,26125,Michigan,US,109,19,0.250472,48067,Oakland,,,,FALSE,0.208574662440624
988,988,,SEMCOG,INTERNAL,TRUE,TRUE,FALSE,0,3,Oakland,26125,Michigan,US,109,19,0.621868,48067,Oakland,,,,FALSE,0.715252203478311
989,989,,SEMCOG,INTERNAL,TRUE,TRUE,FALSE,0,3,Oakland,26125,Michigan,US,109,19,0.601165,48067,Oakland,,,,FALSE,0.833187215054185
990,990,,SEMCOG,INTERNAL,TRUE,TRUE,FALSE,0,3,Oakland,26125,Michigan,US,109,19,0.464565,48067,Oakland,,,,FALSE,1.60547441959023
991,991,,SEMCOG,INTERNAL,TRUE,TRUE,FALSE,0,3,Oakland,26125,Michigan,US,109,19,0.132557,48067,Oakland,,,,FALSE,0.204341583272845
992,992,,SEMCOG,INTERNAL,TRUE,TRUE,FALSE,0,3,Oakland,26125,Michigan,US,109,19,0.278339,48067,Oakland,,,,FALSE,0.781309633854353
993,993,,SEMCOG,INTERNAL,TRUE,TRUE,FALSE,0,3,Oakland,26125,Michigan,US,109,19,0.126802,48067,Oakland,,,,FALSE,0.320601118199529
994,994,,SEMCOG,INTERNAL,TRUE,TRUE,FALSE,0,3,Oakland,26125,Michigan,US,109,19,0.298544,48067,Oakland,,,,FALSE,1.76532203182034
995,995,,SEMCOG,INTERNAL,TRUE,TRUE,FALSE,0,3,Oakland,26125,Michigan,US,109,19,0.296102,48067,Oakland,,,,FALSE,1.2870224085053
996,996,,SEMCOG,INTERNAL,TRUE,TRUE,FALSE,0,3,Oakland,26125,Michigan,US,108,20,0.548491,48073,Oakland,,,,FALSE,2.14031111221559
997,997,,SEMCOG,INTERNAL,TRUE,TRUE,FALSE,0,3,Oakland,26125,Michigan,US,108,20,0.493384,48073,Oakland,,,,FALSE,1.87538550661935
998,998,,SEMCOG,INTERNAL,TRUE,TRUE,FALSE,0,3,Oakland,26125,Michigan,US,108,20,0.33513,48073,Oakland,,,,FALSE,2.23840482900522
999,999,,SEMCOG,INTERNAL,TRUE,TRUE,FALSE,0,3,Oakland,26125,Michigan,US,108,20,0.37699,48073,Oakland,,,,FALSE,2.59995946357609
1000,1000,,SEMCOG,INTERNAL,TRUE,TRUE,FALSE,0,3,Oakland,26125,Michigan,US,108,20,0.25114,48073,Oakland,,,,FALSE,2.11045808387468
1001,1001,,SEMCOG,INTERNAL,TRUE,TRUE,FALSE,0,3,Oakland,26125,Michigan,US,108,20,0.115234,48073,Oakland,,,,FALSE,2.20761091268308
1002,1002,,SEMCOG,INTERNAL,TRUE,TRUE,FALSE,0,3,Oakland,26125,Michigan,US,108,20,0.193756,48073,Oakland,,,,FALSE,2.83953652691102
1003,1003,,SEMCOG,INTERNAL,TRUE,TRUE,FALSE,0,3,Oakland,26125,Michigan,US,108,20,0.357827,48073,Oakland,,,,FALSE,2.43306025094734
1004,1004,,SEMCOG,INTERNAL,TRUE,TRUE,FALSE,0,3,Oakland,26125,Michigan,US,108,20,0.170666,48073,Oakland,,,,FALSE,1.91362945341888
1005,1005,,SEMCOG,INTERNAL,TRUE,TRUE,FALSE,0,3,Oakland,26125,Michigan,US,108,20,0.440787,48073,Oakland,,,,FALSE,2.64535964435714
1006,1006,,SEMCOG,INTERNAL,TRUE,TRUE,FALSE,0,3,Oakland,26125,Michigan,US,108,20,0.395087,48073,Oakland,,,,FALSE,2.79930543650058
1007,1007,,SEMCOG,INTERNAL,TRUE,TRUE,FALSE,0,3,Oakland,26125,Michigan,US,108,20,0.62374,48073,Oakland,,,,FALSE,0.793121991268448
1008,1008,,SEMCOG,INTERNAL,TRUE,TRUE,FALSE,0,3,Oakland,26125,Michigan,US,108,20,0.310435,48073,Oakland,,,,FALSE,1.35723811984613
1009,1009,,SEMCOG,INTERNAL,TRUE,TRUE,FALSE,0,3,Oakland,26125,Michigan,US,108,20,0.105269,48073,Oakland,,,,FALSE,1.38918683814475
1010,1010,,SEMCOG,INTERNAL,TRUE,TRUE,FALSE,0,3,Oakland,26125,Michigan,US,108,20,0.828591,48073,Oakland,,,,FALSE,0.922566927834724
1011,1011,,SEMCOG,INTERNAL,TRUE,TRUE,FALSE,0,3,Oakland,26125,Michigan,US,106,19,0.505471,48071,Oakland,,,,FALSE,0.556987428289836
1012,1012,,SEMCOG,INTERNAL,TRUE,TRUE,FALSE,0,3,Oakland,26125,Michigan,US,106,19,0.529607,48071,Oakland,,,,FALSE,0.179990053888771
1013,1013,,SEMCOG,INTERNAL,TRUE,TRUE,FALSE,0,3,Oakland,26125,Michigan,US,106,19,0.546852,48071,Oakland,,,,FALSE,0.307689827005587
1014,1014,,SEMCOG,INTERNAL,TRUE,TRUE,FALSE,0,3,Oakland,26125,Michigan,US,106,19,0.428629,48071,Oakland,,,,FALSE,0.225259131386995
1015,1015,,SEMCOG,INTERNAL,TRUE,TRUE,FALSE,0,3,Oakland,26125,Michigan,US,106,19,0.255207,48071,Oakland,,,,FALSE,0.666208231909501
1016,1016,,SEMCOG,INTERNAL,TRUE,TRUE,FALSE,0,3,Oakland,26125,Michigan,US,106,19,0.233309,48071,Oakland,,,,FALSE,0.967623084383672
1017,1017,,SEMCOG,INTERNAL,TRUE,TRUE,FALSE,0,3,Oakland,26125,Michigan,US,106,19,0.517653,48071,Oakland,,,,FALSE,0.801400524997131
1018,1018,,SEMCOG,INTERNAL,TRUE,TRUE,FALSE,0,3,Oakland,26125,Michigan,US,106,20,0.576718,48071,Oakland,,,,FALSE,0.729565105655424
1019,1019,,SEMCOG,INTERNAL,TRUE,TRUE,FALSE,0,3,Oakland,26125,Michigan,US,106,20,0.497148,48071,Oakland,,,,FALSE,1.2381115888153
1020,1020,,SEMCOG,INTERNAL,TRUE,TRUE,FALSE,0,3,Oakland,26125,Michigan,US,106,20,0.479042,48071,Oakland,,,,FALSE,0.227784272392519
1021,1021,,SEMCOG,INTERNAL,TRUE,TRUE,FALSE,0,3,Oakland,26125,Michigan,US,106,20,0.487944,48071,Oakland,,,,FALSE,0.238926848814153
1022,1022,,SEMCOG,INTERNAL,TRUE,TRUE,FALSE,0,3,Oakland,26125,Michigan,US,106,20,0.559347,48071,Oakland,,,,FALSE,0.249662785906773
1023,1023,,SEMCOG,INTERNAL,TRUE,TRUE,FALSE,0,3,Oakland,26125,Michigan,US,106,20,0.294273,48071,Oakland,,,,FALSE,0.192099440169595
1024,1024,,SEMCOG,INTERNAL,TRUE,TRUE,FALSE,0,3,Oakland,26125,Michigan,US,106,20,0.145929,48071,Oakland,,,,FALSE,0.29022133293441
1025,1025,,SEMCOG,INTERNAL,TRUE,TRUE,FALSE,0,3,Oakland,26125,Michigan,US,106,20,0.260251,48071,Oakland,,,,FALSE,0.668414417067956
1026,1026,,SEMCOG,INTERNAL,TRUE,TRUE,FALSE,0,3,Oakland,26125,Michigan,US,106,20,0.299771,48071,Oakland,,,,FALSE,1.18370113406813
1027,1027,,SEMCOG,INTERNAL,TRUE,TRUE,FALSE,0,3,Oakland,26125,Michigan,US,106,20,0.457653,48071,Oakland,,,,FALSE,0.936810312441422
1028,1028,,SEMCOG,INTERNAL,TRUE,TRUE,FALSE,0,3,Oakland,26125,Michigan,US,115,19,0.472908,48076,Oakland,,,,FALSE,0.203842656594407
1029,1029,,SEMCOG,INTERNAL,TRUE,TRUE,FALSE,0,3,Oakland,26125,Michigan,US,115,19,0.158662,48075,Oakland,,,,FALSE,0.671608167144732
1030,1030,,SEMCOG,INTERNAL,TRUE,TRUE,FALSE,0,3,Oakland,26125,Michigan,US,115,19,0.408589,48075,Oakland,,,,FALSE,0.646054419607125
1031,1031,,SEMCOG,INTERNAL,TRUE,TRUE,FALSE,0,3,Oakland,26125,Michigan,US,114,19,0.750907,48075,Oakland,,,,FALSE,0.566502289205614
1032,1032,,SEMCOG,INTERNAL,TRUE,TRUE,FALSE,0,3,Oakland,26125,Michigan,US,114,19,0.871647,48075,Oakland,,,,FALSE,0.17748141521892
1033,1033,,SEMCOG,INTERNAL,TRUE,TRUE,FALSE,0,3,Oakland,26125,Michigan,US,114,19,0.421949,48075,Oakland,,,,FALSE,1.21701466431448
1034,1034,,SEMCOG,INTERNAL,TRUE,TRUE,FALSE,0,3,Oakland,26125,Michigan,US,114,19,0.492302,48075,Oakland,,,,FALSE,0.625574361011955
1035,1035,,SEMCOG,INTERNAL,TRUE,TRUE,FALSE,0,3,Oakland,26125,Michigan,US,114,19,0.492929,48075,Oakland,,,,FALSE,1.05868213491287
1036,1036,,SEMCOG,INTERNAL,TRUE,TRUE,FALSE,0,3,Oakland,26125,Michigan,US,114,19,0.218935,48075,Oakland,,,,FALSE,1.51703468023086
1037,1037,,SEMCOG,INTERNAL,TRUE,TRUE,FALSE,0,3,Oakland,26125,Michigan,US,114,19,0.167313,48075,Oakland,,,,FALSE,1.40723475250689
1038,1038,,SEMCOG,INTERNAL,TRUE,TRUE,FALSE,0,3,Oakland,26125,Michigan,US,113,19,0.294281,48075,Oakland,,,,FALSE,1.9689939784771
1039,1039,,SEMCOG,INTERNAL,TRUE,TRUE,FALSE,0,3,Oakland,26125,Michigan,US,113,19,0.120671,48075,Oakland,,,,FALSE,2.1339754650425
1040,1040,,SEMCOG,INTERNAL,TRUE,TRUE,FALSE,0,3,Oakland,26125,Michigan,US,114,19,0.088567,48075,Oakland,,,,FALSE,1.35491675427427
1041,1041,,SEMCOG,INTERNAL,TRUE,TRUE,FALSE,0,3,Oakland,26125,Michigan,US,114,19,0.250953,48075,Oakland,,,,FALSE,1.79594820400282
1042,1042,,SEMCOG,INTERNAL,TRUE,TRUE,FALSE,0,3,Oakland,26125,Michigan,US,113,19,1.005539,48075,Oakland,,,,FALSE,2.22099007840578
1043,1043,,SEMCOG,INTERNAL,TRUE,TRUE,FALSE,0,3,Oakland,26125,Michigan,US,113,19,0.445364,48075,Oakland,,,,FALSE,2.11951358338728
1044,1044,,SEMCOG,INTERNAL,TRUE,TRUE,FALSE,0,3,Oakland,26125,Michigan,US,113,19,0.162919,48075,Oakland,,,,FALSE,2.57472561941201
1045,1045,,SEMCOG,INTERNAL,TRUE,TRUE,FALSE,0,3,Oakland,26125,Michigan,US,113,19,0.406148,48075,Oakland,,,,FALSE,2.62255445222468
1046,1046,,SEMCOG,INTERNAL,TRUE,TRUE,FALSE,0,3,Oakland,26125,Michigan,US,113,19,1.038424,48075,Oakland,,,,FALSE,1.43768392812627
1047,1047,,SEMCOG,INTERNAL,TRUE,TRUE,FALSE,0,3,Oakland,26125,Michigan,US,113,19,0.424283,48075,Oakland,,,,FALSE,1.68658329362104
1048,1048,,SEMCOG,INTERNAL,TRUE,TRUE,FALSE,0,3,Oakland,26125,Michigan,US,117,19,0.348518,48076,Oakland,,,,FALSE,0.232337635693105
1049,1049,,SEMCOG,INTERNAL,TRUE,TRUE,FALSE,0,3,Oakland,26125,Michigan,US,117,19,0.521339,48076,Oakland,,,,FALSE,0.449506116667805
1050,1050,,SEMCOG,INTERNAL,TRUE,TRUE,FALSE,0,3,Oakland,26125,Michigan,US,117,19,0.628279,48076,Oakland,,,,FALSE,0.479600709751988
1051,1051,,SEMCOG,INTERNAL,TRUE,TRUE,FALSE,0,3,Oakland,26125,Michigan,US,117,19,0.682779,48076,Oakland,,,,FALSE,0.731780192247313
1052,1052,,SEMCOG,INTERNAL,TRUE,TRUE,FALSE,0,3,Oakland,26125,Michigan,US,117,19,0.446916,48076,Oakland,,,,FALSE,0.23948908018396
1053,1053,,SEMCOG,INTERNAL,TRUE,TRUE,FALSE,0,3,Oakland,26125,Michigan,US,117,19,0.744502,48076,Oakland,,,,FALSE,0.553180768460285
1054,1054,,SEMCOG,INTERNAL,TRUE,TRUE,FALSE,0,3,Oakland,26125,Michigan,US,117,19,0.44003,48076,Oakland,,,,FALSE,1.60106552773304
1055,1055,,SEMCOG,INTERNAL,TRUE,TRUE,FALSE,0,3,Oakland,26125,Michigan,US,117,19,0.381016,48076,Oakland,,,,FALSE,1.63642531593903
1056,1056,,SEMCOG,INTERNAL,TRUE,TRUE,FALSE,0,3,Oakland,26125,Michigan,US,117,19,0.182165,48076,Oakland,,,,FALSE,1.10710356151122
1057,1057,,SEMCOG,INTERNAL,TRUE,TRUE,FALSE,0,3,Oakland,26125,Michigan,US,118,19,0.987544,48025,Oakland,,,,FALSE,2.51098700604367
1058,1058,,SEMCOG,INTERNAL,TRUE,TRUE,FALSE,0,3,Oakland,26125,Michigan,US,118,19,1.021057,48025,Oakland,,,,FALSE,2.51352590623747
1059,1059,,SEMCOG,INTERNAL,TRUE,TRUE,FALSE,0,3,Oakland,26125,Michigan,US,118,19,0.451244,48025,Oakland,,,,FALSE,2.25359249589999
1060,1060,,SEMCOG,INTERNAL,TRUE,TRUE,FALSE,0,3,Oakland,26125,Michigan,US,118,19,0.997369,48025,Oakland,,,,FALSE,2.51423918783529
1061,1061,,SEMCOG,INTERNAL,TRUE,TRUE,FALSE,0,3,Oakland,26125,Michigan,US,118,19,0.233135,48025,Oakland,,,,FALSE,1.64140786142126
1062,1062,,SEMCOG,INTERNAL,TRUE,TRUE,FALSE,0,3,Oakland,26125,Michigan,US,118,19,0.48132,48025,Oakland,,,,FALSE,1.78162567154767
1063,1063,,SEMCOG,INTERNAL,TRUE,TRUE,FALSE,0,3,Oakland,26125,Michigan,US,117,19,0.543926,48076,Oakland,,,,FALSE,1.27915688345636
1064,1064,,SEMCOG,INTERNAL,TRUE,TRUE,FALSE,0,3,Oakland,26125,Michigan,US,117,19,0.560538,48076,Oakland,,,,FALSE,1.50189683927187
1065,1065,,SEMCOG,INTERNAL,TRUE,TRUE,FALSE,0,3,Oakland,26125,Michigan,US,117,19,0.435744,48076,Oakland,,,,FALSE,1.48871668371557
1066,1066,,SEMCOG,INTERNAL,TRUE,TRUE,FALSE,0,3,Oakland,26125,Michigan,US,113,19,0.955276,48033,Oakland,,,,FALSE,1.37670767150988
1067,1067,,SEMCOG,INTERNAL,TRUE,TRUE,FALSE,0,3,Oakland,26125,Michigan,US,113,19,0.944523,48033,Oakland,,,,FALSE,2.36389673101809
1068,1068,,SEMCOG,INTERNAL,TRUE,TRUE,FALSE,0,3,Oakland,26125,Michigan,US,113,19,0.991906,48033,Oakland,,,,FALSE,2.83054377578638
1069,1069,,SEMCOG,INTERNAL,TRUE,TRUE,FALSE,0,3,Oakland,26125,Michigan,US,113,19,1.009654,48033,Oakland,,,,FALSE,2.51901552192298
1070,1070,,SEMCOG,INTERNAL,TRUE,TRUE,FALSE,0,3,Oakland,26125,Michigan,US,113,19,0.995056,48033,Oakland,,,,FALSE,1.85534874533874
1071,1071,,SEMCOG,INTERNAL,TRUE,TRUE,FALSE,0,3,Oakland,26125,Michigan,US,113,19,0.989834,48033,Oakland,,,,FALSE,1.54501703779172
1072,1072,,SEMCOG,INTERNAL,TRUE,TRUE,FALSE,0,3,Oakland,26125,Michigan,US,116,19,0.625154,48033,Oakland,,,,FALSE,0.888481589397891
1073,1073,,SEMCOG,INTERNAL,TRUE,TRUE,FALSE,0,3,Oakland,26125,Michigan,US,116,19,1.046971,48033,Oakland,,,,FALSE,0.844333133859356
1074,1074,,SEMCOG,INTERNAL,TRUE,TRUE,FALSE,0,3,Oakland,26125,Michigan,US,115,19,0.594205,48033,Oakland,,,,FALSE,0.164828025574269
1075,1075,,SEMCOG,INTERNAL,TRUE,TRUE,FALSE,0,3,Oakland,26125,Michigan,US,115,19,0.571887,48033,Oakland,,,,FALSE,0.657676895870813
1076,1076,,SEMCOG,INTERNAL,TRUE,TRUE,FALSE,0,3,Oakland,26125,Michigan,US,117,19,0.450572,48034,Oakland,,,,FALSE,0.974413752514705
1077,1077,,SEMCOG,INTERNAL,TRUE,TRUE,FALSE,0,3,Oakland,26125,Michigan,US,117,19,0.908686,48034,Oakland,,,,FALSE,0.450329187868904
1078,1078,,SEMCOG,INTERNAL,TRUE,TRUE,FALSE,0,3,Oakland,26125,Michigan,US,117,19,0.32086,48034,Oakland,,,,FALSE,0.378696012252859
1079,1079,,SEMCOG,INTERNAL,TRUE,TRUE,FALSE,0,3,Oakland,26125,Michigan,US,116,19,0.467509,48034,Oakland,,,,FALSE,0.173217900832969
1080,1080,,SEMCOG,INTERNAL,TRUE,TRUE,FALSE,0,3,Oakland,26125,Michigan,US,116,19,0.355832,48034,Oakland,,,,FALSE,0.196378152969928
1081,1081,,SEMCOG,INTERNAL,TRUE,TRUE,FALSE,0,3,Oakland,26125,Michigan,US,116,19,0.148882,48034,Oakland,,,,FALSE,0.819725294138963
1082,1082,,SEMCOG,INTERNAL,TRUE,TRUE,FALSE,0,3,Oakland,26125,Michigan,US,116,19,0.230613,48034,Oakland,,,,FALSE,0.313460413396062
1083,1083,,SEMCOG,INTERNAL,TRUE,TRUE,FALSE,0,3,Oakland,26125,Michigan,US,116,19,0.409154,48034,Oakland,,,,FALSE,0.197058520065136
1084,1084,,SEMCOG,INTERNAL,TRUE,TRUE,FALSE,0,3,Oakland,26125,Michigan,US,116,19,0.102187,48034,Oakland,,,,FALSE,1.01122120674515
1085,1085,,SEMCOG,INTERNAL,TRUE,TRUE,FALSE,0,3,Oakland,26125,Michigan,US,116,19,0.61731,48034,Oakland,,,,FALSE,0.688854899930111
1086,1086,,SEMCOG,INTERNAL,TRUE,TRUE,FALSE,0,3,Oakland,26125,Michigan,US,116,19,0.389183,48034,Oakland,,,,FALSE,0.231254996541645
1087,1087,,SEMCOG,INTERNAL,TRUE,TRUE,FALSE,0,3,Oakland,26125,Michigan,US,121,19,0.999026,48336,Oakland,,,,FALSE,1.85625088526342
1088,1088,,SEMCOG,INTERNAL,TRUE,TRUE,FALSE,0,3,Oakland,26125,Michigan,US,121,19,0.8319,48336,Oakland,,,,FALSE,2.78762958817296
1089,1089,,SEMCOG,INTERNAL,TRUE,TRUE,FALSE,0,3,Oakland,26125,Michigan,US,121,19,0.733468,48336,Oakland,,,,FALSE,3.13382943692761
1090,1090,,SEMCOG,INTERNAL,TRUE,TRUE,FALSE,0,3,Oakland,26125,Michigan,US,121,19,0.890416,48336,Oakland,,,,FALSE,3.13589470006906
1091,1091,,SEMCOG,INTERNAL,TRUE,TRUE,FALSE,0,3,Oakland,26125,Michigan,US,121,19,0.785164,48336,Oakland,,,,FALSE,1.94805211032817
1092,1092,,SEMCOG,INTERNAL,TRUE,TRUE,FALSE,0,3,Oakland,26125,Michigan,US,121,19,0.315655,48336,Oakland,,,,FALSE,2.59643947152243
1093,1093,,SEMCOG,INTERNAL,TRUE,TRUE,FALSE,0,3,Oakland,26125,Michigan,US,122,19,0.175312,48336,Oakland,,,,FALSE,1.85908799226001
1094,1094,,SEMCOG,INTERNAL,TRUE,TRUE,FALSE,0,3,Oakland,26125,Michigan,US,122,19,0.301596,48336,Oakland,,,,FALSE,1.97444176585073
1095,1095,,SEMCOG,INTERNAL,TRUE,TRUE,FALSE,0,3,Oakland,26125,Michigan,US,122,19,0.146543,48336,Oakland,,,,FALSE,2.09945685507806
1096,1096,,SEMCOG,INTERNAL,TRUE,TRUE,FALSE,0,3,Oakland,26125,Michigan,US,122,19,0.248917,48336,Oakland,,,,FALSE,2.37421324450016
1097,1097,,SEMCOG,INTERNAL,TRUE,TRUE,FALSE,0,3,Oakland,26125,Michigan,US,122,19,0.416823,48335,Oakland,,,,FALSE,2.23877262061758
1098,1098,,SEMCOG,INTERNAL,TRUE,TRUE,FALSE,0,3,Oakland,26125,Michigan,US,122,19,0.371335,48336,Oakland,,,,FALSE,2.51263243799863
1099,1099,,SEMCOG,INTERNAL,TRUE,TRUE,FALSE,0,3,Oakland,26125,Michigan,US,122,19,0.283352,48336,Oakland,,,,FALSE,2.88469585137669
1100,1100,,SEMCOG,INTERNAL,TRUE,TRUE,FALSE,0,3,Oakland,26125,Michigan,US,122,19,0.711533,48335,Oakland,,,,FALSE,1.23017751308012
1101,1101,,SEMCOG,INTERNAL,TRUE,TRUE,FALSE,0,3,Oakland,26125,Michigan,US,122,19,0.522551,48335,Oakland,,,,FALSE,1.29640333123346
1102,1102,,SEMCOG,INTERNAL,TRUE,TRUE,FALSE,0,3,Oakland,26125,Michigan,US,122,19,0.249437,48335,Oakland,,,,FALSE,1.91339104864513
1103,1103,,SEMCOG,INTERNAL,TRUE,TRUE,FALSE,0,3,Oakland,26125,Michigan,US,122,19,1.493003,48335,Oakland,,,,FALSE,1.55867637548074
1104,1104,,SEMCOG,INTERNAL,TRUE,TRUE,FALSE,0,3,Oakland,26125,Michigan,US,122,19,0.503627,48335,Oakland,,,,FALSE,2.51974938827876
1105,1105,,SEMCOG,INTERNAL,TRUE,TRUE,FALSE,0,3,Oakland,26125,Michigan,US,120,19,0.999173,48336,Oakland,,,,FALSE,0.853833291805216
1106,1106,,SEMCOG,INTERNAL,TRUE,TRUE,FALSE,0,3,Oakland,26125,Michigan,US,120,19,0.396455,48334,Oakland,,,,FALSE,0.151463261311763
1107,1107,,SEMCOG,INTERNAL,TRUE,TRUE,FALSE,0,3,Oakland,26125,Michigan,US,120,19,0.716724,48334,Oakland,,,,FALSE,0.367107623851951
1108,1108,,SEMCOG,INTERNAL,TRUE,TRUE,FALSE,0,3,Oakland,26125,Michigan,US,120,19,0.993724,48336,Oakland,,,,FALSE,1.13755258147153
1109,1109,,SEMCOG,INTERNAL,TRUE,TRUE,FALSE,0,3,Oakland,26125,Michigan,US,120,19,0.990918,48336,Oakland,,,,FALSE,1.24333231391651
1110,1110,,SEMCOG,INTERNAL,TRUE,TRUE,FALSE,0,3,Oakland,26125,Michigan,US,120,19,0.773786,48334,Oakland,,,,FALSE,0.387653213524424
1111,1111,,SEMCOG,INTERNAL,TRUE,TRUE,FALSE,0,3,Oakland,26125,Michigan,US,120,19,1.850502,48335,Oakland,,,,FALSE,0.860113637401904
1112,1112,,SEMCOG,INTERNAL,TRUE,TRUE,FALSE,0,3,Oakland,26125,Michigan,US,120,19,0.589586,48331,Oakland,,,,FALSE,0.330375844431771
1113,1113,,SEMCOG,INTERNAL,TRUE,TRUE,FALSE,0,3,Oakland,26125,Michigan,US,120,19,0.735637,48335,Oakland,,,,FALSE,0.867874738486369
1114,1114,,SEMCOG,INTERNAL,TRUE,TRUE,FALSE,0,3,Oakland,26125,Michigan,US,120,19,0.236863,48335,Oakland,,,,FALSE,0.543420547380668
1115,1115,,SEMCOG,INTERNAL,TRUE,TRUE,FALSE,0,3,Oakland,26125,Michigan,US,122,19,0.995739,48167,Oakland,,,,FALSE,0.343944737703916
1116,1116,,SEMCOG,INTERNAL,TRUE,TRUE,FALSE,0,3,Oakland,26125,Michigan,US,122,19,0.987022,48335,Oakland,,,,FALSE,0.322789706033174
1117,1117,,SEMCOG,INTERNAL,TRUE,TRUE,FALSE,0,3,Oakland,26125,Michigan,US,120,19,0.736937,48335,Oakland,,,,FALSE,0.0230787795962926
1118,1118,,SEMCOG,INTERNAL,TRUE,TRUE,FALSE,0,3,Oakland,26125,Michigan,US,120,19,0.570898,48331,Oakland,,,,FALSE,0.270760779563328
1119,1119,,SEMCOG,INTERNAL,TRUE,TRUE,FALSE,0,3,Oakland,26125,Michigan,US,120,19,0.457121,48331,Oakland,,,,FALSE,0.326364248884823
1120,1120,,SEMCOG,INTERNAL,TRUE,TRUE,FALSE,0,3,Oakland,26125,Michigan,US,120,19,0.318159,48331,Oakland,,,,FALSE,0.131578448096171
1121,1121,,SEMCOG,INTERNAL,TRUE,TRUE,FALSE,0,3,Oakland,26125,Michigan,US,120,19,0.192853,48331,Oakland,,,,FALSE,0.0106540482940592
1122,1122,,SEMCOG,INTERNAL,TRUE,TRUE,FALSE,0,3,Oakland,26125,Michigan,US,120,19,0.259982,48331,Oakland,,,,FALSE,0.116283722643012
1123,1123,,SEMCOG,INTERNAL,TRUE,TRUE,FALSE,0,3,Oakland,26125,Michigan,US,120,19,0.233669,48334,Oakland,,,,FALSE,0.103398529689458
1124,1124,,SEMCOG,INTERNAL,TRUE,TRUE,FALSE,0,3,Oakland,26125,Michigan,US,120,19,0.278188,48334,Oakland,,,,FALSE,0.103348756821422
1125,1125,,SEMCOG,INTERNAL,TRUE,TRUE,FALSE,0,3,Oakland,26125,Michigan,US,120,19,0.605988,48334,Oakland,,,,FALSE,0.331916117901956
1126,1126,,SEMCOG,INTERNAL,TRUE,TRUE,FALSE,0,3,Oakland,26125,Michigan,US,119,19,0.960319,48331,Oakland,,,,FALSE,1.97312859954923
1127,1127,,SEMCOG,INTERNAL,TRUE,TRUE,FALSE,0,3,Oakland,26125,Michigan,US,119,19,0.997963,48331,Oakland,,,,FALSE,1.80305358505552
1128,1128,,SEMCOG,INTERNAL,TRUE,TRUE,FALSE,0,3,Oakland,26125,Michigan,US,119,19,0.977297,48331,Oakland,,,,FALSE,1.02191530138302
1129,1129,,SEMCOG,INTERNAL,TRUE,TRUE,FALSE,0,3,Oakland,26125,Michigan,US,119,19,1.009537,48331,Oakland,,,,FALSE,0.794467044567756
1130,1130,,SEMCOG,INTERNAL,TRUE,TRUE,FALSE,0,3,Oakland,26125,Michigan,US,119,19,1.012014,48331,Oakland,,,,FALSE,1.76244871624924
1131,1131,,SEMCOG,INTERNAL,TRUE,TRUE,FALSE,0,3,Oakland,26125,Michigan,US,119,19,1.010625,48331,Oakland,,,,FALSE,0.752109372857352
1132,1132,,SEMCOG,INTERNAL,TRUE,TRUE,FALSE,0,3,Oakland,26125,Michigan,US,119,19,0.534306,48334,Oakland,,,,FALSE,0.609464113302006
1133,1133,,SEMCOG,INTERNAL,TRUE,TRUE,FALSE,0,3,Oakland,26125,Michigan,US,119,19,0.467306,48334,Oakland,,,,FALSE,0.764213091841619
1134,1134,,SEMCOG,INTERNAL,TRUE,TRUE,FALSE,0,3,Oakland,26125,Michigan,US,119,19,0.717752,48334,Oakland,,,,FALSE,1.75322236791027
1135,1135,,SEMCOG,INTERNAL,TRUE,TRUE,FALSE,0,3,Oakland,26125,Michigan,US,119,19,0.29086,48334,Oakland,,,,FALSE,1.44928027827508
1136,1136,,SEMCOG,INTERNAL,TRUE,TRUE,FALSE,0,3,Oakland,26125,Michigan,US,119,19,0.536593,48334,Oakland,,,,FALSE,1.54239916178759
1137,1137,,SEMCOG,INTERNAL,TRUE,TRUE,FALSE,0,3,Oakland,26125,Michigan,US,119,19,0.168517,48334,Oakland,,,,FALSE,1.48853994240857
1138,1138,,SEMCOG,INTERNAL,TRUE,TRUE,FALSE,0,3,Oakland,26125,Michigan,US,119,19,0.615616,48334,Oakland,,,,FALSE,0.788126601475967
1139,1139,,SEMCOG,INTERNAL,TRUE,TRUE,FALSE,0,3,Oakland,26125,Michigan,US,119,19,0.385229,48334,Oakland,,,,FALSE,0.570679097183019
1140,1140,,SEMCOG,INTERNAL,TRUE,TRUE,FALSE,0,3,Oakland,26125,Michigan,US,119,19,0.884772,48334,Oakland,,,,FALSE,1.02522470271778
1141,1141,,SEMCOG,INTERNAL,TRUE,TRUE,FALSE,0,3,Oakland,26125,Michigan,US,119,19,0.30463,48334,Oakland,,,,FALSE,1.98774473573207
1142,1142,,SEMCOG,INTERNAL,TRUE,TRUE,FALSE,0,3,Oakland,26125,Michigan,US,119,19,0.960275,48334,Oakland,,,,FALSE,2.02655888181403
1143,1143,,SEMCOG,INTERNAL,TRUE,TRUE,FALSE,0,3,Oakland,26125,Michigan,US,119,19,0.17536,48334,Oakland,,,,FALSE,1.46784999029952
1144,1144,,SEMCOG,INTERNAL,TRUE,TRUE,FALSE,0,3,Oakland,26125,Michigan,US,107,20,0.531607,48017,Oakland,,,,FALSE,1.01965056007436
1145,1145,,SEMCOG,INTERNAL,TRUE,TRUE,FALSE,0,3,Oakland,26125,Michigan,US,107,20,0.493952,48017,Oakland,,,,FALSE,1.52555412516718
1146,1146,,SEMCOG,INTERNAL,TRUE,TRUE,FALSE,0,3,Oakland,26125,Michigan,US,107,20,0.464392,48017,Oakland,,,,FALSE,1.94029985274498
1147,1147,,SEMCOG,INTERNAL,TRUE,TRUE,FALSE,0,3,Oakland,26125,Michigan,US,107,20,0.291038,48017,Oakland,,,,FALSE,1.16856328916109
1148,1148,,SEMCOG,INTERNAL,TRUE,TRUE,FALSE,0,3,Oakland,26125,Michigan,US,107,20,0.212054,48017,Oakland,,,,FALSE,0.68394081958246
1149,1149,,SEMCOG,INTERNAL,TRUE,TRUE,FALSE,0,3,Oakland,26125,Michigan,US,107,20,0.202598,48017,Oakland,,,,FALSE,1.19049214389179
1150,1150,,SEMCOG,INTERNAL,TRUE,TRUE,FALSE,0,3,Oakland,26125,Michigan,US,124,20,0.368122,48083,Oakland,,,,FALSE,0.991931534530608
1151,1151,,SEMCOG,INTERNAL,TRUE,TRUE,FALSE,0,3,Oakland,26125,Michigan,US,124,20,0.451834,48083,Oakland,,,,FALSE,0.410329525194396
1152,1152,,SEMCOG,INTERNAL,TRUE,TRUE,FALSE,0,3,Oakland,26125,Michigan,US,124,20,0.275348,48083,Oakland,,,,FALSE,0.258203645712711
1153,1153,,SEMCOG,INTERNAL,TRUE,TRUE,FALSE,0,3,Oakland,26125,Michigan,US,123,20,0.24382,48083,Oakland,,,,FALSE,0.228204183190958
1154,1154,,SEMCOG,INTERNAL,TRUE,TRUE,FALSE,0,3,Oakland,26125,Michigan,US,123,20,0.22473,48083,Oakland,,,,FALSE,0.202128243673613
1155,1155,,SEMCOG,INTERNAL,TRUE,TRUE,FALSE,0,3,Oakland,26125,Michigan,US,123,20,0.52595,48083,Oakland,,,,FALSE,0.950471439993964
1156,1156,,SEMCOG,INTERNAL,TRUE,TRUE,FALSE,0,3,Oakland,26125,Michigan,US,123,20,0.510902,48083,Oakland,,,,FALSE,0.878666619124202
1157,1157,,SEMCOG,INTERNAL,TRUE,TRUE,FALSE,0,3,Oakland,26125,Michigan,US,124,20,0.221496,48083,Oakland,,,,FALSE,0.102677899550198
1158,1158,,SEMCOG,INTERNAL,TRUE,TRUE,FALSE,0,3,Oakland,26125,Michigan,US,124,20,0.635441,48083,Oakland,,,,FALSE,0.349979882347333
1159,1159,,SEMCOG,INTERNAL,TRUE,TRUE,FALSE,0,3,Oakland,26125,Michigan,US,124,20,0.466137,48083,Oakland,,,,FALSE,0.346062177973871
1160,1160,,SEMCOG,INTERNAL,TRUE,TRUE,FALSE,0,3,Oakland,26125,Michigan,US,123,20,0.6356,48083,Oakland,,,,FALSE,0.166885878371594
1161,1161,,SEMCOG,INTERNAL,TRUE,TRUE,FALSE,0,3,Oakland,26125,Michigan,US,125,20,0.71456,48084,Oakland,,,,FALSE,1.55219544236647
1162,1162,,SEMCOG,INTERNAL,TRUE,TRUE,FALSE,0,3,Oakland,26125,Michigan,US,125,20,0.392165,48084,Oakland,,,,FALSE,0.0553312404371864
1163,1163,,SEMCOG,INTERNAL,TRUE,TRUE,FALSE,0,3,Oakland,26125,Michigan,US,125,20,0.57367,48084,Oakland,,,,FALSE,0.488490713291641
1164,1164,,SEMCOG,INTERNAL,TRUE,TRUE,FALSE,0,3,Oakland,26125,Michigan,US,125,20,0.339986,48084,Oakland,,,,FALSE,1.10892436953091
1165,1165,,SEMCOG,INTERNAL,TRUE,TRUE,FALSE,0,3,Oakland,26125,Michigan,US,125,20,0.148879,48084,Oakland,,,,FALSE,0.915938466507937
1166,1166,,SEMCOG,INTERNAL,TRUE,TRUE,FALSE,0,3,Oakland,26125,Michigan,US,125,20,0.078835,48084,Oakland,,,,FALSE,0.575903242843368
1167,1167,,SEMCOG,INTERNAL,TRUE,TRUE,FALSE,0,3,Oakland,26125,Michigan,US,125,20,0.128216,48084,Oakland,,,,FALSE,0.697983374213841
1168,1168,,SEMCOG,INTERNAL,TRUE,TRUE,FALSE,0,3,Oakland,26125,Michigan,US,125,20,0.197363,48084,Oakland,,,,FALSE,1.11404424084305
1169,1169,,SEMCOG,INTERNAL,TRUE,TRUE,FALSE,0,3,Oakland,26125,Michigan,US,125,20,0.056268,48084,Oakland,,,,FALSE,1.18526517874985
1170,1170,,SEMCOG,INTERNAL,TRUE,TRUE,FALSE,0,3,Oakland,26125,Michigan,US,127,20,0.076763,48084,Oakland,,,,FALSE,1.17293279397349
1171,1171,,SEMCOG,INTERNAL,TRUE,TRUE,FALSE,0,3,Oakland,26125,Michigan,US,127,20,0.057923,48084,Oakland,,,,FALSE,1.44308755342272
1172,1172,,SEMCOG,INTERNAL,TRUE,TRUE,FALSE,0,3,Oakland,26125,Michigan,US,127,20,0.358847,48084,Oakland,,,,FALSE,1.86506152194671
1173,1173,,SEMCOG,INTERNAL,TRUE,TRUE,FALSE,0,3,Oakland,26125,Michigan,US,127,20,0.07547,48084,Oakland,,,,FALSE,1.50713510504672
1174,1174,,SEMCOG,INTERNAL,TRUE,TRUE,FALSE,0,3,Oakland,26125,Michigan,US,127,20,0.266949,48084,Oakland,,,,FALSE,2.17816033022735
1175,1175,,SEMCOG,INTERNAL,TRUE,TRUE,FALSE,0,3,Oakland,26125,Michigan,US,127,20,0.234886,48084,Oakland,,,,FALSE,1.67337458736587
1176,1176,,SEMCOG,INTERNAL,TRUE,TRUE,FALSE,0,3,Oakland,26125,Michigan,US,127,20,0.253316,48084,Oakland,,,,FALSE,2.08911179136171
1177,1177,,SEMCOG,INTERNAL,TRUE,TRUE,FALSE,0,3,Oakland,26125,Michigan,US,127,20,0.233331,48084,Oakland,,,,FALSE,1.63598305028652
1178,1178,,SEMCOG,INTERNAL,TRUE,TRUE,FALSE,0,3,Oakland,26125,Michigan,US,127,20,0.723449,48084,Oakland,,,,FALSE,0.985523710507823
1179,1179,,SEMCOG,INTERNAL,TRUE,TRUE,FALSE,0,3,Oakland,26125,Michigan,US,127,20,0.240105,48084,Oakland,,,,FALSE,0.5834837128657
1180,1180,,SEMCOG,INTERNAL,TRUE,TRUE,FALSE,0,3,Oakland,26125,Michigan,US,126,20,0.986261,48083,Oakland,,,,FALSE,0.971451172559833
1181,1181,,SEMCOG,INTERNAL,TRUE,TRUE,FALSE,0,3,Oakland,26125,Michigan,US,126,20,0.995054,48083,Oakland,,,,FALSE,1.3977695441082
1182,1182,,SEMCOG,INTERNAL,TRUE,TRUE,FALSE,0,3,Oakland,26125,Michigan,US,126,20,1.020219,48083,Oakland,,,,FALSE,0.807685467924828
1183,1183,,SEMCOG,INTERNAL,TRUE,TRUE,FALSE,0,3,Oakland,26125,Michigan,US,126,20,0.987704,48085,Oakland,,,,FALSE,1.73456362840209
1184,1184,,SEMCOG,INTERNAL,TRUE,TRUE,FALSE,0,3,Oakland,26125,Michigan,US,126,20,1.003066,48085,Oakland,,,,FALSE,2.15941955391176
1185,1185,,SEMCOG,INTERNAL,TRUE,TRUE,FALSE,0,3,Oakland,26125,Michigan,US,126,20,1.042613,48083,Oakland,,,,FALSE,0.738700436309428
1186,1186,,SEMCOG,INTERNAL,TRUE,TRUE,FALSE,0,3,Oakland,26125,Michigan,US,126,20,1.004294,48085,Oakland,,,,FALSE,1.02932371294744
1187,1187,,SEMCOG,INTERNAL,TRUE,TRUE,FALSE,0,3,Oakland,26125,Michigan,US,126,20,0.570989,48084,Oakland,,,,FALSE,0.278848377853878
1188,1188,,SEMCOG,INTERNAL,TRUE,TRUE,FALSE,0,3,Oakland,26125,Michigan,US,126,20,0.513723,48098,Oakland,,,,FALSE,0.258169444969428
1189,1189,,SEMCOG,INTERNAL,TRUE,TRUE,FALSE,0,3,Oakland,26125,Michigan,US,127,20,0.454382,48084,Oakland,,,,FALSE,0.203949194980744
1190,1190,,SEMCOG,INTERNAL,TRUE,TRUE,FALSE,0,3,Oakland,26125,Michigan,US,127,20,0.511864,48098,Oakland,,,,FALSE,1.20172251492129
1191,1191,,SEMCOG,INTERNAL,TRUE,TRUE,FALSE,0,3,Oakland,26125,Michigan,US,127,20,0.936938,48098,Oakland,,,,FALSE,0.465869544856931
1192,1192,,SEMCOG,INTERNAL,TRUE,TRUE,FALSE,0,3,Oakland,26125,Michigan,US,127,20,0.492845,48098,Oakland,,,,FALSE,1.49512663770461
1193,1193,,SEMCOG,INTERNAL,TRUE,TRUE,FALSE,0,3,Oakland,26125,Michigan,US,127,20,0.498304,48098,Oakland,,,,FALSE,1.47035064597875
1194,1194,,SEMCOG,INTERNAL,TRUE,TRUE,FALSE,0,3,Oakland,26125,Michigan,US,129,20,0.532168,48098,Oakland,,,,FALSE,0.492011858553272
1195,1195,,SEMCOG,INTERNAL,TRUE,TRUE,FALSE,0,3,Oakland,26125,Michigan,US,129,20,0.501042,48098,Oakland,,,,FALSE,0.483222680622915
1196,1196,,SEMCOG,INTERNAL,TRUE,TRUE,FALSE,0,3,Oakland,26125,Michigan,US,129,20,0.581674,48098,Oakland,,,,FALSE,0.46980868976
1197,1197,,SEMCOG,INTERNAL,TRUE,TRUE,FALSE,0,3,Oakland,26125,Michigan,US,129,20,0.303484,48098,Oakland,,,,FALSE,0.262289799893233
1198,1198,,SEMCOG,INTERNAL,TRUE,TRUE,FALSE,0,3,Oakland,26125,Michigan,US,129,20,0.321405,48098,Oakland,,,,FALSE,0.137762762755017
1199,1199,,SEMCOG,INTERNAL,TRUE,TRUE,FALSE,0,3,Oakland,26125,Michigan,US,129,20,0.108145,48098,Oakland,,,,FALSE,0.330588152443952
1200,1200,,SEMCOG,INTERNAL,TRUE,TRUE,FALSE,0,3,Oakland,26125,Michigan,US,129,20,1.148739,48098,Oakland,,,,FALSE,0.569588282229309
1201,1201,,SEMCOG,INTERNAL,TRUE,TRUE,FALSE,0,3,Oakland,26125,Michigan,US,129,20,1.10601,48098,Oakland,,,,FALSE,0.569887064377816
1202,1202,,SEMCOG,INTERNAL,TRUE,TRUE,FALSE,0,3,Oakland,26125,Michigan,US,129,20,0.697944,48098,Oakland,,,,FALSE,0.195271383670395
1203,1203,,SEMCOG,INTERNAL,TRUE,TRUE,FALSE,0,3,Oakland,26125,Michigan,US,129,20,1.10055,48098,Oakland,,,,FALSE,0.794305803561918
1204,1204,,SEMCOG,INTERNAL,TRUE,TRUE,FALSE,0,3,Oakland,26125,Michigan,US,128,20,1.126491,48085,Oakland,,,,FALSE,1.46245955329297
1205,1205,,SEMCOG,INTERNAL,TRUE,TRUE,FALSE,0,3,Oakland,26125,Michigan,US,128,20,1.046572,48085,Oakland,,,,FALSE,1.06139771622069
1206,1206,,SEMCOG,INTERNAL,TRUE,TRUE,FALSE,0,3,Oakland,26125,Michigan,US,128,20,1.029989,48085,Oakland,,,,FALSE,2.06937498066928
1207,1207,,SEMCOG,INTERNAL,TRUE,TRUE,FALSE,0,3,Oakland,26125,Michigan,US,128,20,1.121416,48085,Oakland,,,,FALSE,2.30883179712427
1208,1208,,SEMCOG,INTERNAL,TRUE,TRUE,FALSE,0,3,Oakland,26125,Michigan,US,128,20,1.12471,48085,Oakland,,,,FALSE,3.23510650517031
1209,1209,,SEMCOG,INTERNAL,TRUE,TRUE,FALSE,0,3,Oakland,26125,Michigan,US,128,20,1.005828,48085,Oakland,,,,FALSE,3.04755732709406
1210,1210,,SEMCOG,INTERNAL,TRUE,TRUE,FALSE,0,3,Oakland,26125,Michigan,US,130,18,0.139273,48009,Oakland,,,,FALSE,2.73410477365443
1211,1211,,SEMCOG,INTERNAL,TRUE,TRUE,FALSE,0,3,Oakland,26125,Michigan,US,130,18,0.272872,48009,Oakland,,,,FALSE,2.41141230002899
1212,1212,,SEMCOG,INTERNAL,TRUE,TRUE,FALSE,0,3,Oakland,26125,Michigan,US,130,18,0.524461,48009,Oakland,,,,FALSE,2.40887746914411
1213,1213,,SEMCOG,INTERNAL,TRUE,TRUE,FALSE,0,3,Oakland,26125,Michigan,US,130,18,0.474966,48009,Oakland,,,,FALSE,2.65397320125585
1214,1214,,SEMCOG,INTERNAL,TRUE,TRUE,FALSE,0,3,Oakland,26125,Michigan,US,130,18,0.510775,48009,Oakland,,,,FALSE,1.98293080013295
1215,1215,,SEMCOG,INTERNAL,TRUE,TRUE,FALSE,0,3,Oakland,26125,Michigan,US,130,18,0.322769,48009,Oakland,,,,FALSE,3.14292967175586
1216,1216,,SEMCOG,INTERNAL,TRUE,TRUE,FALSE,0,3,Oakland,26125,Michigan,US,130,18,0.250453,48009,Oakland,,,,FALSE,3.24281533134055
1217,1217,,SEMCOG,INTERNAL,TRUE,TRUE,FALSE,0,3,Oakland,26125,Michigan,US,130,18,0.28803,48009,Oakland,,,,FALSE,3.06242023567494
1218,1218,,SEMCOG,INTERNAL,TRUE,TRUE,FALSE,0,3,Oakland,26125,Michigan,US,130,18,0.464875,48009,Oakland,,,,FALSE,3.51366918093359
1219,1219,,SEMCOG,INTERNAL,TRUE,TRUE,FALSE,0,3,Oakland,26125,Michigan,US,130,18,0.535897,48009,Oakland,,,,FALSE,3.52270734212837
1220,1220,,SEMCOG,INTERNAL,TRUE,TRUE,FALSE,0,3,Oakland,26125,Michigan,US,130,18,1.260666,48009,Oakland,,,,FALSE,3.50065509585622
1221,1221,,SEMCOG,INTERNAL,TRUE,TRUE,FALSE,0,3,Oakland,26125,Michigan,US,132,18,1.021021,48304,Oakland,,,,FALSE,3.25296236543302
1222,1222,,SEMCOG,INTERNAL,TRUE,TRUE,FALSE,0,3,Oakland,26125,Michigan,US,132,18,0.347023,48304,Oakland,,,,FALSE,2.56476292993651
1223,1223,,SEMCOG,INTERNAL,TRUE,TRUE,FALSE,0,3,Oakland,26125,Michigan,US,132,18,1.134953,48304,Oakland,,,,FALSE,2.59952666129003
1224,1224,,SEMCOG,INTERNAL,TRUE,TRUE,FALSE,0,3,Oakland,26125,Michigan,US,132,18,0.268029,48304,Oakland,,,,FALSE,1.57538012924627
1225,1225,,SEMCOG,INTERNAL,TRUE,TRUE,FALSE,0,3,Oakland,26125,Michigan,US,132,18,0.363989,48304,Oakland,,,,FALSE,2.368422678448
1226,1226,,SEMCOG,INTERNAL,TRUE,TRUE,FALSE,0,3,Oakland,26125,Michigan,US,132,18,0.325037,48304,Oakland,,,,FALSE,2.00776801513166
1227,1227,,SEMCOG,INTERNAL,TRUE,TRUE,FALSE,0,3,Oakland,26125,Michigan,US,132,18,0.298421,48304,Oakland,,,,FALSE,1.47290095475394
1228,1228,,SEMCOG,INTERNAL,TRUE,TRUE,FALSE,0,3,Oakland,26125,Michigan,US,132,18,0.348297,48304,Oakland,,,,FALSE,1.15257610865224
1229,1229,,SEMCOG,INTERNAL,TRUE,TRUE,FALSE,0,3,Oakland,26125,Michigan,US,132,18,0.179234,48304,Oakland,,,,FALSE,1.39191784243321
1230,1230,,SEMCOG,INTERNAL,TRUE,TRUE,FALSE,0,3,Oakland,26125,Michigan,US,132,18,0.744309,48304,Oakland,,,,FALSE,1.86344256449165
1231,1231,,SEMCOG,INTERNAL,TRUE,TRUE,FALSE,0,3,Oakland,26125,Michigan,US,132,18,1.043204,48304,Oakland,,,,FALSE,2.72345489950811
1232,1232,,SEMCOG,INTERNAL,TRUE,TRUE,FALSE,0,3,Oakland,26125,Michigan,US,132,18,1.121347,48304,Oakland,,,,FALSE,1.62297603558523
1233,1233,,SEMCOG,INTERNAL,TRUE,TRUE,FALSE,0,3,Oakland,26125,Michigan,US,132,18,1.287798,48304,Oakland,,,,FALSE,0.488043517181647
1234,1234,,SEMCOG,INTERNAL,TRUE,TRUE,FALSE,0,3,Oakland,26125,Michigan,US,132,18,0.934811,48304,Oakland,,,,FALSE,0.453071668934579
1235,1235,,SEMCOG,INTERNAL,TRUE,TRUE,FALSE,0,3,Oakland,26125,Michigan,US,132,18,0.607118,48304,Oakland,,,,FALSE,0.247940074584507
1236,1236,,SEMCOG,INTERNAL,TRUE,TRUE,FALSE,0,3,Oakland,26125,Michigan,US,132,18,0.271761,48304,Oakland,,,,FALSE,0.205947457898143
1237,1237,,SEMCOG,INTERNAL,TRUE,TRUE,FALSE,0,3,Oakland,26125,Michigan,US,132,18,0.614465,48304,Oakland,,,,FALSE,0.394244624447656
1238,1238,,SEMCOG,INTERNAL,TRUE,TRUE,FALSE,0,3,Oakland,26125,Michigan,US,132,18,0.864495,48301,Oakland,,,,FALSE,3.47725019754863
1239,1239,,SEMCOG,INTERNAL,TRUE,TRUE,FALSE,0,3,Oakland,26125,Michigan,US,132,18,1.187335,48301,Oakland,,,,FALSE,4.04497811047159
1240,1240,,SEMCOG,INTERNAL,TRUE,TRUE,FALSE,0,3,Oakland,26125,Michigan,US,131,18,1.061212,48301,Oakland,,,,FALSE,3.10909261228819
1241,1241,,SEMCOG,INTERNAL,TRUE,TRUE,FALSE,0,3,Oakland,26125,Michigan,US,131,18,0.800762,48301,Oakland,,,,FALSE,3.98141098909992
1242,1242,,SEMCOG,INTERNAL,TRUE,TRUE,FALSE,0,3,Oakland,26125,Michigan,US,131,18,0.804177,48302,Oakland,,,,FALSE,3.09544568767253
1243,1243,,SEMCOG,INTERNAL,TRUE,TRUE,FALSE,0,3,Oakland,26125,Michigan,US,131,18,0.766579,48302,Oakland,,,,FALSE,3.90483075993172
1244,1244,,SEMCOG,INTERNAL,TRUE,TRUE,FALSE,0,3,Oakland,26125,Michigan,US,118,19,0.495768,48025,Oakland,,,,FALSE,1.27724389869114
1245,1245,,SEMCOG,INTERNAL,TRUE,TRUE,FALSE,0,3,Oakland,26125,Michigan,US,118,19,0.680936,48025,Oakland,,,,FALSE,2.04964061857543
1246,1246,,SEMCOG,INTERNAL,TRUE,TRUE,FALSE,0,3,Oakland,26125,Michigan,US,118,19,0.762137,48025,Oakland,,,,FALSE,2.039526333566
1247,1247,,SEMCOG,INTERNAL,TRUE,TRUE,FALSE,0,3,Oakland,26125,Michigan,US,118,19,1.043793,48025,Oakland,,,,FALSE,1.94380623784915
1248,1248,,SEMCOG,INTERNAL,TRUE,TRUE,FALSE,0,3,Oakland,26125,Michigan,US,118,19,0.276218,48025,Oakland,,,,FALSE,1.389475331002
1249,1249,,SEMCOG,INTERNAL,TRUE,TRUE,FALSE,0,3,Oakland,26125,Michigan,US,118,19,0.617289,48025,Oakland,,,,FALSE,1.1772131547149
1250,1250,,SEMCOG,INTERNAL,TRUE,TRUE,FALSE,0,3,Oakland,26125,Michigan,US,131,18,0.924833,48301,Oakland,,,,FALSE,3.01904676364212
1251,1251,,SEMCOG,INTERNAL,TRUE,TRUE,FALSE,0,3,Oakland,26125,Michigan,US,131,18,0.951636,48301,Oakland,,,,FALSE,2.93911968430583
1252,1252,,SEMCOG,INTERNAL,TRUE,TRUE,FALSE,0,3,Oakland,26125,Michigan,US,131,18,0.869999,48301,Oakland,,,,FALSE,3.94116806239154
1253,1253,,SEMCOG,INTERNAL,TRUE,TRUE,FALSE,0,3,Oakland,26125,Michigan,US,131,18,1.077916,48302,Oakland,,,,FALSE,4.64066566875788
1254,1254,,SEMCOG,INTERNAL,TRUE,TRUE,FALSE,0,3,Oakland,26125,Michigan,US,131,18,0.547664,48302,Oakland,,,,FALSE,4.74258679821652
1255,1255,,SEMCOG,INTERNAL,TRUE,TRUE,FALSE,0,3,Oakland,26125,Michigan,US,131,18,0.949547,48301,Oakland,,,,FALSE,3.98305338087984
1256,1256,,SEMCOG,INTERNAL,TRUE,TRUE,FALSE,0,3,Oakland,26125,Michigan,US,131,18,1.101645,48302,Oakland,,,,FALSE,3.76817587428208
1257,1257,,SEMCOG,INTERNAL,TRUE,TRUE,FALSE,0,3,Oakland,26125,Michigan,US,131,18,0.556016,48302,Oakland,,,,FALSE,4.37465787938699
1258,1258,,SEMCOG,INTERNAL,TRUE,TRUE,FALSE,0,3,Oakland,26125,Michigan,US,133,18,1.004162,48322,Oakland,,,,FALSE,2.6400080674475
1259,1259,,SEMCOG,INTERNAL,TRUE,TRUE,FALSE,0,3,Oakland,26125,Michigan,US,133,18,1.0054,48322,Oakland,,,,FALSE,2.92778737809901
1260,1260,,SEMCOG,INTERNAL,TRUE,TRUE,FALSE,0,3,Oakland,26125,Michigan,US,133,18,0.997425,48322,Oakland,,,,FALSE,3.62723140450481
1261,1261,,SEMCOG,INTERNAL,TRUE,TRUE,FALSE,0,3,Oakland,26125,Michigan,US,133,18,0.715665,48322,Oakland,,,,FALSE,3.74279212661964
1262,1262,,SEMCOG,INTERNAL,TRUE,TRUE,FALSE,0,3,Oakland,26125,Michigan,US,133,18,0.892779,48322,Oakland,,,,FALSE,3.58867712748008
1263,1263,,SEMCOG,INTERNAL,TRUE,TRUE,FALSE,0,3,Oakland,26125,Michigan,US,133,18,1.121265,48322,Oakland,,,,FALSE,3.79892849750412
1264,1264,,SEMCOG,INTERNAL,TRUE,TRUE,FALSE,0,3,Oakland,26125,Michigan,US,133,18,0.732372,48323,Oakland,,,,FALSE,4.50599671314901
1265,1265,,SEMCOG,INTERNAL,TRUE,TRUE,FALSE,0,3,Oakland,26125,Michigan,US,133,18,1.015555,48323,Oakland,,,,FALSE,4.59094542379447
1266,1266,,SEMCOG,INTERNAL,TRUE,TRUE,FALSE,0,3,Oakland,26125,Michigan,US,133,18,0.463807,48323,Oakland,,,,FALSE,4.97275135373613
1267,1267,,SEMCOG,INTERNAL,TRUE,TRUE,FALSE,0,3,Oakland,26125,Michigan,US,135,18,1.010909,48323,Oakland,,,,FALSE,5.60405992871201
1268,1268,,SEMCOG,INTERNAL,TRUE,TRUE,FALSE,0,3,Oakland,26125,Michigan,US,135,18,0.599518,48302,Oakland,,,,FALSE,5.22576199815916
1269,1269,,SEMCOG,INTERNAL,TRUE,TRUE,FALSE,0,3,Oakland,26125,Michigan,US,133,18,1.122208,48323,Oakland,,,,FALSE,4.86870843194963
1270,1270,,SEMCOG,INTERNAL,TRUE,TRUE,FALSE,0,3,Oakland,26125,Michigan,US,133,18,1.299002,48323,Oakland,,,,FALSE,4.57921331350161
1271,1271,,SEMCOG,INTERNAL,TRUE,TRUE,FALSE,0,3,Oakland,26125,Michigan,US,133,18,1.006169,48322,Oakland,,,,FALSE,2.76972337982318
1272,1272,,SEMCOG,INTERNAL,TRUE,TRUE,FALSE,0,3,Oakland,26125,Michigan,US,133,18,1.004344,48322,Oakland,,,,FALSE,2.63707163914806
1273,1273,,SEMCOG,INTERNAL,TRUE,TRUE,FALSE,0,3,Oakland,26125,Michigan,US,134,18,1.005448,48322,Oakland,,,,FALSE,2.8073610383128
1274,1274,,SEMCOG,INTERNAL,TRUE,TRUE,FALSE,0,3,Oakland,26125,Michigan,US,134,18,0.960387,48322,Oakland,,,,FALSE,2.943687100764
1275,1275,,SEMCOG,INTERNAL,TRUE,TRUE,FALSE,0,3,Oakland,26125,Michigan,US,134,18,0.918909,48323,Oakland,,,,FALSE,4.76881444236377
1276,1276,,SEMCOG,INTERNAL,TRUE,TRUE,FALSE,0,3,Oakland,26125,Michigan,US,134,18,0.960432,48322,Oakland,,,,FALSE,3.92713135742424
1277,1277,,SEMCOG,INTERNAL,TRUE,TRUE,FALSE,0,3,Oakland,26125,Michigan,US,134,18,1.148575,48322,Oakland,,,,FALSE,3.8866598256153
1278,1278,,SEMCOG,INTERNAL,TRUE,TRUE,FALSE,0,3,Oakland,26125,Michigan,US,134,18,1.769341,48323,Oakland,,,,FALSE,5.93325306468535
1279,1279,,SEMCOG,INTERNAL,TRUE,TRUE,FALSE,0,3,Oakland,26125,Michigan,US,134,18,1.468051,48324,Oakland,,,,FALSE,5.94426960315511
1280,1280,,SEMCOG,INTERNAL,TRUE,TRUE,FALSE,0,3,Oakland,26125,Michigan,US,135,18,1.6097,48324,Oakland,,,,FALSE,7.92212854789687
1281,1281,,SEMCOG,INTERNAL,TRUE,TRUE,FALSE,0,3,Oakland,26125,Michigan,US,135,18,1.248572,48324,Oakland,,,,FALSE,6.98822927461776
1282,1282,,SEMCOG,INTERNAL,TRUE,TRUE,FALSE,0,3,Oakland,26125,Michigan,US,135,18,1.021478,48324,Oakland,,,,FALSE,7.73510014531349
1283,1283,,SEMCOG,INTERNAL,TRUE,TRUE,FALSE,0,3,Oakland,26125,Michigan,US,135,18,0.650236,48324,Oakland,,,,FALSE,7.22339202338508
1284,1284,,SEMCOG,INTERNAL,TRUE,TRUE,FALSE,0,3,Oakland,26125,Michigan,US,135,18,2.443884,48324,Oakland,,,,FALSE,6.95133418084547
1285,1285,,SEMCOG,INTERNAL,TRUE,TRUE,FALSE,0,3,Oakland,26125,Michigan,US,135,18,4.02914,48324,Oakland,,,,FALSE,6.10832801839995
1286,1286,,SEMCOG,INTERNAL,TRUE,TRUE,FALSE,0,3,Oakland,26125,Michigan,US,135,18,0.547438,48320,Oakland,,,,FALSE,5.42009918228943
1287,1287,,SEMCOG,INTERNAL,TRUE,TRUE,FALSE,0,3,Oakland,26125,Michigan,US,135,18,0.821528,48320,Oakland,,,,FALSE,4.83146274500326
1288,1288,,SEMCOG,INTERNAL,TRUE,TRUE,FALSE,0,3,Oakland,26125,Michigan,US,135,18,2.094336,48323,Oakland,,,,FALSE,5.17651616751521
1289,1289,,SEMCOG,INTERNAL,TRUE,TRUE,FALSE,0,3,Oakland,26125,Michigan,US,131,18,3.224083,48302,Oakland,,,,FALSE,3.55344622801835
1290,1290,,SEMCOG,INTERNAL,TRUE,TRUE,FALSE,0,3,Oakland,26125,Michigan,US,131,18,1.086064,48302,Oakland,,,,FALSE,3.8115516148342
1291,1291,,SEMCOG,INTERNAL,TRUE,TRUE,FALSE,0,3,Oakland,26125,Michigan,US,131,18,0.357927,48302,Oakland,,,,FALSE,3.13685722707474
1292,1292,,SEMCOG,INTERNAL,TRUE,TRUE,FALSE,0,3,Oakland,26125,Michigan,US,131,18,0.551811,48302,Oakland,,,,FALSE,2.02702154294799
1293,1293,,SEMCOG,INTERNAL,TRUE,TRUE,FALSE,0,3,Oakland,26125,Michigan,US,131,18,0.381379,48302,Oakland,,,,FALSE,1.30891345529005
1294,1294,,SEMCOG,INTERNAL,TRUE,TRUE,FALSE,0,3,Oakland,26125,Michigan,US,131,18,0.479227,48304,Oakland,,,,FALSE,1.23325182752006
1295,1295,,SEMCOG,INTERNAL,TRUE,TRUE,FALSE,0,3,Oakland,26125,Michigan,US,131,18,1.272288,48302,Oakland,,,,FALSE,2.23642274374025
1296,1296,,SEMCOG,INTERNAL,TRUE,TRUE,FALSE,0,3,Oakland,26125,Michigan,US,141,18,0.119323,48342,Oakland,,,,FALSE,2.53375937440989
1297,1297,,SEMCOG,INTERNAL,TRUE,TRUE,FALSE,0,3,Oakland,26125,Michigan,US,141,18,0.104779,48342,Oakland,,,,FALSE,2.43626370266127
1298,1298,,SEMCOG,INTERNAL,TRUE,TRUE,FALSE,0,3,Oakland,26125,Michigan,US,140,18,0.223982,48341,Oakland,,,,FALSE,3.00726148025415
1299,1299,,SEMCOG,INTERNAL,TRUE,TRUE,FALSE,0,3,Oakland,26125,Michigan,US,140,18,0.235236,48341,Oakland,,,,FALSE,3.23872059209381
1300,1300,,SEMCOG,INTERNAL,TRUE,TRUE,FALSE,0,3,Oakland,26125,Michigan,US,140,18,0.200737,48341,Oakland,,,,FALSE,2.98082215815484
1301,1301,,SEMCOG,INTERNAL,TRUE,TRUE,FALSE,0,3,Oakland,26125,Michigan,US,140,18,0.142044,48341,Oakland,,,,FALSE,2.53536244666125
1302,1302,,SEMCOG,INTERNAL,TRUE,TRUE,FALSE,0,3,Oakland,26125,Michigan,US,140,18,0.758085,48341,Oakland,,,,FALSE,3.76841159574782
1303,1303,,SEMCOG,INTERNAL,TRUE,TRUE,FALSE,0,3,Oakland,26125,Michigan,US,140,18,0.430319,48341,Oakland,,,,FALSE,3.75389068863489
1304,1304,,SEMCOG,INTERNAL,TRUE,TRUE,FALSE,0,3,Oakland,26125,Michigan,US,140,18,0.411057,48341,Oakland,,,,FALSE,4.15974296897499
1305,1305,,SEMCOG,INTERNAL,TRUE,TRUE,FALSE,0,3,Oakland,26125,Michigan,US,140,18,0.307942,48341,Oakland,,,,FALSE,3.71548924069206
1306,1306,,SEMCOG,INTERNAL,TRUE,TRUE,FALSE,0,3,Oakland,26125,Michigan,US,140,18,0.248839,48341,Oakland,,,,FALSE,3.31734780558247
1307,1307,,SEMCOG,INTERNAL,TRUE,TRUE,FALSE,0,3,Oakland,26125,Michigan,US,140,18,0.201166,48341,Oakland,,,,FALSE,3.04998461373428
1308,1308,,SEMCOG,INTERNAL,TRUE,TRUE,FALSE,0,3,Oakland,26125,Michigan,US,140,18,0.746151,48341,Oakland,,,,FALSE,3.47730014241539
1309,1309,,SEMCOG,INTERNAL,TRUE,TRUE,FALSE,0,3,Oakland,26125,Michigan,US,141,18,0.504319,48342,Oakland,,,,FALSE,1.89276253605866
1310,1310,,SEMCOG,INTERNAL,TRUE,TRUE,FALSE,0,3,Oakland,26125,Michigan,US,141,18,0.48539,48342,Oakland,,,,FALSE,2.35506759165378
1311,1311,,SEMCOG,INTERNAL,TRUE,TRUE,FALSE,0,3,Oakland,26125,Michigan,US,141,18,0.240199,48342,Oakland,,,,FALSE,2.80757034187274
1312,1312,,SEMCOG,INTERNAL,TRUE,TRUE,FALSE,0,3,Oakland,26125,Michigan,US,141,18,0.416998,48342,Oakland,,,,FALSE,3.0813272161085
1313,1313,,SEMCOG,INTERNAL,TRUE,TRUE,FALSE,0,3,Oakland,26125,Michigan,US,141,18,0.701471,48342,Oakland,,,,FALSE,1.70206958937232
1314,1314,,SEMCOG,INTERNAL,TRUE,TRUE,FALSE,0,3,Oakland,26125,Michigan,US,141,18,0.427785,48342,Oakland,,,,FALSE,1.8497591760729
1315,1315,,SEMCOG,INTERNAL,TRUE,TRUE,FALSE,0,3,Oakland,26125,Michigan,US,141,18,0.476169,48341,Oakland,,,,FALSE,1.99177720027346
1316,1316,,SEMCOG,INTERNAL,TRUE,TRUE,FALSE,0,3,Oakland,26125,Michigan,US,141,18,0.507104,48341,Oakland,,,,FALSE,1.43115038805154
1317,1317,,SEMCOG,INTERNAL,TRUE,TRUE,FALSE,0,3,Oakland,26125,Michigan,US,141,18,0.44962,48341,Oakland,,,,FALSE,0.733715727287848
1318,1318,,SEMCOG,INTERNAL,TRUE,TRUE,FALSE,0,3,Oakland,26125,Michigan,US,140,18,0.958206,48341,Oakland,,,,FALSE,2.59432343564896
1319,1319,,SEMCOG,INTERNAL,TRUE,TRUE,FALSE,0,3,Oakland,26125,Michigan,US,140,18,0.063086,48341,Oakland,,,,FALSE,2.04048596807794
1320,1320,,SEMCOG,INTERNAL,TRUE,TRUE,FALSE,0,3,Oakland,26125,Michigan,US,141,18,0.447672,48342,Oakland,,,,FALSE,0.767611625436735
1321,1321,,SEMCOG,INTERNAL,TRUE,TRUE,FALSE,0,3,Oakland,26125,Michigan,US,141,18,0.51505,48342,Oakland,,,,FALSE,0.823386789515537
1322,1322,,SEMCOG,INTERNAL,TRUE,TRUE,FALSE,0,3,Oakland,26125,Michigan,US,141,18,1.038488,48342,Oakland,,,,FALSE,1.0390116633332
1323,1323,,SEMCOG,INTERNAL,TRUE,TRUE,FALSE,0,3,Oakland,26125,Michigan,US,142,18,0.494109,48340,Oakland,,,,FALSE,1.69068571290664
1324,1324,,SEMCOG,INTERNAL,TRUE,TRUE,FALSE,0,3,Oakland,26125,Michigan,US,142,18,0.705023,48340,Oakland,,,,FALSE,2.24316794448791
1325,1325,,SEMCOG,INTERNAL,TRUE,TRUE,FALSE,0,3,Oakland,26125,Michigan,US,142,18,0.254027,48340,Oakland,,,,FALSE,2.45175765418516
1326,1326,,SEMCOG,INTERNAL,TRUE,TRUE,FALSE,0,3,Oakland,26125,Michigan,US,142,18,0.525088,48340,Oakland,,,,FALSE,0.970305509601326
1327,1327,,SEMCOG,INTERNAL,TRUE,TRUE,FALSE,0,3,Oakland,26125,Michigan,US,142,18,0.26072,48340,Oakland,,,,FALSE,0.603923088748172
1328,1328,,SEMCOG,INTERNAL,TRUE,TRUE,FALSE,0,3,Oakland,26125,Michigan,US,142,18,0.43515,48340,Oakland,,,,FALSE,1.63864305920831
1329,1329,,SEMCOG,INTERNAL,TRUE,TRUE,FALSE,0,3,Oakland,26125,Michigan,US,142,18,0.22916,48340,Oakland,,,,FALSE,0.793405303536233
1330,1330,,SEMCOG,INTERNAL,TRUE,TRUE,FALSE,0,3,Oakland,26125,Michigan,US,142,18,0.694463,48340,Oakland,,,,FALSE,1.3921143898705
1331,1331,,SEMCOG,INTERNAL,TRUE,TRUE,FALSE,0,3,Oakland,26125,Michigan,US,142,18,0.983894,48340,Oakland,,,,FALSE,0.973502493247764
1332,1332,,SEMCOG,INTERNAL,TRUE,TRUE,FALSE,0,3,Oakland,26125,Michigan,US,142,18,0.502137,48342,Oakland,,,,FALSE,0.897850378744402
1333,1333,,SEMCOG,INTERNAL,TRUE,TRUE,FALSE,0,3,Oakland,26125,Michigan,US,142,18,0.962395,48340,Oakland,,,,FALSE,0.968271917067907
1334,1334,,SEMCOG,INTERNAL,TRUE,TRUE,FALSE,0,3,Oakland,26125,Michigan,US,140,18,0.917689,48340,Oakland,,,,FALSE,3.14167436517972
1335,1335,,SEMCOG,INTERNAL,TRUE,TRUE,FALSE,0,3,Oakland,26125,Michigan,US,142,18,0.592568,48340,Oakland,,,,FALSE,1.57867809010723
1336,1336,,SEMCOG,INTERNAL,TRUE,TRUE,FALSE,0,3,Oakland,26125,Michigan,US,142,18,0.437172,48340,Oakland,,,,FALSE,2.19009920838097
1337,1337,,SEMCOG,INTERNAL,TRUE,TRUE,FALSE,0,3,Oakland,26125,Michigan,US,142,18,0.896162,48340,Oakland,,,,FALSE,2.33520270446479
1338,1338,,SEMCOG,INTERNAL,TRUE,TRUE,FALSE,0,3,Oakland,26125,Michigan,US,139,18,1.215451,48329,Oakland,,,,FALSE,1.54067199763282
1339,1339,,SEMCOG,INTERNAL,TRUE,TRUE,FALSE,0,3,Oakland,26125,Michigan,US,139,18,1.272272,48329,Oakland,,,,FALSE,1.10158483065126
1340,1340,,SEMCOG,INTERNAL,TRUE,TRUE,FALSE,0,3,Oakland,26125,Michigan,US,139,18,1.848711,48329,Oakland,,,,FALSE,2.1728679319073
1341,1341,,SEMCOG,INTERNAL,TRUE,TRUE,FALSE,0,3,Oakland,26125,Michigan,US,138,18,1.010005,48327,Oakland,,,,FALSE,4.31230337808269
1342,1342,,SEMCOG,INTERNAL,TRUE,TRUE,FALSE,0,3,Oakland,26125,Michigan,US,139,18,1.722726,48328,Oakland,,,,FALSE,3.47420704402342
1343,1343,,SEMCOG,INTERNAL,TRUE,TRUE,FALSE,0,3,Oakland,26125,Michigan,US,139,18,1.205833,48328,Oakland,,,,FALSE,3.39534424609854
1344,1344,,SEMCOG,INTERNAL,TRUE,TRUE,FALSE,0,3,Oakland,26125,Michigan,US,139,18,1.053414,48328,Oakland,,,,FALSE,3.06233243659221
1345,1345,,SEMCOG,INTERNAL,TRUE,TRUE,FALSE,0,3,Oakland,26125,Michigan,US,136,18,0.62534,48328,Oakland,,,,FALSE,4.14220077766578
1346,1346,,SEMCOG,INTERNAL,TRUE,TRUE,FALSE,0,3,Oakland,26125,Michigan,US,136,18,0.276908,48328,Oakland,,,,FALSE,4.14817687732109
1347,1347,,SEMCOG,INTERNAL,TRUE,TRUE,FALSE,0,3,Oakland,26125,Michigan,US,136,18,0.265318,48328,Oakland,,,,FALSE,4.55620009805328
1348,1348,,SEMCOG,INTERNAL,TRUE,TRUE,FALSE,0,3,Oakland,26125,Michigan,US,136,18,1.371806,48328,Oakland,,,,FALSE,5.15089897297991
1349,1349,,SEMCOG,INTERNAL,TRUE,TRUE,FALSE,0,3,Oakland,26125,Michigan,US,136,18,0.384366,48328,Oakland,,,,FALSE,4.2895097116621
1350,1350,,SEMCOG,INTERNAL,TRUE,TRUE,FALSE,0,3,Oakland,26125,Michigan,US,136,18,0.612905,48328,Oakland,,,,FALSE,4.40067089961791
1351,1351,,SEMCOG,INTERNAL,TRUE,TRUE,FALSE,0,3,Oakland,26125,Michigan,US,136,18,1.152115,48328,Oakland,,,,FALSE,4.82458905654772
1352,1352,,SEMCOG,INTERNAL,TRUE,TRUE,FALSE,0,3,Oakland,26125,Michigan,US,136,18,0.1882,48328,Oakland,,,,FALSE,4.43612794032623
1353,1353,,SEMCOG,INTERNAL,TRUE,TRUE,FALSE,0,3,Oakland,26125,Michigan,US,138,18,0.687574,48329,Oakland,,,,FALSE,2.2066656579468
1354,1354,,SEMCOG,INTERNAL,TRUE,TRUE,FALSE,0,3,Oakland,26125,Michigan,US,138,18,0.180354,48329,Oakland,,,,FALSE,2.66444630501738
1355,1355,,SEMCOG,INTERNAL,TRUE,TRUE,FALSE,0,3,Oakland,26125,Michigan,US,138,18,0.542467,48329,Oakland,,,,FALSE,2.40238469932084
1356,1356,,SEMCOG,INTERNAL,TRUE,TRUE,FALSE,0,3,Oakland,26125,Michigan,US,138,18,0.301993,48329,Oakland,,,,FALSE,2.98446033226497
1357,1357,,SEMCOG,INTERNAL,TRUE,TRUE,FALSE,0,3,Oakland,26125,Michigan,US,138,18,0.509264,48329,Oakland,,,,FALSE,2.87676508493489
1358,1358,,SEMCOG,INTERNAL,TRUE,TRUE,FALSE,0,3,Oakland,26125,Michigan,US,138,18,0.732348,48329,Oakland,,,,FALSE,3.37172043127063
1359,1359,,SEMCOG,INTERNAL,TRUE,TRUE,FALSE,0,3,Oakland,26125,Michigan,US,138,18,0.626881,48329,Oakland,,,,FALSE,3.68352273038521
1360,1360,,SEMCOG,INTERNAL,TRUE,TRUE,FALSE,0,3,Oakland,26125,Michigan,US,138,18,2.704644,48329,Oakland,,,,FALSE,3.1626101444567
1361,1361,,SEMCOG,INTERNAL,TRUE,TRUE,FALSE,0,3,Oakland,26125,Michigan,US,138,18,1.117191,48329,Oakland,,,,FALSE,4.27766046793495
1362,1362,,SEMCOG,INTERNAL,TRUE,TRUE,FALSE,0,3,Oakland,26125,Michigan,US,138,18,0.640357,48329,Oakland,,,,FALSE,4.42799291026514
1363,1363,,SEMCOG,INTERNAL,TRUE,TRUE,FALSE,0,3,Oakland,26125,Michigan,US,138,18,1.336595,48327,Oakland,,,,FALSE,5.06357072047571
1364,1364,,SEMCOG,INTERNAL,TRUE,TRUE,FALSE,0,3,Oakland,26125,Michigan,US,137,18,1.026194,48327,Oakland,,,,FALSE,5.83456126714759
1365,1365,,SEMCOG,INTERNAL,TRUE,TRUE,FALSE,0,3,Oakland,26125,Michigan,US,137,18,1.014005,48327,Oakland,,,,FALSE,5.73720472136475
1366,1366,,SEMCOG,INTERNAL,TRUE,TRUE,FALSE,0,3,Oakland,26125,Michigan,US,137,18,1.002217,48327,Oakland,,,,FALSE,5.03769292197842
1367,1367,,SEMCOG,INTERNAL,TRUE,TRUE,FALSE,0,3,Oakland,26125,Michigan,US,137,18,1.077706,48327,Oakland,,,,FALSE,6.6099894715854
1368,1368,,SEMCOG,INTERNAL,TRUE,TRUE,FALSE,0,3,Oakland,26125,Michigan,US,137,18,1.007982,48327,Oakland,,,,FALSE,5.78646536731917
1369,1369,,SEMCOG,INTERNAL,TRUE,TRUE,FALSE,0,3,Oakland,26125,Michigan,US,136,18,1.739716,48328,Oakland,,,,FALSE,5.68140231839213
1370,1370,,SEMCOG,INTERNAL,TRUE,TRUE,FALSE,0,3,Oakland,26125,Michigan,US,136,18,1.771949,48327,Oakland,,,,FALSE,6.56711407852097
1371,1371,,SEMCOG,INTERNAL,TRUE,TRUE,FALSE,0,3,Oakland,26125,Michigan,US,137,18,1.890826,48327,Oakland,,,,FALSE,7.39183695782672
1372,1372,,SEMCOG,INTERNAL,TRUE,TRUE,FALSE,0,3,Oakland,26125,Michigan,US,137,18,1.033697,48327,Oakland,,,,FALSE,7.01167268312661
1373,1373,,SEMCOG,INTERNAL,TRUE,TRUE,FALSE,0,3,Oakland,26125,Michigan,US,143,18,0.254723,48326,Oakland,,,,FALSE,0.213103110881433
1374,1374,,SEMCOG,INTERNAL,TRUE,TRUE,FALSE,0,3,Oakland,26125,Michigan,US,143,18,0.276853,48326,Oakland,,,,FALSE,0.278306019987835
1375,1375,,SEMCOG,INTERNAL,TRUE,TRUE,FALSE,0,3,Oakland,26125,Michigan,US,143,18,0.328766,48326,Oakland,,,,FALSE,0.286133853684716
1376,1376,,SEMCOG,INTERNAL,TRUE,TRUE,FALSE,0,3,Oakland,26125,Michigan,US,143,18,0.890903,48326,Oakland,,,,FALSE,0.501664133948095
1377,1377,,SEMCOG,INTERNAL,TRUE,TRUE,FALSE,0,3,Oakland,26125,Michigan,US,143,18,0.668821,48326,Oakland,,,,FALSE,0.350748713212092
1378,1378,,SEMCOG,INTERNAL,TRUE,TRUE,FALSE,0,3,Oakland,26125,Michigan,US,143,18,0.624618,48326,Oakland,,,,FALSE,1.05552398514808
1379,1379,,SEMCOG,INTERNAL,TRUE,TRUE,FALSE,0,3,Oakland,26125,Michigan,US,108,20,0.487071,48073,Oakland,,,,FALSE,1.86736856657741
1380,1380,,SEMCOG,INTERNAL,TRUE,TRUE,FALSE,0,3,Oakland,26125,Michigan,US,108,20,0.386425,48073,Oakland,,,,FALSE,2.26085499792319
1381,1381,,SEMCOG,INTERNAL,TRUE,TRUE,FALSE,0,3,Oakland,26125,Michigan,US,108,20,0.234344,48073,Oakland,,,,FALSE,2.66446180333963
1382,1382,,SEMCOG,INTERNAL,TRUE,TRUE,FALSE,0,3,Oakland,26125,Michigan,US,108,20,0.524123,48073,Oakland,,,,FALSE,2.0100903940727
1383,1383,,SEMCOG,INTERNAL,TRUE,TRUE,FALSE,0,3,Oakland,26125,Michigan,US,145,20,1.798813,48309,Oakland,,,,FALSE,1.59343490058292
1384,1384,,SEMCOG,INTERNAL,TRUE,TRUE,FALSE,0,3,Oakland,26125,Michigan,US,145,20,1.369358,48309,Oakland,,,,FALSE,2.1043679959675
1385,1385,,SEMCOG,INTERNAL,TRUE,TRUE,FALSE,0,3,Oakland,26125,Michigan,US,145,20,0.857274,48309,Oakland,,,,FALSE,1.69981034521206
1386,1386,,SEMCOG,INTERNAL,TRUE,TRUE,FALSE,0,3,Oakland,26125,Michigan,US,145,20,0.560876,48309,Oakland,,,,FALSE,2.4237684686469
1387,1387,,SEMCOG,INTERNAL,TRUE,TRUE,FALSE,0,3,Oakland,26125,Michigan,US,145,20,0.754063,48307,Oakland,,,,FALSE,2.09117463570282
1388,1388,,SEMCOG,INTERNAL,TRUE,TRUE,FALSE,0,3,Oakland,26125,Michigan,US,145,20,1.343359,48307,Oakland,,,,FALSE,2.95880186034417
1389,1389,,SEMCOG,INTERNAL,TRUE,TRUE,FALSE,0,3,Oakland,26125,Michigan,US,145,20,0.355736,48307,Oakland,,,,FALSE,3.30526014034208
1390,1390,,SEMCOG,INTERNAL,TRUE,TRUE,FALSE,0,3,Oakland,26125,Michigan,US,145,20,0.790758,48307,Oakland,,,,FALSE,3.76022755544831
1391,1391,,SEMCOG,INTERNAL,TRUE,TRUE,FALSE,0,3,Oakland,26125,Michigan,US,145,20,0.920154,48307,Oakland,,,,FALSE,2.87932833966061
1392,1392,,SEMCOG,INTERNAL,TRUE,TRUE,FALSE,0,3,Oakland,26125,Michigan,US,145,20,0.926884,48307,Oakland,,,,FALSE,3.69045486868883
1393,1393,,SEMCOG,INTERNAL,TRUE,TRUE,FALSE,0,3,Oakland,26125,Michigan,US,145,20,1.089437,48307,Oakland,,,,FALSE,4.31177459363615
1394,1394,,SEMCOG,INTERNAL,TRUE,TRUE,FALSE,0,3,Oakland,26125,Michigan,US,143,18,0.792208,48326,Oakland,,,,FALSE,0.218702919658003
1395,1395,,SEMCOG,INTERNAL,TRUE,TRUE,FALSE,0,3,Oakland,26125,Michigan,US,143,18,0.542543,48326,Oakland,,,,FALSE,0.254766455435831
1396,1396,,SEMCOG,INTERNAL,TRUE,TRUE,FALSE,0,3,Oakland,26125,Michigan,US,143,18,0.591681,48326,Oakland,,,,FALSE,0.303381999559608
1397,1397,,SEMCOG,INTERNAL,TRUE,TRUE,FALSE,0,3,Oakland,26125,Michigan,US,143,18,0.819341,48326,Oakland,,,,FALSE,0.412567619187036
1398,1398,,SEMCOG,INTERNAL,TRUE,TRUE,FALSE,0,3,Oakland,26125,Michigan,US,143,18,0.298862,48326,Oakland,,,,FALSE,0.799300305234264
1399,1399,,SEMCOG,INTERNAL,TRUE,TRUE,FALSE,0,3,Oakland,26125,Michigan,US,143,18,0.478686,48326,Oakland,,,,FALSE,0.318579162098234
1400,1400,,SEMCOG,INTERNAL,TRUE,TRUE,FALSE,0,3,Oakland,26125,Michigan,US,143,18,0.344506,48326,Oakland,,,,FALSE,1.0110640326759
1401,1401,,SEMCOG,INTERNAL,TRUE,TRUE,FALSE,0,3,Oakland,26125,Michigan,US,143,18,0.683894,48309,Oakland,,,,FALSE,1.19853262965883
1402,1402,,SEMCOG,INTERNAL,TRUE,TRUE,FALSE,0,3,Oakland,26125,Michigan,US,146,20,1.376228,48309,Oakland,,,,FALSE,1.85736401837502
1403,1403,,SEMCOG,INTERNAL,TRUE,TRUE,FALSE,0,3,Oakland,26125,Michigan,US,146,20,0.730776,48309,Oakland,,,,FALSE,1.75279086044824
1404,1404,,SEMCOG,INTERNAL,TRUE,TRUE,FALSE,0,3,Oakland,26125,Michigan,US,146,20,0.585926,48309,Oakland,,,,FALSE,2.37896406844554
1405,1405,,SEMCOG,INTERNAL,TRUE,TRUE,FALSE,0,3,Oakland,26125,Michigan,US,146,20,1.180073,48309,Oakland,,,,FALSE,2.89820234034937
1406,1406,,SEMCOG,INTERNAL,TRUE,TRUE,FALSE,0,3,Oakland,26125,Michigan,US,146,20,0.917331,48309,Oakland,,,,FALSE,2.60829100993533
1407,1407,,SEMCOG,INTERNAL,TRUE,TRUE,FALSE,0,3,Oakland,26125,Michigan,US,147,20,0.684159,48309,Oakland,,,,FALSE,3.50681389784545
1408,1408,,SEMCOG,INTERNAL,TRUE,TRUE,FALSE,0,3,Oakland,26125,Michigan,US,147,20,0.503235,48309,Oakland,,,,FALSE,2.98295214837208
1409,1409,,SEMCOG,INTERNAL,TRUE,TRUE,FALSE,0,3,Oakland,26125,Michigan,US,147,20,0.452727,48309,Oakland,,,,FALSE,3.51438546477407
1410,1410,,SEMCOG,INTERNAL,TRUE,TRUE,FALSE,0,3,Oakland,26125,Michigan,US,147,20,1.048707,48309,Oakland,,,,FALSE,3.91086281795355
1411,1411,,SEMCOG,INTERNAL,TRUE,TRUE,FALSE,0,3,Oakland,26125,Michigan,US,147,20,0.981948,48307,Oakland,,,,FALSE,3.9787391571193
1412,1412,,SEMCOG,INTERNAL,TRUE,TRUE,FALSE,0,3,Oakland,26125,Michigan,US,147,20,0.69778,48307,Oakland,,,,FALSE,4.76269179558027
1413,1413,,SEMCOG,INTERNAL,TRUE,TRUE,FALSE,0,3,Oakland,26125,Michigan,US,147,20,0.586654,48307,Oakland,,,,FALSE,5.11121302052904
1414,1414,,SEMCOG,INTERNAL,TRUE,TRUE,FALSE,0,3,Oakland,26125,Michigan,US,147,20,0.976085,48307,Oakland,,,,FALSE,4.44973665739625
1415,1415,,SEMCOG,INTERNAL,TRUE,TRUE,FALSE,0,3,Oakland,26125,Michigan,US,147,20,1.834262,48307,Oakland,,,,FALSE,5.388616370111
1416,1416,,SEMCOG,INTERNAL,TRUE,TRUE,FALSE,0,3,Oakland,26125,Michigan,US,147,20,0.21297,48307,Oakland,,,,FALSE,4.88421762594639
1417,1417,,SEMCOG,INTERNAL,TRUE,TRUE,FALSE,0,3,Oakland,26125,Michigan,US,147,20,0.189125,48307,Oakland,,,,FALSE,5.25098909438504
1418,1418,,SEMCOG,INTERNAL,TRUE,TRUE,FALSE,0,3,Oakland,26125,Michigan,US,147,20,0.19392,48307,Oakland,,,,FALSE,4.87853676730382
1419,1419,,SEMCOG,INTERNAL,TRUE,TRUE,FALSE,0,3,Oakland,26125,Michigan,US,147,20,0.133168,48307,Oakland,,,,FALSE,5.2340618144911
1420,1420,,SEMCOG,INTERNAL,TRUE,TRUE,FALSE,0,3,Oakland,26125,Michigan,US,147,20,0.208723,48307,Oakland,,,,FALSE,5.25102662179231
1421,1421,,SEMCOG,INTERNAL,TRUE,TRUE,FALSE,0,3,Oakland,26125,Michigan,US,147,20,0.61753,48307,Oakland,,,,FALSE,6.15191118561141
1422,1422,,SEMCOG,INTERNAL,TRUE,TRUE,FALSE,0,3,Oakland,26125,Michigan,US,147,20,1.023145,48307,Oakland,,,,FALSE,7.04808447626428
1423,1423,,SEMCOG,INTERNAL,TRUE,TRUE,FALSE,0,3,Oakland,26125,Michigan,US,147,20,0.6027,48307,Oakland,,,,FALSE,5.65624596920767
1424,1424,,SEMCOG,INTERNAL,TRUE,TRUE,FALSE,0,3,Oakland,26125,Michigan,US,147,20,0.637198,48307,Oakland,,,,FALSE,6.15144441028083
1425,1425,,SEMCOG,INTERNAL,TRUE,TRUE,FALSE,0,3,Oakland,26125,Michigan,US,146,20,1.018568,48306,Oakland,,,,FALSE,2.30669565045484
1426,1426,,SEMCOG,INTERNAL,TRUE,TRUE,FALSE,0,3,Oakland,26125,Michigan,US,146,20,0.591662,48306,Oakland,,,,FALSE,3.01037582714564
1427,1427,,SEMCOG,INTERNAL,TRUE,TRUE,FALSE,0,3,Oakland,26125,Michigan,US,146,20,0.533341,48309,Oakland,,,,FALSE,2.71868719068302
1428,1428,,SEMCOG,INTERNAL,TRUE,TRUE,FALSE,0,3,Oakland,26125,Michigan,US,146,20,0.861125,48309,Oakland,,,,FALSE,1.98686765518114
1429,1429,,SEMCOG,INTERNAL,TRUE,TRUE,FALSE,0,3,Oakland,26125,Michigan,US,146,20,1.579579,48306,Oakland,,,,FALSE,3.92523169947654
1430,1430,,SEMCOG,INTERNAL,TRUE,TRUE,FALSE,0,3,Oakland,26125,Michigan,US,146,20,1.411581,48309,Oakland,,,,FALSE,3.74644720884552
1431,1431,,SEMCOG,INTERNAL,TRUE,TRUE,FALSE,0,3,Oakland,26125,Michigan,US,147,20,0.39789,48307,Oakland,,,,FALSE,4.83149003809537
1432,1432,,SEMCOG,INTERNAL,TRUE,TRUE,FALSE,0,3,Oakland,26125,Michigan,US,147,20,1.188783,48306,Oakland,,,,FALSE,5.13667153729512
1433,1433,,SEMCOG,INTERNAL,TRUE,TRUE,FALSE,0,3,Oakland,26125,Michigan,US,147,20,1.949816,48306,Oakland,,,,FALSE,6.47621646232016
1434,1434,,SEMCOG,INTERNAL,TRUE,TRUE,FALSE,0,3,Oakland,26125,Michigan,US,143,18,1.341526,48326,Oakland,,,,FALSE,0.606888034602638
1435,1435,,SEMCOG,INTERNAL,TRUE,TRUE,FALSE,0,3,Oakland,26125,Michigan,US,143,18,0.493348,48326,Oakland,,,,FALSE,1.63534049458955
1436,1436,,SEMCOG,INTERNAL,TRUE,TRUE,FALSE,0,3,Oakland,26125,Michigan,US,143,18,0.473512,48326,Oakland,,,,FALSE,1.29947810340611
1437,1437,,SEMCOG,INTERNAL,TRUE,TRUE,FALSE,0,3,Oakland,26125,Michigan,US,143,18,0.875244,48326,Oakland,,,,FALSE,1.02491853390537
1438,1438,,SEMCOG,INTERNAL,TRUE,TRUE,FALSE,0,3,Oakland,26125,Michigan,US,143,18,0.470165,48326,Oakland,,,,FALSE,0.425277370632306
1439,1439,,SEMCOG,INTERNAL,TRUE,TRUE,FALSE,0,3,Oakland,26125,Michigan,US,144,18,1.186825,48326,Oakland,,,,FALSE,0.302164425164977
1440,1440,,SEMCOG,INTERNAL,TRUE,TRUE,FALSE,0,3,Oakland,26125,Michigan,US,144,18,0.675491,48326,Oakland,,,,FALSE,0.166570148977294
1441,1441,,SEMCOG,INTERNAL,TRUE,TRUE,FALSE,0,3,Oakland,26125,Michigan,US,144,18,0.596925,48326,Oakland,,,,FALSE,0.447370914739053
1442,1442,,SEMCOG,INTERNAL,TRUE,TRUE,FALSE,0,3,Oakland,26125,Michigan,US,144,18,0.537145,48326,Oakland,,,,FALSE,0.636212206440629
1443,1443,,SEMCOG,INTERNAL,TRUE,TRUE,FALSE,0,3,Oakland,26125,Michigan,US,144,18,0.212905,48326,Oakland,,,,FALSE,0.161205488880374
1444,1444,,SEMCOG,INTERNAL,TRUE,TRUE,FALSE,0,3,Oakland,26125,Michigan,US,144,18,0.536663,48326,Oakland,,,,FALSE,0.207142142661328
1445,1445,,SEMCOG,INTERNAL,TRUE,TRUE,FALSE,0,3,Oakland,26125,Michigan,US,144,18,0.22928,48326,Oakland,,,,FALSE,0.0201994006609297
1446,1446,,SEMCOG,INTERNAL,TRUE,TRUE,FALSE,0,3,Oakland,26125,Michigan,US,144,18,0.333819,48326,Oakland,,,,FALSE,0.209526835922749
1447,1447,,SEMCOG,INTERNAL,TRUE,TRUE,FALSE,0,3,Oakland,26125,Michigan,US,139,18,1.630558,48326,Oakland,,,,FALSE,0.914531890520307
1448,1448,,SEMCOG,INTERNAL,TRUE,TRUE,FALSE,0,3,Oakland,26125,Michigan,US,144,18,0.536096,48326,Oakland,,,,FALSE,0.153798472623591
1449,1449,,SEMCOG,INTERNAL,TRUE,TRUE,FALSE,0,3,Oakland,26125,Michigan,US,144,18,0.516763,48326,Oakland,,,,FALSE,0.827591484148562
1450,1450,,SEMCOG,INTERNAL,TRUE,TRUE,FALSE,0,3,Oakland,26125,Michigan,US,148,17,2.999854,48363,Oakland,,,,FALSE,6.96103165002781
1451,1451,,SEMCOG,INTERNAL,TRUE,TRUE,FALSE,0,3,Oakland,26125,Michigan,US,148,17,4.502099,48363,Oakland,,,,FALSE,7.84758684459406
1452,1452,,SEMCOG,INTERNAL,TRUE,TRUE,FALSE,0,3,Oakland,26125,Michigan,US,148,17,5.321371,48363,Oakland,,,,FALSE,8.90556121755372
1453,1453,,SEMCOG,INTERNAL,TRUE,TRUE,FALSE,0,3,Oakland,26125,Michigan,US,148,17,2.738188,48363,Oakland,,,,FALSE,5.69171414123572
1454,1454,,SEMCOG,INTERNAL,TRUE,TRUE,FALSE,0,3,Oakland,26125,Michigan,US,148,17,4.8744,48363,Oakland,,,,FALSE,6.21177502200969
1455,1455,,SEMCOG,INTERNAL,TRUE,TRUE,FALSE,0,3,Oakland,26125,Michigan,US,148,17,3.687494,48306,Oakland,,,,FALSE,7.71051620989093
1456,1456,,SEMCOG,INTERNAL,TRUE,TRUE,FALSE,0,3,Oakland,26125,Michigan,US,148,17,2.423698,48363,Oakland,,,,FALSE,4.07187187257345
1457,1457,,SEMCOG,INTERNAL,TRUE,TRUE,FALSE,0,3,Oakland,26125,Michigan,US,148,17,2.672047,48306,Oakland,,,,FALSE,4.50586226940533
1458,1458,,SEMCOG,INTERNAL,TRUE,TRUE,FALSE,0,3,Oakland,26125,Michigan,US,148,17,1.373028,48306,Oakland,,,,FALSE,5.64173252464328
1459,1459,,SEMCOG,INTERNAL,TRUE,TRUE,FALSE,0,3,Oakland,26125,Michigan,US,148,17,3.015409,48306,Oakland,,,,FALSE,7.0336754623979
1460,1460,,SEMCOG,INTERNAL,TRUE,TRUE,FALSE,0,3,Oakland,26125,Michigan,US,148,17,3.062403,48306,Oakland,,,,FALSE,3.69531889031619
1461,1461,,SEMCOG,INTERNAL,TRUE,TRUE,FALSE,0,3,Oakland,26125,Michigan,US,150,17,0.466879,48362,Oakland,,,,FALSE,6.0552791487559
1462,1462,,SEMCOG,INTERNAL,TRUE,TRUE,FALSE,0,3,Oakland,26125,Michigan,US,150,17,0.83499,48362,Oakland,,,,FALSE,5.71733935476569
1463,1463,,SEMCOG,INTERNAL,TRUE,TRUE,FALSE,0,3,Oakland,26125,Michigan,US,149,17,0.78686,48362,Oakland,,,,FALSE,5.49657612214066
1464,1464,,SEMCOG,INTERNAL,TRUE,TRUE,FALSE,0,3,Oakland,26125,Michigan,US,150,17,1.403202,48362,Oakland,,,,FALSE,6.59278121211081
1465,1465,,SEMCOG,INTERNAL,TRUE,TRUE,FALSE,0,3,Oakland,26125,Michigan,US,150,17,1.469932,48348,Oakland,,,,FALSE,4.01475696985565
1466,1466,,SEMCOG,INTERNAL,TRUE,TRUE,FALSE,0,3,Oakland,26125,Michigan,US,150,17,3.815206,48362,Oakland,,,,FALSE,4.71106072141494
1467,1467,,SEMCOG,INTERNAL,TRUE,TRUE,FALSE,0,3,Oakland,26125,Michigan,US,150,17,1.658547,48362,Oakland,,,,FALSE,4.87293647406901
1468,1468,,SEMCOG,INTERNAL,TRUE,TRUE,FALSE,0,3,Oakland,26125,Michigan,US,150,17,1.866654,48362,Oakland,,,,FALSE,5.96701894883367
1469,1469,,SEMCOG,INTERNAL,TRUE,TRUE,FALSE,0,3,Oakland,26125,Michigan,US,149,17,4.834801,48360,Oakland,,,,FALSE,2.97601255257598
1470,1470,,SEMCOG,INTERNAL,TRUE,TRUE,FALSE,0,3,Oakland,26125,Michigan,US,149,17,4.368515,48360,Oakland,,,,FALSE,3.42060089250244
1471,1471,,SEMCOG,INTERNAL,TRUE,TRUE,FALSE,0,3,Oakland,26125,Michigan,US,149,17,2.539489,48360,Oakland,,,,FALSE,4.24939165195974
1472,1472,,SEMCOG,INTERNAL,TRUE,TRUE,FALSE,0,3,Oakland,26125,Michigan,US,149,17,1.953271,48360,Oakland,,,,FALSE,2.90316160004627
1473,1473,,SEMCOG,INTERNAL,TRUE,TRUE,FALSE,0,3,Oakland,26125,Michigan,US,149,17,0.959436,48359,Oakland,,,,FALSE,2.05638795189732
1474,1474,,SEMCOG,INTERNAL,TRUE,TRUE,FALSE,0,3,Oakland,26125,Michigan,US,149,17,0.464532,48359,Oakland,,,,FALSE,1.65446351304025
1475,1475,,SEMCOG,INTERNAL,TRUE,TRUE,FALSE,0,3,Oakland,26125,Michigan,US,149,17,1.21106,48359,Oakland,,,,FALSE,1.35007596399421
1476,1476,,SEMCOG,INTERNAL,TRUE,TRUE,FALSE,0,3,Oakland,26125,Michigan,US,149,17,1.713607,48359,Oakland,,,,FALSE,2.03689356743237
1477,1477,,SEMCOG,INTERNAL,TRUE,TRUE,FALSE,0,3,Oakland,26125,Michigan,US,149,17,1.099722,48359,Oakland,,,,FALSE,0.982493982074837
1478,1478,,SEMCOG,INTERNAL,TRUE,TRUE,FALSE,0,3,Oakland,26125,Michigan,US,149,17,2.288688,48359,Oakland,,,,FALSE,1.06680823760638
1479,1479,,SEMCOG,INTERNAL,TRUE,TRUE,FALSE,0,3,Oakland,26125,Michigan,US,149,17,2.164845,48359,Oakland,,,,FALSE,1.10808063672215
1480,1480,,SEMCOG,INTERNAL,TRUE,TRUE,FALSE,0,3,Oakland,26125,Michigan,US,151,17,1.503583,48346,Oakland,,,,FALSE,0.443965787340972
1481,1481,,SEMCOG,INTERNAL,TRUE,TRUE,FALSE,0,3,Oakland,26125,Michigan,US,151,17,2.401173,48346,Oakland,,,,FALSE,1.0607702573714
1482,1482,,SEMCOG,INTERNAL,TRUE,TRUE,FALSE,0,3,Oakland,26125,Michigan,US,152,17,1.354801,48346,Oakland,,,,FALSE,0.415251486498305
1483,1483,,SEMCOG,INTERNAL,TRUE,TRUE,FALSE,0,3,Oakland,26125,Michigan,US,152,17,2.009519,48346,Oakland,,,,FALSE,1.09172931023314
1484,1484,,SEMCOG,INTERNAL,TRUE,TRUE,FALSE,0,3,Oakland,26125,Michigan,US,152,17,0.685049,48346,Oakland,,,,FALSE,1.84486228088002
1485,1485,,SEMCOG,INTERNAL,TRUE,TRUE,FALSE,0,3,Oakland,26125,Michigan,US,152,17,1.347738,48346,Oakland,,,,FALSE,1.85229323168176
1486,1486,,SEMCOG,INTERNAL,TRUE,TRUE,FALSE,0,3,Oakland,26125,Michigan,US,152,17,0.64195,48346,Oakland,,,,FALSE,2.34863836416883
1487,1487,,SEMCOG,INTERNAL,TRUE,TRUE,FALSE,0,3,Oakland,26125,Michigan,US,152,17,1.356071,48346,Oakland,,,,FALSE,0.551970177207584
1488,1488,,SEMCOG,INTERNAL,TRUE,TRUE,FALSE,0,3,Oakland,26125,Michigan,US,152,17,1.022667,48346,Oakland,,,,FALSE,1.20564001952762
1489,1489,,SEMCOG,INTERNAL,TRUE,TRUE,FALSE,0,3,Oakland,26125,Michigan,US,152,17,4.664575,48348,Oakland,,,,FALSE,1.46128921886077
1490,1490,,SEMCOG,INTERNAL,TRUE,TRUE,FALSE,0,3,Oakland,26125,Michigan,US,152,17,7.183889,48348,Oakland,,,,FALSE,1.64714647376187
1491,1491,,SEMCOG,INTERNAL,TRUE,TRUE,FALSE,0,3,Oakland,26125,Michigan,US,151,17,6.315717,48348,Oakland,,,,FALSE,2.73754013131011
1492,1492,,SEMCOG,INTERNAL,TRUE,TRUE,FALSE,0,3,Oakland,26125,Michigan,US,151,17,5.762393,48348,Oakland,,,,FALSE,0.930008924624335
1493,1493,,SEMCOG,INTERNAL,TRUE,TRUE,FALSE,0,3,Oakland,26125,Michigan,US,152,17,0.265609,48346,Oakland,,,,FALSE,0.398103884174505
1494,1494,,SEMCOG,INTERNAL,TRUE,TRUE,FALSE,0,3,Oakland,26125,Michigan,US,152,17,0.236647,48346,Oakland,,,,FALSE,0.908111877231542
1495,1495,,SEMCOG,INTERNAL,TRUE,TRUE,FALSE,0,3,Oakland,26125,Michigan,US,154,17,5.466554,48462,Oakland,,,,FALSE,7.69720186571365
1496,1496,,SEMCOG,INTERNAL,TRUE,TRUE,FALSE,0,3,Oakland,26125,Michigan,US,154,17,11.049986,48462,Oakland,,,,FALSE,7.85540994569696
1497,1497,,SEMCOG,INTERNAL,TRUE,TRUE,FALSE,0,3,Oakland,26125,Michigan,US,154,17,6.068064,48371,Oakland,,,,FALSE,5.34601259284475
1498,1498,,SEMCOG,INTERNAL,TRUE,TRUE,FALSE,0,3,Oakland,26125,Michigan,US,154,17,6.04916,48462,Oakland,,,,FALSE,4.64160524731963
1499,1499,,SEMCOG,INTERNAL,TRUE,TRUE,FALSE,0,3,Oakland,26125,Michigan,US,154,17,3.241093,48462,Oakland,,,,FALSE,3.8508855517337
1500,1500,,SEMCOG,INTERNAL,TRUE,TRUE,FALSE,0,3,Oakland,26125,Michigan,US,154,17,3.057644,48462,Oakland,,,,FALSE,5.35539029093464
1501,1501,,SEMCOG,INTERNAL,TRUE,TRUE,FALSE,0,3,Oakland,26125,Michigan,US,154,17,0.982036,48462,Oakland,,,,FALSE,6.53100606066863
1502,1502,,SEMCOG,INTERNAL,TRUE,TRUE,FALSE,0,3,Oakland,26125,Michigan,US,162,16,0.514414,48393,Oakland,,,,FALSE,3.19751400182271
1503,1503,,SEMCOG,INTERNAL,TRUE,TRUE,FALSE,0,3,Oakland,26125,Michigan,US,153,17,0.848594,48371,Oakland,,,,FALSE,8.2663043227478
1504,1504,,SEMCOG,INTERNAL,TRUE,TRUE,FALSE,0,3,Oakland,26125,Michigan,US,153,17,0.644063,48371,Oakland,,,,FALSE,8.11181818039491
1505,1505,,SEMCOG,INTERNAL,TRUE,TRUE,FALSE,0,3,Oakland,26125,Michigan,US,153,17,2.607758,48371,Oakland,,,,FALSE,7.86994021126153
1506,1506,,SEMCOG,INTERNAL,TRUE,TRUE,FALSE,0,3,Oakland,26125,Michigan,US,153,17,1.678436,48371,Oakland,,,,FALSE,5.62829070873945
1507,1507,,SEMCOG,INTERNAL,TRUE,TRUE,FALSE,0,3,Oakland,26125,Michigan,US,153,17,2.743375,48371,Oakland,,,,FALSE,7.07155866230986
1508,1508,,SEMCOG,INTERNAL,TRUE,TRUE,FALSE,0,3,Oakland,26125,Michigan,US,153,17,1.266523,48371,Oakland,,,,FALSE,5.96190552610228
1509,1509,,SEMCOG,INTERNAL,TRUE,TRUE,FALSE,0,3,Oakland,26125,Michigan,US,153,17,0.942136,48371,Oakland,,,,FALSE,6.71920587019206
1510,1510,,SEMCOG,INTERNAL,TRUE,TRUE,FALSE,0,3,Oakland,26125,Michigan,US,153,17,0.853997,48371,Oakland,,,,FALSE,6.96121908869012
1511,1511,,SEMCOG,INTERNAL,TRUE,TRUE,FALSE,0,3,Oakland,26125,Michigan,US,153,17,6.458992,48371,Oakland,,,,FALSE,7.89235478499646
1512,1512,,SEMCOG,INTERNAL,TRUE,TRUE,FALSE,0,3,Oakland,26125,Michigan,US,153,17,4.080394,48371,Oakland,,,,FALSE,9.36566738713269
1513,1513,,SEMCOG,INTERNAL,TRUE,TRUE,FALSE,0,3,Oakland,26125,Michigan,US,153,17,2.79732,48371,Oakland,,,,FALSE,9.26351850382716
1514,1514,,SEMCOG,INTERNAL,TRUE,TRUE,FALSE,0,3,Oakland,26125,Michigan,US,153,17,6.26186,48371,Oakland,,,,FALSE,10.408954836851
1515,1515,,SEMCOG,INTERNAL,TRUE,TRUE,FALSE,0,3,Oakland,26125,Michigan,US,153,17,4.140524,48371,Oakland,,,,FALSE,11.3401229466526
1516,1516,,SEMCOG,INTERNAL,TRUE,TRUE,FALSE,0,3,Oakland,26125,Michigan,US,153,17,6.700291,48370,Oakland,,,,FALSE,11.1610252266343
1517,1517,,SEMCOG,INTERNAL,TRUE,TRUE,FALSE,0,3,Oakland,26125,Michigan,US,153,17,9.285972,48367,Oakland,,,,FALSE,12.0943189116219
1518,1518,,SEMCOG,INTERNAL,TRUE,TRUE,FALSE,0,3,Oakland,26125,Michigan,US,153,17,8.004132,48367,Oakland,,,,FALSE,11.681616971965
1519,1519,,SEMCOG,INTERNAL,TRUE,TRUE,FALSE,0,3,Oakland,26125,Michigan,US,153,17,3.847072,48370,Oakland,,,,FALSE,8.58713639802507
1520,1520,,SEMCOG,INTERNAL,TRUE,TRUE,FALSE,0,3,Oakland,26125,Michigan,US,153,17,3.655654,48367,Oakland,,,,FALSE,9.32031571041551
1521,1521,,SEMCOG,INTERNAL,TRUE,TRUE,FALSE,0,3,Oakland,26125,Michigan,US,153,17,4.070421,48367,Oakland,,,,FALSE,10.6727878395265
1522,1522,,SEMCOG,INTERNAL,TRUE,TRUE,FALSE,0,3,Oakland,26125,Michigan,US,153,17,0.956463,48367,Oakland,,,,FALSE,11.9786310290623
1523,1523,,SEMCOG,INTERNAL,TRUE,TRUE,FALSE,0,3,Oakland,26125,Michigan,US,157,15,2.461112,48386,Oakland,,,,FALSE,6.08203410712472
1524,1524,,SEMCOG,INTERNAL,TRUE,TRUE,FALSE,0,3,Oakland,26125,Michigan,US,157,15,3.007379,48386,Oakland,,,,FALSE,7.79728868067607
1525,1525,,SEMCOG,INTERNAL,TRUE,TRUE,FALSE,0,3,Oakland,26125,Michigan,US,157,15,1.736852,48386,Oakland,,,,FALSE,7.15733051260522
1526,1526,,SEMCOG,INTERNAL,TRUE,TRUE,FALSE,0,3,Oakland,26125,Michigan,US,157,15,2.551004,48383,Oakland,,,,FALSE,7.89974329781655
1527,1527,,SEMCOG,INTERNAL,TRUE,TRUE,FALSE,0,3,Oakland,26125,Michigan,US,157,15,3.533921,48383,Oakland,,,,FALSE,7.92708437687512
1528,1528,,SEMCOG,INTERNAL,TRUE,TRUE,FALSE,0,3,Oakland,26125,Michigan,US,157,15,3.518171,48386,Oakland,,,,FALSE,7.48260768867529
1529,1529,,SEMCOG,INTERNAL,TRUE,TRUE,FALSE,0,3,Oakland,26125,Michigan,US,157,15,1.997065,48383,Oakland,,,,FALSE,5.04141743298038
1530,1530,,SEMCOG,INTERNAL,TRUE,TRUE,FALSE,0,3,Oakland,26125,Michigan,US,157,15,6.939785,48383,Oakland,,,,FALSE,4.68479323119013
1531,1531,,SEMCOG,INTERNAL,TRUE,TRUE,FALSE,0,3,Oakland,26125,Michigan,US,157,15,3.87182,48383,Oakland,,,,FALSE,6.30012966784576
1532,1532,,SEMCOG,INTERNAL,TRUE,TRUE,FALSE,0,3,Oakland,26125,Michigan,US,157,15,2.98067,48386,Oakland,,,,FALSE,5.04872546390619
1533,1533,,SEMCOG,INTERNAL,TRUE,TRUE,FALSE,0,3,Oakland,26125,Michigan,US,157,15,4.404734,48386,Oakland,,,,FALSE,3.43550644362481
1534,1534,,SEMCOG,INTERNAL,TRUE,TRUE,FALSE,0,3,Oakland,26125,Michigan,US,158,15,7.318737,48356,Oakland,,,,FALSE,7.65122452419514
1535,1535,,SEMCOG,INTERNAL,TRUE,TRUE,FALSE,0,3,Oakland,26125,Michigan,US,158,15,4.801107,48380,Oakland,,,,FALSE,7.03885359075574
1536,1536,,SEMCOG,INTERNAL,TRUE,TRUE,FALSE,0,3,Oakland,26125,Michigan,US,158,15,1.745281,48380,Oakland,,,,FALSE,6.83105613455051
1537,1537,,SEMCOG,INTERNAL,TRUE,TRUE,FALSE,0,3,Oakland,26125,Michigan,US,158,15,7.49307,48357,Oakland,,,,FALSE,8.83089831658643
1538,1538,,SEMCOG,INTERNAL,TRUE,TRUE,FALSE,0,3,Oakland,26125,Michigan,US,158,15,6.134565,48357,Oakland,,,,FALSE,9.04884002970399
1539,1539,,SEMCOG,INTERNAL,TRUE,TRUE,FALSE,0,3,Oakland,26125,Michigan,US,158,15,1.477115,48356,Oakland,,,,FALSE,6.0375529749173
1540,1540,,SEMCOG,INTERNAL,TRUE,TRUE,FALSE,0,3,Oakland,26125,Michigan,US,158,15,3.083082,48356,Oakland,,,,FALSE,6.76778636527137
1541,1541,,SEMCOG,INTERNAL,TRUE,TRUE,FALSE,0,3,Oakland,26125,Michigan,US,158,15,1.979091,48356,Oakland,,,,FALSE,7.40779400139057
1542,1542,,SEMCOG,INTERNAL,TRUE,TRUE,FALSE,0,3,Oakland,26125,Michigan,US,158,15,2.088083,48356,Oakland,,,,FALSE,8.32623259117094
1543,1543,,SEMCOG,INTERNAL,TRUE,TRUE,FALSE,0,3,Oakland,26125,Michigan,US,155,15,5.504364,48350,Oakland,,,,FALSE,1.00177690175691
1544,1544,,SEMCOG,INTERNAL,TRUE,TRUE,FALSE,0,3,Oakland,26125,Michigan,US,155,15,8.41134,48350,Oakland,,,,FALSE,2.8659510391302
1545,1545,,SEMCOG,INTERNAL,TRUE,TRUE,FALSE,0,3,Oakland,26125,Michigan,US,155,15,7.29583,48346,Oakland,,,,FALSE,0.630758248475338
1546,1546,,SEMCOG,INTERNAL,TRUE,TRUE,FALSE,0,3,Oakland,26125,Michigan,US,155,15,4.548561,48350,Oakland,,,,FALSE,1.98430822901314
1547,1547,,SEMCOG,INTERNAL,TRUE,TRUE,FALSE,0,3,Oakland,26125,Michigan,US,155,15,2.882036,48348,Oakland,,,,FALSE,0.623678064943347
1548,1548,,SEMCOG,INTERNAL,TRUE,TRUE,FALSE,0,3,Oakland,26125,Michigan,US,155,15,3.118847,48350,Oakland,,,,FALSE,0.605618118227046
1549,1549,,SEMCOG,INTERNAL,TRUE,TRUE,FALSE,0,3,Oakland,26125,Michigan,US,155,15,4.821871,48348,Oakland,,,,FALSE,2.09519331423161
1550,1550,,SEMCOG,INTERNAL,TRUE,TRUE,FALSE,0,3,Oakland,26125,Michigan,US,156,15,10.4636,48442,Oakland,,,,FALSE,5.42677530821622
1551,1551,,SEMCOG,INTERNAL,TRUE,TRUE,FALSE,0,3,Oakland,26125,Michigan,US,156,15,5.511976,48442,Oakland,,,,FALSE,2.83550134606048
1552,1552,,SEMCOG,INTERNAL,TRUE,TRUE,FALSE,0,3,Oakland,26125,Michigan,US,156,15,11.038221,48442,Oakland,,,,FALSE,7.17784644918574
1553,1553,,SEMCOG,INTERNAL,TRUE,TRUE,FALSE,0,3,Oakland,26125,Michigan,US,156,15,9.052336,48442,Oakland,,,,FALSE,4.51741421147711
1554,1554,,SEMCOG,INTERNAL,TRUE,TRUE,FALSE,0,3,Oakland,26125,Michigan,US,156,15,1.035873,48442,Oakland,,,,FALSE,2.93954989425369
1555,1555,,SEMCOG,INTERNAL,TRUE,TRUE,FALSE,0,3,Oakland,26125,Michigan,US,156,15,1.263068,48442,Oakland,,,,FALSE,2.90915360863604
1556,1556,,SEMCOG,INTERNAL,TRUE,TRUE,FALSE,0,3,Oakland,26125,Michigan,US,156,15,0.741656,48442,Oakland,,,,FALSE,2.83401510248766
1557,1557,,SEMCOG,INTERNAL,TRUE,TRUE,FALSE,0,3,Oakland,26125,Michigan,US,156,15,17.030394,48442,Oakland,,,,FALSE,3.85506454234323
1558,1558,,SEMCOG,INTERNAL,TRUE,TRUE,FALSE,0,3,Oakland,26125,Michigan,US,156,15,12.127188,48442,Oakland,,,,FALSE,0.665644976620522
1559,1559,,SEMCOG,INTERNAL,TRUE,TRUE,FALSE,0,3,Oakland,26125,Michigan,US,156,15,4.159986,48442,Oakland,,,,FALSE,1.270694757269
1560,1560,,SEMCOG,INTERNAL,TRUE,TRUE,FALSE,0,3,Oakland,26125,Michigan,US,156,15,8.998972,48442,Oakland,,,,FALSE,1.80027700228819
1561,1561,,SEMCOG,INTERNAL,TRUE,TRUE,FALSE,0,3,Oakland,26125,Michigan,US,156,15,9.656823,48462,Oakland,,,,FALSE,4.69270090479878
1562,1562,,SEMCOG,INTERNAL,TRUE,TRUE,FALSE,0,3,Oakland,26125,Michigan,US,156,15,7.504583,48442,Oakland,,,,FALSE,0.953696831150111
1563,1563,,SEMCOG,INTERNAL,TRUE,TRUE,FALSE,0,3,Oakland,26125,Michigan,US,156,15,9.813455,48462,Oakland,,,,FALSE,3.4695222225304
1564,1564,,SEMCOG,INTERNAL,TRUE,TRUE,FALSE,0,3,Oakland,26125,Michigan,US,164,16,0.464131,48375,Oakland,,,,FALSE,0.676601511960637
1565,1565,,SEMCOG,INTERNAL,TRUE,TRUE,FALSE,0,3,Oakland,26125,Michigan,US,164,16,0.56903,48375,Oakland,,,,FALSE,0.65897733198782
1566,1566,,SEMCOG,INTERNAL,TRUE,TRUE,FALSE,0,3,Oakland,26125,Michigan,US,164,16,1.031983,48375,Oakland,,,,FALSE,0.61659908976473
1567,1567,,SEMCOG,INTERNAL,TRUE,TRUE,FALSE,0,3,Oakland,26125,Michigan,US,164,16,0.461736,48375,Oakland,,,,FALSE,1.73840965033117
1568,1568,,SEMCOG,INTERNAL,TRUE,TRUE,FALSE,0,3,Oakland,26125,Michigan,US,164,16,0.537963,48167,Oakland,,,,FALSE,1.3350011802229
1569,1569,,SEMCOG,INTERNAL,TRUE,TRUE,FALSE,0,3,Oakland,26125,Michigan,US,165,16,0.495153,48167,Oakland,,,,FALSE,3.35463859553814
1570,1570,,SEMCOG,INTERNAL,TRUE,TRUE,FALSE,0,3,Oakland,26125,Michigan,US,165,16,0.251602,48167,Oakland,,,,FALSE,2.20453396931836
1571,1571,,SEMCOG,INTERNAL,TRUE,TRUE,FALSE,0,3,Oakland,26125,Michigan,US,165,16,0.253896,48167,Oakland,,,,FALSE,2.70967275843035
1572,1572,,SEMCOG,INTERNAL,TRUE,TRUE,FALSE,0,3,Oakland,26125,Michigan,US,165,16,1.487907,48374,Oakland,,,,FALSE,2.39467798116568
1573,1573,,SEMCOG,INTERNAL,TRUE,TRUE,FALSE,0,3,Oakland,26125,Michigan,US,165,16,1.523069,48375,Oakland,,,,FALSE,2.05871890775692
1574,1574,,SEMCOG,INTERNAL,TRUE,TRUE,FALSE,0,3,Oakland,26125,Michigan,US,164,16,0.445852,48375,Oakland,,,,FALSE,1.76077245602096
1575,1575,,SEMCOG,INTERNAL,TRUE,TRUE,FALSE,0,3,Oakland,26125,Michigan,US,164,16,0.548965,48375,Oakland,,,,FALSE,1.46158728572196
1576,1576,,SEMCOG,INTERNAL,TRUE,TRUE,FALSE,0,3,Oakland,26125,Michigan,US,164,16,0.157163,48375,Oakland,,,,FALSE,0.412337284435089
1577,1577,,SEMCOG,INTERNAL,TRUE,TRUE,FALSE,0,3,Oakland,26125,Michigan,US,164,16,0.304544,48375,Oakland,,,,FALSE,0.720834695486233
1578,1578,,SEMCOG,INTERNAL,TRUE,TRUE,FALSE,0,3,Oakland,26125,Michigan,US,164,16,0.224978,48375,Oakland,,,,FALSE,0.244462413179369
1579,1579,,SEMCOG,INTERNAL,TRUE,TRUE,FALSE,0,3,Oakland,26125,Michigan,US,164,16,0.454753,48375,Oakland,,,,FALSE,0.168247479209637
1580,1580,,SEMCOG,INTERNAL,TRUE,TRUE,FALSE,0,3,Oakland,26125,Michigan,US,164,16,0.444001,48375,Oakland,,,,FALSE,0.770520804948062
1581,1581,,SEMCOG,INTERNAL,TRUE,TRUE,FALSE,0,3,Oakland,26125,Michigan,US,164,16,0.155678,48375,Oakland,,,,FALSE,1.02854217813305
1582,1582,,SEMCOG,INTERNAL,TRUE,TRUE,FALSE,0,3,Oakland,26125,Michigan,US,164,16,0.206904,48375,Oakland,,,,FALSE,0.936311899580393
1583,1583,,SEMCOG,INTERNAL,TRUE,TRUE,FALSE,0,3,Oakland,26125,Michigan,US,164,16,0.31177,48375,Oakland,,,,FALSE,0.290449042777614
1584,1584,,SEMCOG,INTERNAL,TRUE,TRUE,FALSE,0,3,Oakland,26125,Michigan,US,164,16,0.220513,48375,Oakland,,,,FALSE,0.184138655152046
1585,1585,,SEMCOG,INTERNAL,TRUE,TRUE,FALSE,0,3,Oakland,26125,Michigan,US,165,16,1.028758,48375,Oakland,,,,FALSE,0.888666859913622
1586,1586,,SEMCOG,INTERNAL,TRUE,TRUE,FALSE,0,3,Oakland,26125,Michigan,US,165,16,0.485986,48375,Oakland,,,,FALSE,0.224913238728921
1587,1587,,SEMCOG,INTERNAL,TRUE,TRUE,FALSE,0,3,Oakland,26125,Michigan,US,165,16,1.005,48374,Oakland,,,,FALSE,1.21136326219838
1588,1588,,SEMCOG,INTERNAL,TRUE,TRUE,FALSE,0,3,Oakland,26125,Michigan,US,165,16,0.788154,48374,Oakland,,,,FALSE,0.369332117810677
1589,1589,,SEMCOG,INTERNAL,TRUE,TRUE,FALSE,0,3,Oakland,26125,Michigan,US,165,16,2.011954,48374,Oakland,,,,FALSE,1.27621985606891
1590,1590,,SEMCOG,INTERNAL,TRUE,TRUE,FALSE,0,3,Oakland,26125,Michigan,US,165,16,2.026,48374,Oakland,,,,FALSE,0.970507027656605
1591,1591,,SEMCOG,INTERNAL,TRUE,TRUE,FALSE,0,3,Oakland,26125,Michigan,US,165,16,1.890902,48374,Oakland,,,,FALSE,2.53415447083783
1592,1592,,SEMCOG,INTERNAL,TRUE,TRUE,FALSE,0,3,Oakland,26125,Michigan,US,165,16,2.131382,48167,Oakland,,,,FALSE,3.45898037122222
1593,1593,,SEMCOG,INTERNAL,TRUE,TRUE,FALSE,0,3,Oakland,26125,Michigan,US,162,16,0.447588,48393,Oakland,,,,FALSE,0.223165985431202
1594,1594,,SEMCOG,INTERNAL,TRUE,TRUE,FALSE,0,3,Oakland,26125,Michigan,US,162,16,0.9798,48393,Oakland,,,,FALSE,1.02508751368749
1595,1595,,SEMCOG,INTERNAL,TRUE,TRUE,FALSE,0,3,Oakland,26125,Michigan,US,162,16,0.65444,48393,Oakland,,,,FALSE,0.397622869952378
1596,1596,,SEMCOG,INTERNAL,TRUE,TRUE,FALSE,0,3,Oakland,26125,Michigan,US,162,16,0.830497,48393,Oakland,,,,FALSE,1.11726387316494
1597,1597,,SEMCOG,INTERNAL,TRUE,TRUE,FALSE,0,3,Oakland,26125,Michigan,US,162,16,1.025337,48393,Oakland,,,,FALSE,0.346807684458297
1598,1598,,SEMCOG,INTERNAL,TRUE,TRUE,FALSE,0,3,Oakland,26125,Michigan,US,162,16,0.249494,48393,Oakland,,,,FALSE,0.466410299322363
1599,1599,,SEMCOG,INTERNAL,TRUE,TRUE,FALSE,0,3,Oakland,26125,Michigan,US,162,16,0.141916,48393,Oakland,,,,FALSE,1.41350631660842
1600,1600,,SEMCOG,INTERNAL,TRUE,TRUE,FALSE,0,3,Oakland,26125,Michigan,US,162,16,0.362962,48393,Oakland,,,,FALSE,1.63374568428876
1601,1601,,SEMCOG,INTERNAL,TRUE,TRUE,FALSE,0,3,Oakland,26125,Michigan,US,162,16,0.959787,48393,Oakland,,,,FALSE,3.18484756142851
1602,1602,,SEMCOG,INTERNAL,TRUE,TRUE,FALSE,0,3,Oakland,26125,Michigan,US,162,16,1.002162,48393,Oakland,,,,FALSE,2.30551669761869
1603,1603,,SEMCOG,INTERNAL,TRUE,TRUE,FALSE,0,3,Oakland,26125,Michigan,US,162,16,0.566149,48393,Oakland,,,,FALSE,3.6537794930831
1604,1604,,SEMCOG,INTERNAL,TRUE,TRUE,FALSE,0,3,Oakland,26125,Michigan,US,162,16,1.615638,48393,Oakland,,,,FALSE,2.26588786913281
1605,1605,,SEMCOG,INTERNAL,TRUE,TRUE,FALSE,0,3,Oakland,26125,Michigan,US,163,16,1.95216,48377,Oakland,,,,FALSE,1.98896635805299
1606,1606,,SEMCOG,INTERNAL,TRUE,TRUE,FALSE,0,3,Oakland,26125,Michigan,US,163,16,2.140691,48377,Oakland,,,,FALSE,0.986434659789865
1607,1607,,SEMCOG,INTERNAL,TRUE,TRUE,FALSE,0,3,Oakland,26125,Michigan,US,163,16,1.991966,48377,Oakland,,,,FALSE,1.96234695319977
1608,1608,,SEMCOG,INTERNAL,TRUE,TRUE,FALSE,0,3,Oakland,26125,Michigan,US,163,16,2.041645,48377,Oakland,,,,FALSE,1.00341494232252
1609,1609,,SEMCOG,INTERNAL,TRUE,TRUE,FALSE,0,3,Oakland,26125,Michigan,US,163,16,0.277844,48377,Oakland,,,,FALSE,0.124481931053988
1610,1610,,SEMCOG,INTERNAL,TRUE,TRUE,FALSE,0,3,Oakland,26125,Michigan,US,163,16,0.236198,48377,Oakland,,,,FALSE,0.267979089179208
1611,1611,,SEMCOG,INTERNAL,TRUE,TRUE,FALSE,0,3,Oakland,26125,Michigan,US,163,16,0.194712,48377,Oakland,,,,FALSE,0.235806957412241
1612,1612,,SEMCOG,INTERNAL,TRUE,TRUE,FALSE,0,3,Oakland,26125,Michigan,US,163,16,0.662132,48377,Oakland,,,,FALSE,0.326088078965793
1613,1613,,SEMCOG,INTERNAL,TRUE,TRUE,FALSE,0,3,Oakland,26125,Michigan,US,163,16,0.924674,48377,Oakland,,,,FALSE,0.0345919484073982
1614,1614,,SEMCOG,INTERNAL,TRUE,TRUE,FALSE,0,3,Oakland,26125,Michigan,US,160,16,2.042907,48390,Oakland,,,,FALSE,3.20903934617221
1615,1615,,SEMCOG,INTERNAL,TRUE,TRUE,FALSE,0,3,Oakland,26125,Michigan,US,161,16,0.682009,48390,Oakland,,,,FALSE,3.09610550542241
1616,1616,,SEMCOG,INTERNAL,TRUE,TRUE,FALSE,0,3,Oakland,26125,Michigan,US,161,16,1.679556,48390,Oakland,,,,FALSE,4.36788961346883
1617,1617,,SEMCOG,INTERNAL,TRUE,TRUE,FALSE,0,3,Oakland,26125,Michigan,US,161,16,0.422209,48390,Oakland,,,,FALSE,4.25245241389146
1618,1618,,SEMCOG,INTERNAL,TRUE,TRUE,FALSE,0,3,Oakland,26125,Michigan,US,161,16,0.381707,48390,Oakland,,,,FALSE,3.7184509604486
1619,1619,,SEMCOG,INTERNAL,TRUE,TRUE,FALSE,0,3,Oakland,26125,Michigan,US,161,16,0.871905,48390,Oakland,,,,FALSE,2.95429514198375
1620,1620,,SEMCOG,INTERNAL,TRUE,TRUE,FALSE,0,3,Oakland,26125,Michigan,US,159,16,0.360788,48390,Oakland,,,,FALSE,3.85954496270614
1621,1621,,SEMCOG,INTERNAL,TRUE,TRUE,FALSE,0,3,Oakland,26125,Michigan,US,159,16,0.671142,48390,Oakland,,,,FALSE,3.99963124023869
1622,1622,,SEMCOG,INTERNAL,TRUE,TRUE,FALSE,0,3,Oakland,26125,Michigan,US,159,16,0.974282,48390,Oakland,,,,FALSE,2.96331719196201
1623,1623,,SEMCOG,INTERNAL,TRUE,TRUE,FALSE,0,3,Oakland,26125,Michigan,US,159,16,0.513043,48390,Oakland,,,,FALSE,3.10666351705649
1624,1624,,SEMCOG,INTERNAL,TRUE,TRUE,FALSE,0,3,Oakland,26125,Michigan,US,159,16,2.031515,48390,Oakland,,,,FALSE,4.91175735880038
1625,1625,,SEMCOG,INTERNAL,TRUE,TRUE,FALSE,0,3,Oakland,26125,Michigan,US,159,16,1.775122,48382,Oakland,,,,FALSE,6.29330037634122
1626,1626,,SEMCOG,INTERNAL,TRUE,TRUE,FALSE,0,3,Oakland,26125,Michigan,US,159,16,0.540811,48390,Oakland,,,,FALSE,6.14069975257214
1627,1627,,SEMCOG,INTERNAL,TRUE,TRUE,FALSE,0,3,Oakland,26125,Michigan,US,159,16,0.743102,48382,Oakland,,,,FALSE,6.2447690500204
1628,1628,,SEMCOG,INTERNAL,TRUE,TRUE,FALSE,0,3,Oakland,26125,Michigan,US,159,16,1.277234,48382,Oakland,,,,FALSE,7.33098050439563
1629,1629,,SEMCOG,INTERNAL,TRUE,TRUE,FALSE,0,3,Oakland,26125,Michigan,US,159,16,1.866637,48382,Oakland,,,,FALSE,8.07575865920662
1630,1630,,SEMCOG,INTERNAL,TRUE,TRUE,FALSE,0,3,Oakland,26125,Michigan,US,160,16,2.363324,48382,Oakland,,,,FALSE,5.98258136299418
1631,1631,,SEMCOG,INTERNAL,TRUE,TRUE,FALSE,0,3,Oakland,26125,Michigan,US,160,16,2.891464,48382,Oakland,,,,FALSE,7.36455764681041
1632,1632,,SEMCOG,INTERNAL,TRUE,TRUE,FALSE,0,3,Oakland,26125,Michigan,US,160,16,2.136511,48382,Oakland,,,,FALSE,6.83379293009255
1633,1633,,SEMCOG,INTERNAL,TRUE,TRUE,FALSE,0,3,Oakland,26125,Michigan,US,160,16,4.752954,48382,Oakland,,,,FALSE,4.61235561600164
1634,1634,,SEMCOG,INTERNAL,TRUE,TRUE,FALSE,0,3,Oakland,26125,Michigan,US,160,16,3.233568,48382,Oakland,,,,FALSE,5.77008235867493
1635,1635,,SEMCOG,INTERNAL,TRUE,TRUE,FALSE,0,3,Oakland,26125,Michigan,US,166,16,0.579211,48381,Oakland,,,,FALSE,4.40645860257836
1636,1636,,SEMCOG,INTERNAL,TRUE,TRUE,FALSE,0,3,Oakland,26125,Michigan,US,166,16,0.627533,48381,Oakland,,,,FALSE,5.14064128838877
1637,1637,,SEMCOG,INTERNAL,TRUE,TRUE,FALSE,0,3,Oakland,26125,Michigan,US,166,16,0.410589,48381,Oakland,,,,FALSE,4.61960204621289
1638,1638,,SEMCOG,INTERNAL,TRUE,TRUE,FALSE,0,3,Oakland,26125,Michigan,US,166,16,0.342408,48381,Oakland,,,,FALSE,5.16745468312886
1639,1639,,SEMCOG,INTERNAL,TRUE,TRUE,FALSE,0,3,Oakland,26125,Michigan,US,166,16,0.555724,48381,Oakland,,,,FALSE,3.9984399888963
1640,1640,,SEMCOG,INTERNAL,TRUE,TRUE,FALSE,0,3,Oakland,26125,Michigan,US,166,16,3.368907,48381,Oakland,,,,FALSE,5.65881290860578
1641,1641,,SEMCOG,INTERNAL,TRUE,TRUE,FALSE,0,3,Oakland,26125,Michigan,US,166,16,5.373135,48381,Oakland,,,,FALSE,3.40401240210509
1642,1642,,SEMCOG,INTERNAL,TRUE,TRUE,FALSE,0,3,Oakland,26125,Michigan,US,166,16,6.015938,48381,Oakland,,,,FALSE,1.69426787674032
1643,1643,,SEMCOG,INTERNAL,TRUE,TRUE,FALSE,0,3,Oakland,26125,Michigan,US,166,16,8.350849,48380,Oakland,,,,FALSE,1.650021311494
1644,1644,,SEMCOG,INTERNAL,TRUE,TRUE,FALSE,0,3,Oakland,26125,Michigan,US,166,16,4.707674,48380,Oakland,,,,FALSE,5.0081090824409
1645,1645,,SEMCOG,INTERNAL,TRUE,TRUE,FALSE,0,3,Oakland,26125,Michigan,US,166,16,2.32516,48380,Oakland,,,,FALSE,3.05982838071362
1646,1646,,SEMCOG,INTERNAL,TRUE,TRUE,FALSE,0,3,Oakland,26125,Michigan,US,166,16,1.882337,48380,Oakland,,,,FALSE,4.71259232370245
1647,1647,,SEMCOG,INTERNAL,TRUE,TRUE,FALSE,0,3,Oakland,26125,Michigan,US,166,16,0.569611,48380,Oakland,,,,FALSE,3.36401769393055
1648,1648,,SEMCOG,INTERNAL,TRUE,TRUE,FALSE,0,3,Oakland,26125,Michigan,US,167,16,0.506019,48178,Oakland,,,,FALSE,3.4602637462695
1649,1649,,SEMCOG,INTERNAL,TRUE,TRUE,FALSE,0,3,Oakland,26125,Michigan,US,167,16,1.008066,48178,Oakland,,,,FALSE,4.42309803831791
1650,1650,,SEMCOG,INTERNAL,TRUE,TRUE,FALSE,0,3,Oakland,26125,Michigan,US,167,16,0.441369,48178,Oakland,,,,FALSE,4.27938368715808
1651,1651,,SEMCOG,INTERNAL,TRUE,TRUE,FALSE,0,3,Oakland,26125,Michigan,US,167,16,0.527514,48178,Oakland,,,,FALSE,2.83315300723348
1652,1652,,SEMCOG,INTERNAL,TRUE,TRUE,FALSE,0,3,Oakland,26125,Michigan,US,167,16,1.134591,48178,Oakland,,,,FALSE,3.20513734956346
1653,1653,,SEMCOG,INTERNAL,TRUE,TRUE,FALSE,0,3,Oakland,26125,Michigan,US,167,16,1.562231,48165,Oakland,,,,FALSE,0.270587014766777
1654,1654,,SEMCOG,INTERNAL,TRUE,TRUE,FALSE,0,3,Oakland,26125,Michigan,US,167,16,1.408834,48165,Oakland,,,,FALSE,0.462114170713311
1655,1655,,SEMCOG,INTERNAL,TRUE,TRUE,FALSE,0,3,Oakland,26125,Michigan,US,167,16,1.340012,48178,Oakland,,,,FALSE,1.68302316197104
1656,1656,,SEMCOG,INTERNAL,TRUE,TRUE,FALSE,0,3,Oakland,26125,Michigan,US,167,16,1.217791,48178,Oakland,,,,FALSE,1.68606437847724
1657,1657,,SEMCOG,INTERNAL,TRUE,TRUE,FALSE,0,3,Oakland,26125,Michigan,US,167,16,1.663776,48165,Oakland,,,,FALSE,1.46811283598766
1658,1658,,SEMCOG,INTERNAL,TRUE,TRUE,FALSE,0,3,Oakland,26125,Michigan,US,167,16,1.250947,48178,Oakland,,,,FALSE,3.3726252840444
1659,1659,,SEMCOG,INTERNAL,TRUE,TRUE,FALSE,0,3,Oakland,26125,Michigan,US,167,16,1.984627,48178,Oakland,,,,FALSE,5.14656252081987
1660,1660,,SEMCOG,INTERNAL,TRUE,TRUE,FALSE,0,3,Oakland,26125,Michigan,US,167,16,1.985254,48178,Oakland,,,,FALSE,4.06336207580122
1661,1661,,SEMCOG,INTERNAL,TRUE,TRUE,FALSE,0,3,Oakland,26125,Michigan,US,167,16,1.985569,48178,Oakland,,,,FALSE,4.97769576025973
1662,1662,,SEMCOG,INTERNAL,TRUE,TRUE,FALSE,0,3,Oakland,26125,Michigan,US,167,16,3.692892,48393,Oakland,,,,FALSE,0.261977518101645
1663,1663,,SEMCOG,INTERNAL,TRUE,TRUE,FALSE,0,3,Oakland,26125,Michigan,US,167,16,1.486141,48393,Oakland,,,,FALSE,0.673451094295722
1664,1664,,SEMCOG,INTERNAL,TRUE,TRUE,FALSE,0,3,Oakland,26125,Michigan,US,167,16,5.980563,48178,Oakland,,,,FALSE,2.08982797762673
1665,1665,,SEMCOG,INTERNAL,TRUE,TRUE,FALSE,0,3,Oakland,26125,Michigan,US,167,16,2.009557,48178,Oakland,,,,FALSE,3.28558123606385
1666,1666,,SEMCOG,INTERNAL,TRUE,TRUE,FALSE,0,3,Oakland,26125,Michigan,US,167,16,1.987917,48167,Oakland,,,,FALSE,4.18440410264329
1667,1667,,SEMCOG,INTERNAL,TRUE,TRUE,FALSE,0,3,Oakland,26125,Michigan,US,167,16,1.263029,48165,Oakland,,,,FALSE,0.998386354414099
1668,1668,,SEMCOG,INTERNAL,TRUE,TRUE,FALSE,0,3,Oakland,26125,Michigan,US,167,16,0.989542,48178,Oakland,,,,FALSE,2.48674074714441
1669,1669,,SEMCOG,INTERNAL,TRUE,TRUE,FALSE,0,4,Macomb,26099,Michigan,US,172,21,0.283905,48015,Macomb,,,,FALSE,1.21959635701464
1670,1670,,SEMCOG,INTERNAL,TRUE,TRUE,FALSE,0,4,Macomb,26099,Michigan,US,172,21,0.575095,48015,Macomb,,,,FALSE,0.478117222726032
1671,1671,,SEMCOG,INTERNAL,TRUE,TRUE,FALSE,0,4,Macomb,26099,Michigan,US,172,21,0.299045,48015,Macomb,,,,FALSE,0.825496104848947
1672,1672,,SEMCOG,INTERNAL,TRUE,TRUE,FALSE,0,4,Macomb,26099,Michigan,US,172,21,0.579884,48015,Macomb,,,,FALSE,0.567658363151796
1673,1673,,SEMCOG,INTERNAL,TRUE,TRUE,FALSE,0,4,Macomb,26099,Michigan,US,172,21,0.180876,48091,Macomb,,,,FALSE,1.26891442736843
1674,1674,,SEMCOG,INTERNAL,TRUE,TRUE,FALSE,0,4,Macomb,26099,Michigan,US,172,21,0.46025,48091,Macomb,,,,FALSE,1.92677579426833
1675,1675,,SEMCOG,INTERNAL,TRUE,TRUE,FALSE,0,4,Macomb,26099,Michigan,US,172,21,0.202825,48089,Macomb,,,,FALSE,2.32953912727031
1676,1676,,SEMCOG,INTERNAL,TRUE,TRUE,FALSE,0,4,Macomb,26099,Michigan,US,172,21,0.41675,48089,Macomb,,,,FALSE,2.01979768515123
1677,1677,,SEMCOG,INTERNAL,TRUE,TRUE,FALSE,0,4,Macomb,26099,Michigan,US,172,21,0.251863,48089,Macomb,,,,FALSE,1.19995257292933
1678,1678,,SEMCOG,INTERNAL,TRUE,TRUE,FALSE,0,4,Macomb,26099,Michigan,US,172,21,0.526929,48089,Macomb,,,,FALSE,1.71489218703909
1679,1679,,SEMCOG,INTERNAL,TRUE,TRUE,FALSE,0,4,Macomb,26099,Michigan,US,168,21,0.361573,48091,Macomb,,,,FALSE,0.164421239139936
1680,1680,,SEMCOG,INTERNAL,TRUE,TRUE,FALSE,0,4,Macomb,26099,Michigan,US,168,21,0.389635,48091,Macomb,,,,FALSE,0.831239558778221
1681,1681,,SEMCOG,INTERNAL,TRUE,TRUE,FALSE,0,4,Macomb,26099,Michigan,US,168,21,0.496992,48091,Macomb,,,,FALSE,1.78448113905073
1682,1682,,SEMCOG,INTERNAL,TRUE,TRUE,FALSE,0,4,Macomb,26099,Michigan,US,169,21,0.492602,48092,Macomb,,,,FALSE,0.489784668610692
1683,1683,,SEMCOG,INTERNAL,TRUE,TRUE,FALSE,0,4,Macomb,26099,Michigan,US,169,21,0.442637,48092,Macomb,,,,FALSE,0.349832435483623
1684,1684,,SEMCOG,INTERNAL,TRUE,TRUE,FALSE,0,4,Macomb,26099,Michigan,US,169,21,0.553859,48092,Macomb,,,,FALSE,1.41159901874126
1685,1685,,SEMCOG,INTERNAL,TRUE,TRUE,FALSE,0,4,Macomb,26099,Michigan,US,169,21,0.284212,48093,Macomb,,,,FALSE,1.82594828569973
1686,1686,,SEMCOG,INTERNAL,TRUE,TRUE,FALSE,0,4,Macomb,26099,Michigan,US,169,21,0.279947,48093,Macomb,,,,FALSE,1.29141513243512
1687,1687,,SEMCOG,INTERNAL,TRUE,TRUE,FALSE,0,4,Macomb,26099,Michigan,US,169,21,0.394378,48092,Macomb,,,,FALSE,2.53573359892564
1688,1688,,SEMCOG,INTERNAL,TRUE,TRUE,FALSE,0,4,Macomb,26099,Michigan,US,169,21,0.41759,48092,Macomb,,,,FALSE,2.42941023783872
1689,1689,,SEMCOG,INTERNAL,TRUE,TRUE,FALSE,0,4,Macomb,26099,Michigan,US,168,21,0.508076,48091,Macomb,,,,FALSE,0.826048534519196
1690,1690,,SEMCOG,INTERNAL,TRUE,TRUE,FALSE,0,4,Macomb,26099,Michigan,US,168,21,0.513051,48091,Macomb,,,,FALSE,1.31812674777362
1691,1691,,SEMCOG,INTERNAL,TRUE,TRUE,FALSE,0,4,Macomb,26099,Michigan,US,168,21,1.038876,48091,Macomb,,,,FALSE,1.83204415962896
1692,1692,,SEMCOG,INTERNAL,TRUE,TRUE,FALSE,0,4,Macomb,26099,Michigan,US,168,21,0.517934,48091,Macomb,,,,FALSE,0.694638613974613
1693,1693,,SEMCOG,INTERNAL,TRUE,TRUE,FALSE,0,4,Macomb,26099,Michigan,US,168,21,0.506034,48091,Macomb,,,,FALSE,1.11401958696623
1694,1694,,SEMCOG,INTERNAL,TRUE,TRUE,FALSE,0,4,Macomb,26099,Michigan,US,168,21,0.50037,48091,Macomb,,,,FALSE,0.814242579578976
1695,1695,,SEMCOG,INTERNAL,TRUE,TRUE,FALSE,0,4,Macomb,26099,Michigan,US,168,21,0.495064,48091,Macomb,,,,FALSE,1.16084596328417
1696,1696,,SEMCOG,INTERNAL,TRUE,TRUE,FALSE,0,4,Macomb,26099,Michigan,US,168,21,0.930016,48091,Macomb,,,,FALSE,0.39880517338012
1697,1697,,SEMCOG,INTERNAL,TRUE,TRUE,FALSE,0,4,Macomb,26099,Michigan,US,168,21,1.051963,48091,Macomb,,,,FALSE,0.37427492559078
1698,1698,,SEMCOG,INTERNAL,TRUE,TRUE,FALSE,0,4,Macomb,26099,Michigan,US,169,21,0.406726,48092,Macomb,,,,FALSE,0.535524415590746
1699,1699,,SEMCOG,INTERNAL,TRUE,TRUE,FALSE,0,4,Macomb,26099,Michigan,US,169,21,0.528394,48092,Macomb,,,,FALSE,0.478752854342614
1700,1700,,SEMCOG,INTERNAL,TRUE,TRUE,FALSE,0,4,Macomb,26099,Michigan,US,169,21,1.103912,48092,Macomb,,,,FALSE,0.498329766079056
1701,1701,,SEMCOG,INTERNAL,TRUE,TRUE,FALSE,0,4,Macomb,26099,Michigan,US,169,21,0.455052,48092,Macomb,,,,FALSE,1.21555638253091
1702,1702,,SEMCOG,INTERNAL,TRUE,TRUE,FALSE,0,4,Macomb,26099,Michigan,US,169,21,0.495145,48092,Macomb,,,,FALSE,1.72444214887404
1703,1703,,SEMCOG,INTERNAL,TRUE,TRUE,FALSE,0,4,Macomb,26099,Michigan,US,169,21,0.474138,48092,Macomb,,,,FALSE,1.51174756916595
1704,1704,,SEMCOG,INTERNAL,TRUE,TRUE,FALSE,0,4,Macomb,26099,Michigan,US,169,21,0.613593,48092,Macomb,,,,FALSE,1.32490354582875
1705,1705,,SEMCOG,INTERNAL,TRUE,TRUE,FALSE,0,4,Macomb,26099,Michigan,US,169,21,0.960929,48092,Macomb,,,,FALSE,1.91718249304688
1706,1706,,SEMCOG,INTERNAL,TRUE,TRUE,FALSE,0,4,Macomb,26099,Michigan,US,169,21,0.575639,48092,Macomb,,,,FALSE,2.1492512197013
1707,1707,,SEMCOG,INTERNAL,TRUE,TRUE,FALSE,0,4,Macomb,26099,Michigan,US,169,21,0.531603,48092,Macomb,,,,FALSE,2.65465204252389
1708,1708,,SEMCOG,INTERNAL,TRUE,TRUE,FALSE,0,4,Macomb,26099,Michigan,US,170,21,0.555136,48093,Macomb,,,,FALSE,0.774331996992314
1709,1709,,SEMCOG,INTERNAL,TRUE,TRUE,FALSE,0,4,Macomb,26099,Michigan,US,170,21,0.565465,48093,Macomb,,,,FALSE,0.263229499926553
1710,1710,,SEMCOG,INTERNAL,TRUE,TRUE,FALSE,0,4,Macomb,26099,Michigan,US,170,21,0.505278,48088,Macomb,,,,FALSE,0.785441018317831
1711,1711,,SEMCOG,INTERNAL,TRUE,TRUE,FALSE,0,4,Macomb,26099,Michigan,US,170,21,0.520425,48093,Macomb,,,,FALSE,0.265979304610141
1712,1712,,SEMCOG,INTERNAL,TRUE,TRUE,FALSE,0,4,Macomb,26099,Michigan,US,170,21,0.758172,48088,Macomb,,,,FALSE,0.407130429097447
1713,1713,,SEMCOG,INTERNAL,TRUE,TRUE,FALSE,0,4,Macomb,26099,Michigan,US,170,21,0.243618,48088,Macomb,,,,FALSE,0.770076120897709
1714,1714,,SEMCOG,INTERNAL,TRUE,TRUE,FALSE,0,4,Macomb,26099,Michigan,US,170,21,0.496908,48088,Macomb,,,,FALSE,1.75939428628186
1715,1715,,SEMCOG,INTERNAL,TRUE,TRUE,FALSE,0,4,Macomb,26099,Michigan,US,170,21,0.477847,48088,Macomb,,,,FALSE,1.26462947424432
1716,1716,,SEMCOG,INTERNAL,TRUE,TRUE,FALSE,0,4,Macomb,26099,Michigan,US,170,21,0.485035,48093,Macomb,,,,FALSE,1.77664522149676
1717,1717,,SEMCOG,INTERNAL,TRUE,TRUE,FALSE,0,4,Macomb,26099,Michigan,US,170,21,0.486665,48093,Macomb,,,,FALSE,1.28453583260262
1718,1718,,SEMCOG,INTERNAL,TRUE,TRUE,FALSE,0,4,Macomb,26099,Michigan,US,170,21,0.525254,48093,Macomb,,,,FALSE,1.83379927488061
1719,1719,,SEMCOG,INTERNAL,TRUE,TRUE,FALSE,0,4,Macomb,26099,Michigan,US,170,21,0.62379,48093,Macomb,,,,FALSE,1.32069051046565
1720,1720,,SEMCOG,INTERNAL,TRUE,TRUE,FALSE,0,4,Macomb,26099,Michigan,US,170,21,1.133707,48093,Macomb,,,,FALSE,2.6011291031391
1721,1721,,SEMCOG,INTERNAL,TRUE,TRUE,FALSE,0,4,Macomb,26099,Michigan,US,170,21,1.06567,48093,Macomb,,,,FALSE,2.56281565388831
1722,1722,,SEMCOG,INTERNAL,TRUE,TRUE,FALSE,0,4,Macomb,26099,Michigan,US,170,21,0.54018,48088,Macomb,,,,FALSE,2.79891566347625
1723,1723,,SEMCOG,INTERNAL,TRUE,TRUE,FALSE,0,4,Macomb,26099,Michigan,US,170,21,0.511755,48088,Macomb,,,,FALSE,2.27313916127259
1724,1724,,SEMCOG,INTERNAL,TRUE,TRUE,FALSE,0,4,Macomb,26099,Michigan,US,171,21,0.886237,48089,Macomb,,,,FALSE,2.45429307543165
1725,1725,,SEMCOG,INTERNAL,TRUE,TRUE,FALSE,0,4,Macomb,26099,Michigan,US,171,21,0.560995,48089,Macomb,,,,FALSE,1.20074321489506
1726,1726,,SEMCOG,INTERNAL,TRUE,TRUE,FALSE,0,4,Macomb,26099,Michigan,US,171,21,0.440896,48089,Macomb,,,,FALSE,1.69018185634836
1727,1727,,SEMCOG,INTERNAL,TRUE,TRUE,FALSE,0,4,Macomb,26099,Michigan,US,171,21,0.615488,48089,Macomb,,,,FALSE,0.386627657149773
1728,1728,,SEMCOG,INTERNAL,TRUE,TRUE,FALSE,0,4,Macomb,26099,Michigan,US,171,21,0.366298,48089,Macomb,,,,FALSE,2.73583924923738
1729,1729,,SEMCOG,INTERNAL,TRUE,TRUE,FALSE,0,4,Macomb,26099,Michigan,US,171,21,0.21306,48089,Macomb,,,,FALSE,2.24561406963468
1730,1730,,SEMCOG,INTERNAL,TRUE,TRUE,FALSE,0,4,Macomb,26099,Michigan,US,171,21,0.382567,48089,Macomb,,,,FALSE,2.7285598575642
1731,1731,,SEMCOG,INTERNAL,TRUE,TRUE,FALSE,0,4,Macomb,26099,Michigan,US,171,21,0.372937,48089,Macomb,,,,FALSE,2.22553552351662
1732,1732,,SEMCOG,INTERNAL,TRUE,TRUE,FALSE,0,4,Macomb,26099,Michigan,US,171,21,0.86177,48089,Macomb,,,,FALSE,1.49114698965243
1733,1733,,SEMCOG,INTERNAL,TRUE,TRUE,FALSE,0,4,Macomb,26099,Michigan,US,171,21,0.380726,48089,Macomb,,,,FALSE,0.61809412933346
1734,1734,,SEMCOG,INTERNAL,TRUE,TRUE,FALSE,0,4,Macomb,26099,Michigan,US,171,21,0.492359,48089,Macomb,,,,FALSE,0.464646175952859
1735,1735,,SEMCOG,INTERNAL,TRUE,TRUE,FALSE,0,4,Macomb,26099,Michigan,US,171,21,0.478887,48089,Macomb,,,,FALSE,0.225604368083041
1736,1736,,SEMCOG,INTERNAL,TRUE,TRUE,FALSE,0,4,Macomb,26099,Michigan,US,171,21,0.493853,48089,Macomb,,,,FALSE,0.717770249264625
1737,1737,,SEMCOG,INTERNAL,TRUE,TRUE,FALSE,0,4,Macomb,26099,Michigan,US,177,22,0.159993,48236,Macomb,,,,FALSE,2.28864260768667
1738,1738,,SEMCOG,INTERNAL,TRUE,TRUE,FALSE,0,4,Macomb,26099,Michigan,US,177,22,0.546108,48080,Macomb,,,,FALSE,1.8376498546046
1739,1739,,SEMCOG,INTERNAL,TRUE,TRUE,FALSE,0,4,Macomb,26099,Michigan,US,177,22,0.455668,48080,Macomb,,,,FALSE,1.46767023085081
1740,1740,,SEMCOG,INTERNAL,TRUE,TRUE,FALSE,0,4,Macomb,26099,Michigan,US,177,22,0.302349,48080,Macomb,,,,FALSE,1.71735310119302
1741,1741,,SEMCOG,INTERNAL,TRUE,TRUE,FALSE,0,4,Macomb,26099,Michigan,US,177,22,0.343435,48080,Macomb,,,,FALSE,1.07072314454703
1742,1742,,SEMCOG,INTERNAL,TRUE,TRUE,FALSE,0,4,Macomb,26099,Michigan,US,177,22,0.540727,48080,Macomb,,,,FALSE,0.767595067238751
1743,1743,,SEMCOG,INTERNAL,TRUE,TRUE,FALSE,0,4,Macomb,26099,Michigan,US,177,22,0.150946,48080,Macomb,,,,FALSE,0.073538311231603
1744,1744,,SEMCOG,INTERNAL,TRUE,TRUE,FALSE,0,4,Macomb,26099,Michigan,US,177,22,0.597171,48080,Macomb,,,,FALSE,0.348785606788312
1745,1745,,SEMCOG,INTERNAL,TRUE,TRUE,FALSE,0,4,Macomb,26099,Michigan,US,177,22,0.688752,48080,Macomb,,,,FALSE,0.259141947211271
1746,1746,,SEMCOG,INTERNAL,TRUE,TRUE,FALSE,0,4,Macomb,26099,Michigan,US,177,22,0.447071,48080,Macomb,,,,FALSE,0.829690636440504
1747,1747,,SEMCOG,INTERNAL,TRUE,TRUE,FALSE,0,4,Macomb,26099,Michigan,US,177,22,0.280811,48080,Macomb,,,,FALSE,1.26176015253239
1748,1748,,SEMCOG,INTERNAL,TRUE,TRUE,FALSE,0,4,Macomb,26099,Michigan,US,178,22,0.516449,48081,Macomb,,,,FALSE,0.244304175100251
1749,1749,,SEMCOG,INTERNAL,TRUE,TRUE,FALSE,0,4,Macomb,26099,Michigan,US,178,22,0.463656,48081,Macomb,,,,FALSE,0.707314179375588
1750,1750,,SEMCOG,INTERNAL,TRUE,TRUE,FALSE,0,4,Macomb,26099,Michigan,US,178,22,0.588108,48081,Macomb,,,,FALSE,1.18267148136265
1751,1751,,SEMCOG,INTERNAL,TRUE,TRUE,FALSE,0,4,Macomb,26099,Michigan,US,178,22,0.481191,48081,Macomb,,,,FALSE,1.59808910058935
1752,1752,,SEMCOG,INTERNAL,TRUE,TRUE,FALSE,0,4,Macomb,26099,Michigan,US,178,22,0.303466,48081,Macomb,,,,FALSE,1.31241129146954
1753,1753,,SEMCOG,INTERNAL,TRUE,TRUE,FALSE,0,4,Macomb,26099,Michigan,US,178,22,0.535577,48081,Macomb,,,,FALSE,1.48251981270462
1754,1754,,SEMCOG,INTERNAL,TRUE,TRUE,FALSE,0,4,Macomb,26099,Michigan,US,178,22,0.520261,48081,Macomb,,,,FALSE,0.494229679483547
1755,1755,,SEMCOG,INTERNAL,TRUE,TRUE,FALSE,0,4,Macomb,26099,Michigan,US,178,22,0.51919,48081,Macomb,,,,FALSE,0.47444584446593
1756,1756,,SEMCOG,INTERNAL,TRUE,TRUE,FALSE,0,4,Macomb,26099,Michigan,US,179,22,0.75724,48082,Macomb,,,,FALSE,0.840431432074636
1757,1757,,SEMCOG,INTERNAL,TRUE,TRUE,FALSE,0,4,Macomb,26099,Michigan,US,179,22,0.506527,48082,Macomb,,,,FALSE,1.37120941986282
1758,1758,,SEMCOG,INTERNAL,TRUE,TRUE,FALSE,0,4,Macomb,26099,Michigan,US,179,22,0.800041,48082,Macomb,,,,FALSE,0.654634522063566
1759,1759,,SEMCOG,INTERNAL,TRUE,TRUE,FALSE,0,4,Macomb,26099,Michigan,US,179,22,0.476714,48082,Macomb,,,,FALSE,0.930789311138679
1760,1760,,SEMCOG,INTERNAL,TRUE,TRUE,FALSE,0,4,Macomb,26099,Michigan,US,179,22,0.828332,48082,Macomb,,,,FALSE,0.396671628470225
1761,1761,,SEMCOG,INTERNAL,TRUE,TRUE,FALSE,0,4,Macomb,26099,Michigan,US,174,22,0.728273,48066,Macomb,,,,FALSE,0.343401143906753
1762,1762,,SEMCOG,INTERNAL,TRUE,TRUE,FALSE,0,4,Macomb,26099,Michigan,US,174,22,0.322373,48066,Macomb,,,,FALSE,0.122446934009679
1763,1763,,SEMCOG,INTERNAL,TRUE,TRUE,FALSE,0,4,Macomb,26099,Michigan,US,174,22,0.303892,48066,Macomb,,,,FALSE,0.692988232301064
1764,1764,,SEMCOG,INTERNAL,TRUE,TRUE,FALSE,0,4,Macomb,26099,Michigan,US,174,22,0.539624,48066,Macomb,,,,FALSE,0.683548566405099
1765,1765,,SEMCOG,INTERNAL,TRUE,TRUE,FALSE,0,4,Macomb,26099,Michigan,US,174,22,0.672235,48066,Macomb,,,,FALSE,0.657461056782136
1766,1766,,SEMCOG,INTERNAL,TRUE,TRUE,FALSE,0,4,Macomb,26099,Michigan,US,174,22,0.119119,48066,Macomb,,,,FALSE,0.523499426089624
1767,1767,,SEMCOG,INTERNAL,TRUE,TRUE,FALSE,0,4,Macomb,26099,Michigan,US,174,22,0.516419,48066,Macomb,,,,FALSE,0.141774691793513
1768,1768,,SEMCOG,INTERNAL,TRUE,TRUE,FALSE,0,4,Macomb,26099,Michigan,US,173,22,0.326707,48026,Macomb,,,,FALSE,2.15667997785727
1769,1769,,SEMCOG,INTERNAL,TRUE,TRUE,FALSE,0,4,Macomb,26099,Michigan,US,173,22,0.643904,48026,Macomb,,,,FALSE,1.90372632297762
1770,1770,,SEMCOG,INTERNAL,TRUE,TRUE,FALSE,0,4,Macomb,26099,Michigan,US,173,22,0.285248,48026,Macomb,,,,FALSE,1.27659600335796
1771,1771,,SEMCOG,INTERNAL,TRUE,TRUE,FALSE,0,4,Macomb,26099,Michigan,US,173,22,0.379308,48026,Macomb,,,,FALSE,1.06613714955123
1772,1772,,SEMCOG,INTERNAL,TRUE,TRUE,FALSE,0,4,Macomb,26099,Michigan,US,173,22,0.413156,48026,Macomb,,,,FALSE,1.65272718998801
1773,1773,,SEMCOG,INTERNAL,TRUE,TRUE,FALSE,0,4,Macomb,26099,Michigan,US,173,22,1.075342,48026,Macomb,,,,FALSE,2.19805222259902
1774,1774,,SEMCOG,INTERNAL,TRUE,TRUE,FALSE,0,4,Macomb,26099,Michigan,US,173,22,0.668864,48026,Macomb,,,,FALSE,2.85967280883301
1775,1775,,SEMCOG,INTERNAL,TRUE,TRUE,FALSE,0,4,Macomb,26099,Michigan,US,173,22,0.35754,48026,Macomb,,,,FALSE,2.56256168788075
1776,1776,,SEMCOG,INTERNAL,TRUE,TRUE,FALSE,0,4,Macomb,26099,Michigan,US,174,22,0.355118,48066,Macomb,,,,FALSE,1.29513794295092
1777,1777,,SEMCOG,INTERNAL,TRUE,TRUE,FALSE,0,4,Macomb,26099,Michigan,US,174,22,0.508493,48066,Macomb,,,,FALSE,1.80521861540391
1778,1778,,SEMCOG,INTERNAL,TRUE,TRUE,FALSE,0,4,Macomb,26099,Michigan,US,174,22,0.249239,48066,Macomb,,,,FALSE,0.700125427465283
1779,1779,,SEMCOG,INTERNAL,TRUE,TRUE,FALSE,0,4,Macomb,26099,Michigan,US,174,22,0.824335,48066,Macomb,,,,FALSE,0.446205454659229
1780,1780,,SEMCOG,INTERNAL,TRUE,TRUE,FALSE,0,4,Macomb,26099,Michigan,US,174,22,0.616978,48066,Macomb,,,,FALSE,1.36918384463858
1781,1781,,SEMCOG,INTERNAL,TRUE,TRUE,FALSE,0,4,Macomb,26099,Michigan,US,175,22,0.306461,48066,Macomb,,,,FALSE,0.244786243568939
1782,1782,,SEMCOG,INTERNAL,TRUE,TRUE,FALSE,0,4,Macomb,26099,Michigan,US,175,22,0.44306,48066,Macomb,,,,FALSE,0.765869455383499
1783,1783,,SEMCOG,INTERNAL,TRUE,TRUE,FALSE,0,4,Macomb,26099,Michigan,US,175,22,0.51631,48066,Macomb,,,,FALSE,0.190750087232765
1784,1784,,SEMCOG,INTERNAL,TRUE,TRUE,FALSE,0,4,Macomb,26099,Michigan,US,175,22,0.334068,48066,Macomb,,,,FALSE,0.333384660465257
1785,1785,,SEMCOG,INTERNAL,TRUE,TRUE,FALSE,0,4,Macomb,26099,Michigan,US,175,22,0.57855,48066,Macomb,,,,FALSE,0.247971582560825
1786,1786,,SEMCOG,INTERNAL,TRUE,TRUE,FALSE,0,4,Macomb,26099,Michigan,US,175,22,0.469129,48066,Macomb,,,,FALSE,0.715996707115533
1787,1787,,SEMCOG,INTERNAL,TRUE,TRUE,FALSE,0,4,Macomb,26099,Michigan,US,175,22,0.258013,48066,Macomb,,,,FALSE,0.254087725689284
1788,1788,,SEMCOG,INTERNAL,TRUE,TRUE,FALSE,0,4,Macomb,26099,Michigan,US,175,22,0.668561,48066,Macomb,,,,FALSE,0.229937140123121
1789,1789,,SEMCOG,INTERNAL,TRUE,TRUE,FALSE,0,4,Macomb,26099,Michigan,US,175,22,0.507591,48066,Macomb,,,,FALSE,0.707822636236346
1790,1790,,SEMCOG,INTERNAL,TRUE,TRUE,FALSE,0,4,Macomb,26099,Michigan,US,176,22,0.45543,48021,Macomb,,,,FALSE,0.283837004724101
1791,1791,,SEMCOG,INTERNAL,TRUE,TRUE,FALSE,0,4,Macomb,26099,Michigan,US,176,22,0.378452,48021,Macomb,,,,FALSE,1.26575974378417
1792,1792,,SEMCOG,INTERNAL,TRUE,TRUE,FALSE,0,4,Macomb,26099,Michigan,US,176,22,0.497125,48021,Macomb,,,,FALSE,1.25723480344958
1793,1793,,SEMCOG,INTERNAL,TRUE,TRUE,FALSE,0,4,Macomb,26099,Michigan,US,176,22,0.261078,48021,Macomb,,,,FALSE,0.55436438209416
1794,1794,,SEMCOG,INTERNAL,TRUE,TRUE,FALSE,0,4,Macomb,26099,Michigan,US,176,22,0.262283,48021,Macomb,,,,FALSE,0.783944218303838
1795,1795,,SEMCOG,INTERNAL,TRUE,TRUE,FALSE,0,4,Macomb,26099,Michigan,US,176,22,0.414171,48021,Macomb,,,,FALSE,1.72612989765887
1796,1796,,SEMCOG,INTERNAL,TRUE,TRUE,FALSE,0,4,Macomb,26099,Michigan,US,176,22,0.487992,48021,Macomb,,,,FALSE,1.21391620646356
1797,1797,,SEMCOG,INTERNAL,TRUE,TRUE,FALSE,0,4,Macomb,26099,Michigan,US,176,22,0.424056,48021,Macomb,,,,FALSE,2.16133501691039
1798,1798,,SEMCOG,INTERNAL,TRUE,TRUE,FALSE,0,4,Macomb,26099,Michigan,US,176,22,0.441142,48021,Macomb,,,,FALSE,1.43002284542254
1799,1799,,SEMCOG,INTERNAL,TRUE,TRUE,FALSE,0,4,Macomb,26099,Michigan,US,176,22,0.409339,48021,Macomb,,,,FALSE,1.72120817220964
1800,1800,,SEMCOG,INTERNAL,TRUE,TRUE,FALSE,0,4,Macomb,26099,Michigan,US,176,22,0.31876,48021,Macomb,,,,FALSE,0.988694816865586
1801,1801,,SEMCOG,INTERNAL,TRUE,TRUE,FALSE,0,4,Macomb,26099,Michigan,US,176,22,0.353318,48021,Macomb,,,,FALSE,0.658624143620413
1802,1802,,SEMCOG,INTERNAL,TRUE,TRUE,FALSE,0,4,Macomb,26099,Michigan,US,176,22,0.433912,48021,Macomb,,,,FALSE,0.306917311416738
1803,1803,,SEMCOG,INTERNAL,TRUE,TRUE,FALSE,0,4,Macomb,26099,Michigan,US,185,22,0.613582,48045,Macomb,,,,FALSE,0.068926408685938
1804,1804,,SEMCOG,INTERNAL,TRUE,TRUE,FALSE,0,4,Macomb,26099,Michigan,US,185,22,0.685829,48045,Macomb,,,,FALSE,0.382779530938707
1805,1805,,SEMCOG,INTERNAL,TRUE,TRUE,FALSE,0,4,Macomb,26099,Michigan,US,185,22,0.61869,48045,Macomb,,,,FALSE,0.477599859389408
1806,1806,,SEMCOG,INTERNAL,TRUE,TRUE,FALSE,0,4,Macomb,26099,Michigan,US,185,22,1.041952,48045,Macomb,,,,FALSE,1.53531694111754
1807,1807,,SEMCOG,INTERNAL,TRUE,TRUE,FALSE,0,4,Macomb,26099,Michigan,US,185,22,3.809189,48045,Macomb,,,,FALSE,2.70406235926974
1808,1808,,SEMCOG,INTERNAL,TRUE,TRUE,FALSE,0,4,Macomb,26099,Michigan,US,185,22,1.200263,48045,Macomb,,,,FALSE,0.189456778519338
1809,1809,,SEMCOG,INTERNAL,TRUE,TRUE,FALSE,0,4,Macomb,26099,Michigan,US,185,22,1.487879,48045,Macomb,,,,FALSE,0.998210389724382
1810,1810,,SEMCOG,INTERNAL,TRUE,TRUE,FALSE,0,4,Macomb,26099,Michigan,US,181,22,1.399942,48035,Macomb,,,,FALSE,0.486600403750087
1811,1811,,SEMCOG,INTERNAL,TRUE,TRUE,FALSE,0,4,Macomb,26099,Michigan,US,181,22,0.680201,48035,Macomb,,,,FALSE,0.335265932487403
1812,1812,,SEMCOG,INTERNAL,TRUE,TRUE,FALSE,0,4,Macomb,26099,Michigan,US,181,22,0.42497,48035,Macomb,,,,FALSE,1.26929605833668
1813,1813,,SEMCOG,INTERNAL,TRUE,TRUE,FALSE,0,4,Macomb,26099,Michigan,US,181,22,0.812919,48035,Macomb,,,,FALSE,0.862973179121865
1814,1814,,SEMCOG,INTERNAL,TRUE,TRUE,FALSE,0,4,Macomb,26099,Michigan,US,181,22,0.385798,48035,Macomb,,,,FALSE,1.63330349194433
1815,1815,,SEMCOG,INTERNAL,TRUE,TRUE,FALSE,0,4,Macomb,26099,Michigan,US,181,22,0.446664,48035,Macomb,,,,FALSE,1.63690875780938
1816,1816,,SEMCOG,INTERNAL,TRUE,TRUE,FALSE,0,4,Macomb,26099,Michigan,US,181,22,0.332826,48035,Macomb,,,,FALSE,1.36685735327117
1817,1817,,SEMCOG,INTERNAL,TRUE,TRUE,FALSE,0,4,Macomb,26099,Michigan,US,181,22,0.743672,48035,Macomb,,,,FALSE,0.835122169029821
1818,1818,,SEMCOG,INTERNAL,TRUE,TRUE,FALSE,0,4,Macomb,26099,Michigan,US,181,22,0.292918,48035,Macomb,,,,FALSE,0.420807167014304
1819,1819,,SEMCOG,INTERNAL,TRUE,TRUE,FALSE,0,4,Macomb,26099,Michigan,US,181,22,0.551516,48035,Macomb,,,,FALSE,0.540266454268731
1820,1820,,SEMCOG,INTERNAL,TRUE,TRUE,FALSE,0,4,Macomb,26099,Michigan,US,181,22,0.693952,48036,Macomb,,,,FALSE,1.90719243845512
1821,1821,,SEMCOG,INTERNAL,TRUE,TRUE,FALSE,0,4,Macomb,26099,Michigan,US,181,22,0.814945,48036,Macomb,,,,FALSE,1.00626463631675
1822,1822,,SEMCOG,INTERNAL,TRUE,TRUE,FALSE,0,4,Macomb,26099,Michigan,US,181,22,0.489273,48036,Macomb,,,,FALSE,0.428016944250177
1823,1823,,SEMCOG,INTERNAL,TRUE,TRUE,FALSE,0,4,Macomb,26099,Michigan,US,180,22,0.467826,48043,Macomb,,,,FALSE,1.76159308034851
1824,1824,,SEMCOG,INTERNAL,TRUE,TRUE,FALSE,0,4,Macomb,26099,Michigan,US,180,22,0.227237,48043,Macomb,,,,FALSE,1.53048441717606
1825,1825,,SEMCOG,INTERNAL,TRUE,TRUE,FALSE,0,4,Macomb,26099,Michigan,US,180,22,0.488927,48043,Macomb,,,,FALSE,1.54066752310444
1826,1826,,SEMCOG,INTERNAL,TRUE,TRUE,FALSE,0,4,Macomb,26099,Michigan,US,180,22,0.516452,48043,Macomb,,,,FALSE,0.871702983844904
1827,1827,,SEMCOG,INTERNAL,TRUE,TRUE,FALSE,0,4,Macomb,26099,Michigan,US,180,22,0.250469,48043,Macomb,,,,FALSE,0.46465364114087
1828,1828,,SEMCOG,INTERNAL,TRUE,TRUE,FALSE,0,4,Macomb,26099,Michigan,US,180,22,0.405929,48043,Macomb,,,,FALSE,1.42658323894297
1829,1829,,SEMCOG,INTERNAL,TRUE,TRUE,FALSE,0,4,Macomb,26099,Michigan,US,180,22,0.349163,48043,Macomb,,,,FALSE,1.03378759717659
1830,1830,,SEMCOG,INTERNAL,TRUE,TRUE,FALSE,0,4,Macomb,26099,Michigan,US,180,22,0.386945,48043,Macomb,,,,FALSE,1.99305923092092
1831,1831,,SEMCOG,INTERNAL,TRUE,TRUE,FALSE,0,4,Macomb,26099,Michigan,US,180,22,0.401517,48043,Macomb,,,,FALSE,1.7301350244831
1832,1832,,SEMCOG,INTERNAL,TRUE,TRUE,FALSE,0,4,Macomb,26099,Michigan,US,180,22,0.699115,48043,Macomb,,,,FALSE,0.427363069743705
1833,1833,,SEMCOG,INTERNAL,TRUE,TRUE,FALSE,0,4,Macomb,26099,Michigan,US,185,22,4.490292,48045,Macomb,,,,FALSE,1.19696579060045
1834,1834,,SEMCOG,INTERNAL,TRUE,TRUE,FALSE,0,4,Macomb,26099,Michigan,US,185,22,0.961845,48045,Macomb,,,,FALSE,0.0472751642778157
1835,1835,,SEMCOG,INTERNAL,TRUE,TRUE,FALSE,0,4,Macomb,26099,Michigan,US,183,22,1.066342,48038,Macomb,,,,FALSE,5.48394110083049
1836,1836,,SEMCOG,INTERNAL,TRUE,TRUE,FALSE,0,4,Macomb,26099,Michigan,US,183,22,0.342347,48038,Macomb,,,,FALSE,5.27332126965977
1837,1837,,SEMCOG,INTERNAL,TRUE,TRUE,FALSE,0,4,Macomb,26099,Michigan,US,183,22,1.005204,48038,Macomb,,,,FALSE,4.4987529257796
1838,1838,,SEMCOG,INTERNAL,TRUE,TRUE,FALSE,0,4,Macomb,26099,Michigan,US,183,22,0.743525,48038,Macomb,,,,FALSE,4.29011439685079
1839,1839,,SEMCOG,INTERNAL,TRUE,TRUE,FALSE,0,4,Macomb,26099,Michigan,US,184,22,0.647947,48038,Macomb,,,,FALSE,3.3159446178411
1840,1840,,SEMCOG,INTERNAL,TRUE,TRUE,FALSE,0,4,Macomb,26099,Michigan,US,184,22,1.213253,48038,Macomb,,,,FALSE,3.54121719447396
1841,1841,,SEMCOG,INTERNAL,TRUE,TRUE,FALSE,0,4,Macomb,26099,Michigan,US,184,22,1.134125,48038,Macomb,,,,FALSE,2.60647185606678
1842,1842,,SEMCOG,INTERNAL,TRUE,TRUE,FALSE,0,4,Macomb,26099,Michigan,US,184,22,0.768401,48038,Macomb,,,,FALSE,2.57152293359037
1843,1843,,SEMCOG,INTERNAL,TRUE,TRUE,FALSE,0,4,Macomb,26099,Michigan,US,184,22,0.68163,48036,Macomb,,,,FALSE,1.64695336839277
1844,1844,,SEMCOG,INTERNAL,TRUE,TRUE,FALSE,0,4,Macomb,26099,Michigan,US,184,22,0.957992,48036,Macomb,,,,FALSE,0.905428921463046
1845,1845,,SEMCOG,INTERNAL,TRUE,TRUE,FALSE,0,4,Macomb,26099,Michigan,US,184,22,0.245114,48036,Macomb,,,,FALSE,0.322332844537601
1846,1846,,SEMCOG,INTERNAL,TRUE,TRUE,FALSE,0,4,Macomb,26099,Michigan,US,184,22,0.261973,48036,Macomb,,,,FALSE,0.460721800864024
1847,1847,,SEMCOG,INTERNAL,TRUE,TRUE,FALSE,0,4,Macomb,26099,Michigan,US,184,22,0.211844,48036,Macomb,,,,FALSE,0.484697866088193
1848,1848,,SEMCOG,INTERNAL,TRUE,TRUE,FALSE,0,4,Macomb,26099,Michigan,US,182,22,0.988833,48035,Macomb,,,,FALSE,3.36217993072153
1849,1849,,SEMCOG,INTERNAL,TRUE,TRUE,FALSE,0,4,Macomb,26099,Michigan,US,182,22,0.964555,48035,Macomb,,,,FALSE,2.56829325564611
1850,1850,,SEMCOG,INTERNAL,TRUE,TRUE,FALSE,0,4,Macomb,26099,Michigan,US,182,22,0.82935,48035,Macomb,,,,FALSE,2.03337380446107
1851,1851,,SEMCOG,INTERNAL,TRUE,TRUE,FALSE,0,4,Macomb,26099,Michigan,US,182,22,0.48334,48036,Macomb,,,,FALSE,2.92568725047033
1852,1852,,SEMCOG,INTERNAL,TRUE,TRUE,FALSE,0,4,Macomb,26099,Michigan,US,182,22,0.873456,48036,Macomb,,,,FALSE,2.52291378145546
1853,1853,,SEMCOG,INTERNAL,TRUE,TRUE,FALSE,0,4,Macomb,26099,Michigan,US,182,22,0.873889,48036,Macomb,,,,FALSE,3.41399029548587
1854,1854,,SEMCOG,INTERNAL,TRUE,TRUE,FALSE,0,4,Macomb,26099,Michigan,US,182,22,1.358146,48036,Macomb,,,,FALSE,2.9986991927556
1855,1855,,SEMCOG,INTERNAL,TRUE,TRUE,FALSE,0,4,Macomb,26099,Michigan,US,183,22,0.866122,48038,Macomb,,,,FALSE,4.13854917010945
1856,1856,,SEMCOG,INTERNAL,TRUE,TRUE,FALSE,0,4,Macomb,26099,Michigan,US,183,22,0.638104,48038,Macomb,,,,FALSE,3.38097542672446
1857,1857,,SEMCOG,INTERNAL,TRUE,TRUE,FALSE,0,4,Macomb,26099,Michigan,US,183,22,0.680345,48038,Macomb,,,,FALSE,4.01884042151112
1858,1858,,SEMCOG,INTERNAL,TRUE,TRUE,FALSE,0,4,Macomb,26099,Michigan,US,183,22,0.678591,48038,Macomb,,,,FALSE,5.31203412981419
1859,1859,,SEMCOG,INTERNAL,TRUE,TRUE,FALSE,0,4,Macomb,26099,Michigan,US,183,22,0.519633,48038,Macomb,,,,FALSE,4.92488672009376
1860,1860,,SEMCOG,INTERNAL,TRUE,TRUE,FALSE,0,4,Macomb,26099,Michigan,US,183,22,0.350123,48038,Macomb,,,,FALSE,4.24932229263028
1861,1861,,SEMCOG,INTERNAL,TRUE,TRUE,FALSE,0,4,Macomb,26099,Michigan,US,183,22,0.378069,48038,Macomb,,,,FALSE,4.08697781004241
1862,1862,,SEMCOG,INTERNAL,TRUE,TRUE,FALSE,0,4,Macomb,26099,Michigan,US,183,22,0.490428,48038,Macomb,,,,FALSE,4.60355215026212
1863,1863,,SEMCOG,INTERNAL,TRUE,TRUE,FALSE,0,4,Macomb,26099,Michigan,US,187,21,0.473121,48312,Macomb,,,,FALSE,3.3718246183843
1864,1864,,SEMCOG,INTERNAL,TRUE,TRUE,FALSE,0,4,Macomb,26099,Michigan,US,187,21,0.481687,48312,Macomb,,,,FALSE,3.73622602452064
1865,1865,,SEMCOG,INTERNAL,TRUE,TRUE,FALSE,0,4,Macomb,26099,Michigan,US,188,21,0.5093,48312,Macomb,,,,FALSE,3.90482879077813
1866,1866,,SEMCOG,INTERNAL,TRUE,TRUE,FALSE,0,4,Macomb,26099,Michigan,US,187,21,0.447686,48310,Macomb,,,,FALSE,1.6640850735594
1867,1867,,SEMCOG,INTERNAL,TRUE,TRUE,FALSE,0,4,Macomb,26099,Michigan,US,187,21,0.5317,48310,Macomb,,,,FALSE,2.10223200214539
1868,1868,,SEMCOG,INTERNAL,TRUE,TRUE,FALSE,0,4,Macomb,26099,Michigan,US,187,21,1.074158,48310,Macomb,,,,FALSE,2.88739005035089
1869,1869,,SEMCOG,INTERNAL,TRUE,TRUE,FALSE,0,4,Macomb,26099,Michigan,US,187,21,1.064639,48310,Macomb,,,,FALSE,2.95744330804633
1870,1870,,SEMCOG,INTERNAL,TRUE,TRUE,FALSE,0,4,Macomb,26099,Michigan,US,187,21,0.492856,48310,Macomb,,,,FALSE,1.71651238629282
1871,1871,,SEMCOG,INTERNAL,TRUE,TRUE,FALSE,0,4,Macomb,26099,Michigan,US,187,21,0.438256,48310,Macomb,,,,FALSE,2.18825259700529
1872,1872,,SEMCOG,INTERNAL,TRUE,TRUE,FALSE,0,4,Macomb,26099,Michigan,US,188,21,0.973445,48310,Macomb,,,,FALSE,2.80918281723894
1873,1873,,SEMCOG,INTERNAL,TRUE,TRUE,FALSE,0,4,Macomb,26099,Michigan,US,188,21,0.982439,48310,Macomb,,,,FALSE,2.22613239151491
1874,1874,,SEMCOG,INTERNAL,TRUE,TRUE,FALSE,0,4,Macomb,26099,Michigan,US,188,21,1.040653,48310,Macomb,,,,FALSE,3.617210533498
1875,1875,,SEMCOG,INTERNAL,TRUE,TRUE,FALSE,0,4,Macomb,26099,Michigan,US,188,21,1.081703,48310,Macomb,,,,FALSE,3.16249260608629
1876,1876,,SEMCOG,INTERNAL,TRUE,TRUE,FALSE,0,4,Macomb,26099,Michigan,US,187,21,0.493342,48312,Macomb,,,,FALSE,3.44933105857236
1877,1877,,SEMCOG,INTERNAL,TRUE,TRUE,FALSE,0,4,Macomb,26099,Michigan,US,186,21,1.259009,48312,Macomb,,,,FALSE,3.59198025163512
1878,1878,,SEMCOG,INTERNAL,TRUE,TRUE,FALSE,0,4,Macomb,26099,Michigan,US,186,21,0.746529,48312,Macomb,,,,FALSE,3.62397396608406
1879,1879,,SEMCOG,INTERNAL,TRUE,TRUE,FALSE,0,4,Macomb,26099,Michigan,US,186,21,0.996253,48312,Macomb,,,,FALSE,3.57815706585471
1880,1880,,SEMCOG,INTERNAL,TRUE,TRUE,FALSE,0,4,Macomb,26099,Michigan,US,186,21,0.87646,48312,Macomb,,,,FALSE,4.11334269472806
1881,1881,,SEMCOG,INTERNAL,TRUE,TRUE,FALSE,0,4,Macomb,26099,Michigan,US,186,21,0.555098,48312,Macomb,,,,FALSE,4.8758773121067
1882,1882,,SEMCOG,INTERNAL,TRUE,TRUE,FALSE,0,4,Macomb,26099,Michigan,US,186,21,0.5661,48312,Macomb,,,,FALSE,4.374963074074
1883,1883,,SEMCOG,INTERNAL,TRUE,TRUE,FALSE,0,4,Macomb,26099,Michigan,US,186,21,0.535019,48312,Macomb,,,,FALSE,4.82143357774367
1884,1884,,SEMCOG,INTERNAL,TRUE,TRUE,FALSE,0,4,Macomb,26099,Michigan,US,186,21,0.446489,48312,Macomb,,,,FALSE,4.32870243011481
1885,1885,,SEMCOG,INTERNAL,TRUE,TRUE,FALSE,0,4,Macomb,26099,Michigan,US,187,21,0.496778,48312,Macomb,,,,FALSE,4.23100866401902
1886,1886,,SEMCOG,INTERNAL,TRUE,TRUE,FALSE,0,4,Macomb,26099,Michigan,US,188,21,0.515154,48312,Macomb,,,,FALSE,4.38698709563325
1887,1887,,SEMCOG,INTERNAL,TRUE,TRUE,FALSE,0,4,Macomb,26099,Michigan,US,190,21,0.500334,48312,Macomb,,,,FALSE,5.05629635774285
1888,1888,,SEMCOG,INTERNAL,TRUE,TRUE,FALSE,0,4,Macomb,26099,Michigan,US,190,21,0.501856,48312,Macomb,,,,FALSE,5.17441200144979
1889,1889,,SEMCOG,INTERNAL,TRUE,TRUE,FALSE,0,4,Macomb,26099,Michigan,US,190,21,0.724169,48312,Macomb,,,,FALSE,5.89248623264367
1890,1890,,SEMCOG,INTERNAL,TRUE,TRUE,FALSE,0,4,Macomb,26099,Michigan,US,190,21,0.721567,48312,Macomb,,,,FALSE,4.74606778716018
1891,1891,,SEMCOG,INTERNAL,TRUE,TRUE,FALSE,0,4,Macomb,26099,Michigan,US,190,21,0.613487,48312,Macomb,,,,FALSE,5.39813889421429
1892,1892,,SEMCOG,INTERNAL,TRUE,TRUE,FALSE,0,4,Macomb,26099,Michigan,US,190,21,1.603336,48313,Macomb,,,,FALSE,5.61777197848601
1893,1893,,SEMCOG,INTERNAL,TRUE,TRUE,FALSE,0,4,Macomb,26099,Michigan,US,191,21,1.722015,48313,Macomb,,,,FALSE,6.61039807503579
1894,1894,,SEMCOG,INTERNAL,TRUE,TRUE,FALSE,0,4,Macomb,26099,Michigan,US,191,21,0.517875,48313,Macomb,,,,FALSE,5.05398137072581
1895,1895,,SEMCOG,INTERNAL,TRUE,TRUE,FALSE,0,4,Macomb,26099,Michigan,US,191,21,1.03011,48313,Macomb,,,,FALSE,5.52226223716153
1896,1896,,SEMCOG,INTERNAL,TRUE,TRUE,FALSE,0,4,Macomb,26099,Michigan,US,191,21,0.833188,48313,Macomb,,,,FALSE,6.30185506935612
1897,1897,,SEMCOG,INTERNAL,TRUE,TRUE,FALSE,0,4,Macomb,26099,Michigan,US,191,21,0.324915,48313,Macomb,,,,FALSE,6.70487877950296
1898,1898,,SEMCOG,INTERNAL,TRUE,TRUE,FALSE,0,4,Macomb,26099,Michigan,US,191,21,0.521277,48313,Macomb,,,,FALSE,6.39736923800124
1899,1899,,SEMCOG,INTERNAL,TRUE,TRUE,FALSE,0,4,Macomb,26099,Michigan,US,191,21,0.180502,48313,Macomb,,,,FALSE,6.18116717632573
1900,1900,,SEMCOG,INTERNAL,TRUE,TRUE,FALSE,0,4,Macomb,26099,Michigan,US,191,21,0.504468,48313,Macomb,,,,FALSE,7.07477911796756
1901,1901,,SEMCOG,INTERNAL,TRUE,TRUE,FALSE,0,4,Macomb,26099,Michigan,US,191,21,0.668811,48313,Macomb,,,,FALSE,7.44149041560168
1902,1902,,SEMCOG,INTERNAL,TRUE,TRUE,FALSE,0,4,Macomb,26099,Michigan,US,189,21,0.442559,48314,Macomb,,,,FALSE,5.84227491970755
1903,1903,,SEMCOG,INTERNAL,TRUE,TRUE,FALSE,0,4,Macomb,26099,Michigan,US,191,21,1.054238,48314,Macomb,,,,FALSE,6.5015957443681
1904,1904,,SEMCOG,INTERNAL,TRUE,TRUE,FALSE,0,4,Macomb,26099,Michigan,US,189,21,0.819674,48314,Macomb,,,,FALSE,5.41284760636618
1905,1905,,SEMCOG,INTERNAL,TRUE,TRUE,FALSE,0,4,Macomb,26099,Michigan,US,188,21,0.506632,48313,Macomb,,,,FALSE,4.73930007920917
1906,1906,,SEMCOG,INTERNAL,TRUE,TRUE,FALSE,0,4,Macomb,26099,Michigan,US,188,21,0.500401,48313,Macomb,,,,FALSE,4.28809055093371
1907,1907,,SEMCOG,INTERNAL,TRUE,TRUE,FALSE,0,4,Macomb,26099,Michigan,US,189,21,0.55195,48314,Macomb,,,,FALSE,5.53462729043833
1908,1908,,SEMCOG,INTERNAL,TRUE,TRUE,FALSE,0,4,Macomb,26099,Michigan,US,189,21,0.494249,48314,Macomb,,,,FALSE,4.82884912261727
1909,1909,,SEMCOG,INTERNAL,TRUE,TRUE,FALSE,0,4,Macomb,26099,Michigan,US,189,21,1.153261,48314,Macomb,,,,FALSE,5.02748436953953
1910,1910,,SEMCOG,INTERNAL,TRUE,TRUE,FALSE,0,4,Macomb,26099,Michigan,US,189,21,0.529964,48314,Macomb,,,,FALSE,4.41152286644337
1911,1911,,SEMCOG,INTERNAL,TRUE,TRUE,FALSE,0,4,Macomb,26099,Michigan,US,189,21,0.515677,48314,Macomb,,,,FALSE,4.07024434425996
1912,1912,,SEMCOG,INTERNAL,TRUE,TRUE,FALSE,0,4,Macomb,26099,Michigan,US,189,21,1.140257,48314,Macomb,,,,FALSE,4.18526613810434
1913,1913,,SEMCOG,INTERNAL,TRUE,TRUE,FALSE,0,4,Macomb,26099,Michigan,US,189,21,0.982132,48314,Macomb,,,,FALSE,3.55462258895351
1914,1914,,SEMCOG,INTERNAL,TRUE,TRUE,FALSE,0,4,Macomb,26099,Michigan,US,194,23,0.282291,48317,Macomb,,,,FALSE,6.17050237432499
1915,1915,,SEMCOG,INTERNAL,TRUE,TRUE,FALSE,0,4,Macomb,26099,Michigan,US,194,23,0.443694,48317,Macomb,,,,FALSE,6.51641689223032
1916,1916,,SEMCOG,INTERNAL,TRUE,TRUE,FALSE,0,4,Macomb,26099,Michigan,US,195,23,0.542913,48317,Macomb,,,,FALSE,7.1504218916674
1917,1917,,SEMCOG,INTERNAL,TRUE,TRUE,FALSE,0,4,Macomb,26099,Michigan,US,195,23,0.353361,48315,Macomb,,,,FALSE,7.68722230472196
1918,1918,,SEMCOG,INTERNAL,TRUE,TRUE,FALSE,0,4,Macomb,26099,Michigan,US,195,23,0.116836,48315,Macomb,,,,FALSE,7.21952627809217
1919,1919,,SEMCOG,INTERNAL,TRUE,TRUE,FALSE,0,4,Macomb,26099,Michigan,US,195,23,1.360401,48317,Macomb,,,,FALSE,7.63050214194284
1920,1920,,SEMCOG,INTERNAL,TRUE,TRUE,FALSE,0,4,Macomb,26099,Michigan,US,195,23,1.017791,48315,Macomb,,,,FALSE,7.81288863048228
1921,1921,,SEMCOG,INTERNAL,TRUE,TRUE,FALSE,0,4,Macomb,26099,Michigan,US,195,23,1.011601,48315,Macomb,,,,FALSE,6.83776910266807
1922,1922,,SEMCOG,INTERNAL,TRUE,TRUE,FALSE,0,4,Macomb,26099,Michigan,US,195,23,0.509459,48315,Macomb,,,,FALSE,7.64484442284428
1923,1923,,SEMCOG,INTERNAL,TRUE,TRUE,FALSE,0,4,Macomb,26099,Michigan,US,195,23,0.963871,48315,Macomb,,,,FALSE,6.60659839053116
1924,1924,,SEMCOG,INTERNAL,TRUE,TRUE,FALSE,0,4,Macomb,26099,Michigan,US,194,23,0.670387,48317,Macomb,,,,FALSE,7.01992406765689
1925,1925,,SEMCOG,INTERNAL,TRUE,TRUE,FALSE,0,4,Macomb,26099,Michigan,US,194,23,1.745113,48317,Macomb,,,,FALSE,6.22051020143355
1926,1926,,SEMCOG,INTERNAL,TRUE,TRUE,FALSE,0,4,Macomb,26099,Michigan,US,194,23,1.115636,48317,Macomb,,,,FALSE,5.87133757239795
1927,1927,,SEMCOG,INTERNAL,TRUE,TRUE,FALSE,0,4,Macomb,26099,Michigan,US,194,23,0.38931,48317,Macomb,,,,FALSE,5.52139633740984
1928,1928,,SEMCOG,INTERNAL,TRUE,TRUE,FALSE,0,4,Macomb,26099,Michigan,US,194,23,0.63693,48317,Macomb,,,,FALSE,5.46838169173418
1929,1929,,SEMCOG,INTERNAL,TRUE,TRUE,FALSE,0,4,Macomb,26099,Michigan,US,194,23,0.998313,48317,Macomb,,,,FALSE,4.56408872984652
1930,1930,,SEMCOG,INTERNAL,TRUE,TRUE,FALSE,0,4,Macomb,26099,Michigan,US,194,23,1.623533,48317,Macomb,,,,FALSE,5.27557748351468
1931,1931,,SEMCOG,INTERNAL,TRUE,TRUE,FALSE,0,4,Macomb,26099,Michigan,US,194,23,0.817768,48317,Macomb,,,,FALSE,6.64224649169227
1932,1932,,SEMCOG,INTERNAL,TRUE,TRUE,FALSE,0,4,Macomb,26099,Michigan,US,194,23,0.984166,48317,Macomb,,,,FALSE,7.36648835862358
1933,1933,,SEMCOG,INTERNAL,TRUE,TRUE,FALSE,0,4,Macomb,26099,Michigan,US,195,23,0.977372,48317,Macomb,,,,FALSE,8.18826755568251
1934,1934,,SEMCOG,INTERNAL,TRUE,TRUE,FALSE,0,4,Macomb,26099,Michigan,US,195,23,1.014608,48315,Macomb,,,,FALSE,8.06572922837547
1935,1935,,SEMCOG,INTERNAL,TRUE,TRUE,FALSE,0,4,Macomb,26099,Michigan,US,195,23,1.014501,48315,Macomb,,,,FALSE,7.11594233822048
1936,1936,,SEMCOG,INTERNAL,TRUE,TRUE,FALSE,0,4,Macomb,26099,Michigan,US,193,23,1.604377,48315,Macomb,,,,FALSE,9.53347611216644
1937,1937,,SEMCOG,INTERNAL,TRUE,TRUE,FALSE,0,4,Macomb,26099,Michigan,US,193,23,1.012748,48315,Macomb,,,,FALSE,8.46751287472289
1938,1938,,SEMCOG,INTERNAL,TRUE,TRUE,FALSE,0,4,Macomb,26099,Michigan,US,193,23,1.268045,48315,Macomb,,,,FALSE,8.98148045283272
1939,1939,,SEMCOG,INTERNAL,TRUE,TRUE,FALSE,0,4,Macomb,26099,Michigan,US,193,23,1.004481,48315,Macomb,,,,FALSE,7.97555054154196
1940,1940,,SEMCOG,INTERNAL,TRUE,TRUE,FALSE,0,4,Macomb,26099,Michigan,US,193,23,1.023314,48315,Macomb,,,,FALSE,8.41700274092131
1941,1941,,SEMCOG,INTERNAL,TRUE,TRUE,FALSE,0,4,Macomb,26099,Michigan,US,193,23,1.009214,48315,Macomb,,,,FALSE,7.51737262460622
1942,1942,,SEMCOG,INTERNAL,TRUE,TRUE,FALSE,0,4,Macomb,26099,Michigan,US,193,23,0.506513,48316,Macomb,,,,FALSE,9.89029085770875
1943,1943,,SEMCOG,INTERNAL,TRUE,TRUE,FALSE,0,4,Macomb,26099,Michigan,US,193,23,0.727823,48316,Macomb,,,,FALSE,9.24494184150744
1944,1944,,SEMCOG,INTERNAL,TRUE,TRUE,FALSE,0,4,Macomb,26099,Michigan,US,193,23,0.975342,48316,Macomb,,,,FALSE,8.73324428283878
1945,1945,,SEMCOG,INTERNAL,TRUE,TRUE,FALSE,0,4,Macomb,26099,Michigan,US,192,23,1.056155,48316,Macomb,,,,FALSE,9.38728625734891
1946,1946,,SEMCOG,INTERNAL,TRUE,TRUE,FALSE,0,4,Macomb,26099,Michigan,US,192,23,1.0024,48316,Macomb,,,,FALSE,8.64087780702632
1947,1947,,SEMCOG,INTERNAL,TRUE,TRUE,FALSE,0,4,Macomb,26099,Michigan,US,192,23,0.995756,48316,Macomb,,,,FALSE,7.96070997292121
1948,1948,,SEMCOG,INTERNAL,TRUE,TRUE,FALSE,0,4,Macomb,26099,Michigan,US,192,23,1.259114,48316,Macomb,,,,FALSE,6.71414097954387
1949,1949,,SEMCOG,INTERNAL,TRUE,TRUE,FALSE,0,4,Macomb,26099,Michigan,US,192,23,0.595584,48316,Macomb,,,,FALSE,7.37927203589669
1950,1950,,SEMCOG,INTERNAL,TRUE,TRUE,FALSE,0,4,Macomb,26099,Michigan,US,192,23,1.321427,48316,Macomb,,,,FALSE,8.17183454469996
1951,1951,,SEMCOG,INTERNAL,TRUE,TRUE,FALSE,0,4,Macomb,26099,Michigan,US,192,23,0.827716,48316,Macomb,,,,FALSE,8.78897403587715
1952,1952,,SEMCOG,INTERNAL,TRUE,TRUE,FALSE,0,4,Macomb,26099,Michigan,US,192,23,1.289991,48316,Macomb,,,,FALSE,7.35191572361506
1953,1953,,SEMCOG,INTERNAL,TRUE,TRUE,FALSE,0,4,Macomb,26099,Michigan,US,192,23,0.753731,48316,Macomb,,,,FALSE,8.03382904656962
1954,1954,,SEMCOG,INTERNAL,TRUE,TRUE,FALSE,0,4,Macomb,26099,Michigan,US,196,23,1.808467,48044,Macomb,,,,FALSE,5.819933611728
1955,1955,,SEMCOG,INTERNAL,TRUE,TRUE,FALSE,0,4,Macomb,26099,Michigan,US,196,23,0.903207,48044,Macomb,,,,FALSE,5.91562908743912
1956,1956,,SEMCOG,INTERNAL,TRUE,TRUE,FALSE,0,4,Macomb,26099,Michigan,US,196,23,1.023898,48044,Macomb,,,,FALSE,4.99681498284384
1957,1957,,SEMCOG,INTERNAL,TRUE,TRUE,FALSE,0,4,Macomb,26099,Michigan,US,196,23,0.885494,48044,Macomb,,,,FALSE,5.66220530442452
1958,1958,,SEMCOG,INTERNAL,TRUE,TRUE,FALSE,0,4,Macomb,26099,Michigan,US,196,23,0.509019,48044,Macomb,,,,FALSE,4.96644569611405
1959,1959,,SEMCOG,INTERNAL,TRUE,TRUE,FALSE,0,4,Macomb,26099,Michigan,US,196,23,0.455981,48044,Macomb,,,,FALSE,4.47992508777335
1960,1960,,SEMCOG,INTERNAL,TRUE,TRUE,FALSE,0,4,Macomb,26099,Michigan,US,196,23,2.155602,48044,Macomb,,,,FALSE,4.10273922935208
1961,1961,,SEMCOG,INTERNAL,TRUE,TRUE,FALSE,0,4,Macomb,26099,Michigan,US,196,23,1.028117,48044,Macomb,,,,FALSE,4.03733981970829
1962,1962,,SEMCOG,INTERNAL,TRUE,TRUE,FALSE,0,4,Macomb,26099,Michigan,US,196,23,1.025627,48044,Macomb,,,,FALSE,3.110708530892
1963,1963,,SEMCOG,INTERNAL,TRUE,TRUE,FALSE,0,4,Macomb,26099,Michigan,US,196,23,0.987013,48044,Macomb,,,,FALSE,3.76656810762995
1964,1964,,SEMCOG,INTERNAL,TRUE,TRUE,FALSE,0,4,Macomb,26099,Michigan,US,196,23,1.019114,48044,Macomb,,,,FALSE,2.78730678980598
1965,1965,,SEMCOG,INTERNAL,TRUE,TRUE,FALSE,0,4,Macomb,26099,Michigan,US,196,23,2.071926,48044,Macomb,,,,FALSE,2.4483335260205
1966,1966,,SEMCOG,INTERNAL,TRUE,TRUE,FALSE,0,4,Macomb,26099,Michigan,US,196,23,2.062129,48042,Macomb,,,,FALSE,1.54823270549693
1967,1967,,SEMCOG,INTERNAL,TRUE,TRUE,FALSE,0,4,Macomb,26099,Michigan,US,196,23,0.997987,48042,Macomb,,,,FALSE,0.846283817901222
1968,1968,,SEMCOG,INTERNAL,TRUE,TRUE,FALSE,0,4,Macomb,26099,Michigan,US,196,23,1.02755,48044,Macomb,,,,FALSE,1.80025766737155
1969,1969,,SEMCOG,INTERNAL,TRUE,TRUE,FALSE,0,4,Macomb,26099,Michigan,US,199,23,1.000562,48047,Macomb,,,,FALSE,2.43770905422871
1970,1970,,SEMCOG,INTERNAL,TRUE,TRUE,FALSE,0,4,Macomb,26099,Michigan,US,199,23,1.055125,48047,Macomb,,,,FALSE,2.17101005679327
1971,1971,,SEMCOG,INTERNAL,TRUE,TRUE,FALSE,0,4,Macomb,26099,Michigan,US,199,23,1.451945,48047,Macomb,,,,FALSE,1.95702656592726
1972,1972,,SEMCOG,INTERNAL,TRUE,TRUE,FALSE,0,4,Macomb,26099,Michigan,US,199,23,1.095102,48047,Macomb,,,,FALSE,1.25403993650936
1973,1973,,SEMCOG,INTERNAL,TRUE,TRUE,FALSE,0,4,Macomb,26099,Michigan,US,198,23,0.538748,48047,Macomb,,,,FALSE,1.33831437626367
1974,1974,,SEMCOG,INTERNAL,TRUE,TRUE,FALSE,0,4,Macomb,26099,Michigan,US,198,23,1.610221,48047,Macomb,,,,FALSE,0.571854767320983
1975,1975,,SEMCOG,INTERNAL,TRUE,TRUE,FALSE,0,4,Macomb,26099,Michigan,US,198,23,1.031347,48047,Macomb,,,,FALSE,1.40273927219922
1976,1976,,SEMCOG,INTERNAL,TRUE,TRUE,FALSE,0,4,Macomb,26099,Michigan,US,198,23,1.882577,48047,Macomb,,,,FALSE,2.12021724977171
1977,1977,,SEMCOG,INTERNAL,TRUE,TRUE,FALSE,0,4,Macomb,26099,Michigan,US,198,23,1.217649,48047,Macomb,,,,FALSE,0.574726105264884
1978,1978,,SEMCOG,INTERNAL,TRUE,TRUE,FALSE,0,4,Macomb,26099,Michigan,US,198,23,1.468654,48047,Macomb,,,,FALSE,0.606475796968971
1979,1979,,SEMCOG,INTERNAL,TRUE,TRUE,FALSE,0,4,Macomb,26099,Michigan,US,198,23,0.575294,48051,Macomb,,,,FALSE,0.269875609984827
1980,1980,,SEMCOG,INTERNAL,TRUE,TRUE,FALSE,0,4,Macomb,26099,Michigan,US,198,23,0.455085,48051,Macomb,,,,FALSE,0.313504328482004
1981,1981,,SEMCOG,INTERNAL,TRUE,TRUE,FALSE,0,4,Macomb,26099,Michigan,US,198,23,0.844443,48051,Macomb,,,,FALSE,0.251456578465926
1982,1982,,SEMCOG,INTERNAL,TRUE,TRUE,FALSE,0,4,Macomb,26099,Michigan,US,198,23,0.961458,48051,Macomb,,,,FALSE,0.979947723446318
1983,1983,,SEMCOG,INTERNAL,TRUE,TRUE,FALSE,0,4,Macomb,26099,Michigan,US,198,23,0.391282,48051,Macomb,,,,FALSE,0.732090777270079
1984,1984,,SEMCOG,INTERNAL,TRUE,TRUE,FALSE,0,4,Macomb,26099,Michigan,US,199,23,2.892056,48051,Macomb,,,,FALSE,2.28789978664721
1985,1985,,SEMCOG,INTERNAL,TRUE,TRUE,FALSE,0,4,Macomb,26099,Michigan,US,199,23,2.20811,48051,Macomb,,,,FALSE,1.62199220527013
1986,1986,,SEMCOG,INTERNAL,TRUE,TRUE,FALSE,0,4,Macomb,26099,Michigan,US,199,23,1.526887,48051,Macomb,,,,FALSE,1.10645264574473
1987,1987,,SEMCOG,INTERNAL,TRUE,TRUE,FALSE,0,4,Macomb,26099,Michigan,US,199,23,1.953902,48051,Macomb,,,,FALSE,0.533801168048995
1988,1988,,SEMCOG,INTERNAL,TRUE,TRUE,FALSE,0,4,Macomb,26099,Michigan,US,199,23,1.49855,48051,Macomb,,,,FALSE,0.500719866316708
1989,1989,,SEMCOG,INTERNAL,TRUE,TRUE,FALSE,0,4,Macomb,26099,Michigan,US,199,23,0.998494,48051,Macomb,,,,FALSE,0.30325644235668
1990,1990,,SEMCOG,INTERNAL,TRUE,TRUE,FALSE,0,4,Macomb,26099,Michigan,US,199,23,1.928741,48047,Macomb,,,,FALSE,0.531677070619231
1991,1991,,SEMCOG,INTERNAL,TRUE,TRUE,FALSE,0,4,Macomb,26099,Michigan,US,199,23,1.195512,48047,Macomb,,,,FALSE,0.441470662233795
1992,1992,,SEMCOG,INTERNAL,TRUE,TRUE,FALSE,0,4,Macomb,26099,Michigan,US,199,23,1.028973,48047,Macomb,,,,FALSE,0.38018389023555
1993,1993,,SEMCOG,INTERNAL,TRUE,TRUE,FALSE,0,4,Macomb,26099,Michigan,US,199,23,1.557833,48047,Macomb,,,,FALSE,1.16053477836003
1994,1994,,SEMCOG,INTERNAL,TRUE,TRUE,FALSE,0,4,Macomb,26099,Michigan,US,197,23,1.692491,48042,Macomb,,,,FALSE,6.63749427418179
1995,1995,,SEMCOG,INTERNAL,TRUE,TRUE,FALSE,0,4,Macomb,26099,Michigan,US,197,23,4.260266,48042,Macomb,,,,FALSE,5.23861036369436
1996,1996,,SEMCOG,INTERNAL,TRUE,TRUE,FALSE,0,4,Macomb,26099,Michigan,US,197,23,2.071014,48042,Macomb,,,,FALSE,3.85617098587754
1997,1997,,SEMCOG,INTERNAL,TRUE,TRUE,FALSE,0,4,Macomb,26099,Michigan,US,197,23,2.445439,48042,Macomb,,,,FALSE,4.69079607349678
1998,1998,,SEMCOG,INTERNAL,TRUE,TRUE,FALSE,0,4,Macomb,26099,Michigan,US,197,23,2.083166,48042,Macomb,,,,FALSE,2.74837238580921
1999,1999,,SEMCOG,INTERNAL,TRUE,TRUE,FALSE,0,4,Macomb,26099,Michigan,US,197,23,2.107455,48042,Macomb,,,,FALSE,3.03223245917126
2000,2000,,SEMCOG,INTERNAL,TRUE,TRUE,FALSE,0,4,Macomb,26099,Michigan,US,197,23,0.926747,48042,Macomb,,,,FALSE,7.6944582415788
2001,2001,,SEMCOG,INTERNAL,TRUE,TRUE,FALSE,0,4,Macomb,26099,Michigan,US,197,23,1.202069,48042,Macomb,,,,FALSE,7.0073764539323
2002,2002,,SEMCOG,INTERNAL,TRUE,TRUE,FALSE,0,4,Macomb,26099,Michigan,US,197,23,1.532873,48042,Macomb,,,,FALSE,6.40575900506429
2003,2003,,SEMCOG,INTERNAL,TRUE,TRUE,FALSE,0,4,Macomb,26099,Michigan,US,202,24,0.70031,48005,Macomb,,,,FALSE,9.52439435055254
2004,2004,,SEMCOG,INTERNAL,TRUE,TRUE,FALSE,0,4,Macomb,26099,Michigan,US,200,24,0.949939,48048,Macomb,,,,FALSE,2.0989698908041
2005,2005,,SEMCOG,INTERNAL,TRUE,TRUE,FALSE,0,4,Macomb,26099,Michigan,US,200,24,1.580842,48048,Macomb,,,,FALSE,1.75358086403613
2006,2006,,SEMCOG,INTERNAL,TRUE,TRUE,FALSE,0,4,Macomb,26099,Michigan,US,200,24,9.032688,48050,Macomb,,,,FALSE,5.89690784316537
2007,2007,,SEMCOG,INTERNAL,TRUE,TRUE,FALSE,0,4,Macomb,26099,Michigan,US,200,24,9.616977,48050,Macomb,,,,FALSE,3.89831710389716
2008,2008,,SEMCOG,INTERNAL,TRUE,TRUE,FALSE,0,4,Macomb,26099,Michigan,US,200,24,8.324635,48048,Macomb,,,,FALSE,3.75903043444364
2009,2009,,SEMCOG,INTERNAL,TRUE,TRUE,FALSE,0,4,Macomb,26099,Michigan,US,200,24,9.356441,48048,Macomb,,,,FALSE,1.56592366698596
2010,2010,,SEMCOG,INTERNAL,TRUE,TRUE,FALSE,0,4,Macomb,26099,Michigan,US,202,24,18.46167,48096,Macomb,,,,FALSE,8.9687188561042
2011,2011,,SEMCOG,INTERNAL,TRUE,TRUE,FALSE,0,4,Macomb,26099,Michigan,US,202,24,18.170015,48096,Macomb,,,,FALSE,6.57459309382373
2012,2012,,SEMCOG,INTERNAL,TRUE,TRUE,FALSE,0,4,Macomb,26099,Michigan,US,203,24,2.898249,48094,Macomb,,,,FALSE,10.6736167516044
2013,2013,,SEMCOG,INTERNAL,TRUE,TRUE,FALSE,0,4,Macomb,26099,Michigan,US,203,24,1.49957,48094,Macomb,,,,FALSE,10.0518934997865
2014,2014,,SEMCOG,INTERNAL,TRUE,TRUE,FALSE,0,4,Macomb,26099,Michigan,US,203,24,1.023707,48094,Macomb,,,,FALSE,8.95160057109168
2015,2015,,SEMCOG,INTERNAL,TRUE,TRUE,FALSE,0,4,Macomb,26099,Michigan,US,203,24,1.966937,48094,Macomb,,,,FALSE,9.65165102765482
2016,2016,,SEMCOG,INTERNAL,TRUE,TRUE,FALSE,0,4,Macomb,26099,Michigan,US,203,24,1.68823,48094,Macomb,,,,FALSE,11.2928790103728
2017,2017,,SEMCOG,INTERNAL,TRUE,TRUE,FALSE,0,4,Macomb,26099,Michigan,US,203,24,1.707488,48094,Macomb,,,,FALSE,10.729317442326
2018,2018,,SEMCOG,INTERNAL,TRUE,TRUE,FALSE,0,4,Macomb,26099,Michigan,US,203,24,1.249558,48094,Macomb,,,,FALSE,10.2731120515383
2019,2019,,SEMCOG,INTERNAL,TRUE,TRUE,FALSE,0,4,Macomb,26099,Michigan,US,203,24,1.504185,48095,Macomb,,,,FALSE,12.0286962454953
2020,2020,,SEMCOG,INTERNAL,TRUE,TRUE,FALSE,0,4,Macomb,26099,Michigan,US,203,24,3.79148,48095,Macomb,,,,FALSE,11.1648671714738
2021,2021,,SEMCOG,INTERNAL,TRUE,TRUE,FALSE,0,4,Macomb,26099,Michigan,US,203,24,3.028341,48094,Macomb,,,,FALSE,9.62790616333882
2022,2022,,SEMCOG,INTERNAL,TRUE,TRUE,FALSE,0,4,Macomb,26099,Michigan,US,203,24,4.027137,48094,Macomb,,,,FALSE,9.01134532009772
2023,2023,,SEMCOG,INTERNAL,TRUE,TRUE,FALSE,0,4,Macomb,26099,Michigan,US,203,24,5.326777,48095,Macomb,,,,FALSE,10.6237400379845
2024,2024,,SEMCOG,INTERNAL,TRUE,TRUE,FALSE,0,4,Macomb,26099,Michigan,US,203,24,6.345789,48095,Macomb,,,,FALSE,12.2556270839853
2025,2025,,SEMCOG,INTERNAL,TRUE,TRUE,FALSE,0,4,Macomb,26099,Michigan,US,204,24,0.606178,48065,Macomb,,,,FALSE,13.0175552463942
2026,2026,,SEMCOG,INTERNAL,TRUE,TRUE,FALSE,0,4,Macomb,26099,Michigan,US,204,24,0.632002,48065,Macomb,,,,FALSE,12.936758768654
2027,2027,,SEMCOG,INTERNAL,TRUE,TRUE,FALSE,0,4,Macomb,26099,Michigan,US,204,24,0.777737,48065,Macomb,,,,FALSE,12.4845677795415
2028,2028,,SEMCOG,INTERNAL,TRUE,TRUE,FALSE,0,4,Macomb,26099,Michigan,US,204,24,6.203626,48065,Macomb,,,,FALSE,12.4305268307311
2029,2029,,SEMCOG,INTERNAL,TRUE,TRUE,FALSE,0,4,Macomb,26099,Michigan,US,204,24,4.719045,48065,Macomb,,,,FALSE,12.1076611319317
2030,2030,,SEMCOG,INTERNAL,TRUE,TRUE,FALSE,0,4,Macomb,26099,Michigan,US,204,24,14.064339,48065,Macomb,,,,FALSE,10.1794204927132
2031,2031,,SEMCOG,INTERNAL,TRUE,TRUE,FALSE,0,4,Macomb,26099,Michigan,US,204,24,6.219729,48065,Macomb,,,,FALSE,8.45177725217386
2032,2032,,SEMCOG,INTERNAL,TRUE,TRUE,FALSE,0,4,Macomb,26099,Michigan,US,204,24,4.519818,48065,Macomb,,,,FALSE,10.545648931629
2033,2033,,SEMCOG,INTERNAL,TRUE,TRUE,FALSE,0,4,Macomb,26099,Michigan,US,202,24,18.437635,48005,Macomb,,,,FALSE,7.76140809026753
2034,2034,,SEMCOG,INTERNAL,TRUE,TRUE,FALSE,0,4,Macomb,26099,Michigan,US,202,24,17.334763,48005,Macomb,,,,FALSE,10.8681849523026
2035,2035,,SEMCOG,INTERNAL,TRUE,TRUE,FALSE,0,4,Macomb,26099,Michigan,US,201,24,0.697573,48062,Macomb,,,,FALSE,5.18398560602668
2036,2036,,SEMCOG,INTERNAL,TRUE,TRUE,FALSE,0,4,Macomb,26099,Michigan,US,201,24,0.552456,48062,Macomb,,,,FALSE,4.23370908686311
2037,2037,,SEMCOG,INTERNAL,TRUE,TRUE,FALSE,0,4,Macomb,26099,Michigan,US,201,24,0.79836,48062,Macomb,,,,FALSE,3.51553998292124
2038,2038,,SEMCOG,INTERNAL,TRUE,TRUE,FALSE,0,4,Macomb,26099,Michigan,US,201,24,0.588616,48062,Macomb,,,,FALSE,4.69783508740771
2039,2039,,SEMCOG,INTERNAL,TRUE,TRUE,FALSE,0,4,Macomb,26099,Michigan,US,201,24,17.824869,48062,Macomb,,,,FALSE,7.11839085196185
2040,2040,,SEMCOG,INTERNAL,TRUE,TRUE,FALSE,0,4,Macomb,26099,Michigan,US,201,24,19.659212,48062,Macomb,,,,FALSE,7.22754038253663
2041,2041,,SEMCOG,INTERNAL,TRUE,TRUE,FALSE,0,4,Macomb,26099,Michigan,US,201,24,0.626612,48041,Macomb,,,,FALSE,5.77699724906084
2042,2042,,SEMCOG,INTERNAL,TRUE,TRUE,FALSE,0,5,Washtenaw,26161,Michigan,US,213,11,0.022196,48197,Washtenaw,,,,FALSE,0.787642914885342
2043,2043,,SEMCOG,INTERNAL,TRUE,TRUE,FALSE,0,5,Washtenaw,26161,Michigan,US,213,11,0.037785,48197,Washtenaw,,,,FALSE,0.65590168314823
2044,2044,,SEMCOG,INTERNAL,TRUE,TRUE,FALSE,0,5,Washtenaw,26161,Michigan,US,213,11,0.05256,48197,Washtenaw,,,,FALSE,0.845658733443956
2045,2045,,SEMCOG,INTERNAL,TRUE,TRUE,FALSE,0,5,Washtenaw,26161,Michigan,US,213,11,0.192658,48197,Washtenaw,,,,FALSE,1.29462196333353
2046,2046,,SEMCOG,INTERNAL,TRUE,TRUE,FALSE,0,5,Washtenaw,26161,Michigan,US,213,11,0.237821,48197,Washtenaw,,,,FALSE,0.925254875270469
2047,2047,,SEMCOG,INTERNAL,TRUE,TRUE,FALSE,0,5,Washtenaw,26161,Michigan,US,213,11,0.108577,48197,Washtenaw,,,,FALSE,0.749456812712347
2048,2048,,SEMCOG,INTERNAL,TRUE,TRUE,FALSE,0,5,Washtenaw,26161,Michigan,US,213,11,0.317696,48197,Washtenaw,,,,FALSE,0.206490114752958
2049,2049,,SEMCOG,INTERNAL,TRUE,TRUE,FALSE,0,5,Washtenaw,26161,Michigan,US,213,11,0.091127,48197,Washtenaw,,,,FALSE,0.45632193937702
2050,2050,,SEMCOG,INTERNAL,TRUE,TRUE,FALSE,0,5,Washtenaw,26161,Michigan,US,213,11,0.099014,48197,Washtenaw,,,,FALSE,0.367668355061459
2051,2051,,SEMCOG,INTERNAL,TRUE,TRUE,FALSE,0,5,Washtenaw,26161,Michigan,US,213,11,0.090795,48197,Washtenaw,,,,FALSE,0.371124394656151
2052,2052,,SEMCOG,INTERNAL,TRUE,TRUE,FALSE,0,5,Washtenaw,26161,Michigan,US,213,11,0.135529,48197,Washtenaw,,,,FALSE,0.192281455905713
2053,2053,,SEMCOG,INTERNAL,TRUE,TRUE,FALSE,0,5,Washtenaw,26161,Michigan,US,213,11,0.066337,48197,Washtenaw,,,,FALSE,0.108800562464712
2054,2054,,SEMCOG,INTERNAL,TRUE,TRUE,FALSE,0,5,Washtenaw,26161,Michigan,US,213,11,0.021671,48197,Washtenaw,,,,FALSE,0.580618119047112
2055,2055,,SEMCOG,INTERNAL,TRUE,TRUE,FALSE,0,5,Washtenaw,26161,Michigan,US,213,11,0.115956,48197,Washtenaw,,,,FALSE,0.388237958123523
2056,2056,,SEMCOG,INTERNAL,TRUE,TRUE,FALSE,0,5,Washtenaw,26161,Michigan,US,213,11,0.132895,48197,Washtenaw,,,,FALSE,0.0916048932730319
2057,2057,,SEMCOG,INTERNAL,TRUE,TRUE,FALSE,0,5,Washtenaw,26161,Michigan,US,213,11,0.306465,48198,Washtenaw,,,,FALSE,0.113800791607994
2058,2058,,SEMCOG,INTERNAL,TRUE,TRUE,FALSE,0,5,Washtenaw,26161,Michigan,US,213,11,0.065484,48198,Washtenaw,,,,FALSE,0.108364626041124
2059,2059,,SEMCOG,INTERNAL,TRUE,TRUE,FALSE,0,5,Washtenaw,26161,Michigan,US,213,11,0.044788,48198,Washtenaw,,,,FALSE,0.632285652411964
2060,2060,,SEMCOG,INTERNAL,TRUE,TRUE,FALSE,0,5,Washtenaw,26161,Michigan,US,213,11,0.095395,48198,Washtenaw,,,,FALSE,0.851340475071076
2061,2061,,SEMCOG,INTERNAL,TRUE,TRUE,FALSE,0,5,Washtenaw,26161,Michigan,US,213,11,0.037786,48198,Washtenaw,,,,FALSE,0.873500314972284
2062,2062,,SEMCOG,INTERNAL,TRUE,TRUE,FALSE,0,5,Washtenaw,26161,Michigan,US,213,11,0.072475,48198,Washtenaw,,,,FALSE,0.838103492445589
2063,2063,,SEMCOG,INTERNAL,TRUE,TRUE,FALSE,0,5,Washtenaw,26161,Michigan,US,213,11,0.100495,48198,Washtenaw,,,,FALSE,0.554634796134496
2064,2064,,SEMCOG,INTERNAL,TRUE,TRUE,FALSE,0,5,Washtenaw,26161,Michigan,US,213,11,0.018998,48197,Washtenaw,,,,FALSE,0.963334697393169
2065,2065,,SEMCOG,INTERNAL,TRUE,TRUE,FALSE,0,5,Washtenaw,26161,Michigan,US,213,11,0.054661,48197,Washtenaw,,,,FALSE,0.904985833157329
2066,2066,,SEMCOG,INTERNAL,TRUE,TRUE,FALSE,0,5,Washtenaw,26161,Michigan,US,213,11,0.080343,48197,Washtenaw,,,,FALSE,1.07832421014243
2067,2067,,SEMCOG,INTERNAL,TRUE,TRUE,FALSE,0,5,Washtenaw,26161,Michigan,US,213,11,0.182746,48198,Washtenaw,,,,FALSE,1.72536116467659
2068,2068,,SEMCOG,INTERNAL,TRUE,TRUE,FALSE,0,5,Washtenaw,26161,Michigan,US,213,11,0.04003,48198,Washtenaw,,,,FALSE,1.14790199758282
2069,2069,,SEMCOG,INTERNAL,TRUE,TRUE,FALSE,0,5,Washtenaw,26161,Michigan,US,213,11,0.171984,48198,Washtenaw,,,,FALSE,1.26792727874049
2070,2070,,SEMCOG,INTERNAL,TRUE,TRUE,FALSE,0,5,Washtenaw,26161,Michigan,US,213,11,0.145832,48198,Washtenaw,,,,FALSE,1.24335847187755
2071,2071,,SEMCOG,INTERNAL,TRUE,TRUE,FALSE,0,5,Washtenaw,26161,Michigan,US,213,11,0.069037,48197,Washtenaw,,,,FALSE,1.34817146441838
2072,2072,,SEMCOG,INTERNAL,TRUE,TRUE,FALSE,0,5,Washtenaw,26161,Michigan,US,213,11,0.088674,48197,Washtenaw,,,,FALSE,1.46342752811968
2073,2073,,SEMCOG,INTERNAL,TRUE,TRUE,FALSE,0,5,Washtenaw,26161,Michigan,US,213,11,0.211698,48198,Washtenaw,,,,FALSE,1.78606426918605
2074,2074,,SEMCOG,INTERNAL,TRUE,TRUE,FALSE,0,5,Washtenaw,26161,Michigan,US,213,11,0.378309,48197,Washtenaw,,,,FALSE,1.42177459051003
2075,2075,,SEMCOG,INTERNAL,TRUE,TRUE,FALSE,0,5,Washtenaw,26161,Michigan,US,213,11,0.170276,48198,Washtenaw,,,,FALSE,1.8835579640731
2076,2076,,SEMCOG,INTERNAL,TRUE,TRUE,FALSE,0,5,Washtenaw,26161,Michigan,US,213,11,0.088932,48197,Washtenaw,,,,FALSE,1.45276377578319
2077,2077,,SEMCOG,INTERNAL,TRUE,TRUE,FALSE,0,5,Washtenaw,26161,Michigan,US,213,11,0.184501,48197,Washtenaw,,,,FALSE,1.62894702439167
2078,2078,,SEMCOG,INTERNAL,TRUE,TRUE,FALSE,0,5,Washtenaw,26161,Michigan,US,213,11,0.077138,48197,Washtenaw,,,,FALSE,2.12460835467979
2079,2079,,SEMCOG,INTERNAL,TRUE,TRUE,FALSE,0,5,Washtenaw,26161,Michigan,US,213,11,0.391663,48197,Washtenaw,,,,FALSE,1.97550560468214
2080,2080,,SEMCOG,INTERNAL,TRUE,TRUE,FALSE,0,5,Washtenaw,26161,Michigan,US,211,11,1.340174,48197,Washtenaw,,,,FALSE,0.82866242111501
2081,2081,,SEMCOG,INTERNAL,TRUE,TRUE,FALSE,0,5,Washtenaw,26161,Michigan,US,211,11,1.324508,48197,Washtenaw,,,,FALSE,1.51650840822934
2082,2082,,SEMCOG,INTERNAL,TRUE,TRUE,FALSE,0,5,Washtenaw,26161,Michigan,US,211,11,0.565191,48197,Washtenaw,,,,FALSE,0.816305100405902
2083,2083,,SEMCOG,INTERNAL,TRUE,TRUE,FALSE,0,5,Washtenaw,26161,Michigan,US,211,11,0.193442,48197,Washtenaw,,,,FALSE,1.21582024060952
2084,2084,,SEMCOG,INTERNAL,TRUE,TRUE,FALSE,0,5,Washtenaw,26161,Michigan,US,211,11,0.316531,48111,Washtenaw,,,,FALSE,0.722691803714641
2085,2085,,SEMCOG,INTERNAL,TRUE,TRUE,FALSE,0,5,Washtenaw,26161,Michigan,US,212,11,0.907344,48198,Washtenaw,,,,FALSE,0.519066289764385
2086,2086,,SEMCOG,INTERNAL,TRUE,TRUE,FALSE,0,5,Washtenaw,26161,Michigan,US,212,11,0.616321,48198,Washtenaw,,,,FALSE,0.215487333508252
2087,2087,,SEMCOG,INTERNAL,TRUE,TRUE,FALSE,0,5,Washtenaw,26161,Michigan,US,212,11,0.223527,48198,Washtenaw,,,,FALSE,0.118457092772536
2088,2088,,SEMCOG,INTERNAL,TRUE,TRUE,FALSE,0,5,Washtenaw,26161,Michigan,US,212,11,0.559399,48198,Washtenaw,,,,FALSE,0.486075548831417
2089,2089,,SEMCOG,INTERNAL,TRUE,TRUE,FALSE,0,5,Washtenaw,26161,Michigan,US,212,11,0.212858,48198,Washtenaw,,,,FALSE,0.44763330987001
2090,2090,,SEMCOG,INTERNAL,TRUE,TRUE,FALSE,0,5,Washtenaw,26161,Michigan,US,212,11,0.332807,48198,Washtenaw,,,,FALSE,0.172305064630672
2091,2091,,SEMCOG,INTERNAL,TRUE,TRUE,FALSE,0,5,Washtenaw,26161,Michigan,US,212,11,0.92276,48198,Washtenaw,,,,FALSE,0.467852965877992
2092,2092,,SEMCOG,INTERNAL,TRUE,TRUE,FALSE,0,5,Washtenaw,26161,Michigan,US,212,11,0.302241,48198,Washtenaw,,,,FALSE,0.536270649120899
2093,2093,,SEMCOG,INTERNAL,TRUE,TRUE,FALSE,0,5,Washtenaw,26161,Michigan,US,212,11,0.368101,48198,Washtenaw,,,,FALSE,1.26282288406337
2094,2094,,SEMCOG,INTERNAL,TRUE,TRUE,FALSE,0,5,Washtenaw,26161,Michigan,US,212,11,0.185467,48198,Washtenaw,,,,FALSE,0.874386829862523
2095,2095,,SEMCOG,INTERNAL,TRUE,TRUE,FALSE,0,5,Washtenaw,26161,Michigan,US,212,11,0.380574,48198,Washtenaw,,,,FALSE,0.502082123710035
2096,2096,,SEMCOG,INTERNAL,TRUE,TRUE,FALSE,0,5,Washtenaw,26161,Michigan,US,212,11,0.178639,48198,Washtenaw,,,,FALSE,0.122327061471008
2097,2097,,SEMCOG,INTERNAL,TRUE,TRUE,FALSE,0,5,Washtenaw,26161,Michigan,US,212,11,0.288657,48198,Washtenaw,,,,FALSE,1.75409374736917
2098,2098,,SEMCOG,INTERNAL,TRUE,TRUE,FALSE,0,5,Washtenaw,26161,Michigan,US,212,11,0.45735,48198,Washtenaw,,,,FALSE,1.73391479981683
2099,2099,,SEMCOG,INTERNAL,TRUE,TRUE,FALSE,0,5,Washtenaw,26161,Michigan,US,212,11,0.4042,48198,Washtenaw,,,,FALSE,1.88258279126022
2100,2100,,SEMCOG,INTERNAL,TRUE,TRUE,FALSE,0,5,Washtenaw,26161,Michigan,US,212,11,0.570923,48198,Washtenaw,,,,FALSE,2.214412145238
2101,2101,,SEMCOG,INTERNAL,TRUE,TRUE,FALSE,0,5,Washtenaw,26161,Michigan,US,212,11,0.357614,48198,Washtenaw,,,,FALSE,1.28449698894703
2102,2102,,SEMCOG,INTERNAL,TRUE,TRUE,FALSE,0,5,Washtenaw,26161,Michigan,US,212,11,0.692783,48198,Washtenaw,,,,FALSE,1.63603945967109
2103,2103,,SEMCOG,INTERNAL,TRUE,TRUE,FALSE,0,5,Washtenaw,26161,Michigan,US,212,11,0.527565,48198,Washtenaw,,,,FALSE,0.734160291900248
2104,2104,,SEMCOG,INTERNAL,TRUE,TRUE,FALSE,0,5,Washtenaw,26161,Michigan,US,212,11,0.095541,48198,Washtenaw,,,,FALSE,0.175552823637529
2105,2105,,SEMCOG,INTERNAL,TRUE,TRUE,FALSE,0,5,Washtenaw,26161,Michigan,US,212,11,0.253105,48198,Washtenaw,,,,FALSE,0.97025337783541
2106,2106,,SEMCOG,INTERNAL,TRUE,TRUE,FALSE,0,5,Washtenaw,26161,Michigan,US,212,11,0.80262,48198,Washtenaw,,,,FALSE,1.33481562507476
2107,2107,,SEMCOG,INTERNAL,TRUE,TRUE,FALSE,0,5,Washtenaw,26161,Michigan,US,210,11,0.210133,48197,Washtenaw,,,,FALSE,1.4648879936262
2108,2108,,SEMCOG,INTERNAL,TRUE,TRUE,FALSE,0,5,Washtenaw,26161,Michigan,US,210,11,0.065911,48197,Washtenaw,,,,FALSE,1.3870996123402
2109,2109,,SEMCOG,INTERNAL,TRUE,TRUE,FALSE,0,5,Washtenaw,26161,Michigan,US,210,11,0.403455,48197,Washtenaw,,,,FALSE,1.95589921979823
2110,2110,,SEMCOG,INTERNAL,TRUE,TRUE,FALSE,0,5,Washtenaw,26161,Michigan,US,210,11,0.736344,48197,Washtenaw,,,,FALSE,0.78135913827215
2111,2111,,SEMCOG,INTERNAL,TRUE,TRUE,FALSE,0,5,Washtenaw,26161,Michigan,US,210,11,0.326118,48197,Washtenaw,,,,FALSE,0.11998864069735
2112,2112,,SEMCOG,INTERNAL,TRUE,TRUE,FALSE,0,5,Washtenaw,26161,Michigan,US,210,11,0.257689,48197,Washtenaw,,,,FALSE,0.988439324651164
2113,2113,,SEMCOG,INTERNAL,TRUE,TRUE,FALSE,0,5,Washtenaw,26161,Michigan,US,210,11,0.383039,48197,Washtenaw,,,,FALSE,0.705118615801965
2114,2114,,SEMCOG,INTERNAL,TRUE,TRUE,FALSE,0,5,Washtenaw,26161,Michigan,US,210,11,0.169763,48197,Washtenaw,,,,FALSE,0.244718448846726
2115,2115,,SEMCOG,INTERNAL,TRUE,TRUE,FALSE,0,5,Washtenaw,26161,Michigan,US,211,11,2.190984,48197,Washtenaw,,,,FALSE,0.734539451983084
2116,2116,,SEMCOG,INTERNAL,TRUE,TRUE,FALSE,0,5,Washtenaw,26161,Michigan,US,218,11,0.028176,48103,Washtenaw,,,,FALSE,1.70654313801415
2117,2117,,SEMCOG,INTERNAL,TRUE,TRUE,FALSE,0,5,Washtenaw,26161,Michigan,US,218,11,0.015194,48104,Washtenaw,,,,FALSE,1.85989177727447
2118,2118,,SEMCOG,INTERNAL,TRUE,TRUE,FALSE,0,5,Washtenaw,26161,Michigan,US,218,11,0.012102,48104,Washtenaw,,,,FALSE,1.97757606459311
2119,2119,,SEMCOG,INTERNAL,TRUE,TRUE,FALSE,0,5,Washtenaw,26161,Michigan,US,218,11,0.109201,48104,Washtenaw,,,,FALSE,1.94857128669241
2120,2120,,SEMCOG,INTERNAL,TRUE,TRUE,FALSE,0,5,Washtenaw,26161,Michigan,US,218,11,0.018866,48104,Washtenaw,,,,FALSE,2.00336954258094
2121,2121,,SEMCOG,INTERNAL,TRUE,TRUE,FALSE,0,5,Washtenaw,26161,Michigan,US,218,11,0.022244,48104,Washtenaw,,,,FALSE,1.93187245350023
2122,2122,,SEMCOG,INTERNAL,TRUE,TRUE,FALSE,0,5,Washtenaw,26161,Michigan,US,218,11,0.008073,48104,Washtenaw,,,,FALSE,1.81223659689765
2123,2123,,SEMCOG,INTERNAL,TRUE,TRUE,FALSE,0,5,Washtenaw,26161,Michigan,US,218,11,0.016321,48104,Washtenaw,,,,FALSE,1.65173550719506
2124,2124,,SEMCOG,INTERNAL,TRUE,TRUE,FALSE,0,5,Washtenaw,26161,Michigan,US,218,11,0.008285,48104,Washtenaw,,,,FALSE,1.74797644618498
2125,2125,,SEMCOG,INTERNAL,TRUE,TRUE,FALSE,0,5,Washtenaw,26161,Michigan,US,218,11,0.114795,48103,Washtenaw,,,,FALSE,1.54597323846122
2126,2126,,SEMCOG,INTERNAL,TRUE,TRUE,FALSE,0,5,Washtenaw,26161,Michigan,US,218,11,0.079489,48103,Washtenaw,,,,FALSE,1.40240935456194
2127,2127,,SEMCOG,INTERNAL,TRUE,TRUE,FALSE,0,5,Washtenaw,26161,Michigan,US,217,11,0.057741,48104,Washtenaw,,,,FALSE,2.12593905903548
2128,2128,,SEMCOG,INTERNAL,TRUE,TRUE,FALSE,0,5,Washtenaw,26161,Michigan,US,217,11,0.111103,48104,Washtenaw,,,,FALSE,2.32981148997717
2129,2129,,SEMCOG,INTERNAL,TRUE,TRUE,FALSE,0,5,Washtenaw,26161,Michigan,US,217,11,0.014687,48104,Washtenaw,,,,FALSE,2.12010817269124
2130,2130,,SEMCOG,INTERNAL,TRUE,TRUE,FALSE,0,5,Washtenaw,26161,Michigan,US,216,11,0.027047,48109,Washtenaw,,,,FALSE,2.28375144522523
2131,2131,,SEMCOG,INTERNAL,TRUE,TRUE,FALSE,0,5,Washtenaw,26161,Michigan,US,216,11,0.041474,48109,Washtenaw,,,,FALSE,2.46227489186382
2132,2132,,SEMCOG,INTERNAL,TRUE,TRUE,FALSE,0,5,Washtenaw,26161,Michigan,US,218,11,0.046005,48104,Washtenaw,,,,FALSE,2.10939676179976
2133,2133,,SEMCOG,INTERNAL,TRUE,TRUE,FALSE,0,5,Washtenaw,26161,Michigan,US,218,11,0.025256,48104,Washtenaw,,,,FALSE,1.95540678523347
2134,2134,,SEMCOG,INTERNAL,TRUE,TRUE,FALSE,0,5,Washtenaw,26161,Michigan,US,218,11,0.030389,48104,Washtenaw,,,,FALSE,1.83916591685638
2135,2135,,SEMCOG,INTERNAL,TRUE,TRUE,FALSE,0,5,Washtenaw,26161,Michigan,US,218,11,0.022032,48104,Washtenaw,,,,FALSE,1.68855142083606
2136,2136,,SEMCOG,INTERNAL,TRUE,TRUE,FALSE,0,5,Washtenaw,26161,Michigan,US,218,11,0.013808,48104,Washtenaw,,,,FALSE,1.71640885937879
2137,2137,,SEMCOG,INTERNAL,TRUE,TRUE,FALSE,0,5,Washtenaw,26161,Michigan,US,218,11,0.07216,48103,Washtenaw,,,,FALSE,1.41975097563272
2138,2138,,SEMCOG,INTERNAL,TRUE,TRUE,FALSE,0,5,Washtenaw,26161,Michigan,US,218,11,0.124316,48103,Washtenaw,,,,FALSE,1.50209154149814
2139,2139,,SEMCOG,INTERNAL,TRUE,TRUE,FALSE,0,5,Washtenaw,26161,Michigan,US,218,11,0.153385,48103,Washtenaw,,,,FALSE,1.53451102811579
2140,2140,,SEMCOG,INTERNAL,TRUE,TRUE,FALSE,0,5,Washtenaw,26161,Michigan,US,218,11,0.123477,48103,Washtenaw,,,,FALSE,1.33376732472636
2141,2141,,SEMCOG,INTERNAL,TRUE,TRUE,FALSE,0,5,Washtenaw,26161,Michigan,US,218,11,0.15374,48109,Washtenaw,,,,FALSE,1.57999038815077
2142,2142,,SEMCOG,INTERNAL,TRUE,TRUE,FALSE,0,5,Washtenaw,26161,Michigan,US,218,11,0.048056,48103,Washtenaw,,,,FALSE,1.76598213074448
2143,2143,,SEMCOG,INTERNAL,TRUE,TRUE,FALSE,0,5,Washtenaw,26161,Michigan,US,216,11,0.046397,48104,Washtenaw,,,,FALSE,1.84180814741851
2144,2144,,SEMCOG,INTERNAL,TRUE,TRUE,FALSE,0,5,Washtenaw,26161,Michigan,US,216,11,0.037055,48104,Washtenaw,,,,FALSE,1.99461160026019
2145,2145,,SEMCOG,INTERNAL,TRUE,TRUE,FALSE,0,5,Washtenaw,26161,Michigan,US,216,11,0.020647,48104,Washtenaw,,,,FALSE,1.93266642178862
2146,2146,,SEMCOG,INTERNAL,TRUE,TRUE,FALSE,0,5,Washtenaw,26161,Michigan,US,216,11,0.031357,48104,Washtenaw,,,,FALSE,2.04841474089285
2147,2147,,SEMCOG,INTERNAL,TRUE,TRUE,FALSE,0,5,Washtenaw,26161,Michigan,US,216,11,0.041046,48109,Washtenaw,,,,FALSE,2.16223879932524
2148,2148,,SEMCOG,INTERNAL,TRUE,TRUE,FALSE,0,5,Washtenaw,26161,Michigan,US,216,11,0.118074,48109,Washtenaw,,,,FALSE,1.75818197290339
2149,2149,,SEMCOG,INTERNAL,TRUE,TRUE,FALSE,0,5,Washtenaw,26161,Michigan,US,216,11,0.046723,48104,Washtenaw,,,,FALSE,1.84418094936793
2150,2150,,SEMCOG,INTERNAL,TRUE,TRUE,FALSE,0,5,Washtenaw,26161,Michigan,US,216,11,0.112941,48104,Washtenaw,,,,FALSE,2.04098860973255
2151,2151,,SEMCOG,INTERNAL,TRUE,TRUE,FALSE,0,5,Washtenaw,26161,Michigan,US,216,11,0.045958,48104,Washtenaw,,,,FALSE,2.29165310315959
2152,2152,,SEMCOG,INTERNAL,TRUE,TRUE,FALSE,0,5,Washtenaw,26161,Michigan,US,216,11,0.090223,48104,Washtenaw,,,,FALSE,2.37917955129716
2153,2153,,SEMCOG,INTERNAL,TRUE,TRUE,FALSE,0,5,Washtenaw,26161,Michigan,US,216,11,0.05908,48109,Washtenaw,,,,FALSE,2.1923898233496
2154,2154,,SEMCOG,INTERNAL,TRUE,TRUE,FALSE,0,5,Washtenaw,26161,Michigan,US,216,11,0.057405,48104,Washtenaw,,,,FALSE,2.37895696353049
2155,2155,,SEMCOG,INTERNAL,TRUE,TRUE,FALSE,0,5,Washtenaw,26161,Michigan,US,216,11,0.091825,48104,Washtenaw,,,,FALSE,2.78326232025233
2156,2156,,SEMCOG,INTERNAL,TRUE,TRUE,FALSE,0,5,Washtenaw,26161,Michigan,US,216,11,0.115649,48104,Washtenaw,,,,FALSE,2.53796400109403
2157,2157,,SEMCOG,INTERNAL,TRUE,TRUE,FALSE,0,5,Washtenaw,26161,Michigan,US,216,11,0.042675,48109,Washtenaw,,,,FALSE,2.60899765504939
2158,2158,,SEMCOG,INTERNAL,TRUE,TRUE,FALSE,0,5,Washtenaw,26161,Michigan,US,217,11,0.012925,48104,Washtenaw,,,,FALSE,2.49221804350033
2159,2159,,SEMCOG,INTERNAL,TRUE,TRUE,FALSE,0,5,Washtenaw,26161,Michigan,US,217,11,0.187966,48109,Washtenaw,,,,FALSE,2.79075711163509
2160,2160,,SEMCOG,INTERNAL,TRUE,TRUE,FALSE,0,5,Washtenaw,26161,Michigan,US,217,11,0.097787,48105,Washtenaw,,,,FALSE,2.84031495306214
2161,2161,,SEMCOG,INTERNAL,TRUE,TRUE,FALSE,0,5,Washtenaw,26161,Michigan,US,220,11,0.482374,48105,Washtenaw,,,,FALSE,3.54776738696815
2162,2162,,SEMCOG,INTERNAL,TRUE,TRUE,FALSE,0,5,Washtenaw,26161,Michigan,US,220,11,0.635164,48105,Washtenaw,,,,FALSE,3.23939651055486
2163,2163,,SEMCOG,INTERNAL,TRUE,TRUE,FALSE,0,5,Washtenaw,26161,Michigan,US,220,11,0.209574,48105,Washtenaw,,,,FALSE,2.85814878994883
2164,2164,,SEMCOG,INTERNAL,TRUE,TRUE,FALSE,0,5,Washtenaw,26161,Michigan,US,214,11,0.486504,48104,Washtenaw,,,,FALSE,2.57217803001776
2165,2165,,SEMCOG,INTERNAL,TRUE,TRUE,FALSE,0,5,Washtenaw,26161,Michigan,US,214,11,0.246864,48104,Washtenaw,,,,FALSE,2.08821741559086
2166,2166,,SEMCOG,INTERNAL,TRUE,TRUE,FALSE,0,5,Washtenaw,26161,Michigan,US,214,11,0.287627,48104,Washtenaw,,,,FALSE,2.000936793218
2167,2167,,SEMCOG,INTERNAL,TRUE,TRUE,FALSE,0,5,Washtenaw,26161,Michigan,US,214,11,0.558845,48104,Washtenaw,,,,FALSE,2.78043263798189
2168,2168,,SEMCOG,INTERNAL,TRUE,TRUE,FALSE,0,5,Washtenaw,26161,Michigan,US,214,11,0.26514,48104,Washtenaw,,,,FALSE,2.34003788031444
2169,2169,,SEMCOG,INTERNAL,TRUE,TRUE,FALSE,0,5,Washtenaw,26161,Michigan,US,214,11,0.398128,48104,Washtenaw,,,,FALSE,1.86951112947612
2170,2170,,SEMCOG,INTERNAL,TRUE,TRUE,FALSE,0,5,Washtenaw,26161,Michigan,US,214,11,0.651931,48104,Washtenaw,,,,FALSE,2.05139064180281
2171,2171,,SEMCOG,INTERNAL,TRUE,TRUE,FALSE,0,5,Washtenaw,26161,Michigan,US,220,11,0.26677,48105,Washtenaw,,,,FALSE,3.06864904347957
2172,2172,,SEMCOG,INTERNAL,TRUE,TRUE,FALSE,0,5,Washtenaw,26161,Michigan,US,220,11,0.264588,48105,Washtenaw,,,,FALSE,3.19482120417991
2173,2173,,SEMCOG,INTERNAL,TRUE,TRUE,FALSE,0,5,Washtenaw,26161,Michigan,US,220,11,0.06103,48105,Washtenaw,,,,FALSE,3.34307056783226
2174,2174,,SEMCOG,INTERNAL,TRUE,TRUE,FALSE,0,5,Washtenaw,26161,Michigan,US,214,11,0.191614,48104,Washtenaw,,,,FALSE,1.83433051033717
2175,2175,,SEMCOG,INTERNAL,TRUE,TRUE,FALSE,0,5,Washtenaw,26161,Michigan,US,216,11,0.127836,48104,Washtenaw,,,,FALSE,1.70491907420312
2176,2176,,SEMCOG,INTERNAL,TRUE,TRUE,FALSE,0,5,Washtenaw,26161,Michigan,US,216,11,0.177009,48104,Washtenaw,,,,FALSE,1.82306117976298
2177,2177,,SEMCOG,INTERNAL,TRUE,TRUE,FALSE,0,5,Washtenaw,26161,Michigan,US,216,11,0.090559,48104,Washtenaw,,,,FALSE,2.1315855696527
2178,2178,,SEMCOG,INTERNAL,TRUE,TRUE,FALSE,0,5,Washtenaw,26161,Michigan,US,214,11,0.07954,48104,Washtenaw,,,,FALSE,1.48115744348438
2179,2179,,SEMCOG,INTERNAL,TRUE,TRUE,FALSE,0,5,Washtenaw,26161,Michigan,US,214,11,0.256212,48104,Washtenaw,,,,FALSE,1.24999639436037
2180,2180,,SEMCOG,INTERNAL,TRUE,TRUE,FALSE,0,5,Washtenaw,26161,Michigan,US,214,11,0.158444,48104,Washtenaw,,,,FALSE,1.40204431960686
2181,2181,,SEMCOG,INTERNAL,TRUE,TRUE,FALSE,0,5,Washtenaw,26161,Michigan,US,214,11,0.482659,48104,Washtenaw,,,,FALSE,1.2317875502902
2182,2182,,SEMCOG,INTERNAL,TRUE,TRUE,FALSE,0,5,Washtenaw,26161,Michigan,US,214,11,0.855377,48108,Washtenaw,,,,FALSE,0.503389855484629
2183,2183,,SEMCOG,INTERNAL,TRUE,TRUE,FALSE,0,5,Washtenaw,26161,Michigan,US,214,11,0.14961,48104,Washtenaw,,,,FALSE,1.46066214418012
2184,2184,,SEMCOG,INTERNAL,TRUE,TRUE,FALSE,0,5,Washtenaw,26161,Michigan,US,214,11,0.56012,48104,Washtenaw,,,,FALSE,0.963028771953814
2185,2185,,SEMCOG,INTERNAL,TRUE,TRUE,FALSE,0,5,Washtenaw,26161,Michigan,US,214,11,0.183348,48104,Washtenaw,,,,FALSE,0.834521286478316
2186,2186,,SEMCOG,INTERNAL,TRUE,TRUE,FALSE,0,5,Washtenaw,26161,Michigan,US,214,11,0.636222,48108,Washtenaw,,,,FALSE,0.244696441836665
2187,2187,,SEMCOG,INTERNAL,TRUE,TRUE,FALSE,0,5,Washtenaw,26161,Michigan,US,214,12,0.414304,48108,Washtenaw,,,,FALSE,0.249863481203076
2188,2188,,SEMCOG,INTERNAL,TRUE,TRUE,FALSE,0,5,Washtenaw,26161,Michigan,US,214,12,0.272884,48108,Washtenaw,,,,FALSE,0.476930275034441
2189,2189,,SEMCOG,INTERNAL,TRUE,TRUE,FALSE,0,5,Washtenaw,26161,Michigan,US,214,12,0.47917,48108,Washtenaw,,,,FALSE,0.26705823760734
2190,2190,,SEMCOG,INTERNAL,TRUE,TRUE,FALSE,0,5,Washtenaw,26161,Michigan,US,214,12,0.041794,48108,Washtenaw,,,,FALSE,0.189727650038791
2191,2191,,SEMCOG,INTERNAL,TRUE,TRUE,FALSE,0,5,Washtenaw,26161,Michigan,US,214,11,0.303027,48108,Washtenaw,,,,FALSE,0.249783016134168
2192,2192,,SEMCOG,INTERNAL,TRUE,TRUE,FALSE,0,5,Washtenaw,26161,Michigan,US,214,11,0.197451,48108,Washtenaw,,,,FALSE,0.190537257788865
2193,2193,,SEMCOG,INTERNAL,TRUE,TRUE,FALSE,0,5,Washtenaw,26161,Michigan,US,214,11,0.295946,48104,Washtenaw,,,,FALSE,1.28882041932797
2194,2194,,SEMCOG,INTERNAL,TRUE,TRUE,FALSE,0,5,Washtenaw,26161,Michigan,US,214,11,0.275815,48104,Washtenaw,,,,FALSE,0.757689365906184
2195,2195,,SEMCOG,INTERNAL,TRUE,TRUE,FALSE,0,5,Washtenaw,26161,Michigan,US,214,11,0.121586,48104,Washtenaw,,,,FALSE,0.989214266531613
2196,2196,,SEMCOG,INTERNAL,TRUE,TRUE,FALSE,0,5,Washtenaw,26161,Michigan,US,214,11,0.225701,48104,Washtenaw,,,,FALSE,0.764946281702963
2197,2197,,SEMCOG,INTERNAL,TRUE,TRUE,FALSE,0,5,Washtenaw,26161,Michigan,US,215,11,0.240758,48103,Washtenaw,,,,FALSE,0.183082028159103
2198,2198,,SEMCOG,INTERNAL,TRUE,TRUE,FALSE,0,5,Washtenaw,26161,Michigan,US,215,11,0.202256,48108,Washtenaw,,,,FALSE,0.282729316064095
2199,2199,,SEMCOG,INTERNAL,TRUE,TRUE,FALSE,0,5,Washtenaw,26161,Michigan,US,215,11,0.707849,48103,Washtenaw,,,,FALSE,0.962907040482639
2200,2200,,SEMCOG,INTERNAL,TRUE,TRUE,FALSE,0,5,Washtenaw,26161,Michigan,US,215,11,0.299744,48103,Washtenaw,,,,FALSE,0.401733313373024
2201,2201,,SEMCOG,INTERNAL,TRUE,TRUE,FALSE,0,5,Washtenaw,26161,Michigan,US,215,11,0.591419,48103,Washtenaw,,,,FALSE,0.329209841340827
2202,2202,,SEMCOG,INTERNAL,TRUE,TRUE,FALSE,0,5,Washtenaw,26161,Michigan,US,215,11,0.213388,48103,Washtenaw,,,,FALSE,0.975864665346765
2203,2203,,SEMCOG,INTERNAL,TRUE,TRUE,FALSE,0,5,Washtenaw,26161,Michigan,US,215,11,0.45299,48103,Washtenaw,,,,FALSE,0.42191001903586
2204,2204,,SEMCOG,INTERNAL,TRUE,TRUE,FALSE,0,5,Washtenaw,26161,Michigan,US,215,11,0.213338,48103,Washtenaw,,,,FALSE,0.737861637289899
2205,2205,,SEMCOG,INTERNAL,TRUE,TRUE,FALSE,0,5,Washtenaw,26161,Michigan,US,215,11,0.21792,48103,Washtenaw,,,,FALSE,0.145464610843986
2206,2206,,SEMCOG,INTERNAL,TRUE,TRUE,FALSE,0,5,Washtenaw,26161,Michigan,US,215,11,0.148361,48103,Washtenaw,,,,FALSE,0.376660733294151
2207,2207,,SEMCOG,INTERNAL,TRUE,TRUE,FALSE,0,5,Washtenaw,26161,Michigan,US,215,11,0.134494,48103,Washtenaw,,,,FALSE,0.660852506473498
2208,2208,,SEMCOG,INTERNAL,TRUE,TRUE,FALSE,0,5,Washtenaw,26161,Michigan,US,215,11,0.3285,48103,Washtenaw,,,,FALSE,1.04784065086169
2209,2209,,SEMCOG,INTERNAL,TRUE,TRUE,FALSE,0,5,Washtenaw,26161,Michigan,US,215,11,0.165724,48103,Washtenaw,,,,FALSE,0.984465642069839
2210,2210,,SEMCOG,INTERNAL,TRUE,TRUE,FALSE,0,5,Washtenaw,26161,Michigan,US,219,11,0.248134,48103,Washtenaw,,,,FALSE,0.540279376950036
2211,2211,,SEMCOG,INTERNAL,TRUE,TRUE,FALSE,0,5,Washtenaw,26161,Michigan,US,219,11,0.149293,48103,Washtenaw,,,,FALSE,1.02500384136677
2212,2212,,SEMCOG,INTERNAL,TRUE,TRUE,FALSE,0,5,Washtenaw,26161,Michigan,US,219,11,0.128254,48103,Washtenaw,,,,FALSE,0.402957973337219
2213,2213,,SEMCOG,INTERNAL,TRUE,TRUE,FALSE,0,5,Washtenaw,26161,Michigan,US,219,11,0.179911,48103,Washtenaw,,,,FALSE,0.954442453841315
2214,2214,,SEMCOG,INTERNAL,TRUE,TRUE,FALSE,0,5,Washtenaw,26161,Michigan,US,219,11,0.107858,48103,Washtenaw,,,,FALSE,0.0811769169104838
2215,2215,,SEMCOG,INTERNAL,TRUE,TRUE,FALSE,0,5,Washtenaw,26161,Michigan,US,219,11,0.149146,48103,Washtenaw,,,,FALSE,0.127583682752252
2216,2216,,SEMCOG,INTERNAL,TRUE,TRUE,FALSE,0,5,Washtenaw,26161,Michigan,US,219,11,0.557246,48103,Washtenaw,,,,FALSE,0.357426552099995
2217,2217,,SEMCOG,INTERNAL,TRUE,TRUE,FALSE,0,5,Washtenaw,26161,Michigan,US,219,11,0.64119,48103,Washtenaw,,,,FALSE,0.443066536982775
2218,2218,,SEMCOG,INTERNAL,TRUE,TRUE,FALSE,0,5,Washtenaw,26161,Michigan,US,219,11,0.10027,48103,Washtenaw,,,,FALSE,0.0498591951982813
2219,2219,,SEMCOG,INTERNAL,TRUE,TRUE,FALSE,0,5,Washtenaw,26161,Michigan,US,219,11,0.388484,48103,Washtenaw,,,,FALSE,0.683001999575589
2220,2220,,SEMCOG,INTERNAL,TRUE,TRUE,FALSE,0,5,Washtenaw,26161,Michigan,US,219,11,0.463213,48103,Washtenaw,,,,FALSE,1.0681441927255
2221,2221,,SEMCOG,INTERNAL,TRUE,TRUE,FALSE,0,5,Washtenaw,26161,Michigan,US,219,11,0.329338,48103,Washtenaw,,,,FALSE,1.39739679466836
2222,2222,,SEMCOG,INTERNAL,TRUE,TRUE,FALSE,0,5,Washtenaw,26161,Michigan,US,219,11,0.469734,48103,Washtenaw,,,,FALSE,1.91943347892779
2223,2223,,SEMCOG,INTERNAL,TRUE,TRUE,FALSE,0,5,Washtenaw,26161,Michigan,US,220,11,0.218644,48105,Washtenaw,,,,FALSE,2.6157856425456
2224,2224,,SEMCOG,INTERNAL,TRUE,TRUE,FALSE,0,5,Washtenaw,26161,Michigan,US,220,11,0.527123,48105,Washtenaw,,,,FALSE,3.33778639508583
2225,2225,,SEMCOG,INTERNAL,TRUE,TRUE,FALSE,0,5,Washtenaw,26161,Michigan,US,220,11,0.197885,48105,Washtenaw,,,,FALSE,2.81227206328687
2226,2226,,SEMCOG,INTERNAL,TRUE,TRUE,FALSE,0,5,Washtenaw,26161,Michigan,US,220,11,0.639532,48105,Washtenaw,,,,FALSE,3.33151294963985
2227,2227,,SEMCOG,INTERNAL,TRUE,TRUE,FALSE,0,5,Washtenaw,26161,Michigan,US,220,11,0.290611,48105,Washtenaw,,,,FALSE,2.36740246929579
2228,2228,,SEMCOG,INTERNAL,TRUE,TRUE,FALSE,0,5,Washtenaw,26161,Michigan,US,220,11,0.143664,48105,Washtenaw,,,,FALSE,2.65137767886519
2229,2229,,SEMCOG,INTERNAL,TRUE,TRUE,FALSE,0,5,Washtenaw,26161,Michigan,US,220,11,0.074835,48105,Washtenaw,,,,FALSE,3.12557374886674
2230,2230,,SEMCOG,INTERNAL,TRUE,TRUE,FALSE,0,5,Washtenaw,26161,Michigan,US,220,11,0.420639,48105,Washtenaw,,,,FALSE,4.30917140606642
2231,2231,,SEMCOG,INTERNAL,TRUE,TRUE,FALSE,0,5,Washtenaw,26161,Michigan,US,220,11,0.431813,48105,Washtenaw,,,,FALSE,4.16233296445445
2232,2232,,SEMCOG,INTERNAL,TRUE,TRUE,FALSE,0,5,Washtenaw,26161,Michigan,US,220,11,0.44006,48105,Washtenaw,,,,FALSE,3.74191227684497
2233,2233,,SEMCOG,INTERNAL,TRUE,TRUE,FALSE,0,5,Washtenaw,26161,Michigan,US,220,11,0.364024,48105,Washtenaw,,,,FALSE,4.52501007374362
2234,2234,,SEMCOG,INTERNAL,TRUE,TRUE,FALSE,0,5,Washtenaw,26161,Michigan,US,220,11,0.342925,48105,Washtenaw,,,,FALSE,4.86435020925436
2235,2235,,SEMCOG,INTERNAL,TRUE,TRUE,FALSE,0,5,Washtenaw,26161,Michigan,US,220,11,0.297499,48105,Washtenaw,,,,FALSE,4.96060736657327
2236,2236,,SEMCOG,INTERNAL,TRUE,TRUE,FALSE,0,5,Washtenaw,26161,Michigan,US,220,11,0.280629,48105,Washtenaw,,,,FALSE,5.21737494783369
2237,2237,,SEMCOG,INTERNAL,TRUE,TRUE,FALSE,0,5,Washtenaw,26161,Michigan,US,220,11,0.060502,48105,Washtenaw,,,,FALSE,3.24859040007076
2238,2238,,SEMCOG,INTERNAL,TRUE,TRUE,FALSE,0,5,Washtenaw,26161,Michigan,US,220,11,0.228694,48105,Washtenaw,,,,FALSE,3.12432458646708
2239,2239,,SEMCOG,INTERNAL,TRUE,TRUE,FALSE,0,5,Washtenaw,26161,Michigan,US,220,11,0.116639,48105,Washtenaw,,,,FALSE,3.62785973097281
2240,2240,,SEMCOG,INTERNAL,TRUE,TRUE,FALSE,0,5,Washtenaw,26161,Michigan,US,220,11,0.167772,48109,Washtenaw,,,,FALSE,3.52652885668337
2241,2241,,SEMCOG,INTERNAL,TRUE,TRUE,FALSE,0,5,Washtenaw,26161,Michigan,US,220,11,0.060439,48105,Washtenaw,,,,FALSE,3.90207364258887
2242,2242,,SEMCOG,INTERNAL,TRUE,TRUE,FALSE,0,5,Washtenaw,26161,Michigan,US,220,11,0.129081,48105,Washtenaw,,,,FALSE,4.08901054229166
2243,2243,,SEMCOG,INTERNAL,TRUE,TRUE,FALSE,0,5,Washtenaw,26161,Michigan,US,220,11,0.238288,48109,Washtenaw,,,,FALSE,3.74096896826437
2244,2244,,SEMCOG,INTERNAL,TRUE,TRUE,FALSE,0,5,Washtenaw,26161,Michigan,US,220,11,0.305119,48105,Washtenaw,,,,FALSE,3.80507075293232
2245,2245,,SEMCOG,INTERNAL,TRUE,TRUE,FALSE,0,5,Washtenaw,26161,Michigan,US,220,11,0.353721,48105,Washtenaw,,,,FALSE,4.33464292369666
2246,2246,,SEMCOG,INTERNAL,TRUE,TRUE,FALSE,0,5,Washtenaw,26161,Michigan,US,220,11,0.282352,48105,Washtenaw,,,,FALSE,4.36864518080712
2247,2247,,SEMCOG,INTERNAL,TRUE,TRUE,FALSE,0,5,Washtenaw,26161,Michigan,US,220,11,0.202947,48105,Washtenaw,,,,FALSE,3.99366816145064
2248,2248,,SEMCOG,INTERNAL,TRUE,TRUE,FALSE,0,5,Washtenaw,26161,Michigan,US,211,11,1.165567,48197,Washtenaw,,,,FALSE,0.648383695238484
2249,2249,,SEMCOG,INTERNAL,TRUE,TRUE,FALSE,0,5,Washtenaw,26161,Michigan,US,211,12,4.049578,48197,Washtenaw,,,,FALSE,2.53462001265093
2250,2250,,SEMCOG,INTERNAL,TRUE,TRUE,FALSE,0,5,Washtenaw,26161,Michigan,US,211,12,0.531033,48197,Washtenaw,,,,FALSE,2.19559014151395
2251,2251,,SEMCOG,INTERNAL,TRUE,TRUE,FALSE,0,5,Washtenaw,26161,Michigan,US,211,12,1.451293,48197,Washtenaw,,,,FALSE,2.37341370494117
2252,2252,,SEMCOG,INTERNAL,TRUE,TRUE,FALSE,0,5,Washtenaw,26161,Michigan,US,211,12,2.016108,48197,Washtenaw,,,,FALSE,2.1374423213324
2253,2253,,SEMCOG,INTERNAL,TRUE,TRUE,FALSE,0,5,Washtenaw,26161,Michigan,US,211,12,0.741742,48197,Washtenaw,,,,FALSE,1.7401477651912
2254,2254,,SEMCOG,INTERNAL,TRUE,TRUE,FALSE,0,5,Washtenaw,26161,Michigan,US,211,12,1.251567,48197,Washtenaw,,,,FALSE,2.08336178494527
2255,2255,,SEMCOG,INTERNAL,TRUE,TRUE,FALSE,0,5,Washtenaw,26161,Michigan,US,207,12,1.711317,48108,Washtenaw,,,,FALSE,3.06067778355094
2256,2256,,SEMCOG,INTERNAL,TRUE,TRUE,FALSE,0,5,Washtenaw,26161,Michigan,US,207,12,0.594415,48176,Washtenaw,,,,FALSE,4.09386945431993
2257,2257,,SEMCOG,INTERNAL,TRUE,TRUE,FALSE,0,5,Washtenaw,26161,Michigan,US,207,12,0.641301,48176,Washtenaw,,,,FALSE,3.75947952586322
2258,2258,,SEMCOG,INTERNAL,TRUE,TRUE,FALSE,0,5,Washtenaw,26161,Michigan,US,208,12,1.777826,48108,Washtenaw,,,,FALSE,1.8126995210967
2259,2259,,SEMCOG,INTERNAL,TRUE,TRUE,FALSE,0,5,Washtenaw,26161,Michigan,US,208,12,0.846175,48176,Washtenaw,,,,FALSE,2.43755898638592
2260,2260,,SEMCOG,INTERNAL,TRUE,TRUE,FALSE,0,5,Washtenaw,26161,Michigan,US,208,12,0.73461,48176,Washtenaw,,,,FALSE,3.31182749384714
2261,2261,,SEMCOG,INTERNAL,TRUE,TRUE,FALSE,0,5,Washtenaw,26161,Michigan,US,208,12,1.692553,48176,Washtenaw,,,,FALSE,2.81533747443952
2262,2262,,SEMCOG,INTERNAL,TRUE,TRUE,FALSE,0,5,Washtenaw,26161,Michigan,US,208,12,1.526349,48197,Washtenaw,,,,FALSE,2.33179278249657
2263,2263,,SEMCOG,INTERNAL,TRUE,TRUE,FALSE,0,5,Washtenaw,26161,Michigan,US,208,12,1.073031,48197,Washtenaw,,,,FALSE,0.458550305628016
2264,2264,,SEMCOG,INTERNAL,TRUE,TRUE,FALSE,0,5,Washtenaw,26161,Michigan,US,208,12,1.019441,48197,Washtenaw,,,,FALSE,1.15463973192334
2265,2265,,SEMCOG,INTERNAL,TRUE,TRUE,FALSE,0,5,Washtenaw,26161,Michigan,US,208,12,2.646477,48197,Washtenaw,,,,FALSE,2.45368442223771
2266,2266,,SEMCOG,INTERNAL,TRUE,TRUE,FALSE,0,5,Washtenaw,26161,Michigan,US,208,12,0.850367,48108,Washtenaw,,,,FALSE,0.999084548778692
2267,2267,,SEMCOG,INTERNAL,TRUE,TRUE,FALSE,0,5,Washtenaw,26161,Michigan,US,208,12,0.759795,48108,Washtenaw,,,,FALSE,0.943092756295223
2268,2268,,SEMCOG,INTERNAL,TRUE,TRUE,FALSE,0,5,Washtenaw,26161,Michigan,US,208,12,1.310328,48108,Washtenaw,,,,FALSE,0.502131692337621
2269,2269,,SEMCOG,INTERNAL,TRUE,TRUE,FALSE,0,5,Washtenaw,26161,Michigan,US,207,12,2.459063,48108,Washtenaw,,,,FALSE,1.49927355576545
2270,2270,,SEMCOG,INTERNAL,TRUE,TRUE,FALSE,0,5,Washtenaw,26161,Michigan,US,207,12,2.032685,48108,Washtenaw,,,,FALSE,1.83812556242028
2271,2271,,SEMCOG,INTERNAL,TRUE,TRUE,FALSE,0,5,Washtenaw,26161,Michigan,US,207,12,0.381506,48176,Washtenaw,,,,FALSE,3.1838624185209
2272,2272,,SEMCOG,INTERNAL,TRUE,TRUE,FALSE,0,5,Washtenaw,26161,Michigan,US,207,12,0.638983,48108,Washtenaw,,,,FALSE,0.2351367752037
2273,2273,,SEMCOG,INTERNAL,TRUE,TRUE,FALSE,0,5,Washtenaw,26161,Michigan,US,207,12,0.802189,48108,Washtenaw,,,,FALSE,0.627697047194304
2274,2274,,SEMCOG,INTERNAL,TRUE,TRUE,FALSE,0,5,Washtenaw,26161,Michigan,US,207,12,0.657457,48103,Washtenaw,,,,FALSE,0.381823878148035
2275,2275,,SEMCOG,INTERNAL,TRUE,TRUE,FALSE,0,5,Washtenaw,26161,Michigan,US,205,12,12.165179,48197,Washtenaw,,,,FALSE,5.61727248576294
2276,2276,,SEMCOG,INTERNAL,TRUE,TRUE,FALSE,0,5,Washtenaw,26161,Michigan,US,205,12,5.228021,48197,Washtenaw,,,,FALSE,4.15624109849048
2277,2277,,SEMCOG,INTERNAL,TRUE,TRUE,FALSE,0,5,Washtenaw,26161,Michigan,US,205,12,12.066263,48160,Washtenaw,,,,FALSE,8.41757174028449
2278,2278,,SEMCOG,INTERNAL,TRUE,TRUE,FALSE,0,5,Washtenaw,26161,Michigan,US,205,12,0.517565,48160,Washtenaw,,,,FALSE,8.61763944032679
2279,2279,,SEMCOG,INTERNAL,TRUE,TRUE,FALSE,0,5,Washtenaw,26161,Michigan,US,205,12,0.202279,48160,Washtenaw,,,,FALSE,9.21437248945708
2280,2280,,SEMCOG,INTERNAL,TRUE,TRUE,FALSE,0,5,Washtenaw,26161,Michigan,US,205,12,0.21286,48160,Washtenaw,,,,FALSE,9.15331435106905
2281,2281,,SEMCOG,INTERNAL,TRUE,TRUE,FALSE,0,5,Washtenaw,26161,Michigan,US,205,12,0.250128,48160,Washtenaw,,,,FALSE,9.21095969425881
2282,2282,,SEMCOG,INTERNAL,TRUE,TRUE,FALSE,0,5,Washtenaw,26161,Michigan,US,205,12,5.087288,48160,Washtenaw,,,,FALSE,4.71144053174139
2283,2283,,SEMCOG,INTERNAL,TRUE,TRUE,FALSE,0,5,Washtenaw,26161,Michigan,US,205,12,7.292919,48176,Washtenaw,,,,FALSE,5.04690875556726
2284,2284,,SEMCOG,INTERNAL,TRUE,TRUE,FALSE,0,5,Washtenaw,26161,Michigan,US,205,12,9.977821,48160,Washtenaw,,,,FALSE,7.82124631474613
2285,2285,,SEMCOG,INTERNAL,TRUE,TRUE,FALSE,0,5,Washtenaw,26161,Michigan,US,206,12,5.750325,48103,Washtenaw,,,,FALSE,3.69694179962948
2286,2286,,SEMCOG,INTERNAL,TRUE,TRUE,FALSE,0,5,Washtenaw,26161,Michigan,US,206,12,3.82121,48103,Washtenaw,,,,FALSE,2.23432342099075
2287,2287,,SEMCOG,INTERNAL,TRUE,TRUE,FALSE,0,5,Washtenaw,26161,Michigan,US,206,12,2.070363,48103,Washtenaw,,,,FALSE,1.1806344258886
2288,2288,,SEMCOG,INTERNAL,TRUE,TRUE,FALSE,0,5,Washtenaw,26161,Michigan,US,206,12,5.528042,48103,Washtenaw,,,,FALSE,5.30570089944064
2289,2289,,SEMCOG,INTERNAL,TRUE,TRUE,FALSE,0,5,Washtenaw,26161,Michigan,US,206,12,4.036704,48103,Washtenaw,,,,FALSE,3.41140970343529
2290,2290,,SEMCOG,INTERNAL,TRUE,TRUE,FALSE,0,5,Washtenaw,26161,Michigan,US,206,12,1.830883,48176,Washtenaw,,,,FALSE,2.44838843862858
2291,2291,,SEMCOG,INTERNAL,TRUE,TRUE,FALSE,0,5,Washtenaw,26161,Michigan,US,206,12,7.521091,48176,Washtenaw,,,,FALSE,6.45650952663924
2292,2292,,SEMCOG,INTERNAL,TRUE,TRUE,FALSE,0,5,Washtenaw,26161,Michigan,US,206,12,3.225068,48176,Washtenaw,,,,FALSE,4.75176647197799
2293,2293,,SEMCOG,INTERNAL,TRUE,TRUE,FALSE,0,5,Washtenaw,26161,Michigan,US,206,12,0.607323,48176,Washtenaw,,,,FALSE,3.53914629531685
2294,2294,,SEMCOG,INTERNAL,TRUE,TRUE,FALSE,0,5,Washtenaw,26161,Michigan,US,206,12,0.461457,48176,Washtenaw,,,,FALSE,5.33998613550419
2295,2295,,SEMCOG,INTERNAL,TRUE,TRUE,FALSE,0,5,Washtenaw,26161,Michigan,US,206,12,0.559035,48176,Washtenaw,,,,FALSE,5.66471836770407
2296,2296,,SEMCOG,INTERNAL,TRUE,TRUE,FALSE,0,5,Washtenaw,26161,Michigan,US,206,12,0.73227,48176,Washtenaw,,,,FALSE,5.24778860092657
2297,2297,,SEMCOG,INTERNAL,TRUE,TRUE,FALSE,0,5,Washtenaw,26161,Michigan,US,206,12,1.073579,48176,Washtenaw,,,,FALSE,3.83935253334526
2298,2298,,SEMCOG,INTERNAL,TRUE,TRUE,FALSE,0,5,Washtenaw,26161,Michigan,US,207,12,0.311854,48176,Washtenaw,,,,FALSE,4.42889116033453
2299,2299,,SEMCOG,INTERNAL,TRUE,TRUE,FALSE,0,5,Washtenaw,26161,Michigan,US,206,12,0.63269,48176,Washtenaw,,,,FALSE,4.45798204844965
2300,2300,,SEMCOG,INTERNAL,TRUE,TRUE,FALSE,0,5,Washtenaw,26161,Michigan,US,206,12,0.351321,48176,Washtenaw,,,,FALSE,3.78635956021742
2301,2301,,SEMCOG,INTERNAL,TRUE,TRUE,FALSE,0,5,Washtenaw,26161,Michigan,US,206,12,0.217785,48176,Washtenaw,,,,FALSE,4.47564331596511
2302,2302,,SEMCOG,INTERNAL,TRUE,TRUE,FALSE,0,5,Washtenaw,26161,Michigan,US,206,12,25.293695,48176,Washtenaw,,,,FALSE,9.56824324682309
2303,2303,,SEMCOG,INTERNAL,TRUE,TRUE,FALSE,0,5,Washtenaw,26161,Michigan,US,206,12,9.433625,48176,Washtenaw,,,,FALSE,7.26331802912512
2304,2304,,SEMCOG,INTERNAL,TRUE,TRUE,FALSE,0,5,Washtenaw,26161,Michigan,US,209,11,0.356663,48197,Washtenaw,,,,FALSE,0.315394816238487
2305,2305,,SEMCOG,INTERNAL,TRUE,TRUE,FALSE,0,5,Washtenaw,26161,Michigan,US,209,11,0.39786,48197,Washtenaw,,,,FALSE,0.19921669628196
2306,2306,,SEMCOG,INTERNAL,TRUE,TRUE,FALSE,0,5,Washtenaw,26161,Michigan,US,209,11,0.550726,48197,Washtenaw,,,,FALSE,0.97614608996384
2307,2307,,SEMCOG,INTERNAL,TRUE,TRUE,FALSE,0,5,Washtenaw,26161,Michigan,US,209,11,0.204733,48197,Washtenaw,,,,FALSE,0.584591164390381
2308,2308,,SEMCOG,INTERNAL,TRUE,TRUE,FALSE,0,5,Washtenaw,26161,Michigan,US,209,11,0.2565,48197,Washtenaw,,,,FALSE,0.800880466681334
2309,2309,,SEMCOG,INTERNAL,TRUE,TRUE,FALSE,0,5,Washtenaw,26161,Michigan,US,209,11,0.090341,48108,Washtenaw,,,,FALSE,1.3600634031565
2310,2310,,SEMCOG,INTERNAL,TRUE,TRUE,FALSE,0,5,Washtenaw,26161,Michigan,US,209,11,0.478484,48108,Washtenaw,,,,FALSE,1.46056958814372
2311,2311,,SEMCOG,INTERNAL,TRUE,TRUE,FALSE,0,5,Washtenaw,26161,Michigan,US,209,12,0.371484,48197,Washtenaw,,,,FALSE,1.96405670065554
2312,2312,,SEMCOG,INTERNAL,TRUE,TRUE,FALSE,0,5,Washtenaw,26161,Michigan,US,209,12,0.167227,48108,Washtenaw,,,,FALSE,1.81100797308083
2313,2313,,SEMCOG,INTERNAL,TRUE,TRUE,FALSE,0,5,Washtenaw,26161,Michigan,US,221,12,3.820911,48105,Washtenaw,,,,FALSE,7.38978288112638
2314,2314,,SEMCOG,INTERNAL,TRUE,TRUE,FALSE,0,5,Washtenaw,26161,Michigan,US,221,12,6.730937,48170,Washtenaw,,,,FALSE,6.95295666777167
2315,2315,,SEMCOG,INTERNAL,TRUE,TRUE,FALSE,0,5,Washtenaw,26161,Michigan,US,221,12,1.271804,48105,Washtenaw,,,,FALSE,6.29507489017577
2316,2316,,SEMCOG,INTERNAL,TRUE,TRUE,FALSE,0,5,Washtenaw,26161,Michigan,US,221,12,6.093536,48198,Washtenaw,,,,FALSE,4.91923904361544
2317,2317,,SEMCOG,INTERNAL,TRUE,TRUE,FALSE,0,5,Washtenaw,26161,Michigan,US,221,12,3.016549,48198,Washtenaw,,,,FALSE,5.58443941882665
2318,2318,,SEMCOG,INTERNAL,TRUE,TRUE,FALSE,0,5,Washtenaw,26161,Michigan,US,221,12,2.134311,48198,Washtenaw,,,,FALSE,3.53495425876299
2319,2319,,SEMCOG,INTERNAL,TRUE,TRUE,FALSE,0,5,Washtenaw,26161,Michigan,US,221,12,6.052474,48198,Washtenaw,,,,FALSE,4.08791557901649
2320,2320,,SEMCOG,INTERNAL,TRUE,TRUE,FALSE,0,5,Washtenaw,26161,Michigan,US,221,12,0.635594,48198,Washtenaw,,,,FALSE,3.12406100701646
2321,2321,,SEMCOG,INTERNAL,TRUE,TRUE,FALSE,0,5,Washtenaw,26161,Michigan,US,221,12,0.774845,48198,Washtenaw,,,,FALSE,2.55160225824073
2322,2322,,SEMCOG,INTERNAL,TRUE,TRUE,FALSE,0,5,Washtenaw,26161,Michigan,US,221,12,0.909748,48197,Washtenaw,,,,FALSE,2.79652631654879
2323,2323,,SEMCOG,INTERNAL,TRUE,TRUE,FALSE,0,5,Washtenaw,26161,Michigan,US,221,12,0.79116,48198,Washtenaw,,,,FALSE,2.61838812461881
2324,2324,,SEMCOG,INTERNAL,TRUE,TRUE,FALSE,0,5,Washtenaw,26161,Michigan,US,221,12,0.19105,48198,Washtenaw,,,,FALSE,2.20999667468166
2325,2325,,SEMCOG,INTERNAL,TRUE,TRUE,FALSE,0,5,Washtenaw,26161,Michigan,US,221,12,0.325594,48198,Washtenaw,,,,FALSE,2.3229648839357
2326,2326,,SEMCOG,INTERNAL,TRUE,TRUE,FALSE,0,5,Washtenaw,26161,Michigan,US,221,12,1.7256,48198,Washtenaw,,,,FALSE,2.80223749605544
2327,2327,,SEMCOG,INTERNAL,TRUE,TRUE,FALSE,0,5,Washtenaw,26161,Michigan,US,221,12,1.028922,48198,Washtenaw,,,,FALSE,2.51930722133079
2328,2328,,SEMCOG,INTERNAL,TRUE,TRUE,FALSE,0,5,Washtenaw,26161,Michigan,US,221,12,0.340471,48105,Washtenaw,,,,FALSE,4.77374834490916
2329,2329,,SEMCOG,INTERNAL,TRUE,TRUE,FALSE,0,5,Washtenaw,26161,Michigan,US,221,12,0.706223,48105,Washtenaw,,,,FALSE,5.05531863720902
2330,2330,,SEMCOG,INTERNAL,TRUE,TRUE,FALSE,0,5,Washtenaw,26161,Michigan,US,221,12,0.356784,48105,Washtenaw,,,,FALSE,3.77583333266191
2331,2331,,SEMCOG,INTERNAL,TRUE,TRUE,FALSE,0,5,Washtenaw,26161,Michigan,US,221,12,1.018088,48105,Washtenaw,,,,FALSE,4.1373558697433
2332,2332,,SEMCOG,INTERNAL,TRUE,TRUE,FALSE,0,5,Washtenaw,26161,Michigan,US,221,12,0.076082,48105,Washtenaw,,,,FALSE,4.53823232509095
2333,2333,,SEMCOG,INTERNAL,TRUE,TRUE,FALSE,0,5,Washtenaw,26161,Michigan,US,221,12,0.943621,48105,Washtenaw,,,,FALSE,5.95919851531597
2334,2334,,SEMCOG,INTERNAL,TRUE,TRUE,FALSE,0,5,Washtenaw,26161,Michigan,US,211,12,0.950071,48197,Washtenaw,,,,FALSE,3.22196115205221
2335,2335,,SEMCOG,INTERNAL,TRUE,TRUE,FALSE,0,5,Washtenaw,26161,Michigan,US,211,12,1.10573,48197,Washtenaw,,,,FALSE,3.00380250768832
2336,2336,,SEMCOG,INTERNAL,TRUE,TRUE,FALSE,0,5,Washtenaw,26161,Michigan,US,221,12,0.568652,48105,Washtenaw,,,,FALSE,5.58259697180659
2337,2337,,SEMCOG,INTERNAL,TRUE,TRUE,FALSE,0,5,Washtenaw,26161,Michigan,US,221,12,1.946214,48103,Washtenaw,,,,FALSE,1.9600147135273
2338,2338,,SEMCOG,INTERNAL,TRUE,TRUE,FALSE,0,5,Washtenaw,26161,Michigan,US,221,12,3.280608,48105,Washtenaw,,,,FALSE,3.40619327582064
2339,2339,,SEMCOG,INTERNAL,TRUE,TRUE,FALSE,0,5,Washtenaw,26161,Michigan,US,221,12,2.741845,48105,Washtenaw,,,,FALSE,4.57892727778632
2340,2340,,SEMCOG,INTERNAL,TRUE,TRUE,FALSE,0,5,Washtenaw,26161,Michigan,US,221,12,3.410666,48105,Washtenaw,,,,FALSE,6.23662247998061
2341,2341,,SEMCOG,INTERNAL,TRUE,TRUE,FALSE,0,5,Washtenaw,26161,Michigan,US,223,12,0.839573,48189,Washtenaw,,,,FALSE,7.94044763443845
2342,2342,,SEMCOG,INTERNAL,TRUE,TRUE,FALSE,0,5,Washtenaw,26161,Michigan,US,221,12,0.748726,48105,Washtenaw,,,,FALSE,2.72595846987039
2343,2343,,SEMCOG,INTERNAL,TRUE,TRUE,FALSE,0,5,Washtenaw,26161,Michigan,US,221,12,0.954911,48105,Washtenaw,,,,FALSE,2.62986063790776
2344,2344,,SEMCOG,INTERNAL,TRUE,TRUE,FALSE,0,5,Washtenaw,26161,Michigan,US,222,12,1.01114,48130,Washtenaw,,,,FALSE,2.49668161537221
2345,2345,,SEMCOG,INTERNAL,TRUE,TRUE,FALSE,0,5,Washtenaw,26161,Michigan,US,222,12,0.909812,48130,Washtenaw,,,,FALSE,1.89749882328865
2346,2346,,SEMCOG,INTERNAL,TRUE,TRUE,FALSE,0,5,Washtenaw,26161,Michigan,US,222,12,2.09572,48130,Washtenaw,,,,FALSE,1.14323909232297
2347,2347,,SEMCOG,INTERNAL,TRUE,TRUE,FALSE,0,5,Washtenaw,26161,Michigan,US,222,12,3.082653,48130,Washtenaw,,,,FALSE,0.626742358298017
2348,2348,,SEMCOG,INTERNAL,TRUE,TRUE,FALSE,0,5,Washtenaw,26161,Michigan,US,222,12,0.984283,48130,Washtenaw,,,,FALSE,1.56958749568695
2349,2349,,SEMCOG,INTERNAL,TRUE,TRUE,FALSE,0,5,Washtenaw,26161,Michigan,US,222,12,1.317103,48130,Washtenaw,,,,FALSE,2.46198581121204
2350,2350,,SEMCOG,INTERNAL,TRUE,TRUE,FALSE,0,5,Washtenaw,26161,Michigan,US,222,12,3.479549,48103,Washtenaw,,,,FALSE,2.9055170957327
2351,2351,,SEMCOG,INTERNAL,TRUE,TRUE,FALSE,0,5,Washtenaw,26161,Michigan,US,222,12,2.679506,48103,Washtenaw,,,,FALSE,2.08054017639559
2352,2352,,SEMCOG,INTERNAL,TRUE,TRUE,FALSE,0,5,Washtenaw,26161,Michigan,US,222,12,0.889702,48103,Washtenaw,,,,FALSE,1.5008117604426
2353,2353,,SEMCOG,INTERNAL,TRUE,TRUE,FALSE,0,5,Washtenaw,26161,Michigan,US,222,12,2.07725,48103,Washtenaw,,,,FALSE,0.84858688888173
2354,2354,,SEMCOG,INTERNAL,TRUE,TRUE,FALSE,0,5,Washtenaw,26161,Michigan,US,222,12,1.039547,48103,Washtenaw,,,,FALSE,0.405335131227195
2355,2355,,SEMCOG,INTERNAL,TRUE,TRUE,FALSE,0,5,Washtenaw,26161,Michigan,US,222,12,0.428252,48103,Washtenaw,,,,FALSE,0.0799729174280409
2356,2356,,SEMCOG,INTERNAL,TRUE,TRUE,FALSE,0,5,Washtenaw,26161,Michigan,US,222,12,1.933599,48103,Washtenaw,,,,FALSE,0.791420698466149
2357,2357,,SEMCOG,INTERNAL,TRUE,TRUE,FALSE,0,5,Washtenaw,26161,Michigan,US,222,12,2.056109,48103,Washtenaw,,,,FALSE,1.72393553270043
2358,2358,,SEMCOG,INTERNAL,TRUE,TRUE,FALSE,0,5,Washtenaw,26161,Michigan,US,222,12,0.96571,48103,Washtenaw,,,,FALSE,0.327983794195161
2359,2359,,SEMCOG,INTERNAL,TRUE,TRUE,FALSE,0,5,Washtenaw,26161,Michigan,US,222,12,0.28552,48103,Washtenaw,,,,FALSE,0.263154979785878
2360,2360,,SEMCOG,INTERNAL,TRUE,TRUE,FALSE,0,5,Washtenaw,26161,Michigan,US,222,12,0.342516,48103,Washtenaw,,,,FALSE,0.167598709440604
2361,2361,,SEMCOG,INTERNAL,TRUE,TRUE,FALSE,0,5,Washtenaw,26161,Michigan,US,222,12,0.759783,48103,Washtenaw,,,,FALSE,0.278872098899962
2362,2362,,SEMCOG,INTERNAL,TRUE,TRUE,FALSE,0,5,Washtenaw,26161,Michigan,US,222,12,3.541914,48103,Washtenaw,,,,FALSE,1.12672480742065
2363,2363,,SEMCOG,INTERNAL,TRUE,TRUE,FALSE,0,5,Washtenaw,26161,Michigan,US,222,12,1.31762,48103,Washtenaw,,,,FALSE,0.796342899298406
2364,2364,,SEMCOG,INTERNAL,TRUE,TRUE,FALSE,0,5,Washtenaw,26161,Michigan,US,222,12,3.051913,48103,Washtenaw,,,,FALSE,2.42889669708597
2365,2365,,SEMCOG,INTERNAL,TRUE,TRUE,FALSE,0,5,Washtenaw,26161,Michigan,US,223,12,18.269484,48189,Washtenaw,,,,FALSE,7.3772865227981
2366,2366,,SEMCOG,INTERNAL,TRUE,TRUE,FALSE,0,5,Washtenaw,26161,Michigan,US,223,12,3.259582,48130,Washtenaw,,,,FALSE,4.6644950707934
2367,2367,,SEMCOG,INTERNAL,TRUE,TRUE,FALSE,0,5,Washtenaw,26161,Michigan,US,223,12,0.868137,48130,Washtenaw,,,,FALSE,3.6137349655188
2368,2368,,SEMCOG,INTERNAL,TRUE,TRUE,FALSE,0,5,Washtenaw,26161,Michigan,US,223,12,7.559978,48130,Washtenaw,,,,FALSE,4.4610956172237
2369,2369,,SEMCOG,INTERNAL,TRUE,TRUE,FALSE,0,5,Washtenaw,26161,Michigan,US,223,12,4.643934,48105,Washtenaw,,,,FALSE,5.1442272920601
2370,2370,,SEMCOG,INTERNAL,TRUE,TRUE,FALSE,0,5,Washtenaw,26161,Michigan,US,223,12,1.008431,48103,Washtenaw,,,,FALSE,3.79032500006456
2371,2371,,SEMCOG,INTERNAL,TRUE,TRUE,FALSE,0,5,Washtenaw,26161,Michigan,US,223,12,14.309378,48178,Washtenaw,,,,FALSE,8.28373508178185
2372,2372,,SEMCOG,INTERNAL,TRUE,TRUE,FALSE,0,5,Washtenaw,26161,Michigan,US,223,12,4.362901,48105,Washtenaw,,,,FALSE,5.29028087520993
2373,2373,,SEMCOG,INTERNAL,TRUE,TRUE,FALSE,0,5,Washtenaw,26161,Michigan,US,223,12,8.158617,48105,Washtenaw,,,,FALSE,6.42331074845179
2374,2374,,SEMCOG,INTERNAL,TRUE,TRUE,FALSE,0,5,Washtenaw,26161,Michigan,US,223,12,1.705555,48189,Washtenaw,,,,FALSE,7.2954894400672
2375,2375,,SEMCOG,INTERNAL,TRUE,TRUE,FALSE,0,5,Washtenaw,26161,Michigan,US,223,12,2.59165,48189,Washtenaw,,,,FALSE,6.97208762049148
2376,2376,,SEMCOG,INTERNAL,TRUE,TRUE,FALSE,0,5,Washtenaw,26161,Michigan,US,223,12,2.228304,48189,Washtenaw,,,,FALSE,7.33889994573045
2377,2377,,SEMCOG,INTERNAL,TRUE,TRUE,FALSE,0,5,Washtenaw,26161,Michigan,US,223,12,2.410143,48189,Washtenaw,,,,FALSE,7.71650542649381
2378,2378,,SEMCOG,INTERNAL,TRUE,TRUE,FALSE,0,5,Washtenaw,26161,Michigan,US,223,12,7.655106,48178,Washtenaw,,,,FALSE,6.72181772606285
2379,2379,,SEMCOG,INTERNAL,TRUE,TRUE,FALSE,0,5,Washtenaw,26161,Michigan,US,223,12,3.827668,48168,Washtenaw,,,,FALSE,5.51821216522136
2380,2380,,SEMCOG,INTERNAL,TRUE,TRUE,FALSE,0,5,Washtenaw,26161,Michigan,US,223,12,7.377216,48178,Washtenaw,,,,FALSE,9.01238935421447
2381,2381,,SEMCOG,INTERNAL,TRUE,TRUE,FALSE,0,5,Washtenaw,26161,Michigan,US,223,12,3.871465,48170,Washtenaw,,,,FALSE,7.00297935320184
2382,2382,,SEMCOG,INTERNAL,TRUE,TRUE,FALSE,0,5,Washtenaw,26161,Michigan,US,223,12,3.732832,48105,Washtenaw,,,,FALSE,8.66127139253836
2383,2383,,SEMCOG,INTERNAL,TRUE,TRUE,FALSE,0,5,Washtenaw,26161,Michigan,US,223,12,4.741465,48170,Washtenaw,,,,FALSE,6.96834586392447
2384,2384,,SEMCOG,INTERNAL,TRUE,TRUE,FALSE,0,5,Washtenaw,26161,Michigan,US,223,12,3.116081,48168,Washtenaw,,,,FALSE,6.96375304937869
2385,2385,,SEMCOG,INTERNAL,TRUE,TRUE,FALSE,0,5,Washtenaw,26161,Michigan,US,205,12,12.450202,48160,Washtenaw,,,,FALSE,7.69658050010068
2386,2386,,SEMCOG,INTERNAL,TRUE,TRUE,FALSE,0,5,Washtenaw,26161,Michigan,US,205,12,7.261967,48191,Washtenaw,,,,FALSE,5.82466572927713
2387,2387,,SEMCOG,INTERNAL,TRUE,TRUE,FALSE,0,5,Washtenaw,26161,Michigan,US,225,12,0.7498,48158,Washtenaw,,,,FALSE,9.5060776280321
2388,2388,,SEMCOG,INTERNAL,TRUE,TRUE,FALSE,0,5,Washtenaw,26161,Michigan,US,225,12,0.393327,48158,Washtenaw,,,,FALSE,9.62197599646083
2389,2389,,SEMCOG,INTERNAL,TRUE,TRUE,FALSE,0,5,Washtenaw,26161,Michigan,US,225,12,1.108711,48158,Washtenaw,,,,FALSE,10.310902869355
2390,2390,,SEMCOG,INTERNAL,TRUE,TRUE,FALSE,0,5,Washtenaw,26161,Michigan,US,225,12,16.947138,49240,Washtenaw,,,,FALSE,5.86883548099345
2391,2391,,SEMCOG,INTERNAL,TRUE,TRUE,FALSE,0,5,Washtenaw,26161,Michigan,US,225,12,20.858185,48158,Washtenaw,,,,FALSE,6.13164180084081
2392,2392,,SEMCOG,INTERNAL,TRUE,TRUE,FALSE,0,5,Washtenaw,26161,Michigan,US,225,12,15.838919,48158,Washtenaw,,,,FALSE,12.4056897705274
2393,2393,,SEMCOG,INTERNAL,TRUE,TRUE,FALSE,0,5,Washtenaw,26161,Michigan,US,225,12,20.602118,48158,Washtenaw,,,,FALSE,12.02797058222
2394,2394,,SEMCOG,INTERNAL,TRUE,TRUE,FALSE,0,5,Washtenaw,26161,Michigan,US,225,12,14.420287,48158,Washtenaw,,,,FALSE,5.9258571668142
2395,2395,,SEMCOG,INTERNAL,TRUE,TRUE,FALSE,0,5,Washtenaw,26161,Michigan,US,225,12,21.36886,48103,Washtenaw,,,,FALSE,6.13102966643462
2396,2396,,SEMCOG,INTERNAL,TRUE,TRUE,FALSE,0,5,Washtenaw,26161,Michigan,US,225,12,12.764942,48158,Washtenaw,,,,FALSE,11.8438356506546
2397,2397,,SEMCOG,INTERNAL,TRUE,TRUE,FALSE,0,5,Washtenaw,26161,Michigan,US,225,12,11.615825,48158,Washtenaw,,,,FALSE,10.4976142960292
2398,2398,,SEMCOG,INTERNAL,TRUE,TRUE,FALSE,0,5,Washtenaw,26161,Michigan,US,225,12,12.144914,49236,Washtenaw,,,,FALSE,12.9976387483567
2399,2399,,SEMCOG,INTERNAL,TRUE,TRUE,FALSE,0,5,Washtenaw,26161,Michigan,US,224,12,16.974852,48130,Washtenaw,,,,FALSE,1.30827075176213
2400,2400,,SEMCOG,INTERNAL,TRUE,TRUE,FALSE,0,5,Washtenaw,26161,Michigan,US,224,12,18.171503,48118,Washtenaw,,,,FALSE,1.69461864039745
2401,2401,,SEMCOG,INTERNAL,TRUE,TRUE,FALSE,0,5,Washtenaw,26161,Michigan,US,224,12,0.308298,48118,Washtenaw,,,,FALSE,0.404394026762897
2402,2402,,SEMCOG,INTERNAL,TRUE,TRUE,FALSE,0,5,Washtenaw,26161,Michigan,US,224,12,0.579315,48118,Washtenaw,,,,FALSE,0.298341478500452
2403,2403,,SEMCOG,INTERNAL,TRUE,TRUE,FALSE,0,5,Washtenaw,26161,Michigan,US,224,12,0.051535,48118,Washtenaw,,,,FALSE,0.432696820339833
2404,2404,,SEMCOG,INTERNAL,TRUE,TRUE,FALSE,0,5,Washtenaw,26161,Michigan,US,224,12,0.571513,48118,Washtenaw,,,,FALSE,2.07018368022368
2405,2405,,SEMCOG,INTERNAL,TRUE,TRUE,FALSE,0,5,Washtenaw,26161,Michigan,US,224,12,1.0385,48118,Washtenaw,,,,FALSE,1.20510207169927
2406,2406,,SEMCOG,INTERNAL,TRUE,TRUE,FALSE,0,5,Washtenaw,26161,Michigan,US,224,12,0.529886,48118,Washtenaw,,,,FALSE,1.05156263416249
2407,2407,,SEMCOG,INTERNAL,TRUE,TRUE,FALSE,0,5,Washtenaw,26161,Michigan,US,224,12,0.600638,48118,Washtenaw,,,,FALSE,1.75598876225864
2408,2408,,SEMCOG,INTERNAL,TRUE,TRUE,FALSE,0,5,Washtenaw,26161,Michigan,US,224,12,15.077847,48137,Washtenaw,,,,FALSE,7.43203732341319
2409,2409,,SEMCOG,INTERNAL,TRUE,TRUE,FALSE,0,5,Washtenaw,26161,Michigan,US,224,12,19.966515,48118,Washtenaw,,,,FALSE,4.55041689953253
2410,2410,,SEMCOG,INTERNAL,TRUE,TRUE,FALSE,0,5,Washtenaw,26161,Michigan,US,224,12,13.705756,48130,Washtenaw,,,,FALSE,7.39389644078451
2411,2411,,SEMCOG,INTERNAL,TRUE,TRUE,FALSE,0,5,Washtenaw,26161,Michigan,US,224,12,19.413897,48130,Washtenaw,,,,FALSE,4.52744246347045
2412,2412,,SEMCOG,INTERNAL,TRUE,TRUE,FALSE,0,5,Washtenaw,26161,Michigan,US,224,12,6.563978,48118,Washtenaw,,,,FALSE,1.4419824715133
2413,2413,,SEMCOG,INTERNAL,TRUE,TRUE,FALSE,0,5,Washtenaw,26161,Michigan,US,224,12,2.819315,48118,Washtenaw,,,,FALSE,1.44928706533001
2414,2414,,SEMCOG,INTERNAL,TRUE,TRUE,FALSE,0,5,Washtenaw,26161,Michigan,US,224,12,18.379835,48118,Washtenaw,,,,FALSE,0.153820756511782
2415,2415,,SEMCOG,INTERNAL,TRUE,TRUE,FALSE,0,5,Washtenaw,26161,Michigan,US,224,12,6.143722,48118,Washtenaw,,,,FALSE,1.61607073555492
2416,2416,,SEMCOG,INTERNAL,TRUE,TRUE,FALSE,0,6,Monroe,26115,Michigan,US,226,13,1.557502,48162,Monroe,,,,FALSE,0.790458908994749
2417,2417,,SEMCOG,INTERNAL,TRUE,TRUE,FALSE,0,6,Monroe,26115,Michigan,US,227,13,2.612944,48162,Monroe,,,,FALSE,0.645606484833051
2418,2418,,SEMCOG,INTERNAL,TRUE,TRUE,FALSE,0,6,Monroe,26115,Michigan,US,227,13,0.727402,48162,Monroe,,,,FALSE,0.312053691994289
2419,2419,,SEMCOG,INTERNAL,TRUE,TRUE,FALSE,0,6,Monroe,26115,Michigan,US,226,13,1.613477,48162,Monroe,,,,FALSE,0.55758813610133
2420,2420,,SEMCOG,INTERNAL,TRUE,TRUE,FALSE,0,6,Monroe,26115,Michigan,US,251,13,1.24737,48161,Monroe,,,,FALSE,0.66196019577291
2421,2421,,SEMCOG,INTERNAL,TRUE,TRUE,FALSE,0,6,Monroe,26115,Michigan,US,251,13,0.858307,48161,Monroe,,,,FALSE,0.3979358394474
2422,2422,,SEMCOG,INTERNAL,TRUE,TRUE,FALSE,0,6,Monroe,26115,Michigan,US,251,13,0.276731,48161,Monroe,,,,FALSE,1.09795833013988
2423,2423,,SEMCOG,INTERNAL,TRUE,TRUE,FALSE,0,6,Monroe,26115,Michigan,US,251,13,0.397321,48161,Monroe,,,,FALSE,1.22753723446601
2424,2424,,SEMCOG,INTERNAL,TRUE,TRUE,FALSE,0,6,Monroe,26115,Michigan,US,228,13,0.700268,48161,Monroe,,,,FALSE,2.04680335543177
2425,2425,,SEMCOG,INTERNAL,TRUE,TRUE,FALSE,0,6,Monroe,26115,Michigan,US,251,13,0.248481,48161,Monroe,,,,FALSE,2.69272272494111
2426,2426,,SEMCOG,INTERNAL,TRUE,TRUE,FALSE,0,6,Monroe,26115,Michigan,US,251,13,0.541994,48161,Monroe,,,,FALSE,1.95499085611972
2427,2427,,SEMCOG,INTERNAL,TRUE,TRUE,FALSE,0,6,Monroe,26115,Michigan,US,228,13,1.258034,48161,Monroe,,,,FALSE,3.01663801277611
2428,2428,,SEMCOG,INTERNAL,TRUE,TRUE,FALSE,0,6,Monroe,26115,Michigan,US,227,13,0.641704,48162,Monroe,,,,FALSE,0.96269132130408
2429,2429,,SEMCOG,INTERNAL,TRUE,TRUE,FALSE,0,6,Monroe,26115,Michigan,US,226,13,0.73924,48162,Monroe,,,,FALSE,1.26968904724446
2430,2430,,SEMCOG,INTERNAL,TRUE,TRUE,FALSE,0,6,Monroe,26115,Michigan,US,226,13,0.933713,48162,Monroe,,,,FALSE,1.94662406860605
2431,2431,,SEMCOG,INTERNAL,TRUE,TRUE,FALSE,0,6,Monroe,26115,Michigan,US,227,13,0.708443,48162,Monroe,,,,FALSE,1.50892193627322
2432,2432,,SEMCOG,INTERNAL,TRUE,TRUE,FALSE,0,6,Monroe,26115,Michigan,US,227,13,3.928349,48162,Monroe,,,,FALSE,3.52718948699005
2433,2433,,SEMCOG,INTERNAL,TRUE,TRUE,FALSE,0,6,Monroe,26115,Michigan,US,226,13,1.00207,48162,Monroe,,,,FALSE,3.5149806797762
2434,2434,,SEMCOG,INTERNAL,TRUE,TRUE,FALSE,0,6,Monroe,26115,Michigan,US,226,13,0.448292,48162,Monroe,,,,FALSE,2.80348533072642
2435,2435,,SEMCOG,INTERNAL,TRUE,TRUE,FALSE,0,6,Monroe,26115,Michigan,US,226,13,0.34088,48162,Monroe,,,,FALSE,2.38306511529728
2436,2436,,SEMCOG,INTERNAL,TRUE,TRUE,FALSE,0,6,Monroe,26115,Michigan,US,227,13,2.604976,48162,Monroe,,,,FALSE,3.16149771719575
2437,2437,,SEMCOG,INTERNAL,TRUE,TRUE,FALSE,0,6,Monroe,26115,Michigan,US,227,13,8.344606,48162,Monroe,,,,FALSE,2.62562377900974
2438,2438,,SEMCOG,INTERNAL,TRUE,TRUE,FALSE,0,6,Monroe,26115,Michigan,US,227,13,5.375041,48166,Monroe,,,,FALSE,1.08902568890266
2439,2439,,SEMCOG,INTERNAL,TRUE,TRUE,FALSE,0,6,Monroe,26115,Michigan,US,227,13,1.359133,48162,Monroe,,,,FALSE,0.446609611230946
2440,2440,,SEMCOG,INTERNAL,TRUE,TRUE,FALSE,0,6,Monroe,26115,Michigan,US,227,13,3.322119,48162,Monroe,,,,FALSE,0.975573427769279
2441,2441,,SEMCOG,INTERNAL,TRUE,TRUE,FALSE,0,6,Monroe,26115,Michigan,US,227,13,6.265864,48166,Monroe,,,,FALSE,1.24120472201788
2442,2442,,SEMCOG,INTERNAL,TRUE,TRUE,FALSE,0,6,Monroe,26115,Michigan,US,227,13,5.478292,48166,Monroe,,,,FALSE,3.36552333808014
2443,2443,,SEMCOG,INTERNAL,TRUE,TRUE,FALSE,0,6,Monroe,26115,Michigan,US,227,13,1.143764,48162,Monroe,,,,FALSE,1.85365595430841
2444,2444,,SEMCOG,INTERNAL,TRUE,TRUE,FALSE,0,6,Monroe,26115,Michigan,US,228,13,2.803983,48161,Monroe,,,,FALSE,0.799242021679346
2445,2445,,SEMCOG,INTERNAL,TRUE,TRUE,FALSE,0,6,Monroe,26115,Michigan,US,228,13,2.845966,48161,Monroe,,,,FALSE,0.935310797729933
2446,2446,,SEMCOG,INTERNAL,TRUE,TRUE,FALSE,0,6,Monroe,26115,Michigan,US,228,13,2.869573,48161,Monroe,,,,FALSE,0.362886812860596
2447,2447,,SEMCOG,INTERNAL,TRUE,TRUE,FALSE,0,6,Monroe,26115,Michigan,US,228,13,2.140855,48161,Monroe,,,,FALSE,4.14206820464302
2448,2448,,SEMCOG,INTERNAL,TRUE,TRUE,FALSE,0,6,Monroe,26115,Michigan,US,228,13,4.461803,48161,Monroe,,,,FALSE,3.25902513915064
2449,2449,,SEMCOG,INTERNAL,TRUE,TRUE,FALSE,0,6,Monroe,26115,Michigan,US,228,13,1.44642,48161,Monroe,,,,FALSE,1.81415456582985
2450,2450,,SEMCOG,INTERNAL,TRUE,TRUE,FALSE,0,6,Monroe,26115,Michigan,US,228,13,7.17767,48161,Monroe,,,,FALSE,4.64291578336779
2451,2451,,SEMCOG,INTERNAL,TRUE,TRUE,FALSE,0,6,Monroe,26115,Michigan,US,228,13,10.136247,48145,Monroe,,,,FALSE,3.52971850027678
2452,2452,,SEMCOG,INTERNAL,TRUE,TRUE,FALSE,0,6,Monroe,26115,Michigan,US,228,13,9.503223,48145,Monroe,,,,FALSE,0.723956586659506
2453,2453,,SEMCOG,INTERNAL,TRUE,TRUE,FALSE,0,6,Monroe,26115,Michigan,US,229,13,2.458058,48179,Monroe,,,,FALSE,0.0178497694326759
2454,2454,,SEMCOG,INTERNAL,TRUE,TRUE,FALSE,0,6,Monroe,26115,Michigan,US,229,13,5.344134,48179,Monroe,,,,FALSE,1.23161662260298
2455,2455,,SEMCOG,INTERNAL,TRUE,TRUE,FALSE,0,6,Monroe,26115,Michigan,US,229,13,8.269937,48179,Monroe,,,,FALSE,1.56037620670308
2456,2456,,SEMCOG,INTERNAL,TRUE,TRUE,FALSE,0,6,Monroe,26115,Michigan,US,229,13,8.396768,48166,Monroe,,,,FALSE,3.39214846981394
2457,2457,,SEMCOG,INTERNAL,TRUE,TRUE,FALSE,0,6,Monroe,26115,Michigan,US,229,13,0.649555,48166,Monroe,,,,FALSE,4.33469451539111
2458,2458,,SEMCOG,INTERNAL,TRUE,TRUE,FALSE,0,6,Monroe,26115,Michigan,US,229,13,2.111409,48166,Monroe,,,,FALSE,0.42547715302666
2459,2459,,SEMCOG,INTERNAL,TRUE,TRUE,FALSE,0,6,Monroe,26115,Michigan,US,229,13,3.853963,48166,Monroe,,,,FALSE,1.06305275096993
2460,2460,,SEMCOG,INTERNAL,TRUE,TRUE,FALSE,0,6,Monroe,26115,Michigan,US,229,13,1.471016,48166,Monroe,,,,FALSE,0.929937023129491
2461,2461,,SEMCOG,INTERNAL,TRUE,TRUE,FALSE,0,6,Monroe,26115,Michigan,US,229,13,10.535119,48117,Monroe,,,,FALSE,1.00303765029402
2462,2462,,SEMCOG,INTERNAL,TRUE,TRUE,FALSE,0,6,Monroe,26115,Michigan,US,229,13,5.590686,48179,Monroe,,,,FALSE,1.40427926613688
2463,2463,,SEMCOG,INTERNAL,TRUE,TRUE,FALSE,0,6,Monroe,26115,Michigan,US,229,13,0.989908,48117,Monroe,,,,FALSE,1.37507848231188
2464,2464,,SEMCOG,INTERNAL,TRUE,TRUE,FALSE,0,6,Monroe,26115,Michigan,US,229,13,7.335178,48117,Monroe,,,,FALSE,1.17961254183647
2465,2465,,SEMCOG,INTERNAL,TRUE,TRUE,FALSE,0,6,Monroe,26115,Michigan,US,229,13,6.123892,48117,Monroe,,,,FALSE,2.35791095537445
2466,2466,,SEMCOG,INTERNAL,TRUE,TRUE,FALSE,0,6,Monroe,26115,Michigan,US,229,13,4.210434,48117,Monroe,,,,FALSE,0.617183405694713
2467,2467,,SEMCOG,INTERNAL,TRUE,TRUE,FALSE,0,6,Monroe,26115,Michigan,US,230,13,20.280016,48160,Monroe,,,,FALSE,12.5281320085013
2468,2468,,SEMCOG,INTERNAL,TRUE,TRUE,FALSE,0,6,Monroe,26115,Michigan,US,230,13,15.537803,48159,Monroe,,,,FALSE,10.0931287290797
2469,2469,,SEMCOG,INTERNAL,TRUE,TRUE,FALSE,0,6,Monroe,26115,Michigan,US,229,13,20.616344,48117,Monroe,,,,FALSE,5.16030129517958
2470,2470,,SEMCOG,INTERNAL,TRUE,TRUE,FALSE,0,6,Monroe,26115,Michigan,US,229,13,14.940685,48159,Monroe,,,,FALSE,6.83396349730778
2471,2471,,SEMCOG,INTERNAL,TRUE,TRUE,FALSE,0,6,Monroe,26115,Michigan,US,229,13,1.030671,48159,Monroe,,,,FALSE,8.47443044594559
2472,2472,,SEMCOG,INTERNAL,TRUE,TRUE,FALSE,0,6,Monroe,26115,Michigan,US,230,13,31.940935,48162,Monroe,,,,FALSE,7.91520685824049
2473,2473,,SEMCOG,INTERNAL,TRUE,TRUE,FALSE,0,6,Monroe,26115,Michigan,US,230,13,16.530933,48161,Monroe,,,,FALSE,7.57370357785674
2474,2474,,SEMCOG,INTERNAL,TRUE,TRUE,FALSE,0,6,Monroe,26115,Michigan,US,230,13,18.6745,48140,Monroe,,,,FALSE,9.01718338728875
2475,2475,,SEMCOG,INTERNAL,TRUE,TRUE,FALSE,0,6,Monroe,26115,Michigan,US,230,13,18.187334,48140,Monroe,,,,FALSE,7.37237540087215
2476,2476,,SEMCOG,INTERNAL,TRUE,TRUE,FALSE,0,6,Monroe,26115,Michigan,US,230,13,0.479945,49270,Monroe,,,,FALSE,14.728817577937
2477,2477,,SEMCOG,INTERNAL,TRUE,TRUE,FALSE,0,6,Monroe,26115,Michigan,US,230,13,11.915143,49238,Monroe,,,,FALSE,15.7373748277391
2478,2478,,SEMCOG,INTERNAL,TRUE,TRUE,FALSE,0,6,Monroe,26115,Michigan,US,230,13,12.047916,49270,Monroe,,,,FALSE,13.093215055025
2479,2479,,SEMCOG,INTERNAL,TRUE,TRUE,FALSE,0,6,Monroe,26115,Michigan,US,230,13,18.309261,49270,Monroe,,,,FALSE,12.6711268566423
2480,2480,,SEMCOG,INTERNAL,TRUE,TRUE,FALSE,0,6,Monroe,26115,Michigan,US,230,13,1.890346,48131,Monroe,,,,FALSE,15.2307070566316
2481,2481,,SEMCOG,INTERNAL,TRUE,TRUE,FALSE,0,6,Monroe,26115,Michigan,US,230,13,0.540414,48131,Monroe,,,,FALSE,14.1561005723863
2482,2482,,SEMCOG,INTERNAL,TRUE,TRUE,FALSE,0,6,Monroe,26115,Michigan,US,230,13,2.224234,48131,Monroe,,,,FALSE,15.846757712847
2483,2483,,SEMCOG,INTERNAL,TRUE,TRUE,FALSE,0,6,Monroe,26115,Michigan,US,230,13,1.046457,48131,Monroe,,,,FALSE,14.0673805339837
2484,2484,,SEMCOG,INTERNAL,TRUE,TRUE,FALSE,0,6,Monroe,26115,Michigan,US,230,13,7.917031,48131,Monroe,,,,FALSE,16.5707978719698
2485,2485,,SEMCOG,INTERNAL,TRUE,TRUE,FALSE,0,6,Monroe,26115,Michigan,US,230,13,10.476709,48131,Monroe,,,,FALSE,13.6742674994315
2486,2486,,SEMCOG,INTERNAL,TRUE,TRUE,FALSE,0,6,Monroe,26115,Michigan,US,230,13,10.139586,48131,Monroe,,,,FALSE,17.6802818991098
2487,2487,,SEMCOG,INTERNAL,TRUE,TRUE,FALSE,0,6,Monroe,26115,Michigan,US,230,13,5.27879,48131,Monroe,,,,FALSE,15.2329723519421
2488,2488,,SEMCOG,INTERNAL,TRUE,TRUE,FALSE,0,6,Monroe,26115,Michigan,US,230,13,9.009287,48131,Monroe,,,,FALSE,12.1045764711715
2489,2489,,SEMCOG,INTERNAL,TRUE,TRUE,FALSE,0,6,Monroe,26115,Michigan,US,230,13,2.262707,48160,Monroe,,,,FALSE,9.89891191480622
2490,2490,,SEMCOG,INTERNAL,TRUE,TRUE,FALSE,0,6,Monroe,26115,Michigan,US,230,13,34.0933,48160,Monroe,,,,FALSE,12.7453259681933
2491,2491,,SEMCOG,INTERNAL,TRUE,TRUE,FALSE,0,6,Monroe,26115,Michigan,US,231,13,1.534204,48157,Monroe,,,,FALSE,0.354207005799485
2492,2492,,SEMCOG,INTERNAL,TRUE,TRUE,FALSE,0,6,Monroe,26115,Michigan,US,231,13,6.350747,48133,Monroe,,,,FALSE,0.65388876218085
2493,2493,,SEMCOG,INTERNAL,TRUE,TRUE,FALSE,0,6,Monroe,26115,Michigan,US,231,13,8.64372,48133,Monroe,,,,FALSE,1.18393590321545
2494,2494,,SEMCOG,INTERNAL,TRUE,TRUE,FALSE,0,6,Monroe,26115,Michigan,US,231,13,5.581853,48133,Monroe,,,,FALSE,2.52585559962857
2495,2495,,SEMCOG,INTERNAL,TRUE,TRUE,FALSE,0,6,Monroe,26115,Michigan,US,231,13,4.307151,48133,Monroe,,,,FALSE,0.739046440335337
2496,2496,,SEMCOG,INTERNAL,TRUE,TRUE,FALSE,0,6,Monroe,26115,Michigan,US,231,13,4.008695,48182,Monroe,,,,FALSE,3.37543470705632
2497,2497,,SEMCOG,INTERNAL,TRUE,TRUE,FALSE,0,6,Monroe,26115,Michigan,US,231,13,2.790034,48182,Monroe,,,,FALSE,3.11733992920881
2498,2498,,SEMCOG,INTERNAL,TRUE,TRUE,FALSE,0,6,Monroe,26115,Michigan,US,231,13,1.002449,48182,Monroe,,,,FALSE,5.85070129076989
2499,2499,,SEMCOG,INTERNAL,TRUE,TRUE,FALSE,0,6,Monroe,26115,Michigan,US,231,13,0.975746,48182,Monroe,,,,FALSE,4.86090326170764
2500,2500,,SEMCOG,INTERNAL,TRUE,TRUE,FALSE,0,6,Monroe,26115,Michigan,US,231,13,1.015477,48182,Monroe,,,,FALSE,5.80321701538035
2501,2501,,SEMCOG,INTERNAL,TRUE,TRUE,FALSE,0,6,Monroe,26115,Michigan,US,231,13,0.96632,48182,Monroe,,,,FALSE,4.83131966173091
2502,2502,,SEMCOG,INTERNAL,TRUE,TRUE,FALSE,0,6,Monroe,26115,Michigan,US,231,13,1.461006,48182,Monroe,,,,FALSE,5.55917254403918
2503,2503,,SEMCOG,INTERNAL,TRUE,TRUE,FALSE,0,6,Monroe,26115,Michigan,US,231,13,1.405864,48182,Monroe,,,,FALSE,4.56958597176656
2504,2504,,SEMCOG,INTERNAL,TRUE,TRUE,FALSE,0,6,Monroe,26115,Michigan,US,231,13,1.648516,48144,Monroe,,,,FALSE,7.86534161307641
2505,2505,,SEMCOG,INTERNAL,TRUE,TRUE,FALSE,0,6,Monroe,26115,Michigan,US,231,13,1.59454,48144,Monroe,,,,FALSE,7.59870203667754
2506,2506,,SEMCOG,INTERNAL,TRUE,TRUE,FALSE,0,6,Monroe,26115,Michigan,US,231,13,1.012286,48144,Monroe,,,,FALSE,6.86036839734012
2507,2507,,SEMCOG,INTERNAL,TRUE,TRUE,FALSE,0,6,Monroe,26115,Michigan,US,231,13,1.000338,48144,Monroe,,,,FALSE,6.7855566737504
2508,2508,,SEMCOG,INTERNAL,TRUE,TRUE,FALSE,0,6,Monroe,26115,Michigan,US,231,13,1.428573,48144,Monroe,,,,FALSE,6.55840079715457
2509,2509,,SEMCOG,INTERNAL,TRUE,TRUE,FALSE,0,6,Monroe,26115,Michigan,US,231,13,6.96115,48182,Monroe,,,,FALSE,7.73694789455328
2510,2510,,SEMCOG,INTERNAL,TRUE,TRUE,FALSE,0,6,Monroe,26115,Michigan,US,231,13,2.027482,48182,Monroe,,,,FALSE,6.23804390565903
2511,2511,,SEMCOG,INTERNAL,TRUE,TRUE,FALSE,0,6,Monroe,26115,Michigan,US,231,13,6.042101,48182,Monroe,,,,FALSE,4.00684697645564
2512,2512,,SEMCOG,INTERNAL,TRUE,TRUE,FALSE,0,6,Monroe,26115,Michigan,US,231,13,1.984844,48182,Monroe,,,,FALSE,5.78903966643173
2513,2513,,SEMCOG,INTERNAL,TRUE,TRUE,FALSE,0,6,Monroe,26115,Michigan,US,231,13,1.977699,48182,Monroe,,,,FALSE,5.49159334532856
2514,2514,,SEMCOG,INTERNAL,TRUE,TRUE,FALSE,0,6,Monroe,26115,Michigan,US,231,13,7.627187,49267,Monroe,,,,FALSE,9.73302843346542
2515,2515,,SEMCOG,INTERNAL,TRUE,TRUE,FALSE,0,6,Monroe,26115,Michigan,US,231,13,7.077899,49267,Monroe,,,,FALSE,9.42452995968685
2516,2516,,SEMCOG,INTERNAL,TRUE,TRUE,FALSE,0,6,Monroe,26115,Michigan,US,231,13,25.472204,49267,Monroe,,,,FALSE,12.6254375006012
2517,2517,,SEMCOG,INTERNAL,TRUE,TRUE,FALSE,0,7,St Clair,26147,Michigan,US,234,25,3.830145,48023,St Clair,,,,FALSE,2.16245774063403
2518,2518,,SEMCOG,INTERNAL,TRUE,TRUE,FALSE,0,7,St Clair,26147,Michigan,US,234,25,8.802568,48023,St Clair,,,,FALSE,4.2948047129885
2519,2519,,SEMCOG,INTERNAL,TRUE,TRUE,FALSE,0,7,St Clair,26147,Michigan,US,234,25,4.34224,48023,St Clair,,,,FALSE,5.72018693201866
2520,2520,,SEMCOG,INTERNAL,TRUE,TRUE,FALSE,0,7,St Clair,26147,Michigan,US,232,25,0.645202,48001,St Clair,,,,FALSE,12.5696156525747
2521,2521,,SEMCOG,INTERNAL,TRUE,TRUE,FALSE,0,7,St Clair,26147,Michigan,US,232,25,0.554879,48001,St Clair,,,,FALSE,12.4655080555806
2522,2522,,SEMCOG,INTERNAL,TRUE,TRUE,FALSE,0,7,St Clair,26147,Michigan,US,232,25,0.233849,48001,St Clair,,,,FALSE,12.7290549937107
2523,2523,,SEMCOG,INTERNAL,TRUE,TRUE,FALSE,0,7,St Clair,26147,Michigan,US,252,25,21.670052,48028,St Clair,,,,FALSE,11.0348493098603
2524,2524,,SEMCOG,INTERNAL,TRUE,TRUE,FALSE,0,7,St Clair,26147,Michigan,US,232,25,5.102458,48001,St Clair,,,,FALSE,9.14390710284555
2525,2525,,SEMCOG,INTERNAL,TRUE,TRUE,FALSE,0,7,St Clair,26147,Michigan,US,232,25,3.284096,48001,St Clair,,,,FALSE,11.5817833986229
2526,2526,,SEMCOG,INTERNAL,TRUE,TRUE,FALSE,0,7,St Clair,26147,Michigan,US,232,25,5.76005,48001,St Clair,,,,FALSE,10.4483776303652
2527,2527,,SEMCOG,INTERNAL,TRUE,TRUE,FALSE,0,7,St Clair,26147,Michigan,US,232,25,0.387254,48039,St Clair,,,,FALSE,9.24472734278314
2528,2528,,SEMCOG,INTERNAL,TRUE,TRUE,FALSE,0,7,St Clair,26147,Michigan,US,232,25,0.514973,48039,St Clair,,,,FALSE,8.59477649376549
2529,2529,,SEMCOG,INTERNAL,TRUE,TRUE,FALSE,0,7,St Clair,26147,Michigan,US,232,25,0.599668,48039,St Clair,,,,FALSE,9.11221460955542
2530,2530,,SEMCOG,INTERNAL,TRUE,TRUE,FALSE,0,7,St Clair,26147,Michigan,US,232,25,0.767622,48039,St Clair,,,,FALSE,9.5748740615722
2531,2531,,SEMCOG,INTERNAL,TRUE,TRUE,FALSE,0,7,St Clair,26147,Michigan,US,232,25,13.46727,48039,St Clair,,,,FALSE,7.55405790558475
2532,2532,,SEMCOG,INTERNAL,TRUE,TRUE,FALSE,0,7,St Clair,26147,Michigan,US,232,25,5.06029,48039,St Clair,,,,FALSE,8.89682005614068
2533,2533,,SEMCOG,INTERNAL,TRUE,TRUE,FALSE,0,7,St Clair,26147,Michigan,US,232,25,2.584923,48039,St Clair,,,,FALSE,10.5063542634394
2534,2534,,SEMCOG,INTERNAL,TRUE,TRUE,FALSE,0,7,St Clair,26147,Michigan,US,233,25,1.143566,48054,St Clair,,,,FALSE,5.41442987175408
2535,2535,,SEMCOG,INTERNAL,TRUE,TRUE,FALSE,0,7,St Clair,26147,Michigan,US,233,25,2.3187,48054,St Clair,,,,FALSE,8.04493303322915
2536,2536,,SEMCOG,INTERNAL,TRUE,TRUE,FALSE,0,7,St Clair,26147,Michigan,US,233,25,3.240459,48054,St Clair,,,,FALSE,7.14906637685092
2537,2537,,SEMCOG,INTERNAL,TRUE,TRUE,FALSE,0,7,St Clair,26147,Michigan,US,233,25,5.127408,48054,St Clair,,,,FALSE,2.47960816453887
2538,2538,,SEMCOG,INTERNAL,TRUE,TRUE,FALSE,0,7,St Clair,26147,Michigan,US,233,25,4.665425,48054,St Clair,,,,FALSE,3.8989403038053
2539,2539,,SEMCOG,INTERNAL,TRUE,TRUE,FALSE,0,7,St Clair,26147,Michigan,US,233,25,4.424293,48054,St Clair,,,,FALSE,5.47280523009584
2540,2540,,SEMCOG,INTERNAL,TRUE,TRUE,FALSE,0,7,St Clair,26147,Michigan,US,233,25,7.421421,48054,St Clair,,,,FALSE,3.15666594016019
2541,2541,,SEMCOG,INTERNAL,TRUE,TRUE,FALSE,0,7,St Clair,26147,Michigan,US,233,25,6.398682,48054,St Clair,,,,FALSE,5.28048176051638
2542,2542,,SEMCOG,INTERNAL,TRUE,TRUE,FALSE,0,7,St Clair,26147,Michigan,US,233,25,6.258524,48054,St Clair,,,,FALSE,6.51558256659501
2543,2543,,SEMCOG,INTERNAL,TRUE,TRUE,FALSE,0,7,St Clair,26147,Michigan,US,234,25,19.847775,48063,St Clair,,,,FALSE,4.79127690063555
2544,2544,,SEMCOG,INTERNAL,TRUE,TRUE,FALSE,0,7,St Clair,26147,Michigan,US,234,25,4.989441,48063,St Clair,,,,FALSE,3.86184706667063
2545,2545,,SEMCOG,INTERNAL,TRUE,TRUE,FALSE,0,7,St Clair,26147,Michigan,US,234,25,2.605914,48063,St Clair,,,,FALSE,4.73932070533764
2546,2546,,SEMCOG,INTERNAL,TRUE,TRUE,FALSE,0,7,St Clair,26147,Michigan,US,234,25,9.542054,48063,St Clair,,,,FALSE,1.55697521806819
2547,2547,,SEMCOG,INTERNAL,TRUE,TRUE,FALSE,0,7,St Clair,26147,Michigan,US,234,25,5.699118,48064,St Clair,,,,FALSE,1.74334647738779
2548,2548,,SEMCOG,INTERNAL,TRUE,TRUE,FALSE,0,7,St Clair,26147,Michigan,US,234,25,7.998494,48064,St Clair,,,,FALSE,0.792481228854013
2549,2549,,SEMCOG,INTERNAL,TRUE,TRUE,FALSE,0,7,St Clair,26147,Michigan,US,234,25,11.730895,48064,St Clair,,,,FALSE,1.21261270737602
2550,2550,,SEMCOG,INTERNAL,TRUE,TRUE,FALSE,0,7,St Clair,26147,Michigan,US,234,25,11.685676,48064,St Clair,,,,FALSE,2.18499333288367
2551,2551,,SEMCOG,INTERNAL,TRUE,TRUE,FALSE,0,7,St Clair,26147,Michigan,US,233,25,0.87561,48079,St Clair,,,,FALSE,4.17406966336687
2552,2552,,SEMCOG,INTERNAL,TRUE,TRUE,FALSE,0,7,St Clair,26147,Michigan,US,233,25,0.283801,48079,St Clair,,,,FALSE,4.81507781103041
2553,2553,,SEMCOG,INTERNAL,TRUE,TRUE,FALSE,0,7,St Clair,26147,Michigan,US,233,25,0.607135,48079,St Clair,,,,FALSE,3.65770110103305
2554,2554,,SEMCOG,INTERNAL,TRUE,TRUE,FALSE,0,7,St Clair,26147,Michigan,US,233,25,0.990384,48079,St Clair,,,,FALSE,3.79996021953107
2555,2555,,SEMCOG,INTERNAL,TRUE,TRUE,FALSE,0,7,St Clair,26147,Michigan,US,233,25,2.574512,48079,St Clair,,,,FALSE,2.79213497422321
2556,2556,,SEMCOG,INTERNAL,TRUE,TRUE,FALSE,0,7,St Clair,26147,Michigan,US,233,25,6.651909,48079,St Clair,,,,FALSE,2.31116837348658
2557,2557,,SEMCOG,INTERNAL,TRUE,TRUE,FALSE,0,7,St Clair,26147,Michigan,US,233,25,1.702456,48079,St Clair,,,,FALSE,1.19969994321621
2558,2558,,SEMCOG,INTERNAL,TRUE,TRUE,FALSE,0,7,St Clair,26147,Michigan,US,233,25,2.739863,48079,St Clair,,,,FALSE,0.386152628173733
2559,2559,,SEMCOG,INTERNAL,TRUE,TRUE,FALSE,0,7,St Clair,26147,Michigan,US,233,25,2.392751,48079,St Clair,,,,FALSE,0.444927752687224
2560,2560,,SEMCOG,INTERNAL,TRUE,TRUE,FALSE,0,7,St Clair,26147,Michigan,US,233,25,2.678169,48079,St Clair,,,,FALSE,0.801651400889375
2561,2561,,SEMCOG,INTERNAL,TRUE,TRUE,FALSE,0,7,St Clair,26147,Michigan,US,233,25,5.899445,48079,St Clair,,,,FALSE,1.78815879969595
2562,2562,,SEMCOG,INTERNAL,TRUE,TRUE,FALSE,0,7,St Clair,26147,Michigan,US,233,25,3.596653,48079,St Clair,,,,FALSE,0.728242151716243
2563,2563,,SEMCOG,INTERNAL,TRUE,TRUE,FALSE,0,7,St Clair,26147,Michigan,US,233,25,5.695776,48079,St Clair,,,,FALSE,0.82613022641647
2564,2564,,SEMCOG,INTERNAL,TRUE,TRUE,FALSE,0,7,St Clair,26147,Michigan,US,233,25,4.730379,48079,St Clair,,,,FALSE,1.95655339003967
2565,2565,,SEMCOG,INTERNAL,TRUE,TRUE,FALSE,0,7,St Clair,26147,Michigan,US,235,25,34.150791,48014,St Clair,,,,FALSE,2.6687258498845
2566,2566,,SEMCOG,INTERNAL,TRUE,TRUE,FALSE,0,7,St Clair,26147,Michigan,US,235,25,37.063599,48002,St Clair,,,,FALSE,3.13565032231553
2567,2567,,SEMCOG,INTERNAL,TRUE,TRUE,FALSE,0,7,St Clair,26147,Michigan,US,235,25,38.253246,48041,St Clair,,,,FALSE,2.55318311119987
2568,2568,,SEMCOG,INTERNAL,TRUE,TRUE,FALSE,0,7,St Clair,26147,Michigan,US,235,25,0.520885,48041,St Clair,,,,FALSE,5.24091535494946
2569,2569,,SEMCOG,INTERNAL,TRUE,TRUE,FALSE,0,7,St Clair,26147,Michigan,US,235,25,1.665229,48014,St Clair,,,,FALSE,1.42748371126423
2570,2570,,SEMCOG,INTERNAL,TRUE,TRUE,FALSE,0,7,St Clair,26147,Michigan,US,235,25,35.996902,48097,St Clair,,,,FALSE,8.38020480795049
2571,2571,,SEMCOG,INTERNAL,TRUE,TRUE,FALSE,0,7,St Clair,26147,Michigan,US,235,25,33.773678,48097,St Clair,,,,FALSE,9.07546584980806
2572,2572,,SEMCOG,INTERNAL,TRUE,TRUE,FALSE,0,7,St Clair,26147,Michigan,US,235,25,33.793259,48022,St Clair,,,,FALSE,3.55906138445398
2573,2573,,SEMCOG,INTERNAL,TRUE,TRUE,FALSE,0,7,St Clair,26147,Michigan,US,235,25,1.498997,48022,St Clair,,,,FALSE,0.757307289730364
2574,2574,,SEMCOG,INTERNAL,TRUE,TRUE,FALSE,0,7,St Clair,26147,Michigan,US,235,25,1.389622,48097,St Clair,,,,FALSE,10.1614691746203
2575,2575,,SEMCOG,INTERNAL,TRUE,TRUE,FALSE,0,7,St Clair,26147,Michigan,US,236,25,2.127548,48074,St Clair,,,,FALSE,0.407060291224114
2576,2576,,SEMCOG,INTERNAL,TRUE,TRUE,FALSE,0,7,St Clair,26147,Michigan,US,236,25,1.594113,48074,St Clair,,,,FALSE,0.75117211347074
2577,2577,,SEMCOG,INTERNAL,TRUE,TRUE,FALSE,0,7,St Clair,26147,Michigan,US,236,25,0.546682,48074,St Clair,,,,FALSE,0.266312820407583
2578,2578,,SEMCOG,INTERNAL,TRUE,TRUE,FALSE,0,7,St Clair,26147,Michigan,US,236,25,0.382555,48074,St Clair,,,,FALSE,0.12860379999653
2579,2579,,SEMCOG,INTERNAL,TRUE,TRUE,FALSE,0,7,St Clair,26147,Michigan,US,236,25,2.439118,48074,St Clair,,,,FALSE,0.98732548008943
2580,2580,,SEMCOG,INTERNAL,TRUE,TRUE,FALSE,0,7,St Clair,26147,Michigan,US,236,25,4.210732,48074,St Clair,,,,FALSE,0.309260804072887
2581,2581,,SEMCOG,INTERNAL,TRUE,TRUE,FALSE,0,7,St Clair,26147,Michigan,US,236,25,7.550928,48074,St Clair,,,,FALSE,1.5361243580766
2582,2582,,SEMCOG,INTERNAL,TRUE,TRUE,FALSE,0,7,St Clair,26147,Michigan,US,236,25,3.87724,48074,St Clair,,,,FALSE,2.83802998551401
2583,2583,,SEMCOG,INTERNAL,TRUE,TRUE,FALSE,0,7,St Clair,26147,Michigan,US,236,25,7.889786,48074,St Clair,,,,FALSE,3.63009403718822
2584,2584,,SEMCOG,INTERNAL,TRUE,TRUE,FALSE,0,7,St Clair,26147,Michigan,US,236,25,2.315877,48074,St Clair,,,,FALSE,0.658767466610019
2585,2585,,SEMCOG,INTERNAL,TRUE,TRUE,FALSE,0,7,St Clair,26147,Michigan,US,236,25,2.091686,48074,St Clair,,,,FALSE,0.730608493908366
2586,2586,,SEMCOG,INTERNAL,TRUE,TRUE,FALSE,0,7,St Clair,26147,Michigan,US,236,25,1.844312,48074,St Clair,,,,FALSE,1.13984218356525
2587,2587,,SEMCOG,INTERNAL,TRUE,TRUE,FALSE,0,7,St Clair,26147,Michigan,US,236,25,0.513502,48074,St Clair,,,,FALSE,0.0117528661541068
2588,2588,,SEMCOG,INTERNAL,TRUE,TRUE,FALSE,0,7,St Clair,26147,Michigan,US,236,25,35.868671,48006,St Clair,,,,FALSE,9.94721587861865
2589,2589,,SEMCOG,INTERNAL,TRUE,TRUE,FALSE,0,7,St Clair,26147,Michigan,US,236,25,35.823895,48006,St Clair,,,,FALSE,4.09394396136307
2590,2590,,SEMCOG,INTERNAL,TRUE,TRUE,FALSE,0,7,St Clair,26147,Michigan,US,236,25,37.370239,48027,St Clair,,,,FALSE,1.66729530135966
2591,2591,,SEMCOG,INTERNAL,TRUE,TRUE,FALSE,0,7,St Clair,26147,Michigan,US,236,25,8.746758,48032,St Clair,,,,FALSE,10.5744711421097
2592,2592,,SEMCOG,INTERNAL,TRUE,TRUE,FALSE,0,7,St Clair,26147,Michigan,US,236,25,6.955852,48032,St Clair,,,,FALSE,10.4542712118605
2593,2593,,SEMCOG,INTERNAL,TRUE,TRUE,FALSE,0,7,St Clair,26147,Michigan,US,236,25,14.121051,48032,St Clair,,,,FALSE,7.54185628852502
2594,2594,,SEMCOG,INTERNAL,TRUE,TRUE,FALSE,0,7,St Clair,26147,Michigan,US,236,25,9.051613,48059,St Clair,,,,FALSE,10.4675228344555
2595,2595,,SEMCOG,INTERNAL,TRUE,TRUE,FALSE,0,7,St Clair,26147,Michigan,US,236,25,4.361144,48059,St Clair,,,,FALSE,7.86533890606235
2596,2596,,SEMCOG,INTERNAL,TRUE,TRUE,FALSE,0,7,St Clair,26147,Michigan,US,236,25,1.006395,48059,St Clair,,,,FALSE,7.64030036932571
2597,2597,,SEMCOG,INTERNAL,TRUE,TRUE,FALSE,0,7,St Clair,26147,Michigan,US,236,25,1.125651,48059,St Clair,,,,FALSE,6.64216897445288
2598,2598,,SEMCOG,INTERNAL,TRUE,TRUE,FALSE,0,7,St Clair,26147,Michigan,US,236,25,5.631039,48049,St Clair,,,,FALSE,5.20654313961433
2599,2599,,SEMCOG,INTERNAL,TRUE,TRUE,FALSE,0,7,St Clair,26147,Michigan,US,236,25,7.525308,48049,St Clair,,,,FALSE,5.28408569672974
2600,2600,,SEMCOG,INTERNAL,TRUE,TRUE,FALSE,0,7,St Clair,26147,Michigan,US,236,25,12.534916,48049,St Clair,,,,FALSE,2.03728639675475
2601,2601,,SEMCOG,INTERNAL,TRUE,TRUE,FALSE,0,7,St Clair,26147,Michigan,US,236,25,9.617824,48049,St Clair,,,,FALSE,2.76124189155995
2602,2602,,SEMCOG,INTERNAL,TRUE,TRUE,FALSE,0,7,St Clair,26147,Michigan,US,236,25,0.611298,48049,St Clair,,,,FALSE,1.69328427683432
2603,2603,,SEMCOG,INTERNAL,TRUE,TRUE,FALSE,0,7,St Clair,26147,Michigan,US,238,25,0.07604,48060,St Clair,,,,FALSE,1.21731465401961
2604,2604,,SEMCOG,INTERNAL,TRUE,TRUE,FALSE,0,7,St Clair,26147,Michigan,US,238,25,0.038633,48060,St Clair,,,,FALSE,1.25981670291467
2605,2605,,SEMCOG,INTERNAL,TRUE,TRUE,FALSE,0,7,St Clair,26147,Michigan,US,238,25,0.041706,48060,St Clair,,,,FALSE,1.27202649236747
2606,2606,,SEMCOG,INTERNAL,TRUE,TRUE,FALSE,0,7,St Clair,26147,Michigan,US,238,25,0.028351,48060,St Clair,,,,FALSE,1.46280330391568
2607,2607,,SEMCOG,INTERNAL,TRUE,TRUE,FALSE,0,7,St Clair,26147,Michigan,US,238,25,0.10064,48060,St Clair,,,,FALSE,1.50862396615898
2608,2608,,SEMCOG,INTERNAL,TRUE,TRUE,FALSE,0,7,St Clair,26147,Michigan,US,238,25,0.049831,48060,St Clair,,,,FALSE,1.34754984285551
2609,2609,,SEMCOG,INTERNAL,TRUE,TRUE,FALSE,0,7,St Clair,26147,Michigan,US,238,25,0.025324,48060,St Clair,,,,FALSE,1.60957320195746
2610,2610,,SEMCOG,INTERNAL,TRUE,TRUE,FALSE,0,7,St Clair,26147,Michigan,US,238,25,0.115726,48060,St Clair,,,,FALSE,1.89818636447565
2611,2611,,SEMCOG,INTERNAL,TRUE,TRUE,FALSE,0,7,St Clair,26147,Michigan,US,238,25,0.103154,48060,St Clair,,,,FALSE,1.62679494664576
2612,2612,,SEMCOG,INTERNAL,TRUE,TRUE,FALSE,0,7,St Clair,26147,Michigan,US,238,25,0.120403,48060,St Clair,,,,FALSE,1.87349151888876
2613,2613,,SEMCOG,INTERNAL,TRUE,TRUE,FALSE,0,7,St Clair,26147,Michigan,US,238,25,0.11904,48060,St Clair,,,,FALSE,0.725811668957126
2614,2614,,SEMCOG,INTERNAL,TRUE,TRUE,FALSE,0,7,St Clair,26147,Michigan,US,238,25,0.036537,48060,St Clair,,,,FALSE,0.527013170013078
2615,2615,,SEMCOG,INTERNAL,TRUE,TRUE,FALSE,0,7,St Clair,26147,Michigan,US,238,25,0.091215,48060,St Clair,,,,FALSE,0.512880759454072
2616,2616,,SEMCOG,INTERNAL,TRUE,TRUE,FALSE,0,7,St Clair,26147,Michigan,US,238,25,0.061014,48060,St Clair,,,,FALSE,0.921823235669842
2617,2617,,SEMCOG,INTERNAL,TRUE,TRUE,FALSE,0,7,St Clair,26147,Michigan,US,238,25,0.159826,48060,St Clair,,,,FALSE,0.880407593161212
2618,2618,,SEMCOG,INTERNAL,TRUE,TRUE,FALSE,0,7,St Clair,26147,Michigan,US,238,25,0.200126,48060,St Clair,,,,FALSE,1.73472341762763
2619,2619,,SEMCOG,INTERNAL,TRUE,TRUE,FALSE,0,7,St Clair,26147,Michigan,US,238,25,0.131068,48060,St Clair,,,,FALSE,1.91115184668979
2620,2620,,SEMCOG,INTERNAL,TRUE,TRUE,FALSE,0,7,St Clair,26147,Michigan,US,238,25,0.190947,48060,St Clair,,,,FALSE,2.1883358888991
2621,2621,,SEMCOG,INTERNAL,TRUE,TRUE,FALSE,0,7,St Clair,26147,Michigan,US,238,25,0.17452,48060,St Clair,,,,FALSE,2.19664552932506
2622,2622,,SEMCOG,INTERNAL,TRUE,TRUE,FALSE,0,7,St Clair,26147,Michigan,US,238,25,0.073907,48060,St Clair,,,,FALSE,2.37662765505935
2623,2623,,SEMCOG,INTERNAL,TRUE,TRUE,FALSE,0,7,St Clair,26147,Michigan,US,238,25,0.362877,48060,St Clair,,,,FALSE,2.56636299162871
2624,2624,,SEMCOG,INTERNAL,TRUE,TRUE,FALSE,0,7,St Clair,26147,Michigan,US,238,25,0.28812,48060,St Clair,,,,FALSE,1.84643618600938
2625,2625,,SEMCOG,INTERNAL,TRUE,TRUE,FALSE,0,7,St Clair,26147,Michigan,US,238,25,0.262014,48060,St Clair,,,,FALSE,2.31686049204156
2626,2626,,SEMCOG,INTERNAL,TRUE,TRUE,FALSE,0,7,St Clair,26147,Michigan,US,238,25,0.313173,48060,St Clair,,,,FALSE,2.1311030867753
2627,2627,,SEMCOG,INTERNAL,TRUE,TRUE,FALSE,0,7,St Clair,26147,Michigan,US,238,25,0.315939,48060,St Clair,,,,FALSE,2.04327806130004
2628,2628,,SEMCOG,INTERNAL,TRUE,TRUE,FALSE,0,7,St Clair,26147,Michigan,US,238,25,0.222707,48060,St Clair,,,,FALSE,1.12254809651483
2629,2629,,SEMCOG,INTERNAL,TRUE,TRUE,FALSE,0,7,St Clair,26147,Michigan,US,238,25,0.183038,48060,St Clair,,,,FALSE,1.34836536576073
2630,2630,,SEMCOG,INTERNAL,TRUE,TRUE,FALSE,0,7,St Clair,26147,Michigan,US,238,25,0.142414,48060,St Clair,,,,FALSE,1.46526820743073
2631,2631,,SEMCOG,INTERNAL,TRUE,TRUE,FALSE,0,7,St Clair,26147,Michigan,US,238,25,0.150303,48060,St Clair,,,,FALSE,1.6519135534733
2632,2632,,SEMCOG,INTERNAL,TRUE,TRUE,FALSE,0,7,St Clair,26147,Michigan,US,238,25,0.475073,48060,St Clair,,,,FALSE,0.555915237424184
2633,2633,,SEMCOG,INTERNAL,TRUE,TRUE,FALSE,0,7,St Clair,26147,Michigan,US,238,25,0.250964,48060,St Clair,,,,FALSE,0.975595914847668
2634,2634,,SEMCOG,INTERNAL,TRUE,TRUE,FALSE,0,7,St Clair,26147,Michigan,US,238,25,0.366197,48060,St Clair,,,,FALSE,0.194712707951724
2635,2635,,SEMCOG,INTERNAL,TRUE,TRUE,FALSE,0,7,St Clair,26147,Michigan,US,238,25,0.075098,48060,St Clair,,,,FALSE,0.161769808210621
2636,2636,,SEMCOG,INTERNAL,TRUE,TRUE,FALSE,0,7,St Clair,26147,Michigan,US,238,25,0.14928,48060,St Clair,,,,FALSE,0.189237313659501
2637,2637,,SEMCOG,INTERNAL,TRUE,TRUE,FALSE,0,7,St Clair,26147,Michigan,US,238,25,0.09295,48060,St Clair,,,,FALSE,0.236587646751019
2638,2638,,SEMCOG,INTERNAL,TRUE,TRUE,FALSE,0,7,St Clair,26147,Michigan,US,238,25,0.165767,48060,St Clair,,,,FALSE,0.156426302151157
2639,2639,,SEMCOG,INTERNAL,TRUE,TRUE,FALSE,0,7,St Clair,26147,Michigan,US,238,25,0.185201,48060,St Clair,,,,FALSE,0.596422295990043
2640,2640,,SEMCOG,INTERNAL,TRUE,TRUE,FALSE,0,7,St Clair,26147,Michigan,US,238,25,0.199619,48060,St Clair,,,,FALSE,0.639824842081109
2641,2641,,SEMCOG,INTERNAL,TRUE,TRUE,FALSE,0,7,St Clair,26147,Michigan,US,238,25,0.234708,48060,St Clair,,,,FALSE,0.793317953192566
2642,2642,,SEMCOG,INTERNAL,TRUE,TRUE,FALSE,0,7,St Clair,26147,Michigan,US,238,25,0.425192,48060,St Clair,,,,FALSE,0.647305113012444
2643,2643,,SEMCOG,INTERNAL,TRUE,TRUE,FALSE,0,7,St Clair,26147,Michigan,US,238,25,0.326821,48060,St Clair,,,,FALSE,0.31132202404883
2644,2644,,SEMCOG,INTERNAL,TRUE,TRUE,FALSE,0,7,St Clair,26147,Michigan,US,238,25,0.425948,48060,St Clair,,,,FALSE,1.49838872705418
2645,2645,,SEMCOG,INTERNAL,TRUE,TRUE,FALSE,0,7,St Clair,26147,Michigan,US,238,25,0.358766,48060,St Clair,,,,FALSE,1.69061333085387
2646,2646,,SEMCOG,INTERNAL,TRUE,TRUE,FALSE,0,7,St Clair,26147,Michigan,US,238,25,0.116783,48060,St Clair,,,,FALSE,0.981805522179754
2647,2647,,SEMCOG,INTERNAL,TRUE,TRUE,FALSE,0,7,St Clair,26147,Michigan,US,238,25,0.061672,48060,St Clair,,,,FALSE,1.02774820925539
2648,2648,,SEMCOG,INTERNAL,TRUE,TRUE,FALSE,0,7,St Clair,26147,Michigan,US,238,25,0.127529,48060,St Clair,,,,FALSE,1.05764192495265
2649,2649,,SEMCOG,INTERNAL,TRUE,TRUE,FALSE,0,7,St Clair,26147,Michigan,US,237,25,1.039281,48040,St Clair,,,,FALSE,0.783854274743317
2650,2650,,SEMCOG,INTERNAL,TRUE,TRUE,FALSE,0,7,St Clair,26147,Michigan,US,237,25,1.090526,48040,St Clair,,,,FALSE,1.82247562034182
2651,2651,,SEMCOG,INTERNAL,TRUE,TRUE,FALSE,0,7,St Clair,26147,Michigan,US,237,25,0.402254,48040,St Clair,,,,FALSE,0.462271111227337
2652,2652,,SEMCOG,INTERNAL,TRUE,TRUE,FALSE,0,7,St Clair,26147,Michigan,US,237,25,0.781542,48040,St Clair,,,,FALSE,1.82714038231971
2653,2653,,SEMCOG,INTERNAL,TRUE,TRUE,FALSE,0,7,St Clair,26147,Michigan,US,237,25,0.294432,48040,St Clair,,,,FALSE,1.06632972858276
2654,2654,,SEMCOG,INTERNAL,TRUE,TRUE,FALSE,0,7,St Clair,26147,Michigan,US,237,25,1.140798,48040,St Clair,,,,FALSE,0.699934301352221
2655,2655,,SEMCOG,INTERNAL,TRUE,TRUE,FALSE,0,7,St Clair,26147,Michigan,US,237,25,0.991672,48040,St Clair,,,,FALSE,1.45254736991187
2656,2656,,SEMCOG,INTERNAL,TRUE,TRUE,FALSE,0,7,St Clair,26147,Michigan,US,237,25,0.634836,48040,St Clair,,,,FALSE,1.50540043897653
2657,2657,,SEMCOG,INTERNAL,TRUE,TRUE,FALSE,0,7,St Clair,26147,Michigan,US,237,25,0.913558,48040,St Clair,,,,FALSE,1.51590032952655
2658,2658,,SEMCOG,INTERNAL,TRUE,TRUE,FALSE,0,7,St Clair,26147,Michigan,US,237,25,0.542264,48060,St Clair,,,,FALSE,0.370209370925697
2659,2659,,SEMCOG,INTERNAL,TRUE,TRUE,FALSE,0,7,St Clair,26147,Michigan,US,237,25,0.353084,48060,St Clair,,,,FALSE,0.191722791355058
2660,2660,,SEMCOG,INTERNAL,TRUE,TRUE,FALSE,0,7,St Clair,26147,Michigan,US,237,25,1.374774,48060,St Clair,,,,FALSE,1.80303259918467
2661,2661,,SEMCOG,INTERNAL,TRUE,TRUE,FALSE,0,7,St Clair,26147,Michigan,US,237,25,1.834689,48060,St Clair,,,,FALSE,0.970604978043635
2662,2662,,SEMCOG,INTERNAL,TRUE,TRUE,FALSE,0,7,St Clair,26147,Michigan,US,237,25,0.457151,48060,St Clair,,,,FALSE,0.333340673441956
2663,2663,,SEMCOG,INTERNAL,TRUE,TRUE,FALSE,0,7,St Clair,26147,Michigan,US,237,25,0.957065,48060,St Clair,,,,FALSE,0.961457941457176
2664,2664,,SEMCOG,INTERNAL,TRUE,TRUE,FALSE,0,7,St Clair,26147,Michigan,US,237,25,0.920485,48060,St Clair,,,,FALSE,0.108814748121371
2665,2665,,SEMCOG,INTERNAL,TRUE,TRUE,FALSE,0,7,St Clair,26147,Michigan,US,237,25,0.883511,48060,St Clair,,,,FALSE,0.0536891023158244
2666,2666,,SEMCOG,INTERNAL,TRUE,TRUE,FALSE,0,7,St Clair,26147,Michigan,US,237,25,0.104325,48060,St Clair,,,,FALSE,0.129320181453607
2667,2667,,SEMCOG,INTERNAL,TRUE,TRUE,FALSE,0,7,St Clair,26147,Michigan,US,237,25,0.219562,48060,St Clair,,,,FALSE,0.15840248409253
2668,2668,,SEMCOG,INTERNAL,TRUE,TRUE,FALSE,0,7,St Clair,26147,Michigan,US,237,25,1.254449,48060,St Clair,,,,FALSE,0.57743438752143
2669,2669,,SEMCOG,INTERNAL,TRUE,TRUE,FALSE,0,7,St Clair,26147,Michigan,US,237,25,0.402778,48060,St Clair,,,,FALSE,0.993755833490015
2670,2670,,SEMCOG,INTERNAL,TRUE,TRUE,FALSE,0,7,St Clair,26147,Michigan,US,237,25,0.558768,48060,St Clair,,,,FALSE,0.127723727855224
2671,2671,,SEMCOG,INTERNAL,TRUE,TRUE,FALSE,0,7,St Clair,26147,Michigan,US,237,25,1.118345,48060,St Clair,,,,FALSE,1.10081626898952
2672,2672,,SEMCOG,INTERNAL,TRUE,TRUE,FALSE,0,7,St Clair,26147,Michigan,US,237,25,1.03465,48060,St Clair,,,,FALSE,0.684063249901975
2673,2673,,SEMCOG,INTERNAL,TRUE,TRUE,FALSE,0,7,St Clair,26147,Michigan,US,237,25,1.038837,48060,St Clair,,,,FALSE,1.34403708285288
2674,2674,,SEMCOG,INTERNAL,TRUE,TRUE,FALSE,0,7,St Clair,26147,Michigan,US,237,25,0.604667,48059,St Clair,,,,FALSE,3.54130171953321
2675,2675,,SEMCOG,INTERNAL,TRUE,TRUE,FALSE,0,7,St Clair,26147,Michigan,US,237,25,0.825088,48059,St Clair,,,,FALSE,2.23918573673559
2676,2676,,SEMCOG,INTERNAL,TRUE,TRUE,FALSE,0,7,St Clair,26147,Michigan,US,237,25,1.012817,48059,St Clair,,,,FALSE,3.39396104116689
2677,2677,,SEMCOG,INTERNAL,TRUE,TRUE,FALSE,0,7,St Clair,26147,Michigan,US,237,25,1.205184,48059,St Clair,,,,FALSE,2.89011628736004
2678,2678,,SEMCOG,INTERNAL,TRUE,TRUE,FALSE,0,7,St Clair,26147,Michigan,US,237,25,0.91005,48059,St Clair,,,,FALSE,2.57995089207655
2679,2679,,SEMCOG,INTERNAL,TRUE,TRUE,FALSE,0,7,St Clair,26147,Michigan,US,237,25,1.437437,48059,St Clair,,,,FALSE,1.82018011327274
2680,2680,,SEMCOG,INTERNAL,TRUE,TRUE,FALSE,0,7,St Clair,26147,Michigan,US,237,25,0.618474,48059,St Clair,,,,FALSE,1.89067227466726
2681,2681,,SEMCOG,INTERNAL,TRUE,TRUE,FALSE,0,7,St Clair,26147,Michigan,US,237,25,1.888378,48059,St Clair,,,,FALSE,5.75675974000258
2682,2682,,SEMCOG,INTERNAL,TRUE,TRUE,FALSE,0,7,St Clair,26147,Michigan,US,237,25,1.722093,48059,St Clair,,,,FALSE,5.63120167036797
2683,2683,,SEMCOG,INTERNAL,TRUE,TRUE,FALSE,0,7,St Clair,26147,Michigan,US,237,25,1.874101,48059,St Clair,,,,FALSE,4.62800240636895
2684,2684,,SEMCOG,INTERNAL,TRUE,TRUE,FALSE,0,7,St Clair,26147,Michigan,US,237,25,1.138716,48059,St Clair,,,,FALSE,4.3878133071732
2685,2685,,SEMCOG,INTERNAL,TRUE,TRUE,FALSE,0,7,St Clair,26147,Michigan,US,237,25,1.062776,48059,St Clair,,,,FALSE,3.90899886047313
2686,2686,,SEMCOG,INTERNAL,TRUE,TRUE,FALSE,0,7,St Clair,26147,Michigan,US,237,25,1.009968,48059,St Clair,,,,FALSE,3.50239928431247
2687,2687,,SEMCOG,INTERNAL,TRUE,TRUE,FALSE,0,7,St Clair,26147,Michigan,US,237,25,0.778353,48059,St Clair,,,,FALSE,2.55213128050531
2688,2688,,SEMCOG,INTERNAL,TRUE,TRUE,FALSE,0,8,Livingston,26093,Michigan,US,239,14,9.22486,48116,Livingston,,,,FALSE,1.80181999576694
2689,2689,,SEMCOG,INTERNAL,TRUE,TRUE,FALSE,0,8,Livingston,26093,Michigan,US,239,14,1.525569,48178,Livingston,,,,FALSE,3.12872092754571
2690,2690,,SEMCOG,INTERNAL,TRUE,TRUE,FALSE,0,8,Livingston,26093,Michigan,US,239,14,2.594441,48178,Livingston,,,,FALSE,4.51224225011741
2691,2691,,SEMCOG,INTERNAL,TRUE,TRUE,FALSE,0,8,Livingston,26093,Michigan,US,239,14,1.557228,48178,Livingston,,,,FALSE,4.52314914635659
2692,2692,,SEMCOG,INTERNAL,TRUE,TRUE,FALSE,0,8,Livingston,26093,Michigan,US,239,14,1.524869,48178,Livingston,,,,FALSE,5.79102183964856
2693,2693,,SEMCOG,INTERNAL,TRUE,TRUE,FALSE,0,8,Livingston,26093,Michigan,US,239,14,1.490938,48178,Livingston,,,,FALSE,5.48951222964923
2694,2694,,SEMCOG,INTERNAL,TRUE,TRUE,FALSE,0,8,Livingston,26093,Michigan,US,239,14,4.102958,48178,Livingston,,,,FALSE,5.10551660519889
2695,2695,,SEMCOG,INTERNAL,TRUE,TRUE,FALSE,0,8,Livingston,26093,Michigan,US,239,14,2.949018,48178,Livingston,,,,FALSE,1.40260911931987
2696,2696,,SEMCOG,INTERNAL,TRUE,TRUE,FALSE,0,8,Livingston,26093,Michigan,US,239,14,2.274838,48178,Livingston,,,,FALSE,3.28490229600356
2697,2697,,SEMCOG,INTERNAL,TRUE,TRUE,FALSE,0,8,Livingston,26093,Michigan,US,239,14,2.494061,48189,Livingston,,,,FALSE,4.68590461454282
2698,2698,,SEMCOG,INTERNAL,TRUE,TRUE,FALSE,0,8,Livingston,26093,Michigan,US,239,14,1.47015,48189,Livingston,,,,FALSE,5.8195630510522
2699,2699,,SEMCOG,INTERNAL,TRUE,TRUE,FALSE,0,8,Livingston,26093,Michigan,US,239,14,1.329276,48116,Livingston,,,,FALSE,1.30207221766214
2700,2700,,SEMCOG,INTERNAL,TRUE,TRUE,FALSE,0,8,Livingston,26093,Michigan,US,239,14,2.072161,48116,Livingston,,,,FALSE,2.60829874872738
2701,2701,,SEMCOG,INTERNAL,TRUE,TRUE,FALSE,0,8,Livingston,26093,Michigan,US,239,14,0.905903,48116,Livingston,,,,FALSE,2.23595228387447
2702,2702,,SEMCOG,INTERNAL,TRUE,TRUE,FALSE,0,8,Livingston,26093,Michigan,US,239,14,1.391913,48116,Livingston,,,,FALSE,3.61001544081339
2703,2703,,SEMCOG,INTERNAL,TRUE,TRUE,FALSE,0,8,Livingston,26093,Michigan,US,240,14,2.903216,48114,Livingston,,,,FALSE,4.56338922850807
2704,2704,,SEMCOG,INTERNAL,TRUE,TRUE,FALSE,0,8,Livingston,26093,Michigan,US,240,14,6.125425,48114,Livingston,,,,FALSE,2.61226247289004
2705,2705,,SEMCOG,INTERNAL,TRUE,TRUE,FALSE,0,8,Livingston,26093,Michigan,US,240,14,3.091598,48380,Livingston,,,,FALSE,1.23961146324757
2706,2706,,SEMCOG,INTERNAL,TRUE,TRUE,FALSE,0,8,Livingston,26093,Michigan,US,240,14,3.884697,48114,Livingston,,,,FALSE,4.16073430775447
2707,2707,,SEMCOG,INTERNAL,TRUE,TRUE,FALSE,0,8,Livingston,26093,Michigan,US,240,14,2.776927,48114,Livingston,,,,FALSE,0.307538827186361
2708,2708,,SEMCOG,INTERNAL,TRUE,TRUE,FALSE,0,8,Livingston,26093,Michigan,US,240,14,3.369678,48380,Livingston,,,,FALSE,0.743388442833861
2709,2709,,SEMCOG,INTERNAL,TRUE,TRUE,FALSE,0,8,Livingston,26093,Michigan,US,240,14,2.172065,48114,Livingston,,,,FALSE,3.26546783332108
2710,2710,,SEMCOG,INTERNAL,TRUE,TRUE,FALSE,0,8,Livingston,26093,Michigan,US,240,14,1.730425,48114,Livingston,,,,FALSE,2.28589269975272
2711,2711,,SEMCOG,INTERNAL,TRUE,TRUE,FALSE,0,8,Livingston,26093,Michigan,US,240,14,0.999542,48114,Livingston,,,,FALSE,3.64355186955252
2712,2712,,SEMCOG,INTERNAL,TRUE,TRUE,FALSE,0,8,Livingston,26093,Michigan,US,240,14,5.157687,48114,Livingston,,,,FALSE,1.57097334103462
2713,2713,,SEMCOG,INTERNAL,TRUE,TRUE,FALSE,0,8,Livingston,26093,Michigan,US,240,14,0.451509,48114,Livingston,,,,FALSE,0.243141015689077
2714,2714,,SEMCOG,INTERNAL,TRUE,TRUE,FALSE,0,8,Livingston,26093,Michigan,US,240,14,1.462304,48114,Livingston,,,,FALSE,0.515975167291846
2715,2715,,SEMCOG,INTERNAL,TRUE,TRUE,FALSE,0,8,Livingston,26093,Michigan,US,240,14,0.405786,48116,Livingston,,,,FALSE,0.173905320977323
2716,2716,,SEMCOG,INTERNAL,TRUE,TRUE,FALSE,0,8,Livingston,26093,Michigan,US,240,14,0.395397,48116,Livingston,,,,FALSE,1.1236035160786
2717,2717,,SEMCOG,INTERNAL,TRUE,TRUE,FALSE,0,8,Livingston,26093,Michigan,US,240,14,0.967547,48116,Livingston,,,,FALSE,1.27044505973982
2718,2718,,SEMCOG,INTERNAL,TRUE,TRUE,FALSE,0,8,Livingston,26093,Michigan,US,240,14,0.305655,48116,Livingston,,,,FALSE,0.596791165278619
2719,2719,,SEMCOG,INTERNAL,TRUE,TRUE,FALSE,0,8,Livingston,26093,Michigan,US,240,14,0.374827,48116,Livingston,,,,FALSE,0.193560010947796
2720,2720,,SEMCOG,INTERNAL,TRUE,TRUE,FALSE,0,8,Livingston,26093,Michigan,US,240,14,0.525727,48116,Livingston,,,,FALSE,0.291702710423583
2721,2721,,SEMCOG,INTERNAL,TRUE,TRUE,FALSE,0,8,Livingston,26093,Michigan,US,240,14,0.481321,48116,Livingston,,,,FALSE,0.274989625782623
2722,2722,,SEMCOG,INTERNAL,TRUE,TRUE,FALSE,0,8,Livingston,26093,Michigan,US,240,14,0.639304,48116,Livingston,,,,FALSE,0.62191442393347
2723,2723,,SEMCOG,INTERNAL,TRUE,TRUE,FALSE,0,8,Livingston,26093,Michigan,US,243,14,6.103318,48843,Livingston,,,,FALSE,1.33686765522506
2724,2724,,SEMCOG,INTERNAL,TRUE,TRUE,FALSE,0,8,Livingston,26093,Michigan,US,243,14,2.533061,48843,Livingston,,,,FALSE,0.589538386937155
2725,2725,,SEMCOG,INTERNAL,TRUE,TRUE,FALSE,0,8,Livingston,26093,Michigan,US,243,14,4.664435,48843,Livingston,,,,FALSE,3.66755672245748
2726,2726,,SEMCOG,INTERNAL,TRUE,TRUE,FALSE,0,8,Livingston,26093,Michigan,US,243,14,5.013375,48116,Livingston,,,,FALSE,1.97518839001768
2727,2727,,SEMCOG,INTERNAL,TRUE,TRUE,FALSE,0,8,Livingston,26093,Michigan,US,243,14,1.379924,48116,Livingston,,,,FALSE,1.36912075121104
2728,2728,,SEMCOG,INTERNAL,TRUE,TRUE,FALSE,0,8,Livingston,26093,Michigan,US,243,14,1.187357,48116,Livingston,,,,FALSE,0.395826174682429
2729,2729,,SEMCOG,INTERNAL,TRUE,TRUE,FALSE,0,8,Livingston,26093,Michigan,US,243,14,0.769846,48116,Livingston,,,,FALSE,1.01303265372731
2730,2730,,SEMCOG,INTERNAL,TRUE,TRUE,FALSE,0,8,Livingston,26093,Michigan,US,243,14,0.822033,48116,Livingston,,,,FALSE,2.18425174869506
2731,2731,,SEMCOG,INTERNAL,TRUE,TRUE,FALSE,0,8,Livingston,26093,Michigan,US,243,14,0.976824,48116,Livingston,,,,FALSE,1.84444118183823
2732,2732,,SEMCOG,INTERNAL,TRUE,TRUE,FALSE,0,8,Livingston,26093,Michigan,US,243,14,2.900506,48843,Livingston,,,,FALSE,1.8666543391165
2733,2733,,SEMCOG,INTERNAL,TRUE,TRUE,FALSE,0,8,Livingston,26093,Michigan,US,243,14,2.652247,48114,Livingston,,,,FALSE,1.40574118871161
2734,2734,,SEMCOG,INTERNAL,TRUE,TRUE,FALSE,0,8,Livingston,26093,Michigan,US,243,14,2.402081,48114,Livingston,,,,FALSE,0.441529213802872
2735,2735,,SEMCOG,INTERNAL,TRUE,TRUE,FALSE,0,8,Livingston,26093,Michigan,US,243,14,0.9,48843,Livingston,,,,FALSE,1.108093477501
2736,2736,,SEMCOG,INTERNAL,TRUE,TRUE,FALSE,0,8,Livingston,26093,Michigan,US,243,14,1.906229,48843,Livingston,,,,FALSE,0.497357938483859
2737,2737,,SEMCOG,INTERNAL,TRUE,TRUE,FALSE,0,8,Livingston,26093,Michigan,US,243,14,0.6825,48843,Livingston,,,,FALSE,0.443531710481151
2738,2738,,SEMCOG,INTERNAL,TRUE,TRUE,FALSE,0,8,Livingston,26093,Michigan,US,243,14,1.434243,48843,Livingston,,,,FALSE,0.49677705582533
2739,2739,,SEMCOG,INTERNAL,TRUE,TRUE,FALSE,0,8,Livingston,26093,Michigan,US,241,14,10.167647,48169,Livingston,,,,FALSE,5.69121587678415
2740,2740,,SEMCOG,INTERNAL,TRUE,TRUE,FALSE,0,8,Livingston,26093,Michigan,US,241,14,11.368058,48116,Livingston,,,,FALSE,3.9215695028823
2741,2741,,SEMCOG,INTERNAL,TRUE,TRUE,FALSE,0,8,Livingston,26093,Michigan,US,241,14,7.386975,48169,Livingston,,,,FALSE,7.80407890144103
2742,2742,,SEMCOG,INTERNAL,TRUE,TRUE,FALSE,0,8,Livingston,26093,Michigan,US,241,14,7.037896,48189,Livingston,,,,FALSE,6.67575095590637
2743,2743,,SEMCOG,INTERNAL,TRUE,TRUE,FALSE,0,8,Livingston,26093,Michigan,US,242,14,1.6557,48169,Livingston,,,,FALSE,9.03511008074578
2744,2744,,SEMCOG,INTERNAL,TRUE,TRUE,FALSE,0,8,Livingston,26093,Michigan,US,242,14,11.150383,48169,Livingston,,,,FALSE,10.1049409651463
2745,2745,,SEMCOG,INTERNAL,TRUE,TRUE,FALSE,0,8,Livingston,26093,Michigan,US,242,14,4.304054,48169,Livingston,,,,FALSE,9.56439591558354
2746,2746,,SEMCOG,INTERNAL,TRUE,TRUE,FALSE,0,8,Livingston,26093,Michigan,US,242,14,8.705194,48169,Livingston,,,,FALSE,7.52697140831212
2747,2747,,SEMCOG,INTERNAL,TRUE,TRUE,FALSE,0,8,Livingston,26093,Michigan,US,242,14,9.71337,48169,Livingston,,,,FALSE,6.84031323848255
2748,2748,,SEMCOG,INTERNAL,TRUE,TRUE,FALSE,0,8,Livingston,26093,Michigan,US,242,14,7.71446,48836,Livingston,,,,FALSE,4.34437501576903
2749,2749,,SEMCOG,INTERNAL,TRUE,TRUE,FALSE,0,8,Livingston,26093,Michigan,US,242,14,7.786449,48836,Livingston,,,,FALSE,4.04615463248972
2750,2750,,SEMCOG,INTERNAL,TRUE,TRUE,FALSE,0,8,Livingston,26093,Michigan,US,242,14,14.569186,48137,Livingston,,,,FALSE,7.39532616734647
2751,2751,,SEMCOG,INTERNAL,TRUE,TRUE,FALSE,0,8,Livingston,26093,Michigan,US,242,14,5.312833,48137,Livingston,,,,FALSE,6.5022431144517
2752,2752,,SEMCOG,INTERNAL,TRUE,TRUE,FALSE,0,8,Livingston,26093,Michigan,US,242,14,11.340246,48137,Livingston,,,,FALSE,11.0406227896924
2753,2753,,SEMCOG,INTERNAL,TRUE,TRUE,FALSE,0,8,Livingston,26093,Michigan,US,242,14,13.16968,48137,Livingston,,,,FALSE,9.8639822230842
2754,2754,,SEMCOG,INTERNAL,TRUE,TRUE,FALSE,0,8,Livingston,26093,Michigan,US,245,14,12.211586,48843,Livingston,,,,FALSE,2.68018266806141
2755,2755,,SEMCOG,INTERNAL,TRUE,TRUE,FALSE,0,8,Livingston,26093,Michigan,US,245,14,3.949505,48843,Livingston,,,,FALSE,0.961539220458743
2756,2756,,SEMCOG,INTERNAL,TRUE,TRUE,FALSE,0,8,Livingston,26093,Michigan,US,245,14,7.040459,48843,Livingston,,,,FALSE,5.4032739165565
2757,2757,,SEMCOG,INTERNAL,TRUE,TRUE,FALSE,0,8,Livingston,26093,Michigan,US,245,14,6.24785,48843,Livingston,,,,FALSE,4.23606340778474
2758,2758,,SEMCOG,INTERNAL,TRUE,TRUE,FALSE,0,8,Livingston,26093,Michigan,US,245,14,2.834302,48843,Livingston,,,,FALSE,0.646341039616793
2759,2759,,SEMCOG,INTERNAL,TRUE,TRUE,FALSE,0,8,Livingston,26093,Michigan,US,245,14,4.109082,48843,Livingston,,,,FALSE,2.61998589298399
2760,2760,,SEMCOG,INTERNAL,TRUE,TRUE,FALSE,0,8,Livingston,26093,Michigan,US,246,14,4.960684,48353,Livingston,,,,FALSE,5.93878003514131
2761,2761,,SEMCOG,INTERNAL,TRUE,TRUE,FALSE,0,8,Livingston,26093,Michigan,US,246,14,2.240027,48380,Livingston,,,,FALSE,6.65303404731618
2762,2762,,SEMCOG,INTERNAL,TRUE,TRUE,FALSE,0,8,Livingston,26093,Michigan,US,246,14,4.51744,48430,Livingston,,,,FALSE,10.0280369812643
2763,2763,,SEMCOG,INTERNAL,TRUE,TRUE,FALSE,0,8,Livingston,26093,Michigan,US,246,14,7.843342,48353,Livingston,,,,FALSE,8.62785969909274
2764,2764,,SEMCOG,INTERNAL,TRUE,TRUE,FALSE,0,8,Livingston,26093,Michigan,US,246,14,3.621329,48353,Livingston,,,,FALSE,7.43564039968655
2765,2765,,SEMCOG,INTERNAL,TRUE,TRUE,FALSE,0,8,Livingston,26093,Michigan,US,246,14,8.798336,48430,Livingston,,,,FALSE,6.8701829734552
2766,2766,,SEMCOG,INTERNAL,TRUE,TRUE,FALSE,0,8,Livingston,26093,Michigan,US,246,14,5.252157,48843,Livingston,,,,FALSE,4.72418243974861
2767,2767,,SEMCOG,INTERNAL,TRUE,TRUE,FALSE,0,8,Livingston,26093,Michigan,US,245,14,8.90643,48855,Livingston,,,,FALSE,4.60265847939229
2768,2768,,SEMCOG,INTERNAL,TRUE,TRUE,FALSE,0,8,Livingston,26093,Michigan,US,245,14,8.233023,48855,Livingston,,,,FALSE,5.44086683550161
2769,2769,,SEMCOG,INTERNAL,TRUE,TRUE,FALSE,0,8,Livingston,26093,Michigan,US,245,14,8.203178,48855,Livingston,,,,FALSE,5.87514906574758
2770,2770,,SEMCOG,INTERNAL,TRUE,TRUE,FALSE,0,8,Livingston,26093,Michigan,US,245,14,3.29577,48843,Livingston,,,,FALSE,2.04966645939365
2771,2771,,SEMCOG,INTERNAL,TRUE,TRUE,FALSE,0,8,Livingston,26093,Michigan,US,245,14,4.024358,48843,Livingston,,,,FALSE,2.37118383339829
2772,2772,,SEMCOG,INTERNAL,TRUE,TRUE,FALSE,0,8,Livingston,26093,Michigan,US,245,14,4.029533,48843,Livingston,,,,FALSE,3.2142471275503
2773,2773,,SEMCOG,INTERNAL,TRUE,TRUE,FALSE,0,8,Livingston,26093,Michigan,US,246,14,14.765019,48451,Livingston,,,,FALSE,10.6931281906817
2774,2774,,SEMCOG,INTERNAL,TRUE,TRUE,FALSE,0,8,Livingston,26093,Michigan,US,246,14,6.433557,48430,Livingston,,,,FALSE,12.337143601157
2775,2775,,SEMCOG,INTERNAL,TRUE,TRUE,FALSE,0,8,Livingston,26093,Michigan,US,246,14,10.349174,48855,Livingston,,,,FALSE,8.19786187809435
2776,2776,,SEMCOG,INTERNAL,TRUE,TRUE,FALSE,0,8,Livingston,26093,Michigan,US,246,14,6.028531,48430,Livingston,,,,FALSE,9.30705852563
2777,2777,,SEMCOG,INTERNAL,TRUE,TRUE,FALSE,0,8,Livingston,26093,Michigan,US,246,14,2.027567,48430,Livingston,,,,FALSE,11.8520167563034
2778,2778,,SEMCOG,INTERNAL,TRUE,TRUE,FALSE,0,8,Livingston,26093,Michigan,US,246,14,3.295753,48430,Livingston,,,,FALSE,10.5405367454829
2779,2779,,SEMCOG,INTERNAL,TRUE,TRUE,FALSE,0,8,Livingston,26093,Michigan,US,246,14,2.167193,48430,Livingston,,,,FALSE,11.7845625057114
2780,2780,,SEMCOG,INTERNAL,TRUE,TRUE,FALSE,0,8,Livingston,26093,Michigan,US,242,14,10.161274,48137,Livingston,,,,FALSE,9.35103788859657
2781,2781,,SEMCOG,INTERNAL,TRUE,TRUE,FALSE,0,8,Livingston,26093,Michigan,US,246,14,12.091662,48430,Livingston,,,,FALSE,8.51619833709508
2782,2782,,SEMCOG,INTERNAL,TRUE,TRUE,FALSE,0,8,Livingston,26093,Michigan,US,246,14,1.942107,48430,Livingston,,,,FALSE,10.2487482907421
2783,2783,,SEMCOG,INTERNAL,TRUE,TRUE,FALSE,0,8,Livingston,26093,Michigan,US,246,14,2.0236,48430,Livingston,,,,FALSE,10.6594058109392
2784,2784,,SEMCOG,INTERNAL,TRUE,TRUE,FALSE,0,8,Livingston,26093,Michigan,US,246,14,11.166959,48430,Livingston,,,,FALSE,10.3645363557773
2785,2785,,SEMCOG,INTERNAL,TRUE,TRUE,FALSE,0,8,Livingston,26093,Michigan,US,246,14,2.015164,48430,Livingston,,,,FALSE,9.09082374439486
2786,2786,,SEMCOG,INTERNAL,TRUE,TRUE,FALSE,0,8,Livingston,26093,Michigan,US,244,14,0.549209,48843,Livingston,,,,FALSE,0.590444075574322
2787,2787,,SEMCOG,INTERNAL,TRUE,TRUE,FALSE,0,8,Livingston,26093,Michigan,US,244,14,0.815927,48843,Livingston,,,,FALSE,1.50644922208031
2788,2788,,SEMCOG,INTERNAL,TRUE,TRUE,FALSE,0,8,Livingston,26093,Michigan,US,244,14,0.89102,48843,Livingston,,,,FALSE,1.01827308879016
2789,2789,,SEMCOG,INTERNAL,TRUE,TRUE,FALSE,0,8,Livingston,26093,Michigan,US,244,14,0.820797,48843,Livingston,,,,FALSE,1.36973285939237
2790,2790,,SEMCOG,INTERNAL,TRUE,TRUE,FALSE,0,8,Livingston,26093,Michigan,US,244,14,1.07737,48843,Livingston,,,,FALSE,0.315891052868165
2791,2791,,SEMCOG,INTERNAL,TRUE,TRUE,FALSE,0,8,Livingston,26093,Michigan,US,244,14,0.192985,48843,Livingston,,,,FALSE,0.177526590664837
2792,2792,,SEMCOG,INTERNAL,TRUE,TRUE,FALSE,0,8,Livingston,26093,Michigan,US,245,14,2.034672,48855,Livingston,,,,FALSE,0.395581108650793
2793,2793,,SEMCOG,INTERNAL,TRUE,TRUE,FALSE,0,8,Livingston,26093,Michigan,US,245,14,1.58884,48843,Livingston,,,,FALSE,0.531886841692428
2794,2794,,SEMCOG,INTERNAL,TRUE,TRUE,FALSE,0,8,Livingston,26093,Michigan,US,245,14,5.202024,48836,Livingston,,,,FALSE,0.708944863192092
2795,2795,,SEMCOG,INTERNAL,TRUE,TRUE,FALSE,0,8,Livingston,26093,Michigan,US,245,14,0.269125,48843,Livingston,,,,FALSE,0.131457507718026
2796,2796,,SEMCOG,INTERNAL,TRUE,TRUE,FALSE,0,8,Livingston,26093,Michigan,US,245,14,5.718736,48855,Livingston,,,,FALSE,2.00074842836394
2797,2797,,SEMCOG,INTERNAL,TRUE,TRUE,FALSE,0,8,Livingston,26093,Michigan,US,245,14,8.790574,48855,Livingston,,,,FALSE,2.42505785101771
2798,2798,,SEMCOG,INTERNAL,TRUE,TRUE,FALSE,0,8,Livingston,26093,Michigan,US,245,14,8.357294,48855,Livingston,,,,FALSE,3.8387969748873
2799,2799,,SEMCOG,INTERNAL,TRUE,TRUE,FALSE,0,8,Livingston,26093,Michigan,US,247,14,0.978785,48836,Livingston,,,,FALSE,1.28839083349619
2800,2800,,SEMCOG,INTERNAL,TRUE,TRUE,FALSE,0,8,Livingston,26093,Michigan,US,247,14,1.393437,48836,Livingston,,,,FALSE,0.438437411295321
2801,2801,,SEMCOG,INTERNAL,TRUE,TRUE,FALSE,0,8,Livingston,26093,Michigan,US,247,14,8.301151,48836,Livingston,,,,FALSE,1.18955384014823
2802,2802,,SEMCOG,INTERNAL,TRUE,TRUE,FALSE,0,8,Livingston,26093,Michigan,US,247,14,4.373521,48836,Livingston,,,,FALSE,1.38648792858632
2803,2803,,SEMCOG,INTERNAL,TRUE,TRUE,FALSE,0,8,Livingston,26093,Michigan,US,247,14,13.067254,48836,Livingston,,,,FALSE,1.58938957698639
2804,2804,,SEMCOG,INTERNAL,TRUE,TRUE,FALSE,0,8,Livingston,26093,Michigan,US,247,14,6.333578,48836,Livingston,,,,FALSE,1.47585222128336
2805,2805,,SEMCOG,INTERNAL,TRUE,TRUE,FALSE,0,8,Livingston,26093,Michigan,US,247,14,8.051087,48836,Livingston,,,,FALSE,4.49269515309254
2806,2806,,SEMCOG,INTERNAL,TRUE,TRUE,FALSE,0,8,Livingston,26093,Michigan,US,247,14,5.617876,48836,Livingston,,,,FALSE,3.85164910250183
2807,2807,,SEMCOG,INTERNAL,TRUE,TRUE,FALSE,0,8,Livingston,26093,Michigan,US,247,14,9.963638,48836,Livingston,,,,FALSE,7.2137196543648
2808,2808,,SEMCOG,INTERNAL,TRUE,TRUE,FALSE,0,8,Livingston,26093,Michigan,US,247,14,7.033385,48836,Livingston,,,,FALSE,7.59065729382408
2809,2809,,SEMCOG,INTERNAL,TRUE,TRUE,FALSE,0,8,Livingston,26093,Michigan,US,247,14,7.058769,48836,Livingston,,,,FALSE,4.38222203837924
2810,2810,,SEMCOG,INTERNAL,TRUE,TRUE,FALSE,0,8,Livingston,26093,Michigan,US,247,14,22.513855,48836,Livingston,,,,FALSE,6.41563325351777
2811,2811,,SEMCOG,INTERNAL,TRUE,TRUE,FALSE,0,8,Livingston,26093,Michigan,US,247,14,15.798269,48855,Livingston,,,,FALSE,7.90739136944715
2812,2812,,EXTERNAL,EXTERNAL,FALSE,FALSE,FALSE,1,6,Monroe,26115,Michigan,US,0,,0.107694,43611,EXTERNAL,Ohio,Other Road,Other Road,FALSE,
2813,2813,,EXTERNAL,EXTERNAL,FALSE,FALSE,FALSE,1,6,Monroe,26115,Michigan,US,0,,0.074337,43611,EXTERNAL,Ohio,I-75 S,Major Highway,FALSE,
2814,2814,,EXTERNAL,EXTERNAL,FALSE,FALSE,FALSE,1,6,Monroe,26115,Michigan,US,0,,0.057712,43611,EXTERNAL,Ohio,Other Road,Other Road,FALSE,
2815,2815,,EXTERNAL,EXTERNAL,FALSE,FALSE,FALSE,1,6,Monroe,26115,Michigan,US,0,,0.117679,43612,EXTERNAL,Ohio,Other Road,Other Road,FALSE,
2816,2816,,EXTERNAL,EXTERNAL,FALSE,FALSE,FALSE,1,6,Monroe,26115,Michigan,US,0,,0.129074,43612,EXTERNAL,Ohio,Other Road,Other Road,FALSE,
2817,2817,,EXTERNAL,EXTERNAL,FALSE,FALSE,FALSE,1,6,Monroe,26115,Michigan,US,0,,0.138418,43612,EXTERNAL,Ohio,Other Road,Other Road,FALSE,
2818,2818,,EXTERNAL,EXTERNAL,FALSE,FALSE,FALSE,1,6,Monroe,26115,Michigan,US,0,,0.133109,43612,EXTERNAL,Ohio,Other Road,Other Road,FALSE,
2819,2819,,EXTERNAL,EXTERNAL,FALSE,FALSE,FALSE,1,6,Monroe,26115,Michigan,US,0,,0.159164,43613,EXTERNAL,Ohio,Other Road,Other Road,FALSE,
2820,2820,,EXTERNAL,EXTERNAL,FALSE,FALSE,FALSE,1,6,Monroe,26115,Michigan,US,0,,0.188403,43623,EXTERNAL,Ohio,Other Road,Other Road,FALSE,
2821,2821,,EXTERNAL,EXTERNAL,FALSE,FALSE,FALSE,1,6,Monroe,26115,Michigan,US,0,,0.220184,43623,EXTERNAL,Ohio,Other Road,Other Road,FALSE,
2822,2822,,EXTERNAL,EXTERNAL,FALSE,FALSE,FALSE,1,6,Monroe,26115,Michigan,US,0,,0.15683,43560,EXTERNAL,Ohio,Other Road,Other Road,FALSE,
2823,2823,,EXTERNAL,EXTERNAL,FALSE,FALSE,FALSE,1,6,Monroe,26115,Michigan,US,0,,0.145094,43560,EXTERNAL,Ohio,US-23 S,Major Highway,FALSE,
2824,2824,,EXTERNAL,EXTERNAL,FALSE,FALSE,FALSE,1,6,Monroe,26115,Michigan,US,0,,0.156004,43560,EXTERNAL,Ohio,Other Road,Other Road,FALSE,
2825,2825,,EXTERNAL,EXTERNAL,FALSE,FALSE,FALSE,1,6,Monroe,26115,Michigan,US,0,,0.259986,43560,EXTERNAL,Ohio,Other Road,Other Road,FALSE,
2826,2826,,EXTERNAL,EXTERNAL,FALSE,FALSE,FALSE,1,6,Monroe,26115,Michigan,US,0,,0.19833,49267,EXTERNAL,Michigan,Other Road,Other Road,FALSE,
2827,2827,,EXTERNAL,EXTERNAL,FALSE,FALSE,FALSE,1,6,Monroe,26115,Michigan,US,0,,0.176758,49267,EXTERNAL,Michigan,Other Road,Other Road,FALSE,
2828,2828,,EXTERNAL,EXTERNAL,FALSE,FALSE,FALSE,1,6,Monroe,26115,Michigan,US,0,,0.173531,49276,EXTERNAL,Michigan,US-223 W,Major Highway,FALSE,
2829,2829,,EXTERNAL,EXTERNAL,FALSE,FALSE,FALSE,1,6,Monroe,26115,Michigan,US,0,,0.163473,49238,EXTERNAL,Michigan,Other Road,Other Road,FALSE,
2830,2830,,EXTERNAL,EXTERNAL,FALSE,FALSE,FALSE,1,6,Monroe,26115,Michigan,US,0,,0.548616,49238,EXTERNAL,Michigan,Other Road,Other Road,FALSE,
2831,2831,,EXTERNAL,EXTERNAL,FALSE,FALSE,FALSE,1,6,Monroe,26115,Michigan,US,0,,0.687629,49229,EXTERNAL,Michigan,Other Road,Other Road,FALSE,
2832,2832,,EXTERNAL,EXTERNAL,FALSE,FALSE,FALSE,1,6,Monroe,26115,Michigan,US,0,,0.636571,49229,EXTERNAL,Michigan,Other Road,Other Road,FALSE,
2833,2833,,EXTERNAL,EXTERNAL,FALSE,FALSE,FALSE,1,6,Monroe,26115,Michigan,US,0,,0.406783,49286,EXTERNAL,Michigan,Other Road,Other Road,FALSE,
2834,2834,,EXTERNAL,EXTERNAL,FALSE,FALSE,FALSE,1,5,Washtenaw,26161,Michigan,US,0,,0.48033,49286,EXTERNAL,Michigan,Other Road,Other Road,FALSE,
2835,2835,,EXTERNAL,EXTERNAL,FALSE,FALSE,FALSE,1,5,Washtenaw,26161,Michigan,US,0,,0.628181,49236,EXTERNAL,Michigan,Other Road,Other Road,FALSE,
2836,2836,,EXTERNAL,EXTERNAL,FALSE,FALSE,FALSE,1,5,Washtenaw,26161,Michigan,US,0,,0.504639,49236,EXTERNAL,Michigan,Other Road,Other Road,FALSE,
2837,2837,,EXTERNAL,EXTERNAL,FALSE,FALSE,FALSE,1,5,Washtenaw,26161,Michigan,US,0,,0.494865,49236,EXTERNAL,Michigan,Other Road,Other Road,FALSE,
2838,2838,,EXTERNAL,EXTERNAL,FALSE,FALSE,FALSE,1,5,Washtenaw,26161,Michigan,US,0,,0.500789,49236,EXTERNAL,Michigan,Other Road,Other Road,FALSE,
2839,2839,,EXTERNAL,EXTERNAL,FALSE,FALSE,FALSE,1,5,Washtenaw,26161,Michigan,US,0,,0.4527,49236,EXTERNAL,Michigan,Other Road,Other Road,FALSE,
2840,2840,,EXTERNAL,EXTERNAL,FALSE,FALSE,FALSE,1,5,Washtenaw,26161,Michigan,US,0,,0.400184,49287,EXTERNAL,Michigan,Other Road,Other Road,FALSE,
2841,2841,,EXTERNAL,EXTERNAL,FALSE,FALSE,FALSE,1,5,Washtenaw,26161,Michigan,US,0,,0.438163,49230,EXTERNAL,Michigan,Other Road,Other Road,FALSE,
2842,2842,,EXTERNAL,EXTERNAL,FALSE,FALSE,FALSE,1,5,Washtenaw,26161,Michigan,US,0,,0.554453,49230,EXTERNAL,Michigan,Other Road,Other Road,FALSE,
2843,2843,,EXTERNAL,EXTERNAL,FALSE,FALSE,FALSE,1,5,Washtenaw,26161,Michigan,US,0,,0.572146,49230,EXTERNAL,Michigan,Other Road,Other Road,FALSE,
2844,2844,,EXTERNAL,EXTERNAL,FALSE,FALSE,FALSE,1,5,Washtenaw,26161,Michigan,US,0,,0.441609,49240,EXTERNAL,Michigan,Other Road,Other Road,FALSE,
2845,2845,,EXTERNAL,EXTERNAL,FALSE,FALSE,FALSE,1,5,Washtenaw,26161,Michigan,US,0,,0.546905,49240,EXTERNAL,Michigan,Other Road,Other Road,FALSE,
2846,2846,,EXTERNAL,EXTERNAL,FALSE,FALSE,FALSE,1,5,Washtenaw,26161,Michigan,US,0,,0.511512,49240,EXTERNAL,Michigan,Other Road,Other Road,FALSE,
2847,2847,,EXTERNAL,EXTERNAL,FALSE,FALSE,FALSE,1,5,Washtenaw,26161,Michigan,US,0,,0.403003,49240,EXTERNAL,Michigan,Other Road,Other Road,FALSE,
2848,2848,,EXTERNAL,EXTERNAL,FALSE,FALSE,FALSE,1,5,Washtenaw,26161,Michigan,US,0,,0.485,49240,EXTERNAL,Michigan,I-94 W,Major Highway,FALSE,
2849,2849,,EXTERNAL,EXTERNAL,FALSE,FALSE,FALSE,1,5,Washtenaw,26161,Michigan,US,0,,0.529938,49240,EXTERNAL,Michigan,Other Road,Other Road,FALSE,
2850,2850,,EXTERNAL,EXTERNAL,FALSE,FALSE,FALSE,1,5,Washtenaw,26161,Michigan,US,0,,0.52853,49240,EXTERNAL,Michigan,Other Road,Other Road,FALSE,
2851,2851,,EXTERNAL,EXTERNAL,FALSE,FALSE,FALSE,1,5,Washtenaw,26161,Michigan,US,0,,0.416262,49240,EXTERNAL,Michigan,Other Road,Other Road,FALSE,
2852,2852,,EXTERNAL,EXTERNAL,FALSE,FALSE,FALSE,1,8,Livingston,26093,Michigan,US,0,,0.406494,49285,EXTERNAL,Michigan,Other Road,Other Road,FALSE,
2853,2853,,EXTERNAL,EXTERNAL,FALSE,FALSE,FALSE,1,8,Livingston,26093,Michigan,US,0,,0.386086,49285,EXTERNAL,Michigan,Other Road,Other Road,FALSE,
2854,2854,,EXTERNAL,EXTERNAL,FALSE,FALSE,FALSE,1,8,Livingston,26093,Michigan,US,0,,0.4331,49285,EXTERNAL,Michigan,Other Road,Other Road,FALSE,
2855,2855,,EXTERNAL,EXTERNAL,FALSE,FALSE,FALSE,1,8,Livingston,26093,Michigan,US,0,,0.222386,49285,EXTERNAL,Michigan,Other Road,Other Road,FALSE,
2856,2856,,EXTERNAL,EXTERNAL,FALSE,FALSE,FALSE,1,8,Livingston,26093,Michigan,US,0,,0.473265,48892,EXTERNAL,Michigan,Other Road,Other Road,FALSE,
2857,2857,,EXTERNAL,EXTERNAL,FALSE,FALSE,FALSE,1,8,Livingston,26093,Michigan,US,0,,0.468899,48892,EXTERNAL,Michigan,I-96 W,Major Highway,FALSE,
2858,2858,,EXTERNAL,EXTERNAL,FALSE,FALSE,FALSE,1,8,Livingston,26093,Michigan,US,0,,0.374544,48892,EXTERNAL,Michigan,Other Road,Other Road,FALSE,
2859,2859,,EXTERNAL,EXTERNAL,FALSE,FALSE,FALSE,1,8,Livingston,26093,Michigan,US,0,,0.488624,48892,EXTERNAL,Michigan,Other Road,Other Road,FALSE,
2860,2860,,EXTERNAL,EXTERNAL,FALSE,FALSE,FALSE,1,8,Livingston,26093,Michigan,US,0,,0.332689,48892,EXTERNAL,Michigan,Other Road,Other Road,FALSE,
2861,2861,,EXTERNAL,EXTERNAL,FALSE,FALSE,FALSE,1,8,Livingston,26093,Michigan,US,0,,0.532397,48872,EXTERNAL,Michigan,Other Road,Other Road,FALSE,
2862,2862,,EXTERNAL,EXTERNAL,FALSE,FALSE,FALSE,1,8,Livingston,26093,Michigan,US,0,,0.433746,48418,EXTERNAL,Michigan,Other Road,Other Road,FALSE,
2863,2863,,EXTERNAL,EXTERNAL,FALSE,FALSE,FALSE,1,8,Livingston,26093,Michigan,US,0,,0.609637,48451,EXTERNAL,Michigan,Other Road,Other Road,FALSE,
2864,2864,,EXTERNAL,EXTERNAL,FALSE,FALSE,FALSE,1,8,Livingston,26093,Michigan,US,0,,0.596319,48451,EXTERNAL,Michigan,Other Road,Other Road,FALSE,
2865,2865,,EXTERNAL,EXTERNAL,FALSE,FALSE,FALSE,1,8,Livingston,26093,Michigan,US,0,,0.2893,48430,EXTERNAL,Michigan,Other Road,Other Road,FALSE,
2866,2866,,EXTERNAL,EXTERNAL,FALSE,FALSE,FALSE,1,8,Livingston,26093,Michigan,US,0,,0.499603,48430,EXTERNAL,Michigan,US-23 N,Major Highway,FALSE,
2867,2867,,EXTERNAL,EXTERNAL,FALSE,FALSE,FALSE,1,8,Livingston,26093,Michigan,US,0,,0.206833,48430,EXTERNAL,Michigan,Other Road,Other Road,FALSE,
2868,2868,,EXTERNAL,EXTERNAL,FALSE,FALSE,FALSE,1,3,Oakland,26125,Michigan,US,0,,0.172077,48430,EXTERNAL,Michigan,Other Road,Other Road,FALSE,
2869,2869,,EXTERNAL,EXTERNAL,FALSE,FALSE,FALSE,1,3,Oakland,26125,Michigan,US,0,,0.322757,48430,EXTERNAL,Michigan,Other Road,Other Road,FALSE,
2870,2870,,EXTERNAL,EXTERNAL,FALSE,FALSE,FALSE,1,3,Oakland,26125,Michigan,US,0,,0.391792,48430,EXTERNAL,Michigan,Other Road,Other Road,FALSE,
2871,2871,,EXTERNAL,EXTERNAL,FALSE,FALSE,FALSE,1,3,Oakland,26125,Michigan,US,0,,0.518306,48439,EXTERNAL,Michigan,Other Road,Other Road,FALSE,
2872,2872,,EXTERNAL,EXTERNAL,FALSE,FALSE,FALSE,1,3,Oakland,26125,Michigan,US,0,,0.253766,48439,EXTERNAL,Michigan,I-75 N,Major Highway,FALSE,
2873,2873,,EXTERNAL,EXTERNAL,FALSE,FALSE,FALSE,1,3,Oakland,26125,Michigan,US,0,,0.243728,48439,EXTERNAL,Michigan,Other Road,Other Road,FALSE,
2874,2874,,EXTERNAL,EXTERNAL,FALSE,FALSE,FALSE,1,3,Oakland,26125,Michigan,US,0,,0.335512,48438,EXTERNAL,Michigan,Other Road,Other Road,FALSE,
2875,2875,,EXTERNAL,EXTERNAL,FALSE,FALSE,FALSE,1,3,Oakland,26125,Michigan,US,0,,0.492774,48438,EXTERNAL,Michigan,Other Road,Other Road,FALSE,
2876,2876,,EXTERNAL,EXTERNAL,FALSE,FALSE,FALSE,1,3,Oakland,26125,Michigan,US,0,,0.454532,48438,EXTERNAL,Michigan,Other Road,Other Road,FALSE,
2877,2877,,EXTERNAL,EXTERNAL,FALSE,FALSE,FALSE,1,3,Oakland,26125,Michigan,US,0,,0.588581,48371,EXTERNAL,Michigan,Other Road,Other Road,FALSE,
2878,2878,,EXTERNAL,EXTERNAL,FALSE,FALSE,FALSE,1,3,Oakland,26125,Michigan,US,0,,0.557701,48455,EXTERNAL,Michigan,Other Road,Other Road,FALSE,
2879,2879,,EXTERNAL,EXTERNAL,FALSE,FALSE,FALSE,1,3,Oakland,26125,Michigan,US,0,,0.513012,48455,EXTERNAL,Michigan,Other Road,Other Road,FALSE,
2880,2880,,EXTERNAL,EXTERNAL,FALSE,FALSE,FALSE,1,3,Oakland,26125,Michigan,US,0,,0.507434,48428,EXTERNAL,Michigan,Other Road,Other Road,FALSE,
2881,2881,,EXTERNAL,EXTERNAL,FALSE,FALSE,FALSE,1,4,Macomb,26099,Michigan,US,0,,0.50205,48003,EXTERNAL,Michigan,Other Road,Other Road,FALSE,
2882,2882,,EXTERNAL,EXTERNAL,FALSE,FALSE,FALSE,1,7,St Clair,26147,Michigan,US,0,,0.488631,48003,EXTERNAL,Michigan,Other Road,Other Road,FALSE,
2883,2883,,EXTERNAL,EXTERNAL,FALSE,FALSE,FALSE,1,7,St Clair,26147,Michigan,US,0,,0.475518,48003,EXTERNAL,Michigan,Other Road,Other Road,FALSE,
2884,2884,,EXTERNAL,EXTERNAL,FALSE,FALSE,FALSE,1,7,St Clair,26147,Michigan,US,0,,0.431002,48444,EXTERNAL,Michigan,Other Road,Other Road,FALSE,
2885,2885,,EXTERNAL,EXTERNAL,FALSE,FALSE,FALSE,1,7,St Clair,26147,Michigan,US,0,,0.569885,48444,EXTERNAL,Michigan,I-69 W,Major Highway,FALSE,
2886,2886,,EXTERNAL,EXTERNAL,FALSE,FALSE,FALSE,1,7,St Clair,26147,Michigan,US,0,,0.609704,48444,EXTERNAL,Michigan,Other Road,Other Road,FALSE,
2887,2887,,EXTERNAL,EXTERNAL,FALSE,FALSE,FALSE,1,7,St Clair,26147,Michigan,US,0,,0.57263,48444,EXTERNAL,Michigan,Other Road,Other Road,FALSE,
2888,2888,,EXTERNAL,EXTERNAL,FALSE,FALSE,FALSE,1,7,St Clair,26147,Michigan,US,0,,0.513142,48416,EXTERNAL,Michigan,Other Road,Other Road,FALSE,
2889,2889,,EXTERNAL,EXTERNAL,FALSE,FALSE,FALSE,1,7,St Clair,26147,Michigan,US,0,,0.645804,48416,EXTERNAL,Michigan,Other Road,Other Road,FALSE,
2890,2890,,EXTERNAL,EXTERNAL,FALSE,FALSE,FALSE,1,7,St Clair,26147,Michigan,US,0,,0.576864,48454,EXTERNAL,Michigan,Other Road,Other Road,FALSE,
2891,2891,,EXTERNAL,EXTERNAL,FALSE,FALSE,FALSE,1,7,St Clair,26147,Michigan,US,0,,0.640969,48454,EXTERNAL,Michigan,Other Road,Other Road,FALSE,
2892,2892,,EXTERNAL,EXTERNAL,FALSE,FALSE,FALSE,1,7,St Clair,26147,Michigan,US,0,,0.649156,48097,EXTERNAL,Michigan,Other Road,Other Road,FALSE,
2893,2893,,EXTERNAL,EXTERNAL,FALSE,FALSE,FALSE,1,7,St Clair,26147,Michigan,US,0,,0.746619,48097,EXTERNAL,Michigan,Other Road,Other Road,FALSE,
2894,2894,,EXTERNAL,EXTERNAL,FALSE,FALSE,FALSE,1,7,St Clair,26147,Michigan,US,0,,0.61504,48422,EXTERNAL,Michigan,Other Road,Other Road,FALSE,
2895,2895,,EXTERNAL,EXTERNAL,FALSE,FALSE,FALSE,1,7,St Clair,26147,Michigan,US,0,,0.637088,48450,EXTERNAL,Michigan,Other Road,Other Road,FALSE,
2896,2896,,EXTERNAL,EXTERNAL,FALSE,FALSE,FALSE,1,7,St Clair,26147,Michigan,US,0,,0.352105,,EXTERNAL,Ontario,Blue Water Bridge,International Crossing,FALSE,
2897,2897,,EXTERNAL,EXTERNAL,FALSE,FALSE,FALSE,1,1,Detroit,26163,Michigan,US,0,,0.138403,,EXTERNAL,Ontario,Detroit Windsor Tunnel,International Crossing,FALSE,
2898,2898,,EXTERNAL,EXTERNAL,FALSE,FALSE,FALSE,1,1,Detroit,26163,Michigan,US,0,,0.101414,,EXTERNAL,Ontario,Ambassador Bridge,International Crossing,FALSE,
2899,2899,,EXTERNAL,EXTERNAL,FALSE,FALSE,FALSE,1,1,Detroit,26163,Michigan,US,0,,0.147213,,EXTERNAL,Ontario,Gordie Howe International Bridge,International Crossing,FALSE,
2900,2900,395,BUFFER,INTERNAL,TRUE,FALSE,TRUE,0,,Clinton,26037,Michigan,US,,,0.862488,48879,BUFFER,,,,FALSE,
2901,2901,396,BUFFER,INTERNAL,TRUE,FALSE,TRUE,0,,Clinton,26037,Michigan,US,,,1.316655,48879,BUFFER,,,,FALSE,
2902,2902,397,BUFFER,INTERNAL,TRUE,FALSE,TRUE,0,,Clinton,26037,Michigan,US,,,1.697318,48879,BUFFER,,,,FALSE,
2903,2903,398,BUFFER,INTERNAL,TRUE,FALSE,TRUE,0,,Clinton,26037,Michigan,US,,,36.44833,48835,BUFFER,,,,FALSE,
2904,2904,399,BUFFER,INTERNAL,TRUE,FALSE,TRUE,0,,Clinton,26037,Michigan,US,,,35.326923,48835,BUFFER,,,,FALSE,
2905,2905,400,BUFFER,INTERNAL,TRUE,FALSE,TRUE,0,,Clinton,26037,Michigan,US,,,35.525528,48894,BUFFER,,,,FALSE,
2906,2906,401,BUFFER,INTERNAL,TRUE,FALSE,TRUE,0,,Clinton,26037,Michigan,US,,,36.470165,48879,BUFFER,,,,FALSE,
2907,2907,402,BUFFER,INTERNAL,TRUE,FALSE,TRUE,0,,Clinton,26037,Michigan,US,,,35.546307,48879,BUFFER,,,,FALSE,
2908,2908,405,BUFFER,INTERNAL,TRUE,FALSE,TRUE,0,,Clinton,26037,Michigan,US,,,35.384708,48879,BUFFER,,,,FALSE,
2909,2909,406,BUFFER,INTERNAL,TRUE,FALSE,TRUE,0,,Clinton,26037,Michigan,US,,,0.909281,48866,BUFFER,,,,FALSE,
2910,2910,407,BUFFER,INTERNAL,TRUE,FALSE,TRUE,0,,Clinton,26037,Michigan,US,,,35.023495,48866,BUFFER,,,,FALSE,
2911,2911,408,BUFFER,INTERNAL,TRUE,FALSE,TRUE,0,,Clinton,26037,Michigan,US,,,35.897839,48848,BUFFER,,,,FALSE,
2912,2912,411,BUFFER,INTERNAL,TRUE,FALSE,TRUE,0,,Clinton,26037,Michigan,US,,,35.669422,48820,BUFFER,,,,FALSE,
2913,2913,413,BUFFER,INTERNAL,TRUE,FALSE,TRUE,0,,Clinton,26037,Michigan,US,,,2.991723,48820,BUFFER,,,,FALSE,
2914,2914,418,BUFFER,INTERNAL,TRUE,FALSE,TRUE,0,,Clinton,26037,Michigan,US,,,25.823759,48808,BUFFER,,,,FALSE,
2915,2915,465,BUFFER,INTERNAL,TRUE,FALSE,TRUE,0,,Eaton,26045,Michigan,US,,,1.129222,48813,BUFFER,,,,FALSE,
2916,2916,466,BUFFER,INTERNAL,TRUE,FALSE,TRUE,0,,Eaton,26045,Michigan,US,,,1.640734,48813,BUFFER,,,,FALSE,
2917,2917,468,BUFFER,INTERNAL,TRUE,FALSE,TRUE,0,,Eaton,26045,Michigan,US,,,36.301811,49096,BUFFER,,,,FALSE,
2918,2918,469,BUFFER,INTERNAL,TRUE,FALSE,TRUE,0,,Eaton,26045,Michigan,US,,,32.609596,48837,BUFFER,,,,FALSE,
2919,2919,470,BUFFER,INTERNAL,TRUE,FALSE,TRUE,0,,Eaton,26045,Michigan,US,,,36.411983,48861,BUFFER,,,,FALSE,
2920,2920,472,BUFFER,INTERNAL,TRUE,FALSE,TRUE,0,,Eaton,26045,Michigan,US,,,1.186942,48837,BUFFER,,,,FALSE,
2921,2921,474,BUFFER,INTERNAL,TRUE,FALSE,TRUE,0,,Eaton,26045,Michigan,US,,,4.263441,48917,BUFFER,,,,FALSE,
2922,2922,475,BUFFER,INTERNAL,TRUE,FALSE,TRUE,0,,Eaton,26045,Michigan,US,,,1.999126,48917,BUFFER,,,,FALSE,
2923,2923,478,BUFFER,INTERNAL,TRUE,FALSE,TRUE,0,,Eaton,26045,Michigan,US,,,1.089863,49021,BUFFER,,,,FALSE,
2924,2924,480,BUFFER,INTERNAL,TRUE,FALSE,TRUE,0,,Eaton,26045,Michigan,US,,,36.673206,49096,BUFFER,,,,FALSE,
2925,2925,481,BUFFER,INTERNAL,TRUE,FALSE,TRUE,0,,Eaton,26045,Michigan,US,,,1.019257,49076,BUFFER,,,,FALSE,
2926,2926,482,BUFFER,INTERNAL,TRUE,FALSE,TRUE,0,,Eaton,26045,Michigan,US,,,36.006012,48813,BUFFER,,,,FALSE,
2927,2927,488,BUFFER,INTERNAL,TRUE,FALSE,TRUE,0,,Eaton,26045,Michigan,US,,,36.329853,48813,BUFFER,,,,FALSE,
2928,2928,491,BUFFER,INTERNAL,TRUE,FALSE,TRUE,0,,Eaton,26045,Michigan,US,,,34.516571,48827,BUFFER,,,,FALSE,
2929,2929,513,BUFFER,INTERNAL,TRUE,FALSE,TRUE,0,,Genesee,26049,Michigan,US,,,1.076815,48505,BUFFER,,,,FALSE,
2930,2930,514,BUFFER,INTERNAL,TRUE,FALSE,TRUE,0,,Genesee,26049,Michigan,US,,,0.762949,48505,BUFFER,,,,FALSE,
2931,2931,516,BUFFER,INTERNAL,TRUE,FALSE,TRUE,0,,Genesee,26049,Michigan,US,,,1.470862,48505,BUFFER,,,,FALSE,
2932,2932,518,BUFFER,INTERNAL,TRUE,FALSE,TRUE,0,,Genesee,26049,Michigan,US,,,1.053115,48504,BUFFER,,,,FALSE,
2933,2933,519,BUFFER,INTERNAL,TRUE,FALSE,TRUE,0,,Genesee,26049,Michigan,US,,,0.472582,48505,BUFFER,,,,FALSE,
2934,2934,520,BUFFER,INTERNAL,TRUE,FALSE,TRUE,0,,Genesee,26049,Michigan,US,,,0.522582,48505,BUFFER,,,,FALSE,
2935,2935,521,BUFFER,INTERNAL,TRUE,FALSE,TRUE,0,,Genesee,26049,Michigan,US,,,0.724797,48505,BUFFER,,,,FALSE,
2936,2936,522,BUFFER,INTERNAL,TRUE,FALSE,TRUE,0,,Genesee,26049,Michigan,US,,,0.519768,48504,BUFFER,,,,FALSE,
2937,2937,523,BUFFER,INTERNAL,TRUE,FALSE,TRUE,0,,Genesee,26049,Michigan,US,,,0.337833,48504,BUFFER,,,,FALSE,
2938,2938,524,BUFFER,INTERNAL,TRUE,FALSE,TRUE,0,,Genesee,26049,Michigan,US,,,0.488454,48505,BUFFER,,,,FALSE,
2939,2939,525,BUFFER,INTERNAL,TRUE,FALSE,TRUE,0,,Genesee,26049,Michigan,US,,,0.581689,48505,BUFFER,,,,FALSE,
2940,2940,526,BUFFER,INTERNAL,TRUE,FALSE,TRUE,0,,Genesee,26049,Michigan,US,,,1.082294,48505,BUFFER,,,,FALSE,
2941,2941,528,BUFFER,INTERNAL,TRUE,FALSE,TRUE,0,,Genesee,26049,Michigan,US,,,0.832762,48506,BUFFER,,,,FALSE,
2942,2942,530,BUFFER,INTERNAL,TRUE,FALSE,TRUE,0,,Genesee,26049,Michigan,US,,,0.249861,48506,BUFFER,,,,FALSE,
2943,2943,531,BUFFER,INTERNAL,TRUE,FALSE,TRUE,0,,Genesee,26049,Michigan,US,,,0.811208,48504,BUFFER,,,,FALSE,
2944,2944,533,BUFFER,INTERNAL,TRUE,FALSE,TRUE,0,,Genesee,26049,Michigan,US,,,0.484984,48504,BUFFER,,,,FALSE,
2945,2945,534,BUFFER,INTERNAL,TRUE,FALSE,TRUE,0,,Genesee,26049,Michigan,US,,,0.580527,48503,BUFFER,,,,FALSE,
2946,2946,535,BUFFER,INTERNAL,TRUE,FALSE,TRUE,0,,Genesee,26049,Michigan,US,,,0.38122,48503,BUFFER,,,,FALSE,
2947,2947,537,BUFFER,INTERNAL,TRUE,FALSE,TRUE,0,,Genesee,26049,Michigan,US,,,0.663644,48503,BUFFER,,,,FALSE,
2948,2948,538,BUFFER,INTERNAL,TRUE,FALSE,TRUE,0,,Genesee,26049,Michigan,US,,,0.990063,48503,BUFFER,,,,FALSE,
2949,2949,539,BUFFER,INTERNAL,TRUE,FALSE,TRUE,0,,Genesee,26049,Michigan,US,,,0.233595,48503,BUFFER,,,,FALSE,
2950,2950,541,BUFFER,INTERNAL,TRUE,FALSE,TRUE,0,,Genesee,26049,Michigan,US,,,0.643007,48503,BUFFER,,,,FALSE,
2951,2951,542,BUFFER,INTERNAL,TRUE,FALSE,TRUE,0,,Genesee,26049,Michigan,US,,,0.611117,48503,BUFFER,,,,FALSE,
2952,2952,545,BUFFER,INTERNAL,TRUE,FALSE,TRUE,0,,Genesee,26049,Michigan,US,,,1.040345,48507,BUFFER,,,,FALSE,
2953,2953,546,BUFFER,INTERNAL,TRUE,FALSE,TRUE,0,,Genesee,26049,Michigan,US,,,1.712615,48507,BUFFER,,,,FALSE,
2954,2954,547,BUFFER,INTERNAL,TRUE,FALSE,TRUE,0,,Genesee,26049,Michigan,US,,,0.502283,48507,BUFFER,,,,FALSE,
2955,2955,548,BUFFER,INTERNAL,TRUE,FALSE,TRUE,0,,Genesee,26049,Michigan,US,,,0.97481,48457,BUFFER,,,,FALSE,
2956,2956,549,BUFFER,INTERNAL,TRUE,FALSE,TRUE,0,,Genesee,26049,Michigan,US,,,29.797768,48457,BUFFER,,,,FALSE,
2957,2957,550,BUFFER,INTERNAL,TRUE,FALSE,TRUE,0,,Genesee,26049,Michigan,US,,,1.121461,48420,BUFFER,,,,FALSE,
2958,2958,551,BUFFER,INTERNAL,TRUE,FALSE,TRUE,0,,Genesee,26049,Michigan,US,,,16.836048,48420,BUFFER,,,,FALSE,
2959,2959,557,BUFFER,INTERNAL,TRUE,FALSE,TRUE,0,,Genesee,26049,Michigan,US,,,12.778626,48433,BUFFER,,,,FALSE,
2960,2960,560,BUFFER,INTERNAL,TRUE,FALSE,TRUE,0,,Genesee,26049,Michigan,US,,,5.032264,48458,BUFFER,,,,FALSE,
2961,2961,561,BUFFER,INTERNAL,TRUE,FALSE,TRUE,0,,Genesee,26049,Michigan,US,,,2.212279,48458,BUFFER,,,,FALSE,
2962,2962,563,BUFFER,INTERNAL,TRUE,FALSE,TRUE,0,,Genesee,26049,Michigan,US,,,1.195071,48458,BUFFER,,,,FALSE,
2963,2963,564,BUFFER,INTERNAL,TRUE,FALSE,TRUE,0,,Genesee,26049,Michigan,US,,,9.367873,48458,BUFFER,,,,FALSE,
2964,2964,569,BUFFER,INTERNAL,TRUE,FALSE,TRUE,0,,Genesee,26049,Michigan,US,,,1.972503,48423,BUFFER,,,,FALSE,
2965,2965,571,BUFFER,INTERNAL,TRUE,FALSE,TRUE,0,,Genesee,26049,Michigan,US,,,14.891485,48423,BUFFER,,,,FALSE,
2966,2966,573,BUFFER,INTERNAL,TRUE,FALSE,TRUE,0,,Genesee,26049,Michigan,US,,,5.776371,48509,BUFFER,,,,FALSE,
2967,2967,575,BUFFER,INTERNAL,TRUE,FALSE,TRUE,0,,Genesee,26049,Michigan,US,,,2.486323,48519,BUFFER,,,,FALSE,
2968,2968,576,BUFFER,INTERNAL,TRUE,FALSE,TRUE,0,,Genesee,26049,Michigan,US,,,1.4598,48529,BUFFER,,,,FALSE,
2969,2969,577,BUFFER,INTERNAL,TRUE,FALSE,TRUE,0,,Genesee,26049,Michigan,US,,,1.536343,48529,BUFFER,,,,FALSE,
2970,2970,579,BUFFER,INTERNAL,TRUE,FALSE,TRUE,0,,Genesee,26049,Michigan,US,,,5.230776,48532,BUFFER,,,,FALSE,
2971,2971,581,BUFFER,INTERNAL,TRUE,FALSE,TRUE,0,,Genesee,26049,Michigan,US,,,2.668416,48532,BUFFER,,,,FALSE,
2972,2972,583,BUFFER,INTERNAL,TRUE,FALSE,TRUE,0,,Genesee,26049,Michigan,US,,,2.423007,48507,BUFFER,,,,FALSE,
2973,2973,585,BUFFER,INTERNAL,TRUE,FALSE,TRUE,0,,Genesee,26049,Michigan,US,,,4.067857,48473,BUFFER,,,,FALSE,
2974,2974,595,BUFFER,INTERNAL,TRUE,FALSE,TRUE,0,,Genesee,26049,Michigan,US,,,3.711358,48430,BUFFER,,,,FALSE,
2975,2975,597,BUFFER,INTERNAL,TRUE,FALSE,TRUE,0,,Genesee,26049,Michigan,US,,,36.245071,48436,BUFFER,,,,FALSE,
2976,2976,598,BUFFER,INTERNAL,TRUE,FALSE,TRUE,0,,Genesee,26049,Michigan,US,,,11.394084,48451,BUFFER,,,,FALSE,
2977,2977,599,BUFFER,INTERNAL,TRUE,FALSE,TRUE,0,,Genesee,26049,Michigan,US,,,7.187021,48430,BUFFER,,,,FALSE,
2978,2978,601,BUFFER,INTERNAL,TRUE,FALSE,TRUE,0,,Genesee,26049,Michigan,US,,,2.420161,48451,BUFFER,,,,FALSE,
2979,2979,748,BUFFER,INTERNAL,TRUE,FALSE,TRUE,0,,Ingham,26065,Michigan,US,,,1.648054,48906,BUFFER,,,,FALSE,
2980,2980,751,BUFFER,INTERNAL,TRUE,FALSE,TRUE,0,,Ingham,26065,Michigan,US,,,0.777254,48915,BUFFER,,,,FALSE,
2981,2981,753,BUFFER,INTERNAL,TRUE,FALSE,TRUE,0,,Ingham,26065,Michigan,US,,,0.582252,48915,BUFFER,,,,FALSE,
2982,2982,755,BUFFER,INTERNAL,TRUE,FALSE,TRUE,0,,Ingham,26065,Michigan,US,,,0.969355,48906,BUFFER,,,,FALSE,
2983,2983,756,BUFFER,INTERNAL,TRUE,FALSE,TRUE,0,,Ingham,26065,Michigan,US,,,0.57221,48912,BUFFER,,,,FALSE,
2984,2984,758,BUFFER,INTERNAL,TRUE,FALSE,TRUE,0,,Ingham,26065,Michigan,US,,,0.428311,48912,BUFFER,,,,FALSE,
2985,2985,759,BUFFER,INTERNAL,TRUE,FALSE,TRUE,0,,Ingham,26065,Michigan,US,,,0.62722,48912,BUFFER,,,,FALSE,
2986,2986,760,BUFFER,INTERNAL,TRUE,FALSE,TRUE,0,,Ingham,26065,Michigan,US,,,1.483002,48911,BUFFER,,,,FALSE,
2987,2987,761,BUFFER,INTERNAL,TRUE,FALSE,TRUE,0,,Ingham,26065,Michigan,US,,,0.938871,48910,BUFFER,,,,FALSE,
2988,2988,762,BUFFER,INTERNAL,TRUE,FALSE,TRUE,0,,Ingham,26065,Michigan,US,,,0.668821,48910,BUFFER,,,,FALSE,
2989,2989,763,BUFFER,INTERNAL,TRUE,FALSE,TRUE,0,,Ingham,26065,Michigan,US,,,0.771781,48910,BUFFER,,,,FALSE,
2990,2990,764,BUFFER,INTERNAL,TRUE,FALSE,TRUE,0,,Ingham,26065,Michigan,US,,,0.610292,48911,BUFFER,,,,FALSE,
2991,2991,765,BUFFER,INTERNAL,TRUE,FALSE,TRUE,0,,Ingham,26065,Michigan,US,,,0.709128,48911,BUFFER,,,,FALSE,
2992,2992,766,BUFFER,INTERNAL,TRUE,FALSE,TRUE,0,,Ingham,26065,Michigan,US,,,1.511176,48910,BUFFER,,,,FALSE,
2993,2993,767,BUFFER,INTERNAL,TRUE,FALSE,TRUE,0,,Ingham,26065,Michigan,US,,,1.260103,48910,BUFFER,,,,FALSE,
2994,2994,768,BUFFER,INTERNAL,TRUE,FALSE,TRUE,0,,Ingham,26065,Michigan,US,,,0.824922,48910,BUFFER,,,,FALSE,
2995,2995,769,BUFFER,INTERNAL,TRUE,FALSE,TRUE,0,,Ingham,26065,Michigan,US,,,0.630837,48910,BUFFER,,,,FALSE,
2996,2996,770,BUFFER,INTERNAL,TRUE,FALSE,TRUE,0,,Ingham,26065,Michigan,US,,,3.614094,48910,BUFFER,,,,FALSE,
2997,2997,773,BUFFER,INTERNAL,TRUE,FALSE,TRUE,0,,Ingham,26065,Michigan,US,,,0.831602,48917,BUFFER,,,,FALSE,
2998,2998,774,BUFFER,INTERNAL,TRUE,FALSE,TRUE,0,,Ingham,26065,Michigan,US,,,1.74161,48917,BUFFER,,,,FALSE,
2999,2999,776,BUFFER,INTERNAL,TRUE,FALSE,TRUE,0,,Ingham,26065,Michigan,US,,,0.82433,48823,BUFFER,,,,FALSE,
3000,3000,777,BUFFER,INTERNAL,TRUE,FALSE,TRUE,0,,Ingham,26065,Michigan,US,,,1.552321,48823,BUFFER,,,,FALSE,
3001,3001,778,BUFFER,INTERNAL,TRUE,FALSE,TRUE,0,,Ingham,26065,Michigan,US,,,0.655447,48823,BUFFER,,,,FALSE,
3002,3002,779,BUFFER,INTERNAL,TRUE,FALSE,TRUE,0,,Ingham,26065,Michigan,US,,,0.573387,48823,BUFFER,,,,FALSE,
3003,3003,782,BUFFER,INTERNAL,TRUE,FALSE,TRUE,0,,Ingham,26065,Michigan,US,,,0.73832,48823,BUFFER,,,,FALSE,
3004,3004,783,BUFFER,INTERNAL,TRUE,FALSE,TRUE,0,,Ingham,26065,Michigan,US,,,0.359035,48825,BUFFER,,,,FALSE,
3005,3005,784,BUFFER,INTERNAL,TRUE,FALSE,TRUE,0,,Ingham,26065,Michigan,US,,,0.48125,48823,BUFFER,,,,FALSE,
3006,3006,785,BUFFER,INTERNAL,TRUE,FALSE,TRUE,0,,Ingham,26065,Michigan,US,,,0.567334,48823,BUFFER,,,,FALSE,
3007,3007,794,BUFFER,INTERNAL,TRUE,FALSE,TRUE,0,,Ingham,26065,Michigan,US,,,29.266203,48895,BUFFER,,,,FALSE,
3008,3008,797,BUFFER,INTERNAL,TRUE,FALSE,TRUE,0,,Ingham,26065,Michigan,US,,,36.001057,48895,BUFFER,,,,FALSE,
3009,3009,798,BUFFER,INTERNAL,TRUE,FALSE,TRUE,0,,Ingham,26065,Michigan,US,,,0.949454,48842,BUFFER,,,,FALSE,
3010,3010,799,BUFFER,INTERNAL,TRUE,FALSE,TRUE,0,,Ingham,26065,Michigan,US,,,1.497607,48842,BUFFER,,,,FALSE,
3011,3011,803,BUFFER,INTERNAL,TRUE,FALSE,TRUE,0,,Ingham,26065,Michigan,US,,,1.58041,48854,BUFFER,,,,FALSE,
3012,3012,807,BUFFER,INTERNAL,TRUE,FALSE,TRUE,0,,Ingham,26065,Michigan,US,,,36.415798,48892,BUFFER,,,,FALSE,
3013,3013,808,BUFFER,INTERNAL,TRUE,FALSE,TRUE,0,,Ingham,26065,Michigan,US,,,1.141617,49251,BUFFER,,,,FALSE,
3014,3014,810,BUFFER,INTERNAL,TRUE,FALSE,TRUE,0,,Ingham,26065,Michigan,US,,,36.412724,48854,BUFFER,,,,FALSE,
3015,3015,811,BUFFER,INTERNAL,TRUE,FALSE,TRUE,0,,Ingham,26065,Michigan,US,,,36.435078,49264,BUFFER,,,,FALSE,
3016,3016,812,BUFFER,INTERNAL,TRUE,FALSE,TRUE,0,,Ingham,26065,Michigan,US,,,1.515796,49285,BUFFER,,,,FALSE,
3017,3017,814,BUFFER,INTERNAL,TRUE,FALSE,TRUE,0,,Ingham,26065,Michigan,US,,,32.869606,49285,BUFFER,,,,FALSE,
3018,3018,893,BUFFER,INTERNAL,TRUE,FALSE,TRUE,0,,Jackson,26075,Michigan,US,,,0.56732,49202,BUFFER,,,,FALSE,
3019,3019,894,BUFFER,INTERNAL,TRUE,FALSE,TRUE,0,,Jackson,26075,Michigan,US,,,1.146539,49202,BUFFER,,,,FALSE,
3020,3020,898,BUFFER,INTERNAL,TRUE,FALSE,TRUE,0,,Jackson,26075,Michigan,US,,,0.326805,49203,BUFFER,,,,FALSE,
3021,3021,901,BUFFER,INTERNAL,TRUE,FALSE,TRUE,0,,Jackson,26075,Michigan,US,,,36.322571,49284,BUFFER,,,,FALSE,
3022,3022,908,BUFFER,INTERNAL,TRUE,FALSE,TRUE,0,,Jackson,26075,Michigan,US,,,2.69005,49201,BUFFER,,,,FALSE,
3023,3023,918,BUFFER,INTERNAL,TRUE,FALSE,TRUE,0,,Jackson,26075,Michigan,US,,,23.732193,49283,BUFFER,,,,FALSE,
3024,3024,919,BUFFER,INTERNAL,TRUE,FALSE,TRUE,0,,Jackson,26075,Michigan,US,,,11.963106,49201,BUFFER,,,,FALSE,
3025,3025,920,BUFFER,INTERNAL,TRUE,FALSE,TRUE,0,,Jackson,26075,Michigan,US,,,36.620106,49241,BUFFER,,,,FALSE,
3026,3026,922,BUFFER,INTERNAL,TRUE,FALSE,TRUE,0,,Jackson,26075,Michigan,US,,,15.04523,49201,BUFFER,,,,FALSE,
3027,3027,924,BUFFER,INTERNAL,TRUE,FALSE,TRUE,0,,Jackson,26075,Michigan,US,,,0.738916,49203,BUFFER,,,,FALSE,
3028,3028,925,BUFFER,INTERNAL,TRUE,FALSE,TRUE,0,,Jackson,26075,Michigan,US,,,6.096077,49203,BUFFER,,,,FALSE,
3029,3029,926,BUFFER,INTERNAL,TRUE,FALSE,TRUE,0,,Jackson,26075,Michigan,US,,,18.174467,49230,BUFFER,,,,FALSE,
3030,3030,928,BUFFER,INTERNAL,TRUE,FALSE,TRUE,0,,Jackson,26075,Michigan,US,,,35.561588,49234,BUFFER,,,,FALSE,
3031,3031,929,BUFFER,INTERNAL,TRUE,FALSE,TRUE,0,,Jackson,26075,Michigan,US,,,16.254562,49201,BUFFER,,,,FALSE,
3032,3032,930,BUFFER,INTERNAL,TRUE,FALSE,TRUE,0,,Jackson,26075,Michigan,US,,,15.108225,49201,BUFFER,,,,FALSE,
3033,3033,1157,BUFFER,INTERNAL,TRUE,FALSE,TRUE,0,,Lenawee,26091,Michigan,US,,,47.554684,49256,BUFFER,,,,FALSE,
3034,3034,1867,BUFFER,INTERNAL,TRUE,FALSE,TRUE,0,,Sanilac,26151,Michigan,US,,,35.418571,48426,BUFFER,,,,FALSE,
3035,3035,1870,BUFFER,INTERNAL,TRUE,FALSE,TRUE,0,,Sanilac,26151,Michigan,US,,,36.259605,48472,BUFFER,,,,FALSE,
3036,3036,1872,BUFFER,INTERNAL,TRUE,FALSE,TRUE,0,,Sanilac,26151,Michigan,US,,,36.240177,48472,BUFFER,,,,FALSE,
3037,3037,1874,BUFFER,INTERNAL,TRUE,FALSE,TRUE,0,,Sanilac,26151,Michigan,US,,,36.053261,48456,BUFFER,,,,FALSE,
3038,3038,1875,BUFFER,INTERNAL,TRUE,FALSE,TRUE,0,,Sanilac,26151,Michigan,US,,,36.332146,48427,BUFFER,,,,FALSE,
3039,3039,1879,BUFFER,INTERNAL,TRUE,FALSE,TRUE,0,,Sanilac,26151,Michigan,US,,,35.274361,48471,BUFFER,,,,FALSE,
3040,3040,1880,BUFFER,INTERNAL,TRUE,FALSE,TRUE,0,,Sanilac,26151,Michigan,US,,,1.643459,48453,BUFFER,,,,FALSE,
3041,3041,1882,BUFFER,INTERNAL,TRUE,FALSE,TRUE,0,,Sanilac,26151,Michigan,US,,,36.267059,48471,BUFFER,,,,FALSE,
3042,3042,1885,BUFFER,INTERNAL,TRUE,FALSE,TRUE,0,,Sanilac,26151,Michigan,US,,,37.584942,48422,BUFFER,,,,FALSE,
3043,3043,1887,BUFFER,INTERNAL,TRUE,FALSE,TRUE,0,,Sanilac,26151,Michigan,US,,,1.100307,48416,BUFFER,,,,FALSE,
3044,3044,1888,BUFFER,INTERNAL,TRUE,FALSE,TRUE,0,,Sanilac,26151,Michigan,US,,,35.779797,48416,BUFFER,,,,FALSE,
3045,3045,1891,BUFFER,INTERNAL,TRUE,FALSE,TRUE,0,,Sanilac,26151,Michigan,US,,,34.955376,48422,BUFFER,,,,FALSE,
3046,3046,1906,BUFFER,INTERNAL,TRUE,FALSE,TRUE,0,,Shiawassee,26155,Michigan,US,,,0.41689,48867,BUFFER,,,,FALSE,
3047,3047,1910,BUFFER,INTERNAL,TRUE,FALSE,TRUE,0,,Shiawassee,26155,Michigan,US,,,24.795351,48866,BUFFER,,,,FALSE,
3048,3048,1918,BUFFER,INTERNAL,TRUE,FALSE,TRUE,0,,Shiawassee,26155,Michigan,US,,,1.736826,48848,BUFFER,,,,FALSE,
3049,3049,1919,BUFFER,INTERNAL,TRUE,FALSE,TRUE,0,,Shiawassee,26155,Michigan,US,,,20.324144,48848,BUFFER,,,,FALSE,
3050,3050,1140003,BUFFER,INTERNAL,TRUE,FALSE,TRUE,0,,Lapeer,26087,Michigan,US,,,7.624966,48461,BUFFER,,,,FALSE,
3051,3051,4030001,BUFFER,INTERNAL,TRUE,FALSE,TRUE,0,,Clinton,26037,Michigan,US,,,13.850481,48879,BUFFER,,,,FALSE,
3052,3052,4030002,BUFFER,INTERNAL,TRUE,FALSE,TRUE,0,,Clinton,26037,Michigan,US,,,18.482887,48879,BUFFER,,,,FALSE,
3053,3053,4040001,BUFFER,INTERNAL,TRUE,FALSE,TRUE,0,,Clinton,26037,Michigan,US,,,17.395596,48831,BUFFER,,,,FALSE,
3054,3054,4040002,BUFFER,INTERNAL,TRUE,FALSE,TRUE,0,,Clinton,26037,Michigan,US,,,17.962605,48831,BUFFER,,,,FALSE,
3055,3055,4090001,BUFFER,INTERNAL,TRUE,FALSE,TRUE,0,,Clinton,26037,Michigan,US,,,25.429798,48820,BUFFER,,,,FALSE,
3056,3056,4090002,BUFFER,INTERNAL,TRUE,FALSE,TRUE,0,,Clinton,26037,Michigan,US,,,10.331968,48879,BUFFER,,,,FALSE,
3057,3057,4100001,BUFFER,INTERNAL,TRUE,FALSE,TRUE,0,,Clinton,26037,Michigan,US,,,24.005871,48820,BUFFER,,,,FALSE,
3058,3058,4100002,BUFFER,INTERNAL,TRUE,FALSE,TRUE,0,,Clinton,26037,Michigan,US,,,11.65559,48906,BUFFER,,,,FALSE,
3059,3059,4120001,BUFFER,INTERNAL,TRUE,FALSE,TRUE,0,,Clinton,26037,Michigan,US,,,18.951672,48822,BUFFER,,,,FALSE,
3060,3060,4120002,BUFFER,INTERNAL,TRUE,FALSE,TRUE,0,,Clinton,26037,Michigan,US,,,16.690989,48837,BUFFER,,,,FALSE,
3061,3061,4140001,BUFFER,INTERNAL,TRUE,FALSE,TRUE,0,,Clinton,26037,Michigan,US,,,3.82331,48906,BUFFER,,,,FALSE,
3062,3062,4140002,BUFFER,INTERNAL,TRUE,FALSE,TRUE,0,,Clinton,26037,Michigan,US,,,12.427091,48820,BUFFER,,,,FALSE,
3063,3063,4140003,BUFFER,INTERNAL,TRUE,FALSE,TRUE,0,,Clinton,26037,Michigan,US,,,1.480445,48820,BUFFER,,,,FALSE,
3064,3064,4140004,BUFFER,INTERNAL,TRUE,FALSE,TRUE,0,,Clinton,26037,Michigan,US,,,1.166465,48820,BUFFER,,,,FALSE,
3065,3065,4150001,BUFFER,INTERNAL,TRUE,FALSE,TRUE,0,,Clinton,26037,Michigan,US,,,6.996815,48906,BUFFER,,,,FALSE,
3066,3066,4150002,BUFFER,INTERNAL,TRUE,FALSE,TRUE,0,,Clinton,26037,Michigan,US,,,5.142483,48906,BUFFER,,,,FALSE,
3067,3067,4160001,BUFFER,INTERNAL,TRUE,FALSE,TRUE,0,,Clinton,26037,Michigan,US,,,1.639379,48823,BUFFER,,,,FALSE,
3068,3068,4160002,BUFFER,INTERNAL,TRUE,FALSE,TRUE,0,,Clinton,26037,Michigan,US,,,1.901984,48823,BUFFER,,,,FALSE,
3069,3069,4170001,BUFFER,INTERNAL,TRUE,FALSE,TRUE,0,,Clinton,26037,Michigan,US,,,3.985001,48808,BUFFER,,,,FALSE,
3070,3070,4170002,BUFFER,INTERNAL,TRUE,FALSE,TRUE,0,,Clinton,26037,Michigan,US,,,4.46201,48823,BUFFER,,,,FALSE,
3071,3071,4170003,BUFFER,INTERNAL,TRUE,FALSE,TRUE,0,,Clinton,26037,Michigan,US,,,0.443642,48823,BUFFER,,,,FALSE,
3072,3072,4170004,BUFFER,INTERNAL,TRUE,FALSE,TRUE,0,,Clinton,26037,Michigan,US,,,0.429614,48823,BUFFER,,,,FALSE,
3073,3073,4640001,BUFFER,INTERNAL,TRUE,FALSE,TRUE,0,,Eaton,26045,Michigan,US,,,1.09217,48813,BUFFER,,,,FALSE,
3074,3074,4640002,BUFFER,INTERNAL,TRUE,FALSE,TRUE,0,,Eaton,26045,Michigan,US,,,2.431491,48813,BUFFER,,,,FALSE,
3075,3075,4640003,BUFFER,INTERNAL,TRUE,FALSE,TRUE,0,,Eaton,26045,Michigan,US,,,0.13687,48813,BUFFER,,,,FALSE,
3076,3076,4670001,BUFFER,INTERNAL,TRUE,FALSE,TRUE,0,,Eaton,26045,Michigan,US,,,19.878639,49096,BUFFER,,,,FALSE,
3077,3077,4670002,BUFFER,INTERNAL,TRUE,FALSE,TRUE,0,,Eaton,26045,Michigan,US,,,16.543022,48890,BUFFER,,,,FALSE,
3078,3078,4710001,BUFFER,INTERNAL,TRUE,FALSE,TRUE,0,,Eaton,26045,Michigan,US,,,0.763434,48837,BUFFER,,,,FALSE,
3079,3079,4710002,BUFFER,INTERNAL,TRUE,FALSE,TRUE,0,,Eaton,26045,Michigan,US,,,1.381079,48837,BUFFER,,,,FALSE,
3080,3080,4730001,BUFFER,INTERNAL,TRUE,FALSE,TRUE,0,,Eaton,26045,Michigan,US,,,15.608061,48837,BUFFER,,,,FALSE,
3081,3081,4730002,BUFFER,INTERNAL,TRUE,FALSE,TRUE,0,,Eaton,26045,Michigan,US,,,1.968414,48917,BUFFER,,,,FALSE,
3082,3082,4730003,BUFFER,INTERNAL,TRUE,FALSE,TRUE,0,,Eaton,26045,Michigan,US,,,3.531416,48917,BUFFER,,,,FALSE,
3083,3083,4730004,BUFFER,INTERNAL,TRUE,FALSE,TRUE,0,,Eaton,26045,Michigan,US,,,2.30084,48917,BUFFER,,,,FALSE,
3084,3084,4760001,BUFFER,INTERNAL,TRUE,FALSE,TRUE,0,,Eaton,26045,Michigan,US,,,1.277279,48917,BUFFER,,,,FALSE,
3085,3085,4760002,BUFFER,INTERNAL,TRUE,FALSE,TRUE,0,,Eaton,26045,Michigan,US,,,2.767053,48917,BUFFER,,,,FALSE,
3086,3086,4760003,BUFFER,INTERNAL,TRUE,FALSE,TRUE,0,,Eaton,26045,Michigan,US,,,1.950374,48917,BUFFER,,,,FALSE,
3087,3087,4770001,BUFFER,INTERNAL,TRUE,FALSE,TRUE,0,,Eaton,26045,Michigan,US,,,20.559351,48821,BUFFER,,,,FALSE,
3088,3088,4770002,BUFFER,INTERNAL,TRUE,FALSE,TRUE,0,,Eaton,26045,Michigan,US,,,14.841313,48821,BUFFER,,,,FALSE,
3089,3089,4790001,BUFFER,INTERNAL,TRUE,FALSE,TRUE,0,,Eaton,26045,Michigan,US,,,16.299467,49021,BUFFER,,,,FALSE,
3090,3090,4790002,BUFFER,INTERNAL,TRUE,FALSE,TRUE,0,,Eaton,26045,Michigan,US,,,19.189703,49021,BUFFER,,,,FALSE,
3091,3091,4830001,BUFFER,INTERNAL,TRUE,FALSE,TRUE,0,,Eaton,26045,Michigan,US,,,11.518034,48813,BUFFER,,,,FALSE,
3092,3092,4830002,BUFFER,INTERNAL,TRUE,FALSE,TRUE,0,,Eaton,26045,Michigan,US,,,22.497082,48813,BUFFER,,,,FALSE,
3093,3093,4840001,BUFFER,INTERNAL,TRUE,FALSE,TRUE,0,,Eaton,26045,Michigan,US,,,21.09482,49076,BUFFER,,,,FALSE,
3094,3094,4840002,BUFFER,INTERNAL,TRUE,FALSE,TRUE,0,,Eaton,26045,Michigan,US,,,14.317149,49076,BUFFER,,,,FALSE,
3095,3095,4850001,BUFFER,INTERNAL,TRUE,FALSE,TRUE,0,,Eaton,26045,Michigan,US,,,2.490898,48813,BUFFER,,,,FALSE,
3096,3096,4850002,BUFFER,INTERNAL,TRUE,FALSE,TRUE,0,,Eaton,26045,Michigan,US,,,29.635147,48813,BUFFER,,,,FALSE,
3097,3097,4860001,BUFFER,INTERNAL,TRUE,FALSE,TRUE,0,,Eaton,26045,Michigan,US,,,0.574894,48876,BUFFER,,,,FALSE,
3098,3098,4860002,BUFFER,INTERNAL,TRUE,FALSE,TRUE,0,,Eaton,26045,Michigan,US,,,1.27365,48876,BUFFER,,,,FALSE,
3099,3099,4870001,BUFFER,INTERNAL,TRUE,FALSE,TRUE,0,,Eaton,26045,Michigan,US,,,11.441505,48813,BUFFER,,,,FALSE,
3100,3100,4870002,BUFFER,INTERNAL,TRUE,FALSE,TRUE,0,,Eaton,26045,Michigan,US,,,22.102327,48813,BUFFER,,,,FALSE,
3101,3101,4890001,BUFFER,INTERNAL,TRUE,FALSE,TRUE,0,,Eaton,26045,Michigan,US,,,1.202813,48827,BUFFER,,,,FALSE,
3102,3102,4890002,BUFFER,INTERNAL,TRUE,FALSE,TRUE,0,,Eaton,26045,Michigan,US,,,2.295381,48827,BUFFER,,,,FALSE,
3103,3103,4900001,BUFFER,INTERNAL,TRUE,FALSE,TRUE,0,,Eaton,26045,Michigan,US,,,16.90173,48827,BUFFER,,,,FALSE,
3104,3104,4900002,BUFFER,INTERNAL,TRUE,FALSE,TRUE,0,,Eaton,26045,Michigan,US,,,17.425148,48827,BUFFER,,,,FALSE,
3105,3105,5120001,BUFFER,INTERNAL,TRUE,FALSE,TRUE,0,,Genesee,26049,Michigan,US,,,0.259598,48502,BUFFER,,,,FALSE,
3106,3106,5120002,BUFFER,INTERNAL,TRUE,FALSE,TRUE,0,,Genesee,26049,Michigan,US,,,0.387832,48503,BUFFER,,,,FALSE,
3107,3107,5150001,BUFFER,INTERNAL,TRUE,FALSE,TRUE,0,,Genesee,26049,Michigan,US,,,0.518428,48505,BUFFER,,,,FALSE,
3108,3108,5150002,BUFFER,INTERNAL,TRUE,FALSE,TRUE,0,,Genesee,26049,Michigan,US,,,0.338358,48505,BUFFER,,,,FALSE,
3109,3109,5170002,BUFFER,INTERNAL,TRUE,FALSE,TRUE,0,,Genesee,26049,Michigan,US,,,0.992429,48506,BUFFER,,,,FALSE,
3110,3110,5270001,BUFFER,INTERNAL,TRUE,FALSE,TRUE,0,,Genesee,26049,Michigan,US,,,0.321506,48506,BUFFER,,,,FALSE,
3111,3111,5270002,BUFFER,INTERNAL,TRUE,FALSE,TRUE,0,,Genesee,26049,Michigan,US,,,0.665813,48506,BUFFER,,,,FALSE,
3112,3112,5290001,BUFFER,INTERNAL,TRUE,FALSE,TRUE,0,,Genesee,26049,Michigan,US,,,1.191376,48506,BUFFER,,,,FALSE,
3113,3113,5290002,BUFFER,INTERNAL,TRUE,FALSE,TRUE,0,,Genesee,26049,Michigan,US,,,1.048211,48506,BUFFER,,,,FALSE,
3114,3114,5290003,BUFFER,INTERNAL,TRUE,FALSE,TRUE,0,,Genesee,26049,Michigan,US,,,0.330782,48506,BUFFER,,,,FALSE,
3115,3115,5320001,BUFFER,INTERNAL,TRUE,FALSE,TRUE,0,,Genesee,26049,Michigan,US,,,0.81908,48503,BUFFER,,,,FALSE,
3116,3116,5320002,BUFFER,INTERNAL,TRUE,FALSE,TRUE,0,,Genesee,26049,Michigan,US,,,0.640499,48504,BUFFER,,,,FALSE,
3117,3117,5360001,BUFFER,INTERNAL,TRUE,FALSE,TRUE,0,,Genesee,26049,Michigan,US,,,0.248144,48503,BUFFER,,,,FALSE,
3118,3118,5360002,BUFFER,INTERNAL,TRUE,FALSE,TRUE,0,,Genesee,26049,Michigan,US,,,0.26267,48503,BUFFER,,,,FALSE,
3119,3119,5400001,BUFFER,INTERNAL,TRUE,FALSE,TRUE,0,,Genesee,26049,Michigan,US,,,0.26776,48507,BUFFER,,,,FALSE,
3120,3120,5400002,BUFFER,INTERNAL,TRUE,FALSE,TRUE,0,,Genesee,26049,Michigan,US,,,0.630046,48503,BUFFER,,,,FALSE,
3121,3121,5430001,BUFFER,INTERNAL,TRUE,FALSE,TRUE,0,,Genesee,26049,Michigan,US,,,0.68609,48503,BUFFER,,,,FALSE,
3122,3122,5430002,BUFFER,INTERNAL,TRUE,FALSE,TRUE,0,,Genesee,26049,Michigan,US,,,1.137605,48503,BUFFER,,,,FALSE,
3123,3123,5440001,BUFFER,INTERNAL,TRUE,FALSE,TRUE,0,,Genesee,26049,Michigan,US,,,2.486947,48507,BUFFER,,,,FALSE,
3124,3124,5440002,BUFFER,INTERNAL,TRUE,FALSE,TRUE,0,,Genesee,26049,Michigan,US,,,1.406607,48507,BUFFER,,,,FALSE,
3125,3125,5520001,BUFFER,INTERNAL,TRUE,FALSE,TRUE,0,,Genesee,26049,Michigan,US,,,7.771693,48420,BUFFER,,,,FALSE,
3126,3126,5520002,BUFFER,INTERNAL,TRUE,FALSE,TRUE,0,,Genesee,26049,Michigan,US,,,4.453479,48420,BUFFER,,,,FALSE,
3127,3127,5530001,BUFFER,INTERNAL,TRUE,FALSE,TRUE,0,,Genesee,26049,Michigan,US,,,17.701965,48463,BUFFER,,,,FALSE,
3128,3128,5530002,BUFFER,INTERNAL,TRUE,FALSE,TRUE,0,,Genesee,26049,Michigan,US,,,18.388275,48463,BUFFER,,,,FALSE,
3129,3129,5540001,BUFFER,INTERNAL,TRUE,FALSE,TRUE,0,,Genesee,26049,Michigan,US,,,17.557547,48420,BUFFER,,,,FALSE,
3130,3130,5540002,BUFFER,INTERNAL,TRUE,FALSE,TRUE,0,,Genesee,26049,Michigan,US,,,17.04126,48420,BUFFER,,,,FALSE,
3131,3131,5550001,BUFFER,INTERNAL,TRUE,FALSE,TRUE,0,,Genesee,26049,Michigan,US,,,1.294746,48433,BUFFER,,,,FALSE,
3132,3132,5550002,BUFFER,INTERNAL,TRUE,FALSE,TRUE,0,,Genesee,26049,Michigan,US,,,2.449839,48433,BUFFER,,,,FALSE,
3133,3133,5560001,BUFFER,INTERNAL,TRUE,FALSE,TRUE,0,,Genesee,26049,Michigan,US,,,10.991739,48433,BUFFER,,,,FALSE,
3134,3134,5560002,BUFFER,INTERNAL,TRUE,FALSE,TRUE,0,,Genesee,26049,Michigan,US,,,12.687655,48433,BUFFER,,,,FALSE,
3135,3135,5580001,BUFFER,INTERNAL,TRUE,FALSE,TRUE,0,,Genesee,26049,Michigan,US,,,7.408917,48458,BUFFER,,,,FALSE,
3136,3136,5580002,BUFFER,INTERNAL,TRUE,FALSE,TRUE,0,,Genesee,26049,Michigan,US,,,12.404418,48458,BUFFER,,,,FALSE,
3137,3137,5590001,BUFFER,INTERNAL,TRUE,FALSE,TRUE,0,,Genesee,26049,Michigan,US,,,5.800263,48433,BUFFER,,,,FALSE,
3138,3138,5590002,BUFFER,INTERNAL,TRUE,FALSE,TRUE,0,,Genesee,26049,Michigan,US,,,2.767241,48504,BUFFER,,,,FALSE,
3139,3139,5620001,BUFFER,INTERNAL,TRUE,FALSE,TRUE,0,,Genesee,26049,Michigan,US,,,0.621749,48505,BUFFER,,,,FALSE,
3140,3140,5620002,BUFFER,INTERNAL,TRUE,FALSE,TRUE,0,,Genesee,26049,Michigan,US,,,1.285964,48505,BUFFER,,,,FALSE,
3141,3141,5650001,BUFFER,INTERNAL,TRUE,FALSE,TRUE,0,,Genesee,26049,Michigan,US,,,3.841367,48505,BUFFER,,,,FALSE,
3142,3142,5650002,BUFFER,INTERNAL,TRUE,FALSE,TRUE,0,,Genesee,26049,Michigan,US,,,3.459161,48458,BUFFER,,,,FALSE,
3143,3143,5660001,BUFFER,INTERNAL,TRUE,FALSE,TRUE,0,,Genesee,26049,Michigan,US,,,1.216487,48506,BUFFER,,,,FALSE,
3144,3144,5660002,BUFFER,INTERNAL,TRUE,FALSE,TRUE,0,,Genesee,26049,Michigan,US,,,4.481465,48506,BUFFER,,,,FALSE,
3145,3145,5670001,BUFFER,INTERNAL,TRUE,FALSE,TRUE,0,,Genesee,26049,Michigan,US,,,3.992703,48506,BUFFER,,,,FALSE,
3146,3146,5670002,BUFFER,INTERNAL,TRUE,FALSE,TRUE,0,,Genesee,26049,Michigan,US,,,4.365166,48506,BUFFER,,,,FALSE,
3147,3147,5680001,BUFFER,INTERNAL,TRUE,FALSE,TRUE,0,,Genesee,26049,Michigan,US,,,18.046385,48423,BUFFER,,,,FALSE,
3148,3148,5680002,BUFFER,INTERNAL,TRUE,FALSE,TRUE,0,,Genesee,26049,Michigan,US,,,18.254787,48423,BUFFER,,,,FALSE,
3149,3149,5700001,BUFFER,INTERNAL,TRUE,FALSE,TRUE,0,,Genesee,26049,Michigan,US,,,5.823622,48423,BUFFER,,,,FALSE,
3150,3150,5700002,BUFFER,INTERNAL,TRUE,FALSE,TRUE,0,,Genesee,26049,Michigan,US,,,8.499959,48423,BUFFER,,,,FALSE,
3151,3151,5700003,BUFFER,INTERNAL,TRUE,FALSE,TRUE,0,,Genesee,26049,Michigan,US,,,4.359301,48423,BUFFER,,,,FALSE,
3152,3152,5720001,BUFFER,INTERNAL,TRUE,FALSE,TRUE,0,,Genesee,26049,Michigan,US,,,3.982185,48519,BUFFER,,,,FALSE,
3153,3153,5720002,BUFFER,INTERNAL,TRUE,FALSE,TRUE,0,,Genesee,26049,Michigan,US,,,3.96926,48529,BUFFER,,,,FALSE,
3154,3154,5740001,BUFFER,INTERNAL,TRUE,FALSE,TRUE,0,,Genesee,26049,Michigan,US,,,2.076223,48509,BUFFER,,,,FALSE,
3155,3155,5740002,BUFFER,INTERNAL,TRUE,FALSE,TRUE,0,,Genesee,26049,Michigan,US,,,2.095959,48509,BUFFER,,,,FALSE,
3156,3156,5780001,BUFFER,INTERNAL,TRUE,FALSE,TRUE,0,,Genesee,26049,Michigan,US,,,3.203737,48473,BUFFER,,,,FALSE,
3157,3157,5780002,BUFFER,INTERNAL,TRUE,FALSE,TRUE,0,,Genesee,26049,Michigan,US,,,1.727793,48473,BUFFER,,,,FALSE,
3158,3158,5800001,BUFFER,INTERNAL,TRUE,FALSE,TRUE,0,,Genesee,26049,Michigan,US,,,1.284112,48504,BUFFER,,,,FALSE,
3159,3159,5800002,BUFFER,INTERNAL,TRUE,FALSE,TRUE,0,,Genesee,26049,Michigan,US,,,1.404373,48504,BUFFER,,,,FALSE,
3160,3160,5820001,BUFFER,INTERNAL,TRUE,FALSE,TRUE,0,,Genesee,26049,Michigan,US,,,2.438206,48532,BUFFER,,,,FALSE,
3161,3161,5820003,BUFFER,INTERNAL,TRUE,FALSE,TRUE,0,,Genesee,26049,Michigan,US,,,0.582699,48532,BUFFER,,,,FALSE,
3162,3162,5820004,BUFFER,INTERNAL,TRUE,FALSE,TRUE,0,,Genesee,26049,Michigan,US,,,2.447661,48507,BUFFER,,,,FALSE,
3163,3163,5840001,BUFFER,INTERNAL,TRUE,FALSE,TRUE,0,,Genesee,26049,Michigan,US,,,16.085995,48473,BUFFER,,,,FALSE,
3164,3164,5840002,BUFFER,INTERNAL,TRUE,FALSE,TRUE,0,,Genesee,26049,Michigan,US,,,18.01309,48433,BUFFER,,,,FALSE,
3165,3165,5860001,BUFFER,INTERNAL,TRUE,FALSE,TRUE,0,,Genesee,26049,Michigan,US,,,11.652604,48473,BUFFER,,,,FALSE,
3166,3166,5860002,BUFFER,INTERNAL,TRUE,FALSE,TRUE,0,,Genesee,26049,Michigan,US,,,18.316029,48473,BUFFER,,,,FALSE,
3167,3167,5870001,BUFFER,INTERNAL,TRUE,FALSE,TRUE,0,,Genesee,26049,Michigan,US,,,2.146724,48507,BUFFER,,,,FALSE,
3168,3168,5870002,BUFFER,INTERNAL,TRUE,FALSE,TRUE,0,,Genesee,26049,Michigan,US,,,4.091958,48507,BUFFER,,,,FALSE,
3169,3169,5880001,BUFFER,INTERNAL,TRUE,FALSE,TRUE,0,,Genesee,26049,Michigan,US,,,18.063892,48436,BUFFER,,,,FALSE,
3170,3170,5880002,BUFFER,INTERNAL,TRUE,FALSE,TRUE,0,,Genesee,26049,Michigan,US,,,17.106625,48473,BUFFER,,,,FALSE,
3171,3171,5890001,BUFFER,INTERNAL,TRUE,FALSE,TRUE,0,,Genesee,26049,Michigan,US,,,1.02329,48439,BUFFER,,,,FALSE,
3172,3172,5890002,BUFFER,INTERNAL,TRUE,FALSE,TRUE,0,,Genesee,26049,Michigan,US,,,2.716969,48439,BUFFER,,,,FALSE,
3173,3173,5900001,BUFFER,INTERNAL,TRUE,FALSE,TRUE,0,,Genesee,26049,Michigan,US,,,2.583574,48507,BUFFER,,,,FALSE,
3174,3174,5900002,BUFFER,INTERNAL,TRUE,FALSE,TRUE,0,,Genesee,26049,Michigan,US,,,1.17975,48439,BUFFER,,,,FALSE,
3175,3175,5900003,BUFFER,INTERNAL,TRUE,FALSE,TRUE,0,,Genesee,26049,Michigan,US,,,3.833921,48439,BUFFER,,,,FALSE,
3176,3176,5910001,BUFFER,INTERNAL,TRUE,FALSE,TRUE,0,,Genesee,26049,Michigan,US,,,3.864666,48439,BUFFER,,,,FALSE,
3177,3177,5910002,BUFFER,INTERNAL,TRUE,FALSE,TRUE,0,,Genesee,26049,Michigan,US,,,1.208356,48439,BUFFER,,,,FALSE,
3178,3178,5920001,BUFFER,INTERNAL,TRUE,FALSE,TRUE,0,,Genesee,26049,Michigan,US,,,3.018918,48439,BUFFER,,,,FALSE,
3179,3179,5920002,BUFFER,INTERNAL,TRUE,FALSE,TRUE,0,,Genesee,26049,Michigan,US,,,1.978906,48439,BUFFER,,,,FALSE,
3180,3180,5930001,BUFFER,INTERNAL,TRUE,FALSE,TRUE,0,,Genesee,26049,Michigan,US,,,8.580227,48439,BUFFER,,,,FALSE,
3181,3181,5930002,BUFFER,INTERNAL,TRUE,FALSE,TRUE,0,,Genesee,26049,Michigan,US,,,6.605826,48439,BUFFER,,,,FALSE,
3182,3182,5940001,BUFFER,INTERNAL,TRUE,FALSE,TRUE,0,,Genesee,26049,Michigan,US,,,12.739999,48438,BUFFER,,,,FALSE,
3183,3183,5940002,BUFFER,INTERNAL,TRUE,FALSE,TRUE,0,,Genesee,26049,Michigan,US,,,23.129751,48438,BUFFER,,,,FALSE,
3184,3184,5960001,BUFFER,INTERNAL,TRUE,FALSE,TRUE,0,,Genesee,26049,Michigan,US,,,1.783324,48430,BUFFER,,,,FALSE,
3185,3185,5960002,BUFFER,INTERNAL,TRUE,FALSE,TRUE,0,,Genesee,26049,Michigan,US,,,0.507684,48430,BUFFER,,,,FALSE,
3186,3186,5960003,BUFFER,INTERNAL,TRUE,FALSE,TRUE,0,,Genesee,26049,Michigan,US,,,0.994678,48430,BUFFER,,,,FALSE,
3187,3187,6000001,BUFFER,INTERNAL,TRUE,FALSE,TRUE,0,,Genesee,26049,Michigan,US,,,2.522065,48430,BUFFER,,,,FALSE,
3188,3188,6000002,BUFFER,INTERNAL,TRUE,FALSE,TRUE,0,,Genesee,26049,Michigan,US,,,6.3595,48451,BUFFER,,,,FALSE,
3189,3189,7470001,BUFFER,INTERNAL,TRUE,FALSE,TRUE,0,,Ingham,26065,Michigan,US,,,0.117105,48933,BUFFER,,,,FALSE,
3190,3190,7470002,BUFFER,INTERNAL,TRUE,FALSE,TRUE,0,,Ingham,26065,Michigan,US,,,0.589774,48912,BUFFER,,,,FALSE,
3191,3191,7470003,BUFFER,INTERNAL,TRUE,FALSE,TRUE,0,,Ingham,26065,Michigan,US,,,0.213844,48933,BUFFER,,,,FALSE,
3192,3192,7470004,BUFFER,INTERNAL,TRUE,FALSE,TRUE,0,,Ingham,26065,Michigan,US,,,0.117445,48933,BUFFER,,,,FALSE,
3193,3193,7490001,BUFFER,INTERNAL,TRUE,FALSE,TRUE,0,,Ingham,26065,Michigan,US,,,0.59043,48906,BUFFER,,,,FALSE,
3194,3194,7490002,BUFFER,INTERNAL,TRUE,FALSE,TRUE,0,,Ingham,26065,Michigan,US,,,0.563671,48906,BUFFER,,,,FALSE,
3195,3195,7500001,BUFFER,INTERNAL,TRUE,FALSE,TRUE,0,,Ingham,26065,Michigan,US,,,0.640314,48906,BUFFER,,,,FALSE,
3196,3196,7500002,BUFFER,INTERNAL,TRUE,FALSE,TRUE,0,,Ingham,26065,Michigan,US,,,0.544563,48906,BUFFER,,,,FALSE,
3197,3197,7500003,BUFFER,INTERNAL,TRUE,FALSE,TRUE,0,,Ingham,26065,Michigan,US,,,0.174365,48906,BUFFER,,,,FALSE,
3198,3198,7500004,BUFFER,INTERNAL,TRUE,FALSE,TRUE,0,,Ingham,26065,Michigan,US,,,0.117601,48906,BUFFER,,,,FALSE,
3199,3199,7520001,BUFFER,INTERNAL,TRUE,FALSE,TRUE,0,,Ingham,26065,Michigan,US,,,0.344546,48933,BUFFER,,,,FALSE,
3200,3200,7520002,BUFFER,INTERNAL,TRUE,FALSE,TRUE,0,,Ingham,26065,Michigan,US,,,0.589361,48906,BUFFER,,,,FALSE,
3201,3201,7540001,BUFFER,INTERNAL,TRUE,FALSE,TRUE,0,,Ingham,26065,Michigan,US,,,0.400645,48915,BUFFER,,,,FALSE,
3202,3202,7540002,BUFFER,INTERNAL,TRUE,FALSE,TRUE,0,,Ingham,26065,Michigan,US,,,0.540595,48921,BUFFER,,,,FALSE,
3203,3203,7540003,BUFFER,INTERNAL,TRUE,FALSE,TRUE,0,,Ingham,26065,Michigan,US,,,0.241975,48915,BUFFER,,,,FALSE,
3204,3204,7570001,BUFFER,INTERNAL,TRUE,FALSE,TRUE,0,,Ingham,26065,Michigan,US,,,0.344294,48912,BUFFER,,,,FALSE,
3205,3205,7570002,BUFFER,INTERNAL,TRUE,FALSE,TRUE,0,,Ingham,26065,Michigan,US,,,0.616523,48912,BUFFER,,,,FALSE,
3206,3206,7710001,BUFFER,INTERNAL,TRUE,FALSE,TRUE,0,,Ingham,26065,Michigan,US,,,0.878139,48911,BUFFER,,,,FALSE,
3207,3207,7710002,BUFFER,INTERNAL,TRUE,FALSE,TRUE,0,,Ingham,26065,Michigan,US,,,1.949279,48911,BUFFER,,,,FALSE,
3208,3208,7720001,BUFFER,INTERNAL,TRUE,FALSE,TRUE,0,,Ingham,26065,Michigan,US,,,1.397704,48911,BUFFER,,,,FALSE,
3209,3209,7720002,BUFFER,INTERNAL,TRUE,FALSE,TRUE,0,,Ingham,26065,Michigan,US,,,2.107756,48911,BUFFER,,,,FALSE,
3210,3210,7720003,BUFFER,INTERNAL,TRUE,FALSE,TRUE,0,,Ingham,26065,Michigan,US,,,0.780869,48911,BUFFER,,,,FALSE,
3211,3211,7750001,BUFFER,INTERNAL,TRUE,FALSE,TRUE,0,,Ingham,26065,Michigan,US,,,0.695065,48912,BUFFER,,,,FALSE,
3212,3212,7750002,BUFFER,INTERNAL,TRUE,FALSE,TRUE,0,,Ingham,26065,Michigan,US,,,1.285909,48912,BUFFER,,,,FALSE,
3213,3213,7800001,BUFFER,INTERNAL,TRUE,FALSE,TRUE,0,,Ingham,26065,Michigan,US,,,0.640095,48823,BUFFER,,,,FALSE,
3214,3214,7800002,BUFFER,INTERNAL,TRUE,FALSE,TRUE,0,,Ingham,26065,Michigan,US,,,0.655389,48823,BUFFER,,,,FALSE,
3215,3215,7810001,BUFFER,INTERNAL,TRUE,FALSE,TRUE,0,,Ingham,26065,Michigan,US,,,0.190739,48823,BUFFER,,,,FALSE,
3216,3216,7810002,BUFFER,INTERNAL,TRUE,FALSE,TRUE,0,,Ingham,26065,Michigan,US,,,0.165881,48823,BUFFER,,,,FALSE,
3217,3217,7860001,BUFFER,INTERNAL,TRUE,FALSE,TRUE,0,,Ingham,26065,Michigan,US,,,0.626195,48825,BUFFER,,,,FALSE,
3218,3218,7860002,BUFFER,INTERNAL,TRUE,FALSE,TRUE,0,,Ingham,26065,Michigan,US,,,1.499632,48910,BUFFER,,,,FALSE,
3219,3219,7860003,BUFFER,INTERNAL,TRUE,FALSE,TRUE,0,,Ingham,26065,Michigan,US,,,0.915002,48823,BUFFER,,,,FALSE,
3220,3220,7860004,BUFFER,INTERNAL,TRUE,FALSE,TRUE,0,,Ingham,26065,Michigan,US,,,0.442796,48825,BUFFER,,,,FALSE,
3221,3221,7870001,BUFFER,INTERNAL,TRUE,FALSE,TRUE,0,,Ingham,26065,Michigan,US,,,1.63076,48864,BUFFER,,,,FALSE,
3222,3222,7870002,BUFFER,INTERNAL,TRUE,FALSE,TRUE,0,,Ingham,26065,Michigan,US,,,0.60699,48864,BUFFER,,,,FALSE,
3223,3223,7880001,BUFFER,INTERNAL,TRUE,FALSE,TRUE,0,,Ingham,26065,Michigan,US,,,0.439622,48864,BUFFER,,,,FALSE,
3224,3224,7880002,BUFFER,INTERNAL,TRUE,FALSE,TRUE,0,,Ingham,26065,Michigan,US,,,1.665791,48864,BUFFER,,,,FALSE,
3225,3225,7890001,BUFFER,INTERNAL,TRUE,FALSE,TRUE,0,,Ingham,26065,Michigan,US,,,1.724132,48823,BUFFER,,,,FALSE,
3226,3226,7890002,BUFFER,INTERNAL,TRUE,FALSE,TRUE,0,,Ingham,26065,Michigan,US,,,2.982932,48823,BUFFER,,,,FALSE,
3227,3227,7900001,BUFFER,INTERNAL,TRUE,FALSE,TRUE,0,,Ingham,26065,Michigan,US,,,4.647044,48840,BUFFER,,,,FALSE,
3228,3228,7900002,BUFFER,INTERNAL,TRUE,FALSE,TRUE,0,,Ingham,26065,Michigan,US,,,5.32993,48840,BUFFER,,,,FALSE,
3229,3229,7910001,BUFFER,INTERNAL,TRUE,FALSE,TRUE,0,,Ingham,26065,Michigan,US,,,5.110559,48864,BUFFER,,,,FALSE,
3230,3230,7910002,BUFFER,INTERNAL,TRUE,FALSE,TRUE,0,,Ingham,26065,Michigan,US,,,7.879389,48864,BUFFER,,,,FALSE,
3231,3231,7920001,BUFFER,INTERNAL,TRUE,FALSE,TRUE,0,,Ingham,26065,Michigan,US,,,1.207689,48895,BUFFER,,,,FALSE,
3232,3232,7920002,BUFFER,INTERNAL,TRUE,FALSE,TRUE,0,,Ingham,26065,Michigan,US,,,0.487047,48895,BUFFER,,,,FALSE,
3233,3233,7920003,BUFFER,INTERNAL,TRUE,FALSE,TRUE,0,,Ingham,26065,Michigan,US,,,0.929342,48895,BUFFER,,,,FALSE,
3234,3234,7930001,BUFFER,INTERNAL,TRUE,FALSE,TRUE,0,,Ingham,26065,Michigan,US,,,10.318124,48895,BUFFER,,,,FALSE,
3235,3235,7930002,BUFFER,INTERNAL,TRUE,FALSE,TRUE,0,,Ingham,26065,Michigan,US,,,18.703457,48895,BUFFER,,,,FALSE,
3236,3236,7950001,BUFFER,INTERNAL,TRUE,FALSE,TRUE,0,,Ingham,26065,Michigan,US,,,0.849141,48892,BUFFER,,,,FALSE,
3237,3237,7950002,BUFFER,INTERNAL,TRUE,FALSE,TRUE,0,,Ingham,26065,Michigan,US,,,0.668715,48892,BUFFER,,,,FALSE,
3238,3238,7960001,BUFFER,INTERNAL,TRUE,FALSE,TRUE,0,,Ingham,26065,Michigan,US,,,23.829828,48892,BUFFER,,,,FALSE,
3239,3239,7960002,BUFFER,INTERNAL,TRUE,FALSE,TRUE,0,,Ingham,26065,Michigan,US,,,6.381139,48895,BUFFER,,,,FALSE,
3240,3240,7960003,BUFFER,INTERNAL,TRUE,FALSE,TRUE,0,,Ingham,26065,Michigan,US,,,2.419911,48892,BUFFER,,,,FALSE,
3241,3241,8000001,BUFFER,INTERNAL,TRUE,FALSE,TRUE,0,,Ingham,26065,Michigan,US,,,2.18623,48842,BUFFER,,,,FALSE,
3242,3242,8000002,BUFFER,INTERNAL,TRUE,FALSE,TRUE,0,,Ingham,26065,Michigan,US,,,1.456066,48911,BUFFER,,,,FALSE,
3243,3243,8010001,BUFFER,INTERNAL,TRUE,FALSE,TRUE,0,,Ingham,26065,Michigan,US,,,9.633888,48842,BUFFER,,,,FALSE,
3244,3244,8010002,BUFFER,INTERNAL,TRUE,FALSE,TRUE,0,,Ingham,26065,Michigan,US,,,7.137678,48842,BUFFER,,,,FALSE,
3245,3245,8010003,BUFFER,INTERNAL,TRUE,FALSE,TRUE,0,,Ingham,26065,Michigan,US,,,6.090685,48842,BUFFER,,,,FALSE,
3246,3246,8020001,BUFFER,INTERNAL,TRUE,FALSE,TRUE,0,,Ingham,26065,Michigan,US,,,1.361265,48854,BUFFER,,,,FALSE,
3247,3247,8020002,BUFFER,INTERNAL,TRUE,FALSE,TRUE,0,,Ingham,26065,Michigan,US,,,2.170978,48854,BUFFER,,,,FALSE,
3248,3248,8040001,BUFFER,INTERNAL,TRUE,FALSE,TRUE,0,,Ingham,26065,Michigan,US,,,18.089638,48854,BUFFER,,,,FALSE,
3249,3249,8040002,BUFFER,INTERNAL,TRUE,FALSE,TRUE,0,,Ingham,26065,Michigan,US,,,18.070639,48854,BUFFER,,,,FALSE,
3250,3250,8050001,BUFFER,INTERNAL,TRUE,FALSE,TRUE,0,,Ingham,26065,Michigan,US,,,21.664103,48854,BUFFER,,,,FALSE,
3251,3251,8050002,BUFFER,INTERNAL,TRUE,FALSE,TRUE,0,,Ingham,26065,Michigan,US,,,9.932775,48854,BUFFER,,,,FALSE,
3252,3252,8060001,BUFFER,INTERNAL,TRUE,FALSE,TRUE,0,,Ingham,26065,Michigan,US,,,16.10391,48819,BUFFER,,,,FALSE,
3253,3253,8060002,BUFFER,INTERNAL,TRUE,FALSE,TRUE,0,,Ingham,26065,Michigan,US,,,16.565861,48819,BUFFER,,,,FALSE,
3254,3254,8090001,BUFFER,INTERNAL,TRUE,FALSE,TRUE,0,,Ingham,26065,Michigan,US,,,22.723682,49251,BUFFER,,,,FALSE,
3255,3255,8090002,BUFFER,INTERNAL,TRUE,FALSE,TRUE,0,,Ingham,26065,Michigan,US,,,12.408971,49251,BUFFER,,,,FALSE,
3256,3256,8130001,BUFFER,INTERNAL,TRUE,FALSE,TRUE,0,,Ingham,26065,Michigan,US,,,10.040866,49285,BUFFER,,,,FALSE,
3257,3257,8130002,BUFFER,INTERNAL,TRUE,FALSE,TRUE,0,,Ingham,26065,Michigan,US,,,24.305769,49285,BUFFER,,,,FALSE,
3258,3258,8900001,BUFFER,INTERNAL,TRUE,FALSE,TRUE,0,,Jackson,26075,Michigan,US,,,0.152932,49201,BUFFER,,,,FALSE,
3259,3259,8900002,BUFFER,INTERNAL,TRUE,FALSE,TRUE,0,,Jackson,26075,Michigan,US,,,0.251696,49201,BUFFER,,,,FALSE,
3260,3260,8900003,BUFFER,INTERNAL,TRUE,FALSE,TRUE,0,,Jackson,26075,Michigan,US,,,0.158268,49201,BUFFER,,,,FALSE,
3261,3261,8910001,BUFFER,INTERNAL,TRUE,FALSE,TRUE,0,,Jackson,26075,Michigan,US,,,0.346451,49202,BUFFER,,,,FALSE,
3262,3262,8910002,BUFFER,INTERNAL,TRUE,FALSE,TRUE,0,,Jackson,26075,Michigan,US,,,0.954348,49202,BUFFER,,,,FALSE,
3263,3263,8920001,BUFFER,INTERNAL,TRUE,FALSE,TRUE,0,,Jackson,26075,Michigan,US,,,0.475358,49202,BUFFER,,,,FALSE,
3264,3264,8920002,BUFFER,INTERNAL,TRUE,FALSE,TRUE,0,,Jackson,26075,Michigan,US,,,0.412088,49201,BUFFER,,,,FALSE,
3265,3265,8950001,BUFFER,INTERNAL,TRUE,FALSE,TRUE,0,,Jackson,26075,Michigan,US,,,1.748602,49203,BUFFER,,,,FALSE,
3266,3266,8950002,BUFFER,INTERNAL,TRUE,FALSE,TRUE,0,,Jackson,26075,Michigan,US,,,0.528077,49203,BUFFER,,,,FALSE,
3267,3267,8960001,BUFFER,INTERNAL,TRUE,FALSE,TRUE,0,,Jackson,26075,Michigan,US,,,0.219279,49203,BUFFER,,,,FALSE,
3268,3268,8960002,BUFFER,INTERNAL,TRUE,FALSE,TRUE,0,,Jackson,26075,Michigan,US,,,0.2146,49203,BUFFER,,,,FALSE,
3269,3269,8970001,BUFFER,INTERNAL,TRUE,FALSE,TRUE,0,,Jackson,26075,Michigan,US,,,0.248792,49203,BUFFER,,,,FALSE,
3270,3270,8970002,BUFFER,INTERNAL,TRUE,FALSE,TRUE,0,,Jackson,26075,Michigan,US,,,0.115587,49203,BUFFER,,,,FALSE,
3271,3271,8990001,BUFFER,INTERNAL,TRUE,FALSE,TRUE,0,,Jackson,26075,Michigan,US,,,0.204172,49203,BUFFER,,,,FALSE,
3272,3272,8990002,BUFFER,INTERNAL,TRUE,FALSE,TRUE,0,,Jackson,26075,Michigan,US,,,0.457893,49203,BUFFER,,,,FALSE,
3273,3273,9000001,BUFFER,INTERNAL,TRUE,FALSE,TRUE,0,,Jackson,26075,Michigan,US,,,0.614312,49203,BUFFER,,,,FALSE,
3274,3274,9000002,BUFFER,INTERNAL,TRUE,FALSE,TRUE,0,,Jackson,26075,Michigan,US,,,1.80529,49203,BUFFER,,,,FALSE,
3275,3275,9020001,BUFFER,INTERNAL,TRUE,FALSE,TRUE,0,,Jackson,26075,Michigan,US,,,16.336992,49269,BUFFER,,,,FALSE,
3276,3276,9020002,BUFFER,INTERNAL,TRUE,FALSE,TRUE,0,,Jackson,26075,Michigan,US,,,19.95999,49277,BUFFER,,,,FALSE,
3277,3277,9030001,BUFFER,INTERNAL,TRUE,FALSE,TRUE,0,,Jackson,26075,Michigan,US,,,11.987659,49269,BUFFER,,,,FALSE,
3278,3278,9030002,BUFFER,INTERNAL,TRUE,FALSE,TRUE,0,,Jackson,26075,Michigan,US,,,24.14476,49269,BUFFER,,,,FALSE,
3279,3279,9040001,BUFFER,INTERNAL,TRUE,FALSE,TRUE,0,,Jackson,26075,Michigan,US,,,16.992264,49269,BUFFER,,,,FALSE,
3280,3280,9040002,BUFFER,INTERNAL,TRUE,FALSE,TRUE,0,,Jackson,26075,Michigan,US,,,19.347443,49224,BUFFER,,,,FALSE,
3281,3281,9050001,BUFFER,INTERNAL,TRUE,FALSE,TRUE,0,,Jackson,26075,Michigan,US,,,5.570397,49201,BUFFER,,,,FALSE,
3282,3282,9050002,BUFFER,INTERNAL,TRUE,FALSE,TRUE,0,,Jackson,26075,Michigan,US,,,4.406423,49201,BUFFER,,,,FALSE,
3283,3283,9050003,BUFFER,INTERNAL,TRUE,FALSE,TRUE,0,,Jackson,26075,Michigan,US,,,6.191605,49201,BUFFER,,,,FALSE,
3284,3284,9060001,BUFFER,INTERNAL,TRUE,FALSE,TRUE,0,,Jackson,26075,Michigan,US,,,1.588611,49202,BUFFER,,,,FALSE,
3285,3285,9060002,BUFFER,INTERNAL,TRUE,FALSE,TRUE,0,,Jackson,26075,Michigan,US,,,2.219782,49202,BUFFER,,,,FALSE,
3286,3286,9060003,BUFFER,INTERNAL,TRUE,FALSE,TRUE,0,,Jackson,26075,Michigan,US,,,1.467776,49202,BUFFER,,,,FALSE,
3287,3287,9070001,BUFFER,INTERNAL,TRUE,FALSE,TRUE,0,,Jackson,26075,Michigan,US,,,1.872014,49201,BUFFER,,,,FALSE,
3288,3288,9070002,BUFFER,INTERNAL,TRUE,FALSE,TRUE,0,,Jackson,26075,Michigan,US,,,1.740893,49202,BUFFER,,,,FALSE,
3289,3289,9090001,BUFFER,INTERNAL,TRUE,FALSE,TRUE,0,,Jackson,26075,Michigan,US,,,1.562838,49202,BUFFER,,,,FALSE,
3290,3290,9090002,BUFFER,INTERNAL,TRUE,FALSE,TRUE,0,,Jackson,26075,Michigan,US,,,2.891892,49201,BUFFER,,,,FALSE,
3291,3291,9100001,BUFFER,INTERNAL,TRUE,FALSE,TRUE,0,,Jackson,26075,Michigan,US,,,19.774874,49277,BUFFER,,,,FALSE,
3292,3292,9100002,BUFFER,INTERNAL,TRUE,FALSE,TRUE,0,,Jackson,26075,Michigan,US,,,16.443218,49277,BUFFER,,,,FALSE,
3293,3293,9110001,BUFFER,INTERNAL,TRUE,FALSE,TRUE,0,,Jackson,26075,Michigan,US,,,20.18775,49272,BUFFER,,,,FALSE,
3294,3294,9110002,BUFFER,INTERNAL,TRUE,FALSE,TRUE,0,,Jackson,26075,Michigan,US,,,16.567114,49259,BUFFER,,,,FALSE,
3295,3295,9120001,BUFFER,INTERNAL,TRUE,FALSE,TRUE,0,,Jackson,26075,Michigan,US,,,17.767647,49259,BUFFER,,,,FALSE,
3296,3296,9120002,BUFFER,INTERNAL,TRUE,FALSE,TRUE,0,,Jackson,26075,Michigan,US,,,31.656252,49240,BUFFER,,,,FALSE,
3297,3297,9130001,BUFFER,INTERNAL,TRUE,FALSE,TRUE,0,,Jackson,26075,Michigan,US,,,4.460322,49201,BUFFER,,,,FALSE,
3298,3298,9130002,BUFFER,INTERNAL,TRUE,FALSE,TRUE,0,,Jackson,26075,Michigan,US,,,1.107313,49203,BUFFER,,,,FALSE,
3299,3299,9140001,BUFFER,INTERNAL,TRUE,FALSE,TRUE,0,,Jackson,26075,Michigan,US,,,6.725493,49201,BUFFER,,,,FALSE,
3300,3300,9140002,BUFFER,INTERNAL,TRUE,FALSE,TRUE,0,,Jackson,26075,Michigan,US,,,7.221304,49203,BUFFER,,,,FALSE,
3301,3301,9150001,BUFFER,INTERNAL,TRUE,FALSE,TRUE,0,,Jackson,26075,Michigan,US,,,10.927123,49201,BUFFER,,,,FALSE,
3302,3302,9150002,BUFFER,INTERNAL,TRUE,FALSE,TRUE,0,,Jackson,26075,Michigan,US,,,20.96405,49201,BUFFER,,,,FALSE,
3303,3303,9160001,BUFFER,INTERNAL,TRUE,FALSE,TRUE,0,,Jackson,26075,Michigan,US,,,20.700489,49240,BUFFER,,,,FALSE,
3304,3304,9160002,BUFFER,INTERNAL,TRUE,FALSE,TRUE,0,,Jackson,26075,Michigan,US,,,27.236692,49240,BUFFER,,,,FALSE,
3305,3305,9170001,BUFFER,INTERNAL,TRUE,FALSE,TRUE,0,,Jackson,26075,Michigan,US,,,13.890384,49237,BUFFER,,,,FALSE,
3306,3306,9170002,BUFFER,INTERNAL,TRUE,FALSE,TRUE,0,,Jackson,26075,Michigan,US,,,22.251215,49237,BUFFER,,,,FALSE,
3307,3307,9210001,BUFFER,INTERNAL,TRUE,FALSE,TRUE,0,,Jackson,26075,Michigan,US,,,11.66705,49241,BUFFER,,,,FALSE,
3308,3308,9210002,BUFFER,INTERNAL,TRUE,FALSE,TRUE,0,,Jackson,26075,Michigan,US,,,24.053398,49246,BUFFER,,,,FALSE,
3309,3309,9230001,BUFFER,INTERNAL,TRUE,FALSE,TRUE,0,,Jackson,26075,Michigan,US,,,2.54197,49203,BUFFER,,,,FALSE,
3310,3310,9230002,BUFFER,INTERNAL,TRUE,FALSE,TRUE,0,,Jackson,26075,Michigan,US,,,3.810189,49203,BUFFER,,,,FALSE,
3311,3311,9270001,BUFFER,INTERNAL,TRUE,FALSE,TRUE,0,,Jackson,26075,Michigan,US,,,15.030376,49230,BUFFER,,,,FALSE,
3312,3312,9270002,BUFFER,INTERNAL,TRUE,FALSE,TRUE,0,,Jackson,26075,Michigan,US,,,6.331818,49234,BUFFER,,,,FALSE,
3313,3313,9310001,BUFFER,INTERNAL,TRUE,FALSE,TRUE,0,,Jackson,26075,Michigan,US,,,12.042569,49240,BUFFER,,,,FALSE,
3314,3314,9310002,BUFFER,INTERNAL,TRUE,FALSE,TRUE,0,,Jackson,26075,Michigan,US,,,20.07439,49230,BUFFER,,,,FALSE,
3315,3315,11020001,BUFFER,INTERNAL,TRUE,FALSE,TRUE,0,,Lapeer,26087,Michigan,US,,,0.945774,48446,BUFFER,,,,FALSE,
3316,3316,11020002,BUFFER,INTERNAL,TRUE,FALSE,TRUE,0,,Lapeer,26087,Michigan,US,,,1.958003,48446,BUFFER,,,,FALSE,
3317,3317,11020003,BUFFER,INTERNAL,TRUE,FALSE,TRUE,0,,Lapeer,26087,Michigan,US,,,0.777307,48446,BUFFER,,,,FALSE,
3318,3318,11020004,BUFFER,INTERNAL,TRUE,FALSE,TRUE,0,,Lapeer,26087,Michigan,US,,,0.566006,48446,BUFFER,,,,FALSE,
3319,3319,11020005,BUFFER,INTERNAL,TRUE,FALSE,TRUE,0,,Lapeer,26087,Michigan,US,,,0.515939,48446,BUFFER,,,,FALSE,
3320,3320,11030001,BUFFER,INTERNAL,TRUE,FALSE,TRUE,0,,Lapeer,26087,Michigan,US,,,0.881604,48446,BUFFER,,,,FALSE,
3321,3321,11030002,BUFFER,INTERNAL,TRUE,FALSE,TRUE,0,,Lapeer,26087,Michigan,US,,,1.512424,48446,BUFFER,,,,FALSE,
3322,3322,11030003,BUFFER,INTERNAL,TRUE,FALSE,TRUE,0,,Lapeer,26087,Michigan,US,,,0.507334,48446,BUFFER,,,,FALSE,
3323,3323,11030004,BUFFER,INTERNAL,TRUE,FALSE,TRUE,0,,Lapeer,26087,Michigan,US,,,0.528815,48446,BUFFER,,,,FALSE,
3324,3324,11040001,BUFFER,INTERNAL,TRUE,FALSE,TRUE,0,,Lapeer,26087,Michigan,US,,,12.231997,48435,BUFFER,,,,FALSE,
3325,3325,11040002,BUFFER,INTERNAL,TRUE,FALSE,TRUE,0,,Lapeer,26087,Michigan,US,,,16.39805,48421,BUFFER,,,,FALSE,
3326,3326,11050001,BUFFER,INTERNAL,TRUE,FALSE,TRUE,0,,Lapeer,26087,Michigan,US,,,11.108985,48744,BUFFER,,,,FALSE,
3327,3327,11050002,BUFFER,INTERNAL,TRUE,FALSE,TRUE,0,,Lapeer,26087,Michigan,US,,,24.067633,48760,BUFFER,,,,FALSE,
3328,3328,11060001,BUFFER,INTERNAL,TRUE,FALSE,TRUE,0,,Lapeer,26087,Michigan,US,,,20.907526,48464,BUFFER,,,,FALSE,
3329,3329,11060002,BUFFER,INTERNAL,TRUE,FALSE,TRUE,0,,Lapeer,26087,Michigan,US,,,13.474199,48421,BUFFER,,,,FALSE,
3330,3330,11070001,BUFFER,INTERNAL,TRUE,FALSE,TRUE,0,,Lapeer,26087,Michigan,US,,,12.553812,48461,BUFFER,,,,FALSE,
3331,3331,11070002,BUFFER,INTERNAL,TRUE,FALSE,TRUE,0,,Lapeer,26087,Michigan,US,,,23.760878,48461,BUFFER,,,,FALSE,
3332,3332,11080001,BUFFER,INTERNAL,TRUE,FALSE,TRUE,0,,Lapeer,26087,Michigan,US,,,17.579784,48461,BUFFER,,,,FALSE,
3333,3333,11080002,BUFFER,INTERNAL,TRUE,FALSE,TRUE,0,,Lapeer,26087,Michigan,US,,,17.969297,48727,BUFFER,,,,FALSE,
3334,3334,11090001,BUFFER,INTERNAL,TRUE,FALSE,TRUE,0,,Lapeer,26087,Michigan,US,,,23.838734,48416,BUFFER,,,,FALSE,
3335,3335,11090002,BUFFER,INTERNAL,TRUE,FALSE,TRUE,0,,Lapeer,26087,Michigan,US,,,30.13306,48416,BUFFER,,,,FALSE,
3336,3336,11100001,BUFFER,INTERNAL,TRUE,FALSE,TRUE,0,,Lapeer,26087,Michigan,US,,,19.800007,48446,BUFFER,,,,FALSE,
3337,3337,11100002,BUFFER,INTERNAL,TRUE,FALSE,TRUE,0,,Lapeer,26087,Michigan,US,,,3.327312,48446,BUFFER,,,,FALSE,
3338,3338,11100003,BUFFER,INTERNAL,TRUE,FALSE,TRUE,0,,Lapeer,26087,Michigan,US,,,2.534729,48446,BUFFER,,,,FALSE,
3339,3339,11100004,BUFFER,INTERNAL,TRUE,FALSE,TRUE,0,,Lapeer,26087,Michigan,US,,,8.721705,48446,BUFFER,,,,FALSE,
3340,3340,11110001,BUFFER,INTERNAL,TRUE,FALSE,TRUE,0,,Lapeer,26087,Michigan,US,,,15.419749,48421,BUFFER,,,,FALSE,
3341,3341,11110002,BUFFER,INTERNAL,TRUE,FALSE,TRUE,0,,Lapeer,26087,Michigan,US,,,12.677711,48446,BUFFER,,,,FALSE,
3342,3342,11110003,BUFFER,INTERNAL,TRUE,FALSE,TRUE,0,,Lapeer,26087,Michigan,US,,,7.035439,48446,BUFFER,,,,FALSE,
3343,3343,11120001,BUFFER,INTERNAL,TRUE,FALSE,TRUE,0,,Lapeer,26087,Michigan,US,,,17.591156,48446,BUFFER,,,,FALSE,
3344,3344,11120002,BUFFER,INTERNAL,TRUE,FALSE,TRUE,0,,Lapeer,26087,Michigan,US,,,7.680597,48446,BUFFER,,,,FALSE,
3345,3345,11120003,BUFFER,INTERNAL,TRUE,FALSE,TRUE,0,,Lapeer,26087,Michigan,US,,,4.368435,48446,BUFFER,,,,FALSE,
3346,3346,11130001,BUFFER,INTERNAL,TRUE,FALSE,TRUE,0,,Lapeer,26087,Michigan,US,,,10.711231,48412,BUFFER,,,,FALSE,
3347,3347,11130002,BUFFER,INTERNAL,TRUE,FALSE,TRUE,0,,Lapeer,26087,Michigan,US,,,12.428197,48412,BUFFER,,,,FALSE,
3348,3348,11130003,BUFFER,INTERNAL,TRUE,FALSE,TRUE,0,,Lapeer,26087,Michigan,US,,,13.019989,48412,BUFFER,,,,FALSE,
3349,3349,11140001,BUFFER,INTERNAL,TRUE,FALSE,TRUE,0,,Lapeer,26087,Michigan,US,,,18.120403,48412,BUFFER,,,,FALSE,
3350,3350,11140002,BUFFER,INTERNAL,TRUE,FALSE,TRUE,0,,Lapeer,26087,Michigan,US,,,17.984413,48412,BUFFER,,,,FALSE,
3351,3351,11150001,BUFFER,INTERNAL,TRUE,FALSE,TRUE,0,,Lapeer,26087,Michigan,US,,,20.305792,48444,BUFFER,,,,FALSE,
3352,3352,11150002,BUFFER,INTERNAL,TRUE,FALSE,TRUE,0,,Lapeer,26087,Michigan,US,,,15.393681,48444,BUFFER,,,,FALSE,
3353,3353,11160001,BUFFER,INTERNAL,TRUE,FALSE,TRUE,0,,Lapeer,26087,Michigan,US,,,17.661476,48455,BUFFER,,,,FALSE,
3354,3354,11160002,BUFFER,INTERNAL,TRUE,FALSE,TRUE,0,,Lapeer,26087,Michigan,US,,,5.232512,48455,BUFFER,,,,FALSE,
3355,3355,11160003,BUFFER,INTERNAL,TRUE,FALSE,TRUE,0,,Lapeer,26087,Michigan,US,,,12.328968,48455,BUFFER,,,,FALSE,
3356,3356,11170001,BUFFER,INTERNAL,TRUE,FALSE,TRUE,0,,Lapeer,26087,Michigan,US,,,11.127639,48446,BUFFER,,,,FALSE,
3357,3357,11170002,BUFFER,INTERNAL,TRUE,FALSE,TRUE,0,,Lapeer,26087,Michigan,US,,,8.175101,48446,BUFFER,,,,FALSE,
3358,3358,11180001,BUFFER,INTERNAL,TRUE,FALSE,TRUE,0,,Lapeer,26087,Michigan,US,,,9.198056,48446,BUFFER,,,,FALSE,
3359,3359,11180002,BUFFER,INTERNAL,TRUE,FALSE,TRUE,0,,Lapeer,26087,Michigan,US,,,4.987181,48446,BUFFER,,,,FALSE,
3360,3360,11190001,BUFFER,INTERNAL,TRUE,FALSE,TRUE,0,,Lapeer,26087,Michigan,US,,,10.056903,48438,BUFFER,,,,FALSE,
3361,3361,11190002,BUFFER,INTERNAL,TRUE,FALSE,TRUE,0,,Lapeer,26087,Michigan,US,,,5.136965,48455,BUFFER,,,,FALSE,
3362,3362,11190003,BUFFER,INTERNAL,TRUE,FALSE,TRUE,0,,Lapeer,26087,Michigan,US,,,13.776722,48455,BUFFER,,,,FALSE,
3363,3363,11190004,BUFFER,INTERNAL,TRUE,FALSE,TRUE,0,,Lapeer,26087,Michigan,US,,,6.983944,48446,BUFFER,,,,FALSE,
3364,3364,11200001,BUFFER,INTERNAL,TRUE,FALSE,TRUE,0,,Lapeer,26087,Michigan,US,,,18.281055,48003,BUFFER,,,,FALSE,
3365,3365,11200002,BUFFER,INTERNAL,TRUE,FALSE,TRUE,0,,Lapeer,26087,Michigan,US,,,17.215139,48003,BUFFER,,,,FALSE,
3366,3366,11210001,BUFFER,INTERNAL,TRUE,FALSE,TRUE,0,,Lapeer,26087,Michigan,US,,,0.485655,48003,BUFFER,,,,FALSE,
3367,3367,11210002,BUFFER,INTERNAL,TRUE,FALSE,TRUE,0,,Lapeer,26087,Michigan,US,,,0.9269,48003,BUFFER,,,,FALSE,
3368,3368,11220001,BUFFER,INTERNAL,TRUE,FALSE,TRUE,0,,Lapeer,26087,Michigan,US,,,1.737261,48444,BUFFER,,,,FALSE,
3369,3369,11220002,BUFFER,INTERNAL,TRUE,FALSE,TRUE,0,,Lapeer,26087,Michigan,US,,,0.626848,48444,BUFFER,,,,FALSE,
3370,3370,11230001,BUFFER,INTERNAL,TRUE,FALSE,TRUE,0,,Lapeer,26087,Michigan,US,,,4.613112,48444,BUFFER,,,,FALSE,
3371,3371,11230002,BUFFER,INTERNAL,TRUE,FALSE,TRUE,0,,Lapeer,26087,Michigan,US,,,15.444317,48444,BUFFER,,,,FALSE,
3372,3372,11230003,BUFFER,INTERNAL,TRUE,FALSE,TRUE,0,,Lapeer,26087,Michigan,US,,,13.609406,48444,BUFFER,,,,FALSE,
3373,3373,11240001,BUFFER,INTERNAL,TRUE,FALSE,TRUE,0,,Lapeer,26087,Michigan,US,,,7.947418,48428,BUFFER,,,,FALSE,
3374,3374,11240002,BUFFER,INTERNAL,TRUE,FALSE,TRUE,0,,Lapeer,26087,Michigan,US,,,24.09976,48428,BUFFER,,,,FALSE,
3375,3375,11240003,BUFFER,INTERNAL,TRUE,FALSE,TRUE,0,,Lapeer,26087,Michigan,US,,,4.09387,48428,BUFFER,,,,FALSE,
3376,3376,11360001,BUFFER,INTERNAL,TRUE,FALSE,TRUE,0,,Lenawee,26091,Michigan,US,,,0.18765,49221,BUFFER,,,,FALSE,
3377,3377,11360002,BUFFER,INTERNAL,TRUE,FALSE,TRUE,0,,Lenawee,26091,Michigan,US,,,0.201987,49221,BUFFER,,,,FALSE,
3378,3378,11370001,BUFFER,INTERNAL,TRUE,FALSE,TRUE,0,,Lenawee,26091,Michigan,US,,,0.807529,49221,BUFFER,,,,FALSE,
3379,3379,11370002,BUFFER,INTERNAL,TRUE,FALSE,TRUE,0,,Lenawee,26091,Michigan,US,,,1.068142,49221,BUFFER,,,,FALSE,
3380,3380,11370003,BUFFER,INTERNAL,TRUE,FALSE,TRUE,0,,Lenawee,26091,Michigan,US,,,0.420601,49221,BUFFER,,,,FALSE,
3381,3381,11370004,BUFFER,INTERNAL,TRUE,FALSE,TRUE,0,,Lenawee,26091,Michigan,US,,,0.393607,49221,BUFFER,,,,FALSE,
3382,3382,11380001,BUFFER,INTERNAL,TRUE,FALSE,TRUE,0,,Lenawee,26091,Michigan,US,,,0.322766,49221,BUFFER,,,,FALSE,
3383,3383,11380002,BUFFER,INTERNAL,TRUE,FALSE,TRUE,0,,Lenawee,26091,Michigan,US,,,0.471521,49221,BUFFER,,,,FALSE,
3384,3384,11380003,BUFFER,INTERNAL,TRUE,FALSE,TRUE,0,,Lenawee,26091,Michigan,US,,,0.95196,49221,BUFFER,,,,FALSE,
3385,3385,11380004,BUFFER,INTERNAL,TRUE,FALSE,TRUE,0,,Lenawee,26091,Michigan,US,,,0.243532,49221,BUFFER,,,,FALSE,
3386,3386,11380005,BUFFER,INTERNAL,TRUE,FALSE,TRUE,0,,Lenawee,26091,Michigan,US,,,0.258098,49221,BUFFER,,,,FALSE,
3387,3387,11390001,BUFFER,INTERNAL,TRUE,FALSE,TRUE,0,,Lenawee,26091,Michigan,US,,,0.366103,49221,BUFFER,,,,FALSE,
3388,3388,11390002,BUFFER,INTERNAL,TRUE,FALSE,TRUE,0,,Lenawee,26091,Michigan,US,,,0.42054,49221,BUFFER,,,,FALSE,
3389,3389,11400001,BUFFER,INTERNAL,TRUE,FALSE,TRUE,0,,Lenawee,26091,Michigan,US,,,0.654898,49221,BUFFER,,,,FALSE,
3390,3390,11400002,BUFFER,INTERNAL,TRUE,FALSE,TRUE,0,,Lenawee,26091,Michigan,US,,,0.588978,49221,BUFFER,,,,FALSE,
3391,3391,11400003,BUFFER,INTERNAL,TRUE,FALSE,TRUE,0,,Lenawee,26091,Michigan,US,,,0.454079,49221,BUFFER,,,,FALSE,
3392,3392,11410001,BUFFER,INTERNAL,TRUE,FALSE,TRUE,0,,Lenawee,26091,Michigan,US,,,14.252898,49220,BUFFER,,,,FALSE,
3393,3393,11410002,BUFFER,INTERNAL,TRUE,FALSE,TRUE,0,,Lenawee,26091,Michigan,US,,,11.865778,49220,BUFFER,,,,FALSE,
3394,3394,11410003,BUFFER,INTERNAL,TRUE,FALSE,TRUE,0,,Lenawee,26091,Michigan,US,,,9.487549,49233,BUFFER,,,,FALSE,
3395,3395,11420001,BUFFER,INTERNAL,TRUE,FALSE,TRUE,0,,Lenawee,26091,Michigan,US,,,17.907339,49253,BUFFER,,,,FALSE,
3396,3396,11420002,BUFFER,INTERNAL,TRUE,FALSE,TRUE,0,,Lenawee,26091,Michigan,US,,,5.341873,49253,BUFFER,,,,FALSE,
3397,3397,11420003,BUFFER,INTERNAL,TRUE,FALSE,TRUE,0,,Lenawee,26091,Michigan,US,,,12.803874,49247,BUFFER,,,,FALSE,
3398,3398,11430001,BUFFER,INTERNAL,TRUE,FALSE,TRUE,0,,Lenawee,26091,Michigan,US,,,17.371647,49230,BUFFER,,,,FALSE,
3399,3399,11430002,BUFFER,INTERNAL,TRUE,FALSE,TRUE,0,,Lenawee,26091,Michigan,US,,,9.120184,49265,BUFFER,,,,FALSE,
3400,3400,11430003,BUFFER,INTERNAL,TRUE,FALSE,TRUE,0,,Lenawee,26091,Michigan,US,,,8.885959,49265,BUFFER,,,,FALSE,
3401,3401,11440001,BUFFER,INTERNAL,TRUE,FALSE,TRUE,0,,Lenawee,26091,Michigan,US,,,17.970802,49221,BUFFER,,,,FALSE,
3402,3402,11440002,BUFFER,INTERNAL,TRUE,FALSE,TRUE,0,,Lenawee,26091,Michigan,US,,,17.851402,49265,BUFFER,,,,FALSE,
3403,3403,11450001,BUFFER,INTERNAL,TRUE,FALSE,TRUE,0,,Lenawee,26091,Michigan,US,,,18.297655,49286,BUFFER,,,,FALSE,
3404,3404,11450002,BUFFER,INTERNAL,TRUE,FALSE,TRUE,0,,Lenawee,26091,Michigan,US,,,20.809244,49287,BUFFER,,,,FALSE,
3405,3405,11460001,BUFFER,INTERNAL,TRUE,FALSE,TRUE,0,,Lenawee,26091,Michigan,US,,,5.023291,49221,BUFFER,,,,FALSE,
3406,3406,11460002,BUFFER,INTERNAL,TRUE,FALSE,TRUE,0,,Lenawee,26091,Michigan,US,,,18.942808,49221,BUFFER,,,,FALSE,
3407,3407,11460003,BUFFER,INTERNAL,TRUE,FALSE,TRUE,0,,Lenawee,26091,Michigan,US,,,9.269134,49221,BUFFER,,,,FALSE,
3408,3408,11460004,BUFFER,INTERNAL,TRUE,FALSE,TRUE,0,,Lenawee,26091,Michigan,US,,,0.879035,49221,BUFFER,,,,FALSE,
3409,3409,11470001,BUFFER,INTERNAL,TRUE,FALSE,TRUE,0,,Lenawee,26091,Michigan,US,,,0.788223,49286,BUFFER,,,,FALSE,
3410,3410,11470002,BUFFER,INTERNAL,TRUE,FALSE,TRUE,0,,Lenawee,26091,Michigan,US,,,0.566796,49286,BUFFER,,,,FALSE,
3411,3411,11470003,BUFFER,INTERNAL,TRUE,FALSE,TRUE,0,,Lenawee,26091,Michigan,US,,,0.772491,49286,BUFFER,,,,FALSE,
3412,3412,11470004,BUFFER,INTERNAL,TRUE,FALSE,TRUE,0,,Lenawee,26091,Michigan,US,,,1.357653,49286,BUFFER,,,,FALSE,
3413,3413,11480001,BUFFER,INTERNAL,TRUE,FALSE,TRUE,0,,Lenawee,26091,Michigan,US,,,1.282717,49286,BUFFER,,,,FALSE,
3414,3414,11480002,BUFFER,INTERNAL,TRUE,FALSE,TRUE,0,,Lenawee,26091,Michigan,US,,,0.790821,49286,BUFFER,,,,FALSE,
3415,3415,11480003,BUFFER,INTERNAL,TRUE,FALSE,TRUE,0,,Lenawee,26091,Michigan,US,,,0.340238,49286,BUFFER,,,,FALSE,
3416,3416,11490001,BUFFER,INTERNAL,TRUE,FALSE,TRUE,0,,Lenawee,26091,Michigan,US,,,6.296914,49286,BUFFER,,,,FALSE,
3417,3417,11490002,BUFFER,INTERNAL,TRUE,FALSE,TRUE,0,,Lenawee,26091,Michigan,US,,,6.307161,49286,BUFFER,,,,FALSE,
3418,3418,11500001,BUFFER,INTERNAL,TRUE,FALSE,TRUE,0,,Lenawee,26091,Michigan,US,,,0.90311,49236,BUFFER,,,,FALSE,
3419,3419,11500002,BUFFER,INTERNAL,TRUE,FALSE,TRUE,0,,Lenawee,26091,Michigan,US,,,0.975588,49236,BUFFER,,,,FALSE,
3420,3420,11510001,BUFFER,INTERNAL,TRUE,FALSE,TRUE,0,,Lenawee,26091,Michigan,US,,,5.179556,49236,BUFFER,,,,FALSE,
3421,3421,11510002,BUFFER,INTERNAL,TRUE,FALSE,TRUE,0,,Lenawee,26091,Michigan,US,,,11.119421,49236,BUFFER,,,,FALSE,
3422,3422,11520001,BUFFER,INTERNAL,TRUE,FALSE,TRUE,0,,Lenawee,26091,Michigan,US,,,16.008575,49286,BUFFER,,,,FALSE,
3423,3423,11520002,BUFFER,INTERNAL,TRUE,FALSE,TRUE,0,,Lenawee,26091,Michigan,US,,,16.632494,49229,BUFFER,,,,FALSE,
3424,3424,11530001,BUFFER,INTERNAL,TRUE,FALSE,TRUE,0,,Lenawee,26091,Michigan,US,,,20.641645,49229,BUFFER,,,,FALSE,
3425,3425,11530002,BUFFER,INTERNAL,TRUE,FALSE,TRUE,0,,Lenawee,26091,Michigan,US,,,4.176612,49286,BUFFER,,,,FALSE,
3426,3426,11530003,BUFFER,INTERNAL,TRUE,FALSE,TRUE,0,,Lenawee,26091,Michigan,US,,,5.944165,49221,BUFFER,,,,FALSE,
3427,3427,11530004,BUFFER,INTERNAL,TRUE,FALSE,TRUE,0,,Lenawee,26091,Michigan,US,,,5.755118,49286,BUFFER,,,,FALSE,
3428,3428,11540001,BUFFER,INTERNAL,TRUE,FALSE,TRUE,0,,Lenawee,26091,Michigan,US,,,14.977669,49229,BUFFER,,,,FALSE,
3429,3429,11540002,BUFFER,INTERNAL,TRUE,FALSE,TRUE,0,,Lenawee,26091,Michigan,US,,,13.645865,49229,BUFFER,,,,FALSE,
3430,3430,11550001,BUFFER,INTERNAL,TRUE,FALSE,TRUE,0,,Lenawee,26091,Michigan,US,,,0.501312,49247,BUFFER,,,,FALSE,
3431,3431,11550002,BUFFER,INTERNAL,TRUE,FALSE,TRUE,0,,Lenawee,26091,Michigan,US,,,1.691784,49247,BUFFER,,,,FALSE,
3432,3432,11560001,BUFFER,INTERNAL,TRUE,FALSE,TRUE,0,,Lenawee,26091,Michigan,US,,,17.194254,49235,BUFFER,,,,FALSE,
3433,3433,11560002,BUFFER,INTERNAL,TRUE,FALSE,TRUE,0,,Lenawee,26091,Michigan,US,,,19.213518,49247,BUFFER,,,,FALSE,
3434,3434,11580001,BUFFER,INTERNAL,TRUE,FALSE,TRUE,0,,Lenawee,26091,Michigan,US,,,1.415334,49256,BUFFER,,,,FALSE,
3435,3435,11580002,BUFFER,INTERNAL,TRUE,FALSE,TRUE,0,,Lenawee,26091,Michigan,US,,,0.891294,49256,BUFFER,,,,FALSE,
3436,3436,11590001,BUFFER,INTERNAL,TRUE,FALSE,TRUE,0,,Lenawee,26091,Michigan,US,,,17.863228,49235,BUFFER,,,,FALSE,
3437,3437,11590002,BUFFER,INTERNAL,TRUE,FALSE,TRUE,0,,Lenawee,26091,Michigan,US,,,17.270445,49235,BUFFER,,,,FALSE,
3438,3438,11600001,BUFFER,INTERNAL,TRUE,FALSE,TRUE,0,,Lenawee,26091,Michigan,US,,,18.707813,49256,BUFFER,,,,FALSE,
3439,3439,11600002,BUFFER,INTERNAL,TRUE,FALSE,TRUE,0,,Lenawee,26091,Michigan,US,,,21.155281,49256,BUFFER,,,,FALSE,
3440,3440,11610001,BUFFER,INTERNAL,TRUE,FALSE,TRUE,0,,Lenawee,26091,Michigan,US,,,3.070187,49221,BUFFER,,,,FALSE,
3441,3441,11610002,BUFFER,INTERNAL,TRUE,FALSE,TRUE,0,,Lenawee,26091,Michigan,US,,,1.013412,49221,BUFFER,,,,FALSE,
3442,3442,11610003,BUFFER,INTERNAL,TRUE,FALSE,TRUE,0,,Lenawee,26091,Michigan,US,,,9.724215,49221,BUFFER,,,,FALSE,
3443,3443,11610004,BUFFER,INTERNAL,TRUE,FALSE,TRUE,0,,Lenawee,26091,Michigan,US,,,0.273557,49221,BUFFER,,,,FALSE,
3444,3444,11620001,BUFFER,INTERNAL,TRUE,FALSE,TRUE,0,,Lenawee,26091,Michigan,US,,,8.475518,49221,BUFFER,,,,FALSE,
3445,3445,11620002,BUFFER,INTERNAL,TRUE,FALSE,TRUE,0,,Lenawee,26091,Michigan,US,,,8.190346,49221,BUFFER,,,,FALSE,
3446,3446,11630001,BUFFER,INTERNAL,TRUE,FALSE,TRUE,0,,Lenawee,26091,Michigan,US,,,23.132298,49248,BUFFER,,,,FALSE,
3447,3447,11630002,BUFFER,INTERNAL,TRUE,FALSE,TRUE,0,,Lenawee,26091,Michigan,US,,,18.838982,49279,BUFFER,,,,FALSE,
3448,3448,11640001,BUFFER,INTERNAL,TRUE,FALSE,TRUE,0,,Lenawee,26091,Michigan,US,,,0.948286,49228,BUFFER,,,,FALSE,
3449,3449,11640002,BUFFER,INTERNAL,TRUE,FALSE,TRUE,0,,Lenawee,26091,Michigan,US,,,1.642852,49228,BUFFER,,,,FALSE,
3450,3450,11650001,BUFFER,INTERNAL,TRUE,FALSE,TRUE,0,,Lenawee,26091,Michigan,US,,,18.548061,49228,BUFFER,,,,FALSE,
3451,3451,11660001,BUFFER,INTERNAL,TRUE,FALSE,TRUE,0,,Lenawee,26091,Michigan,US,,,16.789986,49221,BUFFER,,,,FALSE,
3452,3452,11660002,BUFFER,INTERNAL,TRUE,FALSE,TRUE,0,,Lenawee,26091,Michigan,US,,,19.926718,49268,BUFFER,,,,FALSE,
3453,3453,11670001,BUFFER,INTERNAL,TRUE,FALSE,TRUE,0,,Lenawee,26091,Michigan,US,,,8.168743,49228,BUFFER,,,,FALSE,
3454,3454,11670002,BUFFER,INTERNAL,TRUE,FALSE,TRUE,0,,Lenawee,26091,Michigan,US,,,16.983446,49238,BUFFER,,,,FALSE,
3455,3455,11680001,BUFFER,INTERNAL,TRUE,FALSE,TRUE,0,,Lenawee,26091,Michigan,US,,,22.6728,49228,BUFFER,,,,FALSE,
3456,3456,11680002,BUFFER,INTERNAL,TRUE,FALSE,TRUE,0,,Lenawee,26091,Michigan,US,,,19.371025,49228,BUFFER,,,,FALSE,
3457,3457,11690001,BUFFER,INTERNAL,TRUE,FALSE,TRUE,0,,Lenawee,26091,Michigan,US,,,20.508816,49228,BUFFER,,,,FALSE,
3458,3458,11690002,BUFFER,INTERNAL,TRUE,FALSE,TRUE,0,,Lenawee,26091,Michigan,US,,,20.140642,49276,BUFFER,,,,FALSE,
3459,3459,18630001,BUFFER,INTERNAL,TRUE,FALSE,TRUE,0,,Sanilac,26151,Michigan,US,,,27.907328,48419,BUFFER,,,,FALSE,
3460,3460,18630002,BUFFER,INTERNAL,TRUE,FALSE,TRUE,0,,Sanilac,26151,Michigan,US,,,12.853689,48419,BUFFER,,,,FALSE,
3461,3461,18640001,BUFFER,INTERNAL,TRUE,FALSE,TRUE,0,,Sanilac,26151,Michigan,US,,,1.16565,48471,BUFFER,,,,FALSE,
3462,3462,18640002,BUFFER,INTERNAL,TRUE,FALSE,TRUE,0,,Sanilac,26151,Michigan,US,,,0.982796,48471,BUFFER,,,,FALSE,
3463,3463,18650001,BUFFER,INTERNAL,TRUE,FALSE,TRUE,0,,Sanilac,26151,Michigan,US,,,23.468657,48471,BUFFER,,,,FALSE,
3464,3464,18650002,BUFFER,INTERNAL,TRUE,FALSE,TRUE,0,,Sanilac,26151,Michigan,US,,,11.513721,48471,BUFFER,,,,FALSE,
3465,3465,18660001,BUFFER,INTERNAL,TRUE,FALSE,TRUE,0,,Sanilac,26151,Michigan,US,,,23.049135,48419,BUFFER,,,,FALSE,
3466,3466,18660002,BUFFER,INTERNAL,TRUE,FALSE,TRUE,0,,Sanilac,26151,Michigan,US,,,12.419421,48419,BUFFER,,,,FALSE,
3467,3467,18680001,BUFFER,INTERNAL,TRUE,FALSE,TRUE,0,,Sanilac,26151,Michigan,US,,,18.312759,48726,BUFFER,,,,FALSE,
3468,3468,18680002,BUFFER,INTERNAL,TRUE,FALSE,TRUE,0,,Sanilac,26151,Michigan,US,,,17.660536,48726,BUFFER,,,,FALSE,
3469,3469,18690001,BUFFER,INTERNAL,TRUE,FALSE,TRUE,0,,Sanilac,26151,Michigan,US,,,17.999561,48475,BUFFER,,,,FALSE,
3470,3470,18690002,BUFFER,INTERNAL,TRUE,FALSE,TRUE,0,,Sanilac,26151,Michigan,US,,,18.087379,48475,BUFFER,,,,FALSE,
3471,3471,18710001,BUFFER,INTERNAL,TRUE,FALSE,TRUE,0,,Sanilac,26151,Michigan,US,,,17.730732,48453,BUFFER,,,,FALSE,
3472,3472,18710002,BUFFER,INTERNAL,TRUE,FALSE,TRUE,0,,Sanilac,26151,Michigan,US,,,17.678015,48426,BUFFER,,,,FALSE,
3473,3473,18730001,BUFFER,INTERNAL,TRUE,FALSE,TRUE,0,,Sanilac,26151,Michigan,US,,,22.686729,48465,BUFFER,,,,FALSE,
3474,3474,18730002,BUFFER,INTERNAL,TRUE,FALSE,TRUE,0,,Sanilac,26151,Michigan,US,,,23.678907,48456,BUFFER,,,,FALSE,
3475,3475,18760001,BUFFER,INTERNAL,TRUE,FALSE,TRUE,0,,Sanilac,26151,Michigan,US,,,17.963869,48427,BUFFER,,,,FALSE,
3476,3476,18760002,BUFFER,INTERNAL,TRUE,FALSE,TRUE,0,,Sanilac,26151,Michigan,US,,,18.05797,48427,BUFFER,,,,FALSE,
3477,3477,18770001,BUFFER,INTERNAL,TRUE,FALSE,TRUE,0,,Sanilac,26151,Michigan,US,,,18.627722,48419,BUFFER,,,,FALSE,
3478,3478,18770002,BUFFER,INTERNAL,TRUE,FALSE,TRUE,0,,Sanilac,26151,Michigan,US,,,18.123018,48427,BUFFER,,,,FALSE,
3479,3479,18780001,BUFFER,INTERNAL,TRUE,FALSE,TRUE,0,,Sanilac,26151,Michigan,US,,,11.614861,48427,BUFFER,,,,FALSE,
3480,3480,18780002,BUFFER,INTERNAL,TRUE,FALSE,TRUE,0,,Sanilac,26151,Michigan,US,,,13.605467,48419,BUFFER,,,,FALSE,
3481,3481,18810001,BUFFER,INTERNAL,TRUE,FALSE,TRUE,0,,Sanilac,26151,Michigan,US,,,17.226578,48453,BUFFER,,,,FALSE,
3482,3482,18810002,BUFFER,INTERNAL,TRUE,FALSE,TRUE,0,,Sanilac,26151,Michigan,US,,,35.132534,48453,BUFFER,,,,FALSE,
3483,3483,18830001,BUFFER,INTERNAL,TRUE,FALSE,TRUE,0,,Sanilac,26151,Michigan,US,,,2.225825,48422,BUFFER,,,,FALSE,
3484,3484,18830002,BUFFER,INTERNAL,TRUE,FALSE,TRUE,0,,Sanilac,26151,Michigan,US,,,9.502958,48450,BUFFER,,,,FALSE,
3485,3485,18830003,BUFFER,INTERNAL,TRUE,FALSE,TRUE,0,,Sanilac,26151,Michigan,US,,,10.307431,48450,BUFFER,,,,FALSE,
3486,3486,18830004,BUFFER,INTERNAL,TRUE,FALSE,TRUE,0,,Sanilac,26151,Michigan,US,,,12.079439,48422,BUFFER,,,,FALSE,
3487,3487,18830005,BUFFER,INTERNAL,TRUE,FALSE,TRUE,0,,Sanilac,26151,Michigan,US,,,2.004767,48422,BUFFER,,,,FALSE,
3488,3488,18840001,BUFFER,INTERNAL,TRUE,FALSE,TRUE,0,,Sanilac,26151,Michigan,US,,,15.439416,48466,BUFFER,,,,FALSE,
3489,3489,18840002,BUFFER,INTERNAL,TRUE,FALSE,TRUE,0,,Sanilac,26151,Michigan,US,,,20.168177,48466,BUFFER,,,,FALSE,
3490,3490,18860001,BUFFER,INTERNAL,TRUE,FALSE,TRUE,0,,Sanilac,26151,Michigan,US,,,0.736437,48422,BUFFER,,,,FALSE,
3491,3491,18860002,BUFFER,INTERNAL,TRUE,FALSE,TRUE,0,,Sanilac,26151,Michigan,US,,,1.667465,48422,BUFFER,,,,FALSE,
3492,3492,18890001,BUFFER,INTERNAL,TRUE,FALSE,TRUE,0,,Sanilac,26151,Michigan,US,,,23.180014,48416,BUFFER,,,,FALSE,
3493,3493,18890002,BUFFER,INTERNAL,TRUE,FALSE,TRUE,0,,Sanilac,26151,Michigan,US,,,11.314815,48416,BUFFER,,,,FALSE,
3494,3494,18900001,BUFFER,INTERNAL,TRUE,FALSE,TRUE,0,,Sanilac,26151,Michigan,US,,,11.669228,48454,BUFFER,,,,FALSE,
3495,3495,18900002,BUFFER,INTERNAL,TRUE,FALSE,TRUE,0,,Sanilac,26151,Michigan,US,,,22.822548,48454,BUFFER,,,,FALSE,
3496,3496,18920001,BUFFER,INTERNAL,TRUE,FALSE,TRUE,0,,Sanilac,26151,Michigan,US,,,17.523727,48422,BUFFER,,,,FALSE,
3497,3497,18920002,BUFFER,INTERNAL,TRUE,FALSE,TRUE,0,,Sanilac,26151,Michigan,US,,,9.623085,48422,BUFFER,,,,FALSE,
3498,3498,18920003,BUFFER,INTERNAL,TRUE,FALSE,TRUE,0,,Sanilac,26151,Michigan,US,,,11.611575,48450,BUFFER,,,,FALSE,
3499,3499,19030001,BUFFER,INTERNAL,TRUE,FALSE,TRUE,0,,Shiawassee,26155,Michigan,US,,,0.089991,48867,BUFFER,,,,FALSE,
3500,3500,19030002,BUFFER,INTERNAL,TRUE,FALSE,TRUE,0,,Shiawassee,26155,Michigan,US,,,0.230374,48867,BUFFER,,,,FALSE,
3501,3501,19040001,BUFFER,INTERNAL,TRUE,FALSE,TRUE,0,,Shiawassee,26155,Michigan,US,,,0.878649,48867,BUFFER,,,,FALSE,
3502,3502,19040002,BUFFER,INTERNAL,TRUE,FALSE,TRUE,0,,Shiawassee,26155,Michigan,US,,,1.063,48867,BUFFER,,,,FALSE,
3503,3503,19050001,BUFFER,INTERNAL,TRUE,FALSE,TRUE,0,,Shiawassee,26155,Michigan,US,,,0.697819,48867,BUFFER,,,,FALSE,
3504,3504,19050002,BUFFER,INTERNAL,TRUE,FALSE,TRUE,0,,Shiawassee,26155,Michigan,US,,,0.59152,48867,BUFFER,,,,FALSE,
3505,3505,19070001,BUFFER,INTERNAL,TRUE,FALSE,TRUE,0,,Shiawassee,26155,Michigan,US,,,1.207198,48867,BUFFER,,,,FALSE,
3506,3506,19070002,BUFFER,INTERNAL,TRUE,FALSE,TRUE,0,,Shiawassee,26155,Michigan,US,,,0.808195,48867,BUFFER,,,,FALSE,
3507,3507,19080001,BUFFER,INTERNAL,TRUE,FALSE,TRUE,0,,Shiawassee,26155,Michigan,US,,,16.513348,48841,BUFFER,,,,FALSE,
3508,3508,19080002,BUFFER,INTERNAL,TRUE,FALSE,TRUE,0,,Shiawassee,26155,Michigan,US,,,18.661222,48867,BUFFER,,,,FALSE,
3509,3509,19090001,BUFFER,INTERNAL,TRUE,FALSE,TRUE,0,,Shiawassee,26155,Michigan,US,,,17.713442,48867,BUFFER,,,,FALSE,
3510,3510,19090002,BUFFER,INTERNAL,TRUE,FALSE,TRUE,0,,Shiawassee,26155,Michigan,US,,,17.960033,48867,BUFFER,,,,FALSE,
3511,3511,19110001,BUFFER,INTERNAL,TRUE,FALSE,TRUE,0,,Shiawassee,26155,Michigan,US,,,12.564845,48831,BUFFER,,,,FALSE,
3512,3512,19110002,BUFFER,INTERNAL,TRUE,FALSE,TRUE,0,,Shiawassee,26155,Michigan,US,,,12.461101,48831,BUFFER,,,,FALSE,
3513,3513,19120001,BUFFER,INTERNAL,TRUE,FALSE,TRUE,0,,Shiawassee,26155,Michigan,US,,,4.5306,48867,BUFFER,,,,FALSE,
3514,3514,19120002,BUFFER,INTERNAL,TRUE,FALSE,TRUE,0,,Shiawassee,26155,Michigan,US,,,15.00467,48867,BUFFER,,,,FALSE,
3515,3515,19120003,BUFFER,INTERNAL,TRUE,FALSE,TRUE,0,,Shiawassee,26155,Michigan,US,,,11.937642,48867,BUFFER,,,,FALSE,
3516,3516,19130001,BUFFER,INTERNAL,TRUE,FALSE,TRUE,0,,Shiawassee,26155,Michigan,US,,,1.107324,48817,BUFFER,,,,FALSE,
3517,3517,19130002,BUFFER,INTERNAL,TRUE,FALSE,TRUE,0,,Shiawassee,26155,Michigan,US,,,0.962415,48817,BUFFER,,,,FALSE,
3518,3518,19130003,BUFFER,INTERNAL,TRUE,FALSE,TRUE,0,,Shiawassee,26155,Michigan,US,,,1.214505,48817,BUFFER,,,,FALSE,
3519,3519,19140001,BUFFER,INTERNAL,TRUE,FALSE,TRUE,0,,Shiawassee,26155,Michigan,US,,,17.467676,48867,BUFFER,,,,FALSE,
3520,3520,19140002,BUFFER,INTERNAL,TRUE,FALSE,TRUE,0,,Shiawassee,26155,Michigan,US,,,4.032451,48867,BUFFER,,,,FALSE,
3521,3521,19140003,BUFFER,INTERNAL,TRUE,FALSE,TRUE,0,,Shiawassee,26155,Michigan,US,,,8.645086,48817,BUFFER,,,,FALSE,
3522,3522,19140004,BUFFER,INTERNAL,TRUE,FALSE,TRUE,0,,Shiawassee,26155,Michigan,US,,,1.164708,48867,BUFFER,,,,FALSE,
3523,3523,19150001,BUFFER,INTERNAL,TRUE,FALSE,TRUE,0,,Shiawassee,26155,Michigan,US,,,19.465479,48817,BUFFER,,,,FALSE,
3524,3524,19150002,BUFFER,INTERNAL,TRUE,FALSE,TRUE,0,,Shiawassee,26155,Michigan,US,,,17.987497,48449,BUFFER,,,,FALSE,
3525,3525,19160001,BUFFER,INTERNAL,TRUE,FALSE,TRUE,0,,Shiawassee,26155,Michigan,US,,,18.123442,48460,BUFFER,,,,FALSE,
3526,3526,19160002,BUFFER,INTERNAL,TRUE,FALSE,TRUE,0,,Shiawassee,26155,Michigan,US,,,19.139099,48460,BUFFER,,,,FALSE,
3527,3527,19170001,BUFFER,INTERNAL,TRUE,FALSE,TRUE,0,,Shiawassee,26155,Michigan,US,,,18.249136,48867,BUFFER,,,,FALSE,
3528,3528,19170002,BUFFER,INTERNAL,TRUE,FALSE,TRUE,0,,Shiawassee,26155,Michigan,US,,,18.493294,48867,BUFFER,,,,FALSE,
3529,3529,19190001,BUFFER,INTERNAL,TRUE,FALSE,TRUE,0,,Shiawassee,26155,Michigan,US,,,6.392151,48848,BUFFER,,,,FALSE,
3530,3530,19200001,BUFFER,INTERNAL,TRUE,FALSE,TRUE,0,,Shiawassee,26155,Michigan,US,,,1.311486,48872,BUFFER,,,,FALSE,
3531,3531,19210001,BUFFER,INTERNAL,TRUE,FALSE,TRUE,0,,Shiawassee,26155,Michigan,US,,,9.866224,48872,BUFFER,,,,FALSE,
3532,3532,19210002,BUFFER,INTERNAL,TRUE,FALSE,TRUE,0,,Shiawassee,26155,Michigan,US,,,17.480009,48848,BUFFER,,,,FALSE,
3533,3533,19220001,BUFFER,INTERNAL,TRUE,FALSE,TRUE,0,,Shiawassee,26155,Michigan,US,,,8.085432,48872,BUFFER,,,,FALSE,
3534,3534,19220002,BUFFER,INTERNAL,TRUE,FALSE,TRUE,0,,Shiawassee,26155,Michigan,US,,,6.510659,48872,BUFFER,,,,FALSE,
3535,3535,19220003,BUFFER,INTERNAL,TRUE,FALSE,TRUE,0,,Shiawassee,26155,Michigan,US,,,6.133918,48857,BUFFER,,,,FALSE,
3536,3536,19220004,BUFFER,INTERNAL,TRUE,FALSE,TRUE,0,,Shiawassee,26155,Michigan,US,,,12.70058,48872,BUFFER,,,,FALSE,
3537,3537,19230001,BUFFER,INTERNAL,TRUE,FALSE,TRUE,0,,Shiawassee,26155,Michigan,US,,,9.222629,48414,BUFFER,,,,FALSE,
3538,3538,19230002,BUFFER,INTERNAL,TRUE,FALSE,TRUE,0,,Shiawassee,26155,Michigan,US,,,27.557829,48429,BUFFER,,,,FALSE,
3539,3539,19240001,BUFFER,INTERNAL,TRUE,FALSE,TRUE,0,,Shiawassee,26155,Michigan,US,,,12.445758,48414,BUFFER,,,,FALSE,
3540,3540,19240002,BUFFER,INTERNAL,TRUE,FALSE,TRUE,0,,Shiawassee,26155,Michigan,US,,,24.13109,48872,BUFFER,,,,FALSE,
3541,3541,19250001,BUFFER,INTERNAL,TRUE,FALSE,TRUE,0,,Shiawassee,26155,Michigan,US,,,0.94411,48429,BUFFER,,,,FALSE,
3542,3542,19250002,BUFFER,INTERNAL,TRUE,FALSE,TRUE,0,,Shiawassee,26155,Michigan,US,,,0.640795,48429,BUFFER,,,,FALSE,
3543,3543,19250003,BUFFER,INTERNAL,TRUE,FALSE,TRUE,0,,Shiawassee,26155,Michigan,US,,,0.295663,48429,BUFFER,,,,FALSE,
3544,3544,19260001,BUFFER,INTERNAL,TRUE,FALSE,TRUE,0,,Shiawassee,26155,Michigan,US,,,12.727033,48429,BUFFER,,,,FALSE,
3545,3545,19260002,BUFFER,INTERNAL,TRUE,FALSE,TRUE,0,,Shiawassee,26155,Michigan,US,,,10.156967,48429,BUFFER,,,,FALSE,
3546,3546,19260003,BUFFER,INTERNAL,TRUE,FALSE,TRUE,0,,Shiawassee,26155,Michigan,US,,,11.307005,48429,BUFFER,,,,FALSE,
3547,3547,19270001,BUFFER,INTERNAL,TRUE,FALSE,TRUE,0,,Shiawassee,26155,Michigan,US,,,17.417154,48418,BUFFER,,,,FALSE,
3548,3548,19270002,BUFFER,INTERNAL,TRUE,FALSE,TRUE,0,,Shiawassee,26155,Michigan,US,,,18.430506,48429,BUFFER,,,,FALSE,
3549,3549,50000095,BUFFER,INTERNAL,TRUE,FALSE,TRUE,0,,Ottawa,39123,Ohio,US,,,265.295685,43449,BUFFER,,,,FALSE,
3550,3550,50000098,BUFFER,INTERNAL,TRUE,FALSE,TRUE,0,,Sandusky,39143,Ohio,US,,,411.261749,43420,BUFFER,,,,FALSE,
3551,3551,50000226,BUFFER,INTERNAL,TRUE,FALSE,TRUE,0,,Lucas,39095,Ohio,US,,,22.476084,43504,BUFFER,,,,FALSE,
3552,3552,50000227,BUFFER,INTERNAL,TRUE,FALSE,TRUE,0,,Lucas,39095,Ohio,US,,,21.5096,43558,BUFFER,,,,FALSE,
3553,3553,50000228,BUFFER,INTERNAL,TRUE,FALSE,TRUE,0,,Lucas,39095,Ohio,US,,,22.051752,43558,BUFFER,,,,FALSE,
3554,3554,50000229,BUFFER,INTERNAL,TRUE,FALSE,TRUE,0,,Lucas,39095,Ohio,US,,,26.544699,43522,BUFFER,,,,FALSE,
3555,3555,50000230,BUFFER,INTERNAL,TRUE,FALSE,TRUE,0,,Lucas,39095,Ohio,US,,,24.007811,43566,BUFFER,,,,FALSE,
3556,3556,50000231,BUFFER,INTERNAL,TRUE,FALSE,TRUE,0,,Lucas,39095,Ohio,US,,,23.44232,43542,BUFFER,,,,FALSE,
3557,3557,50000232,BUFFER,INTERNAL,TRUE,FALSE,TRUE,0,,Lucas,39095,Ohio,US,,,12.452198,43528,BUFFER,,,,FALSE,
3558,3558,50000233,BUFFER,INTERNAL,TRUE,FALSE,TRUE,0,,Lucas,39095,Ohio,US,,,8.037825,43528,BUFFER,,,,FALSE,
3559,3559,50000234,BUFFER,INTERNAL,TRUE,FALSE,TRUE,0,,Lucas,39095,Ohio,US,,,20.398998,43560,BUFFER,,,,FALSE,
3560,3560,50000235,BUFFER,INTERNAL,TRUE,FALSE,TRUE,0,,Lucas,39095,Ohio,US,,,6.047035,43623,BUFFER,,,,FALSE,
3561,3561,50000236,BUFFER,INTERNAL,TRUE,FALSE,TRUE,0,,Lucas,39095,Ohio,US,,,7.719391,43613,BUFFER,,,,FALSE,
3562,3562,50000237,BUFFER,INTERNAL,TRUE,FALSE,TRUE,0,,Lucas,39095,Ohio,US,,,6.976305,43612,BUFFER,,,,FALSE,
3563,3563,50000238,BUFFER,INTERNAL,TRUE,FALSE,TRUE,0,,Lucas,39095,Ohio,US,,,6.102938,43611,BUFFER,,,,FALSE,
3564,3564,50000239,BUFFER,INTERNAL,TRUE,FALSE,TRUE,0,,Lucas,39095,Ohio,US,,,4.672036,43611,BUFFER,,,,FALSE,
3565,3565,50000240,BUFFER,INTERNAL,TRUE,FALSE,TRUE,0,,Lucas,39095,Ohio,US,,,3.432447,43608,BUFFER,,,,FALSE,
3566,3566,50000241,BUFFER,INTERNAL,TRUE,FALSE,TRUE,0,,Lucas,39095,Ohio,US,,,1.478589,43604,BUFFER,,,,FALSE,
3567,3567,50000242,BUFFER,INTERNAL,TRUE,FALSE,TRUE,0,,Lucas,39095,Ohio,US,,,1.457806,43604,BUFFER,,,,FALSE,
3568,3568,50000243,BUFFER,INTERNAL,TRUE,FALSE,TRUE,0,,Lucas,39095,Ohio,US,,,2.552942,43620,BUFFER,,,,FALSE,
3569,3569,50000244,BUFFER,INTERNAL,TRUE,FALSE,TRUE,0,,Lucas,39095,Ohio,US,,,4.734968,43606,BUFFER,,,,FALSE,
3570,3570,50000245,BUFFER,INTERNAL,TRUE,FALSE,TRUE,0,,Lucas,39095,Ohio,US,,,3.560086,43606,BUFFER,,,,FALSE,
3571,3571,50000246,BUFFER,INTERNAL,TRUE,FALSE,TRUE,0,,Lucas,39095,Ohio,US,,,8.182843,43615,BUFFER,,,,FALSE,
3572,3572,50000247,BUFFER,INTERNAL,TRUE,FALSE,TRUE,0,,Lucas,39095,Ohio,US,,,4.042086,43607,BUFFER,,,,FALSE,
3573,3573,50000248,BUFFER,INTERNAL,TRUE,FALSE,TRUE,0,,Lucas,39095,Ohio,US,,,9.241378,43615,BUFFER,,,,FALSE,
3574,3574,50000249,BUFFER,INTERNAL,TRUE,FALSE,TRUE,0,,Lucas,39095,Ohio,US,,,14.860116,43537,BUFFER,,,,FALSE,
3575,3575,50000250,BUFFER,INTERNAL,TRUE,FALSE,TRUE,0,,Lucas,39095,Ohio,US,,,7.944077,43614,BUFFER,,,,FALSE,
3576,3576,50000251,BUFFER,INTERNAL,TRUE,FALSE,TRUE,0,,Lucas,39095,Ohio,US,,,3.984108,43609,BUFFER,,,,FALSE,
3577,3577,50000252,BUFFER,INTERNAL,TRUE,FALSE,TRUE,0,,Lucas,39095,Ohio,US,,,3.319954,43605,BUFFER,,,,FALSE,
3578,3578,50000253,BUFFER,INTERNAL,TRUE,FALSE,TRUE,0,,Lucas,39095,Ohio,US,,,6.513087,43616,BUFFER,,,,FALSE,
3579,3579,50000254,BUFFER,INTERNAL,TRUE,FALSE,TRUE,0,,Lucas,39095,Ohio,US,,,13.41608,43616,BUFFER,,,,FALSE,
3580,3580,50000255,BUFFER,INTERNAL,TRUE,FALSE,TRUE,0,,Lucas,39095,Ohio,US,,,45.139996,43616,BUFFER,,,,FALSE,
3581,3581,50000256,BUFFER,INTERNAL,TRUE,FALSE,TRUE,0,,Wood,39173,Ohio,US,,,95.555321,43551,BUFFER,,,,FALSE,
3582,3582,50000257,BUFFER,INTERNAL,TRUE,FALSE,TRUE,0,,Wood,39173,Ohio,US,,,255.114441,43402,BUFFER,,,,FALSE,
3583,3583,50000258,BUFFER,INTERNAL,TRUE,FALSE,TRUE,0,,Wood,39173,Ohio,US,,,125.003632,43450,BUFFER,,,,FALSE,
3584,3584,50000259,BUFFER,INTERNAL,TRUE,FALSE,TRUE,0,,Wood,39173,Ohio,US,,,143.958389,45872,BUFFER,,,,FALSE,
3585,3585,50000300,BUFFER,INTERNAL,TRUE,FALSE,TRUE,0,,,,Ontario,Canada,,,16.106609,,BUFFER,,,,FALSE,
3586,3586,50000301,BUFFER,INTERNAL,TRUE,FALSE,TRUE,0,,,,Ontario,Canada,,,103.28244,,BUFFER,,,,FALSE,
3587,3587,50000302,BUFFER,INTERNAL,TRUE,FALSE,TRUE,0,,,,Ontario,Canada,,,95.663513,,BUFFER,,,,FALSE,
3588,3588,50000303,BUFFER,INTERNAL,TRUE,FALSE,TRUE,0,,,,Ontario,Canada,,,107.300247,,BUFFER,,,,FALSE,
3589,3589,50000304,BUFFER,INTERNAL,TRUE,FALSE,TRUE,0,,,,Ontario,Canada,,,74.41066,,BUFFER,,,,FALSE,
3590,3590,50000305,BUFFER,INTERNAL,TRUE,FALSE,TRUE,0,,,,Ontario,Canada,,,6.980657,,BUFFER,,,,FALSE,
3591,3591,50000306,BUFFER,INTERNAL,TRUE,FALSE,TRUE,0,,,,Ontario,Canada,,,18.458639,,BUFFER,,,,FALSE,
3592,3592,50000307,BUFFER,INTERNAL,TRUE,FALSE,TRUE,0,,,,Ontario,Canada,,,1.954097,,BUFFER,,,,FALSE,
3593,3593,50000308,BUFFER,INTERNAL,TRUE,FALSE,TRUE,0,,,,Ontario,Canada,,,1.968881,,BUFFER,,,,FALSE,
3594,3594,50000309,BUFFER,INTERNAL,TRUE,FALSE,TRUE,0,,,,Ontario,Canada,,,1.697763,,BUFFER,,,,FALSE,
3595,3595,50000310,BUFFER,INTERNAL,TRUE,FALSE,TRUE,0,,,,Ontario,Canada,,,2.750938,,BUFFER,,,,FALSE,
3596,3596,50000311,BUFFER,INTERNAL,TRUE,FALSE,TRUE,0,,,,Ontario,Canada,,,4.578537,,BUFFER,,,,FALSE,
3597,3597,50000312,BUFFER,INTERNAL,TRUE,FALSE,TRUE,0,,,,Ontario,Canada,,,3.357231,,BUFFER,,,,FALSE,
3598,3598,50000313,BUFFER,INTERNAL,TRUE,FALSE,TRUE,0,,,,Ontario,Canada,,,1.502445,,BUFFER,,,,FALSE,
3599,3599,50000314,BUFFER,INTERNAL,TRUE,FALSE,TRUE,0,,,,Ontario,Canada,,,2.340864,,BUFFER,,,,FALSE,
3600,3600,50000315,BUFFER,INTERNAL,TRUE,FALSE,TRUE,0,,,,Ontario,Canada,,,1.252101,,BUFFER,,,,FALSE,
3601,3601,50000316,BUFFER,INTERNAL,TRUE,FALSE,TRUE,0,,,,Ontario,Canada,,,2.019353,,BUFFER,,,,FALSE,
3602,3602,50000317,BUFFER,INTERNAL,TRUE,FALSE,TRUE,0,,,,Ontario,Canada,,,1.813462,,BUFFER,,,,FALSE,
3603,3603,50000318,BUFFER,INTERNAL,TRUE,FALSE,TRUE,0,,,,Ontario,Canada,,,3.706491,,BUFFER,,,,FALSE,
3604,3604,50000319,BUFFER,INTERNAL,TRUE,FALSE,TRUE,0,,,,Ontario,Canada,,,2.239656,,BUFFER,,,,FALSE,
3605,3605,50000320,BUFFER,INTERNAL,TRUE,FALSE,TRUE,0,,,,Ontario,Canada,,,4.862439,,BUFFER,,,,FALSE,
3606,3606,50000321,BUFFER,INTERNAL,TRUE,FALSE,TRUE,0,,,,Ontario,Canada,,,2.956911,,BUFFER,,,,FALSE,
3607,3607,50000322,BUFFER,INTERNAL,TRUE,FALSE,TRUE,0,,,,Ontario,Canada,,,9.733162,,BUFFER,,,,FALSE,
3608,3608,50000323,BUFFER,INTERNAL,TRUE,FALSE,TRUE,0,,,,Ontario,Canada,,,3.336143,,BUFFER,,,,FALSE,
3609,3609,50000324,BUFFER,INTERNAL,TRUE,FALSE,TRUE,0,,,,Ontario,Canada,,,4.366126,,BUFFER,,,,FALSE,
3610,3610,50000325,BUFFER,INTERNAL,TRUE,FALSE,TRUE,0,,,,Ontario,Canada,,,6.327579,,BUFFER,,,,FALSE,
3611,3611,50000326,BUFFER,INTERNAL,TRUE,FALSE,TRUE,0,,,,Ontario,Canada,,,30.251621,,BUFFER,,,,FALSE,
3612,3612,50000327,BUFFER,INTERNAL,TRUE,FALSE,TRUE,0,,,,Ontario,Canada,,,134.019073,,BUFFER,,,,FALSE,
3613,3613,50000328,BUFFER,INTERNAL,TRUE,FALSE,TRUE,0,,,,Ontario,Canada,,,71.121429,,BUFFER,,,,FALSE,
3614,3614,50000329,BUFFER,INTERNAL,TRUE,FALSE,TRUE,0,,,,Ontario,Canada,,,54.88876,,BUFFER,,,,FALSE,
3615,3615,50000330,BUFFER,INTERNAL,TRUE,FALSE,TRUE,0,,,,Ontario,Canada,,,11.236665,,BUFFER,,,,FALSE,
3616,3616,50000331,BUFFER,INTERNAL,TRUE,FALSE,TRUE,0,,,,Ontario,Canada,,,77.953926,,BUFFER,,,,FALSE,
3617,3617,50000332,BUFFER,INTERNAL,TRUE,FALSE,TRUE,0,,,,Ontario,Canada,,,101.057518,,BUFFER,,,,FALSE,
3618,3618,50000333,BUFFER,INTERNAL,TRUE,FALSE,TRUE,0,,,,Ontario,Canada,,,64.583107,,BUFFER,,,,FALSE,
3619,3619,50000334,BUFFER,INTERNAL,TRUE,FALSE,TRUE,0,,,,Ontario,Canada,,,171.932098,,BUFFER,,,,FALSE,
3620,3620,50000335,BUFFER,INTERNAL,TRUE,FALSE,TRUE,0,,,,Ontario,Canada,,,120.318802,,BUFFER,,,,FALSE,
3621,3621,50000336,BUFFER,INTERNAL,TRUE,FALSE,TRUE,0,,,,Ontario,Canada,,,138.747391,,BUFFER,,,,FALSE,
3622,3622,50000337,BUFFER,INTERNAL,TRUE,FALSE,TRUE,0,,,,Ontario,Canada,,,2.464906,,BUFFER,,,,FALSE,
3623,3623,50000338,BUFFER,INTERNAL,TRUE,FALSE,TRUE,0,,,,Ontario,Canada,,,3.505682,,BUFFER,,,,FALSE,
3624,3624,50000339,BUFFER,INTERNAL,TRUE,FALSE,TRUE,0,,,,Ontario,Canada,,,11.787816,,BUFFER,,,,FALSE,
3625,3625,50000340,BUFFER,INTERNAL,TRUE,FALSE,TRUE,0,,,,Ontario,Canada,,,3.142993,,BUFFER,,,,FALSE,
3626,3626,50000341,BUFFER,INTERNAL,TRUE,FALSE,TRUE,0,,,,Ontario,Canada,,,3.053038,,BUFFER,,,,FALSE,
3627,3627,50000342,BUFFER,INTERNAL,TRUE,FALSE,TRUE,0,,,,Ontario,Canada,,,7.041071,,BUFFER,,,,FALSE,
3628,3628,50000343,BUFFER,INTERNAL,TRUE,FALSE,TRUE,0,,,,Ontario,Canada,,,4.252913,,BUFFER,,,,FALSE,
3629,3629,50000344,BUFFER,INTERNAL,TRUE,FALSE,TRUE,0,,,,Ontario,Canada,,,5.646384,,BUFFER,,,,FALSE,
3630,3630,50000345,BUFFER,INTERNAL,TRUE,FALSE,TRUE,0,,,,Ontario,Canada,,,13.376689,,BUFFER,,,,FALSE,
3631,3631,50000346,BUFFER,INTERNAL,TRUE,FALSE,TRUE,0,,,,Ontario,Canada,,,9.771694,,BUFFER,,,,FALSE,
3632,3632,50000347,BUFFER,INTERNAL,TRUE,FALSE,TRUE,0,,,,Ontario,Canada,,,5.902203,,BUFFER,,,,FALSE,
3633,3633,50000348,BUFFER,INTERNAL,TRUE,FALSE,TRUE,0,,,,Ontario,Canada,,,1.430405,,BUFFER,,,,FALSE,
3634,3634,50000349,BUFFER,INTERNAL,TRUE,FALSE,TRUE,0,,,,Ontario,Canada,,,122.994514,,BUFFER,,,,FALSE,
3635,3635,50000350,BUFFER,INTERNAL,TRUE,FALSE,TRUE,0,,,,Ontario,Canada,,,132.019516,,BUFFER,,,,FALSE,
3636,3636,50000351,BUFFER,INTERNAL,TRUE,FALSE,TRUE,0,,,,Ontario,Canada,,,112.047707,,BUFFER,,,,FALSE,
3637,3637,60000002,BUFFER,INTERNAL,TRUE,FALSE,TRUE,0,,Lapeer,26087,Michigan,US,,,0.912314,48446,BUFFER,,,,FALSE,
3638,3638,60000010,BUFFER,INTERNAL,TRUE,FALSE,TRUE,0,,Jackson,26075,Michigan,US,,,1.382399,49203,BUFFER,,,,FALSE,
